datetime,delMontague_lag2_regression_disagg,delMontague_lag2_perfect_foresight,delMontague_lag2_same_day,delMontague_lag1_regression_disagg,delMontague_lag1_perfect_foresight,delMontague_lag1_same_day,delTrenton_lag4_regression_disagg,delTrenton_lag4_perfect_foresight,delTrenton_lag4_same_day,delTrenton_lag3_regression_disagg,delTrenton_lag3_perfect_foresight,delTrenton_lag3_same_day,delTrenton_lag2_regression_disagg,delTrenton_lag2_perfect_foresight,delTrenton_lag2_same_day,delTrenton_lag1_regression_disagg,delTrenton_lag1_perfect_foresight,delTrenton_lag1_same_day,delMontague_lag1_regression_agg,delMontague_lag2_regression_agg,delTrenton_lag1_regression_agg,delTrenton_lag2_regression_agg,delTrenton_lag3_regression_agg,delTrenton_lag4_regression_agg,delMontague_lag0_moving_average,delMontague_lag1_moving_average,delMontague_lag2_moving_average,delTrenton_lag0_moving_average,delTrenton_lag1_moving_average,delTrenton_lag2_moving_average,delTrenton_lag3_moving_average,delTrenton_lag4_moving_average
10/1/1983,604.8274226,696.8957461,668.538805,667.3617616,1520.214143,668.538805,1436.723434,1678.124296,1634.781684,1452.451603,2748.78928,1634.781684,1499.393671,3381.404158,1634.781684,1515.504907,4390.655856,1634.781684,346.730799,344.9940726,0.001001968,0.001005531,0.001008742,0.001011081,669.0250821,669.0250821,669.0250821,1648.972505,1648.972505,1648.972505,1648.972505,1648.972505
10/2/1983,665.553628,618.2281841,730.4103584,712.0254878,696.8957461,730.4103584,1702.28516,1454.914459,1938.307389,1698.76188,1678.124296,1938.307389,1711.348691,2748.78928,1938.307389,1709.666263,3381.404158,1938.307389,342.6604333,340.9475344,0.001001968,0.001005531,0.001008742,0.001011081,685.0719828,685.0719828,685.0719828,1786.433015,1786.433015,1786.433015,1786.433015,1786.433015
10/3/1983,595.7364529,548.5282922,649.0103808,634.8951778,618.2281841,649.0103808,1831.847577,1622.15876,2087.520922,1822.301556,1454.914459,2087.520922,1861.701861,1678.124296,2087.520922,1933.798873,2748.78928,2087.520922,294.944194,293.5074064,0.001001968,0.001005531,0.001008742,0.001011081,673.0400638,673.0400638,673.0400638,1912.100827,1912.100827,1912.100827,1912.100827,1912.100827
10/4/1983,490.3683458,457.6072519,532.8200463,552.9891955,548.5282922,532.8200463,1546.05613,1565.833593,1751.275014,1568.898413,1622.15876,1751.275014,1606.839113,1454.914459,1751.275014,1710.111095,1678.124296,1751.275014,247.3987046,246.2304691,0.001001968,0.001005531,0.001008742,0.001011081,647.4171785,647.4171785,647.4171785,1912.331944,1912.331944,1912.331944,1912.331944,1912.331944
10/5/1983,386.4255168,374.3949519,413.910852,444.854883,457.6072519,413.910852,1282.268306,1500.295603,1437.293952,1312.706923,1565.833593,1437.293952,1347.05463,1622.15876,1437.293952,1467.157396,1454.914459,1437.293952,168.613177,167.8718224,0.001001968,0.001005531,0.001008742,0.001011081,611.9835988,611.9835988,611.9835988,1857.876191,1857.876191,1857.876191,1857.876191,1857.876191
10/6/1983,339.70358,391.494443,357.8374114,381.7185171,374.3949519,357.8374114,1136.899265,1389.104496,1261.054735,1159.90187,1500.295603,1261.054735,1179.917973,1565.833593,1261.054735,1247.294782,1622.15876,1261.054735,109.316539,108.8760061,0.001001968,0.001005531,0.001008742,0.001011081,576.5664872,576.5664872,576.5664872,1787.625388,1787.625388,1787.625388,1787.625388,1787.625388
10/7/1983,414.7218288,556.6605689,439.6112425,396.3154428,391.494443,439.6112425,1413.542541,1367.524912,1588.565705,1366.914301,1389.104496,1588.565705,1391.682213,1500.295603,1588.565705,1413.277706,1565.833593,1588.565705,151.7603997,151.1066866,0.001001968,0.001005531,0.001008742,0.001011081,553.8131561,553.8131561,553.8131561,1760.543151,1760.543151,1760.543151,1760.543151,1760.543151
10/8/1983,513.7561292,492.5129702,565.3425323,556.7717581,556.6605689,565.3425323,1503.261415,1693.618185,1712.685788,1501.92408,1367.524912,1712.685788,1513.569857,1389.104496,1712.685788,1412.071646,1500.295603,1712.685788,296.8265142,295.3789526,0.001001968,0.001005531,0.001008742,0.001011081,534.8661002,534.8661002,534.8661002,1743.797214,1743.797214,1743.797214,1743.797214,1743.797214
10/9/1983,420.9904389,381.7535419,459.403677,492.4932877,492.5129702,459.403677,1367.588299,2408.149061,1548.732905,1403.554476,1693.618185,1548.732905,1419.060415,1367.524912,1548.732905,1481.316562,1389.104496,1548.732905,228.8100415,227.7447568,0.001001968,0.001005531,0.001008742,0.001011081,504.4903024,504.4903024,504.4903024,1685.780335,1685.780335,1685.780335,1685.780335,1685.780335
10/10/1983,341.5660468,374.5157627,366.0912336,381.8196358,381.7535419,366.0912336,1093.933324,3014.769773,1220.421608,1110.508971,2408.149061,1220.421608,1156.071003,1693.618185,1220.421608,1243.857551,1367.524912,1220.421608,153.5505337,152.8875839,0.001001968,0.001005531,0.001008742,0.001011081,471.406112,471.406112,471.406112,1581.264562,1581.264562,1581.264562,1581.264562,1581.264562
10/11/1983,331.293132,425.0682642,356.0284734,365.3508547,374.5157627,356.0284734,1097.756372,2829.057888,1230.738246,1107.663621,3014.769773,1230.738246,1135.76556,2408.149061,1230.738246,1185.560784,1693.618185,1230.738246,155.0131112,154.3426016,0.001001968,0.001005531,0.001008742,0.001011081,444.6821093,444.6821093,444.6821093,1500.152567,1500.152567,1500.152567,1500.152567,1500.152567
10/12/1983,371.7650779,581.5278663,401.7609438,406.2127092,425.0682642,401.7609438,1538.001466,2591.185713,1745.55608,1540.582709,2829.057888,1745.55608,1544.780707,3014.769773,1745.55608,1485.419119,2408.149061,1745.55608,180.3343439,179.5311784,0.001001968,0.001005531,0.001008742,0.001011081,434.7205526,434.7205526,434.7205526,1507.429408,1507.429408,1507.429408,1507.429408,1507.429408
10/13/1983,508.6327505,607.1096036,551.3716784,549.7238588,581.5278663,551.3716784,2415.312578,2777.259903,2761.978571,2408.936028,2591.185713,2761.978571,2353.09585,2829.057888,2761.978571,2198.428713,3014.769773,2761.978571,236.1301407,235.0244628,0.001001968,0.001005531,0.001008742,0.001011081,446.5675705,446.5675705,446.5675705,1660.816582,1660.816582,1660.816582,1660.816582,1660.816582
10/14/1983,666.7756237,821.2621689,681.1633167,638.9753732,607.1096036,681.1633167,3244.621167,2438.299168,3637.856756,3186.451552,2777.259903,3637.856756,2860.96038,2591.185713,3637.856756,2824.951636,2829.057888,3637.856756,0.001000564,0.001006515,0.001001968,0.001005531,0.001008742,0.001011081,437.9932059,437.9932059,437.9932059,1918.577909,1918.577909,1918.577909,1918.577909,1918.577909
10/15/1983,1011.018047,1296.68307,1052.118804,836.3532073,821.2621689,1052.118804,3045.176182,3638.427683,3395.08658,2822.138887,2438.299168,3395.08658,2776.749641,2777.259903,3395.08658,2595.325499,2591.185713,3395.08658,191.1362131,190.2755083,0.001001968,0.001005531,0.001008742,0.001011081,475.6647209,475.6647209,475.6647209,2174.347633,2174.347633,2174.347633,2174.347633,2174.347633
10/16/1983,1110.977926,752.0553025,1257.316071,1296.629782,1296.68307,1257.316071,2751.323719,5002.876957,3200.228909,2826.452162,3638.427683,3200.228909,3010.077501,2438.299168,3200.228909,2552.179079,2777.259903,3200.228909,737.8165347,733.646954,0.001001968,0.001005531,0.001008742,0.001011081,600.0481092,600.0481092,600.0481092,2346.834479,2346.834479,2346.834479,2346.834479,2346.834479
10/17/1983,577.8065002,647.343717,629.4938307,751.8072346,752.0553025,629.4938307,2184.144338,3306.925587,2494.140613,2303.984889,5002.876957,2494.140613,2416.744035,3638.427683,2494.140613,3015.102573,2438.299168,2494.140613,289.8968576,288.488909,0.001001968,0.001005531,0.001008742,0.001011081,661.4333122,661.4333122,661.4333122,2518.453587,2518.453587,2518.453587,2518.453587,2518.453587
10/18/1983,369.7278262,1074.208918,384.652093,417.2929894,647.343717,384.652093,1274.899458,2832.014683,1402.94171,1303.946884,3306.925587,1402.94171,1436.463538,5002.876957,1402.94171,1759.284326,3638.427683,1402.94171,90.35081408,90.00125427,0.001001968,0.001005531,0.001008742,0.001011081,685.4988079,685.4988079,685.4988079,2646.320735,2646.320735,2646.320735,2646.320735,2646.320735
10/19/1983,1122.028018,1256.581895,1223.175482,1179.395378,1074.208918,1223.175482,3820.226866,4784.694591,4372.949031,3800.652303,2832.014683,4372.949031,3652.309348,3306.925587,4372.949031,2954.391993,5002.876957,4372.949031,426.1333132,423.9241595,0.001001968,0.001005531,0.001008742,0.001011081,769.2651128,769.2651128,769.2651128,2945.048268,2945.048268,2945.048268,2945.048268,2945.048268
10/20/1983,1224.472603,691.4754764,1337.026173,1321.759769,1256.581895,1337.026173,5075.873713,9667.014159,5882.317971,5045.639007,4784.694591,5882.317971,4903.933842,2832.014683,5882.317971,5026.109421,3306.925587,5882.317971,521.6282004,518.8342662,0.001001968,0.001005531,0.001008742,0.001011081,867.5320518,867.5320518,867.5320518,3346.273897,3346.273897,3346.273897,3346.273897,3346.273897
10/21/1983,630.1017065,581.8709503,677.2064326,695.6138718,691.4754764,677.2064326,2398.36284,11441.48334,2721.152538,2412.909646,9667.014159,2721.152538,2707.907179,4784.694591,2721.152538,2990.959425,2832.014683,2721.152538,249.0326899,247.8553466,0.001001968,0.001005531,0.001008742,0.001011081,956.6030941,956.6030941,956.6030941,3348.744231,3348.744231,3348.744231,3348.744231,3348.744231
10/22/1983,477.4827715,1508.202385,513.0540739,547.5108807,581.8709503,513.0540739,1843.610698,7090.858531,2083.261941,1876.152857,11441.48334,2083.261941,1972.609414,9667.014159,2083.261941,2381.588267,4784.694591,2083.261941,195.6204979,194.7357517,0.001001968,0.001005531,0.001008742,0.001011081,933.4677962,933.4677962,933.4677962,3239.754135,3239.754135,3239.754135,3239.754135,3239.754135
10/23/1983,607.6381962,2659.163236,667.313987,668.89634,1508.202385,667.313987,3877.496595,4950.192907,4506.493972,3850.714946,7090.858531,4506.493972,3863.780805,11441.48334,4506.493972,3817.429414,9667.014159,4506.493972,309.5407398,308.0201419,0.001001968,0.001005531,0.001008742,0.001011081,838.7945536,838.7945536,838.7945536,3484.775974,3484.775974,3484.775974,3484.775974,3484.775974
10/24/1983,2843.631706,2133.760759,3253.700628,3093.972217,2659.163236,3253.700628,11268.76544,3739.198545,13351.26823,11191.44329,4950.192907,13351.26823,10948.44111,7090.858531,13351.26823,8721.473432,11441.48334,13351.26823,1477.5287,1468.305305,0.001001968,0.001005531,0.001008742,0.001011081,1101.344477,1101.344477,1101.344477,4633.676606,4633.676606,4633.676606,4633.676606,4633.676606
10/25/1983,2245.645367,1415.824869,2511.090057,2388.595925,2133.760759,2511.090057,11022.60429,3053.406478,13056.21536,10855.12709,3739.198545,13056.21536,10730.91975,4950.192907,13056.21536,11766.97745,7090.858531,13056.21536,1077.996103,1071.556136,0.001001968,0.001005531,0.001008742,0.001011081,1345.185813,1345.185813,1345.185813,6084.523286,6084.523286,6084.523286,6084.523286,6084.523286
10/26/1983,1254.36832,960.5658679,1393.13161,1430.5557,1415.824869,1393.13161,4494.462047,2690.238268,5215.570651,4542.593267,3053.406478,5215.570651,4873.182714,3739.198545,5215.570651,5581.652605,4950.192907,5215.570651,649.1862403,645.588239,0.001001968,0.001005531,0.001008742,0.001011081,1447.143804,1447.143804,1447.143804,6518.74704,6518.74704,6518.74704,6518.74704,6518.74704
10/27/1983,836.7986061,732.8368211,907.4330702,973.5357313,960.5658679,907.4330702,3041.576207,2430.699926,3471.453829,3110.037739,2690.238268,3471.453829,3257.647374,3053.406478,3471.453829,3963.266106,3739.198545,3471.453829,337.8078649,336.1233184,0.001001968,0.001005531,0.001008742,0.001011081,1437.731294,1437.731294,1437.731294,6394.357185,6394.357185,6394.357185,6394.357185,6394.357185
10/28/1983,685.7205651,731.7197336,735.0129982,741.1655611,732.8368211,735.0129982,2370.975668,2285.430828,2679.89966,2379.134482,2430.699926,2679.89966,2511.583916,2690.238268,2679.89966,2823.770156,3053.406478,2679.89966,240.57711,239.4467982,0.001001968,0.001005531,0.001008742,0.001011081,1420.984842,1420.984842,1420.984842,6371.64604,6371.64604,6371.64604,6371.64604,6371.64604
10/29/1983,662.1872755,661.4343341,716.4027655,736.3469767,731.7197336,716.4027655,2295.832443,2160.123913,2606.93585,2319.132893,2285.430828,2606.93585,2365.380157,2430.699926,2606.93585,2524.754142,2690.238268,2606.93585,273.2168377,271.9036535,0.001001968,0.001005531,0.001008742,0.001011081,1439.191484,1439.191484,1439.191484,6398.848842,6398.848842,6398.848842,6398.848842,6398.848842
10/30/1983,605.1893572,624.1749926,652.4218691,664.5050164,661.4343341,652.4218691,2149.464001,2119.190706,2436.98938,2162.789792,2160.123913,2436.98938,2210.535513,2285.430828,2436.98938,2328.454606,2430.699926,2436.98938,241.4681431,240.332887,0.001001968,0.001005531,0.001008742,0.001011081,1439.678209,1439.678209,1439.678209,6123.155282,6123.155282,6123.155282,6123.155282,6123.155282
10/31/1983,566.7677566,570.9592499,611.4163109,626.2026803,624.1749926,611.4163109,1983.617197,2072.636544,2246.508655,2000.351704,2119.190706,2246.508655,2038.471626,2160.123913,2246.508655,2130.921708,2285.430828,2246.508655,231.4467949,230.3669829,0.001001968,0.001005531,0.001008742,0.001011081,1149.172543,1149.172543,1149.172543,4934.385777,4934.385777,4934.385777,4934.385777,4934.385777
11/1/1983,522.9993417,542.1161927,562.3311214,572.2603125,570.9592499,562.3311214,1881.795191,2098.462736,2127.589184,1892.476504,2072.636544,2127.589184,1927.751033,2119.190706,2127.589184,2018.058097,2160.123913,2127.589184,206.0194514,205.0786199,0.001001968,0.001005531,0.001008742,0.001011081,912.0548883,912.0548883,912.0548883,3481.272253,3481.272253,3481.272253,3481.272253,3481.272253
11/2/1983,499.6996662,543.3465886,537.1476823,542.7587411,542.1161927,537.1476823,1798.177057,2007.621722,2030.808162,1804.46297,2098.462736,2030.808162,1833.432785,2072.636544,2030.808162,1903.723677,2119.190706,2030.808162,198.2649912,197.366026,0.001001968,0.001005531,0.001008742,0.001011081,749.6179885,749.6179885,749.6179885,2808.794436,2808.794436,2808.794436,2808.794436,2808.794436
11/3/1983,497.4892734,658.7149712,535.1199888,537.5509058,543.3465886,535.1199888,1810.029874,2003.925041,2046.172154,1812.693474,2007.621722,2046.172154,1828.12316,2098.462736,2046.172154,1877.292716,2072.636544,2046.172154,200.5392314,199.6280139,0.001001968,0.001005531,0.001008742,0.001011081,669.6857412,669.6857412,669.6857412,2471.088015,2471.088015,2471.088015,2471.088015,2471.088015
11/4/1983,628.0902321,721.9584288,681.7859356,661.960845,658.7149712,681.7859356,1944.585963,1955.36203,2203.927555,1932.685,2003.925041,2203.927555,1917.981032,2007.621722,2203.927555,1857.323803,2098.462736,2203.927555,279.4926745,278.1439344,0.001001968,0.001005531,0.001008742,0.001011081,635.4522741,635.4522741,635.4522741,2301.017304,2301.017304,2301.017304,2301.017304,2301.017304
11/5/1983,656.0493347,590.5517922,715.8712899,724.6152833,721.9584288,715.8712899,1989.017096,1812.951084,2262.18196,2006.688295,1955.36203,2262.18196,2003.221262,2003.925041,2262.18196,1981.216132,2007.621722,2262.18196,312.7943721,311.2550117,0.001001968,0.001005531,0.001008742,0.001011081,624.9954675,624.9954675,624.9954675,2215.285297,2215.285297,2215.285297,2215.285297,2215.285297
11/6/1983,526.7097435,467.2604121,570.8883932,590.3819506,590.5517922,570.8883932,1705.629239,2583.316732,1928.04815,1729.90782,1812.951084,1928.04815,1803.809406,1955.36203,1928.04815,1879.251144,2003.925041,1928.04815,237.4252917,236.3124466,0.001001968,0.001005531,0.001008742,0.001011081,617.2849772,617.2849772,617.2849772,2154.310922,2154.310922,2154.310922,2154.310922,2154.310922
11/7/1983,430.4613028,452.4427723,462.4722979,466.9073415,467.2604121,462.4722979,1565.914481,3720.261361,1763.045199,1570.510319,2583.316732,1763.045199,1639.799855,1812.951084,1763.045199,1784.189194,1955.36203,1763.045199,175.8665702,175.0870442,0.001001968,0.001005531,0.001008742,0.001011081,599.8256778,599.8256778,599.8256778,2102.134077,2102.134077,2102.134077,2102.134077,2102.134077
11/8/1983,416.3464897,435.3654993,448.3589831,452.0173224,452.4427723,448.3589831,1552.491023,4393.279619,1750.859714,1556.067797,3720.261361,1750.859714,1580.372596,2583.316732,1750.859714,1664.361846,1812.951084,1750.859714,177.2893791,176.5023353,0.001001968,0.001005531,0.001008742,0.001011081,581.2419032,581.2419032,581.2419032,2048.992113,2048.992113,2048.992113,2048.992113,2048.992113
11/9/1983,401.7249738,467.861273,432.3004711,434.8903377,435.3654993,432.3004711,1518.459408,4455.071346,1711.488467,1520.551222,4393.279619,1711.488467,1537.790021,3720.261361,1711.488467,1585.923599,2583.316732,1711.488467,170.3518292,169.6013486,0.001001968,0.001005531,0.001008742,0.001011081,564.434348,564.434348,564.434348,1997.116086,1997.116086,1997.116086,1997.116086,1997.116086
11/10/1983,391.2202385,1214.861636,421.0553377,423.2246744,467.861273,421.0553377,2219.318352,3791.526229,2541.122597,2206.017263,4455.071346,2541.122597,2204.195879,4393.279619,2541.122597,2252.477337,3720.261361,2541.122597,167.1377664,166.4041441,0.001001968,0.001005531,0.001008742,0.001011081,548.3877837,548.3877837,548.3877837,2068.387083,2068.387083,2068.387083,2068.387083,2068.387083
11/11/1983,1129.793055,2123.402596,1263.303797,1167.500739,1214.861636,1263.303797,4079.142594,4860.825226,4749.538767,3999.249126,3791.526229,4749.538767,3841.041157,4455.071346,4749.538767,3291.930189,4393.279619,4749.538767,635.9787537,632.4650772,0.001001968,0.001005531,0.001008742,0.001011081,594.0264809,594.0264809,594.0264809,2318.879849,2318.879849,2318.879849,2318.879849,2318.879849
11/12/1983,1943.308733,1101.23566,2229.948761,2162.840465,2123.402596,2229.948761,5387.477971,6681.6958,6372.312134,5393.110948,4860.825226,6372.312134,5285.973713,3791.526229,6372.312134,4448.254233,4455.071346,6372.312134,1270.917757,1263.147124,0.001001968,0.001005531,0.001008742,0.001011081,760.2130119,760.2130119,760.2130119,2697.220566,2697.220566,2697.220566,2697.220566,2697.220566
11/13/1983,1131.486783,1167.858322,1234.512709,1128.325974,1101.23566,1234.512709,4000.055304,9431.934218,4613.100317,3892.688659,6681.6958,4613.100317,4154.961735,4860.825226,4613.100317,4809.019333,3791.526229,4613.100317,506.3835716,503.6840682,0.001001968,0.001005531,0.001008742,0.001011081,861.2064094,861.2064094,861.2064094,3117.907436,3117.907436,3117.907436,3117.907436,3117.907436
11/14/1983,996.6363555,1249.136584,1114.775521,1166.187151,1167.858322,1114.775521,2522.432429,6406.020117,2911.033436,2602.395366,9431.934218,2911.033436,2711.663061,6681.6958,2911.033436,2928.293015,4860.825226,2911.033436,596.4345229,593.1719038,0.001001968,0.001005531,0.001008742,0.001011081,955.6486464,955.6486464,955.6486464,3375.76765,3375.76765,3375.76765,3375.76765,3375.76765
11/15/1983,679.7775432,1759.201302,740.2907008,833.2221917,1249.136584,740.2907008,3712.653271,5372.003866,4294.94962,3782.444236,6406.020117,4294.94962,3831.286293,9431.934218,4294.94962,4144.481147,6681.6958,4294.94962,317.9523956,316.3832316,0.001001968,0.001005531,0.001008742,0.001011081,1015.60249,1015.60249,1015.60249,3769.188632,3769.188632,3769.188632,3769.188632,3769.188632
11/16/1983,1893.055706,1809.4883,2076.144681,1942.453331,1759.201302,2076.144681,7222.330473,4820.48956,8379.832985,7128.213604,5372.003866,8379.832985,6862.33379,6406.020117,8379.832985,5764.427124,9431.934218,8379.832985,672.2958484,668.5497529,0.001001968,0.001005531,0.001008742,0.001011081,1181.989906,1181.989906,1181.989906,4564.170664,4564.170664,4564.170664,4564.170664,4564.170664
11/17/1983,2122.67985,2088.153174,2279.446486,1939.264349,1809.4883,2279.446486,9530.262762,4324.482422,11107.59867,9140.94893,4820.48956,11107.59867,8908.762049,5372.003866,11107.59867,9266.747065,6406.020117,11107.59867,645.9516024,642.3742743,0.001001968,0.001005531,0.001008742,0.001011081,1368.123653,1368.123653,1368.123653,5653.375786,5653.375786,5653.375786,5653.375786,5653.375786
11/18/1983,1858.859631,1466.312017,2072.453873,2101.474806,2088.153174,2072.453873,5410.358277,7189.115983,6288.779163,5476.050571,4324.482422,6288.779163,5659.961421,4820.48956,6288.779163,5439.446263,5372.003866,6288.779163,989.908244,984.066359,0.001001968,0.001005531,0.001008742,0.001011081,1540.717775,1540.717775,1540.717775,6043.921409,6043.921409,6043.921409,6043.921409,6043.921409
11/19/1983,1189.433955,1203.842433,1299.019971,1469.141702,1466.312017,1299.019971,4115.710819,6848.907181,4731.152995,4290.116423,7189.115983,4731.152995,4493.275521,4324.482422,4731.152995,5159.522254,4820.48956,4731.152995,533.1510928,530.2855291,0.001001968,0.001005531,0.001008742,0.001011081,1508.326559,1508.326559,1508.326559,6109.468782,6109.468782,6109.468782,6109.468782,6109.468782
11/20/1983,879.7821511,2288.755356,935.972726,1004.717385,1203.842433,935.972726,3089.353824,7391.417769,3495.010543,3154.686692,6848.907181,3495.010543,3366.837291,7189.115983,3495.010543,3874.72391,4324.482422,3495.010543,276.5806473,275.2484205,0.001001968,0.001005531,0.001008742,0.001011081,1487.713246,1487.713246,1487.713246,6036.457579,6036.457579,6036.457579,6036.457579,6036.457579
11/21/1983,2295.57648,2405.918622,2535.729484,2356.965325,2288.755356,2535.729484,5383.97985,7992.362875,6124.72903,5318.496137,7391.417769,6124.72903,5049.59942,6848.907181,6124.72903,3681.734405,7189.115983,6124.72903,961.9756532,956.3220521,0.001001968,0.001005531,0.001008742,0.001011081,1590.524977,1590.524977,1590.524977,6161.471136,6161.471136,6161.471136,6161.471136,6161.471136
11/22/1983,2933.509222,3853.494357,3154.480015,2481.7498,2405.918622,3154.480015,8330.667678,11845.7252,9534.708895,7683.727843,7992.362875,9534.708895,7568.350673,7391.417769,9534.708895,7665.028417,6848.907181,9534.708895,944.2126006,938.6783758,0.001001968,0.001005531,0.001008742,0.001011081,1788.595047,1788.595047,1788.595047,6645.491028,6645.491028,6645.491028,6645.491028,6645.491028
11/23/1983,3265.87107,2576.269752,3758.403624,3854.854499,3853.494357,3758.403624,6798.044499,12110.18697,8058.78243,7043.193423,11845.7252,8058.78243,7220.756985,7992.362875,8058.78243,6135.252486,7391.417769,8058.78243,2156.050287,2141.897472,0.001001968,0.001005531,0.001008742,0.001011081,2073.996255,2073.996255,2073.996255,6615.009662,6615.009662,6615.009662,6615.009662,6615.009662
11/24/1983,1667.288917,3243.166752,1835.171086,2311.396131,2576.269752,1835.171086,5801.840997,12722.84599,6720.301988,6286.431252,12110.18697,6720.301988,6526.077824,11845.7252,6720.301988,7840.736165,7992.362875,6720.301988,786.4545339,781.9673532,0.001001968,0.001005531,0.001008742,0.001011081,2180.099266,2180.099266,2180.099266,6232.781954,6232.781954,6232.781954,6232.781954,6232.781954
11/25/1983,3385.170327,4785.184373,3653.139076,3301.577577,3243.166752,3653.139076,7938.678415,12333.93008,8987.776942,7713.408602,12722.84599,8987.776942,7330.237362,12110.18697,8987.776942,6504.182699,11845.7252,8987.776942,943.9677233,938.4351423,0.001001968,0.001005531,0.001008742,0.001011081,2268.421066,2268.421066,2268.421066,6539.136488,6539.136488,6539.136488,6539.136488,6539.136488
11/26/1983,5533.773195,7333.84041,6032.923175,4891.742661,4785.184373,6032.923175,13690.75276,13117.5225,15860.04375,12654.19473,12333.93008,15860.04375,12363.82716,12722.84599,15860.04375,11289.38424,12110.18697,15860.04375,1997.091634,1984.112496,0.001001968,0.001005531,0.001008742,0.001011081,2651.108504,2651.108504,2651.108504,7625.185079,7625.185079,7625.185079,7625.185079,7625.185079
11/27/1983,6093.262879,4699.064993,7129.532933,7340.983345,7333.84041,7129.532933,13069.92978,10592.73463,15801.82803,13573.82747,13117.5225,15801.82803,14113.82274,12333.93008,15801.82803,11753.58403,12722.84599,15801.82803,4229.056431,4198.870106,0.001001968,0.001005531,0.001008742,0.001011081,3478.01501,3478.01501,3478.01501,8830.269808,8830.269808,8830.269808,8830.269808,8830.269808
11/28/1983,3332.795574,3538.732914,3750.423506,4453.712196,4699.064993,3750.423506,10185.77714,9378.927288,11989.86275,10949.08391,10592.73463,11989.86275,11656.46729,13117.5225,11989.86275,13946.0589,12333.93008,11989.86275,1815.433277,1803.782163,0.001001968,0.001005531,0.001008742,0.001011081,3905.907646,3905.907646,3905.907646,10075.70806,10075.70806,10075.70806,10075.70806,10075.70806
11/29/1983,3533.71958,3774.723493,3817.048939,3622.654457,3538.732914,3817.048939,8766.230664,8972.223155,9975.182404,8682.470385,9378.927288,9975.182404,9240.159573,10592.73463,9975.182404,9864.533621,13117.5225,9975.182404,1092.890297,1086.348584,0.001001968,0.001005531,0.001008742,0.001011081,4149.967149,4149.967149,4149.967149,10750.2126,10750.2126,10750.2126,10750.2126,10750.2126
11/30/1983,3823.559292,4463.511365,4122.606308,3844.66633,3774.723493,4122.606308,10847.40027,10574.49502,12482.60626,10616.46993,8972.223155,12482.60626,10611.6365,9378.927288,12482.60626,11402.32002,10592.73463,12482.60626,1235.431318,1227.907445,0.001001968,0.001005531,0.001008742,0.001011081,4160.679176,4160.679176,4160.679176,11546.7195,11546.7195,11546.7195,11546.7195,11546.7195
12/1/1983,3875.813148,3526.416385,4344.344494,4473.540388,4463.511365,4344.344494,8704.390466,10456.52119,10149.15509,8962.304307,10574.49502,10149.15509,9395.174233,8972.223155,10149.15509,8808.253052,9378.927288,10149.15509,2009.609523,1996.538338,0.001001968,0.001005531,0.001008742,0.001011081,4455.516828,4455.516828,4455.516828,11901.76617,11901.76617,11901.76617,11901.76617,11901.76617
12/2/1983,2938.269835,2777.064975,3238.854746,3532.669959,3526.416385,3238.854746,7462.040049,10459.09545,8622.844263,7819.268897,10456.52119,8622.844263,8256.374339,10574.49502,8622.844263,9287.565057,8972.223155,8622.844263,1325.798189,1317.644284,0.001001968,0.001005531,0.001008742,0.001011081,4599.111239,4599.111239,4599.111239,11962.58676,11962.58676,11962.58676,11962.58676,11962.58676
12/3/1983,2417.414073,2705.408895,2625.077482,2777.363093,2777.064975,2625.077482,5997.032364,7850.227467,6842.343636,6194.531922,10459.09545,6842.343636,6674.726744,10456.52119,6842.343636,7470.586612,10574.49502,6842.343636,932.1172878,926.6641869,0.001001968,0.001005531,0.001008742,0.001011081,4430.845283,4430.845283,4430.845283,11335.25252,11335.25252,11335.25252,11335.25252,11335.25252
12/4/1983,2333.769782,3098.313084,2553.986585,2642.508735,2705.408895,2553.986585,8024.457703,10047.78394,9319.324008,8114.90598,7850.227467,9319.324008,8396.121328,10459.09545,9319.324008,8830.41888,10456.52119,9319.324008,994.2919653,988.4204698,0.001001968,0.001005531,0.001008742,0.001011081,3836.840255,3836.840255,3836.840255,10905.1949,10905.1949,10905.1949,10905.1949,10905.1949
12/5/1983,2773.335049,3680.27632,3097.292739,3095.557084,3098.313084,3097.292739,9035.003655,11562.57916,10594.38623,9074.230334,10047.78394,10594.38623,9281.619522,7850.227467,10594.38623,9093.460931,10459.09545,10594.38623,1410.688239,1401.937697,0.001001968,0.001005531,0.001008742,0.001011081,3582.82968,3582.82968,3582.82968,10425.35656,10425.35656,10425.35656,10425.35656,10425.35656
12/6/1983,2848.682995,4674.233515,3170.423582,3154.821584,3680.27632,3170.423582,9350.66661,11840.16937,10942.02358,9371.307283,11562.57916,10942.02358,9476.172782,10047.78394,10942.02358,9633.102992,7850.227467,10942.02358,1401.223089,1392.539292,0.001001968,0.001005531,0.001008742,0.001011081,3455.346101,3455.346101,3455.346101,10100.92599,10100.92599,10100.92599,10100.92599,10100.92599
12/7/1983,4893.215744,5275.41001,5429.061115,4846.710474,4674.233515,5429.061115,9397.50964,10792.66577,10782.00509,9059.653649,11840.16937,10782.00509,8815.384803,11562.57916,10782.00509,7276.78859,10047.78394,10782.00509,1929.021331,1916.541545,0.001001968,0.001005531,0.001008742,0.001011081,3533.704233,3533.704233,3533.704233,9562.525139,9562.525139,9562.525139,9562.525139,9562.525139
12/8/1983,5513.148883,6897.476971,6078.079885,5436.746926,5275.41001,6078.079885,11445.0437,12786.56588,13221.97126,10981.84058,10792.66577,13221.97126,10919.30838,11840.16937,13221.97126,10649.60792,11562.57916,13221.97126,2229.241795,2214.545166,0.001001968,0.001005531,0.001008742,0.001011081,3596.305401,3596.305401,3596.305401,9744.597495,9744.597495,9744.597495,9744.597495,9744.597495
12/9/1983,5960.049838,5202.271895,6865.773368,6925.603528,6897.476971,6865.773368,11440.31669,17545.73565,13654.21602,11788.92705,12786.56588,13654.21602,12359.03132,10792.66577,13654.21602,10882.50374,11840.16937,13654.21602,3683.692573,3657.831952,0.001001968,0.001005531,0.001008742,0.001011081,4016.52482,4016.52482,4016.52482,10157.34562,10157.34562,10157.34562,10157.34562,10157.34562
12/10/1983,4163.221583,3635.029028,4692.021325,5219.868362,5202.271895,4692.021325,9646.320445,25504.62554,11328.97222,10313.61754,17545.73565,11328.97222,10915.76195,12786.56588,11328.97222,12465.97028,10792.66577,11328.97222,2225.704481,2211.034182,0.001001968,0.001005531,0.001008742,0.001011081,4345.23341,4345.23341,4345.23341,10677.93761,10677.93761,10677.93761,10677.93761,10677.93761
12/11/1983,3152.68668,4669.564223,3451.770494,3647.192843,3635.029028,3451.770494,6412.580292,33112.33169,7322.549263,6704.651061,25504.62554,7322.549263,7542.920394,17545.73565,7322.549263,8879.467634,12786.56588,7322.549263,1289.883239,1281.980379,0.001001968,0.001005531,0.001008742,0.001011081,4548.359915,4548.359915,4548.359915,10768.77885,10768.77885,10768.77885,10768.77885,10768.77885
12/12/1983,3054.155294,9134.279732,3365.512316,3451.56198,4669.564223,3365.512316,9412.659876,38458.07027,10933.0667,9540.043959,33112.33169,10933.0667,9958.182619,25504.62554,10933.0667,10377.80587,17545.73565,10933.0667,1354.422691,1346.068106,0.001001968,0.001005531,0.001008742,0.001011081,4629.909324,4629.909324,4629.909324,11064.48538,11064.48538,11064.48538,11064.48538,11064.48538
12/13/1983,9916.172934,19642.86671,10844.936,8309.201173,9134.279732,10844.936,25724.99711,38085.41787,29568.66045,23615.22535,38458.07027,29568.66045,22339.16661,33112.33169,29568.66045,15676.05161,25504.62554,29568.66045,3018.64707,2997.966992,0.001001968,0.001005531,0.001008742,0.001011081,5103.81671,5103.81671,5103.81671,12643.68143,12643.68143,12643.68143,12643.68143,12643.68143
12/14/1983,23106.66698,29635.55683,25823.36017,20503.97671,19642.86671,25823.36017,45451.76591,32725.25648,53193.23141,41191.01294,38085.41787,53193.23141,38022.73479,38458.07027,53193.23141,29145.44946,33112.33169,53193.23141,9044.150576,8973.743276,0.001001968,0.001005531,0.001008742,0.001011081,6682.516922,6682.516922,6682.516922,16182.66162,16182.66162,16182.66162,16182.66162,16182.66162
12/15/1983,25471.16122,21594.82109,29932.02938,30119.30252,29635.55683,29932.02938,44024.20904,24429.19877,53895.5302,45700.5765,32725.25648,53895.5302,45849.05771,38085.41787,53895.5302,38078.90048,38458.07027,53895.5302,15745.17983,15615.17892,0.001001968,0.001005531,0.001008742,0.001011081,9732.115938,9732.115938,9732.115938,20161.46345,20161.46345,20161.46345,20161.46345,20161.46345
12/16/1983,15458.8585,9962.038772,18271.99196,21700.09023,21594.82109,18271.99196,30482.17023,17439.65371,37352.4766,34762.15786,24429.19877,37352.4766,39780.06645,32725.25648,37352.4766,43223.10098,38085.41787,37352.4766,10457.06134,10374.36307,0.001001968,0.001005531,0.001008742,0.001011081,12234.88203,12234.88203,12234.88203,24580.10836,24580.10836,24580.10836,24580.10836,24580.10836
12/17/1983,7207.118608,6439.851103,7947.882718,10015.92574,9962.038772,7947.882718,15583.25126,13525.22221,18032.2824,17862.07899,17439.65371,18032.2824,22414.07273,24429.19877,18032.2824,33591.21181,32725.25648,18032.2824,2935.226868,2915.188319,0.001001968,0.001005531,0.001008742,0.001011081,13462.89435,13462.89435,13462.89435,28153.90806,28153.90806,28153.90806,28153.90806,28153.90806
12/18/1983,5319.184482,5924.508979,5773.018436,6473.624325,6439.851103,5773.018436,11498.00846,14856.20343,13121.38284,12329.68369,13525.22221,13121.38284,15015.98305,17439.65371,13121.38284,20716.77905,24429.19877,13121.38284,1832.860284,1821.082416,0.001001968,0.001005531,0.001008742,0.001011081,14118.49933,14118.49933,14118.49933,30227.09641,30227.09641,30227.09641,30227.09641,30227.09641
12/19/1983,5067.870675,5323.130219,5610.416019,5948.303119,5924.508979,5610.416019,13206.16425,13545.57135,15419.2398,13647.53526,14856.20343,15419.2398,14868.52917,13525.22221,15419.2398,17328.30587,17439.65371,15419.2398,2228.034,2213.346362,0.001001968,0.001005531,0.001008742,0.001011081,14566.47393,14566.47393,14566.47393,30991.20979,30991.20979,30991.20979,30991.20979,30991.20979
12/20/1983,4601.680153,4782.475922,5111.741225,5340.34845,5323.130219,5111.741225,11394.49563,11574.1753,13301.05384,11735.96315,13545.57135,13301.05384,12547.08866,14856.20343,13301.05384,13932.0434,13525.22221,13301.05384,2119.326411,2105.445662,0.001001968,0.001005531,0.001008742,0.001011081,14481.45182,14481.45182,14481.45182,29889.40758,29889.40758,29889.40758,29889.40758,29889.40758
12/21/1983,4165.447049,4416.497529,4625.109822,4795.180307,4782.475922,4625.109822,9489.89806,10141.47541,11030.69602,9781.425709,11574.1753,11030.69602,10447.32174,13545.57135,11030.69602,11373.59481,14856.20343,11030.69602,1931.197154,1918.701438,0.001001968,0.001005531,0.001008742,0.001011081,13031.45232,13031.45232,13031.45232,26776.98095,26776.98095,26776.98095,26776.98095,26776.98095
12/22/1983,3822.601372,4420.924354,4241.109283,4372.314882,4416.497529,4241.109283,11248.35469,9361.964129,13178.44256,11433.47301,10141.47541,13178.44256,11915.86475,11574.1753,13178.44256,12636.21644,13545.57135,13178.44256,1774.690992,1763.335654,0.001001968,0.001005531,0.001008742,0.001011081,9931.019067,9931.019067,9931.019067,23175.93838,23175.93838,23175.93838,23175.93838,23175.93838
12/23/1983,3876.126119,4070.308631,4334.420472,4436.426286,4420.924354,4334.420472,10978.17983,8758.858471,12901.12662,11168.40625,9361.964129,12901.12662,11580.792,10141.47541,12901.12662,11879.64243,11574.1753,12901.12662,1915.571699,1903.190338,0.001001968,0.001005531,0.001008742,0.001011081,7119.815273,7119.815273,7119.815273,18896.70828,18896.70828,18896.70828,18896.70828,18896.70828
12/24/1983,3596.476857,3715.991597,4004.154349,4086.238182,4070.308631,4004.154349,9301.971543,8701.319877,10866.38643,9481.128393,8758.858471,10866.38643,9904.564137,9361.964129,10866.38643,10467.61423,10141.47541,10866.38643,1723.492541,1712.507756,0.001001968,0.001005531,0.001008742,0.001011081,5719.895811,5719.895811,5719.895811,15190.91656,15190.91656,15190.91656,15190.91656,15190.91656
12/25/1983,3288.305365,3475.560137,3653.649397,3722.857152,3715.991597,3653.649397,7717.732814,8634.689192,8956.989963,7884.473771,8701.319877,8956.989963,8329.062141,8758.858471,8956.989963,8800.234543,9361.964129,8956.989963,1563.913174,1554.074864,0.001001968,0.001005531,0.001008742,0.001011081,5014.145436,5014.145436,5014.145436,13003.84197,13003.84197,13003.84197,13003.84197,13003.84197
12/26/1983,3080.543044,3264.274991,3421.317151,3480.618472,3475.560137,3421.317151,7320.650525,8953.787078,8489.487948,7469.534966,8634.689192,8489.487948,7850.589174,8701.319877,8489.487948,8270.781842,8758.858471,8489.487948,1471.303625,1462.124378,0.001001968,0.001005531,0.001008742,0.001011081,4555.431664,4555.431664,4555.431664,11794.97668,11794.97668,11794.97668,11794.97668,11794.97668
12/27/1983,2898.535384,3263.40912,3216.954579,3268.014077,3264.274991,3216.954579,6919.26533,8886.332033,8015.517804,7053.859621,8953.787078,8015.517804,7398.22192,8634.689192,8015.517804,7760.79978,8701.319877,8015.517804,1385.562654,1376.989169,0.001001968,0.001005531,0.001008742,0.001011081,4209.152751,4209.152751,4209.152751,11025.69885,11025.69885,11025.69885,11025.69885,11025.69885
12/28/1983,2742.13252,3350.511525,3041.823785,3086.310851,3263.40912,3041.823785,7019.422401,8644.11483,8132.980464,7134.431577,8886.332033,8132.980464,7439.78536,8953.787078,8132.980464,7707.446867,8634.689192,8132.980464,1313.386791,1305.319736,0.001001968,0.001005531,0.001008742,0.001011081,3931.864079,3931.864079,3931.864079,10537.03341,10537.03341,10537.03341,10537.03341,10537.03341
12/29/1983,2701.486492,1689.367579,3042.816575,3403.797991,3350.511525,3042.816575,7420.662867,7477.88537,8683.659758,7896.26931,8644.11483,8683.659758,8032.503839,8886.332033,8683.659758,8047.883456,8953.787078,8683.659758,1352.204314,1343.8653,0.001001968,0.001005531,0.001008742,0.001011081,3743.504496,3743.504496,3743.504496,9780.70611,9780.70611,9780.70611,9780.70611,9780.70611
12/30/1983,1953.436693,3788.117531,2035.910023,1733.542961,1689.367579,2035.910023,6812.395083,7389.20564,7743.356514,6505.21841,7477.88537,7743.356514,7030.488887,8644.11483,7743.356514,8291.647417,8886.332033,7743.356514,269.5550989,268.2626038,0.001001968,0.001005531,0.001008742,0.001011081,3416.058998,3416.058998,3416.058998,9214.609875,9214.609875,9214.609875,9214.609875,9214.609875
12/31/1983,3669.274619,3830.334693,4170.530492,3798.043067,3788.117531,4170.530492,7917.967828,7355.581617,9333.46686,7694.215561,7389.20564,9333.46686,7849.837023,7477.88537,9333.46686,6693.445292,8644.11483,9333.46686,2132.082598,2118.107406,0.001001968,0.001005531,0.001008742,0.001011081,3320.361869,3320.361869,3320.361869,8802.424524,8802.424524,8802.424524,8802.424524,8802.424524
1/1/1984,3176.126459,2787.752743,3609.618716,3837.20251,3830.334693,3609.618716,8413.990392,6853.284516,9937.867902,8738.706256,7355.581617,9937.867902,8723.150265,7389.20564,9937.867902,8925.82701,7477.88537,9937.867902,1866.655765,1854.631689,0.001001968,0.001005531,0.001008742,0.001011081,3264.866249,3264.866249,3264.866249,8588.670557,8588.670557,8588.670557,8588.670557,8588.670557
1/2/1984,2455.539555,2679.059881,2707.569023,2792.579711,2787.752743,2707.569023,5716.823836,6565.113928,6578.184029,5872.242873,6853.284516,6578.184029,6325.533952,7355.581617,6578.184029,6885.239619,7389.20564,6578.184029,1109.676052,1103.019464,0.001001968,0.001005531,0.001008742,0.001011081,3185.889658,3185.889658,3185.889658,8447.897235,8447.897235,8447.897235,8447.897235,8447.897235
1/3/1984,2386.587278,2567.157518,2642.413376,2682.471742,2679.059881,2642.413376,5612.320808,6488.866282,6473.924414,5723.377647,6565.113928,6473.924414,6034.702549,6853.284516,6473.924414,6381.669699,7355.581617,6473.924414,1134.248188,1127.423048,0.001001968,0.001005531,0.001008742,0.001011081,3103.464085,3103.464085,3103.464085,8306.251238,8306.251238,8306.251238,8306.251238,8306.251238
1/4/1984,2296.6431,2441.467091,2544.415865,2569.564465,2567.157518,2544.415865,5878.108322,6330.701042,6801.330853,5961.437192,6488.866282,6801.330853,6206.659434,6565.113928,6801.330853,6479.17205,6853.284516,6801.330853,1105.984631,1099.353324,0.001001968,0.001005531,0.001008742,0.001011081,3026.183472,3026.183472,3026.183472,8087.202852,8087.202852,8087.202852,8087.202852,8087.202852
1/5/1984,2222.655855,2472.96433,2454.440063,2440.355653,2441.467091,2454.440063,5605.905358,6157.310041,6468.173565,5647.106243,6330.701042,6468.173565,5864.010909,6488.866282,6468.173565,6104.634642,6565.113928,6468.173565,1041.916497,1035.722267,0.001001968,0.001005531,0.001008742,0.001011081,2911.579343,2911.579343,2911.579343,7800.63187,7800.63187,7800.63187,7800.63187,7800.63187
1/6/1984,2263.705408,2467.343581,2503.181683,2473.05563,2472.96433,2503.181683,5548.440398,6235.662654,6404.204748,5578.593516,6157.310041,6404.204748,5745.120018,6330.701042,6404.204748,5863.429788,6488.866282,6404.204748,1075.347577,1068.925684,0.001001968,0.001005531,0.001008742,0.001011081,2941.741814,2941.741814,2941.741814,7428.454643,7428.454643,7428.454643,7428.454643,7428.454643
1/7/1984,2230.449351,2394.712592,2467.214414,2468.0417,2467.343581,2467.214414,5566.427729,6351.665317,6430.736114,5623.896036,6235.662654,6430.736114,5782.813939,6157.310041,6430.736114,5893.019589,6330.701042,6430.736114,1068.796169,1062.418961,0.001001968,0.001005531,0.001008742,0.001011081,2785.923601,2785.923601,2785.923601,7160.40546,7160.40546,7160.40546,7160.40546,7160.40546
1/8/1984,2147.854295,2291.913976,2374.494729,2395.087305,2394.712592,2374.494729,5366.719693,5889.588053,6195.886137,5441.275987,6351.665317,6195.886137,5627.057178,6235.662654,6195.886137,5763.875688,6157.310041,6195.886137,1028.905517,1022.799645,0.001001968,0.001005531,0.001008742,0.001011081,2629.621629,2629.621629,2629.621629,6880.743446,6880.743446,6880.743446,6880.743446,6880.743446
1/9/1984,2053.12063,2198.175984,2267.30925,2292.065793,2291.913976,2267.30925,5133.004092,5603.484205,5920.16197,5208.525554,5889.588053,5920.16197,5404.971275,6351.665317,5920.16197,5586.72799,6235.662654,5920.16197,978.2507789,972.4875556,0.001001968,0.001005531,0.001008742,0.001011081,2525.897681,2525.897681,2525.897681,6611.7402,6611.7402,6611.7402,6611.7402,6611.7402
1/10/1984,1970.01838,2131.615469,2174.40263,2197.846533,2198.175984,2174.40263,5151.858863,5410.753691,5946.883223,5218.851127,5603.484205,5946.883223,5405.304779,5889.588053,5946.883223,5592.088904,6351.665317,5946.883223,938.6867178,933.1895718,0.001001968,0.001005531,0.001008742,0.001011081,2445.883332,2445.883332,2445.883332,6430.734559,6430.734559,6430.734559,6430.734559,6430.734559
1/11/1984,1909.440858,2046.679881,2109.606913,2131.376679,2131.615469,2109.606913,5271.889614,5234.632227,6097.734556,5330.776846,5410.753691,6097.734556,5505.715396,5603.484205,6097.734556,5675.25539,5889.588053,6097.734556,923.3778479,917.9832797,0.001001968,0.001005531,0.001008742,0.001011081,2379.043975,2379.043975,2379.043975,6331.206251,6331.206251,6331.206251,6331.206251,6331.206251
1/12/1984,1834.95355,1971.18425,2026.149914,2046.440178,2046.679881,2026.149914,4885.888425,5078.196179,5639.411942,4945.846237,5234.632227,5639.411942,5117.239064,5410.753691,5639.411942,5293.362528,5603.484205,5639.411942,886.6662206,881.5167521,0.001001968,0.001005531,0.001008742,0.001011081,2320.648219,2320.648219,2320.648219,6209.912293,6209.912293,6209.912293,6209.912293,6209.912293
1/13/1984,1768.123328,1900.842041,1951.890136,1970.875128,1971.18425,1951.890136,4637.264795,4931.595449,5346.807506,4695.990158,5078.196179,5346.807506,4861.782168,5234.632227,5346.807506,5025.313314,5410.753691,5346.807506,856.4893566,851.540392,0.001001968,0.001005531,0.001008742,0.001011081,2254.950956,2254.950956,2254.950956,6078.718124,6078.718124,6078.718124,6078.718124,6078.718124
1/14/1984,1705.685172,1834.427585,1882.664851,1900.484636,1900.842041,1882.664851,4491.702021,4791.425995,5176.51686,4547.637181,4931.595449,5176.51686,4706.32099,5078.196179,5176.51686,4857.041514,5234.632227,5176.51686,828.8806821,824.1143647,0.001001968,0.001005531,0.001008742,0.001011081,2180.200951,2180.200951,2180.200951,5920.976326,5920.976326,5920.976326,5920.976326,5920.976326
1/15/1984,1646.657175,1771.486166,1817.265648,1834.036762,1834.427585,1817.265648,4356.280838,4662.286273,5018.329653,4409.580035,4791.425995,5018.329653,4561.599778,4931.595449,5018.329653,4705.915723,5078.196179,5018.329653,802.8676884,798.2727454,0.001001968,0.001005531,0.001008742,0.001011081,2101.315082,2101.315082,2101.315082,5753.651048,5753.651048,5753.651048,5753.651048,5753.651048
1/16/1984,1590.660275,1711.675268,1755.252045,1771.07358,1771.486166,1755.252045,4230.042521,4541.538103,4871.328579,4280.781186,4662.286273,4871.328579,4426.450919,4791.425995,4871.328579,4566.612559,4931.595449,4871.328579,778.2060156,773.7728817,0.001001968,0.001005531,0.001008742,0.001011081,2025.030595,2025.030595,2025.030595,5594.565286,5594.565286,5594.565286,5594.565286,5594.565286
1/17/1984,1537.406189,1654.714182,1696.29396,1711.250383,1711.675268,1696.29396,4115.261127,4424.647861,4737.247297,4163.616743,4541.538103,4737.247297,4303.312171,4662.286273,4737.247297,4434.118856,4791.425995,4737.247297,754.7334925,750.4537471,0.001001968,0.001005531,0.001008742,0.001011081,1953.015161,1953.015161,1953.015161,5411.683607,5411.683607,5411.683607,5411.683607,5411.683607
1/18/1984,1486.656192,1600.365763,1640.119906,1654.284292,1654.714182,1640.119906,4008.74407,4311.940247,4612.578917,4054.868867,4424.647861,4612.578917,4188.928043,4541.538103,4612.578917,4312.64038,4662.286273,4612.578917,732.3241879,728.190303,0.001001968,0.001005531,0.001008742,0.001011081,1882.516728,1882.516728,1882.516728,5195.798712,5195.798712,5195.798712,5195.798712,5195.798712
1/19/1984,1438.207618,1548.427592,1586.500508,1599.936475,1600.365763,1586.500508,3905.832122,4203.919272,4492.425848,3949.826424,4311.940247,4492.425848,4078.528465,4424.647861,4492.425848,4199.414672,4541.538103,4492.425848,710.8760128,706.8811855,0.001001968,0.001005531,0.001008742,0.001011081,1816.594976,1816.594976,1816.594976,5027.527881,5027.527881,5027.527881,5027.527881,5027.527881
1/20/1984,1391.887028,1498.724677,1535.240332,1548.003566,1548.427592,1535.240332,3806.758864,4186.892961,4376.925781,3848.723708,4203.919272,4376.925781,3972.329706,4311.940247,4376.925781,4089.865567,4424.647861,4376.925781,690.3053761,686.443399,0.001001968,0.001005531,0.001008742,0.001011081,1754.229292,1754.229292,1754.229292,4882.145442,4882.145442,4882.145442,4882.145442,4882.145442
1/21/1984,1347.543156,1451.102995,1486.169542,1498.309433,1498.724677,1486.169542,3711.980596,4080.423049,4266.468782,3752.021117,4186.892961,4266.468782,3870.777387,4203.919272,4266.468782,3984.304532,4311.940247,4266.468782,670.542108,666.8072752,0.001001968,0.001005531,0.001008742,0.001011081,1694.974749,1694.974749,1694.974749,4746.775141,4746.775141,4746.775141,4746.775141,4746.775141
1/22/1984,1305.04285,1406.513999,1439.139087,1450.69939,1451.102995,1439.139087,3622.686676,4379.100876,4162.206699,3660.918717,4080.423049,4162.206699,3775.066259,4186.892961,4162.206699,3883.231928,4203.919272,4162.206699,651.5263967,647.9134304,0.001001968,0.001005531,0.001008742,0.001011081,1638.545619,1638.545619,1638.545619,4619.703834,4619.703834,4619.703834,4619.703834,4619.703834
1/23/1984,1264.268811,1422.977392,1394.01816,1405.038259,1406.513999,1394.01816,3532.9581,4815.180213,4057.782196,3569.420369,4379.100876,4057.782196,3678.872329,4080.423049,4057.782196,3787.88019,4186.892961,4057.782196,633.2078327,629.711818,0.001001968,0.001005531,0.001008742,0.001011081,1584.706109,1584.706109,1584.706109,4499.123431,4499.123431,4499.123431,4499.123431,4499.123431
1/24/1984,1231.482835,1613.774757,1357.834032,1366.618868,1422.977392,1357.834032,3586.197366,5281.760234,4113.42956,3618.809792,4815.180213,4113.42956,3722.782509,4379.100876,4113.42956,3762.293857,4080.423049,4113.42956,618.7215357,615.317687,0.001001968,0.001005531,0.001008742,0.001011081,1533.866403,1533.866403,1533.866403,4405.085282,4405.085282,4405.085282,4405.085282,4405.085282
1/25/1984,1489.706627,1621.919233,1641.517065,1618.536705,1613.774757,1641.517065,3954.87804,5289.725386,4519.84456,3976.359236,5281.760234,4519.84456,3957.061975,4815.180213,4519.84456,3784.245178,4379.100876,4519.84456,691.6905296,687.8196231,0.001001968,0.001005531,0.001008742,0.001011081,1507.146995,1507.146995,1507.146995,4336.142259,4336.142259,4336.142259,4336.142259,4336.142259
1/26/1984,1683.193836,2295.078858,1818.734273,1628.830142,1621.919233,1818.734273,4317.989169,5460.999215,4896.60466,4160.153721,5289.725386,4896.60466,4158.084468,5281.760234,4896.60466,4217.557306,4815.180213,4896.60466,623.1433534,619.7114021,0.001001968,0.001005531,0.001008742,0.001011081,1495.096557,1495.096557,1495.096557,4335.915912,4335.915912,4335.915912,4335.915912,4335.915912
1/27/1984,2277.945746,2538.464458,2529.674304,2293.851045,2295.078858,2529.674304,5002.918114,5727.794217,5772.465735,4839.955155,5460.999215,5772.465735,4892.704405,5289.725386,5772.465735,4355.550727,5281.760234,5772.465735,1151.269053,1144.326894,0.001001968,0.001005531,0.001008742,0.001011081,1576.665324,1576.665324,1576.665324,4406.856655,4406.856655,4406.856655,4406.856655,4406.856655
1/28/1984,2337.15471,2422.633508,2589.845245,2538.585157,2538.464458,2589.845245,5441.728322,5585.793503,6290.315481,5453.9829,5727.794217,6290.315481,5397.885696,5460.999215,6290.315481,5365.014402,5289.725386,6290.315481,1155.398867,1148.428283,0.001001968,0.001005531,0.001008742,0.001011081,1686.887696,1686.887696,1686.887696,4565.119794,4565.119794,4565.119794,4565.119794,4565.119794
1/29/1984,2247.94147,2465.065887,2465.682899,2423.314746,2422.633508,2465.682899,4828.871477,5429.56677,5530.772388,4846.175392,5585.793503,5530.772388,4972.576839,5727.794217,5530.772388,4983.002036,5460.999215,5530.772388,1005.870907,999.9211203,0.001001968,0.001005531,0.001008742,0.001011081,1816.596374,1816.596374,1816.596374,4761.115863,4761.115863,4761.115863,4761.115863,4761.115863
1/30/1984,2189.557805,2273.204295,2412.182828,2460.86955,2465.065887,2412.182828,4799.903118,5276.865708,5517.522735,4908.137007,5429.56677,5517.522735,5060.564026,5585.793503,5517.522735,5083.648375,5727.794217,5517.522735,1031.30663,1025.184463,0.001001968,0.001005531,0.001008742,0.001011081,1961.447356,1961.447356,1961.447356,4982.756734,4982.756734,4982.756734,4982.756734,4982.756734
1/31/1984,2021.973951,2130.684539,2218.334725,2272.681029,2273.204295,2218.334725,4824.901289,5835.015628,5541.812685,4924.228853,5276.865708,5541.812685,5137.134958,5429.56677,5541.812685,5312.019661,5585.793503,5541.812685,917.4663426,912.111327,0.001001968,0.001005531,0.001008742,0.001011081,2098.31734,2098.31734,2098.31734,5208.096401,5208.096401,5208.096401,5208.096401,5208.096401
2/1/1984,1906.436199,2029.542334,2088.647859,2131.049511,2130.684539,2088.647859,4547.032164,6565.80624,5213.320684,4631.778642,5835.015628,5213.320684,4839.089156,5276.865708,5213.320684,5050.944509,5429.56677,5213.320684,857.4450361,852.4897354,0.001001968,0.001005531,0.001008742,0.001011081,2199.792478,2199.792478,2199.792478,5391.901949,5391.901949,5391.901949,5391.901949,5391.901949
2/2/1984,1819.097158,1947.070103,1993.281691,2029.613478,2029.542334,1993.281691,4467.925915,6120.942086,5114.200117,4544.349015,6565.80624,5114.200117,4731.299812,5835.015628,5114.200117,4852.64128,5276.865708,5114.200117,824.5685286,819.8306686,0.001001968,0.001005531,0.001008742,0.001011081,2278.146677,2278.146677,2278.146677,5497.482115,5497.482115,5497.482115,5497.482115,5497.482115
2/3/1984,1744.205441,2329.957888,1910.842304,1937.941537,1947.070103,1910.842304,4347.598502,6217.266688,4982.148715,4410.667019,6120.942086,4982.148715,4582.061078,6565.80624,4982.148715,4794.068901,5835.015628,4982.148715,793.368321,788.8357823,0.001001968,0.001005531,0.001008742,0.001011081,2256.328669,2256.328669,2256.328669,5522.659423,5522.659423,5522.659423,5522.659423,5522.659423
2/4/1984,2174.820528,2346.721217,2413.108763,2323.007578,2329.957888,2413.108763,5552.169282,6095.545983,6405.734722,5525.328197,6217.266688,6405.734722,5617.511954,6120.942086,6405.734722,5190.412723,6565.80624,6405.734722,1084.662202,1078.176719,0.001001968,0.001005531,0.001008742,0.001011081,2248.693362,2248.693362,2248.693362,5578.886718,5578.886718,5578.886718,5578.886718,5578.886718
2/5/1984,2189.740844,2535.439607,2400.031942,2346.179053,2346.721217,2400.031942,6229.613663,5866.220274,7179.084113,6210.141316,6095.545983,7179.084113,6198.363306,6217.266688,7179.084113,6396.873457,6120.942086,7179.084113,964.0001801,958.3329553,0.001001968,0.001005531,0.001008742,0.001011081,2223.727767,2223.727767,2223.727767,5741.921492,5741.921492,5741.921492,5741.921492,5741.921492
2/6/1984,2357.183686,2577.31646,2606.394085,2535.568378,2535.439607,2606.394085,5473.049358,5736.033168,6310.423083,5466.728499,5866.220274,6310.423083,5638.523192,6095.545983,6310.423083,5493.666136,6217.266688,6310.423083,1140.522041,1133.653794,0.001001968,0.001005531,0.001008742,0.001011081,2234.148558,2234.148558,2234.148558,5821.038396,5821.038396,5821.038396,5821.038396,5821.038396
2/7/1984,2297.80599,2351.3798,2547.613646,2577.15193,2577.31646,2547.613646,5531.884549,6298.358315,6402.92214,5620.544064,5736.033168,6402.92214,5765.803223,5866.220274,6402.92214,5888.111834,6095.545983,6402.92214,1148.335357,1141.413382,0.001001968,0.001005531,0.001008742,0.001011081,2261.509955,2261.509955,2261.509955,5889.611117,5889.611117,5889.611117,5889.611117,5889.611117
2/8/1984,2087.255146,2186.478339,2298.988943,2351.187621,2351.3798,2298.988943,5014.122007,6914.089494,5774.467925,5115.498945,6298.358315,5774.467925,5327.097321,5736.033168,5774.467925,5562.907868,5866.220274,5774.467925,986.0030887,980.1875678,0.001001968,0.001005531,0.001008742,0.001011081,2290.219585,2290.219585,2290.219585,5967.701883,5967.701883,5967.701883,5967.701883,5967.701883
2/9/1984,1952.889979,2077.877398,2145.258021,2186.283967,2186.478339,2145.258021,4703.476028,6721.739359,5405.600054,4788.383197,6914.089494,5405.600054,5004.145452,6298.358315,5405.600054,5245.864823,5736.033168,5405.600054,903.8402942,898.5763236,0.001001968,0.001005531,0.001008742,0.001011081,2314.634201,2314.634201,2314.634201,6033.807833,6033.807833,6033.807833,6033.807833,6033.807833
2/10/1984,1861.703061,2028.527414,2044.409641,2077.68486,2077.877398,2044.409641,4632.375747,7721.028636,5325.943403,4704.356735,6721.739359,5325.943403,4896.058763,6914.089494,5325.943403,5099.340016,6298.358315,5325.943403,863.9708107,858.9722204,0.001001968,0.001005531,0.001008742,0.001011081,2335.80055,2335.80055,2335.80055,6093.692557,6093.692557,6093.692557,6093.692557,6093.692557
2/11/1984,1864.002363,2099.521558,2039.47657,2014.62925,2028.527414,2039.47657,5329.487011,12885.58047,6140.651103,5329.21279,7721.028636,6140.651103,5462.732116,6721.739359,6140.651103,5577.534127,6914.089494,6140.651103,830.7046819,825.9263217,0.001001968,0.001005531,0.001008742,0.001011081,2307.078404,2307.078404,2307.078404,6139.170858,6139.170858,6139.170858,6139.170858,6139.170858
2/12/1984,2030.233759,2259.27329,2192.165391,2085.142755,2099.521558,2192.165391,6313.560899,20799.21037,7248.141699,6221.037985,12885.58047,7248.141699,6160.829765,7721.028636,7248.141699,6182.120572,6721.739359,7248.141699,746.4319191,742.2062751,0.001001968,0.001005531,0.001008742,0.001011081,2269.744695,2269.744695,2269.744695,6167.775817,6167.775817,6167.775817,6167.775817,6167.775817
2/13/1984,2385.958911,3970.144134,2535.174083,2223.753462,2259.27329,2535.174083,6611.033484,22863.22883,7498.057006,6315.706187,20799.21037,7498.057006,6191.594299,12885.58047,7498.057006,6120.232789,7721.028636,7498.057006,675.4956289,671.7289743,0.001001968,0.001005531,0.001008742,0.001011081,2200.169813,2200.169813,2200.169813,6282.18812,6282.18812,6282.18812,6282.18812,6282.18812
2/14/1984,3612.874378,8306.399307,3948.206479,3527.192453,3970.144134,3948.206479,9024.47244,24968.83939,10357.61787,8694.687886,22863.22883,10357.61787,8458.424737,20799.21037,10357.61787,7028.350568,12885.58047,10357.61787,1452.724067,1443.676455,0.001001968,0.001005531,0.001008742,0.001011081,2271.265177,2271.265177,2271.265177,6614.89561,6614.89561,6614.89561,6614.89561,6614.89561
2/15/1984,8875.022253,13343.08706,9928.405318,8101.524536,8306.399307,9928.405318,21286.90579,23737.31216,24749.77958,19869.35775,24968.83939,24749.77958,19199.6698,22863.22883,24749.77958,13126.79164,20799.21037,24749.77958,3976.471281,3948.296351,0.001001968,0.001005531,0.001008742,0.001011081,2859.41563,2859.41563,2859.41563,8125.625109,8125.625109,8125.625109,8125.625109,8125.625109
2/16/1984,14398.43737,17020.18111,16175.04698,13536.14103,13343.08706,16175.04698,30986.58922,21733.1305,36443.45602,28903.79551,23737.31216,36443.45602,27663.66201,24968.83939,36443.45602,24319.10848,22863.22883,36443.45602,6548.843023,6499.660587,0.001001968,0.001005531,0.001008742,0.001011081,4095.554618,4095.554618,4095.554618,10988.87126,10988.87126,10988.87126,10988.87126,10988.87126
2/17/1984,15634.16887,16032.6008,17915.38935,17076.71969,17020.18111,17915.38935,26795.72408,21376.68178,31990.88759,26717.84048,21733.1305,31990.88759,27043.69394,23737.31216,31990.88759,24184.34607,24968.83939,31990.88759,8588.884333,8522.398718,0.001001968,0.001005531,0.001008742,0.001011081,5985.436109,5985.436109,5985.436109,13913.11051,13913.11051,13913.11051,13913.11051,13913.11051
2/18/1984,12285.24982,9684.646588,14179.52715,15935.93562,16032.6008,14179.52715,21682.71952,18344.22999,26047.817,24047.87714,21376.68178,26047.817,25467.93318,21733.1305,26047.817,26099.8909,23737.31216,26047.817,7283.771822,7228.410635,0.001001968,0.001005531,0.001008742,0.001011081,7933.456401,7933.456401,7933.456401,16923.13973,16923.13973,16923.13973,16923.13973,16923.13973
2/19/1984,7762.938652,9198.282298,8447.676273,9455.386463,9684.646588,8447.676273,13886.47483,15985.48204,15822.6756,15123.18768,18344.22999,15822.6756,17656.11189,21376.68178,15822.6756,22340.72753,21733.1305,15822.6756,2729.945889,2711.477303,0.001001968,0.001005531,0.001008742,0.001011081,9290.709439,9290.709439,9290.709439,19471.53422,19471.53422,19471.53422,19471.53422,19471.53422
2/20/1984,8566.539819,9633.895788,9433.200284,9331.840908,9198.282298,9433.200284,13273.6132,15744.66621,15172.88925,13517.0838,15985.48204,15172.88925,15217.39483,18344.22999,15172.88925,16488.81391,21376.68178,15172.88925,3348.17528,3324.942325,0.001001968,0.001005531,0.001008742,0.001011081,10472.34278,10472.34278,10472.34278,21326.56713,21326.56713,21326.56713,21326.56713,21326.56713
2/21/1984,8509.265207,8249.098532,9503.135348,9738.986448,9633.895788,9503.135348,16381.43458,16876.42229,19177.50142,16910.60449,15744.66621,19177.50142,17716.28449,15985.48204,19177.50142,18697.71487,18344.22999,19177.50142,3923.212955,3895.460419,0.001001968,0.001005531,0.001008742,0.001011081,11434.47142,11434.47142,11434.47142,22718.79463,22718.79463,22718.79463,22718.79463,22718.79463
2/22/1984,6693.547453,6325.035069,7449.424495,8279.562442,8249.098532,7449.424495,12940.0899,14003.36262,15074.47663,13995.77292,16876.42229,15074.47663,15076.37833,15744.66621,15074.47663,16421.25449,15985.48204,15074.47663,3065.977297,3044.932356,0.001001968,0.001005531,0.001008742,0.001011081,11754.34179,11754.34179,11754.34179,22735.96702,22735.96702,22735.96702,22735.96702,22735.96702
2/23/1984,5260.164027,6842.165369,5751.161949,6248.687402,6325.035069,5751.161949,10190.41063,12705.53072,11681.04214,10836.12529,14003.36262,11681.04214,12163.12609,16876.42229,11681.04214,13955.5169,15744.66621,11681.04214,2033.538994,2020.291667,0.001001968,0.001005531,0.001008742,0.001011081,11224.25777,11224.25777,11224.25777,21199.38581,21199.38581,21199.38581,21199.38581,21199.38581
2/24/1984,6030.214614,6948.995336,6749.699467,6853.65225,6842.165369,6749.699467,12229.35223,13205.66163,14241.72637,12571.9804,12705.53072,14241.72637,13509.22771,14003.36262,14241.72637,13168.13292,16876.42229,14241.72637,2908.838326,2889.002297,0.001001968,0.001005531,0.001008742,0.001011081,10056.81866,10056.81866,10056.81866,19570.51798,19570.51798,19570.51798,19570.51798,19570.51798
2/25/1984,6236.995447,5993.282267,6995.225775,6977.58119,6948.995336,6995.225775,14520.41948,12209.55875,17040.49226,14696.20835,13205.66163,17040.49226,15271.73369,12705.53072,17040.49226,15814.86178,14003.36262,17040.49226,3069.772274,3048.698051,0.001001968,0.001005531,0.001008742,0.001011081,8817.005727,8817.005727,8817.005727,17967.54195,17967.54195,17967.54195,17967.54195,17967.54195
2/26/1984,5265.548469,5407.954087,5854.335123,6010.882456,5993.282267,5854.335123,10590.76365,11224.91439,12273.13774,10930.76738,12209.55875,12273.13774,11694.45871,13205.66163,12273.13774,12729.24039,12705.53072,12273.13774,2436.483387,2420.236063,0.001001968,0.001005531,0.001008742,0.001011081,8083.111344,8083.111344,8083.111344,16338.48602,16338.48602,16338.48602,16338.48602,16338.48602
2/27/1984,4848.558715,5445.984394,5361.527946,5420.262402,5407.954087,5361.527946,9259.181205,10180.25507,10673.45191,9483.395569,11224.91439,10673.45191,10177.4018,12209.55875,10673.45191,11069.20139,13205.66163,10673.45191,2150.696062,2136.582947,0.001001968,0.001005531,0.001008742,0.001011081,7426.250855,7426.250855,7426.250855,15187.29204,15187.29204,15187.29204,15187.29204,15187.29204
2/28/1984,4635.884177,4871.742798,5193.868728,5454.41709,5445.984394,5193.868728,10126.14256,9282.717739,11839.51183,10539.01022,10180.25507,11839.51183,11110.61246,11224.91439,11839.51183,11418.96192,12209.55875,11839.51183,2346.557682,2330.985153,0.001001968,0.001005531,0.001008742,0.001011081,6830.192128,6830.192128,6830.192128,14338.943,14338.943,14338.943,14338.943,14338.943
2/29/1984,4187.06918,4377.302593,4682.994362,4878.20023,4871.742798,4682.994362,9601.723703,8636.547679,11208.56807,9929.280908,9282.717739,11208.56807,10626.45965,10180.25507,11208.56807,11201.20936,11224.91439,11208.56807,2104.983918,2091.209278,0.001001968,0.001005531,0.001008742,0.001011081,6320.716043,6320.716043,6320.716043,13613.54915,13613.54915,13613.54915,13613.54915,13613.54915
3/1/1984,3829.108951,4113.880748,4266.774242,4382.313063,4377.302593,4266.774242,8405.031976,8702.676012,9767.464024,8645.417465,8636.547679,9767.464024,9239.619516,9282.717739,9767.464024,9980.543169,10180.25507,9767.464024,1875.790167,1863.699455,0.001001968,0.001005531,0.001008742,0.001011081,5953.685458,5953.685458,5953.685458,12983.51701,12983.51701,12983.51701,12983.51701,12983.51701
3/2/1984,3614.480612,3880.781518,4029.079043,4117.803507,4113.880748,4029.079043,7609.54599,9062.015346,8829.283991,7821.256257,8702.676012,8829.283991,8313.797728,8636.547679,8829.283991,8817.743438,9282.717739,8829.283991,1788.509858,1777.054287,0.001001968,0.001005531,0.001008742,0.001011081,5537.412999,5537.412999,5537.412999,12249.33988,12249.33988,12249.33988,12249.33988,12249.33988
3/3/1984,3417.518388,3677.658274,3808.850517,3883.873611,3880.781518,3808.850517,7196.342724,8766.106524,8347.202593,7387.254773,9062.015346,8347.202593,7829.942921,8702.676012,8347.202593,8240.857096,8636.547679,8347.202593,1699.018222,1688.210116,0.001001968,0.001005531,0.001008742,0.001011081,5111.788516,5111.788516,5111.788516,11210.83915,11210.83915,11210.83915,11210.83915,11210.83915
3/4/1984,3244.293365,3499.875833,3615.480767,3680.108018,3677.658274,3615.480767,6794.456704,8003.373231,7876.404367,6970.012062,8766.106524,7876.404367,7381.078851,9062.015346,7876.404367,7727.126009,8702.676012,7876.404367,1621.362186,1611.112669,0.001001968,0.001005531,0.001008742,0.001011081,4752.863838,4752.863838,4752.863838,10474.78931,10474.78931,10474.78931,10474.78931,10474.78931
3/5/1984,3089.926171,3603.121709,3443.434571,3500.020509,3499.875833,3443.434571,6944.885938,7537.585067,8065.138813,7097.030618,8003.373231,8065.138813,7468.701885,8766.106524,8065.138813,7781.994058,9062.015346,8065.138813,1553.071223,1543.310317,0.001001968,0.001005531,0.001008742,0.001011081,4453.270008,4453.270008,4453.270008,9962.787394,9962.787394,9962.787394,9962.787394,9962.787394
3/6/1984,3161.331626,3360.209166,3558.974054,3603.760684,3603.121709,3558.974054,7576.86987,7179.674651,8868.030741,7723.170778,7537.585067,8868.030741,8099.368859,8003.373231,8868.030741,8150.494657,8766.106524,8868.030741,1737.405793,1726.320436,0.001001968,0.001005531,0.001008742,0.001011081,4179.464375,4179.464375,4179.464375,9452.285121,9452.285121,9452.285121,9452.285121,9452.285121
3/7/1984,2960.723423,3203.026309,3319.950907,3361.905675,3360.209166,3319.950907,7198.508701,6896.892598,8406.612463,7328.51733,7179.674651,8406.612463,7676.208424,7537.585067,8406.612463,8044.254129,8003.373231,8406.612463,1584.189973,1574.206728,0.001001968,0.001005531,0.001008742,0.001011081,3928.911015,3928.911015,3928.911015,9005.326885,9005.326885,9005.326885,9005.326885,9005.326885
3/8/1984,2824.315743,3058.625147,3164.390538,3204.044648,3203.026309,3164.390538,6367.097982,6646.787795,7413.594107,6500.640832,6896.892598,7413.594107,6839.473126,7179.674651,7413.594107,7117.567469,7537.585067,7413.594107,1508.71374,1499.268842,0.001001968,0.001005531,0.001008742,0.001011081,3735.033715,3735.033715,3735.033715,8595.76891,8595.76891,8595.76891,8595.76891,8595.76891
3/9/1984,2698.83604,2926.471589,3021.815435,3059.416091,3058.625147,3021.815435,6083.756386,6607.846022,7075.743817,6211.014547,6646.787795,7075.743817,6532.568394,6896.892598,7075.743817,6778.269979,7179.674651,7075.743817,1441.008883,1432.044168,0.001001968,0.001005531,0.001008742,0.001011081,3570.115978,3570.115978,3570.115978,8288.949242,8288.949242,8288.949242,8288.949242,8288.949242
3/10/1984,2584.498892,2806.1921,2892.386242,2927.102764,2926.471589,2892.386242,5823.336527,8445.082441,6766.150085,5944.062648,6607.846022,6766.150085,6250.468366,6646.787795,6766.150085,6478.342505,6896.892598,6766.150085,1381.115206,1372.573022,0.001001968,0.001005531,0.001008742,0.001011081,3423.634668,3423.634668,3423.634668,8039.566857,8039.566857,8039.566857,8039.566857,8039.566857
3/11/1984,2480.033932,2694.973499,2774.586429,2806.695282,2806.1921,2774.586429,5602.217015,7094.084961,6505.955958,5716.413855,8445.082441,6505.955958,6007.674264,6607.846022,6505.955958,6230.560905,6646.787795,6505.955958,1328.140284,1319.969979,0.001001968,0.001005531,0.001008742,0.001011081,3290.865652,3290.865652,3290.865652,7822.796473,7822.796473,7822.796473,7822.796473,7822.796473
3/12/1984,2383.125646,2591.294565,2665.530925,2695.374124,2694.973499,2665.530925,5411.251865,6633.247326,6280.931054,5519.499328,7094.084961,6280.931054,5796.842878,8445.082441,6280.931054,6000.320349,6607.846022,6280.931054,1279.761288,1271.929028,0.001001968,0.001005531,0.001008742,0.001011081,3169.244779,3169.244779,3169.244779,7550.553769,7550.553769,7550.553769,7550.553769,7550.553769
3/13/1984,2292.567005,2603.768966,2563.760008,2591.613273,2591.294565,2563.760008,5405.818352,6297.547152,6276.964007,5504.989684,6633.247326,6276.964007,5765.180819,7094.084961,6276.964007,5958.760391,8445.082441,6276.964007,1234.970514,1227.449839,0.001001968,0.001005531,0.001008742,0.001011081,3021.356359,3021.356359,3021.356359,7216.109225,7216.109225,7216.109225,7216.109225,7216.109225
3/14/1984,2291.789538,2457.581923,2577.933571,2604.022961,2603.768966,2577.933571,7047.433144,6250.753472,8269.322015,7113.132509,6297.547152,8269.322015,7340.526563,6633.247326,8269.322015,7457.107776,7094.084961,8269.322015,1302.279634,1294.290218,0.001001968,0.001005531,0.001008742,0.001011081,2908.424934,2908.424934,2908.424934,7183.473515,7183.473515,7183.473515,7183.473515,7183.473515
3/15/1984,2175.55725,2428.860237,2439.070248,2457.34278,2457.581923,2439.070248,5891.505706,6831.168843,6871.341832,5963.480428,6250.753472,6871.341832,6193.986081,6297.547152,6871.341832,6452.922538,6633.247326,6871.341832,1208.010469,1200.676677,0.001001968,0.001005531,0.001008742,0.001011081,2797.694061,2797.694061,2797.694061,7065.956711,7065.956711,7065.956711,7065.956711,7065.956711
3/16/1984,2275.175966,2846.811535,2531.342747,2400.581401,2428.860237,2531.342747,5642.557527,7600.598854,6536.105584,5572.034851,6831.168843,6536.105584,5780.22199,6250.753472,6536.105584,5910.439268,6297.547152,6536.105584,1176.316729,1169.201976,0.001001968,0.001005531,0.001008742,0.001011081,2696.992246,2696.992246,2696.992246,6952.779715,6952.779715,6952.779715,6952.779715,6952.779715
3/17/1984,2736.384837,3120.341648,3036.917082,2838.504149,2846.811535,3036.917082,6005.429838,9553.495982,6934.021609,5893.231902,7600.598854,6934.021609,5874.399887,6831.168843,6934.021609,5738.770609,6250.753472,6934.021609,1338.986292,1330.739993,0.001001968,0.001005531,0.001008742,0.001011081,2639.769146,2639.769146,2639.769146,6854.768322,6854.768322,6854.768322,6854.768322,6854.768322
3/18/1984,3096.46758,3862.597573,3406.859385,3109.21908,3120.341648,3406.859385,6345.271072,10136.43733,7286.170793,6137.800597,9553.495982,7286.170793,6160.374107,7600.598854,7286.170793,5950.073063,6831.168843,7286.170793,1384.399209,1375.833913,0.001001968,0.001005531,0.001008742,0.001011081,2642.442928,2642.442928,2642.442928,6827.889782,6827.889782,6827.889782,6827.889782,6827.889782
3/19/1984,3549.687647,3809.116399,3965.871154,3847.865034,3862.597573,3965.871154,7094.67285,10661.47101,8243.708039,7103.681865,10136.43733,8243.708039,7154.344463,9553.495982,8243.708039,6527.185625,7600.598854,8243.708039,1822.059934,1810.360639,0.001001968,0.001005531,0.001008742,0.001011081,2756.839844,2756.839844,2756.839844,6948.016331,6948.016331,6948.016331,6948.016331,6948.016331
3/20/1984,3491.614286,4384.947582,3848.563919,3735.433831,3809.116399,3848.563919,7542.196156,10868.78156,8694.446917,7526.311699,10661.47101,8694.446917,7674.387761,10136.43733,8694.446917,7646.302675,9553.495982,8694.446917,1572.803701,1562.90187,0.001001968,0.001005531,0.001008742,0.001011081,2894.277922,2894.277922,2894.277922,7196.920193,7196.920193,7196.920193,7196.920193,7196.920193
3/21/1984,4066.403979,5036.511147,4502.153811,4259.834684,4384.947582,4502.153811,9382.426423,10836.48346,10865.04987,9254.668534,10868.78156,10865.04987,9418.956614,10661.47101,10865.04987,8832.322018,10136.43733,10865.04987,1865.634132,1853.617507,0.001001968,0.001005531,0.001008742,0.001011081,3100.508089,3100.508089,3100.508089,7483.774085,7483.774085,7483.774085,7483.774085,7483.774085
3/22/1984,4748.560935,5275.701817,5269.366624,5043.973755,5036.511147,5269.366624,10715.04382,10472.65929,12403.22933,10648.67228,10836.48346,12403.22933,10655.97483,10868.78156,12403.22933,9948.425168,10661.47101,12403.22933,2138.767548,2124.742837,0.001001968,0.001005531,0.001008742,0.001011081,3407.811203,3407.811203,3407.811203,8072.7394,8072.7394,8072.7394,8072.7394,8072.7394
3/23/1984,4788.308281,5095.71034,5316.039677,5304.173042,5275.701817,5316.039677,10311.71299,9920.976084,11947.99743,10458.20354,10472.65929,11947.99743,10640.29748,10836.48346,11947.99743,10563.7486,10868.78156,11947.99743,2187.590838,2173.203932,0.001001968,0.001005531,0.001008742,0.001011081,3787.370125,3787.370125,3787.370125,8769.707574,8769.707574,8769.707574,8769.707574,8769.707574
3/24/1984,4415.031792,4560.390071,4914.395745,5105.181961,5095.71034,4914.395745,9214.224533,11094.08121,10691.24359,9554.699221,9920.976084,10691.24359,10030.39453,10472.65929,10691.24359,10230.13616,10836.48346,10691.24359,2105.971056,2092.189115,0.001001968,0.001005531,0.001008742,0.001011081,4158.094017,4158.094017,4158.094017,9456.214584,9456.214584,9456.214584,9456.214584,9456.214584
3/25/1984,3944.404809,4074.727352,4375.260353,4564.447912,4560.390071,4375.260353,8503.581077,15254.39966,9847.570842,8816.029818,11094.08121,9847.570842,9405.361853,9920.976084,9847.570842,9979.546044,10472.65929,9847.570842,1840.158059,1828.32707,0.001001968,0.001005531,0.001008742,0.001011081,4434.600105,4434.600105,4434.600105,10049.33972,10049.33972,10049.33972,10049.33972,10049.33972
3/26/1984,3697.281145,4194.380832,4070.199736,4078.952433,4074.727352,4070.199736,7977.369694,15209.67296,9190.703766,8089.305765,15254.39966,9190.703766,8614.337087,11094.08121,9190.703766,9289.862799,9920.976084,9190.703766,1610.420483,1600.24942,0.001001968,0.001005531,0.001008742,0.001011081,4544.734794,4544.734794,4544.734794,10427.66933,10427.66933,10427.66933,10427.66933,10427.66933
3/27/1984,3770.654732,4204.738204,4185.956496,4196.366379,4194.380832,4185.956496,7910.635841,13551.02886,9165.397925,8040.214344,15209.67296,9165.397925,8424.388821,15254.39966,9165.397925,8645.226516,11094.08121,9165.397925,1795.876197,1784.367159,0.001001968,0.001005531,0.001008742,0.001011081,4637.406946,4637.406946,4637.406946,10585.26747,10585.26747,10585.26747,10585.26747,10585.26747
3/28/1984,3682.956167,5675.141329,4100.898263,4192.22479,4204.738204,4100.898263,9357.436273,11995.11453,10922.46621,9537.912747,13551.02886,10922.46621,9841.878692,15209.67296,10922.46621,9954.313927,15254.39966,10922.46621,1809.628908,1798.019979,0.001001968,0.001005531,0.001008742,0.001011081,4652.479259,4652.479259,4652.479259,10649.96644,10649.96644,10649.96644,10649.96644,10649.96644
3/29/1984,4932.979028,6117.119266,5706.571223,5664.441504,5675.141329,5706.571223,14192.79494,10728.11057,17024.76043,14296.93555,11995.11453,17024.76043,14789.38206,13551.02886,17024.76043,13622.21974,15209.67296,17024.76043,3213.693736,3191.506115,0.001001968,0.001005531,0.001008742,0.001011081,4789.114537,4789.114537,4789.114537,11250.23712,11250.23712,11250.23712,11250.23712,11250.23712
3/30/1984,5183.419264,5319.547244,6046.450871,6112.483449,6117.119266,6046.450871,14083.43985,9694.274077,16983.00524,14335.27652,10728.11057,16983.00524,14879.33948,11995.11453,16983.00524,14775.86662,13551.02886,16983.00524,3558.577029,3533.699448,0.001001968,0.001005531,0.001008742,0.001011081,4922.629898,4922.629898,4922.629898,11803.5853,11803.5853,11803.5853,11803.5853,11803.5853
3/31/1984,4503.290348,4699.87472,5208.304059,5317.709427,5319.547244,5208.304059,10842.65911,10547.63606,12969.55325,11133.89194,9694.274077,12969.55325,11872.78646,10728.11057,12969.55325,12620.34809,11995.11453,12969.55325,2953.528018,2933.348897,0.001001968,0.001005531,0.001008742,0.001011081,4967.584793,4967.584793,4967.584793,12160.91452,12160.91452,12160.91452,12160.91452,12160.91452
4/1/1984,4062.20498,4260.893495,4648.926172,4692.093665,4699.87472,4648.926172,8896.215749,19808.4557,10537.48507,9109.934773,10547.63606,10537.48507,9743.144082,9694.274077,10537.48507,10550.14659,10728.11057,10537.48507,2489.337661,2472.692397,0.001001968,0.001005531,0.001008742,0.001011081,4971.393386,4971.393386,4971.393386,12326.43528,12326.43528,12326.43528,12326.43528,12326.43528
4/2/1984,3894.235251,4298.899323,4382.988708,4253.782993,4260.893495,4382.988708,8246.814326,31211.34356,9636.826149,8264.837928,19808.4557,9636.826149,8699.340186,10547.63606,9636.826149,9315.541393,9694.274077,9636.826149,2089.729354,2076.067479,0.001001968,0.001005531,0.001008742,0.001011081,4967.538097,4967.538097,4967.538097,12391.96473,12391.96473,12391.96473,12391.96473,12391.96473
4/3/1984,4123.690036,5798.145833,4582.14798,4289.673902,4298.899323,4582.14798,8312.837472,34572.83527,9608.781721,8166.000689,31211.34356,9608.781721,8382.957327,19808.4557,9608.781721,8523.982866,10547.63606,9608.781721,1963.675417,1950.941666,0.001001968,0.001005531,0.001008742,0.001011081,4949.817693,4949.817693,4949.817693,12439.93259,12439.93259,12439.93259,12439.93259,12439.93259
4/4/1984,4809.023266,14099.52602,5340.815162,4996.916212,5798.145833,5340.815162,10321.47275,31830.07866,11958.00984,10132.41804,34572.83527,11958.00984,10138.31892,31211.34356,11958.00984,9589.412122,19808.4557,11958.00984,2248.789923,2233.947702,0.001001968,0.001005531,0.001008742,0.001011081,5003.634237,5003.634237,5003.634237,12465.62927,12465.62927,12465.62927,12465.62927,12465.62927
4/5/1984,12787.31093,17337.51211,15229.77534,14156.8475,14099.52602,15229.77534,32740.79971,27701.61948,39184.91645,32623.85945,31830.07866,39184.91645,33186.01996,34572.83527,39184.91645,18803.68048,31211.34356,39184.91645,8882.942255,8813.925892,0.001001968,0.001005531,0.001008742,0.001011081,5982.907195,5982.907195,5982.907195,14181.6154,14181.6154,14181.6154,14181.6154,14181.6154
4/6/1984,17375.42896,17482.1538,20067.17138,17599.84336,17337.51211,20067.17138,45444.9745,24219.80055,54040.12721,43850.43629,27701.61948,54040.12721,43244.44722,31830.07866,54040.12721,41189.62855,34572.83527,54040.12721,9595.617791,9520.434102,0.001001968,0.001005531,0.001008742,0.001011081,7242.310674,7242.310674,7242.310674,17825.48974,17825.48974,17825.48974,17825.48974,17825.48974
4/7/1984,15369.64563,13970.35059,17676.48591,17592.50444,17482.1538,17676.48591,29234.42422,19995.8394,34762.4144,29936.06131,24219.80055,34762.4144,30606.2374,27701.61948,34762.4144,34191.4187,31830.07866,34762.4144,8550.167293,8484.014256,0.001001968,0.001005531,0.001008742,0.001011081,8782.17361,8782.17361,8782.17361,20941.68488,20941.68488,20941.68488,20941.68488,20941.68488
4/8/1984,11039.66864,9326.027366,12672.29337,14007.6358,13970.35059,12672.29337,19764.34049,16382.98887,23440.96072,21668.33447,19995.8394,23440.96072,24309.25488,24219.80055,23440.96072,27011.73105,27701.61948,23440.96072,6292.840335,6245.794086,0.001001968,0.001005531,0.001008742,0.001011081,10259.51899,10259.51899,10259.51899,23546.1792,23546.1792,23546.1792,23546.1792,23546.1792
4/9/1984,7253.156695,6824.819911,8112.35511,9350.886386,9326.027366,8112.35511,15019.85953,13903.83872,17475.78272,16528.2391,16382.98887,17475.78272,18962.53976,19995.8394,17475.78272,23900.74561,24219.80055,17475.78272,3438.24,3414.304382,0.001001968,0.001005531,0.001008742,0.001011081,11230.33436,11230.33436,11230.33436,25728.3016,25728.3016,25728.3016,25728.3016,25728.3016
4/10/1984,5714.375637,6237.253683,6301.672847,6842.963318,6824.819911,6301.672847,12411.06879,12346.23019,14306.54296,13125.78588,13903.83872,14306.54296,14999.28957,16382.98887,14306.54296,18356.57169,19995.8394,14306.54296,2397.498593,2381.544161,0.001001968,0.001005531,0.001008742,0.001011081,11822.06149,11822.06149,11822.06149,27245.6428,27245.6428,27245.6428,27245.6428,27245.6428
4/11/1984,5376.026795,5823.940746,5985.77392,6250.854231,6237.253683,5985.77392,12290.58102,11203.97042,14302.52292,12720.16018,12346.23019,14302.52292,13855.40796,13903.83872,14302.52292,15586.22011,16382.98887,14302.52292,2510.897442,2494.089579,0.001001968,0.001005531,0.001008742,0.001011081,12158.17625,12158.17625,12158.17625,27998.58144,27998.58144,27998.58144,27998.58144,27998.58144
4/12/1984,5055.245756,5446.077139,5655.698612,5834.364796,5823.940746,5655.698612,11493.36391,11958.77167,13414.51837,11835.91752,11203.97042,13414.51837,12668.87684,12346.23019,13414.51837,13693.82749,13903.83872,13414.51837,2491.760857,2475.097326,0.001001968,0.001005531,0.001008742,0.001011081,11264.67054,11264.67054,11264.67054,26085.32425,26085.32425,26085.32425,26085.32425,26085.32425
4/13/1984,4737.79244,5033.238422,5311.370683,5452.094099,5446.077139,5311.370683,10325.85413,11799.31921,12045.77235,10634.09154,11958.77167,12045.77235,11357.61551,11203.97042,12045.77235,12084.97472,12346.23019,12045.77235,2398.527629,2382.565473,0.001001968,0.001005531,0.001008742,0.001011081,9963.553529,9963.553529,9963.553529,22056.5888,22056.5888,22056.5888,22056.5888,22056.5888
4/14/1984,4398.719984,5008.914207,4916.364511,5013.992367,5033.238422,4916.364511,9366.821984,13839.5232,10887.42998,9621.047553,11799.31921,10887.42998,10243.51795,11958.77167,10887.42998,10931.17258,11203.97042,10887.42998,2183.239962,2168.885371,0.001001968,0.001005531,0.001008742,0.001011081,8384.25819,8384.25819,8384.25819,18641.11863,18641.11863,18641.11863,18641.11863,18641.11863
4/15/1984,4610.097731,6727.949816,5093.781123,4978.016152,5008.914207,5093.781123,9278.976111,17127.4965,10668.59627,9327.446346,13839.5232,10668.59627,9586.522988,11799.31921,10668.59627,9947.224973,11958.77167,10668.59627,2004.216031,1991.184514,0.001001968,0.001005531,0.001008742,0.001011081,6907.609488,6907.609488,6907.609488,15880.33406,15880.33406,15880.33406,15880.33406,15880.33406
4/16/1984,6512.856725,9066.202014,7292.05652,6646.561264,6727.949816,7292.05652,12468.37247,17191.63621,14496.85427,12093.39723,17127.4965,14496.85427,12209.65025,13839.5232,14496.85427,10791.10591,11799.31921,14496.85427,3113.43248,3092.02109,0.001001968,0.001005531,0.001008742,0.001011081,6197.893318,6197.893318,6197.893318,13963.74238,13963.74238,13963.74238,13963.74238,13963.74238
4/17/1984,8677.699764,9581.99387,9851.49887,9101.262061,9066.202014,9851.49887,14813.12819,16306.29112,17397.14867,14502.73213,17191.63621,17397.14867,14570.64921,17127.4965,17397.14867,12459.63652,13839.5232,17397.14867,4534.941106,4502.301821,0.001001968,0.001005531,0.001008742,0.001011081,6182.563407,6182.563407,6182.563407,12942.2311,12942.2311,12942.2311,12942.2311,12942.2311
4/18/1984,9063.403871,11239.83534,10262.46426,9624.0791,9581.99387,10262.46426,15384.68371,16047.72724,18072.61793,15167.2992,16306.29112,18072.61793,15861.96465,17191.63621,18072.61793,15012.08795,17127.4965,18072.61793,4736.203736,4701.940825,0.001001968,0.001005531,0.001008742,0.001011081,6515.429913,6515.429913,6515.429913,12843.05035,12843.05035,12843.05035,12843.05035,12843.05035
4/19/1984,9230.629606,9452.902121,10738.0665,11204.4068,11239.83534,10738.0665,16100.72323,15442.42759,19386.86328,17073.10031,16047.72724,19386.86328,17978.66853,16306.29112,19386.86328,16828.60506,17191.63621,19386.86328,5923.081768,5879.105188,0.001001968,0.001005531,0.001008742,0.001011081,7164.548105,7164.548105,7164.548105,13443.1201,13443.1201,13443.1201,13443.1201,13443.1201
4/20/1984,7866.538031,8012.569239,8951.522303,9482.238949,9452.902121,8951.522303,14093.15856,13553.24341,16632.015,14998.41002,15442.42759,16632.015,16007.5271,16047.72724,16632.015,17450.42389,16306.29112,16632.015,4268.664512,4238.161594,0.001001968,0.001005531,0.001008742,0.001011081,7714.172842,7714.172842,7714.172842,14176.43205,14176.43205,14176.43205,14176.43205,14176.43205
4/21/1984,6821.078387,6684.818545,7717.458826,8040.59221,8012.569239,7717.458826,11068.96468,11760.28143,12959.94065,11723.98879,13553.24341,12959.94065,13253.52616,15442.42759,12959.94065,14336.27805,16047.72724,12959.94065,3603.443884,3578.214205,0.001001968,0.001005531,0.001008742,0.001011081,8221.317801,8221.317801,8221.317801,14873.28255,14873.28255,14873.28255,14873.28255,14873.28255
4/22/1984,5578.771712,5781.469998,6335.598667,6686.347764,6684.818545,6335.598667,10590.03121,10876.25833,12462.89066,11185.87442,11760.28143,12462.89066,12671.93079,13553.24341,12462.89066,14180.3396,15442.42759,12462.89066,3129.407243,3107.872357,0.001001968,0.001005531,0.001008742,0.001011081,8603.171161,8603.171161,8603.171161,15460.32042,15460.32042,15460.32042,15460.32042,15460.32042
4/23/1984,4922.467545,5467.645719,5566.19545,5772.720005,5781.469998,5566.19545,10306.93812,10476.23834,12097.14986,10705.87909,10876.25833,12097.14986,11705.72855,11760.28143,12097.14986,13128.11168,13553.24341,12097.14986,2698.892194,2680.659982,0.001001968,0.001005531,0.001008742,0.001011081,8620.53186,8620.53186,8620.53186,15655.87754,15655.87754,15655.87754,15655.87754,15655.87754
4/24/1984,4801.797366,5366.200814,5421.673356,5468.142548,5467.645719,5421.673356,9775.361315,10111.1098,11446.69139,10015.23483,10476.23834,11446.69139,10741.34626,10876.25833,11446.69139,11441.76047,11760.28143,11446.69139,2603.196676,2585.690948,0.001001968,0.001005531,0.001008742,0.001011081,8265.458816,8265.458816,8265.458816,15524.44376,15524.44376,15524.44376,15524.44376,15524.44376
4/25/1984,4735.667379,5137.489676,5338.899554,5371.497364,5366.200814,5338.899554,9424.934932,9820.890055,10990.00427,9657.568472,10111.1098,10990.00427,10191.81768,10476.23834,10990.00427,10435.02056,10876.25833,10990.00427,2534.638941,2517.651844,0.001001968,0.001005531,0.001008742,0.001011081,7712.822075,7712.822075,7712.822075,14904.34772,14904.34772,14904.34772,14904.34772,14904.34772
4/26/1984,4493.798992,4794.466485,5067.319903,5140.530963,5137.489676,5067.319903,8812.334021,9378.905782,10273.23977,9073.768918,9820.890055,10273.23977,9672.296231,10111.1098,10273.23977,10041.45115,10476.23834,10273.23977,2428.756327,2412.567099,0.001001968,0.001005531,0.001008742,0.001011081,6926.708798,6926.708798,6926.708798,13843.66901,13843.66901,13843.66901,13843.66901,13843.66901
4/27/1984,4129.690393,4386.92462,4670.285563,4795.82885,4794.466485,4670.285563,8125.50863,8779.276561,9495.628339,8426.640988,9378.905782,9495.628339,9106.819992,9820.890055,9495.628339,9565.758461,10111.1098,9495.628339,2313.66201,2298.3356,0.001001968,0.001005531,0.001008742,0.001011081,6275.729073,6275.729073,6275.729073,12757.78523,12757.78523,12757.78523,12757.78523,12757.78523
4/28/1984,3777.150799,4073.326326,4264.656291,4384.316474,4386.92462,4264.656291,7629.694237,8370.366632,8908.115933,7903.594517,8779.276561,8908.115933,8510.428881,9378.905782,8908.115933,9122.421455,9820.890055,8908.115933,2107.272509,2093.480943,0.001001968,0.001005531,0.001008742,0.001011081,5676.429883,5676.429883,5676.429883,11779.9011,11779.9011,11779.9011,11779.9011,11779.9011
4/29/1984,3540.769065,3910.300153,3990.19715,4073.88639,4073.326326,3990.19715,7523.95092,8446.901574,8767.125183,7746.816709,8370.366632,8767.125183,8276.07342,8779.276561,8767.125183,8665.461176,9378.905782,8767.125183,1955.730837,1943.055355,0.001001968,0.001005531,0.001008742,0.001011081,5205.343945,5205.343945,5205.343945,10991.34147,10991.34147,10991.34147,10991.34147,10991.34147
4/30/1984,3436.127979,3812.117716,3874.706452,3911.083038,3910.300153,3874.706452,7409.76427,10191.09475,8644.35999,7576.714417,8446.901574,8644.35999,8052.300314,8370.366632,8644.35999,8431.764268,8779.276561,8644.35999,1916.329513,1903.942608,0.001001968,0.001005531,0.001008742,0.001011081,4888.479213,4888.479213,4888.479213,10326.53144,10326.53144,10326.53144,10326.53144,10326.53144
5/1/1984,3344.707228,3673.582497,3778.855732,3812.515962,3812.117716,3778.855732,7025.832567,15898.83614,8203.312852,7192.812029,10191.09475,8203.312852,7634.215921,8446.901574,8203.312852,7896.370585,8370.366632,8203.312852,1903.500788,1891.207693,0.001001968,0.001005531,0.001008742,0.001011081,4633.023081,4633.023081,4633.023081,9785.697744,9785.697744,9785.697744,9785.697744,9785.697744
5/2/1984,3195.598144,4050.463663,3612.446591,3674.657755,3673.582497,3612.446591,6721.035289,14152.3173,7851.431055,6910.275623,15898.83614,7851.431055,7321.590524,10191.09475,7851.431055,7621.304975,8446.901574,7851.431055,1836.508251,1824.703832,0.001001968,0.001005531,0.001008742,0.001011081,4396.667817,4396.667817,4396.667817,9338.710735,9338.710735,9338.710735,9338.710735,9338.710735
5/3/1984,3030.809791,5782.924897,3423.198913,3475.264128,4050.463663,3423.198913,6801.905043,12743.12908,7940.252016,6966.373691,14152.3173,7940.252016,7379.434538,15898.83614,7940.252016,7611.513559,10191.09475,7940.252016,1739.692683,1728.590786,0.001001968,0.001005531,0.001008742,0.001011081,4156.301634,4156.301634,4156.301634,8993.051181,8993.051181,8993.051181,8993.051181,8993.051181
5/4/1984,5270.071081,6233.918503,6052.692219,5951.494843,5782.924897,6052.692219,11979.49522,11689.95501,14060.01603,12182.37337,12743.12908,14060.01603,12206.4932,14152.3173,14060.01603,9219.451147,15898.83614,14060.01603,3018.194264,2997.517673,0.001001968,0.001005531,0.001008742,0.001011081,4202.824545,4202.824545,4202.824545,9212.306609,9212.306609,9212.306609,9212.306609,9212.306609
5/5/1984,6451.921476,6946.983785,7310.41094,6476.420226,6233.918503,7310.41094,17489.71753,11196.00881,20650.88789,16845.64227,11689.95501,20650.88789,17100.79088,12743.12908,20650.88789,16924.16485,14152.3173,20650.88789,3399.849133,3376.21328,0.001001968,0.001005531,0.001008742,0.001011081,4429.003591,4429.003591,4429.003591,10391.9408,10391.9408,10391.9408,10391.9408,10391.9408
5/6/1984,5785.816855,4696.78131,6763.080368,6980.950492,6946.983785,6763.080368,12298.63893,11036.92471,14735.98391,12819.14372,11196.00881,14735.98391,13497.6133,11689.95501,14735.98391,13383.71252,12743.12908,14735.98391,3996.369843,3968.036941,0.001001968,0.001005531,0.001008742,0.001011081,4798.941447,4798.941447,4798.941447,11093.07884,11093.07884,11093.07884,11093.07884,11093.07884
5/7/1984,3707.169249,3892.366543,4221.988315,4677.319118,4696.78131,4221.988315,8654.502808,10165.18245,10137.92897,9260.148089,11036.92471,10137.92897,10149.33852,11196.00881,10137.92897,12193.02536,11689.95501,10137.92897,2214.896807,2200.306924,0.001001968,0.001005531,0.001008742,0.001011081,4959.193818,4959.193818,4959.193818,11565.11187,11565.11187,11565.11187,11565.11187,11565.11187
5/8/1984,3186.286146,4342.906472,3578.87113,3712.391619,3892.366543,3578.87113,7125.950766,9447.891953,8227.72002,7389.364916,10165.18245,8227.72002,8188.41175,11036.92471,8227.72002,9207.595538,11196.00881,8227.72002,1710.771402,1699.878488,0.001001968,0.001005531,0.001008742,0.001011081,5000.934909,5000.934909,5000.934909,11947.058,11947.058,11947.058,11947.058,11947.058
5/9/1984,3997.958082,4458.833145,4511.555569,4416.704633,4342.906472,4511.555569,9490.77677,8438.789154,11014.75907,9567.534756,9447.891953,11014.75907,9848.176008,10165.18245,11014.75907,9540.142659,11036.92471,11014.75907,2114.475203,2100.630353,0.001001968,0.001005531,0.001008742,0.001011081,5080.341237,5080.341237,5080.341237,12322.37005,12322.37005,12322.37005,12322.37005,12322.37005
5/10/1984,4240.667675,4511.941572,4777.468909,4538.959814,4458.833145,4777.468909,9953.326943,7141.381612,11604.49952,9868.11271,8438.789154,11604.49952,10215.82147,9447.891953,11604.49952,10455.51255,10165.18245,11604.49952,2253.723621,2238.844631,0.001001968,0.001005531,0.001008742,0.001011081,5210.082459,5210.082459,5210.082459,12693.74317,12693.74317,12693.74317,12693.74317,12693.74317
5/11/1984,3859.325416,3771.086802,4406.737366,4510.800925,4511.941572,4406.737366,8317.16661,7331.986735,9765.286988,8591.108745,7141.381612,9765.286988,9084.265738,8438.789154,9765.286988,9296.390655,9447.891953,9765.286988,2347.551332,2331.971363,0.001001968,0.001005531,0.001008742,0.001011081,5096.441034,5096.441034,5096.441034,12430.04864,12430.04864,12430.04864,12430.04864,12430.04864
5/12/1984,3252.798206,3684.284439,3649.136675,3721.435729,3771.086802,3649.136675,7225.878135,8765.129493,8368.331004,7418.281804,7331.986735,8368.331004,7909.336489,7141.381612,8368.331004,8723.725749,8438.789154,8368.331004,1737.083881,1726.000852,0.001001968,0.001005531,0.001008742,0.001011081,4772.20965,4772.20965,4772.20965,11189.73879,11189.73879,11189.73879,11189.73879,11189.73879
5/13/1984,3399.035767,3628.567646,3764.638649,3635.502629,3684.284439,3764.638649,6621.672377,9100.507284,7571.407296,6621.705054,8765.129493,7571.407296,6892.458027,7331.986735,7571.407296,7276.322479,7141.381612,7571.407296,1577.262911,1567.329204,0.001001968,0.001005531,0.001008742,0.001011081,4313.741138,4313.741138,4313.741138,10322.71059,10322.71059,10322.71059,10322.71059,10322.71059
5/14/1984,3540.750862,4211.420513,3851.542957,3680.196168,3628.567646,3851.542957,6347.056193,8588.330128,7128.479781,6300.454748,9100.507284,7128.479781,6288.228642,8765.129493,7128.479781,6476.626357,7331.986735,7128.479781,1312.799884,1304.736934,0.001001968,0.001005531,0.001008742,0.001011081,4067.182922,4067.182922,4067.182922,9579.785457,9579.785457,9579.785457,9579.785457,9579.785457
5/15/1984,4243.170218,5651.451649,4669.130107,4236.962438,4211.420513,4669.130107,7300.742599,8554.458242,8317.04612,7020.845008,8588.330128,8317.04612,7292.228743,9100.507284,8317.04612,6743.08558,8765.129493,8317.04612,1833.257565,1821.476806,0.001001968,0.001005531,0.001008742,0.001011081,4061.725816,4061.725816,4061.725816,9077.506774,9077.506774,9077.506774,9077.506774,9077.506774
5/16/1984,4817.769579,4431.184592,5527.419502,5655.146096,5651.451649,5527.419502,9005.004832,8725.761688,10673.90899,9360.309171,8554.458242,10673.90899,9693.5457,8588.330128,10673.90899,8646.795097,9100.507284,10673.90899,2995.987125,2975.481505,0.001001968,0.001005531,0.001008742,0.001011081,4214.620482,4214.620482,4214.620482,8817.245451,8817.245451,8817.245451,8817.245451,8817.245451
5/17/1984,3646.173449,3534.467784,4097.904309,4439.352096,4431.184592,4097.904309,7643.012166,8511.738216,8907.914502,8115.368784,8725.761688,8907.914502,8656.972971,8554.458242,8907.914502,9575.915002,8588.330128,8907.914502,1971.544537,1958.753044,0.001001968,0.001005531,0.001008742,0.001011081,4234.213327,4234.213327,4234.213327,8592.390598,8592.390598,8592.390598,8592.390598,8592.390598
5/18/1984,3037.083715,3323.902557,3373.575667,3534.004066,3534.467784,3373.575667,5636.21872,8526.705366,6468.87811,5911.058593,8511.738216,6468.87811,6620.83329,8725.761688,6468.87811,7388.669369,8554.458242,6468.87811,1503.819344,1494.409247,0.001001968,0.001005531,0.001008742,0.001011081,4149.873246,4149.873246,4149.873246,8411.251789,8411.251789,8411.251789,8411.251789,8411.251789
5/19/1984,2870.179667,3282.682027,3202.021384,3315.078588,3323.902557,3202.021384,6143.96745,8180.061636,7099.092553,6355.101478,8526.705366,7099.092553,6822.35235,8511.738216,7099.092553,7325.069015,8725.761688,7099.092553,1489.101341,1479.795811,0.001001968,0.001005531,0.001008742,0.001011081,4095.429391,4095.429391,4095.429391,8232.518411,8232.518411,8232.518411,8232.518411,8232.518411
5/20/1984,2803.61649,3463.758211,3133.883416,3194.638868,3282.682027,3133.883416,6848.191422,7486.407415,7950.052357,6990.972345,8180.061636,7950.052357,7356.371993,8526.705366,7950.052357,7621.302334,8511.738216,7950.052357,1482.280973,1473.023859,0.001001968,0.001005531,0.001008742,0.001011081,4052.859331,4052.859331,4052.859331,8223.89693,8223.89693,8223.89693,8223.89693,8223.89693
5/21/1984,3252.247959,3895.971511,3618.023934,3496.187307,3463.758211,3618.023934,7641.084143,8240.22499,8831.845928,7621.31075,7486.407415,8831.845928,7775.710741,8180.061636,8831.845928,7645.79578,8526.705366,8831.845928,1583.208586,1573.23236,0.001001968,0.001005531,0.001008742,0.001011081,4046.919057,4046.919057,4046.919057,8415.408829,8415.408829,8415.408829,8415.408829,8415.408829
5/22/1984,3567.248038,3684.41658,4010.203266,3942.247032,3895.971511,4010.203266,7916.559065,8350.077788,9232.631932,7971.070242,8240.22499,9232.631932,8169.721149,7486.407415,9232.631932,8004.757527,8180.061636,9232.631932,1921.64825,1909.22243,0.001001968,0.001005531,0.001008742,0.001011081,3997.201168,3997.201168,3997.201168,8567.985094,8567.985094,8567.985094,8567.985094,8567.985094
5/23/1984,3030.233003,3302.129753,3421.44229,3561.736887,3684.41658,3421.44229,6936.954733,7925.049495,8087.35946,7185.731644,8350.077788,8087.35946,7643.151492,8240.22499,8087.35946,7800.649112,7486.407415,8087.35946,1739.914408,1728.810908,0.001001968,0.001005531,0.001008742,0.001011081,3759.883602,3759.883602,3759.883602,8484.587851,8484.587851,8484.587851,8484.587851,8484.587851
5/24/1984,2945.35563,3405.703093,3280.118677,3339.164699,3302.129753,3280.118677,6283.274337,7648.617515,7207.921109,6459.439461,7925.049495,7207.921109,6780.951871,8350.077788,7207.921109,6963.611473,8240.22499,7207.921109,1450.242649,1441.212603,0.001001968,0.001005531,0.001008742,0.001011081,3585.124825,3585.124825,3585.124825,8257.568362,8257.568362,8257.568362,8257.568362,8257.568362
5/25/1984,3268.916488,3702.260412,3646.368949,3466.723247,3405.703093,3646.368949,7055.538453,3924.598398,8158.947506,6986.263522,7648.617515,8158.947506,7311.795998,7925.049495,8158.947506,7504.352664,8350.077788,8158.947506,1651.768052,1641.300191,0.001001968,0.001005531,0.001008742,0.001011081,3520.098068,3520.098068,3520.098068,8194.205965,8194.205965,8194.205965,8194.205965,8194.205965
5/26/1984,3132.048579,3191.194107,3562.99152,3648.06662,3702.260412,3562.99152,7002.074621,13739.63374,8218.510113,7207.803956,3924.598398,8218.510113,7564.452652,7648.617515,8218.510113,7583.564254,7925.049495,8218.510113,1906.839609,1894.522106,0.001001968,0.001005531,0.001008742,0.001011081,3539.904282,3539.904282,3539.904282,8201.648341,8201.648341,8201.648341,8201.648341,8201.648341
5/27/1984,2667.352265,4439.95666,2994.378319,3162.905706,3191.194107,2994.378319,6306.799882,38420.47294,7325.638133,6563.78534,13739.63374,7325.638133,6895.491906,3924.598398,7325.638133,7402.969707,7648.617515,7325.638133,1458.30517,1449.218038,0.001001968,0.001005531,0.001008742,0.001011081,3530.717457,3530.717457,3530.717457,8151.528416,8151.528416,8151.528416,8151.528416,8151.528416
5/28/1984,2411.256446,7956.22644,2636.764894,2636.508026,4439.95666,2636.764894,5890.536342,41135.62433,6712.437089,5949.617395,38420.47294,6712.437089,6196.40087,13739.63374,6712.437089,6691.208945,3924.598398,6712.437089,1004.440661,998.5005514,0.001001968,0.001005531,0.001008742,0.001011081,3438.010265,3438.010265,3438.010265,8043.983999,8043.983999,8043.983999,8043.983999,8043.983999
5/29/1984,8220.653396,20922.09529,8569.420356,5993.346976,7956.22644,8569.420356,13159.58396,32470.64065,13779.64965,11019.71464,41135.62433,13779.64965,8841.818559,38420.47294,13779.64965,3557.327988,13739.63374,13779.64965,204.027932,203.0978769,0.001001968,0.001005531,0.001008742,0.001011081,3430.012639,3430.012639,3430.012639,8156.110327,8156.110327,8156.110327,8156.110327,8156.110327
5/30/1984,23658.9988,27789.88239,27061.10234,22600.02195,20922.09529,27061.10234,36829.50266,25966.26265,43326.2273,33909.16731,32470.64065,43326.2273,32879.54465,41135.62433,43326.2273,18027.40778,38420.47294,43326.2273,10975.42902,10888.17949,0.001001968,0.001005531,0.001008742,0.001011081,5587.136497,5587.136497,5587.136497,10352.39684,10352.39684,10352.39684,10352.39684,10352.39684
5/31/1984,23728.04711,16920.3019,28492.82435,28893.62601,27789.88239,28492.82435,48879.54167,19824.58635,60734.05694,50689.96782,25966.26265,60734.05694,52372.61532,32470.64065,60734.05694,47353.42748,41135.62433,60734.05694,16702.5272,16563.78328,0.001001968,0.001005531,0.001008742,0.001011081,8899.020832,8899.020832,8899.020832,15437.81085,15437.81085,15437.81085,15437.81085,15437.81085
6/1/1984,12048.5531,7530.759447,14114.75551,17085.32844,16920.3019,14114.75551,27091.14175,14226.37657,32900.8414,30610.18181,19824.58635,32900.8414,34012.07481,25966.26265,32900.8414,43428.47285,32470.64065,32900.8414,7827.760983,7767.785293,0.001001968,0.001005531,0.001008742,0.001011081,11090.23472,11090.23472,11090.23472,20219.44538,20219.44538,20219.44538,20219.44538,20219.44538
6/2/1984,5548.851879,5504.431411,6040.314079,7590.013978,7530.759447,6040.314079,9025.344129,11339.3907,10112.69561,10783.00776,14226.37657,10112.69561,14639.97014,19824.58635,10112.69561,23041.09541,25966.26265,10112.69561,1978.3952,1965.553415,0.001001968,0.001005531,0.001008742,0.001011081,12144.39202,12144.39202,12144.39202,23376.78461,23376.78461,23376.78461,23376.78461,23376.78461
6/3/1984,4543.157849,5062.00676,4964.798386,5543.926152,5504.431411,4964.798386,9869.179406,9914.705872,11272.47637,10571.31787,11339.3907,11272.47637,12597.42895,14226.37657,11272.47637,16755.15305,19824.58635,11272.47637,1734.248132,1723.185609,0.001001968,0.001005531,0.001008742,0.001011081,12720.10273,12720.10273,12720.10273,25087.46694,25087.46694,25087.46694,25087.46694,25087.46694
6/4/1984,4363.762769,4749.077778,4845.838573,5090.341695,5062.00676,4845.838573,11342.3535,9079.716497,13211.4045,11684.38094,9914.705872,13211.4045,12674.35721,11339.3907,13211.4045,14503.96919,14226.37657,13211.4045,2010.682196,1997.603121,0.001001968,0.001005531,0.001008742,0.001011081,13154.59468,13154.59468,13154.59468,26005.94798,26005.94798,26005.94798,26005.94798,26005.94798
6/5/1984,4105.841511,4272.632454,4592.203109,4769.980979,4749.077778,4592.203109,9646.635408,8377.830083,11243.74299,9948.714558,9079.716497,11243.74299,10619.42947,9914.705872,11243.74299,11590.4642,11339.3907,11243.74299,2048.050736,2034.696473,0.001001968,0.001005531,0.001008742,0.001011081,13347.48587,13347.48587,13347.48587,26296.80172,26296.80172,26296.80172,26296.80172,26296.80172
6/6/1984,3715.188393,3958.589088,4152.105767,4288.410558,4272.632454,4152.105767,8150.142081,7849.074612,9465.010755,8411.28557,8377.830083,9465.010755,9008.65617,9079.716497,9465.010755,9750.816268,9914.705872,9465.010755,1862.534212,1850.540191,0.001001968,0.001005531,0.001008742,0.001011081,11312.04088,11312.04088,11312.04088,24351.80756,24351.80756,24351.80756,24351.80756,24351.80756
6/7/1984,3502.87611,3752.903299,3913.549556,3970.018185,3958.589088,3913.549556,7396.84811,7446.7845,8575.146499,7576.342728,7849.074612,8575.146499,8095.444033,8377.830083,8575.146499,8634.533251,9079.716497,8575.146499,1766.972952,1755.673555,0.001001968,0.001005531,0.001008742,0.001011081,8111.480909,8111.480909,8111.480909,19469.27631,19469.27631,19469.27631,19469.27631,19469.27631
6/8/1984,3267.664182,3451.967509,3655.80853,3761.291198,3752.903299,3655.80853,6942.232357,7026.899852,8054.595828,7163.402386,7446.7845,8054.595828,7572.777387,7849.074612,8054.595828,8022.690347,8377.830083,8054.595828,1683.444209,1672.748376,0.001001968,0.001005531,0.001008742,0.001011081,5973.034091,5973.034091,5973.034091,14737.20414,14737.20414,14737.20414,14737.20414,14737.20414
6/9/1984,3015.828815,3238.967177,3369.391657,3458.068849,3451.967509,3369.391657,6433.964092,6727.818381,7454.90425,6627.537002,7026.899852,7454.90425,7053.829641,7446.7845,7454.90425,7449.932822,7849.074612,7454.90425,1547.266865,1537.547372,0.001001968,0.001005531,0.001008742,0.001011081,4912.720043,4912.720043,4912.720043,11578.17556,11578.17556,11578.17556,11578.17556,11578.17556
6/10/1984,2866.311741,3115.471258,3200.773022,3243.93991,3238.967177,3200.773022,6106.010547,6620.366873,7072.353561,6247.987062,6727.818381,7072.353561,6635.890899,7026.899852,7072.353561,6999.301949,7446.7845,7072.353561,1473.737718,1464.541211,0.001001968,0.001005531,0.001008742,0.001011081,4354.91876,4354.91876,4354.91876,9824.270627,9824.270627,9824.270627,9824.270627,9824.270627
6/11/1984,2734.037347,2937.637342,3058.539146,3119.533447,3115.471258,3058.539146,5864.591857,6732.375129,6802.087215,6020.649871,6620.366873,6802.087215,6350.548836,6727.818381,6802.087215,6641.194089,7026.899852,6802.087215,1437.820002,1428.877839,0.001001968,0.001005531,0.001008742,0.001011081,3986.682965,3986.682965,3986.682965,8815.512454,8815.512454,8815.512454,8815.512454,8815.512454
6/12/1984,2585.438664,2817.481412,2890.344955,2940.635711,2937.637342,2890.344955,5567.096677,6329.931165,6454.729962,5705.862346,6732.375129,6454.729962,6032.98974,6620.366873,6454.729962,6315.659706,6727.818381,6454.729962,1359.929262,1351.536012,0.001001968,0.001005531,0.001008742,0.001011081,3692.255611,3692.255611,3692.255611,8139.215427,8139.215427,8139.215427,8139.215427,8139.215427
6/13/1984,2474.848192,3118.959853,2767.537223,2806.84606,2817.481412,2767.537223,5370.372968,6282.3617,6227.132407,5493.916069,6329.931165,6227.132407,5797.89851,6732.375129,6227.132407,6035.956529,6620.366873,6227.132407,1312.488735,1304.42796,0.001001968,0.001005531,0.001008742,0.001011081,3453.475847,3453.475847,3453.475847,7629.057177,7629.057177,7629.057177,7629.057177,7629.057177
6/14/1984,2780.986976,3241.927979,3146.620543,3124.171212,3118.959853,3146.620543,5775.135976,7196.965971,6752.048863,5865.249904,6282.3617,6752.048863,6153.941172,6329.931165,6752.048863,5954.203765,6732.375129,6752.048863,1614.996178,1604.792314,0.001001968,0.001005531,0.001008742,0.001011081,3302.737396,3302.737396,3302.737396,7247.319116,7247.319116,7247.319116,7247.319116,7247.319116
6/15/1984,2814.554276,2547.416174,3190.146432,3251.274777,3241.927979,3190.146432,6004.386347,8336.691774,7037.761773,6176.155426,7196.965971,7037.761773,6376.810721,6282.3617,7037.761773,6454.055729,6329.931165,7037.761773,1654.761113,1644.271734,0.001001968,0.001005531,0.001008742,0.001011081,3200.559781,3200.559781,3200.559781,6990.887692,6990.887692,6990.887692,6990.887692,6990.887692
6/16/1984,2241.122532,2408.572842,2504.011141,2548.69965,2547.416174,2504.011141,4878.696909,7249.00319,5646.522626,4999.505649,8336.691774,5646.522626,5428.218338,7196.965971,5646.522626,5901.381355,6282.3617,5646.522626,1193.481318,1186.248027,0.001001968,0.001005531,0.001008742,0.001011081,3081.058944,3081.058944,3081.058944,6767.035323,6767.035323,6767.035323,6767.035323,6767.035323
6/17/1984,2125.928329,2469.766513,2377.816211,2407.052386,2408.572842,2377.816211,4714.845564,6085.419388,5459.581297,4815.808262,7249.00319,5459.581297,5103.588539,8336.691774,5459.581297,5450.273559,7196.965971,5459.581297,1151.290358,1144.348052,0.001001968,0.001005531,0.001008742,0.001011081,2956.382416,2956.382416,2956.382416,6571.146994,6571.146994,6571.146994,6571.146994,6571.146994
6/18/1984,2190.877876,2769.92274,2458.947308,2463.491922,2469.766513,2458.947308,6050.775548,5725.462631,7048.719397,6113.731706,6085.419388,7048.719397,6313.069092,7249.00319,7048.719397,6254.083417,8336.691774,7048.719397,1220.281637,1212.862846,0.001001968,0.001005531,0.001008742,0.001011081,2852.87895,2852.87895,2852.87895,6556.455458,6556.455458,6556.455458,6556.455458,6556.455458
6/19/1984,2515.657232,2784.046511,2833.186028,2773.671933,2769.92274,2833.186028,7613.159309,5405.520987,8921.584771,7606.682573,5725.462631,8921.584771,7704.1047,6085.419388,8921.584771,7567.965843,7249.00319,8921.584771,1421.133527,1412.309266,0.001001968,0.001005531,0.001008742,0.001011081,2800.899041,2800.899041,2800.899041,6797.882141,6797.882141,6797.882141,6797.882141,6797.882141
6/20/1984,2443.137368,2257.668604,2756.495374,2788.561491,2784.046511,2756.495374,6359.704283,6008.403726,7438.462932,6461.564802,5405.520987,7438.462932,6647.387601,5725.462631,7438.462932,6822.162887,6085.419388,7438.462932,1409.073062,1400.333913,0.001001968,0.001005531,0.001008742,0.001011081,2782.010134,2782.010134,2782.010134,6920.2295,6920.2295,6920.2295,6920.2295,6920.2295
6/21/1984,1967.587814,2068.881355,2198.550195,2257.876538,2257.668604,2198.550195,4653.705537,9940.944052,5382.328908,4774.173103,6008.403726,5382.328908,5126.703991,5405.520987,5382.328908,5573.242233,5725.462631,5382.328908,1068.214486,1061.841244,0.001001968,0.001005531,0.001008742,0.001011081,2684.640388,2684.640388,2684.640388,6863.591278,6863.591278,6863.591278,6863.591278,6863.591278
6/22/1984,1824.619569,1995.62031,2035.235511,2068.840627,2068.881355,2035.235511,4231.229383,10791.3696,4885.460492,4321.85437,9940.944052,4885.460492,4580.032049,6008.403726,4885.460492,4956.171477,5405.520987,4885.460492,983.0280889,977.2326437,0.001001968,0.001005531,0.001008742,0.001011081,2543.693855,2543.693855,2543.693855,6690.022728,6690.022728,6690.022728,6690.022728,6690.022728
6/23/1984,1767.695648,1957.790932,1973.496662,1995.541325,1995.62031,1973.496662,4199.871627,6910.26749,4856.994087,4275.171732,10791.3696,4856.994087,4478.35278,9940.944052,4856.994087,4688.48189,6008.403726,4856.994087,964.1180452,958.4500272,0.001001968,0.001005531,0.001008742,0.001011081,2439.677942,2439.677942,2439.677942,6501.008818,6501.008818,6501.008818,6501.008818,6501.008818
6/24/1984,1714.593534,2297.386089,1915.192043,1934.236562,1957.790932,1915.192043,4981.026232,5563.105624,5781.794675,5034.725221,6910.26749,5781.794675,5199.215934,10791.3696,5781.794675,5294.877015,9940.944052,5781.794675,943.2215556,937.6939828,0.001001968,0.001005531,0.001008742,0.001011081,2363.920227,2363.920227,2363.920227,6470.650436,6470.650436,6470.650436,6470.650436,6470.650436
6/25/1984,2093.5721,2389.015065,2360.857965,2303.555583,2297.386089,2360.857965,9038.407669,5181.821245,10663.5521,8978.011455,5563.105624,10663.5521,9002.518224,6910.26749,10663.5521,8631.742074,10791.3696,10663.5521,1202.702231,1195.405175,0.001001968,0.001005531,0.001008742,0.001011081,2327.041973,2327.041973,2327.041973,6914.37147,6914.37147,6914.37147,6914.37147,6914.37147
6/26/1984,2422.950332,2629.088273,2694.613079,2403.393707,2389.015065,2694.613079,9806.941531,5166.598439,11560.768,9486.664385,5181.821245,11560.768,9498.370981,5563.105624,11560.768,9849.432224,6910.26749,11560.768,1240.011878,1232.456201,0.001001968,0.001005531,0.001008742,0.001011081,2278.74435,2278.74435,2278.74435,7268.92432,7268.92432,7268.92432,7268.92432,7268.92432
6/27/1984,2173.227227,1974.787091,2459.011468,2617.542673,2629.088273,2459.011468,5796.580689,11277.62437,6796.256674,6013.712887,5166.598439,6796.256674,6059.694411,5181.821245,6796.256674,6097.297296,5563.105624,6796.256674,1315.73926,1307.655751,0.001001968,0.001005531,0.001008742,0.001011081,2236.769686,2236.769686,2236.769686,7205.84157,7205.84157,7205.84157,7205.84157,7205.84157
6/28/1984,1680.951555,2153.134287,1860.221919,1976.754983,1974.787091,1860.221919,4311.352999,13367.88383,4967.355599,4466.150513,11277.62437,4967.355599,4766.405629,5166.598439,4967.355599,5180.674456,5181.821245,4967.355599,848.1703556,843.276507,0.001001968,0.001005531,0.001008742,0.001011081,2196.776607,2196.776607,2196.776607,7151.701943,7151.701943,7151.701943,7151.701943,7151.701943
6/29/1984,1596.828214,5645.755541,1769.548523,1816.578251,2153.134287,1769.548523,3836.813067,13390.44662,4413.979572,3926.461281,13367.88383,4413.979572,4180.397322,11277.62437,4413.979572,4469.802884,5166.598439,4413.979572,822.9845578,818.2571461,0.001001968,0.001005531,0.001008742,0.001011081,2164.980537,2164.980537,2164.980537,7099.975177,7099.975177,7099.975177,7099.975177,7099.975177
6/30/1984,4790.23388,7150.51831,5773.430607,5714.968194,5645.755541,5773.430607,7791.012854,11484.63932,9579.314504,8133.939147,13390.44662,9579.314504,8570.316929,13367.88383,9579.314504,4523.377746,11277.62437,9579.314504,3901.424688,3873.844779,0.001001968,0.001005531,0.001008742,0.001011081,2621.551939,2621.551939,2621.551939,7197.821302,7197.821302,7197.821302,7197.821302,7197.821302
7/1/1984,6000.106706,7177.835747,7230.390007,7138.531923,7150.51831,7230.390007,14425.94957,10876.77608,17636.65326,14704.22785,11484.63932,17636.65326,15165.29512,13390.44662,17636.65326,13789.70579,13367.88383,17636.65326,4852.356874,4817.1536,0.001001968,0.001005531,0.001008742,0.001011081,3282.729192,3282.729192,3282.729192,8188.191878,8188.191878,8188.191878,8188.191878,8188.191878
7/2/1984,6381.457138,5906.579888,7534.380138,7265.449364,7177.835747,7534.380138,13282.9188,11734.54178,16035.45381,13415.76644,10876.77608,16035.45381,13865.77699,11484.63932,16035.45381,13827.61076,13390.44662,16035.45381,4463.502277,4431.437494,0.001001968,0.001005531,0.001008742,0.001011081,3932.639802,3932.639802,3932.639802,8848.876095,8848.876095,8848.876095,8848.876095,8848.876095
7/3/1984,5069.725298,4242.5914,5946.982346,5953.483383,5906.579888,5946.982346,10219.38925,15692.16754,12284.05123,10522.03699,11734.54178,12284.05123,11548.66161,10876.77608,12284.05123,12685.0792,11484.63932,12284.05123,3537.307869,3512.597032,0.001001968,0.001005531,0.001008742,0.001011081,4491.559221,4491.559221,4491.559221,9293.694091,9293.694091,9293.694091,9293.694091,9293.694091
7/4/1984,3455.987369,3046.973634,4055.973606,4256.276821,4242.5914,4055.973606,6730.327133,19683.43181,8053.34471,7141.313578,15692.16754,8053.34471,8312.400614,11734.54178,8053.34471,9900.099408,10876.77608,8053.34471,2541.680749,2524.640453,0.001001968,0.001005531,0.001008742,0.001011081,4839.466732,4839.466732,4839.466732,9884.997348,9884.997348,9884.997348,9884.997348,9884.997348
7/5/1984,2664.156358,3094.434549,3043.596685,3054.037874,3046.973634,3043.596685,6271.429117,14425.38055,7360.012849,6392.879723,19683.43181,7360.012849,6991.479462,15692.16754,7360.012849,8762.313364,11734.54178,7360.012849,1663.90537,1653.350218,0.001001968,0.001005531,0.001008742,0.001011081,5011.202903,5011.202903,5011.202903,10442.54294,10442.54294,10442.54294,10442.54294,10442.54294
7/6/1984,2583.859326,6466.77757,2962.638237,2963.692549,3094.434549,2962.638237,8480.222848,12636.81119,10023.10495,8554.881659,14425.38055,10023.10495,8911.689049,19683.43181,10023.10495,9252.043072,15692.16754,10023.10495,1673.050585,1662.429611,0.001001968,0.001005531,0.001008742,0.001011081,5169.379678,5169.379678,5169.379678,11245.56778,11245.56778,11245.56778,11245.56778,11245.56778
7/7/1984,5817.558927,6939.594964,6822.462685,6498.969381,6466.77757,6822.462685,18061.19287,11451.57354,21615.01012,18019.02766,12636.81119,21615.01012,17746.95328,14425.38055,21615.01012,14176.803,19683.43181,21615.01012,3984.011178,3955.776399,0.001001968,0.001005531,0.001008742,0.001011081,5196.740904,5196.740904,5196.740904,12836.7367,12836.7367,12836.7367,12836.7367,12836.7367
7/8/1984,6502.950253,5089.763408,7432.927458,7010.856267,6939.594964,7432.927458,20535.11584,9412.063646,24508.41711,20268.49536,11451.57354,24508.41711,20026.49468,12636.81119,24508.41711,20405.51251,14425.38055,24508.41711,3695.79533,3669.839423,0.001001968,0.001005531,0.001008742,0.001011081,5136.299514,5136.299514,5136.299514,14102.14535,14102.14535,14102.14535,14102.14535,14102.14535
7/9/1984,4193.429728,3569.804227,4825.333999,5099.590377,5089.763408,4825.333999,10129.11044,9871.052901,11993.64017,10576.48288,9412.063646,11993.64017,11875.66048,11451.57354,11993.64017,12901.79722,12636.81119,11993.64017,2667.695284,2649.70023,0.001001968,0.001005531,0.001008742,0.001011081,5010.303815,5010.303815,5010.303815,14170.22519,14170.22519,14170.22519,14170.22519,14170.22519
7/10/1984,2855.467613,2662.468679,3248.496018,3567.18745,3569.804227,3248.496018,7548.394886,8382.622432,8849.466825,7964.510723,9871.052901,8849.466825,8831.035139,9412.063646,8849.466825,10941.94912,11451.57354,8849.466825,1729.073313,1718.048199,0.001001968,0.001005531,0.001008742,0.001011081,4709.957176,4709.957176,4709.957176,13849.03671,13849.03671,13849.03671,13849.03671,13849.03671
7/11/1984,2287.800501,2427.998674,2550.660511,2647.227562,2662.468679,2550.660511,6857.536046,7846.61901,7935.04559,7007.335043,8382.622432,7935.04559,7551.385486,9871.052901,7935.04559,8713.173005,9412.063646,7935.04559,1184.294923,1177.125099,0.001001968,0.001005531,0.001008742,0.001011081,4442.000835,4442.000835,4442.000835,13682.32319,13682.32319,13682.32319,13682.32319,13682.32319
7/12/1984,2442.084616,3219.712631,2642.098173,2431.314232,2427.998674,2642.098173,7373.809616,7792.665257,8396.198274,7207.095982,7846.61901,8396.198274,7263.53617,8382.622432,8396.198274,7729.259341,9871.052901,8396.198274,885.3131169,880.1726578,0.001001968,0.001005531,0.001008742,0.001011081,4300.533647,4300.533647,4300.533647,13558.13707,13558.13707,13558.13707,13558.13707,13558.13707
7/13/1984,3150.835621,3702.346984,3474.824124,3228.108246,3219.712631,3474.824124,8821.653003,7844.372508,10228.11045,8629.563617,7792.665257,10228.11045,8573.80274,7846.61901,10228.11045,8520.166923,8382.622432,10228.11045,1428.191832,1419.317719,0.001001968,0.001005531,0.001008742,0.001011081,4288.54045,4288.54045,4288.54045,13386.71098,13386.71098,13386.71098,13386.71098,13386.71098
7/14/1984,3074.004401,2710.502936,3513.844445,3701.488604,3702.346984,3513.844445,7529.086858,7459.354249,8880.986544,7829.250822,7844.372508,8880.986544,8196.795394,7792.665257,8880.986544,7693.90773,7846.61901,8880.986544,1937.934665,1925.389607,0.001001968,0.001005531,0.001008742,0.001011081,4043.536342,4043.536342,4043.536342,12162.03902,12162.03902,12162.03902,12162.03902,12162.03902
7/15/1984,2212.263834,2227.342779,2479.428411,2707.907049,2710.502936,2479.428411,6119.651503,9061.531948,7122.200453,6402.861846,7459.354249,7122.200453,6856.430554,7844.372508,7122.200453,7788.458468,7792.665257,7122.200453,1220.78536,1213.363078,0.001001968,0.001005531,0.001008742,0.001011081,3586.578369,3586.578369,3586.578369,10186.85929,10186.85929,10186.85929,10186.85929,10186.85929
7/16/1984,1968.481592,2264.767998,2175.675657,2221.317975,2227.342779,2175.675657,5351.343905,8455.359108,6163.773709,5441.675829,9061.531948,6163.773709,5804.677374,7459.354249,6163.773709,6408.147683,7844.372508,6163.773709,958.5428917,952.9123824,0.001001968,0.001005531,0.001008742,0.001011081,3095.183951,3095.183951,3095.183951,9076.207475,9076.207475,9076.207475,9076.207475,9076.207475
7/17/1984,2017.169268,2511.689157,2239.153361,2251.563616,2264.767998,2239.153361,6102.737122,7983.175113,7080.948684,6148.106289,8455.359108,7080.948684,6318.706801,9061.531948,7080.948684,6624.122094,7459.354249,7080.948684,1023.217952,1017.150661,0.001001968,0.001005531,0.001008742,0.001011081,2830.427353,2830.427353,2830.427353,8440.991738,8440.991738,8440.991738,8440.991738,8440.991738
7/18/1984,2357.841405,3323.05688,2617.529411,2509.693857,2511.689157,2617.529411,6968.816251,7475.661138,8043.564032,6917.945831,7983.175113,8043.564032,6998.533413,8455.359108,8043.564032,6529.864214,9061.531948,8043.564032,1172.245953,1165.159281,0.001001968,0.001005531,0.001008742,0.001011081,2744.573825,2744.573825,2744.573825,8109.760848,8109.760848,8109.760848,8109.760848,8109.760848
7/19/1984,3174.565628,3443.575875,3560.226451,3333.086637,3323.05688,3560.226451,9152.215225,6504.887311,10698.93926,8995.368211,7475.661138,10698.93926,8942.945123,7983.175113,10698.93926,8588.375241,8455.359108,10698.93926,1690.392748,1679.646838,0.001001968,0.001005531,0.001008742,0.001011081,2839.385343,2839.385343,2839.385343,8216.20026,8216.20026,8216.20026,8216.20026,8216.20026
7/20/1984,2921.974388,2394.533699,3327.212062,3448.107503,3443.575875,3327.212062,7665.269692,5946.962119,9022.75982,7879.738023,6504.887311,9022.75982,8154.304183,7475.661138,9022.75982,8111.796734,7983.175113,9022.75982,1794.009616,1782.514129,0.001001968,0.001005531,0.001008742,0.001011081,2903.057035,2903.057035,2903.057035,8089.353885,8089.353885,8089.353885,8089.353885,8089.353885
7/21/1984,1993.861009,1830.39774,2221.414015,2389.941567,2394.533699,2221.414015,5874.526122,5555.088383,6814.189967,6080.885811,5946.962119,6814.189967,6535.645077,6504.887311,6814.189967,7449.379896,7475.661138,6814.189967,1057.643494,1051.342277,0.001001968,0.001005531,0.001008742,0.001011081,2757.381257,2757.381257,2757.381257,8048.928022,8048.928022,8048.928022,8048.928022,8048.928022
7/22/1984,1492.252276,1631.923576,1636.12893,1829.941354,1830.39774,1636.12893,4844.101036,5052.436966,5564.406577,5054.446932,5555.088383,5564.406577,5317.074799,5946.962119,5564.406577,6134.420412,6504.887311,5564.406577,684.0561282,680.2344075,0.001001968,0.001005531,0.001008742,0.001011081,2619.967949,2619.967949,2619.967949,7932.769766,7932.769766,7932.769766,7932.769766,7932.769766
7/23/1984,1614.778,2246.814403,1755.999994,1633.742397,1631.923576,1755.999994,4763.451668,6412.831991,5448.862413,4659.043438,5052.436966,5448.862413,4917.076598,5555.088383,5448.862413,5250.352921,5946.962119,5448.862413,672.1204113,668.3754427,0.001001968,0.001005531,0.001008742,0.001011081,2529.816222,2529.816222,2529.816222,7719.765877,7719.765877,7719.765877,7719.765877,7719.765877
7/24/1984,2026.387248,2019.739849,2292.509288,2246.067289,2246.814403,2292.509288,5224.738451,7725.361295,6109.569308,5240.132163,6412.831991,6109.569308,5382.809434,5052.436966,6109.569308,5115.818272,5555.088383,6109.569308,1233.138867,1225.630905,0.001001968,0.001005531,0.001008742,0.001011081,2515.981627,2515.981627,2515.981627,7460.20701,7460.20701,7460.20701,7460.20701,7460.20701
7/25/1984,1701.021614,1664.730502,1910.759854,2018.912924,2019.739849,1910.759854,4787.125283,6247.25595,5574.408203,4935.999971,7725.361295,5574.408203,5059.816917,6412.831991,5574.408203,5371.055048,5052.436966,5574.408203,990.4365809,984.5911281,0.001001968,0.001005531,0.001008742,0.001011081,2456.051516,2456.051516,2456.051516,7146.251836,7146.251836,7146.251836,7146.251836,7146.251836
7/26/1984,1460.537356,1696.820724,1617.479528,1656.879892,1664.730502,1617.479528,3827.530651,6741.328042,4403.701685,3901.571169,6247.25595,4403.701685,4134.840299,7725.361295,4403.701685,4437.918506,6412.831991,4403.701685,756.2173383,751.9279145,0.001001968,0.001005531,0.001008742,0.001011081,2277.299764,2277.299764,2277.299764,6516.318393,6516.318393,6516.318393,6516.318393,6516.318393
7/27/1984,1692.700959,2191.605378,1828.683179,1690.022277,1696.820724,1828.683179,5706.092891,6902.1153,6537.859412,5575.381233,6741.328042,6537.859412,5494.089072,6247.25595,6537.859412,5527.813072,7725.361295,6537.859412,639.6584649,636.1213181,0.001001968,0.001005531,0.001008742,0.001011081,2011.820207,2011.820207,2011.820207,6207.605135,6207.605135,6207.605135,6207.605135,6207.605135
7/28/1984,2681.705521,3656.2159,2828.23345,2197.278689,2191.605378,2828.23345,7946.028911,6605.241839,9041.362907,7300.72665,6902.1153,9041.362907,6827.286986,6741.328042,9041.362907,6864.945809,6247.25595,9041.362907,646.2660123,642.6866754,0.001001968,0.001005531,0.001008742,0.001011081,1872.983759,1872.983759,1872.983759,6203.879229,6203.879229,6203.879229,6203.879229,6203.879229
7/29/1984,3635.634491,4094.229379,4021.423252,3661.033693,3656.2159,4021.423252,7362.869236,6056.502655,8515.645841,7104.803713,6605.241839,8515.645841,7000.262041,6902.1153,8515.645841,5663.088933,6741.328042,8515.645841,1711.883205,1700.982264,0.001001968,0.001005531,0.001008742,0.001011081,2049.577357,2049.577357,2049.577357,6175.175627,6175.175627,6175.175627,6175.175627,6175.175627
7/30/1984,3140.114857,2199.951742,3600.512873,4093.845837,4094.229379,3600.512873,7110.824448,5749.590862,8434.187453,7722.499754,6056.502655,8434.187453,7981.371059,6605.241839,8434.187453,7410.831789,6902.1153,8434.187453,2043.714076,2030.391779,0.001001968,0.001005531,0.001008742,0.001011081,2356.79777,2356.79777,2356.79777,6399.934145,6399.934145,6399.934145,6399.934145,6399.934145
7/31/1984,1733.001197,1752.647961,1879.010747,2199.367136,2199.951742,1879.010747,4747.89271,5597.445264,5426.703836,5085.448381,5749.590862,5426.703836,5713.856566,6056.502655,5426.703836,7067.387069,6605.241839,5426.703836,705.208353,701.2501801,0.001001968,0.001005531,0.001008742,0.001011081,2435.771289,2435.771289,2435.771289,6659.07478,6659.07478,6659.07478,6659.07478,6659.07478
8/1/1984,1521.133156,1944.673628,1643.021914,1745.247837,1752.647961,1643.021914,3702.198424,5765.664923,4191.10826,3828.859756,5597.445264,4191.10826,4249.886575,5749.590862,4191.10826,4985.997121,6056.502655,4191.10826,596.6970561,593.4327775,0.001001968,0.001005531,0.001008742,0.001011081,2448.129176,2448.129176,2448.129176,6765.036915,6765.036915,6765.036915,6765.036915,6765.036915
8/2/1984,1750.281565,2225.420858,1930.383473,1946.364862,1944.673628,1930.383473,4523.922696,5856.994147,5211.112825,4574.888567,5765.664923,5211.112825,4761.785601,5597.445264,5211.112825,4902.701251,5749.590862,5211.112825,859.1857597,854.2189158,0.001001968,0.001005531,0.001008742,0.001011081,2481.182657,2481.182657,2481.182657,6777.21056,6777.21056,6777.21056,6777.21056,6777.21056
8/3/1984,1984.757393,1906.403711,2217.311574,2228.018535,2225.420858,2217.311574,5073.544647,5315.526602,5897.803165,5134.080762,5856.994147,5897.803165,5240.57218,5765.664923,5897.803165,5152.269462,5597.445264,5897.803165,1086.651639,1080.152565,0.001001968,0.001005531,0.001008742,0.001011081,2568.613893,2568.613893,2568.613893,6616.224844,6616.224844,6616.224844,6616.224844,6616.224844
8/4/1984,1799.300601,1994.64503,1979.310189,1904.004597,1906.403711,1979.310189,4806.624956,4896.413969,5542.024907,4760.330602,5315.526602,5542.024907,4968.640638,5856.994147,5542.024907,5244.387201,5765.664923,5542.024907,862.7750373,857.7843825,0.001001968,0.001005531,0.001008742,0.001011081,2607.229283,2607.229283,2607.229283,6270.515956,6270.515956,6270.515956,6270.515956,6270.515956
8/5/1984,1660.188976,1685.737876,1856.45235,1994.179358,1994.64503,1856.45235,4718.00301,4665.867281,5482.847416,4892.216882,4896.413969,5482.847416,5014.960315,5315.526602,5482.847416,5054.27844,5856.994147,5482.847416,940.1140006,934.6072802,0.001001968,0.001005531,0.001008742,0.001011081,2425.542364,2425.542364,2425.542364,6111.272909,6111.272909,6111.272909,6111.272909,6111.272909
8/6/1984,1438.706222,1511.91872,1596.431107,1686.949434,1685.737876,1596.431107,4711.949483,4320.255702,5465.535875,4817.038351,4665.867281,5465.535875,5036.739947,4896.413969,5465.535875,5327.163253,5315.526602,5465.535875,767.6559788,763.2918632,0.001001968,0.001005531,0.001008742,0.001011081,2118.709541,2118.709541,2118.709541,5868.621424,5868.621424,5868.621424,5868.621424,5868.621424
8/7/1984,1340.879651,1418.118932,1482.30796,1512.033919,1511.91872,1482.30796,4097.495901,4394.100723,4729.5113,4144.889968,4320.255702,4729.5113,4325.646981,4665.867281,4729.5113,4624.509885,4896.413969,4729.5113,694.9797367,691.0876167,0.001001968,0.001005531,0.001008742,0.001011081,1956.533488,1956.533488,1956.533488,5563.21319,5563.21319,5563.21319,5563.21319,5563.21319
8/8/1984,1263.60606,1424.871874,1397.717353,1418.140556,1418.118932,1397.717353,3906.994371,4311.995867,4500.112704,3946.155362,4394.100723,4500.112704,4088.338713,4320.255702,4500.112704,4239.074151,4665.867281,4500.112704,664.4126835,660.7171833,0.001001968,0.001005531,0.001008742,0.001011081,1869.617737,1869.617737,1869.617737,5361.193494,5361.193494,5361.193494,5361.193494,5361.193494
8/9/1984,1266.605413,1335.028948,1406.563771,1425.051636,1424.871874,1406.563771,3844.429367,3633.155721,4441.795453,3882.927154,4311.995867,4441.795453,3986.839834,4394.100723,4441.795453,4139.289541,4320.255702,4441.795453,691.854805,687.9828394,0.001001968,0.001005531,0.001008742,0.001011081,1788.145043,1788.145043,1788.145043,5269.020144,5269.020144,5269.020144,5269.020144,5269.020144
8/10/1984,1208.791995,1594.791062,1338.120186,1327.172576,1335.028948,1338.120186,3558.569401,4117.876749,4100.725205,3567.336595,3633.155721,4100.725205,3697.395133,4311.995867,4100.725205,3836.568358,4394.100723,4100.725205,645.7910769,642.2147744,0.001001968,0.001005531,0.001008742,0.001011081,1674.77228,1674.77228,1674.77228,5103.510085,5103.510085,5103.510085,5103.510085,5103.510085
8/11/1984,1373.674494,1154.703628,1561.503567,1597.804269,1594.791062,1561.503567,3830.424867,3144.264644,4480.591683,3906.370154,4117.876749,4480.591683,4042.017512,3633.155721,4480.591683,3893.695786,4311.995867,4480.591683,910.450986,905.1428665,0.001001968,0.001005531,0.001008742,0.001011081,1617.559615,1617.559615,1617.559615,4923.480804,4923.480804,4923.480804,4923.480804,4923.480804
8/12/1984,1103.160163,1331.818383,1202.676927,1143.586388,1154.703628,1202.676927,3595.446609,2815.357877,4122.414737,3540.573778,3144.264644,4122.414737,3631.566373,4117.876749,4122.414737,4102.924396,3633.155721,4122.414737,507.1225051,504.4184333,0.001001968,0.001005531,0.001008742,0.001011081,1505.684412,1505.684412,1505.684412,4715.867012,4715.867012,4715.867012,4715.867012,4715.867012
8/13/1984,1277.944636,1551.500431,1401.326653,1335.362889,1331.818383,1401.326653,3009.746911,3773.636248,3430.521301,2973.650084,2815.357877,3430.521301,2989.889324,3144.264644,3430.521301,2958.135513,4117.876749,3430.521301,616.6097844,613.2193473,0.001001968,0.001005531,0.001008742,0.001011081,1426.837414,1426.837414,1426.837414,4403.788196,4403.788196,4403.788196,4403.788196,4403.788196
8/14/1984,1407.135129,742.4280504,1564.608269,1561.032677,1551.500431,1564.608269,3868.343351,3932.490071,4476.98628,3892.017365,3773.636248,4476.98628,3922.434447,2815.357877,4476.98628,3768.645639,3144.264644,4476.98628,773.8951477,769.4902303,0.001001968,0.001005531,0.001008742,0.001011081,1408.059908,1408.059908,1408.059908,4254.662135,4254.662135,4254.662135,4254.662135,4254.662135
8/15/1984,730.6016911,1004.416827,736.5407282,742.7604092,742.4280504,736.5407282,2366.843998,3962.398583,2599.534883,2356.598012,3932.490071,2599.534883,2362.386143,3773.636248,2599.534883,3117.291788,2815.357877,2599.534883,0.001000564,0.001006515,0.001001968,0.001005531,0.001008742,0.001011081,1312.354455,1312.354455,1312.354455,4057.001717,4057.001717,4057.001717,4057.001717,4057.001717
8/16/1984,1489.33075,2779.916339,1539.608731,1001.297087,1004.416827,1539.608731,2651.958152,3956.551338,2862.418016,2124.919067,3962.398583,2862.418016,2162.452322,3932.490071,2862.418016,1945.751954,3773.636248,2862.418016,266.5213445,265.2459583,0.001001968,0.001005531,0.001008742,0.001011081,1250.661713,1250.661713,1250.661713,3821.891947,3821.891947,3821.891947,3821.891947,3821.891947
8/17/1984,2291.281107,1633.664504,2616.274973,2780.589614,2779.916339,2616.274973,4861.380211,4012.322312,5723.497888,5117.721209,3956.551338,5723.497888,4858.336431,3962.398583,5723.497888,3574.475324,3932.490071,5723.497888,1508.549469,1499.105739,0.001001968,0.001005531,0.001008742,0.001011081,1370.385075,1370.385075,1370.385075,3767.419411,3767.419411,3767.419411,3767.419411,3767.419411
8/18/1984,1273.796942,1260.43314,1376.75744,1635.607384,1633.664504,1376.75744,3792.128671,3856.034894,4327.363313,4055.614357,4012.322312,4327.363313,4263.247656,3956.551338,4327.363313,4856.418839,3962.398583,4327.363313,527.7814651,524.9493072,0.001001968,0.001005531,0.001008742,0.001011081,1397.795409,1397.795409,1397.795409,3793.302453,3793.302453,3793.302453,3793.302453,3793.302453
8/19/1984,1095.580554,1152.609935,1177.728699,1248.194823,1260.43314,1177.728699,2489.631707,3486.608758,2790.37879,2579.317458,3856.034894,2790.37879,2922.936846,4012.322312,2790.37879,3231.61978,3956.551338,2790.37879,430.8185555,428.5811063,0.001001968,0.001005531,0.001008742,0.001011081,1445.513336,1445.513336,1445.513336,3789.66644,3789.66644,3789.66644,3789.66644,3789.66644
8/20/1984,1232.329144,1682.488523,1299.321197,1155.925648,1152.609935,1299.321197,3146.885259,4100.262426,3509.552665,3008.911432,3486.608758,3509.552665,3062.016928,3856.034894,3509.552665,3397.230449,4012.322312,3509.552665,349.8558634,348.1008157,0.001001968,0.001005531,0.001008742,0.001011081,1434.24023,1434.24023,1434.24023,3784.968188,3784.968188,3784.968188,3784.968188,3784.968188
8/21/1984,1576.16797,1700.138558,1716.002132,1690.218807,1682.488523,1716.002132,3695.962512,4332.240061,4209.346202,3698.517155,4100.262426,4209.346202,3599.516841,3486.608758,4209.346202,3371.963855,3856.034894,4209.346202,693.6857315,689.8019587,0.001001968,0.001005531,0.001008742,0.001011081,1436.880403,1436.880403,1436.880403,3729.056119,3729.056119,3729.056119,3729.056119,3729.056119
8/22/1984,1388.118501,1020.308878,1537.323916,1652.505404,1700.138558,1537.323916,3587.738689,4311.966207,4136.639543,3730.657914,4332.240061,4136.639543,3915.619332,4100.262426,4136.639543,3764.00061,3486.608758,4136.639543,746.8416372,742.6133249,0.001001968,0.001005531,0.001008742,0.001011081,1567.7139,1567.7139,1567.7139,3821.670858,3821.670858,3821.670858,3821.670858,3821.670858
8/23/1984,869.5979131,1020.6175,896.1996689,1022.081452,1020.308878,896.1996689,2671.140898,3720.671652,2954.756394,2791.296506,4311.966207,2954.756394,2842.522865,4332.240061,2954.756394,3442.596322,4100.262426,2954.756394,127.2924472,126.7630816,0.001001968,0.001005531,0.001008742,0.001011081,1578.081456,1578.081456,1578.081456,3936.536432,3936.536432,3936.536432,3936.536432,3936.536432
8/24/1984,1227.894278,2086.990297,1271.421096,1055.031639,1020.6175,1271.421096,3335.406051,3519.661336,3698.352695,3111.991546,3720.671652,3698.352695,3161.328495,4311.966207,3698.352695,3228.458867,4332.240061,3698.352695,213.6007444,212.618741,0.001001968,0.001005531,0.001008742,0.001011081,1419.747758,1419.747758,1419.747758,3973.583263,3973.583263,3973.583263,3973.583263,3973.583263
8/25/1984,1928.484818,1725.240743,2182.620902,2094.285489,2086.990297,2182.620902,4557.077153,3397.863056,5338.497359,4528.513126,3519.661336,5338.497359,4649.087275,3720.671652,5338.497359,3834.592618,4311.966207,5338.497359,1209.376473,1202.033224,0.001001968,0.001005531,0.001008742,0.001011081,1451.090149,1451.090149,1451.090149,3926.630207,3926.630207,3926.630207,3926.630207,3926.630207
8/26/1984,1349.994309,1040.965414,1507.558585,1725.223832,1725.240743,1507.558585,3995.540814,3009.212211,4644.255884,4233.680388,3397.863056,4644.255884,4269.617185,3519.661336,4644.255884,4721.856867,3720.671652,4644.255884,787.2688742,782.7763537,0.001001968,0.001005531,0.001008742,0.001011081,1469.243802,1469.243802,1469.243802,3925.160182,3925.160182,3925.160182,3925.160182,3925.160182
8/27/1984,904.623169,1032.992743,965.2261132,1040.770042,1040.965414,965.2261132,2333.823181,3003.483261,2617.061405,2416.929623,3009.212211,2617.061405,2674.017859,3397.863056,2617.061405,3122.283858,3519.661336,2617.061405,329.3176105,327.6825271,0.001001968,0.001005531,0.001008742,0.001011081,1480.124623,1480.124623,1480.124623,3959.705137,3959.705137,3959.705137,3959.705137,3959.705137
8/28/1984,924.7450315,1011.731196,999.8866156,1032.853257,1032.992743,999.8866156,2491.587867,3855.121464,2822.952411,2534.355522,3003.483261,2822.952411,2658.748001,3009.212211,2822.952411,2859.133336,3397.863056,2822.952411,402.1930107,400.1277436,0.001001968,0.001005531,0.001008742,0.001011081,1424.961126,1424.961126,1424.961126,3900.779428,3900.779428,3900.779428,3900.779428,3900.779428
8/29/1984,905.4188438,900.2536218,983.3081997,1008.604722,1011.731196,983.3081997,2712.331497,3329.376176,3092.778612,2743.186727,3855.121464,3092.778612,2821.300033,3003.483261,3092.778612,2939.710899,3009.212211,3092.778612,416.2437042,414.094132,0.001001968,0.001005531,0.001008742,0.001011081,1327.772407,1327.772407,1327.772407,3775.927741,3775.927741,3775.927741,3775.927741,3775.927741
8/30/1984,765.7305096,697.065872,826.8446719,897.9201096,900.2536218,826.8446719,2389.586552,2713.233191,2712.06206,2463.308586,3329.376176,2712.06206,2521.361459,3855.121464,2712.06206,2677.694714,3003.483261,2712.06206,333.2395897,331.5816803,0.001001968,0.001005531,0.001008742,0.001011081,1305.187862,1305.187862,1305.187862,3666.230053,3666.230053,3666.230053,3666.230053,3666.230053
8/31/1984,676.8381584,914.7776399,712.6530113,700.3969184,697.065872,712.6530113,2531.969371,2338.918154,2842.38411,2514.861567,2713.233191,2842.38411,2590.860544,3329.376176,2842.38411,2642.445436,3855.121464,2842.38411,201.1135662,200.1992511,0.001001968,0.001005531,0.001008742,0.001011081,1256.513278,1256.513278,1256.513278,3517.027234,3517.027234,3517.027234,3517.027234,3517.027234
9/1/1984,899.8134206,1150.899738,974.9604617,916.4429652,914.7776399,974.9604617,3398.175558,3375.505591,3900.645533,3330.125489,2338.918154,3900.645533,3332.833615,2713.233191,3900.645533,3395.360049,3329.376176,3900.645533,402.6382482,400.570316,0.001001968,0.001005531,0.001008742,0.001011081,1097.540781,1097.540781,1097.540781,3462.535577,3462.535577,3462.535577,3462.535577,3462.535577
9/2/1984,1017.536425,759.9995441,1133.38777,1148.667482,1150.899738,1133.38777,3054.917014,3589.315828,3534.772506,3085.362646,3375.505591,3534.772506,3120.338712,2338.918154,3534.772506,2976.270553,2713.233191,3534.772506,599.3751603,596.0939469,0.001001968,0.001005531,0.001008742,0.001011081,1019.036934,1019.036934,1019.036934,3315.312782,3315.312782,3315.312782,3315.312782,3315.312782
9/3/1984,557.0743698,499.5086754,590.9038077,745.6681135,759.9995441,590.9038077,2108.981843,3287.719247,2379.486653,2256.603311,3589.315828,2379.486653,2254.19837,3375.505591,2379.486653,2665.58125,2338.918154,2379.486653,191.3768771,190.5148844,0.001001968,0.001005531,0.001008742,0.001011081,944.3643556,944.3643556,944.3643556,3164.20634,3164.20634,3164.20634,3164.20634,3164.20634
9/4/1984,596.4045182,1193.647341,602.5616865,505.2619491,499.5086754,602.5616865,1750.430881,3001.985336,1896.276095,1646.838981,3287.719247,1896.276095,1695.438286,3589.315828,1896.276095,1841.573553,3375.505591,1896.276095,0.001000564,0.001006515,0.001001968,0.001005531,0.001008742,0.001011081,866.6673445,866.6673445,866.6673445,3034.534936,3034.534936,3034.534936,3034.534936,3034.534936
9/5/1984,1363.294679,1732.615114,1480.775415,1203.27923,1193.647341,1480.775415,3601.740909,2935.534649,4119.707967,3337.788836,3001.985336,4119.707967,3297.14648,3287.719247,4119.707967,2859.321251,3589.315828,4119.707967,594.5065174,591.2560828,0.001001968,0.001005531,0.001008742,0.001011081,873.731758,873.731758,873.731758,3072.556799,3072.556799,3072.556799,3072.556799,3072.556799
9/6/1984,1477.99358,1132.011035,1677.887709,1733.154157,1732.615114,1677.887709,3949.198298,2742.110636,4635.667765,4042.685432,2935.534649,4635.667765,4033.651372,3001.985336,4635.667765,3625.463427,3287.719247,4635.667765,980.5376201,974.758975,0.001001968,0.001005531,0.001008742,0.001011081,966.8171863,966.8171863,966.8171863,3173.843233,3173.843233,3173.843233,3173.843233,3173.843233
9/7/1984,910.6155867,811.1496598,995.878158,1132.078008,1132.011035,995.878158,2757.901012,2549.345131,3160.379263,2900.371062,2742.110636,3160.379263,3020.20457,2935.534649,3160.379263,3449.280521,3001.985336,3160.379263,456.2990294,453.9069477,0.001001968,0.001005531,0.001008742,0.001011081,1029.481048,1029.481048,1029.481048,3245.537053,3245.537053,3245.537053,3245.537053,3245.537053
9/8/1984,719.873148,816.652878,769.0521555,811.2478657,811.1496598,769.0521555,1935.691159,2295.852238,2170.666202,1982.75304,2549.345131,2170.666202,2148.818437,2742.110636,2170.666202,2435.894963,2935.534649,2170.666202,277.3320547,275.9955694,0.001001968,0.001005531,0.001008742,0.001011081,1037.089471,1037.089471,1037.089471,3143.756246,3143.756246,3143.756246,3143.756246,3143.756246
9/9/1984,736.2798794,794.3350573,795.5027637,816.7807744,816.652878,795.5027637,2213.637181,2218.777423,2512.543884,2237.999993,2295.852238,2512.543884,2312.959583,2549.345131,2512.543884,2439.268814,2742.110636,2512.543884,328.9642991,327.33127,0.001001968,0.001005531,0.001008742,0.001011081,1001.508428,1001.508428,1001.508428,3073.544675,3073.544675,3073.544675,3073.544675,3073.544675
9/10/1984,717.3971606,772.8427955,777.0818597,794.2993707,794.3350573,777.0818597,2248.336127,2147.334145,2558.364184,2267.504021,2218.777423,2558.364184,2320.424283,2295.852238,2558.364184,2404.462964,2549.345131,2558.364184,331.7392626,330.0900897,0.001001968,0.001005531,0.001008742,0.001011081,1012.600442,1012.600442,1012.600442,3045.470334,3045.470334,3045.470334,3045.470334,3045.470334
9/11/1984,696.5561808,689.0490715,755.5165171,770.2506804,772.8427955,755.5165171,2142.997225,1989.616718,2436.899132,2161.051794,2147.334145,2436.899132,2211.05349,2218.777423,2436.899132,2273.86156,2295.852238,2436.899132,328.4528473,326.8227915,0.001001968,0.001005531,0.001008742,0.001011081,1044.252324,1044.252324,1044.252324,3053.402487,3053.402487,3053.402487,3053.402487,3053.402487
9/12/1984,586.0786572,723.692591,624.8127197,690.2265441,689.0490715,624.8127197,1863.570399,2281.172074,2096.516962,1928.356892,1989.616718,2096.516962,1914.250542,2147.334145,2096.516962,2070.356305,2218.777423,2096.516962,220.060091,219.0428274,0.001001968,0.001005531,0.001008742,0.001011081,982.6050024,982.6050024,982.6050024,2898.260127,2898.260127,2898.260127,2898.260127,2898.260127
9/13/1984,763.6677533,668.3586193,815.2358864,725.639395,723.692591,815.2358864,1989.235374,2469.277756,2232.468706,1905.189139,2281.172074,2232.468706,1958.625285,1989.616718,2232.468706,1902.227723,2147.334145,2232.468706,284.6350172,283.2570533,0.001001968,0.001005531,0.001008742,0.001011081,864.6290563,864.6290563,864.6290563,2701.624067,2701.624067,2701.624067,2701.624067,2701.624067
9/14/1984,482.0599947,296.89675,519.9000401,667.9075454,668.3586193,519.9000401,1759.271456,2391.716009,1993.047401,1905.435549,2469.277756,1993.047401,1907.976462,2281.172074,1993.047401,2032.618118,1989.616718,1993.047401,219.9910216,218.9741359,0.001001968,0.001005531,0.001008742,0.001011081,786.4842313,786.4842313,786.4842313,2504.41954,2504.41954,2504.41954,2504.41954,2504.41954
9/15/1984,407.3640013,940.7469623,409.8209197,296.4207284,296.89675,409.8209197,1499.452509,2408.499101,1645.077955,1373.405218,2391.716009,1645.077955,1506.055325,2469.277756,1645.077955,1736.167555,2281.172074,1645.077955,0.001000564,0.001006515,0.001001968,0.001005531,0.001008742,0.001011081,714.4211677,714.4211677,714.4211677,2348.213375,2348.213375,2348.213375,2348.213375,2348.213375
9/16/1984,910.3532382,967.9086267,1008.262314,941.7301593,940.7469623,1008.262314,2290.273464,2309.337263,2633.011415,2243.315936,2408.499101,2633.011415,2186.669994,2391.716009,2633.011415,1850.384551,2469.277756,2633.011415,517.375745,514.6081908,0.001001968,0.001005531,0.001008742,0.001011081,707.665812,707.665812,707.665812,2266.740923,2266.740923,2266.740923,2266.740923,2266.740923
9/17/1984,888.0822507,918.855905,978.9017976,968.6539865,967.9086267,978.9017976,2601.007185,2210.727365,2992.86738,2600.454695,2309.337263,2992.86738,2593.674705,2408.499101,2992.86738,2549.088581,2391.716009,2992.86738,485.5451986,482.9741404,0.001001968,0.001005531,0.001008742,0.001011081,720.3792452,720.3792452,720.3792452,2251.252596,2251.252596,2251.252596,2251.252596,2251.252596
9/18/1984,807.2045188,742.7069638,889.9089525,919.0877603,918.855905,889.9089525,2140.256301,2122.817345,2452.908023,2183.447269,2210.727365,2452.908023,2249.479063,2309.337263,2452.908023,2263.893131,2408.499101,2452.908023,448.1976318,445.8548496,0.001001968,0.001005531,0.001008742,0.001011081,740.2680388,740.2680388,740.2680388,2264.556678,2264.556678,2264.556678,2264.556678,2264.556678
9/19/1984,639.1714662,626.7992151,693.1938369,742.9204955,742.7069638,693.1938369,1921.756704,2035.095339,2183.36073,1975.195088,2122.817345,2183.36073,2036.312405,2210.727365,2183.36073,2222.790724,2309.337263,2183.36073,306.5831139,305.0795465,0.001001968,0.001005531,0.001008742,0.001011081,756.3135686,756.3135686,756.3135686,2292.654473,2292.654473,2292.654473,2292.654473,2292.654473
9/20/1984,567.8854037,620.8978383,609.6668944,626.970713,626.7992151,609.6668944,1756.484899,1973.728996,1982.322614,1774.369813,2035.095339,1982.322614,1844.552696,2122.817345,1982.322614,1968.236072,2210.727365,1982.322614,243.7429411,242.5950495,0.001001968,0.001005531,0.001008742,0.001011081,745.7207832,745.7207832,745.7207832,2298.586885,2298.586885,2298.586885,2298.586885,2298.586885
9/21/1984,566.2598994,604.4098855,610.7080774,621.1159195,620.8978383,610.7080774,1800.893916,1968.70762,2039.903911,1811.915984,1973.728996,2039.903911,1850.756884,2035.095339,2039.903911,1918.688898,2122.817345,2039.903911,257.9719355,256.7446044,0.001001968,0.001005531,0.001008742,0.001011081,743.1382559,743.1382559,743.1382559,2296.618099,2296.618099,2296.618099,2296.618099,2296.618099
9/22/1984,551.5581232,585.8956039,595.3775322,604.6556065,604.4098855,595.3775322,1791.142914,1928.372313,2030.960788,1800.496099,1968.70762,2030.960788,1831.770464,1973.728996,2030.960788,1886.734303,2035.095339,2030.960788,255.053793,253.8428094,0.001001968,0.001005531,0.001008742,0.001011081,767.444359,767.444359,767.444359,2307.347851,2307.347851,2307.347851,2307.347851,2307.347851
9/23/1984,534.8145393,556.6824263,577.3607404,586.0862589,585.8956039,577.3607404,1733.840753,1890.60696,1964.576152,1742.826998,1928.372313,1964.576152,1772.642121,1968.70762,1964.576152,1819.898331,1973.728996,1964.576152,248.7258938,247.5502612,0.001001968,0.001005531,0.001008742,0.001011081,736.3735042,736.3735042,736.3735042,2286.828811,2286.828811,2286.828811,2286.828811,2286.828811
9/24/1984,504.0004764,534.4183173,543.1431102,556.8949885,556.6824263,543.1431102,1685.506038,2000.636821,1906.74159,1698.857733,1890.60696,1906.74159,1725.760155,1928.372313,1906.74159,1770.050393,1968.70762,1906.74159,231.1295528,230.0514901,0.001001968,0.001005531,0.001008742,0.001011081,687.7941322,687.7941322,687.7941322,2217.059283,2217.059283,2217.059283,2217.059283,2217.059283
9/25/1984,496.41413,549.1788376,534.4315264,534.6429736,534.4183173,534.4315264,1685.253064,2040.498596,1906.972609,1684.081066,2000.636821,1906.972609,1714.122974,1890.60696,1906.972609,1763.990955,1928.372313,1906.972609,225.4777141,224.430752,0.001001968,0.001005531,0.001008742,0.001011081,633.6289844,633.6289844,633.6289844,2128.750759,2128.750759,2128.750759,2128.750759,2128.750759
9/26/1984,499.4812289,514.7548201,540.7876181,549.3784716,549.1788376,540.7876181,1668.01752,1910.886273,1891.272324,1676.898259,2040.498596,1891.272324,1697.133548,2000.636821,1891.272324,1721.920522,1890.60696,1891.272324,243.1242251,241.979772,0.001001968,0.001005531,0.001008742,0.001011081,601.5442076,601.5442076,601.5442076,2049.795887,2049.795887,2049.795887,2049.795887,2049.795887
9/27/1984,468.1064167,504.2408905,504.8344769,514.9321581,514.7548201,504.8344769,1624.379378,1911.684015,1839.168695,1633.037287,1910.886273,1839.168695,1656.436956,2040.498596,1839.168695,1710.570932,2000.636821,1839.168695,219.1414337,218.1291948,0.001001968,0.001005531,0.001008742,0.001011081,579.4728173,579.4728173,579.4728173,1993.472932,1993.472932,1993.472932,1993.472932,1993.472932
9/28/1984,466.2194695,508.0536095,502.7718352,504.3569943,504.2408905,502.7718352,1722.506226,2356.229192,1955.343282,1720.853552,1911.684015,1955.343282,1741.486924,1910.886273,1955.343282,1772.8628,2040.498596,1955.343282,218.2493458,217.2419831,0.001001968,0.001005531,0.001008742,0.001011081,561.3046131,561.3046131,561.3046131,1974.673425,1974.673425,1974.673425,1974.673425,1974.673425
9/29/1984,465.1236959,498.315986,502.401553,508.3057349,508.0536095,502.401553,1779.69904,3002.393429,2024.510174,1781.40159,2356.229192,2024.510174,1791.160987,1911.684015,2024.510174,1827.779695,1910.886273,2024.510174,222.0138394,220.9858786,0.001001968,0.001005531,0.001008742,0.001011081,545.6062332,545.6062332,545.6062332,1972.543206,1972.543206,1972.543206,1972.543206,1972.543206
9/30/1984,460.1122806,477.149116,497.0378561,497.1228344,498.315986,497.0378561,1666.242755,2170.662931,1889.913867,1663.969845,3002.393429,1889.913867,1685.463147,2356.229192,1889.913867,1715.781999,1911.684015,1889.913867,220.5466178,219.5266917,0.001001968,0.001005531,0.001008742,0.001011081,532.5372421,532.5372421,532.5372421,1959.497898,1959.497898,1959.497898,1959.497898,1959.497898
10/1/1984,427.8581933,522.9868323,458.9158344,474.9862167,477.149116,458.9158344,1672.535366,1961.613808,1891.908455,1684.636705,2170.662931,1891.908455,1683.079244,3002.393429,1891.908455,1717.29433,2356.229192,1891.908455,187.9369781,187.0933706,0.001001968,0.001005531,0.001008742,0.001011081,517.9020866,517.9020866,517.9020866,1954.279355,1954.279355,1954.279355,1954.279355,1954.279355
10/2/1984,513.324567,627.7933177,548.775679,525.1838167,522.9868323,548.775679,2262.326572,1921.45069,2567.560755,2232.368299,1961.613808,2567.560755,2213.479405,2170.662931,2567.560755,2095.685119,3002.393429,2567.560755,207.6054332,206.6560081,0.001001968,0.001005531,0.001008742,0.001011081,510.2093839,510.2093839,510.2093839,2023.143032,2023.143032,2023.143032,2023.143032,2023.143032
10/3/1984,588.0044005,476.9648327,639.3977019,629.1254862,627.7933177,639.3977019,2773.124811,1792.551566,3188.782702,2747.829857,1921.45069,3188.782702,2729.400279,1961.613808,3188.782702,2776.323267,2170.662931,3188.782702,291.8419647,290.4229111,0.001001968,0.001005531,0.001008742,0.001011081,518.1031913,518.1031913,518.1031913,2192.832721,2192.832721,2192.832721,2192.832721,2192.832721
10/4/1984,419.3724892,436.6292791,450.4358201,477.1845942,476.9648327,450.4358201,1762.084584,1692.594123,1997.413057,1782.316074,1792.551566,1997.413057,1834.386352,1921.45069,1997.413057,1965.060278,1961.613808,1997.413057,189.6992342,188.8462146,0.001001968,0.001005531,0.001008742,0.001011081,518.1495364,518.1495364,518.1495364,2238.385996,2238.385996,2238.385996,2238.385996,2238.385996
10/5/1984,430.5386314,537.0427886,460.8133958,436.9641658,436.6292791,460.8133958,1585.354251,1744.907565,1785.509485,1557.981622,1692.594123,1785.509485,1602.135716,1792.551566,1785.509485,1687.158172,1921.45069,1785.509485,186.2383845,185.4038357,0.001001968,0.001005531,0.001008742,0.001011081,512.3878138,512.3878138,512.3878138,2226.456899,2226.456899,2226.456899,2226.456899,2226.456899
10/6/1984,481.8131885,450.5743803,526.876529,537.2149559,537.0427886,526.876529,1673.106034,1715.80689,1903.832459,1684.848702,1744.907565,1903.832459,1684.452503,1692.594123,1903.832459,1675.325679,1792.551566,1903.832459,264.9852179,263.7184835,0.001001968,0.001005531,0.001008742,0.001011081,513.4348658,513.4348658,513.4348658,2196.322087,2196.322087,2196.322087,2196.322087,2196.322087
10/7/1984,399.5997488,402.4786008,430.6731812,450.7458286,450.5743803,430.6731812,1535.456091,1628.81108,1735.714387,1552.226486,1715.80689,1735.714387,1572.88983,1744.907565,1735.714387,1653.593601,1692.594123,1735.714387,191.0451878,190.1849701,0.001001968,0.001005531,0.001008742,0.001011081,507.1939191,507.1939191,507.1939191,2176.264683,2176.264683,2176.264683,2176.264683,2176.264683
10/8/1984,368.9647941,397.8794512,395.2581573,402.6593107,402.4786008,395.2581573,1396.779429,1577.034894,1569.428805,1401.107118,1628.81108,1569.428805,1429.48738,1715.80689,1569.428805,1484.821021,1744.907565,1569.428805,165.010051,164.2875599,0.001001968,0.001005531,0.001008742,0.001011081,501.2884238,501.2884238,501.2884238,2145.543968,2145.543968,2145.543968,2145.543968,2145.543968
10/9/1984,365.9775838,388.5740981,393.0779243,398.0612435,397.8794512,393.0779243,1484.562168,1544.346877,1677.567572,1485.014945,1577.034894,1677.567572,1499.386743,1628.81108,1677.567572,1538.961811,1715.80689,1677.567572,169.6696324,168.9227345,0.001001968,0.001005531,0.001008742,0.001011081,488.4342964,488.4342964,488.4342964,2042.712061,2042.712061,2042.712061,2042.712061,2042.712061
10/10/1984,357.508153,378.2284494,384.1289908,388.7539035,388.5740981,384.1289908,1481.490602,1514.83583,1673.390769,1481.192844,1544.346877,1673.390769,1492.366901,1577.034894,1673.390769,1527.83611,1628.81108,1673.390769,167.2055944,166.4716168,0.001001968,0.001005531,0.001008742,0.001011081,458.1589091,458.1589091,458.1589091,1842.669693,1842.669693,1842.669693,1842.669693,1842.669693
10/11/1984,348.0785927,368.093409,373.9671234,378.405901,378.2284494,373.9671234,1413.03463,1507.05684,1592.886414,1413.348775,1514.83583,1592.886414,1424.900154,1544.346877,1592.886414,1457.293706,1577.034894,1592.886414,163.3282822,162.6145729,0.001001968,0.001005531,0.001008742,0.001011081,438.05405,438.05405,438.05405,1760.99284,1760.99284,1760.99284,1760.99284,1760.99284
10/12/1984,338.8412168,358.24409,363.9995045,368.2686647,368.093409,363.9995045,1366.940301,1474.722407,1540.494318,1367.361586,1507.05684,1540.494318,1378.752461,1514.83583,1540.494318,1413.014983,1544.346877,1540.494318,159.4436577,158.7501762,0.001001968,0.001005531,0.001008742,0.001011081,423.8852863,423.8852863,423.8852863,1711.374087,1711.374087,1711.374087,1711.374087,1711.374087
10/13/1984,329.8620521,348.6726706,354.308895,358.416937,358.24409,354.308895,1355.330537,1441.449433,1525.342891,1355.778156,1474.722407,1525.342891,1366.818784,1507.05684,1525.342891,1380.811752,1514.83583,1525.342891,155.645279,154.9714982,0.001001968,0.001005531,0.001008742,0.001011081,402.3029029,402.3029029,402.3029029,1671.969511,1671.969511,1671.969511,1671.969511,1671.969511
10/14/1984,321.1338286,339.37021,344.8882241,348.8432949,348.6726706,344.8882241,1324.082734,1449.789772,1490.8441,1324.218168,1441.449433,1490.8441,1334.625871,1474.722407,1490.8441,1373.466892,1507.05684,1490.8441,151.9350058,151.2803925,0.001001968,0.001005531,0.001008742,0.001011081,386.8285157,386.8285157,386.8285157,1635.180836,1635.180836,1635.180836,1635.180836,1635.180836
10/15/1984,312.6484296,330.3250618,335.7288393,339.5384347,339.37021,335.7288393,1293.243598,1448.767278,1456.992624,1293.037568,1449.789772,1456.992624,1302.793895,1441.449433,1456.992624,1342.60073,1474.722407,1456.992624,148.3104446,147.6744815,0.001001968,0.001005531,0.001008742,0.001011081,375.4847823,375.4847823,375.4847823,1602.648819,1602.648819,1602.648819,1602.648819,1602.648819
10/16/1984,304.396257,321.5267987,326.8203526,330.4909717,330.3250618,326.8203526,1303.466166,1535.292237,1465.104672,1303.329996,1448.767278,1465.104672,1312.842871,1449.789772,1465.104672,1311.018771,1441.449433,1465.104672,144.7678288,144.1500213,0.001001968,0.001005531,0.001008742,0.001011081,365.2956276,365.2956276,365.2956276,1569.644947,1569.644947,1569.644947,1569.644947,1569.644947
10/17/1984,296.3683991,312.970439,318.1531878,321.6903703,321.5267987,318.1531878,1295.293725,1640.071031,1454.399062,1295.049331,1535.292237,1454.399062,1304.034114,1448.767278,1454.399062,1321.061745,1449.789772,1454.399062,141.3041309,140.704003,0.001001968,0.001005531,0.001008742,0.001011081,355.50347,355.50347,355.50347,1538.96331,1538.96331,1538.96331,1538.96331,1538.96331
10/18/1984,288.5600286,305.3699523,309.7223912,313.1316606,312.970439,309.7223912,1278.068172,1744.577147,1434.584068,1277.62218,1640.071031,1434.584068,1286.080913,1535.292237,1434.584068,1312.201878,1448.767278,1434.584068,137.9192165,137.3362965,0.001001968,0.001005531,0.001008742,0.001011081,345.9975157,345.9975157,345.9975157,1515.509491,1515.509491,1515.509491,1515.509491,1515.509491
10/19/1984,280.962118,329.8050851,301.5182457,304.8056603,305.3699523,301.5182457,1266.896559,2361.248539,1422.32685,1266.078894,1744.577147,1422.32685,1273.825834,1640.071031,1422.32685,1302.06869,1535.292237,1422.32685,134.6098293,134.0436646,0.001001968,0.001005531,0.001008742,0.001011081,336.7589777,336.7589777,336.7589777,1497.897122,1497.897122,1497.897122,1497.897122,1497.897122
10/20/1984,303.9728431,343.1247055,327.3155142,330.3403979,329.8050851,327.3155142,1360.026405,3627.329422,1534.936791,1358.82501,2361.248539,1534.936791,1352.762317,1744.577147,1534.936791,1370.14865,1640.071031,1534.936791,149.297554,148.6565191,0.001001968,0.001005531,0.001008742,0.001011081,330.4513204,330.4513204,330.4513204,1492.061651,1492.061651,1492.061651,1492.061651,1492.061651
10/21/1984,315.4177407,315.2946806,339.1044714,340.4167561,343.1247055,339.1044714,1444.545872,2831.875251,1635.62006,1439.449664,3627.329422,1635.62006,1431.114044,2361.248539,1635.62006,1468.536984,1744.577147,1635.62006,150.4038985,149.7571726,0.001001968,0.001005531,0.001008742,0.001011081,327.0803015,327.0803015,327.0803015,1506.910083,1506.910083,1506.910083,1506.910083,1506.910083
10/22/1984,247.2461835,702.1702229,260.7813361,269.1445737,315.2946806,260.7813361,1503.713554,2762.006683,1697.311549,1500.258168,2831.875251,1697.311549,1505.702006,3627.329422,1697.311549,1539.98451,2361.248539,1697.311549,91.73205284,91.37597431,0.001001968,0.001005531,0.001008742,0.001011081,318.4574412,318.4574412,318.4574412,1550.989711,1550.989711,1550.989711,1550.989711,1550.989711
10/23/1984,757.0304471,1116.286944,800.1204841,713.5411624,702.1702229,800.1204841,2711.947033,2488.832464,3052.893427,2624.924572,2762.006683,3052.893427,2336.389986,2831.875251,3052.893427,2098.071185,3627.329422,3052.893427,197.2284659,196.3350775,0.001001968,0.001005531,0.001008742,0.001011081,331.2016386,331.2016386,331.2016386,1697.325874,1697.325874,1697.325874,1697.325874,1697.325874
10/24/1984,1241.630218,1218.150468,1339.525132,1140.284704,1116.286944,1339.525132,4111.525434,2571.675813,4715.312836,3907.892512,2488.832464,4715.312836,3777.155196,2762.006683,4715.312836,3381.791984,2831.875251,4715.312836,478.5559837,476.0278371,0.001001968,0.001005531,0.001008742,0.001011081,425.290646,425.290646,425.290646,2057.455257,2057.455257,2057.455257,2057.455257,2057.455257
10/25/1984,987.7603162,804.9601654,1101.273563,1158.29924,1218.150468,1101.273563,2919.545865,3411.648968,3376.806312,2992.851889,2571.675813,3376.806312,3129.814231,2488.832464,3376.806312,2957.257109,2762.006683,3376.806312,586.825268,583.623324,0.001001968,0.001005531,0.001008742,0.001011081,554.449798,554.449798,554.449798,2308.714518,2308.714518,2308.714518,2308.714518,2308.714518
10/26/1984,692.3799448,746.9321535,737.1241916,810.7878135,804.9601654,737.1241916,2223.403159,2816.228028,2502.93763,2297.857383,3411.648968,2502.93763,2348.55046,2571.675813,2502.93763,2751.158645,2488.832464,2502.93763,223.3361706,222.3009615,0.001001968,0.001005531,0.001008742,0.001011081,632.293846,632.293846,632.293846,2513.724428,2513.724428,2513.724428,2513.724428,2513.724428
10/27/1984,778.5147763,945.0640682,826.6456208,773.0115591,746.9321535,826.6456208,1885.896479,2321.113713,2092.322752,1843.127176,2816.228028,2092.322752,1916.166155,3411.648968,2092.322752,1963.831478,2571.675813,2092.322752,242.4216791,241.2811287,0.001001968,0.001005531,0.001008742,0.001011081,704.4136509,704.4136509,704.4136509,2647.035096,2647.035096,2647.035096,2647.035096,2647.035096
10/28/1984,842.743668,737.8133394,926.6452495,938.6436028,945.0640682,926.6452495,2290.113244,2044.107231,2619.114749,2317.068469,2321.113713,2619.114749,2372.169777,2816.228028,2619.114749,2308.689664,3411.648968,2619.114749,437.9942178,435.7133486,0.001001968,0.001005531,0.001008742,0.001011081,791.7322072,791.7322072,791.7322072,2765.099919,2765.099919,2765.099919,2765.099919,2765.099919
10/29/1984,640.6819883,719.407263,689.9118294,723.3378221,737.8133394,689.9118294,2865.31374,1842.970456,3281.539278,2884.318882,2044.107231,3281.539278,2933.660839,2321.113713,3281.539278,3146.464073,2816.228028,3281.539278,267.4187051,266.1382614,0.001001968,0.001005531,0.001008742,0.001011081,861.6351844,861.6351844,861.6351844,2985.947552,2985.947552,2985.947552,2985.947552,2985.947552
10/30/1984,683.1519059,750.2975417,734.0654707,734.6613162,719.407263,734.0654707,2282.803916,1873.234778,2589.747334,2282.608207,1842.970456,2589.747334,2302.907457,2044.107231,2589.747334,2391.723252,2321.113713,2589.747334,270.3642309,269.0671678,0.001001968,0.001005531,0.001008742,0.001011081,906.8032825,906.8032825,906.8032825,3023.050434,3023.050434,3023.050434,3023.050434,3023.050434
10/31/1984,673.5241717,522.0573376,732.5890877,758.4067126,750.2975417,732.5890877,1961.857845,1738.999402,2229.245215,1994.928176,1873.234778,2229.245215,2033.620485,1842.970456,2229.245215,2060.418982,2044.107231,2229.245215,318.7369923,317.1632886,0.001001968,0.001005531,0.001008742,0.001011081,875.6257137,875.6257137,875.6257137,2772.014863,2772.014863,2772.014863,2772.014863,2772.014863
11/1/1984,461.5114409,459.6722559,491.0472748,518.9645975,522.0573376,491.0472748,1570.977335,2556.976301,1762.18121,1596.832331,1738.999402,1762.18121,1685.210597,1873.234778,1762.18121,1879.04233,1842.970456,1762.18121,170.8389417,170.0859016,0.001001968,0.001005531,0.001008742,0.001011081,786.9157873,786.9157873,786.9157873,2597.561676,2597.561676,2597.561676,2597.561676,2597.561676
11/2/1984,428.2583551,531.5561082,451.1393125,461.1358094,459.6722559,451.1393125,1379.575065,2957.999902,1531.223414,1388.486011,2556.976301,1531.223414,1414.249785,1738.999402,1531.223414,1539.093799,1873.234778,1531.223414,132.3081637,131.7536114,0.001001968,0.001005531,0.001008742,0.001011081,733.9325489,733.9325489,733.9325489,2436.318986,2436.318986,2436.318986,2436.318986,2436.318986
11/3/1984,503.1198035,547.5781357,537.6509565,532.421607,531.5561082,537.6509565,1609.244347,2646.985702,1810.618306,1604.201665,2957.999902,1810.618306,1606.660791,2556.976301,1810.618306,1596.633043,1738.999402,1810.618306,196.9264107,196.0346466,0.001001968,0.001005531,0.001008742,0.001011081,690.9987515,690.9987515,690.9987515,2341.192696,2341.192696,2341.192696,2341.192696,2341.192696
11/4/1984,452.0864556,738.7527822,485.6306968,491.987201,547.5781357,485.6306968,1531.929938,2721.906705,1725.430134,1537.962784,2646.985702,1725.430134,1586.71889,2957.999902,1725.430134,1608.317557,2556.976301,1725.430134,195.5728119,194.6883219,0.001001968,0.001005531,0.001008742,0.001011081,632.0827982,632.0827982,632.0827982,2238.151975,2238.151975,2238.151975,2238.151975,2238.151975
11/5/1984,726.5386402,1026.583553,771.643555,757.3614187,738.7527822,771.643555,2622.081779,2314.888347,2961.945389,2608.272845,2721.906705,2961.945389,2408.048342,2646.985702,2961.945389,2276.580549,2957.999902,2961.945389,201.6058455,200.6888742,0.001001968,0.001005531,0.001008742,0.001011081,601.5716986,601.5716986,601.5716986,2142.536384,2142.536384,2142.536384,2142.536384,2142.536384
11/6/1984,1180.740903,1359.413188,1275.147028,1050.958085,1026.583553,1275.147028,3329.091268,1841.753601,3789.34235,3114.090084,2314.888347,3789.34235,3106.668108,2721.906705,3789.34235,2765.118458,2646.985702,3789.34235,465.1241581,462.6782335,0.001001968,0.001005531,0.001008742,0.001011081,639.3132001,639.3132001,639.3132001,2213.084989,2213.084989,2213.084989,2213.084989,2213.084989
11/7/1984,1205.388104,920.2669121,1360.930356,1362.237685,1359.413188,1360.930356,2886.216339,1887.584598,3358.627311,2925.731362,1841.753601,3358.627311,3019.42767,2314.888347,3358.627311,2755.818506,2721.906705,3358.627311,776.4352038,772.0136631,0.001001968,0.001005531,0.001008742,0.001011081,720.2463804,720.2463804,720.2463804,2299.488493,2299.488493,2299.488493,2299.488493,2299.488493
11/8/1984,733.4866373,566.2527451,803.1633201,919.8384764,920.2669121,803.1633201,2167.475457,1995.621783,2472.197022,2292.706626,1887.584598,2472.197022,2369.152004,1841.753601,2472.197022,2799.195781,2314.888347,2472.197022,376.5210148,374.60869,0.001001968,0.001005531,0.001008742,0.001011081,771.0721125,771.0721125,771.0721125,2403.958458,2403.958458,2403.958458,2403.958458,2403.958458
11/9/1984,475.9068633,527.0205235,498.4204272,544.912074,566.2527451,498.4204272,1316.868555,1937.71811,1443.850739,1364.384062,1995.621783,1443.850739,1498.69934,1887.584598,1443.850739,1811.270479,1841.753601,1443.850739,130.7551363,130.2084002,0.001001968,0.001005531,0.001008742,0.001011081,798.1534449,798.1534449,798.1534449,2479.184501,2479.184501,2479.184501,2479.184501,2479.184501
11/10/1984,527.0626546,664.2328136,544.8739724,536.0716864,527.0205235,544.8739724,1312.716189,1888.935953,1426.009042,1306.759348,1937.71811,1426.009042,1285.747728,1995.621783,1426.009042,1446.557255,1887.584598,1426.009042,80.22802152,79.92622964,0.001001968,0.001005531,0.001008742,0.001011081,797.3466015,797.3466015,797.3466015,2466.509725,2466.509725,2466.509725,2466.509725,2466.509725
11/11/1984,749.2605613,990.9341748,791.012581,672.354583,664.2328136,791.012581,1796.081734,1961.512319,1996.792582,1683.046493,1888.935953,1996.792582,1703.262023,1937.71811,1996.792582,1582.011489,1995.621783,1996.792582,227.4386923,226.3809529,0.001001968,0.001005531,0.001008742,0.001011081,818.2118419,818.2118419,818.2118419,2475.535095,2475.535095,2475.535095,2475.535095,2475.535095
11/12/1984,875.4567943,793.3654368,965.423125,986.5880167,990.9341748,965.423125,2119.173904,1821.081978,2424.913405,2160.45892,1961.512319,2424.913405,2148.5333,1888.935953,2424.913405,1941.089409,1937.71811,2424.913405,474.9736458,472.46746,0.001001968,0.001005531,0.001008742,0.001011081,868.2024567,868.2024567,868.2024567,2378.904765,2378.904765,2378.904765,2378.904765,2378.904765
11/13/1984,702.1451271,743.9979105,753.7517008,795.2594093,793.3654368,753.7517008,1785.787254,1639.470898,2003.41822,1835.474836,1821.081978,2003.41822,1863.794833,1961.512319,2003.41822,2009.584533,1888.935953,2003.41822,281.4931819,280.1330825,0.001001968,0.001005531,0.001008742,0.001011081,838.4655941,838.4655941,838.4655941,2198.491655,2198.491655,2198.491655,2198.491655,2198.491655
11/14/1984,684.1163331,647.6370069,735.5354572,746.1005297,743.9979105,735.5354572,1518.726053,1624.461409,1693.08543,1541.519254,1639.470898,1693.08543,1623.8714,1821.081978,1693.08543,1649.574711,1961.512319,1693.08543,283.6672696,282.2948115,0.001001968,0.001005531,0.001008742,0.001011081,761.65711,761.65711,761.65711,2071.645968,2071.645968,2071.645968,2071.645968,2071.645968
11/15/1984,573.0729882,509.605891,612.9951273,640.1453733,647.6370069,612.9951273,1574.215346,1711.787088,1766.884128,1605.320088,1624.461409,1766.884128,1671.183943,1639.470898,1766.884128,1799.939259,1821.081978,1766.884128,227.5926436,226.5340576,0.001001968,0.001005531,0.001008742,0.001011081,723.0383092,723.0383092,723.0383092,1953.59335,1953.59335,1953.59335,1953.59335,1953.59335
11/16/1984,481.1745095,490.0416163,502.3345918,508.9272826,509.605891,502.3345918,1379.542447,1637.064286,1523.04255,1384.43895,1711.787088,1523.04255,1420.947718,1624.461409,1523.04255,1585.150563,1639.470898,1523.04255,123.7456206,123.2339642,0.001001968,0.001005531,0.001008742,0.001011081,704.3628038,704.3628038,704.3628038,1875.604722,1875.604722,1875.604722,1875.604722,1875.604722
11/17/1984,503.2371709,585.2591769,523.5379762,493.232515,490.0416163,523.5379762,1335.534448,1560.424411,1468.102598,1304.340961,1637.064286,1468.102598,1317.970163,1711.787088,1468.102598,1376.15508,1624.461409,1468.102598,118.5393697,118.0535505,0.001001968,0.001005531,0.001008742,0.001011081,702.3096461,702.3096461,702.3096461,1857.776895,1857.776895,1857.776895,1857.776895,1857.776895
11/18/1984,551.3089848,558.3886288,583.7940313,585.0601681,585.2591769,583.7940313,1486.305659,1510.820622,1657.57911,1489.407731,1560.424411,1657.57911,1476.933882,1637.064286,1657.57911,1442.048933,1711.787088,1657.57911,188.5462782,187.699418,0.001001968,0.001005531,0.001008742,0.001011081,685.771644,685.771644,685.771644,1827.122878,1827.122878,1827.122878,1827.122878,1827.122878
11/19/1984,517.6055986,529.4394876,546.2075334,558.0167812,558.3886288,546.2075334,1566.988964,1470.282777,1751.776486,1576.819206,1510.820622,1751.776486,1589.443062,1560.424411,1751.776486,1604.852967,1637.064286,1751.776486,168.0874528,167.3488547,0.001001968,0.001005531,0.001008742,0.001011081,636.3674213,636.3674213,636.3674213,1789.20789,1789.20789,1789.20789,1789.20789,1789.20789
11/20/1984,491.7707467,510.353662,518.0173191,529.0932553,529.4394876,518.0173191,1423.357921,1435.487658,1582.933635,1433.322894,1470.282777,1582.933635,1456.32208,1510.820622,1582.933635,1505.247792,1560.424411,1582.933635,155.7006392,155.0265718,0.001001968,0.001005531,0.001008742,0.001011081,600.4440637,600.4440637,600.4440637,1739.006875,1739.006875,1739.006875,1739.006875,1739.006875
11/21/1984,474.3425805,492.5030312,499.8319332,510.0319053,510.353662,499.8319332,1330.882858,1395.690306,1478.268483,1340.881418,1435.487658,1478.268483,1363.841265,1470.282777,1478.268483,1404.935543,1510.820622,1478.268483,152.1194371,151.4638728,0.001001968,0.001005531,0.001008742,0.001011081,561.810925,561.810925,561.810925,1677.660776,1677.660776,1677.660776,1677.660776,1677.660776
11/22/1984,457.9160466,475.5648163,482.6782052,492.2047188,492.5030312,482.6782052,1296.616355,1355.337244,1441.138874,1305.871506,1395.690306,1441.138874,1327.387607,1435.487658,1441.138874,1363.948506,1470.282777,1441.138874,148.6445297,148.0068506,0.001001968,0.001005531,0.001008742,0.001011081,536.0940004,536.0940004,536.0940004,1617.376968,1617.376968,1617.376968,1617.376968,1617.376968
11/23/1984,442.3602383,458.5252057,466.4086879,475.2890221,475.5648163,466.4086879,1265.36425,1327.721415,1406.754864,1273.848999,1355.337244,1406.754864,1294.188636,1395.690306,1406.754864,1329.986048,1435.487658,1406.754864,145.1908031,144.5708317,0.001001968,0.001005531,0.001008742,0.001011081,528.4327244,528.4327244,528.4327244,1575.950069,1575.950069,1575.950069,1575.950069,1575.950069
11/24/1984,426.1786015,435.5991279,449.3580112,458.2740287,458.5252057,449.3580112,1238.612244,1323.653696,1376.872022,1246.955474,1327.721415,1376.872022,1265.961637,1355.337244,1376.872022,1297.827965,1395.690306,1376.872022,140.8055837,140.2079947,0.001001968,0.001005531,0.001008742,0.001011081,523.6648718,523.6648718,523.6648718,1554.091786,1554.091786,1554.091786,1554.091786,1554.091786
11/25/1984,403.3016457,409.1817137,424.5748436,435.3737003,435.5991279,424.5748436,1198.189236,491.8346904,1330.883935,1207.871674,1323.653696,1330.883935,1225.225979,1327.721415,1330.883935,1264.804909,1355.337244,1330.883935,130.4263302,129.881247,0.001001968,0.001005531,0.001008742,0.001011081,507.6590472,507.6590472,507.6590472,1525.526025,1525.526025,1525.526025,1525.526025,1525.526025
11/26/1984,382.3304835,405.0247996,401.4249845,408.9814021,409.1817137,401.4249845,1156.793953,3513.41546,1283.092954,1162.650479,491.8346904,1283.092954,1180.148782,1323.653696,1283.092954,1220.110707,1327.721415,1283.092954,118.3015537,117.81691,0.001001968,0.001005531,0.001008742,0.001011081,487.4875762,487.4875762,487.4875762,1469.396233,1469.396233,1469.396233,1469.396233,1469.396233
11/27/1984,381.1536373,836.4028566,401.321734,404.8485673,405.0247996,401.321734,1152.905005,5249.540742,1280.617864,1155.185479,3513.41546,1280.617864,1170.510442,491.8346904,1280.617864,1191.830984,1323.653696,1280.617864,125.0110391,124.4930743,0.001001968,0.001005531,0.001008742,0.001011081,468.9209136,468.9209136,468.9209136,1419.689492,1419.689492,1419.689492,1419.689492,1419.689492
11/28/1984,379.1276943,2454.068883,400.4941477,405.500895,836.4028566,400.4941477,1171.985587,5191.819249,1304.81217,1175.888908,5249.540742,1304.81217,1187.91847,3513.41546,1304.81217,1202.667262,491.8346904,1304.81217,132.359604,131.8047926,0.001001968,0.001005531,0.001008742,0.001011081,452.7243312,452.7243312,452.7243312,1387.938018,1387.938018,1387.938018,1387.938018,1387.938018
11/29/1984,3034.826505,3834.00839,3357.244159,2579.745295,2454.068883,3357.244159,3483.748491,5681.947526,3939.1498,2893.73167,5191.819249,3939.1498,2479.879834,5249.540742,3939.1498,521.314308,3513.41546,3939.1498,1190.779454,1183.564836,0.001001968,0.001005531,0.001008742,0.001011081,656.8019841,656.8019841,656.8019841,1353.620666,1353.620666,1353.620666,1353.620666,1353.620666
11/30/1984,4646.721849,5823.137084,5133.873447,3968.659181,3834.00839,5133.873447,7345.659554,6045.804511,8471.334297,6351.394318,5681.947526,8471.334297,6082.133716,5191.819249,8471.334297,4971.400822,5249.540742,8471.334297,2040.707149,2027.407012,0.001001968,0.001005531,0.001008742,0.001011081,1060.657102,1060.657102,1060.657102,1822.274089,1822.274089,1822.274089,1822.274089,1822.274089
12/1/1984,4661.289595,2718.00925,5403.75766,5856.886614,5823.137084,5403.75766,7021.583067,5859.734921,8454.596213,7736.860391,6045.804511,8454.596213,7468.589045,5681.947526,8454.596213,5969.626295,5191.819249,8454.596213,3124.239202,3102.744277,0.001001968,0.001005531,0.001008742,0.001011081,1693.410728,1693.410728,1693.410728,2505.701302,2505.701302,2505.701302,2505.701302,2505.701302
12/2/1984,2174.718646,2293.670241,2318.683546,2734.361254,2718.00925,2318.683546,3681.162529,6161.66101,4092.491141,4142.655866,5859.734921,4092.491141,4867.289823,6045.804511,4092.491141,6517.090764,5681.947526,4092.491141,671.0027837,667.2649927,0.001001968,0.001005531,0.001008742,0.001011081,2109.105103,2109.105103,2109.105103,3242.803903,3242.803903,3242.803903,3242.803903,3242.803903
12/3/1984,1817.975352,2614.722822,1955.222531,2157.712719,2293.670241,1955.222531,2507.765399,5547.710267,2750.905618,2769.491091,6161.66101,2750.905618,3443.019143,5859.734921,2750.905618,4011.044115,6045.804511,2750.905618,662.5619113,658.8782781,0.001001968,0.001005531,0.001008742,0.001011081,2434.443363,2434.443363,2434.443363,3905.122905,3905.122905,3905.122905,3905.122905,3905.122905
12/4/1984,2335.886955,2142.550726,2587.961328,2661.275948,2614.722822,2587.961328,4691.262144,4069.907068,5407.232111,4847.9503,5547.710267,5407.232111,5094.234664,6161.66101,5407.232111,5111.931018,5859.734921,5407.232111,1094.211444,1087.660697,0.001001968,0.001005531,0.001008742,0.001011081,2764.816304,2764.816304,2764.816304,4439.583125,4439.583125,4439.583125,4439.583125,4439.583125
12/5/1984,1989.266739,2119.890199,2158.447475,2181.547775,2142.550726,2158.447475,4560.809115,3469.572855,5205.251674,4619.048828,4069.907068,5205.251674,4825.267321,5547.710267,5205.251674,5434.533393,6161.66101,5205.251674,773.194046,768.7937157,0.001001968,0.001005531,0.001008742,0.001011081,3033.39277,3033.39277,3033.39277,5006.157155,5006.157155,5006.157155,5006.157155,5006.157155
12/6/1984,1840.875993,1770.588929,2033.842899,2126.345405,2119.890199,2033.842899,4654.019945,3107.114613,5380.091351,4783.144924,3469.572855,5380.091351,5050.955229,4069.907068,5380.091351,5114.604223,5547.710267,5380.091351,904.898216,899.6271829,0.001001968,0.001005531,0.001008742,0.001011081,3081.380233,3081.380233,3081.380233,5666.829091,5666.829091,5666.829091,5666.829091,5666.829091
12/7/1984,1562.123168,1519.486393,1705.143862,1774.678831,1770.588929,1705.143862,4310.703034,2781.69199,4955.806651,4396.380657,3107.114613,4955.806651,4597.390316,3469.572855,4955.806651,5067.762061,4069.907068,4955.806651,689.2774791,685.4221269,0.001001968,0.001005531,0.001008742,0.001011081,2879.418415,2879.418415,2879.418415,5741.85639,5741.85639,5741.85639,5741.85639,5741.85639
12/8/1984,1358.470339,1411.126681,1474.540345,1522.210447,1519.486393,1474.540345,2862.382845,2685.796082,3236.081707,2940.86812,2781.69199,3236.081707,3150.63902,3107.114613,3236.081707,3431.128378,3469.572855,3236.081707,572.1629401,569.0533183,0.001001968,0.001005531,0.001008742,0.001011081,2415.372457,2415.372457,2415.372457,5396.387815,5396.387815,5396.387815,5396.387815,5396.387815
12/9/1984,1279.170962,1338.155422,1386.950425,1411.501644,1411.126681,1386.950425,2580.870003,2532.337015,2912.900105,2635.498628,2685.796082,2912.900105,2783.960913,2781.69199,2912.900105,3022.773844,3107.114613,2912.900105,537.8216952,534.927037,0.001001968,0.001005531,0.001008742,0.001011081,2147.727542,2147.727542,2147.727542,4916.244841,4916.244841,4916.244841,4916.244841,4916.244841
12/10/1984,1272.845379,1435.454781,1368.940512,1321.757601,1338.155422,1368.940512,2475.44255,2831.942966,2773.051094,2455.309518,2532.337015,2773.051094,2556.994615,2685.796082,2773.051094,2716.628502,2781.69199,2773.051094,484.085744,481.5236536,0.001001968,0.001005531,0.001008742,0.001011081,1955.938896,1955.938896,1955.938896,4471.489895,4471.489895,4471.489895,4471.489895,4471.489895
12/11/1984,1438.569413,1607.872816,1542.021304,1429.833963,1435.454781,1542.021304,2566.541385,3556.915353,2856.830924,2487.926758,2831.942966,2856.830924,2496.078617,2532.337015,2856.830924,2496.711032,2685.796082,2856.830924,509.1162235,506.3998215,0.001001968,0.001005531,0.001008742,0.001011081,1761.160717,1761.160717,1761.160717,4135.984727,4135.984727,4135.984727,4135.984727,4135.984727
12/12/1984,1593.841349,1822.91076,1705.459408,1582.526258,1607.872816,1705.459408,2765.000618,3847.858068,3073.575833,2678.298263,3556.915353,3073.575833,2657.831579,2831.942966,3073.575833,2544.37653,2532.337015,3073.575833,551.883331,548.9008714,0.001001968,0.001005531,0.001008742,0.001011081,1644.90543,1644.90543,1644.90543,3779.272736,3779.272736,3779.272736,3779.272736,3779.272736
12/13/1984,1770.643725,2105.083392,1897.614057,1811.86918,1822.91076,1897.614057,2797.382866,3905.385672,3098.558901,2758.639559,3847.858068,3098.558901,2716.272069,3556.915353,3098.558901,2526.813092,2831.942966,3098.558901,612.5899194,609.2249951,0.001001968,0.001005531,0.001008742,0.001011081,1559.26836,1559.26836,1559.26836,3338.056753,3338.056753,3338.056753,3338.056753,3338.056753
12/14/1984,2032.656957,2366.827944,2198.612487,2100.554055,2105.083392,2198.612487,3195.232159,3967.083322,3580.465202,3157.68545,3905.385672,3580.465202,3192.812792,3847.858068,3580.465202,2873.093666,3556.915353,3580.465202,788.402923,783.9029652,0.001001968,0.001005531,0.001008742,0.001011081,1573.247027,1573.247027,1573.247027,3036.245504,3036.245504,3036.245504,3036.245504,3036.245504
12/15/1984,2142.99026,2357.69439,2343.282033,2359.352362,2366.827944,2343.282033,3739.612152,4150.599647,4252.997954,3821.176748,3967.083322,4252.997954,3881.024965,3905.385672,4252.997954,3654.238426,3847.858068,4252.997954,940.9608527,935.4484506,0.001001968,0.001005531,0.001008742,0.001011081,1659.446266,1659.446266,1659.446266,3042.677705,3042.677705,3042.677705,3042.677705,3042.677705
12/16/1984,2166.506959,2334.344954,2359.873443,2351.549576,2357.69439,2359.873443,3699.661316,3865.04421,4191.868436,3755.279426,4150.599647,4191.868436,3887.181807,3967.083322,4191.868436,3870.017957,3905.385672,4191.868436,904.7850051,899.5147279,0.001001968,0.001005531,0.001008742,0.001011081,1780.307628,1780.307628,1780.307628,3169.471945,3169.471945,3169.471945,3169.471945,3169.471945
12/17/1984,2073.056985,2083.206,2267.855881,2334.003998,2334.344954,2267.855881,3424.612171,4423.219553,3887.715102,3558.670446,3865.04421,3887.715102,3751.263437,4150.599647,3887.715102,3745.627972,3967.083322,3887.715102,914.6376727,909.3015717,0.001001968,0.001005531,0.001008742,0.001011081,1924.435986,1924.435986,1924.435986,3338.189386,3338.189386,3338.189386,3338.189386,3338.189386
12/18/1984,1851.337151,1979.792822,2015.12224,2083.876448,2083.206,2015.12224,3212.190658,3492.877055,3634.151739,3335.12785,4423.219553,3634.151739,3581.04779,3865.04421,3634.151739,3793.313043,4150.599647,3634.151739,782.0250933,777.5669449,0.001001968,0.001005531,0.001008742,0.001011081,2043.773157,2043.773157,2043.773157,3517.827365,3517.827365,3517.827365,3517.827365,3517.827365
12/19/1984,1755.652792,2030.315674,1910.69111,1955.26951,1979.792822,1910.69111,3247.395805,6258.868738,3680.086371,3339.398969,3492.877055,3680.086371,3549.096169,4423.219553,3680.086371,3732.876086,3865.04421,3680.086371,745.7680809,741.5467598,0.001001968,0.001005531,0.001008742,0.001011081,2124.879983,2124.879983,2124.879983,3692.699197,3692.699197,3692.699197,3692.699197,3692.699197
12/20/1984,1889.495737,2437.804845,2060.479244,2037.487344,2030.315674,2060.479244,3370.526361,7208.331138,3818.726823,3408.28729,6258.868738,3818.726823,3542.217959,3492.877055,3818.726823,3524.272516,4423.219553,3818.726823,798.9649279,794.395635,0.001001968,0.001005531,0.001008742,0.001011081,2176.876319,2176.876319,2176.876319,3825.86754,3825.86754,3825.86754,3825.86754,3825.86754
12/21/1984,1946.128457,3588.157309,2132.659519,2123.55989,2437.804845,2132.659519,3982.163711,7898.627821,4551.862147,4024.503373,7208.331138,4551.862147,4152.127418,6258.868738,4551.862147,4142.576618,3492.877055,4551.862147,881.8080967,876.690967,0.001001968,0.001005531,0.001008742,0.001011081,2193.150262,2193.150262,2193.150262,4008.067453,4008.067453,4008.067453,4008.067453,4008.067453
12/22/1984,3711.400996,4706.519275,4077.739026,3697.4399,3588.157309,4077.739026,5465.430214,6989.370781,6156.674169,5278.472055,7898.627821,6156.674169,4831.187881,7208.331138,6156.674169,3459.5868,6258.868738,6156.674169,1387.623555,1379.035562,0.001001968,0.001005531,0.001008742,0.001011081,2294.329393,2294.329393,2294.329393,4064.658334,4064.658334,4064.658334,4064.658334,4064.658334
12/23/1984,4727.987411,5310.86187,5262.363176,4790.980713,4706.519275,5262.363176,8334.125278,6396.778643,9656.589743,8046.442164,6989.370781,9656.589743,8080.811288,7898.627821,9656.589743,7006.915889,7208.331138,9656.589743,2199.880593,2185.402368,0.001001968,0.001005531,0.001008742,0.001011081,2591.176318,2591.176318,2591.176318,4553.531482,4553.531482,4553.531482,4553.531482,4553.531482
12/24/1984,4528.186374,3785.753494,5223.377798,5317.011558,5310.86187,5223.377798,7541.590652,6243.079872,9013.317909,7871.301135,6396.778643,9013.317909,8609.471477,6989.370781,9013.317909,7762.870817,7898.627821,9013.317909,2935.774132,2915.731381,0.001001968,0.001005531,0.001008742,0.001011081,3028.546285,3028.546285,3028.546285,5111.005344,5111.005344,5111.005344,5111.005344,5111.005344
12/25/1984,3083.915935,2787.273187,3458.725741,3790.207034,3785.753494,3458.725741,5847.573387,5345.604774,6810.555795,6296.118662,6243.079872,6810.555795,6836.212464,6396.778643,6810.555795,8364.503485,6989.370781,6810.555795,1658.127177,1647.613591,0.001001968,0.001005531,0.001008742,0.001011081,3289.26107,3289.26107,3289.26107,5678.625648,5678.625648,5678.625648,5678.625648,5678.625648
12/26/1984,2454.886427,2689.680453,2683.282258,2792.029712,2787.273187,2683.282258,3669.569347,5505.917134,4136.888444,3868.926277,5345.604774,4136.888444,4440.306173,6243.079872,4136.888444,5371.773831,6396.778643,4136.888444,1041.889183,1035.695139,0.001001968,0.001005531,0.001008742,0.001011081,3449.120916,3449.120916,3449.120916,6041.972646,6041.972646,6041.972646,6041.972646,6041.972646
12/27/1984,2382.299805,2668.179293,2620.904908,2692.798771,2689.680453,2620.904908,4307.892519,6168.05254,4924.588391,4457.869558,5505.917134,4924.588391,4794.578204,5345.604774,4924.588391,5177.061837,6243.079872,4924.588391,1093.927292,1087.378488,0.001001968,0.001005531,0.001008742,0.001011081,3563.777996,3563.777996,3563.777996,6331.890988,6331.890988,6331.890988,6331.890988,6331.890988
12/28/1984,2247.927968,3240.266627,2470.290276,2532.46404,2668.179293,2470.290276,4895.641784,7533.943784,5618.378719,5017.820852,6168.05254,5618.378719,5272.20562,5505.917134,5618.378719,5479.482172,5345.604774,5618.378719,1027.427886,1021.332041,0.001001968,0.001005531,0.001008742,0.001011081,3636.390462,3636.390462,3636.390462,6521.35912,6521.35912,6521.35912,6521.35912,6521.35912
12/29/1984,3557.83117,5969.302771,3891.67912,3237.578622,3240.266627,3891.67912,5922.31184,9364.738937,6713.434953,5397.08543,7533.943784,6713.434953,5512.02844,6168.05254,6713.434953,4863.361086,5505.917134,6713.434953,1433.322379,1424.412011,0.001001968,0.001005531,0.001008742,0.001011081,3652.835473,3652.835473,3652.835473,6701.309719,6701.309719,6701.309719,6701.309719,6701.309719
12/30/1984,5620.622528,6610.881944,6357.805793,6001.890335,5969.302771,6357.805793,8140.171035,9579.013445,9529.304174,8070.838469,9364.738937,9529.304174,7556.25153,7533.943784,9529.304174,5815.096409,6168.05254,9529.304174,3016.664421,2995.999612,0.001001968,0.001005531,0.001008742,0.001011081,3713.45388,3713.45388,3713.45388,6491.524317,6491.524317,6491.524317,6491.524317,6491.524317
12/31/1984,5706.35548,5643.395717,6495.643113,6628.505196,6610.881944,6495.643113,8055.755657,8645.222862,9507.244022,8493.150713,9579.013445,9507.244022,8750.541819,9364.738937,9507.244022,7589.056702,7533.943784,9507.244022,3224.446606,3202.175576,0.001001968,0.001005531,0.001008742,0.001011081,3820.245305,3820.245305,3820.245305,6422.093476,6422.093476,6422.093476,6422.093476,6422.093476
1/1/1985,4926.134063,5335.159431,5544.198728,5642.690544,5643.395717,5544.198728,6939.079092,7880.016153,8087.387614,7280.400799,8645.222862,8087.387614,8141.919309,9579.013445,8087.387614,8470.452736,9364.738937,8087.387614,2569.393753,2552.143934,0.001001968,0.001005531,0.001008742,0.001011081,4095.406186,4095.406186,4095.406186,6568.576945,6568.576945,6568.576945,6568.576945,6568.576945
1/2/1985,4631.735776,4782.989173,5227.304673,5344.307365,5335.159431,5227.304673,7144.424007,6832.729204,8356.530052,7482.948347,7880.016153,8356.530052,8227.339991,8645.222862,8356.530052,8674.990031,9579.013445,8356.530052,2494.504392,2477.820177,0.001001968,0.001005531,0.001008742,0.001011081,4438.586944,4438.586944,4438.586944,6982.690901,6982.690901,6982.690901,6982.690901,6982.690901
1/3/1985,4066.912183,4067.980236,4598.455555,4790.856895,4782.989173,4598.455555,6988.333451,6085.522546,8194.833561,7363.426335,6832.729204,8194.833561,8134.628188,7880.016153,8194.833561,8703.650772,8645.222862,8194.833561,2268.718009,2253.727218,0.001001968,0.001005531,0.001008742,0.001011081,4762.783535,4762.783535,4762.783535,7449.062325,7449.062325,7449.062325,7449.062325,7449.062325
1/4/1985,3477.871715,3614.431066,3910.172666,4065.743714,4067.980236,3910.172666,5887.720061,5613.498845,6863.085679,6192.896194,6085.522546,6863.085679,6891.139466,6832.729204,6863.085679,7735.947232,7880.016153,6863.085679,1883.501484,1871.354488,0.001001968,0.001005531,0.001008742,0.001011081,5016.03835,5016.03835,5016.03835,7774.028873,7774.028873,7774.028873,7774.028873,7774.028873
1/5/1985,3140.409194,3333.088309,3517.120005,3616.983451,3614.431066,3517.120005,5329.030278,5282.342405,6184.361281,5559.52481,5613.498845,6184.361281,6106.114864,6085.522546,6184.361281,6720.601457,6832.729204,6184.361281,1661.735005,1651.195468,0.001001968,0.001005531,0.001008742,0.001011081,5125.468678,5125.468678,5125.468678,8017.818124,8017.818124,8017.818124,8017.818124,8017.818124
1/6/1985,2920.281842,3118.432615,3265.568058,3335.341393,3333.088309,3265.568058,4891.13843,5006.671964,5664.392444,5082.068269,5282.342405,5664.392444,5529.949671,5613.498845,5664.392444,5955.544476,6085.522546,5664.392444,1537.741184,1528.089615,0.001001968,0.001005531,0.001008742,0.001011081,4933.589602,4933.589602,4933.589602,8052.402408,8052.402408,8052.402408,8052.402408,8052.402408
1/7/1985,2742.263558,2943.419285,3062.86953,3118.810542,3118.432615,3062.86953,4546.492965,4873.268573,5256.889894,4715.957628,5006.671964,5256.889894,5105.663619,5282.342405,5256.889894,5421.815262,5613.498845,5256.889894,1439.91581,1430.958826,0.001001968,0.001005531,0.001008742,0.001011081,4513.340716,4513.340716,4513.340716,7797.573392,7797.573392,7797.573392,7797.573392,7797.573392
1/8/1985,2594.38733,2786.824233,2895.069787,2943.555739,2943.419285,2895.069787,4324.949176,4742.992306,4993.898128,4479.946313,4873.268573,4993.898128,4831.247463,5006.671964,4993.898128,5072.056589,5282.342405,4993.898128,1360.090172,1351.695792,0.001001968,0.001005531,0.001008742,0.001011081,4097.123947,4097.123947,4097.123947,7279.635902,7279.635902,7279.635902,7279.635902,7279.635902
1/9/1985,2458.637057,2642.362853,2741.109373,2786.819406,2786.824233,2741.109373,4234.922734,4511.157381,4871.742763,4381.41339,4742.992306,4871.742763,4705.035792,4873.268573,4871.742763,4822.52049,5006.671964,4871.742763,1286.412672,1278.534027,0.001001968,0.001005531,0.001008742,0.001011081,3711.62833,3711.62833,3711.62833,6669.351494,6669.351494,6669.351494,6669.351494,6669.351494
1/10/1985,2335.79326,2516.312806,2601.872401,2642.25245,2642.362853,2601.872401,4120.976947,4301.052117,4725.321708,4257.229856,4511.157381,4725.321708,4562.220508,4742.992306,4725.321708,4681.120125,4873.268573,4725.321708,1219.703812,1212.289025,0.001001968,0.001005531,0.001008742,0.001011081,3370.464835,3370.464835,3370.464835,6098.012502,6098.012502,6098.012502,6098.012502,6098.012502
1/11/1985,2227.268709,2401.365367,2479.557407,2516.123864,2516.312806,2479.557407,3922.257845,4144.88204,4498.279714,4049.004051,4301.052117,4498.279714,4333.642511,4511.157381,4498.279714,4553.450425,4742.992306,4498.279714,1163.495607,1156.469257,0.001001968,0.001005531,0.001008742,0.001011081,3111.986714,3111.986714,3111.986714,5631.202166,5631.202166,5631.202166,5631.202166,5631.202166
1/12/1985,2127.860582,2295.841982,2367.63452,2401.118959,2401.365367,2367.63452,3741.637871,3992.403128,4292.182158,3860.114663,4144.88204,4292.182158,4127.230279,4301.052117,4292.182158,4328.727647,4511.157381,4292.182158,1112.218074,1105.54407,0.001001968,0.001005531,0.001008742,0.001011081,2914.815135,2914.815135,2914.815135,5249.427585,5249.427585,5249.427585,5249.427585,5249.427585
1/13/1985,2036.318781,2198.368022,2264.690148,2295.554448,2295.841982,2264.690148,3585.844042,3826.206289,4112.948845,3697.197227,3992.403128,4112.948845,3949.062545,4144.88204,4112.948845,4121.689293,4301.052117,4112.948845,1065.274755,1058.921552,0.001001968,0.001005531,0.001008742,0.001011081,2752.602854,2752.602854,2752.602854,4972.223745,4972.223745,4972.223745,4972.223745,4972.223745
1/14/1985,1951.53477,2112.477869,2169.450887,2198.051909,2198.368022,2169.450887,3447.356216,3695.259612,3953.20076,3552.441061,3826.206289,3953.20076,3790.586144,3992.403128,3953.20076,3946.188215,4144.88204,3953.20076,1022.037251,1015.977966,0.001001968,0.001005531,0.001008742,0.001011081,2612.2803,2612.2803,2612.2803,4753.975654,4753.975654,4753.975654,4753.975654,4753.975654
1/15/1985,1876.948235,2035.2933,2085.570794,2112.14327,2112.477869,2085.570794,3342.453724,3571.120507,3832.614484,3441.692331,3695.259612,3832.614484,3663.79659,3826.206289,3832.614484,3808.741822,3992.403128,3832.614484,983.2769093,977.4797854,0.001001968,0.001005531,0.001008742,0.001011081,2486.750962,2486.750962,2486.750962,4564.609911,4564.609911,4564.609911,4564.609911,4564.609911
1/16/1985,1809.961506,1953.246571,2010.071408,2034.947996,2035.2933,2010.071408,3240.314149,3452.340387,3713.903319,3334.627839,3571.120507,3713.903319,3543.05539,3695.259612,3713.903319,3670.830458,3826.206289,3713.903319,947.4644802,941.9084223,0.001001968,0.001005531,0.001008742,0.001011081,2373.495397,2373.495397,2373.495397,4378.738699,4378.738699,4378.738699,4378.738699,4378.738699
1/17/1985,1738.37992,1878.388082,1929.57847,1952.896931,1953.246571,1929.57847,3110.981798,3338.801583,3563.477675,3200.541594,3452.340387,3563.477675,3404.598525,3571.120507,3563.477675,3529.462556,3695.259612,3563.477675,910.0344787,904.729142,0.001001968,0.001005531,0.001008742,0.001011081,2270.354295,2270.354295,2270.354295,4195.580204,4195.580204,4195.580204,4195.580204,4195.580204
1/18/1985,1672.707802,1807.531862,1856.120099,1878.03901,1878.388082,1856.120099,3008.505894,3230.853147,3444.655489,3093.682141,3338.801583,3444.655489,3288.449453,3452.340387,3444.655489,3404.997912,3571.120507,3444.655489,877.3393524,872.2519492,0.001001968,0.001005531,0.001008742,0.001011081,2175.297813,2175.297813,2175.297813,4031.181321,4031.181321,4031.181321,4031.181321,4031.181321
1/19/1985,1610.491761,1740.496784,1786.534244,1807.187238,1807.531862,1786.534244,2914.120787,3132.653925,3335.423871,2995.134401,3230.853147,3335.423871,3180.932409,3338.801583,3335.423871,3292.411427,3452.340387,3335.423871,846.2524743,841.3713223,0.001001968,0.001005531,0.001008742,0.001011081,2087.076342,2087.076342,2087.076342,3882.758276,3882.758276,3882.758276,3882.758276,3882.758276
1/20/1985,1551.567331,1676.958193,1720.658453,1740.159508,1740.496784,1720.658453,2821.376099,3039.230097,3228.137398,2898.55163,3132.653925,3228.137398,3076.032287,3230.853147,3228.137398,3182.42018,3338.801583,3228.137398,816.8100931,812.123385,0.001001968,0.001005531,0.001008742,0.001011081,2004.766551,2004.766551,2004.766551,3746.129664,3746.129664,3746.129664,3746.129664,3746.129664
1/21/1985,1495.661211,1616.620936,1658.183427,1676.630781,1676.958193,1658.183427,2737.206829,2978.903907,3130.244118,2810.843504,3039.230097,3130.244118,2980.572088,3132.653925,3130.244118,3077.436625,3230.853147,3130.244118,788.8752505,784.3721946,0.001001968,0.001005531,0.001008742,0.001011081,1927.638681,1927.638681,1927.638681,3619.570353,3619.570353,3619.570353,3619.570353,3619.570353
1/22/1985,1442.524947,1559.22758,1598.82633,1616.305245,1616.620936,1598.82633,2656.970548,2901.823957,3037.01994,2727.278149,2978.903907,3037.01994,2889.714508,3039.230097,3037.01994,2982.261237,3132.653925,3037.01994,762.3146744,757.9854546,0.001001968,0.001005531,0.001008742,0.001011081,1854.912659,1854.912659,1854.912659,3498.62926,3498.62926,3498.62926,3498.62926,3498.62926
1/23/1985,1391.94107,1504.554756,1542.339831,1558.925072,1559.22758,1542.339831,2580.192124,2798.560858,2947.896875,2647.362453,2901.823957,2947.896875,2802.924694,2978.903907,2947.896875,2891.798178,3039.230097,2947.896875,737.0125343,732.8481811,0.001001968,0.001005531,0.001008742,0.001011081,1785.593901,1785.593901,1785.593901,3383.273164,3383.273164,3383.273164,3383.273164,3383.273164
1/24/1985,1343.720233,1452.405674,1488.508951,1504.266486,1504.554756,1488.508951,2505.023462,2716.849232,2861.25533,2569.213429,2798.560858,2861.25533,2718.268556,2901.823957,2861.25533,2805.352327,2978.903907,2861.25533,712.869495,708.8617661,0.001001968,0.001005531,0.001008742,0.001011081,1719.50002,1719.50002,1719.50002,3276.266011,3276.266011,3276.266011,3276.266011,3276.266011
1/25/1985,1297.695102,1402.606584,1437.143941,1452.132286,1452.405674,1437.143941,2460.405333,2643.583505,2810.331435,2521.321875,2716.849232,2810.331435,2663.606116,2798.560858,2810.331435,2744.90814,2901.823957,2810.331435,689.798772,685.9400602,0.001001968,0.001005531,0.001008742,0.001011081,1656.790667,1656.790667,1656.790667,3179.289593,3179.289593,3179.289593,3179.289593,3179.289593
1/26/1985,1253.71756,1355.002217,1388.07707,1402.348592,1402.606584,1388.07707,2402.795983,2572.066826,2743.6278,2460.898817,2643.583505,2743.6278,2597.187647,2716.849232,2743.6278,2675.83198,2798.560858,2743.6278,667.7244572,664.0077112,0.001001968,0.001005531,0.001008742,0.001011081,1597.237186,1597.237186,1597.237186,3089.24553,3089.24553,3089.24553,3089.24553,3089.24553
1/27/1985,1211.654988,1309.452652,1341.158321,1354.760013,1355.002217,1341.158321,2319.178377,2502.920173,2646.277358,2375.140399,2572.066826,2646.277358,2506.310049,2643.583505,2646.277358,2582.479526,2716.849232,2646.277358,646.5793059,642.9979672,0.001001968,0.001005531,0.001008742,0.001011081,1540.58871,1540.58871,1540.58871,3000.994954,3000.994954,3000.994954,3000.994954,3000.994954
1/28/1985,1171.387626,1265.833018,1296.252323,1309.226509,1309.452652,1296.252323,2255.391971,2448.528746,2572.590652,2309.068659,2502.920173,2572.590652,2435.094367,2572.066826,2572.590652,2506.09623,2643.583505,2572.590652,626.3029683,622.85092,0.001001968,0.001005531,0.001008742,0.001011081,1486.623962,1486.623962,1486.623962,2916.482063,2916.482063,2916.482063,2916.482063,2916.482063
1/29/1985,1132.807704,1224.028172,1253.237434,1265.622865,1265.833018,1253.237434,2199.094592,2452.028971,2507.594401,2250.49255,2448.528746,2507.594401,2371.54795,2502.920173,2507.594401,2440.252753,2572.066826,2507.594401,606.8418597,603.5133776,0.001001968,0.001005531,0.001008742,0.001011081,1435.148467,1435.148467,1435.148467,2836.276552,2836.276552,2836.276552,2836.276552,2836.276552
1/30/1985,1095.816406,1183.935198,1212.002159,1223.834,1224.028172,1212.002159,2141.339399,2378.362811,2440.747636,2190.616221,2452.028971,2440.747636,2306.888659,2448.528746,2440.747636,2374.016239,2502.920173,2440.747636,588.1469211,584.9366398,0.001001968,0.001005531,0.001008742,0.001011081,1385.990225,1385.990225,1385.990225,2759.512589,2759.512589,2759.512589,2759.512589,2759.512589
1/31/1985,1060.324724,1145.458751,1172.446211,1183.756671,1183.935198,1172.446211,2086.178475,2290.657212,2376.927111,2133.446094,2378.362811,2376.927111,2245.220008,2452.028971,2376.927111,2309.256463,2448.528746,2376.927111,570.1746918,567.0775647,0.001001968,0.001005531,0.001008742,0.001011081,1338.99596,1338.99596,1338.99596,2686.267395,2686.267395,2686.267395,2686.267395,2686.267395
2/1/1985,1026.250701,1112.5533,1134.477303,1145.295777,1145.458751,1134.477303,2041.531612,2231.014757,2325.953253,2086.645825,2290.657212,2325.953253,2193.853066,2378.362811,2325.953253,2258.423101,2452.028971,2325.953253,552.8852455,549.8965183,0.001001968,0.001005531,0.001008742,0.001011081,1294.028295,1294.028295,1294.028295,2613.250574,2613.250574,2613.250574,2613.250574,2613.250574
2/2/1985,996.7187156,1074.852145,1102.051697,1112.405377,1112.5533,1102.051697,2051.297071,2175.474004,2339.349994,2093.827773,2231.014757,2339.349994,2196.357387,2290.657212,2339.349994,2252.802381,2378.362811,2339.349994,540.2219103,537.312287,0.001001968,0.001005531,0.001008742,0.001011081,1251.534054,1251.534054,1251.534054,2551.274747,2551.274747,2551.274747,2551.274747,2551.274747
2/3/1985,963.5289765,1040.318793,1064.804924,1074.718991,1074.852145,1064.804924,1996.092978,2122.596902,2273.561736,2036.860533,2175.474004,2273.561736,2135.264303,2231.014757,2273.561736,2193.529585,2290.657212,2273.561736,521.9547508,519.1587897,0.001001968,0.001005531,0.001008742,0.001011081,1210.5161,1210.5161,1210.5161,2494.457735,2494.457735,2494.457735,2494.457735,2494.457735
2/4/1985,932.9397836,1007.457071,1030.702516,1040.200031,1040.318793,1030.702516,1920.466392,2071.451257,2185.24801,1960.080235,2122.596902,2185.24801,2055.373067,2175.474004,2185.24801,2111.949187,2231.014757,2185.24801,506.1710606,503.4728707,0.001001968,0.001005531,0.001008742,0.001011081,1171.144142,1171.144142,1171.144142,2436.404151,2436.404151,2436.404151,2436.404151,2436.404151
2/5/1985,903.8015675,975.8279259,998.2494147,1007.352289,1007.457071,998.2494147,1872.236639,2022.863269,2129.816555,1910.319787,2071.451257,2129.816555,2002.074622,2122.596902,2129.816555,2055.890877,2175.474004,2129.816555,491.2320286,488.6259917,0.001001968,0.001005531,0.001008742,0.001011081,1133.349896,1133.349896,1133.349896,2379.496888,2379.496888,2379.496888,2379.496888,2379.496888
2/6/1985,875.7494882,945.3972051,967.0087226,975.7367153,975.8279259,967.0087226,1827.694654,1976.664276,2078.305575,1864.253571,2022.863269,2078.305575,1952.501333,2071.451257,2078.305575,2005.35545,2122.596902,2078.305575,476.8060198,474.2886039,0.001001968,0.001005531,0.001008742,0.001011081,1097.055964,1097.055964,1097.055964,2324.881375,2324.881375,2324.881375,2324.881375,2324.881375
2/7/1985,848.7502227,916.1028458,936.9468734,945.3190493,945.3972051,936.9468734,1785.139601,1941.350648,2029.090374,1820.246868,1976.664276,2029.090374,1905.256208,2022.863269,2029.090374,1955.747659,2071.451257,2029.090374,462.8981176,460.4657878,0.001001968,0.001005531,0.001008742,0.001011081,1062.18614,1062.18614,1062.18614,2272.495466,2272.495466,2272.495466,2272.495466,2272.495466
2/8/1985,822.7504335,887.8897314,908.0033626,916.0373682,916.1028458,908.0033626,1745.302855,3287.400527,1982.892179,1779.017817,1941.350648,1982.892179,1860.862801,1976.664276,1982.892179,1909.087874,2022.863269,1982.892179,449.4795353,447.1289605,0.001001968,0.001005531,0.001008742,0.001011081,1028.668685,1028.668685,1028.668685,2220.929268,2220.929268,2220.929268,2220.929268,2220.929268
2/9/1985,797.7023737,860.7069116,880.1243162,887.8364817,887.8897314,880.1243162,1707.011276,6262.44614,1938.418007,1739.393086,3287.400527,1938.418007,1818.145285,1941.350648,1938.418007,1864.829797,1976.664276,1938.418007,436.5260726,434.2540953,0.001001968,0.001005531,0.001008742,0.001011081,995.8660724,995.8660724,995.8660724,2161.786196,2161.786196,2161.786196,2161.786196,2161.786196
2/10/1985,773.5617796,834.5097138,853.2598343,860.6656559,860.7069116,853.2598343,1669.821501,6580.885635,1895.369758,1700.921615,6262.44614,1895.369758,1776.81443,3287.400527,1895.369758,1822.173134,1941.350648,1895.369758,424.0154275,421.8190499,0.001001968,0.001005531,0.001008742,0.001011081,964.6007014,964.6007014,964.6007014,2105.526512,2105.526512,2105.526512,2105.526512,2105.526512
2/11/1985,750.2894808,826.3555823,827.3662502,834.4802723,834.5097138,827.3662502,1641.649353,4719.701108,1862.911716,1671.372238,6580.885635,1862.911716,1744.280782,6262.44614,1862.911716,1788.555432,3287.400527,1862.911716,411.9306851,409.8070349,0.001001968,0.001005531,0.001008742,0.001011081,934.5427405,934.5427405,934.5427405,2056.736302,2056.736302,2056.736302,2056.736302,2056.736302
2/12/1985,751.7708219,2699.971985,828.0486367,820.8731808,826.3555823,828.0486367,2949.488294,4249.234776,3387.184638,2942.249163,4719.701108,3387.184638,2983.776493,6580.885635,3387.184638,2905.840557,6262.44614,3387.184638,408.4760266,406.3731119,0.001001968,0.001005531,0.001008742,0.001011081,906.8006145,906.8006145,906.8006145,2230.069926,2230.069926,2230.069926,2230.069926,2230.069926
2/13/1985,2335.164723,2437.842813,2783.859108,2697.386243,2699.971985,2783.859108,7302.689491,4042.617705,8785.674329,7319.805137,4249.234776,8785.674329,7390.505433,4719.701108,8785.674329,5674.592333,6580.885635,8785.674329,1997.933559,1984.948232,0.001001968,0.001005531,0.001008742,0.001011081,1111.341087,1111.341087,1111.341087,2870.527887,2870.527887,2870.527887,2870.527887,2870.527887
2/14/1985,2150.916674,1650.274926,2470.663328,2439.476883,2437.842813,2470.663328,7074.704016,3626.303074,8376.674056,7096.046705,4042.617705,8376.674056,7024.79662,4249.234776,8376.674056,7539.226532,4719.701108,8376.674056,1455.655264,1446.586898,0.001001968,0.001005531,0.001008742,0.001011081,1282.007031,1282.007031,1282.007031,3572.602491,3572.602491,3572.602491,3572.602491,3572.602491
2/15/1985,1459.27847,1524.540972,1647.36473,1650.462051,1650.274926,1647.36473,3151.339511,3529.318145,3636.410785,3215.703341,3626.303074,3636.410785,3610.416755,4042.617705,3636.410785,3958.217762,4249.234776,3636.410785,908.5142207,903.21904,0.001001968,0.001005531,0.001008742,0.001011081,1418.486369,1418.486369,1418.486369,4018.370971,4018.370971,4018.370971,4018.370971,4018.370971
2/16/1985,1334.565834,1380.909166,1505.451521,1524.639737,1524.540972,1505.451521,3042.857759,3441.872396,3511.61946,3114.279333,3529.318145,3511.61946,3305.785665,3626.303074,3511.61946,3689.308684,4042.617705,3511.61946,836.0967105,831.2827296,0.001001968,0.001005531,0.001008742,0.001011081,1514.818237,1514.818237,1514.818237,4336.951466,4336.951466,4336.951466,4336.951466,4336.951466
2/17/1985,1218.070397,1283.795058,1367.236207,1381.014319,1380.909166,1367.236207,2998.997256,3447.764265,3453.754017,3053.690654,3441.872396,3453.754017,3215.914041,3529.318145,3453.754017,3433.274894,3626.303074,3453.754017,740.4854785,736.2985392,0.001001968,0.001005531,0.001008742,0.001011081,1593.831562,1593.831562,1593.831562,4586.748781,4586.748781,4586.748781,4586.748781,4586.748781
2/18/1985,1152.425102,1192.158072,1287.772241,1283.906401,1283.795058,1287.772241,2848.276729,3553.743145,3273.145839,2880.371421,3447.764265,3273.145839,3018.59573,3441.872396,3273.145839,3199.969764,3529.318145,3273.145839,679.2735557,675.4826106,0.001001968,0.001005531,0.001008742,0.001011081,1661.149908,1661.149908,1661.149908,4808.68581,4808.68581,4808.68581,4808.68581,4808.68581
2/19/1985,1133.236454,1283.648501,1250.097492,1192.206455,1192.158072,1250.097492,2909.021809,3343.491153,3322.370968,2878.702672,3553.743145,3322.370968,2969.448825,3447.764265,3322.370968,3124.822402,3441.872396,3322.370968,594.576032,591.3251583,0.001001968,0.001005531,0.001008742,0.001011081,1713.919412,1713.919412,1713.919412,4807.870281,4807.870281,4807.870281,4807.870281,4807.870281
2/20/1985,1254.215003,1431.245869,1378.695669,1283.708347,1283.648501,1378.695669,3071.392609,3888.715508,3504.726977,3006.241902,3343.491153,3504.726977,3042.176899,3553.743145,3504.726977,3054.911452,3447.764265,3504.726977,630.4729487,626.9943559,0.001001968,0.001005531,0.001008742,0.001011081,1543.167279,1543.167279,1543.167279,4344.948379,4344.948379,4344.948379,4344.948379,4344.948379
2/21/1985,1357.60825,1504.899661,1494.249964,1430.502461,1431.245869,1494.249964,3272.253355,5817.074056,3742.329931,3241.285349,3888.715508,3742.329931,3253.361284,3343.491153,3742.329931,3181.382174,3553.743145,3742.329931,687.2356557,683.3934592,0.001001968,0.001005531,0.001008742,0.001011081,1426.669965,1426.669965,1426.669965,3842.61966,3842.61966,3842.61966,3842.61966,3842.61966
2/22/1985,1420.906707,2058.027921,1550.108668,1489.757976,1504.899661,1550.108668,3455.558305,8671.854472,3934.685196,3426.341102,5817.074056,3934.685196,3426.833541,3888.715508,3934.685196,3363.472664,3343.491153,3934.685196,649.2861617,645.6875216,0.001001968,0.001005531,0.001008742,0.001011081,1356.325529,1356.325529,1356.325529,3634.865326,3634.865326,3634.865326,3634.865326,3634.865326
2/23/1985,2476.303741,3843.486922,2651.265459,2004.737084,2058.027921,2651.265459,4475.497676,9966.335762,4987.291618,3897.387181,8671.854472,4987.291618,3717.274406,5817.074056,4987.291618,3214.947102,3888.715508,4987.291618,813.655955,808.9900245,0.001001968,0.001005531,0.001008742,0.001011081,1371.539309,1371.539309,1371.539309,3562.868006,3562.868006,3562.868006,3562.868006,3562.868006
2/24/1985,4062.836737,5646.022476,4426.462482,3713.422803,3843.486922,4426.462482,6672.948223,9806.171811,7524.277546,6106.484605,9966.335762,7524.277546,5563.652596,8671.854472,7524.277546,4127.634296,5817.074056,7524.277546,1589.877508,1579.853569,0.001001968,0.001005531,0.001008742,0.001011081,1574.086906,1574.086906,1574.086906,3726.319283,3726.319283,3726.319283,3726.319283,3726.319283
2/25/1985,5575.503497,6467.792918,6214.716054,5662.34919,5646.022476,6214.716054,9391.662832,9344.577307,10836.47983,9073.980961,9806.171811,10836.47983,8902.776043,9966.335762,10836.47983,6747.12378,8671.854472,10836.47983,2669.52245,2651.513514,0.001001968,0.001005531,0.001008742,0.001011081,2088.435584,2088.435584,2088.435584,4333.82672,4333.82672,4333.82672,4333.82672,4333.82672
2/26/1985,5582.092203,5157.721636,6306.987079,6496.969329,6467.792918,6306.987079,10301.55007,8324.470687,12082.74408,10724.74148,9344.577307,12082.74408,10855.89272,9806.171811,12082.74408,10096.74698,9966.335762,12082.74408,3033.430345,3012.636371,0.001001968,0.001005531,0.001008742,0.001011081,2774.918182,2774.918182,2774.918182,5343.337135,5343.337135,5343.337135,5343.337135,5343.337135
2/27/1985,4184.554186,3879.916357,4643.444787,5163.056138,5157.721636,4643.444787,8064.297934,7330.404592,9312.887808,8726.694996,8324.470687,9312.887808,9351.977316,9344.577307,9312.887808,10203.12582,9806.171811,9312.887808,1986.159416,1973.26061,0.001001968,0.001005531,0.001008742,0.001011081,3372.541763,3372.541763,3372.541763,6411.291803,6411.291803,6411.291803,6411.291803,6411.291803
2/28/1985,3355.278859,3605.35283,3644.648654,3885.527242,3879.916357,3644.648654,6310.111348,6857.247992,7148.805327,6643.364036,7330.404592,7148.805327,7437.696374,8324.470687,7148.805327,8596.196851,9344.577307,7148.805327,1285.943217,1278.067846,0.001001968,0.001005531,0.001008742,0.001011081,3817.090466,3817.090466,3817.090466,7308.008019,7308.008019,7308.008019,7308.008019,7308.008019
3/1/1985,3163.013795,3373.649405,3455.573761,3607.258589,3605.35283,3455.573761,6312.446212,6278.608774,7201.327187,6550.042348,6857.247992,7201.327187,7067.271481,7330.404592,7201.327187,7746.457645,8324.470687,7201.327187,1308.120928,1300.090691,0.001001968,0.001005531,0.001008742,0.001011081,4175.106349,4175.106349,4175.106349,7974.27335,7974.27335,7974.27335,7974.27335,7974.27335
3/2/1985,2971.504588,3215.416373,3252.733446,3372.428168,3373.649405,3252.733446,6132.839505,7200.894249,7015.739996,6330.931365,6278.608774,7015.739996,6729.608026,6857.247992,7015.739996,7199.393012,7330.404592,7015.739996,1264.861376,1257.132916,0.001001968,0.001005531,0.001008742,0.001011081,4443.256049,4443.256049,4443.256049,8496.856027,8496.856027,8496.856027,8496.856027,8496.856027
3/3/1985,2849.108396,3286.319367,3125.066044,3217.611064,3215.416373,3125.066044,5645.066387,6991.134799,6455.761168,5819.914527,7200.894249,6455.761168,6167.155427,6278.608774,6455.761168,6485.78519,6857.247992,6455.761168,1244.368986,1236.783044,0.001001968,0.001005531,0.001008742,0.001011081,4515.550964,4515.550964,4515.550964,8773.115427,8773.115427,8773.115427,8773.115427,8773.115427
3/4/1985,2706.238733,3943.993375,2970.995176,3053.049228,3286.319367,2970.995176,5412.400564,6820.903802,6193.705746,5572.660195,6991.134799,6193.705746,5892.806923,7200.894249,6193.705746,6168.005234,6278.608774,6193.705746,1200.032513,1192.753924,0.001001968,0.001005531,0.001008742,0.001011081,4265.556211,4265.556211,4265.556211,8596.478851,8596.478851,8596.478851,8596.478851,8596.478851
3/5/1985,3771.316159,4046.584706,4205.337398,4003.028102,3943.993375,4205.337398,6263.631244,6368.039614,7227.033094,6233.19751,6820.903802,7227.033094,6455.104809,6991.134799,7227.033094,5736.426714,7200.894249,7227.033094,1782.828277,1771.413927,0.001001968,0.001005531,0.001008742,0.001011081,3961.161476,3961.161476,3961.161476,8000.364398,8000.364398,8000.364398,8000.364398,8000.364398
3/6/1985,3642.889771,3523.009457,4074.017055,4119.444308,4046.584706,4074.017055,7003.415815,5662.937456,8139.105659,7189.336002,6368.039614,8139.105659,7400.254926,6820.903802,8139.105659,7396.464926,6991.134799,8139.105659,1831.492117,1819.724206,0.001001968,0.001005531,0.001008742,0.001011081,3758.280196,3758.280196,3758.280196,7513.658861,7513.658861,7513.658861,7513.658861,7513.658861
3/7/1985,3014.468609,3390.091309,3355.994404,3509.81009,3523.009457,3355.994404,5515.717836,5568.558187,6365.455402,5785.515596,5662.937456,6365.455402,6264.50396,6368.039614,6365.455402,6647.024091,6820.903802,6365.455402,1498.918293,1489.54303,0.001001968,0.001005531,0.001008742,0.001011081,3651.929371,3651.929371,3651.929371,7131.481872,7131.481872,7131.481872,7131.481872,7131.481872
3/8/1985,3046.981902,3071.998045,3384.297437,3382.574302,3390.091309,3384.297437,5356.631046,3581.944328,6162.878809,5477.308386,5568.558187,6162.878809,5842.042139,5662.937456,6162.878809,6145.65249,6368.039614,6162.878809,1452.890115,1443.841328,0.001001968,0.001005531,0.001008742,0.001011081,3591.619061,3591.619061,3591.619061,6884.498399,6884.498399,6884.498399,6884.498399,6884.498399
3/9/1985,2787.732717,2921.904449,3059.8794,3081.988296,3071.998045,3059.8794,4983.115087,5608.690937,5677.874096,5100.947677,3581.944328,5677.874096,5364.245883,5568.558187,5677.874096,5780.30367,5662.937456,5677.874096,1196.511775,1189.257534,0.001001968,0.001005531,0.001008742,0.001011081,3530.666173,3530.666173,3530.666173,6698.104929,6698.104929,6698.104929,6698.104929,6698.104929
3/10/1985,2806.220143,4409.386172,3061.135171,2923.209346,2921.904449,3061.135171,4601.492046,9452.361944,5201.626221,4558.398415,5608.690937,5201.626221,4851.32966,3581.944328,5201.626221,5032.430944,5568.558187,5201.626221,1133.823488,1127.001266,0.001001968,0.001005531,0.001008742,0.001011081,3481.468567,3481.468567,3481.468567,6515.213028,6515.213028,6515.213028,6515.213028,6515.213028
3/11/1985,3008.004317,5414.704666,3329.67692,3316.709791,4409.386172,3329.67692,4993.888156,10295.77206,5729.319138,5095.85036,9452.361944,5729.319138,5263.617118,5608.690937,5729.319138,5118.318983,3581.944328,5729.319138,1426.300274,1417.439524,0.001001968,0.001005531,0.001008742,0.001011081,3487.828272,3487.828272,3487.828272,6360.538521,6360.538521,6360.538521,6360.538521,6360.538521
3/12/1985,6016.088764,7366.122339,6598.048195,5595.320945,5414.704666,6598.048195,6750.405817,9967.799285,7531.695247,6095.10667,10295.77206,7531.695247,5783.031684,9452.361944,7531.695247,3805.78893,5608.690937,7531.695247,1873.325691,1861.252961,0.001001968,0.001005531,0.001008742,0.001011081,3630.310948,3630.310948,3630.310948,6169.441958,6169.441958,6169.441958,6169.441958,6169.441958
3/13/1985,7788.03082,8064.672622,8691.338869,7800.178161,7366.122339,8691.338869,9945.576691,9409.593509,11473.59956,9464.182679,9967.799285,11473.59956,9332.921432,10295.77206,11473.59956,7301.240018,9452.361944,11473.59956,3361.203603,3337.86913,0.001001968,0.001005531,0.001008742,0.001011081,4048.262828,4048.262828,4048.262828,6204.922723,6204.922723,6204.922723,6204.922723,6204.922723
3/14/1985,6859.073469,5847.035931,7801.399555,8181.866726,8064.672622,7801.399555,10383.32957,8068.147449,12262.64156,11112.84692,9409.593509,12262.64156,11506.77174,9967.799285,12262.64156,10874.23725,10295.77206,12262.64156,3754.375387,3727.9578,0.001001968,0.001005531,0.001008742,0.001011081,4625.831237,4625.831237,4625.831237,6684.189092,6684.189092,6684.189092,6684.189092,6684.189092
3/15/1985,4866.819227,4625.587864,5402.971138,5883.303798,5847.035931,5402.971138,7429.173327,7015.583961,8551.102446,8111.81648,8068.147449,8551.102446,9207.796523,9409.593509,8551.102446,10588.3002,9967.799285,8551.102446,2225.797248,2211.126258,0.001001968,0.001005531,0.001008742,0.001011081,5060.900252,5060.900252,5060.900252,7289.688608,7289.688608,7289.688608,7289.688608,7289.688608
3/16/1985,3939.035842,4094.38275,4326.022466,4650.387266,4625.587864,4326.022466,5620.011811,6306.262376,6374.85508,6101.775054,7015.583961,6374.85508,7040.937059,8068.147449,6374.85508,8411.126549,9409.593509,6374.85508,1641.684931,1631.28953,0.001001968,0.001005531,0.001008742,0.001011081,5364.36417,5364.36417,5364.36417,7772.381519,7772.381519,7772.381519,7772.381519,7772.381519
3/17/1985,3552.378095,3709.808853,3909.017632,4112.601723,4094.38275,3909.017632,5859.590007,5823.202856,6691.661097,6192.012829,6306.262376,6691.661097,6883.104426,7015.583961,6691.661097,7710.234934,8068.147449,6691.661097,1533.657936,1524.035467,0.001001968,0.001005531,0.001008742,0.001011081,5579.683245,5579.683245,5579.683245,8131.284893,8131.284893,8131.284893,8131.284893,8131.284893
3/18/1985,3261.020324,3463.194394,3589.350707,3723.690259,3709.808853,3589.350707,5542.593255,5507.807911,6334.821929,5792.313294,5823.202856,6334.821929,6318.454631,6306.262376,6334.821929,6931.104334,7015.583961,6334.821929,1428.290743,1419.415931,0.001001968,0.001005531,0.001008742,0.001011081,5690.11262,5690.11262,5690.11262,8354.174821,8354.174821,8354.174821,8354.174821,8354.174821
3/19/1985,3074.398522,3275.656908,3388.354195,3472.508277,3463.194394,3388.354195,5094.695965,5571.883663,5823.408052,5291.490326,5507.807911,5823.408052,5733.855489,5823.202856,5823.408052,6140.624121,6306.262376,5823.408052,1378.504754,1369.980935,0.001001968,0.001005531,0.001008742,0.001011081,5516.768193,5516.768193,5516.768193,8540.57431,8540.57431,8540.57431,8540.57431,8540.57431
3/20/1985,2910.653946,3105.194492,3211.041122,3284.346448,3275.656908,3211.041122,4802.621217,5617.312704,5489.7103,4984.526634,5571.883663,5489.7103,5360.24318,5507.807911,5489.7103,5655.719408,5823.202856,5489.7103,1329.154992,1320.97758,0.001001968,0.001005531,0.001008742,0.001011081,5016.00384,5016.00384,5016.00384,8269.71279,8269.71279,8269.71279,8269.71279,8269.71279
3/21/1985,2766.392275,2947.595743,3054.169344,3113.257604,3105.194492,3054.169344,4546.05105,5365.127282,5197.669947,4709.610906,5617.312704,5197.669947,5064.215512,5571.883663,5197.669947,5307.58853,5507.807911,5197.669947,1283.26677,1275.410067,0.001001968,0.001005531,0.001008742,0.001011081,4369.956609,4369.956609,4369.956609,7559.806014,7559.806014,7559.806014,7559.806014,7559.806014
3/22/1985,2616.97359,2868.651089,2890.853161,2953.220461,2947.595743,2890.853161,4330.556525,4957.50077,4952.452016,4491.946751,5365.127282,4952.452016,4818.314774,5617.312704,4952.452016,5044.60528,5571.883663,4952.452016,1230.678093,1223.187206,0.001001968,0.001005531,0.001008742,0.001011081,3873.893727,3873.893727,3873.893727,6752.214558,6752.214558,6752.214558,6752.214558,6752.214558
3/23/1985,2551.82626,2783.365207,2825.75059,2873.230748,2868.651089,2825.75059,4517.860954,4603.947451,5183.488595,4659.52197,4957.50077,5183.488595,4961.498802,5365.127282,5183.488595,5088.951777,5617.312704,5183.488595,1234.935882,1227.415447,0.001001968,0.001005531,0.001008742,0.001011081,3544.316873,3544.316873,3544.316873,6166.891642,6166.891642,6166.891642,6166.891642,6166.891642
3/24/1985,2482.73355,2640.129862,2748.159153,2787.241804,2783.365207,2748.159153,4658.174734,4308.596531,5348.438412,4784.093303,4603.947451,5348.438412,5042.27331,4957.50077,5348.438412,5194.074941,5365.127282,5348.438412,1200.775057,1193.491332,0.001001968,0.001005531,0.001008742,0.001011081,3304.167687,3304.167687,3304.167687,5803.625278,5803.625278,5803.625278,5803.625278,5803.625278
3/25/1985,2366.199423,2505.792224,2615.952017,2643.371246,2640.129862,2615.952017,4387.268917,4184.467014,5027.931708,4497.302942,4308.596531,5027.931708,4774.081233,4603.947451,5027.931708,4942.12135,4957.50077,5027.931708,1138.285075,1131.432201,0.001001968,0.001005531,0.001008742,0.001011081,3123.13245,3123.13245,3123.13245,5558.729238,5558.729238,5558.729238,5558.729238,5558.729238
3/26/1985,2223.44949,2335.755534,2459.986549,2508.529074,2505.792224,2459.986549,3964.860108,4179.515933,4539.456978,4094.441082,4184.467014,4539.456978,4367.22601,4308.596531,4539.456978,4568.481806,4603.947451,4539.456978,1086.967728,1080.466494,0.001001968,0.001005531,0.001008742,0.001011081,2970.157283,2970.157283,2970.157283,5350.97452,5350.97452,5350.97452,5350.97452,5350.97452
3/27/1985,2073.605877,2239.427279,2289.804915,2328.408549,2335.755534,2289.804915,3612.662435,4399.948201,4124.105575,3727.220908,4179.515933,4124.105575,3998.22582,4184.467014,4124.105575,4214.075082,4308.596531,4124.105575,1003.014417,997.0839551,0.001001968,0.001005531,0.001008742,0.001011081,2828.45129,2828.45129,2828.45129,5152.564648,5152.564648,5152.564648,5152.564648,5152.564648
3/28/1985,2013.925002,2202.089262,2221.175287,2236.929919,2239.427279,2221.175287,3440.366391,4893.883596,3919.051866,3531.015728,4399.948201,3919.051866,3761.362485,4179.515933,3919.051866,3922.149347,4184.467014,3919.051866,963.5977844,957.9332677,0.001001968,0.001005531,0.001008742,0.001011081,2695.217916,2695.217916,2695.217916,4960.519769,4960.519769,4960.519769,4960.519769,4960.519769
3/29/1985,1986.209229,2225.594005,2192.671728,2203.909647,2202.089262,2192.671728,3488.643773,5496.494277,3977.828344,3573.635083,4893.883596,3977.828344,3778.30169,4399.948201,3977.828344,3844.820808,4179.515933,3977.828344,961.8481035,956.1953606,0.001001968,0.001005531,0.001008742,0.001011081,2578.948868,2578.948868,2578.948868,4793.806859,4793.806859,4793.806859,4793.806859,4793.806859
3/30/1985,1996.65831,2330.834712,2211.643667,2221.980969,2225.594005,2211.643667,3602.700879,4904.094225,4122.130131,3687.604432,5496.494277,4122.130131,3884.580819,4893.883596,4122.130131,3911.959889,4399.948201,4122.130131,1001.281776,995.3630326,0.001001968,0.001005531,0.001008742,0.001011081,2477.514451,2477.514451,2477.514451,4616.885432,4616.885432,4616.885432,4616.885432,4616.885432
3/31/1985,2008.107078,2771.72297,2239.347868,2282.46709,2330.834712,2239.347868,3861.341388,4647.303359,4443.493839,3981.440996,4904.094225,4443.493839,4185.356993,5496.494277,4443.493839,4132.917578,4893.883596,4443.493839,1073.022202,1066.616174,0.001001968,0.001005531,0.001008742,0.001011081,2400.786412,2400.786412,2400.786412,4464.647694,4464.647694,4464.647694,4464.647694,4464.647694
4/1/1985,2543.776698,3273.251587,2870.776345,2791.434935,2771.72297,2870.776345,4974.588686,4611.374283,5779.394612,5009.769708,4647.303359,5779.394612,5215.494814,4904.094225,5779.394612,4650.185113,5496.494277,5779.394612,1459.695833,1450.598851,0.001001968,0.001005531,0.001008742,0.001011081,2401.057154,2401.057154,2401.057154,4440.46553,4440.46553,4440.46553,4440.46553,4440.46553
4/2/1985,2938.735797,2535.919415,3327.196407,3304.579181,3273.251587,3327.196407,5713.928919,4163.91511,6668.953014,5820.864632,4611.374283,6668.953014,5843.140487,4647.303359,6668.953014,5664.146468,4904.094225,6668.953014,1697.549445,1686.751933,0.001001968,0.001005531,0.001008742,0.001011081,2461.565035,2461.565035,2461.565035,4574.993315,4574.993315,4574.993315,4574.993315,4574.993315
4/3/1985,2180.815941,2173.470146,2433.375096,2523.569682,2535.919415,2433.375096,3915.908587,4130.332416,4490.958514,4098.203891,4163.91511,4490.958514,4510.532733,4611.374283,4490.958514,4888.579052,4647.303359,4490.958514,1151.454353,1144.510919,0.001001968,0.001005531,0.001008742,0.001011081,2504.564069,2504.564069,2504.564069,4688.859377,4688.859377,4688.859377,4688.859377,4688.859377
4/4/1985,2088.432988,2247.76612,2294.256917,2181.965703,2173.470146,2294.256917,3411.910206,4122.392652,3847.714159,3381.554415,4130.332416,3847.714159,3705.8994,4163.91511,3847.714159,4146.792946,4611.374283,3847.714159,947.7865773,942.2283564,0.001001968,0.001005531,0.001008742,0.001011081,2509.580707,2509.580707,2509.580707,4761.420928,4761.420928,4761.420928,4761.420928,4761.420928
4/5/1985,2192.702197,2400.987306,2404.162871,2249.243596,2247.76612,2404.162871,3735.273072,4641.555953,4228.10658,3656.923286,4122.392652,4228.10658,3794.333109,4130.332416,4228.10658,3981.180975,4163.91511,4228.10658,985.2451418,979.4347364,0.001001968,0.001005531,0.001008742,0.001011081,2505.697748,2505.697748,2505.697748,4783.082868,4783.082868,4783.082868,4783.082868,4783.082868
4/6/1985,2168.831907,2274.879131,2387.869198,2392.225577,2400.987306,2387.869198,3690.630007,4533.232683,4190.288014,3774.544518,4641.555953,4190.288014,3855.316231,4122.392652,4190.288014,3803.456791,4130.332416,4190.288014,1024.347491,1018.272541,0.001001968,0.001005531,0.001008742,0.001011081,2512.147951,2512.147951,2512.147951,4769.773933,4769.773933,4769.773933,4769.773933,4769.773933
4/7/1985,1933.327583,2367.599594,2122.127977,2242.250844,2274.879131,2122.127977,3570.353558,4121.368726,4047.484242,3755.378382,4533.232683,4047.484242,3935.899587,4641.555953,4047.484242,3995.972379,4122.392652,4047.484242,892.4160496,887.2282775,0.001001968,0.001005531,0.001008742,0.001011081,2508.022032,2508.022032,2508.022032,4752.133038,4752.133038,4752.133038,4752.133038,4752.133038
4/8/1985,2133.981015,2518.922732,2371.244295,2380.784102,2367.599594,2371.244295,3731.239458,3828.497179,4263.250323,3829.982719,4121.368726,4263.250323,4128.236195,4533.232683,4263.250323,3888.88918,4641.555953,4263.250323,1092.515062,1085.975914,0.001001968,0.001005531,0.001008742,0.001011081,2472.788529,2472.788529,2472.788529,4639.893806,4639.893806,4639.893806,4639.893806,4639.893806
4/9/1985,2282.644246,2189.10087,2549.684649,2545.250002,2518.922732,2549.684649,4311.845978,3512.844222,4966.150386,4397.554885,3828.497179,4966.150386,4572.366532,4121.368726,4966.150386,4605.762705,4533.232683,4966.150386,1223.576253,1216.134622,0.001001968,0.001005531,0.001008742,0.001011081,2399.622267,2399.622267,2399.622267,4475.090718,4475.090718,4475.090718,4475.090718,4475.090718
4/10/1985,1926.324466,1798.477903,2133.664625,2195.199266,2189.10087,2133.664625,3601.801621,3215.855887,4113.647615,3733.126443,3512.844222,4113.647615,3981.463716,3828.497179,4113.647615,4300.650316,4121.368726,4113.647615,978.6961125,972.9298863,0.001001968,0.001005531,0.001008742,0.001011081,2335.370567,2335.370567,2335.370567,4360.935517,4360.935517,4360.935517,4360.935517,4360.935517
4/11/1985,1572.424326,1626.466208,1724.293667,1798.60064,1798.477903,1724.293667,2881.938325,3097.766864,3250.903825,3009.718644,3215.855887,3250.903825,3284.828975,3512.844222,3250.903825,3665.639318,3828.497179,3250.903825,739.3965883,735.216732,0.001001968,0.001005531,0.001008742,0.001011081,2280.613104,2280.613104,2280.613104,4268.518518,4268.518518,4268.518518,4268.518518,4268.518518
4/12/1985,1451.57099,1566.985496,1586.969681,1625.923325,1626.466208,1586.969681,2750.347626,3045.078642,3095.80605,2835.801242,3097.766864,3095.80605,3044.156873,3215.855887,3095.80605,3301.793356,3512.844222,3095.80605,666.5434489,662.834281,0.001001968,0.001005531,0.001008742,0.001011081,2211.254373,2211.254373,2211.254373,4175.129898,4175.129898,4175.129898,4175.129898,4175.129898
4/13/1985,1407.020031,1589.136054,1540.086982,1561.975177,1566.985496,1540.086982,2726.088454,2996.363589,3074.964417,2792.379599,3045.078642,3074.964417,2953.748444,3097.766864,3074.964417,3101.577397,3215.855887,3074.964417,657.5596869,653.9081054,0.001001968,0.001005531,0.001008742,0.001011081,2115.661982,2115.661982,2115.661982,4063.90124,4063.90124,4063.90124,4063.90124,4063.90124
4/14/1985,1453.224578,1649.152151,1594.964275,1586.190303,1589.136054,1594.964275,2704.944512,2912.225815,3055.323965,2745.030443,2996.363589,3055.323965,2880.066595,3045.078642,3055.323965,2926.494171,3097.766864,3055.323965,696.2296636,692.3294789,0.001001968,0.001005531,0.001008742,0.001011081,2021.078404,2021.078404,2021.078404,3888.388494,3888.388494,3888.388494,3888.388494,3888.388494
4/15/1985,1465.65375,1458.011304,1619.335393,1652.064228,1649.152151,1619.335393,2716.371741,2762.267158,3085.158726,2802.517761,2912.225815,3085.158726,2921.886556,2996.363589,3085.158726,2906.589341,3045.078642,3085.158726,751.1139878,746.8578404,0.001001968,0.001005531,0.001008742,0.001011081,1902.261354,1902.261354,1902.261354,3707.479352,3707.479352,3707.479352,3707.479352,3707.479352
4/16/1985,1303.121039,1387.820441,1429.782292,1458.56281,1458.011304,1429.782292,2533.670312,2663.471175,2860.456458,2604.930855,2762.267158,2860.456458,2776.601295,2912.225815,2860.456458,2921.522176,2996.363589,2860.456458,631.0898783,627.6073564,0.001001968,0.001005531,0.001008742,0.001011081,1763.497788,1763.497788,1763.497788,3484.158199,3484.158199,3484.158199,3484.158199,3484.158199
4/17/1985,1252.881162,1371.441754,1372.501113,1389.652247,1387.820441,1372.501113,2397.35005,2873.472978,2700.759986,2455.234606,2663.471175,2700.759986,2588.315486,2762.267158,2700.759986,2726.098316,2912.225815,2700.759986,599.524943,596.2427822,0.001001968,0.001005531,0.001008742,0.001011081,1642.666264,1642.666264,1642.666264,3270.23872,3270.23872,3270.23872,3270.23872,3270.23872
4/18/1985,1232.895836,1339.281965,1353.32137,1372.687954,1371.441754,1353.32137,2393.167012,2895.190636,2704.597275,2452.581706,2873.472978,2704.597275,2569.325047,2663.471175,2704.597275,2638.290669,2762.267158,2704.597275,604.6223192,601.3078964,0.001001968,0.001005531,0.001008742,0.001011081,1563.330847,1563.330847,1563.330847,3097.189242,3097.189242,3097.189242,3097.189242,3097.189242
4/19/1985,1216.223913,1488.260711,1336.887775,1331.713328,1339.281965,1336.887775,2343.468684,2827.501397,2649.948692,2378.51138,2895.190636,2649.948692,2519.532702,2873.472978,2649.948692,2564.215941,2663.471175,2649.948692,608.1563237,604.8195121,0.001001968,0.001005531,0.001008742,0.001011081,1513.287586,1513.287586,1513.287586,2972.978966,2972.978966,2972.978966,2972.978966,2972.978966
4/20/1985,1398.542951,1714.733165,1544.569339,1491.244342,1488.260711,1544.569339,2504.422628,2669.851272,2840.15672,2503.365207,2827.501397,2840.15672,2588.764381,2895.190636,2840.15672,2498.764048,2873.472978,2840.15672,720.9582108,716.898084,0.001001968,0.001005531,0.001008742,0.001011081,1489.864782,1489.864782,1489.864782,2884.971874,2884.971874,2884.971874,2884.971874,2884.971874
4/21/1985,1519.388307,1380.406105,1697.387909,1720.208491,1714.733165,1697.387909,2796.145256,2669.59606,3212.950505,2879.86227,2669.851272,3212.950505,2942.593205,2827.501397,3212.950505,2799.982215,2895.190636,3212.950505,864.6780639,859.6747794,0.001001968,0.001005531,0.001008742,0.001011081,1493.619966,1493.619966,1493.619966,2863.520266,2863.520266,2863.520266,2863.520266,2863.520266
4/22/1985,1195.808459,1173.619283,1323.389447,1380.686656,1380.406105,1323.389447,2402.451575,2504.097947,2732.591608,2500.636849,2669.59606,2732.591608,2715.723648,2669.851272,2732.591608,2895.879437,2827.501397,2732.591608,643.44706,639.8857295,0.001001968,0.001005531,0.001008742,0.001011081,1471.833769,1471.833769,1471.833769,2859.958004,2859.958004,2859.958004,2859.958004,2859.958004
4/23/1985,1030.946069,1113.015645,1130.506248,1173.316561,1173.619283,1130.506248,2049.975541,2449.721324,2305.255856,2126.010895,2504.097947,2305.255856,2283.093808,2669.59606,2305.255856,2543.834083,2669.851272,2305.255856,513.7124692,510.967616,0.001001968,0.001005531,0.001008742,0.001011081,1432.100353,1432.100353,1432.100353,2824.875101,2824.875101,2824.875101,2824.875101,2824.875101
4/24/1985,1035.780226,1208.89569,1131.004609,1113.531845,1113.015645,1131.004609,2129.237906,2378.305484,2384.433064,2144.543946,2449.721324,2384.433064,2261.576573,2504.097947,2384.433064,2297.910027,2669.59606,2384.433064,493.0732346,490.4558608,0.001001968,0.001005531,0.001008742,0.001011081,1393.051869,1393.051869,1393.051869,2772.097704,2772.097704,2772.097704,2772.097704,2772.097704
4/25/1985,1067.881505,1168.674191,1177.98932,1208.909473,1208.89569,1177.98932,2319.025419,2288.983117,2631.598252,2384.015682,2378.305484,2631.598252,2445.541811,2449.721324,2631.598252,2479.78985,2504.097947,2631.598252,563.6389,560.5828036,0.001001968,0.001005531,0.001008742,0.001011081,1363.185764,1363.185764,1363.185764,2744.098461,2744.098461,2744.098461,2744.098461,2744.098461
4/26/1985,1053.95626,1199.498523,1162.460645,1168.94805,1168.674191,1162.460645,2172.373161,2207.068682,2456.493641,2214.373694,2288.983117,2456.493641,2334.982438,2378.305484,2456.493641,2349.668831,2449.721324,2456.493641,556.5208728,553.5093889,0.001001968,0.001005531,0.001008742,0.001011081,1338.42542,1338.42542,1338.42542,2710.005604,2710.005604,2710.005604,2710.005604,2710.005604
4/27/1985,1070.006445,993.5735267,1181.950169,1200.230809,1199.498523,1181.950169,2123.843065,2075.256539,2406.620027,2179.408614,2207.068682,2406.620027,2253.865108,2288.983117,2406.620027,2317.247738,2378.305484,2406.620027,571.3810765,568.2763689,0.001001968,0.001005531,0.001008742,0.001011081,1299.870769,1299.870769,1299.870769,2679.89763,2679.89763,2679.89763,2679.89763,2679.89763
4/28/1985,888.6310817,951.1745032,973.6865679,994.0947682,993.5735267,973.6865679,1872.694526,2652.32959,2106.726859,1919.992046,2075.256539,2106.726859,2068.491766,2207.068682,2106.726859,2208.564677,2288.983117,2106.726859,448.2974286,445.9540399,0.001001968,0.001005531,0.001008742,0.001011081,1220.3679,1220.3679,1220.3679,2599.438826,2599.438826,2599.438826,2599.438826,2599.438826
4/29/1985,855.8092434,924.1121781,938.8016843,951.5362465,951.1745032,938.8016843,1793.466955,5872.087435,2018.704212,1832.697854,2652.32959,2018.704212,1931.639008,2075.256539,2018.704212,2047.605704,2207.068682,2018.704212,439.5984018,437.3078119,0.001001968,0.001005531,0.001008742,0.001011081,1147.97161,1147.97161,1147.97161,2485.429936,2485.429936,2485.429936,2485.429936,2485.429936
4/30/1985,832.7928455,892.267278,913.9352691,924.4871344,924.1121781,913.9352691,1794.2831,9083.383298,2023.71555,1829.689721,5872.087435,2023.71555,1911.10146,2652.32959,2023.71555,1981.231752,2075.256539,2023.71555,431.3680051,429.1272347,0.001001968,0.001005531,0.001008742,0.001011081,1104.079843,1104.079843,1104.079843,2383.494023,2383.494023,2383.494023,2383.494023,2383.494023
5/1/1985,804.072616,986.0663941,882.5020059,892.3204705,892.267278,882.5020059,1725.850303,6479.153595,1945.93926,1759.624755,9083.383298,1945.93926,1840.049584,5872.087435,1945.93926,1901.85113,2652.32959,1945.93926,419.1118684,416.9450369,0.001001968,0.001005531,0.001008742,0.001011081,1069.607674,1069.607674,1069.607674,2305.618986,2305.618986,2305.618986,2305.618986,2305.618986
5/2/1985,825.1179417,2090.150139,907.4821243,915.9826216,986.0663941,907.4821243,2416.778121,4847.51531,2749.378947,2442.884891,6479.153595,2749.378947,2494.343116,9083.383298,2749.378947,2385.286806,5872.087435,2749.378947,437.4754178,435.1976912,0.001001968,0.001005531,0.001008742,0.001011081,1030.589385,1030.589385,1030.589385,2322.058564,2322.058564,2322.058564,2322.058564,2322.058564
5/3/1985,1771.655056,2332.94726,2051.137413,2035.385953,2090.150139,2051.137413,7563.991172,3906.565598,8780.846783,7620.680098,4847.51531,8780.846783,7652.359568,6479.153595,8780.846783,5374.173327,9083.383298,8780.846783,1290.291548,1282.385839,0.001001968,0.001005531,0.001008742,0.001011081,1122.118848,1122.118848,1122.118848,2999.268482,2999.268482,2999.268482,2999.268482,2999.268482
5/4/1985,2075.846885,1156.101064,2378.121864,2390.677051,2332.94726,2378.121864,9789.245927,3326.939573,11482.41126,9813.321878,3906.565598,11482.41126,9709.118813,4847.51531,11482.41126,10084.01051,6479.153595,11482.41126,1353.805099,1345.454849,0.001001968,0.001005531,0.001008742,0.001011081,1260.738425,1260.738425,1260.738425,4139.001382,4139.001382,4139.001382,4139.001382,4139.001382
5/5/1985,1048.015951,1019.427548,1158.173594,1165.372679,1156.101064,1158.173594,4209.856506,2890.022687,4774.324093,4233.835594,3326.939573,4774.324093,4646.804505,3906.565598,4774.324093,5777.764318,4847.51531,4774.324093,545.8510874,542.9063312,0.001001968,0.001005531,0.001008742,0.001011081,1324.435751,1324.435751,1324.435751,4709.360608,4709.360608,4709.360608,4709.360608,4709.360608
5/6/1985,908.1813068,1104.17598,1008.209261,1002.625153,1019.427548,1008.209261,2727.151234,2598.918512,3060.945275,2754.420206,2890.022687,3060.945275,2947.513673,3326.939573,3060.945275,3563.385379,3906.565598,3060.945275,510.0323009,507.310231,0.001001968,0.001005531,0.001008742,0.001011081,1343.785719,1343.785719,1343.785719,4976.108292,4976.108292,4976.108292,4976.108292,4976.108292
5/7/1985,1009.128464,1016.609969,1128.766309,1124.408074,1104.17598,1128.766309,2908.773887,2382.490642,3293.658044,2942.491542,2598.918512,3293.658044,3017.805584,2890.022687,3293.658044,3125.312963,3326.939573,3293.658044,597.5300144,594.2604698,0.001001968,0.001005531,0.001008742,0.001011081,1367.277358,1367.277358,1367.277358,5134.962133,5134.962133,5134.962133,5134.962133,5134.962133
5/8/1985,913.172081,832.5177933,1017.549786,1033.266759,1016.609969,1017.549786,2667.521113,2224.031982,3023.109099,2712.626516,2382.490642,3023.109099,2794.254999,2598.918512,3023.109099,3013.678111,2890.022687,3023.109099,532.3817237,529.5209492,0.001001968,0.001005531,0.001008742,0.001011081,1385.407453,1385.407453,1385.407453,5285.853364,5285.853364,5285.853364,5285.853364,5285.853364
5/9/1985,744.6897313,782.4418905,821.3079968,834.0100006,832.5177933,821.3079968,2144.233845,1990.26901,2405.248921,2179.306469,2224.031982,2405.248921,2291.265918,2382.490642,2405.248921,2532.559962,2598.918512,2405.248921,406.4714821,404.3805875,0.001001968,0.001005531,0.001008742,0.001011081,1382.476514,1382.476514,1382.476514,5286.502244,5286.502244,5286.502244,5286.502244,5286.502244
5/10/1985,703.8228909,757.1763165,775.2736233,783.148936,782.4418905,775.2736233,1982.217848,2405.376787,2221.089221,2011.182495,1990.26901,2221.089221,2089.184178,2224.031982,2221.089221,2233.017631,2382.490642,2221.089221,382.7569468,380.8076045,0.001001968,0.001005531,0.001008742,0.001011081,1234.819144,1234.819144,1234.819144,4604.35987,4604.35987,4604.35987,4604.35987,4604.35987
5/11/1985,682.5102281,744.6548917,751.6517083,757.7873739,757.1763165,751.6517083,1936.868185,2181.975125,2173.66162,1962.647365,2405.376787,2173.66162,2026.825467,1990.26901,2173.66162,2110.339999,2224.031982,2173.66162,372.3411851,370.4536232,0.001001968,0.001005531,0.001008742,0.001011081,1037.399298,1037.399298,1037.399298,3438.816178,3438.816178,3438.816178,3438.816178,3438.816178
5/12/1985,662.8558739,691.0779761,729.8387304,735.5510237,744.6548917,729.8387304,1865.736941,2098.568395,2093.671527,1890.352089,2181.975125,2093.671527,1950.553947,2405.376787,2093.671527,2018.094264,1990.26901,2093.671527,362.5306115,360.7010135,0.001001968,0.001005531,0.001008742,0.001011081,926.7783737,926.7783737,926.7783737,2840.876097,2840.876097,2840.876097,2840.876097,2840.876097
5/13/1985,608.9414731,654.0275943,667.5633525,693.3823456,691.0779761,667.5633525,1668.924708,2427.912058,1859.974812,1713.433542,2098.568395,1859.974812,1764.201235,2181.975125,1859.974812,1828.169525,2405.376787,1859.974812,318.4584078,316.8863162,0.001001968,0.001005531,0.001008742,0.001011081,866.8122862,866.8122862,866.8122862,2537.172639,2537.172639,2537.172639,2537.172639,2537.172639
5/14/1985,643.1899857,790.4799821,702.2274513,661.3623697,654.0275943,702.2274513,2060.448468,2873.598532,2325.427263,2030.078338,2427.912058,2325.427263,2097.631081,2098.568395,2325.427263,2162.16596,2181.975125,2325.427263,322.3028607,320.7085038,0.001001968,0.001005531,0.001008742,0.001011081,807.9002478,807.9002478,807.9002478,2419.65361,2419.65361,2419.65361,2419.65361,2419.65361
5/15/1985,720.0496341,726.4434094,799.2813191,791.2007112,790.4799821,799.2813191,1966.088805,3878.814022,2226.858549,1978.8893,2873.598532,2226.858549,2002.773905,2427.912058,2226.858549,1982.658921,2098.568395,2226.858549,425.0119729,422.8095848,0.001001968,0.001005531,0.001008742,0.001011081,767.6681281,767.6681281,767.6681281,2282.785126,2282.785126,2282.785126,2282.785126,2282.785126
5/16/1985,634.8213022,865.0058027,699.713391,722.8628805,726.4434094,699.713391,1835.059329,3622.246633,2069.405612,1873.78443,3878.814022,2069.405612,1915.898304,2873.598532,2069.405612,1985.96584,2427.912058,2069.405612,355.1632158,353.3769981,0.001001968,0.001005531,0.001008742,0.001011081,743.4156487,743.4156487,743.4156487,2191.836377,2191.836377,2191.836377,2191.836377,2191.836377
5/17/1985,623.0914609,1268.740985,681.9698279,682.2705728,865.0058027,681.9698279,2124.66131,3192.938364,2400.297468,2134.721982,3622.246633,2400.297468,2181.624596,3878.814022,2400.297468,2177.386166,2873.598532,2400.297468,323.556225,321.9546008,0.001001968,0.001005531,0.001008742,0.001011081,727.1396605,727.1396605,727.1396605,2203.712195,2203.712195,2203.712195,2203.712195,2203.712195
5/18/1985,1225.91785,1279.121772,1353.378621,1302.984584,1268.740985,1353.378621,3319.122457,3031.835906,3765.61094,3311.915446,3192.938364,3765.61094,3189.031161,3622.246633,3765.61094,2666.6561,3878.814022,3765.61094,560.0989993,557.0650991,0.001001968,0.001005531,0.001008742,0.001011081,775.1016198,775.1016198,775.1016198,2345.788407,2345.788407,2345.788407,2345.788407,2345.788407
5/19/1985,1651.168832,1910.579586,1780.888218,1390.057313,1279.121772,1780.888218,4443.623957,3333.044367,5036.328906,4074.457861,3031.835906,5036.328906,4057.229739,3192.938364,5036.328906,3981.125238,3622.246633,5036.328906,601.5542163,598.2592163,0.001001968,0.001005531,0.001008742,0.001011081,855.777093,855.777093,855.777093,2658.045913,2658.045913,2658.045913,2658.045913,2658.045913
5/20/1985,1609.91443,1094.523282,1828.21219,1924.096066,1910.579586,1828.21219,3598.466991,2604.355221,4187.842893,3757.860931,3333.044367,4187.842893,3738.644022,3031.835906,4187.842893,3435.412577,3192.938364,4187.842893,1048.520136,1042.281007,0.001001968,0.001005531,0.001008742,0.001011081,1001.982278,1001.982278,1001.982278,2905.312343,2905.312343,2905.312343,2905.312343,2905.312343
5/21/1985,850.9343998,1043.778579,925.9925576,1095.461881,1094.523282,925.9925576,2388.909045,2136.307526,2694.066417,2572.900456,2604.355221,2694.066417,2783.617649,3333.044367,2694.066417,3323.365011,3031.835906,2694.066417,400.0201299,397.9678633,0.001001968,0.001005531,0.001008742,0.001011081,1082.56372,1082.56372,1082.56372,3032.888221,3032.888221,3032.888221,3032.888221,3032.888221
5/22/1985,884.9951441,771.7278642,987.2477917,1044.255101,1043.778579,987.2477917,1983.096331,1921.514136,2247.613958,2073.753015,2136.307526,2247.613958,2342.339928,2604.355221,2247.613958,2417.47049,3333.044367,2247.613958,532.9670839,530.1026657,0.001001968,0.001005531,0.001008742,0.001011081,1149.795334,1149.795334,1149.795334,3159.871135,3159.871135,3159.871135,3159.871135,3159.871135
5/23/1985,689.8188727,726.0830988,749.2918653,772.1132795,771.7278642,749.2918653,2424.739206,1816.523645,2753.664757,2449.83848,1921.514136,2753.664757,2538.902888,2136.307526,2753.664757,2996.201254,2604.355221,2753.664757,325.5326609,323.9195683,0.001001968,0.001005531,0.001008742,0.001011081,1166.219916,1166.219916,1166.219916,3284.211001,3284.211001,3284.211001,3284.211001,3284.211001
5/24/1985,654.1955876,695.6940557,710.1429738,726.4051879,726.0830988,710.1429738,1820.671381,1534.740182,2038.746126,1848.863339,1816.523645,2038.746126,1912.457291,1921.514136,2038.746126,2027.268739,2136.307526,2038.746126,308.6655094,307.1499538,0.001001968,0.001005531,0.001008742,0.001011081,1174.768786,1174.768786,1174.768786,3260.006296,3260.006296,3260.006296,3260.006296,3260.006296
5/25/1985,628.0582278,668.4394075,682.1443891,695.977282,695.6940557,682.1443891,1739.815161,1536.791603,1949.978893,1765.189945,1534.740182,1949.978893,1820.818979,1816.523645,1949.978893,1896.144831,1921.514136,1949.978893,300.0648295,298.5987088,0.001001968,0.001005531,0.001008742,0.001011081,1118.995901,1118.995901,1118.995901,3086.795518,3086.795518,3086.795518,3086.795518,3086.795518
5/26/1985,603.3359766,703.5747025,655.4413846,667.5656922,668.4394075,655.4413846,1598.987807,3459.543526,1787.99293,1623.521498,1536.791603,1787.99293,1676.904053,1534.740182,1787.99293,1740.020192,1816.523645,1787.99293,290.7331749,289.320453,0.001001968,0.001005531,0.001008742,0.001011081,1029.58961,1029.58961,1029.58961,2732.473353,2732.473353,2732.473353,2732.473353,2732.473353
5/27/1985,612.0834149,1229.571264,666.955441,676.9436162,703.5747025,666.955441,1560.027902,4040.410171,1746.871167,1584.347021,3459.543526,1746.871167,1628.074876,1536.791603,1746.871167,1653.018405,1534.740182,1746.871167,304.566296,303.0743277,0.001001968,0.001005531,0.001008742,0.001011081,880.7775969,880.7775969,880.7775969,2459.109762,2459.109762,2459.109762,2459.109762,2459.109762
5/28/1985,761.3019242,1821.765995,847.0994441,890.5957995,1229.571264,847.0994441,1756.404069,3495.33828,1960.174943,1835.973735,4040.410171,1960.174943,1868.724025,3459.543526,1960.174943,1450.109063,1536.791603,1960.174943,446.8677611,444.5330597,0.001001968,0.001005531,0.001008742,0.001011081,821.8883398,821.8883398,821.8883398,2246.408955,2246.408955,2246.408955,2246.408955,2246.408955
5/29/1985,1829.228246,1792.288655,2068.961311,1972.175368,1821.765995,2068.961311,2971.210268,4020.820856,3388.08855,2993.997208,3495.33828,3388.08855,3014.791543,4040.410171,3388.08855,1889.395014,3459.543526,3388.08855,1005.763938,999.8148755,0.001001968,0.001005531,0.001008742,0.001011081,902.5093261,902.5093261,902.5093261,2155.253934,2155.253934,2155.253934,2155.253934,2155.253934
5/30/1985,1906.252713,1554.593139,2137.849067,1932.004378,1792.288655,2137.849067,4079.582348,4322.789995,4709.818673,3951.127742,4020.820856,4709.818673,4044.328164,3495.33828,4709.818673,4253.619371,4040.410171,4709.818673,1036.793417,1030.633995,0.001001968,0.001005531,0.001008742,0.001011081,1047.902679,1047.902679,1047.902679,2289.874393,2289.874393,2289.874393,2289.874393,2289.874393
5/31/1985,1287.091439,1460.115951,1453.233777,1505.008757,1554.593139,1453.233777,2937.982091,3755.522986,3389.271927,3040.723072,4322.789995,3389.271927,3233.47622,4020.820856,3389.271927,3640.029873,3495.33828,3389.271927,811.1035611,806.4544366,0.001001968,0.001005531,0.001008742,0.001011081,1163.650222,1163.650222,1163.650222,2494.737396,2494.737396,2494.737396,2494.737396,2494.737396
6/1/1985,1101.31076,1296.076037,1237.320265,1483.22682,1460.115951,1237.320265,2985.548565,4035.3022,3353.079102,3292.752876,3755.522986,3353.079102,3291.202372,4322.789995,3353.079102,2959.100814,4020.820856,3353.079102,627.5183075,624.0585252,0.001001968,0.001005531,0.001008742,0.001011081,1257.310117,1257.310117,1257.310117,2752.122699,2752.122699,2752.122699,2752.122699,2752.122699
6/2/1985,1695.263856,2201.058687,1836.226242,1333.576267,1296.076037,1836.226242,4106.252317,4496.747833,4606.40978,3643.427188,4035.3022,4606.40978,3905.71343,3755.522986,4606.40978,4050.336161,4322.789995,4606.40978,669.745163,666.0154468,0.001001968,0.001005531,0.001008742,0.001011081,1374.01679,1374.01679,1374.01679,3121.210568,3121.210568,3121.210568,3121.210568,3121.210568
6/3/1985,1838.69991,1201.373338,2120.074612,2204.521777,2201.058687,2120.074612,3972.982213,5277.637668,4659.429665,4146.882931,4496.747833,4659.429665,4131.190596,4035.3022,4659.429665,3907.298024,3755.522986,4659.429665,1320.075789,1311.961939,0.001001968,0.001005531,0.001008742,0.001011081,1554.686267,1554.686267,1554.686267,3424.646389,3424.646389,3424.646389,3424.646389,3424.646389
6/4/1985,954.8320107,827.8602837,1044.147188,1202.77864,1201.373338,1044.147188,2679.863877,4153.154346,3025.753544,2858.129969,5277.637668,3025.753544,3055.78055,4496.747833,3025.753544,3794.816492,4035.3022,3025.753544,464.6504087,462.207378,0.001001968,0.001005531,0.001008742,0.001011081,1625.425465,1625.425465,1625.425465,3676.202299,3676.202299,3676.202299,3676.202299,3676.202299
6/5/1985,698.7638637,1198.635692,744.6746414,814.5031392,827.8602837,744.6746414,2731.243173,3626.874111,3028.134134,2807.690643,4153.154346,3028.134134,3000.515742,5277.637668,3028.134134,3091.625937,4496.747833,3028.134134,250.2586767,249.0744936,0.001001968,0.001005531,0.001008742,0.001011081,1510.276754,1510.276754,1510.276754,3955.673624,3955.673624,3955.673624,3955.673624,3955.673624
6/6/1985,1042.082419,1200.674449,1165.876354,1204.28332,1198.635692,1165.876354,4284.628352,3054.664514,4890.72378,4347.687152,3626.874111,4890.72378,4426.417683,4153.154346,4890.72378,4015.893706,5277.637668,4890.72378,621.328282,617.9078695,0.001001968,0.001005531,0.001008742,0.001011081,1417.003423,1417.003423,1417.003423,4064.575779,4064.575779,4064.575779,4064.575779,4064.575779
6/7/1985,1089.778497,926.0509328,1202.757495,1200.11108,1200.674449,1202.757495,4674.005863,2479.483923,5375.188772,4668.185286,3054.664514,5375.188772,4649.415648,3626.874111,5375.188772,5160.878082,4153.154346,5375.188772,566.6595415,563.58449,0.001001968,0.001005531,0.001008742,0.001011081,1356.827109,1356.827109,1356.827109,4250.401018,4250.401018,4250.401018,4250.401018,4250.401018
6/8/1985,819.3369219,969.4607317,899.2418189,922.3702351,926.0509328,899.2418189,2986.485702,2135.642646,3385.071706,3019.9541,2479.483923,3385.071706,3190.041852,3054.664514,3385.071706,3413.802593,3626.874111,3385.071706,417.6109353,415.4531379,0.001001968,0.001005531,0.001008742,0.001011081,1310.823877,1310.823877,1310.823877,4257.398536,4257.398536,4257.398536,4257.398536,4257.398536
6/9/1985,867.6929885,801.3815944,963.5233893,978.1310419,969.4607317,963.5233893,2892.881796,2023.039565,3297.821311,2924.79395,2135.642646,3297.821311,3008.365532,2479.483923,3297.821311,3162.300264,3054.664514,3297.821311,494.8049957,492.1769534,0.001001968,0.001005531,0.001008742,0.001011081,1239.435622,1239.435622,1239.435622,4111.681397,4111.681397,4111.681397,4111.681397,4111.681397
6/10/1985,728.0542503,681.5421423,799.5068789,805.7270871,801.3815944,799.5068789,2367.221937,1946.378056,2676.129363,2386.149797,2023.039565,2676.129363,2479.683221,2135.642646,2676.129363,2718.693362,2479.483923,2676.129363,382.5995573,380.6511504,0.001001968,0.001005531,0.001008742,0.001011081,1083.696054,1083.696054,1083.696054,3956.155693,3956.155693,3956.155693,3956.155693,3956.155693
6/11/1985,604.5485442,623.259891,658.6837137,676.7959,681.5421423,658.6837137,1805.527832,2049.869219,2016.236532,1836.19154,1946.378056,2016.236532,1912.042416,2023.039565,2016.236532,2124.724537,2135.642646,2016.236532,299.7222337,298.2580779,0.001001968,0.001005531,0.001008742,0.001011081,994.5789578,994.5789578,994.5789578,3779.281699,3779.281699,3779.281699,3779.281699,3779.281699
6/12/1985,526.2861766,543.7077208,572.381327,620.7934119,623.259891,572.381327,1586.535051,4204.681568,1766.562559,1646.230392,2049.869219,1766.562559,1692.597047,1946.378056,1766.562559,1818.376302,2023.039565,1766.562559,256.8589383,255.6378455,0.001001968,0.001005531,0.001008742,0.001011081,944.9706785,944.9706785,944.9706785,3444.906536,3444.906536,3444.906536,3444.906536,3444.906536
6/13/1985,534.4414522,679.3115007,574.0173925,547.7581601,543.7077208,574.0173925,1646.416173,7546.499835,1831.033809,1627.327831,4204.681568,1831.033809,1688.104575,2049.869219,1831.033809,1775.34406,1946.378056,1831.033809,222.028768,221.0007254,0.001001968,0.001005531,0.001008742,0.001011081,857.5722287,857.5722287,857.5722287,3057.170209,3057.170209,3057.170209,3057.170209,3057.170209
6/14/1985,637.7683843,732.8424322,700.6532386,682.245426,679.3115007,700.6532386,1756.583293,5430.26567,1978.287628,1753.976254,7546.499835,1978.287628,1781.580028,4204.681568,1978.287628,1733.247309,2049.869219,1978.287628,344.310535,342.5879814,0.001001968,0.001005531,0.001008742,0.001011081,789.3740801,789.3740801,789.3740801,2599.334218,2599.334218,2599.334218,2599.334218,2599.334218
6/15/1985,631.8095149,1825.529336,694.4189476,687.7208234,732.8424322,694.4189476,1875.226294,4678.383134,2122.733576,1880.810325,5430.26567,2122.733576,1912.346042,7546.499835,2122.733576,1942.684271,4204.681568,2122.733576,344.7410393,343.0159658,0.001001968,0.001005531,0.001008742,0.001011081,736.3241188,736.3241188,736.3241188,2331.200504,2331.200504,2331.200504,2331.200504,2331.200504
6/16/1985,1549.722636,1787.333266,1819.997617,1834.179597,1825.529336,1819.997617,5243.711495,3901.537056,6156.926388,5337.838805,4678.383134,6156.926388,5377.610638,5430.26567,6156.926388,3698.676985,7546.499835,6156.926388,1255.967996,1248.301422,0.001001968,0.001005531,0.001008742,0.001011081,828.3613517,828.3613517,828.3613517,2531.977892,2531.977892,2531.977892,2531.977892,2531.977892
6/17/1985,1525.983993,1146.121012,1737.900294,1785.331227,1787.333266,1737.900294,7937.609505,3066.199226,9310.608169,7973.686686,3901.537056,9310.608169,7820.206555,4678.383134,9310.608169,8178.644052,5430.26567,9310.608169,991.1713612,985.3209459,0.001001968,0.001005531,0.001008742,0.001011081,928.8167771,928.8167771,928.8167771,3332.499141,3332.499141,3332.499141,3332.499141,3332.499141
6/18/1985,1111.390263,1121.425148,1223.033042,1161.333904,1146.121012,1223.033042,4066.799232,2477.408104,4634.545748,4024.586705,3066.199226,4634.545748,4243.233397,3901.537056,4634.545748,4818.748536,4678.383134,4634.545748,529.0671018,526.2269499,0.001001968,0.001005531,0.001008742,0.001011081,1015.400706,1015.400706,1015.400706,3813.16576,3813.16576,3813.16576,3813.16576,3813.16576
6/19/1985,1126.085459,1066.130718,1250.688324,1138.681572,1121.425148,1250.688324,3403.853171,2390.701356,3890.915359,3318.31059,2477.408104,3890.915359,3505.34663,3066.199226,3890.915359,3810.167125,3901.537056,3890.915359,625.2448707,621.799554,0.001001968,0.001005531,0.001008742,0.001011081,1101.73302,1101.73302,1101.73302,4153.758666,4153.758666,4153.758666,4153.758666,4153.758666
6/20/1985,932.1741059,810.4015724,1046.792372,1065.755037,1066.130718,1046.792372,2885.931868,2588.931054,3316.447039,2927.651716,2390.701356,3316.447039,3029.447187,2477.408104,3316.447039,3320.323398,3066.199226,3316.447039,593.2987857,590.055981,0.001001968,0.001005531,0.001008742,0.001011081,1173.164362,1173.164362,1173.164362,4361.132615,4361.132615,4361.132615,4361.132615,4361.132615
6/21/1985,668.1500443,712.3618052,733.602158,810.4128943,810.4015724,733.602158,2132.586622,2960.269498,2409.737569,2221.498017,2588.931054,2409.737569,2279.031279,2390.701356,2409.737569,2619.342743,2477.408104,2409.737569,356.5133515,354.7191936,0.001001968,0.001005531,0.001008742,0.001011081,1196.276785,1196.276785,1196.276785,4493.256268,4493.256268,4493.256268,4493.256268,4493.256268
6/22/1985,652.6410272,767.1632136,705.9243616,702.6365097,712.3618052,705.9243616,1801.551915,3056.256366,2006.770593,1810.77671,2960.269498,2006.770593,1889.020211,2588.931054,2006.770593,2025.153135,2390.701356,2006.770593,293.5694921,292.1405665,0.001001968,0.001005531,0.001008742,0.001011081,1205.943652,1205.943652,1205.943652,4545.48938,4545.48938,4545.48938,4545.48938,4545.48938
6/23/1985,686.3827877,858.4993192,755.0514643,752.0302791,767.1632136,755.0514643,1993.48291,2684.357104,2257.866335,2005.7356,3056.256366,2257.866335,2084.460101,2960.269498,2257.866335,2089.873621,2588.931054,2257.866335,367.8061607,365.9454209,0.001001968,0.001005531,0.001008742,0.001011081,1082.962345,1082.962345,1082.962345,4183.806849,4183.806849,4183.806849,4183.806849,4183.806849
6/24/1985,745.2847183,1207.729282,830.9719032,853.4246332,858.4993192,830.9719032,2384.414443,2487.609403,2725.503957,2425.960195,2684.357104,2725.503957,2474.633924,3056.256366,2725.503957,2375.277443,2960.269498,2725.503957,445.0422104,442.7185962,0.001001968,0.001005531,0.001008742,0.001011081,980.8435722,980.8435722,980.8435722,3347.991157,3347.991157,3347.991157,3347.991157,3347.991157
6/25/1985,1053.049173,1165.671252,1207.813421,1225.188752,1207.729282,1207.813421,2997.206493,1686.799357,3489.432099,3055.85627,2487.609403,3489.432099,3127.482185,2684.357104,3489.432099,2815.533724,3056.256366,3489.432099,763.9469061,759.6070259,0.001001968,0.001005531,0.001008742,0.001011081,960.1167653,960.1167653,960.1167653,2972.015314,2972.015314,2972.015314,2972.015314,2972.015314
6/26/1985,1067.20972,768.4158669,1206.934349,1175.247539,1165.671252,1206.934349,2882.284565,1845.002816,3339.775438,2884.040039,1686.799357,3339.775438,2952.732481,2487.609403,3339.775438,3125.111998,2684.357104,3339.775438,699.4512019,695.5302224,0.001001968,0.001005531,0.001008742,0.001011081,945.7615993,945.7615993,945.7615993,2790.744731,2790.744731,2790.744731,2790.744731,2790.744731
6/27/1985,674.6531598,701.9464607,749.0713016,764.9340159,768.4158669,749.0713016,1869.841933,2986.452269,2123.307652,1903.65715,1845.002816,2123.307652,2059.62843,1686.799357,2123.307652,2380.529562,2487.609403,2123.307652,403.3055475,401.2336202,0.001001968,0.001005531,0.001008742,0.001011081,914.2362156,914.2362156,914.2362156,2688.658638,2688.658638,2688.658638,2688.658638,2688.658638
6/28/1985,557.4759532,1033.54631,616.6329994,654.2942184,701.9464607,616.6329994,1700.25368,3419.157575,1924.382877,1750.502804,2986.452269,1924.382877,1826.460158,1845.002816,1924.382877,2034.512015,1686.799357,1924.382877,327.1094137,325.4871646,0.001001968,0.001005531,0.001008742,0.001011081,894.8319736,894.8319736,894.8319736,2631.372018,2631.372018,2631.372018,2631.372018,2631.372018
6/29/1985,831.6184019,1323.673349,934.1398935,1009.878051,1033.54631,934.1398935,1576.243592,3076.64892,1780.327462,1702.142065,3419.157575,1780.327462,1589.802903,2986.452269,1780.327462,1432.453478,1845.002816,1780.327462,447.894886,445.5539436,0.001001968,0.001005531,0.001008742,0.001011081,905.9966868,905.9966868,905.9966868,2525.031502,2525.031502,2525.031502,2525.031502,2525.031502
6/30/1985,1550.899924,2260.43339,1720.863488,1367.586009,1323.673349,1720.863488,2528.867689,2867.800143,2884.475997,2244.745618,3076.64892,2884.475997,2379.128832,3419.157575,2884.475997,1881.517713,2986.452269,2884.475997,778.0625098,773.6303155,0.001001968,0.001005531,0.001008742,0.001011081,988.8397664,988.8397664,988.8397664,2495.414006,2495.414006,2495.414006,2495.414006,2495.414006
7/1/1985,2057.407253,1591.714052,2379.601641,2278.005472,2260.43339,2379.601641,3777.971761,2466.862131,4495.583383,3783.145654,2867.800143,4495.583383,3808.831606,3076.64892,4495.583383,3205.971496,3419.157575,4495.583383,1477.730661,1468.505833,0.001001968,0.001005531,0.001008742,0.001011081,1157.289574,1157.289574,1157.289574,2578.626707,2578.626707,2578.626707,2578.626707,2578.626707
7/2/1985,1281.430681,923.4540445,1455.611811,1591.772941,1591.714052,1455.611811,2978.535317,2277.640511,3475.486317,3161.808207,2466.862131,3475.486317,3339.810586,2867.800143,3475.486317,3785.839653,3076.64892,3475.486317,854.5381197,849.6020889,0.001001968,0.001005531,0.001008742,0.001011081,1222.105752,1222.105752,1222.105752,2659.350824,2659.350824,2659.350824,2659.350824,2659.350824
7/3/1985,750.7455966,721.6021954,817.191923,922.4747242,923.4540445,817.191923,1663.01431,1750.78288,1857.08892,1788.829702,2277.640511,1857.08892,2004.424701,2466.862131,1857.08892,2560.859788,2867.800143,1857.08892,354.0426824,352.2630512,0.001001968,0.001005531,0.001008742,0.001011081,1214.497,1214.497,1214.497,2684.987667,2684.987667,2684.987667,2684.987667,2684.987667
7/4/1985,623.7895384,821.587671,670.5361347,721.6848192,721.6021954,670.5361347,1742.368373,2941.232794,1945.304833,1803.367241,1750.78288,1945.304833,1932.067259,2277.640511,1945.304833,2179.127443,2466.862131,1945.304833,255.09652,253.8852973,0.001001968,0.001005531,0.001008742,0.001011081,1208.356848,1208.356848,1208.356848,2689.374891,2689.374891,2689.374891,2689.374891,2689.374891
7/5/1985,773.9028073,842.9713645,846.6081129,821.5680264,821.587671,846.6081129,1966.513314,3001.353721,2223.586844,1958.859264,2941.232794,2223.586844,2038.534468,1750.78288,2223.586844,2067.749675,2277.640511,2223.586844,386.4221743,384.4510342,0.001001968,0.001005531,0.001008742,0.001011081,1231.385579,1231.385579,1231.385579,2664.94853,2664.94853,2664.94853,2664.94853,2664.94853
7/6/1985,735.886957,608.6561819,814.2764562,834.5350545,842.9713645,814.2764562,2005.569152,2748.272806,2276.722681,2044.842289,3001.353721,2276.722681,2118.116326,2941.232794,2276.722681,2094.264168,1750.78288,2276.722681,418.4059438,416.2433618,0.001001968,0.001005531,0.001008742,0.001011081,1235.348164,1235.348164,1235.348164,2744.484175,2744.484175,2744.484175,2744.484175,2744.484175
7/7/1985,416.7915324,732.475014,444.9260531,610.3060294,608.6561819,444.9260531,1528.204914,2090.489792,1665.117552,1707.511361,2748.272806,1665.117552,1698.783531,3001.353721,1665.117552,1714.48647,2941.232794,1665.117552,153.2881634,152.6265684,0.001001968,0.001005531,0.001008742,0.001011081,1123.467962,1123.467962,1123.467962,2726.047934,2726.047934,2726.047934,2726.047934,2726.047934
7/8/1985,1028.106997,1519.363939,1097.678474,738.1467059,732.475014,1097.678474,2900.7884,2097.031566,3262.249477,2548.095082,2090.489792,3262.249477,2661.321348,2748.272806,3262.249477,2652.340957,3001.353721,3262.249477,364.2516711,362.4119207,0.001001968,0.001005531,0.001008742,0.001011081,951.7018018,951.7018018,951.7018018,2713.537617,2713.537617,2713.537617,2713.537617,2713.537617
7/9/1985,1279.171309,850.3272436,1467.10901,1518.021913,1519.363939,1467.10901,3158.141269,913.0555454,3693.651221,3261.103862,2097.031566,3693.651221,3193.449926,2090.489792,3693.651221,2759.252779,2748.272806,3693.651221,926.6490292,921.2325604,0.001001968,0.001005531,0.001008742,0.001011081,902.9706901,902.9706901,902.9706901,2602.456179,2602.456179,2602.456179,2602.456179,2602.456179
7/10/1985,657.0370444,550.8916019,718.0457348,847.1262456,850.3272436,718.0457348,2291.5148,2348.352686,2600.911664,2426.045907,913.0555454,2600.911664,2536.920122,2097.031566,2600.911664,2985.181304,2090.489792,2600.911664,336.2341517,334.5587873,0.001001968,0.001005531,0.001008742,0.001011081,879.746944,879.746944,879.746944,2539.957824,2539.957824,2539.957824,2539.957824,2539.957824
7/11/1985,495.2161836,715.2137321,523.2182252,552.6364281,550.8916019,523.2182252,1134.583108,4489.033498,1220.29859,1173.716642,2348.352686,1220.29859,1315.727443,913.0555454,1220.29859,1627.141648,2097.031566,1220.29859,162.2331406,161.5251419,0.001001968,0.001005531,0.001008742,0.001011081,858.4764485,858.4764485,858.4764485,2467.586957,2467.586957,2467.586957,2467.586957,2467.586957
7/12/1985,717.3537024,746.7161634,776.1724598,696.7684162,715.2137321,776.1724598,1690.780975,4287.737758,1891.653981,1627.298659,4489.033498,1891.653981,1685.800151,2348.352686,1891.653981,1666.005008,913.0555454,1891.653981,324.4134705,322.8068733,0.001001968,0.001005531,0.001008742,0.001011081,838.4013459,838.4013459,838.4013459,2417.74242,2417.74242,2417.74242,2417.74242,2417.74242
7/13/1985,580.6200435,961.7969716,594.0762224,750.149809,746.7161634,594.0762224,2198.084939,3825.95079,2263.550694,2393.123832,4287.737758,2263.550694,2058.943806,4489.033498,2263.550694,957.3485379,2348.352686,2263.550694,0.001000564,0.001006515,0.001001968,0.001005531,0.001008742,0.001011081,775.5966589,775.5966589,775.5966589,2410.54573,2410.54573,2410.54573,2410.54573,2410.54573
7/14/1985,1990.308379,4191.450113,2042.29637,943.5284933,961.7969716,2042.29637,3898.807825,4733.974235,4184.030652,2817.30405,3825.95079,4184.030652,2879.509992,4287.737758,4184.030652,3226.219321,4489.033498,4184.030652,238.5143496,237.3954732,0.001001968,0.001005531,0.001008742,0.001011081,833.5605958,833.5605958,833.5605958,2591.506491,2591.506491,2591.506491,2591.506491,2591.506491
7/15/1985,3481.100382,2526.105774,4049.745022,4184.132281,4191.450113,4049.745022,5962.963779,4280.525781,7114.638212,6300.76118,4733.974235,7114.638212,5819.165565,3825.95079,7114.638212,3790.536471,4287.737758,7114.638212,2458.498835,2442.085874,0.001001968,0.001005531,0.001008742,0.001011081,1169.128148,1169.128148,1169.128148,2704.142673,2704.142673,2704.142673,2704.142673,2704.142673
7/16/1985,2262.391034,2175.89244,2438.145773,2553.701005,2526.105774,2438.145773,4922.186295,3433.423926,5539.283411,5086.381265,4280.525781,5539.283411,5158.554926,4733.974235,5539.283411,5968.713464,3825.95079,5539.283411,791.1839719,786.6657693,0.001001968,0.001005531,0.001008742,0.001011081,1344.889989,1344.889989,1344.889989,3026.270741,3026.270741,3026.270741,3026.270741,3026.270741
7/17/1985,1937.080478,1821.147883,2090.316414,2187.610418,2175.89244,2090.316414,2296.120956,2792.834551,2498.237745,2467.530886,3433.423926,2498.237745,2885.601619,4280.525781,2498.237745,3083.994463,4733.974235,2498.237745,727.6796478,723.5759214,0.001001968,0.001005531,0.001008742,0.001011081,1563.999169,1563.999169,1563.999169,3290.116815,3290.116815,3290.116815,3290.116815,3290.116815
7/18/1985,1444.230241,1132.379653,1582.950014,1821.708912,1821.147883,1582.950014,3131.367747,1996.314929,3573.306149,3407.863158,2792.834551,3573.306149,3826.442756,3433.423926,3573.306149,4268.642488,4280.525781,3573.306149,689.3156327,685.4600346,0.001001968,0.001005531,0.001008742,0.001011081,1771.865168,1771.865168,1771.865168,3581.467975,3581.467975,3581.467975,3581.467975,3581.467975
7/19/1985,915.0014285,894.0973056,969.2949622,1132.438735,1132.379653,969.2949622,2389.177613,4216.202358,2659.395244,2559.165208,1996.314929,2659.395244,2871.66431,2792.834551,2659.395244,3664.471281,3433.423926,2659.395244,290.5629425,289.1511922,0.001001968,0.001005531,0.001008742,0.001011081,1872.878729,1872.878729,1872.878729,3823.627806,3823.627806,3823.627806,3823.627806,3823.627806
7/20/1985,786.0795445,920.2999766,829.1594536,894.1983812,894.0973056,829.1594536,1863.855497,3594.869375,2048.03016,1937.589766,4216.202358,2048.03016,2143.970178,1996.314929,2048.03016,2535.557867,2792.834551,2048.03016,236.4640042,235.3564793,0.001001968,0.001005531,0.001008742,0.001011081,1967.72446,1967.72446,1967.72446,3914.949698,3914.949698,3914.949698,3914.949698,3914.949698
7/21/1985,773.4376456,2436.810155,825.6702601,865.2822742,920.2999766,825.6702601,1926.74017,3225.277986,2145.516322,1976.259483,3594.869375,2145.516322,2085.283984,4216.202358,2145.516322,2260.251958,1996.314929,2145.516322,286.9277416,285.5367227,0.001001968,0.001005531,0.001008742,0.001011081,1961.280017,1961.280017,1961.280017,3780.670945,3780.670945,3780.670945,3780.670945,3780.670945
7/22/1985,2263.092343,2404.912108,2605.365599,2445.981413,2436.810155,2605.365599,3139.697779,3413.901571,3698.508402,3127.770785,3225.277986,3698.508402,3136.435572,3594.869375,3698.508402,1762.01004,4216.202358,3698.508402,1502.732803,1493.330429,0.001001968,0.001005531,0.001008742,0.001011081,1814.365624,1814.365624,1814.365624,3506.335481,3506.335481,3506.335481,3506.335481,3506.335481
7/23/1985,2278.635153,1552.653761,2567.750906,2445.661981,2404.912108,2567.750906,5069.769897,5027.674945,5927.184623,5024.462671,3413.901571,5927.184623,5047.000709,3225.277986,5927.184623,5103.895663,3594.869375,5927.184623,1319.391634,1311.282572,0.001001968,0.001005531,0.001008742,0.001011081,1775.857067,1775.857067,1775.857067,3436.857476,3436.857476,3436.857476,3436.857476,3436.857476
7/24/1985,1222.602164,895.0588658,1355.248849,1554.813408,1552.653761,1355.248849,2325.326834,5894.545247,2644.554994,2569.477058,5027.674945,2644.554994,2872.586494,3413.901571,2644.554994,3458.518021,3225.277986,2644.554994,665.6740572,661.9704666,0.001001968,0.001005531,0.001008742,0.001011081,1673.856578,1673.856578,1673.856578,3332.690204,3332.690204,3332.690204,3332.690204,3332.690204
7/25/1985,755.1161705,1231.076421,801.937886,882.4835792,895.0588658,801.937886,1533.668414,4155.711395,1676.322029,1629.067325,5894.545247,1676.322029,1921.193456,5027.674945,1676.322029,2574.655514,3413.901571,1676.322029,256.7292511,255.508885,0.001001968,0.001005531,0.001008742,0.001011081,1532.578136,1532.578136,1532.578136,3170.074829,3170.074829,3170.074829,3170.074829,3170.074829
7/26/1985,1098.747508,1958.083722,1214.022508,1216.083828,1231.076421,1214.022508,2621.010248,3407.060854,2991.146175,2657.966531,4155.711395,2991.146175,2751.568974,5894.545247,2991.146175,2565.214439,5027.674945,2991.146175,580.6566439,577.4935795,0.001001968,0.001005531,0.001008742,0.001011081,1504.070148,1504.070148,1504.070148,3092.153745,3092.153745,3092.153745,3092.153745,3092.153745
7/27/1985,1898.103998,2073.082368,2129.179074,1970.800027,1958.083722,2129.179074,5476.823604,4185.285373,6365.269518,5365.285073,3407.060854,6365.269518,5276.902397,4155.711395,6365.269518,4667.811024,5894.545247,6365.269518,1075.194973,1068.774121,0.001001968,0.001005531,0.001008742,0.001011081,1597.235142,1597.235142,1597.235142,3418.903829,3418.903829,3418.903829,3418.903829,3418.903829
7/28/1985,1924.87999,1395.733539,2152.011661,2086.046244,2073.082368,2152.011661,5844.660981,3065.33409,6819.572493,5805.836341,4185.285373,6819.572493,5805.240563,3407.060854,6819.572493,5861.564508,4155.711395,6819.572493,1071.693716,1065.29675,0.001001968,0.001005531,0.001008742,0.001011081,1741.544163,1741.544163,1741.544163,3981.791255,3981.791255,3981.791255,3981.791255,3981.791255
7/29/1985,1127.775275,881.1239144,1245.814628,1396.455128,1395.733539,1245.814628,2966.267523,5237.975482,3395.205731,3140.615947,3065.33409,3395.205731,3429.066137,4185.285373,3395.205731,3896.318911,3407.060854,3395.205731,605.5702268,602.2498004,0.001001968,0.001005531,0.001008742,0.001011081,1664.507151,1664.507151,1664.507151,4327.752695,4327.752695,4327.752695,4327.752695,4327.752695
7/30/1985,740.4747773,933.6244707,793.3673336,881.2306417,881.1239144,793.3673336,1907.319097,4842.28705,2124.045884,2005.128282,5237.975482,2124.045884,2237.945553,3065.33409,2124.045884,2824.507713,4185.285373,2124.045884,294.0298111,292.5982534,0.001001968,0.001005531,0.001008742,0.001011081,1497.420215,1497.420215,1497.420215,4131.135171,4131.135171,4131.135171,4131.135171,4131.135171
7/31/1985,604.4558042,1487.241958,641.9456503,704.9980642,933.6244707,641.9456503,2906.528689,4201.008021,3293.353555,2953.310488,4842.28705,3293.353555,3042.350888,5237.975482,3293.353555,3259.060728,3065.33409,3293.353555,215.1262966,214.1359804,0.001001968,0.001005531,0.001008742,0.001011081,1362.538437,1362.538437,1362.538437,4118.52528,4118.52528,4118.52528,4118.52528,4118.52528
8/1/1985,1621.290021,2431.190786,1744.529919,1533.91839,1487.241958,1744.529919,3794.702973,3595.941729,4234.113933,3640.169008,4201.008021,4234.113933,3404.497772,4842.28705,4234.113933,2661.52449,5237.975482,4234.113933,497.877803,495.2308181,0.001001968,0.001005531,0.001008742,0.001011081,1376.167872,1376.167872,1376.167872,4152.405843,4152.405843,4152.405843,4152.405843,4152.405843
8/2/1985,2929.897626,3153.974956,3221.288245,2565.319039,2431.190786,3221.288245,6647.246879,3396.381471,7667.258508,6055.931057,3595.941729,7667.258508,5963.796118,4201.008021,7667.258508,5332.117678,4842.28705,7667.258508,1293.416223,1285.488705,0.001001968,0.001005531,0.001008742,0.001011081,1528.805948,1528.805948,1528.805948,4532.757317,4532.757317,4532.757317,4532.757317,4532.757317
8/3/1985,2480.049523,1426.794946,2861.586147,3161.09181,3153.974956,2861.586147,5110.494694,2774.843367,6068.710808,5520.962325,3396.381471,6068.710808,5557.015574,3595.941729,6068.710808,5094.713688,4201.008021,6068.710808,1739.067611,1727.970235,0.001001968,0.001005531,0.001008742,0.001011081,1690.467153,1690.467153,1690.467153,4528.845417,4528.845417,4528.845417,4528.845417,4528.845417
8/4/1985,1024.767335,845.2080512,1098.857177,1427.347639,1426.794946,1098.857177,2579.087392,2799.467213,2895.229213,2919.713002,2774.843367,2895.229213,3333.805272,3396.381471,2895.229213,4499.3167,3595.941729,2895.229213,390.4648792,388.4696619,0.001001968,0.001005531,0.001008742,0.001011081,1668.188695,1668.188695,1668.188695,4285.497973,4285.497973,4285.497973,4285.497973,4285.497973
8/5/1985,726.9915847,898.442669,755.0857553,845.6844423,845.2080512,755.0857553,1314.910327,4090.7705,1392.263038,1416.87199,2799.467213,1392.263038,1779.55448,2774.843367,1392.263038,2422.467762,3396.381471,1392.263038,154.5022831,153.8344152,0.001001968,0.001005531,0.001008742,0.001011081,1609.023277,1609.023277,1609.023277,4155.688159,4155.688159,4155.688159,4155.688159,4155.688159
8/6/1985,802.0517177,1001.471131,858.7304983,898.8684536,898.442669,858.7304983,2150.11222,3228.012287,2420.097687,2198.335139,4090.7705,2420.097687,2327.501224,2799.467213,2420.097687,2554.083085,2774.843367,2420.097687,308.034412,306.5224909,0.001001968,0.001005531,0.001008742,0.001011081,1596.970309,1596.970309,1596.970309,4075.162982,4075.162982,4075.162982,4075.162982,4075.162982
8/7/1985,781.3954097,1304.118605,841.9682032,871.5616265,1001.471131,841.9682032,2125.588569,2638.34289,2393.508545,2163.942479,3228.012287,2393.508545,2244.466874,4090.7705,2393.508545,2376.077432,2799.467213,2393.508545,329.3134706,327.6784112,0.001001968,0.001005531,0.001008742,0.001011081,1613.673878,1613.673878,1613.673878,3853.915555,3853.915555,3853.915555,3853.915555,3853.915555
8/8/1985,1188.158204,1190.233912,1322.440676,1339.379601,1304.118605,1322.440676,2812.589951,2281.69463,3224.307573,2870.84949,2638.34289,3224.307573,2948.04149,3228.012287,3224.307573,2516.281174,4090.7705,3224.307573,644.0919277,640.526479,0.001001968,0.001005531,0.001008742,0.001011081,1625.123799,1625.123799,1625.123799,3776.269629,3776.269629,3776.269629,3776.269629,3776.269629
8/9/1985,1235.730205,1212.556199,1354.515592,1261.424493,1190.233912,1354.515592,3900.02234,2269.162553,4493.024006,3814.928344,2281.69463,4493.024006,3845.421042,2638.34289,4493.024006,4056.458174,3228.012287,4493.024006,580.7291419,577.5656209,0.001001968,0.001005531,0.001008742,0.001011081,1475.319777,1475.319777,1475.319777,3561.222653,3561.222653,3561.222653,3561.222653,3561.222653
8/10/1985,1074.088814,921.1926296,1192.90843,1216.949119,1212.556199,1192.90843,2608.611113,2084.266808,2998.768556,2660.03615,2269.162553,2998.768556,2744.79104,2281.69463,2998.768556,2822.131619,2638.34289,2998.768556,607.4764845,604.1439812,0.001001968,0.001005531,0.001008742,0.001011081,1240.338343,1240.338343,1240.338343,3292.189169,3292.189169,3292.189169,3292.189169,3292.189169
8/11/1985,775.9173801,738.2368834,844.9182549,921.3330759,921.1926296,844.9182549,1953.662838,1946.485695,2207.437913,2044.423367,2084.266808,2207.437913,2143.592229,2269.162553,2207.437913,2422.630206,2281.69463,2207.437913,372.3140002,370.4265992,0.001001968,0.001005531,0.001008742,0.001011081,1122.893473,1122.893473,1122.893473,3013.148874,3013.148874,3013.148874,3013.148874,3013.148874
8/12/1985,660.4702332,742.849207,709.952373,738.3574731,738.2368834,709.952373,1583.169787,1827.38814,1760.84518,1622.931495,1946.485695,1760.84518,1739.025542,2084.266808,1760.84518,1919.27826,2269.162553,1760.84518,274.7365058,273.4147231,0.001001968,0.001005531,0.001008742,0.001011081,1070.617088,1070.617088,1070.617088,2838.535273,2838.535273,2838.535273,2838.535273,2838.535273
8/13/1985,654.3232424,736.2084238,707.4106428,724.0457652,742.849207,707.4106428,1747.068298,1904.253128,1969.208476,1772.605125,1827.38814,1969.208476,1836.300168,1946.485695,1969.208476,1935.000959,2084.266808,1969.208476,294.0329878,292.601412,0.001001968,0.001005531,0.001008742,0.001011081,1036.17786,1036.17786,1036.17786,2762.789259,2762.789259,2762.789259,2762.789259,2762.789259
8/14/1985,663.031495,839.6937729,717.0529573,726.2136342,736.2084238,717.0529573,1735.478432,2067.369194,1953.505081,1754.432786,1904.253128,1953.505081,1802.441879,1827.38814,1953.505081,1843.681373,1946.485695,1953.505081,295.0255411,293.588288,0.001001968,0.001005531,0.001008742,0.001011081,1011.104002,1011.104002,1011.104002,2715.188741,2715.188741,2715.188741,2715.188741,2715.188741
8/15/1985,793.8851221,1001.170601,866.3543996,837.7522111,839.6937729,866.3543996,1810.231753,1984.529979,2045.412889,1800.318833,2067.369194,2045.412889,1836.215519,1904.253128,2045.412889,1777.519857,1827.38814,2045.412889,383.0432967,381.0922525,0.001001968,0.001005531,0.001008742,0.001011081,940.6606597,940.6606597,940.6606597,2591.637677,2591.637677,2591.637677,2591.637677,2591.637677
8/16/1985,912.8680988,839.832061,1006.626614,999.4112702,1001.170601,1006.626614,1844.275397,1797.276258,2094.894451,1866.310592,1984.529979,2094.894451,1880.761092,2067.369194,2094.894451,1773.538274,1904.253128,2094.894451,484.5833307,482.0181833,0.001001968,0.001005531,0.001008742,0.001011081,898.0031053,898.0031053,898.0031053,2258.987301,2258.987301,2258.987301,2258.987301,2258.987301
8/17/1985,760.0259119,751.62192,829.9267644,858.3505744,839.832061,829.9267644,1696.845414,1711.191538,1915.393832,1744.683977,1797.276258,1915.393832,1822.188962,1984.529979,1915.393832,1896.691232,2067.369194,1915.393832,370.6227485,368.7453558,0.001001968,0.001005531,0.001008742,0.001011081,850.9209109,850.9209109,850.9209109,2094.485754,2094.485754,2094.485754,2094.485754,2094.485754
8/18/1985,673.0317609,641.3144879,735.2378926,761.2466715,751.62192,735.2378926,1629.635169,1622.556276,1842.825342,1670.298433,1711.191538,1842.825342,1757.685131,1797.276258,1842.825342,1870.254558,1984.529979,1842.825342,338.3744351,336.6865812,0.001001968,0.001005531,0.001008742,0.001011081,826.7747327,826.7747327,826.7747327,2025.422657,2025.422657,2025.422657,2025.422657,2025.422657
8/19/1985,569.2253275,594.4704136,617.6561361,638.0807984,641.3144879,617.6561361,1506.935654,1540.723125,1696.718043,1536.288443,1622.556276,1696.718043,1612.418019,1711.191538,1696.718043,1755.111275,1797.276258,1696.718043,272.465982,271.1570437,0.001001968,0.001005531,0.001008742,0.001011081,807.1068749,807.1068749,807.1068749,1978.529527,1978.529527,1978.529527,1978.529527,1978.529527
8/20/1985,538.7719347,573.6052761,583.2919336,594.8037548,594.4704136,583.2919336,1397.178281,1497.591951,1567.420793,1417.480849,1540.723125,1567.420793,1470.312436,1622.556276,1567.420793,1552.955427,1711.191538,1567.420793,252.1903108,250.9953409,0.001001968,0.001005531,0.001008742,0.001011081,787.6028675,787.6028675,787.6028675,1919.516433,1919.516433,1919.516433,1919.516433,1919.516433
8/21/1985,526.3276583,567.5520462,570.3430214,576.342858,573.6052761,570.3430214,1412.889362,1944.728275,1589.532707,1426.768857,1497.591951,1589.532707,1468.207715,1540.723125,1589.532707,1517.294863,1622.556276,1589.532707,250.0539614,248.8709208,0.001001968,0.001005531,0.001008742,0.001011081,765.9675212,765.9675212,765.9675212,1871.920209,1871.920209,1871.920209,1871.920209,1871.920209
8/22/1985,517.6640149,551.2320753,562.1881304,567.6739529,567.5520462,562.1881304,1380.753574,3261.663988,1554.261332,1394.478311,1944.728275,1554.261332,1430.730605,1497.591951,1554.261332,1467.1072,1540.723125,1554.261332,253.8589755,252.6546772,0.001001968,0.001005531,0.001008742,0.001011081,730.6739602,730.6739602,730.6739602,1822.396688,1822.396688,1822.396688,1822.396688,1822.396688
8/23/1985,501.2543133,614.2572914,544.2955323,551.2282377,551.2320753,544.2955323,1319.07585,3402.246444,1483.226561,1334.331342,3261.663988,1483.226561,1369.502117,1944.728275,1483.226561,1405.616087,1497.591951,1483.226561,246.6052714,245.4414552,0.001001968,0.001005531,0.001008742,0.001011081,676.1890908,676.1890908,676.1890908,1774.616459,1774.616459,1774.616459,1774.616459,1774.616459
8/24/1985,485.4914557,927.3138519,526.9258851,532.8244647,614.2572914,526.9258851,1280.124041,2852.96197,1439.102319,1293.968062,3402.246444,1439.102319,1329.391934,3261.663988,1439.102319,1365.007609,1944.728275,1439.102319,238.615261,237.4958255,0.001001968,0.001005531,0.001008742,0.001011081,627.1110954,627.1110954,627.1110954,1701.610257,1701.610257,1701.610257,1701.610257,1701.610257
8/25/1985,757.7523727,1354.161315,814.7847317,709.7214968,927.3138519,814.7847317,2043.821017,2448.582922,2304.145815,1950.675383,2852.96197,2304.145815,1942.026861,3402.246444,2304.145815,1744.015212,3261.663988,2304.145815,293.8739554,292.443289,0.001001968,0.001005531,0.001008742,0.001011081,607.7483176,607.7483176,607.7483176,1698.428216,1698.428216,1698.428216,1698.428216,1698.428216
8/26/1985,1380.073428,1234.127611,1522.648791,1469.126049,1354.161315,1522.648791,3879.853859,2094.587189,4461.599049,3860.579221,2448.582922,4461.599049,3727.079155,2852.96197,4461.599049,3137.344006,3402.246444,4461.599049,626.0531303,622.6026715,0.001001968,0.001005531,0.001008742,0.001011081,690.3124079,690.3124079,690.3124079,1956.926936,1956.926936,1956.926936,1956.926936,1956.926936
8/27/1985,1228.329958,937.5408332,1356.174482,1335.827238,1234.127611,1356.174482,3484.225633,933.4897995,4013.959069,3486.396901,2094.587189,4013.959069,3543.984883,2448.582922,4013.959069,3618.661917,2852.96197,4013.959069,600.1185221,596.8326063,0.001001968,0.001005531,0.001008742,0.001011081,791.2890963,791.2890963,791.2890963,2255.554191,2255.554191,2255.554191,2255.554191,2255.554191
8/28/1985,811.9084043,755.4869751,890.3514111,946.2468163,937.5408332,890.3514111,2069.556114,2899.668454,2353.102068,2143.204748,933.4897995,2353.102068,2283.727796,2094.587189,2353.102068,2619.963293,2448.582922,2353.102068,405.3677882,403.2835083,0.001001968,0.001005531,0.001008742,0.001011081,854.8759402,854.8759402,854.8759402,2425.221415,2425.221415,2425.221415,2425.221415,2425.221415
8/29/1985,639.0582195,1608.297218,688.2687764,713.8587169,755.4869751,688.2687764,1586.06495,4153.933266,1771.368435,1622.725983,2899.668454,1771.368435,1731.269315,933.4897995,1771.368435,2008.084606,2094.587189,1771.368435,263.4282113,262.1702385,0.001001968,0.001005531,0.001008742,0.001011081,885.9251057,885.9251057,885.9251057,2518.530653,2518.530653,2518.530653,2518.530653,2518.530653
8/30/1985,684.113034,1498.540783,739.6989947,762.5433103,1608.297218,739.6989947,1607.165266,3398.416229,1797.350258,1646.014968,4153.933266,1797.350258,1692.213043,2899.668454,1797.350258,1709.779266,933.4897995,1797.350258,284.1670574,282.7917563,0.001001968,0.001005531,0.001008742,0.001011081,916.752032,916.752032,916.752032,2583.327501,2583.327501,2583.327501,2583.327501,2583.327501
8/31/1985,1969.253523,2083.163615,2121.984621,1885.39165,1498.540783,2121.984621,2368.759933,2856.836033,2566.88005,2248.182284,3398.416229,2566.88005,2169.555715,4153.933266,2566.88005,1017.222908,2899.668454,2566.88005,402.5719819,400.5044463,0.001001968,0.001005531,0.001008742,0.001011081,1087.884873,1087.884873,1087.884873,2644.859495,2644.859495,2644.859495,2644.859495,2644.859495
9/1/1985,2375.698435,1769.594036,2639.593933,2405.7735,2083.163615,2639.593933,4173.877918,2406.076173,4808.335362,4045.619887,2856.836033,4808.335362,4005.417434,3398.416229,4808.335362,3697.928786,4153.933266,4808.335362,1081.0402,1074.579452,0.001001968,0.001005531,0.001008742,0.001011081,1303.73682,1303.73682,1303.73682,2865.748048,2865.748048,2865.748048,2865.748048,2865.748048
9/2/1985,1486.997681,1077.060166,1663.906493,1794.641258,1769.594036,1663.906493,3419.718511,1879.516288,3953.313817,3599.597327,2406.076173,3953.313817,3766.131957,2856.836033,3953.313817,4165.532101,3398.416229,3953.313817,833.9520269,829.1522177,0.001001968,0.001005531,0.001008742,0.001011081,1383.716076,1383.716076,1383.716076,2876.011275,2876.011275,2876.011275,2876.011275,2876.011275
9/3/1985,942.8930661,934.6492607,1010.846425,1088.82931,1077.060166,1010.846425,1984.431578,1830.168976,2197.891602,2084.778355,1879.516288,2197.891602,2305.777166,2406.076173,2197.891602,2912.028267,2856.836033,2197.891602,334.315527,332.6513487,0.001001968,0.001005531,0.001008742,0.001011081,1375.00059,1375.00059,1375.00059,2793.911132,2793.911132,2793.911132,2793.911132,2793.911132
9/4/1985,840.0353368,782.0572399,900.8199977,939.7173626,934.6492607,900.8199977,1723.880396,2013.380172,1902.13821,1784.411324,1830.168976,1902.13821,1932.686202,1879.516288,1902.13821,2165.252426,2406.076173,1902.13821,305.5113289,304.0139269,0.001001968,0.001005531,0.001008742,0.001011081,1376.39184,1376.39184,1376.39184,2759.905333,2759.905333,2759.905333,2759.905333,2759.905333
9/5/1985,660.6697732,579.5724653,701.4611338,782.538888,782.0572399,701.4611338,1625.668832,1951.870407,1798.670788,1717.17368,2013.380172,1798.670788,1785.777113,1830.168976,1798.670788,2058.814755,1879.516288,1798.670788,204.8525096,203.9179946,0.001001968,0.001005531,0.001008742,0.001011081,1381.867908,1381.867908,1381.867908,2736.679225,2736.679225,2736.679225,2736.679225,2736.679225
9/6/1985,566.7933771,795.786452,586.8484987,583.3484965,579.5724653,586.8484987,1208.295398,1205.63363,1302.48179,1210.472948,1951.870407,1302.48179,1295.360145,2013.380172,1302.48179,1547.507019,1830.168976,1302.48179,88.914767,88.57196551,0.001001968,0.001005531,0.001008742,0.001011081,1366.06244,1366.06244,1366.06244,2685.612388,2685.612388,2685.612388,2685.612388,2685.612388
9/7/1985,801.9784952,940.7662349,864.3245414,803.935853,795.786452,864.3245414,1634.526742,2579.494855,1824.274697,1594.021651,1205.63363,1824.274697,1645.155055,1951.870407,1824.274697,1475.004839,2013.380172,1824.274697,321.8148181,320.2232899,0.001001968,0.001005531,0.001008742,0.001011081,1233.441236,1233.441236,1233.441236,2649.994727,2649.994727,2649.994727,2649.994727,2649.994727
9/8/1985,831.8894557,805.0764647,914.5085037,939.6547493,940.7662349,914.5085037,2133.497798,4107.650878,2418.368997,2180.624408,2579.494855,2418.368997,2197.273757,1205.63363,2418.368997,2013.831525,1951.870407,2418.368997,426.68434,424.4718607,0.001001968,0.001005531,0.001008742,0.001011081,1050.277349,1050.277349,1050.277349,2431.554367,2431.554367,2431.554367,2431.554367,2431.554367
9/9/1985,583.5754509,1578.983082,619.2942463,693.7126904,805.0764647,619.2942463,1662.316616,3802.312818,1838.202671,1743.586344,4107.650878,1838.202671,1763.440807,2579.494855,1838.202671,2024.581404,1205.63363,1838.202671,186.375961,185.5406789,0.001001968,0.001005531,0.001008742,0.001011081,889.7714866,889.7714866,889.7714866,2186.491078,2186.491078,2186.491078,2186.491078,2186.491078
9/10/1985,1708.145586,2599.070904,1887.690093,1602.559591,1578.983082,1887.690093,1983.204623,3330.564921,2225.957688,1787.525294,3802.312818,2225.957688,1774.059118,4107.650878,2225.957688,974.1388884,2579.494855,2225.957688,805.4963236,800.8840954,0.001001968,0.001005531,0.001008742,0.001011081,913.5547258,913.5547258,913.5547258,1921.279158,1921.279158,1921.279158,1921.279158,1921.279158
9/11/1985,2649.999651,2646.687104,2994.940077,2671.984349,2599.070904,2994.940077,4242.635795,2859.671093,4965.474066,4046.544732,3330.564921,4965.474066,3988.634403,3802.312818,4965.474066,3120.38065,4107.650878,4965.474066,1538.180588,1528.525887,0.001001968,0.001005531,0.001008742,0.001011081,1094.884669,1094.884669,1094.884669,1967.748802,1967.748802,1967.748802,1967.748802,1967.748802
9/12/1985,2205.414231,1535.069936,2525.355558,2656.974795,2646.687104,2525.355558,4338.594039,2400.847412,5124.581001,4567.106923,2859.671093,5124.581001,4706.017085,3330.564921,5124.581001,4636.198278,3802.312818,5124.581001,1470.41871,1461.245738,0.001001968,0.001005531,0.001008742,0.001011081,1336.659172,1336.659172,1336.659172,2317.217587,2317.217587,2317.217587,2317.217587,2317.217587
9/13/1985,1248.680227,1039.006513,1377.296896,1535.226655,1535.069936,1377.296896,2404.100446,2091.079285,2736.345912,2602.515841,2400.847412,2736.345912,2986.283397,2859.671093,2736.345912,3754.719914,3330.564921,2736.345912,644.4884511,640.9204698,0.001001968,0.001005531,0.001008742,0.001011081,1501.075874,1501.075874,1501.075874,2675.485885,2675.485885,2675.485885,2675.485885,2675.485885
9/14/1985,858.3999552,846.5412655,922.4688287,1038.849118,1039.006513,922.4688287,1607.044572,1833.543966,1760.018853,1747.910406,2091.079285,1760.018853,1986.494903,2400.847412,1760.018853,2515.756086,2859.671093,1760.018853,337.8153208,336.1307307,0.001001968,0.001005531,0.001008742,0.001011081,1560.210078,1560.210078,1560.210078,2897.530603,2897.530603,2897.530603,2897.530603,2897.530603
9/15/1985,751.0927956,818.9355691,801.9739895,846.3210555,846.5412655,801.9739895,1720.808343,1685.831034,1903.858451,1779.791565,1833.543966,1903.858451,1938.669796,2091.079285,1903.858451,2219.393498,2400.847412,1903.858451,272.2372387,270.9295935,0.001001968,0.001005531,0.001008742,0.001011081,1570.526793,1570.526793,1570.526793,2951.75,2951.75,2951.75,2951.75,2951.75
9/16/1985,737.7836,779.5975345,793.2447435,818.6777038,818.9355691,793.2447435,1684.583713,1631.868883,1878.725841,1724.448388,1685.831034,1878.725841,1812.115296,1833.543966,1878.725841,2007.213408,2091.079285,1878.725841,297.0545761,295.6057085,0.001001968,0.001005531,0.001008742,0.001011081,1595.016283,1595.016283,1595.016283,2946.003563,2946.003563,2946.003563,2946.003563,2946.003563
9/17/1985,705.2198348,739.8351332,759.2075075,779.321546,779.5975345,759.2075075,1557.291741,1556.84027,1740.72485,1591.158689,1631.868883,1740.72485,1658.382426,1685.831034,1740.72485,1792.644738,1833.543966,1740.72485,290.6547215,289.2424473,0.001001968,0.001005531,0.001008742,0.001011081,1506.303333,1506.303333,1506.303333,3006.546561,3006.546561,3006.546561,3006.546561,3006.546561
9/18/1985,671.2954845,704.9806821,722.6277236,739.5564935,739.8351332,722.6277236,1465.094707,1507.909333,1633.511656,1495.925303,1556.84027,1633.511656,1556.578524,1631.868883,1633.511656,1607.895252,1685.831034,1633.511656,278.0437726,276.7032521,0.001001968,0.001005531,0.001008742,0.001011081,1284.914728,1284.914728,1284.914728,2833.368245,2833.368245,2833.368245,2833.368245,2833.368245
9/19/1985,641.2252075,674.3604057,690.1905114,704.7121537,704.9806821,690.1905114,1388.502525,1523.865832,1549.69277,1416.106363,1507.909333,1549.69277,1471.297652,1556.84027,1549.69277,1545.475355,1631.868883,1549.69277,266.764783,265.488025,0.001001968,0.001005531,0.001008742,0.001011081,1028.179211,1028.179211,1028.179211,2419.866209,2419.866209,2419.866209,2419.866209,2419.866209
9/20/1985,614.5686628,647.0525011,661.4821717,674.1107371,674.3604057,661.4821717,1345.514787,1770.89236,1501.779212,1370.530852,1523.865832,1501.779212,1421.519567,1507.909333,1501.779212,1470.482518,1556.84027,1501.779212,256.9953487,255.7734915,0.001001968,0.001005531,0.001008742,0.001011081,867.9957228,867.9957228,867.9957228,2055.287589,2055.287589,2055.287589,2055.287589,2055.287589
9/21/1985,590.6132043,622.3804197,635.715583,646.8258523,647.0525011,635.715583,1306.534761,1722.138347,1458.297734,1329.392773,1770.89236,1458.297734,1376.809068,1523.865832,1458.297734,1422.508686,1507.909333,1458.297734,248.3807513,247.2070429,0.001001968,0.001005531,0.001008742,0.001011081,787.835468,787.835468,787.835468,1812.265559,1812.265559,1812.265559,1812.265559,1812.265559
9/22/1985,568.826606,600.1671485,612.3019987,622.17484,622.3804197,612.3019987,1272.266181,1813.082575,1419.972606,1293.322079,1722.138347,1419.972606,1337.737984,1770.89236,1419.972606,1378.555168,1523.865832,1419.972606,240.6482125,239.5175063,0.001001968,0.001005531,0.001008742,0.001011081,740.1796467,740.1796467,740.1796467,1671.830676,1671.830676,1671.830676,1671.830676,1671.830676
9/23/1985,548.8195475,594.9421307,590.8115543,599.6604109,600.1671485,590.8115543,1293.695885,7914.107025,1446.934418,1312.276725,1813.082575,1446.934418,1352.943528,1722.138347,1446.934418,1390.82299,1770.89236,1446.934418,233.59964,232.5079479,0.001001968,0.001005531,0.001008742,0.001011081,703.6234431,703.6234431,703.6234431,1598.392611,1598.392611,1598.392611,1598.392611,1598.392611
9/24/1985,545.9695369,601.4916804,588.156976,594.279124,594.9421307,588.156976,1532.386722,17786.60802,1728.390338,1544.077958,7914.107025,1728.390338,1571.100513,1813.082575,1728.390338,1595.941847,1722.138347,1728.390338,234.6394759,233.5420396,0.001001968,0.001005531,0.001008742,0.001011081,673.4717779,673.4717779,673.4717779,1592.996653,1592.996653,1592.996653,1592.996653,1592.996653
9/25/1985,552.4419455,746.5537834,595.8711647,601.6973215,601.4916804,595.8711647,1515.071618,28736.23563,1705.084435,1527.203856,17786.60802,1705.084435,1548.026981,7914.107025,1705.084435,1573.744288,1813.082575,1705.084435,240.8574245,239.7255575,0.001001968,0.001005531,0.001008742,0.001011081,649.8227304,649.8227304,649.8227304,1593.939184,1593.939184,1593.939184,1593.939184,1593.939184
9/26/1985,520.2554995,5163.739893,559.7126462,562.8080121,746.5537834,559.7126462,1560.294641,32883.48266,1759.91823,1566.284478,28736.23563,1759.91823,1600.968978,17786.60802,1759.91823,1644.48603,7914.107025,1759.91823,221.3556907,220.331335,0.001001968,0.001005531,0.001008742,0.001011081,628.8912169,628.8912169,628.8912169,1621.780815,1621.780815,1621.780815,1621.780815,1621.780815
9/27/1985,5821.156453,14143.48868,6156.033917,4304.135988,5163.739893,6156.033917,20503.92677,30991.85904,22616.59954,18944.57463,32883.48266,22616.59954,16601.57143,28736.23563,22616.59954,6651.50923,17786.60802,22616.59954,1061.832483,1055.502735,0.001001968,0.001005531,0.001008742,0.001011081,769.8968952,769.8968952,769.8968952,3630.075929,3630.075929,3630.075929,3630.075929,3630.075929
9/28/1985,16236.7743,18611.14309,17821.04636,14618.89508,14143.48868,17821.04636,38400.2733,23395.25723,44011.5477,35896.27584,30991.85904,44011.5477,31762.4152,32883.48266,44011.5477,24971.10854,28736.23563,44011.5477,5177.142368,5139.297282,0.001001968,0.001005531,0.001008742,0.001011081,2020.524494,2020.524494,2020.524494,7494.595891,7494.595891,7494.595891,7494.595891,7494.595891
9/29/1985,18402.7339,19690.43684,20749.55695,18921.58828,18611.14309,20749.55695,35063.35918,19164.47237,41442.97098,33942.44602,23395.25723,41442.97098,34398.50896,30991.85904,41442.97098,32455.85037,32883.48266,41442.97098,8561.493975,8495.243658,0.001001968,0.001005531,0.001008742,0.001011081,4424.879849,4424.879849,4424.879849,11887.96276,11887.96276,11887.96276,11887.96276,11887.96276
9/30/1985,14612.97931,8524.878184,17579.1278,19719.44148,19690.43684,17579.1278,27273.07694,14345.94151,33927.23131,30313.48031,19164.47237,33927.23131,34440.97676,23395.25723,33927.23131,32386.33817,30991.85904,33927.23131,11169.88646,11080.92416,0.001001968,0.001005531,0.001008742,0.001011081,7354.592853,7354.592853,7354.592853,16416.7047,16416.7047,16416.7047,16416.7047,16416.7047
10/1/1985,5142.95312,2997.340124,5788.306555,8526.32614,8524.878184,5788.306555,14677.57094,9879.33909,17351.54987,17507.39157,14345.94151,17351.54987,20576.29777,19164.47237,17351.54987,31512.40483,23395.25723,17351.54987,2717.871121,2699.494481,0.001001968,0.001005531,0.001008742,0.001011081,8866.96956,8866.96956,8866.96956,20276.63598,20276.63598,20276.63598,20276.63598,20276.63598
10/2/1985,2271.985767,3575.32907,2298.496431,2970.0072,2997.340124,2298.496431,3534.175131,6803.130351,3638.627436,4239.873219,9879.33909,3638.627436,7077.013407,14345.94151,3638.627436,12676.02662,19164.47237,3638.627436,0.001000564,0.001006515,0.001001968,0.001005531,0.001008742,0.001011081,9608.638366,9608.638366,9608.638366,22664.21942,22664.21942,22664.21942,22664.21942,22664.21942
10/3/1985,3038.647048,3395.159099,3322.970186,3565.111361,3575.32907,3322.970186,9536.793786,7148.85261,11069.98008,9798.366718,6803.130351,11069.98008,10602.95315,9879.33909,11069.98008,12380.21946,14345.94151,11069.98008,1241.74142,1234.173731,0.001001968,0.001005531,0.001008742,0.001011081,10131.35147,10131.35147,10131.35147,24327.16049,24327.16049,24327.16049,24327.16049,24327.16049
10/4/1985,2927.600077,3221.920531,3242.099698,3406.414763,3395.159099,3242.099698,9974.692109,8226.395902,11669.71669,10152.25233,7148.85261,11669.71669,10591.66783,6803.130351,11669.71669,11433.56155,9879.33909,11669.71669,1376.585085,1368.07477,0.001001968,0.001005531,0.001008742,0.001011081,10420.56262,10420.56262,10420.56262,23633.25086,23633.25086,23633.25086,23633.25086,23633.25086
10/5/1985,2672.251752,2910.672163,2924.51129,3055.401325,3221.920531,2924.51129,7564.065205,7338.731502,8678.956362,7747.573473,8226.395902,8678.956362,7952.871471,7148.85261,8678.956362,8419.553359,6803.130351,8678.956362,1096.327631,1089.762412,0.001001968,0.001005531,0.001008742,0.001011081,9519.710217,9519.710217,9519.710217,20842.1165,20842.1165,20842.1165,20842.1165,20842.1165
10/6/1985,2561.800857,2668.690235,2786.920639,2993.943846,2910.672163,2786.920639,5446.36727,5914.128697,6116.610341,5748.858657,7338.731502,6116.610341,5941.412814,8226.395902,6116.610341,6107.764533,7148.85261,6116.610341,905.7405543,900.4638972,0.001001968,0.001005531,0.001008742,0.001011081,7457.967121,7457.967121,7457.967121,17209.35823,17209.35823,17209.35823,17209.35823,17209.35823
10/7/1985,2953.612754,4117.124451,3217.027217,2731.35666,2668.690235,3217.027217,6095.267848,5642.533102,6914.998076,5692.855207,5914.128697,6914.998076,6288.918528,7338.731502,6914.998076,6510.568216,8226.395902,6914.998076,1138.154123,1131.30215,0.001001968,0.001005531,0.001008742,0.001011081,4889.37487,4889.37487,4889.37487,13459.55456,13459.55456,13459.55456,13459.55456,13459.55456
10/8/1985,3603.175096,2999.893452,4138.547807,4123.396023,4117.124451,4138.547807,7545.759851,5247.709143,8945.16986,7688.915366,5642.533102,8945.16986,7846.8616,5914.128697,8945.16986,7340.238937,7338.731502,8945.16986,2311.121481,2295.814063,0.001001968,0.001005531,0.001008742,0.001011081,3839.589097,3839.589097,3839.589097,10400.40918,10400.40918,10400.40918,10400.40918,10400.40918
10/9/1985,2405.133011,2040.169711,2685.244727,3003.149488,2999.893452,2685.244727,5810.746715,4590.513252,6737.061539,6198.710291,5247.709143,6737.061539,6456.729566,5642.533102,6737.061539,7367.524327,5914.128697,6737.061539,1262.93652,1255.22146,0.001001968,0.001005531,0.001008742,0.001011081,3449.603807,3449.603807,3449.603807,8770.897213,8770.897213,8770.897213,8770.897213,8770.897213
10/10/1985,1787.432293,1962.52389,1931.939211,2042.112188,2040.169711,1931.939211,3503.086364,4548.902283,3916.903396,3664.819162,4590.513252,3916.903396,4132.37686,5247.709143,3916.903396,4861.730689,5642.533102,3916.903396,668.865526,665.1414565,0.001001968,0.001005531,0.001008742,0.001011081,3186.970792,3186.970792,3186.970792,7714.799642,7714.799642,7714.799642,7714.799642,7714.799642
10/11/1985,1750.333934,1921.59711,1907.974368,1963.576372,1962.52389,1907.974368,3915.105254,4533.223439,4433.397204,4016.999157,4548.902283,4433.397204,4268.013728,4590.513252,4433.397204,4627.949994,5247.709143,4433.397204,734.1580394,730.0122399,0.001001968,0.001005531,0.001008742,0.001011081,2958.16802,2958.16802,2958.16802,6916.6751,6916.6751,6916.6751,6916.6751,6916.6751
10/12/1985,1675.179042,1941.745134,1828.63788,1865.371486,1921.59711,1828.63788,4117.120855,4126.571955,4676.688461,4192.509787,4533.223439,4676.688461,4372.961533,4548.902283,4676.688461,4563.656149,4590.513252,4676.688461,719.1920263,715.1433473,0.001001968,0.001005531,0.001008742,0.001011081,2791.432773,2791.432773,2791.432773,6307.993371,6307.993371,6307.993371,6307.993371,6307.993371
10/13/1985,1772.327434,2017.797453,1942.345166,1947.740339,1941.745134,1942.345166,3931.506364,4127.084841,4460.140971,3991.056968,4126.571955,4460.140971,4141.318672,4533.223439,4460.140971,4144.532938,4548.902283,4460.140971,776.2370022,771.8167588,0.001001968,0.001005531,0.001008742,0.001011081,2640.477912,2640.477912,2640.477912,5976.056905,5976.056905,5976.056905,5976.056905,5976.056905
10/14/1985,1886.293278,2024.523212,2077.819584,2040.286399,2017.797453,2077.819584,4016.542716,4142.271512,4587.015107,4037.980778,4127.084841,4587.015107,4178.174754,4126.571955,4587.015107,4264.364422,4533.223439,4587.015107,876.7718131,871.6881838,0.001001968,0.001005531,0.001008742,0.001011081,2483.358012,2483.358012,2483.358012,5613.849499,5613.849499,5613.849499,5613.849499,5613.849499
10/15/1985,1816.975692,1962.831796,2003.86894,1998.664084,2024.523212,2003.86894,3832.876686,3811.250546,4387.80051,3883.457964,4142.271512,4387.80051,4030.905368,4127.084841,4387.80051,4174.896634,4126.571955,4387.80051,868.3298004,863.3022707,0.001001968,0.001005531,0.001008742,0.001011081,2221.750381,2221.750381,2221.750381,5181.057736,5181.057736,5181.057736,5181.057736,5181.057736
10/16/1985,1791.332767,1811.86463,1968.802973,1980.976389,1962.831796,1968.802973,3498.756558,3009.455081,3982.272313,3570.625018,3811.250546,3982.272313,3692.669909,4142.271512,3982.272313,3772.381252,4127.084841,3982.272313,814.9841925,810.3095136,0.001001968,0.001005531,0.001008742,0.001011081,2065.820774,2065.820774,2065.820774,4759.178383,4759.178383,4759.178383,4759.178383,4759.178383
10/17/1985,1657.277785,1708.426071,1818.061218,1827.336525,1811.86463,1818.061218,3471.816983,2983.026676,3948.439047,3530.252096,3009.455081,3948.439047,3723.148209,3811.250546,3948.439047,3812.126325,4142.271512,3948.439047,756.0696966,751.781236,0.001001968,0.001005531,0.001008742,0.001011081,1994.352329,1994.352329,1994.352329,4489.293205,4489.293205,4489.293205,4489.293205,4489.293205
10/18/1985,1498.908313,1379.454255,1648.980805,1707.484177,1708.426071,1648.980805,3392.963723,3604.135839,3864.904212,3494.323603,2983.026676,3864.904212,3666.637291,3009.455081,3864.904212,3810.301756,3811.250546,3864.904212,717.2459732,713.2099036,0.001001968,0.001005531,0.001008742,0.001011081,1946.664066,1946.664066,1946.664066,4336.586154,4336.586154,4336.586154,4336.586154,4336.586154
10/19/1985,1237.930709,1046.448066,1330.472185,1357.982916,1379.454255,1330.472185,2912.997297,3648.600661,3261.418455,2964.948306,3604.135839,3261.418455,3101.637869,2983.026676,3261.418455,3473.364067,3009.455081,3261.418455,448.9796304,446.6320949,0.001001968,0.001005531,0.001008742,0.001011081,1874.475869,1874.475869,1874.475869,4183.996086,4183.996086,4183.996086,4183.996086,4183.996086
10/20/1985,1052.645675,1432.673284,1088.049676,1053.235226,1046.448066,1088.049676,2156.934693,3608.675032,2314.582294,2136.351572,3648.600661,2314.582294,2167.941523,3604.135839,2314.582294,2554.494087,2983.026676,2314.582294,145.1089557,144.4894031,0.001001968,0.001005531,0.001008742,0.001011081,1746.000972,1746.000972,1746.000972,3959.535045,3959.535045,3959.535045,3959.535045,3959.535045
10/21/1985,1488.418134,2053.073846,1597.724908,1441.36787,1432.673284,1597.724908,2830.951845,3047.415844,3146.144205,2712.802151,3608.675032,3146.144205,2782.83246,3648.600661,3146.144205,2437.608736,3604.135839,3146.144205,528.8900538,526.0510029,0.001001968,0.001005531,0.001008742,0.001011081,1658.472475,1658.472475,1658.472475,3745.526167,3745.526167,3745.526167,3745.526167,3745.526167
10/22/1985,1775.108326,1518.330427,1991.912782,2051.966692,2053.073846,1991.912782,3944.606235,4446.56325,4561.310227,4067.528047,3047.415844,4561.310227,4112.430432,3608.675032,4561.310227,3634.089617,3648.600661,4561.310227,1022.964221,1016.898651,0.001001968,0.001005531,0.001008742,0.001011081,1646.31793,1646.31793,1646.31793,3646.217737,3646.217737,3646.217737,3646.217737,3646.217737
10/23/1985,1275.728841,1464.129238,1391.533672,1516.888064,1518.330427,1391.533672,3237.505994,4517.584853,3663.187216,3391.419714,4446.56325,3663.187216,3544.972954,3047.415844,3663.187216,3893.115215,3608.675032,3663.187216,567.5050128,564.4246533,0.001001968,0.001005531,0.001008742,0.001011081,1592.584414,1592.584414,1592.584414,3614.71762,3614.71762,3614.71762,3614.71762,3614.71762
10/24/1985,1084.158751,1706.825433,1163.474933,1202.951449,1464.129238,1163.474933,2586.229424,4091.905073,2873.530125,2649.557139,4517.584853,2873.530125,2840.495559,4446.56325,2873.530125,3113.032505,3047.415844,2873.530125,393.7934511,391.7783831,0.001001968,0.001005531,0.001008742,0.001011081,1512.794743,1512.794743,1512.794743,3547.392918,3547.392918,3547.392918,3547.392918,3547.392918
10/25/1985,1771.174713,2013.268218,1924.491282,1813.205283,1706.825433,1924.491282,3134.446253,3659.300888,3482.372303,3100.311148,4091.905073,3482.372303,3078.888489,4517.584853,3482.372303,2660.475677,4446.56325,3482.372303,613.9364217,610.5629541,0.001001968,0.001005531,0.001008742,0.001011081,1500.910165,1500.910165,1500.910165,3411.339146,3411.339146,3411.339146,3411.339146,3411.339146
10/26/1985,2115.728553,2179.383613,2321.435737,2099.729885,2013.268218,2321.435737,4751.412016,3446.441526,5429.136164,4587.559381,3659.300888,5429.136164,4631.778293,4091.905073,5429.136164,4456.439365,4517.584853,5429.136164,916.4434026,911.095228,0.001001968,0.001005531,0.001008742,0.001011081,1582.204483,1582.204483,1582.204483,3541.476654,3541.476654,3541.476654,3541.476654,3541.476654
10/27/1985,1861.760079,1493.053902,2086.297708,2184.309727,2179.383613,2086.297708,4157.175684,3151.681207,4804.287723,4320.5194,3446.441526,4804.287723,4448.005924,3659.300888,4804.287723,4390.229925,4091.905073,4804.287723,1044.466493,1038.25493,0.001001968,0.001005531,0.001008742,0.001011081,1733.243969,1733.243969,1733.243969,3769.870953,3769.870953,3769.870953,3769.870953,3769.870953
10/28/1985,1246.604638,1175.140415,1351.639631,1494.792517,1493.053902,1351.639631,3014.395561,2905.246266,3392.410195,3185.926178,3151.681207,3392.410195,3397.899981,3446.441526,3392.410195,3952.874907,3659.300888,3392.410195,508.1531861,505.4427408,0.001001968,0.001005531,0.001008742,0.001011081,1763.267239,1763.267239,1763.267239,3940.80263,3940.80263,3940.80263,3940.80263,3940.80263
10/29/1985,1061.096739,1171.811099,1133.871658,1175.902992,1175.140415,1133.871658,2367.942207,2786.732518,2615.994935,2434.217885,2905.246266,2615.994935,2642.254311,3151.681207,2615.994935,2981.888577,3446.441526,2615.994935,354.6415397,352.8583888,0.001001968,0.001005531,0.001008742,0.001011081,1679.804815,1679.804815,1679.804815,3926.755403,3926.755403,3926.755403,3926.755403,3926.755403
10/30/1985,1068.606886,1139.463542,1152.015284,1171.947989,1171.811099,1152.015284,2609.23515,2678.05258,2922.187136,2652.056182,2786.732518,2922.187136,2760.457648,2905.246266,2922.187136,2917.198607,3151.681207,2922.187136,410.0452686,407.932938,0.001001968,0.001005531,0.001008742,0.001011081,1627.692408,1627.692408,1627.692408,3822.304906,3822.304906,3822.304906,3822.304906,3822.304906
10/31/1985,1039.894008,1100.24372,1123.43234,1139.196378,1139.463542,1123.43234,2586.810468,2648.754117,2902.274628,2624.338613,2678.05258,2902.274628,2709.809631,2786.732518,2902.274628,2811.781593,2905.246266,2902.274628,413.0857894,410.9552006,0.001001968,0.001005531,0.001008742,0.001011081,1603.564878,1603.564878,1603.564878,3709.299879,3709.299879,3709.299879,3709.299879,3709.299879
11/1/1985,1004.809585,1063.440488,1086.077748,1099.713768,1100.24372,1086.077748,2417.627841,3458.083662,2710.249657,2453.6745,2648.754117,2710.249657,2534.209274,2678.05258,2710.249657,2640.322637,2786.732518,2710.249657,404.0688421,401.9923437,0.001001968,0.001005531,0.001008742,0.001011081,1523.897893,1523.897893,1523.897893,3655.04268,3655.04268,3655.04268,3655.04268,3655.04268
11/2/1985,971.7817049,1029.262289,1050.715828,1062.738182,1063.440488,1050.715828,2276.678059,5056.99055,2557.161741,2309.882437,3458.083662,2557.161741,2386.009641,2648.754117,2557.161741,2521.413114,2678.05258,2557.161741,394.4874437,392.4682338,0.001001968,0.001005531,0.001008742,0.001011081,1392.450013,1392.450013,1392.450013,3372.492097,3372.492097,3372.492097,3372.492097,3372.492097
11/3/1985,941.017993,1030.726875,1017.719481,1028.449065,1029.262289,1017.719481,2221.837254,4738.768499,2494.610218,2253.111516,5056.99055,2494.610218,2325.705809,3458.083662,2494.610218,2386.520084,2648.754117,2494.610218,385.2036991,383.2398088,0.001001968,0.001005531,0.001008742,0.001011081,1237.485189,1237.485189,1237.485189,3096.409678,3096.409678,3096.409678,3096.409678,3096.409678
11/4/1985,912.174213,1875.768672,986.7377785,996.4082332,1030.726875,986.7377785,2294.292163,4352.337478,2577.804508,2322.477713,4738.768499,2577.804508,2389.964743,5056.99055,2577.804508,2417.58081,3458.083662,2577.804508,376.2230865,374.312528,0.001001968,0.001005531,0.001008742,0.001011081,1148.833595,1148.833595,1148.833595,2887.515794,2887.515794,2887.515794,2887.515794,2887.515794
11/5/1985,1675.280642,2458.417526,1896.692873,1850.118403,1875.768672,1896.692873,3888.077023,4235.369724,4516.652526,3911.389069,4352.337478,4516.652526,3913.325319,4738.768499,4516.652526,3140.666967,5056.99055,4516.652526,1021.61565,1015.559224,0.001001968,0.001005531,0.001008742,0.001011081,1197.563203,1197.563203,1197.563203,2896.559461,2896.559461,2896.559461,2896.559461,2896.559461
11/6/1985,2284.326866,2047.069111,2574.388719,2481.422979,2458.417526,2574.388719,5883.869631,3521.821748,6862.836381,5864.419262,4235.369724,6862.836381,5725.227269,4352.337478,6862.836381,5270.223078,4738.768499,6862.836381,1286.829443,1278.94789,0.001001968,0.001005531,0.001008742,0.001011081,1328.055816,1328.055816,1328.055816,3232.977962,3232.977962,3232.977962,3232.977962,3232.977962
11/7/1985,1885.389897,1599.805593,2091.703548,2063.113174,2047.069111,2091.703548,4517.82042,2539.730471,5187.869641,4545.585179,3521.821748,5187.869641,4742.550391,4235.369724,5187.869641,4859.227549,4352.337478,5187.869641,947.0875124,941.5339861,0.001001968,0.001005531,0.001008742,0.001011081,1462.596316,1462.596316,1462.596316,3584.654931,3584.654931,3584.654931,3584.654931,3584.654931
11/8/1985,1452.218558,1295.554192,1602.921471,1605.78508,1599.805593,1602.921471,3271.993676,2441.108847,3720.315979,3320.919907,2539.730471,3720.315979,3650.623705,3521.821748,3720.315979,4027.217837,4235.369724,3720.315979,724.5708887,720.4873343,0.001001968,0.001005531,0.001008742,0.001011081,1561.478645,1561.478645,1561.478645,3843.2574,3843.2574,3843.2574,3843.2574,3843.2574
11/9/1985,1113.009123,1010.136336,1218.829642,1295.504096,1295.554192,1218.829642,2865.423458,3073.664534,3243.456053,2968.903419,2441.108847,3243.456053,3144.736631,2539.730471,3243.456053,3645.624574,3521.821748,3243.456053,527.2554809,524.4265928,0.001001968,0.001005531,0.001008742,0.001011081,1605.898653,1605.898653,1605.898653,4020.498966,4020.498966,4020.498966,4020.498966,4020.498966
11/10/1985,848.6816156,1017.844746,909.776096,979.8943291,1010.136336,909.776096,2279.160288,4115.280676,2536.575125,2364.16246,3073.664534,2536.575125,2494.315034,2441.108847,2536.575125,2870.880987,2539.730471,2536.575125,310.2619664,308.737212,0.001001968,0.001005531,0.001008742,0.001011081,1609.291542,1609.291542,1609.291542,4102.457138,4102.457138,4102.457138,4102.457138,4102.457138
11/11/1985,1061.275705,1920.583628,1112.389917,931.3503417,1017.844746,1112.389917,2053.260315,3851.081588,2213.975057,1894.210599,4115.280676,2213.975057,1923.999072,3073.664534,2213.975057,2090.978716,2441.108847,2213.975057,233.5556931,232.4642437,0.001001968,0.001005531,0.001008742,0.001011081,1597.757513,1597.757513,1597.757513,4060.166827,4060.166827,4060.166827,4060.166827,4060.166827
11/12/1985,1826.952624,2272.084946,2014.452865,1913.103447,1920.583628,2014.452865,3020.398086,8190.340821,3415.450526,2997.644281,3851.081588,3415.450526,2867.16854,4115.280676,3415.450526,2145.637131,3073.664534,3415.450526,843.7650571,838.9003668,0.001001968,0.001005531,0.001008742,0.001011081,1590.98853,1590.98853,1590.98853,3902.511402,3902.511402,3902.511402,3902.511402,3902.511402
11/13/1985,2224.028667,2273.011993,2444.104667,2301.370226,2272.084946,2444.104667,4191.712594,10827.84665,4760.115977,4133.146817,8190.340821,4760.115977,4044.947254,3851.081588,4760.115977,3570.460566,4115.280676,4760.115977,965.6144126,959.9363226,0.001001968,0.001005531,0.001008742,0.001011081,1576.589281,1576.589281,1576.589281,3627.278316,3627.278316,3627.278316,3627.278316,3627.278316
11/14/1985,2001.966657,2470.522452,2186.089795,2220.144913,2273.011993,2186.089795,4182.176033,17628.30174,4736.745062,4276.313247,10827.84665,4736.745062,4322.555092,8190.340821,4736.745062,4314.319763,3851.081588,4736.745062,830.3444509,825.5684693,0.001001968,0.001005531,0.001008742,0.001011081,1579.769193,1579.769193,1579.769193,3532.911029,3532.911029,3532.911029,3532.911029,3532.911029
11/15/1985,2678.804512,4752.570713,2899.256964,2505.368881,2470.522452,2899.256964,4333.553589,14126.38811,4824.470587,4039.801992,17628.30174,4824.470587,4086.831489,10827.84665,4824.470587,3733.693808,8190.340821,4824.470587,933.0635453,927.6041026,0.001001968,0.001005531,0.001008742,0.001011081,1660.19726,1660.19726,1660.19726,3496.878693,3496.878693,3496.878693,3496.878693,3496.878693
11/16/1985,3778.431227,6543.659561,4268.093905,3989.33876,4752.570713,4268.093905,9072.577539,13451.888,10647.58792,8917.852689,14126.38811,10647.58792,8944.026268,17628.30174,10647.58792,7619.7298,10827.84665,10647.58792,2108.464051,2094.663672,0.001001968,0.001005531,0.001008742,0.001011081,1981.679391,1981.679391,1981.679391,4182.526843,4182.526843,4182.526843,4182.526843,4182.526843
11/17/1985,6793.403212,7084.718253,7564.887286,6890.63362,6543.659561,7564.887286,16112.4159,11986.27489,18724.78265,15786.38944,13451.888,18724.78265,14897.40592,14126.38811,18724.78265,11507.31216,17628.30174,18724.78265,2719.274427,2700.887103,0.001001968,0.001005531,0.001008742,0.001011081,2598.318612,2598.318612,2598.318612,5642.646597,5642.646597,5642.646597,5642.646597,5642.646597
11/18/1985,7401.564489,7631.456486,8073.587221,7347.286375,7084.718253,8073.587221,19553.15339,11372.31021,22760.90923,18955.64924,11986.27489,22760.90923,18367.21334,13451.888,22760.90923,18945.76019,14126.38811,22760.90923,2559.202042,2542.029307,0.001001968,0.001005531,0.001008742,0.001011081,3376.745583,3376.745583,3376.745583,8249.726106,8249.726106,8249.726106,8249.726106,8249.726106
11/19/1985,6144.015227,4873.561719,7034.72829,7544.342103,7631.456486,7034.72829,11533.98335,10761.2822,13640.31718,12337.21705,11372.31021,13640.31718,13726.84531,11986.27489,13640.31718,12380.55808,13451.888,13640.31718,3644.149757,3618.600223,0.001001968,0.001005531,0.001008742,0.001011081,4306.362344,4306.362344,4306.362344,10070.75883,10070.75883,10070.75883,10070.75883,10070.75883
11/20/1985,3812.800315,3313.229911,4226.993443,4897.425774,4873.561719,4226.993443,9318.810446,10148.17596,10782.01984,10092.26051,10761.2822,10782.01984,11199.57477,11372.31021,10782.01984,13970.883,11986.27489,10782.01984,1750.889049,1739.706139,0.001001968,0.001005531,0.001008742,0.001011081,4832.384988,4832.384988,4832.384988,11446.85213,11446.85213,11446.85213,11446.85213,11446.85213
11/21/1985,2836.275057,3161.432169,3068.655798,3332.261866,3313.229911,3068.655798,5838.277773,7916.579422,6556.06378,6183.100753,10148.17596,6556.06378,7134.126233,10761.2822,6556.06378,8940.015697,11372.31021,6556.06378,1000.649772,994.7353019,0.001001968,0.001005531,0.001008742,0.001011081,5115.069146,5115.069146,5115.069146,12246.49579,12246.49579,12246.49579,12246.49579,12246.49579
11/22/1985,2740.296476,3353.292734,3008.136854,3150.896,3161.432169,3008.136854,7442.90759,8099.70088,8548.176685,7641.901635,7916.579422,8548.176685,8135.668437,10148.17596,8548.176685,8852.077933,10761.2822,8548.176685,1172.283866,1165.196933,0.001001968,0.001005531,0.001008742,0.001011081,5271.944777,5271.944777,5271.944777,13000.31416,13000.31416,13000.31416,13000.31416,13000.31416
11/23/1985,2995.881445,3286.653427,3320.27274,3354.617859,3353.292734,3320.27274,8942.749027,8869.443394,10371.89186,9050.968117,8099.70088,10371.89186,9301.161314,7916.579422,10371.89186,9249.273304,10148.17596,10371.89186,1396.319849,1387.670606,0.001001968,0.001005531,0.001008742,0.001011081,5234.049284,5234.049284,5234.049284,13149.73726,13149.73726,13149.73726,13149.73726,13149.73726
11/24/1985,2931.676938,2739.827403,3240.413335,3294.550181,3286.653427,3240.413335,8538.863466,12397.45191,9895.727155,8649.708785,8869.443394,9895.727155,8832.449326,8099.70088,9895.727155,9382.192511,7916.579422,9895.727155,1338.186465,1329.945772,0.001001968,0.001005531,0.001008742,0.001011081,4934.025107,4934.025107,4934.025107,12636.81325,12636.81325,12636.81325,12636.81325,12636.81325
11/25/1985,2428.042104,3047.812763,2665.17166,2735.824795,2739.827403,2665.17166,5871.673776,13728.94563,6699.885192,6009.463376,12397.45191,6699.885192,6434.883832,8869.443394,6699.885192,6898.768746,8099.70088,6699.885192,1051.896446,1045.634348,0.001001968,0.001005531,0.001008742,0.001011081,4449.498942,4449.498942,4449.498942,10796.92086,10796.92086,10796.92086,10796.92086,10796.92086
11/26/1985,2667.971375,3980.908061,2965.622389,2978.520239,3047.812763,2965.622389,6786.810928,13287.77998,7819.664967,6881.717041,13728.94563,7819.664967,7108.721423,12397.45191,7819.664967,7098.524622,8869.443394,7819.664967,1306.296946,1298.279458,0.001001968,0.001005531,0.001008742,0.001011081,3714.591337,3714.591337,3714.591337,9744.740852,9744.740852,9744.740852,9744.740852,9744.740852
11/27/1985,4078.80904,5052.3895,4492.794635,3952.067081,3980.908061,4492.794635,9618.636113,13359.13575,11048.2195,9219.917807,13287.77998,11048.2195,8987.022022,13728.94563,11048.2195,8179.40082,12397.45191,11048.2195,1670.100266,1659.500531,0.001001968,0.001005531,0.001008742,0.001011081,3386.166299,3386.166299,3386.166299,9156.398563,9156.398563,9156.398563,9156.398563,9156.398563
11/28/1985,4843.557961,5624.768476,5365.112426,5066.304859,5052.3895,5365.112426,13244.47358,11616.34627,15414.17603,13061.2398,13359.13575,15414.17603,12764.27954,13287.77998,15414.17603,11903.68149,13728.94563,15414.17603,2123.722526,2109.809237,0.001001968,0.001005531,0.001008742,0.001011081,3432.580089,3432.580089,3432.580089,9606.597983,9606.597983,9606.597983,9606.597983,9606.597983
11/29/1985,4942.691113,4754.721835,5572.00681,5632.586061,5624.768476,5572.00681,13561.18477,12162.35213,15930.24693,13764.36327,11616.34627,15930.24693,14092.1717,13359.13575,15930.24693,13215.72057,13287.77998,15930.24693,2594.960426,2577.517086,0.001001968,0.001005531,0.001008742,0.001011081,3723.347222,3723.347222,3723.347222,10395.43213,10395.43213,10395.43213,10395.43213,10395.43213
11/30/1985,4098.304128,4585.004734,4563.655533,4752.688694,4754.721835,4563.655533,11284.2569,12961.28138,13135.01465,11569.92278,12162.35213,13135.01465,12102.99415,11616.34627,13135.01465,13056.9039,13359.13575,13135.01465,1961.052587,1948.338075,0.001001968,0.001005531,0.001008742,0.001011081,3951.749247,3951.749247,3951.749247,10996.57401,10996.57401,10996.57401,10996.57401,10996.57401
12/1/1985,3898.488152,5504.221879,4281.435819,4190.09346,4585.004734,4281.435819,10469.34866,12896.82771,12060.98334,10468.42836,12961.28138,12060.98334,10940.24208,12162.35213,12060.98334,11565.11672,11616.34627,12060.98334,1617.117916,1606.898838,0.001001968,0.001005531,0.001008742,0.001011081,4111.461344,4111.461344,4111.461344,11475.65312,11475.65312,11475.65312,11475.65312,11475.65312
12/2/1985,5463.478252,5669.525879,6015.83151,5611.668843,5504.221879,6015.83151,11606.47534,11940.65295,13293.54867,11430.35558,12896.82771,13293.54867,11281.18149,12961.28138,13293.54867,10432.45723,12162.35213,13293.54867,2071.923834,2058.393462,0.001001968,0.001005531,0.001008742,0.001011081,4406.109438,4406.109438,4406.109438,12065.98885,12065.98885,12065.98885,12065.98885,12065.98885
12/3/1985,6022.616111,7792.708485,6547.079368,5780.827623,5669.525879,6547.079368,12466.49936,11227.78555,14224.40658,11870.06603,11940.65295,14224.40658,11966.3029,12896.82771,14224.40658,12067.65089,12961.28138,14224.40658,2072.191218,2058.658871,0.001001968,0.001005531,0.001008742,0.001011081,4764.429359,4764.429359,4764.429359,12775.17896,12775.17896,12775.17896,12775.17896,12775.17896
12/4/1985,6677.037792,5786.047233,7621.341288,7811.772043,7792.708485,7621.341288,12468.26371,10033.2707,14750.93241,12970.67543,11227.78555,14750.93241,13375.75873,11940.65295,14750.93241,11870.44587,12896.82771,14750.93241,3812.273434,3785.398778,0.001001968,0.001005531,0.001008742,0.001011081,5332.437118,5332.437118,5332.437118,13360.97005,13360.97005,13360.97005,13360.97005,13360.97005
12/5/1985,4696.545012,4244.550661,5220.455924,5798.324733,5786.047233,5220.455924,10539.29826,8823.340738,12234.80994,11260.91719,10033.2707,12234.80994,11998.36286,11227.78555,12234.80994,13511.37986,11940.65295,12234.80994,2182.710835,2168.360173,0.001001968,0.001005531,0.001008742,0.001011081,5576.645969,5576.645969,5576.645969,13316.16563,13316.16563,13316.16563,13316.16563,13316.16563
12/6/1985,3687.832111,3962.595266,4003.989939,4253.217648,4244.550661,4003.989939,7371.489593,8123.486397,8337.159933,7728.546103,8823.340738,8337.159933,8646.839948,10033.2707,8337.159933,10031.88274,11227.78555,8337.159933,1338.233071,1329.992052,0.001001968,0.001005531,0.001008742,0.001011081,5493.311223,5493.311223,5493.311223,12841.78152,12841.78152,12841.78152,12841.78152,12841.78152
12/7/1985,3497.096739,3686.970426,3824.212235,3968.817423,3962.595266,3824.212235,7640.194965,7729.231742,8726.727825,7881.098781,8123.486397,8726.727825,8448.818502,8823.340738,8726.727825,9262.14358,10033.2707,8726.727825,1399.030627,1390.362283,0.001001968,0.001005531,0.001008742,0.001011081,5395.961313,5395.961313,5395.961313,12286.68637,12286.68637,12286.68637,12286.68637,12286.68637
12/8/1985,3269.634766,3432.865991,3582.154477,3691.477319,3686.970426,3582.154477,7452.29492,6770.857937,8535.30356,7647.369973,7729.231742,8535.30356,8082.582264,8123.486397,8535.30356,8635.435212,8823.340738,8535.30356,1348.407189,1340.094821,0.001001968,0.001005531,0.001008742,0.001011081,5324.309455,5324.309455,5324.309455,11682.18728,11682.18728,11682.18728,11682.18728,11682.18728
12/9/1985,3079.779843,3279.954035,3372.148429,3436.048493,3432.865991,3372.148429,6820.321429,9869.116236,7792.381567,6969.26641,6770.857937,7792.381567,7350.212721,7729.231742,7792.381567,7778.578194,8123.486397,7792.381567,1271.613848,1263.838366,0.001001968,0.001005531,0.001008742,0.001011081,5117.144667,5117.144667,5117.144667,11158.66977,11158.66977,11158.66977,11158.66977,11158.66977
12/10/1985,2980.0191,3677.782946,3260.630158,3274.752007,3279.954035,3260.630158,6503.627472,10325.18517,7418.695657,6601.394834,9869.116236,7418.695657,6918.266805,6770.857937,7418.695657,7237.607172,7729.231742,7418.695657,1228.413444,1220.938268,0.001001968,0.001005531,0.001008742,0.001011081,4815.055322,4815.055322,4815.055322,10423.44551,10423.44551,10423.44551,10423.44551,10423.44551
12/11/1985,3105.248725,4622.137374,3391.930626,3333.157833,3677.782946,3391.930626,6651.23405,10450.02337,7572.58936,6683.116908,10325.18517,7572.58936,6856.78599,9869.116236,7572.58936,6974.292314,6770.857937,7572.58936,1243.832983,1236.250764,0.001001968,0.001005531,0.001008742,0.001011081,4228.468417,4228.468417,4228.468417,9611.844022,9611.844022,9611.844022,9611.844022,9611.844022
12/12/1985,4828.587619,5790.132148,5286.711751,4719.084507,4622.137374,5286.711751,8126.140746,10108.32336,9211.938155,7772.563612,10450.02337,9211.938155,7648.173558,10325.18517,9211.938155,6532.284784,9869.116236,9211.938155,1771.362283,1760.031075,0.001001968,0.001005531,0.001008742,0.001011081,3952.584633,3952.584633,3952.584633,8769.694106,8769.694106,8769.694106,8769.694106,8769.694106
12/13/1985,5701.320846,5983.600792,6313.747009,5884.15554,5790.132148,6313.747009,11259.85407,9390.558837,13033.78524,11032.55606,10108.32336,13033.78524,10945.32362,10450.02337,13033.78524,10124.49175,10325.18517,13033.78524,2466.481433,2450.008372,0.001001968,0.001005531,0.001008742,0.001011081,4007.831986,4007.831986,4007.831986,8629.024973,8629.024973,8629.024973,8629.024973,8629.024973
12/14/1985,5009.89662,4456.30157,5641.875234,6001.051971,5983.600792,5641.875234,9778.806665,8416.673349,11422.94031,10344.98513,9390.558837,11422.94031,10796.88865,10108.32336,11422.94031,10318.42841,10450.02337,11422.94031,2614.906557,2597.312091,0.001001968,0.001005531,0.001008742,0.001011081,4239.879377,4239.879377,4239.879377,8794.220022,8794.220022,8794.220022,8794.220022,8794.220022
12/15/1985,3825.483332,3825.323271,4196.430054,4467.876096,4456.30157,4196.430054,7989.664226,7676.800811,9154.276359,8373.851241,8416.673349,9154.276359,9112.084458,9390.558837,9154.276359,10364.1785,10108.32336,9154.276359,1572.065262,1562.168709,0.001001968,0.001005531,0.001008742,0.001011081,4386.160522,4386.160522,4386.160522,9071.682392,9071.682392,9071.682392,9071.682392,9071.682392
12/16/1985,3381.913801,3593.416277,3696.300043,3833.552896,3825.323271,3696.300043,6730.20097,7194.228927,7660.409217,6971.701578,7676.800811,7660.409217,7610.467035,8416.673349,7660.409217,8444.775702,9390.558837,7660.409217,1351.702675,1343.367182,0.001001968,0.001005531,0.001008742,0.001011081,4475.39108,4475.39108,4475.39108,9260.483336,9260.483336,9260.483336,9260.483336,9260.483336
12/17/1985,3193.843816,3373.534442,3503.177133,3599.374652,3593.416277,3503.177133,6876.711891,6804.681151,7870.705094,7064.685539,7194.228927,7870.705094,7505.545135,7676.800811,7870.705094,8044.316323,8416.673349,7870.705094,1342.383602,1334.113483,0.001001968,0.001005531,0.001008742,0.001011081,4536.22981,4536.22981,4536.22981,9368.412257,9368.412257,9368.412257,9368.412257,9368.412257
12/18/1985,3006.629945,3176.871322,3299.753407,3377.900087,3373.534442,3299.753407,6479.978283,6490.448091,7414.941857,6645.56329,6804.681151,7414.941857,7014.877246,7194.228927,7414.941857,7415.872098,7676.800811,7414.941857,1282.356155,1274.505802,0.001001968,0.001005531,0.001008742,0.001011081,4569.937942,4569.937942,4569.937942,9406.965632,9406.965632,9406.965632,9406.965632,9406.965632
12/19/1985,2837.604358,3005.320099,3114.286314,3180.091301,3176.871322,3114.286314,6032.086395,6219.431084,6895.690704,6182.313502,6490.448091,6895.690704,6517.492784,6804.681151,6895.690704,6858.587405,7194.228927,6895.690704,1219.540494,1212.126839,0.001001968,0.001005531,0.001008742,0.001011081,4439.802543,4439.802543,4439.802543,9405.536162,9405.536162,9405.536162,9405.536162,9405.536162
12/20/1985,2688.954892,2853.418702,2951.188906,3007.699039,3005.320099,2951.188906,5735.825302,5995.069659,6552.293142,5872.695999,6219.431084,6552.293142,6180.833572,6490.448091,6552.293142,6457.324907,6804.681151,6552.293142,1163.950056,1156.920574,0.001001968,0.001005531,0.001008742,0.001011081,4125.248947,4125.248947,4125.248947,8839.688154,8839.688154,8839.688154,8839.688154,8839.688154
12/21/1985,2556.486245,2717.111955,2805.876871,2855.170118,2853.418702,2805.876871,5495.878805,5839.894014,6274.265721,5621.565555,5995.069659,6274.265721,5907.180329,6219.431084,6274.265721,6149.661078,6490.448091,6274.265721,1114.230882,1107.543085,0.001001968,0.001005531,0.001008742,0.001011081,3700.483158,3700.483158,3700.483158,8176.487041,8176.487041,8176.487041,8176.487041,8176.487041
12/22/1985,2437.011913,2593.484806,2674.827487,2718.389135,2717.111955,2674.827487,5257.801563,6297.599602,6001.830421,5373.810347,5839.894014,6001.830421,5640.176462,5995.069659,6001.830421,5885.037784,6219.431084,6001.830421,1069.156306,1062.776643,0.001001968,0.001005531,0.001008742,0.001011081,3396.662602,3396.662602,3396.662602,7522.177571,7522.177571,7522.177571,7522.177571,7522.177571
12/23/1985,2328.208128,2502.89481,2555.479832,2594.400284,2593.484806,2555.479832,5078.064692,5929.837006,5792.08028,5186.241754,6297.599602,5792.08028,5436.324117,5839.894014,5792.08028,5625.388791,5995.069659,5792.08028,1027.863665,1021.764863,0.001001968,0.001005531,0.001008742,0.001011081,3174.025924,3174.025924,3174.025924,7024.007772,7024.007772,7024.007772,7024.007772,7024.007772
12/24/1985,2235.37791,2760.834542,2452.804038,2480.310702,2502.89481,2452.804038,4937.870438,5744.872412,5630.806934,5030.606865,5929.837006,5630.806934,5265.213945,6297.599602,5630.806934,5461.779941,5839.894014,5630.806934,989.0199442,983.1840574,0.001001968,0.001005531,0.001008742,0.001011081,2993.921679,2993.921679,2993.921679,6651.133828,6651.133828,6651.133828,6651.133828,6651.133828
12/25/1985,2467.338093,2682.7541,2745.01144,2759.997914,2760.834542,2745.01144,5136.546076,5574.239942,5909.858951,5243.474459,5744.872412,5909.858951,5452.517404,5929.837006,5909.858951,5318.365895,6297.599602,5909.858951,1235.551876,1228.027166,0.001001968,0.001005531,0.001008742,0.001011081,2882.25482,2882.25482,2882.25482,6360.299312,6360.299312,6360.299312,6360.299312,6360.299312
12/26/1985,2407.503292,2510.69988,2665.061875,2686.592763,2682.7541,2665.061875,5536.65112,5339.035511,6375.040246,5630.748618,5574.239942,6375.040246,5807.249382,5744.872412,6375.040246,5994.026031,5929.837006,6375.040246,1152.044573,1145.097077,0.001001968,0.001005531,0.001008742,0.001011081,2791.864143,2791.864143,2791.864143,6216.861883,6216.861883,6216.861883,6216.861883,6216.861883
12/27/1985,2258.0593,2408.827345,2492.179622,2511.587788,2510.69988,2492.179622,4882.498942,5142.237108,5594.502937,4973.781205,5339.035511,5594.502937,5225.339348,5574.239942,5594.502937,5405.012814,5744.872412,5594.502937,1057.356439,1051.057176,0.001001968,0.001005531,0.001008742,0.001011081,2715.701067,2715.701067,2715.701067,6078.883114,6078.883114,6078.883114,6078.883114,6078.883114
12/28/1985,2160.808122,2297.158204,2384.437883,2409.406372,2408.827345,2384.437883,4705.087184,4948.309538,5391.595818,4797.717221,5142.237108,5391.595818,5024.76262,5339.035511,5391.595818,5232.523431,5574.239942,5391.595818,1016.439515,1010.41817,0.001001968,0.001005531,0.001008742,0.001011081,2646.338526,2646.338526,2646.338526,5947.501358,5947.501358,5947.501358,5947.501358,5947.501358
12/29/1985,2062.12769,2199.58138,2273.349587,2297.536554,2297.158204,2273.349587,4545.785901,4773.870059,5206.359476,4632.640916,4948.309538,5206.359476,4849.422336,5142.237108,5206.359476,5041.004225,5339.035511,5206.359476,966.1763865,960.4945134,0.001001968,0.001005531,0.001008742,0.001011081,2582.110167,2582.110167,2582.110167,5826.047473,5826.047473,5826.047473,5826.047473,5826.047473
12/30/1985,1976.068312,2110.864423,2177.390939,2199.806955,2199.58138,2177.390939,4367.569365,5492.596891,5000.140788,4449.320542,4773.870059,5000.140788,4654.941065,4948.309538,5000.140788,4835.371396,5142.237108,5000.140788,926.3403054,920.9259039,0.001001968,0.001005531,0.001008742,0.001011081,2522.350039,2522.350039,2522.350039,5707.342772,5707.342772,5707.342772,5707.342772,5707.342772
12/31/1985,1897.398621,2021.680112,2090.006934,2110.973712,2110.864423,2090.006934,4222.606084,5327.574262,4832.732413,4299.753058,5492.596891,4832.732413,4494.371659,4773.870059,4832.732413,4658.141649,4948.309538,4832.732413,891.2511064,886.0710973,0.001001968,0.001005531,0.001008742,0.001011081,2466.62552,2466.62552,2466.62552,5588.50577,5588.50577,5588.50577,5588.50577,5588.50577
1/1/1986,1829.523681,1958.720937,2012.643487,2021.701152,2021.680112,2012.643487,4081.572639,5646.846375,4667.200015,4143.467212,5327.574262,4667.200015,4326.97424,5492.596891,4667.200015,4491.021906,4773.870059,4667.200015,852.2395795,847.3187796,0.001001968,0.001005531,0.001008742,0.001011081,2369.630434,2369.630434,2369.630434,5461.477794,5461.477794,5461.477794,5461.477794,5461.477794
1/2/1986,1768.556648,1940.296386,1945.060593,1958.672902,1958.720937,1945.060593,3947.361626,5352.1466,4513.165625,4011.541707,5646.846375,4513.165625,4176.412037,5327.574262,4513.165625,4325.221512,5492.596891,4513.165625,825.7090676,820.9636827,0.001001968,0.001005531,0.001008742,0.001011081,2272.199912,2272.199912,2272.199912,5234.399515,5234.399515,5234.399515,5234.399515,5234.399515
1/3/1986,1776.227147,2007.352622,1954.049818,1937.171094,1940.296386,1954.049818,4661.998368,4876.172273,5365.286777,4681.466876,5352.1466,5365.286777,4823.774001,5646.846375,5365.286777,4927.119417,5327.574262,5365.286777,833.030344,828.2366236,0.001001968,0.001005531,0.001008742,0.001011081,2183.495733,2183.495733,2183.495733,5161.24248,5161.24248,5161.24248,5161.24248,5161.24248
1/4/1986,1816.004295,2033.100814,2004.52896,2004.942597,2007.352622,2004.52896,4664.86018,4646.267181,5377.756132,4708.906415,4876.172273,5377.756132,4818.30469,5352.1466,5377.756132,4879.603493,5646.846375,5377.756132,878.1012283,873.0087584,0.001001968,0.001005531,0.001008742,0.001011081,2114.433939,2114.433939,2114.433939,5108.147113,5108.147113,5108.147113,5108.147113,5108.147113
1/5/1986,1828.903358,1938.918477,2026.765853,2032.543238,2033.100814,2026.765853,4946.242775,4486.408011,5726.604605,4994.23229,4646.267181,5726.604605,5148.243263,4876.172273,5726.604605,5167.812636,5352.1466,5726.604605,922.6759473,917.286077,0.001001968,0.001005531,0.001008742,0.001011081,2070.705843,2070.705843,2070.705843,5143.589893,5143.589893,5143.589893,5143.589893,5143.589893
1/6/1986,1744.167948,1860.251054,1926.890477,1938.650674,1938.918477,1926.890477,4538.510629,4328.161281,5235.213219,4590.818256,4486.408011,5235.213219,4743.756973,4646.267181,5235.213219,4914.071729,4876.172273,5235.213219,857.8749848,852.9168333,0.001001968,0.001005531,0.001008742,0.001011081,2029.415416,2029.415416,2029.415416,5167.452041,5167.452041,5167.452041,5167.452041,5167.452041
1/7/1986,1669.314544,1782.08092,1841.844631,1859.972142,1860.251054,1841.844631,4011.207874,4184.525413,4609.143469,4073.524391,4328.161281,4609.143469,4231.854611,4486.408011,4609.143469,4379.369012,4646.267181,4609.143469,814.8629626,810.1890823,0.001001968,0.001005531,0.001008742,0.001011081,1991.04446,1991.04446,1991.04446,5140.857416,5140.857416,5140.857416,5140.857416,5140.857416
1/8/1986,1600.967014,1715.893412,1764.645623,1781.801182,1782.08092,1764.645623,3833.649881,4054.820559,4401.462366,3892.654877,4184.525413,4401.462366,4049.569843,4328.161281,4401.462366,4198.152636,4486.408011,4401.462366,777.4766331,773.0482747,0.001001968,0.001005531,0.001008742,0.001011081,1955.455445,1955.455445,1955.455445,5103.912724,5103.912724,5103.912724,5103.912724,5103.912724
1/9/1986,1542.395485,1646.158054,1699.457711,1715.617135,1715.893412,1699.457711,3706.952614,3877.39397,4254.392035,3762.933812,4054.820559,4254.392035,3912.61327,4184.525413,4254.392035,4046.665946,4328.161281,4254.392035,749.8913472,745.6431677,0.001001968,0.001005531,0.001008742,0.001011081,1921.058032,1921.058032,1921.058032,5067.699083,5067.699083,5067.699083,5067.699083,5067.699083
1/10/1986,1475.037074,1574.376992,1624.31878,1645.888364,1646.158054,1624.31878,3574.766528,3762.663952,4101.005826,3633.602153,3877.39397,4101.005826,3774.853618,4054.820559,4101.005826,3911.863395,4184.525413,4101.005826,716.7134418,712.6808219,0.001001968,0.001005531,0.001008742,0.001011081,1880.529664,1880.529664,1880.529664,4903.66133,4903.66133,4903.66133,4903.66133,4903.66133
1/11/1986,1434.295951,1551.937849,1576.380495,1574.116532,1574.376992,1576.380495,3470.113255,3766.738341,3976.239284,3502.76338,3762.663952,3976.239284,3642.568886,3877.39397,3976.239284,3773.959366,4054.820559,3976.239284,685.9036059,682.0699892,0.001001968,0.001005531,0.001008742,0.001011081,1827.619104,1827.619104,1827.619104,4737.497782,4737.497782,4737.497782,4737.497782,4737.497782
1/12/1986,1425.71414,1503.916346,1565.749148,1551.662702,1551.937849,1565.749148,3424.144753,3771.058937,3920.735199,3444.576998,3766.738341,3920.735199,3557.610552,3762.663952,3920.735199,3655.44169,3877.39397,3920.735199,678.4407964,674.6552071,0.001001968,0.001005531,0.001008742,0.001011081,1758.364307,1758.364307,1758.364307,4498.45784,4498.45784,4498.45784,4498.45784,4498.45784
1/13/1986,1419.202334,1571.012738,1547.58387,1503.683917,1503.916346,1547.58387,3339.573427,3776.48998,3805.255943,3327.015541,3771.058937,3805.255943,3410.49324,3766.738341,3805.255943,3528.361808,3762.663952,3805.255943,625.5450103,622.0977842,0.001001968,0.001005531,0.001008742,0.001011081,1691.455492,1691.455492,1691.455492,4280.301735,4280.301735,4280.301735,4280.301735,4280.301735
1/14/1986,1493.982964,1687.158539,1628.809878,1570.801028,1571.012738,1628.809878,3347.518582,3586.445859,3811.507601,3324.226389,3776.48998,3811.507601,3384.510614,3771.058937,3811.507601,3399.929038,3766.738341,3811.507601,656.58462,652.9392825,0.001001968,0.001005531,0.001008742,0.001011081,1639.99496,1639.99496,1639.99496,4129.158167,4129.158167,4129.158167,4129.158167,4129.158167
1/15/1986,1526.023095,1582.999948,1676.49593,1686.947462,1687.158539,1676.49593,3431.965471,4371.207142,3929.50402,3481.585313,3586.445859,3929.50402,3549.651145,3776.48998,3929.50402,3491.478234,3771.058937,3929.50402,730.2554857,726.1350367,0.001001968,0.001005531,0.001008742,0.001011081,1614.576951,1614.576951,1614.576951,4022.226277,4022.226277,4022.226277,4022.226277,4022.226277
1/16/1986,1424.914619,1511.29637,1558.217734,1582.803278,1582.999948,1558.217734,3312.62256,5763.224292,3782.315285,3369.561186,4371.207142,3782.315285,3489.968513,3586.445859,3782.315285,3575.334398,3776.48998,3782.315285,653.1711335,649.547645,0.001001968,0.001005531,0.001008742,0.001011081,1593.909918,1593.909918,1593.909918,3945.277666,3945.277666,3945.277666,3945.277666,3945.277666
1/17/1986,1370.539958,1446.688815,1496.022009,1509.345274,1511.29637,1496.022009,3176.714598,10858.4602,3620.354785,3220.731355,5763.224292,3620.354785,3347.428286,4371.207142,3620.354785,3453.040098,3586.445859,3620.354785,618.4379278,615.0358807,0.001001968,0.001005531,0.001008742,0.001011081,1574.659897,1574.659897,1574.659897,3882.597114,3882.597114,3882.597114,3882.597114,3882.597114
1/18/1986,1249.859906,2666.67119,1343.431225,1357.165607,1446.688815,1343.431225,2949.954875,11830.96397,3327.066602,2984.849457,10858.4602,3327.066602,3044.660998,5763.224292,3327.066602,3265.54756,4371.207142,3327.066602,465.1890445,462.7427235,0.001001968,0.001005531,0.001008742,0.001011081,1537.906604,1537.906604,1537.906604,3801.862834,3801.862834,3801.862834,3801.862834,3801.862834
1/19/1986,2231.283484,4854.717775,2461.136174,2216.502876,2666.67119,2461.136174,4928.083232,12196.15225,5653.970134,4758.736086,11830.96397,5653.970134,4731.192058,10858.4602,5653.970134,3961.365178,5763.224292,5653.970134,1025.350284,1019.268533,0.001001968,0.001005531,0.001008742,0.001011081,1601.193462,1601.193462,1601.193462,3884.878289,3884.878289,3884.878289,3884.878289,3884.878289
1/20/1986,6102.864227,8788.958694,6673.774742,4984.434088,4854.717775,6673.774742,11211.04754,12418.76071,12794.72967,9795.001118,12196.15225,12794.72967,9097.825635,11830.96397,12794.72967,6532.074407,10858.4602,12794.72967,2130.567255,2116.603286,0.001001968,0.001005531,0.001008742,0.001011081,1928.856952,1928.856952,1928.856952,4373.014876,4373.014876,4373.014876,4373.014876,4373.014876
1/21/1986,8855.616665,9647.609291,9999.303675,8923.619324,8788.958694,9999.303675,16266.67609,12912.2395,19228.61747,15582.19435,12418.76071,19228.61747,14835.56001,12196.15225,19228.61747,12097.26076,11830.96397,19228.61747,4457.168616,4425.15472,0.001001968,0.001005531,0.001008742,0.001011081,2738.171472,2738.171472,2738.171472,5691.435689,5691.435689,5691.435689,5691.435689,5691.435689
1/22/1986,7689.101457,6047.713257,8919.450495,9676.241036,9647.609291,8919.450495,13062.51387,19782.41545,15750.56049,14230.21019,12912.2395,15750.56049,14886.54378,12418.76071,15750.56049,13254.87172,12196.15225,15750.56049,4914.600503,4878.892334,0.001001968,0.001005531,0.001008742,0.001011081,3822.732522,3822.732522,3822.732522,7167.326277,7167.326277,7167.326277,7167.326277,7167.326277
1/23/1986,4775.991456,4430.603869,5350.102798,6063.535188,6047.713257,5350.102798,8534.921077,21120.58641,9950.618428,9438.399583,19782.41545,9950.618428,11000.31727,12912.2395,9950.618428,13286.52489,12418.76071,9950.618428,2423.063498,2406.917058,0.001001968,0.001005531,0.001008742,0.001011081,4612.698402,4612.698402,4612.698402,8614.736729,8614.736729,8614.736729,8614.736729,8614.736729
1/24/1986,3761.337331,4530.026237,4140.873865,4443.40895,4430.603869,4140.873865,6260.197931,17055.98308,7156.956919,6700.920796,21120.58641,7156.956919,7848.172574,19782.41545,7156.956919,9850.036572,12912.2395,7156.956919,1646.797856,1636.365719,0.001001968,0.001005531,0.001008742,0.001011081,5143.930241,5143.930241,5143.930241,9731.716527,9731.716527,9731.716527,9731.716527,9731.716527
1/25/1986,3462.79449,8101.14976,3831.70412,4028.161571,4530.026237,3831.70412,8175.222879,14020.28292,9500.25154,8452.832464,17055.98308,9500.25154,9077.19646,21120.58641,9500.25154,10102.85379,19782.41545,9500.25154,1615.812493,1605.602776,0.001001968,0.001005531,0.001008742,0.001011081,5578.222791,5578.222791,5578.222791,10787.14432,10787.14432,10787.14432,10787.14432,10787.14432
1/26/1986,6725.786576,8804.711828,8030.780033,7991.58046,8101.14976,8030.780033,19587.29207,11289.6123,23951.87904,19880.75062,14020.28292,23951.87904,20885.99337,17055.98308,23951.87904,16994.94748,21120.58641,23951.87904,5061.621922,5024.718526,0.001001968,0.001005531,0.001008742,0.001011081,6432.991727,6432.991727,6432.991727,12944.20878,12944.20878,12944.20878,12944.20878,12944.20878
1/27/1986,7512.320752,6905.165229,9033.480414,9062.285677,8804.711828,9033.480414,21458.25649,9499.230491,26406.99486,21874.01315,11289.6123,26406.99486,22853.15968,14020.28292,26406.99486,22585.62323,17055.98308,26406.99486,5828.234251,5785.041961,0.001001968,0.001005531,0.001008742,0.001011081,7158.627313,7158.627313,7158.627313,15044.39322,15044.39322,15044.39322,15044.39322,15044.39322
1/28/1986,5804.734112,4881.464064,6904.751308,7044.673561,6905.165229,6904.751308,12281.59762,8409.593725,14970.17068,12772.74984,9499.230491,14970.17068,14014.13483,11289.6123,14970.17068,15938.68461,14020.28292,14970.17068,4390.037268,4358.562264,0.001001968,0.001005531,0.001008742,0.001011081,7181.086673,7181.086673,7181.086673,15601.23901,15601.23901,15601.23901,15601.23901,15601.23901
1/29/1986,4163.686874,4144.364817,4814.532247,4918.58334,4881.464064,4814.532247,8060.400467,8208.641678,9573.718518,8389.902557,8409.593725,9573.718518,9251.398647,9499.230491,9573.718518,11550.33585,11289.6123,9573.718518,2715.625823,2697.266275,0.001001968,0.001005531,0.001008742,0.001011081,6607.548522,6607.548522,6607.548522,15472.52475,15472.52475,15472.52475,15472.52475,15472.52475
1/30/1986,3584.947244,3759.843206,4098.461221,4167.383844,4144.364817,4098.461221,6663.180381,7810.981623,7836.682789,6915.668316,8208.641678,7836.682789,7542.300139,8409.593725,7836.682789,8607.951872,9499.230491,7836.682789,2187.397826,2173.012354,0.001001968,0.001005531,0.001008742,0.001011081,6209.093207,6209.093207,6209.093207,14951.25366,14951.25366,14951.25366,14951.25366,14951.25366
1/31/1986,3268.081404,3476.345844,3719.525042,3775.499485,3759.843206,3719.525042,6665.250738,8539.191087,7819.880032,6869.765391,7810.981623,7819.880032,7373.962209,8208.641678,7819.880032,7956.673288,8409.593725,7819.880032,1949.590788,1936.960321,0.001001968,0.001005531,0.001008742,0.001011081,6014.571196,6014.571196,6014.571196,14549.17876,14549.17876,14549.17876,14549.17876,14549.17876
2/1/1986,3030.001594,3345.792479,3438.914567,3487.419448,3476.345844,3438.914567,6312.20658,9170.892696,7391.133196,6491.890762,8539.191087,7391.133196,6935.170289,7810.981623,7391.133196,7377.301846,8208.641678,7391.133196,1785.796327,1774.360446,0.001001968,0.001005531,0.001008742,0.001011081,5899.785988,5899.785988,5899.785988,14128.72415,14128.72415,14128.72415,14128.72415,14128.72415
2/2/1986,2911.364862,3124.849701,3310.918647,3353.862855,3345.792479,3310.918647,6437.654712,8632.97617,7552.753911,6600.939474,9170.892696,7552.753911,7014.109107,8539.191087,7552.753911,7260.601684,7810.981623,7552.753911,1755.873983,1744.654982,0.001001968,0.001005531,0.001008742,0.001011081,5250.104093,5250.104093,5250.104093,12450.07094,12450.07094,12450.07094,12450.07094,12450.07094
2/3/1986,2730.696335,2967.050194,3096.344529,3130.871557,3124.849701,3096.344529,6229.107326,7990.19972,7291.385252,6370.150603,8632.97617,7291.385252,6739.224837,9170.892696,7291.385252,7072.959611,8539.191087,7291.385252,1621.705355,1611.453376,0.001001968,0.001005531,0.001008742,0.001011081,4441.259781,4441.259781,4441.259781,10399.07858,10399.07858,10399.07858,10399.07858,10399.07858
2/4/1986,2627.722162,3072.214746,2971.869526,2971.629198,2967.050194,2971.869526,6863.379033,7429.16281,8044.345245,6943.61477,7990.19972,8044.345245,7260.804306,8632.97617,8044.345245,7554.381767,9170.892696,8044.345245,1537.436077,1527.786683,0.001001968,0.001005531,0.001008742,0.001011081,3824.493313,3824.493313,3824.493313,9179.064862,9179.064862,9179.064862,9179.064862,9179.064862
2/5/1986,2702.616604,3228.495516,3072.516357,3075.751283,3072.214746,3072.516357,7729.986036,6974.306163,9100.978721,7808.436086,7429.16281,9100.978721,8068.56233,7990.19972,9100.978721,8084.46192,8632.97617,9100.978721,1647.899786,1637.459729,0.001001968,0.001005531,0.001008742,0.001011081,3518.343139,3518.343139,3518.343139,8582.179323,8582.179323,8582.179323,8582.179323,8582.179323
2/6/1986,2819.715242,2840.278497,3226.235872,3231.262476,3228.495516,3226.235872,7541.962719,6635.516255,8900.867199,7642.517025,6974.306163,8900.867199,7939.10155,7429.16281,8900.867199,7912.236665,7990.19972,8900.867199,1801.472034,1789.922363,0.001001968,0.001005531,0.001008742,0.001011081,3357.881953,3357.881953,3357.881953,8339.768028,8339.768028,8339.768028,8339.768028,8339.768028
2/7/1986,2513.876098,2741.415478,2838.770943,2842.467279,2840.278497,2838.770943,6577.510302,6454.706975,7692.47533,6657.632965,6635.516255,7692.47533,6943.214995,6974.306163,7692.47533,7440.828107,7429.16281,7692.47533,1465.430665,1456.29305,0.001001968,0.001005531,0.001008742,0.001011081,3212.998353,3212.998353,3212.998353,8220.574721,8220.574721,8220.574721,8220.574721,8220.574721
2/8/1986,2408.588037,2603.163584,2718.159083,2743.163724,2741.415478,2718.159083,5861.066423,6137.485877,6835.728289,5968.684263,6454.706975,6835.728289,6242.530891,6635.516255,6835.728289,6464.13055,6974.306163,6835.728289,1404.559709,1395.85239,0.001001968,0.001005531,0.001008742,0.001011081,3096.413276,3096.413276,3096.413276,8127.030009,8127.030009,8127.030009,8127.030009,8127.030009
2/9/1986,2285.701776,2483.549751,2575.137269,2604.571872,2603.163584,2575.137269,5639.880103,5864.910214,6575.186612,5743.707719,6137.485877,6575.186612,6016.827063,6454.706975,6575.186612,6277.852703,6635.516255,6575.186612,1322.40869,1314.278513,0.001001968,0.001005531,0.001008742,0.001011081,2983.945453,2983.945453,2983.945453,7972.748113,7972.748113,7972.748113,7972.748113,7972.748113
2/10/1986,2183.110163,2380.136203,2457.401308,2484.693099,2483.549751,2457.401308,5353.370246,5644.35947,6233.84119,5451.928086,5864.910214,6233.84119,5716.711601,6137.485877,6233.84119,5934.019654,6454.706975,6233.84119,1260.809968,1253.109708,0.001001968,0.001005531,0.001008742,0.001011081,2888.270052,2888.270052,2888.270052,7814.820454,7814.820454,7814.820454,7814.820454,7814.820454
2/11/1986,2093.608065,2284.91065,2355.664469,2381.071168,2380.136203,2355.664469,5247.51799,5443.242134,6109.888624,5338.605901,5644.35947,6109.888624,5587.241476,5864.910214,6109.888624,5791.919213,6137.485877,6109.888624,1211.14878,1203.793259,0.001001968,0.001005531,0.001008742,0.001011081,2801.559067,2801.559067,2801.559067,7525.962761,7525.962761,7525.962761,7525.962761,7525.962761
2/12/1986,2010.933964,2196.395122,2261.899904,2285.68067,2284.91065,2261.899904,5004.499898,5260.581047,5821.945339,5092.130369,5443.242134,5821.945339,5330.148616,5644.35947,5821.945339,5518.581565,5864.910214,5821.945339,1165.973473,1158.930046,0.001001968,0.001005531,0.001008742,0.001011081,2695.243005,2695.243005,2695.243005,7089.848407,7089.848407,7089.848407,7089.848407,7089.848407
2/13/1986,1933.932598,2113.62196,2174.703425,2197.033837,2196.395122,2174.703425,4787.670982,5136.777519,5566.698154,4871.730506,5260.581047,5566.698154,5099.666855,5443.242134,5566.698154,5283.257078,5644.35947,5566.698154,1124.285424,1117.528678,0.001001968,0.001005531,0.001008742,0.001011081,2554.658474,2554.658474,2554.658474,6675.793784,6675.793784,6675.793784,6675.793784,6675.793784
2/14/1986,1861.815992,2035.837962,2093.131761,2114.155667,2113.62196,2093.131761,4617.725096,6360.711945,5366.174312,4698.041952,5136.777519,5366.174312,4916.121818,5260.581047,5366.174312,5082.148018,5443.242134,5366.174312,1085.470501,1078.979496,0.001001968,0.001005531,0.001008742,0.001011081,2449.869934,2449.869934,2449.869934,6327.375758,6327.375758,6327.375758,6327.375758,6327.375758
2/15/1986,1793.964484,1962.455986,2016.448102,2036.287506,2035.837962,2016.448102,4466.519011,7421.314563,5188.261827,4543.143229,6360.711945,5188.261827,4751.828847,5136.777519,5188.261827,4910.930553,5260.581047,5188.261827,1049.066305,1042.823461,0.001001968,0.001005531,0.001008742,0.001011081,2349.604655,2349.604655,2349.604655,6044.661094,6044.661094,6044.661094,6044.661094,6044.661094
2/16/1986,1729.891085,1893.004605,1944.078157,1962.837907,1962.455986,1944.078157,4331.867582,8083.951007,5028.493388,4405.193201,7421.314563,5028.493388,4605.240738,6360.711945,5028.493388,4747.324583,5136.777519,5028.493388,1014.730258,1008.720492,0.001001968,0.001005531,0.001008742,0.001011081,2255.690042,2255.690042,2255.690042,5808.775578,5808.775578,5808.775578,5808.775578,5808.775578
2/17/1986,1669.20247,1856.213313,1875.561229,1893.332137,1893.004605,1875.561229,4252.216997,8853.264597,4933.217262,4321.636588,8083.951007,4933.217262,4512.561696,7421.314563,4933.217262,4643.244053,6360.711945,4933.217262,982.199333,976.409479,0.001001968,0.001005531,0.001008742,0.001011081,2168.350259,2168.350259,2168.350259,5607.088733,5607.088733,5607.088733,5607.088733,5607.088733
2/18/1986,1634.208787,2507.511411,1839.680482,1856.445184,1856.213313,1839.680482,5543.854843,9829.149037,6442.24223,5590.52046,8853.264597,6442.24223,5751.977994,8083.951007,6442.24223,5646.019462,7421.314563,6442.24223,980.1196236,974.3437976,0.001001968,0.001005531,0.001008742,0.001011081,2090.830286,2090.830286,2090.830286,5638.936796,5638.936796,5638.936796,5638.936796,5638.936796
2/19/1986,2305.841368,3147.660645,2644.486694,2505.729857,2507.511411,2644.486694,7522.400578,10798.5674,8832.186338,7456.91922,9829.149037,8832.186338,7624.294558,8853.264597,8832.186338,6837.671862,8083.951007,8832.186338,1541.776307,1532.095971,0.001001968,0.001005531,0.001008742,0.001011081,2104.220313,2104.220313,2104.220313,5902.942798,5902.942798,5902.942798,5902.942798,5902.942798
2/20/1986,3262.683155,4213.512622,3636.956298,3146.693019,3147.660645,3636.956298,8948.432548,10546.77886,10377.87918,8547.552608,10798.5674,10377.87918,8273.507556,9829.149037,10377.87918,8126.777289,8853.264597,10377.87918,1637.585766,1627.219808,0.001001968,0.001005531,0.001008742,0.001011081,2158.084972,2158.084972,2158.084972,6304.39529,6304.39529,6304.39529,6304.39529,6304.39529
2/21/1986,4032.464442,5124.36242,4534.955699,4214.115819,4213.512622,4534.955699,9433.121605,9702.828022,10994.64825,9251.64368,10546.77886,10994.64825,9118.39905,10798.5674,10994.64825,8214.566369,9829.149037,10994.64825,2171.560421,2157.29254,0.001001968,0.001005531,0.001008742,0.001011081,2376.163511,2376.163511,2376.163511,6889.658338,6889.658338,6889.658338,6889.658338,6889.658338
2/22/1986,4340.583787,4264.521639,5014.665637,5124.710014,5124.36242,5014.665637,10316.84847,8792.964955,12236.99054,10615.97517,9702.828022,12236.99054,10959.67497,10546.77886,12236.99054,9813.841057,10798.5674,12236.99054,2871.383917,2851.834982,0.001001968,0.001005531,0.001008742,0.001011081,2780.392305,2780.392305,2780.392305,7694.561132,7694.561132,7694.561132,7694.561132,7694.561132
2/23/1986,3556.765627,3378.116354,4041.909195,4264.810524,4264.521639,4041.909195,9380.413581,7904.177874,11025.52146,9717.015748,8792.964955,11025.52146,10179.70691,9702.828022,11025.52146,11077.15117,10546.77886,11025.52146,2116.650235,2102.789292,0.001001968,0.001005531,0.001008742,0.001011081,3117.841648,3117.841648,3117.841648,8590.085423,8590.085423,8590.085423,8590.085423,8590.085423
2/24/1986,2908.708482,3129.013953,3260.583199,3378.32737,3378.116354,3260.583199,7349.559014,7349.237522,8540.523445,7554.873362,7904.177874,8540.523445,8164.266732,8792.964955,8540.523445,9066.351267,9702.828022,8540.523445,1578.078234,1568.138698,0.001001968,0.001005531,0.001008742,0.001011081,3373.8499,3373.8499,3373.8499,9342.487888,9342.487888,9342.487888,9342.487888,9342.487888
2/25/1986,2719.084883,2916.175042,3053.287343,3129.20901,3129.013953,3053.287343,6980.52666,6915.195222,8127.910761,7136.188784,7349.237522,8127.910761,7565.0443,7904.177874,8127.910761,8194.186758,8792.964955,8127.910761,1510.200229,1500.744758,0.001001968,0.001005531,0.001008742,0.001011081,3576.386365,3576.386365,3576.386365,9696.984984,9696.984984,9696.984984,9696.984984,9696.984984
2/26/1986,2541.049082,2727.199885,2853.350229,2916.360155,2916.175042,2853.350229,6659.257042,6549.2282,7755.077397,6793.889114,6915.195222,7755.077397,7147.252236,7349.237522,7755.077397,7575.672075,7904.177874,7755.077397,1422.62914,1413.794318,0.001001968,0.001005531,0.001008742,0.001011081,3663.773607,3663.773607,3663.773607,9735.317725,9735.317725,9735.317725,9735.317725,9735.317725
2/27/1986,2382.37593,2567.66663,2673.814078,2727.377577,2727.199885,2673.814078,6153.11156,6265.596579,7157.469673,6275.463284,6549.2282,7157.469673,6595.174446,6915.195222,7157.469673,6950.833046,7349.237522,7157.469673,1338.056931,1329.817146,0.001001968,0.001005531,0.001008742,0.001011081,3693.843562,3693.843562,3693.843562,9586.916516,9586.916516,9586.916516,9586.916516,9586.916516
2/28/1986,2247.584247,2430.086514,2521.762643,2567.838592,2567.66663,2521.762643,5790.38605,6055.244841,6731.529489,5901.456062,6265.596579,6731.529489,6193.75195,6549.2282,6731.529489,6500.330878,6915.195222,6731.529489,1267.769915,1260.021205,0.001001968,0.001005531,0.001008742,0.001011081,3547.006314,3547.006314,3547.006314,9218.123067,9218.123067,9218.123067,9218.123067,9218.123067
3/1/1986,2130.494827,2308.838909,2389.976074,2430.254433,2430.086514,2389.976074,5520.160059,5769.619751,6412.011552,5621.995259,6055.244841,6412.011552,5891.708718,6265.596579,6412.011552,6139.968238,6549.2282,6412.011552,1207.661361,1200.329985,0.001001968,0.001005531,0.001008742,0.001011081,3204.182596,3204.182596,3204.182596,8604.60746,8604.60746,8604.60746,8604.60746,8604.60746
3/2/1986,2026.702888,2200.806024,2273.305032,2309.004335,2308.838909,2273.305032,5273.837063,5249.826455,6122.959791,5367.834983,5769.619751,6122.959791,5618.719329,6055.244841,6122.959791,5853.805462,6265.596579,6122.959791,1154.752397,1147.786263,0.001001968,0.001005531,0.001008742,0.001011081,2920.343449,2920.343449,2920.343449,7878.581877,7878.581877,7878.581877,7878.581877,7878.581877
3/3/1986,1933.750694,2101.367723,2168.969284,2200.97011,2200.806024,2168.969284,5057.62255,5014.256497,5870.781463,5144.725955,5249.826455,5870.781463,5379.437211,5769.619751,5870.781463,5600.298696,6055.244841,5870.781463,1107.803442,1101.15968,0.001001968,0.001005531,0.001008742,0.001011081,2711.71228,2711.71228,2711.71228,7270.736669,7270.736669,7270.736669,7270.736669,7270.736669
3/4/1986,1865.655282,1943.257959,2090.210954,2101.53139,2101.367723,2090.210954,4935.651209,5241.795624,5724.693977,4998.223165,5014.256497,5724.693977,5217.542745,5249.826455,5724.693977,5410.420391,5769.619751,5724.693977,1063.550974,1057.209518,0.001001968,0.001005531,0.001008742,0.001011081,2547.234266,2547.234266,2547.234266,6824.774035,6824.774035,6824.774035,6824.774035,6824.774035
3/5/1986,1726.080061,1603.281411,1921.731165,1943.421875,1943.257959,1921.731165,4676.998049,5309.299455,5402.658474,4740.511611,5241.795624,5402.658474,4911.434247,5014.256497,5402.658474,5179.108732,5249.826455,5402.658474,938.3345734,932.8397894,0.001001968,0.001005531,0.001008742,0.001011081,2395.518365,2395.518365,2395.518365,6470.242316,6470.242316,6470.242316,6470.242316,6470.242316
3/6/1986,1573.625418,1912.632657,1702.939522,1603.445654,1603.281411,1702.939522,4204.679189,5464.949805,4772.591396,4127.546425,5309.299455,4772.591396,4249.019267,5241.795624,4772.591396,4653.583941,5014.256497,4772.591396,639.8520955,636.3137132,0.001001968,0.001005531,0.001008742,0.001011081,2226.49452,2226.49452,2226.49452,6133.423497,6133.423497,6133.423497,6133.423497,6133.423497
3/7/1986,1875.737621,2396.014697,2054.516667,1912.797346,1912.632657,2054.516667,4434.639149,6263.382944,5064.328315,4335.087119,5464.949805,5064.328315,4385.048102,5309.299455,5064.328315,4277.187741,5241.795624,5064.328315,866.7905125,861.7732043,0.001001968,0.001005531,0.001008742,0.001011081,2108.666114,2108.666114,2108.666114,5830.858667,5830.858667,5830.858667,5830.858667,5830.858667
3/8/1986,2130.766757,2172.848451,2390.66963,2396.180097,2396.014697,2390.66963,5113.77106,7430.332974,5947.305601,5182.454293,6263.382944,5947.305601,5257.896608,5464.949805,5947.305601,4909.475386,5309.299455,5947.305601,1224.263352,1216.816957,0.001001968,0.001005531,0.001008742,0.001011081,2074.668138,2074.668138,2074.668138,5627.594006,5627.594006,5627.594006,5627.594006,5627.594006
3/9/1986,1878.215661,1949.369737,2091.601548,2173.015121,2172.848451,2091.601548,4791.834753,8808.15552,5544.447037,4919.508269,7430.332974,5544.447037,5096.546682,6263.382944,5544.447037,5250.04555,5464.949805,5544.447037,1023.503605,1017.434378,0.001001968,0.001005531,0.001008742,0.001011081,2048.526229,2048.526229,2048.526229,5505.670811,5505.670811,5505.670811,5505.670811,5505.670811
3/10/1986,1724.982612,2152.064349,1909.008751,1947.716178,1949.369737,1909.008751,4459.261413,11501.78316,5129.678892,4537.75798,8808.15552,5129.678892,4767.0485,7430.332974,5129.678892,4951.322534,6263.382944,5129.678892,895.0247501,889.8195891,0.001001968,0.001005531,0.001008742,0.001011081,2017.581542,2017.581542,2017.581542,5436.70231,5436.70231,5436.70231,5436.70231,5436.70231
3/11/1986,2651.542029,3281.732395,2828.203441,2150.742791,2152.064349,2828.203441,6950.933979,6256.62749,7799.750115,6320.235623,11501.78316,7799.750115,6149.269372,8808.15552,7799.750115,5607.405961,7430.332974,7799.750115,803.2131276,798.6159136,0.001001968,0.001005531,0.001008742,0.001011081,1978.145508,1978.145508,1978.145508,5568.912672,5568.912672,5568.912672,5568.912672,5568.912672
3/12/1986,3298.217272,5044.207129,3549.44984,3271.526373,3281.732395,3549.44984,8660.464832,29558.88931,9816.372157,8433.631149,6256.62749,9816.372157,7817.154149,11501.78316,9816.372157,7266.480649,8808.15552,9816.372157,1138.978188,1132.120551,0.001001968,0.001005531,0.001008742,0.001011081,2052.089969,2052.089969,2052.089969,5958.613664,5958.613664,5958.613664,5958.613664,5958.613664
3/13/1986,4718.348674,8996.55183,5289.040888,4984.457057,5044.207129,5289.040888,10506.72263,44812.28159,12229.24015,10371.24542,29558.88931,12229.24015,10410.9601,6256.62749,12229.24015,8526.398853,11501.78316,12229.24015,2416.026975,2399.933406,0.001001968,0.001005531,0.001008742,0.001011081,2466.484413,2466.484413,2466.484413,6636.786605,6636.786605,6636.786605,6636.786605,6636.786605
3/14/1986,6431.499244,16905.00498,7079.983768,6261.20295,8996.55183,7079.983768,14820.99996,47424.43732,17083.09786,14218.53676,44812.28159,17083.09786,13609.37155,29558.88931,17083.09786,12432.12988,6256.62749,17083.09786,2530.668914,2513.711801,0.001001968,0.001005531,0.001008742,0.001011081,2945.180875,2945.180875,2945.180875,7834.491533,7834.491533,7834.491533,7834.491533,7834.491533
3/15/1986,22631.13691,29041.17863,24685.40557,17824.98775,16905.00498,24685.40557,31066.06293,39885.98154,34404.53152,25651.48678,47424.43732,34404.53152,21793.78625,44812.28159,34404.53152,8365.187686,29558.88931,34404.53152,5672.794139,5630.884326,0.001001968,0.001005531,0.001008742,0.001011081,4382.452205,4382.452205,4382.452205,9435.631017,9435.631017,9435.631017,9435.631017,9435.631017
3/16/1986,30223.38172,34151.63415,34006.95015,30304.55169,29041.17863,34006.95015,51429.64524,32958.40686,60684.6223,49038.75009,39885.98154,60684.6223,46259.00466,47424.43732,60684.6223,38734.84655,44812.28159,60684.6223,13103.90164,12997.75556,0.001001968,0.001005531,0.001008742,0.001011081,7556.787638,7556.787638,7556.787638,14443.30051,14443.30051,14443.30051,14443.30051,14443.30051
3/17/1986,26382.68713,19512.61348,31412.11804,34228.30568,34151.63415,31412.11804,46475.17562,30837.20664,57675.09976,50831.37145,32958.40686,57675.09976,55116.91663,39885.98154,57675.09976,47798.73171,47424.43732,57675.09976,18081.96682,17930.54371,0.001001968,0.001005531,0.001008742,0.001011081,12105.00301,12105.00301,12105.00301,20745.10968,20745.10968,20745.10968,20745.10968,20745.10968
3/18/1986,12934.73255,9742.772029,14700.24865,19220.64297,19512.61348,14700.24865,29521.2362,27565.45289,35269.97022,34444.74308,30837.20664,35269.97022,39388.21949,32958.40686,35269.97022,51862.78612,39885.98154,35269.97022,6818.018651,6766.580931,0.001001968,0.001005531,0.001008742,0.001011081,15089.61396,15089.61396,15089.61396,26891.8835,26891.8835,26891.8835,26891.8835,26891.8835
3/19/1986,8376.589459,12899.75423,8654.744686,9309.925419,9742.772029,8654.744686,12969.90722,24801.39232,13874.68304,13810.07621,27565.45289,13874.68304,18200.27267,30837.20664,13874.68304,27501.03763,32958.40686,13874.68304,836.8683789,832.0492978,0.001001968,0.001005531,0.001008742,0.001011081,16663.47,16663.47,16663.47,30836.91473,30836.91473,30836.91473,30836.91473,30836.91473
3/20/1986,13142.77331,17167.54482,14329.23646,13132.34735,12899.75423,14329.23646,21577.04421,22266.30406,24566.20863,20852.01244,24801.39232,24566.20863,21830.78233,27565.45289,24566.20863,22384.16343,30837.20664,24566.20863,4266.055058,4235.573007,0.001001968,0.001005531,0.001008742,0.001011081,17898.98394,17898.98394,17898.98394,33126.7019,33126.7019,33126.7019,33126.7019,33126.7019
3/21/1986,15273.5963,14880.97197,17377.76929,17367.20586,17167.54482,17377.76929,28555.70684,19288.03722,34082.37741,29170.75372,22266.30406,34082.37741,29993.83672,24801.39232,34082.37741,27672.38618,27565.45289,34082.37741,7846.248151,7786.115061,0.001001968,0.001005531,0.001008742,0.001011081,19513.15439,19513.15439,19513.15439,35002.2524,35002.2524,35002.2524,35002.2524,35002.2524
3/22/1986,11483.64884,9053.946175,13122.76581,14938.91161,14880.97197,13122.76581,22272.59164,15646.91149,26613.83491,24569.65279,19288.03722,26613.83491,26565.76605,22266.30406,26613.83491,28059.4475,24801.39232,26613.83491,6293.399757,6246.348849,0.001001968,0.001005531,0.001008742,0.001011081,19979.06462,19979.06462,19979.06462,36549.49472,36549.49472,36549.49472,36549.49472,36549.49472
3/23/1986,7258.294931,7130.307445,7935.495468,9088.522869,9053.946175,7935.495468,13771.28984,12834.79984,15797.43572,15136.95014,15646.91149,15797.43572,17827.16717,19288.03722,15797.43572,22492.4579,22266.30406,15797.43572,2699.088174,2680.854471,0.001001968,0.001005531,0.001008742,0.001011081,18100.63664,18100.63664,18100.63664,34239.17965,34239.17965,34239.17965,34239.17965,34239.17965
3/24/1986,6549.532532,7761.42001,7075.049284,7153.609852,7130.307445,7075.049284,11889.92301,13184.99581,13468.03647,12142.53155,12834.79984,13468.03647,13851.39599,15646.91149,13468.03647,16893.99674,19288.03722,13468.03647,2116.959062,2103.095833,0.001001968,0.001005531,0.001008742,0.001011081,14469.83082,14469.83082,14469.83082,29867.92656,29867.92656,29867.92656,29867.92656,29867.92656
3/25/1986,7393.099824,8709.057977,8110.23385,7740.263651,7761.42001,8110.23385,13812.17725,14926.11961,15915.7894,13655.18215,13184.99581,15915.7894,14389.1723,12834.79984,15915.7894,15215.00886,15646.91149,15915.7894,2905.619558,2885.808217,0.001001968,0.001005531,0.001008742,0.001011081,12348.02084,12348.02084,12348.02084,24969.62216,24969.62216,24969.62216,24969.62216,24969.62216
3/26/1986,7858.733032,8983.90888,8677.757526,8465.982364,8709.057977,8677.757526,13581.37462,14856.52242,15695.7361,13634.65451,14926.11961,15695.7361,14001.66283,13184.99581,15695.7361,13969.71378,12834.79984,15695.7361,3305.94456,3283.040371,0.001001968,0.001005531,0.001008742,0.001011081,11583.68347,11583.68347,11583.68347,21832.26524,21832.26524,21832.26524,21832.26524,21832.26524
3/27/1986,9000.324388,11750.49442,9827.02658,8832.707138,8983.90888,9827.02658,12911.47563,15578.26811,14661.27442,12236.82044,14856.52242,14661.27442,12781.191,14926.11961,14661.27442,12399.73598,13184.99581,14661.27442,3266.181863,3243.586807,0.001001968,0.001005531,0.001008742,0.001011081,10936.79682,10936.79682,10936.79682,20009.2548,20009.2548,20009.2548,20009.2548,20009.2548
3/28/1986,11209.85561,12540.79036,12512.6629,11688.89712,11750.49442,12512.6629,15024.62232,16507.57902,17451.21951,14703.14454,15578.26811,17451.21951,14955.69394,14856.52242,17451.21951,13012.63137,14926.11961,17451.21951,5046.866877,5010.0836,0.001001968,0.001005531,0.001008742,0.001011081,10121.27813,10121.27813,10121.27813,18232.16744,18232.16744,18232.16744,18232.16744,18232.16744
3/29/1986,10518.96242,10817.03521,11761.83626,12159.7007,12540.79036,11761.83626,15341.87229,15559.89491,17896.50102,16192.7379,16507.57902,17896.50102,16645.02919,15578.26811,17896.50102,16082.93558,14856.52242,17896.50102,4829.912415,4794.891035,0.001001968,0.001005531,0.001008742,0.001011081,9541.327086,9541.327086,9541.327086,16637.85323,16637.85323,16637.85323,16637.85323,16637.85323
3/30/1986,9293.860481,9939.997784,10182.05041,10495.5789,10817.03521,10182.05041,12455.55426,14617.47311,14153.25917,13143.50515,15559.89491,14153.25917,14460.07892,16507.57902,14153.25917,15050.76922,15578.26811,14153.25917,3365.595096,3342.226395,0.001001968,0.001005531,0.001008742,0.001011081,9513.274147,9513.274147,9513.274147,15548.4461,15548.4461,15548.4461,15548.4461,15548.4461
3/31/1986,8759.655095,8899.509604,9612.126954,10077.72554,9939.997784,9612.126954,11923.72443,13439.76885,13565.66291,12762.30817,14617.47311,13565.66291,13957.58391,15559.89491,13565.66291,14560.20503,16507.57902,13565.66291,3139.812003,3118.196644,0.001001968,0.001005531,0.001008742,0.001011081,9816.572597,9816.572597,9816.572597,15142.3338,15142.3338,15142.3338,15142.3338,15142.3338
4/1/1986,7388.082315,7187.844835,8110.072498,8856.464297,8899.509604,8110.072498,11762.67872,11834.73262,13470.11497,12790.66556,13439.76885,13470.11497,13984.80853,14617.47311,13470.11497,15215.1023,15559.89491,13470.11497,2712.047066,2693.714759,0.001001968,0.001005531,0.001008742,0.001011081,10043.57585,10043.57585,10043.57585,15140.49812,15140.49812,15140.49812,15140.49812,15140.49812
4/2/1986,6242.632509,6389.321087,6806.246231,7360.541953,7187.844835,6806.246231,10287.86753,10995.68706,11703.89853,11067.96566,11834.73262,11703.89853,12373.80925,13439.76885,11703.89853,13754.15338,14617.47311,11703.89853,2088.100048,2074.450212,0.001001968,0.001005531,0.001008742,0.001011081,10059.30507,10059.30507,10059.30507,15172.90174,15172.90174,15172.90174,15172.90174,15172.90174
4/3/1986,5561.996901,5866.291876,6099.739483,6468.831084,6389.321087,6099.739483,9715.540254,10918.91854,11131.0704,10283.41198,10995.68706,11131.0704,11367.25855,11834.73262,11131.0704,12618.23958,13439.76885,11131.0704,2069.096312,2055.58681,0.001001968,0.001005531,0.001008742,0.001011081,9845.025226,9845.025226,9845.025226,15130.21547,15130.21547,15130.21547,15130.21547,15130.21547
4/4/1986,5113.845412,5745.018065,5631.806973,5862.901385,5866.291876,5631.806973,9339.003102,10477.84857,10746.75794,9752.163173,10918.91854,10746.75794,10614.73213,10995.68706,10746.75794,11555.33221,11834.73262,10746.75794,2033.37269,2020.126588,0.001001968,0.001005531,0.001008742,0.001011081,9213.679278,9213.679278,9213.679278,14779.78907,14779.78907,14779.78907,14779.78907,14779.78907
4/5/1986,4953.038726,6089.085758,5490.101358,5633.367692,5745.018065,5490.101358,8799.830696,10342.25783,10158.60314,9140.393076,10477.84857,10158.60314,9864.509256,10918.91854,10158.60314,10347.90999,10995.68706,10158.60314,2119.738227,2105.85443,0.001001968,0.001005531,0.001008742,0.001011081,8416.752373,8416.752373,8416.752373,13985.84185,13985.84185,13985.84185,13985.84185,13985.84185
4/6/1986,5475.26707,6582.37236,6122.42382,6075.247193,6089.085758,6122.42382,9363.223841,10053.8001,10872.40432,9564.955558,10342.25783,10872.40432,10136.68603,10477.84857,10872.40432,9960.354315,10918.91854,10872.40432,2515.155055,2498.315064,0.001001968,0.001005531,0.001008742,0.001011081,7713.036437,7713.036437,7713.036437,13075.93216,13075.93216,13075.93216,13075.93216,13075.93216
4/7/1986,5709.180431,5624.016327,6432.163171,6453.412093,6582.37236,6432.163171,9832.969457,8922.483412,11496.92785,10127.17809,10053.8001,11496.92785,10633.24264,10342.25783,11496.92785,10484.61257,10477.84857,11496.92785,2812.312668,2793.215676,0.001001968,0.001005531,0.001008742,0.001011081,7112.758839,7112.758839,7112.758839,12288.56559,12288.56559,12288.56559,12288.56559,12288.56559
4/8/1986,5066.142662,4850.826217,5672.483664,5807.05072,5624.016327,5672.483664,8619.347906,8124.443576,9996.485215,8996.981262,8922.483412,9996.485215,9751.422134,10053.8001,9996.485215,10148.94928,10342.25783,9996.485215,2329.302181,2313.858804,0.001001968,0.001005531,0.001008742,0.001011081,6625.159822,6625.159822,6625.159822,11588.92504,11588.92504,11588.92504,11588.92504,11588.92504
4/9/1986,4333.782019,4290.36966,4840.299465,4972.346062,4850.826217,4840.299465,7477.08637,7642.603945,8657.269903,7804.118782,8124.443576,8657.269903,8541.791063,8922.483412,8657.269903,9517.935822,10053.8001,8657.269903,2021.727724,2008.567369,0.001001968,0.001005531,0.001008742,0.001011081,6202.618911,6202.618911,6202.618911,10978.18795,10978.18795,10978.18795,10978.18795,10978.18795
4/10/1986,3826.292334,4075.950561,4250.465312,4326.713191,4290.36966,4250.465312,6999.235851,7351.666848,8073.748171,7228.852119,7642.603945,8073.748171,7798.197424,8124.443576,8073.748171,8637.0492,8922.483412,8073.748171,1742.23712,1731.116818,0.001001968,0.001005531,0.001008742,0.001011081,5831.422575,5831.422575,5831.422575,10426.46406,10426.46406,10426.46406,10426.46406,10426.46406
4/11/1986,3653.300447,3957.737975,4057.658459,4096.109674,4075.950561,4057.658459,6635.171194,7202.240505,7646.233439,6820.223564,7351.666848,7646.233439,7269.291836,7642.603945,7646.233439,7686.018046,8124.443576,7646.233439,1681.253743,1670.573691,0.001001968,0.001005531,0.001008742,0.001011081,5527.988025,5527.988025,5527.988025,9944.797047,9944.797047,9944.797047,9944.797047,9944.797047
4/12/1986,3541.367517,3780.753587,3938.456342,3970.308803,3957.737975,3938.456342,6493.043821,8633.228784,7488.647451,6666.985814,7202.240505,7488.647451,7069.327287,7351.666848,7488.647451,7310.695252,7642.603945,7488.647451,1665.557005,1654.989968,0.001001968,0.001005531,0.001008742,0.001011081,5257.598881,5257.598881,5257.598881,9534.331883,9534.331883,9534.331883,9534.331883,9534.331883
4/13/1986,3345.950102,3495.187633,3725.238467,3786.127226,3780.753587,3725.238467,6156.849034,12972.98958,7105.430191,6352.792982,8633.228784,7105.430191,6763.492596,7202.240505,7105.430191,7026.814572,7351.666848,7105.430191,1604.855835,1594.724647,0.001001968,0.001005531,0.001008742,0.001011081,4936.760773,4936.760773,4936.760773,9103.303053,9103.303053,9103.303053,9103.303053,9103.303053
4/14/1986,3092.118497,3458.732336,3435.51443,3497.904663,3495.187633,3435.51443,5788.99017,16755.06596,6668.317233,5972.558219,12972.98958,6668.317233,6383.526338,8633.228784,6668.317233,6731.212729,7202.240505,6668.317233,1464.842535,1455.709088,0.001001968,0.001005531,0.001008742,0.001011081,4544.211212,4544.211212,4544.211212,8579.658074,8579.658074,8579.658074,8579.658074,8579.658074
4/15/1986,2932.532576,4354.282763,3254.927564,3295.124079,3458.732336,3254.927564,5658.655808,15166.56385,6516.199355,5809.473993,16755.06596,6516.199355,6176.108771,12972.98958,6516.199355,6485.992278,8633.228784,6516.199355,1383.744736,1375.184047,0.001001968,0.001005531,0.001008742,0.001011081,4160.937493,4160.937493,4160.937493,8045.12207,8045.12207,8045.12207,8045.12207,8045.12207
4/16/1986,3931.000689,7333.778518,4404.206373,4189.626166,4354.282763,4404.206373,8624.554681,13164.09117,9995.930301,8571.661428,15166.56385,9995.930301,8742.669149,16755.06596,9995.930301,7665.149406,12972.98958,9995.930301,1926.782394,1914.318998,0.001001968,0.001005531,0.001008742,0.001011081,3973.893729,3973.893729,3973.893729,7907.52449,7907.52449,7907.52449,7907.52449,7907.52449
4/17/1986,6866.786936,7249.525698,7886.132637,7477.436408,7333.778518,7886.132637,17029.54231,11267.51489,20054.54845,16974.06111,13164.09117,20054.54845,16644.4344,15166.56385,20054.54845,12728.30025,16755.06596,20054.54845,3898.981416,3871.420857,0.001001968,0.001005531,0.001008742,0.001011081,4226.495773,4226.495773,4226.495773,8817.427638,8817.427638,8817.427638,8817.427638,8817.427638
4/18/1986,6277.795886,4638.204157,7182.890113,7336.824588,7249.525698,7182.890113,18123.64966,9519.460415,21404.72985,18511.6155,11267.51489,21404.72985,18789.20622,13164.09117,21404.72985,18860.31579,15166.56385,21404.72985,3545.093536,3520.321674,0.001001968,0.001005531,0.001008742,0.001011081,4619.108268,4619.108268,4619.108268,10430.09186,10430.09186,10430.09186,10430.09186,10430.09186
4/19/1986,3925.01322,3555.958717,4388.236093,4653.063365,4638.204157,4388.236093,10169.46101,10091.56466,11747.8301,10572.18483,9519.460415,11747.8301,11860.37756,11267.51489,11747.8301,14289.77295,13164.09117,11747.8301,1914.271796,1901.899944,0.001001968,0.001005531,0.001008742,0.001011081,4840.350421,4840.350421,4840.350421,11545.41065,11545.41065,11545.41065,11545.41065,11545.41065
4/20/1986,3119.092625,3425.037875,3458.803921,3561.590107,3555.958717,3458.803921,7254.135793,11090.6102,8289.346636,7473.003182,10091.56466,8289.346636,8326.569425,9519.460415,8289.346636,10234.61505,11267.51489,8289.346636,1439.395706,1430.442401,0.001001968,0.001005531,0.001008742,0.001011081,4878.149009,4878.149009,4878.149009,12112.64854,12112.64854,12112.64854,12112.64854,12112.64854
4/21/1986,3018.68273,3743.081063,3362.147379,3395.848948,3425.037875,3362.147379,7410.465589,13659.24273,8524.608469,7549.577443,11090.6102,8524.608469,7987.722547,10091.56466,8524.608469,8785.694173,9519.460415,8524.608469,1468.226606,1459.069174,0.001001968,0.001005531,0.001008742,0.001011081,4870.292463,4870.292463,4870.292463,12416.17448,12416.17448,12416.17448,12416.17448,12416.17448
4/22/1986,3295.69179,6121.465486,3694.515529,3683.802821,3743.081063,3694.515529,7783.763429,12175.43075,8994.06964,7903.254506,13659.24273,8994.06964,8165.793822,11090.6102,8994.06964,8161.776491,10091.56466,8994.06964,1684.451301,1673.748211,0.001001968,0.001005531,0.001008742,0.001011081,4902.965123,4902.965123,4902.965123,12664.15422,12664.15422,12664.15422,12664.15422,12664.15422
4/23/1986,5458.990015,7862.453184,6310.160555,6040.13051,6121.465486,6310.160555,10964.80518,11547.29487,13023.79261,10990.82019,12175.43075,13023.79261,11146.93729,13659.24273,13023.79261,9393.840406,11090.6102,13023.79261,3414.888139,3391.134902,0.001001968,0.001005531,0.001008742,0.001011081,5114.142206,5114.142206,5114.142206,12821.62962,12821.62962,12821.62962,12821.62962,12821.62962
4/24/1986,6974.895853,6090.659853,8124.229208,7932.145941,7862.453184,8124.229208,13137.07148,10564.29772,15772.36414,13360.16525,11547.29487,15772.36414,13621.47004,12175.43075,15772.36414,11971.73132,13659.24273,15772.36414,4483.780556,4451.552795,0.001001968,0.001005531,0.001008742,0.001011081,5236.714933,5236.714933,5236.714933,12316.50529,12316.50529,12316.50529,12316.50529,12316.50529
4/25/1986,5455.309333,4839.040079,6216.360813,6138.234198,6090.659853,6216.360813,12377.13036,9394.58439,14555.96604,12532.54265,10564.29772,14555.96604,13436.53655,11547.29487,14555.96604,14201.62597,12175.43075,14555.96604,3078.113409,3056.974812,0.001001968,0.001005531,0.001008742,0.001011081,5161.133985,5161.133985,5161.133985,11716.05571,11716.05571,11716.05571,11716.05571,11716.05571
4/26/1986,4214.287322,4236.851481,4734.613221,4834.421142,4839.040079,4734.613221,8831.173929,8439.62008,10132.98116,9127.637043,9394.58439,10132.98116,9914.250103,10564.29772,10132.98116,10958.15422,11547.29487,10132.98116,2174.65122,2160.360397,0.001001968,0.001005531,0.001008742,0.001011081,5100.203891,5100.203891,5100.203891,11380.61621,11380.61621,11380.61621,11380.61621,11380.61621
4/27/1986,3676.883066,3779.420164,4106.524865,4243.168613,4236.851481,4106.524865,8063.764136,7757.239531,9234.411819,8355.025862,8439.62008,9234.411819,8939.442816,9394.58439,9234.411819,10007.70393,10564.29772,9234.411819,1818.039467,1806.369406,0.001001968,0.001005531,0.001008742,0.001011081,5145.863419,5145.863419,5145.863419,11318.02416,11318.02416,11318.02416,11318.02416,11318.02416
4/28/1986,3352.788845,3576.388367,3725.142845,3784.304599,3779.420164,3725.142845,7476.975685,7335.293419,8556.904275,7662.618924,7757.239531,8556.904275,8178.965493,8439.62008,8556.904275,9001.654697,9394.58439,8556.904275,1593.400306,1583.351154,0.001001968,0.001005531,0.001008742,0.001011081,5206.76972,5206.76972,5206.76972,11352.2693,11352.2693,11352.2693,11352.2693,11352.2693
4/29/1986,3145.246195,3309.427182,3498.381194,3574.919413,3576.388367,3498.381194,6965.229054,6967.266357,7983.997755,7160.044554,7335.293419,7983.997755,7568.611313,7757.239531,7983.997755,8111.043649,8439.62008,7983.997755,1523.387137,1513.837826,0.001001968,0.001005531,0.001008742,0.001011081,5216.297135,5216.297135,5216.297135,11333.33588,11333.33588,11333.33588,11333.33588,11333.33588
4/30/1986,2925.644919,3118.181888,3246.742252,3309.125857,3309.427182,3246.742252,6468.796589,6632.896057,7405.124352,6638.111822,6967.266357,7405.124352,7023.834752,7335.293419,7405.124352,7473.298706,7757.239531,7405.124352,1395.200598,1386.559241,0.001001968,0.001005531,0.001008742,0.001011081,4925.476875,4925.476875,4925.476875,11006.33794,11006.33794,11006.33794,11006.33794,11006.33794
5/1/1986,2768.916989,3024.09754,3071.136395,3116.778154,3118.181888,3071.136395,6048.995733,6319.872335,6921.020668,6195.898676,6632.896057,6921.020668,6548.263577,6967.266357,6921.020668,6916.051518,7335.293419,6921.020668,1321.731949,1313.606509,0.001001968,0.001005531,0.001008742,0.001011081,4359.671538,4359.671538,4359.671538,10359.00452,10359.00452,10359.00452,10359.00452,10359.00452
5/2/1986,2705.145789,2927.314798,3005.844979,3023.555619,3024.09754,3005.844979,5880.319067,6040.564817,6741.029623,5997.693038,6319.872335,6741.029623,6324.809041,6632.896057,6741.029623,6578.846987,6967.266357,6741.029623,1320.962716,1312.84266,0.001001968,0.001005531,0.001008742,0.001011081,3883.822085,3883.822085,3883.822085,9171.368879,9171.368879,9171.368879,9171.368879,9171.368879
5/3/1986,2592.959367,2770.88161,2884.522362,2927.572112,2927.314798,2884.522362,5628.938022,5812.055889,6463.580226,5767.267516,6040.564817,6463.580226,6055.579336,6319.872335,6463.580226,6334.978579,6632.896057,6463.580226,1287.279949,1279.395253,0.001001968,0.001005531,0.001008742,0.001011081,3570.669086,3570.669086,3570.669086,8236.878152,8236.878152,8236.878152,8236.878152,8236.878152
5/4/1986,2468.117742,2665.249653,2742.679417,2770.028313,2770.88161,2742.679417,5311.398995,5839.773186,6096.859188,5428.120196,5812.055889,6096.859188,5729.752618,6040.564817,6096.859188,5999.468234,6319.872335,6096.859188,1219.861287,1212.445409,0.001001968,0.001005531,0.001008742,0.001011081,3339.066115,3339.066115,3339.066115,7583.530885,7583.530885,7583.530885,7583.530885,7583.530885
5/5/1986,2363.316515,2543.032487,2627.86156,2664.404232,2665.249653,2627.86156,5042.311635,5592.802086,5795.949195,5164.207845,5839.773186,5795.949195,5436.1138,5812.055889,5795.949195,5709.933673,6040.564817,5795.949195,1181.314333,1174.165088,0.001001968,0.001005531,0.001008742,0.001011081,3156.348967,3156.348967,3156.348967,7092.989678,7092.989678,7092.989678,7092.989678,7092.989678
5/6/1986,2257.852427,2579.307893,2508.836174,2536.524922,2543.032487,2508.836174,4873.811308,5377.475465,5596.879224,4982.018486,5592.802086,5596.879224,5248.822064,5839.773186,5596.879224,5436.418019,5812.055889,5596.879224,1126.87657,1120.102044,0.001001968,0.001005531,0.001008742,0.001011081,2999.415908,2999.415908,2999.415908,6706.073025,6706.073025,6706.073025,6706.073025,6706.073025
5/7/1986,2303.081198,2546.30033,2571.969565,2579.968608,2579.307893,2571.969565,4889.507297,5137.55974,5635.303994,4985.034056,5377.475465,5635.303994,5237.969151,5592.802086,5635.303994,5300.291115,5839.773186,5635.303994,1205.295542,1197.98054,0.001001968,0.001005531,0.001008742,0.001011081,2881.431239,2881.431239,2881.431239,6398.02866,6398.02866,6398.02866,6398.02866,6398.02866
5/8/1986,2256.206336,2315.775056,2520.630699,2548.747568,2546.30033,2520.630699,4948.695148,4903.640125,5711.44299,5059.141205,5137.55974,5711.44299,5275.483787,5377.475465,5711.44299,5418.321242,5592.802086,5711.44299,1188.065742,1180.869874,0.001001968,0.001005531,0.001008742,0.001011081,2785.201724,2785.201724,2785.201724,6169.563117,6169.563117,6169.563117,6169.563117,6169.563117
5/9/1986,2058.653286,2207.091522,2291.113183,2315.218339,2315.775056,2291.113183,4511.436983,4730.836464,5190.380876,4607.819856,4903.640125,5190.380876,4884.177881,5137.55974,5190.380876,5136.218715,5377.475465,5190.380876,1056.658609,1050.364098,0.001001968,0.001005531,0.001008742,0.001011081,2684.764632,2684.764632,2684.764632,5960.556296,5960.556296,5960.556296,5960.556296,5960.556296
5/10/1986,1965.783456,2127.563345,2186.899245,2206.525601,2207.091522,2186.899245,4294.771876,4591.617541,4936.779312,4383.68173,4730.836464,4936.779312,4616.440942,4903.640125,4936.779312,4830.282953,5137.55974,4936.779312,1011.097675,1005.112511,0.001001968,0.001005531,0.001008742,0.001011081,2581.876456,2581.876456,2581.876456,5759.202884,5759.202884,5759.202884,5759.202884,5759.202884
5/11/1986,1896.554833,2056.526039,2109.7795,2126.887384,2127.563345,2109.7795,4169.429753,4464.412701,4793.148185,4252.646516,4591.617541,4793.148185,4463.868894,4730.836464,4793.148185,4632.594161,4903.640125,4793.148185,979.6746255,973.9018007,0.001001968,0.001005531,0.001008742,0.001011081,2484.160257,2484.160257,2484.160257,5561.746869,5561.746869,5561.746869,5561.746869,5561.746869
5/12/1986,1833.689293,1988.933028,2040.016804,2055.901895,2056.526039,2040.016804,4033.072954,4340.295676,4635.547869,4112.931616,4464.412701,4635.547869,4314.627637,4591.617541,4635.547869,4455.197444,4730.836464,4635.547869,952.2852134,946.6967717,0.001001968,0.001005531,0.001008742,0.001011081,2393.862169,2393.862169,2393.862169,5382.562475,5382.562475,5382.562475,5382.562475,5382.562475
5/13/1986,1773.712691,1924.307379,1973.422588,1988.371479,1988.933028,1973.422588,3916.492689,3937.835395,4500.842403,3993.149392,4340.295676,4500.842403,4187.222334,4464.412701,4500.842403,4318.053787,4591.617541,4500.842403,925.8951163,920.4836958,0.001001968,0.001005531,0.001008742,0.001011081,2310.935906,2310.935906,2310.935906,5213.635256,5213.635256,5213.635256,5213.635256,5213.635256
5/14/1986,1716.334672,1862.82476,1909.682871,1923.807603,1924.307379,1909.682871,3810.548389,4179.00444,4378.32398,3884.129116,3937.835395,4378.32398,4071.072674,4340.295676,4378.32398,4195.228217,4464.412701,4378.32398,900.422737,895.1815741,0.001001968,0.001005531,0.001008742,0.001011081,2216.87167,2216.87167,2216.87167,5046.32471,5046.32471,5046.32471,5046.32471,5046.32471
5/15/1986,1661.38054,1818.905939,1848.612391,1861.993984,1862.82476,1848.612391,3702.245769,4301.603842,4254.216736,3772.787972,4179.00444,4254.216736,3952.864228,3937.835395,4254.216736,4080.891917,4340.295676,4254.216736,875.8369239,870.7595107,0.001001968,0.001005531,0.001008742,0.001011081,2122.248082,2122.248082,2122.248082,4854.903646,4854.903646,4854.903646,4854.903646,4854.903646
5/16/1986,1612.031487,1732.68061,1794.108958,1806.479071,1818.905939,1794.108958,3615.569978,4142.620671,4153.10052,3683.486669,4301.603842,4153.10052,3857.754559,4179.00444,4153.10052,3959.602549,3937.835395,4153.10052,855.2170998,850.2765688,0.001001968,0.001005531,0.001008742,0.001011081,2040.511347,2040.511347,2040.511347,4680.305416,4680.305416,4680.305416,4680.305416,4680.305416
5/17/1986,1601.572038,1939.888344,1762.70112,1734.888955,1732.68061,1762.70112,3392.209704,2998.481652,3854.288822,3419.138475,4142.620671,3854.288822,3528.127243,4301.603842,3854.288822,3638.834408,4179.00444,3854.288822,755.2074846,750.9246479,0.001001968,0.001005531,0.001008742,0.001011081,1961.963963,1961.963963,1961.963963,4496.23234,4496.23234,4496.23234,4496.23234,4496.23234
5/18/1986,1865.766866,2075.992975,2061.570101,1948.132631,1939.888344,2061.570101,3839.318297,3201.281203,4391.26111,3787.881139,2998.481652,4391.26111,3879.764075,4142.620671,4391.26111,3808.663078,4301.603842,4391.26111,910.769873,905.4596229,0.001001968,0.001005531,0.001008742,0.001011081,1921.08512,1921.08512,1921.08512,4385.890338,4385.890338,4385.890338,4385.890338,4385.890338
5/19/1986,1816.04816,1748.797729,2036.999699,2072.525686,2075.992975,2036.999699,3923.637703,6704.106867,4541.841635,4025.738782,3201.281203,4541.841635,4189.86039,2998.481652,4541.841635,4087.104453,4142.620671,4541.841635,1032.909997,1026.776946,0.001001968,0.001005531,0.001008742,0.001011081,1915.5515,1915.5515,1915.5515,4321.838803,4321.838803,4321.838803,4321.838803,4321.838803
5/20/1986,1476.774952,2071.311768,1623.851529,1689.943018,1748.797729,1623.851529,3394.150648,9086.64608,3868.103087,3502.618734,6704.106867,3868.103087,3664.691959,3201.281203,3868.103087,4011.733542,2998.481652,3868.103087,703.1793121,699.2342521,0.001001968,0.001005531,0.001008742,0.001011081,1874.892185,1874.892185,1874.892185,4261.27282,4261.27282,4261.27282,4261.27282,4261.27282
5/21/1986,1944.389295,4333.762582,2016.546784,1540.914749,2071.311768,2016.546784,3155.844676,10538.42462,3336.64984,2730.777452,9086.64608,3336.64984,2553.84208,6704.106867,3336.64984,2633.157395,3201.281203,3336.64984,266.6459444,265.3698562,0.001001968,0.001005531,0.001008742,0.001011081,1783.77097,1783.77097,1783.77097,4094.793141,4094.793141,4094.793141,4094.793141,4094.793141
5/22/1986,4615.945866,5133.4009,5010.345121,4247.098898,4333.762582,5010.345121,6812.590652,9074.69204,7536.320365,6280.938325,10538.42462,7536.320365,5539.113362,9086.64608,7536.320365,3006.412186,6704.106867,7536.320365,1384.107204,1375.543964,0.001001968,0.001005531,0.001008742,0.001011081,1972.10475,1972.10475,1972.10475,4156.05762,4156.05762,4156.05762,4156.05762,4156.05762
5/23/1986,5835.292278,6781.848441,6362.128401,5439.292434,5133.4009,6362.128401,10597.76749,8078.711511,12034.35868,9872.983299,9074.69204,12034.35868,9726.152112,10538.42462,12034.35868,8465.289925,9086.64608,12034.35868,1987.964436,1975.05237,0.001001968,0.001005531,0.001008742,0.001011081,2415.228857,2415.228857,2415.228857,4832.601876,4832.601876,4832.601876,4832.601876,4832.601876
5/24/1986,6162.748403,5554.076076,6998.571966,6928.411843,6781.848441,6998.571966,10377.29823,7077.502435,12225.31897,10591.97543,8078.711511,12225.31897,10943.53077,9074.69204,12225.31897,9699.360569,10538.42462,12225.31897,3416.545078,3392.778904,0.001001968,0.001005531,0.001008742,0.001011081,3105.294141,3105.294141,3105.294141,5700.115293,5700.115293,5700.115293,5700.115293,5700.115293
5/25/1986,4058.37508,2718.841095,4598.540822,5573.236435,5554.076076,4598.540822,8282.826375,5582.662297,9739.393963,9414.38051,7077.502435,9739.393963,9942.306211,8078.711511,9739.393963,11125.02877,9074.69204,9739.393963,2312.961555,2297.640382,0.001001968,0.001005531,0.001008742,0.001011081,3643.968293,3643.968293,3643.968293,6601.799321,6601.799321,6601.799321,6601.799321,6601.799321
5/26/1986,2119.665769,2264.854054,2239.15182,2729.045207,2718.841095,2239.15182,4040.182407,4822.698766,4453.62832,4569.95958,5582.662297,4453.62832,5678.337412,7077.502435,4453.62832,7738.897578,8078.711511,4453.62832,531.3826375,528.5280809,0.001001968,0.001005531,0.001008742,0.001011081,3886.925153,3886.925153,3886.925153,7254.312875,7254.312875,7254.312875,7254.312875,7254.312875
5/27/1986,1954.086585,2185.487014,2088.73848,2272.112738,2264.854054,2088.73848,3883.99728,4452.252762,4330.332699,4109.819462,4822.698766,4330.332699,4727.290621,5582.662297,4330.332699,5781.645222,7077.502435,4330.332699,614.0187803,610.6447901,0.001001968,0.001005531,0.001008742,0.001011081,4037.56712,4037.56712,4037.56712,7619.977194,7619.977194,7619.977194,7619.977194,7619.977194
5/28/1986,1927.138965,2060.393227,2090.742567,2190.793294,2185.487014,2090.742567,4678.60654,4123.934037,5326.546044,4812.89866,4452.252762,5326.546044,5125.040097,4822.698766,5326.546044,5611.677119,5582.662297,5326.546044,755.5350358,751.2500627,0.001001968,0.001005531,0.001008742,0.001011081,4191.869276,4191.869276,4191.869276,7919.559962,7919.559962,7919.559962,7919.559962,7919.559962
5/29/1986,1829.440302,1940.220858,1993.219299,2064.363999,2060.393227,1993.219299,4152.781437,4026.908352,4724.027192,4265.741043,4123.934037,4724.027192,4501.895436,4452.252762,4724.027192,4793.515691,4822.698766,4724.027192,762.7720987,758.4398917,0.001001968,0.001005531,0.001008742,0.001011081,4045.277346,4045.277346,4045.277346,7917.888694,7917.888694,7917.888694,7917.888694,7917.888694
5/30/1986,1729.64314,1851.338298,1887.703567,1943.256568,1940.220858,1887.703567,3747.684129,3874.203191,4257.642851,3847.804132,4026.908352,4257.642851,4054.234141,4123.934037,4257.642851,4274.87052,4452.252762,4257.642851,741.9936649,737.7969128,0.001001968,0.001005531,0.001008742,0.001011081,3630.254442,3630.254442,3630.254442,7266.375545,7266.375545,7266.375545,7266.375545,7266.375545
5/31/1986,1641.434634,1821.886947,1793.40397,1838.470911,1851.338298,1793.40397,3531.730935,3913.514408,4012.535021,3620.43272,3874.203191,4012.535021,3806.221735,4026.908352,4012.535021,3989.558177,4123.934037,4012.535021,718.5859086,714.5411575,0.001001968,0.001005531,0.001008742,0.001011081,2968.189325,2968.189325,2968.189325,6437.178657,6437.178657,6437.178657,6437.178657,6437.178657
6/1/1986,1677.634471,1772.05561,1835.758174,1820.601548,1821.886947,1835.758174,3405.478821,3798.659032,3870.599489,3439.108108,3913.514408,3870.599489,3610.748075,3874.203191,3870.599489,3724.203173,4026.908352,3870.599489,743.4442206,739.2380283,0.001001968,0.001005531,0.001008742,0.001011081,2427.72197,2427.72197,2427.72197,5498.497413,5498.497413,5498.497413,5498.497413,5498.497413
6/2/1986,1596.415143,1669.54569,1744.935903,1785.294354,1772.05561,1744.935903,3348.905654,2083.794741,3806.748043,3433.024857,3798.659032,3806.748043,3533.575983,3913.514408,3806.748043,3682.920329,3874.203191,3806.748043,701.8334319,697.8970671,0.001001968,0.001005531,0.001008742,0.001011081,2144.813623,2144.813623,2144.813623,4782.069866,4782.069866,4782.069866,4782.069866,4782.069866
6/3/1986,1532.283006,1774.208346,1669.677705,1675.4715,1669.54569,1669.677705,3206.703771,3769.490705,3637.067717,3251.938575,2083.794741,3637.067717,3402.089173,3798.659032,3637.067717,3505.991539,3913.514408,3637.067717,658.1065062,654.4514226,0.001001968,0.001005531,0.001008742,0.001011081,1991.533001,1991.533001,1991.533001,4358.315469,4358.315469,4358.315469,4358.315469,4358.315469
6/4/1986,1586.121903,2325.420339,1755.645116,1775.286803,1774.208346,1755.645116,3364.691215,12940.20566,3863.418655,3432.962818,3769.490705,3863.418655,3607.585929,2083.794741,3863.418655,3565.541521,3798.659032,3863.418655,810.46277,805.8178636,0.001001968,0.001005531,0.001008742,0.001011081,1907.930416,1907.930416,1907.930416,4130.000696,4130.000696,4130.000696,4130.000696,4130.000696
6/5/1986,1445.127461,7372.428279,1587.963135,1636.346361,2325.420339,1587.963135,3192.94657,16284.48901,3646.784298,3280.24755,12940.20566,3646.784298,3396.950022,3769.490705,3646.784298,3608.411149,2083.794741,3646.784298,688.3175939,684.468427,0.001001968,0.001005531,0.001008742,0.001011081,1830.830415,1830.830415,1830.830415,3973.765896,3973.765896,3973.765896,3973.765896,3973.765896
6/6/1986,5851.128843,9841.818584,6846.293237,6602.492326,7372.428279,6846.293237,6706.137578,13274.87299,8068.070191,6976.092408,16284.48901,8068.070191,6393.112981,12940.20566,8068.070191,1917.708684,3769.490705,8068.070191,3523.623528,3499.019915,0.001001968,0.001005531,0.001008742,0.001011081,2280.857886,2280.857886,2280.857886,3849.4253,3849.4253,3849.4253,3849.4253,3849.4253
6/7/1986,9523.479917,8676.281775,11236.7911,10579.60716,9841.818584,11236.7911,11975.37607,9888.088948,14598.28598,12111.19734,13274.87299,14598.28598,12928.50329,16284.48901,14598.28598,8000.833082,12940.20566,14598.28598,6046.356631,6001.358768,0.001001968,0.001005531,0.001008742,0.001011081,3424.692458,3424.692458,3424.692458,4347.656077,4347.656077,4347.656077,4347.656077,4347.656077
6/8/1986,8235.613476,7794.878861,9695.584723,8987.146222,8676.281775,9695.584723,14130.80092,7776.024657,17181.76545,13940.01151,9888.088948,17181.76545,15573.90433,13274.87299,17181.76545,16773.93842,16284.48901,17181.76545,5587.403662,5546.196838,0.001001968,0.001005531,0.001008742,0.001011081,4495.133227,4495.133227,4495.133227,5915.268286,5915.268286,5915.268286,5915.268286,5915.268286
6/9/1986,6319.499507,4842.612162,7532.354209,7851.368977,7794.878861,7532.354209,10766.07665,9069.577497,13209.79814,11506.99044,7776.024657,13209.79814,12670.11797,9888.088948,13209.79814,14403.06609,13274.87299,13209.79814,4850.481372,4815.293301,0.001001968,0.001005531,0.001008742,0.001011081,5372.752477,5372.752477,5372.752477,7501.521475,7501.521475,7501.521475,7501.521475,7501.521475
6/10/1986,3825.917941,3686.621578,4400.631123,4873.315819,4842.612162,4400.631123,6648.800781,13570.87715,7881.441694,7325.308437,9069.577497,7881.441694,8302.342738,7776.024657,7881.441694,11182.16604,9888.088948,7881.441694,2425.76186,2409.59514,0.001001968,0.001005531,0.001008742,0.001011081,5891.29473,5891.29473,5891.29473,8680.675242,8680.675242,8680.675242,8680.675242,8680.675242
6/11/1986,2804.326141,6309.898908,3148.071454,3285.175682,3686.621578,3148.071454,4136.596691,13188.0447,4771.348596,4414.040293,13570.87715,4771.348596,5351.651288,9069.577497,4771.348596,6889.67063,7776.024657,4771.348596,1506.06124,1496.635203,0.001001968,0.001005531,0.001008742,0.001011081,6190.913134,6190.913134,6190.913134,9410.188544,9410.188544,9410.188544,9410.188544,9410.188544
6/12/1986,5215.09147,9320.209542,6079.43251,5943.777415,6309.898908,6079.43251,7532.040461,11508.27328,9006.939194,7777.158261,13188.0447,9006.939194,8121.211785,13570.87715,9006.939194,6008.247049,9069.577497,9006.939194,3336.507901,3313.365822,0.001001968,0.001005531,0.001008742,0.001011081,6745.075561,6745.075561,6745.075561,9938.082111,9938.082111,9938.082111,9938.082111,9938.082111
6/13/1986,8867.255273,9530.864944,10433.86734,9689.946828,9320.209542,10433.86734,13832.08083,9647.157547,16747.09427,13732.95458,11508.27328,16747.09427,14175.27304,13188.0447,16747.09427,10541.7904,13570.87715,16747.09427,5779.513364,5736.723436,0.001001968,0.001005531,0.001008742,0.001011081,7256.661083,7256.661083,7256.661083,10928.83708,10928.83708,10928.83708,10928.83708,10928.83708
6/14/1986,8279.25878,5946.233579,9756.576047,9730.502014,9530.864944,9756.576047,14593.71577,8748.544997,17755.45192,15079.74549,9647.157547,17755.45192,15844.8012,11508.27328,17755.45192,16087.26032,13188.0447,17755.45192,5691.148879,5649.087815,0.001001968,0.001005531,0.001008742,0.001011081,7157.160001,7157.160001,7157.160001,11976.32734,11976.32734,11976.32734,11976.32734,11976.32734
6/15/1986,4709.930099,4510.377888,5427.707826,5932.726943,5946.233579,5427.707826,7578.871353,8096.168974,8990.651882,8354.72901,8748.544997,8990.651882,9832.837593,9647.157547,8990.651882,12581.28499,11508.27328,8990.651882,2953.727218,2933.546567,0.001001968,0.001005531,0.001008742,0.001011081,6786.344127,6786.344127,6786.344127,11773.01151,11773.01151,11773.01151,11773.01151,11773.01151
6/16/1986,3616.982032,4865.538205,4113.397461,4408.705934,4510.377888,4113.397461,5142.985444,7044.007922,6006.328697,5646.236829,8096.168974,6006.328697,6751.204646,8748.544997,6006.328697,8633.107793,9647.157547,6006.328697,2082.802271,2069.191571,0.001001968,0.001005531,0.001008742,0.001011081,6378.541627,6378.541627,6378.541627,11148.9086,11148.9086,11148.9086,11148.9086,11148.9086
6/17/1986,4339.982483,4539.020503,4956.882922,4926.533576,4865.538205,4956.882922,6581.619515,6144.21022,7734.678369,6809.892142,7044.007922,7734.678369,7291.350703,8096.168974,7734.678369,7468.344947,8748.544997,7734.678369,2457.215547,2440.812246,0.001001968,0.001005531,0.001008742,0.001011081,6311.813421,6311.813421,6311.813421,10592.66793,10592.66793,10592.66793,10592.66793,10592.66793
6/18/1986,4223.987854,4179.628243,4797.282413,4605.879303,4539.020503,4797.282413,7144.736642,6055.278646,8391.538226,7160.538426,6144.21022,8391.538226,7815.153483,7044.007922,8391.538226,8126.630649,8096.168974,8391.538226,2376.570823,2360.773399,0.001001968,0.001005531,0.001008742,0.001011081,6435.55998,6435.55998,6435.55998,10472.43452,10472.43452,10472.43452,10472.43452,10472.43452
6/19/1986,3446.913678,2977.412416,3950.081989,4168.993637,4179.628243,3950.081989,5891.78145,5571.738366,6960.300089,6291.363287,6055.278646,6960.300089,6859.871093,6144.21022,6960.300089,7451.495705,7044.007922,6960.300089,2146.433317,2132.3518,0.001001968,0.001005531,0.001008742,0.001011081,6260.163001,6260.163001,6260.163001,10513.94107,10513.94107,10513.94107,10513.94107,10513.94107
6/20/1986,2470.036561,2516.239886,2756.175861,2986.354606,2977.412416,2756.175861,4303.231853,4941.968889,4945.286439,4644.106957,5571.738366,4945.286439,5160.370074,6055.278646,4945.286439,6250.506255,6144.21022,4945.286439,1242.179547,1234.608815,0.001001968,0.001005531,0.001008742,0.001011081,5474.89539,5474.89539,5474.89539,9956.139399,9956.139399,9956.139399,9956.139399,9956.139399
6/21/1986,2393.259681,3178.104668,2638.202016,2528.399597,2516.239886,2638.202016,3862.072724,4620.668994,4388.745849,3849.702269,4941.968889,4388.745849,4336.52479,5571.738366,4388.745849,4891.84691,6055.278646,4388.745849,1081.303987,1074.841438,0.001001968,0.001005531,0.001008742,0.001011081,4559.039935,4559.039935,4559.039935,8618.375115,8618.375115,8618.375115,8618.375115,8618.375115
6/22/1986,2784.286346,2763.846487,3176.488329,3179.062801,3178.104668,3176.488329,4983.174314,4603.661164,5863.965266,5121.233785,4620.668994,5863.965266,5429.90039,4941.968889,5863.965266,5162.818366,5571.738366,5863.965266,1720.773568,1709.808425,0.001001968,0.001005531,0.001008742,0.001011081,4042.143201,4042.143201,4042.143201,7464.787906,7464.787906,7464.787906,7464.787906,7464.787906
6/23/1986,2317.018686,2345.238854,2622.453984,2763.614343,2763.846487,2622.453984,4569.871893,4428.869774,5337.358723,4810.650114,4603.661164,5337.358723,5108.123061,4620.668994,5337.358723,5519.601054,4941.968889,5337.358723,1362.497103,1354.085816,0.001001968,0.001005531,0.001008742,0.001011081,3720.379888,3720.379888,3720.379888,6701.175402,6701.175402,6701.175402,6701.175402,6701.175402
6/24/1986,2053.305824,2396.028915,2299.670332,2333.174995,2345.238854,2299.670332,3512.464998,4156.083632,4051.182587,3638.525332,4428.869774,4051.182587,4023.472939,4603.661164,4051.182587,4373.2594,4620.668994,4051.182587,1113.251604,1106.570518,0.001001968,0.001005531,0.001008742,0.001011081,3380.908535,3380.908535,3380.908535,6234.194165,6234.194165,6234.194165,6234.194165,6234.194165
6/25/1986,2097.428934,2308.723894,2365.455157,2397.987861,2396.028915,2365.455157,3574.478516,4011.850307,4149.161739,3707.511847,4156.083632,4149.161739,3972.399452,4428.869774,4149.161739,4084.821795,4603.661164,4149.161739,1204.869704,1197.557649,0.001001968,0.001005531,0.001008742,0.001011081,3045.752835,3045.752835,3045.752835,5704.060845,5704.060845,5704.060845,5704.060845,5704.060845
6/26/1986,2077.696051,2273.640392,2336.002433,2314.717786,2308.723894,2336.002433,3784.746847,4154.428798,4390.739175,3853.760628,4011.850307,4390.739175,4106.658089,4156.083632,4390.739175,4255.596177,4428.869774,4390.739175,1166.98878,1159.938355,0.001001968,0.001005531,0.001008742,0.001011081,2767.80377,2767.80377,2767.80377,5231.551889,5231.551889,5231.551889,5231.551889,5231.551889
6/27/1986,1984.023065,2146.281413,2240.218485,2258.126692,2273.640392,2240.218485,3610.512785,4092.290181,4199.868738,3718.268271,4154.428798,4199.868738,3979.766422,4011.850307,4199.868738,4067.093609,4156.083632,4199.868738,1166.503218,1159.456141,0.001001968,0.001005531,0.001008742,0.001011081,2629.807505,2629.807505,2629.807505,4906.956863,4906.956863,4906.956863,4906.956863,4906.956863
6/28/1986,1887.628909,2271.911264,2119.716911,2133.318406,2146.281413,2119.716911,3389.634568,4230.203948,3920.624658,3486.958357,4092.290181,3920.624658,3708.395406,4154.428798,3920.624658,3880.675818,4011.850307,3920.624658,1058.088714,1051.784465,0.001001968,0.001005531,0.001008742,0.001011081,2537.094736,2537.094736,2537.094736,4683.859281,4683.859281,4683.859281,4683.859281,4683.859281
6/29/1986,2054.973431,2381.5817,2316.48454,2280.000095,2271.911264,2316.48454,3433.369404,4822.213599,3990.577878,3494.466285,4230.203948,3990.577878,3704.786566,4092.290181,3990.577878,3662.971267,4154.428798,3990.577878,1181.726544,1174.574453,0.001001968,0.001005531,0.001008742,0.001011081,2410.808745,2410.808745,2410.808745,4475.397723,4475.397723,4475.397723,4475.397723,4475.397723
6/30/1986,2084.209573,2062.627654,2364.935053,2390.824432,2381.5817,2364.935053,3680.182276,5226.141458,4306.84401,3804.843572,4822.213599,4306.84401,4009.609282,4230.203948,4306.84401,3970.516602,4092.290181,4306.84401,1270.450213,1262.682837,0.001001968,0.001005531,0.001008742,0.001011081,2345.374138,2345.374138,2345.374138,4309.084875,4309.084875,4309.084875,4309.084875,4309.084875
7/1/1986,1768.181974,2369.093965,1992.384193,2041.554222,2062.627654,1992.384193,3263.522666,4961.803358,3791.283987,3390.039091,5226.141458,3791.283987,3676.104981,4822.213599,3791.283987,3934.622601,4230.203948,3791.283987,1034.812056,1028.66609,0.001001968,0.001005531,0.001008742,0.001011081,2292.509836,2292.509836,2292.509836,4197.857227,4197.857227,4197.857227,4197.857227,4197.857227
7/2/1986,2128.430677,3317.663271,2412.006573,2333.659068,2369.093965,2412.006573,3772.758499,4732.70662,4398.211726,3798.858029,4961.803358,4398.211726,4010.815988,5226.141458,4398.211726,3767.979062,4822.213599,4398.211726,1275.533628,1267.730835,0.001001968,0.001005531,0.001008742,0.001011081,2273.909949,2273.909949,2273.909949,4179.293766,4179.293766,4179.293766,4179.293766,4179.293766
7/3/1986,3056.720102,3116.308112,3494.296959,3339.582562,3317.663271,3494.296959,5327.79467,4199.830547,6286.911252,5331.068369,4732.70662,6286.911252,5316.647451,4961.803358,6286.911252,4720.222077,5226.141458,6286.911252,1865.637451,1853.620801,0.001001968,0.001005531,0.001008742,0.001011081,2360.730152,2360.730152,2360.730152,4255.41742,4255.41742,4255.41742,4255.41742,4255.41742
7/4/1986,2776.637841,2381.140203,3161.517151,3141.27449,3116.308112,3161.517151,5099.224842,3499.398915,6003.603455,5207.05139,4199.830547,6003.603455,5516.385121,4732.70662,6003.603455,5468.245128,4961.803358,6003.603455,1685.241244,1674.532462,0.001001968,0.001005531,0.001008742,0.001011081,2478.647628,2478.647628,2478.647628,4440.738165,4440.738165,4440.738165,4440.738165,4440.738165
7/5/1986,1959.901106,1793.900356,2217.220043,2380.555317,2381.140203,2217.220043,3518.769062,3432.765644,4105.127284,3771.46347,3499.398915,4105.127284,4208.266593,4199.830547,4105.127284,4816.373116,4732.70662,4105.127284,1175.546391,1168.436953,0.001001968,0.001005531,0.001008742,0.001011081,2540.724106,2540.724106,2540.724106,4603.424443,4603.424443,4603.424443,4603.424443,4603.424443
7/6/1986,1541.520724,1679.361109,1714.615724,1792.108738,1793.900356,1714.615724,2841.414816,3820.99564,3259.491527,2980.024428,3432.765644,3259.491527,3339.39643,3499.398915,3259.491527,3966.946033,4199.830547,3259.491527,810.7897383,806.1426796,0.001001968,0.001005531,0.001008742,0.001011081,2503.985963,2503.985963,2503.985963,4676.768413,4676.768413,4676.768413,4676.768413,4676.768413
7/7/1986,1475.696981,1704.324229,1644.420564,1670.654613,1679.361109,1644.420564,2800.605769,3952.191923,3219.041687,2884.936209,3820.99564,3219.041687,3124.21388,3432.765644,3219.041687,3399.27364,3499.398915,3219.041687,794.8038613,790.2618984,0.001001968,0.001005531,0.001008742,0.001011081,2420.806159,2420.806159,2420.806159,4626.311856,4626.311856,4626.311856,4626.311856,4626.311856
7/8/1986,1580.446031,2026.835176,1756.796249,1701.206591,1704.324229,1756.796249,2808.501989,2984.787948,3221.020406,2816.047202,3952.191923,3221.020406,2965.914336,3820.99564,3221.020406,3068.917784,3432.765644,3221.020406,825.5562783,820.8119014,0.001001968,0.001005531,0.001008742,0.001011081,2359.258371,2359.258371,2359.258371,4492.718729,4492.718729,4492.718729,4492.718729,4492.718729
7/9/1986,1918.619499,2172.462139,2149.070779,2030.71974,2026.835176,2149.070779,3285.024693,3772.644631,3802.541511,3248.210371,2984.787948,3802.541511,3354.191358,3952.191923,3802.541511,3141.318861,3820.99564,3802.541511,1065.075266,1058.723422,0.001001968,0.001005531,0.001008742,0.001011081,2307.619563,2307.619563,2307.619563,4360.715623,4360.715623,4360.715623,4360.715623,4360.715623
7/10/1986,1825.966391,1717.101072,2069.122183,2173.316504,2172.462139,2069.122183,3616.527495,4754.817969,4228.484028,3799.870555,3772.644631,4228.484028,3913.511525,2984.787948,4228.484028,3773.629608,3952.191923,4228.484028,1125.381555,1118.617289,0.001001968,0.001005531,0.001008742,0.001011081,2181.823657,2181.823657,2181.823657,4217.901867,4217.901867,4217.901867,4217.901867,4217.901867
7/11/1986,1463.891876,1535.87709,1632.115469,1708.369471,1717.101072,1632.115469,3135.278237,5601.674468,3619.453338,3260.630098,4754.817969,3619.453338,3518.877486,3772.644631,3619.453338,3861.550394,2984.787948,3619.453338,797.3121478,792.7537127,0.001001968,0.001005531,0.001008742,0.001011081,1997.370592,1997.370592,1997.370592,4002.953176,4002.953176,4002.953176,4002.953176,4002.953176
7/12/1986,1530.268816,3002.989887,1660.452584,1518.782536,1535.87709,1660.452584,2376.223081,6390.851868,2635.689001,2292.048498,5601.674468,2635.689001,2415.2077,4754.817969,2635.689001,2604.191278,3772.644631,2635.689001,611.9866132,608.6255161,0.001001968,0.001005531,0.001008742,0.001011081,1846.430717,1846.430717,1846.430717,3692.184586,3692.184586,3692.184586,3692.184586,3692.184586
7/13/1986,3161.515896,5301.051043,3530.74791,2978.700892,3002.989887,3530.74791,4932.801197,6746.185332,5704.341891,4521.403592,6390.851868,5704.341891,4415.391316,5601.674468,5704.341891,3333.26717,4754.817969,5704.341891,1620.575566,1610.331691,0.001001968,0.001005531,0.001008742,0.001011081,1925.259648,1925.259648,1925.259648,3603.621283,3603.621283,3603.621283,3603.621283,3603.621283
7/14/1986,4922.276184,5134.320289,5642.724586,5312.213638,5301.051043,5642.724586,7440.826276,6041.114324,8858.245959,7374.339691,6746.185332,8858.245959,7041.765663,6390.851868,8858.245959,5409.984831,5601.674468,8858.245959,2965.506059,2945.234883,0.001001968,0.001005531,0.001008742,0.001011081,2294.403835,2294.403835,2294.403835,3818.81549,3818.81549,3818.81549,3818.81549,3818.81549
7/15/1986,4489.019105,3756.687625,5131.589651,5155.877197,5134.320289,5131.589651,6739.82905,5297.833651,8006.231713,6995.129228,6041.114324,8006.231713,7435.608009,6746.185332,8006.231713,6879.861534,6390.851868,8006.231713,2699.999371,2681.758736,0.001001968,0.001005531,0.001008742,0.001011081,2767.534919,2767.534919,2767.534919,4352.759818,4352.759818,4352.759818,4352.759818,4352.759818
7/16/1986,2963.70911,2440.186736,3380.292309,3761.969306,3756.687625,3380.292309,4504.14928,6982.188755,5320.750458,5036.165245,5297.833651,5320.750458,5920.681671,6041.114324,5320.750458,6745.819819,6746.185332,5320.750458,1846.017343,1834.143685,0.001001968,0.001005531,0.001008742,0.001011081,3098.255323,3098.255323,3098.255323,4927.608483,4927.608483,4927.608483,4927.608483,4927.608483
7/17/1986,1974.188763,2038.209074,2191.097891,2439.205669,2440.186736,2191.097891,3384.280827,5490.768532,3887.229931,3708.017419,6982.188755,3887.229931,4366.79817,5297.833651,3887.229931,5742.359668,6041.114324,3887.229931,1010.737385,1004.75466,0.001001968,0.001005531,0.001008742,0.001011081,3216.790458,3216.790458,3216.790458,5269.457932,5269.457932,5269.457932,5269.457932,5269.457932
7/18/1986,1750.667345,2284.546329,1937.971132,2034.851722,2038.209074,1937.971132,3274.86885,4835.226937,3750.864497,3434.183189,5490.768532,3750.864497,3863.293026,6982.188755,3750.864497,4467.222292,5297.833651,3750.864497,884.3065097,879.1727518,0.001001968,0.001005531,0.001008742,0.001011081,3283.909995,3283.909995,3283.909995,5406.08466,5406.08466,5406.08466,5406.08466,5406.08466
7/19/1986,2131.008657,2745.211863,2363.542055,2283.523182,2284.546329,2363.542055,4951.350302,4307.702956,5636.675207,4963.750305,4835.226937,5636.675207,5115.083907,5490.768532,5636.675207,4401.289101,6982.188755,5636.675207,1066.264253,1059.904305,0.001001968,0.001005531,0.001008742,0.001011081,3380.787922,3380.787922,3380.787922,5710.164298,5710.164298,5710.164298,5710.164298,5710.164298
7/20/1986,2343.02381,1893.45748,2639.891671,2744.671529,2745.211863,2639.891671,6556.941513,3663.468225,7651.461279,6722.961522,4307.702956,7651.461279,6731.3696,4835.226937,7651.461279,7007.974848,5490.768532,7651.461279,1338.293623,1330.052179,0.001001968,0.001005531,0.001008742,0.001011081,3379.379475,3379.379475,3379.379475,6180.926483,6180.926483,6180.926483,6180.926483,6180.926483
7/21/1986,1705.559606,1806.364843,1879.153497,1893.302226,1893.45748,1879.153497,3912.973589,3367.951391,4469.428942,3976.918841,3663.468225,4469.428942,4437.581003,4307.702956,4469.428942,4982.948531,4835.226937,4469.428942,821.0804241,816.3655691,0.001001968,0.001005531,0.001008742,0.001011081,3073.922358,3073.922358,3073.922358,6187.557911,6187.557911,6187.557911,6187.557911,6187.557911
7/22/1986,1577.28699,1669.604342,1754.215679,1806.518808,1806.364843,1754.215679,3247.317509,3658.765178,3726.929694,3354.870706,3367.951391,3726.929694,3604.656797,3663.468225,3726.929694,4086.871016,4307.702956,3726.929694,845.3514656,840.4762772,0.001001968,0.001005531,0.001008742,0.001011081,2630.041294,2630.041294,2630.041294,5830.471106,5830.471106,5830.471106,5830.471106,5830.471106
7/23/1986,1442.113075,1517.522382,1607.533292,1668.974253,1669.604342,1607.533292,3037.938382,3937.912347,3496.19836,3149.342463,3658.765178,3496.19836,3366.788217,3367.951391,3496.19836,3616.222612,3663.468225,3496.19836,797.6634575,793.1027147,0.001001968,0.001005531,0.001008742,0.001011081,2272.209397,2272.209397,2272.209397,5312.542294,5312.542294,5312.542294,5312.542294,5312.542294
7/24/1986,1335.090408,1456.494916,1484.642349,1516.927279,1517.522382,1484.642349,2743.777558,4529.466922,3149.582085,2822.671005,3937.912347,3149.582085,3021.831997,3658.765178,3149.582085,3236.859552,3367.951391,3149.582085,728.1662043,724.0593197,0.001001968,0.001005531,0.001008742,0.001011081,2084.304524,2084.304524,2084.304524,4897.801696,4897.801696,4897.801696,4897.801696,4897.801696
7/25/1986,1289.833728,1471.233413,1436.514469,1455.931368,1456.494916,1436.514469,2613.317188,3433.447611,3001.839239,2679.213386,4529.466922,3001.839239,2844.871143,3937.912347,3001.839239,2984.404511,3658.765178,3001.839239,717.2421298,713.2060851,0.001001968,0.001005531,0.001008742,0.001011081,1969.281619,1969.281619,1969.281619,4625.164452,4625.164452,4625.164452,4625.164452,4625.164452
7/26/1986,1288.568462,1714.729041,1438.659217,1454.925063,1471.233413,1438.659217,3044.366285,2283.996102,3513.986846,3100.875838,3433.447611,3513.986846,3229.735516,4529.466922,3513.986846,3268.935012,3937.912347,3513.986846,733.1692867,729.0299116,0.001001968,0.001005531,0.001008742,0.001011081,1862.073848,1862.073848,1862.073848,4389.185328,4389.185328,4389.185328,4389.185328,4389.185328
7/27/1986,1818.261235,2050.666015,2009.711273,1710.469801,1714.729041,2009.711273,3957.101978,2746.351072,4550.895755,3712.970627,2283.996102,4550.895755,3782.632804,3433.447611,4550.895755,3598.09158,4529.466922,4550.895755,897.1053135,891.8862795,0.001001968,0.001005531,0.001008742,0.001011081,1731.986451,1731.986451,1731.986451,3933.658136,3933.658136,3933.658136,3933.658136,3933.658136
7/28/1986,2115.426896,2112.001052,2313.332177,2058.433354,2050.666015,2313.332177,4648.241787,5619.090762,5334.298293,4436.096765,2746.351072,5334.298293,4260.078324,2283.996102,5334.298293,4314.862051,3433.447611,5334.298293,932.5424776,927.0865272,0.001001968,0.001005531,0.001008742,0.001011081,1665.188629,1665.188629,1665.188629,3836.201001,3836.201001,3836.201001,3836.201001,3836.201001
7/29/1986,1699.452753,1067.735779,1865.085864,2114.542853,2112.001052,1865.085864,3162.395093,7432.837041,3596.815848,3464.793766,5619.090762,3596.815848,3394.020831,2746.351072,3596.815848,3220.542443,2283.996102,3596.815848,795.8398183,791.2910529,0.001001968,0.001005531,0.001008742,0.001011081,1663.328753,1663.328753,1663.328753,3753.056489,3753.056489,3753.056489,3753.056489,3753.056489
7/30/1986,1468.321445,3006.297071,1478.787657,1061.056881,1067.735779,1478.787657,2030.084903,12620.63976,2074.047487,1622.335264,7432.837041,2074.047487,1875.245197,5619.090762,2074.047487,2462.023101,2746.351072,2074.047487,0.001000564,0.001006515,0.001001968,0.001005531,0.001008742,0.001011081,1603.403701,1603.403701,1603.403701,3626.257646,3626.257646,3626.257646,3626.257646,3626.257646
7/31/1986,3347.266022,4640.188108,3571.174909,3004.380544,3006.297071,3571.174909,4171.567216,15291.20535,4562.135358,3710.56194,12620.63976,4562.135358,2942.210483,7432.837041,4562.135358,2124.351299,5619.090762,4562.135358,970.3363447,964.6264586,0.001001968,0.001005531,0.001008742,0.001011081,1671.643777,1671.643777,1671.643777,3542.1588,3542.1588,3542.1588,3542.1588,3542.1588
8/1/1986,4534.029291,6089.766826,4997.584451,4602.944357,4640.188108,4997.584451,8122.718181,10708.4615,9384.905511,7863.556061,15291.20535,9384.905511,7664.617338,12620.63976,9384.905511,5792.016077,7432.837041,9384.905511,2001.53938,1988.527544,0.001001968,0.001005531,0.001008742,0.001011081,2031.316612,2031.316612,2031.316612,4006.766277,4006.766277,4006.766277,4006.766277,4006.766277
8/2/1986,4944.941828,5823.812328,5687.476007,5961.804403,6089.766826,5687.476007,10122.61316,8218.004457,11987.79296,10639.86682,10708.4615,11987.79296,11104.98801,15291.20535,11987.79296,8637.077907,12620.63976,11987.79296,3127.017435,3105.501028,0.001001968,0.001005531,0.001008742,0.001011081,2642.161238,2642.161238,2642.161238,4878.202378,4878.202378,4878.202378,4878.202378,4878.202378
8/3/1986,4909.245325,3959.769429,5625.717411,5911.009312,5823.812328,5625.717411,13492.30272,5803.259792,15946.72882,13969.56136,8218.004457,15946.72882,14569.3799,10708.4615,15946.72882,14485.72392,15291.20535,15946.72882,2969.778142,2949.474124,0.001001968,0.001005531,0.001008742,0.001011081,3254.12463,3254.12463,3254.12463,6358.956735,6358.956735,6358.956735,6358.956735,6358.956735
8/4/1986,3491.584124,2978.066356,3848.642563,4019.473761,3959.769429,3848.642563,10646.56457,5045.428451,12398.52843,10854.94181,5803.259792,12398.52843,11434.63043,8218.004457,12398.52843,13798.1591,10708.4615,12398.52843,1556.870663,1547.082639,0.001001968,0.001005531,0.001008742,0.001011081,3631.699987,3631.699987,3631.699987,7874.424373,7874.424373,7874.424373,7874.424373,7874.424373
8/5/1986,2500.119268,2509.046584,2736.479399,2978.765723,2978.066356,2736.479399,5542.610572,4769.531324,6335.352258,5844.075196,5045.428451,6335.352258,6526.00325,5803.259792,6335.352258,7753.908357,8218.004457,6335.352258,1091.165065,1084.635146,0.001001968,0.001005531,0.001008742,0.001011081,3857.947979,3857.947979,3857.947979,8689.331856,8689.331856,8689.331856,8689.331856,8689.331856
8/6/1986,2054.979253,1761.67025,2260.691702,2449.053616,2509.046584,2260.691702,4985.696189,4662.458502,5729.106671,5218.087095,4769.531324,5729.106671,5768.261042,5045.428451,5729.106671,6569.011686,5803.259792,5729.106671,972.2391992,966.5164943,0.001001968,0.001005531,0.001008742,0.001011081,4074.797628,4074.797628,4074.797628,9275.267436,9275.267436,9275.267436,9275.267436,9275.267436
8/7/1986,1997.609836,2622.814483,2090.249735,1767.877692,1761.67025,2090.249735,3882.114423,4921.852321,4267.356397,3582.862648,4662.458502,4267.356397,3839.495724,4769.531324,4267.356397,4802.480369,5045.428451,4267.356397,438.0354934,435.7543741,0.001001968,0.001005531,0.001008742,0.001011081,4061.199879,4061.199879,4061.199879,9563.59712,9563.59712,9563.59712,9563.59712,9563.59712
8/8/1986,2545.813732,2745.665738,2769.214694,2662.878559,2622.814483,2769.214694,4306.862651,5187.562745,4868.745158,4274.273429,4921.852321,4868.745158,4163.240921,4662.458502,4868.745158,3856.032595,4769.531324,4868.745158,1042.787924,1036.587771,0.001001968,0.001005531,0.001008742,0.001011081,3825.056213,3825.056213,3825.056213,9278.000112,9278.000112,9278.000112,9278.000112,9278.000112
8/9/1986,2383.622265,2430.060275,2617.241393,2747.046876,2745.665738,2617.241393,4678.120066,5224.855589,5356.112482,4872.071668,5187.562745,5356.112482,4989.21341,4921.852321,5356.112482,4738.27353,4662.458502,5356.112482,1101.664464,1095.062731,0.001001968,0.001005531,0.001008742,0.001011081,3385.904036,3385.904036,3385.904036,8584.667086,8584.667086,8584.667086,8584.667086,8584.667086
8/10/1986,1962.027647,2335.491226,2136.154247,2331.506068,2430.060275,2136.154247,3874.19603,5021.094017,4397.69304,4117.500412,5224.855589,4397.69304,4403.489943,5187.562745,4397.69304,4668.687979,4921.852321,4397.69304,841.7612537,836.9098199,0.001001968,0.001005531,0.001008742,0.001011081,2893.422827,2893.422827,2893.422827,7250.418139,7250.418139,7250.418139,7250.418139,7250.418139
8/11/1986,2278.487626,2994.260335,2456.74258,2357.936052,2335.491226,2456.74258,4191.419081,4584.676457,4712.40055,4149.269846,5021.094017,4712.40055,4328.751135,5224.855589,4712.40055,4418.453422,5187.562745,4712.40055,819.0737142,814.3720884,0.001001968,0.001005531,0.001008742,0.001011081,2609.133938,2609.133938,2609.133938,5781.183107,5781.183107,5781.183107,5781.183107,5781.183107
8/12/1986,2700.696356,2518.480277,3000.254024,3050.736426,2994.260335,3000.254024,4919.007154,3767.015633,5681.226323,5064.203163,4584.676457,5681.226323,5122.656916,5021.094017,5681.226323,4761.512157,5224.855589,5681.226323,1350.791294,1342.462197,0.001001968,0.001005531,0.001008742,0.001011081,2520.779066,2520.779066,2520.779066,5141.958479,5141.958479,5141.958479,5141.958479,5141.958479
8/13/1986,2175.788881,2003.932361,2420.02639,2520.643384,2518.480277,2420.02639,4464.014444,3643.584175,5165.538634,4630.970981,3767.015633,5165.538634,5089.010166,4584.676457,5165.538634,5246.374934,5021.094017,5165.538634,1146.323319,1139.415184,0.001001968,0.001005531,0.001008742,0.001011081,2510.725872,2510.725872,2510.725872,4897.451684,4897.451684,4897.451684,4897.451684,4897.451684
8/14/1986,1686.156419,1644.67516,1847.666703,2003.465441,2003.932361,1847.666703,3463.847599,4128.283059,3953.467931,3663.204401,3643.584175,3953.467931,3937.25089,3767.015633,3953.467931,4636.009413,4584.676457,3953.467931,785.6781072,781.1960171,0.001001968,0.001005531,0.001008742,0.001011081,2535.519286,2535.519286,2535.519286,4900.056913,4900.056913,4900.056913,4900.056913,4900.056913
8/15/1986,1449.616474,1460.330439,1567.730881,1629.857708,1644.67516,1567.730881,2944.084183,5027.705267,3321.59752,3037.796148,4128.283059,3321.59752,3298.783116,3643.584175,3321.59752,3699.409827,3767.015633,3321.59752,588.3203219,585.1089465,0.001001968,0.001005531,0.001008742,0.001011081,2454.68457,2454.68457,2454.68457,4859.32153,4859.32153,4859.32153,4859.32153,4859.32153
8/16/1986,1403.223947,1760.423,1498.768824,1464.386932,1460.330439,1498.768824,2772.571352,4358.729417,3093.515751,2764.100434,5027.705267,3093.515751,2899.484312,4128.283059,3093.515751,3198.240525,3643.584175,3093.515751,479.0454663,476.5143173,0.001001968,0.001005531,0.001008742,0.001011081,2292.230156,2292.230156,2292.230156,4670.539653,4670.539653,4670.539653,4670.539653,4670.539653
8/17/1986,1519.316935,2140.09654,1648.829369,1646.980186,1760.423,1648.829369,3096.290087,5098.400733,3502.767167,3129.232743,4358.729417,3502.767167,3200.458725,5027.705267,3502.767167,3132.994126,4128.283059,3502.767167,641.5755641,638.0261823,0.001001968,0.001005531,0.001008742,0.001011081,2169.449611,2169.449611,2169.449611,4452.220135,4452.220135,4452.220135,4452.220135,4452.220135
8/18/1986,1920.432256,1789.03968,2136.435414,2154.989775,2140.09654,2136.435414,4314.578531,5326.535957,4970.064876,4395.682839,5098.400733,4970.064876,4520.672811,4358.729417,4970.064876,4035.467167,5027.705267,4970.064876,996.0162712,990.133124,0.001001968,0.001005531,0.001008742,0.001011081,2127.34979,2127.34979,2127.34979,4353.390477,4353.390477,4353.390477,4353.390477,4353.390477
8/19/1986,1714.659555,1735.648117,1869.248904,1863.156731,1789.03968,1869.248904,4562.442199,6125.315306,5226.266404,4582.136776,5326.535957,5226.266404,4677.931712,5098.400733,5226.266404,4979.281434,4358.729417,5226.266404,728.0694421,723.9631857,0.001001968,0.001005531,0.001008742,0.001011081,1984.799922,1984.799922,1984.799922,4379.652965,4379.652965,4379.652965,4379.652965,4379.652965
8/20/1986,1536.526531,1566.217298,1689.898935,1740.995626,1735.648117,1689.898935,3646.205319,4393.581866,4139.145667,3741.802405,6125.315306,4139.145667,3929.545792,5326.535957,4139.145667,3789.408267,5098.400733,4139.145667,749.5420843,745.2961806,0.001001968,0.001005531,0.001008742,0.001011081,1845.49648,1845.49648,1845.49648,4282.580743,4282.580743,4282.580743,4282.580743,4282.580743
8/21/1986,1321.570408,1565.790748,1447.375082,1529.721174,1566.217298,1447.375082,4223.426303,5218.568213,4836.384126,4318.794532,4393.581866,4836.384126,4469.238413,6125.315306,4836.384126,4818.748643,5326.535957,4836.384126,627.2729272,623.8147065,0.001001968,0.001005531,0.001008742,0.001011081,1767.822403,1767.822403,1767.822403,4320.863127,4320.863127,4320.863127,4320.863127,4320.863127
8/22/1986,1443.24156,1845.16834,1583.716976,1580.481366,1565.790748,1583.716976,4692.823285,4677.673279,5365.019506,4716.551873,5218.568213,5365.019506,4855.507211,4393.581866,5365.019506,4763.629265,6125.315306,5365.019506,682.8726972,679.0585945,0.001001968,0.001005531,0.001008742,0.001011081,1741.687947,1741.687947,1741.687947,4468.501589,4468.501589,4468.501589,4468.501589,4468.501589
8/23/1986,1470.80966,1746.274719,1618.967288,1656.933519,1845.16834,1618.967288,5094.224274,3985.525566,5889.9939,5136.947367,4677.673279,5889.9939,5146.752076,5218.568213,5889.9939,5529.748098,4393.581866,5889.9939,718.3644747,714.3211584,0.001001968,0.001005531,0.001008742,0.001011081,1750.878559,1750.878559,1750.878559,4824.442886,4824.442886,4824.442886,4824.442886,4824.442886
8/24/1986,1792.038422,2180.071991,1955.920489,1817.496047,1746.274719,1955.920489,4148.843724,3645.303056,4696.054959,4067.347427,3985.525566,4696.054959,4229.046244,4677.673279,4696.054959,3835.837696,5218.568213,4696.054959,732.024004,727.8920691,0.001001968,0.001005531,0.001008742,0.001011081,1785.032967,1785.032967,1785.032967,4984.493033,4984.493033,4984.493033,4984.493033,4984.493033
8/25/1986,2001.960109,1587.430828,2228.544501,2258.576896,2180.071991,2228.544501,4976.980638,3370.594469,5762.431444,5061.079392,3645.303056,5762.431444,4999.276034,3985.525566,5762.431444,5094.124967,4677.673279,5762.431444,1030.330618,1024.215075,0.001001968,0.001005531,0.001008742,0.001011081,1775.291056,1775.291056,1775.291056,5139.635557,5139.635557,5139.635557,5139.635557,5139.635557
8/26/1986,1380.239515,1252.074117,1520.668145,1590.218991,1587.430828,1520.668145,3535.594879,3246.423542,4051.957543,3635.19007,3370.594469,4051.957543,3971.340944,3645.303056,4051.957543,4271.596544,3985.525566,4051.957543,685.7476374,681.9150252,0.001001968,0.001005531,0.001008742,0.001011081,1769.431364,1769.431364,1769.431364,5043.276119,5043.276119,5043.276119,5043.276119,5043.276119
8/27/1986,1065.863426,1057.922941,1157.984789,1252.620558,1252.074117,1157.984789,2663.732066,2985.620742,3014.462076,2778.985748,3246.423542,3014.462076,2948.758879,3370.594469,3014.462076,3497.713322,3645.303056,3014.462076,463.6256103,461.1888385,0.001001968,0.001005531,0.001008742,0.001011081,1705.87872,1705.87872,1705.87872,4936.110079,4936.110079,4936.110079,4936.110079,4936.110079
8/28/1986,980.3542143,1285.57236,1052.707532,1064.120335,1057.922941,1052.707532,2519.1708,2846.527658,2829.060065,2544.884208,2985.620742,2829.060065,2676.525155,3246.423542,2829.060065,2908.931985,3370.594469,2829.060065,367.3445727,365.4865602,0.001001968,0.001005531,0.001008742,0.001011081,1640.669547,1640.669547,1640.669547,4671.920728,4671.920728,4671.920728,4671.920728,4671.920728
8/29/1986,1201.101697,1243.817901,1324.074972,1288.581401,1285.57236,1324.074972,2896.733378,2796.45841,3313.559601,2890.971917,2846.527658,3313.559601,2992.712433,2985.620742,3313.559601,2913.951039,3246.423542,3313.559601,612.7655337,609.3994954,0.001001968,0.001005531,0.001008742,0.001011081,1595.193194,1595.193194,1595.193194,4384.047712,4384.047712,4384.047712,4384.047712,4384.047712
8/30/1986,1092.554993,1063.466823,1205.341295,1244.9683,1243.817901,1205.341295,2839.004327,2664.380505,3252.226841,2902.442262,2796.45841,3252.226841,2973.857511,2846.527658,3252.226841,3086.437307,2985.620742,3252.226841,568.8027187,565.7142099,0.001001968,0.001005531,0.001008742,0.001011081,1543.772824,1543.772824,1543.772824,3978.38518,3978.38518,3978.38518,3978.38518,3978.38518
8/31/1986,954.2532488,1019.314994,1040.208569,1064.27933,1063.466823,1040.208569,2381.799351,2571.987583,2700.06352,2425.275369,2664.380505,2700.06352,2533.887279,2796.45841,2700.06352,2698.862807,2846.527658,2700.06352,442.5367266,440.2283188,0.001001968,0.001005531,0.001008742,0.001011081,1437.322367,1437.322367,1437.322367,3751.063729,3751.063729,3751.063729,3751.063729,3751.063729
9/1/1986,923.8041719,995.0983458,1007.294856,1019.919615,1019.314994,1007.294856,2282.429159,2996.403984,2586.72204,2314.30356,2571.987583,2586.72204,2401.738684,2664.380505,2586.72204,2511.32031,2796.45841,2586.72204,431.9140103,429.669939,0.001001968,0.001005531,0.001008742,0.001011081,1295.40723,1295.40723,1295.40723,3386.378587,3386.378587,3386.378587,3386.378587,3386.378587
9/2/1986,902.2597206,967.8911493,984.900941,995.5541029,995.0983458,984.900941,2322.726148,3770.173094,2638.914368,2350.23816,2996.403984,2638.914368,2423.544421,2571.987583,2638.914368,2500.771044,2664.380505,2638.914368,428.9953938,426.7689603,0.001001968,0.001005531,0.001008742,0.001011081,1179.077048,1179.077048,1179.077048,3118.876844,3118.876844,3118.876844,3118.876844,3118.876844
9/3/1986,877.024923,945.2304559,957.6043153,967.5732898,967.8911493,957.6043153,2271.336179,3841.540392,2577.069686,2298.589758,3770.173094,2577.069686,2368.571042,2996.403984,2577.069686,2411.942789,2571.987583,2577.069686,420.0681419,417.8955523,0.001001968,0.001005531,0.001008742,0.001011081,1125.005076,1125.005076,1125.005076,2951.159976,2951.159976,2951.159976,2951.159976,2951.159976
9/4/1986,856.1298036,925.2905222,935.3337885,944.6523482,945.2304559,935.3337885,2193.322201,2936.608047,2489.373174,2219.829654,3841.540392,2489.373174,2288.187467,3770.173094,2489.373174,2361.276281,2996.403984,2489.373174,414.1871538,412.0499467,0.001001968,0.001005531,0.001008742,0.001011081,1097.376701,1097.376701,1097.376701,2848.251932,2848.251932,2848.251932,2848.251932,2848.251932
9/5/1986,861.1564571,916.5442059,937.4166407,916.6735351,925.2905222,937.4166407,2598.954293,2699.149516,2959.257218,2586.7387,2936.608047,2959.257218,2641.788038,3841.540392,2959.257218,2682.450756,3770.173094,2959.257218,400.3695358,398.3151794,0.001001968,0.001005531,0.001008742,0.001011081,1044.244285,1044.244285,1044.244285,2823.061605,2823.061605,2823.061605,2823.061605,2823.061605
9/6/1986,857.0621607,1013.109403,923.8941407,919.5321059,916.5442059,923.8941407,3405.014412,2534.762642,3894.136822,3395.550781,2699.149516,3894.136822,3372.105287,2936.608047,3894.136822,3376.494016,3841.540392,3894.136822,349.5249264,347.77182,0.001001968,0.001005531,0.001008742,0.001011081,991.9884458,991.9884458,991.9884458,2922.418086,2922.418086,2922.418086,2922.418086,2922.418086
9/7/1986,979.2107439,1085.797537,1062.582249,1019.710391,1013.109403,1062.582249,3446.304956,2409.879496,3952.762442,3399.682826,2534.762642,3952.762442,3406.062921,2699.149516,3952.762442,3463.484728,2936.608047,3952.762442,431.2479094,429.007865,0.001001968,0.001005531,0.001008742,0.001011081,974.9830223,974.9830223,974.9830223,3054.526479,3054.526479,3054.526479,3054.526479,3054.526479
9/8/1986,949.370513,895.3066206,1049.347961,1086.180302,1085.797537,1049.347961,2588.294164,2296.660858,2968.384019,2643.84618,2409.879496,2968.384019,2722.387669,2534.762642,2968.384019,2670.264337,2699.149516,2968.384019,517.3430098,514.5756585,0.001001968,0.001005531,0.001008742,0.001011081,981.4839803,981.4839803,981.4839803,3081.834002,3081.834002,3081.834002,3081.834002,3081.834002
9/9/1986,785.2998397,811.7345479,856.4428957,895.356985,895.3066206,856.4428957,2225.273955,2186.745281,2529.756422,2274.910031,2296.660858,2529.756422,2367.815526,2409.879496,2529.756422,2568.280199,2534.762642,2529.756422,379.1225519,377.1947946,0.001001968,0.001005531,0.001008742,0.001011081,971.5903898,971.5903898,971.5903898,3080.19635,3080.19635,3080.19635,3080.19635,3080.19635
9/10/1986,734.0256491,799.0767787,797.4499524,811.7940439,811.7345479,797.4499524,1955.666643,2135.563454,2209.22143,1982.054637,2186.745281,2209.22143,2066.354056,2296.660858,2209.22143,2187.566969,2409.879496,2209.22143,341.5026881,339.7965589,0.001001968,0.001005531,0.001008742,0.001011081,953.2289578,953.2289578,953.2289578,3055.600675,3055.600675,3055.600675,3055.600675,3055.600675
9/11/1986,725.0929713,779.1616044,789.934851,799.1548242,799.0767787,789.934851,1980.956594,2129.802117,2243.411237,2001.94905,2135.563454,2243.411237,2061.499658,2186.745281,2243.411237,2126.704475,2296.660858,2243.411237,349.3547575,347.6026491,0.001001968,0.001005531,0.001008742,0.001011081,932.897152,932.897152,932.897152,3023.26018,3023.26018,3023.26018,3023.26018,3023.26018
9/12/1986,707.2287566,733.6576286,770.9831818,779.2011078,779.1616044,770.9831818,1955.067168,2096.665187,2213.577092,1974.833594,2129.802117,2213.577092,2028.459794,2135.563454,2213.577092,2073.549254,2186.745281,2213.577092,344.6454951,342.9209809,0.001001968,0.001005531,0.001008742,0.001011081,913.245303,913.245303,913.245303,2919.050335,2919.050335,2919.050335,2919.050335,2919.050335
9/13/1986,662.665231,711.2335568,720.0512847,733.7762049,733.6576286,720.0512847,1842.906921,2160.294425,2081.06697,1866.546329,2096.665187,2081.06697,1913.933349,2129.802117,2081.06697,1994.765062,2135.563454,2081.06697,313.2363372,311.6944259,0.001001968,0.001005531,0.001008742,0.001011081,895.0208178,895.0208178,895.0208178,2684.262583,2684.262583,2684.262583,2684.262583,2684.262583
9/14/1986,661.2185708,761.0055461,717.9037817,711.3986287,711.2335568,717.9037817,1818.216949,2085.954632,2050.820121,1821.787577,2160.294425,2050.820121,1874.810681,2096.665187,2050.820121,1910.813567,2129.802117,2050.820121,310.4010505,308.8754944,0.001001968,0.001005531,0.001008742,0.001011081,856.8615911,856.8615911,856.8615911,2430.208508,2430.208508,2430.208508,2430.208508,2430.208508
9/15/1986,688.7470644,703.6135324,754.7681046,760.04401,761.0055461,754.7681046,1874.304574,2179.620379,2128.557136,1892.368959,2085.954632,2128.557136,1933.249952,2160.294425,2128.557136,1939.6542,2096.665187,2128.557136,358.0358821,356.232765,0.001001968,0.001005531,0.001008742,0.001011081,808.3675868,808.3675868,808.3675868,2305.199171,2305.199171,2305.199171,2305.199171,2305.199171
9/16/1986,627.5247382,677.0974503,682.7705124,704.0069972,703.6135324,682.7705124,1810.030367,2339.735074,2046.571675,1840.338713,2179.620379,2046.571675,1874.724035,2085.954632,2046.571675,1941.416073,2160.294425,2046.571675,303.4230507,301.9376524,0.001001968,0.001005531,0.001008742,0.001011081,773.9963058,773.9963058,773.9963058,2218.55573,2218.55573,2218.55573,2218.55573,2218.55573
9/17/1986,638.7115385,724.5046497,692.3498795,677.942285,677.0974503,692.3498795,1843.594987,2064.208582,2084.132669,1836.395785,2339.735074,2084.132669,1882.686534,2179.620379,2084.132669,1935.831565,2085.954632,2084.132669,295.3895693,293.9502334,0.001001968,0.001005531,0.001008742,0.001011081,750.8582866,750.8582866,750.8582866,2176.261732,2176.261732,2176.261732,2176.261732,2176.261732
9/18/1986,655.7163425,730.4161959,719.1899984,723.7298339,724.5046497,719.1899984,1832.448045,2103.021744,2082.018451,1848.45851,2064.208582,2082.018451,1893.142014,2339.735074,2082.018451,1881.516659,2179.620379,2082.018451,346.9811948,345.2430013,0.001001968,0.001005531,0.001008742,0.001011081,737.8659354,737.8659354,737.8659354,2141.166664,2141.166664,2141.166664,2141.166664,2141.166664
9/19/1986,674.7114931,801.7750591,735.1998815,730.824683,730.4161959,735.1998815,1999.24378,2119.541379,2266.598434,2004.21382,2103.021744,2266.598434,2015.860001,2064.208582,2266.598434,2019.152237,2339.735074,2266.598434,329.8455899,328.207436,0.001001968,0.001005531,0.001008742,0.001011081,725.4846633,725.4846633,725.4846633,2134.425392,2134.425392,2134.425392,2134.425392,2134.425392
9/20/1986,716.3169651,684.7462422,783.9599973,800.1988856,801.7750591,783.9599973,2118.03757,2205.607052,2412.785283,2143.569475,2119.541379,2412.785283,2145.653584,2103.021744,2412.785283,2147.871168,2064.208582,2412.785283,363.5112801,361.675898,0.001001968,0.001005531,0.001008742,0.001011081,727.813391,727.813391,727.813391,2167.422486,2167.422486,2167.422486,2167.422486,2167.422486
9/21/1986,621.2166776,674.9762893,678.9075934,685.7460755,684.7462422,678.9075934,1777.643778,2453.132782,2011.428977,1794.737972,2205.607052,2011.428977,1899.56176,2119.541379,2011.428977,1926.823683,2103.021744,2011.428977,317.5267102,315.9600086,0.001001968,0.001005531,0.001008742,0.001011081,731.3255497,731.3255497,731.3255497,2169.853847,2169.853847,2169.853847,2169.853847,2169.853847
9/22/1986,610.1581092,614.229493,667.2237494,676.127008,674.9762893,667.2237494,1770.864275,2143.815306,2005.70411,1789.489487,2453.132782,2005.70411,1829.278907,2205.607052,2005.70411,1928.966029,2119.541379,2005.70411,314.6983701,313.1480166,0.001001968,0.001005531,0.001008742,0.001011081,720.3524266,720.3524266,720.3524266,2167.073686,2167.073686,2167.073686,2167.073686,2167.073686
9/23/1986,556.7591953,570.068333,604.3578678,610.8632499,614.229493,604.3578678,1760.865296,3059.966643,1987.373334,1773.243142,2143.815306,1987.373334,1815.009352,2453.132782,1987.373334,1869.710736,2205.607052,1987.373334,267.1985004,265.9192979,0.001001968,0.001005531,0.001008742,0.001011081,709.0864045,709.0864045,709.0864045,2164.972812,2164.972812,2164.972812,2164.972812,2164.972812
9/24/1986,502.0281617,531.0338533,531.7050718,571.3501162,570.068333,531.7050718,1915.355673,3697.893038,2147.06167,1953.267268,3059.966643,2147.06167,1899.234493,2143.815306,2147.06167,1976.793968,2453.132782,2147.06167,164.607081,163.8866955,0.001001968,0.001005531,0.001008742,0.001011081,682.9833493,682.9833493,682.9833493,2176.182565,2176.182565,2176.182565,2176.182565,2176.182565
9/25/1986,577.6152875,856.7398994,606.4752468,531.2213919,531.0338533,606.4752468,2162.167347,3799.859141,2428.51931,2077.658581,3697.893038,2428.51931,2107.867918,3059.966643,2428.51931,2157.477666,2143.815306,2428.51931,160.6525897,159.9528216,0.001001968,0.001005531,0.001008742,0.001011081,659.7280102,659.7280102,659.7280102,2240.280282,2240.280282,2240.280282,2240.280282,2240.280282
9/26/1986,806.4651627,1167.657325,888.2475898,849.6383063,856.7398994,888.2475898,2242.130433,2979.926591,2548.607275,2222.149733,3799.859141,2548.607275,2235.144358,3697.893038,2548.607275,1928.647246,3059.966643,2548.607275,434.4744547,432.2148962,0.001001968,0.001005531,0.001008742,0.001011081,673.6299998,673.6299998,673.6299998,2244.510349,2244.510349,2244.510349,2244.510349,2244.510349
9/27/1986,1031.89353,829.5947147,1156.290387,1171.755524,1167.657325,1156.290387,3321.868433,2218.904647,3836.372557,3359.468661,2979.926591,3836.372557,3319.165226,3799.859141,3836.372557,3039.289511,3697.893038,3836.372557,626.8247845,623.3694157,0.001001968,0.001005531,0.001008742,0.001011081,714.8392069,714.8392069,714.8392069,2362.581636,2362.581636,2362.581636,2362.581636,2362.581636
9/28/1986,806.879452,1069.424354,873.5833416,833.8101208,829.5947147,873.5833416,3357.909696,1787.912291,3837.078553,3310.512252,2218.904647,3837.078553,3388.668791,2979.926591,3837.078553,3614.717499,3799.859141,3837.078553,355.5607339,353.7721789,0.001001968,0.001005531,0.001008742,0.001011081,734.8686737,734.8686737,734.8686737,2620.316135,2620.316135,2620.316135,2620.316135,2620.316135
9/29/1986,963.8694193,811.5796168,1079.342085,1070.21145,1069.424354,1079.342085,3240.412044,2445.2157,3747.330513,3245.005901,1787.912291,3747.330513,3312.767422,2218.904647,3747.330513,3259.07214,2979.926591,3747.330513,595.0563629,591.802454,0.001001968,0.001005531,0.001008742,0.001011081,789.929334,789.929334,789.929334,2869.934588,2869.934588,2869.934588,2869.934588,2869.934588
9/30/1986,671.1630009,411.1502541,741.6047382,812.1891606,811.5796168,741.6047382,2349.677936,783.7232317,2690.245762,2425.860226,2445.2157,2690.245762,2507.507004,1787.912291,2690.245762,2825.9918,2218.904647,2690.245762,383.5368769,381.5828987,0.001001968,0.001005531,0.001008742,0.001011081,822.6387876,822.6387876,822.6387876,2980.0424,2980.0424,2980.0424,2980.0424,2980.0424
10/1/1986,305.5670784,595.0388314,313.9172268,391.6976394,411.1502541,313.9172268,1287.198282,3098.257072,1405.285248,1359.95625,783.7232317,1405.285248,1435.354531,2445.2157,1405.285248,1823.201807,1787.912291,1405.285248,47.82103864,47.66232794,0.001001968,0.001005531,0.001008742,0.001011081,817.4719092,817.4719092,817.4719092,2965.657958,2965.657958,2965.657958,2965.657958,2965.657958
10/2/1986,777.4241426,1907.478307,808.0223974,601.8127501,595.0388314,808.0223974,1663.680145,6007.513765,1796.55801,1469.788649,3098.257072,1796.55801,1383.4322,783.7232317,1796.55801,1323.01715,2445.2157,1796.55801,137.7451898,137.1631525,0.001001968,0.001005531,0.001008742,0.001011081,808.7659297,808.7659297,808.7659297,2850.016979,2850.016979,2850.016979,2850.016979,2850.016979
10/3/1986,1486.487078,2532.281656,1632.445825,1424.843004,1907.478307,1632.445825,3160.758361,6670.806572,3612.644006,2993.076623,6007.513765,3612.644006,2843.029526,3098.257072,3612.644006,2251.00266,783.7232317,3612.644006,709.8509619,705.8627667,0.001001968,0.001005531,0.001008742,0.001011081,861.6279915,861.6279915,861.6279915,2887.974075,2887.974075,2887.974075,2887.974075,2887.974075
10/4/1986,3027.35166,3307.24796,3222.924258,2735.963556,2532.281656,3222.924258,3635.326306,5500.449291,3904.366551,3290.85704,6670.806572,3904.366551,2458.761949,6007.513765,3904.366551,1422.011049,3098.257072,3904.366551,581.1218757,577.955881,0.001001968,0.001005531,0.001008742,0.001011081,971.4339325,971.4339325,971.4339325,2708.672135,2708.672135,2708.672135,2708.672135,2708.672135
10/5/1986,3815.408559,4721.716555,4127.091504,3480.132135,3307.24796,4127.091504,5631.694521,4666.777517,6308.663717,5117.827414,5500.449291,6308.663717,5108.68404,6670.806572,6308.663717,3868.237748,6007.513765,6308.663717,1276.568951,1268.758943,0.001001968,0.001005531,0.001008742,0.001011081,1305.342548,1305.342548,1305.342548,2833.234753,2833.234753,2833.234753,2833.234753,2833.234753
10/6/1986,3775.45832,2447.607146,4388.504701,4740.099077,4721.716555,4388.504701,6907.895869,3639.90246,8292.789202,7453.100701,4666.777517,8292.789202,7925.342392,5500.449291,8292.789202,6695.675376,6670.806572,8292.789202,2646.983717,2629.14594,0.001001968,0.001005531,0.001008742,0.001011081,1816.417289,1816.417289,1816.417289,3231.229612,3231.229612,3231.229612,3231.229612,3231.229612
10/7/1986,1752.111699,1227.280055,1934.506696,2452.524076,2447.607146,1934.506696,4485.217979,2847.632385,5173.23754,5036.973638,3639.90246,5173.23754,5637.666269,4666.777517,5173.23754,7508.91162,5500.449291,5173.23754,871.0437253,865.9981684,0.001001968,0.001005531,0.001008742,0.001011081,2113.193602,2113.193602,2113.193602,3773.207595,3773.207595,3773.207595,3773.207595,3773.207595
10/8/1986,1013.115248,1178.558646,1056.34041,1230.353776,1227.280055,1056.34041,1661.732711,2595.980245,1768.266205,1854.849547,2847.632385,1768.266205,2443.707737,3639.90246,1768.266205,3646.351923,4666.777517,1768.266205,215.9579285,214.9630767,0.001001968,0.001005531,0.001008742,0.001011081,2300.444792,2300.444792,2300.444792,4174.953537,4174.953537,4174.953537,4174.953537,4174.953537
10/9/1986,1028.502453,1082.039601,1099.571792,1178.35627,1178.558646,1099.571792,2442.239959,2489.079777,2746.618773,2534.935231,2595.980245,2746.618773,2771.711855,2847.632385,2746.618773,3251.042149,3639.90246,2746.618773,364.5785807,362.7369011,0.001001968,0.001005531,0.001008742,0.001011081,2424.688106,2424.688106,2424.688106,4435.180461,4435.180461,4435.180461,4435.180461,4435.180461
10/10/1986,955.6298252,1007.106909,1026.161338,1084.367317,1082.039601,1026.161338,2511.249614,2441.981791,2831.157437,2579.265989,2489.079777,2831.157437,2709.146484,2595.980245,2831.157437,2950.754701,2847.632385,2831.157437,365.0413061,363.1968955,0.001001968,0.001005531,0.001008742,0.001011081,2425.130638,2425.130638,2425.130638,4485.294982,4485.294982,4485.294982,4485.294982,4485.294982
10/11/1986,918.8118847,1002.686359,988.1919643,1008.620369,1007.106909,988.1919643,2175.909154,3215.169502,2440.888182,2211.383498,2441.981791,2440.888182,2323.784823,2489.079777,2440.888182,2456.848068,2595.980245,2440.888182,362.6420813,360.811826,0.001001968,0.001005531,0.001008742,0.001011081,2319.053653,2319.053653,2319.053653,4568.951927,4568.951927,4568.951927,4568.951927,4568.951927
10/12/1986,902.3632573,1042.827557,977.8339691,1003.152852,1002.686359,977.8339691,2114.076444,3252.878705,2380.727842,2157.223651,3215.169502,2380.727842,2243.355388,2441.981791,2380.727842,2311.076186,2489.079777,2380.727842,395.6665048,393.6402558,0.001001968,0.001005531,0.001008742,0.001011081,2005.688767,2005.688767,2005.688767,4228.943596,4228.943596,4228.943596,4228.943596,4228.943596
10/13/1986,870.755864,1373.935889,937.5220551,924.6125751,1042.827557,937.5220551,2109.41925,3251.686214,2364.614521,2110.804606,3252.878705,2364.614521,2188.384522,3215.169502,2364.614521,2267.692752,2441.981791,2364.614521,354.5258448,352.743374,0.001001968,0.001005531,0.001008742,0.001011081,1479.480749,1479.480749,1479.480749,3628.286407,3628.286407,3628.286407,3628.286407,3628.286407
10/14/1986,1445.380021,2118.794295,1564.239024,1388.890938,1373.935889,1564.239024,2762.476311,3044.715111,3095.763799,2632.625485,3251.686214,3095.763799,2569.809641,3252.878705,3095.763799,2216.753616,3215.169502,3095.763799,549.0824223,546.1174764,0.001001968,0.001005531,0.001008742,0.001011081,1237.766167,1237.766167,1237.766167,3046.009992,3046.009992,3046.009992,3046.009992,3046.009992
10/15/1986,1975.791573,1596.667171,2212.296388,2174.046741,2118.794295,2212.296388,3889.482284,2638.587083,4505.710053,3925.922333,3044.715111,4505.710053,3845.290066,3251.686214,4505.710053,3273.872687,3252.878705,4505.710053,1083.422413,1076.945397,0.001001968,0.001005531,0.001008742,0.001011081,1255.389912,1255.389912,1255.389912,2836.290398,2836.290398,2836.290398,2836.290398,2836.290398
10/16/1986,1369.29824,1133.420864,1517.301817,1610.418141,1596.667171,1517.301817,3012.437517,2343.261325,3455.658477,3146.069854,2638.587083,3455.658477,3402.354549,3044.715111,3455.658477,3609.560007,3251.686214,3455.658477,723.9283606,719.8489741,0.001001968,0.001005531,0.001008742,0.001011081,1309.558899,1309.558899,1309.558899,2846.460794,2846.460794,2846.460794,2846.460794,2846.460794
10/17/1986,955.6685534,915.2670488,1037.150264,1131.122242,1133.420864,1037.150264,2107.267667,2140.197342,2362.544434,2224.661559,2343.261325,2362.544434,2442.998365,2638.587083,2362.544434,2926.650175,3044.715111,2362.544434,420.869257,418.6918421,0.001001968,0.001005531,0.001008742,0.001011081,1325.746666,1325.746666,1325.746666,2911.147148,2911.147148,2911.147148,2911.147148,2911.147148
10/18/1986,810.8997465,892.6576258,869.3532964,917.0202192,915.2670488,869.3532964,1924.97474,2017.834857,2143.560384,1987.126975,2140.197342,2143.560384,2124.258832,2343.261325,2143.560384,2431.94584,2638.587083,2143.560384,307.0971793,305.5906536,0.001001968,0.001005531,0.001008742,0.001011081,1317.269733,1317.269733,1317.269733,2936.112589,2936.112589,2936.112589,2936.112589,2936.112589
10/19/1986,810.2572866,827.7562356,873.7377485,893.5125489,892.6576258,873.7377485,1934.672282,1940.166521,2168.998051,1969.411008,2017.834857,2168.998051,2057.022725,2140.197342,2168.998051,2190.58461,2343.261325,2168.998051,334.2456683,332.581897,0.001001968,0.001005531,0.001008742,0.001011081,1303.393565,1303.393565,1303.393565,2923.341522,2923.341522,2923.341522,2923.341522,2923.341522
10/20/1986,749.6438561,781.2448871,808.4746479,827.4580416,827.7562356,808.4746479,1864.390481,1855.746506,2090.581781,1896.147524,1940.166521,2090.581781,1975.376019,2017.834857,2090.581781,2072.415746,2140.197342,2090.581781,313.6427702,312.0985126,0.001001968,0.001005531,0.001008742,0.001011081,1290.516671,1290.516671,1290.516671,2887.637223,2887.637223,2887.637223,2887.637223,2887.637223
10/21/1986,710.7958973,739.2285573,766.0813042,780.8447417,781.2448871,766.0813042,1746.357993,1820.164592,1953.501588,1773.703803,1855.746506,1953.501588,1837.200427,1940.166521,1953.501588,1921.305494,2017.834857,1953.501588,297.0513626,295.6025134,0.001001968,0.001005531,0.001008742,0.001011081,1228.939521,1228.939521,1228.939521,2815.130746,2815.130746,2815.130746,2815.130746,2815.130746
10/22/1986,685.9494811,756.4393716,737.1923663,738.7741565,739.2285573,737.1923663,1680.444718,2272.681402,1875.858755,1693.56216,1820.164592,1875.858755,1746.682214,1855.746506,1875.858755,1816.855575,1940.166521,1875.858755,277.4413846,276.1042795,0.001001968,0.001005531,0.001008742,0.001011081,1064.813709,1064.813709,1064.813709,2595.306666,2595.306666,2595.306666,2595.306666,2595.306666
10/23/1986,683.8611713,706.6946442,738.4880838,748.6905782,756.4393716,738.4880838,1662.429731,2765.144883,1861.264361,1685.592966,2272.681402,1861.264361,1728.693476,1820.164592,1861.264361,1753.696216,1855.746506,1861.264361,295.8188252,294.3770327,0.001001968,0.001005531,0.001008742,0.001011081,922.4906916,922.4906916,922.4906916,2350.688504,2350.688504,2350.688504,2350.688504,2350.688504
10/24/1986,651.4344986,734.5504312,700.5483565,710.0813131,706.6946442,700.5483565,1603.122366,2965.673395,1789.22639,1624.034504,2765.144883,1789.22639,1669.376942,2272.681402,1789.22639,1719.494255,1820.164592,1789.22639,265.9704225,264.6981401,0.001001968,0.001005531,0.001008742,0.001011081,841.7695228,841.7695228,841.7695228,2141.592834,2141.592834,2141.592834,2141.592834,2141.592834
10/25/1986,635.4132892,1024.455056,684.8849908,693.237324,734.5504312,684.8849908,1559.874142,2909.276672,1742.652303,1579.905878,2965.673395,1742.652303,1627.858385,2765.144883,1742.652303,1662.542213,2272.681402,1742.652303,270.1715188,268.8755439,0.001001968,0.001005531,0.001008742,0.001011081,797.6795484,797.6795484,797.6795484,2010.348143,2010.348143,2010.348143,2010.348143,2010.348143
10/26/1986,868.7344893,1459.647752,947.8442003,902.8855456,1024.455056,947.8442003,2258.419388,2655.061812,2564.176305,2232.834224,2909.276672,2564.176305,2247.717107,2965.673395,2564.176305,2051.414779,2765.144883,2564.176305,402.5371487,400.4698217,0.001001968,0.001005531,0.001008742,0.001011081,787.1404299,787.1404299,787.1404299,2007.183353,2007.183353,2007.183353,2007.183353,2007.183353
10/27/1986,1397.150235,1305.107383,1556.577034,1524.078165,1459.647752,1556.577034,3240.070327,2230.65659,3728.990492,3257.954731,2655.061812,3728.990492,3190.071486,2909.276672,3728.990492,2708.11222,2965.673395,3728.990492,723.9872319,719.9074636,0.001001968,0.001005531,0.001008742,0.001011081,855.4482857,855.4482857,855.4482857,2130.571428,2130.571428,2130.571428,2130.571428,2130.571428
10/28/1986,1241.05116,1057.892711,1377.061702,1349.383946,1305.107383,1377.061702,2998.757851,1978.994527,3446.555751,3006.556411,2230.65659,3446.555751,3129.427807,2655.061812,3446.555751,3199.724082,2909.276672,3446.555751,648.0313488,644.4407303,0.001001968,0.001005531,0.001008742,0.001011081,937.0983561,937.0983561,937.0983561,2304.357073,2304.357073,2304.357073,2304.357073,2304.357073
10/29/1986,952.6538836,868.457899,1052.519296,1064.200276,1057.892711,1052.519296,2218.289782,1996.364508,2528.812031,2257.58287,1978.994527,2528.812031,2424.935427,2230.65659,2528.812031,2688.632328,2655.061812,2528.812031,505.2207696,502.528453,0.001001968,0.001005531,0.001008742,0.001011081,993.9362673,993.9362673,993.9362673,2443.594104,2443.594104,2443.594104,2443.594104,2443.594104
10/30/1986,746.2520631,694.7929346,814.5158345,869.5962862,868.457899,814.5158345,1825.762138,1841.27098,2057.118051,1898.66016,1996.364508,2057.118051,1980.903216,1978.994527,2057.118051,2266.686547,2230.65659,2057.118051,355.9894918,354.1984152,0.001001968,0.001005531,0.001008742,0.001011081,1015.411848,1015.411848,1015.411848,2524.394458,2524.394458,2524.394458,2524.394458,2524.394458
10/31/1986,624.6768419,672.005745,671.5846497,695.2338744,694.7929346,671.5846497,1557.364415,1788.962397,1731.668709,1592.980226,1841.27098,1731.668709,1685.676122,1996.364508,1731.668709,1844.954397,1978.994527,1731.668709,249.2715774,248.0929017,0.001001968,0.001005531,0.001008742,0.001011081,1020.402401,1020.402401,1020.402401,2560.564221,2560.564221,2560.564221,2560.564221,2560.564221
11/1/1986,613.2801218,647.6736576,661.8067295,672.1098162,672.005745,661.8067295,1539.115447,2380.610587,1720.145446,1561.481069,1788.962397,1720.145446,1622.640414,1841.27098,1720.145446,1711.315127,1996.364508,1720.145446,259.4411114,258.2055392,0.001001968,0.001005531,0.001008742,0.001011081,1019.538284,1019.538284,1019.538284,2569.82972,2569.82972,2569.82972,2569.82972,2569.82972
11/2/1986,590.1300834,602.3957721,637.3057475,647.5473091,647.6736576,637.3057475,1650.897532,3323.80369,1854.983486,1669.88937,2380.610587,1854.983486,1712.665854,1788.962397,1854.983486,1772.202539,1841.27098,1854.983486,253.8721629,252.6677907,0.001001968,0.001005531,0.001008742,0.001011081,990.6639669,990.6639669,990.6639669,2508.839237,2508.839237,2508.839237,2508.839237,2508.839237
11/3/1986,549.2006488,585.9696603,590.928207,601.921129,602.3957721,590.928207,1539.366067,3306.483331,1720.884626,1557.966167,3323.80369,1720.884626,1596.56363,2380.610587,1720.884626,1665.44067,1788.962397,1720.884626,226.5216912,225.4689933,0.001001968,0.001005531,0.001008742,0.001011081,886.5174816,886.5174816,886.5174816,2333.165943,2333.165943,2333.165943,2333.165943,2333.165943
11/4/1986,570.1432943,690.5175616,612.0330215,585.7002691,585.9696603,612.0330215,1548.117786,3128.510607,1729.112902,1529.548991,3306.483331,1729.112902,1569.190815,3323.80369,1729.112902,1603.755371,2380.610587,1729.112902,228.4721594,227.4087345,0.001001968,0.001005531,0.001008742,0.001011081,775.4483357,775.4483357,775.4483357,2117.913988,2117.913988,2117.913988,2117.913988,2117.913988
11/5/1986,614.3125592,840.9250132,669.4246678,674.9899004,690.5175616,669.4246678,2136.124101,2067.526056,2436.702395,2143.697481,3128.510607,2436.702395,2146.236798,3306.483331,2436.702395,2120.616397,3323.80369,2436.702395,298.2098758,296.7543897,0.001001968,0.001005531,0.001008742,0.001011081,703.4373412,703.4373412,703.4373412,2037.756958,2037.756958,2037.756958,2037.756958,2037.756958
11/6/1986,801.8889376,1220.128907,868.8792702,842.8064496,840.9250132,868.8792702,3285.309411,3368.102534,3759.475354,3254.593419,2067.526056,3759.475354,3164.002937,3128.510607,3759.475354,2984.623913,3306.483331,3759.475354,342.7104182,340.9972269,0.001001968,0.001005531,0.001008742,0.001011081,679.1289653,679.1289653,679.1289653,2179.065423,2179.065423,2179.065423,2179.065423,2179.065423
11/7/1986,1117.160182,1349.296637,1218.835006,1126.760845,1220.128907,1218.835006,3464.61194,6830.30893,3964.918807,3381.250595,3368.102534,3964.918807,3306.942188,2067.526056,3964.918807,3155.881942,3128.510607,3964.918807,507.5145953,504.8080991,0.001001968,0.001005531,0.001008742,0.001011081,714.6031674,714.6031674,714.6031674,2388.716253,2388.716253,2388.716253,2388.716253,2388.716253
11/8/1986,997.1005928,1740.231334,1053.402313,1034.137997,1349.296637,1053.402313,3182.484585,8020.245634,3561.478903,3170.915967,6830.30893,3561.478903,3088.963746,3368.102534,3561.478903,3029.999769,2067.526056,3561.478903,232.9311895,231.8431879,0.001001968,0.001005531,0.001008742,0.001011081,749.0438629,749.0438629,749.0438629,2631.48811,2631.48811,2631.48811,2631.48811,2631.48811
11/9/1986,3382.120228,5969.570936,3472.208146,1882.37888,1740.231334,3472.208146,4631.688343,8664.496694,4844.26857,3119.643859,8020.245634,4844.26857,2490.172704,6830.30893,4844.26857,2100.866627,3368.102534,4844.26857,120.1110566,119.6174577,0.001001968,0.001005531,0.001008742,0.001011081,835.2764713,835.2764713,835.2764713,2780.531813,2780.531813,2780.531813,2780.531813,2780.531813
11/10/1986,5904.238607,5921.152764,6665.069036,6099.329051,5969.570936,6665.069036,7734.460924,6939.311904,9065.143763,7467.495397,8664.496694,9065.143763,6803.383764,8020.245634,9065.143763,3449.160706,6830.30893,9065.143763,3117.254867,3095.813934,0.001001968,0.001005531,0.001008742,0.001011081,1425.927047,1425.927047,1425.927047,3145.757152,3145.757152,3145.757152,3145.757152,3145.757152
11/11/1986,4353.726471,3392.631842,5034.593816,5938.067019,5921.152764,5034.593816,8727.409103,5192.339263,10452.41594,9827.343765,6939.311904,10452.41594,10187.02139,8664.496694,10452.41594,9349.899033,8020.245634,10452.41594,2889.859154,2870.168654,0.001001968,0.001005531,0.001008742,0.001011081,2155.471135,2155.471135,2155.471135,4103.47566,4103.47566,4103.47566,4103.47566,4103.47566
11/12/1986,2608.917602,2201.535619,2891.471202,3402.612679,3392.631842,2891.471202,5393.91251,4108.028999,6212.363058,5990.764885,5192.339263,6212.363058,7085.344618,6939.311904,6212.363058,8547.081402,8664.496694,6212.363058,1259.979392,1252.284911,0.001001968,0.001005531,0.001008742,0.001011081,2673.583474,2673.583474,2673.583474,5109.750079,5109.750079,5109.750079,5109.750079,5109.750079
11/13/1986,1895.494647,1831.519318,2039.040653,2208.326852,2201.535619,2039.040653,4375.281264,3478.505397,4941.101805,4575.9971,4108.028999,4941.101805,5247.4334,5192.339263,4941.101805,6875.5197,6939.311904,4941.101805,667.3319094,663.6176825,0.001001968,0.001005531,0.001008742,0.001011081,2967.570562,2967.570562,2967.570562,5752.057784,5752.057784,5752.057784,5752.057784,5752.057784
11/14/1986,1616.71605,1710.072492,1750.952017,1834.087665,1831.519318,1750.952017,3739.998858,3551.053109,4237.960679,3852.924797,3478.505397,4237.960679,4280.020908,4108.028999,4237.960679,5006.522801,5192.339263,4237.960679,644.5429653,640.9746359,0.001001968,0.001005531,0.001008742,0.001011081,3134.196048,3134.196048,3134.196048,6011.593781,6011.593781,6011.593781,6011.593781,6011.593781
11/15/1986,1512.947283,1570.800475,1647.732255,1711.531243,1710.072492,1647.732255,3481.996796,5322.786084,3957.048869,3577.203776,3551.053109,3957.048869,3794.863787,3478.505397,3957.048869,4201.903515,4108.028999,3957.048869,654.5225547,650.8904178,0.001001968,0.001005531,0.001008742,0.001011081,3261.971414,3261.971414,3261.971414,6098.736179,6098.736179,6098.736179,6098.736179,6098.736179
11/16/1986,1401.506648,1464.5502,1524.183244,1571.400808,1570.800475,1524.183244,3022.301939,8345.856946,3418.162135,3102.463742,5322.786084,3418.162135,3274.352982,3551.053109,3418.162135,3502.44897,3478.505397,3418.162135,602.9103596,599.6067761,0.001001968,0.001005531,0.001008742,0.001011081,3317.301584,3317.301584,3317.301584,6195.523975,6195.523975,6195.523975,6195.523975,6195.523975
11/17/1986,1337.516667,1650.04617,1447.846786,1454.675858,1464.5502,1447.846786,2736.687365,9382.366542,3074.80295,2776.307136,8345.856946,3074.80295,2914.361044,5322.786084,3074.80295,3089.436044,3551.053109,3074.80295,546.6033342,543.6538794,0.001001968,0.001005531,0.001008742,0.001011081,2854.273848,2854.273848,2854.273848,6039.070129,6039.070129,6039.070129,6039.070129,6039.070129
11/18/1986,1481.802062,2992.400988,1601.407935,1549.948223,1650.04617,1601.407935,3108.331359,11494.44344,3498.676735,3090.577318,9382.366542,3498.676735,3112.486314,8345.856946,3498.676735,3165.202958,5322.786084,3498.676735,574.4451114,571.3211406,0.001001968,0.001005531,0.001008742,0.001011081,2251.467893,2251.467893,2251.467893,5319.575376,5319.575376,5319.575376,5319.575376,5319.575376
11/19/1986,2783.361204,2887.488789,3096.598429,3015.099548,2992.400988,3096.598429,6331.671283,8958.661846,7336.064109,6356.71115,11494.44344,7336.064109,5946.051595,9382.366542,7336.064109,4915.072303,8345.856946,7336.064109,1297.448057,1289.49239,0.001001968,0.001005531,0.001008742,0.001011081,1979.397369,1979.397369,1979.397369,4765.979165,4765.979165,4765.979165,4765.979165,4765.979165
11/20/1986,2637.469042,5123.476273,2897.495643,2862.529407,2887.488789,2897.495643,8443.233443,7597.694914,9845.456056,8426.431458,8958.661846,9845.456056,8486.141983,11494.44344,9845.456056,8346.845812,9382.366542,9845.456056,1119.724138,1112.998681,0.001001968,0.001005531,0.001008742,0.001011081,1982.052011,1982.052011,1982.052011,4947.632965,4947.632965,4947.632965,4947.632965,4947.632965
11/21/1986,4444.859303,3525.820844,5262.200563,5120.591186,5123.476273,5262.200563,11223.17657,6730.478694,13483.87783,11361.01039,7597.694914,13483.87783,11971.77801,8958.661846,13483.87783,9102.653141,11494.44344,13483.87783,3265.681478,3243.09031,0.001001968,0.001005531,0.001008742,0.001011081,2391.992123,2391.992123,2391.992123,5730.898405,5730.898405,5730.898405,5730.898405,5730.898405
11/22/1986,3132.150558,2802.295332,3555.16234,3543.11889,3525.820844,3555.16234,10783.00396,7637.125635,12719.48824,10845.69229,6730.478694,12719.48824,11270.74199,7597.694914,12719.48824,13099.36624,8958.661846,12719.48824,1829.282796,1817.530961,0.001001968,0.001005531,0.001008742,0.001011081,2655.161501,2655.161501,2655.161501,6885.698412,6885.698412,6885.698412,6885.698412,6885.698412
11/23/1986,2448.103757,2450.965246,2748.001568,2794.06918,2802.295332,2748.001568,4962.679191,6421.547326,5699.435146,5116.270932,7637.125635,5699.435146,5615.625602,6730.478694,5699.435146,6514.901343,7597.694914,5699.435146,1347.310789,1339.006113,0.001001968,0.001005531,0.001008742,0.001011081,2852.494478,2852.494478,2852.494478,7587.406397,7587.406397,7587.406397,7587.406397,7587.406397
11/24/1986,2247.001951,2310.983951,2474.35285,2445.53916,2450.965246,2474.35285,5435.804043,8036.564288,6197.661684,5475.45913,6421.547326,6197.661684,5672.968091,7637.125635,6197.661684,6294.977524,6730.478694,6197.661684,1024.130228,1018.056751,0.001001968,0.001005531,0.001008742,0.001011081,2991.034525,2991.034525,2991.034525,8118.53992,8118.53992,8118.53992,8118.53992,8118.53992
11/25/1986,2231.709808,3243.016667,2413.180906,2276.116158,2310.983951,2413.180906,5370.224422,13125.50677,6060.542216,5280.898587,8036.564288,6060.542216,5381.864354,6421.547326,6060.542216,5719.722186,7637.125635,6060.542216,831.6250248,826.8405867,0.001001968,0.001005531,0.001008742,0.001011081,3100.872651,3100.872651,3100.872651,8546.159084,8546.159084,8546.159084,8546.159084,8546.159084
11/26/1986,2593.727079,3154.182767,2798.049821,2622.802011,3243.016667,2798.049821,7131.816356,14591.38462,8109.787465,6995.598645,13125.50677,8109.787465,6874.627618,8036.564288,8109.787465,6641.35984,6421.547326,8109.787465,907.4427379,902.1547138,0.001001968,0.001005531,0.001008742,0.001011081,3102.870652,3102.870652,3102.870652,8865.587704,8865.587704,8865.587704,8865.587704,8865.587704
11/27/1986,5752.195311,8021.058976,5876.77507,3346.928808,3154.182767,5876.77507,10561.08386,14526.36411,11358.75717,8146.011968,14591.38462,11358.75717,7155.276628,13125.50677,11358.75717,6640.784231,8036.564288,11358.75717,0.001000564,0.001006515,0.001001968,0.001005531,0.001008742,0.001011081,3046.723284,3046.723284,3046.723284,8688.57782,8688.57782,8688.57782,8688.57782,8688.57782
11/28/1986,9885.80683,15409.12472,10601.89512,8206.370076,8021.058976,10601.89512,14713.39326,15961.43791,16448.70909,12602.11104,14526.36411,16448.70909,11002.98817,14591.38462,16448.70909,7932.583881,13125.50677,16448.70909,2825.048438,2805.854096,0.001001968,0.001005531,0.001008742,0.001011081,3181.93463,3181.93463,3181.93463,8561.690383,8561.690383,8561.690383,8561.690383,8561.690383
11/29/1986,11769.06286,7484.782543,13918.19287,15438.2977,15409.12472,13918.19287,19233.2375,14265.31853,23655.1633,21455.51487,15961.43791,23655.1633,21470.6046,14526.36411,23655.1633,14389.09636,14591.38462,23655.1633,8293.472543,8229.520705,0.001001968,0.001005531,0.001008742,0.001011081,4574.835694,4574.835694,4574.835694,9027.155737,9027.155737,9027.155737,9027.155737,9027.155737
11/30/1986,5141.266185,3813.095937,5628.814765,7504.264381,7484.782543,5628.814765,11942.28944,15395.62352,13824.46419,13909.66364,14265.31853,13824.46419,15868.18779,15961.43791,13824.46419,20585.79025,14526.36411,13824.46419,2067.801959,2054.30201,0.001001968,0.001005531,0.001008742,0.001011081,5447.414965,5447.414965,5447.414965,10407.91585,10407.91585,10407.91585,10407.91585,10407.91585
12/1/1986,3136.776682,4327.209819,3231.216682,3827.034999,3813.095937,3231.216682,3807.811544,12916.89459,3957.57951,4469.971962,15395.62352,3957.57951,6507.532099,14265.31853,3957.57951,9991.412294,15961.43791,3957.57951,374.3027579,372.4035798,0.001001968,0.001005531,0.001008742,0.001011081,5918.363901,5918.363901,5918.363901,11482.85098,11482.85098,11482.85098,11482.85098,11482.85098
12/2/1986,3340.105309,6086.376604,3580.475866,3840.859464,4327.209819,3580.475866,8923.125239,12301.36123,10229.34808,9198.98927,12916.89459,10229.34808,9959.083716,15395.62352,10229.34808,11434.75193,14265.31853,10229.34808,1059.938278,1053.621434,0.001001968,0.001005531,0.001008742,0.001011081,6238.020768,6238.020768,6238.020768,12306.36351,12306.36351,12306.36351,12306.36351,12306.36351
12/3/1986,5939.110056,6630.679657,6612.540631,6218.819138,6086.376604,6612.540631,14187.34376,11353.28217,16544.1494,14025.8314,12301.36123,16544.1494,14156.07679,12916.89459,16544.1494,12182.03897,15395.62352,16544.1494,2563.355927,2546.151779,0.001001968,0.001005531,0.001008742,0.001011081,6732.045926,6732.045926,6732.045926,13006.9256,13006.9256,13006.9256,13006.9256,13006.9256
12/4/1986,6747.072201,7255.699687,7424.028727,6779.653138,6630.679657,7424.028727,16292.45422,10323.29602,18960.84372,15820.42861,11353.28217,18960.84372,15702.50825,12301.36123,18960.84372,15853.27194,12916.89459,18960.84372,2669.026313,2651.021147,0.001001968,0.001005531,0.001008742,0.001011081,7271.53449,7271.53449,7271.53449,14164.25539,14164.25539,14164.25539,14164.25539,14164.25539
12/5/1986,6401.330928,5882.298147,7208.193434,7289.187163,7255.699687,7208.193434,11345.39618,11084.27419,13262.06643,11700.5594,10323.29602,13262.06643,12355.91883,11353.28217,13262.06643,11697.44763,12301.36123,13262.06643,3295.333483,3272.511829,0.001001968,0.001005531,0.001008742,0.001011081,7450.912671,7450.912671,7450.912671,14651.69059,14651.69059,14651.69059,14651.69059,14651.69059
12/6/1986,4844.279854,4387.485446,5379.505475,5903.828005,5882.298147,5379.505475,9500.744159,10526.87483,10991.81663,10189.86945,11084.27419,10991.81663,10913.02648,10323.29602,10991.81663,12252.25282,11353.28217,10991.81663,2251.61827,2236.754972,0.001001968,0.001005531,0.001008742,0.001011081,6418.060956,6418.060956,6418.060956,14197.4022,14197.4022,14197.4022,14197.4022,14197.4022
12/7/1986,3817.122468,4008.202112,4141.497116,4402.908069,4387.485446,4141.497116,7029.748634,10508.23065,7944.081128,7400.813653,10526.87483,7944.081128,8272.491093,11084.27419,7944.081128,9642.949079,10323.29602,7944.081128,1398.540206,1389.875318,0.001001968,0.001005531,0.001008742,0.001011081,5829.021478,5829.021478,5829.021478,13139.80706,13139.80706,13139.80706,13139.80706,13139.80706
12/8/1986,3564.61647,3952.041626,3877.286748,4016.835806,4008.202112,3877.286748,6871.732253,9586.875519,7800.085421,7109.368796,10508.23065,7800.085421,7678.888336,10526.87483,7800.085421,8505.530241,11084.27419,7800.085421,1362.925423,1354.511127,0.001001968,0.001005531,0.001008742,0.001011081,5624.738779,5624.738779,5624.738779,12383.52876,12383.52876,12383.52876,12383.52876,12383.52876
12/9/1986,3483.20654,4319.212356,3802.842741,3893.776339,3952.041626,3802.842741,8625.545279,9095.809648,9929.116873,8781.737726,9586.875519,9929.116873,9135.739989,10508.23065,9929.116873,9523.022153,10526.87483,9929.116873,1397.019534,1388.365362,0.001001968,0.001005531,0.001008742,0.001011081,5559.48391,5559.48391,5559.48391,12083.43169,12083.43169,12083.43169,12083.43169,12083.43169
12/10/1986,4061.996849,4379.996685,4447.496702,4324.995607,4319.212356,4447.496702,9650.638018,8378.937005,11105.61791,9635.64368,9095.809648,11105.61791,9759.938147,9586.875519,11105.61791,9559.800486,10508.23065,11105.61791,1615.756808,1605.54749,0.001001968,0.001005531,0.001008742,0.001011081,5320.525473,5320.525473,5320.525473,11747.91415,11747.91415,11747.91415,11747.91415,11747.91415
12/11/1986,4044.902264,4230.696396,4426.004841,4400.010743,4379.996685,4426.004841,9475.436845,7633.764199,10906.54682,9545.274619,8378.937005,10906.54682,9734.542543,9095.809648,10906.54682,9851.119984,9586.875519,10906.54682,1621.355043,1611.105577,0.001001968,0.001005531,0.001008742,0.001011081,5053.106106,5053.106106,5053.106106,10979.51812,10979.51812,10979.51812,10979.51812,10979.51812
12/12/1986,3759.04605,3768.302363,4147.796119,4238.515141,4230.696396,4147.796119,7988.059883,7097.390943,9197.496601,8189.518524,7633.764199,9197.496601,8685.298583,8378.937005,9197.496601,8753.434355,9095.809648,9197.496601,1684.017731,1673.317765,0.001001968,0.001005531,0.001008742,0.001011081,4651.637618,4651.637618,4651.637618,10449.05436,10449.05436,10449.05436,10449.05436,10449.05436
12/13/1986,3303.36211,3354.564535,3622.968563,3774.068885,3768.302363,3622.968563,7150.413862,6708.437697,8200.258532,7388.485813,7097.390943,8200.258532,7796.28263,7633.764199,8200.258532,8489.591433,8378.937005,8200.258532,1405.366298,1396.653291,0.001001968,0.001005531,0.001008742,0.001011081,4329.762987,4329.762987,4329.762987,9940.775236,9940.775236,9940.775236,9940.775236,9940.775236
12/14/1986,2988.557642,3157.857406,3258.282301,3359.019436,3354.564535,3258.282301,6172.489182,8746.381652,7028.129877,6352.347333,6708.437697,7028.129877,6754.05901,7097.390943,7028.129877,7275.882776,7633.764199,7028.129877,1200.144573,1192.865209,0.001001968,0.001005531,0.001008742,0.001011081,4120.885288,4120.885288,4120.885288,9521.66555,9521.66555,9521.66555,9521.66555,9521.66555
12/15/1986,2825.341101,2995.542798,3082.362461,3161.330594,3157.857406,3082.362461,5856.332647,10579.80121,6669.69185,6010.412807,8746.381652,6669.69185,6344.991333,6708.437697,6669.69185,6708.995749,7097.390943,6669.69185,1152.08848,1145.140682,0.001001968,0.001005531,0.001008742,0.001011081,3971.645028,3971.645028,3971.645028,9231.745807,9231.745807,9231.745807,9231.745807,9231.745807
12/16/1986,2711.037513,2903.872542,2956.325728,2997.32177,2995.542798,2956.325728,5642.40366,10685.84125,6424.411501,5754.213281,10579.80121,6424.411501,6049.557714,8746.381652,6424.411501,6342.941485,6708.437697,6424.411501,1106.669083,1100.033089,0.001001968,0.001005531,0.001008742,0.001011081,3838.764581,3838.764581,3838.764581,8748.093674,8748.093674,8748.093674,8748.093674,8748.093674
12/17/1986,2637.144596,3038.004175,2875.657997,2902.947627,2903.872542,2875.657997,5484.963494,8719.930445,6241.888857,5581.390197,10685.84125,6241.888857,5824.525581,10579.80121,6241.888857,6040.299324,8746.381652,6241.888857,1081.084981,1074.623928,0.001001968,0.001005531,0.001008742,0.001011081,3666.187299,3666.187299,3666.187299,8191.726859,8191.726859,8191.726859,8191.726859,8191.726859
12/18/1986,2650.530585,3870.119926,2891.672431,2895.809489,3038.004175,2891.672431,7569.125719,7946.296002,8718.27765,7605.178801,8719.930445,8718.27765,7759.172619,10685.84125,8718.27765,7758.802607,10579.80121,8718.27765,1092.404013,1085.865624,0.001001968,0.001005531,0.001008742,0.001011081,3464.697117,3464.697117,3464.697117,7907.430345,7907.430345,7907.430345,7907.430345,7907.430345
12/19/1986,3582.730915,3718.559337,4003.698438,3907.546825,3870.119926,4003.698438,10471.85581,7415.854548,12266.55874,10464.69864,7946.296002,12266.55874,10553.3086,8719.930445,12266.55874,9730.274198,10685.84125,12266.55874,1769.527527,1758.209617,0.001001968,0.001005531,0.001008742,0.001011081,3362.753227,3362.753227,3362.753227,8091.240888,8091.240888,8091.240888,8091.240888,8091.240888
12/20/1986,3331.221701,3154.064074,3694.064306,3751.739134,3718.559337,3694.064306,9839.720122,8163.519441,11495.97185,9959.137698,7415.854548,11495.97185,10095.8574,7946.296002,11495.97185,10536.44215,8719.930445,11495.97185,1562.419093,1552.591453,0.001001968,0.001005531,0.001008742,0.001011081,3321.830113,3321.830113,3321.830113,8412.215717,8412.215717,8412.215717,8412.215717,8412.215717
12/21/1986,2814.843713,2916.864197,3095.626383,3161.586471,3154.064074,3095.626383,6592.188011,13108.55406,7572.048245,6731.741406,8163.519441,7572.048245,7165.008131,7415.854548,7572.048245,7606.40923,7946.296002,7572.048245,1243.49617,1235.916292,0.001001968,0.001005531,0.001008742,0.001011081,3297.852322,3297.852322,3297.852322,8540.879181,8540.879181,8540.879181,8540.879181,8540.879181
12/22/1986,2613.007857,2755.706124,2870.442674,2922.295709,2916.864197,2870.442674,6075.663586,14069.62336,6973.953264,6194.018104,13108.55406,6973.953264,6514.994169,8163.519441,6973.953264,7021.953928,7415.854548,6973.953264,1153.300102,1146.343965,0.001001968,0.001005531,0.001008742,0.001011081,3263.175168,3263.175168,3263.175168,8603.579539,8603.579539,8603.579539,8603.579539,8603.579539
12/23/1986,2483.494274,2789.179925,2724.709275,2759.708285,2755.706124,2724.709275,5762.797795,10522.56256,6608.857172,5859.382852,14069.62336,6608.857172,6120.630079,13108.55406,6608.857172,6456.071883,8163.519441,6608.857172,1089.666283,1083.146609,0.001001968,0.001005531,0.001008742,0.001011081,3226.13183,3226.13183,3226.13183,8635.141184,8635.141184,8635.141184,8635.141184,8635.141184
12/24/1986,2374.257205,3854.333375,2600.574286,2626.445415,2789.179925,2600.574286,6622.300129,9431.238045,7641.986079,6680.796696,10522.56256,7641.986079,6877.346,14069.62336,7641.986079,7157.90664,13108.55406,7641.986079,1030.066538,1023.952788,0.001001968,0.001005531,0.001008742,0.001011081,3186.985256,3186.985256,3186.985256,8843.318538,8843.318538,8843.318538,8843.318538,8843.318538
12/25/1986,3722.233335,4780.482468,4176.083395,3889.442631,3854.333375,4176.083395,13334.95792,8825.896642,15689.81969,13110.33226,9431.238045,15689.81969,13149.05906,10522.56256,15689.81969,11526.44535,14069.62336,15689.81969,1899.207235,1886.945521,0.001001968,0.001005531,0.001008742,0.001011081,3294.775308,3294.775308,3294.775308,9581.085322,9581.085322,9581.085322,9581.085322,9581.085322
12/26/1986,4246.480116,3578.049009,4816.725751,4816.107527,4780.482468,4816.725751,14438.01488,7853.147044,17089.10548,14522.56792,8825.896642,17089.10548,14404.08345,9431.238045,17089.10548,14102.31816,10522.56256,17089.10548,2384.315346,2368.459838,0.001001968,0.001005531,0.001008742,0.001011081,3383.299855,3383.299855,3383.299855,10185.91301,10185.91301,10185.91301,10185.91301,10185.91301
12/27/1986,3174.634903,3251.131036,3519.549621,3588.818488,3578.049009,3519.549621,8409.765558,7251.417498,9701.876665,8564.211246,7853.147044,9701.876665,9102.930214,8825.896642,9701.876665,9950.396707,9431.238045,9701.876665,1498.898938,1489.523813,0.001001968,0.001005531,0.001008742,0.001011081,3414.928797,3414.928797,3414.928797,10176.76846,10176.76846,10176.76846,10176.76846,10176.76846
12/28/1986,2921.790692,3070.134812,3224.154809,3258.087141,3251.131036,3224.154809,6832.775246,7232.85705,7827.532023,6955.426895,7251.417498,7827.532023,7330.507997,7853.147044,7827.532023,8091.812963,8825.896642,7827.532023,1331.55278,1323.358572,0.001001968,0.001005531,0.001008742,0.001011081,3417.170774,3417.170774,3417.170774,10231.30559,10231.30559,10231.30559,10231.30559,10231.30559
12/29/1986,2750.404873,2874.047736,3030.150202,3075.071949,3070.134812,3030.150202,6649.152756,8603.21498,7631.852574,6767.801493,7232.85705,7631.852574,7052.703226,7251.417498,7631.852574,7531.746487,7853.147044,7631.852574,1243.644405,1236.063497,0.001001968,0.001005531,0.001008742,0.001011081,3431.361538,3431.361538,3431.361538,10294.16507,10294.16507,10294.16507,10294.16507,10294.16507
12/30/1986,2586.971644,2731.857715,2841.744455,2877.635865,2874.047736,2841.744455,6159.421253,7952.376345,7055.725261,6262.316071,8603.21498,7055.725261,6532.842189,7232.85705,7055.725261,6899.330509,7251.417498,7055.725261,1143.149423,1136.263114,0.001001968,0.001005531,0.001008742,0.001011081,3447.968203,3447.968203,3447.968203,10363.23923,10363.23923,10363.23923,10363.23923,10363.23923
12/31/1986,2464.274241,2610.567121,2703.436991,2734.494038,2731.857715,2703.436991,5799.190949,7146.946495,6636.913014,5893.10786,7952.376345,6636.913014,6138.986992,8603.21498,6636.913014,6440.738449,7232.85705,6636.913014,1081.474153,1075.010442,0.001001968,0.001005531,0.001008742,0.001011081,3464.573354,3464.573354,3464.573354,10227.64047,10227.64047,10227.64047,10227.64047,10227.64047
1/1/1987,2351.256893,2540.745785,2577.695786,2612.517683,2610.567121,2577.695786,5858.895736,6464.226564,6720.846422,5945.018842,7146.946495,6720.846422,6163.616908,7952.376345,6720.846422,6433.57364,8603.21498,6720.846422,1031.209369,1025.087863,0.001001968,0.001005531,0.001008742,0.001011081,3323.315469,3323.315469,3323.315469,9240.444973,9240.444973,9240.444973,9240.444973,9240.444973
1/2/1987,2281.411255,2564.425748,2505.210538,2539.319856,2540.745785,2505.210538,7145.545669,6058.085841,8272.367483,7199.41951,6464.226564,8272.367483,7374.846615,7146.946495,8272.367483,7549.82949,7952.376345,8272.367483,1023.919095,1017.84705,0.001001968,0.001005531,0.001008742,0.001011081,3074.653944,3074.653944,3074.653944,8277.692583,8277.692583,8277.692583,8277.692583,8277.692583
1/3/1987,2290.275061,2388.789623,2532.687241,2564.568704,2564.425748,2532.687241,6744.577067,5769.172508,7818.217595,6811.814286,6058.085841,7818.217595,7014.031382,6464.226564,7818.217595,7126.07343,7146.946495,7818.217595,1108.256307,1101.609443,0.001001968,0.001005531,0.001008742,0.001011081,2894.721564,2894.721564,2894.721564,7832.56612,7832.56612,7832.56612,7832.56612,7832.56612
1/4/1987,2142.255934,2261.99154,2359.686305,2389.506463,2388.789623,2359.686305,5931.337569,5633.331868,6841.563547,5999.852284,5769.172508,6841.563547,6203.146879,6058.085841,6841.563547,6508.676788,6464.226564,6841.563547,1003.017832,997.0873474,0.001001968,0.001005531,0.001008742,0.001011081,2758.912203,2758.912203,2758.912203,7525.527179,7525.527179,7525.527179,7525.527179,7525.527179
1/5/1987,2033.131156,2161.906362,2234.470472,2262.492692,2261.99154,2234.470472,5214.469874,5534.510032,5987.443441,5286.415141,5633.331868,5987.443441,5478.125861,5769.172508,5987.443441,5731.448349,6058.085841,5987.443441,935.4817252,930.0060722,0.001001968,0.001005531,0.001008742,0.001011081,2638.71052,2638.71052,2638.71052,7270.8953,7270.8953,7270.8953,7270.8953,7270.8953
1/6/1987,1945.3738,2128.023044,2135.829888,2162.238633,2161.906362,2135.829888,4949.573481,5945.95271,5675.430188,5018.288699,5534.510032,5675.430188,5199.435583,5633.331868,5675.430188,5396.31006,5769.172508,5675.430188,890.3235329,885.1497042,0.001001968,0.001005531,0.001008742,0.001011081,2531.252937,2531.252937,2531.252937,7055.012749,7055.012749,7055.012749,7055.012749,7055.012749
1/7/1987,1920.018366,2112.860655,2113.718187,2128.251923,2128.023044,2113.718187,4808.661621,6300.744502,5520.311126,4868.031868,5945.95271,5520.311126,5051.796278,5534.510032,5520.311126,5178.666499,5633.331868,5520.311126,907.8023139,902.5118883,0.001001968,0.001005531,0.001008742,0.001011081,2440.920759,2440.920759,2440.920759,6869.149924,6869.149924,6869.149924,6869.149924,6869.149924
1/8/1987,1912.897807,2015.270479,2111.096444,2113.009888,2112.860655,2111.096444,4772.855945,6184.642112,5488.61335,4820.86056,6300.744502,5488.61335,4996.196623,5945.95271,5488.61335,5111.577536,5534.510032,5488.61335,930.5974158,925.1544993,0.001001968,0.001005531,0.001008742,0.001011081,2365.207439,2365.207439,2365.207439,6661.337727,6661.337727,6661.337727,6661.337727,6661.337727
1/9/1987,1818.267845,1937.812062,1999.470627,2015.343776,2015.270479,1999.470627,4630.677324,5768.592461,5315.569409,4685.93425,6184.642112,5315.569409,4831.327001,6300.744502,5315.569409,5030.856361,5945.95271,5315.569409,857.3959617,852.4409864,0.001001968,0.001005531,0.001008742,0.001011081,2284.707778,2284.707778,2284.707778,6229.358163,6229.358163,6229.358163,6229.358163,6229.358163
1/10/1987,1743.85651,2129.079366,1914.230444,1932.043918,1937.812062,1914.230444,4944.488441,5504.477345,5688.788874,4988.5343,5768.592461,5688.788874,5125.943557,6184.642112,5688.788874,5275.656786,6300.744502,5688.788874,811.171051,806.5214821,0.001001968,0.001005531,0.001008742,0.001011081,2190.944559,2190.944559,2190.944559,5948.360779,5948.360779,5948.360779,5948.360779,5948.360779
1/11/1987,1911.713908,2088.783654,2131.188821,2126.849189,2129.079366,2131.188821,5563.925465,5811.165007,6465.55366,5597.935126,5504.477345,6465.55366,5769.140055,5768.592461,6465.55366,5649.742496,6184.642112,6465.55366,1028.248707,1022.147292,0.001001968,0.001005531,0.001008742,0.001011081,2147.766519,2147.766519,2147.766519,5849.386632,5849.386632,5849.386632,5849.386632,5849.386632
1/12/1987,1855.922094,1937.408686,2068.832436,2089.245469,2088.783654,2068.832436,5415.070974,5691.922864,6293.294239,5472.494589,5811.165007,6293.294239,5623.935813,5504.477345,6293.294239,5797.297637,5768.592461,6293.294239,1001.515466,995.5951425,0.001001968,0.001005531,0.001008742,0.001011081,2116.60293,2116.60293,2116.60293,5831.098291,5831.098291,5831.098291,5831.098291,5831.098291
1/13/1987,1728.665931,1865.091081,1915.939623,1937.371548,1937.408686,1915.939623,4718.355433,5489.749861,5449.070036,4776.855366,5691.922864,5449.070036,4940.880522,5811.165007,5449.070036,5156.369463,5504.477345,5449.070036,890.2583632,885.0849686,0.001001968,0.001005531,0.001008742,0.001011081,2082.392351,2082.392351,2082.392351,5804.459563,5804.459563,5804.459563,5804.459563,5804.459563
1/14/1987,1671.263789,2024.33257,1849.303153,1858.248753,1865.091081,1849.303153,4527.139685,5567.375991,5220.60447,4571.646948,5489.749861,5220.60447,4729.89605,5691.922864,5220.60447,4892.22227,5811.165007,5220.60447,851.0833505,846.1702102,0.001001968,0.001005531,0.001008742,0.001011081,2042.231866,2042.231866,2042.231866,5776.519888,5776.519888,5776.519888,5776.519888,5776.519888
1/15/1987,1895.644315,2159.763342,2109.684775,2020.176905,2024.33257,2109.684775,5164.006356,5965.186524,5984.550824,5117.486075,5567.375991,5984.550824,5264.494538,5489.749861,5984.550824,5187.085757,5691.922864,5984.550824,1007.12944,1001.171137,0.001001968,0.001005531,0.001008742,0.001011081,2024.11898,2024.11898,2024.11898,5814.203094,5814.203094,5814.203094,5814.203094,5814.203094
1/16/1987,1987.3762,2116.909149,2207.86135,2158.951473,2159.763342,2207.86135,5329.352942,6088.86554,6155.632889,5328.765829,5965.186524,6155.632889,5374.719597,5567.375991,6155.632889,5320.938814,5489.749861,6155.632889,1033.287822,1027.152206,0.001001968,0.001005531,0.001008742,0.001011081,2026.031073,2026.031073,2026.031073,5868.95542,5868.95542,5868.95542,5868.95542,5868.95542
1/17/1987,1938.183649,2114.052112,2137.922653,2116.93537,2116.909149,2137.922653,4894.017469,5592.985105,5627.034825,4918.543518,6088.86554,5627.034825,5010.448398,5965.186524,5627.034825,5142.750719,5567.375991,5627.034825,942.5790391,937.0557785,0.001001968,0.001005531,0.001008742,0.001011081,2040.193909,2040.193909,2040.193909,5835.321848,5835.321848,5835.321848,5835.321848,5835.321848
1/18/1987,1897.192961,2010.179778,2095.00132,2113.929633,2114.052112,2095.00132,4775.444046,5306.682143,5496.269091,4839.151058,5592.985105,5496.269091,4974.813063,6088.86554,5496.269091,5037.591268,5965.186524,5496.269091,936.2380767,930.7573524,0.001001968,0.001005531,0.001008742,0.001011081,2033.542392,2033.542392,2033.542392,5742.122423,5742.122423,5742.122423,5742.122423,5742.122423
1/19/1987,1793.843027,1901.563989,1976.596563,2010.043408,2010.179778,1976.596563,5046.847764,5062.942326,5821.110392,5109.990205,5306.682143,5821.110392,5262.645854,5592.985105,5821.110392,5422.263096,6088.86554,5821.110392,871.4557367,866.4074424,0.001001968,0.001005531,0.001008742,0.001011081,2025.827831,2025.827831,2025.827831,5719.492065,5719.492065,5719.492065,5719.492065,5719.492065
1/20/1987,1702.685904,1823.040186,1872.504475,1901.426987,1901.563989,1872.504475,5036.757954,4876.024472,5811.585438,5087.399402,5062.942326,5811.585438,5238.078507,5306.682143,5811.585438,5439.589956,5592.985105,5811.585438,815.5394564,810.8611198,0.001001968,0.001005531,0.001008742,0.001011081,2022.502759,2022.502759,2022.502759,5766.63094,5766.63094,5766.63094,5766.63094,5766.63094
1/21/1987,1634.441459,1750.857167,1796.852011,1822.905928,1823.040186,1796.852011,4609.598811,4716.755173,5305.280142,4661.599151,4876.024472,5305.280142,4808.690318,5062.942326,5305.280142,4978.975306,5306.682143,5305.280142,784.1144278,779.6425877,0.001001968,0.001005531,0.001008742,0.001011081,2018.436153,2018.436153,2018.436153,5773.35528,5773.35528,5773.35528,5773.35528,5773.35528
1/22/1987,1570.987109,1683.427229,1726.611132,1750.72799,1750.857167,1726.611132,4392.736738,4570.800805,5051.063249,4442.638244,4716.755173,5051.063249,4582.840642,4876.024472,5051.063249,4742.713388,5062.942326,5051.063249,755.2479044,750.9648041,0.001001968,0.001005531,0.001008742,0.001011081,1985.524849,1985.524849,1985.524849,5691.563512,5691.563512,5691.563512,5691.563512,5691.563512
1/23/1987,1511.491374,1620.306289,1660.813164,1683.305033,1683.427229,1660.813164,4202.54852,4433.849162,4828.048229,4250.505199,4570.800805,4828.048229,4384.832522,4716.755173,4828.048229,4530.776501,4876.024472,4828.048229,728.3544732,724.2463665,0.001001968,0.001005531,0.001008742,0.001011081,1938.505226,1938.505226,1938.505226,5571.236284,5571.236284,5571.236284,5571.236284,5571.236284
1/24/1987,1455.642761,1560.934748,1599.124033,1620.192452,1620.306289,1599.124033,4059.40279,4308.436721,4660.999856,4104.902399,4433.849162,4660.999856,4233.064023,4570.800805,4660.999856,4370.702383,4716.755173,4660.999856,703.3617492,699.4155104,0.001001968,0.001005531,0.001008742,0.001011081,1879.966144,1879.966144,1879.966144,5448.985199,5448.985199,5448.985199,5448.985199,5448.985199
1/25/1987,1402.995654,1504.859063,1541.025858,1560.830521,1560.934748,1541.025858,3933.887842,4187.109937,4514.980061,3976.939387,4308.436721,4514.980061,4099.186753,4433.849162,4514.980061,4230.817281,4570.800805,4514.980061,679.965448,676.1700524,0.001001968,0.001005531,0.001008742,0.001011081,1806.677027,1806.677027,1806.677027,5306.346,5306.346,5306.346,5306.346,5306.346
1/26/1987,1353.183446,1451.722355,1486.093685,1504.765103,1504.859063,1486.093685,3821.328036,4089.497558,4383.698919,3862.119042,4187.109937,4383.698919,3978.853119,4308.436721,4383.698919,4101.053375,4433.849162,4383.698919,657.9193487,654.2654637,0.001001968,0.001005531,0.001008742,0.001011081,1733.828806,1733.828806,1733.828806,5094.168934,5094.168934,5094.168934,5094.168934,5094.168934
1/27/1987,1305.914956,1401.23753,1433.992569,1451.639302,1451.722355,1433.992569,3713.118082,4002.261826,4257.959792,3751.764891,4089.497558,4257.959792,3863.309913,4187.109937,4257.959792,3983.007634,4308.436721,4257.959792,637.0397573,633.5193153,0.001001968,0.001005531,0.001008742,0.001011081,1666.69706,1666.69706,1666.69706,4856.323605,4856.323605,4856.323605,4856.323605,4856.323605
1/28/1987,1260.953317,1353.16779,1384.452013,1401.165823,1401.23753,1384.452013,3611.373479,3885.646285,4139.720689,3648.021288,4002.261826,4139.720689,3754.693287,4089.497558,4139.720689,3868.997786,4187.109937,4139.720689,617.186555,613.7924554,0.001001968,0.001005531,0.001008742,0.001011081,1604.120046,1604.120046,1604.120046,4679.200421,4679.200421,4679.200421,4679.200421,4679.200421
1/29/1987,1218.101755,1307.314977,1337.248631,1353.107709,1353.16779,1337.248631,3515.927197,3821.275642,4028.680142,3550.713325,3885.646285,4028.680142,3652.803167,4002.261826,4028.680142,3761.4797,4089.497558,4028.680142,598.2496277,594.9755328,0.001001968,0.001005531,0.001008742,0.001011081,1545.309055,1545.309055,1545.309055,4526.593249,4526.593249,4526.593249,4526.593249,4526.593249
1/30/1987,1177.193706,1263.518362,1292.194375,1307.266404,1307.314977,1292.194375,3437.702209,3785.726558,3938.292559,3470.413622,3821.275642,3938.292559,3567.787704,3885.646285,3938.292559,3674.533928,4002.261826,3938.292559,580.140756,576.9809406,0.001001968,0.001005531,0.001008742,0.001011081,1489.775462,1489.775462,1489.775462,4393.681062,4393.681062,4393.681062,4393.681062,4393.681062
1/31/1987,1138.093447,1221.625762,1249.137668,1263.481429,1263.518362,1249.137668,3367.206677,3817.091261,3856.917077,3397.883881,3785.726558,3856.917077,3490.697538,3821.275642,3856.917077,3593.673702,3885.646285,3856.917077,562.796389,559.7455772,0.001001968,0.001005531,0.001008742,0.001011081,1437.158878,1437.158878,1437.158878,4273.614669,4273.614669,4273.614669,4273.614669,4273.614669
2/1/1987,1100.671686,1183.101563,1207.933006,1221.600315,1221.625762,1207.933006,3275.197545,3784.361503,3749.566505,3304.541121,3817.091261,3749.566505,3393.72574,3785.726558,3749.566505,3490.655184,3821.275642,3749.566505,546.1500832,543.2034596,0.001001968,0.001005531,0.001008742,0.001011081,1387.172106,1387.172106,1387.172106,4159.600692,4159.600692,4159.600692,4159.600692,4159.600692
2/2/1987,1068.267488,1159.503726,1172.238356,1183.087727,1183.101563,1172.238356,3230.723052,3694.492391,3698.23846,3255.929835,3784.361503,3698.23846,3340.980834,3817.091261,3698.23846,3432.913532,3785.726558,3698.23846,531.722099,528.8654299,0.001001968,0.001005531,0.001008742,0.001011081,1339.80572,1339.80572,1339.80572,4056.901936,4056.901936,4056.901936,4056.901936,4056.901936
2/3/1987,1063.195126,1171.902387,1166.18429,1159.501132,1159.503726,1166.18429,3236.705765,3679.173156,3704.522302,3243.615894,3694.492391,3704.522302,3323.410698,3784.361503,3704.522302,3399.953435,3817.091261,3704.522302,528.1018834,525.2677333,0.001001968,0.001005531,0.001008742,0.001011081,1296.390699,1296.390699,1296.390699,3968.907604,3968.907604,3968.907604,3968.907604,3968.907604
2/4/1987,1066.979506,1141.128864,1172.389083,1171.910609,1171.902387,1172.389083,3302.92347,3681.598415,3785.740789,3315.548754,3679.173156,3785.740789,3376.250856,3694.492391,3785.740789,3436.699263,3784.361503,3785.740789,540.4122033,537.5013931,0.001001968,0.001005531,0.001008742,0.001011081,1259.358114,1259.358114,1259.358114,3903.829631,3903.829631,3903.829631,3903.829631,3903.829631
2/5/1987,1029.347871,1095.798762,1129.411381,1141.147644,1141.128864,1129.411381,3247.382697,3657.339164,3720.897381,3269.923853,3681.598415,3720.897381,3331.503032,3679.173156,3720.897381,3420.257412,3694.492391,3720.897381,515.8694223,513.1112053,0.001001968,0.001005531,0.001008742,0.001011081,1225.823198,1225.823198,1225.823198,3852.062167,3852.062167,3852.062167,3852.062167,3852.062167
2/6/1987,989.6364015,1063.540232,1084.383444,1095.827839,1095.798762,1084.383444,3150.193829,3541.095438,3603.586013,3171.687671,3657.339164,3603.586013,3244.512276,3681.598415,3603.586013,3314.961487,3679.173156,3603.586013,491.4896571,488.8820343,0.001001968,0.001005531,0.001008742,0.001011081,1194.631909,1194.631909,1194.631909,3804.521532,3804.521532,3804.521532,3804.521532,3804.521532
2/7/1987,967.6442061,1031.747364,1059.699642,1063.579392,1063.540232,1059.699642,3135.349942,3456.436601,3588.303223,3147.4829,3541.095438,3588.303223,3216.511027,3657.339164,3588.303223,3312.785973,3681.598415,3588.303223,479.5457548,477.0115366,0.001001968,0.001005531,0.001008742,0.001011081,1165.207211,1165.207211,1165.207211,3763.650682,3763.650682,3763.650682,3763.650682,3763.650682
2/8/1987,956.9275683,1036.171435,1044.767352,1031.795909,1031.747364,1044.767352,3145.507077,3478.993101,3596.201255,3138.492396,3456.436601,3596.201255,3194.919975,3541.095438,3596.201255,3287.630621,3657.339164,3596.201255,460.1748947,457.7591837,0.001001968,0.001005531,0.001008742,0.001011081,1136.320294,1136.320294,1136.320294,3735.265688,3735.265688,3735.265688,3735.265688,3735.265688
2/9/1987,948.4092075,1016.708894,1035.979538,1036.228761,1036.171435,1035.979538,3150.153747,3381.581078,3603.578535,3155.665288,3478.993101,3603.578535,3194.220774,3456.436601,3603.578535,3265.089723,3541.095438,3603.578535,459.7608304,457.3476452,0.001001968,0.001005531,0.001008742,0.001011081,1111.241159,1111.241159,1111.241159,3713.988775,3713.988775,3713.988775,3713.988775,3713.988775
2/10/1987,923.2740691,983.6641765,1008.318337,1016.774795,1016.708894,1008.318337,3052.726675,3259.664425,3490.186469,3066.560518,3381.581078,3490.186469,3117.078073,3478.993101,3490.186469,3180.160832,3456.436601,3490.186469,448.3987,446.0546957,0.001001968,0.001005531,0.001008742,0.001011081,1089.057273,1089.057273,1089.057273,3683.006399,3683.006399,3683.006399,3683.006399,3683.006399
2/11/1987,890.5991106,949.8121758,971.9676679,983.738476,983.6641765,971.9676679,2965.216297,3170.374562,3387.40274,2981.842638,3259.664425,3387.40274,3037.943389,3381.581078,3387.40274,3113.019823,3478.993101,3387.40274,431.3750399,429.1342269,0.001001968,0.001005531,0.001008742,0.001011081,1064.356111,1064.356111,1064.356111,3635.909442,3635.909442,3635.909442,3635.909442,3635.909442
2/12/1987,859.9412681,918.9180026,938.1096429,949.8941398,949.8121758,938.1096429,2960.154045,3090.691276,3383.432202,2974.628417,3170.374562,3383.432202,3029.714274,3259.664425,3383.432202,3116.097033,3381.581078,3383.432202,416.5568419,414.4053862,0.001001968,0.001005531,0.001008742,0.001011081,1038.833084,1038.833084,1038.833084,3592.259016,3592.259016,3592.259016,3592.259016,3592.259016
2/13/1987,832.2879338,889.9534473,907.8229216,919.007229,918.9180026,907.8229216,2870.099371,3015.045109,3278.569171,2883.96988,3090.691276,3278.569171,2937.643664,3170.374562,3278.569171,3020.173049,3259.664425,3278.569171,404.4204018,402.3417977,0.001001968,0.001005531,0.001008742,0.001011081,1013.262916,1013.262916,1013.262916,3542.058562,3542.058562,3542.058562,3542.058562,3542.058562
2/14/1987,806.2534443,862.1252794,879.3857927,890.0495228,889.9534473,879.3857927,2770.512491,2946.416073,3162.367242,2784.211731,3015.045109,3162.367242,2836.40689,3090.691276,3162.367242,2914.681994,3170.374562,3162.367242,393.3421757,391.3298003,0.001001968,0.001005531,0.001008742,0.001011081,988.10484,988.10484,988.10484,3480.003544,3480.003544,3480.003544,3480.003544,3480.003544
2/15/1987,781.2227281,835.3704554,852.0393306,862.2277549,862.1252794,852.0393306,2697.633425,2882.310035,3077.785966,2710.704244,2946.416073,3077.785966,2760.941742,3015.045109,3077.785966,2836.641526,3090.691276,3077.785966,382.6231538,380.6746066,0.001001968,0.001005531,0.001008742,0.001011081,964.4789217,964.4789217,964.4789217,3408.819919,3408.819919,3408.819919,3408.819919,3408.819919
2/16/1987,757.1496888,809.6334994,825.7353738,835.4792435,835.3704554,825.7353738,2631.170096,2814.053824,3000.898288,2643.540987,2882.310035,3000.898288,2691.795377,2946.416073,3000.898288,2765.989171,3015.045109,3000.898288,372.2572313,370.3701664,0.001001968,0.001005531,0.001008742,0.001011081,938.7861641,938.7861641,938.7861641,3327.599739,3327.599739,3327.599739,3327.599739,3327.599739
2/17/1987,733.9862929,784.8582422,800.4223369,809.7483563,809.6334994,800.4223369,2566.3895,2768.842621,2926.227112,2578.056392,2814.053824,2926.227112,2624.376954,2882.310035,2926.227112,2697.99992,2946.416073,2926.227112,362.2308812,360.4030505,0.001001968,0.001005531,0.001008742,0.001011081,910.3153224,910.3153224,910.3153224,3249.200632,3249.200632,3249.200632,3249.200632,3249.200632
2/18/1987,711.6829999,760.9942401,776.0461363,784.9789655,784.8582422,776.0461363,2507.198368,2760.448848,2858.2791,2518.092574,2768.842621,2858.2791,2562.443966,2814.053824,2858.2791,2635.025003,2882.310035,2858.2791,352.5253565,350.7546393,0.001001968,0.001005531,0.001008742,0.001011081,881.7910454,881.7910454,881.7910454,3171.639755,3171.639755,3171.639755,3171.639755,3171.639755
2/19/1987,690.1956518,737.9950893,752.558587,761.1202577,760.9942401,752.558587,2457.11214,4231.773791,2800.405116,2467.248632,2760.448848,2800.405116,2509.662677,2768.842621,2800.405116,2576.350118,2814.053824,2800.405116,343.1241293,341.408518,0.001001968,0.001005531,0.001008742,0.001011081,854.174845,854.174845,854.174845,3085.318941,3085.318941,3085.318941,3085.318941,3085.318941
2/20/1987,669.4841633,715.8647305,729.9160022,738.1261943,737.9950893,729.9160022,2401.004326,3881.940212,2735.897647,2410.472784,4231.773791,2735.897647,2451.114223,2760.448848,2735.897647,2519.214442,2768.842621,2735.897647,334.012457,332.3500448,0.001001968,0.001005531,0.001008742,0.001011081,827.6419265,827.6419265,827.6419265,3005.376994,3005.376994,3005.376994,3005.376994,3005.376994
2/21/1987,649.5476736,695.0396192,708.123311,716.0007593,715.8647305,708.123311,2363.984892,3311.929283,2693.408234,2372.560828,3881.940212,2693.408234,2411.178479,4231.773791,2693.408234,2474.693527,2760.448848,2693.408234,325.2229098,323.6116153,0.001001968,0.001005531,0.001008742,0.001011081,802.1308494,802.1308494,802.1308494,2936.492537,2936.492537,2936.492537,2936.492537,2936.492537
2/22/1987,632.9911001,690.7020001,689.8758435,695.1800372,695.0396192,689.8758435,2362.632329,3132.008123,2692.806766,2367.454965,3311.929283,2692.806766,2403.407306,3881.940212,2692.806766,2466.837182,4231.773791,2692.806766,317.2168456,315.651936,0.001001968,0.001005531,0.001008742,0.001011081,777.6569285,777.6569285,777.6569285,2879.392098,2879.392098,2879.392098,2879.392098,2879.392098
2/23/1987,641.3411764,689.1245611,699.1954872,690.846622,690.7020001,699.1954872,3631.485998,3092.467146,4201.388645,3596.041015,3132.008123,4201.388645,3597.441787,3311.929283,4201.388645,3680.969584,3881.940212,4201.388645,322.6203443,321.0241469,0.001001968,0.001005531,0.001008742,0.001011081,756.1626405,756.1626405,756.1626405,3044.004804,3044.004804,3044.004804,3044.004804,3044.004804
2/24/1987,650.0019245,690.9617442,706.6487324,689.2731894,689.1245611,706.6487324,3366.129527,3178.835246,3881.044184,3327.144174,3092.467146,3881.044184,3320.952504,3132.008123,3881.044184,3405.460204,3311.929283,3881.044184,316.9934644,315.4298467,0.001001968,0.001005531,0.001008742,0.001011081,736.3660959,736.3660959,736.3660959,3170.207798,3170.207798,3170.207798,3170.207798,3170.207798
2/25/1987,627.5009638,665.9177106,681.9326342,691.1140388,690.9617442,681.9326342,2869.865557,7202.560355,3291.268405,2866.674535,3178.835246,3291.268405,2862.170278,3092.467146,3291.268405,2924.35755,3132.008123,3291.268405,306.2591406,304.7574371,0.001001968,0.001005531,0.001008742,0.001011081,719.0498015,719.0498015,719.0498015,3227.157824,3227.157824,3227.157824,3227.157824,3227.157824
2/26/1987,611.365917,658.9508314,663.4560742,666.0733732,665.9177106,663.4560742,2712.879035,7665.230994,3104.971559,2704.977397,7202.560355,3104.971559,2727.806729,3178.835246,3104.971559,2780.549407,3092.467146,3104.971559,294.7916408,293.3557259,0.001001968,0.001005531,0.001008742,0.001011081,705.2447054,705.2447054,705.2447054,3269.85242,3269.85242,3269.85242,3269.85242,3269.85242
2/27/1987,603.768593,625.3821095,655.719057,659.1096737,658.9508314,655.719057,2679.828475,8163.006829,3066.872348,2673.137985,7665.230994,3066.872348,2689.755717,7202.560355,3066.872348,2753.385614,3178.835246,3066.872348,294.5252958,293.0909044,0.001001968,0.001005531,0.001008742,0.001011081,692.9393743,692.9393743,692.9393743,3314.030556,3314.030556,3314.030556,3314.030556,3314.030556
2/28/1987,582.6993428,942.4351912,629.0896408,623.5665064,625.3821095,629.0896408,2734.859049,7677.338774,3127.935165,2715.37604,8163.006829,3127.935165,2725.199244,7665.230994,3127.935165,2812.372051,7202.560355,3127.935165,266.3336755,265.0593467,0.001001968,0.001005531,0.001008742,0.001011081,679.0453115,679.0453115,679.0453115,3374.481483,3374.481483,3374.481483,3374.481483,3374.481483
3/1/1987,871.5041833,2970.387135,964.573681,907.2052714,942.4351912,964.573681,6689.930608,8045.979642,7834.386276,6567.699627,7677.338774,7834.386276,6466.289655,8163.006829,7834.386276,6087.042466,7665.230994,7834.386276,485.1798462,482.6110334,0.001001968,0.001005531,0.001008742,0.001011081,699.8133992,699.8133992,699.8133992,4052.933477,4052.933477,4052.933477,4052.933477,4052.933477
3/2/1987,3479.090046,3479.757653,3888.729803,2961.021088,2970.387135,3888.729803,10159.36463,7786.528349,11869.18123,9338.797232,8045.979642,11869.18123,8658.859242,7677.338774,11869.18123,7240.810192,8163.006829,11869.18123,1585.892169,1575.896747,0.001001968,0.001005531,0.001008742,0.001011081,895.6862439,895.6862439,895.6862439,4641.071696,4641.071696,4641.071696,4641.071696,4641.071696
3/3/1987,3433.594491,3831.723223,3767.19012,3495.862365,3479.757653,3767.19012,9748.070769,7088.844407,11310.37441,9523.261226,7786.528349,11310.37441,9092.58929,8045.979642,11310.37441,8637.980613,7677.338774,11310.37441,1477.755038,1468.530036,0.001001968,0.001005531,0.001008742,0.001011081,1206.319628,1206.319628,1206.319628,5426.668623,5426.668623,5426.668623,5426.668623,5426.668623
3/4/1987,3135.893446,2546.072454,3548.137373,3833.54425,3831.723223,3548.137373,7386.280608,5926.390872,8658.348749,7775.145511,7088.844407,8658.348749,8109.134689,7786.528349,8658.348749,7374.799184,8045.979642,8658.348749,1844.076008,1832.21649,0.001001968,0.001005531,0.001008742,0.001011081,1656.192135,1656.192135,1656.192135,6240.330344,6240.330344,6240.330344,6240.330344,6240.330344
3/5/1987,2045.592375,1910.474806,2240.307595,2546.819358,2546.072454,2240.307595,6222.811218,5631.069017,7177.359372,6545.686692,5926.390872,7177.359372,7015.550147,7088.844407,7177.359372,8155.947094,7786.528349,7177.359372,928.6120494,923.1824334,0.001001968,0.001005531,0.001008742,0.001011081,1974.876509,1974.876509,1974.876509,6997.030934,6997.030934,6997.030934,6997.030934,6997.030934
3/6/1987,1668.277227,1824.349982,1799.191873,1909.30603,1910.474806,1799.191873,4891.150232,7131.902195,5572.496545,5010.8652,5631.069017,5572.496545,5430.182613,5926.390872,5572.496545,6222.36221,7088.844407,5572.496545,646.6912876,643.1092333,0.001001968,0.001005531,0.001008742,0.001011081,2202.844607,2202.844607,2202.844607,7592.833696,7592.833696,7592.833696,7592.833696,7592.833696
3/7/1987,1844.50495,2298.398468,1979.479565,1802.532608,1824.349982,1979.479565,5429.886348,8803.476814,6176.411984,5259.331099,7131.902195,6176.411984,5450.077607,5631.069017,6176.411984,5795.338285,5926.390872,6176.411984,665.1985568,661.4980163,0.001001968,0.001005531,0.001008742,0.001011081,2388.533636,2388.533636,2388.533636,8052.441465,8052.441465,8052.441465,8052.441465,8052.441465
3/8/1987,2743.954628,3580.393643,2909.22949,2247.118157,2298.398468,2909.22949,6292.967515,9677.315514,7028.556066,5671.257645,8803.476814,7028.556066,5460.242859,7131.902195,7028.556066,5200.97193,5631.069017,7028.556066,765.3229086,760.9740393,0.001001968,0.001005531,0.001008742,0.001011081,2542.959925,2542.959925,2542.959925,7809.151971,7809.151971,7809.151971,7809.151971,7809.151971
3/9/1987,4302.624643,5661.896171,4576.332165,3577.651676,3580.393643,4576.332165,8090.42634,9953.511714,8981.02237,7187.796527,9677.315514,8981.02237,6575.040992,8803.476814,8981.02237,5531.770978,7131.902195,8981.02237,1207.539159,1200.208629,0.001001968,0.001005531,0.001008742,0.001011081,2639.850546,2639.850546,2639.850546,7539.429416,7539.429416,7539.429416,7539.429416,7539.429416
3/10/1987,5390.173524,5906.932422,5937.777228,5674.510924,5661.896171,5937.777228,9826.6299,9254.494559,11267.25148,9736.309659,9953.511714,11267.25148,9275.936165,9677.315514,11267.25148,7553.285284,8803.476814,11267.25148,2368.793605,2353.054489,0.001001968,0.001005531,0.001008742,0.001011081,2908.507767,2908.507767,2908.507767,7421.877448,7421.877448,7421.877448,7421.877448,7421.877448
3/11/1987,4680.286574,3817.065042,5244.061918,5910.021527,5906.932422,5244.061918,9382.146331,7908.045241,10928.39317,10210.50126,9254.494559,10928.39317,10512.16209,9953.511714,10928.39317,9801.543286,9677.315514,10928.39317,2449.555018,2433.209367,0.001001968,0.001005531,0.001008742,0.001011081,3180.905491,3180.905491,3180.905491,7609.228677,7609.228677,7609.228677,7609.228677,7609.228677
3/12/1987,3061.048024,3026.11642,3295.376715,3819.355425,3817.065042,3295.376715,6986.054117,6814.889819,7915.345143,7558.159916,7908.045241,7915.345143,8438.039948,9254.494559,7915.345143,9874.372226,9953.511714,7915.345143,1088.481197,1081.969621,0.001001968,0.001005531,0.001008742,0.001011081,3413.4406,3413.4406,3413.4406,7900.69181,7900.69181,7900.69181,7900.69181,7900.69181
3/13/1987,2585.95322,2787.999486,2768.679222,3028.122342,3026.11642,2768.679222,5978.988456,6234.845103,6742.806169,6273.957376,6814.889819,6742.806169,6959.799498,7908.045241,6742.806169,8080.220599,9254.494559,6742.806169,866.745678,861.7286675,0.001001968,0.001005531,0.001008742,0.001011081,3603.604944,3603.604944,3603.604944,8175.631132,8175.631132,8175.631132,8175.631132,8175.631132
3/14/1987,2460.672672,2582.387508,2655.247081,2789.767429,2787.999486,2655.247081,6323.502904,5985.881353,7208.258368,6484.447615,6234.845103,7208.258368,6895.268199,6814.889819,7208.258368,7565.970211,7908.045241,7208.258368,924.4828157,919.0808508,0.001001968,0.001005531,0.001008742,0.001011081,3768.070414,3768.070414,3768.070414,8382.280881,8382.280881,8382.280881,8382.280881,8382.280881
3/15/1987,2345.700502,2362.335362,2530.44749,2583.955111,2582.387508,2530.44749,5926.667174,5593.151302,6746.053817,6007.230301,5985.881353,6746.053817,6284.752254,6234.845103,6746.053817,6740.653471,6814.889819,6746.053817,884.6665768,879.530422,0.001001968,0.001005531,0.001008742,0.001011081,3884.298394,3884.298394,3884.298394,8551.742173,8551.742173,8551.742173,8551.742173,8551.742173
3/16/1987,2200.610029,2423.921325,2353.766672,2363.733533,2362.335362,2353.766672,5343.552379,5188.862618,6033.266954,5376.759679,5593.151302,6033.266954,5549.214571,5985.881353,6033.266954,5947.27336,6234.845103,6033.266954,745.5826103,741.3624969,0.001001968,0.001005531,0.001008742,0.001011081,3840.304034,3840.304034,3840.304034,8535.120146,8535.120146,8535.120146,8535.120146,8535.120146
3/17/1987,2332.246128,2529.258234,2505.727709,2425.175781,2423.921325,2505.727709,5266.210279,5723.43466,5949.651269,5220.074453,5188.862618,5949.651269,5371.010859,5593.151302,5949.651269,5449.410197,5985.881353,5949.651269,840.3411701,835.4991287,0.001001968,0.001005531,0.001008742,0.001011081,3513.918329,3513.918329,3513.918329,8166.470594,8166.470594,8166.470594,8166.470594,8166.470594
3/18/1987,2324.714149,2128.93281,2505.773087,2530.150594,2529.258234,2505.773087,5334.612712,6380.322093,6044.797137,5395.812769,5723.43466,6044.797137,5452.347119,5188.862618,6044.797137,5507.211792,5593.151302,6044.797137,875.6733321,870.5970065,0.001001968,0.001005531,0.001008742,0.001011081,3046.036871,3046.036871,3046.036871,7527.809424,7527.809424,7527.809424,7527.809424,7527.809424
3/19/1987,2153.699114,2296.333235,2248.486377,2128.984343,2128.93281,2248.486377,4908.005655,6886.214686,5440.256105,4799.818081,6380.322093,5440.256105,4848.749347,5723.43466,5440.256105,5218.520855,5188.862618,5440.256105,473.9756621,471.4755902,0.001001968,0.001005531,0.001008742,0.001011081,2701.687169,2701.687169,2701.687169,6834.462257,6834.462257,6834.462257,6834.462257,6834.462257
3/20/1987,2600.493563,3604.877063,2696.809311,2296.777861,2296.333235,2696.809311,5030.127545,7708.942176,5500.551429,4652.215783,6886.214686,5500.551429,4548.733623,6380.322093,5500.551429,4564.20766,5723.43466,5500.551429,473.8041358,471.3051145,0.001001968,0.001005531,0.001008742,0.001011081,2492.748076,2492.748076,2492.748076,6277.504218,6277.504218,6277.504218,6277.504218,6277.504218
3/21/1987,3766.1704,4771.548713,4053.772154,3598.677299,3604.877063,4053.772154,6801.996556,8478.053422,7670.504885,6430.338753,7708.942176,7670.504885,6218.872648,6886.214686,7670.504885,5280.443432,6380.322093,7670.504885,1324.929915,1316.782089,0.001001968,0.001005531,0.001008742,0.001011081,2502.448842,2502.448842,2502.448842,6002.18183,6002.18183,6002.18183,6002.18183,6002.18183
3/22/1987,4096.320328,4422.426135,4528.080026,4757.110584,4771.548713,4528.080026,7681.540544,8231.648496,8865.881674,8045.039367,8478.053422,8865.881674,7855.536928,7708.942176,8865.881674,6818.578254,6886.214686,8865.881674,1912.688225,1900.327954,0.001001968,0.001005531,0.001008742,0.001011081,2709.242494,2709.242494,2709.242494,6006.513527,6006.513527,6006.513527,6006.513527,6006.513527
3/23/1987,4194.49596,5713.070219,4552.170189,4391.260666,4422.426135,4552.170189,7468.983267,10194.82366,8474.173794,7431.39995,8231.648496,8474.173794,7783.305485,8478.053422,8474.173794,7523.125041,7708.942176,8474.173794,1575.30131,1565.381627,0.001001968,0.001005531,0.001008742,0.001011081,2993.60108,2993.60108,2993.60108,6241.643069,6241.643069,6241.643069,6241.643069,6241.643069
3/24/1987,5424.746892,7382.941002,5993.529216,5624.039221,5713.070219,5993.529216,8388.996731,13138.40033,9631.969775,8236.47014,10194.82366,9631.969775,8382.350123,8231.648496,9631.969775,7587.063018,8478.053422,9631.969775,2400.881915,2384.902086,0.001001968,0.001005531,0.001008742,0.001011081,3392.763642,3392.763642,3392.763642,6584.882901,6584.882901,6584.882901,6584.882901,6584.882901
3/25/1987,6615.925176,8716.643295,7398.668869,7039.556727,7382.941002,7398.668869,9834.883991,14828.29372,11435.25874,9770.762939,13138.40033,11435.25874,9960.153908,10194.82366,11435.25874,8818.116338,8231.648496,11435.25874,3206.728533,3184.594924,0.001001968,0.001005531,0.001008742,0.001011081,3973.174049,3973.174049,3973.174049,7032.348373,7032.348373,7032.348373,7032.348373,7032.348373
3/26/1987,8257.99712,10962.4375,9263.90115,8733.31488,8716.643295,9263.90115,10470.72549,15320.79748,12185.82559,10362.60056,14828.29372,12185.82559,10651.53516,13138.40033,12185.82559,9124.492715,10194.82366,12185.82559,3927.454854,3899.668697,0.001001968,0.001005531,0.001008742,0.001011081,4827.553271,4827.553271,4827.553271,7596.155014,7596.155014,7596.155014,7596.155014,7596.155014
3/27/1987,9489.959915,11398.18655,10896.7236,10664.12654,10962.4375,10896.7236,12112.41249,13901.92273,14496.81694,12430.88665,15320.79748,14496.81694,13358.99015,14828.29372,14496.81694,11315.23397,13138.40033,14496.81694,5487.515863,5447.129968,0.001001968,0.001005531,0.001008742,0.001011081,5992.412431,5992.412431,5992.412431,8506.119844,8506.119844,8506.119844,8506.119844,8506.119844
3/28/1987,9543.326072,10300.32506,11074.26447,11410.00274,11398.18655,11074.26447,13263.49412,15407.74625,16042.68973,14183.16851,13901.92273,16042.68973,15523.63838,15320.79748,16042.68973,14558.37015,14828.29372,16042.68973,5885.924756,5842.25558,0.001001968,0.001005531,0.001008742,0.001011081,7165.397711,7165.397711,7165.397711,9717.099642,9717.099642,9717.099642,9717.099642,9717.099642
3/29/1987,8649.195299,10109.72619,9999.420525,10289.0595,10300.32506,9999.420525,12015.20285,19515.15033,14467.67305,12821.65339,15407.74625,14467.67305,14500.90117,13901.92273,14467.67305,15272.88294,15320.79748,14467.67305,5241.00909,5202.642436,0.001001968,0.001005531,0.001008742,0.001011081,8101.743916,8101.743916,8101.743916,10931.42143,10931.42143,10931.42143,10931.42143,10931.42143
3/30/1987,7690.155032,10501.62887,8846.82749,9127.405079,10109.72619,8846.82749,10626.62772,17394.68291,12713.48199,11357.08852,19515.15033,12713.48199,12855.90224,15407.74625,12713.48199,14107.63302,13901.92273,12713.48199,4531.447313,4498.836148,0.001001968,0.001005531,0.001008742,0.001011081,8838.016136,8838.016136,8838.016136,11921.35238,11921.35238,11921.35238,11921.35238,11921.35238
3/31/1987,9397.443272,11434.32055,10848.80991,10738.66447,10501.62887,10848.80991,12654.22458,16617.02462,15036.39044,13208.30372,17394.68291,15036.39044,14528.89155,19515.15033,15036.39044,12395.48834,15407.74625,15036.39044,5214.658653,5176.507271,0.001001968,0.001005531,0.001008742,0.001011081,9630.17091,9630.17091,9630.17091,12849.05444,12849.05444,12849.05444,12849.05444,12849.05444
4/1/1987,10538.81912,10266.76645,12238.09426,11986.08189,11434.32055,12238.09426,16530.07293,15181.42696,19736.12561,16989.04746,16617.02462,19736.12561,17993.37572,17394.68291,19736.12561,16818.39114,19515.15033,19736.12561,6205.973969,6159.650572,0.001001968,0.001005531,0.001008742,0.001011081,10341.30536,10341.30536,10341.30536,13999.83562,13999.83562,13999.83562,13999.83562,13999.83562
4/2/1987,9161.318603,9499.903359,10524.27418,10414.78638,10266.76645,10524.27418,15983.04072,26262.18005,19012.09204,16355.10445,15181.42696,19012.09204,17551.0815,16617.02462,19012.09204,19547.58017,17394.68291,19012.09204,5235.035701,5196.717857,0.001001968,0.001005531,0.001008742,0.001011081,10677.20021,10677.20021,10677.20021,15363.85513,15363.85513,15363.85513,15363.85513,15363.85513
4/3/1987,6956.030169,12986.58485,7955.96095,8629.554949,9499.903359,7955.96095,10804.39799,34650.09491,12752.30648,11866.8051,26262.18005,12752.30648,13106.00414,15181.42696,12752.30648,14918.63199,16617.02462,12752.30648,3955.64766,3927.637956,0.001001968,0.001005531,0.001008742,0.001011081,10491.05694,10491.05694,10491.05694,16026.37154,16026.37154,16026.37154,16026.37154,16026.37154
4/4/1987,10907.69553,15528.18487,12551.98621,12150.49434,12986.58485,12551.98621,19608.34754,33162.13413,22811.21993,19996.80383,34650.09491,22811.21993,20704.08914,26262.18005,22811.21993,14566.81582,15181.42696,22811.21993,5825.587586,5782.417162,0.001001968,0.001005531,0.001008742,0.001011081,10495.33953,10495.33953,10495.33953,16858.41572,16858.41572,16858.41572,16858.41572,16858.41572
4/5/1987,16925.86284,18203.97304,18966.01596,16290.15862,15528.18487,18966.01596,26435.21925,28977.45386,30207.23111,24862.77065,33162.13413,30207.23111,23982.9321,34650.09491,30207.23111,21197.8412,26262.18005,30207.23111,6510.289595,6461.429417,0.001001968,0.001005531,0.001008742,0.001011081,10919.89856,10919.89856,10919.89856,17700.86149,17700.86149,17700.86149,17700.86149,17700.86149
4/6/1987,19748.59819,27614.93994,22161.45499,18554.68775,18203.97304,22161.45499,29857.93788,27248.89227,34782.15724,27205.40804,28977.45386,34782.15724,28467.85213,33162.13413,34782.15724,27222.00177,34650.09491,34782.15724,8662.697571,8595.577492,0.001001968,0.001005531,0.001008742,0.001011081,12077.43763,12077.43763,12077.43763,19583.50077,19583.50077,19583.50077,19583.50077,19583.50077
4/7/1987,21836.68503,15884.46222,26215.13519,27782.17542,27614.93994,26215.13519,35138.12779,21455.35294,43774.261,38209.2836,27248.89227,43774.261,39696.70034,28977.45386,43774.261,33064.41832,33162.13413,43774.261,15718.90621,15589.14457,0.001001968,0.001005531,0.001008742,0.001011081,14144.30552,14144.30552,14144.30552,22359.41316,22359.41316,22359.41316,22359.41316,22359.41316
4/8/1987,11835.74177,10189.92174,13466.85188,15991.24977,15884.46222,13466.85188,23333.99536,15984.24209,27674.4283,26356.75345,21455.35294,27674.4283,29707.2013,27248.89227,27674.4283,37910.63813,28977.45386,27674.4283,6193.445847,6147.226616,0.001001968,0.001005531,0.001008742,0.001011081,15078.0365,15078.0365,15078.0365,24919.83357,24919.83357,24919.83357,24919.83357,24919.83357
4/9/1987,8275.425645,8843.280242,9203.136204,10228.35026,10189.92174,9203.136204,10317.85341,10964.02415,11753.07674,11763.68884,15984.24209,11753.07674,15740.71286,21455.35294,11753.07674,20937.32381,27248.89227,11753.07674,3651.942753,3626.331939,0.001001968,0.001005531,0.001008742,0.001011081,15487.01671,15487.01671,15487.01671,26216.69979,26216.69979,26216.69979,26216.69979,26216.69979
4/10/1987,7179.930608,7216.391188,8091.774292,8869.443499,8843.280242,8091.774292,14102.77794,10592.09629,16539.46453,15167.6902,10964.02415,16539.46453,17197.06935,15984.24209,16539.46453,20824.01286,21455.35294,16539.46453,3635.013569,3609.535859,0.001001968,0.001005531,0.001008742,0.001011081,15656.79109,15656.79109,15656.79109,26923.87306,26923.87306,26923.87306,26923.87306,26923.87306
4/11/1987,6061.119853,6511.554368,6794.198964,7223.190667,7216.391188,6794.198964,12382.45602,13679.37719,14457.06182,13034.64788,10592.09629,14457.06182,14548.96483,10964.02415,14457.06182,16885.82209,15984.24209,14457.06182,2966.929817,2946.647696,0.001001968,0.001005531,0.001008742,0.001011081,15196.55898,15196.55898,15196.55898,26404.00399,26404.00399,26404.00399,26404.00399,26404.00399
4/12/1987,5493.225673,6062.575493,6141.150122,6390.147522,6511.554368,6141.150122,10171.84772,14240.67005,11784.57537,10649.3528,13679.37719,11784.57537,11678.6403,10592.09629,11784.57537,13072.99829,10964.02415,11784.57537,2639.824178,2622.040736,0.001001968,0.001005531,0.001008742,0.001011081,14220.41908,14220.41908,14220.41908,25280.732,25280.732,25280.732,25280.732,25280.732
4/13/1987,6404.384041,7926.767843,6936.497398,6116.434391,6062.575493,6936.497398,8843.75174,13776.04232,9828.633737,8285.27032,14240.67005,9828.633737,8499.465219,13679.37719,9828.633737,9472.895689,10592.09629,9828.633737,2017.485043,2004.355915,0.001001968,0.001005531,0.001008742,0.001011081,12538.39483,12538.39483,12538.39483,22656.9867,22656.9867,22656.9867,22656.9867,22656.9867
4/14/1987,8205.982739,11328.15823,9068.84817,7999.133913,7926.767843,9068.84817,11102.47392,13621.34771,12683.34527,10385.56405,13776.04232,12683.34527,10652.86929,14240.67005,12683.34527,9282.51457,13679.37719,12683.34527,3438.302289,3414.366185,0.001001968,0.001005531,0.001008742,0.001011081,9999.594549,9999.594549,9999.594549,19236.95817,19236.95817,19236.95817,19236.95817,19236.95817
4/15/1987,9226.925704,7647.173007,10795.59308,11338.98469,11328.15823,10795.59308,15047.15758,12254.42113,18273.30628,16121.41642,13621.34771,18273.30628,16854.49414,13776.04232,18273.30628,13953.99545,14240.67005,18273.30628,6166.01534,6120.024108,0.001001968,0.001005531,0.001008742,0.001011081,8943.174727,8943.174727,8943.174727,16251.02598,16251.02598,16251.02598,16251.02598,16251.02598
4/16/1987,5890.578228,5485.248121,6668.498234,7650.363274,7647.173007,6668.498234,11234.6196,10248.06362,13221.59382,12458.68157,12254.42113,13221.59382,13790.42901,13621.34771,13221.59382,16325.95202,13776.04232,13221.59382,3198.288799,3176.220619,0.001001968,0.001005531,0.001008742,0.001011081,8231.922891,8231.922891,8231.922891,14388.51206,14388.51206,14388.51206,14388.51206,14388.51206
4/17/1987,4624.59796,5579.437795,5119.052945,5475.774939,5485.248121,5119.052945,7185.211444,9415.321139,8200.635017,7740.070211,10248.06362,8200.635017,9222.484851,12254.42113,8200.635017,11065.48729,13621.34771,8200.635017,2078.308654,2064.731141,0.001001968,0.001005531,0.001008742,0.001011081,7710.568029,7710.568029,7710.568029,13310.57971,13310.57971,13310.57971,13310.57971,13310.57971
4/18/1987,4845.734396,5248.186559,5447.334036,5588.377883,5579.437795,5447.334036,9381.711019,8716.011945,10922.28379,9725.852188,9415.321139,10922.28379,10552.58721,10248.06362,10922.28379,11140.98963,12254.42113,10922.28379,2506.253789,2489.480962,0.001001968,0.001005531,0.001008742,0.001011081,7388.305728,7388.305728,7388.305728,12659.69387,12659.69387,12659.69387,12659.69387,12659.69387
4/19/1987,4603.088651,4833.326094,5172.202611,5259.883384,5248.186559,5172.202611,9357.316521,8099.806567,10908.06073,9622.574361,8716.011945,10908.06073,10279.60004,9415.321139,10908.06073,10963.00402,10248.06362,10908.06073,2389.604359,2373.709171,0.001001968,0.001005531,0.001008742,0.001011081,7184.482212,7184.482212,7184.482212,12287.42682,12287.42682,12287.42682,12287.42682,12287.42682
4/20/1987,4199.687585,4507.147865,4726.961973,4835.58206,4833.326094,4726.961973,7591.168446,8246.820633,8824.856143,7884.156153,8099.806567,8824.856143,8596.125621,8716.011945,8824.856143,9126.062636,9415.321139,8824.856143,2241.44693,2226.659416,0.001001968,0.001005531,0.001008742,0.001011081,7067.623271,7067.623271,7067.623271,12267.47893,12267.47893,12267.47893,12267.47893,12267.47893
4/21/1987,3889.184718,4169.260513,4380.314538,4508.532548,4507.147865,4380.314538,7031.853164,8850.73139,8175.94365,7332.29505,8246.820633,8175.94365,7936.849136,8099.806567,8175.94365,8480.514135,8716.011945,8175.94365,2103.640452,2089.875747,0.001001968,0.001005531,0.001008742,0.001011081,6667.676035,6667.676035,6667.676035,12045.37181,12045.37181,12045.37181,12045.37181,12045.37181
4/22/1987,3628.340289,3967.458229,4079.81134,4170.309273,4169.260513,4079.81134,6519.068862,8664.795787,7567.19026,6768.963856,8850.73139,7567.19026,7333.971717,8246.820633,7567.19026,7806.351012,8099.806567,7567.19026,1947.991502,1935.372757,0.001001968,0.001005531,0.001008742,0.001011081,5768.933582,5768.933582,5768.933582,11201.33966,11201.33966,11201.33966,11201.33966,11201.33966
4/23/1987,3466.027751,3799.578481,3900.708651,3968.250706,3967.458229,3900.708651,6177.957052,7516.884197,7178.260833,6399.154227,8664.795787,7178.260833,6907.920264,8850.73139,7178.260833,7280.394488,8246.820633,7178.260833,1884.745069,1872.588993,0.001001968,0.001005531,0.001008742,0.001011081,5163.552721,5163.552721,5163.552721,10122.42264,10122.42264,10122.42264,10122.42264,10122.42264
4/24/1987,3328.651081,4036.140927,3745.962642,3789.517739,3799.578481,3745.962642,6513.44718,7196.224722,7582.242865,6693.481305,7516.884197,7582.242865,7149.258421,8664.795787,7582.242865,7434.873416,8850.73139,7582.242865,1818.382236,1806.709683,0.001001968,0.001005531,0.001008742,0.001011081,4789.426198,4789.426198,4789.426198,9286.854485,9286.854485,9286.854485,9286.854485,9286.854485
4/25/1987,3534.81849,3926.739412,4018.435486,4038.785503,4036.140927,4018.435486,7664.614416,6930.036329,8994.378468,7836.098075,7196.224722,8994.378468,8268.187004,7516.884197,8994.378468,8022.729787,8664.795787,8994.378468,2087.884578,2074.236334,0.001001968,0.001005531,0.001008742,0.001011081,4526.091162,4526.091162,4526.091162,8817.266387,8817.266387,8817.266387,8817.266387,8817.266387
4/26/1987,3417.03686,3436.515442,3877.620216,3934.340939,3926.739412,3877.620216,7388.568906,6437.798622,8667.171752,7583.495926,6930.036329,8667.171752,7962.207959,7196.224722,8667.171752,8329.692841,7516.884197,8667.171752,1995.55814,1982.590274,0.001001968,0.001005531,0.001008742,0.001011081,4309.004866,4309.004866,4309.004866,8484.514828,8484.514828,8484.514828,8484.514828,8484.514828
4/27/1987,2993.608119,3303.175384,3376.71187,3436.125781,3436.515442,3376.71187,5647.917949,6081.5541,6567.44671,5838.547873,6437.798622,6567.44671,6344.800148,6930.036329,6567.44671,6796.600068,7196.224722,6567.44671,1688.870919,1678.135979,0.001001968,0.001005531,0.001008742,0.001011081,4097.540785,4097.540785,4097.540785,8167.605739,8167.605739,8167.605739,8167.605739,8167.605739
4/28/1987,2907.724227,3300.906601,3281.309121,3302.413115,3303.175384,3281.309121,5541.996125,5915.089865,6448.303584,5689.899597,6081.5541,6448.303584,6103.56158,6437.798622,6448.303584,6406.096162,6930.036329,6448.303584,1653.219888,1642.741589,0.001001968,0.001005531,0.001008742,0.001011081,3912.956299,3912.956299,3912.956299,7899.188286,7899.188286,7899.188286,7899.188286,7899.188286
4/29/1987,2892.876167,3169.499885,3271.894497,3301.36286,3300.906601,3271.894497,5632.930097,5962.428943,6567.157283,5789.045883,5915.089865,6567.157283,6133.712503,6081.5541,6567.157283,6270.197969,6437.798622,6567.157283,1677.221192,1666.570187,0.001001968,0.001005531,0.001008742,0.001011081,3766.870164,3766.870164,3766.870164,7683.057879,7683.057879,7683.057879,7683.057879,7683.057879
4/30/1987,2770.970464,2934.670527,3130.282763,3170.397533,3169.499885,3130.282763,5282.409599,6536.943217,6146.738031,5445.157019,5962.428943,6146.738031,5800.229348,5915.089865,6146.738031,5981.232474,6081.5541,6146.738031,1597.892233,1587.810921,0.001001968,0.001005531,0.001008742,0.001011081,3640.521405,3640.521405,3640.521405,7497.054212,7497.054212,7497.054212,7497.054212,7497.054212
5/1/1987,2566.560434,2820.386578,2894.642679,2935.052278,2934.670527,2894.642679,4796.715677,7824.84483,5571.61185,4950.669316,6536.943217,5571.61185,5339.206602,5962.428943,5571.61185,5619.10562,5915.089865,5571.61185,1473.160599,1463.968185,0.001001968,0.001005531,0.001008742,0.001011081,3518.01611,3518.01611,3518.01611,7225.06601,7225.06601,7225.06601,7225.06601,7225.06601
5/2/1987,2468.596581,2740.191025,2786.26363,2820.402795,2820.386578,2786.26363,4634.807361,6741.826455,5388.596545,4777.932994,7824.84483,5388.596545,5121.439812,6536.943217,5388.596545,5357.355407,5962.428943,5388.596545,1432.738369,1423.832128,0.001001968,0.001005531,0.001008742,0.001011081,3349.8332,3349.8332,3349.8332,6790.183496,6790.183496,6790.183496,6790.183496,6790.183496
5/3/1987,2370.589419,3341.566111,2674.821449,2705.331876,2740.191025,2674.821449,4837.024774,6159.846521,5617.455634,4966.52694,6741.826455,5617.455634,5278.684437,7824.84483,5617.455634,5401.162648,6536.943217,5617.455634,1378.700355,1370.175161,0.001001968,0.001005531,0.001008742,0.001011081,3181.785144,3181.785144,3181.785144,6392.560525,6392.560525,6392.560525,6392.560525,6392.560525
5/4/1987,2928.750878,3592.746197,3361.025568,3331.035118,3341.566111,3361.025568,6323.604777,5703.672369,7423.693718,6438.681283,6159.846521,7423.693718,6738.354237,6741.826455,7423.693718,5983.073725,7824.84483,7423.693718,1896.246052,1884.005975,0.001001968,0.001005531,0.001008742,0.001011081,3130.806001,3130.806001,3130.806001,6307.132541,6307.132541,6307.132541,6307.132541,6307.132541
5/5/1987,3092.030901,2657.112632,3553.506979,3600.195524,3592.746197,3553.506979,7443.239995,5063.887967,8790.995951,7618.214735,5703.672369,8790.995951,7827.62339,6159.846521,8790.995951,7912.511319,6741.826455,8790.995951,2005.692728,1992.650352,0.001001968,0.001005531,0.001008742,0.001011081,3138.007762,3138.007762,3138.007762,6470.161205,6470.161205,6470.161205,6470.161205,6470.161205
5/6/1987,2334.513336,2458.533345,2637.753946,2673.001995,2657.112632,2637.753946,5060.959065,4755.436298,5871.340626,5194.456697,5063.887967,5871.340626,5718.758246,5703.672369,5871.340626,6351.244151,6159.846521,5871.340626,1366.455879,1358.016777,0.001001968,0.001005531,0.001008742,0.001011081,3084.081527,3084.081527,3084.081527,6496.836731,6496.836731,6496.836731,6496.836731,6496.836731
5/7/1987,2173.026199,2350.103888,2451.979858,2471.611068,2458.533345,2451.979858,4287.605379,4557.293739,4966.248077,4403.262026,4755.436298,4966.248077,4729.84974,5063.887967,4966.248077,5271.776812,5703.672369,4966.248077,1272.900948,1265.116499,0.001001968,0.001005531,0.001008742,0.001011081,2990.131882,2990.131882,2990.131882,6429.711158,6429.711158,6429.711158,6429.711158,6429.711158
5/8/1987,2075.421626,2294.29724,2342.267516,2352.552869,2350.103888,2342.267516,4243.187937,4427.801044,4923.912199,4340.497052,4557.293739,4923.912199,4622.812396,4755.436298,4923.912199,4877.672312,5063.887967,4923.912199,1228.484897,1221.009225,0.001001968,0.001005531,0.001008742,0.001011081,2900.16541,2900.16541,2900.16541,6316.795489,6316.795489,6316.795489,6316.795489,6316.795489
5/9/1987,2010.820677,2193.032955,2271.936654,2294.190167,2294.29724,2271.936654,4031.964883,4287.911706,4682.601503,4140.50339,4427.801044,4682.601503,4393.317665,4557.293739,4682.601503,4556.148055,4755.436298,4682.601503,1207.04725,1199.720125,0.001001968,0.001005531,0.001008742,0.001011081,2819.426243,2819.426243,2819.426243,6194.017581,6194.017581,6194.017581,6194.017581,6194.017581
5/10/1987,1922.553112,2111.543201,2169.481847,2192.872838,2193.032955,2169.481847,3842.67049,4161.7951,4457.418781,3947.931111,4287.911706,4457.418781,4196.502186,4427.801044,4457.418781,4353.599789,4557.293739,4457.418781,1147.894526,1140.975584,0.001001968,0.001005531,0.001008742,0.001011081,2743.549015,2743.549015,2743.549015,6022.475366,6022.475366,6022.475366,6022.475366,6022.475366
5/11/1987,1855.871169,2046.938433,2093.27031,2111.450353,2111.543201,2093.27031,3695.090117,4214.19961,4283.903521,3792.236263,4161.7951,4283.903521,4033.19258,4287.911706,4283.903521,4172.093399,4427.801044,4283.903521,1108.565488,1101.916506,0.001001968,0.001005531,0.001008742,0.001011081,2585.40549,2585.40549,2585.40549,5693.863002,5693.863002,5693.863002,5693.863002,5693.863002
5/12/1987,1799.895277,1983.067203,2030.304596,2046.853819,2046.938433,2030.304596,3613.182571,4210.684241,4189.688726,3705.667725,4214.19961,4189.688726,3934.09998,4161.7951,4189.688726,4061.168922,4287.911706,4189.688726,1080.095901,1073.641601,0.001001968,0.001005531,0.001008742,0.001011081,2389.90678,2389.90678,2389.90678,5160.373254,5160.373254,5160.373254,5160.373254,5160.373254
5/13/1987,1744.846524,1923.834206,1967.957703,1983.082816,1983.067203,1967.957703,3506.679034,3963.705674,4066.303571,3595.030379,4210.684241,4066.303571,3814.774078,4214.19961,4066.303571,3939.522477,4161.7951,4066.303571,1050.100927,1043.851046,0.001001968,0.001005531,0.001008742,0.001011081,2256.581602,2256.581602,2256.581602,4783.706267,4783.706267,4783.706267,4783.706267,4783.706267
5/14/1987,1692.185435,1876.398159,1908.55753,1923.623975,1923.834206,1908.55753,3414.798539,3839.794208,3958.911977,3500.69684,3963.705674,3958.911977,3712.595742,4210.684241,3958.911977,3821.102534,4214.19961,3958.911977,1022.397706,1016.335978,0.001001968,0.001005531,0.001008742,0.001011081,2169.741079,2169.741079,2169.741079,4530.679726,4530.679726,4530.679726,4530.679726,4530.679726
5/15/1987,1655.509637,1849.781623,1866.202172,1875.542106,1876.398159,1866.202172,3517.942006,3887.666616,4076.274222,3593.62534,3839.794208,4076.274222,3790.402469,3963.705674,4076.274222,3865.405884,4210.684241,4076.274222,998.6286344,992.7278298,0.001001968,0.001005531,0.001008742,0.001011081,2096.339608,2096.339608,2096.339608,4388.839168,4388.839168,4388.839168,4388.839168,4388.839168
5/16/1987,1627.045677,1756.33615,1834.342526,1850.234135,1849.781623,1834.342526,3538.877879,4524.320486,4102.23365,3618.221933,3887.666616,4102.23365,3797.05523,3839.794208,4102.23365,3890.654711,3963.705674,4102.23365,984.23441,978.4308253,0.001001968,0.001005531,0.001008742,0.001011081,2029.687652,2029.687652,2029.687652,4297.206316,4297.206316,4297.206316,4297.206316,4297.206316
5/17/1987,1546.824565,1711.61217,1742.958728,1757.356539,1756.33615,1742.958728,3249.448727,4640.028618,3763.378685,3325.887254,4524.320486,3763.378685,3532.395013,3887.666616,3763.378685,3657.538922,3839.794208,3763.378685,937.7427038,932.2518895,0.001001968,0.001005531,0.001008742,0.001011081,1968.001431,1968.001431,1968.001431,4195.397703,4195.397703,4195.397703,4195.397703,4195.397703
5/18/1987,1496.894944,1764.658778,1687.365544,1700.945251,1711.61217,1687.365544,3136.547783,4174.705194,3631.607514,3210.76958,4640.028618,3631.607514,3399.823131,4524.320486,3631.607514,3509.260335,3887.666616,3631.607514,914.6729896,909.3366524,0.001001968,0.001005531,0.001008742,0.001011081,1907.954401,1907.954401,1907.954401,4096.124023,4096.124023,4096.124023,4096.124023,4096.124023
5/19/1987,1563.242982,1832.792748,1763.732794,1766.064507,1764.658778,1763.732794,3442.105339,3897.623498,3977.322626,3509.45105,4174.705194,3977.322626,3660.991799,4640.028618,3977.322626,3560.107172,4524.320486,3977.322626,954.437689,948.8347811,0.001001968,0.001005531,0.001008742,0.001011081,1860.635503,1860.635503,1860.635503,4039.360899,4039.360899,4039.360899,4039.360899,4039.360899
5/20/1987,1634.724041,1732.788281,1841.381661,1838.327544,1832.792748,1841.381661,4096.641382,3510.777198,4749.643557,4149.035486,3897.623498,4749.643557,4256.881547,4174.705194,4749.643557,4274.36421,4640.028618,4749.643557,979.1348248,973.3656402,0.001001968,0.001005531,0.001008742,0.001011081,1828.163265,1828.163265,1828.163265,4101.342003,4101.342003,4101.342003,4101.342003,4101.342003
5/21/1987,1535.176305,1628.918952,1728.912422,1734.796309,1732.788281,1728.912422,4016.049234,3689.570627,4647.284005,4071.785332,3510.777198,4647.284005,4262.11949,3897.623498,4647.284005,4295.801749,4174.705194,4647.284005,927.390976,921.9695385,0.001001968,0.001005531,0.001008742,0.001011081,1803.23682,1803.23682,1803.23682,4197.428393,4197.428393,4197.428393,4197.428393,4197.428393
5/22/1987,1429.989546,1493.272502,1610.094794,1630.753302,1628.918952,1610.094794,3430.284849,3631.209881,3960.996582,3502.645178,3689.570627,3960.996582,3688.143567,3510.777198,3960.996582,3898.914859,3897.623498,3960.996582,870.5263488,865.4842291,0.001001968,0.001005531,0.001008742,0.001011081,1771.193272,1771.193272,1771.193272,4199.011774,4199.011774,4199.011774,4199.011774,4199.011774
5/23/1987,1311.302642,1818.279124,1473.967643,1489.801539,1493.272502,1473.967643,3023.926891,3750.799102,3484.034052,3088.600207,3631.209881,3484.034052,3282.833843,3689.570627,3484.034052,3483.739878,3510.777198,3484.034052,796.18202,791.6310074,0.001001968,0.001005531,0.001008742,0.001011081,1727.25883,1727.25883,1727.25883,4134.329931,4134.329931,4134.329931,4134.329931,4134.329931
5/24/1987,1674.484403,2207.692648,1865.830967,1819.807499,1818.279124,1865.830967,3375.674292,3697.431927,3847.589267,3401.380787,3750.799102,3847.589267,3332.829309,3631.209881,3847.589267,3137.193332,3689.570627,3847.589267,893.8760387,888.6785355,0.001001968,0.001005531,0.001008742,0.001011081,1697.107223,1697.107223,1697.107223,4080.462569,4080.462569,4080.462569,4080.462569,4080.462569
5/25/1987,1940.402686,1520.944628,2178.512132,2210.171057,2207.692648,2178.512132,3833.412276,3387.884498,4416.493401,3947.98927,3697.431927,4416.493401,3950.033466,3750.799102,4416.493401,3649.455261,3631.209881,4416.493401,1092.396254,1085.857918,0.001001968,0.001005531,0.001008742,0.001011081,1737.727053,1737.727053,1737.727053,4110.331853,4110.331853,4110.331853,4110.331853,4110.331853
5/26/1987,1332.552525,1331.694975,1487.566809,1513.552647,1520.944628,1487.566809,2956.122731,3234.405489,3381.445545,3032.030546,3387.884498,3381.445545,3510.865367,3697.431927,3381.445545,3751.617244,3750.799102,3381.445545,754.5128058,750.2344997,0.001001968,0.001005531,0.001008742,0.001011081,1754.324896,1754.324896,1754.324896,4113.529092,4113.529092,4113.529092,4113.529092,4113.529092
5/27/1987,1134.43826,1269.199293,1265.354523,1331.170266,1331.694975,1265.354523,2531.047754,3007.517369,2886.951391,2640.231836,3234.405489,2886.951391,2825.799155,3387.884498,2886.951391,3359.172977,3697.431927,2886.951391,646.6813188,643.0993282,0.001001968,0.001005531,0.001008742,0.001011081,1700.587572,1700.587572,1700.587572,3952.619163,3952.619163,3952.619163,3952.619163,3952.619163
5/28/1987,1242.722749,1579.340845,1377.230478,1275.371433,1269.199293,1377.230478,2742.197797,3009.028844,3127.626133,2681.944116,3007.517369,3127.626133,2861.407216,3234.405489,3127.626133,2980.730994,3387.884498,3127.626133,665.2610335,661.5600923,0.001001968,0.001005531,0.001008742,0.001011081,1639.12674,1639.12674,1639.12674,3731.666064,3731.666064,3731.666064,3731.666064,3731.666064
5/29/1987,1419.0221,1420.626599,1606.282168,1581.442739,1579.340845,1606.282168,3027.720985,3179.955219,3516.477875,3060.499823,3009.028844,3516.477875,3146.958863,3007.517369,3516.477875,3057.645341,3234.405489,3516.477875,908.8550815,903.5576239,0.001001968,0.001005531,0.001008742,0.001011081,1615.958898,1615.958898,1615.958898,3587.618739,3587.618739,3587.618739,3587.618739,3587.618739
5/30/1987,1204.085142,1231.460196,1353.973969,1421.191804,1420.626599,1353.973969,2765.278934,3269.156989,3192.034396,2875.993469,3179.955219,3192.034396,2986.123404,3009.028844,3192.034396,3128.181169,3007.517369,3192.034396,743.0055649,738.8022275,0.001001968,0.001005531,0.001008742,0.001011081,1595.739961,1595.739961,1595.739961,3510.488401,3510.488401,3510.488401,3510.488401,3510.488401
5/31/1987,1094.926382,1302.420873,1220.374,1230.472346,1231.460196,1220.374,2353.054927,3620.582348,2690.212802,2402.798783,3269.156989,2690.212802,2582.725443,3179.955219,2690.212802,2726.04808,3009.028844,2690.212802,632.1521399,628.6628515,0.001001968,0.001005531,0.001008742,0.001011081,1555.344954,1555.344954,1555.344954,3444.971912,3444.971912,3444.971912,3444.971912,3444.971912
6/1/1987,1135.030933,1366.483782,1277.748735,1296.304036,1302.420873,1277.748735,2450.770996,4135.169822,2829.220435,2513.603537,3620.582348,2829.220435,2645.168634,3269.156989,2829.220435,2697.417548,3179.955219,2829.220435,712.3868158,708.3822112,0.001001968,0.001005531,0.001008742,0.001011081,1454.564434,1454.564434,1454.564434,3292.891609,3292.891609,3292.891609,3292.891609,3292.891609
6/2/1987,1251.821058,1510.882722,1401.677897,1367.887996,1366.483782,1401.677897,2811.601087,3316.073356,3244.651888,2820.686373,4135.169822,3244.651888,2895.799631,3620.582348,3244.651888,2916.5534,3269.156989,3244.651888,737.0773702,732.9125955,0.001001968,0.001005531,0.001008742,0.001011081,1377.457103,1377.457103,1377.457103,3167.771501,3167.771501,3167.771501,3167.771501,3167.771501
6/3/1987,1342.421205,1241.176341,1510.945349,1512.559676,1510.882722,1510.945349,2984.013119,3074.410386,3460.028978,3033.781423,3316.073356,3460.028978,3104.313076,4135.169822,3460.028978,3026.092742,3620.582348,3460.028978,821.5972926,816.8790295,0.001001968,0.001005531,0.001008742,0.001011081,1382.897077,1382.897077,1382.897077,3140.203962,3140.203962,3140.203962,3140.203962,3140.203962
6/4/1987,1094.380501,1277.437506,1221.448828,1234.943516,1241.176341,1221.448828,3040.489495,2789.746183,3511.434017,3078.956527,3074.410386,3511.434017,3256.666561,3316.073356,3511.434017,3419.977396,4135.169822,3511.434017,639.234592,635.7001497,0.001001968,0.001005531,0.001008742,0.001011081,1379.597005,1379.597005,1379.597005,3215.149251,3215.149251,3215.149251,3215.149251,3215.149251
6/5/1987,1161.232539,1419.807888,1297.335772,1283.08985,1277.437506,1297.335772,3444.030059,2988.921576,3990.508569,3451.981314,2789.746183,3990.508569,3531.039723,3074.410386,3990.508569,3634.811317,3316.073356,3990.508569,675.7546087,671.9862896,0.001001968,0.001005531,0.001008742,0.001011081,1346.228301,1346.228301,1346.228301,3350.719664,3350.719664,3350.719664,3350.719664,3350.719664
6/6/1987,1315.636015,1382.24345,1480.462546,1424.941835,1419.807888,1480.462546,2971.613944,3081.472775,3447.570852,2961.087766,2988.921576,3447.570852,3078.318881,2789.746183,3447.570852,3002.226764,3074.410386,3447.570852,811.5231138,806.8712272,0.001001968,0.001005531,0.001008742,0.001011081,1346.316208,1346.316208,1346.316208,3356.492498,3356.492498,3356.492498,3356.492498,3356.492498
6/7/1987,1182.974612,1123.434632,1335.049313,1376.122569,1382.24345,1335.049313,2675.231898,2780.4553,3104.479353,2758.853917,3081.472775,3104.479353,2870.40152,2988.921576,3104.479353,2954.984405,2789.746183,3104.479353,758.806843,754.5005231,0.001001968,0.001005531,0.001008742,0.001011081,1354.333023,1354.333023,1354.333023,3356.696238,3356.696238,3356.696238,3356.696238,3356.696238
6/8/1987,1023.665104,1237.28859,1127.615949,1124.253409,1123.434632,1127.615949,2203.528945,2619.126396,2503.218433,2231.469741,2780.4553,2503.218433,2339.662529,3081.472775,2503.218433,2572.429965,2988.921576,2503.218433,530.1772219,527.330165,0.001001968,0.001005531,0.001008742,0.001011081,1332.17527,1332.17527,1332.17527,3344.051726,3344.051726,3344.051726,3344.051726,3344.051726
6/9/1987,1130.644193,1275.131219,1259.192496,1242.097077,1237.28859,1259.192496,2514.559958,2570.111191,2890.493496,2534.209789,2619.126396,2890.493496,2635.348618,2780.4553,2890.493496,2570.037314,3081.472775,2890.493496,649.0635692,645.4663522,0.001001968,0.001005531,0.001008742,0.001011081,1320.037359,1320.037359,1320.037359,3330.767773,3330.767773,3330.767773,3330.767773,3330.767773
6/10/1987,1113.579821,1080.816645,1250.163345,1276.369011,1275.131219,1250.163345,2727.670937,2666.255198,3158.475305,2787.073346,2570.111191,3158.475305,2890.486291,2619.126396,3158.475305,2918.568076,2780.4553,3158.475305,689.5347481,685.6777379,0.001001968,0.001005531,0.001008742,0.001011081,1294.696531,1294.696531,1294.696531,3293.820739,3293.820739,3293.820739,3293.820739,3293.820739
6/11/1987,932.3196204,959.0541809,1037.360279,1081.156424,1080.816645,1037.360279,2212.114748,2722.207814,2537.626035,2283.258003,2666.255198,2537.626035,2410.422517,2570.111191,2537.626035,2596.780917,2619.126396,2537.626035,544.7865024,541.8483944,0.001001968,0.001005531,0.001008742,0.001011081,1266.414214,1266.414214,1266.414214,3156.175533,3156.175533,3156.175533,3156.175533,3156.175533
6/12/1987,855.6079579,1052.693604,944.8881998,953.9328245,959.0541809,944.8881998,1993.630909,2663.874142,2269.849348,2026.327012,2722.207814,2269.849348,2145.107562,2666.255198,2269.849348,2295.266102,2570.111191,2269.849348,470.5874115,468.1080833,0.001001968,0.001005531,0.001008742,0.001011081,1227.44243,1227.44243,1227.44243,2933.565041,2933.565041,2933.565041,2933.565041,2933.565041
6/13/1987,974.1115311,1472.756358,1080.795578,1048.671094,1052.693604,1080.795578,2222.051948,2638.736304,2542.873279,2220.080514,2663.874142,2542.873279,2290.780498,2722.207814,2542.873279,2258.53314,2666.255198,2542.873279,548.62931,545.6671961,0.001001968,0.001005531,0.001008742,0.001011081,1174.101013,1174.101013,1174.101013,2828.266114,2828.266114,2828.266114,2828.266114,2828.266114
6/14/1987,1347.071259,1572.29762,1522.040966,1478.608951,1472.756358,1522.040966,2739.095724,2485.039169,3187.726607,2749.208552,2638.736304,3187.726607,2774.16164,2663.874142,3187.726607,2503.542352,2722.207814,3187.726607,855.0079222,850.0687776,0.001001968,0.001005531,0.001008742,0.001011081,1173.503769,1173.503769,1173.503769,2767.77442,2767.77442,2767.77442,2767.77442,2767.77442
6/15/1987,1337.680135,946.2007644,1517.995071,1576.080805,1572.29762,1517.995071,2723.992768,2152.698624,3179.206719,2837.411268,2485.039169,3179.206719,2907.497312,2638.736304,3179.206719,2804.460909,2663.874142,3179.206719,880.0403384,874.9349703,0.001001968,0.001005531,0.001008742,0.001011081,1221.837107,1221.837107,1221.837107,2773.197001,2773.197001,2773.197001,2773.197001,2773.197001
6/16/1987,818.931306,850.8543222,904.9141768,946.6849216,946.2007644,904.9141768,1933.96344,2041.480636,2201.164984,1998.289058,2152.698624,2201.164984,2261.401201,2485.039169,2201.164984,2638.605908,2638.736304,2201.164984,455.6568958,453.2687262,0.001001968,0.001005531,0.001008742,0.001011081,1207.774669,1207.774669,1207.774669,2755.854812,2755.854812,2755.854812,2755.854812,2755.854812
6/17/1987,758.9531725,832.956174,838.4910237,851.2107154,850.8543222,838.4910237,1716.03281,2178.38106,1949.82748,1750.806412,2041.480636,1949.82748,1876.888398,2152.698624,1949.82748,2149.38307,2485.039169,1949.82748,426.3993536,424.1885944,0.001001968,0.001005531,0.001008742,0.001011081,1156.755031,1156.755031,1156.755031,2677.351715,2677.351715,2677.351715,2677.351715,2677.351715
6/18/1987,745.5912411,810.2158118,825.3311914,833.3094824,832.956174,825.3311914,1868.1426,2955.079995,2136.106322,1894.849609,2178.38106,2136.106322,1971.008575,2041.480636,2136.106322,2060.091621,2152.698624,2136.106322,428.1664059,425.9449791,0.001001968,0.001005531,0.001008742,0.001011081,1117.217666,1117.217666,1117.217666,2596.596724,2596.596724,2596.596724,2596.596724,2596.596724
6/19/1987,725.5475981,788.3947963,803.2837638,810.5658837,810.2158118,803.2837638,1783.808567,3869.379276,2034.165144,1810.120834,2955.079995,2034.165144,1879.728268,2178.38106,2034.165144,1931.096283,2041.480636,2034.165144,419.0706551,416.9040717,0.001001968,0.001005531,0.001008742,0.001011081,1091.038776,1091.038776,1091.038776,2526.456296,2526.456296,2526.456296,2526.456296,2526.456296
6/20/1987,704.9286097,823.3189422,780.3830252,787.3242227,788.3947963,780.3830252,1723.792844,2837.148778,1964.963506,1749.463397,3869.379276,1964.963506,1816.907237,2955.079995,1964.963506,1862.767492,2178.38106,1964.963506,408.5543217,406.4509372,0.001001968,0.001005531,0.001008742,0.001011081,1056.699564,1056.699564,1056.699564,2458.571646,2458.571646,2458.571646,2458.571646,2458.571646
6/21/1987,742.0943969,872.0623703,824.1089685,823.0933088,823.3189422,824.1089685,1909.63399,2898.861349,2187.581564,1927.546118,2837.148778,2187.581564,1982.126269,3869.379276,2187.581564,1975.776766,2955.079995,2187.581564,439.3598427,437.0706987,0.001001968,0.001005531,0.001008742,0.001011081,979.3673591,979.3673591,979.3673591,2390.040658,2390.040658,2390.040658,2390.040658,2390.040658
6/22/1987,780.0464262,477.4661649,864.8322574,870.2612608,872.0623703,864.8322574,2670.46348,2958.914106,3078.277524,2683.275696,2898.861349,3078.277524,2694.346778,2837.148778,3078.277524,2674.624694,3869.379276,3078.277524,450.5143693,448.1575017,0.001001968,0.001005531,0.001008742,0.001011081,885.0554466,885.0554466,885.0554466,2408.422585,2408.422585,2408.422585,2408.422585,2408.422585
6/23/1987,501.7330126,884.6081832,507.0920554,477.572696,477.4661649,507.0920554,3227.020729,3391.974295,3666.370854,3158.634286,2958.914106,3666.370854,3049.798012,2898.861349,3666.370854,3471.362144,2837.148778,3666.370854,0.001000564,0.001006515,0.001001968,0.001005531,0.001008742,0.001011081,783.9654002,783.9654002,783.9654002,2570.381817,2570.381817,2570.381817,2570.381817,2570.381817
6/24/1987,1423.535609,2588.397049,1494.40872,887.6872,884.6081832,1494.40872,3136.581053,3704.734459,3488.214476,2535.33536,3391.974295,3488.214476,2534.300468,2958.914106,3488.214476,2207.444574,2898.861349,3488.214476,374.2776605,372.3786311,0.001001968,0.001005531,0.001008742,0.001011081,775.1464775,775.1464775,775.1464775,2637.691601,2637.691601,2637.691601,2637.691601,2637.691601
6/25/1987,2028.249551,1148.014332,2354.682838,2589.93885,2588.397049,2354.682838,3972.105677,3115.681916,4744.946354,4305.408331,3704.734459,4744.946354,4033.474524,3391.974295,4744.946354,2919.117605,2958.914106,4744.946354,1522.538347,1512.995079,0.001001968,0.001005531,0.001008742,0.001011081,942.1248463,942.1248463,942.1248463,2745.437227,2745.437227,2745.437227,2745.437227,2745.437227
6/26/1987,849.9900382,796.7621031,918.1033356,1137.022954,1148.014332,918.1033356,2627.318427,2553.156159,2992.384818,2846.810016,3115.681916,2992.384818,3174.135886,3704.734459,2992.384818,3829.968104,3391.974295,2992.384818,373.1933551,371.3007479,0.001001968,0.001005531,0.001008742,0.001011081,1029.194468,1029.194468,1029.194468,2953.061085,2953.061085,2953.061085,2953.061085,2953.061085
6/27/1987,706.3165712,1081.109478,741.716792,794.8336868,796.7621031,741.716792,1948.986766,2406.741196,2159.540579,2006.402689,2553.156159,2159.540579,2182.498515,3115.681916,2159.540579,2612.970057,3704.734459,2159.540579,184.1856033,183.3619846,0.001001968,0.001005531,0.001008742,0.001011081,1052.277313,1052.277313,1052.277313,3191.325229,3191.325229,3191.325229,3191.325229,3191.325229
6/28/1987,1216.252685,1534.758919,1317.499452,1090.219689,1081.109478,1317.499452,3150.501024,2909.122925,3591.06517,2935.374727,2406.741196,3591.06517,3036.673807,2553.156159,3591.06517,2969.122272,3115.681916,3591.06517,521.3793278,518.5869383,0.001001968,0.001005531,0.001008742,0.001011081,1097.572378,1097.572378,1097.572378,3349.513979,3349.513979,3349.513979,3349.513979,3349.513979
6/29/1987,1289.774947,933.6596405,1454.572613,1538.745997,1534.758919,1454.572613,3034.103816,3295.143689,3536.045065,3157.225294,2909.122925,3536.045065,3131.674279,2406.741196,3536.045065,2932.004935,2553.156159,3536.045065,826.1678507,821.4194384,0.001001968,0.001005531,0.001008742,0.001011081,1175.991781,1175.991781,1175.991781,3334.81116,3334.81116,3334.81116,3334.81116,3334.81116
6/30/1987,741.0445813,631.963339,798.8454433,933.68298,933.6596405,798.8454433,1945.527674,3407.710114,2193.656353,2088.116736,3295.143689,2193.656353,2217.50436,2909.122925,2193.656353,2611.98748,2406.741196,2193.656353,323.1049903,321.5059829,0.001001968,0.001005531,0.001008742,0.001011081,1260.550795,1260.550795,1260.550795,3140.723636,3140.723636,3140.723636,3140.723636,3140.723636
7/1/1987,595.4870442,930.9964049,622.2104817,631.5714002,631.963339,622.2104817,1481.778044,4045.727231,1625.626474,1492.620809,3407.710114,1625.626474,1640.887663,3295.143689,1625.626474,1920.637942,2909.122925,1625.626474,159.4587566,158.7651967,0.001001968,0.001005531,0.001008742,0.001011081,1248.474078,1248.474078,1248.474078,3066.439328,3066.439328,3066.439328,3066.439328,3066.439328
7/2/1987,810.1407779,1093.618952,877.0785791,918.5097314,930.9964049,877.0785791,2563.346764,4535.388076,2912.669467,2611.765544,4045.727231,2912.669467,2566.872975,3407.710114,2912.669467,2380.315383,3295.143689,2912.669467,362.6268251,360.7966597,0.001001968,0.001005531,0.001008742,0.001011081,1078.980739,1078.980739,1078.980739,3041.162613,3041.162613,3041.162613,3041.162613,3041.162613
7/3/1987,1290.456862,1931.698188,1312.718646,1097.259794,1093.618952,1312.718646,3855.005067,3753.522188,4243.262739,3632.282506,4535.388076,4243.262739,3070.581923,4045.727231,4243.262739,3150.118419,3407.710114,4243.262739,0.001000564,0.001006515,0.001001968,0.001005531,0.001008742,0.001011081,959.1825741,959.1825741,959.1825741,3049.163767,3049.163767,3049.163767,3049.163767,3049.163767
7/4/1987,2430.241947,3345.616802,2585.202007,1941.271961,1931.698188,2585.202007,4651.767185,3345.298883,5191.767446,4046.9084,3753.522188,5191.767446,4017.922834,4535.388076,5191.767446,3024.254816,4045.727231,5191.767446,719.2522928,715.2032232,0.001001968,0.001005531,0.001008742,0.001011081,1081.808631,1081.808631,1081.808631,3114.875463,3114.875463,3114.875463,3114.875463,3114.875463
7/5/1987,2637.877144,1563.176388,3066.61449,3346.35514,3345.616802,3066.61449,5197.437273,5014.495788,6227.355654,5603.453415,3345.298883,6227.355654,5781.868725,3753.522188,6227.355654,4616.664627,4535.388076,6227.355654,1941.410413,1928.839894,0.001001968,0.001005531,0.001008742,0.001011081,1367.015657,1367.015657,1367.015657,3286.505185,3286.505185,3286.505185,3286.505185,3286.505185
7/6/1987,1111.959124,892.8922975,1210.884045,1562.076601,1563.176388,1210.884045,3296.646862,3535.362679,3778.685712,3653.224374,5014.495788,3778.685712,4056.544356,3345.298883,3778.685712,5393.659418,3753.522188,3778.685712,517.6006818,514.8317328,0.001001968,0.001005531,0.001008742,0.001011081,1442.740984,1442.740984,1442.740984,3545.560577,3545.560577,3545.560577,3545.560577,3545.560577
7/7/1987,825.534922,1685.884628,855.5288468,884.9928201,892.8922975,855.5288468,1332.266356,3951.167695,1408.458843,1373.627848,3535.362679,1408.458843,1723.802027,5014.495788,1408.458843,2434.072978,3345.298883,1408.458843,168.5841327,167.8429305,0.001001968,0.001005531,0.001008742,0.001011081,1469.176995,1469.176995,1469.176995,3675.461076,3675.461076,3675.461076,3675.461076,3675.461076
7/8/1987,1658.473251,1979.943049,1807.753309,1687.824913,1685.884628,1807.753309,3470.924066,4412.086974,3900.805332,3417.954169,3951.167695,3900.805332,3319.863818,3535.362679,3900.805332,2458.759228,5014.495788,3900.805332,716.5024412,712.4711881,0.001001968,0.001005531,0.001008742,0.001011081,1565.588748,1565.588748,1565.588748,3766.737245,3766.737245,3766.737245,3766.737245,3766.737245
7/9/1987,1603.831657,812.9990123,1754.861648,1983.222629,1979.943049,1754.861648,5287.908609,3149.966771,6055.839222,5533.825477,4412.086974,6055.839222,5310.195002,3951.167695,6055.839222,5304.924013,3535.362679,6055.839222,715.5376169,711.5126128,0.001001968,0.001005531,0.001008742,0.001011081,1686.58307,1686.58307,1686.58307,4141.528212,4141.528212,4141.528212,4141.528212,4141.528212
7/10/1987,759.2200892,1271.295506,767.8174266,814.8582869,812.9990123,767.8174266,2261.878353,3551.575701,2444.094805,2303.416972,3149.966771,2444.094805,2731.379401,4412.086974,2444.094805,3438.694885,3951.167695,2444.094805,0.001000564,0.001006515,0.001001968,0.001005531,0.001008742,0.001011081,1781.29562,1781.29562,1781.29562,4187.295545,4187.295545,4187.295545,4187.295545,4187.295545
7/11/1987,1336.583894,1463.656939,1483.397251,1273.791663,1271.295506,1483.397251,2938.377034,3953.48742,3365.294387,2769.002579,3551.575701,3365.294387,3165.306727,3149.966771,3365.294387,3029.804263,4412.086974,3365.294387,738.3676523,734.1944878,0.001001968,0.001005531,0.001008742,0.001011081,1743.265098,1743.265098,1743.265098,4092.708808,4092.708808,4092.708808,4092.708808,4092.708808
7/12/1987,1138.705979,848.2257791,1290.202274,1460.020731,1463.656939,1290.202274,3659.965543,8165.516033,4272.202604,3850.506215,3953.48742,4272.202604,3784.476685,3551.575701,4272.202604,4147.153652,3149.966771,4272.202604,764.8329585,760.4872901,0.001001968,0.001005531,0.001008742,0.001011081,1480.967264,1480.967264,1480.967264,3956.803885,3956.803885,3956.803885,3956.803885,3956.803885
7/13/1987,788.106069,1065.247062,837.7788607,849.5122116,848.2257791,837.7788607,2167.080696,6661.514695,2414.858375,2186.280047,8165.516033,2414.858375,2326.444086,3953.48742,2414.858375,2659.762625,3551.575701,2414.858375,268.1773185,266.8925971,0.001001968,0.001005531,0.001008742,0.001011081,1345.886866,1345.886866,1345.886866,3715.132557,3715.132557,3715.132557,3715.132557,3715.132557
7/14/1987,997.4355891,1075.021588,1060.050954,1047.502361,1065.247062,1060.050954,3264.874789,5338.093615,3643.105275,3257.130846,6661.514695,3643.105275,3134.789681,8165.516033,3643.105275,2937.065325,3953.48742,3643.105275,322.5167481,320.9211513,0.001001968,0.001005531,0.001008742,0.001011081,1301.806661,1301.806661,1301.806661,3772.461608,3772.461608,3772.461608,3772.461608,3772.461608
7/15/1987,1468.503439,1478.017611,1493.594938,1079.849834,1075.021588,1493.594938,5074.821087,4473.232439,5574.391071,4671.034212,5338.093615,5574.391071,4330.27221,6661.514695,5574.391071,3793.867977,8165.516033,5574.391071,0.001000564,0.001006515,0.001001968,0.001005531,0.001008742,0.001011081,1207.831229,1207.831229,1207.831229,4013.910448,4013.910448,4013.910448,4013.910448,4013.910448
7/16/1987,2562.27468,5032.282984,2632.633745,1492.778268,1478.017611,2632.633745,8657.554055,4737.035774,9825.583128,7438.556536,4473.232439,9825.583128,7298.805463,5338.093615,9825.583128,7593.724219,6661.514695,9825.583128,352.9778152,351.2044406,0.001001968,0.001005531,0.001008742,0.001011081,1172.207928,1172.207928,1172.207928,4470.835279,4470.835279,4470.835279,4470.835279,4470.835279
7/17/1987,3726.826785,1818.048823,4393.708,5033.207314,5032.282984,4393.708,7685.189904,3612.429735,9318.438136,8514.15924,4737.035774,9318.438136,8088.371003,4473.232439,9318.438136,5746.724118,5338.093615,9318.438136,2900.962762,2881.187134,0.001001968,0.001005531,0.001008742,0.001011081,1562.761185,1562.761185,1562.761185,4826.024479,4826.024479,4826.024479,4826.024479,4826.024479
7/18/1987,1173.619144,870.7593268,1242.073724,1818.251527,1818.048823,1242.073724,4316.204415,2917.475603,4920.328565,4868.778192,3612.429735,4920.328565,5540.34912,4737.035774,4920.328565,7236.718066,4473.232439,4920.328565,370.304711,368.4291996,0.001001968,0.001005531,0.001008742,0.001011081,1696.261832,1696.261832,1696.261832,5209.728928,5209.728928,5209.728928,5209.728928,5209.728928
7/19/1987,710.9984387,1052.123445,715.0057593,870.0656667,870.7593268,715.0057593,1035.411929,2636.396414,1037.169912,1195.912256,2917.475603,1037.169912,1787.493045,3612.429735,1037.169912,2862.716083,4737.035774,1037.169912,12.31977635,12.29320085,0.001001968,0.001005531,0.001008742,0.001011081,1719.056805,1719.056805,1719.056805,5376.825995,5376.825995,5376.825995,5376.825995,5376.825995
7/20/1987,919.3172188,1009.251527,984.0532062,1050.785761,1052.123445,984.0532062,2782.815397,2461.727988,3164.855633,2849.29329,2636.396414,3164.855633,3040.269235,2917.475603,3164.855633,3351.702211,3612.429735,3164.855633,354.7211696,352.9375506,0.001001968,0.001005531,0.001008742,0.001011081,1753.988961,1753.988961,1753.988961,5434.333649,5434.333649,5434.333649,5434.333649,5434.333649
7/21/1987,944.5962869,1034.556494,1014.07191,1010.306525,1009.251527,1014.07191,2759.998608,2419.188265,3126.875995,2758.50372,2461.727988,3126.875995,2857.112374,2636.396414,3126.875995,3052.574777,2917.475603,3126.875995,379.0798385,377.1523347,0.001001968,0.001005531,0.001008742,0.001011081,1778.50543,1778.50543,1778.50543,5275.508689,5275.508689,5275.508689,5275.508689,5275.508689
7/22/1987,910.0362644,894.4410298,984.6046597,1036.251458,1034.556494,984.6046597,2346.825439,2099.77804,2655.258691,2409.696914,2419.188265,2655.258691,2456.224326,2461.727988,2655.258691,2543.343683,2636.396414,2655.258691,405.9783166,403.890378,0.001001968,0.001005531,0.001008742,0.001011081,1813.906262,1813.906262,1813.906262,4974.738717,4974.738717,4974.738717,4974.738717,4974.738717
7/23/1987,777.4078666,766.6052656,836.7053342,894.7440555,894.4410298,836.7053342,2100.359265,2625.707398,2367.425818,2165.588718,2099.77804,2367.425818,2264.679317,2419.188265,2367.425818,2382.027608,2461.727988,2367.425818,331.895262,330.2451811,0.001001968,0.001005531,0.001008742,0.001011081,1746.075248,1746.075248,1746.075248,4110.945778,4110.945778,4110.945778,4110.945778,4110.945778
7/24/1987,702.6748102,771.0702748,749.3063755,766.8311333,766.6052656,749.3063755,1920.606481,3620.138519,2150.612825,1941.921936,2625.707398,2150.612825,2028.976644,2099.77804,2150.612825,2192.895196,2419.188265,2150.612825,268.1221038,266.8376938,0.001001968,0.001005531,0.001008742,0.001011081,1294.409191,1294.409191,1294.409191,3538.558092,3538.558092,3538.558092,3538.558092,3538.558092
7/25/1987,690.0911985,528.7422991,741.4066004,769.9137703,771.0702748,741.4066004,1939.735103,2932.72435,2183.751953,1972.999293,3620.138519,2183.751953,2021.713582,2625.707398,2183.751953,2091.962338,2099.77804,2183.751953,292.8906727,291.4656273,0.001001968,0.001005531,0.001008742,0.001011081,1051.997394,1051.997394,1051.997394,2984.229915,2984.229915,2984.229915,2984.229915,2984.229915
7/26/1987,660.8636215,1176.592429,665.0058044,528.5098673,528.7422991,665.0058044,1812.059806,2851.682034,1960.764708,1665.305468,2932.72435,1960.764708,1601.941752,3620.138519,1960.764708,1901.017427,2625.707398,1960.764708,6.143022162,6.133435656,0.001001968,0.001005531,0.001008742,0.001011081,914.5964418,914.5964418,914.5964418,2608.291847,2608.291847,2608.291847,2608.291847,2608.291847
7/27/1987,1340.966198,1888.274097,1419.407652,1178.005714,1176.592429,1419.407652,3008.562992,2746.822495,3355.578773,2780.103173,2851.682034,3355.578773,2578.94626,2932.72435,3355.578773,2098.739948,3620.138519,3355.578773,406.9437824,404.8500565,0.001001968,0.001005531,0.001008742,0.001011081,874.6762568,874.6762568,874.6762568,2512.000282,2512.000282,2512.000282,2512.000282,2512.000282
7/28/1987,1539.806159,927.5458673,1718.822607,1889.022138,1888.274097,1718.822607,4158.13498,2499.588451,4840.237542,4356.776038,2746.822495,4840.237542,4233.093441,2851.682034,4840.237542,3662.478854,2932.72435,4840.237542,877.9066471,872.8154713,0.001001968,0.001005531,0.001008742,0.001011081,954.7930111,954.7930111,954.7930111,2664.365115,2664.365115,2664.365115,2664.365115,2664.365115
7/29/1987,719.3192431,659.0029423,759.9981782,927.7747237,927.5458673,759.9981782,2364.433743,2203.942055,2663.706826,2525.003272,2499.588451,2663.706826,2843.733221,2746.822495,2663.706826,3304.217739,2851.682034,2663.706826,232.3794506,231.2944941,0.001001968,0.001005531,0.001008742,0.001011081,983.7553161,983.7553161,983.7553161,2763.404,2763.404,2763.404,2763.404,2763.404
7/30/1987,585.2299286,584.4888908,611.0485166,659.0603847,659.0029423,611.0485166,1622.936204,802.1065095,1789.71323,1669.683792,2203.942055,1789.71323,1865.969132,2499.588451,1789.71323,2285.664532,2746.822495,1789.71323,154.2850678,153.6183228,0.001001968,0.001005531,0.001008742,0.001011081,968.1740018,968.1740018,968.1740018,2793.958239,2793.958239,2793.958239,2793.958239,2793.958239
7/31/1987,547.9569543,640.4956602,570.1170543,584.7072122,584.4888908,570.1170543,1849.751063,1896.649236,2064.476702,1856.318764,802.1065095,2064.476702,1907.238253,2203.942055,2064.476702,2147.099294,2499.588451,2064.476702,134.5946905,134.0286022,0.001001968,0.001005531,0.001008742,0.001011081,941.0868839,941.0868839,941.0868839,2773.160759,2773.160759,2773.160759,2773.160759,2773.160759
8/1/1987,639.9861454,1032.476721,675.9250576,640.805064,640.4956602,675.9250576,2055.201965,3448.670985,2310.557976,2014.33619,1896.649236,2310.557976,2042.63257,802.1065095,2310.557976,2064.850016,2203.942055,2310.557976,211.8339445,210.8615569,0.001001968,0.001005531,0.001008742,0.001011081,922.6058102,922.6058102,922.6058102,2768.190283,2768.190283,2768.190283,2768.190283,2768.190283
8/2/1987,754.1720565,747.9967289,824.1386126,845.890105,1032.476721,824.1386126,2083.755062,3958.695854,2374.415801,2115.268474,3448.670985,2374.415801,2127.869459,1896.649236,2374.415801,2004.890236,802.1065095,2374.415801,386.6407854,384.6683442,0.001001968,0.001005531,0.001008742,0.001011081,968.2126207,968.2126207,968.2126207,2777.494772,2777.494772,2777.494772,2777.494772,2777.494772
8/3/1987,896.8002519,971.5026795,918.4723407,806.7501406,747.9967289,918.4723407,1075.762893,4008.90201,1103.664185,987.9710616,3958.695854,1103.664185,829.5366159,3448.670985,1103.664185,960.5234275,1896.649236,1103.664185,0.001000564,0.001006515,0.001001968,0.001005531,0.001008742,0.001011081,929.5690595,929.5690595,929.5690595,2533.790832,2533.790832,2533.790832,2533.790832,2533.790832
8/4/1987,1664.974289,2789.27053,1717.754215,1080.606222,971.5026795,1717.754215,2598.780441,3484.951384,2800.707656,1978.296158,4008.90201,2800.707656,1921.146687,3958.695854,2800.707656,1619.247349,3448.670985,2800.707656,248.7203344,247.5447328,0.001001968,0.001005531,0.001008742,0.001011081,838.5218727,838.5218727,838.5218727,2293.826438,2293.826438,2293.826438,2293.826438,2293.826438
8/5/1987,2263.523529,1405.385566,2597.570038,2782.773034,2789.27053,2597.570038,4522.866178,2992.751053,5373.424736,4801.479111,3484.951384,5373.424736,4582.604377,4008.90201,5373.424736,3347.15232,3958.695854,5373.424736,1556.337399,1546.553181,0.001001968,0.001005531,0.001008742,0.001011081,985.5748232,985.5748232,985.5748232,2315.392088,2315.392088,2315.392088,2315.392088,2315.392088
8/6/1987,988.9374035,741.3405867,1055.903339,1407.952482,1405.385566,1055.903339,3885.24922,3311.984574,4416.366135,4225.811842,2992.751053,4416.366135,4430.289703,3484.951384,4416.366135,5080.135028,4008.90201,4416.366135,363.6267143,361.7906512,0.001001968,0.001005531,0.001008742,0.001011081,1091.551397,1091.551397,1091.551397,2565.735568,2565.735568,2565.735568,2565.735568,2565.735568
8/7/1987,627.0681267,735.8130777,636.2152942,749.5251406,741.3405867,636.2152942,2020.766098,3914.103256,2212.240396,2122.644058,3311.984574,2212.240396,2448.178878,2992.751053,2212.240396,3054.025277,3484.951384,2212.240396,49.31691578,49.15194014,0.001001968,0.001005531,0.001008742,0.001011081,1155.64515,1155.64515,1155.64515,2871.556189,2871.556189,2871.556189,2871.556189,2871.556189
8/8/1987,655.3001634,731.7267259,689.5087091,736.1238083,735.8130777,689.5087091,2142.19373,2883.824813,2402.270358,2181.921323,3914.103256,2402.270358,2343.925926,3311.984574,2402.270358,2603.700021,2992.751053,2402.270358,200.9380883,200.0247198,0.001001968,0.001005531,0.001008742,0.001011081,1188.625391,1188.625391,1188.625391,2965.373538,2965.373538,2965.373538,2965.373538,2965.373538
8/9/1987,619.3230153,493.6814361,656.5406882,697.2916564,731.7267259,656.5406882,2269.643,2566.16854,2559.616274,2302.366869,2883.824813,2559.616274,2363.896784,3914.103256,2559.616274,2510.138166,3311.984574,2559.616274,218.8529171,217.8422556,0.001001968,0.001005531,0.001008742,0.001011081,1179.900522,1179.900522,1179.900522,3017.080976,3017.080976,3017.080976,3017.080976,3017.080976
8/10/1987,498.3959117,523.3317911,502.4809108,501.558042,493.6814361,502.4809108,3142.370172,2205.527167,3512.821581,3119.242693,2566.16854,3512.821581,3111.143134,2883.824813,3512.821581,3212.628446,3914.103256,3512.821581,0.001000564,0.001006515,0.001001968,0.001005531,0.001008742,0.001011081,1158.738322,1158.738322,1158.738322,3334.47134,3334.47134,3334.47134,3334.47134,3334.47134
8/11/1987,623.2844777,1150.022702,631.1356109,546.6076537,523.3317911,631.1356109,3157.70485,2060.079328,3552.65792,3038.424862,2205.527167,3552.65792,2980.037988,2566.16854,3552.65792,3218.858123,2883.824813,3552.65792,36.95220283,36.83772131,0.001001968,0.001005531,0.001008742,0.001011081,1091.66091,1091.66091,1091.66091,3574.232234,3574.232234,3574.232234,3574.232234,3574.232234
8/12/1987,1051.714622,909.0752079,1173.434086,1151.0836,1150.022702,1173.434086,2786.495338,1959.881639,3218.09586,2786.928508,2060.079328,3218.09586,2843.962689,2205.527167,3218.09586,2324.090707,2566.16854,3218.09586,633.4795157,629.9817697,0.001001968,0.001005531,0.001008742,0.001011081,927.5593101,927.5593101,927.5593101,3468.09899,3468.09899,3468.09899,3468.09899,3468.09899
8/13/1987,718.3473862,539.0706011,786.4747145,909.0118672,909.0752079,786.4747145,2422.751914,1770.41763,2772.919197,2547.017838,1959.881639,2772.919197,2565.950829,2060.079328,2772.919197,2851.519611,2205.527167,2772.919197,379.0275074,377.1003141,0.001001968,0.001005531,0.001008742,0.001011081,828.0572701,828.0572701,828.0572701,3186.728767,3186.728767,3186.728767,3186.728767,3186.728767
8/14/1987,474.8168852,534.8506968,496.3867702,539.061453,539.0706011,496.3867702,1406.042113,1689.486291,1547.031744,1447.099334,1770.41763,1547.031744,1578.421456,1959.881639,1547.031744,1839.512414,2060.079328,1547.031744,135.6101468,135.0389247,0.001001968,0.001005531,0.001008742,0.001011081,767.4173007,767.4173007,767.4173007,2879.359497,2879.359497,2879.359497,2879.359497,2879.359497
8/15/1987,487.5857835,523.6356828,516.4457405,534.8934006,534.8506968,516.4457405,1484.53156,1638.345188,1654.943282,1502.646376,1689.486291,1654.943282,1558.980925,1770.41763,1654.943282,1674.457591,1959.881639,1654.943282,176.8059483,176.0214599,0.001001968,0.001005531,0.001008742,0.001011081,722.7872634,722.7872634,722.7872634,2739.536812,2739.536812,2739.536812,2739.536812,2739.536812
8/16/1987,479.0694441,502.978376,509.6838657,523.7277723,523.6356828,509.6838657,1592.321829,1591.2136,1786.657896,1604.278932,1638.345188,1786.657896,1635.048718,1689.486291,1786.657896,1697.844591,1770.41763,1786.657896,186.7709217,185.9335343,0.001001968,0.001005531,0.001008742,0.001011081,692.9988556,692.9988556,692.9988556,2637.821179,2637.821179,2637.821179,2637.821179,2637.821179
8/17/1987,461.0465615,482.9847295,490.8802823,503.116925,502.978376,490.8802823,1493.810811,1717.540406,1670.492972,1505.031845,1591.2136,1670.492972,1532.202976,1638.345188,1670.492972,1581.78333,1689.486291,1670.492972,182.8597923,182.0432224,0.001001968,0.001005531,0.001008742,0.001011081,693.6546462,693.6546462,693.6546462,2417.159947,2417.159947,2417.159947,2417.159947,2417.159947
8/18/1987,443.423464,469.8642127,472.2619282,483.1603977,482.9847295,472.2619282,1439.302356,1683.979466,1609.593783,1449.371638,1717.540406,1609.593783,1474.656406,1591.2136,1609.593783,1517.952231,1638.345188,1609.593783,177.7443816,176.9549315,0.001001968,0.001005531,0.001008742,0.001011081,688.8954761,688.8954761,688.8954761,2096.390327,2096.390327,2096.390327,2096.390327,2096.390327
8/19/1987,427.0836583,452.9252118,454.9670046,464.7819116,469.8642127,454.9670046,1400.184093,1715.580104,1566.131651,1409.043315,1683.979466,1566.131651,1432.275784,1717.540406,1566.131651,1475.386612,1591.2136,1566.131651,172.8144903,172.0510577,0.001001968,0.001005531,0.001008742,0.001011081,597.3355456,597.3355456,597.3355456,1930.257931,1930.257931,1930.257931,1930.257931,1930.257931
8/20/1987,419.4865199,441.3927843,445.9882261,453.9488268,452.9252118,445.9882261,1407.071535,1626.240243,1571.012273,1414.95539,1715.580104,1571.012273,1433.274752,1683.979466,1571.012273,1431.589632,1717.540406,1571.012273,164.078548,163.3609229,0.001001968,0.001005531,0.001008742,0.001011081,535.4768328,535.4768328,535.4768328,1792.295581,1792.295581,1792.295581,1792.295581,1792.295581
8/21/1987,413.6389875,440.2603668,439.8539011,445.6049784,441.3927843,439.8539011,1507.127474,1508.589253,1691.479263,1509.354934,1626.240243,1691.479263,1520.831959,1715.580104,1691.479263,1575.794688,1683.979466,1691.479263,162.7041853,161.9937311,0.001001968,0.001005531,0.001008742,0.001011081,505.0422695,505.0422695,505.0422695,1720.140694,1720.140694,1720.140694,1720.140694,1720.140694
8/22/1987,397.8976939,414.1490841,425.0400042,431.8130772,440.2603668,425.0400042,1440.104821,1454.586294,1616.480297,1444.470536,1508.589253,1616.480297,1469.334829,1626.240243,1616.480297,1499.617953,1715.580104,1616.480297,169.4905775,168.7446194,0.001001968,0.001005531,0.001008742,0.001011081,486.176685,486.176685,486.176685,1681.852034,1681.852034,1681.852034,1681.852034,1681.852034
8/23/1987,389.1614871,407.7683622,413.7570082,415.3771691,414.1490841,413.7570082,1489.645411,1898.084898,1673.445009,1487.030763,1454.586294,1673.445009,1500.355276,1508.589253,1673.445009,1542.882308,1626.240243,1673.445009,153.6223496,152.9590289,0.001001968,0.001005531,0.001008742,0.001011081,468.9938791,468.9938791,468.9938791,1669.232972,1669.232972,1669.232972,1669.232972,1669.232972
8/24/1987,381.062899,395.5979216,406.3576547,414.9780011,407.7683622,406.3576547,1398.606497,2871.897187,1568.807563,1404.053936,1898.084898,1568.807563,1413.743311,1454.586294,1568.807563,1457.01096,1508.589253,1568.807563,158.3496844,157.6618849,0.001001968,0.001005531,0.001008742,0.001011081,454.6097224,454.6097224,454.6097224,1655.990609,1655.990609,1655.990609,1655.990609,1655.990609
8/25/1987,362.6478417,414.5442222,387.6264277,396.1625336,395.5979216,387.6264277,1296.049941,1754.03404,1451.966593,1302.663667,2871.897187,1451.966593,1322.030441,1898.084898,1451.966593,1352.588344,1454.586294,1451.966593,158.2392015,157.5519754,0.001001968,0.001005531,0.001008742,0.001011081,441.730787,441.730787,441.730787,1632.422205,1632.422205,1632.422205,1632.422205,1632.422205
8/26/1987,342.0142617,1532.163067,364.780947,373.0306696,414.5442222,364.780947,1248.35207,7990.706264,1397.680568,1254.226423,1754.03404,1397.680568,1271.006605,2871.897187,1397.680568,1313.392313,1898.084898,1397.680568,146.1135572,145.4888615,0.001001968,0.001005531,0.001008742,0.001011081,428.2285232,428.2285232,428.2285232,1607.893026,1607.893026,1607.893026,1607.893026,1607.893026
8/27/1987,694.2774242,3602.584994,751.6304362,701.9885099,1532.163067,751.6304362,2350.168469,9872.530187,2657.312768,2318.58137,7990.706264,2657.312768,2247.706765,1754.03404,2657.312768,1717.814895,2871.897187,2657.312768,309.2796206,307.7605273,0.001001968,0.001005531,0.001008742,0.001011081,445.0694948,445.0694948,445.0694948,1677.798273,1677.798273,1677.798273,1677.798273,1677.798273
8/28/1987,2763.083178,4989.427467,2974.636671,2469.48739,3602.584994,2974.636671,5562.807167,8031.529484,6204.811966,5167.891481,9872.530187,6204.811966,4692.621008,7990.706264,6204.811966,3350.989797,1754.03404,6204.811966,664.6430611,660.9460834,0.001001968,0.001005531,0.001008742,0.001011081,653.0629124,653.0629124,653.0629124,2035.671033,2035.671033,2035.671033,2035.671033,2035.671033
8/29/1987,6357.452767,5491.468312,7023.176382,5967.297094,4989.427467,7023.176382,7915.541753,8579.617164,8883.299005,7273.86219,8031.529484,8883.299005,6784.121238,9872.530187,8883.299005,3320.485101,7990.706264,8883.299005,2041.26286,2027.958628,0.001001968,0.001005531,0.001008742,0.001011081,1305.509483,1305.509483,1305.509483,2501.504003,2501.504003,2501.504003,2501.504003,2501.504003
8/30/1987,5586.652348,4497.985866,6268.883427,6050.652339,5491.468312,6268.883427,10288.10382,6948.876787,12014.95894,10316.04183,8579.617164,12014.95894,10326.90648,8031.529484,12014.95894,10274.93926,9872.530187,12014.95894,2612.952076,2595.372425,0.001001968,0.001005531,0.001008742,0.001011081,2038.219497,2038.219497,2038.219497,3656.354579,3656.354579,3656.354579,3656.354579,3656.354579
8/31/1987,3528.950428,3440.033835,4008.629392,4452.054202,4497.985866,4008.629392,6962.051213,6125.738873,8195.233777,7551.532419,6948.876787,8195.233777,8430.328041,8579.617164,8195.233777,9287.325484,8031.529484,8195.233777,2070.693751,2057.172458,0.001001968,0.001005531,0.001008742,0.001011081,2681.486516,2681.486516,2681.486516,4776.633983,4776.633983,4776.633983,4776.633983,4776.633983
9/1/1987,2797.119539,2784.867941,3082.096314,3492.811766,3440.033835,3082.096314,5171.93165,4881.297345,5862.202012,5708.338393,6125.738873,5862.202012,6064.9435,6948.876787,5862.202012,7003.275867,8579.617164,5862.202012,1189.35367,1182.148904,0.001001968,0.001005531,0.001008742,0.001011081,3139.378276,3139.378276,3139.378276,5655.78181,5655.78181,5655.78181,5655.78181,5655.78181
9/2/1987,2674.074392,2498.827777,2887.405215,2834.925561,2784.867941,2887.405215,5866.127214,4154.282048,6636.74573,5873.401866,4881.297345,6636.74573,6325.081121,6125.738873,6636.74573,7167.242462,6948.876787,6636.74573,910.9974137,905.6856432,0.001001968,0.001005531,0.001008742,0.001011081,3535.897611,3535.897611,3535.897611,6604.646653,6604.646653,6604.646653,6604.646653,6604.646653
9/3/1987,2149.840188,1809.125877,2381.363285,2511.986167,2498.827777,2381.363285,4569.907612,4153.085783,5249.256015,4769.791981,4154.282048,5249.256015,5361.129327,4881.297345,5249.256015,5779.733149,6125.738873,5249.256015,1056.061439,1049.770994,0.001001968,0.001005531,0.001008742,0.001011081,3871.233314,3871.233314,3871.233314,7182.569516,7182.569516,7182.569516,7182.569516,7182.569516
9/4/1987,1532.804564,1458.899544,1664.650268,1817.74994,1809.125877,1664.650268,3856.40297,6380.402463,4388.838974,4036.144015,4153.085783,4388.838974,4359.052819,4154.282048,4388.838974,5386.204262,4881.297345,4388.838974,624.007379,620.5699333,0.001001968,0.001005531,0.001008742,0.001011081,3893.606377,3893.606377,3893.606377,7307.239571,7307.239571,7307.239571,7307.239571,7307.239571
9/5/1987,1284.846315,1306.908869,1382.161917,1464.674092,1458.899544,1382.161917,2824.078345,9667.312031,3170.810316,2933.124419,6380.402463,3170.810316,3183.009407,4153.085783,3170.810316,3681.676677,4154.282048,3170.810316,469.1368779,466.6664239,0.001001968,0.001005531,0.001008742,0.001011081,3413.248986,3413.248986,3413.248986,7183.657373,7183.657373,7183.657373,7183.657373,7183.657373
9/6/1987,1169.277295,1466.948554,1252.586193,1295.701545,1306.908869,1252.586193,2917.12415,24534.99441,3282.741203,2976.18281,9667.312031,3282.741203,3119.963845,6380.402463,3282.741203,3421.744328,4153.085783,3282.741203,406.6324231,404.5405638,0.001001968,0.001005531,0.001008742,0.001011081,2819.380581,2819.380581,2819.380581,6309.714683,6309.714683,6309.714683,6309.714683,6309.714683
9/7/1987,1352.859017,2281.614292,1463.09417,1458.006649,1466.948554,1463.09417,3657.749928,20503.35945,4148.513585,3677.595598,24534.99441,4148.513585,3715.506613,9667.312031,4148.513585,3559.727768,6380.402463,4148.513585,526.5905297,523.7657745,0.001001968,0.001005531,0.001008742,0.001011081,2320.250745,2320.250745,2320.250745,5524.254777,5524.254777,5524.254777,5524.254777,5524.254777
9/8/1987,1580.357776,5695.132363,1697.637204,1683.039068,2281.614292,1697.637204,6695.197651,19264.3413,7647.203244,6682.869579,20503.35945,7647.203244,6518.682392,24534.99441,7647.203244,5822.919388,9667.312031,7647.203244,534.7940468,531.9182526,0.001001968,0.001005531,0.001008742,0.001011081,2015.14802,2015.14802,2015.14802,5431.667317,5431.667317,5431.667317,5431.667317,5431.667317
9/9/1987,8106.520903,12245.67027,8662.296968,5931.100125,5695.132363,8662.296968,19238.87795,18938.904,21686.15832,16869.64295,19264.3413,21686.15832,14884.52273,20503.35945,21686.15832,9193.17553,24534.99441,21686.15832,1682.235394,1671.54827,0.001001968,0.001005531,0.001008742,0.001011081,2065.779716,2065.779716,2065.779716,6186.516177,6186.516177,6186.516177,6186.516177,6186.516177
9/10/1987,13153.31994,14832.05226,14698.40319,12469.77738,12245.67027,14698.40319,32493.15862,23384.86342,38549.64519,30533.39013,18938.904,38549.64519,28891.40156,19264.3413,38549.64519,26144.46444,20503.35945,38549.64519,5834.878892,5791.6317,0.001001968,0.001005531,0.001008742,0.001011081,3058.230108,3058.230108,3058.230108,9389.390749,9389.390749,9389.390749,9389.390749,9389.390749
9/11/1987,10787.55476,5927.449156,12925.06377,14848.45136,14832.05226,12925.06377,21123.06398,26535.38982,26111.35271,23683.04803,23384.86342,26111.35271,25389.46565,18938.904,26111.35271,21577.78516,19264.3413,26111.35271,8271.148936,8207.38821,0.001001968,0.001005531,0.001008742,0.001011081,4851.945262,4851.945262,4851.945262,11970.02995,11970.02995,11970.02995,11970.02995,11970.02995
9/12/1987,3571.981923,5394.991311,3913.482821,5758.953293,5927.449156,3913.482821,10588.72348,21838.68489,12277.14819,12468.5982,26535.38982,12277.14819,14908.01116,23384.86342,12277.14819,22086.92463,18938.904,12277.14819,1493.594613,1484.257173,0.001001968,0.001005531,0.001008742,0.001011081,5761.231681,5761.231681,5761.231681,14368.33054,14368.33054,14368.33054,14368.33054,14368.33054
9/13/1987,5185.511567,11121.79645,5555.407789,5125.679503,5394.991311,5555.407789,12842.21312,19543.17267,14074.43675,12689.7888,21838.68489,14074.43675,13788.01169,26535.38982,14074.43675,11516.34519,23384.86342,14074.43675,1369.559882,1361.098965,0.001001968,0.001005531,0.001008742,0.001011081,6393.257344,6393.257344,6393.257344,16749.38906,16749.38906,16749.38906,16749.38906,16749.38906
9/14/1987,10677.57156,10038.56571,12085.21129,11314.71734,11121.79645,12085.21129,27272.35713,16244.06146,31863.09646,26967.54163,19543.17267,31863.09646,25914.2067,21838.68489,31863.09646,23273.297,26535.38982,31863.09646,5166.652402,5128.892919,0.001001968,0.001005531,0.001008742,0.001011081,7508.628058,7508.628058,7508.628058,19713.04889,19713.04889,19713.04889,19713.04889,19713.04889
9/15/1987,9076.413468,7410.234373,10140.44388,10161.70602,10038.56571,10140.44388,23743.58754,12928.46534,27854.12535,23997.93281,16244.06146,27854.12535,24540.05987,19543.17267,27854.12535,26623.58424,21838.68489,27854.12535,4079.397254,4050.404301,0.001001968,0.001005531,0.001008742,0.001011081,8728.375928,8728.375928,8728.375928,22433.72744,22433.72744,22433.72744,22433.72744,22433.72744
9/16/1987,6067.811232,5247.72773,6805.033938,7418.111829,7410.234373,6805.033938,13658.36297,15222.46978,15901.94841,14486.36024,12928.46534,15901.94841,16589.14611,16244.06146,15901.94841,18745.48733,19543.17267,15901.94841,3004.200333,2983.631497,0.001001968,0.001005531,0.001008742,0.001011081,9502.982706,9502.982706,9502.982706,23483.77383,23483.77383,23483.77383,23483.77383,23483.77383
9/17/1987,4102.609514,4827.442863,4486.672724,5147.122422,5247.72773,4486.672724,11163.98264,14792.59632,12831.81301,11904.84071,15222.46978,12831.81301,12990.7352,12928.46534,12831.81301,16390.73641,16244.06146,12831.81301,1605.58781,1595.451377,0.001001968,0.001005531,0.001008742,0.001011081,8949.987555,8949.987555,8949.987555,21813.58383,21813.58383,21813.58383,21813.58383,21813.58383
9/18/1987,4305.23624,7102.058241,4684.090664,4695.217977,4827.442863,4684.090664,10408.58305,15262.36014,11836.05578,10541.97545,14792.59632,11836.05578,11203.28499,15222.46978,11836.05578,12102.63121,12928.46534,11836.05578,1480.803927,1471.557294,0.001001968,0.001005531,0.001008742,0.001011081,7594.10026,7594.10026,7594.10026,20470.21753,20470.21753,20470.21753,20470.21753,20470.21753
9/19/1987,7095.723577,9368.81969,7869.456915,7207.585893,7102.058241,7869.456915,13631.53826,13938.11746,15613.15033,13285.52126,15262.36014,15613.15033,12982.14703,14792.59632,15613.15033,11256.05891,15222.46978,15613.15033,2933.254835,2913.231428,0.001001968,0.001005531,0.001008742,0.001011081,7348.003634,7348.003634,7348.003634,19287.4363,19287.4363,19287.4363,19287.4363,19287.4363
9/20/1987,8599.508117,7328.91072,9708.005978,9438.201396,9368.81969,9708.005978,17040.90898,11144.99895,19982.04523,17130.06368,13938.11746,19982.04523,17022.42086,15262.36014,19982.04523,15551.59665,14792.59632,19982.04523,4287.901283,4257.244489,0.001001968,0.001005531,0.001008742,0.001011081,7724.632372,7724.632372,7724.632372,18671.01136,18671.01136,18671.01136,18671.01136,18671.01136
9/21/1987,6268.614961,5328.92627,7071.124518,7341.083426,7328.91072,7071.124518,12545.63019,9318.274796,14660.37922,13071.08128,11144.99895,14660.37922,14705.1066,13938.11746,14660.37922,15390.44899,15262.36014,14660.37922,3255.899634,3233.38445,0.001001968,0.001005531,0.001008742,0.001011081,7594.225235,7594.225235,7594.225235,17406.81751,17406.81751,17406.81751,17406.81751,17406.81751
9/22/1987,4297.960321,3728.685604,4753.884526,5334.998547,5328.92627,4753.884526,9465.999962,7925.403173,10891.42571,10181.47623,9318.274796,10891.42571,11159.34189,11144.99895,10891.42571,13884.91388,13938.11746,10891.42571,1914.489814,1902.116367,0.001001968,0.001005531,0.001008742,0.001011081,7017.587562,7017.587562,7017.587562,15768.14523,15768.14523,15768.14523,15768.14523,15768.14523
9/23/1987,3267.101972,3556.626894,3517.540809,3731.013784,3728.685604,3517.540809,7685.660686,7180.73221,8688.854069,7962.268769,7925.403173,8688.854069,8856.315341,9318.274796,8688.854069,10638.99075,11144.99895,8688.854069,1067.805568,1061.435114,0.001001968,0.001005531,0.001008742,0.001011081,6380.577545,6380.577545,6380.577545,14505.52983,14505.52983,14505.52983,14505.52983,14505.52983
9/24/1987,3146.824913,3263.452997,3428.617963,3557.400484,3556.626894,3428.617963,7274.499493,6663.632067,8286.113026,7478.077199,7180.73221,8286.113026,7982.679632,7925.403173,8286.113026,8801.168563,9318.274796,8286.113026,1217.975707,1210.572897,0.001001968,0.001005531,0.001008742,0.001011081,6077.061547,6077.061547,6077.061547,13452.30496,13452.30496,13452.30496,13452.30496,13452.30496
9/25/1987,2908.685079,3018.229922,3163.557925,3264.057331,3263.452997,3163.557925,6871.189981,6210.80959,7820.17298,7036.630873,6663.632067,7820.17298,7378.615585,7180.73221,7820.17298,7960.89629,7925.403173,7820.17298,1108.46059,1101.812327,0.001001968,0.001005531,0.001008742,0.001011081,5836.652956,5836.652956,5836.652956,12643.08148,12643.08148,12643.08148,12643.08148,12643.08148
9/26/1987,2712.65098,2745.827338,2944.511184,3018.379631,3018.229922,2944.511184,6034.853878,5842.761568,6839.183829,6174.55299,6210.80959,6839.183829,6477.75501,6663.632067,6839.183829,6919.4825,7180.73221,6839.183829,1015.359757,1009.345727,0.001001968,0.001005531,0.001008742,0.001011081,5390.137448,5390.137448,5390.137448,11889.87224,11889.87224,11889.87224,11889.87224,11889.87224
9/27/1987,2474.166645,2570.863215,2682.042969,2745.393126,2745.827338,2682.042969,5527.327636,5082.467693,6256.106446,5649.038509,5842.761568,6256.106446,5961.715163,6210.80959,6256.106446,6342.536975,6663.632067,6256.106446,920.8879846,915.5100795,0.001001968,0.001005531,0.001008742,0.001011081,4599.51086,4599.51086,4599.51086,10561.34898,10561.34898,10561.34898,10561.34898,10561.34898
9/28/1987,2323.845909,2428.155457,2519.393126,2570.165205,2570.863215,2519.393126,5211.887539,4966.264035,5898.850971,5317.113852,5082.467693,5898.850971,5571.348182,5842.761568,5898.850971,5907.546124,6210.80959,5898.850971,873.2072614,868.1473281,0.001001968,0.001005531,0.001008742,0.001011081,3795.887328,3795.887328,3795.887328,9188.299643,9188.299643,9188.299643,9188.299643,9188.299643
9/29/1987,2197.175863,2316.270054,2381.348499,2423.593249,2428.155457,2381.348499,4932.430106,6115.01623,5580.424467,5025.735804,4966.264035,5580.424467,5246.396509,5082.467693,5580.424467,5520.13536,5842.761568,5580.424467,828.0400645,823.2792962,0.001001968,0.001005531,0.001008742,0.001011081,3302.490597,3302.490597,3302.490597,7940.882216,7940.882216,7940.882216,7940.882216,7940.882216
9/30/1987,2073.599188,2114.294139,2243.702232,2288.252863,2316.270054,2243.702232,4701.580661,5646.402776,5314.454259,4792.515716,6115.01623,5314.454259,4979.208572,4966.264035,5314.454259,5227.730425,5082.467693,5314.454259,767.7751005,763.4102063,0.001001968,0.001005531,0.001008742,0.001011081,3001.231563,3001.231563,3001.231563,7038.612935,7038.612935,7038.612935,7038.612935,7038.612935
10/1/1987,2001.228211,2452.975527,2137.857073,2125.9511,2114.294139,2137.857073,4180.096464,6912.349716,4659.569094,4212.277311,5646.402776,4659.569094,4321.5183,6115.01623,4659.569094,4593.310803,4966.264035,4659.569094,603.7012693,600.3926786,0.001001968,0.001005531,0.001008742,0.001011081,2755.242882,2755.242882,2755.242882,6385.829466,6385.829466,6385.829466,6385.829466,6385.829466
10/2/1987,2345.527274,3577.095021,2551.202875,2431.45623,2452.975527,2551.202875,4538.57046,8360.573251,5123.867517,4487.70816,6912.349716,5123.867517,4645.17295,5646.402776,5123.867517,4415.902108,6115.01623,5123.867517,925.1762735,919.769666,0.001001968,0.001005531,0.001008742,0.001011081,2611.027541,2611.027541,2611.027541,5926.032455,5926.032455,5926.032455,5926.032455,5926.032455
10/3/1987,2346.695434,3389.63187,2605.50925,2723.343469,3577.095021,2605.50925,5644.536787,7635.790554,6526.104235,5826.840464,8360.573251,6526.104235,5966.360261,6912.349716,6526.104235,5828.314327,5646.402776,6526.104235,1158.901237,1151.906536,0.001001968,0.001005531,0.001008742,0.001011081,2541.778568,2541.778568,2541.778568,5750.013846,5750.013846,5750.013846,5750.013846,5750.013846
10/4/1987,3223.573311,2466.609318,3592.777661,3805.507197,3389.63187,3592.777661,6096.900818,7102.985943,6991.61678,6489.401337,7635.790554,6991.61678,6574.093882,8360.573251,6991.61678,5509.7209,6912.349716,6991.61678,1250.33803,1242.710605,0.001001968,0.001005531,0.001008742,0.001011081,2648.975152,2648.975152,2648.975152,5738.546195,5738.546195,5738.546195,5738.546195,5738.546195
10/5/1987,3014.64921,4201.583718,3252.334926,2746.851509,2466.609318,3252.334926,6623.641927,6914.436427,7502.376083,6194.922648,7102.985943,7502.376083,6589.3392,7635.790554,7502.376083,7406.336261,8360.573251,7502.376083,892.7149516,887.5251874,0.001001968,0.001005531,0.001008742,0.001011081,2696.498743,2696.498743,2696.498743,5933.552154,5933.552154,5933.552154,5933.552154,5933.552154
10/6/1987,3683.292179,4246.331389,4200.442319,3925.774663,4201.583718,4200.442319,7376.520078,6540.84302,8709.681987,7259.054284,6914.436427,8709.681987,7539.99418,7102.985943,8709.681987,6923.927451,7635.790554,8709.681987,2213.593119,2199.012934,0.001001968,0.001005531,0.001008742,0.001011081,2877.199941,2877.199941,2877.199941,6163.239905,6163.239905,6163.239905,6163.239905,6163.239905
10/7/1987,3697.520408,3089.472923,4205.711488,4368.767207,4246.331389,4205.711488,7573.238825,5688.039866,8902.468785,7909.510382,6540.84302,8902.468785,7974.158987,6914.436427,8902.468785,7720.095144,7102.985943,8902.468785,2063.440461,2049.972697,0.001001968,0.001005531,0.001008742,0.001011081,3118.060632,3118.060632,3118.060632,6438.605925,6438.605925,6438.605925,6438.605925,6438.605925
10/8/1987,2876.4907,2965.16358,3169.224218,3187.881884,3089.472923,3169.224218,5649.959061,5336.112764,6464.028841,5768.908161,5688.039866,6464.028841,6198.963039,6540.84302,6464.028841,6986.565965,6914.436427,6464.028841,1232.226131,1224.724503,0.001001968,0.001005531,0.001008742,0.001011081,3297.454116,3297.454116,3297.454116,6842.436672,6842.436672,6842.436672,6842.436672,6842.436672
10/9/1987,2601.10337,2561.40303,2892.404295,2977.276406,2965.16358,2892.404295,4898.560763,5620.171305,5631.740299,5085.018725,5336.112764,5631.740299,5469.241134,5688.039866,5631.740299,5817.495957,6540.84302,5631.740299,1276.48176,1268.67236,0.001001968,0.001005531,0.001008742,0.001011081,3396.61855,3396.61855,3396.61855,7108.851151,7108.851151,7108.851151,7108.851151,7108.851151
10/10/1987,2184.72466,2290.989283,2404.168616,2532.715406,2561.40303,2404.168616,4776.065028,5395.524021,5466.914686,4968.830142,5620.171305,5466.914686,5247.880616,5336.112764,5466.914686,5825.586777,5688.039866,5466.914686,975.3484117,969.6047545,0.001001968,0.001005531,0.001008742,0.001011081,3393.443441,3393.443441,3393.443441,7099.891247,7099.891247,7099.891247,7099.891247,7099.891247
10/11/1987,2072.464218,2611.358526,2256.202527,2255.520444,2290.989283,2256.202527,4242.687348,5067.513604,4797.699066,4304.069387,5395.524021,4797.699066,4565.811419,5620.171305,4797.699066,4854.897599,5336.112764,4797.699066,806.9698456,802.3479246,0.001001968,0.001005531,0.001008742,0.001011081,3210.910233,3210.910233,3210.910233,6925.540337,6925.540337,6925.540337,6925.540337,6925.540337
10/12/1987,2438.871749,2612.186315,2692.615448,2645.870115,2611.358526,2692.615448,4769.165621,4692.3086,5449.158985,4812.686074,5067.513604,5449.158985,4942.596191,5395.524021,5449.158985,4754.522882,5620.171305,5449.158985,1100.644416,1094.049663,0.001001968,0.001005531,0.001008742,0.001011081,3147.723543,3147.723543,3147.723543,6580.567563,6580.567563,6580.567563,6580.567563,6580.567563
10/13/1987,2409.175001,2417.869568,2669.137273,2632.377391,2612.186315,2669.137273,5093.72497,4406.265144,5860.937521,5135.052917,4692.3086,5860.937521,5352.207678,5067.513604,5860.937521,5411.03412,5395.524021,5860.937521,1151.923099,1144.976439,0.001001968,0.001005531,0.001008742,0.001011081,2986.322565,2986.322565,2986.322565,6309.030163,6309.030163,6309.030163,6309.030163,6309.030163
10/14/1987,2097.212915,2012.863897,2327.453903,2418.006421,2417.869568,2327.453903,4365.207564,4136.001776,5018.603116,4527.191021,4406.265144,5018.603116,4780.077186,4692.3086,5018.603116,5032.828737,5067.513604,5018.603116,1040.724402,1034.538274,0.001001968,0.001005531,0.001008742,0.001011081,2764.191898,2764.191898,2764.191898,5997.257633,5997.257633,5997.257633,5997.257633,5997.257633
10/15/1987,1769.547925,1853.13611,1938.669863,2011.897388,2012.863897,1938.669863,3764.493022,3951.489781,4281.618957,3889.690492,4136.001776,4281.618957,4145.213936,4406.265144,4281.618957,4562.415801,4692.3086,4281.618957,774.130965,769.7245046,0.001001968,0.001005531,0.001008742,0.001011081,2583.945309,2583.945309,2583.945309,5590.760699,5590.760699,5590.760699,5590.760699,5590.760699
10/16/1987,1669.348497,1806.802632,1824.889997,1851.795715,1853.13611,1824.889997,3499.874567,3845.341041,3970.896284,3575.609011,3951.489781,3970.896284,3786.304423,4136.001776,3970.896284,4044.490338,4406.265144,3970.896284,716.0872538,712.0586899,0.001001968,0.001005531,0.001008742,0.001011081,2415.914095,2415.914095,2415.914095,5261.929153,5261.929153,5261.929153,5261.929153,5261.929153
10/17/1987,1631.896823,1748.901605,1787.981144,1805.212902,1806.802632,1787.981144,3527.002875,3854.776928,4012.290118,3591.175625,3845.341041,4012.290118,3752.105101,3951.489781,4012.290118,3898.464374,4136.001776,4012.290118,721.918251,717.8519001,0.001001968,0.001005531,0.001008742,0.001011081,2301.10799,2301.10799,2301.10799,4997.83091,4997.83091,4997.83091,4997.83091,4997.83091
10/18/1987,1580.23681,1690.57036,1731.986772,1747.150293,1748.901605,1731.986772,3421.329671,3910.140992,3892.518493,3482.051455,3854.776928,3892.518493,3629.240205,3845.341041,3892.518493,3750.816323,3951.489781,3892.518493,705.1238146,701.1661881,0.001001968,0.001005531,0.001008742,0.001011081,2214.635089,2214.635089,2214.635089,4792.957584,4792.957584,4792.957584,4792.957584,4792.957584
10/19/1987,1528.128703,1661.728441,1674.80123,1688.719681,1690.57036,1674.80123,3290.416006,3953.808459,3742.124699,3348.723566,3910.140992,3742.124699,3489.754534,3854.776928,3742.124699,3603.272951,3845.341041,3742.124699,684.6227261,680.7973575,0.001001968,0.001005531,0.001008742,0.001011081,2091.86637,2091.86637,2091.86637,4601.016482,4601.016482,4601.016482,4601.016482,4601.016482
10/20/1987,1478.85105,1735.701481,1620.705449,1633.575764,1661.728441,1620.705449,3206.265869,4005.078906,3647.243784,3261.496626,3953.808459,3647.243784,3396.340111,3910.140992,3647.243784,3507.437806,3854.776928,3647.243784,665.0465092,661.3469439,0.001001968,0.001005531,0.001008742,0.001011081,1950.52454,1950.52454,1950.52454,4344.938134,4344.938134,4344.938134,4344.938134,4344.938134
10/21/1987,1637.008378,2098.048647,1790.88015,1721.936934,1735.701481,1790.88015,3495.38754,3748.605595,3968.984986,3474.949452,4005.078906,3968.984986,3566.235135,3953.808459,3968.984986,3509.540709,3910.140992,3968.984986,708.8096032,704.8281445,0.001001968,0.001005531,0.001008742,0.001011081,1837.512678,1837.512678,1837.512678,4137.116799,4137.116799,4137.116799,4137.116799,4137.116799
10/22/1987,1932.397882,1946.478078,2147.531975,2114.774872,2098.048647,2147.531975,3860.267942,3432.344591,4436.100667,3898.407851,3748.605595,4436.100667,3952.800725,4005.078906,4436.100667,3708.935512,3953.808459,4436.100667,977.7181784,971.9585461,0.001001968,0.001005531,0.001008742,0.001011081,1817.033031,1817.033031,1817.033031,4008.761579,4008.761579,4008.761579,4008.761579,4008.761579
10/23/1987,1719.261062,1666.936308,1909.550307,1956.27864,1946.478078,1909.550307,3578.515429,4748.385642,4110.926166,3684.819745,3432.344591,4110.926166,3871.121071,3748.605595,4110.926166,3948.072467,4005.078906,4110.926166,880.8536025,875.7428237,0.001001968,0.001005531,0.001008742,0.001011081,1823.363191,1823.363191,1823.363191,3955.216389,3955.216389,3955.216389,3955.216389,3955.216389
10/24/1987,1463.751053,1435.18277,1612.482317,1652.190569,1666.936308,1612.482317,3121.656184,2408.150954,3560.650734,3206.916974,4748.385642,3560.650734,3429.529367,3432.344591,3560.650734,3717.993191,3748.605595,3560.650734,702.8310162,698.8882067,0.001001968,0.001005531,0.001008742,0.001011081,1810.191358,1810.191358,1810.191358,3935.663947,3935.663947,3935.663947,3935.663947,3935.663947
10/25/1987,1272.901487,1337.498168,1385.953463,1438.711412,1435.18277,1385.953463,2756.137078,8065.536512,3111.700844,2844.427143,2408.150954,3111.700844,2978.260947,4748.385642,3111.700844,3282.534286,3432.344591,3111.700844,533.8772023,531.0071177,0.001001968,0.001005531,0.001008742,0.001011081,1768.532279,1768.532279,1768.532279,3879.937479,3879.937479,3879.937479,3879.937479,3879.937479
10/26/1987,1268.035118,4068.869441,1374.935871,1340.836437,1337.498168,1374.935871,2694.276174,13845.31348,3031.303594,2693.968574,8065.536512,3031.303594,2833.982307,2408.150954,3031.303594,2955.77498,4748.385642,3031.303594,508.8341179,506.119461,0.001001968,0.001005531,0.001008742,0.001011081,1723.089891,1723.089891,1723.089891,3798.198016,3798.198016,3798.198016,3798.198016,3798.198016
10/27/1987,1432.656303,4627.273193,1588.39359,1575.889229,4068.869441,1588.39359,4204.199062,12664.35934,4859.677233,4216.076798,13845.31348,4859.677233,4297.129509,8065.536512,4859.677233,4179.474832,2408.150954,4859.677233,740.4506736,736.2639606,0.001001968,0.001005531,0.001008742,0.001011081,1708.518618,1708.518618,1708.518618,3926.103965,3926.103965,3926.103965,3926.103965,3926.103965
10/28/1987,6149.99246,5504.424367,6786.830221,5997.999878,4627.273193,6786.830221,8321.715705,10447.57604,9276.531295,8000.571702,12664.35934,9276.531295,7180.071729,13845.31348,9276.531295,3031.326213,8065.536512,9276.531295,1485.283291,1476.004868,0.001001968,0.001005531,0.001008742,0.001011081,2162.180274,2162.180274,2162.180274,4177.041961,4177.041961,4177.041961,4177.041961,4177.041961
10/29/1987,7628.663668,10793.18241,8335.5601,6256.258785,5504.424367,8335.5601,13171.53671,9155.569927,15038.9212,11364.65611,10447.57604,15038.9212,11273.30888,12664.35934,15038.9212,10960.35885,13845.31348,15038.9212,2547.080572,2529.999472,0.001001968,0.001005531,0.001008742,0.001011081,2691.630522,2691.630522,2691.630522,5165.128905,5165.128905,5165.128905,5165.128905,5165.128905
10/30/1987,8886.770361,6153.552389,10612.04902,10814.88079,10793.18241,10612.04902,15253.56118,7584.815934,18868.20752,16010.19482,9155.569927,18868.20752,16495.42346,10447.57604,18868.20752,12766.66884,12664.35934,18868.20752,6787.338217,6736.158015,0.001001968,0.001005531,0.001008742,0.001011081,3793.428505,3793.428505,3793.428505,6457.391132,6457.391132,6457.391132,6457.391132,6457.391132
10/31/1987,4164.413824,2541.458931,4775.120138,6165.591307,6153.552389,4775.120138,9638.378136,5646.780128,11461.66845,11181.69769,7584.815934,11461.66845,12056.45725,9155.569927,11461.66845,15518.65864,10447.57604,11461.66845,2595.291617,2577.845769,0.001001968,0.001005531,0.001008742,0.001011081,4479.488236,4479.488236,4479.488236,7773.420541,7773.420541,7773.420541,7773.420541,7773.420541
11/1/1987,2032.594915,2564.735331,2137.903339,2545.996366,2541.458931,2137.903339,2445.358551,4912.321115,2597.351409,2915.091917,5646.780128,2597.351409,4466.678693,7584.815934,2597.351409,7134.928681,9155.569927,2597.351409,459.2747795,456.8645586,0.001001968,0.001005531,0.001008742,0.001011081,4837.122948,4837.122948,4837.122948,8806.469502,8806.469502,8806.469502,8806.469502,8806.469502
11/2/1987,2218.206551,2469.204757,2425.475501,2567.109998,2564.735331,2425.475501,4285.055101,4582.903395,4877.301253,4495.228687,4912.321115,4877.301253,5102.904647,5646.780128,4877.301253,6162.707153,7584.815934,4877.301253,937.123185,931.6365254,0.001001968,0.001005531,0.001008742,0.001011081,5066.918258,5066.918258,5066.918258,9357.71109,9357.71109,9357.71109,9357.71109,9357.71109
11/3/1987,2163.629147,2323.518454,2388.824543,2470.253355,2469.204757,2388.824543,5120.442172,4369.598673,5897.548716,5255.944012,4582.903395,5897.548716,5584.556332,4912.321115,5897.548716,6066.805903,5646.780128,5897.548716,1022.741735,1016.677673,0.001001968,0.001005531,0.001008742,0.001011081,5221.218461,5221.218461,5221.218461,9494.835687,9494.835687,9494.835687,9494.835687,9494.835687
11/4/1987,2043.883623,2161.440405,2261.152576,2323.67299,2323.518454,2261.152576,4229.560341,4173.078421,4848.214667,4359.014081,4369.598673,4848.214667,4636.334354,4582.903395,4848.214667,4895.626876,4912.321115,4848.214667,993.0724146,987.2091583,0.001001968,0.001005531,0.001008742,0.001011081,4871.871211,4871.871211,4871.871211,9405.936217,9405.936217,9405.936217,9405.936217,9405.936217
11/5/1987,1908.004939,2052.029829,2108.704189,2160.807902,2161.440405,2108.704189,3810.635682,4044.205898,4355.629917,3928.044318,4173.078421,4355.629917,4174.214083,4369.598673,4355.629917,4416.674511,4582.903395,4355.629917,924.1075817,918.7081287,0.001001968,0.001005531,0.001008742,0.001011081,4377.698197,4377.698197,4377.698197,8507.237126,8507.237126,8507.237126,8507.237126,8507.237126
11/6/1987,1827.860741,1996.71358,2020.92286,2050.768503,2052.029829,2020.92286,3610.902281,5399.189891,4126.662857,3704.331954,4044.205898,4126.662857,3932.676023,4173.078421,4126.662857,4116.344398,4369.598673,4126.662857,893.7665743,888.5698007,0.001001968,0.001005531,0.001008742,0.001011081,3294.678135,3294.678135,3294.678135,7255.563111,7255.563111,7255.563111,7255.563111,7255.563111
11/7/1987,1770.842196,1897.363173,1963.092167,1995.662428,1996.71358,1963.092167,3519.84408,6793.483577,4032.305864,3615.142326,5399.189891,4032.305864,3819.033201,4044.205898,4032.305864,3960.964897,4173.078421,4032.305864,893.3003106,888.106645,0.001001968,0.001005531,0.001008742,0.001011081,2649.183885,2649.183885,2649.183885,5961.253272,5961.253272,5961.253272,5961.253272,5961.253272
11/8/1987,1688.071557,1868.365884,1869.797893,1895.033132,1897.363173,1869.797893,3402.839117,5657.312219,3893.063804,3487.160915,6793.483577,3893.063804,3683.804241,5399.189891,3893.063804,3814.43879,4044.205898,3893.063804,849.251971,844.3509602,0.001001968,0.001005531,0.001008742,0.001011081,2356.388947,2356.388947,2356.388947,4992.308054,4992.308054,4992.308054,4992.308054,4992.308054
11/9/1987,1675.538965,2198.671701,1854.598626,1850.798195,1868.365884,1854.598626,3375.589593,4677.818481,3858.67298,3430.193303,5657.312219,3858.67298,3603.506331,6793.483577,3858.67298,3699.784162,5399.189891,3858.67298,838.5532461,833.723027,0.001001968,0.001005531,0.001008742,0.001011081,2194.710178,2194.710178,2194.710178,4538.566281,4538.566281,4538.566281,4538.566281,4538.566281
11/10/1987,1949.397612,2181.4503,2193.143736,2203.34051,2198.671701,2193.143736,4918.418423,4141.071996,5725.906113,4989.729836,4677.818481,5725.906113,5104.370238,5657.312219,5725.906113,4845.276715,6793.483577,5725.906113,1114.885781,1108.193495,0.001001968,0.001005531,0.001008742,0.001011081,2122.855675,2122.855675,2122.855675,4506.363186,4506.363186,4506.363186,4506.363186,4506.363186
11/11/1987,1920.047843,1780.647112,2161.885053,2188.930935,2181.4503,2161.885053,6111.474579,3911.253063,7154.437924,6170.815173,4141.071996,7154.437924,6311.448324,4677.818481,7154.437924,6362.141698,5657.312219,7154.437924,1109.640023,1102.983682,0.001001968,0.001005531,0.001008742,0.001011081,2087.763615,2087.763615,2087.763615,4782.559452,4782.559452,4782.559452,4782.559452,4782.559452
11/12/1987,1565.055268,1617.71576,1743.538412,1779.171363,1780.647112,1743.538412,4499.963141,3806.931488,5209.003991,4567.837661,3911.253063,5209.003991,4808.453351,4141.071996,5209.003991,5213.247016,4677.818481,5209.003991,841.6248474,836.7743159,0.001001968,0.001005531,0.001008742,0.001011081,2038.906229,2038.906229,2038.906229,4938.498252,4938.498252,4938.498252,4938.498252,4938.498252
11/13/1987,1427.635914,1551.200131,1586.85024,1615.617622,1617.71576,1586.85024,3522.368616,3878.992611,4039.78453,3594.059183,3806.931488,4039.78453,3787.317054,3911.253063,4039.78453,4021.219165,4141.071996,4039.78453,758.6322445,754.3270641,0.001001968,0.001005531,0.001008742,0.001011081,1977.044915,1977.044915,1977.044915,4964.384106,4964.384106,4964.384106,4964.384106,4964.384106
11/14/1987,1394.30687,1522.706218,1548.576987,1548.699592,1551.200131,1548.576987,3317.935016,4129.385772,3797.794078,3362.145594,3878.992611,3797.794078,3521.538283,3806.931488,3797.794078,3669.264403,3911.253063,3797.794078,737.9752576,733.8046448,0.001001968,0.001005531,0.001008742,0.001011081,1912.269858,1912.269858,1912.269858,4935.65981,4935.65981,4935.65981,4935.65981,4935.65981
11/15/1987,1413.213845,1596.179875,1564.091782,1520.370701,1522.706218,1564.091782,3354.050993,7100.054516,3824.164606,3354.248517,4129.385772,3824.164606,3480.537726,3878.992611,3824.164606,3530.304003,3806.931488,3824.164606,724.0233377,719.9433351,0.001001968,0.001005531,0.001008742,0.001011081,1853.059355,1853.059355,1853.059355,4908.230558,4908.230558,4908.230558,4908.230558,4908.230558
11/16/1987,1463.726076,1863.780317,1621.98027,1594.074274,1596.179875,1621.98027,3373.844589,6603.647709,3854.008498,3392.458161,7100.054516,3854.008498,3472.096597,4129.385772,3854.008498,3520.528938,3878.992611,3854.008498,758.020871,753.7196803,0.001001968,0.001005531,0.001008742,0.001011081,1805.923831,1805.923831,1805.923831,4882.547404,4882.547404,4882.547404,4882.547404,4882.547404
11/17/1987,1491.927657,2805.55445,1652.92234,1645.406137,1863.780317,1652.92234,3510.210044,6328.165435,4008.517317,3549.791595,6603.647709,4008.517317,3630.351578,7100.054516,4008.517317,3579.351497,4129.385772,4008.517317,769.1479623,764.7740935,0.001001968,0.001005531,0.001008742,0.001011081,1728.970321,1728.970321,1728.970321,4673.45257,4673.45257,4673.45257,4673.45257,4673.45257
11/18/1987,2769.760168,3491.23591,3095.402276,2866.184608,2805.55445,3095.402276,5667.429082,5890.512034,6501.010349,5585.633081,6328.165435,6501.010349,5454.675459,6603.647709,6501.010349,4111.61077,7100.054516,6501.010349,1349.428268,1341.108735,0.001001968,0.001005531,0.001008742,0.001011081,1766.146673,1766.146673,1766.146673,4375.265195,4375.265195,4375.265195,4375.265195,4375.265195
11/19/1987,3369.857505,3187.136414,3780.889299,3547.946315,3491.23591,3780.889299,8214.588102,5256.322218,9576.013255,8097.593478,5890.512034,9576.013255,8058.819581,6328.165435,9576.013255,7690.342684,6603.647709,9576.013255,1748.392594,1737.227752,0.001001968,0.001005531,0.001008742,0.001011081,1951.296426,1951.296426,1951.296426,4704.787767,4704.787767,4704.787767,4704.787767,4704.787767
11/20/1987,2706.165127,2357.734493,3062.072787,3192.126153,3187.136414,3062.072787,5716.324732,4684.000488,6651.56586,5961.164995,5256.322218,6651.56586,6369.258463,5890.512034,6651.56586,6434.8244,6328.165435,6651.56586,1572.283106,1562.384996,0.001001968,0.001005531,0.001008742,0.001011081,2181.591977,2181.591977,2181.591977,5069.639092,5069.639092,5069.639092,5069.639092,5069.639092
11/21/1987,1987.018787,1985.657294,2202.827334,2360.553108,2357.734493,2202.827334,4449.368139,4358.772738,5094.840466,4673.81971,4684.000488,5094.840466,5067.735093,5256.322218,5094.840466,5957.314588,5890.512034,5094.840466,982.9022128,977.1076168,0.001001968,0.001005531,0.001008742,0.001011081,2324.11751,2324.11751,2324.11751,5401.361335,5401.361335,5401.361335,5401.361335,5401.361335
11/22/1987,1761.241743,1934.415817,1937.31772,1987.314219,1985.657294,1937.31772,3763.640742,4065.333353,4283.481024,3869.96942,4358.772738,4283.481024,4197.492047,4684.000488,4283.481024,4761.273294,5256.322218,4283.481024,811.91101,807.2565697,0.001001968,0.001005531,0.001008742,0.001011081,2416.705003,2416.705003,2416.705003,5612.106228,5612.106228,5612.106228,5612.106228,5612.106228
11/23/1987,1727.703949,1858.560144,1909.842731,1935.285976,1934.415817,1909.842731,3920.724031,3967.434055,4481.161049,4000.843622,4065.333353,4481.161049,4214.986203,4358.772738,4481.161049,4407.933577,4684.000488,4481.161049,844.0719928,839.2052715,0.001001968,0.001005531,0.001008742,0.001011081,2482.518509,2482.518509,2482.518509,5750.76627,5750.76627,5750.76627,5750.76627,5750.76627
11/24/1987,1660.557436,1772.20014,1837.149787,1858.549159,1858.560144,1837.149787,3784.653186,4097.255453,4328.869084,3858.438659,3967.434055,4328.869084,4040.8575,4065.333353,4328.869084,4219.954026,4358.772738,4328.869084,823.2694578,818.540167,0.001001968,0.001005531,0.001008742,0.001011081,2526.238117,2526.238117,2526.238117,5821.393597,5821.393597,5821.393597,5821.393597,5821.393597
11/25/1987,1576.874373,1682.555502,1743.120609,1766.595712,1772.20014,1743.120609,3547.711622,5717.814055,4049.554243,3622.02801,4097.255453,4049.554243,3792.02145,3967.434055,4049.554243,3937.886002,4065.333353,4049.554243,780.0346561,775.5895468,0.001001968,0.001005531,0.001008742,0.001011081,2435.135231,2435.135231,2435.135231,5731.889161,5731.889161,5731.889161,5731.889161,5731.889161
11/26/1987,1544.327551,1795.18175,1698.668412,1679.79092,1682.555502,1698.668412,3396.00608,8842.234434,3857.950209,3426.531013,5717.814055,3857.950209,3578.075502,4097.255453,3857.950209,3700.323303,3967.434055,3857.950209,725.5861311,721.4959904,0.001001968,0.001005531,0.001008742,0.001011081,2222.337985,2222.337985,2222.337985,5156.021308,5156.021308,5156.021308,5156.021308,5156.021308
11/27/1987,1601.083472,1707.53577,1780.559697,1796.122224,1795.18175,1780.559697,3428.704012,15350.22963,3925.182489,3502.509364,8842.234434,3925.182489,3644.313888,5717.814055,3925.182489,3622.487981,4097.255453,3925.182489,842.3236702,837.468516,0.001001968,0.001005531,0.001008742,0.001011081,2006.688936,2006.688936,2006.688936,4700.461483,4700.461483,4700.461483,4700.461483,4700.461483
11/28/1987,1524.128418,2229.994507,1689.901122,1704.86188,1707.53577,1689.901122,3536.295563,12227.57427,4049.216088,3600.72441,15350.22963,4049.216088,3753.276779,8842.234434,4049.216088,3858.894758,5717.814055,4049.216088,782.5192323,778.0578461,0.001001968,0.001005531,0.001008742,0.001011081,1883.765735,1883.765735,1883.765735,4379.084877,4379.084877,4379.084877,4379.084877,4379.084877
11/29/1987,1486.598778,4998.920775,1650.201748,1705.746026,2229.994507,1650.201748,5031.53015,11597.01205,5809.776521,5113.600926,12227.57427,5809.776521,5199.670952,15350.22963,5809.776521,5100.24754,8842.234434,5809.776521,770.3039817,765.9225544,0.001001968,0.001005531,0.001008742,0.001011081,1813.80773,1813.80773,1813.80773,4449.547842,4449.547842,4449.547842,4449.547842,4449.547842
11/30/1987,5400.199554,6435.557421,6081.980719,5186.228483,4998.920775,6081.980719,13475.82988,10420.2122,15706.44114,12862.53129,11597.01205,15706.44114,12278.69359,12227.57427,15706.44114,8500.988378,15350.22963,15706.44114,2562.553195,2545.355118,0.001001968,0.001005531,0.001008742,0.001011081,2105.446177,2105.446177,2105.446177,5304.120847,5304.120847,5304.120847,5304.120847,5304.120847
12/1/1987,6436.361411,6086.45859,7209.140503,6617.618154,6435.557421,7209.140503,18380.30761,8538.274126,21681.63681,17943.79436,10420.2122,21681.63681,17295.34403,11597.01205,21681.63681,16996.51877,12227.57427,21681.63681,3039.336924,3018.497427,0.001001968,0.001005531,0.001008742,0.001011081,2615.387689,2615.387689,2615.387689,7212.80821,7212.80821,7212.80821,7212.80821,7212.80821
12/2/1987,5033.422989,4008.08138,5803.684081,6100.043296,6086.45859,5803.684081,10383.08095,7169.795302,12309.99278,10925.1258,8538.274126,12309.99278,12067.00268,10420.2122,12309.99278,11428.99669,11597.01205,12309.99278,3198.036837,3175.970611,0.001001968,0.001005531,0.001008742,0.001011081,3294.828361,3294.828361,3294.828361,8540.795077,8540.795077,8540.795077,8540.795077,8540.795077
12/3/1987,3146.747675,2754.292939,3529.003802,4013.778448,4008.08138,3529.003802,7793.410924,6137.969387,9048.520586,8379.667119,7169.795302,9048.520586,9188.931134,8538.274126,9048.520586,11581.89502,10420.2122,9048.520586,1664.8939,1654.331635,0.001001968,0.001005531,0.001008742,0.001011081,3698.66812,3698.66812,3698.66812,9615.679855,9615.679855,9615.679855,9615.679855,9615.679855
12/4/1987,2355.100663,2573.550542,2578.372403,2759.467132,2754.292939,2578.372403,5331.057071,5554.978019,6043.79248,5583.5749,6137.969387,6043.79248,6323.666804,7169.795302,6043.79248,7718.5246,8538.274126,6043.79248,997.2952145,991.4034235,0.001001968,0.001005531,0.001008742,0.001011081,3918.216297,3918.216297,3918.216297,10352.91307,10352.91307,10352.91307,10352.91307,10352.91307
12/5/1987,2256.36304,2395.374927,2491.348977,2576.803016,2573.550542,2491.348977,5483.559964,5115.718807,6275.055262,5634.998059,5554.978019,6275.055262,6038.751431,6137.969387,6275.055262,6714.639723,7169.795302,6275.055262,1058.190297,1051.885357,0.001001968,0.001005531,0.001008742,0.001011081,4072.480365,4072.480365,4072.480365,10810.40443,10810.40443,10810.40443,10810.40443,10810.40443
12/6/1987,2121.382198,2254.076016,2346.95374,2397.159671,2395.374927,2346.95374,5241.306655,4825.759127,6011.929844,5351.952179,5115.718807,6011.929844,5651.905917,5554.978019,6011.929844,6079.168756,6137.969387,6011.929844,1025.095601,1019.015577,0.001001968,0.001005531,0.001008742,0.001011081,4192.909695,4192.909695,4192.909695,10867.11932,10867.11932,10867.11932,10867.11932,10867.11932
12/7/1987,1997.760968,2110.118286,2211.381982,2255.110289,2254.076016,2211.381982,4678.153641,4669.82874,5361.630838,4783.217138,4825.759127,5361.630838,5030.656547,5115.718807,5361.630838,5371.665098,5554.978019,5361.630838,978.2741278,972.5107471,0.001001968,0.001005531,0.001008742,0.001011081,3948.409244,3948.409244,3948.409244,10134.56632,10134.56632,10134.56632,10134.56632,10134.56632
12/8/1987,1894.044263,2037.360163,2092.241895,2110.244801,2110.118286,2092.241895,4387.686579,4644.669647,5013.827073,4464.210118,4669.82874,5013.827073,4688.592792,4825.759127,5013.827073,4903.610485,5115.718807,5013.827073,914.6744175,909.3380708,0.001001968,0.001005531,0.001008742,0.001011081,3477.958251,3477.958251,3477.958251,8344.582027,8344.582027,8344.582027,8344.582027,8344.582027
12/9/1987,1854.299957,2065.084883,2043.583539,2025.420343,2037.360163,2043.583539,4199.4186,4662.816644,4787.836312,4238.19017,4644.669647,4787.836312,4426.059623,4669.82874,4787.836312,4611.896071,4825.759127,4787.836312,878.7429469,873.6462089,0.001001968,0.001005531,0.001008742,0.001011081,2835.492388,2835.492388,2835.492388,7121.425804,7121.425804,7121.425804,7121.425804,7121.425804
12/10/1987,1924.36896,2156.834317,2115.930391,2068.839961,2065.084883,2115.930391,4160.907736,4582.642248,4731.645639,4174.684101,4662.816644,4731.645639,4290.174085,4644.669647,4731.645639,4369.232385,4669.82874,4731.645639,882.9420717,877.8173955,0.001001968,0.001005531,0.001008742,0.001011081,2477.897393,2477.897393,2477.897393,6150.202899,6150.202899,6150.202899,6150.202899,6150.202899
12/11/1987,1926.814213,2144.3122,2132.427663,2148.618982,2156.834317,2132.427663,4114.683983,5882.660492,4701.315606,4196.472152,4582.642248,4701.315606,4338.502843,4662.816644,4701.315606,4320.58983,4644.669647,4701.315606,950.5266083,944.9499827,0.001001968,0.001005531,0.001008742,0.001011081,2305.925968,2305.925968,2305.925968,5520.365646,5520.365646,5520.365646,5520.365646,5520.365646
12/12/1987,1912.577448,2045.112393,2123.468149,2136.583306,2144.3122,2123.468149,4107.969122,6421.078352,4703.755751,4188.666264,5882.660492,4703.755751,4396.4686,4582.642248,4703.755751,4392.81536,4662.816644,4703.755751,974.6461847,968.9072604,0.001001968,0.001005531,0.001008742,0.001011081,2215.446814,2215.446814,2215.446814,5154.97149,5154.97149,5154.97149,5154.97149,5154.97149
12/13/1987,1848.794834,1937.925183,2047.315316,2054.185254,2045.112393,2047.315316,3974.714085,6076.752917,4544.273598,4044.384972,6421.078352,4544.273598,4231.626747,5882.660492,4544.273598,4402.065808,4582.642248,4544.273598,920.7127677,915.3360349,0.001001968,0.001005531,0.001008742,0.001011081,2151.340026,2151.340026,2151.340026,4930.236861,4930.236861,4930.236861,4930.236861,4930.236861
12/14/1987,1750.523582,1966.280834,1933.903301,1942.551411,1937.925183,1933.903301,3745.006365,5261.22319,4272.947009,3811.272249,6076.752917,4272.947009,3993.801069,6421.078352,4272.947009,4166.83203,5882.660492,4272.947009,860.8722983,855.8942676,0.001001968,0.001005531,0.001008742,0.001011081,2099.469468,2099.469468,2099.469468,4767.261928,4767.261928,4767.261928,4767.261928,4767.261928
12/15/1987,1691.67423,2117.193948,1871.905835,1915.661984,1966.280834,1871.905835,4972.909415,4848.103932,5730.96792,5048.802559,5261.22319,5730.96792,5168.14001,6076.752917,5730.96792,5234.553449,6421.078352,5730.96792,848.5811848,843.6846159,0.001001968,0.001005531,0.001008742,0.001011081,2061.68099,2061.68099,2061.68099,4851.374673,4851.374673,4851.374673,4851.374673,4851.374673
12/16/1987,1946.509902,2099.918023,2163.183281,2135.749283,2117.193948,2163.183281,5947.191841,5408.642621,6882.633316,5963.643568,4848.103932,6882.633316,6059.816951,5261.22319,6882.633316,5866.773528,6076.752917,6882.633316,978.5727185,972.8073244,0.001001968,0.001005531,0.001008742,0.001011081,2065.29822,2065.29822,2065.29822,5084.609192,5084.609192,5084.609192,5084.609192,5084.609192
12/17/1987,1925.218062,1996.756384,2136.547371,2111.562649,2099.918023,2136.547371,5456.669163,5300.619684,6303.377484,5476.466397,5408.642621,6303.377484,5615.362646,4848.103932,6303.377484,5785.431635,5261.22319,6303.377484,973.4109383,967.6803383,0.001001968,0.001005531,0.001008742,0.001011081,2075.458271,2075.458271,2075.458271,5296.234961,5296.234961,5296.234961,5296.234961,5296.234961
12/18/1987,1763.577586,1806.728735,1962.14407,1995.939175,1996.756384,1962.14407,4225.995042,4992.389977,4860.970127,4314.443065,5300.619684,4860.970127,4518.693717,5408.642621,4860.970127,4713.041038,4848.103932,4860.970127,928.9375607,923.5057642,0.001001968,0.001005531,0.001008742,0.001011081,2064.154106,2064.154106,2064.154106,5368.192694,5368.192694,5368.192694,5368.192694,5368.192694
12/19/1987,1589.808738,1822.75648,1758.211515,1794.915518,1806.728735,1758.211515,3831.129753,4720.288303,4384.357572,3913.969039,4992.389977,4384.357572,4104.043207,5300.619684,4384.357572,4367.54465,5408.642621,4384.357572,797.5086296,792.9489038,0.001001968,0.001005531,0.001008742,0.001011081,2018.961409,2018.961409,2018.961409,5369.390049,5369.390049,5369.390049,5369.390049,5369.390049
12/20/1987,1616.422708,2062.863228,1792.670905,1798.944404,1822.75648,1792.670905,4512.8983,4674.53093,5194.594676,4557.751819,4720.288303,5194.594676,4713.078505,4992.389977,5194.594676,4748.440827,5300.619684,5194.594676,829.7828651,825.0105916,0.001001968,0.001005531,0.001008742,0.001011081,1983.138361,1983.138361,1983.138361,5467.100991,5467.100991,5467.100991,5467.100991,5467.100991
12/21/1987,1888.33946,2099.614896,2104.547648,2060.379128,2062.863228,2104.547648,4927.981804,4528.274777,5685.039928,4941.034128,4674.53093,5685.039928,5011.252703,4720.288303,5685.039928,4891.685411,4992.389977,5685.039928,985.8493214,980.0348383,0.001001968,0.001005531,0.001008742,0.001011081,1982.877297,1982.877297,1982.877297,5590.913426,5590.913426,5590.913426,5590.913426,5590.913426
12/22/1987,1948.531043,2099.386446,2158.972657,2101.505724,2099.614896,2158.972657,4622.586142,4638.264781,5307.140976,4625.108864,4528.274777,5307.140976,4717.058153,4674.53093,5307.140976,4762.720728,4720.288303,5307.140976,964.3791627,958.7093873,0.001001968,0.001005531,0.001008742,0.001011081,1999.656183,1999.656183,1999.656183,5485.527558,5485.527558,5485.527558,5485.527558,5485.527558
12/23/1987,1922.088622,2063.305596,2129.387758,2099.091249,2099.386446,2129.387758,4141.555354,4859.798363,4744.978051,4175.796876,4638.264781,4744.978051,4326.680958,4528.274777,4744.978051,4378.200297,4674.53093,4744.978051,957.0581944,951.4376692,0.001001968,0.001005531,0.001008742,0.001011081,1998.466466,1998.466466,1998.466466,5231.554558,5231.554558,5231.554558,5231.554558,5231.554558
12/24/1987,1875.60748,2175.837348,2069.648739,2044.93255,2063.305596,2069.648739,4041.069697,4990.973887,4619.785299,4075.354683,4859.798363,4619.785299,4219.97062,4638.264781,4619.785299,4344.713719,4528.274777,4619.785299,901.8797162,896.6288312,0.001001968,0.001005531,0.001008742,0.001011081,1988.590639,1988.590639,1988.590639,5015.247903,5015.247903,5015.247903,5015.247903,5015.247903
12/25/1987,2036.700366,2461.671609,2236.172496,2147.161159,2175.837348,2236.172496,4109.813016,5056.909453,4677.046597,4087.766194,4990.973887,4677.046597,4167.103752,4859.798363,4677.046597,4152.823618,4638.264781,4677.046597,911.3008577,905.9870595,0.001001968,0.001005531,0.001008742,0.001011081,1991.566835,1991.566835,1991.566835,4927.973231,4927.973231,4927.973231,4927.973231,4927.973231
12/26/1987,2267.75501,2486.287387,2505.645545,2461.611598,2461.671609,2505.645545,4523.773821,4826.061645,5174.985399,4561.103341,5056.909453,5174.985399,4619.663164,4990.973887,5174.985399,4379.379321,4859.798363,5174.985399,1068.121998,1061.749387,0.001001968,0.001005531,0.001008742,0.001011081,2058.61933,2058.61933,2058.61933,4942.901415,4942.901415,4942.901415,4942.901415,4942.901415
12/27/1987,2299.53077,2480.430403,2545.072663,2490.637059,2486.287387,2545.072663,4626.113513,4657.303738,5307.644998,4650.371435,4826.061645,5307.644998,4858.125986,5056.909453,5307.644998,4781.549183,4990.973887,5307.644998,1113.493897,1106.811151,0.001001968,0.001005531,0.001008742,0.001011081,2153.802884,2153.802884,2153.802884,4912.178434,4912.178434,4912.178434,4912.178434,4912.178434
12/28/1987,2206.458837,2277.914211,2451.419515,2480.222836,2480.430403,2451.419515,4364.114412,4633.387992,5019.758079,4472.09608,4657.303738,5019.758079,4678.686981,4826.061645,5019.758079,4778.782453,5056.909453,5019.758079,1119.483668,1112.75986,0.001001968,0.001005531,0.001008742,0.001011081,2226.537631,2226.537631,2226.537631,4873.758876,4873.758876,4873.758876,4873.758876,4873.758876
12/29/1987,2025.257512,2148.227794,2237.986236,2277.486906,2277.914211,2237.986236,4149.276078,4398.107282,4751.484426,4255.51885,4633.387992,4751.484426,4485.261214,4657.303738,4751.484426,4682.905322,4826.061645,4751.484426,982.6855636,976.8924293,0.001001968,0.001005531,0.001008742,0.001011081,2269.400659,2269.400659,2269.400659,4861.45592,4861.45592,4861.45592,4861.45592,4861.45592
12/30/1987,1921.142645,2062.857438,2119.130457,2147.74171,2148.227794,2119.130457,3887.318489,4203.23961,4440.49205,3979.307011,4398.107282,4440.49205,4201.097618,4633.387992,4440.49205,4382.436739,4657.303738,4440.49205,920.9353371,915.5571151,0.001001968,0.001005531,0.001008742,0.001011081,2287.232165,2287.232165,2287.232165,4856.440298,4856.440298,4856.440298,4856.440298,4856.440298
12/31/1987,1847.022101,1981.451779,2037.385963,2062.331654,2062.857438,2037.385963,3790.225716,4158.84151,4329.419717,3875.156136,4203.23961,4329.419717,4076.780536,4398.107282,4329.419717,4226.888254,4633.387992,4329.419717,890.1766993,885.0038489,0.001001968,0.001005531,0.001008742,0.001011081,2297.703775,2297.703775,2297.703775,4834.852699,4834.852699,4834.852699,4834.852699,4834.852699
1/1/1988,1775.929659,1903.691198,1958.461343,1980.900726,1981.451779,1958.461343,3829.004495,3948.920667,4375.473271,3905.905279,4158.84151,4375.473271,4092.405787,4203.23961,4375.473271,4215.457617,4398.107282,4375.473271,858.0929618,853.1333649,0.001001968,0.001005531,0.001008742,0.001011081,2291.414919,2291.414919,2291.414919,4833.11764,4833.11764,4833.11764,4833.11764,4833.11764
1/2/1988,1712.172369,1838.345169,1886.891269,1903.126414,1903.691198,1886.891269,3621.681994,3805.140825,4136.641408,3690.610208,3948.920667,4136.641408,3868.13603,4158.84151,4136.641408,4031.605559,4203.23961,4136.641408,825.7331185,820.9875748,0.001001968,0.001005531,0.001008742,0.001011081,2236.399456,2236.399456,2236.399456,4759.792546,4759.792546,4759.792546,4759.792546,4759.792546
1/3/1988,1657.096885,1785.802182,1825.168554,1837.775513,1838.345169,1825.168554,3475.061647,3702.873313,3962.833424,3539.422893,3805.140825,3962.833424,3705.713412,3948.920667,3962.833424,3812.88519,4158.84151,3962.833424,798.3025374,793.7375964,0.001001968,0.001005531,0.001008742,0.001011081,2146.42947,2146.42947,2146.42947,4615.09191,4615.09191,4615.09191,4615.09191,4615.09191
1/4/1988,1606.024788,1722.834527,1769.27624,1785.234688,1785.802182,1769.27624,3466.031844,3594.834898,3958.43382,3529.797415,3702.873313,3958.43382,3684.980315,3805.140825,3958.43382,3808.877763,3948.920667,3958.43382,778.8789585,774.4414181,0.001001968,0.001005531,0.001008742,0.001011081,2050.259229,2050.259229,2050.259229,4473.929758,4473.929758,4473.929758,4473.929758,4473.929758
1/5/1988,1547.594393,1659.740379,1704.29477,1722.2743,1722.834527,1704.29477,3283.330022,3490.481383,3744.659295,3348.553715,3594.834898,3744.659295,3502.761566,3702.873313,3744.659295,3607.871029,3805.140825,3744.659295,751.3804018,747.122518,0.001001968,0.001005531,0.001008742,0.001011081,1966.73561,1966.73561,1966.73561,4310.127986,4310.127986,4310.127986,4310.127986,4310.127986
1/6/1988,1491.224427,1601.059371,1641.634853,1659.191722,1659.740379,1641.634853,3164.844914,3390.98562,3607.854758,3227.716346,3490.481383,3607.854758,3378.167522,3594.834898,3607.854758,3489.589348,3702.873313,3607.854758,724.825694,720.7404867,0.001001968,0.001005531,0.001008742,0.001011081,1892.512703,1892.512703,1892.512703,4163.754037,4163.754037,4163.754037,4163.754037,4163.754037
1/7/1988,1439.002538,1545.566765,1583.850485,1600.525309,1601.059371,1583.850485,3074.506995,3297.76091,3504.265173,3134.442766,3390.98562,3504.265173,3278.94499,3490.481383,3504.265173,3385.267646,3594.834898,3504.265173,701.3755949,697.4421876,0.001001968,0.001005531,0.001008742,0.001011081,1823.799254,1823.799254,1823.799254,4035.041997,4035.041997,4035.041997,4035.041997,4035.041997
1/8/1988,1389.57239,1492.683629,1529.22518,1545.049889,1545.566765,1529.22518,2989.519132,3211.537472,3406.878761,3046.691646,3297.76091,3406.878761,3185.165975,3390.98562,3406.878761,3286.86429,3490.481383,3406.878761,679.4163023,675.6244391,0.001001968,0.001005531,0.001008742,0.001011081,1759.299577,1759.299577,1759.299577,3890.551395,3890.551395,3890.551395,3890.551395,3890.551395
1/9/1988,1342.43549,1442.193586,1477.149471,1492.185678,1492.683629,1477.149471,2908.423006,3134.944488,3313.710609,2963.043175,3211.537472,3313.710609,3095.850039,3297.76091,3313.710609,3191.806764,3390.98562,3313.710609,658.4587386,654.8013988,0.001001968,0.001005531,0.001008742,0.001011081,1698.675708,1698.675708,1698.675708,3767.455277,3767.455277,3767.455277,3767.455277,3767.455277
1/10/1988,1297.407601,1393.928722,1427.412831,1441.71587,1442.193586,1427.412831,2833.393052,3055.554808,3227.161113,2885.640192,3134.944488,3227.161113,3013.111378,3211.537472,3227.161113,3102.533445,3297.76091,3227.161113,638.3977099,634.8686066,0.001001968,0.001005531,0.001008742,0.001011081,1641.026504,1641.026504,1641.026504,3658.539734,3658.539734,3658.539734,3658.539734,3658.539734
1/11/1988,1254.343969,1347.742274,1379.85273,1393.472209,1393.928722,1379.85273,2760.614939,2983.214389,3143.356605,2810.602738,3055.554808,3143.356605,2933.002772,3134.944488,3143.356605,3020.120966,3211.537472,3143.356605,619.1651691,615.7585021,0.001001968,0.001005531,0.001008742,0.001011081,1584.475616,1584.475616,1584.475616,3539.844235,3539.844235,3539.844235,3539.844235,3539.844235
1/12/1988,1213.117969,1299.501808,1334.327434,1347.307533,1347.742274,1334.327434,2693.824907,2916.043147,3066.076315,2741.702473,2983.214389,3066.076315,2859.305912,3055.554808,3066.076315,2940.29865,3134.944488,3066.076315,600.7035427,597.4139257,0.001001968,0.001005531,0.001008742,0.001011081,1529.802423,1529.802423,1529.802423,3439.543108,3439.543108,3439.543108,3439.543108,3439.543108
1/13/1988,1167.388683,1250.23244,1283.632907,1299.089321,1299.501808,1283.632907,2633.608346,2807.097748,2995.736676,2682.33114,2916.043147,2995.736676,2794.218453,2983.214389,2995.736676,2872.623141,3055.554808,2995.736676,578.9761459,575.8236637,0.001001968,0.001005531,0.001008742,0.001011081,1476.94223,1476.94223,1476.94223,3348.204219,3348.204219,3348.204219,3348.204219,3348.204219
1/14/1988,1128.157211,1220.25681,1239.660901,1249.842168,1250.23244,1239.660901,2572.97258,3018.970756,2923.915,2615.029753,2807.097748,2923.915,2724.685776,2916.043147,2923.915,2800.149792,2983.214389,2923.915,558.1402123,555.118586,0.001001968,0.001005531,0.001008742,0.001011081,1425.878805,1425.878805,1425.878805,3262.171352,3262.171352,3262.171352,3262.171352,3262.171352
1/15/1988,1100.704434,1183.988262,1210.345011,1219.888727,1220.25681,1210.345011,2526.674312,3226.770805,2871.061376,2567.574396,3018.970756,2871.061376,2670.280659,2807.097748,2871.061376,2733.958232,2916.043147,2871.061376,550.7493034,547.7739362,0.001001968,0.001005531,0.001008742,0.001011081,1377.851879,1377.851879,1377.851879,3180.543255,3180.543255,3180.543255,3180.543255,3180.543255
1/16/1988,1066.721338,1112.94203,1172.951248,1183.642392,1183.988262,1172.951248,2470.693067,7018.01222,2806.72497,2511.482603,3226.770805,2806.72497,2610.230666,3018.970756,2806.72497,2681.208637,2807.097748,2806.72497,535.961183,533.0781186,0.001001968,0.001005531,0.001008742,0.001011081,1332.271083,1332.271083,1332.271083,3102.888414,3102.888414,3102.888414,3102.888414,3102.888414
1/17/1988,1016.057091,1087.004056,1110.031216,1104.195277,1112.94203,1110.031216,2354.302206,8949.979811,2661.082066,2374.609715,7018.01222,2661.082066,2463.441731,3226.770805,2661.082066,2576.291718,3018.970756,2661.082066,478.8091297,476.2794305,0.001001968,0.001005531,0.001008742,0.001011081,1282.931254,1282.931254,1282.931254,3022.320224,3022.320224,3022.320224,3022.320224,3022.320224
1/18/1988,1100.295114,2032.141312,1169.882623,1024.282902,1087.004056,1169.882623,2682.749278,8015.792735,2995.996378,2550.611125,8949.979811,2995.996378,2544.373148,7018.01222,2995.996378,2709.784106,3226.770805,2995.996378,348.3760261,346.6296572,0.001001968,0.001005531,0.001008742,0.001011081,1220.581151,1220.581151,1220.581151,2987.193833,2987.193833,2987.193833,2987.193833,2987.193833
1/19/1988,2083.735235,3894.870667,2288.070866,1954.368117,2032.141312,2288.070866,3946.348543,7627.764227,4492.626083,3682.097218,8015.792735,4492.626083,3556.612452,8949.979811,4492.626083,2837.925979,7018.01222,4492.626083,930.7380728,925.2942139,0.001001968,0.001005531,0.001008742,0.001011081,1263.859819,1263.859819,1263.859819,3021.489181,3021.489181,3021.489181,3021.489181,3021.489181
1/20/1988,3721.742711,4643.577361,4255.847506,3876.271241,3894.870667,4255.847506,9078.98331,7337.267879,10775.39395,8841.216605,7627.764227,10775.39395,8760.223646,8015.792735,10775.39395,7027.720158,8949.979811,10775.39395,2273.944988,2258.915203,0.001001968,0.001005531,0.001008742,0.001011081,1557.947056,1557.947056,1557.947056,3676.750694,3676.750694,3676.750694,3676.750694,3676.750694
1/21/1988,4015.870807,3695.938894,4623.792639,4662.104073,4643.577361,4623.792639,10236.83165,7413.93399,12210.14184,10432.04773,7337.267879,12210.14184,10418.88254,7627.764227,12210.14184,9718.644932,8015.792735,12210.14184,2557.844032,2540.681565,0.001001968,0.001005531,0.001008742,0.001011081,1972.354685,1972.354685,1972.354685,4677.68017,4677.68017,4677.68017,4677.68017,4677.68017
1/22/1988,3240.587928,3328.616395,3648.303727,3709.611251,3695.938894,3648.303727,6911.665037,7442.937506,8076.533459,7094.952537,7413.93399,8076.533459,7560.789258,7337.267879,8076.533459,8091.305524,7627.764227,8076.533459,1772.167366,1760.830322,0.001001968,0.001005531,0.001008742,0.001011081,2345.017271,2345.017271,2345.017271,5543.261643,5543.261643,5543.261643,5543.261643,5543.261643
1/23/1988,2917.961884,2989.872922,3268.468655,3334.758112,3328.616395,3268.468655,5598.45934,6547.851482,6499.976251,5780.398548,7442.937506,6499.976251,6205.138919,7413.93399,6499.976251,6737.236201,7337.267879,6499.976251,1548.433685,1538.705868,0.001001968,0.001005531,0.001008742,0.001011081,2668.380614,2668.380614,2668.380614,6247.094822,6247.094822,6247.094822,6247.094822,6247.094822
1/24/1988,2611.687328,2725.022551,2909.659376,2993.484463,2989.872922,2909.659376,5406.693161,5912.295453,6260.800684,5580.315201,6547.851482,6260.800684,5934.598763,7442.937506,6260.800684,6406.460523,7413.93399,6260.800684,1335.575854,1327.353459,0.001001968,0.001005531,0.001008742,0.001011081,2952.213023,2952.213023,2952.213023,6843.279612,6843.279612,6843.279612,6843.279612,6843.279612
1/25/1988,2444.929388,2892.848338,2706.980884,2716.361259,2725.022551,2706.980884,5692.199258,5620.374376,6584.963912,5765.906549,5912.295453,6584.963912,6077.14674,6547.851482,6584.963912,6452.187457,7442.937506,6584.963912,1188.107088,1180.910934,0.001001968,0.001005531,0.001008742,0.001011081,3217.177423,3217.177423,3217.177423,7430.462038,7430.462038,7430.462038,7430.462038,7430.462038
1/26/1988,2580.767477,2762.737428,2886.909861,2895.838071,2892.848338,2886.909861,6174.899262,5411.232538,7201.214338,6257.795191,5620.374376,7201.214338,6494.139414,5912.295453,7201.214338,6524.85,6547.851482,7201.214338,1374.588136,1366.091866,0.001001968,0.001005531,0.001008742,0.001011081,3393.388854,3393.388854,3393.388854,7972.626659,7972.626659,7972.626659,7972.626659,7972.626659
1/27/1988,2441.437795,2536.470247,2721.947394,2766.345912,2762.737428,2721.947394,5515.242543,5120.818979,6404.329766,5634.044669,5411.232538,6404.329766,5863.525683,5620.374376,6404.329766,6087.735977,5912.295453,6404.329766,1269.411785,1261.651641,0.001001968,0.001005531,0.001008742,0.001011081,3307.972881,3307.972881,3307.972881,7790.806901,7790.806901,7790.806901,7790.806901,7790.806901
1/28/1988,2252.399078,2393.528398,2497.940181,2538.374086,2536.470247,2497.940181,4736.438833,4372.703567,5462.177364,4849.180958,5120.818979,5462.177364,5116.925991,5411.232538,5462.177364,5358.757844,5620.374376,5462.177364,1123.916005,1117.161794,0.001001968,0.001005531,0.001008742,0.001011081,3084.646783,3084.646783,3084.646783,7195.783816,7195.783816,7195.783816,7195.783816,7195.783816
1/29/1988,2129.864804,2275.333786,2358.901677,2394.963917,2393.528398,2358.901677,4484.16596,4641.59174,5163.854066,4587.562626,4372.703567,5163.854066,4837.911582,5120.818979,5163.854066,5059.970136,5411.232538,5163.854066,1056.565171,1050.271296,0.001001968,0.001005531,0.001008742,0.001011081,2887.092844,2887.092844,2887.092844,6696.400776,6696.400776,6696.400776,6696.400776,6696.400776
1/30/1988,2025.173976,2180.452459,2241.189226,2273.796095,2275.333786,2241.189226,4347.2451,8409.987213,5003.991611,4441.659541,4641.59174,5003.991611,4672.476605,4372.703567,5003.991611,4871.702726,5120.818979,5003.991611,1003.472734,997.5391719,0.001001968,0.001005531,0.001008742,0.001011081,2725.8069,2725.8069,2725.8069,6331.001834,6331.001834,6331.001834,6331.001834,6331.001834
1/31/1988,2017.092645,2620.609596,2205.832074,2110.280172,2180.452459,2205.832074,4250.574241,13775.98089,4850.581415,4208.607849,8409.987213,4850.581415,4392.42898,4641.59174,4850.581415,4626.123705,4372.703567,4850.581415,882.2829875,877.1626976,0.001001968,0.001005531,0.001008742,0.001011081,2588.968138,2588.968138,2588.968138,6051.594291,6051.594291,6051.594291,6051.594291,6051.594291
2/1/1988,3072.893939,5770.927899,3257.943023,2390.887134,2620.609596,3257.943023,5062.318905,14708.75144,5573.336048,4272.341073,13775.98089,5573.336048,4126.702707,8409.987213,5573.336048,3952.008837,4641.59174,5573.336048,802.2756801,797.6846291,0.001001968,0.001005531,0.001008742,0.001011081,2484.714891,2484.714891,2484.714891,5685.560772,5685.560772,5685.560772,5685.560772,5685.560772
2/2/1988,7525.452834,11934.10201,8155.618861,5819.121773,5770.927899,8155.618861,10446.84465,15061.36564,11674.78173,8397.988314,14708.75144,11674.78173,7441.678421,13775.98089,11674.78173,4602.875707,8409.987213,11674.78173,2475.633236,2459.091245,0.001001968,0.001005531,0.001008742,0.001011081,2687.606429,2687.606429,2687.606429,5510.33248,5510.33248,5510.33248,5510.33248,5510.33248
2/3/1988,10731.92788,10353.72986,12345.29414,11995.50708,11934.10201,12345.29414,16358.19477,13132.59303,19529.66271,16598.19705,15061.36564,19529.66271,15653.94987,14708.75144,19529.66271,10471.54112,13775.98089,19529.66271,6261.840477,6215.052309,0.001001968,0.001005531,0.001008742,0.001011081,3657.145911,3657.145911,3657.145911,6181.221323,6181.221323,6181.221323,6181.221323,6181.221323
2/4/1988,7641.646642,5642.111908,8817.825827,10369.24747,10353.72986,8817.825827,15000.17899,10225.99161,17962.01551,16908.79284,13132.59303,17962.01551,17908.33001,15061.36564,17962.01551,17615.32971,14708.75144,17962.01551,4714.545484,4680.45765,0.001001968,0.001005531,0.001008742,0.001011081,4762.344631,4762.344631,4762.344631,7843.376598,7843.376598,7843.376598,7843.376598,7843.376598
2/5/1988,4493.471982,4718.521859,4915.907797,5652.17697,5642.111908,4915.907797,8328.256938,8758.767575,9490.289019,9206.470981,10225.99161,9490.289019,11312.09262,13132.59303,9490.289019,14557.70982,15061.36564,9490.289019,1795.400047,1783.894466,0.001001968,0.001005531,0.001008742,0.001011081,5469.29159,5469.29159,5469.29159,9433.166492,9433.166492,9433.166492,9433.166492,9433.166492
2/6/1988,3981.607701,4262.798627,4384.074012,4725.962307,4718.521859,4384.074012,7570.894472,7894.194439,8685.254239,8042.883948,8758.767575,8685.254239,9213.984568,10225.99161,8685.254239,11324.21039,13132.59303,8685.254239,1730.911911,1719.873507,0.001001968,0.001005531,0.001008742,0.001011081,5931.444154,5931.444154,5931.444154,10530.98869,10530.98869,10530.98869,10530.98869,10530.98869
2/7/1988,3682.271186,3915.901308,4076.282044,4268.444705,4262.798627,4076.282044,8228.475346,7390.753761,9535.046098,8520.898994,7894.194439,9535.046098,9233.419799,8758.767575,9535.046098,10304.34725,10225.99161,9535.046098,1709.081733,1698.201015,0.001001968,0.001005531,0.001008742,0.001011081,6294.13653,6294.13653,6294.13653,11288.31112,11288.31112,11288.31112,11288.31112,11288.31112
2/8/1988,3409.613383,3609.524504,3782.039222,3920.257275,3915.901308,3782.039222,7140.988311,10635.12616,8266.890885,7384.70346,7390.753761,8266.890885,7930.850389,7894.194439,8266.890885,8630.696198,8758.767575,8266.890885,1629.487601,1619.179783,0.001001968,0.001005531,0.001008742,0.001011081,6589.883438,6589.883438,6589.883438,11897.10198,11897.10198,11897.10198,11897.10198,11897.10198
2/9/1988,3158.507917,3351.378664,3503.960633,3612.930527,3609.524504,3503.960633,6429.454868,8215.648578,7431.755092,6640.908889,10635.12616,7431.755092,7107.651264,7390.753761,7431.755092,7604.444809,7894.194439,7431.755092,1524.833932,1515.274319,0.001001968,0.001005531,0.001008742,0.001011081,6515.282245,6515.282245,6515.282245,12180.79478,12180.79478,12180.79478,12180.79478,12180.79478
2/10/1988,2943.784306,3133.112526,3265.220428,3354.071678,3351.378664,3265.220428,5974.670141,6717.487289,6900.247297,6159.7146,8215.648578,6900.247297,6571.726218,10635.12616,6900.247297,6975.917104,7390.753761,6900.247297,1430.529855,1421.639222,0.001001968,0.001005531,0.001008742,0.001011081,5649.643129,5649.643129,5649.643129,11648.46882,11648.46882,11648.46882,11648.46882,11648.46882
2/11/1988,2760.226158,2949.083018,3061.136473,3135.26137,3133.112526,3061.136473,5703.167438,6438.728981,6585.193653,5865.69764,6717.487289,6585.193653,6233.595184,8215.648578,6585.193653,6573.842087,10635.12616,6585.193653,1349.399416,1341.080085,0.001001968,0.001005531,0.001008742,0.001011081,4637.737707,4637.737707,4637.737707,10148.29903,10148.29903,10148.29903,10148.29903,10148.29903
2/12/1988,2603.792719,2783.61891,2887.797623,2950.811347,2949.083018,2887.797623,8525.618158,6982.649574,9994.379566,8601.919544,6438.728981,9994.379566,8853.741318,6717.487289,9994.379566,9244.679098,8215.648578,9994.379566,1282.45708,1274.606023,0.001001968,0.001005531,0.001008742,0.001011081,4016.058849,4016.058849,4016.058849,9245.107141,9245.107141,9245.107141,9245.107141,9245.107141
2/13/1988,2462.500123,2636.764755,2730.593945,2785.018475,2783.61891,2730.593945,6578.793569,6440.720681,7651.063314,6681.552527,6982.649574,7651.063314,6954.353607,6438.728981,7651.063314,7256.06345,6717.487289,7651.063314,1218.787816,1211.379377,0.001001968,0.001005531,0.001008742,0.001011081,3631.734,3631.734,3631.734,8534.239753,8534.239753,8534.239753,8534.239753,8534.239753
2/14/1988,2336.293474,2505.576568,2590.261062,2637.905529,2636.764755,2590.261062,5362.484344,6011.197983,6198.474819,5475.313083,6440.720681,6198.474819,5750.104997,6982.649574,6198.474819,5995.008204,6438.728981,6198.474819,1162.00496,1154.98888,0.001001968,0.001005531,0.001008742,0.001011081,3350.496961,3350.496961,3350.496961,7993.658289,7993.658289,7993.658289,7993.658289,7993.658289
2/15/1988,2222.94406,2392.742266,2464.303379,2506.511862,2505.576568,2464.303379,5191.20897,6200.748441,5998.561749,5294.019728,6011.197983,5998.561749,5548.353475,6440.720681,5998.561749,5770.992983,6982.649574,5998.561749,1111.098308,1104.431977,0.001001968,0.001005531,0.001008742,0.001011081,3122.462804,3122.462804,3122.462804,7628.695756,7628.695756,7628.695756,7628.695756,7628.695756
2/16/1988,2122.825549,2280.454836,2353.872055,2393.513697,2392.742266,2353.872055,5695.242503,7991.441728,6606.399015,5777.615326,6200.748441,6606.399015,5997.543466,6011.197983,6606.399015,6217.493183,6440.720681,6606.399015,1069.541292,1063.159003,0.001001968,0.001005531,0.001008742,0.001011081,2930.167893,2930.167893,2930.167893,7466.512428,7466.512428,7466.512428,7466.512428,7466.512428
2/17/1988,2028.956749,2185.122772,2248.502417,2281.095148,2280.454836,2248.502417,5268.944117,8499.173206,6097.96371,5346.759081,7991.441728,6097.96371,5558.595746,6200.748441,6097.96371,5763.081261,6011.197983,6097.96371,1022.161138,1016.101014,0.001001968,0.001005531,0.001008742,0.001011081,2763.193118,2763.193118,2763.193118,7312.437398,7312.437398,7312.437398,7312.437398,7312.437398
2/18/1988,1959.307916,2060.187563,2168.723289,2185.65776,2185.122772,2168.723289,4964.392157,7272.485214,5730.813619,5028.125324,8499.173206,5730.813619,5226.245704,7991.441728,5730.813619,5396.06688,6200.748441,5730.813619,980.0677705,974.2922943,0.001001968,0.001005531,0.001008742,0.001011081,2616.049245,2616.049245,2616.049245,7155.300873,7155.300873,7155.300873,7155.300873,7155.300873
2/19/1988,1927.588919,2803.127831,2115.694516,2059.957301,2060.187563,2115.694516,5214.470183,7030.262577,6002.203624,5191.373848,7272.485214,6002.203624,5341.849038,8499.173206,6002.203624,5558.078616,7991.441728,6002.203624,887.5742791,882.4187635,0.001001968,0.001005531,0.001008742,0.001011081,2477.229803,2477.229803,2477.229803,6555.569565,6555.569565,6555.569565,6555.569565,6555.569565
2/20/1988,2586.379999,2862.037342,2909.155454,2803.494234,2803.127831,2909.155454,7809.88995,7101.043046,9139.511377,7766.197696,7030.262577,9139.511377,7819.812413,7272.485214,9139.511377,7100.484709,8499.173206,9139.511377,1455.918606,1446.848376,0.001001968,0.001005531,0.001008742,0.001011081,2441.507398,2441.507398,2441.507398,6590.063506,6590.063506,6590.063506,6590.063506,6590.063506
2/21/1988,2605.303739,2593.924548,2899.780426,2862.898651,2862.037342,2899.780426,8218.954594,6816.636851,9591.050705,8222.272982,7101.043046,9591.050705,8220.89645,7030.262577,9591.050705,8377.018618,7272.485214,9591.050705,1332.537633,1324.336526,0.001001968,0.001005531,0.001008742,0.001011081,2435.070253,2435.070253,2435.070253,6933.948429,6933.948429,6933.948429,6933.948429,6933.948429
2/22/1988,2368.791007,2550.536291,2612.079089,2594.292056,2593.924548,2612.079089,6041.29362,6503.132385,6960.184375,6076.770288,6816.636851,6960.184375,6301.32774,7101.043046,6960.184375,6544.18161,7030.262577,6960.184375,1121.212889,1114.477222,0.001001968,0.001005531,0.001008742,0.001011081,2443.964336,2443.964336,2443.964336,7115.218471,7115.218471,7115.218471,7115.218471,7115.218471
2/23/1988,2351.998206,2637.825192,2588.868841,2550.778614,2550.536291,2588.868841,5848.454515,6427.016062,6736.360463,5861.558694,6503.132385,6736.360463,6045.404937,6816.636851,6736.360463,6291.870777,7101.043046,6736.360463,1097.181043,1090.609986,0.001001968,0.001005531,0.001008742,0.001011081,2459.104727,2459.104727,2459.104727,7138.360732,7138.360732,7138.360732,7138.360732,7138.360732
2/24/1988,2393.775036,2591.580423,2638.432447,2638.036595,2637.825192,2638.432447,6070.421182,6377.133161,7006.704789,6120.235961,6427.016062,7006.704789,6231.53807,6503.132385,7006.704789,6327.928762,6816.636851,7006.704789,1128.816951,1122.029107,0.001001968,0.001005531,0.001008742,0.001011081,2493.163228,2493.163228,2493.163228,7231.555792,7231.555792,7231.555792,7231.555792,7231.555792
2/25/1988,2325.884501,2448.243537,2557.966044,2591.770235,2591.580423,2557.966044,5854.767255,6055.343929,6749.435383,5935.642152,6377.133161,6749.435383,6083.473663,6427.016062,6749.435383,6213.568305,6503.132385,6749.435383,1074.255078,1067.840639,0.001001968,0.001005531,0.001008742,0.001011081,2542.179008,2542.179008,2542.179008,7363.644816,7363.644816,7363.644816,7363.644816,7363.644816
2/26/1988,2200.94942,2348.105423,2417.343218,2448.416438,2448.243537,2417.343218,5447.142621,5765.971954,6267.589187,5523.665377,6055.343929,6267.589187,5750.552223,6377.133161,6267.589187,5915.5559,6427.016062,6267.589187,1010.236429,1004.257096,0.001001968,0.001005531,0.001008742,0.001011081,2603.906098,2603.906098,2603.906098,7421.727891,7421.727891,7421.727891,7421.727891,7421.727891
2/27/1988,2103.869975,2232.023949,2311.315156,2348.265503,2348.105423,2311.315156,5319.704112,5531.644365,6121.676543,5398.449246,5765.971954,6121.676543,5602.283194,6055.343929,6121.676543,5803.604047,6377.133161,6121.676543,974.2764711,968.5400384,0.001001968,0.001005531,0.001008742,0.001011081,2572.045078,2572.045078,2572.045078,7157.593961,7157.593961,7157.593961,7157.593961,7157.593961
2/28/1988,2001.442556,2132.676418,2196.982039,2232.174748,2232.023949,2196.982039,5233.047085,5508.252781,6023.330672,5303.886749,5531.644365,6023.330672,5497.281293,5765.971954,6023.330672,5710.019737,6055.343929,6023.330672,924.6365464,919.2335523,0.001001968,0.001005531,0.001008742,0.001011081,2517.282109,2517.282109,2517.282109,6775.606628,6775.606628,6775.606628,6775.606628,6775.606628
2/29/1988,1918.578646,2046.671714,2105.104193,2132.820911,2132.676418,2105.104193,4968.410887,6559.747145,5712.797312,5031.180719,5508.252781,5712.797312,5215.763705,5531.644365,5712.797312,5413.197685,5765.971954,5712.797312,887.3200505,882.1662281,0.001001968,0.001005531,0.001008742,0.001011081,2452.527657,2452.527657,2452.527657,6545.728332,6545.728332,6545.728332,6545.728332,6545.728332
3/1/1988,1851.379445,1979.526866,2029.810255,2046.812042,2046.671714,2029.810255,4768.604461,8445.63707,5475.76651,4819.782737,6559.747145,5475.76651,4990.232123,5508.252781,5475.76651,5162.650894,5531.644365,5475.76651,853.7030707,848.7725738,0.001001968,0.001005531,0.001008742,0.001011081,2385.271769,2385.271769,2385.271769,6353.433435,6353.433435,6353.433435,6353.433435,6353.433435
3/2/1988,1784.68121,1873.487509,1956.420047,1979.33106,1979.526866,1956.420047,4604.007266,7719.828835,5283.21612,4660.019833,8445.63707,5283.21612,4813.888351,6559.747145,5283.21612,4967.737418,5508.252781,5283.21612,826.0429308,821.2953428,0.001001968,0.001005531,0.001008742,0.001011081,2304.582528,2304.582528,2304.582528,6135.665246,6135.665246,6135.665246,6135.665246,6135.665246
3/3/1988,1743.782565,2365.971537,1899.740844,1867.284453,1873.487509,1899.740844,4683.813549,6883.098591,5355.493474,4677.218676,7719.828835,5355.493474,4817.529997,8445.63707,5355.493474,4950.238665,6559.747145,5355.493474,756.3842774,752.0937646,0.001001968,0.001005531,0.001008742,0.001011081,2208.612143,2208.612143,2208.612143,5942.611978,5942.611978,5942.611978,5942.611978,5942.611978
3/4/1988,2172.059592,2324.234228,2407.657408,2363.714588,2365.971537,2407.657408,6281.236725,6468.550059,7262.449746,6283.897834,6883.098591,7262.449746,6260.983791,7719.828835,7262.449746,5849.627011,8445.63707,7262.449746,1071.02994,1064.6375,0.001001968,0.001005531,0.001008742,0.001011081,2160.796318,2160.796318,2160.796318,5971.570083,5971.570083,5971.570083,5971.570083,5971.570083
3/5/1988,2122.95179,2190.004063,2334.334653,2326.656078,2324.234228,2334.334653,7890.176013,6182.519751,9167.472214,7880.48368,6468.550059,9167.472214,7920.773334,6883.098591,9167.472214,7935.948089,7719.828835,9167.472214,984.9581861,979.1497172,0.001001968,0.001005531,0.001008742,0.001011081,2141.841334,2141.841334,2141.841334,6328.841807,6328.841807,6328.841807,6328.841807,6328.841807
3/6/1988,1964.903303,2047.929739,2159.720548,2190.410964,2190.004063,2159.720548,6559.576885,5250.179696,7590.832604,6602.100658,6182.519751,7590.832604,6769.174324,6468.550059,7590.832604,7029.312568,6883.098591,7590.832604,920.5590121,915.1833081,0.001001968,0.001005531,0.001008742,0.001011081,2136.218319,2136.218319,2136.218319,6567.829631,6567.829631,6567.829631,6567.829631,6567.829631
3/7/1988,1897.404842,1999.208948,2073.358078,2047.763534,2047.929739,2073.358078,5706.827698,5630.761496,6554.124134,5703.487884,5250.179696,6554.124134,5867.567152,6182.519751,6554.124134,6108.948861,6468.550059,6554.124134,839.951304,835.1118408,0.001001968,0.001005531,0.001008742,0.001011081,2124.1701,2124.1701,2124.1701,6687.755378,6687.755378,6687.755378,6687.755378,6687.755378
3/8/1988,1955.369871,2240.401864,2115.922048,1995.232987,1999.208948,2115.922048,5610.789426,7883.214109,6396.17653,5512.624413,5630.761496,6396.17653,5592.178196,5250.179696,6396.17653,5743.04752,6182.519751,6396.17653,771.1257987,766.7389971,0.001001968,0.001005531,0.001008742,0.001011081,2107.223098,2107.223098,2107.223098,6794.989295,6794.989295,6794.989295,6794.989295,6794.989295
3/9/1988,2331.036576,2649.341377,2503.187797,2197.526148,2240.401864,2503.187797,5949.350214,9546.704231,6733.658415,5676.309579,7883.214109,6733.658415,5638.639596,5630.761496,6733.658415,5567.018552,5250.179696,6733.658415,818.2385664,813.542445,0.001001968,0.001005531,0.001008742,0.001011081,2111.295572,2111.295572,2111.295572,6914.062427,6914.062427,6914.062427,6914.062427,6914.062427
3/10/1988,3395.138391,4546.402379,3535.691149,2636.130875,2649.341377,3535.691149,6527.476191,10666.55386,7127.278999,5682.297428,9546.704231,7127.278999,5111.060643,7883.214109,7127.278999,5029.273827,5630.761496,7127.278999,561.8458727,558.8010215,0.001001968,0.001005531,0.001008742,0.001011081,2123.626582,2123.626582,2123.626582,6953.498368,6953.498368,6953.498368,6953.498368,6953.498368
3/11/1988,4861.224398,6175.748078,5241.963648,4558.899584,4546.402379,5241.963648,8019.064977,10734.5191,8990.530366,7473.072632,10666.55386,8990.530366,7003.707957,9546.704231,8990.530366,5346.230952,7883.214109,8990.530366,1667.477102,1656.896248,0.001001968,0.001005531,0.001008742,0.001011081,2348.088926,2348.088926,2348.088926,6943.263806,6943.263806,6943.263806,6943.263806,6943.263806
3/12/1988,5117.50039,4486.577737,5738.948059,6152.736124,6175.748078,5738.948059,9925.449024,9967.166072,11585.92888,10529.38171,10734.5191,11585.92888,10454.11688,10666.55386,11585.92888,8773.842791,9546.704231,11585.92888,2662.22998,2644.276441,0.001001968,0.001005531,0.001008742,0.001011081,2813.091564,2813.091564,2813.091564,7000.142514,7000.142514,7000.142514,7000.142514,7000.142514
3/13/1988,4059.841933,4649.069765,4357.323477,4464.261564,4486.577737,4357.323477,9090.808427,9510.687607,10309.71978,9270.251671,9967.166072,10309.71978,9851.882716,10734.5191,10309.71978,10540.86801,10666.55386,10309.71978,1321.207551,1313.085781,0.001001968,0.001005531,0.001008742,0.001011081,3180.107285,3180.107285,3180.107285,7440.39117,7440.39117,7440.39117,7440.39117,7440.39117
3/14/1988,4295.431877,4785.120925,4642.069148,4648.972067,4649.069765,4642.069148,8735.386226,9004.635654,9892.959828,8845.235537,9510.687607,9892.959828,9147.616805,9967.166072,9892.959828,9419.940578,10734.5191,9892.959828,1516.333095,1506.833994,0.001001968,0.001005531,0.001008742,0.001011081,3547.522711,3547.522711,3547.522711,8061.661016,8061.661016,8061.661016,8061.661016,8061.661016
3/15/1988,4160.821731,4136.870584,4550.480098,4789.689369,4785.120925,4550.480098,8959.267373,8249.377457,10271.56753,9300.637555,9004.635654,10271.56753,9640.664186,9510.687607,10271.56753,9763.988711,9967.166072,10271.56753,1704.751165,1693.901701,0.001001968,0.001005531,0.001008742,0.001011081,3955.682385,3955.682385,3955.682385,8627.833761,8627.833761,8627.833761,8627.833761,8627.833761
3/16/1988,3529.429757,3570.826929,3837.961127,4138.785365,4136.870584,3837.961127,7748.84828,7602.041877,8842.714688,8127.246106,8249.377457,8842.714688,8666.919099,9004.635654,8842.714688,9269.907128,9510.687607,8842.714688,1376.216017,1367.708298,0.001001968,0.001005531,0.001008742,0.001011081,4299.52171,4299.52171,4299.52171,9119.708261,9119.708261,9119.708261,9119.708261,9119.708261
3/17/1988,3137.328027,3342.574617,3395.343927,3572.384629,3570.826929,3395.343927,6907.216947,7156.956435,7852.149662,7147.578867,7602.041877,7852.149662,7683.97783,8249.377457,7852.149662,8399.986155,9004.635654,7852.149662,1166.872898,1159.823272,0.001001968,0.001005531,0.001008742,0.001011081,4575.11597,4575.11597,4575.11597,9581.605766,9581.605766,9581.605766,9581.605766,9581.605766
3/18/1988,2970.990645,3155.778091,3226.71864,3343.953155,3342.574617,3226.71864,6688.408286,6741.742515,7627.145301,6866.162965,7156.956435,7627.145301,7268.78237,7602.041877,7627.145301,7769.773459,8249.377457,7627.145301,1163.103359,1156.079711,0.001001968,0.001005531,0.001008742,0.001011081,4547.168495,4547.168495,4547.168495,9805.667283,9805.667283,9805.667283,9805.667283,9805.667283
3/19/1988,2816.477463,2987.28423,3064.682359,3157.006323,3155.778091,3064.682359,6392.428285,6361.367252,7297.66571,6543.128548,6741.742515,7297.66571,6875.880304,7156.956435,7297.66571,7252.344469,7602.041877,7297.66571,1135.71725,1128.882019,0.001001968,0.001005531,0.001008742,0.001011081,4230.152766,4230.152766,4230.152766,9572.948335,9572.948335,9572.948335,9572.948335,9572.948335
3/20/1988,2664.953501,2821.242528,2903.333342,2988.385548,2987.28423,2903.333342,6019.551312,6095.407178,6871.160811,6162.218461,6361.367252,6871.160811,6461.427769,6741.742515,6871.160811,6768.443167,7156.956435,6871.160811,1097.543456,1090.96992,0.001001968,0.001005531,0.001008742,0.001011081,3985.796232,3985.796232,3985.796232,9029.304606,9029.304606,9029.304606,9029.304606,9029.304606
3/21/1988,2521.63415,2673.538649,2748.455579,2822.236371,2821.242528,2748.455579,5700.533972,5505.780849,6509.021476,5828.738327,6095.407178,6509.021476,6108.843764,6361.367252,6509.021476,6414.679128,6741.742515,6509.021476,1051.1066,1044.849876,0.001001968,0.001005531,0.001008742,0.001011081,3736.982754,3736.982754,3736.982754,8417.305837,8417.305837,8417.305837,8417.305837,8417.305837
3/22/1988,2393.84209,2541.094784,2610.210172,2674.441961,2673.538649,2610.210172,5385.373475,4332.838589,6147.423355,5502.225835,5505.780849,6147.423355,5761.929257,6095.407178,6147.423355,6029.525788,6361.367252,6147.423355,1008.881516,1002.911355,0.001001968,0.001005531,0.001008742,0.001011081,3442.85856,3442.85856,3442.85856,7857.793205,7857.793205,7857.793205,7857.793205,7857.793205
3/23/1988,2281.800566,2533.076288,2488.317422,2540.775507,2541.094784,2488.317422,5145.281299,9822.034134,5869.408899,5248.679192,4332.838589,5869.408899,5490.576005,5505.780849,5869.408899,5708.638874,6095.407178,5869.408899,968.7720874,963.0727367,0.001001968,0.001005531,0.001008742,0.001011081,3182.699557,3182.699557,3182.699557,7345.143811,7345.143811,7345.143811,7345.143811,7345.143811
3/24/1988,2229.274106,4028.207995,2416.727054,2396.287232,2533.076288,2416.727054,5119.044279,15394.24071,5808.393315,5144.494128,9822.034134,5808.393315,5338.177254,4332.838589,5808.393315,5500.861299,5505.780849,5808.393315,884.5045329,879.3694568,0.001001968,0.001005531,0.001008742,0.001011081,2972.740676,2972.740676,2972.740676,6915.947917,6915.947917,6915.947917,6915.947917,6915.947917
3/25/1988,2930.414371,6832.887033,3140.960336,2706.090419,4028.207995,3140.960336,5630.644017,15901.98808,6283.416929,5269.178092,15394.24071,6283.416929,5299.709898,9822.034134,6283.416929,5047.713397,4332.838589,6283.416929,931.3005239,925.8528963,0.001001968,0.001005531,0.001008742,0.001011081,2831.918099,2831.918099,2831.918099,6562.357003,6562.357003,6562.357003,6562.357003,6562.357003
3/26/1988,7283.1502,11833.38849,8026.546366,6712.793539,6832.887033,8026.546366,10122.49831,14279.57494,11376.0707,9231.007375,15901.98808,11376.0707,8769.537154,15394.24071,11376.0707,4502.116012,9822.034134,11376.0707,2531.978019,2515.011019,0.001001968,0.001005531,0.001008742,0.001011081,3165.285645,3165.285645,3165.285645,6470.323806,6470.323806,6470.323806,6470.323806,6470.323806
3/27/1988,11254.70846,10012.46367,13043.64558,12494.43483,11833.38849,13043.64558,17951.23014,11959.66399,21464.61478,18124.36197,14279.57494,21464.61478,17921.09989,15901.98808,21464.61478,13077.21263,15394.24071,21464.61478,6459.153073,6410.720032,0.001001968,0.001005531,0.001008742,0.001011081,4260.418987,4260.418987,4260.418987,7371.947346,7371.947346,7371.947346,7371.947346,7371.947346
3/28/1988,8297.534228,6295.601105,9606.999979,10281.32474,10012.46367,9606.999979,15593.57561,9738.671203,18663.75401,16714.29656,11959.66399,18663.75401,17920.64506,14279.57494,18663.75401,19015.06845,15901.98808,18663.75401,5037.837186,5001.127401,0.001001968,0.001005531,0.001008742,0.001011081,5325.506903,5325.506903,5325.506903,8870.129693,8870.129693,8870.129693,8870.129693,8870.129693
3/29/1988,5112.845245,4729.355447,5719.554767,6328.389151,6295.601105,5719.554767,8645.091798,8278.748893,9976.569317,9489.711523,9738.671203,9976.569317,11097.88966,11959.66399,9976.569317,14441.50772,14279.57494,9976.569317,2463.728634,2447.276301,0.001001968,0.001005531,0.001008742,0.001011081,5989.082579,5989.082579,5989.082579,10216.41517,10216.41517,10216.41517,10216.41517,10216.41517
3/30/1988,4059.891479,4229.277211,4479.081105,4768.986398,4729.355447,4479.081105,6945.143174,7620.459396,7905.262812,7403.076097,8278.748893,7905.262812,8535.183752,9738.671203,7905.262812,10617.93863,11959.66399,7905.262812,1730.361079,1719.326657,0.001001968,0.001005531,0.001008742,0.001011081,6406.852451,6406.852451,6406.852451,11107.21309,11107.21309,11107.21309,11107.21309,11107.21309
3/31/1988,3689.632326,3911.26662,4077.861858,4223.080776,4229.277211,4077.861858,7283.108737,7276.560163,8352.831477,7561.210709,7620.459396,8352.831477,8259.217824,8278.748893,8352.831477,9375.482687,9738.671203,8352.831477,1628.142298,1617.844135,0.001001968,0.001005531,0.001008742,0.001011081,6716.818841,6716.818841,6716.818841,11650.59946,11650.59946,11650.59946,11650.59946,11650.59946
4/1/1988,3509.787154,3827.338687,3879.587767,3935.482487,3911.26662,3879.587767,6896.444172,7050.347506,7907.727504,7079.954411,7276.560163,7907.727504,7584.218635,7620.459396,7907.727504,8181.3261,8278.748893,7907.727504,1557.619642,1547.826271,0.001001968,0.001005531,0.001008742,0.001011081,6942.176728,6942.176728,6942.176728,12026.97782,12026.97782,12026.97782,12026.97782,12026.97782
4/2/1988,3465.46236,3788.50103,3836.641388,3848.310281,3827.338687,3836.641388,6495.432877,6973.566422,7440.955429,6641.47121,7050.347506,7440.955429,7016.99606,7276.560163,7440.955429,7314.250316,7620.459396,7440.955429,1574.994749,1565.077257,0.001001968,0.001005531,0.001008742,0.001011081,6696.676062,6696.676062,6696.676062,12116.26081,12116.26081,12116.26081,12116.26081,12116.26081
4/3/1988,3441.226942,3676.28719,3812.973585,3801.743558,3788.50103,3812.973585,6293.54204,6849.552961,7214.245512,6416.444421,6973.566422,7214.245512,6755.147457,7050.347506,7214.245512,6964.312099,7276.560163,7214.245512,1588.860429,1578.843769,0.001001968,0.001005531,0.001008742,0.001011081,5705.049432,5705.049432,5705.049432,11223.56402,11223.56402,11223.56402,11223.56402,11223.56402
4/4/1988,3266.337159,3471.627506,3628.455893,3688.660244,3676.28719,3628.455893,6030.445863,6694.329693,6921.146644,6221.273998,6849.552961,6921.146644,6588.618643,6973.566422,6921.146644,6722.232073,7050.347506,6921.146644,1561.330755,1551.510887,0.001001968,0.001005531,0.001008742,0.001011081,4757.05616,4757.05616,4757.05616,9765.73088,9765.73088,9765.73088,9765.73088,9765.73088
4/5/1988,3098.203553,3329.501927,3436.026722,3485.162892,3471.627506,3436.026722,5777.263488,6221.598526,6620.494876,5946.871517,6694.329693,6620.494876,6316.746129,6849.552961,6620.494876,6584.944226,6973.566422,6620.494876,1467.494514,1458.342271,0.001001968,0.001005531,0.001008742,0.001011081,4208.161423,4208.161423,4208.161423,8487.619545,8487.619545,8487.619545,8487.619545,8487.619545
4/6/1988,2910.329383,2821.164924,3236.10105,3339.436594,3329.501927,3236.10105,5536.63232,5550.855702,6361.784357,5753.401047,6221.598526,6361.784357,6107.331457,6694.329693,6361.784357,6371.208193,6849.552961,6361.784357,1426.936191,1418.070949,0.001001968,0.001005531,0.001008742,0.001011081,3904.220211,3904.220211,3904.220211,7683.521065,7683.521065,7683.521065,7683.521065,7683.521065
4/7/1988,2489.438507,2615.110385,2745.960144,2827.306741,2821.164924,2745.960144,5159.114656,5199.837933,5901.678749,5322.387653,5550.855702,5901.678749,5734.574978,6221.598526,5901.678749,6236.765464,6694.329693,5901.678749,1144.208768,1137.315175,0.001001968,0.001005531,0.001008742,0.001011081,3678.329032,3678.329032,3678.329032,7221.312542,7221.312542,7221.312542,7221.312542,7221.312542
4/8/1988,2326.638561,2476.395668,2564.974176,2619.993057,2615.110385,2564.974176,5059.630354,4959.464113,5787.816126,5187.988163,5199.837933,5787.816126,5494.245297,5550.855702,5787.816126,5843.702376,6221.598526,5787.816126,1072.151379,1065.751291,0.001001968,0.001005531,0.001008742,0.001011081,3476.944612,3476.944612,3476.944612,6927.084667,6927.084667,6927.084667,6927.084667,6927.084667
4/9/1988,2219.583631,2366.415834,2446.211638,2480.394741,2476.395668,2446.211638,4882.740246,4757.312541,5586.283462,4984.526479,4959.464113,5586.283462,5239.435649,5199.837933,5586.283462,5523.204092,5550.855702,5586.283462,1026.523933,1020.434221,0.001001968,0.001005531,0.001008742,0.001011081,3282.559604,3282.559604,3282.559604,6677.396312,6677.396312,6677.396312,6677.396312,6677.396312
4/10/1988,2120.097138,2265.008902,2338.21258,2369.726878,2366.415834,2338.21258,4427.899899,4580.161651,5057.525812,4529.026529,4757.312541,5057.525812,4769.88285,4959.464113,5057.525812,4978.111528,5199.837933,5057.525812,994.84598,988.9707411,0.001001968,0.001005531,0.001008742,0.001011081,3082.966805,3082.966805,3082.966805,6396.990795,6396.990795,6396.990795,6396.990795,6396.990795
4/11/1988,2028.659089,2167.128953,2237.926238,2267.777279,2265.008902,2237.926238,4207.426385,4437.511852,4805.159418,4304.4201,4580.161651,4805.159418,4528.931501,4757.312541,4805.159418,4719.621139,4959.464113,4805.159418,960.5735192,954.9293514,0.001001968,0.001005531,0.001008742,0.001011081,2878.968123,2878.968123,2878.968123,6095.253538,6095.253538,6095.253538,6095.253538,6095.253538
4/12/1988,1943.382138,2080.639912,2143.555465,2169.465281,2167.128953,2143.555465,4030.378432,4476.705977,4602.123886,4120.307478,4437.511852,4602.123886,4333.114831,4580.161651,4602.123886,4507.919371,4757.312541,4602.123886,924.5458245,919.1434378,0.001001968,0.001005531,0.001008742,0.001011081,2685.745535,2685.745535,2685.745535,5790.381043,5790.381043,5790.381043,5790.381043,5790.381043
4/13/1988,1866.539563,2002.871777,2058.890134,2082.631229,2080.639912,2058.890134,3894.844051,4534.598208,4446.356034,3979.792459,4476.705977,4446.356034,4180.675923,4437.511852,4446.356034,4329.519089,4580.161651,4446.356034,893.6487904,888.452802,0.001001968,0.001005531,0.001008742,0.001011081,2500.914254,2500.914254,2500.914254,5488.39536,5488.39536,5488.39536,5488.39536,5488.39536
4/14/1988,1793.851329,2067.886823,1978.647151,2000.725809,2002.871777,1978.647151,3770.54021,4495.781043,4303.885946,3850.940511,4534.598208,4303.885946,4041.91977,4476.705977,4303.885946,4184.848499,4437.511852,4303.885946,863.5096613,858.5141315,0.001001968,0.001005531,0.001008742,0.001011081,2358.836556,2358.836556,2358.836556,5190.066201,5190.066201,5190.066201,5190.066201,5190.066201
4/15/1988,1867.34723,2259.499789,2068.800287,2063.214201,2067.886823,2068.800287,3799.132858,4452.696323,4350.026834,3859.15295,4495.781043,4350.026834,4031.81425,4534.598208,4350.026834,4053.2328,4476.705977,4350.026834,937.3835156,931.8951102,0.001001968,0.001005531,0.001008742,0.001011081,2262.911127,2262.911127,2262.911127,4904.673933,4904.673933,4904.673933,4904.673933,4904.673933
4/16/1988,2018.336464,2041.787009,2257.967503,2261.930609,2259.499789,2257.967503,4080.834223,4266.847785,4707.465252,4163.679428,4452.696323,4707.465252,4330.293268,4495.781043,4707.465252,4191.731272,4534.598208,4707.465252,1103.265715,1096.653022,0.001001968,0.001005531,0.001008742,0.001011081,2215.13261,2215.13261,2215.13261,4704.507207,4704.507207,4704.507207,4704.507207,4704.507207
4/17/1988,1822.420176,1882.125273,2026.053836,2043.645354,2041.787009,2026.053836,3909.324632,3929.075403,4490.159973,3989.610634,4266.847785,4490.159973,4210.458103,4452.696323,4490.159973,4403.878207,4495.781043,4490.159973,951.2566136,945.6750834,0.001001968,0.001005531,0.001008742,0.001011081,2166.887436,2166.887436,2166.887436,4604.142991,4604.142991,4604.142991,4604.142991,4604.142991
4/18/1988,1683.999179,1752.117129,1864.373547,1885.80078,1882.125273,1864.373547,3590.842575,3757.848374,4104.738089,3668.981105,3929.075403,4104.738089,3865.115688,4266.847785,4104.738089,4069.967435,4452.696323,4104.738089,852.0204611,847.101113,0.001001968,0.001005531,0.001008742,0.001011081,2111.177899,2111.177899,2111.177899,4529.569184,4529.569184,4529.569184,4529.569184,4529.569184
4/19/1988,1593.522702,1745.31149,1757.125016,1756.752213,1752.117129,1757.125016,3600.706593,3655.016044,4109.40994,3648.330234,3757.848374,4109.40994,3824.710227,3929.075403,4109.40994,3994.879884,4266.847785,4109.40994,780.6616906,776.2124742,0.001001968,0.001005531,0.001008742,0.001011081,2051.445917,2051.445917,2051.445917,4466.689635,4466.689635,4466.689635,4466.689635,4466.689635
4/20/1988,1554.502348,1603.905664,1718.766082,1746.123597,1745.31149,1718.766082,3508.830254,3507.574051,4012.932809,3583.616933,3655.016044,4012.932809,3718.550285,3757.848374,4012.932809,3848.873333,3929.075403,4012.932809,786.6466998,782.1582592,0.001001968,0.001005531,0.001008742,0.001011081,1997.44057,1997.44057,1997.44057,4398.958825,4398.958825,4398.958825,4398.958825,4398.958825
4/21/1988,1430.348801,1527.595573,1576.156151,1604.628614,1603.905664,1576.156151,3185.270439,3519.924119,3630.611964,3256.665475,3507.574051,3630.611964,3425.554255,3655.016044,3630.611964,3584.921445,3757.848374,3630.611964,705.9636142,702.000559,0.001001968,0.001005531,0.001008742,0.001011081,1942.255896,1942.255896,1942.255896,4309.012886,4309.012886,4309.012886,4309.012886,4309.012886
4/22/1988,1375.530309,1486.244215,1514.731283,1528.398847,1527.595573,1514.731283,3034.835795,3482.252453,3457.831322,3089.533055,3519.924119,3457.831322,3241.320684,3507.574051,3457.831322,3394.177929,3655.016044,3457.831322,677.9205538,674.13831,0.001001968,0.001005531,0.001008742,0.001011081,1870.621714,1870.621714,1870.621714,4211.519252,4211.519252,4211.519252,4211.519252,4211.519252
4/23/1988,1331.190189,1465.262637,1467.032561,1484.348897,1486.244215,1467.032561,3021.913453,3484.088247,3443.445012,3078.437901,3482.252453,3443.445012,3209.331961,3519.924119,3443.445012,3292.612057,3507.574051,3443.445012,664.5254753,660.8292517,0.001001968,0.001005531,0.001008742,0.001011081,1767.675831,1767.675831,1767.675831,4082.905342,4082.905342,4082.905342,4082.905342,4082.905342
4/24/1988,1490.18873,1885.860267,1620.961622,1466.157453,1465.262637,1620.961622,3203.418494,3544.494369,3615.741083,3087.528093,3484.088247,3615.741083,3179.802659,3482.252453,3615.741083,3221.941577,3519.924119,3615.741083,639.0373718,635.5041878,0.001001968,0.001005531,0.001008742,0.001011081,1675.565166,1675.565166,1675.565166,3927.796611,3927.796611,3927.796611,3927.796611,3927.796611
4/25/1988,1735.031678,1693.122148,1920.018044,1888.227257,1885.860267,1920.018044,3440.223708,4133.532563,3934.479096,3467.032685,3544.494369,3934.479096,3439.881563,3484.088247,3934.479096,3262.431877,3482.252453,3934.479096,884.9242411,879.786371,0.001001968,0.001005531,0.001008742,0.001011081,1642.78089,1642.78089,1642.78089,3793.421475,3793.421475,3793.421475,3793.421475,3793.421475
4/26/1988,1483.846609,1506.181003,1634.512603,1693.844281,1693.122148,1634.512603,3171.276475,4928.307091,3613.279988,3275.117464,4133.532563,3613.279988,3434.92745,3544.494369,3613.279988,3450.207578,3484.088247,3613.279988,736.7949785,732.6320397,0.001001968,0.001005531,0.001008742,0.001011081,1632.119184,1632.119184,1632.119184,3695.415687,3695.415687,3695.415687,3695.415687,3695.415687
4/27/1988,1294.012336,1809.041555,1414.881977,1476.766804,1506.181003,1414.881977,2792.204718,5257.615172,3160.270874,2890.13898,4928.307091,3160.270874,3061.711558,4133.532563,3160.270874,3294.480777,3544.494369,3160.270874,601.6308237,598.3353389,0.001001968,0.001005531,0.001008742,0.001011081,1603.454589,1603.454589,1603.454589,3619.48906,3619.48906,3619.48906,3619.48906,3619.48906
4/28/1988,2070.129831,2971.161816,2218.74034,1811.420057,1809.041555,2218.74034,3906.035985,5125.750354,4333.224242,3559.744455,5257.615172,4333.224242,3437.959688,4928.307091,4333.224242,3146.499675,4133.532563,4333.224242,668.0928814,664.373771,0.001001968,0.001005531,0.001008742,0.001011081,1591.72498,1591.72498,1591.72498,3596.105819,3596.105819,3596.105819,3596.105819,3596.105819
4/29/1988,3047.121862,3779.970428,3362.024593,2984.369961,2971.161816,3362.024593,5346.050826,5009.879494,6111.914846,5075.217094,5125.750354,6111.914846,4909.987885,5257.615172,6111.914846,4103.912481,4928.307091,6111.914846,1414.022953,1405.248883,0.001001968,0.001005531,0.001008742,0.001011081,1732.33584,1732.33584,1732.33584,3719.142577,3719.142577,3719.142577,3719.142577,3719.142577
4/30/1988,3223.603947,2747.855243,3657.854898,3777.71872,3779.970428,3657.854898,5944.661336,4416.315187,6957.866088,6210.166309,5009.879494,6957.866088,6285.147111,5125.750354,6957.866088,5347.814699,5257.615172,6957.866088,1918.384946,1905.983004,0.001001968,0.001005531,0.001008742,0.001011081,2012.017603,2012.017603,2012.017603,4010.549794,4010.549794,4010.549794,4010.549794,4010.549794
5/1/1988,2220.053074,1697.130033,2450.878144,2754.980435,2747.855243,2450.878144,4500.590448,3982.177431,5141.32646,4876.712072,4416.315187,5141.32646,5225.561628,5009.879494,5141.32646,5913.963582,5125.750354,5141.32646,1066.32224,1059.961898,0.001001968,0.001005531,0.001008742,0.001011081,2220.808234,2220.808234,2220.808234,4367.433179,4367.433179,4367.433179,4367.433179,4367.433179
5/2/1988,1445.057111,1549.150666,1542.659347,1700.66767,1697.130033,1542.659347,2758.502145,4326.976555,3037.473439,2951.764179,3982.177431,3037.473439,3484.567868,4416.315187,3037.473439,4332.82348,5009.879494,3037.473439,480.9378585,478.3950976,0.001001968,0.001005531,0.001008742,0.001011081,2284.484296,2284.484296,2284.484296,4602.060275,4602.060275,4602.060275,4602.060275,4602.060275
5/3/1988,1381.861489,1477.363902,1488.211561,1550.527767,1549.150666,1488.211561,3092.373796,4976.84942,3467.538693,3183.027225,4326.976555,3467.538693,3449.32899,3982.177431,3467.538693,3942.240476,4416.315187,3467.538693,528.1769393,525.3423226,0.001001968,0.001005531,0.001008742,0.001011081,2285.686033,2285.686033,2285.686033,4691.581351,4691.581351,4691.581351,4691.581351,4691.581351
5/4/1988,1322.278585,1427.455002,1431.601008,1480.414328,1477.363902,1431.601008,3206.65129,5024.866491,3619.738743,3279.97765,4976.84942,3619.738743,3438.001057,4326.976555,3619.738743,3680.40006,3982.177431,3619.738743,546.5746287,543.6253532,0.001001968,0.001005531,0.001008742,0.001011081,2287.132034,2287.132034,2287.132034,4706.16388,4706.16388,4706.16388,4706.16388,4706.16388
5/5/1988,1231.628993,1872.085817,1332.895561,1375.493274,1427.455002,1332.895561,3155.761202,4661.758657,3561.859866,3218.938312,5024.866491,3561.859866,3348.935635,4976.84942,3561.859866,3498.151148,4326.976555,3561.859866,511.810545,509.0774692,0.001001968,0.001005531,0.001008742,0.001011081,2267.19214,2267.19214,2267.19214,4712.219617,4712.219617,4712.219617,4712.219617,4712.219617
5/6/1988,1694.138339,2487.453628,1881.953788,1821.913402,1872.085817,1881.953788,4362.136007,4346.193063,4991.415147,4357.544374,4661.758657,4991.415147,4480.790858,5024.866491,4991.415147,3858.771721,4976.84942,4991.415147,884.3683241,879.2341548,0.001001968,0.001005531,0.001008742,0.001011081,2158.962713,2158.962713,2158.962713,4707.864771,4707.864771,4707.864771,4707.864771,4707.864771
5/7/1988,2415.430578,2583.815367,2707.373598,2545.406205,2487.453628,2707.373598,5745.205601,4278.660126,6633.14946,5670.264262,4346.193063,6633.14946,5643.134879,4661.758657,6633.14946,5149.867243,5024.866491,6633.14946,1307.504411,1299.478485,0.001001968,0.001005531,0.001008742,0.001011081,1991.482135,1991.482135,1991.482135,4678.88194,4678.88194,4678.88194,4678.88194,4678.88194
5/8/1988,2277.69406,1751.04584,2564.99439,2618.060222,2583.815367,2564.99439,4896.329682,4021.262682,5667.431793,5038.847173,4278.660126,5667.431793,5141.723011,4346.193063,5667.431793,5181.699652,4661.758657,5667.431793,1311.305024,1303.252527,0.001001968,0.001005531,0.001008742,0.001011081,1929.621172,1929.621172,1929.621172,4578.487016,4578.487016,4578.487016,4578.487016,4578.487016
5/9/1988,1452.375294,1321.296307,1602.57477,1746.468995,1751.04584,1602.57477,3205.440405,3495.616363,3641.653062,3395.134695,4021.262682,3641.653062,3771.679934,4278.660126,3641.653062,4434.948675,4346.193063,3641.653062,735.9303593,731.7730412,0.001001968,0.001005531,0.001008742,0.001011081,1907.558499,1907.558499,1907.558499,4510.42299,4510.42299,4510.42299,4510.42299,4510.42299
5/10/1988,1156.014713,1325.634061,1252.395997,1312.743275,1321.296307,1252.395997,2617.457452,3497.213728,2926.862997,2707.113732,3495.616363,2926.862997,2966.752917,4021.262682,2926.862997,3532.895172,4278.660126,2926.862997,488.3423696,485.7541136,0.001001968,0.001005531,0.001008742,0.001011081,1872.993936,1872.993936,1872.993936,4473.437335,4473.437335,4473.437335,4473.437335,4473.437335
5/11/1988,1168.47559,1423.165663,1275.471171,1300.652686,1325.634061,1275.471171,3162.447768,3615.574085,3577.685239,3212.601652,3497.213728,3577.685239,3355.764411,3495.616363,3577.685239,3468.032435,4021.262682,3577.685239,538.8790786,535.9778288,0.001001968,0.001005531,0.001008742,0.001011081,1845.075606,1845.075606,1845.075606,4494.336194,4494.336194,4494.336194,4494.336194,4494.336194
5/12/1988,1288.750889,1303.550257,1425.093848,1440.039069,1423.165663,1425.093848,3444.940907,3144.707961,3939.384458,3491.178775,3615.574085,3939.384458,3598.382166,3497.213728,3939.384458,3625.07128,3495.616363,3939.384458,668.8481404,665.1241825,0.001001968,0.001005531,0.001008742,0.001011081,1847.038924,1847.038924,1847.038924,4508.561112,4508.561112,4508.561112,4508.561112,4508.561112
5/13/1988,1171.812159,1236.558274,1287.931955,1297.250877,1303.550257,1287.931955,2921.413821,2971.396746,3317.093731,2960.542897,3144.707961,3317.093731,3081.956329,3615.574085,3317.093731,3260.417697,3497.213728,3317.093731,582.8274095,579.6506696,0.001001968,0.001005531,0.001008742,0.001011081,1780.51488,1780.51488,1780.51488,4350.817068,4350.817068,4350.817068,4350.817068,4350.817068
5/14/1988,1143.85928,1237.581693,1252.872978,1245.261069,1236.558274,1252.872978,2920.188195,3930.325401,3307.934728,2940.733448,2971.396746,3307.934728,3042.555757,3144.707961,3307.934728,3121.583572,3615.574085,3307.934728,549.1487695,546.1834089,0.001001968,0.001005531,0.001008742,0.001011081,1633.480088,1633.480088,1633.480088,4069.95752,4069.95752,4069.95752,4069.95752,4069.95752
5/15/1988,1131.74514,1169.627832,1242.550645,1252.635963,1237.581693,1242.550645,3043.748816,6487.791,3467.760197,3076.385515,3930.325401,3467.760197,3144.429636,2971.396746,3467.760197,3273.846478,3144.707961,3467.760197,561.3874058,558.3454291,0.001001968,0.001005531,0.001008742,0.001011081,1456.102037,1456.102037,1456.102037,3817.331602,3817.331602,3817.331602,3817.331602,3817.331602
5/16/1988,1026.703361,991.8134919,1128.622254,1160.369954,1169.627832,1128.622254,2565.450524,9789.670682,2913.194412,2622.320651,6487.791,2913.194412,2736.771356,3930.325401,2913.194412,2833.828869,2971.396746,2913.194412,525.9785665,523.1576144,0.001001968,0.001005531,0.001008742,0.001011081,1341.497043,1341.497043,1341.497043,3584.200843,3584.200843,3584.200843,3584.200843,3584.200843
5/17/1988,885.6425366,1292.415074,957.5716139,981.9270411,991.8134919,957.5716139,2399.255617,11678.09932,2694.047107,2439.258493,9789.670682,2694.047107,2524.301123,6487.791,2694.047107,2700.820684,3930.325401,2694.047107,379.1333661,377.2055446,0.001001968,0.001005531,0.001008742,0.001011081,1272.950363,1272.950363,1272.950363,3430.773652,3430.773652,3430.773652,3430.773652,3430.773652
5/18/1988,1059.464348,2252.701671,1157.277118,1106.486063,1292.415074,1157.277118,3635.691157,10405.73238,4138.33212,3597.371709,11678.09932,4138.33212,3662.34416,9789.670682,4138.33212,3432.000199,6487.791,4138.33212,501.7642847,499.0933181,0.001001968,0.001005531,0.001008742,0.001011081,1236.24625,1236.24625,1236.24625,3455.59674,3455.59674,3455.59674,3455.59674,3455.59674
5/19/1988,1962.664416,3691.38906,2209.971299,2150.096012,2252.701671,2209.971299,7942.727528,10522.14127,9155.630333,7936.310936,10405.73238,9155.630333,7836.085773,11678.09932,9155.630333,6217.218201,9789.670682,9155.630333,1095.485465,1088.926005,0.001001968,0.001005531,0.001008742,0.001011081,1298.176956,1298.176956,1298.176956,3998.267146,3998.267146,3998.267146,3998.267146,3998.267146
5/20/1988,4529.522389,6166.139874,4934.082444,3798.744604,3691.38906,4934.082444,14369.10419,11238.92123,16339.11506,13363.28709,10522.14127,16339.11506,12547.40453,10405.73238,16339.11506,10047.68873,11678.09932,16339.11506,1566.564344,1556.707096,0.001001968,0.001005531,0.001008742,0.001011081,1498.673128,1498.673128,1498.673128,5342.921198,5342.921198,5342.921198,5342.921198,5342.921198
5/21/1988,5480.958246,4387.749586,6204.29615,6140.514335,6166.139874,6204.29615,14511.24213,9331.640624,16892.34847,14657.34667,11238.92123,16892.34847,14122.72777,10522.14127,16892.34847,12786.07198,10405.73238,16892.34847,2936.644891,2916.595454,0.001001968,0.001005531,0.001008742,0.001011081,2041.387406,2041.387406,2041.387406,6874.060695,6874.060695,6874.060695,6874.060695,6874.060695
5/22/1988,3695.53814,3260.119137,4120.038014,4406.380651,4387.749586,4120.038014,9139.995571,10130.66977,10424.87115,9572.76261,9331.640624,10424.87115,10527.78306,11238.92123,10424.87115,11207.88114,10522.14127,10424.87115,1805.308077,1793.730542,0.001001968,0.001005531,0.001008742,0.001011081,2580.85465,2580.85465,2580.85465,8019.889308,8019.889308,8019.889308,8019.889308,8019.889308
5/23/1988,2876.077642,3332.421907,3137.444908,3272.091169,3260.119137,3137.444908,7111.67271,9883.310341,7942.249934,7349.946701,10130.66977,7942.249934,8006.41674,9331.640624,7942.249934,9486.798425,11238.92123,7942.249934,1142.179312,1135.299672,0.001001968,0.001005531,0.001008742,0.001011081,2941.348821,2941.348821,2941.348821,9070.754904,9070.754904,9070.754904,9070.754904,9070.754904
5/24/1988,2589.278284,3834.591563,2808.678749,2903.555583,3332.421907,2808.678749,7639.455144,9233.824487,8617.364391,7789.544173,9883.310341,8617.364391,8114.669072,10130.66977,8617.364391,9151.651065,9331.640624,8617.364391,976.2805625,970.5306221,0.001001968,0.001005531,0.001008742,0.001011081,3236.706019,3236.706019,3236.706019,10039.44863,10039.44863,10039.44863,10039.44863,10039.44863
5/25/1988,3719.868867,3753.005343,4134.155202,3972.990189,3834.591563,4134.155202,8740.791906,7933.586309,9915.909567,8759.104464,9233.824487,9915.909567,9074.396178,9883.310341,9915.909567,7830.595285,10130.66977,9915.909567,1616.649424,1606.433706,0.001001968,0.001005531,0.001008742,0.001011081,3645.903305,3645.903305,3645.903305,10775.96579,10775.96579,10775.96579,10775.96579,10775.96579
5/26/1988,3717.617612,3591.555416,4098.779235,3949.60047,3753.005343,4098.779235,9859.293019,6657.11898,11255.27579,9822.562015,7933.586309,11255.27579,9896.867729,9233.824487,11255.27579,10521.23244,9883.310341,11255.27579,1563.542269,1553.706608,0.001001968,0.001005531,0.001008742,0.001011081,3916.193811,3916.193811,3916.193811,11179.65419,11179.65419,11179.65419,11179.65419,11179.65419
5/27/1988,3314.150098,3468.770736,3684.091807,3636.218048,3591.555416,3684.091807,7727.144651,5899.287278,8840.597209,7794.401869,6657.11898,8840.597209,8253.867291,7933.586309,8840.597209,8741.491394,9233.824487,8840.597209,1621.088853,1610.841296,0.001001968,0.001005531,0.001008742,0.001011081,4068.366481,4068.366481,4068.366481,10660.6527,10660.6527,10660.6527,10660.6527,10660.6527
5/28/1988,2868.240394,2417.975215,3229.702884,3478.833322,3468.770736,3229.702884,6904.703385,5214.656059,7979.476534,7259.80572,5899.287278,7979.476534,7648.52106,6657.11898,7979.476534,8231.015701,7933.586309,7979.476534,1614.354872,1604.155605,0.001001968,0.001005531,0.001008742,0.001011081,3855.918573,3855.918573,3855.918573,9830.10468,9830.10468,9830.10468,9830.10468,9830.10468
5/29/1988,1986.989681,1914.631294,2173.013564,2424.022096,2417.975215,2173.013564,5170.387113,5699.205564,5850.441837,5471.169349,5214.656059,5850.441837,5893.721085,5899.287278,5850.441837,6996.7732,6657.11898,5850.441837,867.9169637,862.8921757,0.001001968,0.001005531,0.001008742,0.001011081,3526.382411,3526.382411,3526.382411,9206.471615,9206.471615,9206.471615,9206.471615,9206.471615
5/30/1988,1688.916823,1849.359944,1824.923953,1918.802003,1914.631294,1824.923953,4119.644491,5927.801051,4603.78817,4254.822901,5699.205564,4603.78817,4626.370673,5214.656059,4603.78817,5312.470481,5899.287278,4603.78817,646.9509462,643.3672326,0.001001968,0.001005531,0.001008742,0.001011081,3307.893842,3307.893842,3307.893842,8571.507298,8571.507298,8571.507298,8571.507298,8571.507298
5/31/1988,1650.510307,1762.299729,1796.990503,1852.285739,1849.359944,1796.990503,4225.63115,4928.948578,4766.606571,4319.411215,5927.801051,4766.606571,4533.844478,5699.205564,4766.606571,4904.037365,5214.656059,4766.606571,700.2891582,696.3627677,0.001001968,0.001005531,0.001008742,0.001011081,3147.543339,3147.543339,3147.543339,7914.563801,7914.563801,7914.563801,7914.563801,7914.563801
6/1/1988,1571.949987,2002.012414,1713.991999,1758.134676,1762.299729,1713.991999,4060.076449,4486.613037,4587.035506,4140.35298,4928.948578,4587.035506,4310.386152,5927.801051,4587.035506,4549.400457,5699.205564,4587.035506,683.9657212,680.1445826,0.001001968,0.001005531,0.001008742,0.001011081,2840.840291,2840.840291,2840.840291,7272.69167,7272.69167,7272.69167,7272.69167,7272.69167
6/2/1988,1808.488318,2168.446563,2002.503714,2004.978199,2002.012414,2002.503714,5126.620499,4231.690239,5868.505188,5176.695805,4486.613037,5868.505188,5303.6656,4928.948578,5868.505188,5024.822134,5927.801051,5868.505188,914.9540716,909.6158552,0.001001968,0.001005531,0.001008742,0.001011081,2585.537809,2585.537809,2585.537809,6579.831086,6579.831086,6579.831086,6579.831086,6579.831086
6/3/1988,1900.203746,1583.914805,2116.011959,2171.801062,2168.446563,2116.011959,5350.882699,3800.092881,6175.73059,5450.2811,4231.690239,6175.73059,5513.260433,4486.613037,6175.73059,5714.233287,4928.948578,6175.73059,1007.672857,1001.710877,0.001001968,0.001005531,0.001008742,0.001011081,2341.168393,2341.168393,2341.168393,6107.992233,6107.992233,6107.992233,6107.992233,6107.992233
6/4/1988,1444.056404,1573.238792,1574.057671,1584.941402,1583.914805,1574.057671,3722.54121,3568.145425,4210.317199,3764.685918,3800.092881,4210.317199,4058.857665,4231.690239,4210.317199,4482.600498,4486.613037,4210.317199,634.2355445,630.7329804,0.001001968,0.001005531,0.001008742,0.001011081,2085.644772,2085.644772,2085.644772,5606.591618,5606.591618,5606.591618,5606.591618,5606.591618
6/5/1988,1398.635544,1443.107659,1537.139286,1574.978895,1573.238792,1537.139286,3354.489834,3765.981631,3803.672389,3431.382459,3568.145425,3803.672389,3585.432457,3800.092881,3803.672389,3839.647113,4231.690239,3803.672389,677.8965201,674.1144309,0.001001968,0.001005531,0.001008742,0.001011081,1929.816008,1929.816008,1929.816008,5187.408323,5187.408323,5187.408323,5187.408323,5187.408323
6/6/1988,1289.633214,1352.931017,1411.086121,1443.484096,1443.107659,1411.086121,3299.527838,4170.095702,3742.572965,3360.976012,3765.981631,3742.572965,3495.322197,3568.145425,3742.572965,3725.824669,3800.092881,3742.572965,601.2639624,597.9707992,0.001001968,0.001005531,0.001008742,0.001011081,1829.788217,1829.788217,1829.788217,4888.646798,4888.646798,4888.646798,4888.646798,4888.646798
6/7/1988,1216.072205,1299.626791,1327.522814,1353.096561,1352.931017,1327.522814,3019.501016,3810.880788,3414.750562,3073.301938,4170.095702,3414.750562,3194.140459,3765.981631,3414.750562,3357.278365,3568.145425,3414.750562,556.137253,553.1281713,0.001001968,0.001005531,0.001008742,0.001011081,1748.359452,1748.359452,1748.359452,4673.985501,4673.985501,4673.985501,4673.985501,4673.985501
6/8/1988,1169.996119,1397.160327,1277.023831,1296.94576,1299.626791,1277.023831,2911.647476,3442.064835,3293.580575,2958.212166,3810.880788,3293.580575,3067.434757,4170.095702,3293.580575,3194.763047,3765.981631,3293.580575,536.8364971,533.9479789,0.001001968,0.001005531,0.001008742,0.001011081,1677.05571,1677.05571,1677.05571,4494.401364,4494.401364,4494.401364,4494.401364,4494.401364
6/9/1988,1264.64141,1513.634797,1391.872427,1397.125523,1397.160327,1391.872427,3366.151383,3211.781486,3832.607796,3403.008077,3442.064835,3832.607796,3488.202889,3810.880788,3832.607796,3373.961515,4170.095702,3832.607796,629.5262546,626.0536902,0.001001968,0.001005531,0.001008742,0.001011081,1591.065725,1591.065725,1591.065725,4230.808154,4230.808154,4230.808154,4230.808154,4230.808154
6/10/1988,1343.759197,1196.710244,1490.495204,1515.772239,1513.634797,1490.495204,3817.445839,2983.404695,4384.760494,3872.197145,3211.781486,4384.760494,3937.435681,3442.064835,4384.760494,3941.834325,3810.880788,4384.760494,717.7009168,713.6618998,0.001001968,0.001005531,0.001008742,0.001011081,1504.031185,1504.031185,1504.031185,3995.331352,3995.331352,3995.331352,3995.331352,3995.331352
6/11/1988,1079.339388,1138.709239,1179.02025,1196.973278,1196.710244,1179.02025,3071.877334,2859.31285,3489.75462,3107.723265,2983.404695,3489.75462,3270.213344,3211.781486,3489.75462,3562.811517,3442.064835,3489.75462,505.0831065,502.3916407,0.001001968,0.001005531,0.001008742,0.001011081,1433.547777,1433.547777,1433.547777,3849.649994,3849.649994,3849.649994,3849.649994,3849.649994
6/12/1988,1028.512343,1101.062547,1124.086813,1138.617904,1138.709239,1124.086813,2638.443395,2772.867444,2985.888833,2675.84483,2859.31285,2985.888833,2780.590613,2983.404695,2985.888833,2963.751107,3211.781486,2985.888833,487.7009028,485.1165919,0.001001968,0.001005531,0.001008742,0.001011081,1369.497517,1369.497517,1369.497517,3715.317828,3715.317828,3715.317828,3715.317828,3715.317828
6/13/1988,994.9150841,1065.862095,1087.534931,1100.962129,1101.062547,1087.534931,2593.855269,2756.775566,2939.699204,2628.084353,2772.867444,2939.699204,2713.493756,2859.31285,2939.699204,2830.483587,2983.404695,2939.699204,474.7646511,472.2597458,0.001001968,0.001005531,0.001008742,0.001011081,1316.694392,1316.694392,1316.694392,3593.480196,3593.480196,3593.480196,3593.480196,3593.480196
6/14/1988,963.4402512,1032.734251,1053.159467,1065.761879,1065.862095,1053.159467,2478.846779,2713.236207,2808.514418,2512.051866,2756.775566,2808.514418,2593.844733,2772.867444,2808.514418,2681.66442,2859.31285,2808.514418,461.924427,459.4980409,0.001001968,0.001005531,0.001008742,0.001011081,1272.475212,1272.475212,1272.475212,3487.928006,3487.928006,3487.928006,3487.928006,3487.928006
6/15/1988,933.7240666,1001.77197,1020.753425,1032.639355,1032.734251,1020.753425,2395.741885,2596.525739,2715.201405,2427.723863,2713.236207,2715.201405,2506.236268,2756.775566,2715.201405,2591.53286,2772.867444,2715.201405,450.0067543,447.6529737,0.001001968,0.001005531,0.001008742,0.001011081,1232.536707,1232.536707,1232.536707,3396.153197,3396.153197,3396.153197,3396.153197,3396.153197
6/16/1988,905.2587434,977.6159549,989.7077413,1000.943772,1001.77197,989.7077413,2337.776826,2529.421089,2648.802042,2368.488781,2596.525739,2648.802042,2444.014265,2713.236207,2648.802042,2511.574776,2756.775566,2648.802042,438.5359279,436.2517767,0.001001968,0.001005531,0.001008742,0.001011081,1179.482354,1179.482354,1179.482354,3251.319854,3251.319854,3251.319854,3251.319854,3251.319854
6/17/1988,887.8741626,974.1534206,970.7062613,977.2440517,977.6159549,970.7062613,2344.54945,2485.981338,2659.156869,2368.85896,2529.421089,2659.156869,2439.016422,2596.525739,2659.156869,2505.931477,2713.236207,2659.156869,431.1417876,428.9023846,0.001001968,0.001005531,0.001008742,0.001011081,1109.311058,1109.311058,1109.311058,3039.508339,3039.508339,3039.508339,3039.508339,3039.508339
6/18/1988,884.5052118,962.5707614,968.0105604,974.7333496,974.1534206,968.0105604,2328.493549,2410.674051,2643.070322,2353.265556,2485.981338,2643.070322,2413.681408,2529.421089,2643.070322,2465.010722,2596.525739,2643.070322,434.8926838,432.6305943,0.001001968,0.001005531,0.001008742,0.001011081,1063.780055,1063.780055,1063.780055,2879.615199,2879.615199,2879.615199,2879.615199,2879.615199
6/19/1988,867.2299483,892.2348787,949.8246122,962.8134347,962.5707614,949.8246122,2231.466568,2302.166216,2531.675369,2263.401162,2410.674051,2531.675369,2325.287313,2485.981338,2531.675369,2376.925752,2529.421089,2531.675369,431.1417962,428.9023931,0.001001968,0.001005531,0.001008742,0.001011081,1033.939674,1033.939674,1033.939674,2774.658246,2774.658246,2774.658246,2774.658246,2774.658246
6/20/1988,806.0619588,861.6864022,880.8805902,892.2051068,892.2348787,880.8805902,2124.710695,2262.107718,2406.494803,2152.260917,2302.166216,2406.494803,2234.162748,2410.674051,2406.494803,2314.428332,2485.981338,2406.494803,395.0387312,393.0162305,0.001001968,0.001005531,0.001008742,0.001011081,1005.457954,1005.457954,1005.457954,2700.853223,2700.853223,2700.853223,2700.853223,2700.853223
6/21/1988,779.766,837.3710711,852.5177823,861.6618946,861.6864022,852.5177823,2073.022926,2226.495951,2348.607324,2097.638611,2262.107718,2348.607324,2165.270845,2302.166216,2348.607324,2243.920208,2410.674051,2348.607324,385.925736,383.95755,0.001001968,0.001005531,0.001008742,0.001011081,976.1666421,976.1666421,976.1666421,2637.247334,2637.247334,2637.247334,2637.247334,2637.247334
6/22/1988,757.5354446,809.5797674,828.3745923,836.7264995,837.3710711,828.3745923,2033.018022,2182.701386,2302.520176,2056.30207,2226.495951,2302.520176,2117.491625,2262.107718,2302.520176,2172.979241,2302.166216,2302.520176,377.3308374,375.4137103,0.001001968,0.001005531,0.001008742,0.001011081,947.4813019,947.4813019,947.4813019,2576.020085,2576.020085,2576.020085,2576.020085,2576.020085
6/23/1988,738.2576998,802.7968846,806.0807273,809.7043432,809.5797674,806.0807273,1961.494496,2137.977631,2217.764967,1979.630687,2182.701386,2217.764967,2035.483066,2226.495951,2217.764967,2095.845174,2262.107718,2217.764967,362.6241559,360.7940062,0.001001968,0.001005531,0.001008742,0.001011081,919.1285665,919.1285665,919.1285665,2512.25529,2512.25529,2512.25529,2512.25529,2512.25529
6/24/1988,734.2394268,791.1885989,802.5972579,803.2821231,802.7968846,802.5972579,1923.770501,2088.957566,2178.855238,1938.927045,2137.977631,2178.855238,1992.585067,2182.701386,2178.855238,2050.545888,2226.495951,2178.855238,366.3406291,364.4885469,0.001001968,0.001005531,0.001008742,0.001011081,893.2619785,893.2619785,893.2619785,2440.610001,2440.610001,2440.610001,2440.610001,2440.610001
6/25/1988,715.3660626,755.6804685,783.0377464,791.2502343,791.1885989,783.0377464,1902.277636,2036.461915,2156.735412,1924.474827,2088.957566,2156.735412,1976.684895,2137.977631,2156.735412,2016.669848,2182.701386,2156.735412,363.963139,362.1250911,0.001001968,0.001005531,0.001008742,0.001011081,867.3946402,867.3946402,867.3946402,2370.949231,2370.949231,2370.949231,2370.949231,2370.949231
6/26/1988,683.1272596,728.7650961,746.5114135,755.7316018,755.6804685,746.5114135,1870.821547,1986.893696,2118.050458,1892.392906,2036.461915,2118.050458,1946.274965,2088.957566,2118.050458,1992.422162,2137.977631,2118.050458,343.3392993,341.6224292,0.001001968,0.001005531,0.001008742,0.001011081,838.8510608,838.8510608,838.8510608,2315.595721,2315.595721,2315.595721,2315.595721,2315.595721
6/27/1988,660.5808817,708.3646573,721.5192812,728.8303698,728.7650961,721.5192812,1823.01928,1939.341597,2062.494921,1842.017401,1986.893696,2062.494921,1894.577363,2036.461915,2062.494921,1946.001921,2088.957566,2062.494921,331.7848963,330.1354579,0.001001968,0.001005531,0.001008742,0.001011081,812.8241488,812.8241488,812.8241488,2261.991092,2261.991092,2261.991092,2261.991092,2261.991092
6/28/1988,642.5191783,688.0505643,701.897837,708.4415397,708.3646573,701.897837,1779.348026,1872.6597,2012.877432,1797.229403,1939.341597,2012.877432,1846.710036,1986.893696,2012.877432,1895.196066,2036.461915,2012.877432,324.6284194,323.020575,0.001001968,0.001005531,0.001008742,0.001011081,789.7557534,789.7557534,789.7557534,2208.56224,2208.56224,2208.56224,2208.56224,2208.56224
6/29/1988,624.041813,667.3759298,681.7039084,688.1421471,688.0505643,681.7039084,1736.117125,1877.033579,1963.829364,1753.430324,1872.6597,1963.829364,1800.785354,1939.341597,1963.829364,1848.832244,1986.893696,1963.829364,316.6341107,315.0725708,0.001001968,0.001005531,0.001008742,0.001011081,767.9430366,767.9430366,767.9430366,2158.778573,2158.778573,2158.778573,2158.778573,2158.778573
6/30/1988,605.4185662,646.2975533,661.2497804,667.4730931,667.3759298,661.2497804,1696.763209,1850.320098,1918.620232,1713.381348,1877.033579,1918.620232,1759.179486,1872.6597,1918.620232,1802.846685,1939.341597,1918.620232,308.0097653,306.497986,0.001001968,0.001005531,0.001008742,0.001011081,747.4726653,747.4726653,747.4726653,2115.085517,2115.085517,2115.085517,2115.085517,2115.085517
7/1/1988,586.0977296,629.0469699,639.9127698,646.1900372,646.2975533,639.9127698,1657.916937,1813.737974,1873.968456,1673.996665,1850.320098,1873.968456,1717.877869,1877.033579,1873.968456,1762.469388,1872.6597,1873.968456,298.3836127,296.927131,0.001001968,0.001005531,0.001008742,0.001011081,725.2490753,725.2490753,725.2490753,2073.323155,2073.323155,2073.323155,2073.323155,2073.323155
7/2/1988,577.8559614,637.8163209,629.74942,629.1942541,629.0469699,629.74942,1617.030322,1777.766497,1823.983912,1626.238604,1813.737974,1823.983912,1665.186159,1850.320098,1823.983912,1701.722601,1877.033579,1823.983912,288.796985,287.3953107,0.001001968,0.001005531,0.001008742,0.001011081,701.8902091,701.8902091,701.8902091,2026.799408,2026.799408,2026.799408,2026.799408,2026.799408
7/3/1988,584.3178294,619.3165949,638.1023691,638.0819223,637.8163209,638.1023691,1639.620844,1735.977501,1854.047359,1649.509679,1777.766497,1854.047359,1683.304446,1813.737974,1854.047359,1707.692023,1850.320098,1854.047359,298.9174795,297.4579379,0.001001968,0.001005531,0.001008742,0.001011081,683.1362591,683.1362591,683.1362591,1982.069272,1982.069272,1982.069272,1982.069272,1982.069272
7/4/1988,560.7471389,590.5442429,612.9308426,619.4498616,619.3165949,612.9308426,1606.185742,1698.62781,1816.567996,1621.946927,1735.977501,1816.567996,1664.575185,1777.766497,1816.567996,1695.632821,1813.737974,1816.567996,291.7917026,290.3729361,0.001001968,0.001005531,0.001008742,0.001011081,666.9221959,666.9221959,666.9221959,1941.061296,1941.061296,1941.061296,1941.061296,1941.061296
7/5/1988,534.5564485,568.6045573,583.3676066,590.6803577,590.5442429,583.3676066,1550.158522,1575.78745,1750.855105,1565.742638,1698.62781,1750.855105,1606.34859,1735.977501,1750.855105,1657.599528,1777.766497,1750.855105,275.068598,273.7449353,0.001001968,0.001005531,0.001008742,0.001011081,649.9180615,649.9180615,649.9180615,1904.017868,1904.017868,1904.017868,1904.017868,1904.017868
7/6/1988,516.6576791,553.2247985,563.4522657,568.7519879,568.6045573,563.4522657,1508.7026,1623.284373,1703.09312,1521.749667,1575.78745,1703.09312,1560.923598,1698.62781,1703.09312,1604.845733,1735.977501,1703.09312,265.1904255,263.9225358,0.001001968,0.001005531,0.001008742,0.001011081,632.8185942,632.8185942,632.8185942,1867.888018,1867.888018,1867.888018,1867.888018,1867.888018
7/7/1988,502.9798278,539.1350019,548.613984,553.3836095,553.2247985,548.613984,1482.536369,1661.024644,1674.020469,1494.629277,1623.284373,1674.020469,1530.716929,1575.78745,1674.020469,1570.817458,1698.62781,1674.020469,259.7022027,258.4651651,0.001001968,0.001005531,0.001008742,0.001011081,616.2068996,616.2068996,616.2068996,1831.986215,1831.986215,1831.986215,1831.986215,1831.986215
7/8/1988,488.9265287,539.5917962,533.2464828,537.8107092,539.1350019,533.2464828,1455.533432,1591.910095,1643.43551,1466.974076,1661.024644,1643.43551,1501.392188,1623.284373,1643.43551,1539.058489,1575.78745,1643.43551,253.3809286,252.1793036,0.001001968,0.001005531,0.001008742,0.001011081,600.3749,600.3749,600.3749,1797.287753,1797.287753,1797.287753,1797.287753,1797.287753
7/9/1988,487.435296,517.2573156,532.8535658,539.8859908,539.5917962,532.8535658,1367.030572,1440.638583,1540.905417,1383.019342,1591.910095,1540.905417,1416.021955,1661.024644,1540.905417,1435.563597,1623.284373,1540.905417,258.7564469,257.5247161,0.001001968,0.001005531,0.001008742,0.001011081,587.1988469,587.1988469,587.1988469,1754.83868,1754.83868,1754.83868,1754.83868,1754.83868
7/10/1988,497.3586459,559.6765662,540.4425902,518.5494851,517.2573156,540.4425902,1430.024011,2562.282965,1612.142924,1414.978178,1440.638583,1612.142924,1449.035351,1591.910095,1612.142924,1486.468261,1661.024644,1612.142924,247.0994686,245.9329001,0.001001968,0.001005531,0.001008742,0.001011081,571.301279,571.301279,571.301279,1718.952676,1718.952676,1718.952676,1718.952676,1718.952676
7/11/1988,508.4533814,571.9434608,556.973014,559.3322711,559.6765662,556.973014,1470.475472,1803.488191,1665.834744,1481.029633,2562.282965,1665.834744,1497.921104,1440.638583,1665.834744,1501.289841,1591.910095,1665.834744,276.5551497,275.2230674,0.001001968,0.001005531,0.001008742,0.001011081,559.3384225,559.3384225,559.3384225,1690.860899,1690.860899,1690.860899,1690.860899,1690.860899
7/12/1988,511.7573994,553.8553225,560.6684134,572.3517865,571.9434608,560.6684134,1452.430844,1794.31573,1641.01344,1473.624915,1803.488191,1641.01344,1493.238896,2562.282965,1641.01344,1476.019368,1440.638583,1641.01344,277.668967,276.3305717,0.001001968,0.001005531,0.001008742,0.001011081,553.3803078,553.3803078,553.3803078,1663.888166,1663.888166,1663.888166,1663.888166,1663.888166
7/13/1988,504.9938796,483.2582722,550.3893772,554.5131077,553.8553225,550.3893772,1477.462911,2255.249869,1648.649227,1496.731862,1794.31573,1648.649227,1534.249407,1803.488191,1648.649227,1371.970706,2562.282965,1648.649227,258.8091791,257.5771524,0.001001968,0.001005531,0.001008742,0.001011081,549.4374302,549.4374302,549.4374302,1641.374162,1641.374162,1641.374162,1641.374162,1641.374162
7/14/1988,439.8402944,487.3802852,478.1988174,482.8570113,483.2582722,478.1988174,2218.518148,4918.804889,2538.979062,2212.846489,2255.249869,2538.979062,2251.71098,1794.31573,2538.979062,2450.268848,1803.488191,2538.979062,224.4402643,223.398998,0.001001968,0.001005531,0.001008742,0.001011081,543.189461,543.189461,543.189461,1774.222879,1774.222879,1774.222879,1774.222879,1774.222879
7/15/1988,441.9830086,507.8117048,480.2202179,487.7361395,487.3802852,480.2202179,1421.527511,4472.700362,1591.360382,1434.826875,4918.804889,1591.360382,1450.219216,2255.249869,1591.360382,1519.410497,1794.31573,1591.360382,222.9999008,221.9665356,0.001001968,0.001005531,0.001008742,0.001011081,533.9034148,533.9034148,533.9034148,1778.881246,1778.881246,1778.881246,1778.881246,1778.881246
7/16/1988,481.145912,596.9646561,522.3166632,506.8544799,507.8117048,522.3166632,1559.037807,3388.050282,1758.744653,1547.799381,4472.700362,1758.744653,1564.064275,4918.804889,1758.744653,1587.222064,2255.249869,1758.744653,237.9614344,236.8456206,0.001001968,0.001005531,0.001008742,0.001011081,527.8854841,527.8854841,527.8854841,1803.262425,1803.262425,1803.262425,1803.262425,1803.262425
7/17/1988,553.4887934,665.208784,599.9224228,592.5649143,596.9646561,599.9224228,2567.073429,3730.775669,2912.43298,2576.620742,3388.050282,2912.43298,2570.930157,4472.700362,2912.43298,2019.94423,4918.804889,2912.43298,261.4640109,260.2170801,0.001001968,0.001005531,0.001008742,0.001011081,528.4296855,528.4296855,528.4296855,1923.639152,1923.639152,1923.639152,1923.639152,1923.639152
7/18/1988,742.8291424,849.3947847,772.074754,666.0202422,665.208784,772.074754,4802.445303,6855.423045,5517.964632,4651.676758,3730.775669,5517.964632,4412.207875,3388.050282,5517.964632,4794.868071,4472.700362,5517.964632,138.3583216,137.7731732,0.001001968,0.001005531,0.001008742,0.001011081,518.8046502,518.8046502,518.8046502,2423.759733,2423.759733,2423.759733,2423.759733,2423.759733
7/19/1988,1199.214905,1439.536422,1254.436671,850.794613,849.3947847,1254.436671,4167.467799,7744.753133,4724.576599,3739.023602,6855.423045,4724.576599,3696.871546,3730.775669,4724.576599,3666.1122,3388.050282,4724.576599,293.3892993,291.9614037,0.001001968,0.001005531,0.001008742,0.001011081,556.1811487,556.1811487,556.1811487,2851.639532,2851.639532,2851.639532,2851.639532,2851.639532
7/20/1988,1167.841557,2304.395231,1270.739145,1419.136966,1439.536422,1270.739145,3583.224493,9157.118158,4092.729186,3744.923103,7744.753133,4092.729186,3474.011023,6855.423045,4092.729186,3118.791275,3730.775669,4092.729186,528.5421432,525.7052557,0.001001968,0.001005531,0.001008742,0.001011081,631.9410579,631.9410579,631.9410579,3136.365727,3136.365727,3136.365727,3136.365727,3136.365727
7/21/1988,2356.230442,3701.204813,2565.416256,2283.996429,2304.395231,2565.416256,6085.396619,11968.56852,6822.545424,5889.835448,9157.118158,6822.545424,5610.365957,7744.753133,6822.545424,3727.255082,6855.423045,6822.545424,920.7050536,915.3283725,0.001001968,0.001005531,0.001008742,0.001011081,820.1469048,820.1469048,820.1469048,3507.643425,3507.643425,3507.643425,3507.643425,3507.643425
7/22/1988,3734.171887,2945.135584,4091.005964,3722.187987,3701.204813,4091.005964,9316.199362,8349.912755,10676.29907,9038.657609,11968.56852,10676.29907,8425.198173,9157.118158,10676.29907,7882.110536,7744.753133,10676.29907,1497.330754,1487.966772,0.001001968,0.001005531,0.001008742,0.001011081,1164.23935,1164.23935,1164.23935,4478.717457,4478.717457,4478.717457,4478.717457,4478.717457
7/23/1988,2956.824675,4420.466746,3182.000475,2941.191456,2945.135584,3182.000475,7195.964005,9434.86737,8178.469053,6990.614266,8349.912755,8178.469053,7408.265256,11968.56852,8178.469053,7690.932096,9157.118158,8178.469053,1030.124996,1024.010849,0.001001968,0.001005531,0.001008742,0.001011081,1554.041082,1554.041082,1554.041082,5423.771295,5423.771295,5423.771295,5423.771295,5423.771295
7/24/1988,3418.043146,2254.387239,3977.068265,4417.888284,4420.466746,3977.068265,8542.858233,10752.09959,10173.4272,9151.384012,9434.86737,10173.4272,9562.794583,8349.912755,10173.4272,8159.927632,11968.56852,10173.4272,2425.207694,2409.045139,0.001001968,0.001005531,0.001008742,0.001011081,2098.094541,2098.094541,2098.094541,6406.923745,6406.923745,6406.923745,6406.923745,6406.923745
7/25/1988,1951.658379,1559.603939,2092.770261,2272.476172,2254.387239,2092.770261,9285.097972,7906.504736,10799.62678,9394.723069,10752.09959,10799.62678,9733.159033,9434.86737,10799.62678,12063.34665,8349.912755,10799.62678,661.6479254,657.9701509,0.001001968,0.001005531,0.001008742,0.001011081,2407.99606,2407.99606,2407.99606,7345.438166,7345.438166,7345.438166,7345.438166,7345.438166
7/26/1988,1467.39961,3182.129335,1553.541195,1521.377563,1559.603939,1553.541195,4591.877305,7085.035397,5149.805494,4561.155275,7906.504736,5149.805494,5106.091526,10752.09959,5149.805494,5729.986385,9434.86737,5149.805494,442.0392115,439.7338218,0.001001968,0.001005531,0.001008742,0.001011081,2580.86355,2580.86355,2580.86355,7825.415473,7825.415473,7825.415473,7825.415473,7825.415473
7/27/1988,2995.488151,3691.269774,3333.735042,3191.540873,3182.129335,3333.735042,9117.787173,6290.795529,10614.08113,9042.517112,7085.035397,10614.08113,8639.937081,7906.504736,10614.08113,7990.322749,10752.09959,10614.08113,1454.491038,1445.430916,0.001001968,0.001005531,0.001008742,0.001011081,2796.606275,2796.606275,2796.606275,8568.315122,8568.315122,8568.315122,8568.315122,8568.315122
7/28/1988,3901.484747,3702.63322,4282.065957,3716.900205,3691.269774,4282.065957,11082.61736,5949.752471,12914.27866,10555.56426,6290.795529,12914.27866,10420.31407,7085.035397,12914.27866,10173.79992,7906.504736,12914.27866,1650.71425,1640.253965,0.001001968,0.001005531,0.001008742,0.001011081,3017.346844,3017.346844,3017.346844,9365.022485,9365.022485,9365.022485,9365.022485,9365.022485
7/29/1988,2926.714442,1920.206486,3308.076418,3707.535922,3702.63322,3308.076418,6802.163518,4850.441753,7978.969674,7294.683633,5949.752471,7978.969674,7641.879392,6290.795529,7978.969674,7513.696365,7085.035397,7978.969674,1722.032626,1711.058389,0.001001968,0.001005531,0.001008742,0.001011081,3139.633431,3139.633431,3139.633431,9358.413209,9358.413209,9358.413209,9358.413209,9358.413209
7/30/1988,1466.991332,1543.896937,1561.846544,1920.467771,1920.206486,1561.846544,4376.762229,4113.010641,4965.362184,4732.313154,4850.441753,4965.362184,5299.791035,5949.752471,4965.362184,6808.280669,6290.795529,4965.362184,480.6664923,478.125397,0.001001968,0.001005531,0.001008742,0.001011081,3028.680196,3028.680196,3028.680196,9175.763043,9175.763043,9175.763043,9175.763043,9175.763043
7/31/1988,1324.88948,1739.773573,1408.178413,1540.367673,1543.896937,1408.178413,3421.058627,3618.206909,3838.583648,3565.563452,4113.010641,3838.583648,3933.63128,4850.441753,3838.583648,4541.886442,5949.752471,3838.583648,423.149074,420.9579201,0.001001968,0.001005531,0.001008742,0.001011081,2674.760419,2674.760419,2674.760419,8637.516888,8637.516888,8637.516888,8637.516888,8637.516888
8/1/1988,1563.273188,1413.699641,1706.750914,1743.149649,1739.773573,1706.750914,4484.841295,3217.183675,5154.222988,4535.864343,3618.206909,5154.222988,4695.847738,4113.010641,5154.222988,4884.036435,4850.441753,5154.222988,704.3499276,700.397303,0.001001968,0.001005531,0.001008742,0.001011081,2557.121427,2557.121427,2557.121427,7687.222049,7687.222049,7687.222049,7687.222049,7687.222049
8/2/1988,1245.849551,1191.141374,1352.286032,1416.541798,1413.699641,1352.286032,3674.093661,2983.030529,4203.800525,3745.74202,3217.183675,4203.800525,3961.375685,3618.206909,4203.800525,4320.086497,4113.010641,4203.800525,543.8904339,540.9579202,0.001001968,0.001005531,0.001008742,0.001011081,2491.991627,2491.991627,2491.991627,7173.340907,7173.340907,7173.340907,7173.340907,7173.340907
8/3/1988,1051.462694,1062.97672,1131.395739,1191.401666,1191.141374,1131.395739,2936.7771,2489.58372,3331.146791,3003.58971,2983.030529,3331.146791,3142.886879,3217.183675,3331.146791,3506.403465,3618.206909,3331.146791,420.759672,418.5829172,0.001001968,0.001005531,0.001008742,0.001011081,2305.711637,2305.711637,2305.711637,6459.307699,6459.307699,6459.307699,6459.307699,6459.307699
8/4/1988,957.4276317,1005.881778,1025.763382,1063.154806,1062.97672,1025.763382,2668.526669,2604.629138,3016.603184,2710.955198,2489.58372,3016.603184,2816.490672,2983.030529,3016.603184,3027.001061,3217.183675,3016.603184,365.3969115,363.5504016,0.001001968,0.001005531,0.001008742,0.001011081,1984.737419,1984.737419,1984.737419,5388.19356,5388.19356,5388.19356,5388.19356,5388.19356
8/5/1988,912.2480504,972.8751312,978.3312579,1006.087361,1005.881778,978.3312579,2548.096139,2886.678203,2880.400539,2581.085693,2604.629138,2880.400539,2660.744561,2489.58372,2880.400539,2788.011112,2983.030529,2880.400539,355.5708619,353.7822473,0.001001968,0.001005531,0.001008742,0.001011081,1599.915441,1599.915441,1599.915441,4613.039349,4613.039349,4613.039349,4613.039349,4613.039349
8/6/1988,870.9077252,916.1422984,934.4474544,957.9835963,972.8751312,934.4474544,2454.054068,2808.039683,2773.177406,2482.679058,2886.678203,2773.177406,2550.535523,2604.629138,2773.177406,2645.599081,2489.58372,2773.177406,344.0712259,342.3500729,0.001001968,0.001005531,0.001008742,0.001011081,1391.303751,1391.303751,1391.303751,4012.950662,4012.950662,4012.950662,4012.950662,4012.950662
8/7/1988,853.0261568,1114.50236,905.9645447,919.3515944,916.1422984,905.9645447,2091.601597,2631.445451,2332.329633,2113.661989,2808.039683,2332.329633,2133.727412,2886.678203,2332.329633,2249.22234,2604.629138,2332.329633,283.4723721,282.1010225,0.001001968,0.001005531,0.001008742,0.001011081,1255.971795,1255.971795,1255.971795,3564.159687,3564.159687,3564.159687,3564.159687,3564.159687
8/8/1988,1171.386861,1362.776751,1263.672994,1125.490419,1114.50236,1263.672994,2529.057238,2613.710461,2852.688094,2412.468206,2631.445451,2852.688094,2460.440355,2808.039683,2852.688094,2303.798576,2886.678203,2852.688094,477.4335284,474.9122653,0.001001968,0.001005531,0.001008742,0.001011081,1154.045988,1154.045988,1154.045988,3209.430761,3209.430761,3209.430761,3209.430761,3209.430761
8/9/1988,1201.784124,1008.27532,1328.273349,1363.540376,1362.776751,1328.273349,2848.171934,2519.30144,3276.716036,2910.772408,2613.710461,3276.716036,2921.544268,2631.445451,3276.716036,2801.829366,2808.039683,3276.716036,645.8405698,642.2639512,0.001001968,0.001005531,0.001008742,0.001011081,1111.796269,1111.796269,1111.796269,2996.093293,2996.093293,2996.093293,2996.093293,2996.093293
8/10/1988,857.9747264,814.8595721,921.5960276,1008.492552,1008.27532,921.5960276,2299.883624,2395.527546,2599.878486,2393.169757,2519.30144,2599.878486,2480.805092,2613.710461,2599.878486,2739.39731,2631.445451,2599.878486,346.5419077,344.806288,0.001001968,0.001005531,0.001008742,0.001011081,1079.262805,1079.262805,1079.262805,2866.302508,2866.302508,2866.302508,2866.302508,2866.302508
8/11/1988,738.6477165,805.8997532,782.8561522,815.0864836,814.8595721,782.8561522,1903.33026,2313.896421,2123.245042,1939.900611,2395.527546,2123.245042,2055.582091,2519.30144,2123.245042,2233.266028,2613.710461,2123.245042,248.3649764,247.1913559,0.001001968,0.001005531,0.001008742,0.001011081,1047.004416,1047.004416,1047.004416,2772.154686,2772.154686,2772.154686,2772.154686,2772.154686
8/12/1988,736.779818,779.8743438,786.5755826,806.1314019,805.8997532,786.5755826,2078.82888,2195.407824,2341.07744,2101.676007,2313.896421,2341.07744,2163.37339,2395.527546,2341.07744,2251.839177,2519.30144,2341.07744,278.259385,276.9176417,0.001001968,0.001005531,0.001008742,0.001011081,1017.256706,1017.256706,1017.256706,2691.648874,2691.648874,2691.648874,2691.648874,2691.648874
8/13/1988,712.3304779,747.6512444,761.9351061,780.10835,779.8743438,761.9351061,2134.190579,2131.218545,2405.129741,2154.129304,2195.407824,2405.129741,2201.437261,2313.896421,2405.129741,2244.050671,2395.527546,2405.129741,278.0820127,276.7412753,0.001001968,0.001005531,0.001008742,0.001011081,990.3129976,990.3129976,990.3129976,2629.175141,2629.175141,2629.175141,2629.175141,2629.175141
8/14/1988,684.2772432,719.8155743,732.1716436,747.8839829,747.6512444,732.1716436,2023.862985,2327.569963,2281.68415,2041.706288,2131.218545,2281.68415,2086.213735,2195.407824,2281.68415,2178.212199,2313.896421,2281.68415,270.0008966,268.705885,0.001001968,0.001005531,0.001008742,0.001011081,969.7717402,969.7717402,969.7717402,2618.087677,2618.087677,2618.087677,2618.087677,2618.087677
8/15/1988,659.5895558,694.0099832,706.1011917,720.0453147,719.8155743,706.1011917,1933.738784,2613.264068,2178.253807,1950.242384,2327.569963,2178.253807,1992.159997,2131.218545,2178.253807,2056.668064,2195.407824,2178.253807,263.5351373,262.2765631,0.001001968,0.001005531,0.001008742,0.001011081,916.7968485,916.7968485,916.7968485,2569.466013,2569.466013,2569.466013,2569.466013,2569.466013
8/16/1988,636.4618687,673.5076881,681.6027161,694.2365281,694.0099832,681.6027161,1857.326011,2150.451193,2090.708987,1872.71731,2613.264068,2090.708987,1912.241326,2327.569963,2090.708987,1972.425557,2131.218545,2090.708987,257.0649848,255.8427374,0.001001968,0.001005531,0.001008742,0.001011081,835.6953068,835.6953068,835.6953068,2464.964847,2464.964847,2464.964847,2464.964847,2464.964847
8/17/1988,614.8420113,643.8041388,658.6699618,670.2186375,673.5076881,658.6699618,1808.342837,1985.040463,2035.809613,1822.403152,2150.451193,2035.809613,1859.908369,2613.264068,2035.809613,1914.889932,2327.569963,2035.809613,250.8351456,249.6477447,0.001001968,0.001005531,0.001008742,0.001011081,782.2337107,782.2337107,782.2337107,2351.370455,2351.370455,2351.370455,2351.370455,2351.370455
8/18/1988,595.8329106,627.4523952,637.1562817,644.7771488,643.8041388,637.1562817,2021.523102,1916.849994,2285.756969,2027.537351,1985.040463,2285.756969,2058.352359,2150.451193,2285.756969,2077.780055,2613.264068,2285.756969,237.4880967,236.3749039,0.001001968,0.001005531,0.001008742,0.001011081,746.6214108,746.6214108,746.6214108,2301.364716,2301.364716,2301.364716,2301.364716,2301.364716
8/19/1988,583.7815472,628.5594434,624.7508883,630.1319121,627.4523952,624.7508883,2241.425782,1870.919267,2549.306,2238.294662,1916.849994,2549.306,2256.571084,1985.040463,2549.306,2353.328342,2150.451193,2549.306,236.4049351,235.2977369,0.001001968,0.001005531,0.001008742,0.001011081,717.7740688,717.7740688,717.7740688,2318.814587,2318.814587,2318.814587,2318.814587,2318.814587
8/20/1988,577.9028737,601.4375104,620.8774746,628.8958549,628.5594434,620.8774746,1829.128338,2081.903354,2066.979351,1837.80952,1870.919267,2066.979351,1865.580769,1916.849994,2066.979351,1899.358115,1985.040463,2066.979351,247.9862753,246.8147658,0.001001968,0.001005531,0.001008742,0.001011081,693.9811155,693.9811155,693.9811155,2273.609135,2273.609135,2273.609135,2273.609135,2273.609135
8/21/1988,549.5866421,573.1579649,589.6850052,601.6464288,601.4375104,589.6850052,1708.07208,4927.102792,1924.640713,1721.189268,2081.903354,1924.640713,1750.453415,1870.919267,1924.640713,1802.150675,1916.849994,1924.640713,233.4046259,232.3140106,0.001001968,0.001005531,0.001008742,0.001011081,671.4546644,671.4546644,671.4546644,2218.331308,2218.331308,2218.331308,2218.331308,2218.331308
8/22/1988,526.7515647,803.9220482,564.4769139,573.3654392,573.1579649,564.4769139,1635.287139,4962.564931,1838.743391,1645.300813,4927.102792,1838.743391,1677.057984,2081.903354,1838.743391,1722.898607,1870.919267,1838.743391,221.3121105,220.2879935,0.001001968,0.001005531,0.001008742,0.001011081,649.7769122,649.7769122,649.7769122,2169.98481,2169.98481,2169.98481,2169.98481,2169.98481
8/23/1988,511.8972953,1582.198818,548.8330979,556.6958171,803.9220482,548.8330979,1605.688478,4112.576788,1806.183451,1614.578268,4962.564931,1806.183451,1642.878135,4927.102792,1806.183451,1683.792476,2081.903354,1806.183451,217.5664166,216.5627848,0.001001968,0.001005531,0.001008742,0.001011081,629.2300799,629.2300799,629.2300799,2127.944058,2127.944058,2127.944058,2127.944058,2127.944058
8/24/1988,1219.903304,1842.748875,1352.51432,1287.592966,1582.198818,1352.51432,2836.555012,3392.794571,3237.962009,2827.582712,4112.576788,3237.962009,2845.261758,4962.564931,3237.962009,1951.832102,4927.102792,3237.962009,605.057765,601.7405845,0.001001968,0.001005531,0.001008742,0.001011081,701.7305212,701.7305212,701.7305212,2174.768665,2174.768665,2174.768665,2174.768665,2174.768665
8/25/1988,2041.760332,1586.629432,2279.078948,2112.565441,1842.748875,2279.078948,5905.841578,1837.673386,6870.670186,5798.054889,3392.794571,6870.670186,5741.914707,4112.576788,6870.670186,5149.926215,4962.564931,6870.670186,959.0383082,953.4044669,0.001001968,0.001005531,0.001008742,0.001011081,884.5329029,884.5329029,884.5329029,2661.068211,2661.068211,2661.068211,2661.068211,2661.068211
8/26/1988,1533.798783,1007.99891,1707.460908,1716.806364,1586.629432,1707.460908,4489.204298,1100.604249,5213.3131,4529.032701,1837.673386,5213.3131,4567.01426,3392.794571,5213.3131,5071.763753,4112.576788,5213.3131,782.8417076,778.3782084,0.001001968,0.001005531,0.001008742,0.001011081,1030.604171,1030.604171,1030.604171,3040.104793,3040.104793,3040.104793,3040.104793,3040.104793
8/27/1988,883.8081998,1524.227981,959.6057819,1020.542521,1007.99891,959.6057819,2637.648223,5233.86535,2995.810315,2709.43254,1100.604249,2995.810315,2910.537348,1837.673386,2995.810315,3454.663097,3392.794571,2995.810315,381.7618833,379.8184537,0.001001968,0.001005531,0.001008742,0.001011081,1108.368697,1108.368697,1108.368697,3287.779764,3287.779764,3287.779764,3287.779764,3287.779764
8/28/1988,730.9148728,3621.955604,785.6455276,816.7598706,1524.227981,785.6455276,2155.153593,11085.34977,2430.515084,2192.688493,5233.86535,2430.515084,2308.876003,1100.604249,2430.515084,2640.980753,1837.673386,2430.515084,283.8337225,282.4603176,0.001001968,0.001005531,0.001008742,0.001011081,1150.573554,1150.573554,1150.573554,3450.275059,3450.275059,3450.275059,3450.275059,3450.275059
8/29/1988,2259.045914,3231.321277,2459.406838,2136.870836,3621.955604,2459.406838,3256.709979,10678.38589,3581.05139,3063.768516,11085.34977,3581.05139,2992.494306,5233.86535,3581.05139,1485.156759,1100.604249,3581.05139,681.2114988,677.4080867,0.001001968,0.001005531,0.001008742,0.001011081,1343.591291,1343.591291,1343.591291,3557.468075,3557.468075,3557.468075,3557.468075,3557.468075
8/30/1988,5464.918601,5250.471867,5749.758746,4275.942527,3231.321277,5749.758746,6892.104003,8974.16183,7285.803163,5705.670589,10678.38589,7285.803163,4688.437206,11085.34977,7285.803163,3093.178284,5233.86535,7285.803163,231.6447637,230.5638601,0.001001968,0.001005531,0.001008742,0.001011081,1726.692816,1726.692816,1726.692816,3878.268434,3878.268434,3878.268434,3878.268434,3878.268434
8/31/1988,6621.257176,9065.920324,7160.993113,5899.616046,5250.471867,7160.993113,8945.627403,8828.818571,9996.915262,7938.671313,8974.16183,9996.915262,7408.392963,10678.38589,9996.915262,6167.596086,11085.34977,9996.915262,1963.467118,1950.734895,0.001001968,0.001005531,0.001008742,0.001011081,2264.736139,2264.736139,2264.736139,4525.788102,4525.788102,4525.788102,4525.788102,4525.788102
9/1/1988,7045.945149,4120.366451,8362.721187,9122.356334,9065.920324,8362.721187,12571.49341,9262.351587,15465.60373,13743.9235,8828.818571,15465.60373,14350.66113,8974.16183,15465.60373,11068.03376,10678.38589,15465.60373,5281.957513,5243.256105,0.001001968,0.001005531,0.001008742,0.001011081,3203.444885,3203.444885,3203.444885,5269.793328,5269.793328,5269.793328,5269.793328,5269.793328
9/2/1988,2659.708195,1553.759157,2951.412253,4149.763346,4120.366451,2951.412253,7188.54576,11433.88616,8394.945532,8430.666054,9262.351587,8394.945532,9500.326503,8828.818571,8394.945532,13250.43462,8974.16183,8394.945532,1290.985998,1283.075443,0.001001968,0.001005531,0.001008742,0.001011081,3687.320743,3687.320743,3687.320743,6118.840231,6118.840231,6118.840231,6118.840231,6118.840231
9/3/1988,1238.370291,1788.748441,1257.943028,1573.708311,1553.759157,1257.943028,1465.888239,8089.969177,1493.157734,1803.863392,11433.88616,1493.157734,3058.983952,9262.351587,1493.157734,5347.871529,8828.818571,1493.157734,0.001000564,0.001006515,0.001001968,0.001005531,0.001008742,0.001011081,3921.394593,3921.394593,3921.394593,6763.695536,6763.695536,6763.695536,6763.695536,6763.695536
9/4/1988,1466.971131,4191.959833,1553.21049,1641.214137,1788.748441,1553.21049,4963.280555,7213.674381,5632.330507,5047.253548,8089.969177,5632.330507,5359.70466,11433.88616,5632.330507,5958.348482,9262.351587,5632.330507,388.1290578,386.1477563,0.001001968,0.001005531,0.001008742,0.001011081,4068.935257,4068.935257,4068.935257,7300.541967,7300.541967,7300.541967,7300.541967,7300.541967
9/5/1988,4120.45833,4662.791177,4661.715618,4260.71701,4191.959833,4661.715618,10533.3631,6283.229517,12355.24915,10306.5388,7213.674381,12355.24915,10067.16281,8089.969177,12355.24915,7706.32055,11433.88616,12355.24915,2192.641737,2178.217307,0.001001968,0.001005531,0.001008742,0.001011081,4307.372923,4307.372923,4307.372923,8146.39493,8146.39493,8146.39493,8146.39493,8146.39493
9/6/1988,4461.844287,3491.10205,5020.320727,4740.40958,4662.791177,5020.320727,12386.12569,5041.425336,14623.00294,12198.50474,6283.229517,14623.00294,12112.35029,7213.674381,14623.00294,12340.89425,8089.969177,14623.00294,2322.066362,2306.67711,0.001001968,0.001005531,0.001008742,0.001011081,4460.455752,4460.455752,4460.455752,9279.487655,9279.487655,9279.487655,9279.487655,9279.487655
9/7/1988,2779.248483,2041.776791,3131.811262,3500.081206,3491.10205,3131.811262,5736.006514,4092.494057,6680.372391,6212.977714,5041.425336,6680.372391,6899.694886,6283.229517,6680.372391,7581.746569,7213.674381,6680.372391,1567.807633,1557.941503,0.001001968,0.001005531,0.001008742,0.001011081,4308.184451,4308.184451,4308.184451,9510.936874,9510.936874,9510.936874,9510.936874,9510.936874
9/8/1988,1669.07955,1593.387437,1806.34453,2046.415793,2041.776791,1806.34453,3875.253072,3591.17715,4381.303497,4150.578744,4092.494057,4381.303497,4754.549071,5041.425336,4381.303497,6265.095175,6283.229517,4381.303497,643.8518901,640.2879745,0.001001968,0.001005531,0.001008742,0.001011081,3458.301079,3458.301079,3458.301079,8929.71235,8929.71235,8929.71235,8929.71235,8929.71235
9/9/1988,1391.222411,1472.907557,1491.803951,1596.62051,1593.387437,1491.803951,3256.218783,4588.456688,3659.609459,3385.011153,3591.17715,3659.609459,3721.605313,4092.494057,3659.609459,4539.562433,5041.425336,3659.609459,478.4894414,475.9617029,0.001001968,0.001005531,0.001008742,0.001011081,3004.415218,3004.415218,3004.415218,8068.773395,8068.773395,8068.773395,8068.773395,8068.773395
9/10/1988,1319.307968,1387.000566,1421.313761,1475.127776,1472.907557,1421.313761,3328.0508,5841.454975,3766.729149,3401.214562,4588.456688,3766.729149,3586.272571,3591.17715,3766.729149,3945.127891,4092.494057,3766.729149,490.7580082,488.1548891,0.001001968,0.001005531,0.001008742,0.001011081,2830.605704,2830.605704,2830.605704,7463.759297,7463.759297,7463.759297,7463.759297,7463.759297
9/11/1988,1249.868918,1314.300931,1349.104646,1388.47375,1387.000566,1349.104646,3085.176353,4274.051586,3492.664382,3144.826748,5841.454975,3492.664382,3275.925719,4588.456688,3492.664382,3489.7772,3591.17715,3492.664382,481.7652355,479.2173959,0.001001968,0.001005531,0.001008742,0.001011081,2762.224837,2762.224837,2762.224837,7001.668465,7001.668465,7001.668465,7001.668465,7001.668465
9/12/1988,1178.176008,1695.14331,1271.504779,1303.733181,1314.300931,1271.504779,2841.851961,3774.398151,3211.756785,2894.591032,4274.051586,3211.756785,3006.943714,5841.454975,3211.756785,3161.067971,4588.456688,3211.756785,456.8333439,454.4380065,0.001001968,0.001005531,0.001008742,0.001011081,2441.104688,2441.104688,2441.104688,6256.147727,6256.147727,6256.147727,6256.147727,6256.147727
9/13/1988,1549.059814,1750.413629,1712.698461,1698.71448,1695.14331,1712.698461,4593.687706,3571.86078,5281.209386,4620.919191,3774.398151,5281.209386,4674.716003,4274.051586,5281.209386,4022.138656,5841.454975,5281.209386,773.6924363,769.2888452,0.001001968,0.001005531,0.001008742,0.001011081,2056.872311,2056.872311,2056.872311,5210.678256,5210.678256,5210.678256,5210.678256,5210.678256
9/14/1988,1595.885574,1248.903351,1753.580847,1757.183719,1750.413629,1753.580847,5605.333796,3355.934367,6478.874798,5613.904847,3571.86078,6478.874798,5584.573492,3774.398151,6478.874798,5851.836399,4274.051586,6478.874798,744.1187512,739.9081682,0.001001968,0.001005531,0.001008742,0.001011081,1738.40424,1738.40424,1738.40424,4859.363124,4859.363124,4859.363124,4859.363124,4859.363124
9/15/1988,1110.702914,1115.775626,1198.626056,1249.66743,1248.903351,1198.626056,3120.221432,3182.585004,3523.670909,3186.349337,3355.934367,3523.670909,3422.790648,3571.86078,3523.670909,3801.134502,3774.398151,3523.670909,435.3093159,433.0447049,0.001001968,0.001005531,0.001008742,0.001011081,1578.085443,1578.085443,1578.085443,4497.259961,4497.259961,4497.259961,4497.259961,4497.259961
9/16/1988,997.9858231,1040.114252,1077.680185,1115.509245,1115.775626,1077.680185,2687.590188,2899.03556,3028.404435,2741.686697,3182.585004,3028.404435,2884.051948,3355.934367,3028.404435,3192.739875,3571.86078,3028.404435,399.7519425,397.7012797,0.001001968,0.001005531,0.001008742,0.001011081,1483.356091,1483.356091,1483.356091,4263.65533,4263.65533,4263.65533,4263.65533,4263.65533
9/17/1988,940.233082,1001.403812,1013.999677,1035.855667,1040.114252,1013.999677,2676.980114,2714.623071,3028.609837,2709.27003,2899.03556,3028.609837,2797.278287,3182.585004,3028.609837,3031.286284,3355.934367,3028.609837,372.4125345,370.5245503,0.001001968,0.001005531,0.001008742,0.001011081,1409.506082,1409.506082,1409.506082,4128.553159,4128.553159,4128.553159,4128.553159,4128.553159
9/18/1988,938.87375,1129.740177,1005.283643,1001.975562,1001.403812,1005.283643,2754.534087,2780.381955,3108.159174,2759.106275,2714.623071,3108.159174,2786.706114,2899.03556,3108.159174,2884.803175,3182.585004,3108.159174,333.0682692,331.4113577,0.001001968,0.001005531,0.001008742,0.001011081,1343.644253,1343.644253,1343.644253,4061.659604,4061.659604,4061.659604,4061.659604,4061.659604
9/19/1988,1058.931355,1113.376385,1147.257287,1131.600401,1129.740177,1147.257287,2842.490301,2592.748355,3225.83556,2841.83849,2780.381955,3225.83556,2867.560878,2714.623071,3225.83556,2843.401871,2899.03556,3225.83556,441.108314,438.8085701,0.001001968,0.001005531,0.001008742,0.001011081,1307.66095,1307.66095,1307.66095,4030.198844,4030.198844,4030.198844,4030.198844,4030.198844
9/20/1988,989.287371,980.2149587,1082.112842,1108.386254,1113.376385,1082.112842,2581.787156,2525.202452,2937.389313,2628.005174,2592.748355,2937.389313,2735.298662,2780.381955,2937.389313,2720.068816,2714.623071,2937.389313,469.0511622,466.5812325,0.001001968,0.001005531,0.001008742,0.001011081,1239.485206,1239.485206,1239.485206,3774.083427,3774.083427,3774.083427,3774.083427,3774.083427
9/21/1988,962.0612744,1163.417325,1033.631109,980.8815966,980.2149587,1033.631109,2346.926176,2768.75485,2634.853357,2310.33726,2525.202452,2634.853357,2378.749901,2592.748355,2634.853357,2563.305081,2780.381955,2634.853357,364.0012131,362.1629405,0.001001968,0.001005531,0.001008742,0.001011081,1145.875282,1145.875282,1145.875282,3286.617329,3286.617329,3286.617329,3286.617329,3286.617329
9/22/1988,1057.159043,1024.488793,1154.189232,1164.379614,1163.417325,1154.189232,2440.055963,2752.10191,2765.58907,2476.105312,2768.75485,2765.58907,2483.470645,2525.202452,2765.58907,2420.139304,2592.748355,2765.58907,488.9051976,486.3134795,0.001001968,0.001005531,0.001008742,0.001011081,1098.245064,1098.245064,1098.245064,3056.676362,3056.676362,3056.676362,3056.676362,3056.676362
9/23/1988,951.3566682,1127.776276,1023.99554,1022.719408,1024.488793,1023.99554,2300.442409,2546.20023,2586.426337,2315.362296,2752.10191,2586.426337,2380.829456,2768.75485,2586.426337,2486.017719,2525.202452,2586.426337,371.5522847,369.6693921,0.001001968,0.001005531,0.001008742,0.001011081,1074.370161,1074.370161,1074.370161,2926.463966,2926.463966,2926.463966,2926.463966,2926.463966
9/24/1988,1050.977067,1109.815252,1139.790465,1128.336038,1127.776276,1139.790465,2271.499936,2386.04322,2554.954484,2285.812171,2546.20023,2554.954484,2321.877055,2752.10191,2554.954484,2275.090854,2768.75485,2554.954484,449.172341,446.8236339,0.001001968,0.001005531,0.001008742,0.001011081,1076.473952,1076.473952,1076.473952,2838.64943,2838.64943,2838.64943,2838.64943,2838.64943
9/25/1988,987.3855135,918.1286392,1077.217343,1110.164183,1109.815252,1077.217343,2455.662069,2246.595112,2790.594381,2508.184826,2386.04322,2790.594381,2591.477752,2546.20023,2790.594381,2612.385802,2752.10191,2790.594381,457.8408121,455.4393343,0.001001968,0.001005531,0.001008742,0.001011081,1095.294264,1095.294264,1095.294264,2784.12191,2784.12191,2784.12191,2784.12191,2784.12191
9/26/1988,803.1881208,795.2519818,867.9198892,917.5467163,918.1286392,867.9198892,2202.118746,2126.154096,2488.827232,2262.41504,2246.595112,2488.827232,2368.302116,2386.04322,2488.827232,2552.252598,2546.20023,2488.827232,337.8982287,336.2131548,0.001001968,0.001005531,0.001008742,0.001011081,1077.991382,1077.991382,1077.991382,2727.500531,2727.500531,2727.500531,2727.500531,2727.500531
9/27/1988,721.668591,775.9608072,774.3318595,794.6485985,795.2519818,774.3318595,1942.440371,2077.949562,2177.403505,1972.090457,2126.154096,2177.403505,2061.879541,2246.595112,2177.403505,2216.756864,2386.04322,2177.403505,277.9126971,276.5729198,0.001001968,0.001005531,0.001008742,0.001011081,1035.434863,1035.434863,1035.434863,2661.047006,2661.047006,2661.047006,2661.047006,2661.047006
9/28/1988,711.9598164,760.5434122,766.145553,775.3823399,775.9608072,766.145553,1906.989638,2062.392297,2142.666471,1925.94975,2077.949562,2142.666471,1982.770691,2126.154096,2142.666471,2079.278844,2246.595112,2142.666471,286.7148324,285.3250264,0.001001968,0.001005531,0.001008742,0.001011081,1005.870178,1005.870178,1005.870178,2596.177497,2596.177497,2596.177497,2596.177497,2596.177497
9/29/1988,698.2419288,740.5711002,752.4575844,759.9880771,760.5434122,752.4575844,1893.922672,2262.766368,2128.628328,1911.264073,2062.392297,2128.628328,1956.829105,2077.949562,2128.628328,1999.273872,2126.154096,2128.628328,287.7832694,286.3873749,0.001001968,0.001005531,0.001008742,0.001011081,958.8933142,958.8933142,958.8933142,2516.870891,2516.870891,2516.870891,2516.870891,2516.870891
9/30/1988,680.0689886,720.7325658,733.068614,740.0482007,740.5711002,733.068614,1824.799984,2293.11371,2050.216257,1841.621487,2262.766368,2050.216257,1884.985916,2062.392297,2050.216257,1940.815661,2077.949562,2050.216257,282.423873,281.0584848,0.001001968,0.001005531,0.001008742,0.001011081,917.5088119,917.5088119,917.5088119,2441.417717,2441.417717,2441.417717,2441.417717,2441.417717
10/1/1988,662.014756,702.7175494,713.6950264,720.2471052,720.7325658,713.6950264,1788.988242,1954.471252,2008.798215,1805.275196,2293.11371,2008.798215,1847.383269,2262.766368,2008.798215,1882.645938,2062.392297,2008.798215,276.4937926,275.1620579,0.001001968,0.001005531,0.001008742,0.001011081,864.8940281,864.8940281,864.8940281,2367.919481,2367.919481,2367.919481,2367.919481,2367.919481
10/2/1988,644.5509245,698.341138,694.9381906,701.1111801,702.7175494,694.9381906,1785.736035,1953.710275,2006.976139,1800.688076,1954.471252,2006.976139,1840.594176,2293.11371,2006.976139,1883.44055,2262.766368,2006.976139,270.662161,269.3634154,0.001001968,0.001005531,0.001008742,0.001011081,804.999281,804.999281,804.999281,2264.414618,2264.414618,2264.414618,2264.414618,2264.414618
10/3/1988,636.4489374,677.2486621,686.8210787,698.3829133,698.341138,686.8210787,1970.394054,2007.790729,2226.660846,1987.434662,1953.710275,2226.660846,2013.592508,1954.471252,2226.660846,2048.236805,2293.11371,2226.660846,270.2938113,268.9971459,0.001001968,0.001005531,0.001008742,0.001011081,764.1394406,764.1394406,764.1394406,2194.17058,2194.17058,2194.17058,2194.17058,2194.17058
10/4/1988,624.6902033,606.2807723,672.5923932,675.5146038,677.2486621,672.5923932,1988.150404,2049.776729,2246.398246,1994.483317,2007.790729,2246.398246,2023.10298,1953.710275,2246.398246,2075.014422,1954.471252,2246.398246,257.9222053,256.6951529,0.001001968,0.001005531,0.001008742,0.001011081,739.5906056,739.5906056,739.5906056,2170.649184,2170.649184,2170.649184,2170.649184,2170.649184
10/5/1988,559.6667694,684.0682852,594.2416125,605.7792239,606.2807723,594.2416125,1666.657615,1964.327248,1855.37778,1682.126082,2049.776729,1855.37778,1694.679416,2007.790729,1855.37778,1777.956595,1953.710275,1855.37778,186.5931393,185.7566997,0.001001968,0.001005531,0.001008742,0.001011081,711.440429,711.440429,711.440429,2129.938599,2129.938599,2129.938599,2129.938599,2129.938599
10/6/1988,674.2851726,793.5824653,722.9117412,684.9340187,684.0682852,722.9117412,1778.73572,1848.006919,1990.780088,1749.642321,1964.327248,1990.780088,1769.753925,2049.776729,1990.780088,1732.788774,2007.790729,1990.780088,260.2544688,259.0143311,0.001001968,0.001005531,0.001008742,0.001011081,697.5989013,697.5989013,697.5989013,2101.378673,2101.378673,2101.378673,2101.378673,2101.378673
10/7/1988,730.8734375,742.9428535,802.5883653,792.8505508,793.5824653,802.5883653,1920.272181,1739.943193,2183.296229,1926.264883,1848.006919,2183.296229,1985.46578,1964.327248,2183.296229,1887.388702,2049.776729,2183.296229,381.5319462,379.5898826,0.001001968,0.001005531,0.001008742,0.001011081,704.6154094,704.6154094,704.6154094,2090.562926,2090.562926,2090.562926,2090.562926,2090.562926
10/8/1988,646.2222489,592.9482624,707.8747442,742.7995204,742.9428535,707.8747442,1829.398386,1658.530734,2074.737911,1876.086321,1739.943193,2074.737911,1914.152103,1848.006919,2074.737911,2000.775914,1964.327248,2074.737911,332.2372213,330.5851494,0.001001968,0.001005531,0.001008742,0.001011081,705.973634,705.973634,705.973634,2089.731181,2089.731181,2089.731181,2089.731181,2089.731181
10/9/1988,539.3305137,557.1276316,579.7841434,592.941353,592.9482624,579.7841434,1546.578189,1634.009567,1728.764318,1566.152649,1658.530734,1728.764318,1627.039038,1739.943193,1728.764318,1760.762483,1848.006919,1728.764318,223.6571824,222.6202126,0.001001968,0.001005531,0.001008742,0.001011081,694.4208013,694.4208013,694.4208013,2076.243196,2076.243196,2076.243196,2076.243196,2076.243196
10/10/1988,505.5589377,514.7918326,542.6990628,556.8153489,557.1276316,542.6990628,1464.063125,1653.35457,1636.260956,1483.949634,1634.009567,1636.260956,1520.897028,1658.530734,1636.260956,1599.81567,1739.943193,1636.260956,206.805473,205.8603838,0.001001968,0.001005531,0.001008742,0.001011081,676.3858992,676.3858992,676.3858992,2013.330603,2013.330603,2013.330603,2013.330603,2013.330603
10/11/1988,483.4907625,571.547682,515.9408138,513.7580565,514.7918326,515.9408138,1435.528644,1719.768294,1602.870309,1436.847014,1653.35457,1602.870309,1468.097715,1634.009567,1602.870309,1544.632627,1658.530734,1602.870309,181.9438201,181.1321154,0.001001968,0.001005531,0.001008742,0.001011081,654.4387407,654.4387407,654.4387407,1924.633039,1924.633039,1924.633039,1924.633039,1924.633039
10/12/1988,542.9664039,624.1009741,583.2321199,571.5495127,571.547682,583.2321199,1477.591067,1690.013095,1652.782714,1473.060224,1719.768294,1652.782714,1478.278758,1653.35457,1652.782714,1469.350694,1634.009567,1652.782714,222.9373293,221.9043072,0.001001968,0.001005531,0.001008742,0.001011081,647.1382883,647.1382883,647.1382883,1875.651689,1875.651689,1875.651689,1875.651689,1875.651689
10/13/1988,573.4155523,565.8743817,619.7676415,624.3843867,624.1009741,619.7676415,1539.435009,1611.235904,1728.747936,1553.19905,1690.013095,1728.747936,1558.309444,1719.768294,1728.747936,1523.718714,1653.35457,1728.747936,254.671287,253.4624442,0.001001968,0.001005531,0.001008742,0.001011081,636.1625581,636.1625581,636.1625581,1831.591882,1831.591882,1831.591882,1831.591882,1831.591882
10/14/1988,533.2000667,584.3746121,575.6305418,565.6634741,565.8743817,575.6305418,1500.829698,1576.647878,1683.48938,1498.205302,1611.235904,1683.48938,1562.032736,1690.013095,1683.48938,1570.935923,1719.768294,1683.48938,237.2154955,236.1038118,0.001001968,0.001005531,0.001008742,0.001011081,607.9012732,607.9012732,607.9012732,1788.0587,1788.0587,1788.0587,1788.0587,1788.0587
10/15/1988,526.1119164,520.0225068,571.6074073,584.1676764,584.3746121,571.6074073,1508.873986,1483.951275,1698.290753,1529.745648,1576.647878,1698.290753,1554.311697,1611.235904,1698.290753,1591.215863,1690.013095,1698.290753,254.1196517,252.9138952,0.001001968,0.001005531,0.001008742,0.001011081,584.8608496,584.8608496,584.8608496,1741.08517,1741.08517,1741.08517,1741.08517,1741.08517
10/16/1988,472.8243802,495.10846,509.3816763,519.8478013,520.0225068,509.3816763,1421.187894,1480.05649,1591.763438,1436.791642,1483.951275,1591.763438,1472.229966,1576.647878,1591.763438,1540.481172,1611.235904,1591.763438,207.4432919,206.4947458,0.001001968,0.001005531,0.001008742,0.001011081,571.0842347,571.0842347,571.0842347,1698.584725,1698.584725,1698.584725,1698.584725,1698.584725
10/17/1988,456.0550036,486.2868487,490.6959748,494.9645791,495.10846,490.6959748,1350.639073,1755.888733,1509.708753,1360.116374,1480.05649,1509.708753,1392.493962,1483.951275,1509.708753,1439.304186,1576.647878,1509.708753,197.6989516,196.8030325,0.001001968,0.001005531,0.001008742,0.001011081,561.6460924,561.6460924,561.6460924,1668.220272,1668.220272,1668.220272,1668.220272,1668.220272
10/18/1988,445.7157694,450.4914568,479.9157046,484.3197225,486.2868487,479.9157046,1351.853434,3131.777778,1513.464324,1360.94584,1755.888733,1513.464324,1386.206362,1480.05649,1513.464324,1421.397648,1483.951275,1513.464324,195.8808768,194.994732,0.001001968,0.001005531,0.001008742,0.001011081,556.0580859,556.0580859,556.0580859,1650.552966,1650.552966,1650.552966,1650.552966,1650.552966
10/19/1988,413.821308,441.5580341,442.7138116,451.0228927,450.4914568,442.7138116,1272.574682,3186.438093,1417.284879,1284.466605,3131.777778,1417.284879,1302.61271,1755.888733,1417.284879,1351.280749,1480.05649,1417.284879,166.4795872,165.7494107,0.001001968,0.001005531,0.001008742,0.001011081,541.9518076,541.9518076,541.9518076,1629.29961,1629.29961,1629.29961,1629.29961,1629.29961
10/20/1988,428.3519133,575.8221298,457.7342504,442.4850175,441.5580341,457.7342504,1295.249293,2300.106743,1443.513643,1283.386004,3186.438093,1443.513643,1307.467561,3131.777778,1443.513643,1329.380635,1755.888733,1443.513643,169.9952649,169.2466571,0.001001968,0.001005531,0.001008742,0.001011081,520.6319136,520.6319136,520.6319136,1604.179872,1604.179872,1604.179872,1604.179872,1604.179872
10/21/1988,479.678319,757.5841693,522.2737699,520.8213918,575.8221298,522.2737699,1615.499763,4390.011503,1831.043252,1617.842769,2300.106743,1831.043252,1630.928569,3186.438093,1831.043252,1579.07691,3131.777778,1831.043252,242.1230821,240.9841899,0.001001968,0.001005531,0.001008742,0.001011081,507.3724842,507.3724842,507.3724842,1610.720383,1610.720383,1610.720383,1610.720383,1610.720383
10/22/1988,711.8646673,1136.613006,731.7963886,678.4351457,757.5841693,731.7963886,3506.14476,4768.059435,3932.331946,3440.833359,4390.011503,3932.331946,3129.246983,2300.106743,3932.331946,2825.32857,3186.438093,3932.331946,53.67787333,53.49441598,0.001001968,0.001005531,0.001008742,0.001011081,481.1758537,481.1758537,481.1758537,1868.342188,1868.342188,1868.342188,1868.342188,1868.342188
10/23/1988,1653.623129,1998.675878,1683.305955,1148.959393,1136.613006,1683.305955,4376.83286,4485.696896,4781.726253,3838.978424,4768.059435,4781.726253,3353.007006,4390.011503,4781.726253,3145.961475,2300.106743,4781.726253,0.001000564,0.001006515,0.001001968,0.001005531,0.001008742,0.001011081,507.711013,507.711013,507.711013,2208.816119,2208.816119,2208.816119,2208.816119,2208.816119
10/24/1988,2786.01356,4122.294751,2929.54217,2010.932436,1998.675878,2929.54217,4349.5854,4649.126827,4726.139653,3491.939786,4485.696896,4726.139653,3362.641516,4768.059435,4726.139653,2376.765331,4390.011503,4726.139653,635.3269808,631.8174596,0.001001968,0.001005531,0.001008742,0.001011081,687.4111984,687.4111984,687.4111984,2425.65653,2425.65653,2425.65653,2425.65653,2425.65653
10/25/1988,3656.544177,2751.68196,4121.1653,4156.41577,4122.294751,4121.1653,6569.002837,3760.614015,7677.245806,6752.638604,4649.126827,7677.245806,6397.108172,4485.696896,7677.245806,4904.920187,4768.059435,7677.245806,2040.218575,2026.922038,0.001001968,0.001005531,0.001008742,0.001011081,1102.33501,1102.33501,1102.33501,2908.403082,2908.403082,2908.403082,2908.403082,2908.403082
10/26/1988,2181.111209,1673.272701,2352.427913,2765.709329,2751.68196,2352.427913,4552.346104,3165.546691,5147.857724,5005.169043,3760.614015,5147.857724,5250.173739,4649.126827,5147.857724,5937.745901,4485.696896,5147.857724,818.4142779,813.7169984,0.001001968,0.001005531,0.001008742,0.001011081,1450.372928,1450.372928,1450.372928,3495.939394,3495.939394,3495.939394,3495.939394,3495.939394
10/27/1988,1300.664956,1242.434989,1348.555492,1673.596839,1673.272701,1348.555492,2083.3806,2935.21121,2219.733637,2427.274946,3165.546691,2219.733637,2959.592075,3760.614015,2219.733637,3776.044822,4649.126827,2219.733637,242.8098498,241.6671433,0.001001968,0.001005531,0.001008742,0.001011081,1695.55958,1695.55958,1695.55958,3983.219131,3983.219131,3983.219131,3983.219131,3983.219131
10/28/1988,1020.045393,1215.810302,1046.013513,1202.948062,1242.434989,1046.013513,2454.360096,3119.529367,2691.116698,2607.51486,2935.21121,2691.116698,2957.045433,3165.546691,2691.116698,3627.405309,3760.614015,2691.116698,127.8082163,127.2762684,0.001001968,0.001005531,0.001008742,0.001011081,1844.59151,1844.59151,1844.59151,4289.712095,4289.712095,4289.712095,4289.712095,4289.712095
10/29/1988,1173.056244,1291.613112,1221.638724,1228.981203,1215.810302,1221.638724,2524.339292,2109.457879,2770.222276,2541.197304,3119.529367,2770.222276,2665.746113,2935.21121,2770.222276,2925.19574,3165.546691,2770.222276,224.9735425,223.9293489,0.001001968,0.001005531,0.001008742,0.001011081,1979.077593,1979.077593,1979.077593,4203.713237,4203.713237,4203.713237,4203.713237,4203.713237
10/30/1988,1264.988722,1370.007504,1333.994256,1305.640014,1291.613112,1333.994256,2630.071305,1446.528709,2912.847607,2616.784745,2109.457879,2912.847607,2684.23151,3119.529367,2912.847607,2729.815031,2935.21121,2912.847607,345.7829728,344.0517986,0.001001968,0.001005531,0.001008742,0.001011081,2066.736109,2066.736109,2066.736109,4013.549925,4013.549925,4013.549925,4013.549925,4013.549925
10/31/1988,1194.67938,1198.466032,1281.315494,1369.704853,1370.007504,1281.315494,2541.724855,2614.214321,2850.083367,2650.930429,1446.528709,2850.083367,2725.024333,2109.457879,2850.083367,2714.773794,3119.529367,2850.083367,442.244879,439.9382417,0.001001968,0.001005531,0.001008742,0.001011081,2012.193538,2012.193538,2012.193538,3961.889526,3961.889526,3961.889526,3961.889526,3961.889526
11/1/1988,948.1628364,999.849465,998.1456297,1081.682142,1198.466032,998.1456297,2479.250286,3555.409296,2767.03404,2564.595547,2614.214321,2767.03404,2687.006916,1446.528709,2767.03404,2922.022152,2109.457879,2767.03404,261.5848324,260.3372227,0.001001968,0.001005531,0.001008742,0.001011081,1696.540415,1696.540415,1696.540415,3694.652169,3694.652169,3694.652169,3694.652169,3694.652169
11/2/1988,951.9976887,963.7577885,972.4150615,951.0352334,999.849465,972.4150615,1649.22736,2535.212193,1729.157851,1643.064773,3555.409296,1729.157851,1622.030596,2614.214321,1729.157851,1875.448355,1446.528709,1729.157851,0.001000564,0.001006515,0.001001968,0.001005531,0.001008742,0.001011081,1417.658678,1417.658678,1417.658678,3200.862819,3200.862819,3200.862819,3200.862819,3200.862819
11/3/1988,1608.943888,2838.712067,1630.359875,1022.306857,963.7577885,1630.359875,1875.124333,5526.823888,1898.565141,1290.245986,2535.212193,1898.565141,1269.979435,3555.409296,1898.565141,1190.659715,2614.214321,1898.565141,0.001000564,0.001006515,0.001001968,0.001005531,0.001008742,0.001011081,1251.010813,1251.010813,1251.010813,2725.045547,2725.045547,2725.045547,2725.045547,2725.045547
11/4/1988,2740.873755,3038.139708,3042.234509,2866.17276,2838.712067,3042.234509,4074.462282,9150.076912,4707.562801,4006.81527,5526.823888,4707.562801,3742.041263,2535.212193,4707.562801,2452.174134,3555.409296,4707.562801,1370.55158,1362.083692,0.001001968,0.001005531,0.001008742,0.001011081,1362.253125,1362.253125,1362.253125,2543.937503,2543.937503,2543.937503,2543.937503,2543.937503
11/5/1988,2143.57395,3915.259894,2367.588737,2664.08418,3038.139708,2367.588737,4324.514456,9814.732489,4973.211592,4682.601521,9150.076912,4973.211592,4704.405762,5526.823888,4973.211592,4510.194752,2535.212193,4973.211592,1050.195779,1043.945252,0.001001968,0.001005531,0.001008742,0.001011081,1529.821046,1529.821046,1529.821046,2709.386159,2709.386159,2709.386159,2709.386159,2709.386159
11/6/1988,4678.922817,6103.090343,5019.5389,4034.204588,3915.259894,5019.5389,5584.363842,8899.74006,6069.824823,4811.983439,9814.732489,6069.824823,4219.265399,9150.076912,6069.824823,2852.775557,5526.823888,6069.824823,1182.834238,1175.6745,0.001001968,0.001005531,0.001008742,0.001011081,1798.608917,1798.608917,1798.608917,2924.43849,2924.43849,2924.43849,2924.43849,2924.43849
11/7/1988,6975.295779,8756.696008,7610.529689,6246.545776,6103.090343,7610.529689,9847.349479,8040.069215,11134.08954,8737.496665,8899.74006,11134.08954,8315.688966,9814.732489,11134.08954,6423.162217,9150.076912,11134.08954,2553.153042,2536.026042,0.001001968,0.001005531,0.001008742,0.001011081,2357.686802,2357.686802,2357.686802,3575.633413,3575.633413,3575.633413,3575.633413,3575.633413
11/8/1988,6997.996484,4681.549378,8150.353668,8772.049746,8756.696008,8150.353668,11395.29854,6282.082656,13765.8289,12400.8962,8040.069215,13765.8289,12904.47407,8899.74006,13765.8289,10231.4189,9814.732489,13765.8289,4687.625936,4653.755591,0.001001968,0.001005531,0.001008742,0.001011081,3360.139745,3360.139745,3360.139745,4639.344766,4639.344766,4639.344766,4639.344766,4639.344766
11/9/1988,3337.782442,2442.726364,3672.829336,4687.995286,4681.549378,3672.829336,6892.343509,5063.150112,7920.461094,7995.862399,6282.082656,7920.461094,9100.771733,8040.069215,7920.461094,11997.33818,8899.74006,7920.461094,1493.827978,1484.48888,0.001001968,0.001005531,0.001008742,0.001011081,4017.70541,4017.70541,4017.70541,5892.239069,5892.239069,5892.239069,5892.239069,5892.239069
11/10/1988,1997.453802,2366.077341,2072.198553,2441.854063,2442.726364,2072.198553,2407.986542,4185.903301,2516.908001,2823.178263,5063.150112,2516.908001,3965.59823,6282.082656,2516.908001,6089.269546,8040.069215,2516.908001,338.1458797,336.4593601,0.001001968,0.001005531,0.001008742,0.001011081,4376.997558,4376.997558,4376.997558,6860.391676,6860.391676,6860.391676,6860.391676,6860.391676
11/11/1988,2035.840893,2117.755154,2177.16383,2370.736472,2366.077341,2177.16383,4013.211276,5138.299965,4501.360378,4246.678099,4185.903301,4501.360378,4735.957369,5063.150112,4501.360378,5603.500236,6282.082656,4501.360378,661.6695476,657.9916345,0.001001968,0.001005531,0.001008742,0.001011081,4438.372733,4438.372733,4438.372733,7329.693325,7329.693325,7329.693325,7329.693325,7329.693325
11/12/1988,1898.667432,2231.054541,2033.671171,2122.922636,2117.755154,2033.671171,4147.659514,5326.101812,4668.541765,4265.741931,5138.299965,4668.541765,4565.98425,4185.903301,4668.541765,5095.302775,5063.150112,4668.541765,639.996007,636.4567063,0.001001968,0.001005531,0.001008742,0.001011081,4413.967429,4413.967429,4413.967429,7416.882025,7416.882025,7416.882025,7416.882025,7416.882025
11/13/1988,1865.90301,2900.760028,2020.435397,2090.591435,2231.054541,2020.435397,3849.164664,6445.37667,4337.808296,3962.95994,5326.101812,4337.808296,4195.631982,5138.299965,4337.808296,4291.120069,4185.903301,4337.808296,736.2633042,732.1038218,0.001001968,0.001005531,0.001008742,0.001011081,4270.365119,4270.365119,4270.365119,7453.53771,7453.53771,7453.53771,7453.53771,7453.53771
11/14/1988,2863.138054,3015.771226,3149.020855,2942.842801,2900.760028,3149.020855,4711.633871,6220.706317,5338.557229,4628.836673,6445.37667,5338.557229,4639.995962,5326.101812,5338.557229,3972.709581,5138.299965,5338.557229,1216.134074,1208.744023,0.001001968,0.001005531,0.001008742,0.001011081,3902.418911,3902.418911,3902.418911,7004.318345,7004.318345,7004.318345,7004.318345,7004.318345
11/15/1988,3105.904675,3654.71926,3372.217302,3070.367461,3015.771226,3372.217302,5600.622999,5518.983398,6333.042535,5387.072772,6220.706317,6333.042535,5372.180767,6445.37667,6333.042535,5441.198576,5326.101812,6333.042535,1171.550107,1164.468235,0.001001968,0.001005531,0.001008742,0.001011081,3138.564815,3138.564815,3138.564815,6275.408504,6275.408504,6275.408504,6275.408504,6275.408504
11/16/1988,3071.745825,2802.082111,3457.064251,3615.048813,3654.71926,3457.064251,4989.873305,9059.387894,5804.81159,5283.772673,5518.983398,5804.81159,5567.995295,6220.706317,5804.81159,4963.199784,6445.37667,5804.81159,1717.186174,1706.246942,0.001001968,0.001005531,0.001008742,0.001011081,2854.164107,2854.164107,2854.164107,5514.708703,5514.708703,5514.708703,5514.708703,5514.708703
11/17/1988,2400.031961,2393.24626,2612.574407,2795.020175,2802.082111,2612.574407,5526.555432,12817.68138,6303.096391,5764.061547,9059.387894,6303.096391,5990.392245,5518.983398,6303.096391,6663.10665,6220.706317,6303.096391,948.2389335,942.6776746,0.001001968,0.001005531,0.001008742,0.001011081,2763.943037,2763.943037,2763.943037,5280.205913,5280.205913,5280.205913,5280.205913,5280.205913
11/18/1988,2446.380394,3242.804873,2607.729651,2417.564703,2393.24626,2607.729651,4727.637403,18451.84987,5276.677807,4586.844105,12817.68138,5276.677807,4851.954218,9059.387894,5276.677807,5292.76862,5518.983398,5276.677807,723.5534106,719.476456,0.001001968,0.001005531,0.001008742,0.001011081,2737.200059,2737.200059,2737.200059,5327.186203,5327.186203,5327.186203,5327.186203,5327.186203
11/19/1988,2757.087223,4508.989448,3051.097922,3060.094205,3242.804873,3051.097922,4797.055015,15063.50848,5505.442851,4904.076897,18451.84987,5505.442851,5092.594218,12817.68138,5505.442851,4749.000193,9059.387894,5505.442851,1333.701853,1325.492589,0.001001968,0.001005531,0.001008742,0.001011081,2831.089309,2831.089309,2831.089309,5399.199771,5399.199771,5399.199771,5399.199771,5399.199771
11/20/1988,3787.929755,7670.651047,4199.325439,3995.490061,4508.989448,4199.325439,9776.014549,13190.67589,11351.27333,9673.533905,15063.50848,11351.27333,9570.982327,18451.84987,11351.27333,8500.14741,12817.68138,11351.27333,1711.957495,1701.056019,0.001001968,0.001005531,0.001008742,0.001011081,3033.100563,3033.100563,3033.100563,6122.863091,6122.863091,6122.863091,6122.863091,6122.863091
11/21/1988,8049.19257,8181.658864,9082.970294,7940.731199,7670.651047,9082.970294,18093.25605,11604.45348,21290.11571,17328.50271,13190.67589,21290.11571,16849.05739,15063.50848,21290.11571,13252.79176,18451.84987,21290.11571,3823.504257,3796.540854,0.001001968,0.001005531,0.001008742,0.001011081,3595.855021,3595.855021,3595.855021,7680.681421,7680.681421,7680.681421,7680.681421,7680.681421
11/22/1988,8218.358208,8380.096275,9160.299209,8381.402111,8181.658864,9160.299209,20249.43901,9946.962714,23882.55924,19679.41737,11604.45348,23882.55924,19475.81124,13190.67589,23882.55924,19686.31329,15063.50848,23882.55924,3683.613277,3657.75328,0.001001968,0.001005531,0.001008742,0.001011081,4263.343603,4263.343603,4263.343603,9859.910756,9859.910756,9859.910756,9859.910756,9859.910756
11/23/1988,6590.896954,4856.094065,7575.233501,8403.637325,8380.096275,7575.233501,12044.50634,8228.265236,14346.64644,13189.02502,9946.962714,14346.64644,14123.17724,11604.45348,14346.64644,13552.8449,13190.67589,14346.64644,4001.844039,3973.467663,0.001001968,0.001005531,0.001008742,0.001011081,4966.088866,4966.088866,4966.088866,11367.44953,11367.44953,11367.44953,11367.44953,11367.44953
11/24/1988,3797.332813,3523.426389,4157.08867,4868.681452,4856.094065,4157.08867,8179.904957,10106.88905,9378.582404,8985.739995,8228.265236,9378.582404,10281.76893,9946.962714,9378.582404,13138.94326,11604.45348,9378.582404,1550.157564,1540.417448,0.001001968,0.001005531,0.001008742,0.001011081,5398.369252,5398.369252,5398.369252,12316.94425,12316.94425,12316.94425,12316.94425,12316.94425
11/25/1988,3037.841588,3355.587257,3271.790174,3530.148327,3523.426389,3271.790174,5446.479472,9447.408337,6094.2166,5787.811425,10106.88905,6094.2166,6763.766168,8228.265236,6094.2166,8513.603552,9946.962714,6094.2166,1027.510997,1021.414587,0.001001968,0.001005531,0.001008742,0.001011081,5648.466517,5648.466517,5648.466517,12877.67146,12877.67146,12877.67146,12877.67146,12877.67146
11/26/1988,2948.456253,3208.446257,3215.824318,3357.563582,3355.587257,3215.824318,6197.635795,7780.102341,7066.331545,6412.995723,9447.408337,7066.331545,6922.239754,10106.88905,7066.331545,7713.832746,8228.265236,7066.331545,1184.593771,1177.421884,0.001001968,0.001005531,0.001008742,0.001011081,5745.474596,5745.474596,5745.474596,13267.89746,13267.89746,13267.89746,13267.89746,13267.89746
11/27/1988,2772.911003,3532.737611,3032.821493,3135.441532,3208.446257,3032.821493,5984.043016,6683.777686,6839.487626,6156.239634,7780.102341,6839.487626,6532.109273,9447.408337,6839.487626,6983.569725,10106.88905,6839.487626,1160.280009,1153.275811,0.001001968,0.001005531,0.001008742,0.001011081,5702.967286,5702.967286,5702.967286,12908.4742,12908.4742,12908.4742,12908.4742,12908.4742
11/28/1988,3099.568051,3162.786562,3465.841111,3548.107253,3532.737611,3465.841111,8677.349145,5971.938479,10147.03889,8831.862489,6683.777686,10147.03889,9154.615291,7780.102341,10147.03889,8882.05142,9447.408337,10147.03889,1585.342501,1575.351011,0.001001968,0.001005531,0.001008742,0.001011081,5270.377352,5270.377352,5270.377352,12145.83381,12145.83381,12145.83381,12145.83381,12145.83381
11/29/1988,2975.617907,3306.106672,3278.478906,3196.22168,3162.786562,3278.478906,8172.468497,5612.860721,9479.426836,8144.301584,5971.938479,9479.426836,8407.214564,6683.777686,9479.426836,8956.754413,7780.102341,9479.426836,1328.042931,1319.873307,0.001001968,0.001005531,0.001008742,0.001011081,4662.36736,4662.36736,4662.36736,10523.34846,10523.34846,10523.34846,10523.34846,10523.34846
11/30/1988,2963.523537,2953.814109,3296.489257,3313.224766,3306.106672,3296.489257,6188.916829,5263.492654,7156.754969,6302.478613,5612.860721,7156.754969,6554.691897,5971.938479,7156.754969,6695.954848,6683.777686,7156.754969,1476.350395,1467.135358,0.001001968,0.001005531,0.001008742,0.001011081,3924.877847,3924.877847,3924.877847,9288.423433,9288.423433,9288.423433,9288.423433,9288.423433
12/1/1988,2536.341142,2470.561326,2810.090876,2954.978537,2953.814109,2810.090876,5293.259883,4878.121736,6086.854918,5519.541911,5263.492654,6086.854918,5836.315001,5612.860721,6086.854918,6162.532416,5971.938479,6086.854918,1235.347357,1227.824066,0.001001968,0.001005531,0.001008742,0.001011081,3517.635226,3517.635226,3517.635226,8310.827455,8310.827455,8310.827455,8310.827455,8310.827455
12/2/1988,2175.733063,2349.895425,2380.697445,2471.115699,2470.561326,2380.697445,4396.154421,4615.717891,4993.007642,4551.021222,4878.121736,4993.007642,4890.670321,5263.492654,4993.007642,5378.134385,5612.860721,4993.007642,940.2836441,934.7757856,0.001001968,0.001005531,0.001008742,0.001011081,3278.848545,3278.848545,3278.848545,7690.027784,7690.027784,7690.027784,7690.027784,7690.027784
12/3/1988,2118.671027,2305.443054,2322.692683,2350.091092,2349.895425,2322.692683,4232.974154,4431.021875,4813.052925,4325.201216,4615.717891,4813.052925,4600.325445,4878.121736,4813.052925,4859.229519,5263.492654,4813.052925,940.1386612,934.6317754,0.001001968,0.001005531,0.001008742,0.001011081,3106.093625,3106.093625,3106.093625,7311.394585,7311.394585,7311.394585,7311.394585,7311.394585
12/4/1988,2054.577406,2166.933864,2260.054004,2305.375245,2305.443054,2260.054004,4220.620982,4240.268754,4816.351441,4328.901189,4431.021875,4816.351441,4538.172195,4615.717891,4816.351441,4720.577208,4878.121736,4816.351441,950.1513625,944.5772579,0.001001968,0.001005531,0.001008742,0.001011081,2967.477256,2967.477256,2967.477256,7011.357982,7011.357982,7011.357982,7011.357982,7011.357982
12/5/1988,1943.306842,2089.300543,2132.818862,2166.6745,2166.933864,2132.818862,3949.163933,4081.524517,4495.383301,4041.957898,4240.268754,4495.383301,4255.439842,4431.021875,4495.383301,4443.21049,4615.717891,4495.383301,882.3678649,877.2470101,0.001001968,0.001005531,0.001008742,0.001011081,2767.70275,2767.70275,2767.70275,6288.935999,6288.935999,6288.935999,6288.935999,6288.935999
12/6/1988,1874.964149,2004.748475,2059.290543,2088.904538,2089.300543,2059.290543,3753.672408,3936.7818,4272.489249,3841.705117,4081.524517,4272.489249,4040.037683,4240.268754,4272.489249,4192.877446,4431.021875,4272.489249,862.1411374,857.1546888,0.001001968,0.001005531,0.001008742,0.001011081,2606.497042,2606.497042,2606.497042,5598.676252,5598.676252,5598.676252,5598.676252,5598.676252
12/7/1988,1798.725745,1923.545911,1975.140517,2004.256307,2004.748475,1975.140517,3632.103025,3797.518345,4133.386621,3716.624875,3936.7818,4133.386621,3902.655761,4081.524517,4133.386621,4046.810128,4240.268754,4133.386621,829.3717353,824.6021761,0.001001968,0.001005531,0.001008742,0.001011081,2427.343084,2427.343084,2427.343084,5142.128058,5142.128058,5142.128058,5142.128058,5142.128058
12/8/1988,1728.364913,1853.156466,1897.297037,1922.986014,1923.545911,1897.297037,3484.328229,3676.053099,3962.88765,3563.27154,3797.518345,3962.88765,3742.090654,3936.7818,3962.88765,3876.887633,4081.524517,3962.88765,798.1922807,793.6280641,0.001001968,0.001005531,0.001008742,0.001011081,2271.715857,2271.715857,2271.715857,4803.049917,4803.049917,4803.049917,4803.049917,4803.049917
12/9/1988,1666.15586,1786.998302,1829.051527,1852.549478,1853.156466,1829.051527,3361.743037,3563.823183,3823.299608,3436.479898,3676.053099,3823.299608,3606.15439,3797.518345,3823.299608,3734.624108,3936.7818,3823.299608,773.2613141,768.8605436,0.001001968,0.001005531,0.001008742,0.001011081,2163.309008,2163.309008,2163.309008,4536.955292,4536.955292,4536.955292,4536.955292,4536.955292
12/10/1988,1607.439149,1724.68805,1764.580351,1786.360939,1786.998302,1764.580351,3255.851354,3453.110119,3701.98107,3326.967044,3563.823183,3701.98107,3489.017565,3676.053099,3701.98107,3602.797059,3797.518345,3701.98107,749.3696409,745.1248608,0.001001968,0.001005531,0.001008742,0.001011081,2071.733619,2071.733619,2071.733619,4330.675786,4330.675786,4330.675786,4330.675786,4330.675786
12/11/1988,1552.048885,1665.902185,1703.752419,1724.033632,1724.68805,1703.752419,3155.147934,3342.206852,3586.417128,3223.014528,3453.110119,3586.417128,3378.294506,3563.823183,3586.417128,3484.872255,3676.053099,3586.417128,726.7028381,722.6054512,0.001001968,0.001005531,0.001008742,0.001011081,1986.67978,1986.67978,1986.67978,4157.178375,4157.178375,4157.178375,4157.178375,4157.178375
12/12/1988,1499.720519,1610.272517,1646.292304,1665.241259,1665.902185,1646.292304,3056.19489,3250.708829,3473.596833,3120.984034,3342.206852,3473.596833,3269.937692,3453.110119,3473.596833,3376.543593,3563.823183,3473.596833,705.2367208,701.2783645,0.001001968,0.001005531,0.001008742,0.001011081,1910.38583,1910.38583,1910.38583,4002.201101,4002.201101,4002.201101,4002.201101,4002.201101
12/13/1988,1450.144101,1558.002096,1591.856598,1609.61374,1610.272517,1591.856598,2958.049669,3154.757518,3362.370579,3019.917441,3250.708829,3362.370579,3162.921994,3342.206852,3362.370579,3269.78144,3453.110119,3362.370579,684.8401403,681.0133719,0.001001968,0.001005531,0.001008742,0.001011081,1838.809237,1838.809237,1838.809237,3860.542763,3860.542763,3860.542763,3860.542763,3860.542763
12/14/1988,1403.049915,1510.351695,1540.145734,1556.830205,1558.002096,1540.145734,2872.283434,3078.82411,3264.423706,2931.570744,3154.757518,3264.423706,3068.993196,3250.708829,3264.423706,3163.946915,3342.206852,3264.423706,665.394971,661.6931706,0.001001968,0.001005531,0.001008742,0.001011081,1772.308377,1772.308377,1772.308377,3729.968036,3729.968036,3729.968036,3729.968036,3729.968036
12/15/1988,1372.188411,1478.982934,1505.358519,1509.822585,1510.351695,1505.358519,2804.273795,3006.312226,3185.250095,2850.406209,3078.82411,3185.250095,2981.859445,3154.757518,3185.250095,3069.962602,3250.708829,3185.250095,648.6351289,645.0406509,0.001001968,0.001005531,0.001008742,0.001011081,1710.619147,1710.619147,1710.619147,3609.032234,3609.032234,3609.032234,3609.032234,3609.032234
12/16/1988,1325.427988,1410.046538,1455.737615,1478.7333,1478.982934,1455.737615,2732.500887,2894.614599,3105.002088,2796.180173,3006.312226,3105.002088,2914.538111,3078.82411,3105.002088,2988.909869,3154.757518,3105.002088,637.2988727,633.7767782,0.001001968,0.001005531,0.001008742,0.001011081,1653.557184,1653.557184,1653.557184,3498.521375,3498.521375,3498.521375,3498.521375,3498.521375
12/17/1988,1269.455512,1367.678531,1392.509824,1409.466814,1410.046538,1392.509824,2641.539472,2884.072957,2997.679609,2696.61061,2894.614599,2997.679609,2825.837441,3006.312226,2997.679609,2911.900617,3078.82411,2997.679609,605.2404312,601.9220937,0.001001968,0.001005531,0.001008742,0.001011081,1598.901657,1598.901657,1598.901657,3395.494321,3395.494321,3395.494321,3395.494321,3395.494321
12/18/1988,1233.633485,1328.127568,1353.75525,1367.101977,1367.678531,1353.75525,2578.274698,2846.491724,2925.339678,2628.826051,2884.072957,2925.339678,2749.392157,2894.614599,2925.339678,2827.919574,3006.312226,2925.339678,593.0794949,589.8380753,0.001001968,0.001005531,0.001008742,0.001011081,1546.571015,1546.571015,1546.571015,3298.270214,3298.270214,3298.270214,3298.270214,3298.270214
12/19/1988,1198.043576,1268.633813,1314.981988,1327.577309,1328.127568,1314.981988,2529.987257,3137.361384,2870.291768,2578.521715,2846.491724,2870.291768,2692.29794,2884.072957,2870.291768,2764.153013,2894.614599,2870.291768,579.6409921,576.4843238,0.001001968,0.001005531,0.001008742,0.001011081,1496.732605,1496.732605,1496.732605,3206.811014,3206.811014,3206.811014,3206.811014,3206.811014
12/20/1988,1168.271621,1230.071769,1277.575269,1268.113092,1268.633813,1277.575269,2451.088328,3556.478402,2771.117787,2475.289127,3137.361384,2771.117787,2581.638524,2846.491724,2771.117787,2668.323467,2884.072957,2771.117787,545.1082645,542.1681473,0.001001968,0.001005531,0.001008742,0.001011081,1446.503623,1446.503623,1446.503623,3117.776803,3117.776803,3117.776803,3117.776803,3117.776803
12/21/1988,1108.470811,1233.43197,1209.881236,1229.580697,1230.071769,1209.881236,2422.940115,3304.353812,2737.559313,2472.362084,3556.478402,2737.559313,2547.803174,3137.361384,2737.559313,2635.123287,2846.491724,2737.559313,509.023516,506.3076874,0.001001968,0.001005531,0.001008742,0.001011081,1395.361638,1395.361638,1395.361638,3042.813807,3042.813807,3042.813807,3042.813807,3042.813807
12/22/1988,1166.028954,1322.759857,1274.396935,1232.968856,1233.43197,1274.396935,2497.275955,4219.027284,2825.793774,2487.755309,3304.353812,2825.793774,2598.656711,3556.478402,2825.793774,2595.526633,3137.361384,2825.793774,543.3827468,540.4534022,0.001001968,0.001005531,0.001008742,0.001011081,1355.803288,1355.803288,1355.803288,2979.640446,2979.640446,2979.640446,2979.640446,2979.640446
12/23/1988,1166.145618,1342.044199,1285.007823,1314.2107,1322.759857,1285.007823,2799.27774,4400.133364,3196.983549,2858.136822,4219.027284,3196.983549,2911.328343,3304.353812,3196.983549,2918.249172,3556.478402,3196.983549,594.0014804,590.7542367,0.001001968,0.001005531,0.001008742,0.001011081,1325.131078,1325.131078,1325.131078,2970.234012,2970.234012,2970.234012,2970.234012,2970.234012
12/24/1988,1175.861242,1914.527159,1281.705397,1257.950827,1342.044199,1281.705397,3226.128172,4572.474532,3669.549968,3222.569478,4400.133364,3669.549968,3279.803907,4219.027284,3669.549968,3282.335784,3304.353812,3669.549968,524.1664931,521.3567986,0.001001968,0.001005531,0.001008742,0.001011081,1297.546846,1297.546846,1297.546846,3046.764077,3046.764077,3046.764077,3046.764077,3046.764077
12/25/1988,2314.447673,2998.494408,2485.668009,1943.103337,1914.527159,2485.668009,4311.671991,4284.610533,4809.209478,3836.260643,4572.474532,4809.209478,3573.993958,4400.133364,4809.209478,3146.991414,4219.027284,4809.209478,739.1165203,734.9384856,0.001001968,0.001005531,0.001008742,0.001011081,1321.822009,1321.822009,1321.822009,3134.519236,3134.519236,3134.519236,3134.519236,3134.519236
12/26/1988,3138.524033,3425.034752,3436.821264,3036.751737,2998.494408,3436.821264,5628.183155,4486.567692,6424.317657,5323.077644,4284.610533,6424.317657,5034.848737,4572.474532,6424.317657,4268.1069,4400.133364,6424.317657,1334.512656,1326.297711,0.001001968,0.001005531,0.001008742,0.001011081,1487.617708,1487.617708,1487.617708,3388.103611,3388.103611,3388.103611,3388.103611,3388.103611
12/27/1988,2734.790147,1970.511464,3091.296472,3425.84025,3425.034752,3091.296472,4869.373185,4393.418196,5697.156405,5319.359339,4486.567692,5697.156405,5478.835593,4284.610533,5697.156405,4816.149242,4572.474532,5697.156405,1615.806449,1605.596776,0.001001968,0.001005531,0.001008742,0.001011081,1770.43322,1770.43322,1770.43322,3711.071725,3711.071725,3711.071725,3711.071725,3711.071725
12/28/1988,1566.502241,1773.93111,1670.189116,1915.750361,1970.511464,1670.189116,3293.073635,4446.341602,3675.614458,3564.168345,4393.418196,3675.614458,4028.709666,4486.567692,3675.614458,5029.602431,4284.610533,3675.614458,509.8309028,507.1100792,0.001001968,0.001005531,0.001008742,0.001011081,1924.975173,1924.975173,1924.975173,4042.241102,4042.241102,4042.241102,4042.241102,4042.241102
12/29/1988,1770.140685,2215.952295,1863.189489,1785.30124,1773.93111,1863.189489,2758.559651,4226.35227,2977.359337,2726.65243,4446.341602,2977.359337,2885.956109,4393.418196,2977.359337,3291.077071,4486.567692,2977.359337,413.2298956,411.098441,0.001001968,0.001005531,0.001008742,0.001011081,2012.645012,2012.645012,2012.645012,4228.192659,4228.192659,4228.192659,4228.192659,4228.192659
12/30/1988,2177.111382,2627.524569,2339.71582,2238.413203,2215.952295,2339.71582,4013.046094,3902.386627,4505.952009,3964.402985,4226.35227,4505.952009,3958.32527,4446.341602,4505.952009,3814.266088,4393.418196,4505.952009,751.2856157,747.0283496,0.001001968,0.001005531,0.001008742,0.001011081,2131.193846,2131.193846,2131.193846,4359.506265,4359.506265,4359.506265,4359.506265,4359.506265
12/31/1988,2370.228619,2287.139659,2632.59394,2627.820947,2627.524569,2632.59394,4360.361023,3679.516108,5027.633659,4437.841237,3902.386627,5027.633659,4704.067597,4226.35227,5027.633659,4212.866918,4446.341602,5027.633659,1213.606088,1206.23355,0.001001968,0.001005531,0.001008742,0.001011081,2334.508819,2334.508819,2334.508819,4459.48263,4459.48263,4459.48263,4459.48263,4459.48263
1/1/1989,1922.908017,1782.083143,2117.025523,2286.555398,2287.139659,2117.025523,3850.702857,3433.74922,4408.568145,4076.254629,3679.516108,4408.568145,4271.227352,3902.386627,4408.568145,4674.220145,4226.35227,4408.568145,920.3907197,915.0161418,0.001001968,0.001005531,0.001008742,0.001011081,2443.751457,2443.751457,2443.751457,4578.126912,4578.126912,4578.126912,4578.126912,4578.126912
1/2/1989,1587.735769,1701.894748,1713.07091,1781.53056,1782.083143,1713.07091,2891.755784,3250.849209,3236.550848,3001.793354,3433.74922,3236.550848,3292.267336,3679.516108,3236.550848,3686.933921,3902.386627,3236.550848,610.8368982,607.4830928,0.001001968,0.001005531,0.001008742,0.001011081,2366.785617,2366.785617,2366.785617,4491.706021,4491.706021,4491.706021,4491.706021,4491.706021
1/3/1989,1538.43971,1680.55636,1665.151698,1701.370533,1701.894748,1665.151698,2863.893599,3122.124308,3215.845688,2941.254258,3250.849209,3215.845688,3127.673559,3433.74922,3215.845688,3344.602937,3679.516108,3215.845688,619.8059599,616.3952217,0.001001968,0.001005531,0.001008742,0.001011081,2154.984201,2154.984201,2154.984201,4284.40111,4284.40111,4284.40111,4284.40111,4284.40111
1/4/1989,1546.326219,1687.685233,1679.804445,1680.062101,1680.55636,1679.804445,2962.287422,3420.925271,3346.503074,3003.076042,3122.124308,3346.503074,3159.286186,3250.849209,3346.503074,3274.927354,3433.74922,3346.503074,653.4512373,649.8259565,0.001001968,0.001005531,0.001008742,0.001011081,2072.250791,2072.250791,2072.250791,4029.152414,4029.152414,4029.152414,4029.152414,4029.152414
1/5/1989,1513.342983,1574.171334,1651.745413,1687.218467,1687.685233,1651.745413,2860.837642,3786.561941,3243.119111,2939.302942,3420.925271,3243.119111,3064.072006,3122.124308,3243.119111,3145.549708,3250.849209,3243.119111,678.1960663,674.4120509,0.001001968,0.001005531,0.001008742,0.001011081,2047.519663,2047.519663,2047.519663,3903.65387,3903.65387,3903.65387,3903.65387,3903.65387
1/6/1989,1415.858142,1507.625324,1540.569091,1573.731942,1574.171334,1540.569091,2672.86059,3607.338856,3020.024241,2744.771445,3786.561941,3020.024241,2892.070167,3420.925271,3020.024241,3011.1172,3122.124308,3020.024241,616.6464261,613.2557563,0.001001968,0.001005531,0.001008742,0.001011081,1977.746922,1977.746922,1977.746922,3776.917649,3776.917649,3776.917649,3776.917649,3776.917649
1/7/1989,1356.81433,1552.664556,1476.36545,1502.917457,1507.625324,1476.36545,2549.206558,3467.888718,2876.851533,2613.422587,3607.338856,2876.851533,2753.940209,3786.561941,2876.851533,2853.71916,3420.925271,2876.851533,594.2802723,591.0312673,0.001001968,0.001005531,0.001008742,0.001011081,1817.025891,1817.025891,1817.025891,3592.049522,3592.049522,3592.049522,3592.049522,3592.049522
1/8/1989,1392.09212,1722.499986,1521.243303,1527.47048,1552.664556,1521.243303,2964.618004,4159.778214,3369.015779,3006.501544,3467.888718,3369.015779,3123.289223,3607.338856,3369.015779,3107.426489,3786.561941,3369.015779,636.4620986,632.9453401,0.001001968,0.001005531,0.001008742,0.001011081,1705.289076,1705.289076,1705.289076,3435.900447,3435.900447,3435.900447,3435.900447,3435.900447
1/9/1989,1622.509683,1690.21729,1782.929158,1722.455964,1722.499986,1782.929158,3626.664586,4430.048223,4146.140994,3610.631289,4159.778214,4146.140994,3677.10862,3467.888718,4146.140994,3560.220037,3607.338856,4146.140994,758.290992,753.9880386,0.001001968,0.001005531,0.001008742,0.001011081,1662.423999,1662.423999,1662.423999,3396.39151,3396.39151,3396.39151,3396.39151,3396.39151
1/10/1989,1563.307397,1695.236584,1708.986368,1694.440905,1690.21729,1708.986368,3330.964885,4343.143375,3790.417403,3357.860617,4430.048223,3790.417403,3439.585687,4159.778214,3790.417403,3510.610072,3467.888718,3790.417403,704.1613853,700.2099792,0.001001968,0.001005531,0.001008742,0.001011081,1644.942645,1644.942645,1644.942645,3400.983186,3400.983186,3400.983186,3400.983186,3400.983186
1/11/1989,1525.540046,1638.482857,1672.079225,1695.02874,1695.236584,1672.079225,2993.14489,5893.241598,3402.819713,3061.976118,4343.143375,3402.819713,3179.151027,4430.048223,3402.819713,3199.159845,4159.778214,3402.819713,711.7874782,707.7867526,0.001001968,0.001005531,0.001008742,0.001011081,1639.54169,1639.54169,1639.54169,3420.612633,3420.612633,3420.612633,3420.612633,3420.612633
1/12/1989,1435.716993,1964.460446,1569.171872,1596.025127,1638.482857,1569.171872,3567.20251,5596.727711,4073.709013,3621.691244,5893.241598,4073.709013,3748.755119,4343.143375,4073.709013,3829.084222,4430.048223,4073.709013,653.8197847,650.1921455,0.001001968,0.001005531,0.001008742,0.001011081,1629.794753,1629.794753,1629.794753,3556.929611,3556.929611,3556.929611,3556.929611,3556.929611
1/13/1989,1914.67671,2079.992136,2119.627689,1970.28804,1964.460446,2119.627689,4338.802452,4825.895233,4991.525633,4247.940129,5596.727711,4991.525633,4348.507476,5893.241598,4991.525633,4068.436454,4343.143375,4991.525633,937.7741736,932.2831482,0.001001968,0.001005531,0.001008742,0.001011081,1672.735498,1672.735498,1672.735498,3752.489548,3752.489548,3752.489548,3752.489548,3752.489548
1/14/1989,1905.542294,2411.457646,2108.026274,2071.701509,2079.992136,2108.026274,4202.029922,4624.561447,4835.608223,4221.517851,4825.895233,4835.608223,4281.141241,5596.727711,4835.608223,4317.643109,5893.241598,4835.608223,951.79276,946.2076274,0.001001968,0.001005531,0.001008742,0.001011081,1733.894026,1733.894026,1733.894026,3947.788011,3947.788011,3947.788011,3947.788011,3947.788011
1/15/1989,2140.270103,2072.373,2407.322455,2413.120285,2411.457646,2407.322455,5464.103802,4441.918112,6383.247132,5531.623622,4624.561447,6383.247132,5655.357546,4825.895233,6383.247132,5330.52913,5596.727711,6383.247132,1219.404796,1211.992082,0.001001968,0.001005531,0.001008742,0.001011081,1847.747995,1847.747995,1847.747995,4329.068411,4329.068411,4329.068411,4329.068411,4329.068411
1/16/1989,1867.534346,2058.514419,2062.472975,2075.598447,2072.373,2062.472975,4958.381665,4342.232698,5726.658087,5008.845303,4441.918112,5726.658087,5167.840384,4624.561447,5726.658087,5486.795568,4825.895233,5726.658087,917.5321829,912.176727,0.001001968,0.001005531,0.001008742,0.001011081,1909.599656,1909.599656,1909.599656,4610.184091,4610.184091,4610.184091,4610.184091,4610.184091
1/17/1989,1914.041692,2123.156328,2111.391384,2058.606186,2058.514419,2111.391384,3943.243965,4303.697798,4519.038266,3948.390269,4342.232698,4519.038266,4129.303827,4441.918112,4519.038266,4236.05166,4624.561447,4519.038266,931.9602207,926.5081723,0.001001968,0.001005531,0.001008742,0.001011081,1969.398774,1969.398774,1969.398774,4772.972115,4772.972115,4772.972115,4772.972115,4772.972115
1/18/1989,1922.477652,2053.74229,2123.557783,2123.063888,2123.156328,2123.557783,3992.884213,4276.806169,4585.045428,4050.19195,4303.697798,4585.045428,4159.090391,4342.232698,4585.045428,4235.592126,4441.918112,4585.045428,950.0558144,944.4823516,0.001001968,0.001005531,0.001008742,0.001011081,2023.54746,2023.54746,2023.54746,4915.707258,4915.707258,4915.707258,4915.707258,4915.707258
1/19/1989,1917.400365,2124.619985,2101.525233,2053.682911,2053.74229,2101.525233,3889.187303,4229.260214,4438.939972,3894.683581,4276.806169,4438.939972,4029.889168,4303.697798,4438.939972,4108.101772,4342.232698,4438.939972,874.7720914,869.7017571,0.001001968,0.001005531,0.001008742,0.001011081,2082.246751,2082.246751,2082.246751,4949.501661,4949.501661,4949.501661,4949.501661,4949.501661
1/20/1989,1935.335364,2082.163171,2123.009104,2124.253244,2124.619985,2123.009104,3846.284254,4161.789331,4389.757688,3903.66688,4229.260214,4389.757688,3995.590972,4276.806169,4389.757688,4016.114229,4303.697798,4389.757688,890.5396529,885.3643843,0.001001968,0.001005531,0.001008742,0.001011081,2102.731519,2102.731519,2102.731519,4931.676361,4931.676361,4931.676361,4931.676361,4931.676361
1/21/1989,1899.948249,2051.565457,2079.26538,2082.128025,2082.163171,2079.26538,3809.399139,4018.672548,4339.17127,3865.040518,4161.789331,4339.17127,4008.368173,4229.260214,4339.17127,4031.02412,4276.806169,4339.17127,853.5639127,848.6343379,0.001001968,0.001005531,0.001008742,0.001011081,2118.112243,2118.112243,2118.112243,4927.275063,4927.275063,4927.275063,4927.275063,4927.275063
1/22/1989,1845.574638,1905.955815,2022.906592,2051.739313,2051.565457,2022.906592,3754.64403,4110.599759,4274.735138,3836.303966,4018.672548,4274.735138,3998.553863,4161.789331,4274.735138,4010.356854,4229.260214,4274.735138,847.6814568,842.7908451,0.001001968,0.001005531,0.001008742,0.001011081,2079.369434,2079.369434,2079.369434,4690.755077,4690.755077,4690.755077,4690.755077,4690.755077
1/23/1989,1725.576614,1841.921556,1879.981017,1905.876761,1905.955815,1879.981017,3509.96333,4331.986658,3986.412536,3579.724772,4110.599759,3986.412536,3739.141109,4018.672548,3986.412536,3984.173032,4161.789331,3986.412536,745.7053193,741.4844068,0.001001968,0.001005531,0.001008742,0.001011081,2056.560104,2056.560104,2056.560104,4457.323248,4457.323248,4457.323248,4457.323248,4457.323248
1/24/1989,1739.143531,1983.558136,1883.386865,1841.833677,1841.921556,1883.386865,3444.611191,4750.990105,3892.084286,3444.796088,4331.986658,3892.084286,3569.067733,4110.599759,3892.084286,3700.017666,4018.672548,3892.084286,698.0842993,694.1721446,0.001001968,0.001005531,0.001008742,0.001011081,2023.870289,2023.870289,2023.870289,4341.745036,4341.745036,4341.745036,4341.745036,4341.745036
1/25/1989,1856.466946,2082.205134,2019.193006,1979.687594,1983.558136,2019.193006,3594.799549,4432.484311,4076.54964,3603.240713,4750.990105,4076.54964,3673.397182,4331.986658,4076.54964,3657.954886,4110.599759,4076.54964,781.18052,776.7279048,0.001001968,0.001005531,0.001008742,0.001011081,2002.247507,2002.247507,2002.247507,4262.640598,4262.640598,4262.640598,4262.640598,4262.640598
1/26/1989,1890.880086,2413.194515,2060.288678,2052.094732,2082.205134,2060.288678,3788.369616,4814.47023,4308.464043,3827.896058,4432.484311,4308.464043,3916.298658,4750.990105,4308.464043,3865.807239,4331.986658,4308.464043,810.4763401,805.8313444,0.001001968,0.001005531,0.001008742,0.001011081,1997.331581,1997.331581,1997.331581,4222.207392,4222.207392,4222.207392,4222.207392,4222.207392
1/27/1989,2346.328545,2685.242534,2570.520126,2422.949161,2413.194515,2570.520126,4450.172803,4956.12673,5076.670311,4374.182758,4814.47023,5076.670311,4426.766135,4432.484311,5076.670311,4142.044177,4750.990105,5076.670311,1027.026386,1020.933264,0.001001968,0.001005531,0.001008742,0.001011081,2030.620498,2030.620498,2030.620498,4238.674274,4238.674274,4238.674274,4238.674274,4238.674274
1/28/1989,2430.364135,2247.681431,2678.02903,2701.463678,2685.242534,2678.02903,4714.344888,4454.782616,5414.963296,4811.548794,4956.12673,5414.963296,4826.850875,4814.47023,5414.963296,4692.991579,4432.484311,5414.963296,1137.225204,1130.379613,0.001001968,0.001005531,0.001008742,0.001011081,2093.107196,2093.107196,2093.107196,4321.617979,4321.617979,4321.617979,4321.617979,4321.617979
1/29/1989,2031.863815,2265.181352,2200.526095,2237.793984,2247.681431,2200.526095,3771.764289,4353.898753,4259.949305,3860.527831,4454.782616,4259.949305,4097.797183,4956.12673,4259.949305,4330.659984,4814.47023,4259.949305,799.8710449,795.2957983,0.001001968,0.001005531,0.001008742,0.001011081,2131.477928,2131.477928,2131.477928,4363.669714,4363.669714,4363.669714,4363.669714,4363.669714
1/30/1989,2163.671005,2444.724677,2336.714346,2265.533998,2265.181352,2336.714346,4097.785112,4534.608536,4624.687158,4077.478341,4353.898753,4624.687158,4195.459899,4454.782616,4624.687158,4318.863124,4956.12673,4624.687158,809.5703017,804.9312695,0.001001968,0.001005531,0.001008742,0.001011081,2175.475856,2175.475856,2175.475856,4465.317828,4465.317828,4465.317828,4465.317828,4465.317828
1/31/1989,2295.885569,2446.298662,2492.292235,2446.34326,2444.724677,2492.292235,4508.007727,4483.412305,5119.707564,4516.153132,4534.608536,5119.707564,4583.360583,4353.898753,5119.707564,4515.893409,4454.782616,5119.707564,915.1638459,909.824227,0.001001968,0.001005531,0.001008742,0.001011081,2248.747001,2248.747001,2248.747001,4590.745873,4590.745873,4590.745873,4590.745873,4590.745873
2/1/1989,2206.344471,2272.079455,2401.134212,2446.094791,2446.298662,2401.134212,4051.389825,4204.519829,4594.559872,4156.326381,4483.412305,4594.559872,4304.284163,4534.608536,4594.559872,4283.803188,4353.898753,4594.559872,913.7430798,908.4129591,0.001001968,0.001005531,0.001008742,0.001011081,2322.717374,2322.717374,2322.717374,4675.401541,4675.401541,4675.401541,4675.401541,4675.401541
2/2/1989,2044.042812,2174.809865,2214.942081,2271.729428,2272.079455,2214.942081,3721.576222,4015.135158,4197.598918,3832.314719,4204.519829,4197.598918,4034.438154,4483.412305,4197.598918,4161.934995,4534.608536,4197.598918,809.7832792,805.1428453,0.001001968,0.001005531,0.001008742,0.001011081,2369.600564,2369.600564,2369.600564,4716.545889,4716.545889,4716.545889,4716.545889,4716.545889
2/3/1989,1977.213827,2124.772782,2142.718319,2174.663075,2174.809865,2142.718319,3756.987736,3851.1233,4244.735629,3838.421871,4015.135158,4244.735629,4038.71203,4204.519829,4244.735629,4174.750669,4483.412305,4244.735629,787.8243801,783.3282167,0.001001968,0.001005531,0.001008742,0.001011081,2362.139722,2362.139722,2362.139722,4712.179091,4712.179091,4712.179091,4712.179091,4712.179091
2/4/1989,1927.533057,1998.631813,2092.230482,2124.757131,2124.772782,2092.230482,3716.374503,3690.327556,4207.635967,3796.703768,3851.1233,4207.635967,3968.555706,4015.135158,4207.635967,4108.804572,4204.519829,4207.635967,786.488865,782.0014593,0.001001968,0.001005531,0.001008742,0.001011081,2311.946171,2311.946171,2311.946171,4620.721903,4620.721903,4620.721903,4620.721903,4620.721903
2/5/1989,1805.107243,1894.401947,1956.472191,1998.509602,1998.631813,1956.472191,3436.709214,3553.168722,3880.969047,3523.796051,3690.327556,3880.969047,3707.14236,3851.1233,3880.969047,3854.102422,4015.135158,3880.969047,729.6419857,725.5255203,0.001001968,0.001005531,0.001008742,0.001011081,2272.285303,2272.285303,2272.285303,4533.118974,4533.118974,4533.118974,4533.118974,4533.118974
2/6/1989,1716.851717,1818.850183,1859.382353,1894.289751,1894.401947,1859.382353,3260.051746,3428.599858,3678.242993,3337.380044,3553.168722,3678.242993,3511.161272,3690.327556,3678.242993,3669.217356,3851.1233,3678.242993,691.8716009,687.9995269,0.001001968,0.001005531,0.001008742,0.001011081,2229.912889,2229.912889,2229.912889,4390.722924,4390.722924,4390.722924,4390.722924,4390.722924
2/7/1989,1650.71245,1749.450876,1788.513068,1818.754553,1818.850183,1788.513068,3146.053246,3315.716439,3549.715818,3217.304782,3428.599858,3549.715818,3377.530346,3553.168722,3549.715818,3501.928494,3690.327556,3549.715818,672.4863304,668.7390115,0.001001968,0.001005531,0.001008742,0.001011081,2159.014216,2159.014216,2159.014216,4220.601624,4220.601624,4220.601624,4220.601624,4220.601624
2/8/1989,1588.290941,1683.024816,1721.444243,1749.371037,1749.450876,1721.444243,3044.034915,3217.075792,3435.489435,3111.31066,3315.716439,3435.489435,3261.897933,3428.599858,3435.489435,3379.547033,3553.168722,3435.489435,653.2460559,649.622088,0.001001968,0.001005531,0.001008742,0.001011081,2067.076194,2067.076194,2067.076194,4080.001008,4080.001008,4080.001008,4080.001008,4080.001008
2/9/1989,1528.309428,1619.968455,1656.762986,1682.960123,1683.024816,1656.762986,2938.660339,3126.268571,3316.564477,3002.970311,3217.075792,3316.564477,3146.354279,3315.716439,3316.564477,3255.723905,3428.599858,3316.564477,633.5496408,630.051448,0.001001968,0.001005531,0.001008742,0.001011081,1979.657113,1979.657113,1979.657113,3936.377784,3936.377784,3936.377784,3936.377784,3936.377784
2/10/1989,1471.314734,1560.161943,1595.245379,1619.91823,1619.968455,1595.245379,2844.576,3733.115271,3209.914494,2905.978454,3126.268571,3209.914494,3042.97512,3217.075792,3209.914494,3144.688614,3315.716439,3209.914494,614.4732005,611.0963264,0.001001968,0.001005531,0.001008742,0.001011081,1895.85486,1895.85486,1895.85486,3771.585534,3771.585534,3771.585534,3771.585534,3771.585534
2/11/1989,1417.21325,1504.482273,1536.829667,1560.125767,1560.161943,1536.829667,2757.31994,3819.016592,3110.998832,2815.862379,3733.115271,3110.998832,2947.026167,3126.268571,3110.998832,3043.829503,3217.075792,3110.998832,596.1826612,592.9216342,0.001001968,0.001005531,0.001008742,0.001011081,1814.171103,1814.171103,1814.171103,3614.493187,3614.493187,3614.493187,3614.493187,3614.493187
2/12/1989,1366.67734,1449.82115,1482.416924,1504.459635,1504.482273,1482.416924,2683.925174,4252.564638,3027.844423,2739.819341,3819.016592,3027.844423,2865.61628,3733.115271,3027.844423,2953.168012,3126.268571,3027.844423,579.7682596,576.61079,0.001001968,0.001005531,0.001008742,0.001011081,1739.401925,1739.401925,1739.401925,3480.825384,3480.825384,3480.825384,3480.825384,3480.825384
2/13/1989,1317.240851,1420.123602,1428.916603,1449.810875,1449.82115,1428.916603,2613.794318,4023.910446,2948.398539,2667.003765,4252.564638,2948.398539,2787.350896,3819.016592,2948.398539,2875.266452,3733.115271,2948.398539,562.3170083,559.2692028,0.001001968,0.001005531,0.001008742,0.001011081,1671.735034,1671.735034,1671.735034,3361.176923,3361.176923,3361.176923,3361.176923,3361.176923
2/14/1989,1281.589047,1615.804867,1392.030518,1411.530651,1420.123602,1392.030518,3147.364513,3466.652647,3583.980773,3186.791307,4023.910446,3583.980773,3289.630441,4252.564638,3583.980773,3374.049206,3819.016592,3583.980773,557.7532392,554.734037,0.001001968,0.001005531,0.001008742,0.001011081,1610.363046,1610.363046,1610.363046,3355.197233,3355.197233,3355.197233,3355.197233,3355.197233
2/15/1989,1518.718825,1845.574328,1660.657453,1612.668603,1615.804867,1660.657453,3549.178926,3341.752881,4056.003449,3534.368315,3466.652647,4056.003449,3571.878795,4023.910446,4056.003449,3475.658454,4252.564638,4056.003449,689.8231984,685.9643292,0.001001968,0.001005531,0.001008742,0.001011081,1575.293341,1575.293341,1575.293341,3386.078928,3386.078928,3386.078928,3386.078928,3386.078928
2/16/1989,1736.506294,1778.319299,1909.0595,1852.373619,1845.574328,1909.0595,4198.015477,3218.37178,4824.362636,4180.65333,3341.752881,4824.362636,4200.238569,3466.652647,4824.362636,4017.017764,4023.910446,4824.362636,824.8101864,820.0707321,0.001001968,0.001005531,0.001008742,0.001011081,1578.551041,1578.551041,1578.551041,3514.727065,3514.727065,3514.727065,3514.727065,3514.727065
2/17/1989,1629.719979,1587.92563,1782.219239,1781.722641,1778.319299,1782.219239,3698.416686,4364.330393,4227.154528,3733.453159,3218.37178,4227.154528,3820.787449,3341.752881,4227.154528,3909.674104,3466.652647,4227.154528,742.0781398,737.8808379,0.001001968,0.001005531,0.001008742,0.001011081,1592.617455,1592.617455,1592.617455,3640.639703,3640.639703,3640.639703,3640.639703,3640.639703
2/18/1989,1443.80901,1507.389706,1567.371594,1588.077171,1587.92563,1567.371594,2827.799758,6057.691662,3193.01858,2884.892448,4364.330393,3193.01858,3041.510458,3218.37178,3193.01858,3198.541864,3341.752881,3193.01858,615.5191147,612.1356019,0.001001968,0.001005531,0.001008742,0.001011081,1599.70141,1599.70141,1599.70141,3689.045985,3689.045985,3689.045985,3689.045985,3689.045985
2/19/1989,1368.794013,1514.167339,1483.948778,1507.38628,1507.389706,1483.948778,2688.387344,8282.048249,3031.515205,2745.351181,6057.691662,3031.515205,2875.44354,4364.330393,3031.515205,3018.38933,3218.37178,3031.515205,578.6637738,575.5132582,0.001001968,0.001005531,0.001008742,0.001011081,1600.728401,1600.728401,1600.728401,3709.008967,3709.008967,3709.008967,3709.008967,3709.008967
2/20/1989,1315.054784,2963.657132,1424.922281,1444.538036,1514.167339,1424.922281,2632.551862,8572.527754,2968.940285,2683.141586,8282.048249,2968.940285,2804.251532,6057.691662,2968.940285,2906.861912,4364.330393,2968.940285,555.6332511,552.627325,0.001001968,0.001005531,0.001008742,0.001011081,1600.379917,1600.379917,1600.379917,3716.07497,3716.07497,3716.07497,3716.07497,3716.07497
2/21/1989,2543.403764,3856.066595,2812.124117,2426.214663,2963.657132,2812.124117,5315.43667,7828.147589,6090.353702,5019.850073,8572.527754,6090.353702,4962.168347,8282.048249,6090.353702,3922.991035,6057.691662,6090.353702,1194.414327,1187.174587,0.001001968,0.001005531,0.001008742,0.001011081,1703.545805,1703.545805,1703.545805,3861.811646,3861.811646,3861.811646,3861.811646,3861.811646
2/22/1989,4395.314955,5031.748232,4821.463472,4099.264469,3856.066595,4821.463472,9170.466894,7302.275703,10497.9798,8615.874739,7828.147589,10497.9798,8235.771251,8572.527754,10497.9798,6795.914886,8282.048249,10497.9798,1634.51996,1624.176016,0.001001968,0.001005531,0.001008742,0.001011081,1969.818121,1969.818121,1969.818121,4387.310495,4387.310495,4387.310495,4387.310495,4387.310495
2/23/1989,5081.169686,5329.501072,5654.612832,5187.053485,5031.748232,5654.612832,10048.08199,6983.333092,11690.86737,9762.066068,7302.275703,11690.86737,9621.961171,7828.147589,11690.86737,8891.946138,8572.527754,11690.86737,2366.763157,2351.039259,0.001001968,0.001005531,0.001008742,0.001011081,2374.480073,2374.480073,2374.480073,5137.907707,5137.907707,5137.907707,5137.907707,5137.907707
2/24/1989,4372.039505,3440.902274,4954.411015,5349.403235,5329.501072,4954.411015,7933.286276,5972.708784,9345.308199,8512.66851,6983.333092,9345.308199,8802.723808,7302.275703,9345.308199,8545.422462,7828.147589,9345.308199,2485.873942,2469.254786,0.001001968,0.001005531,0.001008742,0.001011081,2857.485371,2857.485371,2857.485371,5838.287285,5838.287285,5838.287285,5838.287285,5838.287285
2/25/1989,2821.159678,2740.566156,3073.44502,3452.820564,3440.902274,3073.44502,5271.469212,5198.120665,5998.96792,5727.402051,5972.708784,5998.96792,6440.396243,6983.333092,5998.96792,7758.596057,7302.275703,5998.96792,1137.683283,1130.834544,0.001001968,0.001005531,0.001008742,0.001011081,3189.28553,3189.28553,3189.28553,6500.18558,6500.18558,6500.18558,6500.18558,6500.18558
2/26/1989,2396.555468,2611.125393,2588.197039,2748.849354,2740.566156,2588.197039,4120.281973,4782.356736,4628.88798,4346.765521,5198.120665,4628.88798,4932.132709,5972.708784,4628.88798,5787.655628,6983.333092,4628.88798,882.0096488,876.8911779,0.001001968,0.001005531,0.001008742,0.001011081,3422.449951,3422.449951,3422.449951,7011.744488,7011.744488,7011.744488,7011.744488,7011.744488
2/27/1989,2309.881303,2443.086376,2517.042829,2617.246799,2611.125393,2517.042829,4807.479247,4500.287617,5485.730271,4961.589485,4782.356736,5485.730271,5309.160674,5198.120665,5485.730271,5753.514835,5972.708784,5485.730271,959.1001974,953.4659398,0.001001968,0.001005531,0.001008742,0.001011081,3612.817394,3612.817394,3612.817394,7423.09672,7423.09672,7423.09672,7423.09672,7423.09672
2/28/1989,2169.545529,2283.619854,2368.784872,2447.73892,2443.086376,2368.784872,4480.813525,4294.21294,5116.277829,4612.845163,4500.287617,5116.277829,4891.478214,4782.356736,5116.277829,5207.24358,5198.120665,5116.277829,930.3412168,924.9000169,0.001001968,0.001005531,0.001008742,0.001011081,3671.981188,3671.981188,3671.981188,7510.774591,7510.774591,7510.774591,7510.774591,7510.774591
3/1/1989,2033.757571,2149.63049,2221.699689,2287.148486,2283.619854,2221.699689,4010.304493,4303.034224,4567.810204,4130.337833,4294.21294,4567.810204,4382.969014,4500.287617,4567.810204,4619.943666,4782.356736,4567.810204,885.3879679,880.2470106,0.001001968,0.001005531,0.001008742,0.001011081,3526.199219,3526.199219,3526.199219,7136.247122,7136.247122,7136.247122,7136.247122,7136.247122
3/2/1989,1918.464557,2032.894161,2096.908684,2152.388122,2149.63049,2096.908684,3752.930148,5400.926482,4273.271793,3861.036131,4303.034224,4273.271793,4090.160857,4294.21294,4273.271793,4302.507576,4500.287617,4273.271793,847.2872803,842.3992782,0.001001968,0.001005531,0.001008742,0.001011081,3191.895746,3191.895746,3191.895746,6411.240745,6411.240745,6411.240745,6411.240745,6411.240745
3/3/1989,1817.224281,1930.37777,1987.242247,2035.086217,2032.894161,1987.242247,3570.01878,4937.064033,4064.481726,3668.078265,5400.926482,4064.481726,3878.570716,4303.034224,4064.481726,4056.450602,4294.21294,4064.481726,813.1658043,808.5031016,0.001001968,0.001005531,0.001008742,0.001011081,2759.280561,2759.280561,2759.280561,5720.681531,5720.681531,5720.681531,5720.681531,5720.681531
3/4/1989,1745.178879,1960.048036,1907.514414,1931.09312,1930.37777,1907.514414,3473.692598,4179.84318,3952.52834,3544.717366,4937.064033,3952.52834,3739.121965,5400.926482,3952.52834,3888.871934,4303.034224,3952.52834,781.7210629,777.2649064,0.001001968,0.001005531,0.001008742,0.001011081,2477.466373,2477.466373,2477.466373,5138.317086,5138.317086,5138.317086,5138.317086,5138.317086
3/5/1989,1782.897374,2113.272135,1951.509919,1956.740595,1960.048036,1951.509919,3654.163512,4023.726071,4164.147428,3708.06345,4179.84318,4164.147428,3828.007527,4937.064033,4164.147428,3900.108346,5400.926482,4164.147428,802.1779995,797.5875905,0.001001968,0.001005531,0.001008742,0.001011081,2301.655119,2301.655119,2301.655119,4756.269013,4756.269013,4756.269013,4756.269013,4756.269013
3/6/1989,1929.893026,2009.271647,2118.443085,2112.650017,2113.272135,2118.443085,4911.134878,3840.52544,5647.816493,4942.183107,4023.726071,5647.816493,4996.315313,4179.84318,5647.816493,4930.46961,4937.064033,5647.816493,886.8835885,881.7326726,0.001001968,0.001005531,0.001008742,0.001011081,2191.454317,2191.454317,2191.454317,4673.384693,4673.384693,4673.384693,4673.384693,4673.384693
3/7/1989,1836.958538,1823.012228,2000.749669,2011.464515,2009.271647,2000.749669,4342.828847,3697.690717,4960.145178,4387.874462,3840.52544,4960.145178,4488.389547,4023.726071,4960.145178,4627.58004,4179.84318,4960.145178,779.9768651,775.5321343,0.001001968,0.001005531,0.001008742,0.001011081,2109.033555,2109.033555,2109.033555,4636.042699,4636.042699,4636.042699,4636.042699,4636.042699
3/8/1989,1648.548699,1739.255713,1792.749682,1824.009553,1823.012228,1792.749682,3398.70477,3724.584708,3851.172778,3470.048261,3697.690717,3851.172778,3681.269115,3840.52544,3851.172778,3810.855162,4023.726071,3851.172778,700.3864823,696.4594633,0.001001968,0.001005531,0.001008742,0.001011081,2042.10409,2042.10409,2042.10409,4549.623836,4549.623836,4549.623836,4549.623836,4549.623836
3/9/1989,1570.375029,1621.811634,1710.219726,1739.908271,1739.255713,1710.219726,3256.278286,3608.912113,3694.051431,3324.491219,3724.584708,3694.051431,3494.26889,3697.690717,3694.051431,3674.933913,3840.52544,3694.051431,684.0332317,680.2116585,0.001001968,0.001005531,0.001008742,0.001011081,1979.465464,1979.465464,1979.465464,4461.033401,4461.033401,4461.033401,4461.033401,4461.033401
3/10/1989,1505.070067,1601.923807,1629.595675,1621.410042,1621.811634,1629.595675,3115.013396,3620.333954,3517.443846,3140.487241,3608.912113,3517.443846,3279.562677,3724.584708,3517.443846,3457.517115,3697.690717,3517.443846,615.3708703,611.9882986,0.001001968,0.001005531,0.001008742,0.001011081,1915.998007,1915.998007,1915.998007,4371.485255,4371.485255,4371.485255,4371.485255,4371.485255
3/11/1989,1602.101472,1818.230752,1722.985914,1599.635317,1601.923807,1722.985914,3226.96844,3791.643962,3625.763351,3136.155454,3620.333954,3625.763351,3230.870894,3608.912113,3625.763351,3315.648197,3724.584708,3625.763351,599.9607272,596.6758097,0.001001968,0.001005531,0.001008742,0.001011081,1859.641494,1859.641494,1859.641494,4295.251962,4295.251962,4295.251962,4295.251962,4295.251962
3/12/1989,1711.503778,1789.846662,1854.297975,1817.600601,1818.230752,1854.297975,3470.428453,3760.229666,3925.472739,3472.036329,3791.643962,3925.472739,3465.408122,3620.333954,3925.472739,3404.671621,3608.912113,3925.472739,702.0530929,698.1153091,0.001001968,0.001005531,0.001008742,0.001011081,1824.232479,1824.232479,1824.232479,4224.226235,4224.226235,4224.226235,4224.226235,4224.226235
3/13/1989,1637.619148,1731.663764,1768.573131,1790.817452,1789.846662,1768.573131,3331.260754,3714.234413,3758.798585,3387.770479,3760.229666,3758.798585,3457.234935,3791.643962,3758.798585,3449.772439,3620.333954,3758.798585,648.5851473,644.9909888,0.001001968,0.001005531,0.001008742,0.001011081,1784.066147,1784.066147,1784.066147,3984.534179,3984.534179,3984.534179,3984.534179,3984.534179
3/14/1989,1582.705066,1634.446485,1708.061828,1728.7187,1731.663764,1708.061828,3200.179488,3800.674222,3606.213101,3254.070817,3714.234413,3606.213101,3383.22175,3760.229666,3606.213101,3420.620178,3791.643962,3606.213101,624.5147301,621.0740577,0.001001968,0.001005531,0.001008742,0.001011081,1749.871456,1749.871456,1749.871456,3802.139643,3802.139643,3802.139643,3802.139643,3802.139643
3/15/1989,1544.653322,1745.398073,1653.909036,1624.739225,1634.446485,1653.909036,3310.076443,3894.765598,3713.634945,3305.875921,3800.674222,3713.634945,3410.665657,3714.234413,3713.634945,3526.168691,3760.229666,3713.634945,549.0350038,546.0703542,0.001001968,0.001005531,0.001008742,0.001011081,1710.854132,1710.854132,1710.854132,3744.158616,3744.158616,3744.158616,3744.158616,3744.158616
3/16/1989,1655.258359,1828.535834,1783.406358,1739.529039,1745.398073,1783.406358,3420.7236,4395.248611,3846.741583,3410.335756,3894.765598,3846.741583,3487.124919,3800.674222,3846.741583,3426.703144,3714.234413,3846.741583,637.1473498,633.6262216,0.001001968,0.001005531,0.001008742,0.001011081,1698.908179,1698.908179,1698.908179,3727.527582,3727.527582,3727.527582,3727.527582,3727.527582
3/17/1989,1623.039303,1663.872809,1759.580973,1814.793229,1828.535834,1759.580973,3385.910556,5264.148788,3827.514353,3477.237719,4395.248611,3827.514353,3547.560093,3894.765598,3827.514353,3550.754777,3800.674222,3827.514353,675.7140737,671.9460151,0.001001968,0.001005531,0.001008742,0.001011081,1715.097897,1715.097897,1715.097897,3739.421256,3739.421256,3739.421256,3739.421256,3739.421256
3/18/1989,1502.476913,1689.142843,1616.72043,1651.657317,1663.872809,1616.72043,3294.5356,4944.167727,3702.881319,3357.612349,5264.148788,3702.881319,3506.459676,4395.248611,3702.881319,3573.794466,3894.765598,3702.881319,569.4865938,566.3937895,0.001001968,0.001005531,0.001008742,0.001011081,1731.570982,1731.570982,1731.570982,3782.611501,3782.611501,3782.611501,3782.611501,3782.611501
3/19/1989,1648.910458,2002.104455,1770.488646,1689.018938,1689.142843,1770.488646,3561.72642,4116.913057,3995.637957,3513.219209,4944.167727,3995.637957,3600.690004,5264.148788,3995.637957,3620.81698,4395.248611,3995.637957,595.2404675,591.9853952,0.001001968,0.001005531,0.001008742,0.001011081,1729.754706,1729.754706,1729.754706,3821.420903,3821.420903,3821.420903,3821.420903,3821.420903
3/20/1989,1810.323287,1943.016054,1981.473087,2005.84874,2002.104455,1981.473087,4052.841649,5273.030279,4630.23973,4119.013415,4116.913057,4630.23973,4157.048978,4944.167727,4630.23973,4054.892339,5264.148788,4630.23973,825.5860263,820.8414532,0.001001968,0.001005531,0.001008742,0.001011081,1752.024657,1752.024657,1752.024657,3907.993964,3907.993964,3907.993964,3907.993964,3907.993964
3/21/1989,1682.430111,1593.096079,1857.147309,1943.443361,1943.016054,1857.147309,4680.940198,5314.135926,5401.50388,4795.06883,5273.030279,5401.50388,4983.344284,4116.913057,5401.50388,4917.365908,4944.167727,5401.50388,845.1374614,840.2636893,0.001001968,0.001005531,0.001008742,0.001011081,1788.421564,1788.421564,1788.421564,4132.597746,4132.597746,4132.597746,4132.597746,4132.597746
3/22/1989,1410.22481,1412.599964,1532.194003,1594.213106,1593.096079,1532.194003,3988.649024,9867.424198,4556.05129,4065.061268,5314.135926,4556.05129,4243.990018,5273.030279,4556.05129,4653.551225,4116.913057,4556.05129,608.6381632,605.2982976,0.001001968,0.001005531,0.001008742,0.001011081,1795.539481,1795.539481,1795.539481,4295.53305,4295.53305,4295.53305,4295.53305,4295.53305
3/23/1989,1296.201234,2500.21807,1397.607756,1411.003302,1412.599964,1397.607756,3031.830268,9192.430712,3416.862146,3067.410348,9867.424198,3416.862146,3221.637248,5314.135926,3416.862146,3491.052778,5273.030279,3416.862146,514.3998105,511.6506996,0.001001968,0.001005531,0.001008742,0.001011081,1763.479487,1763.479487,1763.479487,4311.732968,4311.732968,4311.732968,4311.732968,4311.732968
3/24/1989,1527.035628,5444.02155,1666.093102,1621.449021,2500.21807,1666.093102,4644.769115,9352.324002,5330.329924,4612.65677,9192.430712,5330.329924,4647.475809,9867.424198,5330.329924,4541.250175,5314.135926,5330.329924,684.3309764,680.5074863,0.001001968,0.001005531,0.001008742,0.001011081,1734.847134,1734.847134,1734.847134,4513.118032,4513.118032,4513.118032,4513.118032,4513.118032
3/25/1989,6701.634231,7960.815291,7459.523939,5818.313013,5444.02155,7459.523939,10711.42639,9100.397913,12340.22843,9435.226913,9352.324002,12340.22843,8686.081529,9192.430712,12340.22843,5292.558737,9867.424198,12340.22843,2653.259013,2635.373597,0.001001968,0.001005531,0.001008742,0.001011081,2131.553582,2131.553582,2131.553582,4900.377186,4900.377186,4900.377186,4900.377186,4900.377186
3/26/1989,7429.160011,5171.535245,8442.052255,8230.16204,7960.815291,8442.052255,14376.27242,8125.05052,17036.61033,14487.08092,9100.397913,17036.61033,13837.63082,9352.324002,17036.61033,11954.0416,9192.430712,17036.61033,3974.024341,3945.868831,0.001001968,0.001005531,0.001008742,0.001011081,2857.871687,2857.871687,2857.871687,6068.572817,6068.572817,6068.572817,6068.572817,6068.572817
3/27/1989,4297.967406,3718.906686,4732.477245,5190.647015,5171.535245,4732.477245,7759.472834,8352.425777,8887.549775,8359.730865,8125.05052,8887.549775,9366.109023,9100.397913,8887.549775,10467.75293,9352.324002,8887.549775,1870.266603,1858.21619,0.001001968,0.001005531,0.001008742,0.001011081,3416.432958,3416.432958,3416.432958,7062.429865,7062.429865,7062.429865,7062.429865,7062.429865
3/28/1989,3160.219267,3536.601065,3392.371934,3678.478508,3718.906686,3392.371934,5238.247436,8668.925076,5817.831062,5612.547085,8352.425777,5817.831062,6460.173724,8125.05052,5817.831062,8061.035349,9100.397913,5817.831062,1039.93575,1033.754981,0.001001968,0.001005531,0.001008742,0.001011081,3747.298569,3747.298569,3747.298569,7693.027746,7693.027746,7693.027746,7693.027746,7693.027746
3/29/1989,3248.67615,3825.594096,3501.159565,3530.742554,3536.601065,3501.159565,6001.847793,8526.763266,6729.78538,6116.808541,8668.925076,6729.78538,6562.499707,8352.425777,6729.78538,7142.118032,8125.05052,6729.78538,1109.511535,1102.856074,0.001001968,0.001005531,0.001008742,0.001011081,4045.007599,4045.007599,4045.007599,8098.148047,8098.148047,8098.148047,8098.148047,8098.148047
3/30/1989,3544.0908,3928.032273,3855.538943,3803.044591,3825.594096,3855.538943,6780.476425,8205.564485,7684.777239,6826.496422,8526.763266,7684.777239,7043.818282,8668.925076,7684.777239,7103.102204,8352.425777,7684.777239,1359.483385,1351.093267,0.001001968,0.001005531,0.001008742,0.001011081,4372.373947,4372.373947,4372.373947,8586.005714,8586.005714,8586.005714,8586.005714,8586.005714
3/31/1989,3652.409905,4253.236192,3968.595766,3910.635373,3928.032273,3968.595766,7586.877007,7755.801335,8627.619796,7620.755245,8205.564485,8627.619796,7749.464045,8526.763266,8627.619796,7783.479712,8668.925076,8627.619796,1354.169217,1345.816412,0.001001968,0.001005531,0.001008742,0.001011081,4692.693129,4692.693129,4692.693129,9019.743182,9019.743182,9019.743182,9019.743182,9019.743182
4/1/1989,4162.453523,4594.212696,4544.157024,4305.286826,4253.236192,4544.157024,8348.276761,7383.005473,9529.033406,8224.733496,7755.801335,9529.033406,8402.022028,8205.564485,9529.033406,8073.953164,8526.763266,9529.033406,1625.69506,1615.414459,0.001001968,0.001005531,0.001008742,0.001011081,4650.496852,4650.496852,4650.496852,9343.669467,9343.669467,9343.669467,9343.669467,9343.669467
4/2/1989,4020.261086,3734.471203,4458.281532,4614.474894,4594.212696,4458.281532,7819.44719,7640.954396,9028.984042,8106.659089,7383.005473,9028.984042,8367.743286,7755.801335,9028.984042,8268.673788,8205.564485,9028.984042,1901.760582,1889.480208,0.001001968,0.001005531,0.001008742,0.001011081,4328.944497,4328.944497,4328.944497,8843.942076,8843.942076,8843.942076,8843.942076,8843.942076
4/3/1989,3174.195527,3061.466634,3473.595581,3726.620487,3734.471203,3473.595581,6389.735216,7241.044226,7291.317056,6729.465463,7640.954396,7291.317056,7261.883578,7383.005473,7291.317056,7871.47167,7755.801335,7291.317056,1341.962393,1333.695228,0.001001968,0.001005531,0.001008742,0.001011081,4071.582004,4071.582004,4071.582004,8401.193367,8401.193367,8401.193367,8401.193367,8401.193367
4/4/1989,2712.209844,2811.685927,2922.550887,3066.673058,3061.466634,2922.550887,5419.532018,6794.773492,6094.872254,5626.159425,7241.044226,6094.872254,6057.600406,7640.954396,6094.872254,6830.867621,7383.005473,6094.872254,956.1089782,950.4948351,0.001001968,0.001005531,0.001008742,0.001011081,3930.412369,3930.412369,3930.412369,8075.058063,8075.058063,8075.058063,8075.058063,8075.058063
4/5/1989,2665.365483,3648.847593,2852.820193,2791.267188,2811.685927,2852.820193,5535.547544,6940.10487,6207.261074,5524.371563,6794.773492,6207.261074,5828.162713,7241.044226,6207.261074,6263.864714,7640.954396,6207.261074,861.7548568,856.770971,0.001001968,0.001005531,0.001008742,0.001011081,3813.091054,3813.091054,3813.091054,7932.409231,7932.409231,7932.409231,7932.409231,7932.409231
4/6/1989,3254.065719,3414.760898,3596.588377,3645.153328,3648.847593,3596.588377,7037.297763,6384.058681,8089.17776,7186.728309,6940.10487,8089.17776,7266.515002,6794.773492,8089.17776,6699.624306,7241.044226,8089.17776,1509.263496,1499.814688,0.001001968,0.001005531,0.001008742,0.001011081,3766.181445,3766.181445,3766.181445,7936.213722,7936.213722,7936.213722,7936.213722,7936.213722
4/7/1989,3095.494398,3071.402267,3384.500823,3441.289214,3414.760898,3384.500823,6811.34255,5676.861155,7773.663248,6947.871697,6384.058681,7773.663248,7132.065553,6940.10487,7773.663248,7295.388617,6794.773492,7773.663248,1280.184343,1272.349134,0.001001968,0.001005531,0.001008742,0.001011081,3707.884437,3707.884437,3707.884437,7825.915674,7825.915674,7825.915674,7825.915674,7825.915674
4/8/1989,2891.402408,3197.527664,3148.774346,3082.723027,3071.402267,3148.774346,5591.316859,5360.68679,6326.846982,5606.164373,5676.861155,6326.846982,6030.64162,6384.058681,6326.846982,6296.476541,6940.10487,6326.846982,1171.857394,1164.773402,0.001001968,0.001005531,0.001008742,0.001011081,3579.493635,3579.493635,3579.493635,7547.197395,7547.197395,7547.197395,7547.197395,7547.197395
4/9/1989,2738.776176,2726.675834,3032.88085,3191.706758,3197.527664,3032.88085,5583.942978,4971.343205,6410.542325,5831.004597,5360.68679,6410.542325,6118.503,5676.861155,6410.542325,6289.30822,6384.058681,6410.542325,1343.550905,1335.272601,0.001001968,0.001005531,0.001008742,0.001011081,3396.223625,3396.223625,3396.223625,7254.170235,7254.170235,7254.170235,7254.170235,7254.170235
4/10/1989,2413.526602,2533.59147,2634.024608,2731.226742,2726.675834,2634.024608,4942.009937,4416.894136,5608.014163,5104.027125,4971.343205,5608.014163,5415.038732,5360.68679,5608.014163,5893.898794,5676.861155,5608.014163,1022.590988,1016.527949,0.001001968,0.001005531,0.001008742,0.001011081,3231.548004,3231.548004,3231.548004,6944.510476,6944.510476,6944.510476,6944.510476,6944.510476
4/11/1989,2269.044865,2303.569143,2471.537948,2537.299569,2533.59147,2471.537948,4236.514696,4811.53972,4781.9698,4368.904452,4416.894136,4781.9698,4644.683385,4971.343205,4781.9698,4968.187931,5360.68679,4781.9698,947.7554515,942.1974396,0.001001968,0.001005531,0.001008742,0.001011081,3132.033294,3132.033294,3132.033294,6648.556147,6648.556147,6648.556147,6648.556147,6648.556147
4/12/1989,2063.654755,2183.74465,2244.498508,2304.011079,2303.569143,2244.498508,4090.883455,5477.307297,4623.375079,4204.647204,4811.53972,4623.375079,4484.107094,4416.894136,4623.375079,4779.694673,4971.343205,4623.375079,859.4555193,854.4868863,0.001001968,0.001005531,0.001008742,0.001011081,3057.082823,3057.082823,3057.082823,6390.973219,6390.973219,6390.973219,6390.973219,6390.973219
4/13/1989,1932.162642,2149.676634,2099.455489,2157.94048,2183.74465,2099.455489,3892.211905,5260.068876,4390.128083,4001.129177,5477.307297,4390.128083,4216.751209,4811.53972,4390.128083,4440.587883,4416.894136,4390.128083,801.765443,797.177746,0.001001968,0.001005531,0.001008742,0.001011081,2883.339255,2883.339255,2883.339255,6013.322907,6013.322907,6013.322907,6013.322907,6013.322907
4/14/1989,1898.895065,1865.135194,2075.072572,2160.001329,2149.676634,2075.072572,3567.112608,5097.291172,4029.975591,3712.221138,5260.068876,4029.975591,3906.140782,5477.307297,4029.975591,4010.952413,4811.53972,4029.975591,831.2205307,826.4387639,0.001001968,0.001005531,0.001008742,0.001011081,2711.308315,2711.308315,2711.308315,5555.197799,5555.197799,5555.197799,5555.197799,5555.197799
4/15/1989,1767.448298,2965.619106,1897.128142,1832.638323,1865.135194,1897.128142,3962.280382,5567.93651,4449.640052,3928.455614,5097.291172,4449.640052,4126.431005,5260.068876,4449.640052,4415.687979,5477.307297,4449.640052,628.7391751,625.2716217,0.001001968,0.001005531,0.001008742,0.001011081,2517.246116,2517.246116,2517.246116,5236.372672,5236.372672,5236.372672,5236.372672,5236.372672
4/16/1989,2817.518434,3094.931345,3141.696482,2973.369095,2965.619106,3141.696482,5734.512581,5160.442418,6619.927539,5670.318869,5567.93651,6619.927539,5635.065548,5097.291172,6619.927539,4838.818184,5260.068876,6619.927539,1438.821481,1429.872236,0.001001968,0.001005531,0.001008742,0.001011081,2437.116472,2437.116472,2437.116472,5075.985888,5075.985888,5075.985888,5075.985888,5075.985888
4/17/1989,2901.076792,2825.7734,3211.176644,3120.904973,3094.931345,3211.176644,5709.114211,4583.690639,6565.765252,5714.650318,5160.442418,6565.765252,5754.392947,5567.93651,6565.765252,5677.320928,5097.291172,6565.765252,1389.049314,1380.451282,0.001001968,0.001005531,0.001008742,0.001011081,2442.854367,2442.854367,2442.854367,5004.576812,5004.576812,5004.576812,5004.576812,5004.576812
4/18/1989,2551.345025,2636.195271,2827.097192,2830.625003,2825.7734,2827.097192,4413.343728,4288.425468,5054.247106,4511.284806,4583.690639,5054.247106,4896.024407,5160.442418,5054.247106,4919.801437,5567.93651,5054.247106,1273.739585,1265.949293,0.001001968,0.001005531,0.001008742,0.001011081,2489.309202,2489.309202,2489.309202,5016.841696,5016.841696,5016.841696,5016.841696,5016.841696
4/19/1989,2267.791844,2177.715366,2510.770188,2636.421356,2636.195271,2510.770188,4450.486545,3992.258608,5104.382507,4649.985712,4288.425468,5104.382507,4900.03962,4583.690639,5104.382507,5245.04736,5160.442418,5104.382507,1138.494278,1131.639967,0.001001968,0.001005531,0.001008742,0.001011081,2524.466934,2524.466934,2524.466934,5095.014345,5095.014345,5095.014345,5095.014345,5095.014345
4/20/1989,1893.458666,1950.385115,2064.969495,2177.725386,2177.715366,2064.969495,3708.078213,3760.941705,4196.325375,3872.888012,3992.258608,4196.325375,4151.148885,4288.425468,4196.325375,4600.741968,4583.690639,4196.325375,825.6043235,820.8596296,0.001001968,0.001005531,0.001008742,0.001011081,2535.371466,2535.371466,2535.371466,5126.38545,5126.38545,5126.38545,5126.38545,5126.38545
4/21/1989,1745.812324,1888.796748,1896.680888,1950.366477,1950.385115,1896.680888,3306.012554,3604.356727,3722.316546,3407.67909,3760.941705,3722.316546,3663.381591,3992.258608,3722.316546,3954.80594,4288.425468,3722.316546,734.8988054,730.7481919,0.001001968,0.001005531,0.001008742,0.001011081,2517.219914,2517.219914,2517.219914,5144.937787,5144.937787,5144.937787,5144.937787,5144.937787
4/22/1989,1697.175102,1816.71754,1849.492598,1888.797963,1888.796748,1849.492598,3343.718097,3467.41542,3779.526983,3429.10076,3604.356727,3779.526983,3618.162735,3760.941705,3779.526983,3792.690714,3992.258608,3779.526983,743.6577675,739.4501852,0.001001968,0.001005531,0.001008742,0.001011081,2519.048782,2519.048782,2519.048782,5044.670568,5044.670568,5044.670568,5044.670568,5044.670568
4/23/1989,1634.652557,1747.388456,1782.589684,1816.740303,1816.71754,1782.589684,3231.720851,3363.191424,3655.519218,3310.316367,3467.41542,3655.519218,3479.400888,3604.356727,3655.519218,3622.198449,3760.941705,3655.519218,725.5587903,721.468827,0.001001968,0.001005531,0.001008742,0.001011081,2403.225679,2403.225679,2403.225679,4802.169063,4802.169063,4802.169063,4802.169063,4802.169063
4/24/1989,1573.351586,1682.152273,1716.203621,1747.44104,1747.388456,1716.203621,3070.949836,3262.791422,3473.427234,3145.66426,3363.191424,3473.427234,3305.363992,3467.41542,3473.427234,3436.770362,3604.356727,3473.427234,704.0055995,700.0552001,0.001001968,0.001005531,0.001008742,0.001011081,2243.052044,2243.052044,2243.052044,4528.633747,4528.633747,4528.633747,4528.633747,4528.633747
4/25/1989,1515.392319,1620.969707,1653.27989,1682.237423,1682.152273,1653.27989,2972.846404,3178.295049,3361.072479,3044.205239,3262.791422,3361.072479,3195.985402,3363.191424,3361.072479,3297.157572,3467.41542,3361.072479,682.7962581,678.9826475,0.001001968,0.001005531,0.001008742,0.001011081,2064.41727,2064.41727,2064.41727,4244.446937,4244.446937,4244.446937,4244.446937,4244.446937
4/26/1989,1460.880359,1563.351007,1594.074664,1621.087448,1620.969707,1594.074664,2884.167009,3163.714265,3259.794969,2952.054173,3178.295049,3259.794969,3097.091008,3262.791422,3259.794969,3195.181891,3363.191424,3259.794969,662.6520975,658.9678861,0.001001968,0.001005531,0.001008742,0.001011081,1917.576403,1917.576403,1917.576403,3934.685915,3934.685915,3934.685915,3934.685915,3934.685915
4/27/1989,1409.431066,1508.845417,1538.184978,1563.500272,1563.351007,1538.184978,2798.443422,3257.933554,3162.379155,2863.117882,3163.714265,3162.379155,3001.972014,3178.295049,3162.379155,3098.097398,3262.791422,3162.379155,643.5151326,639.9533674,0.001001968,0.001005531,0.001008742,0.001011081,1814.716451,1814.716451,1814.716451,3700.64997,3700.64997,3700.64997,3700.64997,3700.64997
4/28/1989,1360.68306,1459.865036,1485.216537,1509.025361,1508.845417,1485.216537,2712.724544,3602.221672,3065.528325,2774.386447,3257.933554,3065.528325,2907.503667,3163.714265,3065.528325,3003.506075,3178.295049,3065.528325,625.2537799,621.8084065,0.001001968,0.001005531,0.001008742,0.001011081,1737.354376,1737.354376,1737.354376,3535.125025,3535.125025,3535.125025,3535.125025,3535.125025
4/29/1989,1314.353575,1476.896967,1434.860775,1457.314024,1459.865036,1434.860775,2649.598711,6471.845061,2994.126094,2708.323172,3602.221672,2994.126094,2835.87728,3257.933554,2994.126094,2920.579403,3163.714265,2994.126094,607.7648205,604.43049,0.001001968,0.001005531,0.001008742,0.001011081,1670.525303,1670.525303,1670.525303,3408.633152,3408.633152,3408.633152,3408.633152,3408.633152
4/30/1989,1323.19317,1600.158533,1453.47235,1477.62691,1476.896967,1453.47235,2694.848219,7704.107089,3061.831491,2758.211836,6471.845061,3061.831491,2888.139834,3602.221672,3061.831491,2908.081496,3257.933554,3061.831491,653.0941199,649.4711241,0.001001968,0.001005531,0.001008742,0.001011081,1618.372416,1618.372416,1618.372416,3313.005846,3313.005846,3313.005846,3313.005846,3313.005846
5/1/1989,1279.363496,2795.701157,1401.893252,1409.98642,1600.158533,1401.893252,2815.272701,7455.500566,3195.768719,2856.650594,7704.107089,3195.768719,2981.020523,6471.845061,3195.768719,3043.440158,3602.221672,3195.768719,618.6018733,615.1987847,0.001001968,0.001005531,0.001008742,0.001011081,1567.981622,1567.981622,1567.981622,3260.562073,3260.562073,3260.562073,3260.562073,3260.562073
5/2/1989,2880.605167,4808.569416,3163.349912,2727.715309,2795.701157,3163.349912,5601.115219,4955.41697,6296.733197,5298.702475,7455.500566,6296.733197,4970.301587,7704.107089,6296.733197,3329.346234,6471.845061,6296.733197,1173.539264,1166.443672,0.001001968,0.001005531,0.001008742,0.001011081,1632.617512,1632.617512,1632.617512,3408.949287,3408.949287,3408.949287,3408.949287,3408.949287
5/3/1989,4789.74965,4145.112462,5451.956477,4967.945723,4808.569416,5451.956477,9513.422313,16632.90965,11168.96158,9247.068749,4955.41697,11168.96158,9168.314848,7455.500566,11168.96158,7406.305165,7704.107089,11168.96158,2727.559679,2709.109266,0.001001968,0.001005531,0.001008742,0.001011081,2018.124238,2018.124238,2018.124238,4055.970399,4055.970399,4055.970399,4055.970399,4055.970399
5/4/1989,3456.963885,4156.971958,3955.343933,4194.426724,4145.112462,3955.343933,7535.918009,22742.46464,8880.717125,7918.447125,16632.90965,8880.717125,8380.398252,4955.41697,8880.717125,8828.946873,7455.500566,8880.717125,2176.477303,2162.172924,0.001001968,0.001005531,0.001008742,0.001011081,2394.523621,2394.523621,2394.523621,4795.467987,4795.467987,4795.467987,4795.467987,4795.467987
5/5/1989,1957.944199,6345.65971,2151.281923,2456.767131,4156.971958,2151.281923,4376.628098,21527.39583,4960.304043,4739.7104,22742.46464,4960.304043,5315.268642,16632.90965,4960.304043,6756.29315,4955.41697,4960.304043,920.5534184,915.1777518,0.001001968,0.001005531,0.001008742,0.001011081,2585.572913,2585.572913,2585.572913,5421.110976,5421.110976,5421.110976,5421.110976,5421.110976
5/6/1989,9420.641697,14253.91743,10093.86545,6963.127642,6345.65971,10093.86545,15291.83918,21753.79719,16457.35501,12728.41421,21527.39583,16457.35501,11363.3625,22742.46464,16457.35501,4164.391629,16632.90965,16457.35501,1784.473511,1773.047227,0.001001968,0.001005531,0.001008742,0.001011081,3101.791145,3101.791145,3101.791145,6459.385838,6459.385838,6459.385838,6459.385838,6459.385838
5/7/1989,15521.80658,17384.05357,17404.05045,14905.09312,14253.91743,17404.05045,29352.14019,18312.92808,34186.44259,27521.68564,21753.79719,34186.44259,25553.08442,21527.39583,34186.44259,21150.93466,22742.46464,34186.44259,6841.1098,6789.478184,0.001001968,0.001005531,0.001008742,0.001011081,4522.956264,4522.956264,4522.956264,9204.605543,9204.605543,9204.605543,9204.605543,9204.605543
5/8/1989,13126.4863,7941.58705,15509.7532,17453.28896,17384.05357,15509.7532,24334.25381,18403.83405,29656.319,27043.83775,18312.92808,29656.319,28144.58071,21753.79719,29656.319,25117.9966,21527.39583,29656.319,9040.026863,8969.655174,0.001001968,0.001005531,0.001008742,0.001011081,6658.936574,6658.936574,6658.936574,12197.39048,12197.39048,12197.39048,12197.39048,12197.39048
5/9/1989,5229.920191,5249.756471,5765.684955,7843.841534,7941.58705,5765.684955,11692.12775,20348.42488,13420.52208,13923.62602,18403.83405,13420.52208,17029.35077,18312.92808,13420.52208,23813.96924,21753.79719,13420.52208,2242.95352,2228.154783,0.001001968,0.001005531,0.001008742,0.001011081,7852.586289,7852.586289,7852.586289,14844.53024,14844.53024,14844.53024,14844.53024,14844.53024
5/10/1989,3302.932371,7246.383783,3452.578625,4123.161213,5249.756471,3452.578625,7592.568792,19209.9499,8293.775188,8339.423144,20348.42488,8293.775188,10552.99944,18403.83405,8293.775188,14697.83996,18312.92808,8293.775188,550.9828068,548.0059794,0.001001968,0.001005531,0.001008742,0.001011081,8121.027642,8121.027642,8121.027642,16491.17535,16491.17535,16491.17535,16491.17535,16491.17535
5/11/1989,8540.516202,12083.9552,9287.529651,7706.826063,7246.383783,9287.529651,16229.26245,17201.67844,18286.25743,15007.72059,19209.9499,18286.25743,14933.5428,20348.42488,18286.25743,13537.95485,18403.83405,18286.25743,2435.488543,2419.2487,0.001001968,0.001005531,0.001008742,0.001011081,8542.885562,8542.885562,8542.885562,17490.492,17490.492,17490.492,17490.492,17490.492
5/12/1989,12183.95878,12916.24004,13797.6483,12536.37105,12083.9552,13797.6483,22217.07688,15851.43698,26132.70331,21516.67365,17201.67844,26132.70331,21120.11724,19209.9499,26132.70331,17955.41047,20348.42488,26132.70331,6003.837266,5959.191903,0.001001968,0.001005531,0.001008742,0.001011081,9679.320245,9679.320245,9679.320245,18986.02328,18986.02328,18986.02328,18986.02328,18986.02328
5/13/1989,10242.57096,7462.608967,11990.47181,12977.46073,12916.24004,11990.47181,20005.95965,14357.05221,24200.44773,21532.81547,15851.43698,24200.44773,22877.27447,17201.67844,24200.44773,21728.17694,19209.9499,24200.44773,6761.278709,6710.317148,0.001001968,0.001005531,0.001008742,0.001011081,10778.57306,10778.57306,10778.57306,20510.23367,20510.23367,20510.23367,20510.23367,20510.23367
5/14/1989,5652.106272,4794.446877,6327.337641,7493.605697,7462.608967,6327.337641,11848.88237,24498.74371,13769.29472,13220.75571,14357.05221,13769.29472,15156.11553,15851.43698,13769.29472,19569.74907,17201.67844,13769.29472,2771.336261,2752.552154,0.001001968,0.001005531,0.001008742,0.001011081,10413.87564,10413.87564,10413.87564,20138.8846,20138.8846,20138.8846,20138.8846,20138.8846
5/15/1989,4034.424406,7616.424957,4369.904977,4768.379013,4794.446877,4369.904977,7398.585454,23902.31936,8277.074405,7930.105182,24498.74371,8277.074405,9527.324887,14357.05221,8277.074405,12519.42568,15851.43698,8277.074405,1412.6506,1403.886214,0.001001968,0.001005531,0.001008742,0.001011081,8942.638214,8942.638214,8942.638214,18880.08865,18880.08865,18880.08865,18880.08865,18880.08865
5/16/1989,4543.916324,13240.93771,5083.144431,5201.14457,7616.424957,5083.144431,10464.85934,19278.70179,12127.58417,10748.21118,23902.31936,12127.58417,11585.43668,24498.74371,12127.58417,11967.27662,14357.05221,12127.58417,2240.888259,2226.104907,0.001001968,0.001005531,0.001008742,0.001011081,8241.238625,8241.238625,8241.238625,17460.32081,17460.32081,17460.32081,17460.32081,17460.32081
5/17/1989,12589.15638,12271.75599,14890.17361,14296.07778,13240.93771,14890.17361,21415.97583,15384.68939,25828.18294,21858.44043,19278.70179,25828.18294,22665.64489,23902.31936,25828.18294,13782.08415,24498.74371,25828.18294,7762.900927,7703.477159,0.001001968,0.001005531,0.001008742,0.001011081,9231.463432,9231.463432,9231.463432,17028.72938,17028.72938,17028.72938,17028.72938,17028.72938
5/18/1989,11750.99258,8666.029324,13645.01335,13165.10147,12271.75599,13645.01335,27231.46365,12281.39912,32763.20135,27317.86293,15384.68939,32763.20135,27822.89505,19278.70179,32763.20135,29975.56667,23902.31936,32763.20135,6823.496014,6772.012307,0.001001968,0.001005531,0.001008742,0.001011081,9961.162138,9961.162138,9961.162138,18731.30272,18731.30272,18731.30272,18731.30272,18731.30272
5/19/1989,7370.534764,6192.124149,8470.514086,8743.918353,8666.029324,8470.514086,14678.76882,10672.22113,17403.26592,15314.30615,12281.39912,17403.26592,17233.61447,15384.68939,17403.26592,20560.65411,19278.70179,17403.26592,4327.585338,4296.61088,0.001001968,0.001005531,0.001008742,0.001011081,9806.653387,9806.653387,9806.653387,19435.69591,19435.69591,19435.69591,19435.69591,19435.69591
5/20/1989,5014.248259,4555.208253,5655.126294,6232.050193,6192.124149,5655.126294,10045.45991,10362.90164,11685.55239,10842.25051,10672.22113,11685.55239,12065.98474,12281.39912,11685.55239,15328.68164,15384.68939,11685.55239,2613.150563,2595.569407,0.001001968,0.001005531,0.001008742,0.001011081,8969.863377,8969.863377,8969.863377,18897.78878,18897.78878,18897.78878,18897.78878,18897.78878
5/21/1989,3949.936888,4217.629631,4369.468715,4584.62457,4555.208253,4369.468715,8271.720852,10777.7626,9477.484103,8627.332766,10362.90164,9477.484103,9675.630659,10672.22113,9477.484103,11577.86466,12281.39912,9477.484103,1745.556874,1734.412553,0.001001968,0.001005531,0.001008742,0.001011081,8458.268529,8458.268529,8458.268529,17948.03838,17948.03838,17948.03838,17948.03838,17948.03838
5/22/1989,3761.781424,4060.416134,4178.483184,4240.064958,4217.629631,4178.483184,7983.311324,9711.566846,9190.238569,8177.751271,10777.7626,9190.238569,8815.337148,10362.90164,9190.238569,9807.725564,10672.22113,9190.238569,1756.486826,1745.263388,0.001001968,0.001005531,0.001008742,0.001011081,8239.872599,8239.872599,8239.872599,17247.82294,17247.82294,17247.82294,17247.82294,17247.82294
5/23/1989,3528.381549,4325.709922,3936.054127,4039.685381,4060.416134,3936.054127,7850.591126,8475.180127,9077.267275,8075.987304,9711.566846,9077.267275,8535.160031,10777.7626,9077.267275,9073.020788,10362.90164,9077.267275,1736.994445,1725.912063,0.001001968,0.001005531,0.001008742,0.001011081,8036.04166,8036.04166,8036.04166,16713.13588,16713.13588,16713.13588,16713.13588,16713.13588
5/24/1989,3844.642618,4677.638379,4339.979269,4319.277022,4325.709922,4339.979269,8874.4843,7839.479047,10338.5207,9004.483957,8475.180127,10338.5207,9487.366526,9711.566846,10338.5207,9157.736308,10777.7626,10338.5207,2093.576373,2079.886069,0.001001968,0.001005531,0.001008742,0.001011081,6785.729667,6785.729667,6785.729667,15796.22503,15796.22503,15796.22503,15796.22503,15796.22503
5/25/1989,4030.121021,3637.931438,4603.93244,4712.55155,4677.638379,4603.93244,9598.108751,7462.956865,11301.58825,9869.954795,7839.479047,11301.58825,10235.73918,8475.180127,11301.58825,10265.3686,9711.566846,11301.58825,2407.475464,2391.446127,0.001001968,0.001005531,0.001008742,0.001011081,5691.973593,5691.973593,5691.973593,13409.69861,13409.69861,13409.69861,13409.69861,13409.69861
5/26/1989,3175.059659,3350.814584,3558.059724,3639.021454,3637.931438,3558.059724,7389.881823,6855.182616,8562.80626,7581.945292,7462.956865,8562.80626,8145.193098,7839.479047,8562.80626,9106.427508,8475.180127,8562.80626,1653.160869,1642.682996,0.001001968,0.001005531,0.001008742,0.001011081,4857.962291,4857.962291,4857.962291,11485.31698,11485.31698,11485.31698,11485.31698,11485.31698
5/27/1989,3062.316931,3744.310463,3414.20349,3349.523765,3350.814584,3414.20349,6104.333975,6528.36544,7015.881282,6160.445776,6855.182616,7015.881282,6607.551347,7462.956865,7015.881282,7155.658749,7839.479047,7015.881282,1531.180152,1521.575337,0.001001968,0.001005531,0.001008742,0.001011081,4368.693745,4368.693745,4368.693745,10168.06571,10168.06571,10168.06571,10168.06571,10168.06571
5/28/1989,3242.621242,3080.497207,3680.719518,3770.461383,3744.310463,3680.719518,6380.205959,6314.19609,7448.812332,6618.486365,6528.36544,7448.812332,6922.911067,6855.182616,7448.812332,6877.310401,7462.956865,7448.812332,1891.870253,1879.662144,0.001001968,0.001005531,0.001008742,0.001011081,4139.16837,4139.16837,4139.16837,9337.016013,9337.016013,9337.016013,9337.016013,9337.016013
5/29/1989,2681.775639,2715.497657,3002.335471,3091.711307,3080.497207,3002.335471,5853.168894,6031.016767,6772.923168,6039.722235,6314.19609,6772.923168,6460.03167,6528.36544,6772.923168,7070.244539,6855.182616,6772.923168,1417.315903,1408.518593,0.001001968,0.001005531,0.001008742,0.001011081,3953.215937,3953.215937,3953.215937,8865.821771,8865.821771,8865.821771,8865.821771,8865.821771
5/30/1989,2392.993996,2627.155731,2662.806946,2712.133596,2715.497657,2662.806946,4932.571289,6344.00856,5665.168323,5070.123725,6031.016767,5665.168323,5441.86255,6314.19609,5665.168323,5935.957345,6528.36544,5665.168323,1210.580511,1203.228925,0.001001968,0.001005531,0.001008742,0.001011081,3763.937996,3763.937996,3763.937996,8466.809344,8466.809344,8466.809344,8466.809344,8466.809344
5/31/1989,2355.2079,2720.724048,2620.234151,2624.564682,2627.155731,2620.234151,5081.805466,6524.739535,5842.816924,5168.529867,6344.00856,5842.816924,5443.238515,6031.016767,5842.816924,5673.994254,6314.19609,5842.816924,1191.998955,1184.77591,0.001001968,0.001005531,0.001008742,0.001011081,3517.967168,3517.967168,3517.967168,7917.754587,7917.754587,7917.754587,7917.754587,7917.754587
6/1/1989,2374.302012,3479.240218,2646.078609,2656.384454,2720.724048,2646.078609,5279.732116,5973.728507,6087.687715,5371.211419,6524.739535,6087.687715,5576.181258,6344.00856,6087.687715,5695.697991,6031.016767,6087.687715,1220.934382,1213.511066,0.001001968,0.001005531,0.001008742,0.001011081,3234.501726,3234.501726,3234.501726,7262.711938,7262.711938,7262.711938,7262.711938,7262.711938
6/2/1989,3056.06574,3489.920346,3510.769894,3492.458417,3479.240218,3510.769894,5727.660419,5708.738645,6764.902513,5865.644191,5973.728507,6764.902513,6227.048624,6524.739535,6764.902513,5540.077699,6344.00856,6764.902513,1967.368506,1954.607659,0.001001968,0.001005531,0.001008742,0.001011081,3170.59528,3170.59528,3170.59528,6760.756642,6760.756642,6760.756642,6760.756642,6760.756642
6/3/1989,3045.650754,2535.329004,3498.09701,3518.483078,3489.920346,3498.09701,5982.588209,6922.07541,7075.032186,6150.56172,5708.738645,7075.032186,6477.182651,5973.728507,7075.032186,6590.598852,6524.739535,7075.032186,1960.559591,1947.848696,0.001001968,0.001005531,0.001008742,0.001011081,3164.214307,3164.214307,3164.214307,6517.237651,6517.237651,6517.237651,6517.237651,6517.237651
6/4/1989,2263.630075,2434.320615,2532.876769,2550.450181,2535.329004,2532.876769,4788.638865,9669.908297,5538.237948,4889.481376,6922.07541,5538.237948,5288.310003,5708.738645,5538.237948,6083.363105,5973.728507,5538.237948,1215.082847,1207.700079,0.001001968,0.001005531,0.001008742,0.001011081,3025.470531,3025.470531,3025.470531,6411.88842,6411.88842,6411.88842,6411.88842,6411.88842
6/5/1989,2132.535513,2472.565648,2388.342072,2430.012763,2434.320615,2388.342072,4203.676523,11417.07588,4853.144427,4330.497145,9669.908297,4853.144427,4592.967927,6922.07541,4853.144427,4924.745177,5708.738645,4853.144427,1165.942556,1158.899343,0.001001968,0.001005531,0.001008742,0.001011081,2914.111894,2914.111894,2914.111894,6210.066852,6210.066852,6210.066852,6210.066852,6210.066852
6/6/1989,2197.128296,3224.99379,2454.014258,2423.484198,2472.565648,2454.014258,4737.065736,15147.38769,5464.869151,4785.688885,11417.07588,5464.869151,4993.434629,9669.908297,5464.869151,5029.143698,6922.07541,5464.869151,1165.12054,1158.082992,0.001001968,0.001005531,0.001008742,0.001011081,2851.761787,2851.761787,2851.761787,6056.262821,6056.262821,6056.262821,6056.262821,6056.262821
6/7/1989,2848.345049,3441.761869,3253.238836,3228.400371,3224.99379,3253.238836,6727.25083,12485.43581,7908.996967,6819.204263,15147.38769,7908.996967,6965.84451,11417.07588,7908.996967,6283.57085,9669.908297,7908.996967,1757.246638,1746.017697,0.001001968,0.001005531,0.001008742,0.001011081,2904.858751,2904.858751,2904.858751,6191.668938,6191.668938,6191.668938,6191.668938,6191.668938
6/8/1989,3090.275301,3368.900811,3541.047694,3473.415943,3441.761869,3541.047694,9315.852106,9417.909292,11042.5046,9334.353074,12485.43581,11042.5046,9577.079035,15147.38769,11042.5046,9287.314787,11417.07588,11042.5046,1947.817276,1935.199808,0.001001968,0.001005531,0.001008742,0.001011081,3013.157263,3013.157263,3013.157263,6754.889056,6754.889056,6754.889056,6754.889056,6754.889056
6/9/1989,2583.672693,4363.030235,2946.297517,3063.276385,3368.900811,2946.297517,9479.800371,9170.669437,11235.87176,9620.700724,9417.909292,11235.87176,9835.351927,12485.43581,11235.87176,10507.75512,15147.38769,11235.87176,1604.269681,1594.142693,0.001001968,0.001005531,0.001008742,0.001011081,2959.513069,2959.513069,2959.513069,7558.840713,7558.840713,7558.840713,7558.840713,7558.840713
6/10/1989,3952.574801,4324.749824,4583.897584,4496.755908,4363.030235,4583.897584,13815.28035,8138.915714,16548.75143,13827.51427,9170.669437,16548.75143,13956.34792,9417.909292,16548.75143,12714.54502,12485.43581,16548.75143,2514.729159,2497.892382,0.001001968,0.001005531,0.001008742,0.001011081,3076.018211,3076.018211,3076.018211,8886.90014,8886.90014,8886.90014,8886.90014,8886.90014
6/11/1989,3996.972087,3752.692479,4612.774558,4427.797796,4324.749824,4612.774558,11783.47853,6770.139991,14079.13765,11714.88537,8138.915714,14079.13765,12080.43197,9170.669437,14079.13765,12443.582,9417.909292,14079.13765,2552.047173,2534.928533,0.001001968,0.001005531,0.001008742,0.001011081,3313.114366,3313.114366,3313.114366,9803.740151,9803.740151,9803.740151,9803.740151,9803.740151
6/12/1989,3165.123972,3160.164776,3664.142103,3702.748864,3752.692479,3664.142103,7019.506919,9707.780518,8349.302023,7204.309544,6770.139991,8349.302023,7827.429337,8138.915714,8349.302023,8533.478915,9170.669437,8349.302023,2157.217643,2143.056171,0.001001968,0.001005531,0.001008742,0.001011081,3518.387263,3518.387263,3518.387263,10288.2755,10288.2755,10288.2755,10288.2755,10288.2755
6/13/1989,2684.429851,3313.085495,3056.092387,3170.588955,3160.164776,3056.092387,6732.149368,14812.20739,7894.424839,6952.818495,9707.780518,7894.424839,7259.124216,6770.139991,7894.424839,7966.927286,8138.915714,7894.424839,1607.841884,1597.6893,0.001001968,0.001005531,0.001008742,0.001011081,3628.328973,3628.328973,3628.328973,10769.87797,10769.87797,10769.87797,10769.87797,10769.87797
6/14/1989,2696.430901,6130.538588,3037.381933,2964.314207,3313.085495,3037.381933,6352.913851,14243.14584,7390.941237,6382.087512,14812.20739,7390.941237,6719.09395,9707.780518,7390.941237,6960.783354,6770.139991,7390.941237,1489.954062,1480.642478,0.001001968,0.001005531,0.001008742,0.001011081,3624.679411,3624.679411,3624.679411,10903.15004,10903.15004,10903.15004,10903.15004,10903.15004
6/15/1989,5614.986792,8907.110075,6505.236584,5956.783216,6130.538588,6505.236584,8518.707604,12574.99564,10165.35927,8342.654777,14243.14584,10165.35927,8395.437227,14812.20739,10165.35927,6151.492161,9707.780518,10165.35927,3419.744947,3395.953789,0.001001968,0.001005531,0.001008742,0.001011081,3889.135593,3889.135593,3889.135593,10490.28343,10490.28343,10490.28343,10490.28343,10490.28343
6/16/1989,8038.259753,8253.95916,9547.444691,9117.133946,8907.110075,9547.444691,14083.55119,11035.08431,17164.33012,14227.85513,12574.99564,17164.33012,14889.74288,14243.14584,17164.33012,11094.17789,14812.20739,17164.33012,5725.615141,5683.269924,0.001001968,0.001005531,0.001008742,0.001011081,4655.488597,4655.488597,4655.488597,10479.74655,10479.74655,10479.74655,10479.74655,10479.74655
6/17/1989,7313.522122,6950.26439,8577.060785,8386.396202,8253.95916,8577.060785,15383.2026,10230.27446,18583.32186,15592.22019,11035.08431,18583.32186,16340.62387,12574.99564,18583.32186,17200.67138,14243.14584,18583.32186,4924.393248,4888.605583,0.001001968,0.001005531,0.001008742,0.001011081,5199.621332,5199.621332,5199.621332,10612.79507,10612.79507,10612.79507,10612.79507,10612.79507
6/18/1989,5727.228548,5023.328403,6683.93926,6985.790911,6950.26439,6683.93926,9838.79038,10617.57623,11810.64568,10485.10695,10230.27446,11810.64568,11532.27242,11035.08431,11810.64568,12839.11331,12574.99564,11810.64568,3865.894752,3838.596121,0.001001968,0.001005531,0.001008742,0.001011081,5597.074308,5597.074308,5597.074308,10836.5777,10836.5777,10836.5777,10836.5777,10836.5777
6/19/1989,4095.027216,3902.101003,4719.515906,5033.394562,5023.328403,4719.515906,7329.774774,10324.3829,8680.84036,7866.281629,10617.57623,8680.84036,9076.265999,10230.27446,8680.84036,10826.47213,11035.08431,8680.84036,2623.586386,2605.926115,0.001001968,0.001005531,0.001008742,0.001011081,5850.018477,5850.018477,5850.018477,11255.94412,11255.94412,11255.94412,11255.94412,11255.94412
6/20/1989,3238.921685,3662.320376,3685.250556,3884.425914,3902.101003,3685.250556,6157.083915,10105.62413,7208.167889,6510.522021,10324.3829,7208.167889,7317.772729,10617.57623,7208.167889,8885.950226,10230.27446,7208.167889,1923.069697,1910.633475,0.001001968,0.001005531,0.001008742,0.001011081,6008.89534,6008.89534,6008.89534,11391.86451,11391.86451,11391.86451,11391.86451,11391.86451
6/21/1989,3165.65339,3922.109898,3605.288447,3660.345663,3662.320376,3605.288447,6941.768616,9507.839834,8138.731949,7134.955531,10105.62413,8138.731949,7699.607597,10324.3829,8138.731949,8141.401325,10617.57623,8138.731949,1895.148623,1882.916564,0.001001968,0.001005531,0.001008742,0.001011081,6127.566144,6127.566144,6127.566144,11543.10456,11543.10456,11543.10456,11543.10456,11543.10456
6/22/1989,3459.634621,4202.502227,3955.656055,3934.384898,3922.109898,3955.656055,9079.294271,10550.17986,10690.93282,9190.787376,9507.839834,10690.93282,9521.774928,10105.62413,10690.93282,9334.482772,10324.3829,10690.93282,2121.312589,2107.41714,0.001001968,0.001005531,0.001008742,0.001011081,5931.078998,5931.078998,5931.078998,11996.56424,11996.56424,11996.56424,11996.56424,11996.56424
6/23/1989,3447.929691,4470.943877,3965.654428,4098.535739,4202.502227,3965.654428,9070.518405,10538.01024,10707.82635,9341.282089,10550.17986,10707.82635,9644.598727,9507.839834,10707.82635,9690.442851,10105.62413,10707.82635,2210.535336,2195.977894,0.001001968,0.001005531,0.001008742,0.001011081,5295.423065,5295.423065,5295.423065,11842.40983,11842.40983,11842.40983,11842.40983,11842.40983
6/24/1989,3873.48995,5266.637779,4395.456448,4516.474732,4470.943877,4395.456448,9399.094803,9404.892939,10979.95514,9700.030231,10538.01024,10979.95514,9669.981107,10550.17986,10979.95514,9509.959565,9507.839834,10979.95514,2097.25175,2083.53428,0.001001968,0.001005531,0.001008742,0.001011081,4724.293611,4724.293611,4724.293611,10983.96741,10983.96741,10983.96741,10983.96741,10983.96741
6/25/1989,5599.117212,6976.942603,6318.646812,5320.791309,5266.637779,6318.646812,10052.84326,9333.803145,11742.14474,9316.092627,9404.892939,11742.14474,9897.009925,10538.01024,11742.14474,9084.554045,10550.17986,11742.14474,2915.432379,2895.545762,0.001001968,0.001005531,0.001008742,0.001011081,4455.148973,4455.148973,4455.148973,10353.81014,10353.81014,10353.81014,10353.81014,10353.81014
6/26/1989,5758.889395,4732.840349,6815.839713,6965.199468,6976.942603,6815.839713,10353.71109,8287.860359,12606.53944,10855.77638,9333.803145,12606.53944,11490.50735,9404.892939,12606.53944,10443.75729,10538.01024,12606.53944,4308.787633,4277.963686,0.001001968,0.001005531,0.001008742,0.001011081,4592.649495,4592.649495,4592.649495,10130.33396,10130.33396,10130.33396,10130.33396,10130.33396
6/27/1989,3652.336804,3214.288309,4224.48373,4727.431236,4732.840349,4224.48373,7683.326969,6846.839146,9136.354767,8362.747483,8287.860359,9136.354767,9204.128754,9333.803145,9136.354767,10991.82101,9404.892939,9136.354767,2440.747384,2424.467992,0.001001968,0.001005531,0.001008742,0.001011081,4703.644866,4703.644866,4703.644866,10227.25532,10227.25532,10227.25532,10227.25532,10227.25532
6/28/1989,2750.227499,3374.97006,3090.169351,3217.803971,3214.288309,3090.169351,4973.430614,6163.35408,5736.742146,5229.059688,6846.839146,5736.742146,6089.313602,8287.860359,5736.742146,7425.84032,9333.803145,5736.742146,1497.950119,1488.581736,0.001001968,0.001005531,0.001008742,0.001011081,4691.033345,4691.033345,4691.033345,10248.58498,10248.58498,10248.58498,10248.58498,10248.58498
6/29/1989,2935.259234,3197.74703,3342.319015,3379.053672,3374.97006,3342.319015,6559.242803,5695.049341,7679.913297,6722.173581,6163.35408,7679.913297,7169.90516,6846.839146,7679.913297,7468.69634,8287.860359,7679.913297,1781.518934,1770.114082,0.001001968,0.001005531,0.001008742,0.001011081,4635.152368,4635.152368,4635.152368,9985.451958,9985.451958,9985.451958,9985.451958,9985.451958
6/30/1989,2745.636283,2745.304251,3131.075332,3199.827862,3197.74703,3131.075332,6389.442273,5364.480574,7509.739507,6566.29465,5695.049341,7509.739507,6956.403221,6163.35408,7509.739507,7444.614653,6846.839146,7509.739507,1700.343715,1689.526048,0.001001968,0.001005531,0.001008742,0.001011081,4532.639801,4532.639801,4532.639801,9566.282069,9566.282069,9566.282069,9566.282069,9566.282069
7/1/1989,2369.210714,2528.770429,2685.802006,2743.638952,2745.304251,2685.802006,4933.786666,5517.038446,5756.770948,5092.594611,5364.480574,5756.770948,5522.931679,5695.049341,5756.770948,6034.092636,6163.35408,5756.770948,1421.867066,1413.037625,0.001001968,0.001005531,0.001008742,0.001011081,4363.69554,4363.69554,4363.69554,8973.84065,8973.84065,8973.84065,8973.84065,8973.84065
7/2/1989,2197.414993,2397.668461,2486.992775,2526.962688,2528.770429,2486.992775,4489.472786,6507.404228,5230.027616,4623.423946,5517.038446,5230.027616,4966.746352,5364.480574,5230.027616,5352.99512,5695.049341,5230.027616,1311.864253,1303.807845,0.001001968,0.001005531,0.001008742,0.001011081,3982.972698,3982.972698,3982.972698,8359.410843,8359.410843,8359.410843,8359.410843,8359.410843
7/3/1989,2091.93638,2302.155285,2367.065399,2395.906124,2397.668461,2367.065399,4343.522741,6221.455867,5060.871906,4460.008876,6507.404228,5060.871906,4755.990613,5517.038446,5060.871906,5005.75059,5364.480574,5060.871906,1253.507795,1245.858331,0.001001968,0.001005531,0.001008742,0.001011081,3385.018457,3385.018457,3385.018457,7619.583541,7619.583541,7619.583541,7619.583541,7619.583541
7/4/1989,2003.510373,2532.868807,2267.133869,2291.56369,2302.155285,2267.133869,4253.01507,6644.961953,4954.774827,4359.905852,6221.455867,4954.774827,4630.076363,6507.404228,4954.774827,4810.578654,5517.038446,4954.774827,1207.136255,1199.808514,0.001001968,0.001005531,0.001008742,0.001011081,2993.036809,2993.036809,2993.036809,6855.237537,6855.237537,6855.237537,6855.237537,6855.237537
7/5/1989,2654.484105,3832.356345,2917.61199,2523.060054,2532.868807,2917.61199,5376.13373,6830.219723,6140.990293,5068.36762,6644.961953,6140.990293,4998.663405,6221.455867,6140.990293,4973.238961,6507.404228,6140.990293,1158.891554,1151.89692,0.001001968,0.001005531,0.001008742,0.001011081,2777.00743,2777.00743,2777.00743,6325.093125,6325.093125,6325.093125,6325.093125,6325.093125
7/6/1989,3383.105643,3174.451043,3840.898549,3832.255682,3832.356345,3840.898549,6891.422792,5986.567562,8100.872971,7022.860874,6830.219723,8100.872971,6902.351132,6644.961953,8100.872971,5991.966637,6221.455867,8100.872971,1971.727451,1958.934615,0.001001968,0.001005531,0.001008742,0.001011081,2756.320798,2756.320798,2756.320798,6092.562055,6092.562055,6092.562055,6092.562055,6092.562055
7/7/1989,2842.332069,3031.266996,3203.692708,3177.915335,3174.451043,3203.692708,6030.802734,5602.728375,7044.17123,6109.480245,5986.567562,7044.17123,6677.870816,6830.219723,7044.17123,6670.141656,6644.961953,7044.17123,1605.344925,1595.210232,0.001001968,0.001005531,0.001008742,0.001011081,2778.419511,2778.419511,2778.419511,6008.643924,6008.643924,6008.643924,6008.643924,6008.643924
7/8/1989,2814.072049,3291.900665,3132.260035,3035.67147,3031.266996,3132.260035,5597.385849,5338.614632,6459.528952,5600.362862,5602.728375,6459.528952,5804.709936,5986.567562,6459.528952,6288.334059,6830.219723,6459.528952,1419.907306,1411.091703,0.001001968,0.001005531,0.001008742,0.001011081,2789.207204,2789.207204,2789.207204,6075.351184,6075.351184,6075.351184,6075.351184,6075.351184
7/9/1989,2846.798475,2721.56979,3198.473373,3292.834455,3291.900665,3198.473373,5625.95557,5656.981571,6546.965565,5829.34858,5338.614632,6546.965565,5994.853818,5602.728375,6546.965565,5945.409746,5986.567562,6546.965565,1564.522656,1554.679993,0.001001968,0.001005531,0.001008742,0.001011081,2866.697681,2866.697681,2866.697681,6190.561195,6190.561195,6190.561195,6190.561195,6190.561195
7/10/1989,2217.267422,2085.752623,2492.143538,2719.528285,2721.56979,2492.143538,4597.198723,5498.711734,5342.373137,4907.650332,5656.981571,5342.373137,5387.000134,5338.614632,5342.373137,5704.261611,5602.728375,5342.373137,1255.869913,1248.204021,0.001001968,0.001005531,0.001008742,0.001011081,2938.853471,2938.853471,2938.853471,6287.693492,6287.693492,6287.693492,6287.693492,6287.693492
7/11/1989,1816.539693,2000.963718,2008.666236,2084.54302,2085.752623,2008.666236,3795.267935,4519.730554,4348.074792,3929.349171,5498.711734,4348.074792,4354.424186,5656.981571,4348.074792,5038.347344,5338.614632,4348.074792,899.6297087,894.3938367,0.001001968,0.001005531,0.001008742,0.001011081,2940.882444,2940.882444,2940.882444,6320.129696,6320.129696,6320.129696,6320.129696,6320.129696
7/12/1989,1756.831474,2029.030658,1952.87047,2000.187548,2000.963718,1952.87047,3693.926901,4751.403109,4251.082281,3800.059713,4519.730554,4251.082281,4057.185122,5498.711734,4251.082281,4395.687496,5656.981571,4251.082281,920.9165645,915.5384682,0.001001968,0.001005531,0.001008742,0.001011081,2917.033825,2917.033825,2917.033825,6209.005087,6209.005087,6209.005087,6209.005087,6209.005087
7/13/1989,1794.495628,1939.772144,2012.085528,2027.850602,2029.030658,2012.085528,4518.318937,5876.655518,5258.046854,4583.711249,4751.403109,5258.046854,4807.278907,4519.730554,5258.046854,4891.607329,5498.711734,5258.046854,1019.263642,1013.22316,0.001001968,0.001005531,0.001008742,0.001011081,2737.387341,2737.387341,2737.387341,5980.06357,5980.06357,5980.06357,5980.06357,5980.06357
7/14/1989,1684.926999,1788.324527,1889.923516,1938.641975,1939.772144,1889.923516,4528.382126,5664.854396,5273.009185,4618.906572,5876.655518,5273.009185,4792.727991,4751.403109,5273.009185,4987.596017,4519.730554,5273.009185,966.2794794,960.5969123,0.001001968,0.001005531,0.001008742,0.001011081,2527.183465,2527.183465,2527.183465,5750.831484,5750.831484,5750.831484,5750.831484,5750.831484
7/15/1989,1573.693769,1728.683249,1759.309935,1787.268743,1788.324527,1759.309935,3585.235368,4229.90172,4147.919511,3663.887553,5664.854396,4147.919511,3870.193082,5876.655518,4147.919511,4069.69985,4751.403109,4147.919511,882.4254754,877.3042372,0.001001968,0.001005531,0.001008742,0.001011081,2364.798699,2364.798699,2364.798699,5396.019468,5396.019468,5396.019468,5396.019468,5396.019468
7/16/1989,1525.037313,1694.979128,1706.889622,1727.389763,1728.683249,1706.889622,3847.522742,4586.863074,4462.429838,3910.962937,4229.90172,4462.429838,4084.898232,5664.854396,4462.429838,4211.20139,5876.655518,4462.429838,867.675165,862.6519826,0.001001968,0.001005531,0.001008742,0.001011081,2164.278197,2164.278197,2164.278197,5116.983679,5116.983679,5116.983679,5116.983679,5116.983679
7/17/1989,1502.80246,1710.410722,1681.246366,1694.093094,1694.979128,1681.246366,4951.606943,5129.322074,5776.162523,4984.499884,4586.863074,5776.162523,5104.642679,4229.90172,5776.162523,5194.585784,5664.854396,5776.162523,852.8691784,847.9442071,0.001001968,0.001005531,0.001008742,0.001011081,1984.103311,1984.103311,1984.103311,5082.858179,5082.858179,5082.858179,5082.858179,5082.858179
7/18/1989,1511.309377,1580.521833,1694.069302,1709.770703,1710.410722,1694.069302,4764.672446,4546.447978,5563.34185,4802.3184,5129.322074,5563.34185,4909.700198,4586.863074,5563.34185,5072.663632,4229.90172,5563.34185,872.2906301,867.2367882,0.001001968,0.001005531,0.001008742,0.001011081,1891.138731,1891.138731,1891.138731,5114.285715,5114.285715,5114.285715,5114.285715,5114.285715
7/19/1989,1394.295506,1550.548555,1561.746244,1579.743643,1580.521833,1561.746244,3439.25549,4676.08825,3985.136218,3498.47747,4546.447978,3985.136218,3684.085981,5129.322074,3985.136218,3812.296285,4586.863074,3985.136218,807.8619519,803.2341616,0.001001968,0.001005531,0.001008742,0.001011081,1825.272667,1825.272667,1825.272667,5033.437189,5033.437189,5033.437189,5033.437189,5033.437189
7/20/1989,1373.531092,1374.226138,1535.062507,1544.783948,1550.548555,1535.062507,3909.504022,5266.011716,4524.285546,3952.998914,4676.08825,4524.285546,4070.741121,4546.447978,4524.285546,4095.223233,5129.322074,4524.285546,780.9348821,776.483876,0.001001968,0.001005531,0.001008742,0.001011081,1747.63661,1747.63661,1747.63661,4942.979281,4942.979281,4942.979281,4942.979281,4942.979281
7/21/1989,1478.023115,1814.019698,1573.544741,1374.422288,1374.226138,1573.544741,4580.832996,4794.757058,5205.062635,4381.34925,5266.011716,5205.062635,4253.939118,4676.08825,5205.062635,4645.540054,4546.447978,5205.062635,451.9357729,449.5702583,0.001001968,0.001005531,0.001008742,0.001011081,1642.176109,1642.176109,1642.176109,4920.841135,4920.841135,4920.841135,4920.841135,4920.841135
7/22/1989,1829.15265,2704.750046,1978.512888,1816.412122,1814.019698,1978.512888,4344.362952,4468.865159,4938.228244,4212.559647,4794.757058,4938.228244,4119.358759,5266.011716,4938.228244,3816.435968,4676.08825,4938.228244,708.5840271,704.6040274,0.001001968,0.001005531,0.001008742,0.001011081,1610.63241,1610.63241,1610.63241,4963.110203,4963.110203,4963.110203,4963.110203,4963.110203
7/23/1989,2399.829362,2365.963389,2740.44639,2704.655598,2704.750046,2740.44639,5278.703678,4187.614719,6210.372619,5338.59271,4468.865159,6210.372619,5570.480432,4794.757058,6210.372619,4545.77086,5266.011716,6210.372619,1553.947964,1544.180801,0.001001968,0.001005531,0.001008742,0.001011081,1735.918757,1735.918757,1735.918757,5028.87825,5028.87825,5028.87825,5028.87825,5028.87825
7/24/1989,1863.180095,1440.879968,2114.771286,2365.575492,2365.963389,2114.771286,4971.823014,3351.167374,5816.94178,5279.200368,4187.614719,5816.94178,5417.73774,4468.865159,5816.94178,5828.049436,4794.757058,5816.94178,1175.339129,1168.231121,0.001001968,0.001005531,0.001008742,0.001011081,1822.983668,1822.983668,1822.983668,5002.100202,5002.100202,5002.100202,5002.100202,5002.100202
7/25/1989,1222.354848,1374.476313,1341.092811,1440.4029,1440.879968,1341.092811,2995.794683,3056.115221,3405.461977,3125.397388,3351.167374,3405.461977,3542.725488,4187.614719,3405.461977,4199.184766,4468.865159,3405.461977,587.7615857,584.5537354,0.001001968,0.001005531,0.001008742,0.001011081,1831.382787,1831.382787,1831.382787,4890.220052,4890.220052,4890.220052,4890.220052,4890.220052
7/26/1989,1216.662581,1361.967188,1347.099626,1374.061939,1374.476313,1347.099626,2940.917227,3311.845122,3367.542719,3001.661515,3056.115221,3367.542719,3219.078793,3351.167374,3367.542719,3588.64636,4187.614719,3367.542719,644.906569,641.3359171,0.001001968,0.001005531,0.001008742,0.001011081,1810.291384,1810.291384,1810.291384,4872.346159,4872.346159,4872.346159,4872.346159,4872.346159
7/27/1989,1205.659215,1095.622119,1341.609335,1360.422069,1361.967188,1341.609335,3173.949914,3537.763385,3659.800221,3222.094242,3311.845122,3659.800221,3355.055572,3056.115221,3659.800221,3537.177682,3351.167374,3659.800221,672.166853,668.4215861,0.001001968,0.001005531,0.001008742,0.001011081,1788.537313,1788.537313,1788.537313,4736.566751,4736.566751,4736.566751,4736.566751,4736.566751
7/28/1989,1034.59529,1265.191287,1120.416017,1095.164764,1095.622119,1120.416017,2585.719476,3652.631586,2923.519936,2578.308622,3537.763385,2923.519936,2660.705535,3311.845122,2923.519936,2981.46949,3056.115221,2923.519936,436.4806553,434.2089531,0.001001968,0.001005531,0.001008742,0.001011081,1773.48756,1773.48756,1773.48756,4449.847669,4449.847669,4449.847669,4449.847669,4449.847669
7/29/1989,1263.619168,1690.857066,1382.100949,1265.815177,1265.191287,1382.100949,2646.643023,3873.445491,3005.750502,2563.940205,3652.631586,3005.750502,2639.353799,3537.763385,3005.750502,2561.853968,3311.845122,3005.750502,593.6677482,590.4226128,0.001001968,0.001005531,0.001008742,0.001011081,1719.280737,1719.280737,1719.280737,4203.224867,4203.224867,4203.224867,4203.224867,4203.224867
7/30/1989,1452.635253,1431.774569,1641.087366,1690.970846,1690.857066,1641.087366,3256.611944,3214.415493,3796.314793,3357.695962,3873.445491,3796.314793,3400.462371,3652.631586,3796.314793,3120.981954,3537.763385,3796.314793,913.9382365,908.6068112,0.001001968,0.001005531,0.001008742,0.001011081,1566.462445,1566.462445,1566.462445,3942.202044,3942.202044,3942.202044,3942.202044,3942.202044
7/31/1989,1206.986079,1571.010137,1348.922313,1426.207371,1431.774569,1348.922313,3132.052172,3332.878586,3625.845829,3240.019055,3214.415493,3625.845829,3393.35959,3873.445491,3625.845829,3541.949705,3652.631586,3625.845829,704.9629734,701.0063866,0.001001968,0.001005531,0.001008742,0.001011081,1445.96453,1445.96453,1445.96453,3663.738028,3663.738028,3663.738028,3663.738028,3663.738028
8/1/1989,1364.863841,1528.613945,1541.509141,1573.940226,1571.010137,1541.509141,3114.885218,3157.038834,3625.290927,3196.517005,3332.878586,3625.290927,3342.933325,3214.415493,3625.290927,3270.305736,3873.445491,3625.290927,856.1038457,851.1574368,0.001001968,0.001005531,0.001008742,0.001011081,1418.838293,1418.838293,1418.838293,3506.807943,3506.807943,3506.807943,3506.807943,3506.807943
8/2/1989,1302.268664,1225.991896,1455.457079,1481.127385,1528.613945,1455.457079,3333.229478,2922.325075,3859.23536,3393.216595,3157.038834,3859.23536,3479.129883,3332.878586,3859.23536,3646.539397,3214.415493,3859.23536,747.5409722,743.308105,0.001001968,0.001005531,0.001008742,0.001011081,1413.691331,1413.691331,1413.691331,3475.363127,3475.363127,3475.363127,3475.363127,3475.363127
8/3/1989,1084.808901,1208.282185,1204.438444,1244.405235,1225.991896,1204.438444,2486.978439,3717.960171,2847.963134,2562.34003,2922.325075,2847.963134,2773.845913,3157.038834,2847.963134,2896.95835,3332.878586,2847.963134,588.6566628,585.4431653,0.001001968,0.001005531,0.001008742,0.001011081,1409.258037,1409.258037,1409.258037,3424.77597,3424.77597,3424.77597,3424.77597,3424.77597
8/4/1989,1174.722062,1307.598573,1292.346035,1190.618016,1208.282185,1292.346035,2745.721352,3709.270683,3137.837796,2673.402198,3717.960171,3137.837796,2784.789144,2922.325075,3137.837796,2987.008587,3157.038834,3137.837796,583.7838983,580.6011304,0.001001968,0.001005531,0.001008742,0.001011081,1422.010433,1422.010433,1422.010433,3438.186764,3438.186764,3438.186764,3438.186764,3438.186764
8/5/1989,1135.96669,1309.838053,1258.890329,1306.334218,1307.598573,1258.890329,2667.630837,3690.069097,3058.217468,2748.931142,3709.270683,3058.217468,2763.947959,3717.960171,3058.217468,2756.338489,2922.325075,3058.217468,607.3948137,604.0628279,0.001001968,0.001005531,0.001008742,0.001011081,1419.018165,1419.018165,1419.018165,3443.515556,3443.515556,3443.515556,3443.515556,3443.515556
8/6/1989,1369.208269,1703.599214,1487.575246,1342.296781,1309.838053,1487.575246,2994.292561,3580.524859,3373.546414,2886.10627,3690.069097,3373.546414,2907.117955,3709.270683,3373.546414,2740.652232,3717.960171,3373.546414,575.7081605,572.576245,0.001001968,0.001005531,0.001008742,0.001011081,1375.656378,1375.656378,1375.656378,3425.556377,3425.556377,3425.556377,3425.556377,3425.556377
8/7/1989,1819.335668,1848.672322,1987.986501,1710.694483,1703.599214,1987.986501,3993.460436,3512.801608,4555.694789,3757.388112,3580.524859,4555.694789,3716.371476,3690.069097,4555.694789,3568.2942,3709.270683,4555.694789,814.1731452,809.5038084,0.001001968,0.001005531,0.001008742,0.001011081,1387.266009,1387.266009,1387.266009,3465.979247,3465.979247,3465.979247,3465.979247,3465.979247
8/8/1989,1638.625955,1740.264892,1812.68494,1848.837412,1848.672322,1812.68494,3564.907846,3502.532444,4099.655222,3644.612355,3512.801608,4099.655222,3670.684271,3580.524859,4099.655222,3598.478052,3690.069097,4099.655222,853.8486182,848.9171568,0.001001968,0.001005531,0.001008742,0.001011081,1410.431632,1410.431632,1410.431632,3477.055095,3477.055095,3477.055095,3477.055095,3477.055095
8/9/1989,1347.212472,1105.55266,1513.349546,1739.803034,1740.264892,1513.349546,3062.378678,3981.846937,3551.110872,3332.453738,3502.532444,3551.110872,3537.590482,3512.801608,3551.110872,3524.703896,3580.524859,3551.110872,821.5579489,816.8399453,0.001001968,0.001005531,0.001008742,0.001011081,1459.24142,1459.24142,1459.24142,3481.142183,3481.142183,3481.142183,3481.142183,3481.142183
8/10/1989,928.9678588,1143.906426,1009.604383,1104.799737,1105.55266,1009.604383,2468.867064,5092.700444,2803.726212,2577.020221,3981.846937,2803.726212,2861.094593,3502.532444,2803.726212,3391.101881,3512.801608,2803.726212,423.936241,421.740341,0.001001968,0.001005531,0.001008742,0.001011081,1454.879712,1454.879712,1454.879712,3522.135124,3522.135124,3522.135124,3522.135124,3522.135124
8/11/1989,921.1157835,1556.20586,1008.965005,1038.963654,1143.906426,1008.965005,2354.337609,5418.550081,2681.696007,2402.080805,5092.700444,2681.696007,2562.124739,3981.846937,2681.696007,2802.031853,3502.532444,2681.696007,459.6238619,457.2115121,0.001001968,0.001005531,0.001008742,0.001011081,1443.367035,1443.367035,1443.367035,3512.427885,3512.427885,3512.427885,3512.427885,3512.427885
8/12/1989,1217.103071,1499.37567,1361.282853,1368.665687,1556.20586,1361.282853,3163.282928,4976.778321,3649.401944,3207.432611,5418.550081,3649.401944,3320.175286,5092.700444,3649.401944,3114.842366,3981.846937,3649.401944,694.6318623,690.7419866,0.001001968,0.001005531,0.001008742,0.001011081,1464.189786,1464.189786,1464.189786,3550.435765,3550.435765,3550.435765,3550.435765,3550.435765
8/13/1989,1580.588927,1893.907,1725.367757,1570.769059,1499.37567,1725.367757,4007.207002,4003.296695,4576.369416,3889.586068,4976.778321,4576.369416,3876.602801,5418.550081,4576.369416,3806.122171,5092.700444,4576.369416,622.7155819,619.2863505,0.001001968,0.001005531,0.001008742,0.001011081,1495.121258,1495.121258,1495.121258,3701.866972,3701.866972,3701.866972,3701.866972,3701.866972
8/14/1989,1913.892233,1980.402842,2126.813063,1993.149642,1893.907,2126.813063,5034.888695,3375.416246,5843.129586,4944.520014,4003.296695,5843.129586,4915.712572,4976.778321,5843.129586,4661.658938,5418.550081,5843.129586,959.5334226,953.8962511,0.001001968,0.001005531,0.001008742,0.001011081,1534.838127,1534.838127,1534.838127,3899.807143,3899.807143,3899.807143,3899.807143,3899.807143
8/15/1989,1772.436806,1613.060845,2004.035109,2013.289323,1980.402842,2004.035109,4993.252714,3486.349764,5861.435037,5043.181999,3375.416246,5861.435037,5198.701905,4003.296695,5861.435037,5113.836799,4976.778321,5861.435037,1084.429641,1077.945746,0.001001968,0.001005531,0.001008742,0.001011081,1572.776248,1572.776248,1572.776248,4139.967962,4139.967962,4139.967962,4139.967962,4139.967962
8/16/1989,1351.940047,1232.278028,1511.276764,1615.496324,1613.060845,1511.276764,3967.754539,3263.785333,4616.078906,4095.560352,3486.349764,4616.078906,4247.767276,3375.416246,4616.078906,4672.563675,4003.296695,4616.078906,776.8005596,772.3766273,0.001001968,0.001005531,0.001008742,0.001011081,1553.769287,1553.769287,1553.769287,4297.956836,4297.956836,4297.956836,4297.956836,4297.956836
8/17/1989,1048.684464,1080.173296,1149.766043,1232.943007,1232.278028,1149.766043,2719.07905,3694.464767,3106.079478,2822.236244,3263.785333,3106.079478,2995.357307,3486.349764,3106.079478,3369.640822,3375.416246,3106.079478,508.7684896,506.0542386,0.001001968,0.001005531,0.001008742,0.001011081,1554.239697,1554.239697,1554.239697,4343.848879,4343.848879,4343.848879,4343.848879,4343.848879
8/18/1989,960.0241031,1127.716407,1047.861814,1080.466514,1080.173296,1047.861814,2402.447241,3486.052138,2730.773808,2453.868352,3694.464767,2730.773808,2597.656354,3263.785333,2730.773808,2812.984401,3486.349764,2730.773808,446.7107749,444.3770271,0.001001968,0.001005531,0.001008742,0.001011081,1558.367265,1558.367265,1558.367265,4347.06167,4347.06167,4347.06167,4347.06167,4347.06167
8/19/1989,940.9390127,1383.003506,1032.432823,1051.751246,1127.716407,1032.432823,2768.826572,3761.082481,3171.93396,2800.360495,3486.052138,3171.93396,2897.65357,3694.464767,3171.93396,3010.158306,3263.785333,3171.93396,466.3768821,463.9233028,0.001001968,0.001005531,0.001008742,0.001011081,1518.322215,1518.322215,1518.322215,4349.175396,4349.175396,4349.175396,4349.175396,4349.175396
8/20/1989,1416.089396,1838.937033,1552.451303,1383.423386,1383.003506,1552.451303,3347.849771,3634.177854,3815.74919,3216.772035,3761.082481,3815.74919,3243.047601,3486.052138,3815.74919,2923.241578,3694.464767,3815.74919,651.4013608,647.7891942,0.001001968,0.001005531,0.001008742,0.001011081,1492.70256,1492.70256,1492.70256,4220.250367,4220.250367,4220.250367,4220.250367,4220.250367
8/21/1989,1585.806776,1088.307253,1781.748341,1885.409716,1838.937033,1781.748341,3837.266309,3361.096222,4454.023159,3992.136405,3634.177854,4454.023159,3893.624083,3761.082481,4454.023159,3667.220241,3486.052138,4454.023159,916.1183434,910.7723424,0.001001968,0.001005531,0.001008742,0.001011081,1465.5585,1465.5585,1465.5585,4017.065862,4017.065862,4017.065862,4017.065862,4017.065862
8/22/1989,963.0505329,1074.923591,1052.809348,1097.736521,1088.307253,1052.809348,2790.482831,2960.715644,3177.025178,2851.103128,3361.096222,3177.025178,3179.389695,3634.177854,3177.025178,3503.941105,3761.082481,3177.025178,453.5276088,451.152406,0.001001968,0.001005531,0.001008742,0.001011081,1374.511667,1374.511667,1374.511667,3766.966239,3766.966239,3766.966239,3766.966239,3766.966239
8/23/1989,954.5845583,1171.440157,1055.916371,1077.02447,1074.923591,1055.916371,2718.111934,2749.919336,3115.853466,2758.709235,2960.715644,3115.853466,2894.192526,3361.096222,3115.853466,3187.068471,3634.177854,3115.853466,514.1364355,511.3889561,0.001001968,0.001005531,0.001008742,0.001011081,1300.006446,1300.006446,1300.006446,3573.504036,3573.504036,3573.504036,3573.504036,3573.504036
8/24/1989,1061.368138,1250.052615,1178.008587,1172.152753,1171.440157,1178.008587,3087.79913,2560.031572,3540.672793,3106.162762,2749.919336,3540.672793,3157.166933,2960.715644,3540.672793,3157.116591,3361.096222,3540.672793,584.1468513,580.9617957,0.001001968,0.001005531,0.001008742,0.001011081,1271.700274,1271.700274,1271.700274,3488.421304,3488.421304,3488.421304,3488.421304,3488.421304
8/25/1989,1083.248499,877.5825782,1210.139622,1249.373249,1250.052615,1210.139622,2897.516585,2317.767678,3341.395921,2965.147039,2560.031572,3341.395921,3020.063365,2749.919336,3341.395921,3064.83472,2960.715644,3341.395921,630.9252297,627.4437564,0.001001968,0.001005531,0.001008742,0.001011081,1278.682824,1278.682824,1278.682824,3504.212643,3504.212643,3504.212643,3504.212643,3504.212643
8/26/1989,784.6421005,835.2828014,860.2784572,876.8104987,877.5825782,860.2784572,2233.634182,2134.812006,2544.397166,2263.332372,2317.767678,2544.397166,2442.444126,2560.031572,2544.397166,2710.807348,2749.919336,2544.397166,394.136426,392.1193112,0.001001968,0.001005531,0.001008742,0.001011081,1266.227629,1266.227629,1266.227629,3456.031913,3456.031913,3456.031913,3456.031913,3456.031913
8/27/1989,753.1916844,809.3536362,826.9041784,834.5407214,835.2828014,826.9041784,2035.668528,2443.479313,2315.001312,2058.808336,2134.812006,2315.001312,2139.212043,2317.767678,2315.001312,2321.828528,2560.031572,2315.001312,386.2788751,384.3085877,0.001001968,0.001005531,0.001008742,0.001011081,1202.724615,1202.724615,1202.724615,3358.044782,3358.044782,3358.044782,3358.044782,3358.044782
8/28/1989,730.335703,872.8415004,801.7030879,808.6524856,809.3536362,801.7030879,2044.695987,2531.057421,2328.119746,2065.225546,2443.479313,2328.119746,2123.109837,2134.812006,2328.119746,2204.652778,2317.767678,2328.119746,375.5641434,373.657491,0.001001968,0.001005531,0.001008742,0.001011081,1084.943088,1084.943088,1084.943088,3141.359134,3141.359134,3141.359134,3141.359134,3141.359134
8/29/1989,709.3604793,958.3512445,778.533849,784.9217473,872.8415004,778.533849,1955.244148,2342.697556,2222.420937,1975.805025,2531.057421,2222.420937,2032.347794,2443.479313,2222.420937,2079.111171,2134.812006,2222.420937,365.4902111,363.6431504,0.001001968,0.001005531,0.001008742,0.001011081,1002.889374,1002.889374,1002.889374,2932.517591,2932.517591,2932.517591,2932.517591,2932.517591
8/30/1989,973.0283539,1164.344703,1066.85802,980.4645099,958.3512445,1066.85802,2105.125985,2247.078921,2384.675859,2047.882708,2342.697556,2384.675859,2102.626171,2531.057421,2384.675859,1954.831327,2443.479313,2384.675859,462.5962817,460.1657946,0.001001968,0.001005531,0.001008742,0.001011081,977.4054145,977.4054145,977.4054145,2729.21993,2729.21993,2729.21993,2729.21993,2729.21993
8/31/1989,1059.306839,872.1600402,1186.85793,1214.329276,1164.344703,1186.85793,2436.848661,2163.38245,2815.32453,2500.306113,2247.078921,2815.32453,2501.661735,2342.697556,2815.32453,2391.59852,2531.057421,2815.32453,626.786446,623.3313212,0.001001968,0.001005531,0.001008742,0.001011081,974.2814796,974.2814796,974.2814796,2615.378111,2615.378111,2615.378111,2615.378111,2615.378111
9/1/1989,763.6598443,736.9198251,841.9194135,872.5448945,872.1600402,841.9194135,2082.985867,2101.104309,2380.603585,2129.178944,2163.38245,2380.603585,2251.396979,2247.078921,2380.603585,2466.220716,2342.697556,2380.603585,410.0043945,407.8923093,0.001001968,0.001005531,0.001008742,0.001011081,935.4684302,935.4684302,935.4684302,2507.177276,2507.177276,2507.177276,2507.177276,2507.177276
9/2/1989,672.5302136,773.1014422,730.888851,736.5551365,736.9198251,730.888851,1713.728802,2027.614193,1931.10777,1732.104755,2101.104309,1931.10777,1804.381569,2163.38245,1931.10777,2007.739249,2247.078921,1931.10777,311.9126768,310.3784037,0.001001968,0.001005531,0.001008742,0.001011081,901.4134092,901.4134092,901.4134092,2414.401617,2414.401617,2414.401617,2414.401617,2414.401617
9/3/1989,705.4843196,779.5127338,772.876301,773.4287103,773.1014422,772.876301,1813.392569,1969.204702,2059.365575,1828.75217,2027.614193,2059.365575,1880.877422,2101.104309,2059.365575,1896.798144,2163.38245,2059.365575,358.0036307,356.2007035,0.001001968,0.001005531,0.001008742,0.001011081,889.0638308,889.0638308,889.0638308,2345.257137,2345.257137,2345.257137,2345.257137,2345.257137
9/4/1989,696.5572303,709.697208,767.7790176,779.0292423,779.5127338,767.7790176,1884.156009,1918.772915,2150.357793,1909.874213,1969.204702,2150.357793,1968.855842,2027.614193,2150.357793,1986.399913,2101.104309,2150.357793,378.488619,376.5646237,0.001001968,0.001005531,0.001008742,0.001011081,884.6376551,884.6376551,884.6376551,2307.902605,2307.902605,2307.902605,2307.902605,2307.902605
9/5/1989,633.6889933,666.1506372,694.4303897,709.2133132,709.697208,694.4303897,1766.784956,1871.470423,2006.78285,1792.786429,1918.772915,2006.78285,1846.752504,1969.204702,2006.78285,1937.204502,2027.614193,2006.78285,326.9127792,325.2916724,0.001001968,0.001005531,0.001008742,0.001011081,874.4334682,874.4334682,874.4334682,2281.183336,2281.183336,2281.183336,2281.183336,2281.183336
9/6/1989,603.1365424,651.7431792,659.2608861,665.7163858,666.1506372,659.2608861,1669.448316,1831.229946,1890.576446,1686.478272,1871.470423,1890.576446,1740.255728,1918.772915,1890.576446,1802.523227,1969.204702,1890.576446,304.2127087,302.7227728,0.001001968,0.001005531,0.001008742,0.001011081,833.933127,833.933127,833.933127,2253.043524,2253.043524,2253.043524,2253.043524,2253.043524
9/7/1989,591.0731673,635.204236,646.6518219,651.3611024,651.7431792,646.6518219,1663.312075,1795.970751,1886.180501,1678.133225,1831.229946,1886.180501,1722.76599,1871.470423,1886.180501,1767.968441,1918.772915,1886.180501,302.1167717,300.6388758,0.001001968,0.001005531,0.001008742,0.001011081,768.3455265,768.3455265,768.3455265,2171.45692,2171.45692,2171.45692,2171.45692,2171.45692
9/8/1989,576.3267186,618.4444876,630.587075,634.8755493,635.204236,630.587075,1636.711135,1759.290923,1856.115387,1650.58535,1795.970751,1856.115387,1692.193144,1831.229946,1856.115387,1736.384057,1871.470423,1856.115387,296.0657358,294.62253,0.001001968,0.001005531,0.001008742,0.001011081,725.3615579,725.3615579,725.3615579,2075.86638,2075.86638,2075.86638,2075.86638,2075.86638
9/9/1989,561.3524626,602.1336815,614.1580649,618.1710424,618.4444876,614.1580649,1601.511409,1731.671953,1815.380945,1614.799838,1759.290923,1815.380945,1654.967218,1795.970751,1815.380945,1693.771219,1831.229946,1815.380945,289.2907355,287.886245,0.001001968,0.001005531,0.001008742,0.001011081,704.5819497,704.5819497,704.5819497,2011.657056,2011.657056,2011.657056,2011.657056,2011.657056
9/10/1989,546.7648341,584.9114395,598.1388987,601.9153337,602.1336815,598.1388987,1569.472096,1710.554665,1778.999246,1582.101476,1731.671953,1778.999246,1620.897729,1759.290923,1778.999246,1661.043453,1795.970751,1778.999246,282.6065443,281.2401177,0.001001968,0.001005531,0.001008742,0.001011081,680.0959787,680.0959787,680.0959787,1966.542479,1966.542479,1966.542479,1966.542479,1966.542479
9/11/1989,531.1035864,568.5316584,580.8126571,584.739764,584.9114395,580.8126571,1539.52974,1648.084364,1744.337344,1551.81848,1710.554665,1744.337344,1589.025926,1731.671953,1744.337344,1626.746709,1759.290923,1744.337344,274.689307,273.3677915,0.001001968,0.001005531,0.001008742,0.001011081,651.6331783,651.6331783,651.6331783,1918.20448,1918.20448,1918.20448,1918.20448,1918.20448
9/12/1989,517.4498188,558.8358169,565.6735433,568.3985928,568.5316584,565.6735433,1508.933695,2016.898877,1709.205369,1519.572082,1648.084364,1709.205369,1555.659577,1710.554665,1709.205369,1594.749995,1731.671953,1709.205369,267.6622621,266.3804452,0.001001968,0.001005531,0.001008742,0.001011081,630.2241684,630.2241684,630.2241684,1869.997626,1869.997626,1869.997626,1869.997626,1869.997626
9/13/1989,508.0848162,551.2459372,555.8624766,558.7403956,558.8358169,555.8624766,1490.205771,2304.365839,1688.651488,1500.878832,2016.898877,1688.651488,1535.518809,1648.084364,1688.651488,1566.818922,1710.554665,1688.651488,265.9934315,264.7210195,0.001001968,0.001005531,0.001008742,0.001011081,613.0743125,613.0743125,613.0743125,1829.014154,1829.014154,1829.014154,1829.014154,1829.014154
9/14/1989,492.7370908,610.5100696,538.8548057,542.6906573,551.2459372,538.8548057,1473.744457,3259.512182,1669.811907,1484.635999,2304.365839,1669.811907,1517.74659,2016.898877,1669.811907,1553.356308,1648.084364,1669.811907,258.0025854,256.7750824,0.001001968,0.001005531,0.001008742,0.001011081,596.9023288,596.9023288,596.9023288,1794.949717,1794.949717,1794.949717,1794.949717,1794.949717
9/15/1989,571.41138,789.219982,620.0918011,611.8200631,610.5100696,620.0918011,1536.397878,3856.980375,1730.110288,1538.524816,3259.512182,1730.110288,1513.071273,2304.365839,1730.110288,1499.648888,2016.898877,1730.110288,264.3100517,263.0471176,0.001001968,0.001005531,0.001008742,0.001011081,584.358828,584.358828,584.358828,1761.438569,1761.438569,1761.438569,1761.438569,1761.438569
9/16/1989,759.5878831,1129.35466,830.7992623,773.1678374,789.219982,830.7992623,2022.064077,9567.772767,2306.274,1977.42271,3856.980375,2306.274,1968.434634,3259.512182,2306.274,1843.987175,2304.365839,2306.274,375.9123662,374.0036497,0.001001968,0.001005531,0.001008742,0.001011081,597.812356,597.812356,597.812356,1795.430596,1795.430596,1795.430596,1795.430596,1795.430596
9/17/1989,1012.958906,946.6561776,1145.380031,1137.443796,1129.35466,1145.380031,2541.308519,17444.92486,2954.227822,2569.593861,9567.772767,2954.227822,2602.735131,3856.980375,2954.227822,2217.727797,3259.512182,2954.227822,656.0034718,652.3618551,0.001001968,0.001005531,0.001008742,0.001011081,663.6141974,663.6141974,663.6141974,1887.521858,1887.521858,1887.521858,1887.521858,1887.521858
9/18/1989,1032.926618,1681.852656,1120.205137,958.2291294,946.6561776,1120.205137,3205.203711,16125.02799,3672.643491,3044.691187,17444.92486,3672.643491,3040.718893,9567.772767,3672.643491,3299.213072,3856.980375,3672.643491,447.9203676,445.5792705,0.001001968,0.001005531,0.001008742,0.001011081,710.3580558,710.3580558,710.3580558,2120.87556,2120.87556,2120.87556,2120.87556,2120.87556
9/19/1989,983.3482305,6137.484308,1099.978624,1145.147786,1681.852656,1099.978624,3373.930846,11200.44486,3914.421845,3428.349686,16125.02799,3914.421845,3445.805218,17444.92486,3914.421845,3241.066461,9567.772767,3914.421845,600.0151207,596.7298591,0.001001968,0.001005531,0.001008742,0.001011081,784.6492896,784.6492896,784.6492896,2448.205767,2448.205767,2448.205767,2448.205767,2448.205767
9/20/1989,5146.655097,4048.884346,6279.641277,6235.050643,6137.484308,6279.641277,12589.96071,8856.258498,15566.16105,12906.46361,11200.44486,15566.16105,12991.43249,16125.02799,15566.16105,8376.442531,17444.92486,15566.16105,4341.907464,4310.818283,0.001001968,0.001005531,0.001008742,0.001011081,1483.877482,1483.877482,1483.877482,3704.745311,3704.745311,3704.745311,3704.745311,3704.745311
9/21/1989,5136.816464,7117.477315,5736.283733,4251.13899,4048.884346,5736.283733,19015.72322,9187.244597,22665.29256,17514.26755,8856.258498,22665.29256,17581.70737,11200.44486,22665.29256,19522.20743,16125.02799,22665.29256,2353.936888,2338.309095,0.001001968,0.001005531,0.001008742,0.001011081,1997.323477,1997.323477,1997.323477,6167.485446,6167.485446,6167.485446,6167.485446,6167.485446
9/22/1989,6238.801785,5427.583328,7341.30768,7105.717472,7117.477315,7341.30768,14464.25694,10080.78165,17615.1656,14507.3947,9187.244597,17615.1656,14465.37261,8856.258498,17615.1656,12768.99641,11200.44486,17615.1656,4481.512345,4449.302818,0.001001968,0.001005531,0.001008742,0.001011081,2798.903571,2798.903571,2798.903571,8311.931376,8311.931376,8311.931376,8311.931376,8311.931376
9/23/1989,4015.417169,2541.637925,4631.840921,5445.491522,5427.583328,4631.840921,9587.851322,10963.59819,11453.43319,10562.25887,10080.78165,11453.43319,10765.03524,9187.244597,11453.43319,11878.94237,8856.258498,11453.43319,2567.142843,2549.910052,0.001001968,0.001005531,0.001008742,0.001011081,3438.005801,3438.005801,3438.005801,9728.676904,9728.676904,9728.676904,9728.676904,9728.676904
9/24/1989,2499.996816,3584.786798,2640.79355,2599.335627,2541.637925,2640.79355,4790.788067,8678.47026,5311.242868,4796.419012,10963.59819,5311.242868,5724.621336,10080.78165,5311.242868,7567.716698,9187.244597,5311.242868,593.7411509,590.4955518,0.001001968,0.001005531,0.001008742,0.001011081,3777.861994,3777.861994,3777.861994,10803.10403,10803.10403,10803.10403,10803.10403,10803.10403
9/25/1989,3169.87341,4691.330631,3532.054485,3499.231876,3584.786798,3532.054485,6286.515733,7412.199503,7311.998689,6355.197736,8678.47026,7311.998689,6685.121136,10963.59819,7311.998689,6809.764715,10080.78165,7311.998689,1601.448363,1591.341584,0.001001968,0.001005531,0.001008742,0.001011081,4153.37983,4153.37983,4153.37983,11514.67766,11514.67766,11514.67766,11514.67766,11514.67766
9/26/1989,3917.397055,4061.551985,4529.114808,4702.366896,4691.330631,4529.114808,9459.282812,6205.431822,11315.97366,9797.186031,7412.199503,11315.97366,10112.52228,8678.47026,11315.97366,9007.174428,10963.59819,11315.97366,2561.15457,2543.96707,0.001001968,0.001005531,0.001008742,0.001011081,4645.807438,4645.807438,4645.807438,12254.85826,12254.85826,12254.85826,12254.85826,12254.85826
9/27/1989,3483.050475,2662.126404,3969.337907,4111.497537,4061.551985,3969.337907,9690.639984,5157.753247,11511.02563,9922.570165,6205.431822,11511.02563,10325.11245,7412.199503,11511.02563,10996.38213,8678.47026,11511.02563,2073.523373,2059.981193,0.001001968,0.001005531,0.001008742,0.001011081,4465.732616,4465.732616,4465.732616,12358.94083,12358.94083,12358.94083,12358.94083,12358.94083
9/28/1989,2261.098378,2074.923502,2520.746127,2674.492086,2662.126404,2520.746127,5463.572447,6342.92335,6353.933001,5676.888532,5157.753247,6353.933001,6338.460689,6205.431822,6353.933001,7556.011609,7412.199503,6353.933001,1176.419885,1169.30442,0.001001968,0.001005531,0.001008742,0.001011081,4324.759498,4324.759498,4324.759498,10884.37563,10884.37563,10884.37563,10884.37563,10884.37563
9/29/1989,1784.714294,1791.364895,1972.223286,2076.226645,2074.923502,1972.223286,4412.403809,6901.047146,5084.59956,4557.975645,6342.92335,5084.59956,4965.558854,5157.753247,5084.59956,5813.817599,6205.431822,5084.59956,877.2176237,872.13103,0.001001968,0.001005531,0.001008742,0.001011081,3780.781893,3780.781893,3780.781893,9463.525884,9463.525884,9463.525884,9463.525884,9463.525884
9/30/1989,1567.894671,1667.639584,1724.274649,1791.804512,1791.364895,1724.274649,4103.465429,6591.169498,4722.723796,4199.506852,6901.047146,4722.723796,4441.297264,6342.92335,4722.723796,4984.892838,5157.753247,4722.723796,743.5353359,739.3285504,0.001001968,0.001005531,0.001008742,0.001011081,3315.632837,3315.632837,3315.632837,8518.482902,8518.482902,8518.482902,8518.482902,8518.482902
10/1/1989,1444.313633,2187.641642,1585.082413,1627.682867,1667.639584,1585.082413,3716.374959,5887.149815,4271.103228,3784.804408,6591.169498,4271.103228,3964.885079,6901.047146,4271.103228,4287.201142,6342.92335,4271.103228,676.7206073,672.9460786,0.001001968,0.001005531,0.001008742,0.001011081,3068.857072,3068.857072,3068.857072,7753.759286,7753.759286,7753.759286,7753.759286,7753.759286
10/2/1989,1739.573531,2539.287599,1932.236065,1952.766798,2187.641642,1932.236065,5581.960747,5084.424315,6496.166462,5626.091655,5887.149815,6496.166462,5654.803281,6591.169498,6496.166462,5438.190718,6901.047146,6496.166462,887.1785699,882.0256896,0.001001968,0.001005531,0.001008742,0.001011081,2830.112721,2830.112721,2830.112721,7437.88081,7437.88081,7437.88081,7437.88081,7437.88081
10/3/1989,2458.402048,2110.581254,2742.199653,2653.823695,2539.287599,2742.199653,6985.888716,4477.621234,8153.244961,6957.67482,5084.424315,8153.244961,6934.050945,5887.149815,8153.244961,6470.20173,6591.169498,8153.244961,1176.889942,1169.771234,0.001001968,0.001005531,0.001008742,0.001011081,2535.198981,2535.198981,2535.198981,7160.593602,7160.593602,7160.593602,7160.593602,7160.593602
10/4/1989,2098.650877,2031.283234,2312.605002,2194.36633,2110.581254,2312.605002,5899.466481,4217.680679,6844.132845,5813.538757,4477.621234,6844.132845,6039.085271,5084.424315,6844.132845,6416.620275,5887.149815,6844.132845,949.2104349,943.6426509,0.001001968,0.001005531,0.001008742,0.001011081,2265.128971,2265.128971,2265.128971,6545.188436,6545.188436,6545.188436,6545.188436,6545.188436
10/5/1989,1719.112803,1526.98562,1913.926428,2021.168397,2031.283234,1913.926428,4421.903744,3869.03785,5132.223146,4569.27152,4217.680679,5132.223146,4741.170803,4477.621234,5132.223146,5072.36522,5084.424315,5132.223146,908.1097193,902.8172404,0.001001968,0.001005531,0.001008742,0.001011081,2109.265015,2109.265015,2109.265015,6124.5417,6124.5417,6124.5417,6124.5417,6124.5417
10/6/1989,1329.942694,1385.434534,1448.01486,1536.114502,1526.98562,1448.01486,3642.337498,3641.040974,4169.814145,3748.055827,3869.03785,4169.814145,3949.017676,4217.680679,4169.814145,4424.910545,4477.621234,4169.814145,558.2615777,555.2391911,0.001001968,0.001005531,0.001008742,0.001011081,2012.118618,2012.118618,2012.118618,5851.779157,5851.779157,5851.779157,5851.779157,5851.779157
10/7/1989,1264.613653,1376.934312,1375.559153,1392.545388,1385.434534,1375.559153,3291.1318,3719.325083,3755.061962,3328.048391,3641.040974,3755.061962,3495.31018,3869.03785,3755.061962,3723.12508,4217.680679,3755.061962,532.2584137,529.3984067,0.001001968,0.001005531,0.001008742,0.001011081,1949.377488,1949.377488,1949.377488,5691.616522,5691.616522,5691.616522,5691.616522,5691.616522
10/8/1989,1231.142563,1311.496254,1349.381575,1377.272444,1376.934312,1349.381575,3392.969526,3741.700927,3892.522521,3440.101515,3719.325083,3892.522521,3553.252029,3641.040974,3892.522521,3674.004955,3869.03785,3892.522521,573.0338012,569.9187048,0.001001968,0.001005531,0.001008742,0.001011081,1906.687375,1906.687375,1906.687375,5597.299195,5597.299195,5597.299195,5597.299195,5597.299195
10/9/1989,1169.206088,1277.747677,1279.870733,1311.261799,1311.496254,1279.870733,3216.820007,3582.044651,3680.174482,3267.622633,3741.700927,3680.174482,3359.851768,3719.325083,3680.174482,3465.093384,3641.040974,3680.174482,538.8094523,535.9086366,0.001001968,0.001005531,0.001008742,0.001011081,1830.049079,1830.049079,1830.049079,5248.779192,5248.779192,5248.779192,5248.779192,5248.779192
10/10/1989,1107.220552,1209.062847,1210.280569,1242.58361,1277.747677,1210.280569,2965.707464,3362.803012,3392.053755,3016.188656,3582.044651,3392.053755,3106.566819,3741.700927,3392.053755,3276.535467,3719.325083,3392.053755,504.2943824,501.6077899,0.001001968,0.001005531,0.001008742,0.001011081,1658.094076,1658.094076,1658.094076,4715.078403,4715.078403,4715.078403,4715.078403,4715.078403
10/11/1989,1123.91254,1291.100446,1224.284639,1223.417229,1209.062847,1224.284639,3123.636831,2892.742655,3569.25187,3139.771608,3362.803012,3569.25187,3217.992717,3582.044651,3569.25187,3276.13668,3741.700927,3569.25187,478.667287,476.1384578,0.001001968,0.001005531,0.001008742,0.001011081,1507.105992,1507.105992,1507.105992,4245.754621,4245.754621,4245.754621,4245.754621,4245.754621
10/12/1989,1248.950006,1343.781282,1369.055604,1305.528354,1291.100446,1369.055604,3336.360015,2710.999885,3829.551557,3293.629174,2892.742655,3829.551557,3366.942544,3362.803012,3829.551557,3374.264722,3582.044651,3829.551557,581.1459457,577.9797993,0.001001968,0.001005531,0.001008742,0.001011081,1399.258639,1399.258639,1399.258639,3965.666651,3965.666651,3965.666651,3965.666651,3965.666651
10/13/1989,1184.20995,1118.667819,1313.010264,1343.138752,1343.781282,1313.010264,3136.956911,3866.593129,3619.140519,3192.464595,2710.999885,3619.140519,3271.869238,2892.742655,3619.140519,3287.731771,3362.803012,3619.140519,631.9641053,628.4760147,0.001001968,0.001005531,0.001008742,0.001011081,1350.623669,1350.623669,1350.623669,3782.908473,3782.908473,3782.908473,3782.908473,3782.908473
10/14/1989,974.1684391,817.3190502,1064.933271,1111.239826,1118.667819,1064.933271,2726.434083,5096.158294,3115.983936,2787.020594,3866.593129,3115.983936,2889.723922,2710.999885,3115.983936,3108.342109,2892.742655,3115.983936,454.5304369,452.1491282,0.001001968,0.001005531,0.001008742,0.001011081,1302.698331,1302.698331,1302.698331,3652.325778,3652.325778,3652.325778,3652.325778,3652.325778
10/15/1989,655.8486214,652.9787487,698.222871,817.3254297,817.3190502,698.222871,2001.068232,7299.014584,2245.643689,2123.973951,5096.158294,2245.643689,2188.576882,3866.593129,2245.643689,2513.284854,2710.999885,2245.643689,208.9893729,208.0324404,0.001001968,0.001005531,0.001008742,0.001011081,1224.012155,1224.012155,1224.012155,3493.920462,3493.920462,3493.920462,3493.920462,3493.920462
10/16/1989,706.3795123,2057.709463,734.6482903,605.492286,652.9787487,734.6482903,2054.82395,11587.45374,2279.013482,1923.387363,7299.014584,2279.013482,2056.485776,5096.158294,2279.013482,2213.777238,3866.593129,2279.013482,134.3057226,133.7410941,0.001001968,0.001005531,0.001008742,0.001011081,1138.297722,1138.297722,1138.297722,3333.285374,3333.285374,3333.285374,3333.285374,3333.285374
10/17/1989,1581.061062,1992.598167,1795.152061,1741.299147,2057.709463,1795.152061,4221.931212,14014.0974,4942.674397,4221.007824,11587.45374,4942.674397,4152.488592,7299.014584,4942.674397,3296.078393,5096.158294,4942.674397,997.3879868,991.4955687,0.001001968,0.001005531,0.001008742,0.001011081,1172.765123,1172.765123,1172.765123,3370.828677,3370.828677,3370.828677,3370.828677,3370.828677
10/18/1989,1706.640016,4075.839246,1874.553868,2005.327666,1992.598167,1874.553868,5663.833326,24849.88356,6540.44977,5825.92543,14014.0974,6540.44977,5569.811076,11587.45374,6540.44977,5433.46557,7299.014584,6540.44977,641.299448,637.7518287,0.001001968,0.001005531,0.001008742,0.001011081,1238.147339,1238.147339,1238.147339,3663.153724,3663.153724,3663.153724,3663.153724,3663.153724
10/19/1989,2582.436517,11688.85805,2827.481976,2339.272162,4075.839246,2827.481976,8115.978663,30514.04599,9341.642476,7682.459396,24849.88356,9341.642476,7806.886561,14014.0974,9341.642476,6664.121804,11587.45374,9341.642476,987.0222184,981.1998185,0.001001968,0.001005531,0.001008742,0.001011081,1385.611023,1385.611023,1385.611023,4372.870912,4372.870912,4372.870912,4372.870912,4372.870912
10/20/1989,8579.035926,12148.12552,10045.28355,9503.970815,11688.85805,10045.28355,18315.46288,24609.15999,21948.78304,18378.55537,30514.04599,21948.78304,18028.8839,24849.88356,21948.78304,11603.42227,14014.0974,21948.78304,4968.368003,4932.223153,0.001001968,0.001005531,0.001008742,0.001011081,2351.375106,2351.375106,2351.375106,6000.81994,6000.81994,6000.81994,6000.81994,6000.81994
10/21/1989,14514.68725,14504.41609,16527.92265,14524.45055,12148.12552,16527.92265,25305.27456,18520.86533,29787.07803,24306.88714,24609.15999,29787.07803,23694.00119,30514.04599,29787.07803,19261.43975,24849.88356,29787.07803,5850.0001,5806.627945,0.001001968,0.001005531,0.001008742,0.001011081,3995.799535,3995.799535,3995.799535,8443.985977,8443.985977,8443.985977,8443.985977,8443.985977
10/22/1989,15552.44767,17332.66928,17901.81199,15543.82789,14504.41609,17901.81199,27857.21417,15525.62025,33502.92799,26293.9788,18520.86533,33502.92799,27326.70244,24609.15999,33502.92799,26509.97995,30514.04599,33502.92799,8393.59179,8328.782205,0.001001968,0.001005531,0.001008742,0.001011081,5968.747392,5968.747392,5968.747392,11981.9677,11981.9677,11981.9677,11981.9677,11981.9677
10/23/1989,13193.78792,8096.769088,16006.33309,17379.67523,17332.66928,16006.33309,25783.93511,11658.53183,32317.3335,27984.12649,15525.62025,32317.3335,29731.27374,18520.86533,32317.3335,28468.134,24609.15999,32317.3335,10583.72765,10499.91923,0.001001968,0.001005531,0.001008742,0.001011081,8235.810191,8235.810191,8235.810191,15737.37295,15737.37295,15737.37295,15737.37295,15737.37295
10/24/1989,5526.746711,3868.834838,6313.565657,8121.333821,8096.769088,6313.565657,13163.21452,8695.971882,15663.13307,15160.19981,11658.53183,15663.13307,17546.43517,15525.62025,15663.13307,24739.38152,18520.86533,15663.13307,3223.613886,3201.349316,0.001001968,0.001005531,0.001008742,0.001011081,9437.259788,9437.259788,9437.259788,18700.38774,18700.38774,18700.38774,18700.38774,18700.38774
10/25/1989,3130.729543,3735.846932,3364.454031,3884.447999,3868.834838,3364.454031,4408.307802,7459.864223,4840.093007,5042.364275,8695.971882,4840.093007,7208.064062,11658.53183,4840.093007,11442.43495,15525.62025,4840.093007,987.7200922,981.8929813,0.001001968,0.001005531,0.001008742,0.001011081,10027.90135,10027.90135,10027.90135,20316.64596,20316.64596,20316.64596,20316.64596,20316.64596
10/26/1989,3191.359218,3416.736313,3536.095004,3746.026074,3735.846932,3536.095004,7663.057984,6792.049257,8894.287035,7954.468366,7459.864223,8894.287035,8803.013884,8695.971882,8894.287035,10500.75279,11658.53183,8894.287035,1485.081243,1475.804254,0.001001968,0.001005531,0.001008742,0.001011081,10316.57936,10316.57936,10316.57936,20719.34111,20719.34111,20719.34111,20719.34111,20719.34111
10/27/1989,2959.601015,3106.538247,3295.962898,3423.457132,3416.736313,3295.962898,7634.418741,6564.578107,8906.794168,7829.837351,6792.049257,8906.794168,8331.862964,7459.864223,8906.794168,9208.608369,8695.971882,8906.794168,1463.532445,1454.408281,0.001001968,0.001005531,0.001008742,0.001011081,9689.58397,9689.58397,9689.58397,19854.77542,19854.77542,19854.77542,19854.77542,19854.77542
10/28/1989,2710.229756,2850.569776,3017.964157,3110.793362,3106.538247,3017.964157,6236.746309,6023.302528,7236.734256,6410.592328,6564.578107,7236.734256,6821.342906,6792.049257,7236.734256,7330.830711,7459.864223,7236.734256,1352.730548,1344.387841,0.001001968,0.001005531,0.001008742,0.001011081,8350.622961,8350.622961,8350.622961,18029.45073,18029.45073,18029.45073,18029.45073,18029.45073
10/29/1989,2499.314237,2643.828333,2780.935196,2852.588311,2850.569776,2780.935196,5616.211092,7016.590769,6499.972844,5766.07289,6023.302528,6499.972844,6118.576312,6564.578107,6499.972844,6513.537889,6792.049257,6499.972844,1249.528344,1241.906547,0.001001968,0.001005531,0.001008742,0.001011081,6681.586334,6681.586334,6681.586334,15077.22037,15077.22037,15077.22037,15077.22037,15077.22037
10/30/1989,2326.711378,2553.72062,2587.163839,2644.282866,2643.828333,2587.163839,5265.351512,6738.192774,6079.883064,5396.08111,7016.590769,6079.883064,5705.371462,6023.302528,6079.883064,5991.959906,6564.578107,6079.883064,1165.027914,1157.991004,0.001001968,0.001005531,0.001008742,0.001011081,4703.435662,4703.435662,4703.435662,11871.36869,11871.36869,11871.36869,11871.36869,11871.36869
10/31/1989,2188.67297,3219.084139,2433.109579,2479.652966,2553.72062,2433.109579,5203.700108,6161.362215,6012.546445,5315.24309,6738.192774,6012.546445,5586.921963,7016.590769,6012.546445,5862.030876,6023.302528,6012.546445,1100.864386,1094.268129,0.001001968,0.001005531,0.001008742,0.001011081,3653.491188,3653.491188,3653.491188,9265.488761,9265.488761,9265.488761,9265.488761,9265.488761
11/1/1989,2934.288382,3117.186965,3327.662499,3240.791301,3219.084139,3327.662499,5744.183829,5880.134211,6714.134552,5797.046031,6161.362215,6714.134552,6021.87791,6738.192774,6714.134552,5423.900421,7016.590769,6714.134552,1685.994871,1675.280659,0.001001968,0.001005531,0.001008742,0.001011081,3267.410992,3267.410992,3267.410992,7681.898412,7681.898412,7681.898412,7681.898412,7681.898412
11/2/1989,2915.687876,2799.00713,3270.073273,3160.432078,3117.186965,3270.073273,6595.782861,5407.774418,7692.838493,6582.64349,5880.134211,7692.838493,6760.459375,6161.362215,7692.838493,7021.054666,6738.192774,7692.838493,1547.21341,1537.494298,0.001001968,0.001005531,0.001008742,0.001011081,3083.724077,3083.724077,3083.724077,7053.237608,7053.237608,7053.237608,7053.237608,7053.237608
11/3/1989,2365.824504,2415.425402,2655.848257,2786.659561,2799.00713,2655.848257,5262.846485,5136.653807,6116.001937,5477.349178,5407.774418,6116.001937,5783.744592,5880.134211,6116.001937,6060.023783,6161.362215,6116.001937,1303.945155,1295.944103,0.001001968,0.001005531,0.001008742,0.001011081,2963.467036,2963.467036,2963.467036,6759.262806,6759.262806,6759.262806,6759.262806,6759.262806
11/4/1989,2090.049124,2167.717302,2320.797363,2416.796657,2415.425402,2320.797363,4688.567887,5058.360689,5397.413343,4853.244338,5136.653807,5397.413343,5134.329442,5407.774418,5397.413343,5541.392065,5880.134211,5397.413343,1037.06691,1030.90563,0.001001968,0.001005531,0.001008742,0.001011081,2853.058491,2853.058491,2853.058491,6536.663682,6536.663682,6536.663682,6536.663682,6536.663682
11/5/1989,1929.289731,2015.06462,2131.782535,2156.450303,2167.717302,2131.782535,4447.048729,5823.447356,5103.37276,4528.030277,5058.360689,5103.37276,4815.759369,5136.653807,5103.37276,5132.744193,5407.774418,5103.37276,924.8790247,919.4744073,0.001001968,0.001005531,0.001008742,0.001011081,2753.185189,2753.185189,2753.185189,6354.113523,6354.113523,6354.113523,6354.113523,6354.113523
11/6/1989,1829.758131,2096.659193,2020.15452,2011.638594,2015.06462,2020.15452,4237.792232,5965.459013,4858.475931,4282.444346,5823.447356,4858.475931,4522.449598,5058.360689,4858.475931,4774.742225,5136.653807,4858.475931,875.5821828,870.5064633,0.001001968,0.001005531,0.001008742,0.001011081,2660.846212,2660.846212,2660.846212,6164.416281,6164.416281,6164.416281,6164.416281,6164.416281
11/7/1989,1992.432058,2270.719226,2204.280959,2100.127343,2096.659193,2204.280959,4345.931543,6303.371852,4993.269059,4303.045335,5965.459013,4993.269059,4469.343122,5823.447356,4993.269059,4570.285181,5058.360689,4993.269059,971.7577222,966.0382611,0.001001968,0.001005531,0.001008742,0.001011081,2594.210251,2594.210251,2594.210251,5958.697475,5958.697475,5958.697475,5958.697475,5958.697475
11/8/1989,2012.357137,2359.398471,2240.946471,2256.079889,2270.719226,2240.946471,4457.16402,6172.184865,5145.811213,4537.536887,6303.371852,5145.811213,4625.925791,5965.459013,5145.811213,4615.94128,5823.447356,5145.811213,1049.499922,1043.254129,0.001001968,0.001005531,0.001008742,0.001011081,2455.904765,2455.904765,2455.904765,5816.510715,5816.510715,5816.510715,5816.510715,5816.510715
11/9/1989,2072.466326,2865.503584,2301.052381,2287.963042,2359.398471,2301.052381,5362.472262,6089.138028,6194.441603,5404.95375,6172.184865,6194.441603,5532.513628,6303.371852,6194.441603,5393.099929,5965.459013,6194.441603,1038.056256,1031.888256,0.001001968,0.001005531,0.001008742,0.001011081,2338.890075,2338.890075,2338.890075,5662.039419,5662.039419,5662.039419,5662.039419,5662.039419
11/10/1989,2762.629393,3084.021077,3066.067119,2891.13018,2865.503584,3066.067119,6190.51339,5647.499255,7141.655878,6112.368931,6089.138028,7141.655878,6065.219254,6172.184865,7141.655878,5703.433563,6303.371852,7141.655878,1298.290009,1290.328462,0.001001968,0.001005531,0.001008742,0.001011081,2304.196545,2304.196545,2304.196545,5593.683619,5593.683619,5593.683619,5593.683619,5593.683619
11/11/1989,3018.003491,3247.837392,3349.576883,3120.897445,3084.021077,3349.576883,6373.721881,5354.004251,7362.585474,6243.472172,5647.499255,7362.585474,6391.520908,6089.138028,7362.585474,6165.935365,6172.184865,7362.585474,1451.335546,1442.297764,0.001001968,0.001005531,0.001008742,0.001011081,2374.057195,2374.057195,2374.057195,5676.407756,5676.407756,5676.407756,5676.407756,5676.407756
11/12/1989,2741.141873,2401.278009,3101.339348,3250.155095,3247.837392,3101.339348,5510.082542,5318.245686,6440.688835,5771.331449,5354.004251,6440.688835,6052.446656,5647.499255,6440.688835,5963.89239,6089.138028,6440.688835,1604.850439,1594.71929,0.001001968,0.001005531,0.001008742,0.001011081,2506.933273,2506.933273,2506.933273,5779.478728,5779.478728,5779.478728,5779.478728,5779.478728
11/13/1989,2017.373458,2033.107852,2233.817952,2398.998549,2401.278009,2233.817952,4510.797998,3675.364658,5185.915561,4735.8672,5318.245686,5185.915561,5133.303785,5354.004251,5185.915561,5833.363594,5647.499255,5185.915561,998.6058983,992.7052475,0.001001968,0.001005531,0.001008742,0.001011081,2581.160722,2581.160722,2581.160722,5912.793985,5912.793985,5912.793985,5912.793985,5912.793985
11/14/1989,1763.330896,1983.350134,1938.338556,2021.395057,2033.107852,1938.338556,3759.5467,5941.041309,4284.468811,3895.728777,3675.364658,4284.468811,4223.152032,5318.245686,4284.468811,4707.133513,5354.004251,4284.468811,817.8119972,813.118687,0.001001968,0.001005531,0.001008742,0.001011081,2596.409254,2596.409254,2596.409254,5985.283663,5985.283663,5985.283663,5985.283663,5985.283663
11/15/1989,1728.431139,2324.39547,1909.489627,1963.957249,1983.350134,1909.489627,4029.121311,7830.684618,4619.144611,4133.750818,5941.041309,4619.144611,4355.60935,3675.364658,4619.144611,4567.352628,5318.245686,4619.144611,842.2288061,837.3742795,0.001001968,0.001005531,0.001008742,0.001011081,2579.592045,2579.592045,2579.592045,5984.205812,5984.205812,5984.205812,5984.205812,5984.205812
11/16/1989,2004.955186,2646.949764,2230.222637,2201.870047,2324.39547,2230.222637,4971.82509,9188.535154,5702.697219,5013.123462,7830.684618,5702.697219,5147.199986,5941.041309,5702.697219,4741.79242,3675.364658,5702.697219,1023.243701,1017.176236,0.001001968,0.001005531,0.001008742,0.001011081,2566.056831,2566.056831,2566.056831,5889.53022,5889.53022,5889.53022,5889.53022,5889.53022
11/17/1989,4047.978418,6588.454806,4200.24903,2689.69882,2646.949764,4200.24903,6135.557238,9033.343497,6558.348596,4730.657853,9188.535154,6558.348596,3953.604493,7830.684618,6558.348596,4024.319912,5941.041309,6558.348596,498.4626947,495.8121024,0.001001968,0.001005531,0.001008742,0.001011081,2455.282715,2455.282715,2455.282715,5592.825438,5592.825438,5592.825438,5592.825438,5592.825438
11/18/1989,6492.671558,7130.737687,7223.58532,6645.376639,6588.454806,7223.58532,9467.712302,7789.518048,10930.37685,9166.087171,9033.343497,10930.37685,8312.853313,9188.535154,10930.37685,5418.629066,7830.684618,10930.37685,2990.688906,2970.224056,0.001001968,0.001005531,0.001008742,0.001011081,2760.641109,2760.641109,2760.641109,5629.801613,5629.801613,5629.801613,5629.801613,5629.801613
11/19/1989,5460.527965,3788.857262,6327.110897,7130.934574,7130.737687,6327.110897,9834.288659,6900.652172,11802.37403,10913.71134,7789.518048,11802.37403,11735.50318,9033.343497,11802.37403,9913.253436,9188.535154,11802.37403,3603.052837,3577.826229,0.001001968,0.001005531,0.001008742,0.001011081,3321.01209,3321.01209,3321.01209,6118.019462,6118.019462,6118.019462,6118.019462,6118.019462
11/20/1989,2866.050759,2536.492045,3134.808052,3770.284971,3788.857262,3134.808052,6114.356046,6008.297509,6993.530013,6820.552439,6900.652172,6993.530013,7959.704752,7789.518048,6993.530013,10585.48191,9033.343497,6993.530013,1203.916815,1196.611354,0.001001968,0.001005531,0.001008742,0.001011081,3618.210424,3618.210424,3618.210424,6736.019981,6736.019981,6736.019981,6736.019981,6736.019981
11/21/1989,2248.275727,2659.261388,2381.318278,2537.958983,2536.492045,2381.318278,3819.149103,5559.325192,4179.981287,4032.096941,6008.297509,4179.981287,4764.575111,6900.652172,4179.981287,6317.260118,7789.518048,4179.981287,590.3236933,587.0996749,0.001001968,0.001005531,0.001008742,0.001011081,3754.442693,3754.442693,3754.442693,7111.039381,7111.039381,7111.039381,7111.039381,7111.039381
11/22/1989,2521.402242,3114.365245,2718.543278,2666.244278,2659.261388,2718.543278,5053.158551,5511.101893,5701.845221,5057.026391,5559.325192,5701.845221,5362.081916,6008.297509,5701.845221,5863.044432,6900.652172,5701.845221,889.8205918,884.6501138,0.001001968,0.001005531,0.001008742,0.001011081,3865.543868,3865.543868,3865.543868,7287.165075,7287.165075,7287.165075,7287.165075,7287.165075
11/23/1989,2747.833474,2727.287282,3055.355928,3112.671587,3114.365245,3055.355928,5793.071404,5072.33944,6698.284396,5936.611887,5511.101893,6698.284396,6209.887015,5559.325192,6698.284396,5934.552819,6008.297509,6698.284396,1382.003998,1373.455559,0.001001968,0.001005531,0.001008742,0.001011081,4006.277535,4006.277535,4006.277535,7384.931002,7384.931002,7384.931002,7384.931002,7384.931002
11/24/1989,2337.214872,2341.427285,2578.270346,2725.225808,2727.287282,2578.270346,5025.416998,5134.551293,5766.90917,5239.519388,5072.33944,5766.90917,5523.387994,5511.101893,5766.90917,5922.533334,5559.325192,5766.90917,1101.385422,1094.785598,0.001001968,0.001005531,0.001008742,0.001011081,4146.207494,4146.207494,4146.207494,7608.288221,7608.288221,7608.288221,7608.288221,7608.288221
11/25/1989,2070.285244,2164.673568,2263.982076,2339.420841,2341.427285,2263.982076,4102.295116,5184.819115,4651.744261,4239.856537,5134.551293,4651.744261,4569.201218,5072.33944,4651.744261,4926.656088,5511.101893,4651.744261,896.589716,891.3741203,0.001001968,0.001005531,0.001008742,0.001011081,3769.528292,3769.528292,3769.528292,7386.972772,7386.972772,7386.972772,7386.972772,7386.972772
11/26/1989,1952.622884,2048.312302,2128.645127,2162.724419,2164.673568,2128.645127,4220.729188,4930.490796,4790.500249,4304.263502,5184.819115,4790.500249,4529.878225,5134.551293,4790.500249,4852.663639,5072.33944,4790.500249,820.1177637,815.4092556,0.001001968,0.001005531,0.001008742,0.001011081,3071.03258,3071.03258,3071.03258,6730.25683,6730.25683,6730.25683,6730.25683,6730.25683
11/27/1989,1891.822863,2357.854031,2047.258152,2021.646628,2048.312302,2047.258152,4069.604631,4887.525135,4591.556883,4087.390253,4930.490796,4591.556883,4245.025819,5184.819115,4591.556883,4479.770695,5134.551293,4591.556883,728.65294,724.5428958,0.001001968,0.001005531,0.001008742,0.001011081,2693.12383,2693.12383,2693.12383,5929.659598,5929.659598,5929.659598,5929.659598,5929.659598
11/28/1989,2243.702082,2543.451183,2455.559787,2353.283608,2357.854031,2455.559787,4746.467853,4739.283516,5406.333833,4707.782775,4887.525135,5406.333833,4798.867296,4930.490796,5406.333833,4609.795375,5184.819115,5406.333833,967.061775,961.373941,0.001001968,0.001005531,0.001008742,0.001011081,2566.634428,2566.634428,2566.634428,5507.372228,5507.372228,5507.372228,5507.372228,5507.372228
11/29/1989,2334.834642,2466.994243,2570.254998,2552.936814,2543.451183,2570.254998,4961.183961,4544.820204,5682.777425,5011.799253,4739.283516,5682.777425,5100.811323,4887.525135,5682.777425,5013.010389,4930.490796,5682.777425,1075.340248,1068.918405,0.001001968,0.001005531,0.001008742,0.001011081,2513.959488,2513.959488,2513.959488,5377.989455,5377.989455,5377.989455,5377.989455,5377.989455
11/30/1989,2198.171685,2249.676166,2423.507101,2465.835194,2466.994243,2423.507101,4340.518127,4350.854456,4963.533059,4453.109562,4544.820204,4963.533059,4670.371435,4739.283516,4963.533059,4715.744126,4887.525135,4963.533059,1040.018359,1033.837028,0.001001968,0.001005531,0.001008742,0.001011081,2421.95454,2421.95454,2421.95454,5235.741634,5235.741634,5235.741634,5235.741634,5235.741634
12/1/1989,1975.940875,2040.625077,2168.279002,2247.952111,2249.676166,2168.279002,3984.51289,4152.40568,4536.68458,4123.481607,4350.854456,4536.68458,4345.594961,4544.820204,4536.68458,4586.898871,4739.283516,4536.68458,897.7296728,892.5064748,0.001001968,0.001005531,0.001008742,0.001011081,2349.428824,2349.428824,2349.428824,5101.643161,5101.643161,5101.643161,5101.643161,5101.643161
12/2/1989,1823.422329,1960.385223,1991.804036,2038.969579,2040.625077,1991.804036,3703.194259,4009.044057,4198.573277,3802.251414,4152.40568,4198.573277,4033.207098,4350.854456,4198.573277,4265.258559,4544.820204,4198.573277,792.8824196,788.3530704,0.001001968,0.001005531,0.001008742,0.001011081,2295.618088,2295.618088,2295.618088,4987.550743,4987.550743,4987.550743,4987.550743,4987.550743
12/3/1989,1761.825826,1893.114608,1927.259452,1958.797901,1960.385223,1927.259452,3632.588089,3893.758119,4124.06261,3714.274868,4009.044057,4124.06261,3908.005568,4152.40568,4124.06261,4075.908212,4350.854456,4124.06261,782.0242486,777.5661057,0.001001968,0.001005531,0.001008742,0.001011081,2261.849515,2261.849515,2261.849515,4863.753531,4863.753531,4863.753531,4863.753531,4863.753531
12/4/1989,1702.612722,1824.567635,1864.277537,1891.593736,1893.114608,1864.277537,3562.868131,3796.031111,4048.552647,3638.415145,3893.758119,4048.552647,3811.751169,4009.044057,4048.552647,3946.45966,4152.40568,4048.552647,767.2537027,762.8922163,0.001001968,0.001005531,0.001008742,0.001011081,2243.60592,2243.60592,2243.60592,4774.430876,4774.430876,4774.430876,4774.430876,4774.430876
12/5/1989,1641.773669,1762.530964,1798.264881,1823.111739,1824.567635,1798.264881,3428.957104,3672.876428,3896.224043,3500.713142,3796.031111,3896.224043,3665.2158,3893.758119,3896.224043,3793.029966,4009.044057,3896.224043,745.9113486,741.6890946,0.001001968,0.001005531,0.001008742,0.001011081,2184.224871,2184.224871,2184.224871,4628.650199,4628.650199,4628.650199,4628.650199,4628.650199
12/6/1989,1584.065899,1730.964008,1735.470981,1758.280651,1762.530964,1735.470981,3309.777974,3555.639713,3762.011904,3377.758487,3672.876428,3762.011904,3534.841677,3796.031111,3762.011904,3663.022975,3893.758119,3762.011904,724.7718571,720.6869991,0.001001968,0.001005531,0.001008742,0.001011081,2089.493339,2089.493339,2089.493339,4434.186976,4434.186976,4434.186976,4434.186976,4434.186976
12/7/1989,1558.104303,1640.493942,1710.671148,1731.441732,1730.964008,1710.671148,3262.012365,3442.472522,3711.748219,3329.047854,3555.639713,3711.748219,3477.536625,3672.876428,3711.748219,3550.503511,3796.031111,3711.748219,728.7428651,724.6322371,0.001001968,0.001005531,0.001008742,0.001011081,1983.741597,1983.741597,1983.741597,4256.21242,4256.21242,4256.21242,4256.21242,4256.21242
12/8/1989,1478.847706,1588.682543,1620.702671,1640.051122,1640.493942,1620.702671,3167.553363,3350.936069,3601.16621,3228.180418,3442.472522,3601.16621,3378.299499,3555.639713,3601.16621,3508.467485,3672.876428,3601.16621,684.517957,680.693263,0.001001968,0.001005531,0.001008742,0.001011081,1892.692029,1892.692029,1892.692029,4089.693155,4089.693155,4089.693155,4089.693155,4089.693155
12/9/1989,1431.468439,1536.259032,1569.408225,1587.456028,1588.682543,1569.408225,3035.279329,3262.959558,3449.986273,3094.113629,3350.936069,3449.986273,3232.874958,3442.472522,3449.986273,3342.391267,3555.639713,3449.986273,668.5502743,664.8282283,0.001001968,0.001005531,0.001008742,0.001011081,1818.43852,1818.43852,1818.43852,3942.063838,3942.063838,3942.063838,3942.063838,3942.063838
12/10/1989,1384.424792,1486.515906,1517.971741,1535.088479,1536.259032,1517.971741,2959.265771,3176.825513,3364.05741,3015.457222,3262.959558,3364.05741,3148.42061,3350.936069,3364.05741,3247.621677,3442.472522,3364.05741,649.9551694,646.3522517,0.001001968,0.001005531,0.001008742,0.001011081,1752.787328,1752.787328,1752.787328,3814.52908,3814.52908,3814.52908,3814.52908,3814.52908
12/11/1989,1340.042452,1439.617896,1469.46592,1485.399887,1486.515906,1469.46592,2876.858485,3094.665373,3269.994943,2930.56548,3176.825513,3269.994943,3058.782461,3262.959558,3269.994943,3150.481488,3350.936069,3269.994943,632.4726271,628.9812968,0.001001968,0.001005531,0.001008742,0.001011081,1691.827997,1691.827997,1691.827997,3700.120658,3700.120658,3700.120658,3700.120658,3700.120658
12/12/1989,1298.067845,1394.811123,1423.624207,1438.554338,1439.617896,1423.624207,2806.644621,3017.374232,3190.285153,2857.946556,3094.665373,3190.285153,2981.203725,3176.825513,3190.285153,3069.838023,3262.959558,3190.285153,616.0572952,612.6703659,0.001001968,0.001005531,0.001008742,0.001011081,1634.466045,1634.466045,1634.466045,3594.998912,3594.998912,3594.998912,3594.998912,3594.998912
12/13/1989,1257.920205,1351.92413,1379.748099,1393.797938,1394.811123,1379.748099,2734.863329,2945.497829,3108.738357,2783.990214,3017.374232,3108.738357,2902.689513,3094.665373,3108.738357,2989.091046,3176.825513,3108.738357,600.1727308,596.8864721,0.001001968,0.001005531,0.001008742,0.001011081,1580.241989,1580.241989,1580.241989,3496.704314,3496.704314,3496.704314,3496.704314,3496.704314
12/14/1989,1219.474927,1310.837592,1337.708072,1350.959633,1351.92413,1337.708072,2664.366876,2875.852607,3028.481268,2711.639407,2945.497829,3028.481268,2825.803345,3017.374232,3028.481268,2909.372894,3094.665373,3028.481268,584.8037575,581.6145608,0.001001968,0.001005531,0.001008742,0.001011081,1524.948371,1524.948371,1524.948371,3399.211388,3399.211388,3399.211388,3399.211388,3399.211388
12/15/1989,1182.62966,1271.430418,1297.398264,1309.919577,1310.837592,1297.398264,2600.941478,2810.150488,2955.839908,2646.519289,2875.852607,2955.839908,2756.309629,2945.497829,2955.839908,2833.804521,3017.374232,2955.839908,569.9411692,566.8455092,0.001001968,0.001005531,0.001008742,0.001011081,1475.02168,1475.02168,1475.02168,3301.745952,3301.745952,3301.745952,3301.745952,3301.745952
12/16/1989,1147.278961,1233.59294,1258.706151,1270.55718,1271.430418,1258.706151,2541.96418,2745.27529,2888.252237,2585.710273,2810.150488,2888.252237,2691.722873,2875.852607,2888.252237,2765.879356,2945.497829,2888.252237,555.5583451,552.5528881,0.001001968,0.001005531,0.001008742,0.001011081,1428.167008,1428.167008,1428.167008,3214.272657,3214.272657,3214.272657,3214.272657,3214.272657
12/17/1989,1113.327953,1197.228215,1221.530066,1232.762783,1233.59294,1221.530066,2485.184976,2682.569036,2822.945856,2527.211951,2745.27529,2822.945856,2629.53322,2810.150488,2822.945856,2700.45744,2875.852607,2822.945856,541.6294748,538.7110713,0.001001968,0.001005531,0.001008742,0.001011081,1383.524848,1383.524848,1383.524848,3133.663391,3133.663391,3133.663391,3133.663391,3133.663391
12/18/1989,1080.691374,1162.247231,1185.778607,1196.439578,1197.228215,1185.778607,2427.932509,2622.695268,2757.259565,2468.322614,2682.569036,2757.259565,2567.120999,2745.27529,2757.259565,2637.19418,2810.150488,2757.259565,528.1311611,525.296829,0.001001968,0.001005531,0.001008742,0.001011081,1340.867779,1340.867779,1340.867779,3056.923818,3056.923818,3056.923818,3056.923818,3056.923818
12/19/1989,1049.291191,1128.571582,1151.367989,1161.498551,1162.247231,1151.367989,2373.238212,2565.521678,2694.541115,2412.053862,2622.695268,2694.541115,2507.462479,2682.569036,2694.541115,2575.219866,2745.27529,2694.541115,515.041509,512.2884224,0.001001968,0.001005531,0.001008742,0.001011081,1300.02672,1300.02672,1300.02672,2982.983105,2982.983105,2982.983105,2982.983105,2982.983105
12/20/1989,1019.058576,1096.129321,1118.224441,1127.861455,1128.571582,1118.224441,2321.214761,2510.13533,2634.792809,2358.532891,2565.521678,2634.792809,2450.693591,2622.695268,2634.792809,2515.448236,2682.569036,2634.792809,502.3418819,499.667349,0.001001968,0.001005531,0.001008742,0.001011081,1260.867282,1260.867282,1260.867282,2912.415296,2912.415296,2912.415296,2912.415296,2912.415296
12/21/1989,989.9297834,1064.854829,1086.279499,1095.456256,1096.129321,1086.279499,2271.634523,2457.147596,2577.750589,2307.529167,2510.13533,2577.750589,2396.577432,2565.521678,2577.750589,2458.44728,2622.695268,2577.750589,490.0143829,487.4158403,0.001001968,0.001005531,0.001008742,0.001011081,1223.276886,1223.276886,1223.276886,2845.32696,2845.32696,2845.32696,2845.32696,2845.32696
12/22/1989,961.8467818,1034.688,1055.470825,1064.217367,1064.854829,1055.470825,2223.603369,2403.642038,2522.489682,2258.135259,2457.147596,2522.489682,2344.192623,2510.13533,2522.489682,2404.078765,2565.521678,2522.489682,478.0427416,475.5177428,0.001001968,0.001005531,0.001008742,0.001011081,1187.156476,1187.156476,1187.156476,2780.884737,2780.884737,2780.884737,2780.884737,2780.884737
12/23/1989,934.7561928,1005.574105,1025.741086,1034.08485,1034.688,1025.741086,2177.676974,2354.069808,2469.619942,2210.90834,2403.642038,2469.619942,2294.150369,2457.147596,2469.619942,2351.431979,2510.13533,2469.619942,466.4120343,463.9582402,0.001001968,0.001005531,0.001008742,0.001011081,1152.417417,1152.417417,1152.417417,2718.705912,2718.705912,2718.705912,2718.705912,2718.705912
12/24/1989,908.6096504,977.4619779,997.0382952,1005.003885,1005.574105,997.0382952,2130.929698,2306.694686,2415.985116,2162.890703,2354.069808,2415.985116,2243.294958,2403.642038,2415.985116,2301.12065,2457.147596,2415.985116,455.1086642,452.723834,0.001001968,0.001005531,0.001008742,0.001011081,1118.979857,1118.979857,1118.979857,2658.33367,2658.33367,2658.33367,2658.33367,2658.33367
12/25/1989,883.3612919,950.3044803,969.3131251,976.9235341,977.4619779,969.3131251,2087.729168,2259.876044,2366.249539,2118.493474,2306.694686,2366.249539,2196.29239,2354.069808,2366.249539,2250.231529,2403.642038,2366.249539,444.11954,441.8015272,0.001001968,0.001005531,0.001008742,0.001011081,1086.771449,1086.771449,1086.771449,2600.35938,2600.35938,2600.35938,2600.35938,2600.35938
12/26/1989,858.9693516,924.0580579,942.5206461,949.7964434,950.3044803,942.5206461,2046.576595,2213.856716,2318.951445,2076.200242,2259.876044,2318.951445,2151.441232,2306.694686,2318.951445,2203.217173,2354.069808,2318.951445,433.432825,431.1795685,0.001001968,0.001005531,0.001008742,0.001011081,1055.726425,1055.726425,1055.726425,2544.670489,2544.670489,2544.670489,2544.670489,2544.670489
12/27/1989,835.3947991,898.6820856,916.6188327,923.5793458,924.0580579,916.6188327,2005.816335,2288.72934,2272.237388,2034.335239,2213.856716,2272.237388,2107.102973,2259.876044,2272.237388,2158.344781,2306.694686,2272.237388,423.0372409,420.8467612,0.001001968,0.001005531,0.001008742,0.001011081,1025.784556,1025.784556,1025.784556,2490.913239,2490.913239,2490.913239,2490.913239,2490.913239
12/28/1989,812.6013918,874.1380804,891.5686823,898.2315357,898.6820856,891.5686823,1965.561348,2765.994504,2226.129286,1993.012847,2288.72934,2226.129286,2063.334311,2213.856716,2226.129286,2113.976009,2259.876044,2226.129286,412.9224926,410.7928849,0.001001968,0.001005531,0.001008742,0.001011081,996.8906007,996.8906007,996.8906007,2438.780482,2438.780482,2438.780482,2438.780482,2438.780482
12/29/1989,790.5547324,850.3906767,867.3330677,873.7144894,874.1380804,867.3330677,1927.045622,2788.426032,2182.042809,1953.475147,2765.994504,2182.042809,2021.551755,2288.72934,2182.042809,2070.168617,2213.856716,2182.042809,403.0782566,401.0076902,0.001001968,0.001005531,0.001008742,0.001011081,968.9936393,968.9936393,968.9936393,2388.292438,2388.292438,2388.292438,2388.292438,2388.292438
12/30/1989,769.2229968,902.0881498,843.8777378,849.9931407,850.3906767,843.8777378,1896.091614,3201.82516,2146.310473,1921.588427,2788.426032,2146.310473,1988.052467,2765.994504,2146.310473,2028.494731,2288.72934,2146.310473,393.4954806,391.4821906,0.001001968,0.001005531,0.001008742,0.001011081,942.0465476,942.0465476,942.0465476,2340.303603,2340.303603,2340.303603,2340.303603,2340.303603
12/31/1989,748.596289,1278.146211,821.1796213,826.9801136,902.0881498,821.1796213,2111.831677,3310.505965,2378.265182,2136.149533,3201.82516,2378.265182,2198.924606,2788.426032,2378.265182,2093.029922,2765.994504,2378.265182,384.111946,382.1545488,0.001001968,0.001005531,0.001008742,0.001011081,916.000256,916.000256,916.000256,2333.232963,2333.232963,2333.232963,2333.232963,2333.232963
1/1/1990,1281.321352,1282.436426,1418.22957,1287.171705,1278.146211,1418.22957,3266.892319,3153.476623,3700.552652,3182.256232,3310.505965,3700.552652,3133.100345,3201.82516,3700.552652,2664.531016,2788.426032,3700.552652,626.8463416,623.3908357,0.001001968,0.001005531,0.001008742,0.001011081,938.2371105,938.2371105,938.2371105,2441.520326,2441.520326,2441.520326,2441.520326,2441.520326
1/2/1990,1300.831024,1748.832078,1417.30946,1297.946618,1282.436426,1417.30946,2973.198036,3293.092545,3356.538968,2888.153595,3153.476623,3356.538968,2880.435729,3310.505965,3356.538968,3062.88859,3201.82516,3356.538968,560.0301009,556.9966325,0.001001968,0.001005531,0.001008742,0.001011081,973.4398356,973.4398356,973.4398356,2528.5083,2528.5083,2528.5083,2528.5083,2528.5083
1/3/1990,1610.674841,1582.493022,1811.463121,1749.12531,1748.832078,1811.463121,3095.036593,3382.264896,3580.337977,3099.603003,3293.092545,3580.337977,3197.187561,3153.476623,3580.337977,2827.048826,3310.505965,3580.337977,955.737542,950.1258961,0.001001968,0.001005531,0.001008742,0.001011081,1078.802123,1078.802123,1078.802123,2644.096152,2644.096152,2644.096152,2644.096152,2644.096152
1/4/1990,1386.327491,1336.130229,1537.683368,1579.024287,1582.493022,1537.683368,3106.796463,3874.95231,3563.33752,3190.533433,3382.264896,3563.33752,3251.719592,3293.092545,3563.33752,3451.688352,3153.476623,3563.33752,735.6494581,731.4939658,0.001001968,0.001005531,0.001008742,0.001011081,1166.628212,1166.628212,1166.628212,2802.414011,2802.414011,2802.414011,2802.414011,2802.414011
1/5/1990,1327.955436,1625.95979,1432.588224,1334.91658,1336.130229,1432.588224,2610.196036,5349.837301,2915.307104,2546.919899,3874.95231,2915.307104,2651.152649,3382.264896,2915.307104,2823.762041,3293.092545,2915.307104,515.9042982,513.1458651,0.001001968,0.001005531,0.001008742,0.001011081,1234.481443,1234.481443,1234.481443,2952.878346,2952.878346,2952.878346,2952.878346,2952.878346
1/6/1990,1602.618628,1844.407289,1747.192431,1626.809487,1625.95979,1747.192431,3122.593149,4870.567759,3531.583445,3047.073771,5349.837301,3531.583445,3056.021005,3874.95231,3531.583445,2925.148473,3382.264896,3531.583445,703.1864746,699.2413684,0.001001968,0.001005531,0.001008742,0.001011081,1328.783709,1328.783709,1328.783709,3116.421799,3116.421799,3116.421799,3116.421799,3116.421799
1/7/1990,1693.345909,1732.645114,1861.05684,1844.912231,1844.407289,1861.05684,3394.034166,4549.328343,3870.873945,3427.390836,4870.567759,3870.873945,3446.15657,5349.837301,3870.873945,3286.44483,3874.95231,3870.873945,810.4538484,805.8090008,0.001001968,0.001005531,0.001008742,0.001011081,1456.186187,1456.186187,1456.186187,3263.944218,3263.944218,3263.944218,3263.944218,3263.944218
1/8/1990,1579.391625,1738.032865,1720.685292,1731.290812,1732.645114,1720.685292,3553.6618,4337.85448,4044.456073,3597.113425,4549.328343,4044.456073,3688.241386,4870.567759,4044.456073,3757.13835,5349.837301,4044.456073,692.0082494,688.1352943,0.001001968,0.001005531,0.001008742,0.001011081,1538.330655,1538.330655,1538.330655,3390.79433,3390.79433,3390.79433,3390.79433,3390.79433
1/9/1990,1606.700312,1841.317155,1751.779539,1734.223323,1738.032865,1751.779539,4683.834378,4348.346359,5390.757869,4678.272645,4337.85448,5390.757869,4770.492274,4549.328343,5390.757869,4829.684114,4870.567759,5390.757869,710.2038779,706.2133995,0.001001968,0.001005531,0.001008742,0.001011081,1615.151468,1615.151468,1615.151468,3744.082447,3744.082447,3744.082447,3744.082447,3744.082447
1/10/1990,1769.817648,2125.519101,1924.513313,1835.804771,1841.317155,1924.513313,4462.588719,4402.852976,5105.761046,4400.478325,4348.346359,5105.761046,4437.828292,4337.85448,5105.761046,4465.466641,4549.328343,5105.761046,748.1691747,743.9322155,0.001001968,0.001005531,0.001008742,0.001011081,1629.439841,1629.439841,1629.439841,3993.813343,3993.813343,3993.813343,3993.813343,3993.813343
1/11/1990,2031.789098,2307.462727,2222.361272,2122.67605,2125.519101,2222.361272,4404.326823,4706.637719,5035.261525,4352.291342,4402.852976,5035.261525,4366.513125,4348.346359,5035.261525,4188.800081,4337.85448,5035.261525,904.8092316,899.5387926,0.001001968,0.001005531,0.001008742,0.001011081,1696.768235,1696.768235,1696.768235,4172.944972,4172.944972,4172.944972,4172.944972,4172.944972
1/12/1990,2084.672319,2180.330216,2295.317569,2306.882744,2307.462727,2295.317569,4219.34887,4436.681675,4838.882896,4290.009307,4706.637719,4838.882896,4362.394076,4402.852976,4838.882896,4219.039311,4348.346359,4838.882896,995.2796292,989.40146,0.001001968,0.001005531,0.001008742,0.001011081,1818.519702,1818.519702,1818.519702,4351.404182,4351.404182,4351.404182,4351.404182,4351.404182
1/13/1990,1934.333991,2020.891966,2123.152628,2180.219345,2180.330216,2123.152628,3877.978713,4166.981997,4432.111562,3988.701786,4436.681675,4432.111562,4166.847596,4706.637719,4432.111562,4228.211817,4402.852976,4432.111562,900.977728,895.732862,0.001001968,0.001005531,0.001008742,0.001011081,1916.692539,1916.692539,1916.692539,4523.528173,4523.528173,4523.528173,4523.528173,4523.528173
1/14/1990,1804.234532,1939.391723,1974.583868,2020.750086,2020.891966,1974.583868,3636.004729,3822.313267,4143.410008,3730.411845,4166.981997,4143.410008,3939.699259,4436.681675,4143.410008,4100.573252,4706.637719,4143.410008,820.7399492,816.0273391,0.001001968,0.001005531,0.001008742,0.001011081,1969.030923,1969.030923,1969.030923,4666.170912,4666.170912,4666.170912,4666.170912,4666.170912
1/15/1990,1726.140192,2052.852406,1889.670851,1925.612669,1939.391723,1889.670851,3833.664792,4056.177101,4381.651466,3909.172101,3822.313267,4381.651466,4092.880326,4166.981997,4381.651466,4248.424787,4436.681675,4381.651466,792.2651393,787.7398416,0.001001968,0.001005531,0.001008742,0.001011081,2007.149042,2007.149042,2007.149042,4742.621745,4742.621745,4742.621745,4742.621745,4742.621745
1/16/1990,1892.233108,2179.142537,2085.006827,2037.358004,2052.852406,2085.006827,3867.318835,5332.365023,4433.733896,3874.743352,4056.177101,4433.733896,4050.350498,3822.313267,4433.733896,4030.490598,4166.981997,4433.733896,916.4340421,911.0859301,0.001001968,0.001005531,0.001008742,0.001011081,2052.109476,2052.109476,2052.109476,4579.597557,4579.597557,4579.597557,4579.597557,4579.597557
1/17/1990,1981.368633,2335.805709,2183.064814,2155.853212,2179.142537,2183.064814,3851.677199,6580.955913,4405.113018,3888.093135,5332.365023,4405.113018,3979.876632,4056.177101,4405.113018,3953.162936,3822.313267,4405.113018,949.2783392,943.710099,0.001001968,0.001005531,0.001008742,0.001011081,2096.265407,2096.265407,2096.265407,4473.310558,4473.310558,4473.310558,4473.310558,4473.310558
1/18/1990,2416.997194,3116.282698,2616.610582,2323.758385,2335.805709,2616.610582,4053.155446,7346.364268,4541.072636,3836.523025,6580.955913,4541.072636,3814.212871,5332.365023,4541.072636,3669.233276,4056.177101,4541.072636,908.2565415,902.9630819,0.001001968,0.001005531,0.001008742,0.001011081,2116.114591,2116.114591,2116.114591,4388.533641,4388.533641,4388.533641,4388.533641,4388.533641
1/19/1990,3032.31808,3418.242828,3333.054856,3116.404722,3116.282698,3333.054856,4803.556109,7104.759477,5459.675373,4700.781333,7346.364268,5459.675373,4621.14226,6580.955913,5459.675373,3990.454012,5332.365023,5459.675373,1345.960179,1337.664977,0.001001968,0.001005531,0.001008742,0.001011081,2196.185841,2196.185841,2196.185841,4381.075186,4381.075186,4381.075186,4381.075186,4381.075186
1/20/1990,3006.232586,3283.516508,3340.766546,3416.729236,3418.242828,3340.766546,5617.179061,6716.776305,6489.722203,5797.697136,7104.759477,6489.722203,5923.536432,7346.364268,6489.722203,5567.855146,6580.955913,6489.722203,1499.83942,1490.457611,0.001001968,0.001005531,0.001008742,0.001011081,2347.268084,2347.268084,2347.268084,4567.069676,4567.069676,4567.069676,4567.069676,4567.069676
1/21/1990,2904.49398,3462.051664,3227.17199,3260.911357,3283.516508,3227.17199,6117.227327,8526.835962,7072.179826,6241.030728,6716.776305,7072.179826,6602.585041,7104.759477,7072.179826,6483.664899,7346.364268,7072.179826,1454.406819,1445.347293,0.001001968,0.001005531,0.001008742,0.001011081,2529.372644,2529.372644,2529.372644,4947.973254,4947.973254,4947.973254,4947.973254,4947.973254
1/22/1990,3015.97271,3218.133513,3388.474108,3455.087253,3462.051664,3388.474108,6503.923336,10523.63288,7582.543032,6675.349456,8526.835962,7582.543032,6998.440822,6716.776305,7582.543032,6951.683663,7104.759477,7582.543032,1656.910536,1646.4057,0.001001968,0.001005531,0.001008742,0.001011081,2743.25064,2743.25064,2743.25064,5366.390846,5366.390846,5366.390846,5366.390846,5366.390846
1/23/1990,2769.888951,3221.202419,3099.648175,3178.02141,3218.133513,3099.648175,5831.849984,17977.80739,6775.329097,6004.78964,10523.63288,6775.329097,6370.2574,8526.835962,6775.329097,6712.80594,6716.776305,6775.329097,1481.446171,1472.19498,0.001001968,0.001005531,0.001008742,0.001011081,2917.519619,2917.519619,2917.519619,5743.718926,5743.718926,5743.718926,5743.718926,5743.718926
1/24/1990,2979.636513,4847.295536,3314.071679,3187.118467,3221.202419,3314.071679,5644.958344,18241.29658,6516.021574,5628.723429,17977.80739,6516.021574,5927.92566,10523.63288,6516.021574,6035.133418,8526.835962,6516.021574,1477.671992,1468.44758,0.001001968,0.001005531,0.001008742,0.001011081,3079.220769,3079.220769,3079.220769,6090.525421,6090.525421,6090.525421,6090.525421,6090.525421
1/25/1990,3948.989971,9013.044657,4439.00499,4133.930413,4847.295536,4439.00499,8559.131323,18983.72149,10011.40191,8399.074475,18241.29658,10011.40191,8491.718128,17977.80739,10011.40191,7727.65571,10523.63288,10011.40191,2091.298166,2077.624698,0.001001968,0.001005531,0.001008742,0.001011081,3322.250185,3322.250185,3322.250185,6743.976953,6743.976953,6743.976953,6743.976953,6743.976953
1/26/1990,9543.942997,10880.63166,10915.00449,9282.366428,9013.044657,10915.00449,17110.89606,24598.11963,20242.48899,16045.39249,18983.72149,20242.48899,15720.74504,18241.29658,20242.48899,10779.67105,17977.80739,20242.48899,5003.636836,4967.205277,0.001001968,0.001005531,0.001008742,0.001011081,4039.633441,4039.633441,4039.633441,7895.623516,7895.623516,7895.623516,7895.623516,7895.623516
1/27/1990,11274.70304,13641.50539,12735.80263,11103.40905,10880.63166,12735.80263,22995.36551,27488.7802,27283.03836,21777.61734,24598.11963,27283.03836,21408.25564,18983.72149,27283.03836,20593.12353,18241.29658,27283.03836,5582.759755,5541.591132,0.001001968,0.001005531,0.001008742,0.001011081,4943.887001,4943.887001,4943.887001,10031.86802,10031.86802,10031.86802,10031.86802,10031.86802
1/28/1990,10479.87623,8738.519712,12430.84637,13648.81451,13641.50539,12430.84637,17576.03579,21678.88054,21622.67142,19445.56556,27488.7802,21622.67142,20404.74696,24598.11963,21622.67142,17660.88134,18983.72149,21622.67142,7544.041029,7486.476213,0.001001968,0.001005531,0.001008742,0.001011081,6294.370673,6294.370673,6294.370673,11905.08784,11905.08784,11905.08784,11905.08784,11905.08784
1/29/1990,6330.975478,11617.44468,7185.968614,8274.356951,8738.519712,7185.968614,13812.89469,16008.62039,16349.92212,15147.46633,21678.88054,16349.92212,17078.49054,27488.7802,16349.92212,20535.84733,24598.11963,16349.92212,3452.594864,3428.547066,0.001001968,0.001005531,0.001008742,0.001011081,7157.052917,7157.052917,7157.052917,13791.73554,13791.73554,13791.73554,13791.73554,13791.73554
1/30/1990,9748.340826,9484.83511,11683.97009,11796.38776,11617.44468,11683.97009,20446.0935,13021.6129,25047.18113,21227.48027,16008.62039,25047.18113,23671.09017,21678.88054,25047.18113,20006.43059,27488.7802,25047.18113,7252.265162,7197.170202,0.001001968,0.001005531,0.001008742,0.001011081,8482.406093,8482.406093,8482.406093,16435.50278,16435.50278,16435.50278,16435.50278,16435.50278
1/31/1990,7927.756112,6872.821969,9399.208695,9649.772836,9484.83511,9399.208695,22648.45937,13172.98362,27614.17482,23237.01294,13021.6129,27614.17482,24754.98926,16008.62039,27614.17482,28230.81767,21678.88054,27614.17482,5712.541912,5670.304496,0.001001968,0.001005531,0.001008742,0.001011081,9461.1899,9461.1899,9461.1899,19256.83268,19256.83268,19256.83268,19256.83268,19256.83268
2/1/1990,5926.520856,5737.184412,6837.384126,6904.009606,6872.821969,6837.384126,12404.4988,13083.55104,14761.16786,12762.20935,13172.98362,14761.16786,14065.12245,13021.6129,14761.16786,17134.05504,16008.62039,14761.16786,3684.903685,3659.03353,0.001001968,0.001005531,0.001008742,0.001011081,9975.719853,9975.719853,9975.719853,20813.02372,20813.02372,20813.02372,20813.02372,20813.02372
2/2/1990,5110.955469,5935.204557,5769.86408,5754.004592,5737.184412,5769.86408,9718.310872,11993.1372,11335.04494,9935.87137,13083.55104,11335.04494,10646.15943,13172.98362,11335.04494,12389.31119,13021.6129,11335.04494,2718.400934,2700.020261,0.001001968,0.001005531,0.001008742,0.001011081,9705.543656,9705.543656,9705.543656,21093.78139,21093.78139,21093.78139,21093.78139,21093.78139
2/3/1990,5399.115225,6660.743251,6105.871028,5949.332228,5935.204557,6105.871028,9938.87899,11268.62052,11606.44875,10034.7766,11993.1372,11606.44875,10625.15993,13083.55104,11606.44875,10696.88161,13172.98362,11606.44875,2909.553226,2889.711713,0.001001968,0.001005531,0.001008742,0.001011081,9181.390523,9181.390523,9181.390523,19871.53998,19871.53998,19871.53998,19871.53998,19871.53998
2/4/1990,5737.909986,5774.106451,6595.407536,6672.265621,6660.743251,6595.407536,11731.49531,10316.92155,13912.9015,12081.59982,11268.62052,13912.9015,12676.64008,11993.1372,13912.9015,12195.24909,13083.55104,13912.9015,3515.604561,3491.06376,0.001001968,0.001005531,0.001008742,0.001011081,8283.067812,8283.067812,8283.067812,18852.35873,18852.35873,18852.35873,18852.35873,18852.35873
2/5/1990,4918.229728,5059.25536,5591.987623,5781.942961,5774.106451,5591.987623,10797.79063,9274.468417,12697.67909,11189.32821,10316.92155,12697.67909,11905.24713,11268.62052,12697.67909,12712.9597,11993.1372,12697.67909,2811.978182,2792.883747,0.001001968,0.001005531,0.001008742,0.001011081,7772.166963,7772.166963,7772.166963,17777.24017,17777.24017,17777.24017,17777.24017,17777.24017
2/6/1990,4372.071265,4712.423674,4933.86588,5065.008911,5059.25536,4933.86588,8671.055415,8119.944165,10114.19726,8988.26567,9274.468417,10114.19726,9731.656408,10316.92155,10114.19726,10634.30119,11268.62052,10114.19726,2377.753141,2361.946851,0.001001968,0.001005531,0.001008742,0.001011081,6739.777702,6739.777702,6739.777702,15813.49453,15813.49453,15813.49453,15813.49453,15813.49453
2/7/1990,4148.050657,4456.650562,4671.420581,4716.393704,4712.423674,4671.420581,8351.887483,9515.885237,9734.444858,8566.997616,8119.944165,9734.444858,9199.76396,9274.468417,9734.444858,9794.471603,10316.92155,9734.444858,2232.220537,2217.501732,0.001001968,0.001005531,0.001008742,0.001011081,6003.094131,6003.094131,6003.094131,13562.52449,13562.52449,13562.52449,13562.52449,13562.52449
2/8/1990,4056.237883,4458.836003,4534.389279,4455.81968,4456.650562,4534.389279,8117.999949,12177.39657,9412.665381,8193.868369,9515.885237,9412.665381,8665.541638,8119.944165,9412.665381,9179.191633,9274.468417,9412.665381,2052.821281,2039.431845,0.001001968,0.001005531,0.001008742,0.001011081,5587.845653,5587.845653,5587.845653,12164.07146,12164.07146,12164.07146,12164.07146,12164.07146
2/9/1990,4122.135635,4844.850106,4547.168403,4319.074081,4458.836003,4547.168403,7729.93231,13144.3206,8860.974569,7646.447558,12177.39657,8860.974569,7918.599642,9515.885237,8860.974569,8310.496056,8119.944165,8860.974569,1833.127778,1821.347963,0.001001968,0.001005531,0.001008742,0.001011081,5349.430226,5349.430226,5349.430226,11369.59091,11369.59091,11369.59091,11369.59091,11369.59091
2/10/1990,5085.997415,6314.953778,5489.305467,4859.138619,4844.850106,5489.305467,8463.370211,12604.71926,9470.63292,8011.226334,13144.3206,9470.63292,7745.269357,12177.39657,9470.63292,7466.859513,9515.885237,9470.63292,1624.650819,1614.377709,0.001001968,0.001005531,0.001008742,0.001011081,5111.331531,5111.331531,5111.331531,10828.08638,10828.08638,10828.08638,10828.08638,10828.08638
2/11/1990,6775.937336,9408.536616,7373.070924,6350.358458,6314.953778,7373.070924,11362.88899,12423.24465,12895.65701,10553.27696,12604.71926,12895.65701,10370.16196,13144.3206,12895.65701,9184.222501,12177.39657,12895.65701,2447.074168,2430.747184,0.001001968,0.001005531,0.001008742,0.001011081,4987.661855,4987.661855,4987.661855,10462.59308,10462.59308,10462.59308,10462.59308,10462.59308
2/12/1990,8036.087155,7271.32536,9221.853871,9416.929984,9408.536616,9221.853871,14108.61567,9737.576508,16838.24699,14687.53714,12423.24465,16838.24699,14951.91965,12604.71926,16838.24699,12289.90143,13144.3206,16838.24699,4766.566332,4732.057841,0.001001968,0.001005531,0.001008742,0.001011081,5370.553544,5370.553544,5370.553544,10474.88786,10474.88786,10474.88786,10474.88786,10474.88786
2/13/1990,5839.596267,5378.472034,6547.233875,7274.696248,7271.32536,6547.233875,11728.49887,7517.053117,13738.91288,12657.65641,9737.576508,13738.91288,13522.68309,12423.24465,13738.91288,14859.34229,12604.71926,13738.91288,2943.651791,2923.548542,0.001001968,0.001005531,0.001008742,0.001011081,5690.208482,5690.208482,5690.208482,10850.97837,10850.97837,10850.97837,10850.97837,10850.97837
2/14/1990,4695.458644,5357.789966,5125.625191,5377.881411,5378.472034,5125.625191,7868.366994,10797.26306,8929.948761,8277.05591,7517.053117,8929.948761,9418.23428,9737.576508,8929.948761,10956.89008,12423.24465,8929.948761,1833.304125,1821.523027,0.001001968,0.001005531,0.001008742,0.001011081,5867.508673,5867.508673,5867.508673,11190.76861,11190.76861,11190.76861,11190.76861,11190.76861
2/15/1990,4776.357514,4756.09203,5264.075177,5344.422356,5357.789966,5264.075177,8762.217296,13062.62169,10067.86574,9002.652283,10797.26306,10067.86574,9673.464951,7517.053117,10067.86574,10310.73245,9737.576508,10067.86574,2070.496159,2056.976325,0.001001968,0.001005531,0.001008742,0.001011081,6021.894271,6021.894271,6021.894271,11416.54502,11416.54502,11416.54502,11416.54502,11416.54502
2/16/1990,4268.193016,4406.594277,4556.921761,4666.323565,4756.09203,4556.921761,7462.38285,12434.61773,8297.392417,7690.01115,13062.62169,8297.392417,7698.280731,10797.26306,8297.392417,8789.831619,7517.053117,8297.392417,1172.869064,1165.778095,0.001001968,0.001005531,0.001008742,0.001011081,6055.406227,6055.406227,6055.406227,11399.18483,11399.18483,11399.18483,11399.18483,11399.18483
2/17/1990,5448.672859,10099.64139,5652.53328,4413.566562,4406.594277,5652.53328,7258.974805,12616.68188,7701.65874,6140.824912,12434.61773,7701.65874,6213.121815,13062.62169,7701.65874,6346.368528,10797.26306,7701.65874,748.4150392,744.1764783,0.001001968,0.001005531,0.001008742,0.001011081,6065.951649,6065.951649,6065.951649,11293.38015,11293.38015,11293.38015,11293.38015,11293.38015
2/18/1990,9385.406617,9436.976178,10742.80159,10122.47478,10099.64139,10742.80159,14205.95974,12249.29134,16942.5171,14061.22106,12616.68188,16942.5171,14206.62935,12434.61773,16942.5171,9764.034743,13062.62169,16942.5171,5369.868039,5330.447049,0.001001968,0.001005531,0.001008742,0.001011081,6546.313668,6546.313668,6546.313668,11372.12496,11372.12496,11372.12496,11372.12496,11372.12496
2/19/1990,7427.601924,6085.184434,8492.627733,9443.315067,9436.976178,8492.627733,14261.22087,10263.2422,17009.45332,15523.07674,12249.29134,17009.45332,15982.89426,12616.68188,17009.45332,16271.9005,12434.61773,17009.45332,4302.421302,4271.648314,0.001001968,0.001005531,0.001008742,0.001011081,6601.95629,6601.95629,6601.95629,11474.97971,11474.97971,11474.97971,11474.97971,11474.97971
2/20/1990,5106.967279,5466.726492,5588.343086,6089.71494,6085.184434,5588.343086,7767.265625,10574.95717,8821.424066,8451.405978,10263.2422,8821.424066,9930.428098,12249.29134,8821.424066,11945.75046,12616.68188,8821.424066,2030.124611,2016.902432,0.001001968,0.001005531,0.001008742,0.001011081,6541.655103,6541.655103,6541.655103,11392.60266,11392.60266,11392.60266,11392.60266,11392.60266
2/21/1990,4762.141333,5263.930341,5233.930287,5470.224022,5466.726492,5233.930287,7591.818185,12062.03945,8675.118167,7999.048033,10574.95717,8675.118167,8987.715324,10263.2422,8675.118167,10217.67073,12249.29134,8675.118167,2003.518577,1990.492189,0.001001968,0.001005531,0.001008742,0.001011081,6527.728007,6527.728007,6527.728007,11235.63472,11235.63472,11235.63472,11235.63472,11235.63472
2/22/1990,4521.137283,5195.610777,4988.774136,5148.344092,5263.930341,4988.774136,8695.5187,11940.85975,10035.4247,8993.31747,12062.03945,10035.4247,9667.524492,10574.95717,10035.4247,10355.05127,10263.2422,10035.4247,1996.860779,1983.883338,0.001001968,0.001005531,0.001008742,0.001011081,6505.286598,6505.286598,6505.286598,11129.74516,11129.74516,11129.74516,11129.74516,11129.74516
2/23/1990,5050.800085,6924.597093,5481.336714,5013.876681,5195.610777,5481.336714,8860.420666,11852.74374,10029.56559,8548.990074,11940.85975,10029.56559,8924.465013,12062.03945,10029.56559,9150.973346,10574.95717,10029.56559,1780.788034,1769.388484,0.001001968,0.001005531,0.001008742,0.001011081,6587.76826,6587.76826,6587.76826,11255.4458,11255.4458,11255.4458,11255.4458,11255.4458
2/24/1990,7134.465476,8642.889428,7865.1205,6988.268859,6924.597093,7865.1205,11749.01042,11693.37337,13485.20013,11143.86225,11852.74374,13485.20013,11103.81873,11940.85975,13485.20013,9791.754874,12062.03945,13485.20013,2915.316252,2895.430526,0.001001968,0.001005531,0.001008742,0.001011081,6873.649659,6873.649659,6873.649659,11705.34889,11705.34889,11705.34889,11705.34889,11705.34889
2/25/1990,7593.99105,7202.543519,8564.409858,8702.303116,8642.889428,8564.409858,13181.47311,10601.81785,15496.21694,13640.61509,11693.37337,15496.21694,13658.92688,11852.74374,15496.21694,12424.10493,11940.85975,15496.21694,3890.572413,3863.078446,0.001001968,0.001005531,0.001008742,0.001011081,6711.548621,6711.548621,6711.548621,11954.61203,11954.61203,11954.61203,11954.61203,11954.61203
2/26/1990,5857.872935,5390.098308,6545.599878,7219.941676,7202.543519,6545.599878,10115.81604,9296.872201,11771.07595,11021.42092,10601.81785,11771.07595,11955.19118,11693.37337,11771.07595,12521.87149,11852.74374,11771.07595,2834.074921,2814.811552,0.001001968,0.001005531,0.001008742,0.001011081,6505.358376,6505.358376,6505.358376,11816.77252,11816.77252,11816.77252,11816.77252,11816.77252
2/27/1990,4569.614751,4834.705532,5002.050448,5402.178229,5390.098308,5002.050448,7686.177677,8354.794853,8750.845964,8241.084557,9296.872201,8750.845964,9376.56157,10601.81785,8750.845964,10894.89976,11693.37337,8750.845964,1822.863434,1811.158295,0.001001968,0.001005531,0.001008742,0.001011081,6367.351367,6367.351367,6367.351367,11571.39373,11571.39373,11571.39373,11571.39373,11571.39373
2/28/1990,4227.856687,4561.893338,4641.8077,4843.65869,4834.705532,4641.8077,7573.825182,7977.386618,8663.394131,7914.638919,8354.794853,8663.394131,8726.225032,9296.872201,8663.394131,9706.063316,10601.81785,8663.394131,1760.55044,1749.297573,0.001001968,0.001005531,0.001008742,0.001011081,6263.054839,6263.054839,6263.054839,11373.10447,11373.10447,11373.10447,11373.10447,11373.10447
3/1/1990,4015.274646,4270.771284,4428.490855,4568.673138,4561.893338,4428.490855,7615.114769,7670.912294,8761.327022,7884.915325,7977.386618,8761.327022,8480.296428,8354.794853,8761.327022,9096.492284,9296.872201,8761.327022,1769.105185,1757.790337,0.001001968,0.001005531,0.001008742,0.001011081,6175.037847,6175.037847,6175.037847,11185.57015,11185.57015,11185.57015,11185.57015,11185.57015
3/2/1990,3821.003861,4067.936622,4212.022176,4275.491316,4270.771284,4212.022176,7091.745914,7619.11097,8140.737773,7282.176159,7670.912294,8140.737773,7795.122871,7977.386618,8140.737773,8237.471003,8354.794853,8140.737773,1686.483526,1675.765792,0.001001968,0.001005531,0.001008742,0.001011081,6093.430333,6093.430333,6093.430333,11013.19757,11013.19757,11013.19757,11013.19757,11013.19757
3/3/1990,3748.909547,4155.152761,4112.881668,4071.723808,4067.936622,4112.881668,6689.948209,7445.540502,7634.924336,6772.499511,7619.11097,7634.924336,7154.873269,7670.912294,7634.924336,7534.654168,7977.386618,7634.924336,1577.248604,1567.315,0.001001968,0.001005531,0.001008742,0.001011081,5782.440934,5782.440934,5782.440934,10587.49215,10587.49215,10587.49215,10587.49215,10587.49215
3/4/1990,3841.995282,4221.737481,4222.24009,4158.569449,4155.152761,4222.24009,6739.597182,7223.256359,7703.447289,6804.939426,7445.540502,7703.447289,7097.695321,7619.11097,7703.447289,7209.006495,7670.912294,7703.447289,1650.50277,1640.044005,0.001001968,0.001005531,0.001008742,0.001011081,5245.325701,5245.325701,5245.325701,9849.540387,9849.540387,9849.540387,9849.540387,9849.540387
3/5/1990,3730.537979,3856.166313,4122.642837,4224.394103,4221.737481,4122.642837,6586.513987,6868.858088,7566.836853,6820.050116,7223.256359,7566.836853,7129.944119,7445.540502,7566.836853,7169.252558,7619.11097,7566.836853,1707.044764,1696.178748,0.001001968,0.001005531,0.001008742,0.001011081,4764.365064,4764.365064,4764.365064,9062.731858,9062.731858,9062.731858,9062.731858,9062.731858
3/6/1990,3419.303104,3641.829298,3759.45508,3858.191877,3856.166313,3759.45508,6279.131399,6629.35629,7186.210721,6488.281027,6868.858088,7186.210721,6911.540211,7223.256359,7186.210721,7199.355616,7445.540502,7186.210721,1495.965257,1486.610976,0.001001968,0.001005531,0.001008742,0.001011081,4453.455666,4453.455666,4453.455666,8426.419009,8426.419009,8426.419009,8426.419009,8426.419009
3/7/1990,3241.603498,3474.14748,3564.418469,3643.44854,3641.829298,3564.418469,5897.242795,6407.49658,6745.467294,6082.35193,6629.35629,6745.467294,6486.89434,6868.858088,6745.467294,6800.201584,7223.256359,6745.467294,1428.546527,1419.669908,0.001001968,0.001005531,0.001008742,0.001011081,4233.657753,4233.657753,4233.657753,7972.243046,7972.243046,7972.243046,7972.243046,7972.243046
3/8/1990,3095.862473,3316.989152,3407.028262,3475.451114,3474.14748,3407.028262,5744.087302,5566.468808,6576.247643,5912.899707,6407.49658,6576.247643,6283.469088,6629.35629,6576.247643,6549.143226,6868.858088,6576.247643,1384.452129,1375.886461,0.001001968,0.001005531,0.001008742,0.001011081,4055.743973,4055.743973,4055.743973,7636.030622,7636.030622,7636.030622,7636.030622,7636.030622
3/9/1990,2990.228481,3415.321653,3288.804746,3316.702908,3316.989152,3288.804746,5542.673051,5953.235181,6340.940919,5666.831105,5566.468808,6340.940919,6014.073971,6407.49658,6340.940919,6262.953922,6629.35629,6340.940919,1335.718311,1327.494917,0.001001968,0.001005531,0.001008742,0.001011081,3905.193988,3905.193988,3905.193988,7362.626191,7362.626191,7362.626191,7362.626191,7362.626191
3/10/1990,3035.429865,3961.500307,3341.043899,3321.746447,3415.321653,3341.043899,5613.947318,7088.16375,6420.210006,5695.52878,5953.235181,6420.210006,5969.85125,5566.468808,6420.210006,6052.805566,6407.49658,6420.210006,1365.933927,1357.498494,0.001001968,0.001005531,0.001008742,0.001011081,3788.907229,3788.907229,3788.907229,7156.0219,7156.0219,7156.0219,7156.0219,7156.0219
3/11/1990,3293.18463,3953.635573,3618.095663,3511.162593,3961.500307,3618.095663,5874.919761,7331.291453,6700.336795,5882.358699,7088.16375,6700.336795,6098.975819,5953.235181,6700.336795,6003.063561,5566.468808,6700.336795,1416.014913,1407.226786,0.001001968,0.001005531,0.001008742,0.001011081,3692.421739,3692.421739,3692.421739,6982.472665,6982.472665,6982.472665,6982.472665,6982.472665
3/12/1990,3840.816462,4354.838208,4192.055243,4003.085203,3953.635573,4192.055243,5719.090868,7451.903497,6435.384618,5692.013438,7331.291453,6435.384618,5866.965579,7088.16375,6435.384618,5470.99271,5953.235181,6435.384618,1366.094373,1357.657812,0.001001968,0.001005531,0.001008742,0.001011081,3649.679639,3649.679639,3649.679639,6787.488095,6787.488095,6787.488095,6787.488095,6787.488095
3/13/1990,4182.183538,4694.556027,4604.046552,4367.793779,4354.838208,4604.046552,6204.196345,8012.012795,7056.140203,6146.108053,7451.903497,7056.140203,6417.891984,7331.291453,7056.140203,6087.781146,7088.16375,7056.140203,1708.729442,1697.851267,0.001001968,0.001005531,0.001008742,0.001011081,3690.834989,3690.834989,3690.834989,6629.419081,6629.419081,6629.419081,6629.419081,6629.419081
3/14/1990,4167.13056,4095.650702,4647.256591,4764.925091,4694.556027,4647.256591,6737.427042,7763.652379,7783.056253,7039.654626,8012.012795,7783.056253,7280.618659,7451.903497,7783.056253,7048.950232,7331.291453,7783.056253,1969.693179,1956.915273,0.001001968,0.001005531,0.001008742,0.001011081,3809.082072,3809.082072,3809.082072,6613.796922,6613.796922,6613.796922,6613.796922,6613.796922
3/15/1990,3673.163826,3854.709434,4062.000312,4161.916466,4095.650702,4062.000312,6136.537753,9170.419317,7037.325873,6381.91042,7763.652379,7037.325873,6881.03388,8012.012795,7037.325873,7234.620094,7451.903497,7037.325873,1628.891967,1618.588424,0.001001968,0.001005531,0.001008742,0.001011081,3916.920978,3916.920978,3916.920978,6688.76336,6688.76336,6688.76336,6688.76336,6688.76336
3/16/1990,3380.471005,3950.351402,3744.155146,3861.271267,3854.709434,3744.155146,5703.244932,8057.352948,6544.431179,5954.409498,9170.419317,6544.431179,6408.790798,7763.652379,6544.431179,6796.405827,8012.012795,6544.431179,1554.722371,1544.949681,0.001001968,0.001005531,0.001008742,0.001011081,4002.075004,4002.075004,4002.075004,6784.042054,6784.042054,6784.042054,6784.042054,6784.042054
3/17/1990,3209.441303,4079.869091,3549.724428,3651.053285,3950.351402,3549.724428,6518.130656,8069.065976,7476.596175,6733.311042,8057.352948,7476.596175,7098.959517,9170.419317,7476.596175,7177.050382,7763.652379,7476.596175,1457.752686,1448.669467,0.001001968,0.001005531,0.001008742,0.001011081,4060.651172,4060.651172,4060.651172,6980.671386,6980.671386,6980.671386,6980.671386,6980.671386
3/18/1990,3752.413546,3727.401879,4144.750928,4196.538246,4079.869091,4144.750928,7542.787286,9272.467617,8606.005681,7760.749957,8069.065976,8606.005681,7872.537489,8057.352948,8606.005681,7290.863466,9170.419317,8606.005681,1522.308534,1512.766901,0.001001968,0.001005531,0.001008742,0.001011081,4139.659391,4139.659391,4139.659391,7243.338425,7243.338425,7243.338425,7243.338425,7243.338425
3/19/1990,3660.411851,4256.37914,3989.686825,3737.99342,3727.401879,3989.686825,8287.693171,8475.243002,9465.662434,8129.378608,9272.467617,9465.662434,8489.867329,8069.065976,9465.662434,9043.744562,8057.352948,9465.662434,1342.295382,1334.025882,0.001001968,0.001005531,0.001008742,0.001011081,4137.791815,4137.791815,4137.791815,7726.201732,7726.201732,7726.201732,7726.201732,7726.201732
3/20/1990,4047.657544,4998.071738,4450.218296,4213.835767,4256.37914,4450.218296,7251.16494,7661.754726,8243.836292,7176.225371,8475.243002,8243.836292,7277.749937,9272.467617,8243.836292,7178.401381,8069.065976,8243.836292,1619.723572,1609.485808,0.001001968,0.001005531,0.001008742,0.001011081,4097.502011,4097.502011,4097.502011,7917.12178,7917.12178,7917.12178,7917.12178,7917.12178
3/21/1990,5040.738513,5906.267162,5569.654096,5069.889085,4998.071738,5569.654096,8562.238368,7882.705448,9805.082182,8265.372902,7661.754726,9805.082182,8390.787707,8475.243002,9805.082182,7802.038236,9272.467617,9805.082182,2131.799033,2117.825942,0.001001968,0.001005531,0.001008742,0.001011081,4120.307345,4120.307345,4120.307345,8053.362002,8053.362002,8053.362002,8053.362002,8053.362002
3/22/1990,5134.777578,3771.907377,5817.568551,5960.858077,5906.267162,5817.568551,9229.980378,7375.790235,10837.39031,9604.973746,7882.705448,10837.39031,9900.690515,7661.754726,10837.39031,9161.432242,8475.243002,10837.39031,2817.937894,2798.79791,0.001001968,0.001005531,0.001008742,0.001011081,4309.998468,4309.998468,4309.998468,8369.011603,8369.011603,8369.011603,8369.011603,8369.011603
3/23/1990,3263.571004,3284.580759,3509.761117,3783.440953,3771.907377,3509.761117,6254.283526,6764.251325,7021.329762,6607.903246,7375.790235,7021.329762,7132.5214,7882.705448,7021.329762,8811.988339,7661.754726,7021.329762,1058.457013,1052.150256,0.001001968,0.001005531,0.001008742,0.001011081,4326.70517,4326.70517,4326.70517,8591.710578,8591.710578,8591.710578,8591.710578,8591.710578
3/24/1990,3207.108505,4165.191592,3420.602605,3291.769738,3284.580759,3420.602605,4798.159193,6576.663176,5267.775861,4762.009828,6764.251325,5267.775861,5284.379336,7375.790235,5267.775861,5867.619138,7882.705448,5267.775861,928.7460374,923.3155239,0.001001968,0.001005531,0.001008742,0.001011081,4309.807379,4309.807379,4309.807379,8533.311791,8533.311791,8533.311791,8533.311791,8533.311791
3/25/1990,3696.725753,3687.745482,4095.580092,4170.640217,4165.191592,4095.580092,6722.541031,6218.566476,7738.849344,6928.059931,6576.663176,7738.849344,7167.954495,6764.251325,7738.849344,6831.251763,7375.790235,7738.849344,1731.011224,1719.972102,0.001001968,0.001005531,0.001008742,0.001011081,4319.834456,4319.834456,4319.834456,8358.305295,8358.305295,8358.305295,8358.305295,8358.305295
3/26/1990,3186.473603,3196.178164,3499.216726,3691.926679,3687.745482,3499.216726,6251.686899,6208.42156,7156.235337,6538.672998,6218.566476,7156.235337,6890.408376,6576.663176,7156.235337,7281.57568,6764.251325,7156.235337,1376.794096,1368.282311,0.001001968,0.001005531,0.001008742,0.001011081,4306.91875,4306.91875,4306.91875,7996.483038,7996.483038,7996.483038,7996.483038,7996.483038
3/27/1990,2827.969667,3017.281419,3079.726033,3199.410052,3196.178164,3079.726033,5032.949829,6678.967454,5689.367782,5240.087284,6208.42156,5689.367782,5668.351451,6218.566476,5689.367782,6121.926306,6576.663176,5689.367782,1121.179468,1114.444029,0.001001968,0.001005531,0.001008742,0.001011081,4223.354853,4223.354853,4223.354853,7830.181892,7830.181892,7830.181892,7830.181892,7830.181892
3/28/1990,2689.168435,2899.707697,2934.870909,3019.795672,3017.281419,2934.870909,4982.595353,6512.29487,5650.837161,5149.076837,6678.967454,5650.837161,5493.505634,6208.42156,5650.837161,5824.172422,6218.566476,5650.837161,1100.669538,1094.074614,0.001001968,0.001005531,0.001008742,0.001011081,3994.729429,3994.729429,3994.729429,7553.903915,7553.903915,7553.903915,7553.903915,7553.903915
3/29/1990,2557.287729,3086.248127,2794.085318,2864.826764,2899.707697,2794.085318,4880.977649,6327.379925,5544.286953,5027.961867,6512.29487,5544.286953,5326.161604,6678.967454,5544.286953,5583.730045,6208.42156,5544.286953,1066.998546,1060.633593,0.001001968,0.001005531,0.001008742,0.001011081,3609.461215,3609.461215,3609.461215,7006.600265,7006.600265,7006.600265,7006.600265,7006.600265
3/30/1990,2805.842514,3345.295232,3088.910387,3080.787298,3086.248127,3088.910387,5410.388946,7021.51395,6185.468582,5496.423513,6327.379925,6185.468582,5714.731672,6512.29487,6185.468582,5624.572798,6678.967454,6185.468582,1246.868385,1239.265076,0.001001968,0.001005531,0.001008742,0.001011081,3458.473317,3458.473317,3458.473317,6603.996963,6603.996963,6603.996963,6603.996963,6603.996963
3/31/1990,3027.723251,3034.769155,3365.731881,3369.036431,3345.295232,3365.731881,6183.077632,7317.697077,7142.00839,6290.541088,7021.51395,7142.00839,6501.172423,6327.379925,7142.00839,6335.351895,6512.29487,7142.00839,1479.685008,1470.446314,0.001001968,0.001005531,0.001008742,0.001011081,3412.894124,3412.894124,3412.894124,6496.45716,6496.45716,6496.45716,6496.45716,6496.45716
4/1/1990,2662.748122,2754.091499,2951.792054,3040.430081,3034.769155,2951.792054,5583.170376,7227.979128,6418.535088,5760.140369,7317.697077,6418.535088,6098.636874,7021.51395,6418.535088,6280.028168,6327.379925,6418.535088,1292.372889,1284.452654,0.001001968,0.001005531,0.001008742,0.001011081,3279.552408,3279.552408,3279.552408,6432.728586,6432.728586,6432.728586,6432.728586,6432.728586
4/2/1990,2410.641213,3450.865888,2651.364584,2708.87972,2754.091499,2651.364584,5029.14065,8175.227038,5732.262841,5163.626335,7227.979128,5732.262841,5466.58999,7317.697077,5732.262841,5811.562292,7021.51395,5732.262841,1086.530275,1080.03203,0.001001968,0.001005531,0.001008742,0.001011081,3139.433822,3139.433822,3139.433822,6331.775373,6331.775373,6331.775373,6331.775373,6331.775373
4/3/1990,3471.717458,4313.697488,3815.537667,3435.901941,3450.865888,3815.537667,7222.786234,8904.544406,8225.300998,6966.008683,8175.227038,8225.300998,6920.789566,7227.979128,8225.300998,6271.203384,7317.697077,8225.300998,1453.774079,1444.719034,0.001001968,0.001005531,0.001008742,0.001011081,3096.17761,3096.17761,3096.17761,6407.580566,6407.580566,6407.580566,6407.580566,6407.580566
4/4/1990,4371.808068,4832.912545,4778.297273,4340.250313,4313.697488,4778.297273,8677.300364,8338.449526,9848.035345,8382.430412,8904.544406,9848.035345,8034.311161,8175.227038,9848.035345,7422.028153,7227.979128,9848.035345,1685.245829,1674.537015,0.001001968,0.001005531,0.001008742,0.001011081,3169.517469,3169.517469,3169.517469,6684.774268,6684.774268,6684.774268,6684.774268,6684.774268
4/5/1990,4638.837504,5073.027022,5113.068669,4853.651066,4832.912545,5113.068669,8038.879322,7418.395412,9156.98519,7952.718482,8338.449526,9156.98519,8135.179295,8904.544406,9156.98519,7407.163598,8175.227038,9156.98519,2009.61666,1996.545423,0.001001968,0.001005531,0.001008742,0.001011081,3405.840996,3405.840996,3405.840996,7039.6155,7039.6155,7039.6155,7039.6155,7039.6155
4/6/1990,4207.338178,3671.310649,4732.690596,5077.645415,5073.027022,4732.690596,7662.597999,6453.259836,8894.589198,8186.783383,7418.395412,8894.589198,8633.667279,8338.449526,8894.589198,8428.014295,8904.544406,8894.589198,2253.896008,2239.015733,0.001001968,0.001005531,0.001008742,0.001011081,3690.594919,3690.594919,3690.594919,7434.252073,7434.252073,7434.252073,7434.252073,7434.252073
4/7/1990,3034.106455,2948.920643,3328.297606,3671.720528,3671.310649,3328.297606,6453.918808,3968.262212,7357.339175,6884.710315,6453.259836,7357.339175,7557.038642,7418.395412,7357.339175,8678.607591,8338.449526,7357.339175,1309.316603,1301.278008,0.001001968,0.001005531,0.001008742,0.001011081,3805.281551,3805.281551,3805.281551,7750.112261,7750.112261,7750.112261,7750.112261,7750.112261
4/8/1990,2601.849823,2765.085487,2821.443786,2948.805699,2948.920643,2821.443786,5249.23381,3626.085775,5908.040309,5447.718467,3968.262212,5908.040309,6018.147121,6453.259836,5908.040309,6923.389713,7418.395412,5908.040309,994.2650636,988.3937498,0.001001968,0.001005531,0.001008742,0.001011081,3833.671251,3833.671251,3833.671251,7906.916511,7906.916511,7906.916511,7906.916511,7906.916511
4/9/1990,2475.672798,2717.192292,2697.15807,2764.689163,2765.085487,2697.15807,5141.940416,6869.576626,5820.465389,5276.541213,3626.085775,5820.465389,5641.135033,3968.262212,5820.465389,6164.732689,6453.259836,5820.465389,1010.98866,1005.004233,0.001001968,0.001005531,0.001008742,0.001011081,3853.323149,3853.323149,3853.323149,7921.625394,7921.625394,7921.625394,7921.625394,7921.625394
4/10/1990,2378.833547,2109.306007,2598.25765,2652.749988,2717.192292,2598.25765,4940.215001,8283.743219,5599.359281,5061.774746,6869.576626,5599.359281,5334.513192,3626.085775,5599.359281,5612.771269,3968.262212,5599.359281,1006.966164,1001.008966,0.001001968,0.001005531,0.001008742,0.001011081,3800.913494,3800.913494,3800.913494,7716.790098,7716.790098,7716.790098,7716.790098,7716.790098
4/11/1990,2547.425686,3057.161137,2591.49498,2123.373535,2109.306007,2591.49498,3871.375352,9120.911244,3988.535921,3458.922339,8283.743219,3988.535921,3060.18468,6869.576626,3988.535921,3737.428051,3626.085775,3988.535921,0.001000564,0.001006515,0.001001968,0.001005531,0.001008742,0.001011081,3520.872054,3520.872054,3520.872054,7129.573074,7129.573074,7129.573074,7129.573074,7129.573074
4/12/1990,3995.042281,7198.533755,4137.495378,3093.41579,3057.161137,4137.495378,4982.333679,8995.314998,5217.809158,4023.622799,9120.911244,5217.809158,3752.839163,8283.743219,5217.809158,2933.180585,6869.576626,5217.809158,590.334451,587.1103647,0.001001968,0.001005531,0.001008742,0.001011081,3244.935683,3244.935683,3244.935683,6545.434816,6545.434816,6545.434816,6545.434816,6545.434816
4/13/1990,6050.546666,4677.381258,7016.153596,7199.722854,7198.533755,7016.153596,9879.200053,7662.690647,11871.85553,10389.09031,8995.314998,11871.85553,10542.42444,9120.911244,11871.85553,6973.029193,8283.743219,11871.85553,4001.373593,3973.000953,0.001001968,0.001005531,0.001008742,0.001011081,3443.539353,3443.539353,3443.539353,6356.172339,6356.172339,6356.172339,6356.172339,6356.172339
4/14/1990,3442.029248,3074.613228,3831.925849,4648.322749,4677.381258,3831.925849,7937.744056,6347.390889,9223.558119,8844.722039,7662.690647,9223.558119,9394.957727,8995.314998,9223.558119,11149.63309,9120.911244,9223.558119,1730.786302,1719.748806,0.001001968,0.001005531,0.001008742,0.001011081,3556.80351,3556.80351,3556.80351,6401.735218,6401.735218,6401.735218,6401.735218,6401.735218
4/15/1990,2666.624789,3237.538958,2865.037727,3065.538082,3074.613228,2865.037727,4970.027941,5657.525578,5536.918939,5243.28317,6347.390889,5536.918939,6170.535795,7662.690647,5536.918939,7230.621513,8995.314998,5536.918939,894.3081403,889.1077567,0.001001968,0.001005531,0.001008742,0.001011081,3625.661421,3625.661421,3625.661421,6663.220087,6663.220087,6663.220087,6663.220087,6663.220087
4/16/1990,2889.199938,2829.083863,3175.677556,3258.621487,3237.538958,3175.677556,6342.108406,5246.28637,7263.086402,6503.783463,5657.525578,7263.086402,6917.395737,6347.390889,7263.086402,7433.556842,7662.690647,7263.086402,1281.798521,1273.952056,0.001001968,0.001005531,0.001008742,0.001011081,3696.718157,3696.718157,3696.718157,6889.219615,6889.219615,6889.219615,6889.219615,6889.219615
4/17/1990,2513.044712,2638.955852,2749.521053,2833.550219,2829.083863,2749.521053,5638.834479,5186.425922,6432.862002,5783.508728,5246.28637,6432.862002,6158.700144,5657.525578,6432.862002,6698.070866,6347.390889,6432.862002,1086.327493,1079.830633,0.001001968,0.001005531,0.001008742,0.001011081,3736.624553,3736.624553,3736.624553,7012.227967,7012.227967,7012.227967,7012.227967,7012.227967
4/18/1990,2367.107361,2535.216114,2582.809672,2639.830672,2638.955852,2582.809672,4767.436259,5364.229155,5396.467633,4891.673422,5186.425922,5396.467633,5156.362472,5246.28637,5396.467633,5528.064499,5657.525578,5396.467633,996.8795494,990.9905678,0.001001968,0.001005531,0.001008742,0.001011081,3881.078124,3881.078124,3881.078124,7275.249546,7275.249546,7275.249546,7275.249546,7275.249546
4/19/1990,2260.435804,2406.656314,2470.079299,2539.275345,2535.216114,2470.079299,4424.222829,5213.620345,5009.51437,4560.394664,5364.229155,5009.51437,4802.980029,5186.425922,5009.51437,5027.073052,5246.28637,5009.51437,975.8175467,970.0707273,0.001001968,0.001005531,0.001008742,0.001011081,3868.443854,3868.443854,3868.443854,7430.195867,7430.195867,7430.195867,7430.195867,7430.195867
4/20/1990,2112.988836,2463.787053,2313.848516,2384.18596,2406.656314,2313.848516,4170.547561,5010.85711,4729.01043,4304.6126,5213.620345,4729.01043,4580.787428,5364.229155,4729.01043,4770.941627,5186.425922,4729.01043,943.1303042,937.6033439,0.001001968,0.001005531,0.001008742,0.001011081,3302.266954,3302.266954,3302.266954,7081.513157,7081.513157,7081.513157,7081.513157,7081.513157
4/21/1990,2291.040664,2739.929109,2507.787969,2460.036829,2463.787053,2507.787969,4570.470916,4679.886314,5177.071656,4595.682432,5010.85711,5177.071656,4767.585905,5213.620345,5177.071656,4743.056978,5364.229155,5177.071656,995.9403566,990.0577224,0.001001968,0.001005531,0.001008742,0.001011081,2951.668949,2951.668949,2951.668949,6493.500696,6493.500696,6493.500696,6493.500696,6493.500696
4/22/1990,2480.760325,2465.157477,2748.299054,2756.356036,2739.929109,2748.299054,4977.942049,4274.285475,5700.749705,5072.054318,4679.886314,5700.749705,5217.822314,5010.85711,5700.749705,5081.507654,5213.620345,5700.749705,1219.075091,1211.664662,0.001001968,0.001005531,0.001008742,0.001011081,2787.523625,2787.523625,2787.523625,5894.547131,5894.547131,5894.547131,5894.547131,5894.547131
4/23/1990,2148.220676,2062.312907,2377.948523,2471.410239,2465.157477,2377.948523,4381.604864,4192.659222,5012.343923,4547.008135,4274.285475,5012.343923,4850.229941,4679.886314,5012.343923,5060.12115,5010.85711,5012.343923,1070.930157,1064.538398,0.001001968,0.001005531,0.001008742,0.001011081,2662.636796,2662.636796,2662.636796,5495.710954,5495.710954,5495.710954,5495.710954,5495.710954
4/24/1990,1806.96748,1883.49653,1977.135637,2062.100265,2062.312907,1977.135637,3698.334911,4071.046083,4185.528184,3836.66091,4192.659222,4185.528184,4113.010931,4274.285475,4185.528184,4572.525002,4679.886314,4185.528184,813.19181,808.5289361,0.001001968,0.001005531,0.001008742,0.001011081,2543.500047,2543.500047,2543.500047,5241.843781,5241.843781,5241.843781,5241.843781,5241.843781
4/25/1990,1709.778869,1988.911667,1862.379814,1879.102267,1883.49653,1862.379814,3457.518642,3975.404424,3896.060392,3522.729526,4071.046083,3896.060392,3746.418258,4192.659222,3896.060392,4021.08762,4274.285475,3896.060392,735.9694952,731.8119227,0.001001968,0.001005531,0.001008742,0.001011081,2435.736111,2435.736111,2435.736111,5029.579105,5029.579105,5029.579105,5029.579105,5029.579105
4/26/1990,1822.355958,2085.023275,2000.152494,1989.625428,1988.911667,2000.152494,3607.66761,3818.829907,4085.839544,3656.23214,3975.404424,4085.839544,3806.84088,4071.046083,4085.839544,3798.180782,4192.659222,4085.839544,848.5253142,843.6291152,0.001001968,0.001005531,0.001008742,0.001011081,2347.129024,2347.129024,2347.129024,4852.933402,4852.933402,4852.933402,4852.933402,4852.933402
4/27/1990,1838.235227,1791.847521,2033.921802,2087.977042,2085.023275,2033.921802,3719.391238,3856.871961,4244.482413,3836.157221,3818.829907,4244.482413,3975.613099,3975.404424,4244.482413,3970.797461,4071.046083,4244.482413,929.2873226,923.8531831,0.001001968,0.001005531,0.001008742,0.001011081,2285.436047,2285.436047,2285.436047,4725.377021,4725.377021,4725.377021,4725.377021,4725.377021
4/28/1990,1590.381492,1671.534025,1745.12471,1791.960713,1791.847521,1745.12471,3295.090159,3706.75679,3736.628572,3389.76581,3856.871961,3736.628572,3624.63389,3818.829907,3736.628572,3872.91132,3975.404424,3736.628572,751.2827547,747.0255073,0.001001968,0.001005531,0.001008742,0.001011081,2205.976361,2205.976361,2205.976361,4576.155454,4576.155454,4576.155454,4576.155454,4576.155454
4/29/1990,1486.274711,1733.797581,1627.260847,1663.018507,1671.534025,1627.260847,3095.060873,3533.51831,3497.281631,3175.372877,3706.75679,3497.281631,3353.449103,3856.871961,3497.281631,3546.022305,3818.829907,3497.281631,690.6532994,686.7890797,0.001001968,0.001005531,0.001008742,0.001011081,2069.306796,2069.306796,2069.306796,4360.509443,4360.509443,4360.509443,4360.509443,4360.509443
4/30/1990,1527.383753,1610.730262,1687.940275,1735.030418,1733.797581,1687.940275,3181.569274,3485.587094,3620.412063,3280.788707,3533.51831,3620.412063,3430.821199,3706.75679,3620.412063,3437.10981,3856.871961,3620.412063,775.6544615,771.2380311,0.001001968,0.001005531,0.001008742,0.001011081,1950.491553,1950.491553,1950.491553,4138.610485,4138.610485,4138.610485,4138.610485,4138.610485
5/1/1990,1514.815023,1669.698785,1659.339856,1617.095619,1610.730262,1659.339856,3321.559383,4244.257428,3766.50821,3320.991374,3485.587094,3766.50821,3474.299421,3533.51831,3766.50821,3624.155798,3706.75679,3766.50821,704.8008233,700.8452845,0.001001968,0.001005531,0.001008742,0.001011081,1872.839644,1872.839644,1872.839644,3984.469086,3984.469086,3984.469086,3984.469086,3984.469086
5/2/1990,1509.007449,1549.39542,1667.080884,1670.258777,1669.698785,1667.080884,3132.919451,5926.602586,3569.751165,3184.977159,4244.257428,3569.751165,3319.479279,3485.587094,3569.751165,3363.064595,3533.51831,3569.751165,772.7183099,768.3210919,0.001001968,0.001005531,0.001008742,0.001011081,1829.091433,1829.091433,1829.091433,3875.77343,3875.77343,3875.77343,3875.77343,3875.77343
5/3/1990,1366.916655,1472.127415,1502.719906,1549.52547,1549.39542,1502.719906,2928.158656,5019.702523,3324.719846,3015.445057,5926.602586,3324.719846,3140.250764,4244.257428,3324.719846,3304.098265,3485.587094,3324.719846,672.8250033,669.0755089,0.001001968,0.001005531,0.001008742,0.001011081,1767.989516,1767.989516,1767.989516,3788.685344,3788.685344,3788.685344,3788.685344,3788.685344
5/4/1990,1269.687494,2088.098636,1388.569119,1413.312407,1472.127415,1388.569119,2826.418693,4319.63276,3194.159548,2885.757816,5019.702523,3194.159548,3033.44427,5926.602586,3194.159548,3140.722775,4244.257428,3194.159548,595.7148998,592.4568292,0.001001968,0.001005531,0.001008742,0.001011081,1682.62847,1682.62847,1682.62847,3698.524461,3698.524461,3698.524461,3698.524461,3698.524461
5/5/1990,1892.216974,2351.648784,2125.782659,2087.86045,2088.098636,2125.782659,4639.956657,3809.887361,5326.370455,4680.393962,4319.63276,5326.370455,4737.499495,5019.702523,5326.370455,3832.669566,5926.602586,5326.370455,1075.696038,1069.271768,0.001001968,0.001005531,0.001008742,0.001011081,1689.832604,1689.832604,1689.832604,3785.825148,3785.825148,3785.825148,3785.825148,3785.825148
5/6/1990,2250.24069,2011.243708,2516.310442,2395.565498,2351.648784,2516.310442,6250.063443,4286.153148,7247.433758,6183.805261,3809.887361,7247.433758,6187.942285,4319.63276,7247.433758,6199.616234,5019.702523,7247.433758,1213.201239,1205.831504,0.001001968,0.001005531,0.001008742,0.001011081,1760.695993,1760.695993,1760.695993,4143.158488,4143.158488,4143.158488,4143.158488,4143.158488
5/7/1990,1773.272424,1523.283755,1983.011995,2013.228876,2011.243708,1983.011995,4130.500642,4124.09212,4747.033741,4221.143093,4286.153148,4747.033741,4508.66768,3809.887361,4747.033741,4747.043416,4319.63276,4747.033741,999.3150432,993.4095982,0.001001968,0.001005531,0.001008742,0.001011081,1814.790367,1814.790367,1814.790367,4348.567032,4348.567032,4348.567032,4348.567032,4348.567032
5/8/1990,1291.599209,1278.003868,1413.799421,1525.022698,1523.283755,1413.799421,2899.6571,7085.506034,3272.48107,3047.702222,4124.09212,3272.48107,3234.30247,4286.153148,3272.48107,3915.739624,3809.887361,3272.48107,609.1151493,605.7722602,0.001001968,0.001005531,0.001008742,0.001011081,1808.66823,1808.66823,1808.66823,4396.669122,4396.669122,4396.669122,4396.669122,4396.669122
5/9/1990,1164.701013,2030.224677,1257.211948,1254.468585,1278.003868,1257.211948,2555.466274,8370.995739,2836.986411,2583.259887,7085.506034,2836.986411,2783.781247,4124.09212,2836.986411,2999.555624,4286.153148,2836.986411,471.5823551,469.0969378,0.001001968,0.001005531,0.001008742,0.001011081,1766.733678,1766.733678,1766.733678,4382.642881,4382.642881,4382.642881,4382.642881,4382.642881
5/10/1990,1464.145392,2021.93551,1626.268196,1629.777688,2030.224677,1626.268196,4478.066428,7765.345055,5065.155634,4534.983652,8370.995739,5065.155634,4630.480506,7085.506034,5065.155634,3750.908874,4124.09212,5065.155634,785.00418,780.5265079,0.001001968,0.001005531,0.001008742,0.001011081,1770.014159,1770.014159,1770.014159,4565.911218,4565.911218,4565.911218,4565.911218,4565.911218
5/11/1990,2192.571884,2680.54169,2303.682852,2184.540073,2021.93551,2303.682852,6628.827565,8745.602618,7210.11623,6608.826222,7765.345055,7210.11623,5962.242943,8370.995739,7210.11623,5031.921594,7085.506034,7210.11623,228.9081614,227.8423366,0.001001968,0.001005531,0.001008742,0.001011081,1773.950623,1773.950623,1773.950623,4921.22962,4921.22962,4921.22962,4921.22962,4921.22962
5/12/1990,3776.662585,6854.43424,3996.543685,2693.430902,2680.54169,3996.543685,8515.059178,11235.42511,9447.581863,7276.77613,8745.602618,9447.581863,7390.434881,7765.345055,9447.581863,7184.781606,8370.995739,9447.581863,896.9648184,891.7467213,0.001001968,0.001005531,0.001008742,0.001011081,1879.77676,1879.77676,1879.77676,5457.902249,5457.902249,5457.902249,5457.902249,5457.902249
5/13/1990,5686.976922,4966.433049,6607.418932,6524.88135,6854.43424,6607.418932,10299.44217,13114.43799,12284.41645,10539.53691,11235.42511,12284.41645,10355.45885,8745.602618,12284.41645,7833.786934,7765.345055,12284.41645,3743.489168,3717.157436,0.001001968,0.001005531,0.001008742,0.001011081,2350.921855,2350.921855,2350.921855,5704.82966,5704.82966,5704.82966,5704.82966,5704.82966
5/14/1990,4771.155641,4867.924084,5223.183014,5141.838508,4966.433049,5223.183014,9101.512543,15319.00599,10305.1964,9207.277951,13114.43799,10305.1964,9213.597918,11235.42511,10305.1964,9897.946162,8745.602618,10305.1964,1723.042139,1712.060608,0.001001968,0.001005531,0.001008742,0.001011081,2736.935948,2736.935948,2736.935948,6245.393054,6245.393054,6245.393054,6245.393054,6245.393054
5/15/1990,4778.659326,5707.115379,5243.407926,5002.777062,4867.924084,5243.407926,7258.749813,12657.61376,8186.336713,7212.031878,15319.00599,8186.336713,7774.209855,13114.43799,8186.336713,7780.498855,11235.42511,8186.336713,1924.742292,1912.293829,0.001001968,0.001005531,0.001008742,0.001011081,3243.118659,3243.118659,3243.118659,7093.798542,7093.798542,7093.798542,7093.798542,7093.798542
5/16/1990,4416.34414,4548.306022,5018.418786,5483.64589,5707.115379,5018.418786,9843.982299,10448.2864,11523.60165,10498.79424,12657.61376,11523.60165,11019.84049,15319.00599,11523.60165,10396.81111,13114.43799,11523.60165,2554.265905,2537.130492,0.001001968,0.001005531,0.001008742,0.001011081,3829.378461,3829.378461,3829.378461,8175.146479,8175.146479,8175.146479,8175.146479,8175.146479
5/17/1990,3986.298344,3932.163386,4375.338688,4565.889009,4548.306022,4375.338688,13701.05965,7918.103691,15576.24749,14035.23493,10448.2864,15576.24749,14495.2884,12657.61376,15576.24749,13352.09249,15319.00599,15576.24749,1561.539467,1551.718109,0.001001968,0.001005531,0.001008742,0.001011081,4275.204367,4275.204367,4275.204367,9640.569555,9640.569555,9640.569555,9640.569555,9640.569555
5/18/1990,3871.771318,3934.856483,4176.200253,4048.744671,3932.163386,4176.200253,12483.69776,6735.743557,14221.58071,12402.43912,7918.103691,14221.58071,12702.03149,10448.2864,14221.58071,14836.302,12657.61376,14221.58071,1233.380121,1225.870484,0.001001968,0.001005531,0.001008742,0.001011081,4664.204559,4664.204559,4664.204559,11100.03515,11100.03515,11100.03515,11100.03515,11100.03515
5/19/1990,3675.841968,4041.1266,4023.177916,3985.040699,3934.856483,4023.177916,8534.662985,7943.396968,9685.422614,8604.043747,6735.743557,9685.422614,9068.003752,7918.103691,9685.422614,9806.583653,10448.2864,9685.422614,1495.030818,1485.683176,0.001001968,0.001005531,0.001008742,0.001011081,4877.818163,4877.818163,4877.818163,11430.61202,11430.61202,11430.61202,11430.61202,11430.61202
5/20/1990,3392.383917,2986.673934,3761.327528,3947.966731,4041.1266,3761.327528,7887.852063,7920.130399,9052.303841,8181.031023,7943.396968,9052.303841,8572.572633,6735.743557,9052.303841,9120.118826,7918.103691,9052.303841,1620.054851,1609.814711,0.001001968,0.001005531,0.001008742,0.001011081,4668.020019,4668.020019,4668.020019,11567.81974,11567.81974,11567.81974,11567.81974,11567.81974
5/21/1990,2806.113932,3003.744231,2968.93581,2994.015577,2986.673934,2968.93581,5716.38898,6989.058924,6280.654242,5809.570763,7920.130399,6280.654242,5989.994723,7943.396968,6280.654242,7130.305094,6735.743557,6280.654242,657.1143721,653.4656424,0.001001968,0.001005531,0.001008742,0.001011081,4417.292397,4417.292397,4417.292397,11333.93449,11333.93449,11333.93449,11333.93449,11333.93449
5/22/1990,3232.274178,4650.179317,3423.711917,3077.931341,3003.744231,3423.711917,5402.176668,6907.0907,5890.231508,5142.04977,6989.058924,5890.231508,5365.818966,7920.130399,5890.231508,5429.264702,7943.396968,5890.231508,822.4393169,817.7155011,0.001001968,0.001005531,0.001008742,0.001011081,4130.301769,4130.301769,4130.301769,10818.97139,10818.97139,10818.97139,10818.97139,10818.97139
5/23/1990,3984.966109,3392.664458,4516.104421,4668.840347,4650.179317,4516.104421,7818.195324,6655.042267,9142.299189,8139.35303,6907.0907,9142.299189,8399.686416,6989.058924,9142.299189,7284.271258,7920.130399,9142.299189,2296.458518,2281.260663,0.001001968,0.001005531,0.001008742,0.001011081,3985.418526,3985.418526,3985.418526,10309.95587,10309.95587,10309.95587,10309.95587,10309.95587
5/24/1990,2715.653335,2366.267516,2998.779444,3397.110178,3392.664458,2998.779444,6572.543021,5494.254891,7553.129942,7039.183388,6655.042267,7553.129942,7472.818782,6907.0907,7553.129942,8496.916675,6989.058924,7553.129942,1282.762839,1274.909651,0.001001968,0.001005531,0.001008742,0.001011081,3830.711472,3830.711472,3830.711472,9279.416696,9279.416696,9279.416696,9279.416696,9279.416696
5/25/1990,2055.47287,2249.557926,2204.31319,2369.335462,2366.267516,2204.31319,4102.59348,6354.213441,4552.813457,4319.578282,5494.254891,4552.813457,4865.619067,6655.042267,4552.813457,5804.441483,6907.0907,4552.813457,696.2301977,692.3300096,0.001001968,0.001005531,0.001008742,0.001011081,3627.884643,3627.884643,3627.884643,7937.760897,7937.760897,7937.760897,7937.760897,7937.760897
5/26/1990,2003.129324,2249.263947,2167.431621,2251.869301,2249.557926,2167.431621,4695.394912,11121.22729,5299.726641,4821.347089,6354.213441,5299.726641,5121.251156,5494.254891,5299.726641,5609.079596,6655.042267,5299.726641,771.8892112,767.4974166,0.001001968,0.001005531,0.001008742,0.001011081,3377.808277,3377.808277,3377.808277,7279.804186,7279.804186,7279.804186,7279.804186,7279.804186
5/27/1990,2005.124827,2083.084274,2187.549305,2251.005549,2249.263947,2187.549305,5240.656809,14657.04896,5975.536473,5340.648775,11121.22729,5975.536473,5537.600631,6354.213441,5975.536473,5716.933434,5494.254891,5975.536473,856.0929439,851.1466073,0.001001968,0.001005531,0.001008742,0.001011081,3131.681594,3131.681594,3131.681594,6840.122645,6840.122645,6840.122645,6840.122645,6840.122645
5/28/1990,1775.069004,2525.29593,1923.487033,2047.427151,2083.084274,1923.487033,4371.921482,11486.50909,4939.530991,4531.439269,14657.04896,4939.530991,4674.811374,11121.22729,4939.530991,5005.085601,6354.213441,4939.530991,703.0406079,699.0964442,0.001001968,0.001005531,0.001008742,0.001011081,2990.624611,2990.624611,2990.624611,6547.791362,6547.791362,6547.791362,6547.791362,6547.791362
5/29/1990,1967.396084,4464.059998,2159.131961,2132.417994,2525.29593,2159.131961,5628.000964,9828.641693,6426.986888,5643.302458,11486.50909,6426.986888,5907.240338,14657.04896,6426.986888,5525.076315,11121.22729,6426.986888,890.9855447,885.8073051,0.001001968,0.001005531,0.001008742,0.001011081,2864.52328,2864.52328,2864.52328,6548.988521,6548.988521,6548.988521,6548.988521,6548.988521
5/30/1990,4154.094341,5033.19478,4714.34899,4628.115399,4464.059998,4714.34899,13283.16487,7990.472361,15536.1716,13351.16448,9828.641693,15536.1716,12944.13426,11486.50909,15536.1716,10267.33204,14657.04896,15536.1716,2208.432758,2193.890952,0.001001968,0.001005531,0.001008742,0.001011081,2775.957285,2775.957285,2775.957285,7276.108346,7276.108346,7276.108346,7276.108346,7276.108346
5/31/1990,5007.750386,4586.830997,5652.144534,5193.968902,5033.19478,5652.144534,15552.00834,6635.366154,18370.1114,15185.68825,7990.472361,18370.1114,15215.84348,9828.641693,18370.1114,15352.60497,11486.50909,18370.1114,2614.126698,2596.538144,0.001001968,0.001005531,0.001008742,0.001011081,2953.417267,2953.417267,2953.417267,8458.045332,8458.045332,8458.045332,8458.045332,8458.045332
6/1/1990,3954.711458,3143.302885,4545.936689,4600.145301,4586.830997,4545.936689,9206.372017,5817.542093,10886.56791,9425.172263,6635.366154,10886.56791,10236.89953,7990.472361,10886.56791,10662.89155,9828.641693,10886.56791,2526.333662,2509.409286,0.001001968,0.001005531,0.001008742,0.001011081,3258.570196,3258.570196,3258.570196,9116.750683,9116.750683,9116.750683,9116.750683,9116.750683
6/2/1990,2492.664638,2134.710639,2795.706239,3149.422061,3143.302885,2795.706239,6226.806771,5101.083712,7208.58634,6660.569606,5817.542093,7208.58634,7153.199467,6635.366154,7208.58634,8938.371507,7990.472361,7208.58634,1364.578444,1356.152535,0.001001968,0.001005531,0.001008742,0.001011081,3398.282394,3398.282394,3398.282394,9547.656565,9547.656565,9547.656565,9547.656565,9547.656565
6/3/1990,1869.574503,2109.088691,2034.290668,2135.829366,2134.710639,2034.290668,4268.144436,5008.042002,4806.457317,4420.755815,5101.083712,4806.457317,4946.552486,5817.542093,4806.457317,5968.686222,6635.366154,4806.457317,767.01715,762.6572096,0.001001968,0.001005531,0.001008742,0.001011081,3428.197734,3428.197734,3428.197734,9710.400064,9710.400064,9710.400064,9710.400064,9710.400064
6/4/1990,1878.271608,2011.214295,2067.195012,2113.294528,2109.088691,2067.195012,4479.911752,5578.00318,5104.56736,4578.670112,5008.042002,5104.56736,4849.779508,5101.083712,5104.56736,5278.68324,5817.542093,5104.56736,881.1478851,876.0351483,0.001001968,0.001005531,0.001008742,0.001011081,3450.171915,3450.171915,3450.171915,9794.578813,9794.578813,9794.578813,9794.578813,9794.578813
6/5/1990,1820.098775,1990.772053,2002.810103,2015.074578,2011.214295,2002.810103,4502.418564,7742.134647,5142.318881,4560.601622,5578.00318,5142.318881,4757.180996,5008.042002,5142.318881,5034.87255,5101.083712,5142.318881,858.1153718,853.1556263,0.001001968,0.001005531,0.001008742,0.001011081,3423.687419,3423.687419,3423.687419,9609.416537,9609.416537,9609.416537,9609.416537,9609.416537
6/6/1990,1741.597173,2196.310563,1921.198691,1967.913151,1990.772053,1921.198691,4090.083157,7112.671057,4670.290337,4186.408789,7742.134647,4670.290337,4350.151097,5578.00318,4670.290337,4533.01645,5008.042002,4670.290337,848.3232018,843.4283411,0.001001968,0.001005531,0.001008742,0.001011081,3158.868052,3158.868052,3158.868052,8494.417183,8494.417183,8494.417183,8494.417183,8494.417183
6/7/1990,1990.967345,2397.958032,2220.605312,2203.700239,2196.310563,2220.605312,4574.138634,5783.037452,5251.886322,4628.911618,7112.671057,5251.886322,4809.426164,7742.134647,5251.886322,4510.995227,5578.00318,5251.886322,1060.224661,1053.905866,0.001001968,0.001005531,0.001008742,0.001011081,2777.610721,2777.610721,2777.610721,6917.535216,6917.535216,6917.535216,6917.535216,6917.535216
6/8/1990,2095.46063,1987.673841,2356.621584,2404.351078,2397.958032,2356.621584,5182.508044,5092.970964,6008.78472,5299.343222,5783.037452,6008.78472,5421.211283,7112.671057,6008.78472,5434.557875,7742.134647,6008.78472,1197.436837,1190.1762,0.001001968,0.001005531,0.001008742,0.001011081,2405.490217,2405.490217,2405.490217,6097.953062,6097.953062,6097.953062,6097.953062,6097.953062
6/9/1990,1764.605978,2248.278572,1956.08135,1986.519329,1987.673841,1956.08135,6515.066828,4779.683819,7558.917092,6556.152369,5092.970964,7558.917092,6757.931169,5783.037452,7558.917092,6975.585178,7112.671057,7558.917092,898.476088,893.2479115,0.001001968,0.001005531,0.001008742,0.001011081,2216.681017,2216.681017,2216.681017,5916.412037,5916.412037,5916.412037,5916.412037,5916.412037
6/10/1990,2026.712247,2145.533221,2261.263312,2255.931497,2248.278572,2261.263312,6170.877036,4371.202258,7151.041868,6205.578536,4779.683819,7151.041868,6261.967749,5092.970964,7151.041868,6314.812525,5783.037452,7151.041868,1079.863001,1073.41029,0.001001968,0.001005531,0.001008742,0.001011081,2163.680129,2163.680129,2163.680129,5926.01803,5926.01803,5926.01803,5926.01803,5926.01803
6/11/1990,1958.829797,1917.341274,2179.205629,2148.723787,2145.533221,2179.205629,4982.160623,6203.06136,5734.734534,5005.853957,4371.202258,5734.734534,5205.035443,4779.683819,5734.734534,5349.723704,5092.970964,5734.734534,1025.321298,1019.239743,0.001001968,0.001005531,0.001008742,0.001011081,2155.732155,2155.732155,2155.732155,5915.334517,5915.334517,5915.334517,5915.334517,5915.334517
6/12/1990,1650.781074,1501.373695,1842.049244,1917.980482,1917.341274,1842.049244,3988.706403,5181.12538,4582.816242,4117.716905,6203.06136,4582.816242,4372.267476,4371.202258,4582.816242,4668.561034,4779.683819,4582.816242,909.4704886,904.1689198,0.001001968,0.001005531,0.001008742,0.001011081,2147.300539,2147.300539,2147.300539,5889.967331,5889.967331,5889.967331,5889.967331,5889.967331
6/13/1990,1329.630194,1417.727953,1460.972659,1501.376998,1501.373695,1460.972659,3427.266894,3928.099985,3899.749572,3499.461374,5181.12538,3899.749572,3738.128475,6203.06136,3899.749572,4226.703158,4371.202258,3899.749572,644.0566728,640.4914492,0.001001968,0.001005531,0.001008742,0.001011081,2097.171185,2097.171185,2097.171185,5844.944672,5844.944672,5844.944672,5844.944672,5844.944672
6/14/1990,1267.394998,1531.949585,1393.609147,1411.150566,1417.727953,1393.609147,3192.999132,3692.192712,3632.502624,3242.289421,3928.099985,3632.502624,3399.049717,5181.12538,3632.502624,3647.530025,6203.06136,3632.502624,623.0230264,619.5918402,0.001001968,0.001005531,0.001008742,0.001011081,1993.831966,1993.831966,1993.831966,5705.235343,5705.235343,5705.235343,5705.235343,5705.235343
6/15/1990,1369.176418,1530.69316,1521.016889,1533.569693,1531.949585,1521.016889,5214.946269,6038.088879,6060.258094,5228.507783,3692.192712,6060.258094,5291.597958,3928.099985,6060.258094,5339.056135,5181.12538,6060.258094,738.1944439,734.0224057,0.001001968,0.001005531,0.001008742,0.001011081,1879.516149,1879.516149,1879.516149,5749.558174,5749.558174,5749.558174,5749.558174,5749.558174
6/16/1990,1381.145273,1220.675208,1532.83352,1534.684112,1530.69316,1532.83352,4498.660021,6284.766615,5203.567409,4516.804819,6038.088879,5203.567409,4595.252585,3692.192712,5203.567409,4692.896993,3928.099985,5203.567409,737.7286178,733.5596087,0.001001968,0.001005531,0.001008742,0.001011081,1798.615296,1798.615296,1798.615296,5358.870523,5358.870523,5358.870523,5358.870523,5358.870523
6/17/1990,1067.426217,1169.172365,1164.864813,1220.756038,1220.675208,1164.864813,3079.400065,5076.429048,3499.556084,3151.980373,6284.766615,3499.556084,3270.169326,6038.088879,3499.556084,3586.260296,3692.192712,3499.556084,490.9385977,488.3343671,0.001001968,0.001005531,0.001008742,0.001011081,1671.712773,1671.712773,1671.712773,4891.185972,4891.185972,4891.185972,4891.185972,4891.185972
6/18/1990,1126.495621,1596.280196,1227.293884,1164.243585,1169.172365,1227.293884,3046.827651,4224.256927,3442.872094,3005.960404,5076.429048,3442.872094,3144.993184,6284.766615,3442.872094,3149.50998,6038.088879,3442.872094,508.9354446,506.2201609,0.001001968,0.001005531,0.001008742,0.001011081,1535.339616,1535.339616,1535.339616,4602.600082,4602.600082,4602.600082,4602.600082,4602.600082
6/19/1990,1386.10938,1680.958029,1551.431365,1588.075545,1596.280196,1551.431365,5847.001797,3657.879937,6779.388646,5892.30422,4224.256927,6779.388646,5849.739435,5076.429048,6779.388646,5363.206058,6284.766615,6779.388646,801.6352353,797.0483941,0.001001968,0.001005531,0.001008742,0.001011081,1454.883523,1454.883523,1454.883523,4788.203284,4788.203284,4788.203284,4788.203284,4788.203284
6/20/1990,1525.916275,1506.706885,1695.806025,1684.708781,1680.958029,1695.806025,6005.882029,2876.234507,6963.309322,5999.246746,3657.879937,6963.309322,5990.442154,4224.256927,6963.309322,6116.181432,5076.429048,6963.309322,809.2709622,804.6339,0.001001968,0.001005531,0.001008742,0.001011081,1448.269343,1448.269343,1448.269343,5084.320045,5084.320045,5084.320045,5084.320045,5084.320045
6/21/1990,1446.458374,1490.226388,1599.707891,1507.472138,1506.706885,1599.707891,4286.366917,3137.627451,4916.070435,4221.801042,2876.234507,4916.070435,4428.655059,3657.879937,4916.070435,4596.164712,4224.256927,4916.070435,746.8809361,742.6523679,0.001001968,0.001005531,0.001008742,0.001011081,1467.740386,1467.740386,1467.740386,5239.532797,5239.532797,5239.532797,5239.532797,5239.532797
6/22/1990,1214.349644,1039.07828,1343.384384,1492.773683,1490.226388,1343.384384,3273.564312,3697.362153,3736.618741,3454.272367,3137.627451,3736.618741,3440.796998,2876.234507,3736.618741,3815.451433,3657.879937,3736.618741,632.9435939,629.4492628,0.001001968,0.001005531,0.001008742,0.001011081,1447.686205,1447.686205,1447.686205,4958.325206,4958.325206,4958.325206,4958.325206,4958.325206
6/23/1990,1082.908544,1190.614553,1141.824685,1028.454651,1039.07828,1141.824685,2738.204014,3950.128613,3031.86629,2635.104267,3697.362153,3031.86629,2785.411866,3137.627451,3031.86629,3101.646495,2876.234507,3031.86629,296.2065856,294.7625735,0.001001968,0.001005531,0.001008742,0.001011081,1393.587464,1393.587464,1393.587464,4731.048377,4731.048377,4731.048377,4731.048377,4731.048377
6/24/1990,1101.469303,1178.375673,1180.70485,1193.864909,1190.614553,1180.70485,2340.118681,3538.367403,2589.273702,2380.99497,3950.128613,2589.273702,2366.189812,3697.362153,2589.273702,2439.208892,3137.627451,2589.273702,383.4952195,381.541489,0.001001968,0.001005531,0.001008742,0.001011081,1371.24518,1371.24518,1371.24518,4574.440193,4574.440193,4574.440193,4574.440193,4574.440193
6/25/1990,1363.340812,2115.271968,1446.327867,1187.845948,1178.375673,1446.327867,3035.783137,3599.267919,3378.895364,2794.365115,3538.367403,3378.895364,2882.734143,3950.128613,3378.895364,2841.124359,3697.362153,3378.895364,420.4259501,418.2512055,0.001001968,0.001005531,0.001008742,0.001011081,1369.853932,1369.853932,1369.853932,4481.683803,4481.683803,4481.683803,4481.683803,4481.683803
6/26/1990,1940.569771,1880.953339,2186.452213,2115.617535,2115.271968,2186.452213,4048.934569,2632.216951,4713.008763,4047.648387,3599.267919,4713.008763,4061.297034,3538.367403,4713.008763,3428.939211,3950.128613,4713.008763,1168.48925,1161.428483,0.001001968,0.001005531,0.001008742,0.001011081,1436.180184,1436.180184,1436.180184,4111.028525,4111.028525,4111.028525,4111.028525,4111.028525
6/27/1990,1498.692061,1143.536221,1679.743564,1880.869733,1880.953339,1679.743564,3763.786278,1834.051332,4365.116716,4005.277739,2632.216951,4365.116716,4087.040325,3599.267919,4365.116716,4256.651695,3538.367403,4365.116716,885.5762509,880.43404,0.001001968,0.001005531,0.001008742,0.001011081,1468.410674,1468.410674,1468.410674,3754.139928,3754.139928,3754.139928,3754.139928,3754.139928
6/28/1990,925.6665755,997.9356124,993.870099,1143.503834,1143.536221,993.870099,2302.258196,5185.186216,2575.686982,2466.452473,1834.051332,2575.686982,2717.355857,2632.216951,2575.686982,3231.911614,3599.267919,2575.686982,359.5661928,357.7540652,0.001001968,0.001005531,0.001008742,0.001011081,1430.770237,1430.770237,1430.770237,3561.593719,3561.593719,3561.593719,3561.593719,3561.593719
6/29/1990,914.5810866,863.8194174,979.1289455,969.406319,997.9356124,979.1289455,2434.653239,6059.418819,2730.714418,2434.450326,5185.186216,2730.714418,2625.864911,1834.051332,2730.714418,2892.199628,2632.216951,2730.714418,342.2491007,340.5386074,0.001001968,0.001005531,0.001008742,0.001011081,1392.603971,1392.603971,1392.603971,3481.501337,3481.501337,3481.501337,3481.501337,3481.501337
6/30/1990,435.8235473,585.1765123,453.5723165,850.6524483,863.8194174,453.5723165,1648.816995,4515.096107,1805.074011,2051.789564,6059.418819,1805.074011,1879.342333,5185.186216,1805.074011,2262.751015,1834.051332,1805.074011,31.64334701,31.54951539,0.001001968,0.001005531,0.001008742,0.001011081,1327.353175,1327.353175,1327.353175,3314.638708,3314.638708,3314.638708,3314.638708,3314.638708
7/1/1990,1396.831494,3895.462635,1412.47127,609.2315794,585.1765123,1412.47127,2504.068498,4517.77279,2587.766868,1721.512168,4515.096107,2587.766868,1951.817141,6059.418819,2587.766868,1429.630046,5185.186216,2587.766868,0.001000564,0.001006515,0.001001968,0.001005531,0.001008742,0.001011081,1285.967966,1285.967966,1285.967966,3242.179871,3242.179871,3242.179871,3242.179871,3242.179871
7/2/1990,3525.997249,2608.884794,4115.241984,3908.984889,3895.462635,4115.241984,7452.920653,3894.892922,8928.404759,7423.852293,4517.77279,8928.404759,7177.948924,4515.096107,8928.404759,5018.669117,6059.418819,8928.404759,2563.855415,2546.647489,0.001001968,0.001005531,0.001008742,0.001011081,1560.55985,1560.55985,1560.55985,3578.789972,3578.789972,3578.789972,3578.789972,3578.789972
7/3/1990,1954.463162,1215.515353,2222.650531,2609.304692,2608.884794,2222.650531,6086.329097,3106.340958,7154.683942,6511.861602,3894.892922,7154.683942,6659.010661,4517.77279,7154.683942,7557.599373,4515.096107,7154.683942,1259.492429,1251.801336,0.001001968,0.001005531,0.001008742,0.001011081,1653.844085,1653.844085,1653.844085,3957.457018,3957.457018,3957.457018,3957.457018,3957.457018
7/4/1990,1015.78249,1147.353347,1080.134135,1215.413231,1215.515353,1080.134135,1938.240099,2846.797745,2111.751023,2097.32948,3106.340958,2111.751023,2616.150301,3894.892922,2111.751023,3631.403539,4517.77279,2111.751023,338.5080754,336.8194413,0.001001968,0.001005531,0.001008742,0.001011081,1633.062138,1633.062138,1633.062138,4094.461412,4094.461412,4094.461412,4094.461412,4094.461412
7/5/1990,1005.675394,1090.193926,1087.311344,1147.31565,1147.353347,1087.311344,2550.027616,2514.779466,2878.180397,2626.741702,2846.797745,2878.180397,2834.474644,3106.340958,2878.180397,3287.246377,3894.892922,2878.180397,426.1760482,423.9666366,0.001001968,0.001005531,0.001008742,0.001011081,1625.969145,1625.969145,1625.969145,4119.664465,4119.664465,4119.664465,4119.664465,4119.664465
7/6/1990,971.7732772,1016.849447,1055.565643,1089.864867,1090.193926,1055.565643,2814.041229,2606.898536,3196.45814,2858.679813,2514.779466,3196.45814,2973.51642,2846.797745,3196.45814,3188.738552,3106.340958,3196.45814,437.9561038,435.6754654,0.001001968,0.001005531,0.001008742,0.001011081,1630.665965,1630.665965,1630.665965,4087.867077,4087.867077,4087.867077,4087.867077,4087.867077
7/7/1990,918.6052489,1008.34447,995.6603799,1016.918693,1016.849447,995.6603799,2433.439376,2815.542222,2749.892881,2468.403931,2606.898536,2749.892881,2555.781399,2514.779466,2749.892881,2708.447259,2846.797745,2749.892881,405.7137424,403.6273894,0.001001968,0.001005531,0.001008742,0.001011081,1682.499352,1682.499352,1682.499352,4158.663652,4158.663652,4158.663652,4158.663652,4158.663652
7/8/1990,921.7390838,838.499619,1002.83601,1008.226069,1008.34447,1002.83601,2349.827947,2592.641929,2658.947679,2372.068814,2815.542222,2658.947679,2453.996268,2606.898536,2658.947679,2516.799967,2514.779466,2658.947679,426.9055163,424.691702,0.001001968,0.001005531,0.001008742,0.001011081,1711.155346,1711.155346,1711.155346,4218.968899,4218.968899,4218.968899,4218.968899,4218.968899
7/9/1990,703.8916991,788.5414162,752.735903,838.6427087,838.499619,752.735903,1967.158004,4757.543413,2197.032973,2060.365019,2592.641929,2197.032973,2092.272651,2815.542222,2197.032973,2307.124236,2606.898536,2197.032973,265.4728063,264.2033265,0.001001968,0.001005531,0.001008742,0.001011081,1382.199878,1382.199878,1382.199878,3796.134862,3796.134862,3796.134862,3796.134862,3796.134862
7/10/1990,855.218115,1301.244223,911.4043065,788.9790954,788.5414162,911.4043065,2221.266579,9540.364928,2482.118453,2107.06745,4757.543413,2482.118453,2225.050697,2592.641929,2482.118453,2222.109985,2815.542222,2482.118453,304.2322192,302.7421712,0.001001968,0.001005531,0.001008742,0.001011081,1138.88474,1138.88474,1138.88474,3259.600609,3259.600609,3259.600609,3259.600609,3259.600609
7/11/1990,1143.705981,1531.359692,1281.891944,1293.680951,1301.244223,1281.891944,2812.713319,8585.721515,3249.596829,2858.228939,9540.364928,3249.596829,2852.693121,4757.543413,3249.596829,2582.604588,2592.641929,3249.596829,698.5428171,694.6277024,0.001001968,0.001005531,0.001008742,0.001011081,1067.046785,1067.046785,1067.046785,2931.481293,2931.481293,2931.481293,2931.481293,2931.481293
7/12/1990,1296.925047,3997.541882,1423.613591,1472.323274,1531.359692,1423.613591,3251.973218,8549.13722,3664.097271,3350.253247,8585.721515,3664.097271,3203.656792,9540.364928,3664.097271,2685.036702,4757.543413,3664.097271,612.4595731,609.0954758,0.001001968,0.001005531,0.001008742,0.001011081,1055.279108,1055.279108,1055.279108,2796.796682,2796.796682,2796.796682,2796.796682,2796.796682
7/13/1990,4187.181565,4307.366274,4649.03677,4015.875874,3997.541882,4649.03677,8313.584199,7802.814644,9501.040531,7877.336699,8549.13722,9501.040531,6974.882036,8585.721515,9501.040531,4821.744732,9540.364928,9501.040531,1819.423449,1807.743326,0.001001968,0.001005531,0.001008742,0.001011081,1286.196262,1286.196262,1286.196262,3222.348677,3222.348677,3222.348677,3222.348677,3222.348677
7/14/1990,4680.657637,4954.7562,5145.93619,4349.108342,4307.366274,5145.93619,11698.33814,6685.561026,13568.92104,10984.74637,7802.814644,13568.92104,11040.42248,8549.13722,13568.92104,10432.82675,8585.721515,13568.92104,1952.630522,1939.977771,0.001001968,0.001005531,0.001008742,0.001011081,1725.023496,1725.023496,1725.023496,4441.950648,4441.950648,4441.950648,4441.950648,4441.950648
7/15/1990,3753.109254,2979.70898,4371.607799,4946.840776,4954.7562,4371.607799,7888.759483,5832.307606,9426.708594,8649.054432,6685.561026,9426.708594,9264.55361,7802.814644,9426.708594,8626.350183,8549.13722,9426.708594,2678.674429,2660.595947,0.001001968,0.001005531,0.001008742,0.001011081,2292.320624,2292.320624,2292.320624,5407.643602,5407.643602,5407.643602,5407.643602,5407.643602
7/16/1990,2429.002556,2740.634896,2661.327007,2983.304933,2979.70898,2661.327007,6070.87964,4893.464296,6942.158683,6449.523287,5832.307606,6942.158683,6932.345973,6685.561026,6942.158683,8743.22599,7802.814644,6942.158683,1044.56074,1038.348536,0.001001968,0.001005531,0.001008742,0.001011081,2644.74478,2644.74478,2644.74478,6265.069504,6265.069504,6265.069504,6265.069504,6265.069504
7/17/1990,2438.196893,2148.580254,2678.51434,2746.112213,2740.634896,2678.51434,4660.254144,3883.333212,5289.586574,4810.824172,4893.464296,5289.586574,5277.72326,5832.307606,5289.586574,5751.756424,6685.561026,5289.586574,1087.637849,1081.132036,0.001001968,0.001005531,0.001008742,0.001011081,2951.079873,2951.079873,2951.079873,6936.972585,6936.972585,6936.972585,6936.972585,6936.972585
7/18/1990,1777.304595,1603.09003,1972.807443,2148.772967,2148.580254,1972.807443,4413.697421,4010.707434,5077.146512,4636.257691,3883.333212,5077.146512,5209.681478,4893.464296,5077.146512,5813.369514,5832.307606,5077.146512,931.3783638,925.9302146,0.001001968,0.001005531,0.001008742,0.001011081,3150.796383,3150.796383,3150.796383,7388.502794,7388.502794,7388.502794,7388.502794,7388.502794
7/19/1990,1375.606813,1433.670852,1507.274146,1603.117217,1603.09003,1507.274146,3625.764813,4009.255084,4135.616134,3747.777822,4010.707434,4135.616134,4097.544085,3883.333212,4135.616134,4938.926144,4893.464296,4135.616134,652.1668858,648.5498223,0.001001968,0.001005531,0.001008742,0.001011081,3243.132132,3243.132132,3243.132132,7667.81591,7667.81591,7667.81591,7667.81591,7667.81591
7/20/1990,1264.235278,1414.470613,1385.501974,1432.546206,1433.670852,1385.501974,3150.962054,3880.43927,3584.279636,3225.975128,4009.255084,3584.279636,3435.589198,4010.707434,3584.279636,3820.496207,3883.333212,3584.279636,608.2165463,604.879353,0.001001968,0.001005531,0.001008742,0.001011081,3069.24467,3069.24467,3069.24467,7368.489827,7368.489827,7368.489827,7368.489827,7368.489827
7/21/1990,1327.437148,1764.104591,1447.084019,1414.870249,1414.470613,1447.084019,3101.44066,3973.989382,3504.549304,3102.67237,3880.43927,3504.549304,3200.668512,4009.255084,3504.549304,3294.737884,4010.707434,3504.549304,598.0505243,594.7776885,0.001001968,0.001005531,0.001008742,0.001011081,2682.860051,2682.860051,2682.860051,6244.281396,6244.281396,6244.281396,6244.281396,6244.281396
7/22/1990,1573.100295,1601.604776,1745.812676,1763.856736,1764.104591,1745.812676,3719.400243,3502.667148,4267.447203,3783.821962,3973.989382,4267.447203,3803.981185,3880.43927,4267.447203,3629.52542,4009.255084,4267.447203,836.385148,831.5692608,0.001001968,0.001005531,0.001008742,0.001011081,2203.466179,2203.466179,2203.466179,5451.986915,5451.986915,5451.986915,5451.986915,5451.986915
7/23/1990,1414.594044,1415.015547,1569.634766,1600.707684,1601.604776,1569.634766,3556.841803,3113.509383,4086.888421,3624.384409,3502.667148,4086.888421,3825.40785,3973.989382,4086.888421,3897.679405,3880.43927,4086.888421,762.9941201,758.660463,0.001001968,0.001005531,0.001008742,0.001011081,1971.021307,1971.021307,1971.021307,4827.339594,4827.339594,4827.339594,4827.339594,4827.339594
7/24/1990,1256.710387,1247.859379,1395.759008,1416.395431,1415.015547,1395.759008,3067.732564,2892.098756,3519.175238,3122.826053,3113.509383,3519.175238,3344.771089,3502.667148,3519.175238,3585.552225,3973.989382,3519.175238,697.1001133,693.1943111,0.001001968,0.001005531,0.001008742,0.001011081,1758.828852,1758.828852,1758.828852,4335.504507,4335.504507,4335.504507,4335.504507,4335.504507
7/25/1990,1097.470471,1164.760316,1209.95659,1248.944594,1247.859379,1209.95659,2998.363438,2740.753642,3429.920401,3058.627929,2892.098756,3429.920401,3178.100588,3113.509383,3429.920401,3475.196415,3502.667148,3429.920401,576.7523832,573.6138978,0.001001968,0.001005531,0.001008742,0.001011081,1575.053525,1575.053525,1575.053525,4028.11162,4028.11162,4028.11162,4028.11162,4028.11162
7/26/1990,1014.79547,1048.004592,1119.724522,1165.003299,1164.760316,1119.724522,2653.749071,2620.004397,3032.779617,2721.25009,2740.753642,3032.779617,2841.840028,2892.098756,3032.779617,2994.924001,3113.509383,3032.779617,542.5583331,539.6341338,0.001001968,0.001005531,0.001008742,0.001011081,1481.388503,1481.388503,1481.388503,3792.188756,3792.188756,3792.188756,3792.188756,3792.188756
7/27/1990,929.7517667,999.3974655,1021.203667,1048.218743,1048.004592,1021.203667,2444.115874,2544.761734,2784.1345,2489.826371,2620.004397,2784.1345,2604.252077,2740.753642,2784.1345,2768.915097,2892.098756,2784.1345,479.3843853,476.8511571,0.001001968,0.001005531,0.001008742,0.001011081,1416.091402,1416.091402,1416.091402,3632.023177,3632.023177,3632.023177,3632.023177,3632.023177
7/28/1990,895.6063494,967.7406425,983.9357664,999.618934,999.3974655,983.9357664,2311.662434,2482.060128,2631.455475,2346.672906,2544.761734,2631.455475,2440.937528,2620.004397,2631.455475,2550.080923,2740.753642,2631.455475,465.3045942,462.8575672,0.001001968,0.001005531,0.001008742,0.001011081,1360.064481,1360.064481,1360.064481,3526.013359,3526.013359,3526.013359,3526.013359,3526.013359
7/29/1990,868.5316893,934.4571527,954.8283063,967.9689586,967.7406425,954.8283063,2257.120252,2599.861411,2570.740924,2288.854293,2482.060128,2570.740924,2369.650385,2544.761734,2570.740924,2454.971409,2620.004397,2570.740924,456.3620262,453.9695607,0.001001968,0.001005531,0.001008742,0.001011081,1265.342183,1265.342183,1265.342183,3341.820448,3341.820448,3341.820448,3341.820448,3341.820448
7/30/1990,839.3167118,905.9748974,922.6621485,934.6920463,934.4571527,922.6621485,2190.060901,2470.671525,2492.735485,2220.037729,2599.861411,2492.735485,2295.906037,2482.060128,2492.735485,2364.255426,2544.761734,2492.735485,442.8824123,440.5719072,0.001001968,0.001005531,0.001008742,0.001011081,1160.461176,1160.461176,1160.461176,3125.358553,3125.358553,3125.358553,3125.358553,3125.358553
7/31/1990,811.4562173,928.8947892,891.9164737,903.0687505,905.9748974,891.9164737,2147.070388,2436.342433,2442.571055,2175.22148,2470.671525,2442.571055,2247.276919,2599.861411,2442.571055,2307.677125,2482.060128,2442.571055,429.6188639,427.388664,0.001001968,0.001005531,0.001008742,0.001011081,1072.494828,1072.494828,1072.494828,2936.11182,2936.11182,2936.11182,2936.11182,2936.11182
8/1/1990,876.7849727,1026.870056,960.498704,929.8321285,928.8947892,960.498704,2204.51704,2705.044179,2501.952375,2193.097894,2436.342433,2501.952375,2240.941452,2470.671525,2501.952375,2260.665939,2599.861411,2501.952375,443.2868504,440.9738912,0.001001968,0.001005531,0.001008742,0.001011081,1019.261443,1019.261443,1019.261443,2754.376379,2754.376379,2754.376379,2754.376379,2754.376379
8/2/1990,905.2606105,850.2405873,999.2254355,1029.270503,1026.870056,999.2254355,2329.39032,2230.596283,2662.785311,2379.654304,2705.044179,2662.785311,2392.266053,2436.342433,2662.785311,2386.820758,2470.671525,2662.785311,491.5805462,488.9723639,0.001001968,0.001005531,0.001008742,0.001011081,985.7818146,985.7818146,985.7818146,2653.946825,2653.946825,2653.946825,2653.946825,2653.946825
8/3/1990,759.875826,814.67322,833.6918798,850.5959367,850.2405873,833.6918798,2066.350432,4589.541773,2350.511188,2097.263824,2230.596283,2350.511188,2227.78265,2705.044179,2350.511188,2310.16763,2436.342433,2350.511188,398.6499179,396.6058441,0.001001968,0.001005531,0.001008742,0.001011081,961.7578331,961.7578331,961.7578331,2588.68586,2588.68586,2588.68586,2588.68586,2588.68586
8/4/1990,727.3890194,1249.537342,799.4308444,814.9263829,814.67322,799.4308444,1971.217487,10420.76768,2241.749756,2000.961994,4589.541773,2241.749756,2075.876616,2230.596283,2241.749756,2196.935684,2705.044179,2241.749756,390.9646266,388.9664304,0.001001968,0.001005531,0.001008742,0.001011081,934.4382768,934.4382768,934.4382768,2535.329141,2535.329141,2535.329141,2535.329141,2535.329141
8/5/1990,697.8634856,3829.597011,766.0564013,775.5479266,1249.537342,766.0564013,2313.562572,11703.07268,2637.025614,2332.435006,10420.76768,2637.025614,2395.500623,4589.541773,2637.025614,2371.241373,2230.596283,2637.025614,372.5476189,370.658835,0.001001968,0.001005531,0.001008742,0.001011081,906.7040087,906.7040087,906.7040087,2536.346321,2536.346321,2536.346321,2536.346321,2536.346321
8/6/1990,2673.719311,6767.975555,2847.489746,2039.331789,3829.597011,2847.489746,4478.948021,9698.412553,4917.138671,3772.405536,11703.07268,4917.138671,3373.466006,10420.76768,4917.138671,2316.990434,4589.541773,4917.138671,630.7768656,627.2963373,0.001001968,0.001005531,0.001008742,0.001011081,991.0051911,991.0051911,991.0051911,2590.021595,2590.021595,2590.021595,2590.021595,2590.021595
8/7/1990,7579.698245,5120.24391,8647.768307,7892.790673,6767.975555,8647.768307,11548.18184,8562.559318,13542.53525,11322.01172,9698.412553,13542.53525,10994.07267,11703.07268,13542.53525,5899.105049,10420.76768,13542.53525,3539.90236,3515.171189,0.001001968,0.001005531,0.001008742,0.001011081,1827.508757,1827.508757,1827.508757,3322.244449,3322.244449,3322.244449,3322.244449,3322.244449
8/8/1990,5357.439452,4700.059343,6036.434551,5809.100834,5120.24391,6036.434551,11952.78041,9866.746016,14073.26253,11925.68153,8562.559318,14073.26253,12378.08693,9698.412553,14073.26253,13729.58655,11703.07268,14073.26253,2594.545761,2577.105562,0.001001968,0.001005531,0.001008742,0.001011081,2523.1667,2523.1667,2523.1667,4786.492708,4786.492708,4786.492708,4786.492708,4786.492708
8/9/1990,3779.383921,3826.969718,4322.684368,4704.458149,4700.059343,4322.684368,7338.669121,9460.44488,8700.035721,7884.981677,9866.746016,8700.035721,8481.471207,8562.559318,8700.035721,9599.090873,9698.412553,8700.035721,2333.351281,2317.877607,0.001001968,0.001005531,0.001008742,0.001011081,3074.717155,3074.717155,3074.717155,5968.63232,5968.63232,5968.63232,5968.63232,5968.63232
8/10/1990,2284.640416,3735.538632,2508.729507,2953.450515,3826.969718,2508.729507,5687.935086,7380.547714,6532.44336,6188.02892,9460.44488,6532.44336,6754.478894,9866.746016,6532.44336,8121.042905,8562.559318,6532.44336,1007.927005,1001.963305,0.001001968,0.001005531,0.001008742,0.001011081,3422.475781,3422.475781,3422.475781,6877.342451,6877.342451,6877.342451,6877.342451,6877.342451
8/11/1990,3576.442588,3468.028396,4006.113991,4133.509107,3735.538632,4006.113991,7645.876755,8909.299936,8797.840232,7970.118819,7380.547714,8797.840232,8505.287475,9460.44488,8797.840232,7496.343987,9866.746016,8797.840232,1538.62119,1528.963348,0.001001968,0.001005531,0.001008742,0.001011081,3925.494474,3925.494474,3925.494474,7831.313514,7831.313514,7831.313514,7831.313514,7831.313514
8/12/1990,3399.635609,3058.371971,3853.933104,3792.177409,3468.028396,3853.933104,8351.579795,7105.278932,9806.7929,8425.550371,8909.299936,9806.7929,8961.95028,7380.547714,9806.7929,9669.753829,9460.44488,9806.7929,1823.161273,1811.453968,0.001001968,0.001005531,0.001008742,0.001011081,4386.074699,4386.074699,4386.074699,8840.330467,8840.330467,8840.330467,8840.330467,8840.330467
8/13/1990,2419.977119,3452.29901,2734.699964,2758.744135,3058.371971,2734.699964,6315.525317,6109.904769,7379.669137,6417.082368,7105.278932,7379.669137,6902.914266,8909.299936,7379.669137,7937.989614,7380.547714,7379.669137,1386.00163,1377.425055,0.001001968,0.001005531,0.001008742,0.001011081,4597.432797,4597.432797,4597.432797,9597.247862,9597.247862,9597.247862,9597.247862,9597.247862
8/14/1990,3129.506475,2981.791069,3557.434203,3591.765969,3452.29901,3557.434203,6761.393323,5215.062269,7845.999982,6982.546606,6109.904769,7845.999982,7181.526505,7105.278932,7845.999982,6062.606592,8909.299936,7845.999982,1740.213903,1729.108236,0.001001968,0.001005531,0.001008742,0.001011081,4117.053359,4117.053359,4117.053359,9558.021495,9558.021495,9558.021495,9558.021495,9558.021495
8/15/1990,2725.679754,1993.031945,3043.41272,3118.204482,2981.791069,3043.41272,7839.135563,4197.537957,9110.058337,7984.886563,5215.062269,9110.058337,8085.387274,6109.904769,9110.058337,9172.368225,7105.278932,9110.058337,1327.358738,1319.193906,0.001001968,0.001005531,0.001008742,0.001011081,3723.797495,3723.797495,3723.797495,9054.430766,9054.430766,9054.430766,9054.430766,9054.430766
8/16/1990,1788.722198,1729.985326,1977.746326,2016.470607,1993.031945,1977.746326,4281.99371,3985.489883,4882.202582,4381.125379,4197.537957,4882.202582,5001.180641,5215.062269,4882.202582,5749.469789,6109.904769,4882.202582,850.3220872,845.4139893,0.001001968,0.001005531,0.001008742,0.001011081,3389.95307,3389.95307,3389.95307,8459.418254,8459.418254,8459.418254,8459.418254,8459.418254
8/17/1990,1489.397609,1443.064084,1652.777639,1743.801729,1729.985326,1652.777639,3872.247571,4216.163189,4435.686911,4009.050232,3985.489883,4435.686911,4271.019232,4197.537957,4435.686911,5057.996932,5215.062269,4435.686911,753.2076107,748.9378154,0.001001968,0.001005531,0.001008742,0.001011081,3179.628033,3179.628033,3179.628033,7945.900556,7945.900556,7945.900556,7945.900556,7945.900556
8/18/1990,1288.217641,1361.594869,1416.402841,1452.454799,1443.064084,1416.402841,3462.032066,4711.141847,3944.179259,3531.323107,4216.163189,3944.179259,3735.49526,3985.489883,3944.179259,4159.17373,4197.537957,3944.179259,600.1704466,596.8842024,0.001001968,0.001005531,0.001008742,0.001011081,2781.392999,2781.392999,2781.392999,7275.063202,7275.063202,7275.063202,7275.063202,7275.063202
8/19/1990,1239.941012,1464.237157,1360.677325,1355.138523,1361.594869,1360.677325,3158.540816,5061.105663,3586.614977,3187.141129,4711.141847,3586.614977,3326.803088,4216.163189,3586.614977,3548.057562,3985.489883,3586.614977,571.9476007,568.8393325,0.001001968,0.001005531,0.001008742,0.001011081,2409.162384,2409.162384,2409.162384,6436.292794,6436.292794,6436.292794,6436.292794,6436.292794
8/20/1990,1355.384016,2069.077046,1488.525364,1432.743261,1464.237157,1488.525364,3429.001176,4636.743849,3904.883134,3410.885445,5061.105663,3904.883134,3490.378282,4711.141847,3904.883134,3503.653647,4216.163189,3904.883134,629.8708286,626.3960701,0.001001968,0.001005531,0.001008742,0.001011081,2180.007672,2180.007672,2180.007672,5800.112735,5800.112735,5800.112735,5800.112735,5800.112735
8/21/1990,1938.010543,2355.910568,2171.466921,2068.028058,2069.077046,2171.466921,4377.823383,3250.172333,5057.865005,4347.540737,4636.743849,5057.865005,4358.472607,5061.105663,5057.865005,3877.044428,4711.141847,5057.865005,1062.565049,1056.230311,0.001001968,0.001005531,0.001008742,0.001011081,1963.560668,1963.560668,1963.560668,5357.64736,5357.64736,5357.64736,5357.64736,5357.64736
8/22/1990,2052.971437,2225.425395,2320.212059,2385.377629,2355.910568,2320.212059,4937.956428,5816.045596,5741.609989,5083.588335,3250.172333,5741.609989,5110.248262,4636.743849,5741.609989,4801.017999,5061.105663,5741.609989,1201.073552,1193.787762,0.001001968,0.001005531,0.001008742,0.001011081,1845.153652,1845.153652,1845.153652,4767.106125,4767.106125,4767.106125,4767.106125,4767.106125
8/23/1990,1537.752308,3583.992949,1715.236845,1826.412477,2225.425395,1715.236845,4251.900953,8230.346453,4896.394308,4407.792306,5816.045596,4896.394308,4676.535987,3250.172333,4896.394308,5020.859943,4636.743849,4896.394308,822.8325614,818.1061521,0.001001968,0.001005531,0.001008742,0.001011081,1770.055857,1770.055857,1770.055857,4584.572392,4584.572392,4584.572392,4584.572392,4584.572392
8/24/1990,2169.33936,3331.644434,2420.06931,2379.59294,3583.992949,2420.06931,4606.017612,6673.100983,5245.738925,4679.186649,8230.346453,5245.738925,4896.179549,5816.045596,5245.738925,4364.131694,3250.172333,5245.738925,1001.493751,995.5735736,0.001001968,0.001005531,0.001008742,0.001011081,1843.114589,1843.114589,1843.114589,4565.920175,4565.920175,4565.920175,4565.920175,4565.920175
8/25/1990,3809.06888,2190.760114,4235.968181,4018.739226,3331.644434,4235.968181,4889.847317,4239.037453,5504.083084,4949.796365,6673.100983,5504.083084,5030.266655,8230.346453,5504.083084,3696.790203,5816.045596,5504.083084,1245.383095,1237.790107,0.001001968,0.001005531,0.001008742,0.001011081,2166.669208,2166.669208,2166.669208,4626.403161,4626.403161,4626.403161,4626.403161,4626.403161
8/26/1990,3035.43638,4107.271243,3293.72253,2701.770326,2190.760114,3293.72253,5681.080489,6485.332259,6405.599061,5207.75978,4239.037453,6405.599061,5622.985821,6673.100983,6405.599061,6621.918237,8230.346453,6405.599061,893.6775107,888.4813309,0.001001968,0.001005531,0.001008742,0.001011081,2390.278186,2390.278186,2390.278186,4992.65117,4992.65117,4992.65117,4992.65117,4992.65117
8/27/1990,3660.451593,4025.683058,4225.389938,4079.848918,4107.271243,4225.389938,7118.90596,7548.314493,8468.460131,7157.325171,6485.332259,8468.460131,7235.131533,4239.037453,8468.460131,6631.639015,6673.100983,8468.460131,2389.242139,2373.349668,0.001001968,0.001005531,0.001008742,0.001011081,2713.680206,2713.680206,2713.680206,5432.205216,5432.205216,5432.205216,5432.205216,5432.205216
8/28/1990,2500.848427,3217.197912,2828.27212,3239.224621,4025.683058,2828.27212,5610.478116,6358.694083,6542.249134,6125.061398,7548.314493,6542.249134,6253.86786,6485.332259,6542.249134,6882.400611,4239.037453,6542.249134,1410.7537,1402.002697,0.001001968,0.001005531,0.001008742,0.001011081,2888.634407,2888.634407,2888.634407,5719.461277,5719.461277,5719.461277,5719.461277,5719.461277
8/29/1990,3629.91445,3957.405332,3972.372175,3586.064102,3217.197912,3972.372175,4349.053135,5508.499066,4829.131175,4174.915942,6358.694083,4829.131175,4614.645366,7548.314493,4829.131175,3844.741079,6485.332259,4829.131175,1154.108828,1147.147124,0.001001968,0.001005531,0.001008742,0.001011081,3112.562932,3112.562932,3112.562932,5804.677871,5804.677871,5804.677871,5804.677871,5804.677871
8/30/1990,3775.485742,3002.221276,4251.78662,4273.657028,3957.405332,4251.78662,6462.137741,4639.461997,7520.945543,6677.050948,5508.499066,7520.945543,6722.150146,6358.694083,7520.945543,6722.357724,7548.314493,7520.945543,1884.176471,1872.024546,0.001001968,0.001005531,0.001008742,0.001011081,3394.874215,3394.874215,3394.874215,6012.832739,6012.832739,6012.832739,6012.832739,6012.832739
8/31/1990,2509.951873,2120.569592,2820.97759,3041.976673,3002.221276,2820.97759,5437.584007,4464.065695,6319.884413,5756.169877,4639.461997,6319.884413,6348.915123,5508.499066,6319.884413,7055.569373,6358.694083,6319.884413,1338.947866,1330.701836,0.001001968,0.001005531,0.001008742,0.001011081,3537.169743,3537.169743,3537.169743,6256.912242,6256.912242,6256.912242,6256.912242,6256.912242
9/1/1990,1785.498486,1734.67508,1967.792211,2142.506659,2120.569592,1967.792211,3717.238407,3973.752545,4232.970101,3956.11863,4464.065695,4232.970101,4401.588223,4639.461997,4232.970101,5439.37629,5508.499066,4232.970101,799.9733302,795.3974114,0.001001968,0.001005531,0.001008742,0.001011081,3339.883156,3339.883156,3339.883156,6403.60777,6403.60777,6403.60777,6403.60777,6403.60777
9/2/1990,1545.265925,1802.500598,1690.942261,1749.454912,1734.67508,1690.942261,3317.120994,3776.512322,3750.264004,3427.155655,3973.752545,3750.264004,3742.170418,4464.065695,3750.264004,4266.18216,4639.461997,3750.264004,646.6429883,643.0612426,0.001001968,0.001005531,0.001008742,0.001011081,3195.018561,3195.018561,3195.018561,6165.08987,6165.08987,6165.08987,6165.08987,6165.08987
9/3/1990,1618.925169,1888.860796,1786.571307,1812.704161,1802.500598,1786.571307,3591.380781,3572.456156,4083.464494,3677.717189,3776.512322,4083.464494,3830.227583,3973.752545,4083.464494,3884.460357,4464.065695,4083.464494,753.0062901,748.7378074,0.001001968,0.001005531,0.001008742,0.001011081,2931.791219,2931.791219,2931.791219,5777.784694,5777.784694,5777.784694,5777.784694,5777.784694
9/4/1990,1688.720885,1548.915749,1874.590075,1895.97713,1888.860796,1874.590075,3806.469946,3281.200349,4363.848972,3886.31229,3572.456156,4363.848972,4009.211666,3776.512322,4363.848972,4128.740718,3973.752545,4363.848972,838.7272977,833.8959279,0.001001968,0.001005531,0.001008742,0.001011081,2755.312261,2755.312261,2755.312261,5481.098618,5481.098618,5481.098618,5481.098618,5481.098618
9/5/1990,1393.466944,1457.207358,1536.16669,1553.878354,1548.915749,1536.16669,3096.782328,3156.045619,3521.040172,3161.90772,3281.200349,3521.040172,3413.604813,3572.456156,3521.040172,3660.910285,3776.512322,3521.040172,656.1857975,652.5430136,0.001001968,0.001005531,0.001008742,0.001011081,2459.546933,2459.546933,2459.546933,5225.085142,5225.085142,5225.085142,5225.085142,5225.085142
9/6/1990,1306.10061,1369.029074,1440.886519,1460.634811,1457.207358,1440.886519,2898.329997,2970.154391,3293.041974,2963.570417,3156.045619,3293.041974,3117.38354,3281.200349,3293.041974,3345.13613,3572.456156,3293.041974,625.8782238,622.4288779,0.001001968,0.001005531,0.001008742,0.001011081,2111.905271,2111.905271,2111.905271,4755.628849,4755.628849,4755.628849,4755.628849,4755.628849
9/7/1990,1229.609363,1301.387925,1354.139501,1371.316878,1369.029074,1354.139501,2813.569083,3003.982399,3194.853191,2871.1599,2970.154391,3194.853191,2999.660213,3156.045619,3194.853191,3156.347919,3281.200349,3194.853191,582.502629,579.3279356,0.001001968,0.001005531,0.001008742,0.001011081,1827.760585,1827.760585,1827.760585,4252.740329,4252.740329,4252.740329,4252.740329,4252.740329
9/8/1990,1184.216262,1312.83042,1301.826005,1302.86883,1301.387925,1301.826005,2671.898119,3048.57977,3028.581611,2711.891059,3003.982399,3028.581611,2830.598977,2970.154391,3028.581611,2952.079988,3156.045619,3028.581611,553.7858749,550.7915122,0.001001968,0.001005531,0.001008742,0.001011081,1667.795336,1667.795336,1667.795336,3870.446309,3870.446309,3870.446309,3870.446309,3870.446309
9/9/1990,1177.173003,1318.667844,1299.485767,1306.927433,1312.83042,1299.485767,2636.861121,3020.852894,2999.617348,2684.418902,3048.57977,2999.617348,2790.973163,3003.982399,2999.617348,2859.712736,2970.154391,2999.617348,579.2704421,576.1161069,0.001001968,0.001005531,0.001008742,0.001011081,1576.5093,1576.5093,1576.5093,3628.871383,3628.871383,3628.871383,3628.871383,3628.871383
9/10/1990,1221.128859,1446.225281,1343.548236,1320.295375,1318.667844,1343.548236,2609.306642,2908.662662,2957.484683,2628.285326,3020.852894,2957.484683,2707.828778,3048.57977,2957.484683,2741.933186,3003.982399,2957.484683,577.6954852,574.5510646,0.001001968,0.001005531,0.001008742,0.001011081,1500.872076,1500.872076,1500.872076,3452.167197,3452.167197,3452.167197,3452.167197,3452.167197
9/11/1990,1318.369484,1326.021051,1461.491409,1450.515902,1446.225281,1461.491409,2743.257179,2879.120737,3131.152344,2780.998733,2908.662662,3131.152344,2854.820753,3020.852894,3131.152344,2795.13888,3048.57977,3131.152344,675.5478542,671.7808639,0.001001968,0.001005531,0.001008742,0.001011081,1433.544912,1433.544912,1433.544912,3281.402925,3281.402925,3281.402925,3281.402925,3281.402925
9/12/1990,1173.443452,1204.760075,1302.144877,1326.076649,1326.021051,1302.144877,2636.399424,5144.915021,3012.862774,2701.282753,2879.120737,3012.862774,2855.551001,2908.662662,3012.862774,2927.46536,3020.852894,3012.862774,616.4270966,613.0378195,0.001001968,0.001005531,0.001008742,0.001011081,1388.011399,1388.011399,1388.011399,3170.398836,3170.398836,3170.398836,3170.398836,3170.398836
9/13/1990,1065.723173,1162.404126,1174.378862,1204.763845,1204.760075,1174.378862,2432.54361,4149.597749,2762.074405,2497.554039,5144.915021,2762.074405,2601.687062,2879.120737,2762.074405,2788.957922,2908.662662,2762.074405,523.6620483,520.8554868,0.001001968,0.001005531,0.001008742,0.001011081,1347.242461,1347.242461,1347.242461,3083.1848,3083.1848,3083.1848,3083.1848,3083.1848
9/14/1990,1044.500284,1341.894768,1148.550515,1153.1652,1162.404126,1148.550515,2347.073847,4011.638036,2658.637165,2385.421033,4149.597749,2658.637165,2489.157551,5144.915021,2658.637165,2568.890362,2879.120737,2658.637165,502.8937551,500.2158143,0.001001968,0.001005531,0.001008742,0.001011081,1314.439901,1314.439901,1314.439901,3008.784731,3008.784731,3008.784731,3008.784731,3008.784731
9/15/1990,1209.44845,1455.973892,1343.016612,1343.634118,1341.894768,1343.016612,3150.473618,3432.892247,3561.488483,3208.878021,4011.638036,3561.488483,3281.948573,4149.597749,3561.488483,2629.331286,5144.915021,3561.488483,634.3989954,630.8953895,0.001001968,0.001005531,0.001008742,0.001011081,1307.972062,1307.972062,1307.972062,3016.409424,3016.409424,3016.409424,3016.409424,3016.409424
9/16/1990,1413.575887,1430.099143,1557.718145,1459.027467,1455.973892,1557.718145,5037.262892,3229.587721,5799.424313,4948.959533,3432.892247,5799.424313,4938.805524,4011.638036,5799.424313,5219.604139,4149.597749,5799.424313,680.4020523,676.603848,0.001001968,0.001005531,0.001008742,0.001011081,1316.724479,1316.724479,1316.724479,3362.238262,3362.238262,3362.238262,3362.238262,3362.238262
9/17/1990,1266.736106,1249.585588,1414.262269,1429.950265,1430.099143,1414.262269,3470.367119,3633.97016,3972.804357,3527.470501,3229.587721,3972.804357,3689.581236,3432.892247,3972.804357,3646.158959,4011.638036,3972.804357,709.2695682,705.2851341,0.001001968,0.001005531,0.001008742,0.001011081,1341.464471,1341.464471,1341.464471,3537.784838,3537.784838,3537.784838,3537.784838,3537.784838
9/18/1990,1084.724716,1023.794011,1199.233049,1249.576556,1249.585588,1199.233049,3223.653157,3811.108854,3681.656848,3298.217224,3633.97016,3681.656848,3395.656234,3229.587721,3681.656848,3780.702313,3432.892247,3681.656848,558.0428707,555.0218542,0.001001968,0.001005531,0.001008742,0.001011081,1321.67494,1321.67494,1321.67494,3665.533263,3665.533263,3665.533263,3665.533263,3665.533263
9/19/1990,912.7135128,1224.370426,999.3756579,1017.533704,1023.794011,999.3756579,2457.893446,4708.740923,2774.081963,2499.952624,3811.108854,2774.081963,2658.041945,3633.97016,2774.081963,2886.781419,3229.587721,2774.081963,429.5085154,427.2789822,0.001001968,0.001005531,0.001008742,0.001011081,1283.678064,1283.678064,1283.678064,3687.560596,3687.560596,3687.560596,3687.560596,3687.560596
9/20/1990,1130.150517,1381.568533,1250.446915,1225.141626,1224.370426,1250.446915,2867.95361,3805.442317,3259.708773,2881.12225,4708.740923,3259.708773,2922.51495,3811.108854,3259.708773,2804.045387,3633.97016,3259.708773,581.6311576,578.4619548,0.001001968,0.001005531,0.001008742,0.001011081,1275.665295,1275.665295,1275.665295,3705.718984,3705.718984,3705.718984,3705.718984,3705.718984
9/21/1990,1234.259329,1131.150092,1372.668203,1381.904826,1381.568533,1372.668203,3380.406794,3039.244022,3881.651364,3422.272919,3805.442317,3881.651364,3437.164501,4708.740923,3881.651364,3454.43536,3811.108854,3881.651364,664.2350055,660.5406448,0.001001968,0.001005531,0.001008742,0.001011081,1293.299874,1293.299874,1293.299874,3815.891649,3815.891649,3815.891649,3815.891649,3815.891649
9/22/1990,1018.083344,1210.29565,1121.698446,1127.53967,1131.150092,1121.698446,3273.226375,2820.428768,3740.430243,3299.539894,3039.244022,3740.430243,3459.26048,3805.442317,3740.430243,3506.301146,4708.740923,3740.430243,508.0395496,505.3298071,0.001001968,0.001005531,0.001008742,0.001011081,1283.281158,1283.281158,1283.281158,3916.344106,3916.344106,3916.344106,3916.344106,3916.344106
9/23/1990,1099.631591,1055.334153,1220.073634,1210.87846,1210.29565,1220.073634,4027.017584,2640.113235,4649.638016,4027.483135,2820.428768,4649.638016,4081.041734,3039.244022,4649.638016,4225.38049,3805.442317,4649.638016,585.6840979,582.4893507,0.001001968,0.001005531,0.001008742,0.001011081,1257.736541,1257.736541,1257.736541,3806.880929,3806.880929,3806.880929,3806.880929,3806.880929
9/24/1990,963.1773507,1050.778924,1058.854977,1056.555702,1055.334153,1058.854977,3092.338375,2780.953034,3532.84461,3104.354374,2640.113235,3532.84461,3195.662945,2820.428768,3532.84461,3401.004848,3039.244022,3532.84461,474.0280775,471.5276845,0.001001968,0.001005531,0.001008742,0.001011081,1202.559706,1202.559706,1202.559706,3742.741595,3742.741595,3742.741595,3742.741595,3742.741595
9/25/1990,957.0222825,977.4054809,1053.11463,1050.258354,1050.778924,1053.11463,2476.973717,2577.203257,2811.342411,2500.157452,2780.953034,2811.342411,2574.166496,2640.113235,2811.342411,2668.10721,2820.428768,2811.342411,478.5319107,476.0039118,0.001001968,0.001005531,0.001008742,0.001011081,1171.352645,1171.352645,1171.352645,3609.272211,3609.272211,3609.272211,3609.272211,3609.272211
9/26/1990,873.7934032,943.64488,960.493523,976.2949221,977.4054809,960.493523,2347.059794,2515.20703,2658.89601,2385.873865,2577.203257,2658.89601,2474.656304,2780.953034,2658.89601,2555.115414,2640.113235,2658.89601,436.3722987,434.1012526,0.001001968,0.001005531,0.001008742,0.001011081,1155.339813,1155.339813,1155.339813,3542.08554,3542.08554,3542.08554,3542.08554,3542.08554
9/27/1990,853.0403623,974.5453201,933.9790588,942.8857531,943.64488,933.9790588,2259.994627,2420.589716,2548.518657,2292.742386,2515.20703,2548.518657,2354.394597,2577.203257,2548.518657,2405.525075,2780.953034,2548.518657,407.8915874,405.7921781,0.001001968,0.001005531,0.001008742,0.001011081,1122.797429,1122.797429,1122.797429,3471.552166,3471.552166,3471.552166,3471.552166,3471.552166
9/28/1990,881.6787068,866.4174435,967.8731193,973.8520033,974.5453201,967.8731193,2404.365326,2487.671328,2726.752932,2431.444578,2420.589716,2726.752932,2481.124138,2515.20703,2726.752932,2540.083897,2577.203257,2726.752932,433.1588588,430.9072594,0.001001968,0.001005531,0.001008742,0.001011081,1074.45947,1074.45947,1074.45947,3350.35425,3350.35425,3350.35425,3350.35425,3350.35425
9/29/1990,783.3592232,837.4643788,858.2224559,865.6667434,866.4174435,858.2224559,2142.228677,2437.084508,2420.339138,2168.762226,2487.671328,2420.339138,2273.430299,2420.589716,2420.339138,2363.865314,2515.20703,2420.339138,381.9762679,380.0315646,0.001001968,0.001005531,0.001008742,0.001011081,1031.376103,1031.376103,1031.376103,3156.376331,3156.376331,3156.376331,3156.376331,3156.376331
9/30/1990,754.359762,867.3040002,827.1956707,833.4246859,837.4643788,827.1956707,2080.298592,2435.328681,2350.025434,2105.085641,2437.084508,2350.025434,2175.799963,2487.671328,2350.025434,2270.098963,2420.589716,2350.025434,373.6593043,371.7639377,0.001001968,0.001005531,0.001008742,0.001011081,981.2123312,981.2123312,981.2123312,2835.778003,2835.778003,2835.778003,2835.778003,2835.778003
10/1/1990,807.5976673,998.293099,883.3304779,867.9356265,867.3040002,883.3304779,2121.756967,2147.772939,2392.502864,2127.517317,2435.328681,2392.502864,2158.733702,2437.084508,2392.502864,2176.101944,2487.671328,2392.502864,385.0200376,383.0572398,0.001001968,0.001005531,0.001008742,0.001011081,945.6434397,945.6434397,945.6434397,2644.793585,2644.793585,2644.793585,2644.793585,2644.793585
10/2/1990,903.7575882,877.46028,998.1782643,999.3281563,998.293099,998.1782643,2292.197851,2573.937202,2608.47393,2319.020379,2147.772939,2608.47393,2342.058039,2435.328681,2608.47393,2295.472289,2437.084508,2608.47393,475.3528898,472.8443803,0.001001968,0.001005531,0.001008742,0.001011081,931.0971127,931.0971127,931.0971127,2575.754174,2575.754174,2575.754174,2575.754174,2575.754174
10/3/1990,794.3020392,830.2811462,876.6569016,876.9032146,877.46028,876.6569016,2125.431068,2568.235495,2415.91681,2146.51624,2573.937202,2415.91681,2269.754778,2147.772939,2415.91681,2322.811423,2435.328681,2415.91681,422.866875,420.6774223,0.001001968,0.001005531,0.001008742,0.001011081,922.0631924,922.0631924,922.0631924,2534.956467,2534.956467,2534.956467,2534.956467,2534.956467
10/4/1990,727.0718372,740.4331576,801.2168504,819.3761054,830.2811462,801.2168504,2015.932285,2457.488026,2283.194765,2052.854055,2568.235495,2283.194765,2120.63442,2573.937202,2283.194765,2232.096068,2147.772939,2283.194765,384.3596506,382.4007804,0.001001968,0.001005531,0.001008742,0.001011081,906.3316691,906.3316691,906.3316691,2507.162442,2507.162442,2507.162442,2507.162442,2507.162442
10/5/1990,691.4912602,914.4407409,745.1396303,743.653806,740.4331576,745.1396303,1853.473101,3605.733663,2056.737771,1869.782951,2457.488026,2056.737771,1879.919667,2568.235495,2056.737771,1936.956821,2573.937202,2056.737771,272.6013519,271.2916482,0.001001968,0.001005531,0.001008742,0.001011081,870.676864,870.676864,870.676864,2421.522489,2421.522489,2421.522489,2421.522489,2421.522489
10/6/1990,959.5730359,1150.859658,1043.423577,919.4379216,914.4407409,1043.423577,2466.77883,2740.078762,2789.552532,2362.043428,3605.733663,2789.552532,2388.318765,2457.488026,2789.552532,2310.238413,2568.235495,2789.552532,425.2064417,423.0028804,0.001001968,0.001005531,0.001008742,0.001011081,866.491489,866.491489,866.491489,2430.204432,2430.204432,2430.204432,2430.204432,2430.204432
10/7/1990,996.3180154,837.4305047,1117.674368,1150.546711,1150.859658,1117.674368,2505.247355,2066.562512,2883.380009,2570.519296,2740.078762,2883.380009,2611.168425,3605.733663,2883.380009,2452.205631,2457.488026,2883.380009,611.1977391,607.8416454,0.001001968,0.001005531,0.001008742,0.001011081,901.0681204,901.0681204,901.0681204,2448.64885,2448.64885,2448.64885,2448.64885,2448.64885
10/8/1990,711.4802034,696.3378134,778.2857081,836.943161,837.4305047,778.2857081,2044.15562,1893.53016,2311.4586,2116.952248,2066.562512,2311.4586,2209.25462,2740.078762,2311.4586,2461.616851,3605.733663,2311.4586,350.7256163,348.9654652,0.001001968,0.001005531,0.001008742,0.001011081,906.7989397,906.7989397,906.7989397,2471.258507,2471.258507,2471.258507,2471.258507,2471.258507
10/9/1990,628.7956,613.3563093,680.8321491,695.8991359,696.3378134,680.8321491,2779.799906,2867.128513,3174.96772,2785.881384,1893.53016,3174.96772,2858.761599,2066.562512,3174.96772,3036.23889,2740.078762,3174.96772,276.8502685,275.5165138,0.001001968,0.001005531,0.001008742,0.001011081,878.9875394,878.9875394,878.9875394,2631.32383,2631.32383,2631.32383,2631.32383,2631.32383
10/10/1990,558.5231378,648.0624582,597.8413857,607.5749633,613.3563093,597.8413857,2170.151242,2714.165091,2447.593539,2176.930914,2867.128513,2447.593539,2206.27441,1893.53016,2447.593539,2370.55258,2066.562512,2447.593539,211.0788216,210.1105399,0.001001968,0.001005531,0.001008742,0.001011081,834.1570074,834.1570074,834.1570074,2654.360897,2654.360897,2654.360897,2654.360897,2654.360897
10/11/1990,613.83528,753.0333166,657.8416996,645.1023582,648.0624582,657.8416996,1812.911512,3480.490638,2014.142919,1809.96659,2714.165091,2014.142919,1822.835267,2867.128513,2014.142919,1787.180847,1893.53016,2014.142919,232.581395,231.495324,0.001001968,0.001005531,0.001008742,0.001011081,805.0917332,805.0917332,805.0917332,2598.337984,2598.337984,2598.337984,2598.337984,2598.337984
10/12/1990,850.6522669,1265.585603,900.6147008,746.6780251,753.0333166,900.6147008,2232.003072,4170.358343,2451.395557,2097.20502,3480.490638,2451.395557,2061.248911,2714.165091,2451.395557,1806.360707,2867.128513,2451.395557,257.0458903,255.8237499,0.001001968,0.001005531,0.001008742,0.001011081,799.4411927,799.4411927,799.4411927,2591.497797,2591.497797,2591.497797,2591.497797,2591.497797
10/13/1990,1145.169055,1114.396912,1244.332784,1172.602919,1265.585603,1244.332784,3453.322251,3983.731268,3887.896394,3407.222563,4170.358343,3887.896394,3296.245773,3480.490638,3887.896394,2849.688712,2714.165091,3887.896394,496.2057194,493.5690443,0.001001968,0.001005531,0.001008742,0.001011081,814.4343852,814.4343852,814.4343852,2690.109438,2690.109438,2690.109438,2690.109438,2690.109438
10/14/1990,1234.275701,1433.935592,1284.586017,1161.513989,1114.396912,1284.586017,3308.966307,3734.198896,3608.421905,3208.376229,3983.731268,3608.421905,3018.474452,4170.358343,3608.421905,3056.040119,3480.490638,3608.421905,183.9055204,183.0833915,0.001001968,0.001005531,0.001008742,0.001011081,794.5396243,794.5396243,794.5396243,2790.490089,2790.490089,2790.490089,2790.490089,2790.490089
10/15/1990,1799.754734,2746.589412,1902.612115,1471.734262,1433.935592,1902.612115,3733.764985,2698.315308,4120.407086,3331.68548,3734.198896,4120.407086,3346.289262,3983.731268,4120.407086,3168.637609,4170.358343,4120.407086,491.2193797,488.6134207,0.001001968,0.001005531,0.001008742,0.001011081,870.5665862,870.5665862,870.5665862,2973.783418,2973.783418,2973.783418,2973.783418,2973.783418
10/16/1990,2236.933117,1488.9239,2565.712589,2746.9103,2746.589412,2565.712589,4613.954009,5823.110377,5431.124055,4895.399191,2698.315308,5431.124055,4889.099132,3734.198896,5431.124055,3980.582471,3983.731268,5431.124055,1516.052634,1506.555529,0.001001968,0.001005531,0.001008742,0.001011081,1111.560638,1111.560638,1111.560638,3046.457356,3046.457356,3046.457356,3046.457356,3046.457356
10/17/1990,1108.617376,1593.352736,1202.691032,1488.24698,1488.9239,1202.691032,3212.848296,7508.154533,3641.990827,3511.717848,5823.110377,3641.990827,3781.159634,2698.315308,3641.990827,4629.134182,3734.198896,3641.990827,479.8496306,477.3135479,0.001001968,0.001005531,0.001008742,0.001011081,1264.918758,1264.918758,1264.918758,3265.383477,3265.383477,3265.383477,3265.383477,3265.383477
10/18/1990,755.6562493,1859.353347,786.4679879,867.5123659,1593.352736,786.4679879,2049.808934,7975.056202,2205.655195,2141.490748,7508.154533,2205.655195,2457.27489,5823.110377,2205.655195,2818.413375,2698.315308,2205.655195,160.0585247,159.3618468,0.001001968,0.001005531,0.001008742,0.001011081,1340.8747,1340.8747,1340.8747,3540.856934,3540.856934,3540.856934,3540.856934,3540.856934
10/19/1990,3252.202574,4352.688022,3359.691282,2229.407165,1859.353347,3359.691282,5464.723415,8338.122629,5759.77302,4474.006369,7975.056202,5759.77302,3740.136101,7508.154533,5759.77302,2348.947709,5823.110377,5759.77302,0.001000564,0.001006515,0.001001968,0.001005531,0.001008742,0.001011081,1457.240778,1457.240778,1457.240778,3786.481802,3786.481802,3786.481802,3786.481802,3786.481802
10/20/1990,4869.087247,5911.120126,5283.95228,4574.881199,4352.688022,5283.95228,9035.956139,4123.694702,10234.08686,8468.89245,8338.122629,10234.08686,7723.311844,7975.056202,10234.08686,6508.831459,7508.154533,10234.08686,1673.854695,1663.227931,0.001001968,0.001005531,0.001008742,0.001011081,1821.392981,1821.392981,1821.392981,4312.475115,4312.475115,4312.475115,4312.475115,4312.475115
10/21/1990,4515.886763,2765.67875,5285.154805,5921.537932,5911.120126,5285.154805,8609.315265,8064.518949,10354.99785,9490.963661,4123.694702,10354.99785,10183.9812,8338.122629,10354.99785,8071.458761,7975.056202,10354.99785,3256.375377,3233.856498,0.001001968,0.001005531,0.001008742,0.001011081,2524.934551,2524.934551,2524.934551,5011.115574,5011.115574,5011.115574,5011.115574,5011.115574
10/22/1990,1886.047273,3423.727413,2067.040554,2728.235197,2765.67875,2067.040554,5410.679626,14406.62257,6201.344351,6100.332567,8064.518949,6201.344351,6976.603616,4123.694702,6201.344351,9615.397669,8338.122629,6201.344351,855.4411891,850.4991728,0.001001968,0.001005531,0.001008742,0.001011081,2821.183669,2821.183669,2821.183669,5680.418402,5680.418402,5680.418402,5680.418402,5680.418402
10/23/1990,1362.006816,3475.095078,1406.711804,1539.814478,3423.727413,1406.711804,3771.261963,14383.46588,4097.969327,3924.211015,14406.62257,4097.969327,4481.446872,8064.518949,4097.969327,5540.333205,4123.694702,4097.969327,170.7017445,169.9494254,0.001001968,0.001005531,0.001008742,0.001011081,2768.181081,2768.181081,2768.181081,6201.373848,6201.373848,6201.373848,6201.373848,6201.373848
10/24/1990,6019.835401,6340.034524,6304.611288,4514.762694,3475.095078,6304.611288,8282.47286,12558.83391,8721.699611,6826.337052,14383.46588,8721.699611,5654.96903,14406.62257,8721.699611,3463.278629,8064.518949,8721.699611,0.001000564,0.001006515,0.001001968,0.001005531,0.001008742,0.001011081,3003.944413,3003.944413,3003.944413,6427.675844,6427.675844,6427.675844,6427.675844,6427.675844
10/25/1990,8092.84331,12391.39545,8727.868897,6924.449892,6340.034524,8727.868897,13060.31414,10179.06782,14668.58305,11514.52629,12558.83391,14668.58305,10867.17332,14383.46588,14668.58305,9229.408987,14406.62257,14668.58305,2342.260415,2326.72006,0.001001968,0.001005531,0.001008742,0.001011081,3670.413549,3670.413549,3670.413549,7275.262325,7275.262325,7275.262325,7275.262325,7275.262325
10/26/1990,9577.944282,5892.217123,11508.04239,12413.45508,12391.39545,11508.04239,17322.42873,7729.850878,21487.93444,18832.74384,10179.06782,21487.93444,19708.96555,12558.83391,21487.93444,14434.05624,14383.46588,21487.93444,7548.569929,7490.966699,0.001001968,0.001005531,0.001008742,0.001011081,5095.99298,5095.99298,5095.99298,8794.576707,8794.576707,8794.576707,8794.576707,8794.576707
10/27/1990,3798.287224,2184.399118,4299.729026,5903.638079,5892.217123,4299.729026,10543.36622,5539.498343,12437.39012,12236.07877,7729.850878,12437.39012,13656.72884,10179.06782,12437.39012,18594.79079,12558.83391,12437.39012,2174.603878,2160.313407,0.001001968,0.001005531,0.001008742,0.001011081,5587.0695,5587.0695,5587.0695,9987.751823,9987.751823,9987.751823,9987.751823,9987.751823
10/28/1990,1699.065628,2250.833509,1737.706341,2191.132235,2184.399118,1737.706341,2371.998584,4743.978972,2441.628957,2861.145769,5539.498343,2441.628957,4552.488031,7729.850878,2441.628957,7802.315491,10179.06782,2441.628957,140.6327104,140.0360014,0.001001968,0.001005531,0.001008742,0.001011081,5295.708836,5295.708836,5295.708836,10535.62565,10535.62565,10535.62565,10535.62565,10535.62565
10/29/1990,1936.600044,2147.666098,2085.788894,2255.529923,2250.833509,2085.788894,4516.629949,4307.065751,5093.354749,4725.872584,4743.978972,5093.354749,5309.719056,5539.498343,5093.354749,6543.529224,7729.850878,5093.354749,696.598835,692.6962679,0.001001968,0.001005531,0.001008742,0.001011081,5187.856981,5187.856981,5187.856981,10359.31493,10359.31493,10359.31493,10359.31493,10359.31493
10/30/1990,1874.063403,2003.400229,2043.729684,2150.82022,2147.666098,2043.729684,5077.62908,3989.90805,5795.547131,5215.598443,4307.065751,5795.547131,5516.574414,4743.978972,5795.547131,6036.070465,5539.498343,5795.547131,797.2161711,792.6583664,0.001001968,0.001005531,0.001008742,0.001011081,5226.503062,5226.503062,5226.503062,10032.53233,10032.53233,10032.53233,10032.53233,10032.53233
10/31/1990,1745.074832,1794.889953,1911.510751,2005.012343,2003.400229,1911.510751,4067.402645,3736.531065,4618.162518,4207.488832,3989.90805,4618.162518,4460.362471,4307.065751,4618.162518,4757.508016,4743.978972,4618.162518,788.1218549,783.6237405,0.001001968,0.001005531,0.001008742,0.001011081,5052.388559,5052.388559,5052.388559,9892.650096,9892.650096,9892.650096,9892.650096,9892.650096
11/1/1990,1574.351574,1647.381991,1719.646381,1795.643141,1794.889953,1719.646381,3578.485298,3523.981692,4044.595168,3697.766681,3736.531065,4044.595168,3918.998602,3989.90805,4044.595168,4219.000338,4307.065751,4044.595168,695.9963837,692.0977043,0.001001968,0.001005531,0.001008742,0.001011081,4492.024643,4492.024643,4492.024643,9101.577044,9101.577044,9101.577044,9101.577044,9101.577044
11/2/1990,1460.352975,1548.322769,1593.53597,1647.541873,1647.381991,1593.53597,3289.260657,3167.138213,3709.080675,3384.212456,3523.981692,3709.080675,3576.986334,3736.531065,3709.080675,3802.39375,3989.90805,3709.080675,643.543175,639.9812308,0.001001968,0.001005531,0.001008742,0.001011081,3101.730454,3101.730454,3101.730454,7611.540173,7611.540173,7611.540173,7611.540173,7611.540173
11/3/1990,1378.598798,1461.739929,1505.065815,1548.060785,1548.322769,1505.065815,3137.830372,4522.785325,3538.979289,3219.340585,3167.138213,3538.979289,3382.905347,3523.981692,3538.979289,3564.84842,3736.531065,3538.979289,615.1810132,611.7996466,0.001001968,0.001005531,0.001008742,0.001011081,2334.998686,2334.998686,2334.998686,5956.245862,5956.245862,5956.245862,5956.245862,5956.245862
11/4/1990,1305.50947,1459.785055,1425.341033,1461.176177,1461.739929,1425.341033,2995.713269,4273.755175,3377.526296,3067.913789,4522.785325,3377.526296,3213.929464,3167.138213,3377.526296,3364.083846,3523.981692,3377.526296,586.6039944,583.403446,0.001001968,0.001005531,0.001008742,0.001011081,2002.560072,2002.560072,2002.560072,4746.759939,4746.759939,4746.759939,4746.759939,4746.759939
11/5/1990,1241.207307,2194.465386,1355.065302,1385.469209,1459.785055,1355.065302,2868.045066,4198.136317,3231.462651,2933.164131,4273.755175,3231.462651,3066.402969,4522.785325,3231.462651,3192.490936,3167.138213,3231.462651,560.6490516,557.6117036,0.001001968,0.001005531,0.001008742,0.001011081,1816.101844,1816.101844,1816.101844,4195.084623,4195.084623,4195.084623,4195.084623,4195.084623
11/6/1990,2149.367277,2575.943371,2391.273025,2217.793643,2194.465386,2391.273025,3793.795771,6978.2623,4309.079241,3725.126581,4198.136317,4309.079241,3693.231812,4273.755175,4309.079241,2904.0185,4522.785325,4309.079241,1073.017559,1066.611562,0.001001968,0.001005531,0.001008742,0.001011081,1763.07053,1763.07053,1763.07053,3889.605171,3889.605171,3889.605171,3889.605171,3889.605171
11/7/1990,2414.730628,1953.368658,2694.412768,2613.085221,2575.943371,2694.412768,5151.643785,4203.43047,5934.004485,5156.753066,6978.2623,5934.004485,5141.619358,4198.136317,5934.004485,4913.796287,4273.755175,5934.004485,1260.277072,1252.58052,0.001001968,0.001005531,0.001008742,0.001011081,1798.276141,1798.276141,1798.276141,3912.453893,3912.453893,3912.453893,3912.453893,3912.453893
11/8/1990,1666.846917,1697.788071,1837.775622,1955.559318,1953.368658,1837.775622,3498.087417,11618.12993,3964.603298,3673.283772,4203.43047,3964.603298,3981.661321,6978.2623,3964.603298,4318.863402,4198.136317,3964.603298,814.063118,809.394506,0.001001968,0.001005531,0.001008742,0.001011081,1828.94202,1828.94202,1828.94202,3949.083995,3949.083995,3949.083995,3949.083995,3949.083995
11/9/1990,1408.599141,4549.313641,1536.24774,1599.163071,1697.788071,1536.24774,2894.356608,18010.39235,3243.104551,3002.378145,11618.12993,3243.104551,3262.95817,4203.43047,3243.104551,3716.213985,6978.2623,3243.104551,621.1255844,617.7064603,0.001001968,0.001005531,0.001008742,0.001011081,1831.525318,1831.525318,1831.525318,3963.616697,3963.616697,3963.616697,3963.616697,3963.616697
11/10/1990,2215.626093,5467.589196,2434.507914,2337.409553,4549.313641,2434.507914,7303.76159,17737.11262,8322.549748,7267.191149,18010.39235,8322.549748,7078.168652,11618.12993,8322.549748,5853.393071,4203.43047,8322.549748,935.5133669,930.0375018,0.001001968,0.001005531,0.001008742,0.001011081,1889.23188,1889.23188,1889.23188,4507.799793,4507.799793,4507.799793,4507.799793,4507.799793
11/11/1990,8647.754335,10094.02817,9215.972,6746.19679,5467.589196,9215.972,13245.77694,15251.39508,14388.701,11256.29435,17737.11262,14388.701,9432.710653,18010.39235,14388.701,5748.835824,11618.12993,14388.701,1024.770453,1018.692634,0.001001968,0.001005531,0.001008742,0.001011081,2348.00484,2348.00484,2348.00484,5231.979206,5231.979206,5231.979206,5231.979206,5231.979206
11/12/1990,11842.96475,14570.21281,12998.82449,10771.63772,10094.02817,12998.82449,19692.64698,12430.85154,22591.9711,17908.14514,15251.39508,22591.9711,16729.2503,17737.11262,22591.9711,14013.95291,18010.39235,22591.9711,4229.02479,4198.838717,0.001001968,0.001005531,0.001008742,0.001011081,3384.225507,3384.225507,3384.225507,6916.785756,6916.785756,6916.785756,6916.785756,6916.785756
11/13/1990,11073.53728,6814.519883,13185.27764,14581.65193,14570.21281,13185.27764,19958.44021,8044.115085,24593.09798,22013.87633,12430.85154,24593.09798,23342.87256,15251.39508,24593.09798,18637.10157,17737.11262,24593.09798,8163.506118,8100.666198,0.001001968,0.001005531,0.001008742,0.001011081,5096.604498,5096.604498,5096.604498,9155.134988,9155.134988,9155.134988,9155.134988,9155.134988
11/14/1990,4443.072408,2839.112021,4953.203471,6817.865277,6814.519883,4953.203471,11406.55377,6431.145405,13331.74103,13367.96749,8044.115085,13331.74103,15436.3287,12430.85154,13331.74103,21374.7567,15251.39508,13331.74103,2176.841237,2162.534157,0.001001968,0.001005531,0.001008742,0.001011081,5977.390476,5977.390476,5977.390476,11171.21159,11171.21159,11171.21159,11171.21159,11171.21159
11/15/1990,2290.886346,2923.04318,2336.47419,2798.687294,2839.112021,2336.47419,3073.750859,7549.423383,3152.769409,3580.734668,6431.145405,3152.769409,5578.909989,8044.115085,3152.769409,9496.773541,12430.85154,3152.769409,134.9210807,134.353343,0.001001968,0.001005531,0.001008742,0.001011081,6354.141272,6354.141272,6354.141272,12463.31308,12463.31308,12463.31308,12463.31308,12463.31308
11/16/1990,2677.053794,2814.271031,2809.305073,2745.929054,2923.04318,2809.305073,5825.441608,7583.929603,6465.680101,5792.621249,7549.423383,6465.680101,6376.471862,6431.145405,6465.680101,8029.179393,8044.115085,6465.680101,566.4038821,563.3304355,0.001001968,0.001005531,0.001008742,0.001011081,6570.263461,6570.263461,6570.263461,13096.32726,13096.32726,13096.32726,13096.32726,13096.32726
11/17/1990,3092.076031,4328.045397,3220.080781,2869.110053,2814.271031,3220.080781,5878.291606,7382.012001,6419.389081,5573.510573,7583.929603,6419.389081,5590.75453,7549.423383,6419.389081,6073.163134,6431.145405,6419.389081,479.1525538,476.6207479,0.001001968,0.001005531,0.001008742,0.001011081,6686.512411,6686.512411,6686.512411,12829.06848,12829.06848,12829.06848,12829.06848,12829.06848
11/18/1990,4514.073899,5756.850973,4910.269027,4377.812969,4328.045397,4910.269027,7160.472003,7176.682482,8072.706737,6776.217267,7382.012001,8072.706737,6748.096846,7583.929603,8072.706737,5641.264107,7549.423383,8072.706737,1684.59297,1673.88886,0.001001968,0.001005531,0.001008742,0.001011081,6585.428397,6585.428397,6585.428397,12463.38171,12463.38171,12463.38171,12463.38171,12463.38171
11/19/1990,4744.41474,3805.724383,5374.921425,5772.798143,5756.850973,5374.921425,8492.86431,6628.129543,9977.708023,9095.931143,7176.682482,9977.708023,9164.255279,7382.012001,9977.708023,8050.953473,7583.929603,9977.708023,2663.397528,2645.43512,0.001001968,0.001005531,0.001008742,0.001011081,6102.493435,6102.493435,6102.493435,11404.46101,11404.46101,11404.46101,11404.46101,11404.46101
11/20/1990,3115.50182,2953.724421,3395.301973,3813.16549,3805.724383,3395.301973,6006.237102,6641.561308,6818.384606,6510.615184,6628.129543,6818.384606,7228.789903,7176.682482,6818.384606,8322.50343,7382.012001,6818.384606,1237.4266,1229.888875,0.001001968,0.001005531,0.001008742,0.001011081,4724.96999,4724.96999,4724.96999,9867.245341,9867.245341,9867.245341,9867.245341,9867.245341
11/21/1990,2570.82949,2799.100149,2762.963217,2956.536832,2953.724421,2762.963217,4284.678421,6054.613555,4756.353586,4553.203753,6641.561308,4756.353586,5176.555136,6628.129543,4756.353586,6138.525013,7176.682482,4756.353586,862.5387433,857.5496564,0.001001968,0.001005531,0.001008742,0.001011081,3993.542871,3993.542871,3993.542871,8181.67316,8181.67316,8181.67316,8181.67316,8181.67316
11/22/1990,2455.038744,2813.287644,2653.656477,2755.802202,2799.100149,2653.656477,4836.267811,5840.517636,5443.8211,5000.175284,6054.613555,5443.8211,5374.242738,6641.561308,5443.8211,5892.168213,6628.129543,5443.8211,897.8884201,892.6641633,0.001001968,0.001005531,0.001008742,0.001011081,3740.224852,3740.224852,3740.224852,7107.039586,7107.039586,7107.039586,7107.039586,7107.039586
11/23/1990,2597.455436,3051.278039,2804.557832,2812.448156,2813.287644,2804.557832,5447.336628,5486.900968,6139.299612,5521.105315,5840.517636,6139.299612,5660.331659,6054.613555,6139.299612,5788.72263,6641.561308,6139.299612,907.7927815,902.5024195,0.001001968,0.001005531,0.001008742,0.001011081,3674.349463,3674.349463,3674.349463,6744.557267,6744.557267,6744.557267,6744.557267,6744.557267
11/24/1990,2863.333374,3087.74779,3117.598138,3072.2459,3051.278039,3117.598138,6036.769382,5110.901247,6861.582078,6066.622074,5486.900968,6861.582078,6193.116027,5840.517636,6861.582078,6103.822897,6054.613555,6861.582078,1115.139054,1108.445032,0.001001968,0.001005531,0.001008742,0.001011081,3700.880493,3700.880493,3700.880493,6865.288811,6865.288811,6865.288811,6865.288811,6865.288811
11/25/1990,2759.62173,2713.641122,3041.715982,3094.128633,3087.74779,3041.715982,5388.87689,4806.102543,6160.359657,5532.740244,5110.901247,6160.359657,5853.00329,5486.900968,6160.359657,5787.007462,5840.517636,6160.359657,1258.119824,1250.438282,0.001001968,0.001005531,0.001008742,0.001011081,3582.258346,3582.258346,3582.258346,6865.240507,6865.240507,6865.240507,6865.240507,6865.240507
11/26/1990,2364.032579,2359.744693,2586.184621,2713.357217,2713.641122,2586.184621,4663.722451,4512.80525,5292.936745,4862.589238,4806.102543,5292.936745,5151.974849,5110.901247,5292.936745,5598.236355,5486.900968,5292.936745,1007.039914,1001.082217,0.001001968,0.001005531,0.001008742,0.001011081,3228.971487,3228.971487,3228.971487,6569.505011,6569.505011,6569.505011,6569.505011,6569.505011
11/27/1990,2106.374417,2246.02425,2286.631456,2358.944489,2359.744693,2286.631456,3999.508499,4299.098919,4498.645936,4133.55857,4512.80525,4498.645936,4441.548662,4806.102543,4498.645936,4818.23049,5110.901247,4498.645936,825.9406447,821.1937317,0.001001968,0.001005531,0.001008742,0.001011081,2973.064828,2973.064828,2973.064828,6135.611151,6135.611151,6135.611151,6135.611151,6135.611151
11/28/1990,2022.232634,2149.72551,2199.199923,2245.002091,2246.02425,2199.199923,3926.698672,4130.814387,4425.544129,4031.675539,4299.098919,4425.544129,4267.243402,4512.80525,4425.544129,4503.729553,4806.102543,4425.544129,815.0167058,810.3418128,0.001001968,0.001005531,0.001008742,0.001011081,2818.787822,2818.787822,2818.787822,5783.378741,5783.378741,5783.378741,5783.378741,5783.378741
11/29/1990,1935.329691,2052.06398,2106.352407,2148.526132,2149.72551,2106.352407,3875.868791,4629.778389,4373.114976,3973.911974,4130.814387,4373.114976,4174.267303,4299.098919,4373.114976,4348.2462,4512.80525,4373.114976,791.6008366,787.0798985,0.001001968,0.001005531,0.001008742,0.001011081,2709.320876,2709.320876,2709.320876,5553.137433,5553.137433,5553.137433,5553.137433,5553.137433
11/30/1990,1857.992689,1994.875996,2021.443329,2050.774869,2052.06398,2021.443329,3681.647372,8257.022971,4150.944706,3765.001852,4629.778389,4150.944706,3953.929736,4130.814387,4150.944706,4120.319891,4299.098919,4150.944706,760.3244786,756.0082529,0.001001968,0.001005531,0.001008742,0.001011081,2610.319824,2610.319824,2610.319824,5310.744314,5310.744314,5310.744314,5310.744314,5310.744314
12/1/1990,1807.136791,1925.094922,1969.07443,1993.529022,1994.875996,1969.07443,3546.837471,22619.68913,4000.853777,3625.288518,8257.022971,4000.853777,3801.219084,4629.778389,4000.853777,3916.296733,4130.814387,4000.853777,756.4124747,752.121778,0.001001968,0.001005531,0.001008742,0.001011081,2471.217602,2471.217602,2471.217602,4968.656831,4968.656831,4968.656831,4968.656831,4968.656831
12/2/1990,1731.855088,2634.883613,1888.712579,1923.693505,1925.094922,1888.712579,3438.452503,18665.44517,3880.925441,3525.348875,22619.68913,3880.925441,3693.53591,8257.022971,3880.925441,3812.416232,4629.778389,3880.925441,736.227329,732.0680804,0.001001968,0.001005531,0.001008742,0.001011081,2297.185219,2297.185219,2297.185219,4675.861026,4675.861026,4675.861026,4675.861026,4675.861026
12/3/1990,1648.180232,8864.515481,1795.059698,1823.415978,2634.883613,1795.059698,3949.459516,16806.61125,4469.781668,4016.489499,18665.44517,4469.781668,4171.345219,22619.68913,4469.781668,4208.944405,8257.022971,4469.781668,693.1834511,689.3029178,0.001001968,0.001005531,0.001008742,0.001011081,2160.969804,2160.969804,2160.969804,4524.444912,4524.444912,4524.444912,4524.444912,4524.444912
12/4/1990,10749.55787,15775.06002,12221.01002,9119.195814,8864.515481,12221.01002,19471.87281,16184.68602,22722.71352,17038.10774,16806.61125,22722.71352,16626.83898,18665.44517,22722.71352,8118.88103,22619.68913,22722.71352,5370.851526,5331.422479,0.001001968,0.001005531,0.001008742,0.001011081,2854.536541,2854.536541,2854.536541,5437.146705,5437.146705,5437.146705,5437.146705,5437.146705
12/5/1990,13997.5847,10345.75142,16396.39133,16071.58075,15775.06002,16396.39133,31993.63712,12192.78286,38869.78986,32332.93352,16184.68602,38869.78986,30580.83097,16806.61125,38869.78986,27387.42351,18665.44517,38869.78986,8900.131527,8830.966969,0.001001968,0.001005531,0.001008742,0.001011081,4293.484049,4293.484049,4293.484049,8577.129846,8577.129846,8577.129846,8577.129846,8577.129846
12/6/1990,7480.042194,4634.298869,8695.04352,10382.05042,10345.75142,8695.04352,14421.01421,8800.859144,17247.31313,16507.95474,12192.78286,17247.31313,18861.48153,16184.68602,17247.31313,20616.88201,16806.61125,17247.31313,4838.806932,4803.71348,0.001001968,0.001005531,0.001008742,0.001011081,5639.903555,5639.903555,5639.903555,11083.15299,11083.15299,11083.15299,11083.15299,11083.15299
12/7/1990,3523.841064,3553.250542,3828.758299,4645.56006,4634.298869,3828.758299,6198.707688,7246.318185,6913.013193,7144.76603,8800.859144,6913.013193,9543.329104,12192.78286,6913.013193,14904.38298,16184.68602,6913.013193,1300.781714,1292.802762,0.001001968,0.001005531,0.001008742,0.001011081,6306.891339,6306.891339,6306.891339,12979.09139,12979.09139,12979.09139,12979.09139,12979.09139
12/8/1990,3035.133202,3386.416266,3308.063958,3560.478648,3553.250542,3308.063958,6348.72304,6513.427296,7170.727905,6693.874906,7246.318185,7170.727905,7850.593964,8800.859144,7170.727905,10404.48181,12192.78286,7170.727905,1183.411144,1176.247423,0.001001968,0.001005531,0.001008742,0.001011081,6659.227294,6659.227294,6659.227294,14114.27027,14114.27027,14114.27027,14114.27027,14114.27027
12/9/1990,2962.224121,3154.93457,3273.183459,3391.219686,3386.416266,3273.183459,7250.265155,6056.209357,8341.334841,7447.495546,6513.427296,8341.334841,7996.591414,7246.318185,8341.334841,9004.743089,8800.859144,8341.334841,1359.73265,1351.340781,0.001001968,0.001005531,0.001008742,0.001011081,6909.862141,6909.862141,6909.862141,14794.69803,14794.69803,14794.69803,14794.69803,14794.69803
12/10/1990,2772.695378,2926.464957,3071.618826,3158.077872,3154.93457,3071.618826,6212.359657,5672.894747,7134.430095,6387.250716,6056.209357,7134.430095,6793.213478,6513.427296,7134.430095,7356.43447,7246.318185,7134.430095,1318.352019,1310.250232,0.001001968,0.001005531,0.001008742,0.001011081,7118.714187,7118.714187,7118.714187,15175.15069,15175.15069,15175.15069,15175.15069,15175.15069
12/11/1990,2581.042821,2733.647846,2858.798978,2928.441902,2926.464957,2858.798978,5439.988236,5634.684471,6226.768761,5599.695893,5672.894747,6226.768761,5956.263161,6056.209357,6226.768761,6338.579925,6513.427296,6226.768761,1235.535009,1228.010416,0.001001968,0.001005531,0.001008742,0.001011081,6502.227014,6502.227014,6502.227014,14460.42056,14460.42056,14460.42056,14460.42056,14460.42056
12/12/1990,2418.005482,2571.075693,2677.389274,2734.792109,2733.647846,2677.389274,5030.762657,6176.088531,5751.609933,5173.805436,5634.684471,5751.609933,5493.38989,5672.894747,5751.609933,5813.510044,6056.209357,5751.609933,1162.814245,1155.792589,0.001001968,0.001005531,0.001008742,0.001011081,5135.307553,5135.307553,5135.307553,11509.22873,11509.22873,11509.22873,11509.22873,11509.22873
12/13/1990,2279.770204,2421.609062,2523.765835,2571.617281,2571.075693,2523.765835,4751.242427,6416.010498,5428.465747,4879.79477,6176.088531,5428.465747,5169.452519,5634.684471,5428.465747,5435.880791,5672.894747,5428.465747,1101.570856,1094.969764,0.001001968,0.001005531,0.001008742,0.001011081,3853.070345,3853.070345,3853.070345,9175.530685,9175.530685,9175.530685,9175.530685,9175.530685
12/14/1990,2159.244277,2363.158503,2387.788141,2421.707144,2421.609062,2387.788141,4497.273064,7101.567987,5133.53905,4606.625672,6416.010498,5133.53905,4869.707712,6176.088531,5133.53905,5123.19937,5634.684471,5133.53905,1038.890824,1032.717155,0.001001968,0.001005531,0.001008742,0.001011081,3241.760239,3241.760239,3241.760239,7433.406441,7433.406441,7433.406441,7433.406441,7433.406441
12/15/1990,2066.624305,2509.271717,2287.090021,2321.400242,2363.158503,2287.090021,4531.944165,6461.488826,5184.272036,4634.357777,7101.567987,5184.272036,4868.463856,6416.010498,5184.272036,5064.448732,6176.088531,5184.272036,1007.68935,1001.727258,0.001001968,0.001005531,0.001008742,0.001011081,2938.275407,2938.275407,2938.275407,6478.04725,6478.04725,6478.04725,6478.04725,6478.04725
12/16/1990,2286.553214,2592.536183,2543.616569,2527.897307,2509.271717,2543.616569,5483.760668,6828.450593,6314.639462,5544.368317,6461.488826,6314.639462,5690.893862,7101.567987,6314.639462,5574.143365,6416.010498,6314.639462,1134.88269,1128.053192,0.001001968,0.001005531,0.001008742,0.001011081,2761.77363,2761.77363,2761.77363,6099.416697,6099.416697,6099.416697,6099.416697,6099.416697
12/17/1990,2352.816783,3071.849583,2618.604593,2562.34539,2592.536183,2618.604593,5833.625971,8672.026724,6733.128947,5846.982724,6828.450593,6733.128947,6041.946744,6461.488826,6733.128947,6055.524726,7101.567987,6733.128947,1194.837694,1187.595027,0.001001968,0.001005531,0.001008742,0.001011081,2651.465984,2651.465984,2651.465984,5986.179451,5986.179451,5986.179451,5986.179451,5986.179451
12/18/1990,2618.48087,3340.323187,2947.61608,2929.133517,3071.849583,2947.61608,6570.000604,9432.573325,7640.441763,6641.782731,8672.026724,7640.441763,6795.487865,6828.450593,7640.441763,6505.979199,6461.488826,7640.441763,1445.461587,1436.465375,0.001001968,0.001005531,0.001008742,0.001011081,2619.252584,2619.252584,2619.252584,6079.407105,6079.407105,6079.407105,6079.407105,6079.407105
12/19/1990,3984.421801,5146.086734,4295.290685,3376.487321,3340.323187,4295.290685,7673.52089,10703.96726,8616.573258,6875.701531,9432.573325,8616.573258,6582.613581,8672.026724,8616.573258,6408.590968,6828.450593,8616.573258,1239.307411,1231.756626,0.001001968,0.001005531,0.001008742,0.001011081,2625.37657,2625.37657,2625.37657,6207.240852,6207.240852,6207.240852,6207.240852,6207.240852
12/20/1990,5362.739489,6702.012238,5900.473786,5181.67065,5146.086734,5900.473786,8690.59448,12567.91905,9924.349684,8169.899168,10703.96726,9924.349684,7786.669058,9432.573325,9924.349684,6565.174805,8672.026724,9924.349684,2239.894482,2225.118531,0.001001968,0.001005531,0.001008742,0.001011081,2864.943523,2864.943523,2864.943523,6476.519406,6476.519406,6476.519406,6476.519406,6476.519406
12/21/1990,5307.364904,4977.775197,6094.487628,6604.967607,6702.012238,6094.487628,9851.43762,16745.31657,11697.58141,10619.70086,12567.91905,11697.58141,10869.4832,10703.96726,11697.58141,9129.264454,9432.573325,11697.58141,3268.440639,3245.828033,0.001001968,0.001005531,0.001008742,0.001011081,3385.554575,3385.554575,3385.554575,7107.606867,7107.606867,7107.606867,7107.606867,7107.606867
12/22/1990,4760.861113,6027.716619,5212.796496,4967.172207,4977.775197,5212.796496,9217.61275,15285.87934,10532.77621,9127.766513,16745.31657,10532.77621,9788.089194,12567.91905,10532.77621,10644.6691,10703.96726,10532.77621,1853.485174,1841.557111,0.001001968,0.001005531,0.001008742,0.001011081,3799.020633,3799.020633,3799.020633,7883.680411,7883.680411,7883.680411,7883.680411,7883.680411
12/23/1990,5698.966031,9146.108847,6306.687161,5819.322618,6027.716619,6306.687161,9573.98791,14533.11418,10993.32853,9308.402911,15285.87934,10993.32853,9651.911146,16745.31657,10993.32853,9363.110981,12567.91905,10993.32853,2516.269876,2499.421471,0.001001968,0.001005531,0.001008742,0.001011081,4249.140001,4249.140001,4249.140001,8591.648753,8591.648753,8591.648753,8591.648753,8591.648753
12/24/1990,8493.784501,8918.257392,9704.660022,9221.901769,9146.108847,9704.660022,15437.52716,13288.27751,18235.51812,15414.76251,14533.11418,18235.51812,15480.25554,15285.87934,18235.51812,12199.2888,16745.31657,18235.51812,4683.505952,4649.668881,0.001001968,0.001005531,0.001008742,0.001011081,5056.411102,5056.411102,5056.411102,9575.762578,9575.762578,9575.762578,9575.762578,9575.762578
12/25/1990,8102.57785,8067.930418,9135.256658,9015.50784,8918.257392,9135.256658,17534.80692,11361.8821,20662.29476,17709.55826,13288.27751,20662.29476,18047.46793,14533.11418,20662.29476,18416.38366,15285.87934,20662.29476,4086.045045,4056.999181,0.001001968,0.001005531,0.001008742,0.001011081,5871.188755,5871.188755,5871.188755,11192.63739,11192.63739,11192.63739,11192.63739,11192.63739
12/26/1990,6373.95032,5316.027633,7283.675804,8080.539505,8067.930418,7283.675804,11257.74835,9150.01714,13294.39705,12369.07386,11361.8821,13294.39705,13617.0358,13288.27751,13294.39705,14074.9159,14533.11418,13294.39705,3705.641254,3679.607804,0.001001968,0.001005531,0.001008742,0.001011081,6674.025622,6674.025622,6674.025622,12494.07678,12494.07678,12494.07678,12494.07678,12494.07678
12/27/1990,4298.883535,4343.304049,4760.319247,5323.128161,5316.027633,4760.319247,8885.208919,7647.135631,10236.27191,9589.899681,9150.01714,10236.27191,10929.8442,11361.8821,10236.27191,13439.25315,13288.27751,10236.27191,1954.477748,1941.811453,0.001001968,0.001005531,0.001008742,0.001011081,6953.59206,6953.59206,6953.59206,13403.07564,13403.07564,13403.07564,13403.07564,13403.07564
12/28/1990,3729.068453,4137.674152,4111.555971,4347.920251,4343.304049,4111.555971,7536.955985,10469.9229,8627.289479,7898.057155,7647.135631,8627.289479,8849.645927,9150.01714,8627.289479,10306.66722,11361.8821,8627.289479,1641.844866,1631.448316,0.001001968,0.001005531,0.001008742,0.001011081,6788.957297,6788.957297,6788.957297,13661.82577,13661.82577,13661.82577,13661.82577,13661.82577
12/29/1990,3557.834513,3698.270145,3951.033638,4091.31635,4137.674152,3951.033638,7715.272434,12812.17297,8898.068293,7973.197991,10469.9229,8898.068293,8579.359475,7647.135631,8898.068293,9323.337703,9150.01714,8898.068293,1697.068853,1686.274807,0.001001968,0.001005531,0.001008742,0.001011081,6662.276449,6662.276449,6662.276449,13490.74707,13490.74707,13490.74707,13490.74707,13490.74707
12/30/1990,3474.604884,5576.021263,3708.748368,3412.312981,3698.270145,3708.748368,7156.231625,13430.7279,7984.947733,6942.403817,12812.17297,7984.947733,7085.138439,10469.9229,7984.947733,7988.118617,7647.135631,7984.947733,964.3775127,958.7077483,0.001001968,0.001005531,0.001008742,0.001011081,6343.770124,6343.770124,6343.770124,13099.24882,13099.24882,13099.24882,13099.24882,13099.24882
12/31/1990,6829.486708,10057.26251,7362.688017,5640.085354,5576.021263,7362.688017,10206.97248,13644.82199,11332.50617,8740.637947,13430.7279,11332.50617,8297.250279,12812.17297,11332.50617,6579.541684,10469.9229,11332.50617,2018.630368,2005.492811,0.001001968,0.001005531,0.001008742,0.001011081,5852.493638,5852.493638,5852.493638,12361.07533,12361.07533,12361.07533,12361.07533,12361.07533
1/1/1991,9176.576161,9154.287149,10458.07153,10154.69227,10057.26251,10458.07153,14922.80376,12286.01029,17667.4625,15075.02724,13644.82199,17667.4625,14635.43485,13430.7279,17667.4625,11255.43795,12812.17297,17667.4625,5019.315427,4982.756344,0.001001968,0.001005531,0.001008742,0.001011081,5857.614407,5857.614407,5857.614407,11387.45215,11387.45215,11387.45215,11387.45215,11387.45215
1/2/1991,7095.896168,5740.979903,8146.610018,9172.813976,9154.287149,8146.610018,13130.73756,10392.03526,15633.25314,14495.04426,12286.01029,15633.25314,15472.27845,13644.82199,15633.25314,15123.46563,13430.7279,15633.25314,4227.161942,4196.990752,0.001001968,0.001005531,0.001008742,0.001011081,5961.019267,5961.019267,5961.019267,11186.22499,11186.22499,11186.22499,11186.22499,11186.22499
1/3/1991,4634.08032,4759.694077,5114.727159,5752.468284,5740.979903,5114.727159,8452.04695,9406.996413,9685.551963,9257.163647,10392.03526,9685.551963,10822.41172,12286.01029,9685.551963,13347.03616,13644.82199,9685.551963,2013.55971,2000.459465,0.001001968,0.001005531,0.001008742,0.001011081,6049.730991,6049.730991,6049.730991,11269.21936,11269.21936,11269.21936,11269.21936,11269.21936
1/4/1991,4078.256179,4454.932807,4498.720113,4768.015242,4759.694077,4498.720113,7581.817991,8542.15679,8681.650077,7996.380917,9406.996413,8681.650077,9073.889612,10392.03526,8681.650077,10668.59186,12286.01029,8681.650077,1783.141417,1771.724796,0.001001968,0.001005531,0.001008742,0.001011081,6122.17407,6122.17407,6122.17407,11348.3975,11348.3975,11348.3975,11348.3975,11348.3975
1/5/1991,3863.80706,4129.115092,4294.235788,4460.892381,4454.932807,4294.235788,8197.026401,7915.249144,9488.716461,8489.446956,8542.15679,9488.716461,9166.202905,9406.996413,9488.716461,10035.68094,10392.03526,9488.716461,1837.675316,1825.862402,0.001001968,0.001005531,0.001008742,0.001011081,6181.478839,6181.478839,6181.478839,11431.2221,11431.2221,11431.2221,11431.2221,11431.2221
1/6/1991,3600.241447,3846.814671,4007.983178,4133.39143,4129.115092,4007.983178,7593.819143,7671.247605,8789.917945,7841.06648,7915.249144,8789.917945,8389.701793,8542.15679,8789.917945,8964.316985,9406.996413,8789.917945,1754.45081,1743.242114,0.001001968,0.001005531,0.001008742,0.001011081,6317.952876,6317.952876,6317.952876,11556.07407,11556.07407,11556.07407,11556.07407,11556.07407
1/7/1991,3366.498596,3604.381838,3749.715781,3849.865981,3846.814671,3749.715781,7154.831082,7754.237057,8279.422905,7369.595991,7671.247605,8279.422905,7847.613669,7915.249144,8279.422905,8308.418307,8542.15679,8279.422905,1661.102629,1650.567641,0.001001968,0.001005531,0.001008742,0.001011081,6210.913118,6210.913118,6210.913118,11632.55758,11632.55758,11632.55758,11632.55758,11632.55758
1/8/1991,3164.220675,3395.800261,3524.943722,3606.525958,3604.381838,3524.943722,6568.712366,9027.294984,7595.777505,6761.299244,7754.237057,7595.777505,7193.840859,7671.247605,7595.777505,7616.940569,7915.249144,7595.777505,1574.38139,1564.468282,0.001001968,0.001005531,0.001008742,0.001011081,5521.515379,5521.515379,5521.515379,11102.86763,11102.86763,11102.86763,11102.86763,11102.86763
1/9/1991,2987.382993,3249.84411,3328.391991,3396.652697,3395.800261,3328.391991,6167.266891,7644.278578,7124.394527,6342.203122,9027.294984,7124.394527,6739.416112,7754.237057,7124.394527,7063.048135,7671.247605,7124.394527,1498.04372,1488.674672,0.001001968,0.001005531,0.001008742,0.001011081,4705.478976,4705.478976,4705.478976,10075.60335,10075.60335,10075.60335,10075.60335,10075.60335
1/10/1991,2860.82381,3075.512398,3193.112233,3250.593328,3249.84411,3193.112233,6124.456446,6731.064338,7087.921306,6282.636108,7644.278578,7087.921306,6653.652757,9027.294984,7087.921306,6910.547778,7754.237057,7087.921306,1466.866752,1457.718958,0.001001968,0.001005531,0.001008742,0.001011081,4196.541481,4196.541481,4196.541481,9048.827527,9048.827527,9048.827527,9048.827527,9048.827527
1/11/1991,2712.421205,2929.532566,3026.035839,3076.048177,3075.512398,3026.035839,6232.473734,6347.470014,7222.405732,6369.012287,6731.064338,7222.405732,6700.845065,7644.278578,7222.405732,6996.214242,9027.294984,7222.405732,1392.903514,1384.278339,0.001001968,0.001005531,0.001008742,0.001011081,3863.424715,3863.424715,3863.424715,8379.089324,8379.089324,8379.089324,8379.089324,8379.089324
1/12/1991,2586.994054,2798.276303,2885.878928,2929.76557,2929.532566,2885.878928,7321.473616,8974.703185,8532.875981,7417.985068,6347.470014,8532.875981,7690.0957,6731.064338,8532.875981,7957.268698,7644.278578,8532.875981,1334.713561,1326.497208,0.001001968,0.001005531,0.001008742,0.001011081,3606.870603,3606.870603,3606.870603,8180.187066,8180.187066,8180.187066,8180.187066,8180.187066
1/13/1991,2473.851866,2677.310796,2759.427239,2798.279075,2798.276303,2759.427239,6227.718553,11099.03628,7223.73415,6335.030125,8974.703185,7223.73415,6611.663793,6347.470014,7223.73415,6863.157983,6731.064338,7223.73415,1281.927552,1274.080188,0.001001968,0.001005531,0.001008742,0.001011081,3393.481765,3393.481765,3393.481765,7931.859354,7931.859354,7931.859354,7931.859354,7931.859354
1/14/1991,2369.005521,2572.470098,2642.401493,2677.137301,2677.310796,2642.401493,5450.016073,12738.46232,6301.797924,5561.544479,11099.03628,6301.797924,5837.77876,8974.703185,6301.797924,6074.263599,6347.470014,6301.797924,1233.571813,1226.060845,0.001001968,0.001005531,0.001008742,0.001011081,3209.935788,3209.935788,3209.935788,7613.164589,7613.164589,7613.164589,7613.164589,7613.164589
1/15/1991,2280.499329,2947.482265,2542.870835,2566.431576,2572.470098,2542.870835,5158.030065,11202.29694,5957.586742,5257.279382,12738.46232,5957.586742,5522.053035,11099.03628,5957.586742,5725.933757,8974.703185,5957.586742,1189.72244,1182.515126,0.001001968,0.001005531,0.001008742,0.001011081,3049.111904,3049.111904,3049.111904,7345.136206,7345.136206,7345.136206,7345.136206,7345.136206
1/16/1991,2631.717023,4617.180964,2930.9889,2717.378227,2947.482265,2930.9889,8029.20216,11404.1629,9357.949014,7857.808872,11202.29694,9357.949014,8043.715677,12738.46232,9357.949014,7870.550595,11099.03628,9357.949014,1343.731253,1335.451684,0.001001968,0.001005531,0.001008742,0.001011081,2935.448986,2935.448986,2935.448986,7559.756185,7559.756185,7559.756185,7559.756185,7559.756185
1/17/1991,5181.986159,6632.57549,5758.266083,4666.888244,4617.180964,5758.266083,12959.9035,12480.02831,15131.68332,12018.79773,11404.1629,15131.68332,11685.61387,11202.29694,15131.68332,10206.774,12738.46232,15131.68332,2322.348465,2306.957104,0.001001968,0.001005531,0.001008742,0.001011081,3019.267118,3019.267118,3019.267118,8181.896074,8181.896074,8181.896074,8181.896074,8181.896074
1/18/1991,6340.062641,6777.21892,7132.290407,6689.827346,6632.57549,7132.290407,14740.69519,12100.69138,17391.50067,14493.33297,12480.02831,17391.50067,13907.33024,11404.1629,17391.50067,12826.39636,11202.29694,17391.50067,3220.847894,3198.604782,0.001001968,0.001005531,0.001008742,0.001011081,3354.605224,3354.605224,3354.605224,9088.220471,9088.220471,9088.220471,9088.220471,9088.220471
1/19/1991,5484.229609,4851.637526,6273.269532,6784.036264,6777.21892,6273.269532,10939.27942,10539.31512,12979.44506,11691.52581,12100.69138,12979.44506,12240.57816,12480.02831,12979.44506,11369.64915,11404.1629,12979.44506,3265.718209,3243.126755,0.001001968,0.001005531,0.001008742,0.001011081,3875.508698,3875.508698,3875.508698,9654.904369,9654.904369,9654.904369,9654.904369,9654.904369
1/20/1991,4025.682697,4491.927321,4477.180691,4840.50915,4851.637526,4477.180691,8761.148344,9587.984463,10168.8591,9252.123924,10539.31512,10168.8591,10189.19469,12100.69138,10168.8591,11604.63522,12480.02831,10168.8591,1929.415627,1916.932954,0.001001968,0.001005531,0.001008742,0.001011081,4240.71562,4240.71562,4240.71562,10366.16578,10366.16578,10366.16578,10366.16578,10366.16578
1/21/1991,3941.639449,4455.401978,4390.086379,4494.977694,4491.927321,4390.086379,8723.64502,8993.627401,10138.31538,8954.766147,9587.984463,10138.31538,9627.459479,10539.31512,10138.31538,10389.68278,12100.69138,10138.31538,1908.932965,1896.600157,0.001001968,0.001005531,0.001008742,0.001011081,4537.881088,4537.881088,4537.881088,11138.12926,11138.12926,11138.12926,11138.12926,11138.12926
1/22/1991,3885.84237,4075.554007,4354.431263,4461.214039,4455.401978,4354.431263,9296.219014,8405.811027,10888.01897,9517.157191,8993.627401,10888.01897,9974.463312,9587.984463,10888.01897,10476.47156,10539.31512,10888.01897,1999.214739,1986.219994,0.001001968,0.001005531,0.001008742,0.001011081,4816.202406,4816.202406,4816.202406,11842.14351,11842.14351,11842.14351,11842.14351,11842.14351
1/23/1991,3547.827419,3771.401533,3970.540907,4078.701545,4075.554007,3970.540907,8143.024183,7911.252924,9507.109518,8362.004596,8405.811027,9507.109518,8874.345563,8993.627401,9507.109518,9348.336623,9587.984463,9507.109518,1823.747908,1812.036336,0.001001968,0.001005531,0.001008742,0.001011081,5037.161171,5037.161171,5037.161171,11977.51559,11977.51559,11977.51559,11977.51559,11977.51559
1/24/1991,3297.196451,3534.639608,3687.320754,3773.633944,3771.401533,3687.320754,7384.932061,7692.736265,8604.159981,7578.212276,7911.252924,8604.159981,8046.767971,8405.811027,8604.159981,8520.823243,8993.627401,8604.159981,1697.652014,1686.853762,0.001001968,0.001005531,0.001008742,0.001011081,5036.791458,5036.791458,5036.791458,11616.94569,11616.94569,11616.94569,11616.94569,11616.94569
1/25/1991,3098.356883,3333.145518,3464.907598,3536.222435,3534.639608,3464.907598,6964.278841,7244.806148,8109.378632,7136.08609,7692.736265,8109.378632,7555.766769,7911.252924,8109.378632,7955.540635,8405.811027,8109.378632,1606.805398,1596.660242,0.001001968,0.001005531,0.001008742,0.001011081,4773.508872,4773.508872,4773.508872,10864.99527,10864.99527,10864.99527,10864.99527,10864.99527
1/26/1991,2927.266717,3156.959417,3273.771324,3334.24617,3333.145518,3273.771324,6595.839794,6937.355731,7675.71877,6751.585922,7244.806148,7675.71877,7135.193002,7692.736265,7675.71877,7475.339462,7911.252924,7675.71877,1529.1797,1519.589136,0.001001968,0.001005531,0.001008742,0.001011081,4315.383709,4315.383709,4315.383709,10188.77702,10188.77702,10188.77702,10188.77702,10188.77702
1/27/1991,2776.617699,3011.611789,3105.497686,3157.698312,3156.959417,3105.497686,6276.02967,7124.67861,7298.661176,6418.982347,6937.355731,7298.661176,6773.917425,7244.806148,7298.661176,7069.512472,7692.736265,7298.661176,1460.549791,1451.446759,0.001001968,0.001005531,0.001008742,0.001011081,4005.544016,4005.544016,4005.544016,9500.430975,9500.430975,9500.430975,9500.430975,9500.430975
1/28/1991,2653.705112,2878.222813,2969.210253,3012.077108,3011.611789,2969.210253,6167.723115,7421.674731,7175.890147,6294.466983,7124.67861,7175.890147,6622.26361,6937.355731,7175.890147,6885.204857,7244.806148,7175.890147,1408.884155,1400.146339,0.001001968,0.001005531,0.001008742,0.001011081,3759.141117,3759.141117,3759.141117,8860.611883,8860.611883,8860.611883,8860.611883,8860.611883
1/29/1991,2555.211888,2829.103395,2856.781011,2877.804273,2878.222813,2856.781011,5861.237559,7367.669058,6810.019834,5964.21315,7421.674731,6810.019834,6269.592271,7124.67861,6810.019834,6514.463174,6937.355731,6810.019834,1353.9782,1345.626736,0.001001968,0.001005531,0.001008742,0.001011081,3527.043406,3527.043406,3527.043406,8282.19762,8282.19762,8282.19762,8282.19762,8282.19762
1/30/1991,2478.637756,3546.336918,2761.447823,2753.364733,2829.103395,2761.447823,5676.163011,7422.605906,6577.154135,5744.633548,7367.669058,6577.154135,6003.427302,7421.674731,6577.154135,6244.911573,7124.67861,6577.154135,1276.745913,1268.934672,0.001001968,0.001005531,0.001008742,0.001011081,3316.017471,3316.017471,3316.017471,7825.647541,7825.647541,7825.647541,7825.647541,7825.647541
1/31/1991,3363.039404,3855.45015,3780.859914,3553.097717,3546.336918,3780.859914,6960.392278,7099.583589,8109.30763,6867.541931,7422.605906,8109.30763,6977.553144,7367.669058,8109.30763,6397.779341,7421.674731,8109.30763,1780.662788,1769.264146,0.001001968,0.001005531,0.001008742,0.001011081,3228.59731,3228.59731,3228.59731,7539.81989,7539.81989,7539.81989,7539.81989,7539.81989
2/1/1991,3381.647052,3436.41106,3822.202452,3872.423044,3855.45015,3822.202452,7271.74171,6673.392976,8523.984386,7453.972823,7099.583589,8523.984386,7585.364198,7422.605906,8523.984386,7426.500643,7367.669058,8523.984386,1893.258874,1881.040621,0.001001968,0.001005531,0.001008742,0.001011081,3225.794303,3225.794303,3225.794303,7421.364467,7421.364467,7421.364467,7421.364467,7421.364467
2/2/1991,3035.275025,3233.167668,3411.840169,3437.883833,3436.41106,3411.840169,6285.686896,7318.82798,7325.923044,6428.325328,6673.392976,7325.923044,6901.242149,7099.583589,7325.923044,7073.070943,7422.605906,7325.923044,1649.515419,1639.063751,0.001001968,0.001005531,0.001008742,0.001011081,3247.781167,3247.781167,3247.781167,7370.67275,7370.67275,7370.67275,7370.67275,7370.67275
2/3/1991,2911.955016,3041.727584,3253.174196,3222.012954,3233.167668,3253.174196,6017.617495,8148.816387,6980.295845,6092.466707,7318.82798,6980.295845,6436.673987,6673.392976,6980.295845,6826.519187,7099.583589,6980.295845,1507.65575,1498.218376,0.001001968,0.001005531,0.001008742,0.001011081,3252.386442,3252.386442,3252.386442,7338.351872,7338.351872,7338.351872,7338.351872,7338.351872
2/4/1991,2924.085201,3355.416544,3210.736155,3028.657668,3041.727584,3210.736155,5892.110923,9599.748893,6743.769916,5800.48497,8148.816387,6743.769916,5992.175049,7318.82798,6743.769916,6327.87534,6673.392976,6743.769916,1271.902192,1264.124701,0.001001968,0.001005531,0.001008742,0.001011081,3237.262499,3237.262499,3237.262499,7255.645568,7255.645568,7255.645568,7255.645568,7255.645568
2/5/1991,3327.856255,4138.887761,3644.909474,3347.472035,3355.416544,3644.909474,6220.76271,10151.639,7096.860441,6028.668064,9599.748893,7096.860441,6108.650136,8148.816387,7096.860441,5971.031553,7318.82798,7096.860441,1399.830059,1391.15608,0.001001968,0.001005531,0.001008742,0.001011081,3267.770211,3267.770211,3267.770211,7209.953682,7209.953682,7209.953682,7209.953682,7209.953682
2/6/1991,3694.030159,5099.179706,4085.694249,3950.429395,4138.887761,4085.694249,7427.652094,10848.37579,8562.231985,7412.500209,10151.639,8562.231985,7449.218093,9599.748893,8562.231985,6925.340045,8148.816387,8562.231985,1714.222334,1703.304506,0.001001968,0.001005531,0.001008742,0.001011081,3392.023846,3392.023846,3392.023846,7340.542148,7340.542148,7340.542148,7340.542148,7340.542148
2/7/1991,4975.119578,6307.86283,5505.017301,5052.645328,5099.179706,5505.017301,9558.946219,10946.01568,11011.65363,9295.388345,10848.37579,11011.65363,9270.065445,10151.639,11011.65363,8119.222468,9599.748893,11011.65363,2169.006221,2154.757295,0.001001968,0.001005531,0.001008742,0.001011081,3572.65603,3572.65603,3572.65603,7619.028134,7619.028134,7619.028134,7619.028134,7619.028134
2/8/1991,6059.249982,6540.681408,6744.263214,6368.059189,6307.86283,6744.263214,11217.65691,10257.85879,13006.98178,11077.6373,10946.01568,13006.98178,10962.76404,10848.37579,13006.98178,10043.07703,10151.639,13006.98178,2763.110596,2744.389235,0.001001968,0.001005531,0.001008742,0.001011081,3864.199363,3864.199363,3864.199363,8064.227441,8064.227441,8064.227441,8064.227441,8064.227441
2/9/1991,5711.341266,5632.213793,6425.444624,6583.153237,6540.681408,6425.444624,10028.12518,9306.402643,11714.75359,10432.97832,10257.85879,11714.75359,10938.17843,10946.01568,11714.75359,10422.99827,10848.37579,11714.75359,2935.968592,2915.924348,0.001001968,0.001005531,0.001008742,0.001011081,4273.924054,4273.924054,4273.924054,8563.166359,8563.166359,8563.166359,8563.166359,8563.166359
2/10/1991,4663.934621,4495.398749,5230.918111,5641.020991,5632.213793,5230.918111,8669.425286,9209.218305,10097.03455,9267.622854,9306.402643,10097.03455,10085.50596,10257.85879,10097.03455,10777.01631,10946.01568,10097.03455,2385.965485,2370.097598,0.001001968,0.001005531,0.001008742,0.001011081,4657.995328,4657.995328,4657.995328,9125.069635,9125.069635,9125.069635,9125.069635,9125.069635
2/11/1991,3849.318461,4101.712562,4257.548814,4501.055291,4495.398749,4257.548814,7419.022634,8778.389355,8541.233486,7794.900194,9209.218305,8541.233486,8613.784005,9306.402643,8541.233486,9774.866181,10257.85879,8541.233486,1751.966394,1740.775685,0.001001968,0.001005531,0.001008742,0.001011081,4943.065505,4943.065505,4943.065505,9643.670291,9643.670291,9643.670291,9643.670291,9643.670291
2/12/1991,3586.988445,3875.653946,3973.51364,4105.751102,4101.712562,3973.51364,7011.706276,8033.347494,8086.179138,7266.771362,8778.389355,8086.179138,7882.127189,9209.218305,8086.179138,8621.990282,9306.402643,8086.179138,1672.241841,1661.626689,0.001001968,0.001005531,0.001008742,0.001011081,5120.829078,5120.829078,5120.829078,10009.31312,10009.31312,10009.31312,10009.31312,10009.31312
2/13/1991,3405.825916,3859.16799,3782.489874,3878.560369,3875.653946,3782.489874,6922.980563,7548.121459,8003.497258,7133.995059,8033.347494,8003.497258,7618.803803,8778.389355,8003.497258,8066.62913,9209.218305,8003.497258,1639.818018,1629.436028,0.001001968,0.001005531,0.001008742,0.001011081,5177.663395,5177.663395,5177.663395,10116.87899,10116.87899,10116.87899,10116.87899,10116.87899
2/14/1991,3378.59406,3691.148114,3783.210488,3861.264424,3859.16799,3783.210488,7423.10653,7177.841865,8640.296764,7616.688889,7548.121459,8640.296764,8067.344631,8033.347494,8640.296764,8183.277408,8778.389355,8640.296764,1762.696252,1751.427841,0.001001968,0.001005531,0.001008742,0.001011081,5091.671951,5091.671951,5091.671951,10061.49893,10061.49893,10061.49893,10061.49893,10061.49893
2/15/1991,3240.632147,3445.352497,3630.553588,3692.654745,3691.148114,3630.553588,7248.407326,7474.990804,8432.807241,7421.789765,7177.841865,8432.807241,7832.471982,7548.121459,8432.807241,8120.245554,8033.347494,8432.807241,1705.408356,1694.554149,0.001001968,0.001005531,0.001008742,0.001011081,4820.366856,4820.366856,4820.366856,9729.607639,9729.607639,9729.607639,9729.607639,9729.607639
2/16/1991,3032.408555,3268.311209,3391.470515,3446.423904,3445.352497,3391.470515,6317.062896,6713.898029,7328.51987,6482.484745,7474.990804,7328.51987,6892.587812,7177.841865,7328.51987,7291.925812,7548.121459,7328.51987,1584.343066,1574.358726,0.001001968,0.001005531,0.001008742,0.001011081,4404.844448,4404.844448,4404.844448,9235.843037,9235.843037,9235.843037,9235.843037,9235.843037
2/17/1991,2879.507158,3109.567055,3218.488686,3269.057825,3268.311209,3218.488686,5907.213892,6345.474173,6842.46556,6063.886668,6713.898029,6842.46556,6433.14136,7474.990804,6842.46556,6728.979244,7177.841865,6842.46556,1505.280088,1495.859606,0.001001968,0.001005531,0.001008742,0.001011081,4030.717029,4030.717029,4030.717029,8649.136069,8649.136069,8649.136069,8649.136069,8649.136069
2/18/1991,2742.75609,3013.751579,3064.178209,3110.069431,3109.567055,3064.178209,5717.064113,6812.774066,6621.061187,5861.538463,6345.474173,6621.061187,6205.756568,6713.898029,6621.061187,6474.380364,7474.990804,6621.061187,1435.837632,1426.909484,0.001001968,0.001005531,0.001008742,0.001011081,3774.129399,3774.129399,3774.129399,8137.787827,8137.787827,8137.787827,8137.787827,8137.787827
2/19/1991,2663.246512,2793.161666,2978.933794,3012.280668,3013.751579,2978.933794,6096.170839,7601.014451,7080.03266,6215.971895,6812.774066,7080.03266,6532.777089,6345.474173,7080.03266,6718.973067,6713.898029,7080.03266,1415.504929,1406.720401,0.001001968,0.001005531,0.001008742,0.001011081,3584.795569,3584.795569,3584.795569,7853.450831,7853.450831,7853.450831,7853.450831,7853.450831
2/20/1991,2856.638298,3511.348708,3094.531776,2789.918398,2793.161666,3094.531776,6129.061637,7795.276296,6928.479005,5900.961513,7601.014451,6928.479005,5941.47003,6812.774066,6928.479005,6204.41095,6345.474173,6928.479005,1053.734952,1047.460343,0.001001968,0.001005531,0.001008742,0.001011081,3384.216495,3384.216495,3384.216495,7616.232095,7616.232095,7616.232095,7616.232095,7616.232095
2/21/1991,3521.08054,4657.814455,3835.391996,3502.661422,3511.348708,3835.391996,6477.231499,7788.063079,7324.467575,6256.488872,7795.276296,7324.467575,6131.5952,7601.014451,7324.467575,5726.243064,6812.774066,7324.467575,1378.312712,1369.790245,0.001001968,0.001005531,0.001008742,0.001011081,3259.105428,3259.105428,3259.105428,7314.072675,7314.072675,7314.072675,7314.072675,7314.072675
2/22/1991,4229.416147,4400.010805,4752.657208,4653.562135,4657.814455,4752.657208,7567.660465,7614.015427,8806.776484,7646.380515,7788.063079,8806.776484,7829.431938,7795.276296,8806.776484,6713.903354,7601.014451,8806.776484,2249.359323,2234.512859,0.001001968,0.001005531,0.001008742,0.001011081,3341.165771,3341.165771,3341.165771,7139.910346,7139.910346,7139.910346,7139.910346,7139.910346
2/23/1991,3839.461618,3862.560028,4280.162747,4399.985402,4400.010805,4280.162747,7431.648643,7208.748297,8611.449174,7688.872918,7614.015427,8611.449174,7969.67341,7788.063079,8611.449174,8197.747767,7795.276296,8611.449174,1915.448768,1903.068306,0.001001968,0.001005531,0.001008742,0.001011081,3448.608364,3448.608364,3448.608364,7197.974944,7197.974944,7197.974944,7197.974944,7197.974944
2/24/1991,3374.588974,3561.505175,3725.985249,3862.629177,3862.560028,3725.985249,6095.672237,6822.007688,6986.973674,6351.192431,7208.748297,6986.973674,6814.004416,7614.015427,6986.973674,7236.868223,7788.063079,6986.973674,1551.04274,1541.29631,0.001001968,0.001005531,0.001008742,0.001011081,3543.91306,3543.91306,3543.91306,7311.903015,7311.903015,7311.903015,7311.903015,7311.903015
2/25/1991,3140.979285,3367.939992,3464.572429,3561.258969,3561.505175,3464.572429,5960.515345,6469.043582,6833.848929,6161.310567,6822.007688,6833.848929,6612.858439,7208.748297,6833.848929,6986.113657,7614.015427,6833.848929,1440.389314,1431.428981,0.001001968,0.001005531,0.001008742,0.001011081,3622.797233,3622.797233,3622.797233,7411.157745,7411.157745,7411.157745,7411.157745,7411.157745
2/26/1991,2987.115859,3210.157614,3297.362639,3367.713762,3367.939992,3297.362639,5953.097698,6243.533808,6837.673994,6117.816372,6469.043582,6837.673994,6504.668499,6822.007688,6837.673994,6833.094467,7208.748297,6837.673994,1389.102156,1380.503752,0.001001968,0.001005531,0.001008742,0.001011081,3682.819355,3682.819355,3682.819355,7403.581528,7403.581528,7403.581528,7403.581528,7403.581528
2/27/1991,2855.359682,3070.046566,3153.629419,3209.953753,3210.157614,3153.629419,5721.850886,6428.736518,6573.193166,5868.570117,6243.533808,6573.193166,6215.302712,6469.043582,6573.193166,6493.110067,6822.007688,6573.193166,1342.819285,1334.546111,0.001001968,0.001005531,0.001008742,0.001011081,3776.597093,3776.597093,3776.597093,7416.237216,7416.237216,7416.237216,7416.237216,7416.237216
2/28/1991,2724.32435,2969.484068,3010.659568,3069.138084,3070.046566,3010.659568,5465.445791,7416.61855,6278.557485,5610.892874,6428.736518,6278.557485,5931.250519,6243.533808,6278.557485,6175.609159,6469.043582,6278.557485,1296.077815,1288.131715,0.001001968,0.001005531,0.001008742,0.001011081,3782.296755,3782.296755,3782.296755,7401.583968,7401.583968,7401.583968,7401.583968,7401.583968
3/1/1991,2646.982107,3467.688085,2917.86987,2914.535945,2969.484068,2917.86987,5272.274315,14201.149,6040.990339,5351.744536,7416.61855,6040.990339,5658.484751,6428.736518,6040.990339,5878.666522,6243.533808,6040.990339,1233.271348,1225.762466,0.001001968,0.001005531,0.001008742,0.001011081,3586.770344,3586.770344,3586.770344,7250.702056,7250.702056,7250.702056,7250.702056,7250.702056
3/2/1991,3018.382708,5539.353253,3322.05089,3132.51092,3467.688085,3322.05089,5759.364885,15802.31038,6571.897756,5672.578009,14201.149,6571.897756,5873.700294,7416.61855,6571.897756,5690.91875,6428.736518,6571.897756,1350.215807,1341.890748,0.001001968,0.001005531,0.001008742,0.001011081,3410.46452,3410.46452,3410.46452,6982.056574,6982.056574,6982.056574,6982.056574,6982.056574
3/3/1991,4399.642634,8815.697365,4837.746068,4224.97272,5539.353253,4837.746068,7532.759814,15074.63624,8583.443438,7092.410385,15802.31038,8583.443438,7112.293265,14201.149,8583.443438,6219.430353,7416.61855,8583.443438,1778.329609,1766.947887,0.001001968,0.001005531,0.001008742,0.001011081,3391.807292,3391.807292,3391.807292,6840.16776,6840.16776,6840.16776,6840.16776,6840.16776
3/4/1991,9360.739404,9325.27623,10635.97984,9599.076174,8815.697365,10635.97984,14329.49585,13966.61386,16723.76977,13914.65543,15074.63624,16723.76977,13506.6485,15802.31038,16723.76977,8476.8833,14201.149,16723.76977,4363.266095,4332.005752,0.001001968,0.001005531,0.001008742,0.001011081,4020.540793,4020.540793,4020.540793,7221.760573,7221.760573,7221.760573,7221.760573,7221.760573
3/5/1991,8724.377581,7641.302044,9938.662556,9823.269922,9325.27623,9938.662556,17449.35678,11621.54299,20651.72122,17746.76075,13966.61386,20651.72122,17942.77711,15074.63624,20651.72122,17536.3334,15802.31038,20651.72122,4596.542978,4563.407531,0.001001968,0.001005531,0.001008742,0.001011081,4812.233815,4812.233815,4812.233815,8642.047415,8642.047415,8642.047415,8642.047415,8642.047415
3/6/1991,6139.762231,5688.613392,6993.726266,7613.934736,7641.302044,6993.726266,11588.77271,9863.651334,13657.29166,12491.71439,11621.54299,13657.29166,13790.13958,13966.61386,13657.29166,15135.14996,15074.63624,13657.29166,3473.22681,3449.01769,0.001001968,0.001005531,0.001008742,0.001011081,5507.035911,5507.035911,5507.035911,10003.31555,10003.31555,10003.31555,10003.31555,10003.31555
3/7/1991,4779.720177,4695.090541,5330.459082,5708.535203,5688.613392,5330.459082,9626.430015,8641.476802,11119.83342,10197.18047,9863.651334,11119.83342,11343.24552,11621.54299,11119.83342,13168.18216,13966.61386,11119.83342,2252.220726,2237.352938,0.001001968,0.001005531,0.001008742,0.001011081,5971.509412,5971.509412,5971.509412,11140.32103,11140.32103,11140.32103,11140.32103,11140.32103
3/8/1991,4168.886722,4489.974123,4604.384038,4738.811386,4695.090541,4604.384038,8854.265578,7909.495795,10183.76108,9122.469872,8641.476802,10183.76108,9972.495608,9863.651334,10183.76108,11476.11586,11621.54299,10183.76108,1829.849076,1818.093121,0.001001968,0.001005531,0.001008742,0.001011081,6293.878683,6293.878683,6293.878683,12036.31857,12036.31857,12036.31857,12036.31857,12036.31857
3/9/1991,3861.168503,3925.921082,4308.856761,4501.73958,4489.974123,4308.856761,7866.87419,7291.341231,9101.085481,8201.982937,7909.495795,9101.085481,8828.79484,8641.476802,9101.085481,9530.99512,9863.651334,9101.085481,1910.811337,1898.464793,0.001001968,0.001005531,0.001008742,0.001011081,6534.761902,6534.761902,6534.761902,12580.21626,12580.21626,12580.21626,12580.21626,12580.21626
3/10/1991,3408.890404,3588.238406,3784.852155,3933.592678,3925.921082,3784.852155,7106.734274,7217.527961,8188.019543,7372.285728,7291.341231,8188.019543,7933.619147,7909.495795,8188.019543,8665.585887,8641.476802,8188.019543,1627.67994,1617.385095,0.001001968,0.001005531,0.001008742,0.001011081,6577.982997,6577.982997,6577.982997,12838.13862,12838.13862,12838.13862,12838.13862,12838.13862
3/11/1991,3155.389368,3380.824388,3499.154157,3594.046041,3588.238406,3499.154157,6277.181166,7732.33444,7211.947597,6484.937555,7217.527961,7211.947597,6963.273484,7291.341231,7211.947597,7516.908718,7909.495795,7211.947597,1502.757159,1493.354613,0.001001968,0.001005531,0.001008742,0.001011081,5956.286692,5956.286692,5956.286692,12502.83536,12502.83536,12502.83536,12502.83536,12502.83536
3/12/1991,2986.609071,3202.548675,3314.69324,3385.290503,3380.824388,3314.69324,6001.907794,7539.20227,6900.182544,6178.915321,7732.33444,6900.182544,6582.966306,7217.527961,6900.182544,6962.88111,7291.341231,6900.182544,1444.885703,1435.893565,0.001001968,0.001005531,0.001008742,0.001011081,5167.47399,5167.47399,5167.47399,11094.96029,11094.96029,11094.96029,11094.96029,11094.96029
3/13/1991,2834.186434,3036.28102,3146.632766,3206.028246,3202.548675,3146.632766,5703.123532,6892.649593,6557.096208,5863.602848,7539.20227,6557.096208,6226.280259,7732.33444,6557.096208,6539.906404,7217.527961,6557.096208,1385.615854,1377.041995,0.001001968,0.001005531,0.001008742,0.001011081,4472.656858,4472.656858,4472.656858,9735.167177,9735.167177,9735.167177,9735.167177,9735.167177
3/14/1991,2706.200787,3345.109194,3000.357396,3031.482376,3036.28102,3000.357396,5761.447827,7343.222393,6628.171089,5880.944442,6892.649593,6628.171089,6204.523358,7539.20227,6628.171089,6486.664848,7732.33444,6628.171089,1313.646818,1305.577945,0.001001968,0.001005531,0.001008742,0.001011081,4003.510784,4003.510784,4003.510784,8649.772127,8649.772127,8649.772127,8649.772127,8649.772127
3/15/1991,2993.419576,3550.929973,3365.786691,3347.482677,3345.109194,3365.786691,6703.381728,8144.099184,7808.623639,6790.831337,7343.222393,7808.623639,7098.114443,6892.649593,7808.623639,6933.24167,7539.20227,7808.623639,1643.046523,1632.64134,0.001001968,0.001005531,0.001008742,0.001011081,3732.67623,3732.67623,3732.67623,7935.337863,7935.337863,7935.337863,7935.337863,7935.337863
3/16/1991,3066.417182,2987.960519,3480.408549,3558.503637,3550.929973,3480.408549,6735.155141,8143.251352,7897.430821,6935.209165,8144.099184,7897.430821,7226.172391,7343.222393,7897.430821,7196.797217,6892.649593,7897.430821,1816.564894,1804.905553,0.001001968,0.001005531,0.001008742,0.001011081,3553.61337,3553.61337,3553.61337,7558.565059,7558.565059,7558.565059,7558.565059,7558.565059
3/17/1991,2635.063449,3293.836784,2937.490776,2946.470671,2987.960519,2937.490776,5560.427352,7777.538915,6413.749613,5663.398719,8143.251352,6413.749613,6045.211316,8144.099184,6413.749613,6527.375118,7343.222393,6413.749613,1356.549905,1348.180385,0.001001968,0.001005531,0.001008742,0.001011081,3394.191777,3394.191777,3394.191777,7281.72818,7281.72818,7281.72818,7281.72818,7281.72818
3/18/1991,2967.346149,4184.468149,3307.072651,3175.803924,3293.836784,3307.072651,6372.04164,7525.79739,7347.655815,6350.699835,7777.538915,7347.655815,6570.04404,8143.251352,7347.655815,6419.697641,8144.099184,7347.655815,1491.615282,1482.2919,0.001001968,0.001005531,0.001008742,0.001011081,3297.630468,3297.630468,3297.630468,7206.158978,7206.158978,7206.158978,7206.158978,7206.158978
3/19/1991,3958.561775,3977.687372,4458.943479,4228.481471,4184.468149,4458.943479,8542.330312,7786.650016,9946.827867,8476.798147,7525.79739,9946.827867,8518.332798,7777.538915,9946.827867,7736.100349,8143.251352,9946.827867,2075.128768,2061.574735,0.001001968,0.001005531,0.001008742,0.001011081,3347.853865,3347.853865,3347.853865,7375.500198,7375.500198,7375.500198,7375.500198,7375.500198
3/20/1991,3675.431614,3610.622538,4102.396329,4042.866701,3977.687372,4102.396329,7930.694882,7908.775906,9173.783268,8002.967463,7786.650016,9173.783268,8231.569221,7525.79739,9173.783268,8321.33718,7777.538915,9173.783268,1831.175368,1819.409761,0.001001968,0.001005531,0.001008742,0.001011081,3436.194204,3436.194204,3436.194204,7649.915149,7649.915149,7649.915149,7649.915149,7649.915149
3/21/1991,3076.085535,3010.449654,3430.16918,3615.602451,3610.622538,3430.16918,6194.362537,7895.588267,7126.813638,6498.049735,7908.775906,7126.813638,6878.670587,7786.650016,7126.813638,7272.473501,7525.79739,7126.813638,1561.705607,1551.883063,0.001001968,0.001005531,0.001008742,0.001011081,3518.42093,3518.42093,3518.42093,7812.574438,7812.574438,7812.574438,7812.574438,7812.574438
3/22/1991,2592.207355,3016.78423,2855.982233,2987.612359,3010.449654,2855.982233,5513.123151,8053.095384,6285.012086,5729.068452,7895.588267,6285.012086,6178.223199,7908.775906,6285.012086,6771.849827,7786.650016,6285.012086,1185.649438,1178.47026,0.001001968,0.001005531,0.001008742,0.001011081,3499.079542,3499.079542,3499.079542,7784.839582,7784.839582,7784.839582,7784.839582,7784.839582
3/23/1991,2704.52999,3837.120794,2977.571219,2959.902962,3016.78423,2977.571219,6233.723498,8405.56986,7120.590292,6298.75835,8053.095384,7120.590292,6568.898254,7895.588267,7120.590292,6732.689467,7908.775906,7120.590292,1205.23892,1197.92431,0.001001968,0.001005531,0.001008742,0.001011081,3429.237891,3429.237891,3429.237891,7795.140492,7795.140492,7795.140492,7795.140492,7795.140492
3/24/1991,3584.300226,4184.339933,4006.085781,3816.838955,3837.120794,4006.085781,7739.680973,7967.952741,8943.991778,7689.311544,8405.56986,8943.991778,7790.379276,8053.095384,8943.991778,7220.045601,7895.588267,8943.991778,1778.875599,1767.489918,0.001001968,0.001005531,0.001008742,0.001011081,3501.767506,3501.767506,3501.767506,7932.657236,7932.657236,7932.657236,7932.657236,7932.657236
3/25/1991,3961.087617,4034.109023,4424.576927,4230.185087,4184.339933,4424.576927,8173.515735,7526.624322,9443.462165,8132.894986,7967.952741,9443.462165,8287.277418,8405.56986,9443.462165,7938.641681,8053.095384,9443.462165,1957.654624,1944.965035,0.001001968,0.001005531,0.001008742,0.001011081,3629.563286,3629.563286,3629.563286,8055.65288,8055.65288,8055.65288,8055.65288,8055.65288
3/26/1991,3637.34146,3592.619562,4049.908776,4055.716223,4034.109023,4049.908776,7299.774664,7483.106609,8404.230722,7441.486139,7526.624322,8404.230722,7730.517446,7967.952741,8404.230722,7899.068546,8405.56986,8404.230722,1785.579313,1774.145006,0.001001968,0.001005531,0.001008742,0.001011081,3647.885995,3647.885995,3647.885995,8047.439194,8047.439194,8047.439194,8047.439194,8047.439194
3/27/1991,3113.673865,3164.307838,3446.50586,3574.795511,3592.619562,3446.50586,6737.59982,6988.004457,7724.79322,6968.393957,7483.106609,7724.79322,7372.653689,7526.624322,7724.79322,7764.919453,7967.952741,7724.79322,1472.502061,1463.314316,0.001001968,0.001005531,0.001008742,0.001011081,3616.241274,3616.241274,3616.241274,8007.317989,8007.317989,8007.317989,8007.317989,8007.317989
3/28/1991,2904.179263,3182.548352,3173.677365,3170.596033,3164.307838,3173.677365,6259.380763,6482.635649,7101.652678,6341.030051,6988.004457,7101.652678,6685.1585,7483.106609,7101.652678,7182.11954,7526.624322,7101.652678,1194.449235,1187.209253,0.001001968,0.001005531,0.001008742,0.001011081,3560.460197,3560.460197,3560.460197,7977.539873,7977.539873,7977.539873,7977.539873,7977.539873
3/29/1991,2859.052602,3083.884051,3142.678707,3188.571907,3182.548352,3142.678707,5985.579514,6129.18729,6820.197087,6120.07246,6482.635649,6820.197087,6390.123224,6988.004457,6820.197087,6629.852683,7483.106609,6820.197087,1269.956351,1262.192414,0.001001968,0.001005531,0.001008742,0.001011081,3561.553543,3561.553543,3561.553543,7954.668918,7954.668918,7954.668918,7954.668918,7954.668918
3/30/1991,2687.444099,2777.258365,2967.849241,3084.734212,3083.884051,2967.849241,6126.448871,5744.97106,7021.797706,6322.6347,6129.18729,7021.797706,6619.573517,6482.635649,7021.797706,6789.932008,6988.004457,7021.797706,1260.947112,1253.245897,0.001001968,0.001005531,0.001008742,0.001011081,3581.614075,3581.614075,3581.614075,7907.781662,7907.781662,7907.781662,7907.781662,7907.781662
3/31/1991,2478.172437,2670.524032,2720.465657,2782.82496,2777.258365,2720.465657,5594.299902,5469.672773,6379.958296,5725.200468,5744.97106,6379.958296,6042.83132,6129.18729,6379.958296,6417.705301,6482.635649,6379.958296,1101.39922,1094.799303,0.001001968,0.001005531,0.001008742,0.001011081,3485.467891,3485.467891,3485.467891,7752.470198,7752.470198,7752.470198,7752.470198,7752.470198
4/1/1991,2394.776411,2681.657626,2638.171594,2664.766299,2670.524032,2638.171594,5136.374854,5444.549962,5857.383299,5237.683578,5469.672773,5857.383299,5551.377499,5744.97106,5857.383299,5765.638604,6129.18729,5857.383299,1114.521721,1107.83193,0.001001968,0.001005531,0.001008742,0.001011081,3310.01696,3310.01696,3310.01696,7454.08592,7454.08592,7454.08592,7454.08592,7454.08592
4/2/1991,2455.307402,2603.920261,2703.691838,2683.23469,2681.657626,2703.691838,5161.370729,5227.665739,5883.401779,5218.625942,5444.549962,5883.401779,5416.718997,5469.672773,5883.401779,5586.635278,5744.97106,5883.401779,1132.466338,1125.653437,0.001001968,0.001005531,0.001008742,0.001011081,3121.583471,3121.583471,3121.583471,7082.171735,7082.171735,7082.171735,7082.171735,7082.171735
4/3/1991,2272.299466,2263.362817,2503.887486,2609.345262,2603.920261,2503.887486,4740.336918,4841.897797,5400.475526,4919.640219,5227.665739,5400.475526,5104.580069,5444.549962,5400.475526,5279.606238,5469.672773,5400.475526,1064.151478,1057.80593,0.001001968,0.001005531,0.001008742,0.001011081,2963.766374,2963.766374,2963.766374,6664.244249,6664.244249,6664.244249,6664.244249,6664.244249
4/4/1991,2070.279662,2312.873934,2265.736787,2263.940295,2263.362817,2265.736787,4366.966886,4711.55509,4949.967737,4425.597421,4841.897797,4949.967737,4764.626547,5227.665739,4949.967737,5015.987775,5444.549962,4949.967737,914.1269792,908.7942922,0.001001968,0.001005531,0.001008742,0.001011081,2840.362892,2840.362892,2840.362892,6313.149199,6313.149199,6313.149199,6313.149199,6313.149199
4/5/1991,2053.093286,2133.570839,2266.152537,2312.846755,2312.873934,2266.152537,4411.349691,4456.705314,5034.846265,4522.754435,4711.55509,5034.846265,4720.699311,4841.897797,5034.846265,4898.004226,5227.665739,5034.846265,995.7381665,989.8568987,0.001001968,0.001005531,0.001008742,0.001011081,2712.448909,2712.448909,2712.448909,6030.325039,6030.325039,6030.325039,6030.325039,6030.325039
4/6/1991,1910.083443,2022.357328,2097.457389,2132.046601,2133.570839,2097.457389,4262.397064,4196.121332,4848.27656,4351.343551,4456.705314,4848.27656,4560.891903,4711.55509,4848.27656,4762.851531,4841.897797,4848.27656,884.3460962,879.2120748,0.001001968,0.001005531,0.001008742,0.001011081,2573.789583,2573.789583,2573.789583,5718.654637,5718.654637,5718.654637,5718.654637,5718.654637
4/7/1991,1848.270837,2052.661949,2022.700713,2022.856328,2022.357328,2022.700713,3966.460526,4414.389031,4493.045347,4019.951386,4196.121332,4493.045347,4207.479738,4456.705314,4493.045347,4393.903992,4711.55509,4493.045347,828.1024581,823.3412779,0.001001968,0.001005531,0.001008742,0.001011081,2452.988484,2452.988484,2452.988484,5426.524853,5426.524853,5426.524853,5426.524853,5426.524853
4/8/1991,1846.816014,1855.761669,2032.239858,2053.887968,2052.661949,2032.239858,3953.273569,4412.816333,4497.715407,4031.461426,4414.389031,4497.715407,4195.79255,4196.121332,4497.715407,4266.350036,4456.705314,4497.715407,879.9469597,874.8422128,0.001001968,0.001005531,0.001008742,0.001011081,2350.68974,2350.68974,2350.68974,5193.967777,5193.967777,5193.967777,5193.967777,5193.967777
4/9/1991,1712.776616,1875.21334,1863.050005,1855.694013,1855.761669,1863.050005,3722.171114,4358.562996,4200.235026,3758.732515,4412.816333,4200.235026,3909.869036,4414.389031,4200.235026,4148.735923,4196.121332,4200.235026,723.5650955,719.4880651,0.001001968,0.001005531,0.001008742,0.001011081,2237.425114,2237.425114,2237.425114,4981.014319,4981.014319,4981.014319,4981.014319,4981.014319
4/10/1991,1764.461176,2201.267313,1919.194088,1875.581134,1875.21334,1919.194088,3547.61988,4361.146062,3995.831385,3553.326666,4358.562996,3995.831385,3675.765889,4412.816333,3995.831385,3756.457684,4414.389031,3995.831385,745.0407747,740.8241892,0.001001968,0.001005531,0.001008742,0.001011081,2132.46858,2132.46858,2132.46858,4769.147359,4769.147359,4769.147359,4769.147359,4769.147359
4/11/1991,1919.467697,1908.78289,2137.583002,2201.753702,2201.267313,2137.583002,4001.511196,4599.868724,4601.181408,4132.140597,4361.146062,4601.181408,4265.850521,4358.562996,4601.181408,4056.99265,4412.816333,4601.181408,1029.314877,1023.206228,0.001001968,0.001005531,0.001008742,0.001011081,2090.541249,2090.541249,2090.541249,4618.973783,4618.973783,4618.973783,4618.973783,4618.973783
4/12/1991,1653.532136,1687.750534,1827.343702,1909.029865,1908.78289,1827.343702,3763.056111,4630.688496,4307.279938,3892.115659,4599.868724,4307.279938,4120.028809,4361.146062,4307.279938,4347.322984,4358.562996,4307.279938,835.8387403,831.0264642,0.001001968,0.001005531,0.001008742,0.001011081,2042.117636,2042.117636,2042.117636,4506.821248,4506.821248,4506.821248,4506.821248,4506.821248
4/13/1991,1497.155818,1727.055597,1644.18008,1686.440562,1687.750534,1644.18008,3354.930528,4841.611206,3813.964904,3439.01355,4630.688496,3813.964904,3651.700136,4599.868724,3813.964904,3910.26133,4361.146062,3813.964904,716.5920049,712.5601716,0.001001968,0.001005531,0.001008742,0.001011081,1983.251769,1983.251769,1983.251769,4405.798175,4405.798175,4405.798175,4405.798175,4405.798175
4/14/1991,1551.43307,1813.212254,1713.482745,1723.622891,1727.055597,1713.482745,3614.668737,4915.970716,4126.276543,3670.613373,4841.611206,4126.276543,3825.654865,4630.688496,4126.276543,3848.751602,4599.868724,4126.276543,784.2877696,779.8147934,0.001001968,0.001005531,0.001008742,0.001011081,1937.274845,1937.274845,1937.274845,4331.545911,4331.545911,4331.545911,4331.545911,4331.545911
4/15/1991,1673.328914,2025.693701,1849.525087,1809.528475,1813.212254,1849.525087,4148.902954,4618.746367,4752.200161,4153.188664,4915.970716,4752.200161,4258.983836,4841.611206,4752.200161,4245.082698,4630.688496,4752.200161,845.1076966,840.2341215,0.001001968,0.001005531,0.001008742,0.001011081,1896.584887,1896.584887,1896.584887,4330.714474,4330.714474,4330.714474,4330.714474,4330.714474
4/16/1991,1845.964175,2031.951635,2058.901711,2030.060675,2025.693701,2058.901711,4385.328541,4116.479693,5046.056209,4417.141255,4618.746367,5046.056209,4527.398564,4915.970716,5046.056209,4329.527058,4841.611206,5046.056209,1005.538936,999.5913962,0.001001968,0.001005531,0.001008742,0.001011081,1907.659824,1907.659824,1907.659824,4382.788663,4382.788663,4382.788663,4382.788663,4382.788663
4/17/1991,1755.823274,1704.012084,1963.908968,2036.229844,2031.951635,1963.908968,4436.912095,4982.31578,5112.23454,4565.412217,4116.479693,5112.23454,4693.496907,4618.746367,5112.23454,4696.514486,4915.970716,5112.23454,986.0227445,980.207091,0.001001968,0.001005531,0.001008742,0.001011081,1925.744728,1925.744728,1925.744728,4512.439524,4512.439524,4512.439524,4512.439524,4512.439524
4/18/1991,1489.901904,1506.689276,1651.341426,1704.483349,1704.012084,1651.341426,4009.939318,3989.356135,4588.896449,4102.321056,4982.31578,4588.896449,4341.194108,4116.479693,4588.896449,4605.61716,4618.746367,4588.896449,783.4859655,779.0182443,0.001001968,0.001005531,0.001008742,0.001011081,1878.562633,1878.562633,1878.562633,4613.095151,4613.095151,4613.095151,4613.095151,4613.095151
4/19/1991,1344.541195,1348.962519,1481.416655,1507.12285,1506.689276,1481.416655,3500.229194,5709.497932,3985.60567,3560.040496,3989.356135,3985.60567,3744.400216,4982.31578,3985.60567,4092.306433,4116.479693,3985.60567,674.6323904,670.8712835,0.001001968,0.001005531,0.001008742,0.001011081,1819.820801,1819.820801,1819.820801,4620.768501,4620.768501,4620.768501,4620.768501,4620.768501
4/20/1991,1226.559189,1567.677597,1344.168058,1347.746103,1348.962519,1344.168058,3098.083153,8010.838261,3510.015321,3131.676618,5709.497932,3510.015321,3288.064606,3989.356135,3510.015321,3539.473362,4982.31578,3510.015321,589.336865,586.119075,0.001001968,0.001005531,0.001008742,0.001011081,1767.297735,1767.297735,1767.297735,4553.728581,4553.728581,4553.728581,4553.728581,4553.728581
4/21/1991,1364.154878,2435.869276,1518.663634,1528.834947,1567.677597,1518.663634,4448.655791,9091.972856,5111.686471,4487.165964,8010.838261,5111.686471,4578.469402,5709.497932,5111.686471,4323.908695,3989.356135,5111.686471,758.3403801,754.0371044,0.001001968,0.001005531,0.001008742,0.001011081,1733.50851,1733.50851,1733.50851,4661.617287,4661.617287,4661.617287,4661.617287,4661.617287
4/22/1991,2559.808259,3183.841711,2765.797902,2441.132809,2435.869276,2765.797902,5698.781987,8703.393531,6353.38321,5474.97671,9091.972856,6353.38321,4870.406599,8010.838261,6353.38321,4083.370477,5709.497932,6353.38321,852.0424513,847.1229574,0.001001968,0.001005531,0.001008742,0.001011081,1717.266167,1717.266167,1717.266167,4673.634915,4673.634915,4673.634915,4673.634915,4673.634915
4/23/1991,4322.045262,6515.691996,4603.914989,3211.424705,3183.841711,4603.914989,8198.794613,7796.107429,9127.088883,6896.394406,8703.393531,9127.088883,6682.024077,9091.972856,9127.088883,5964.563004,8010.838261,9127.088883,1212.656238,1205.290278,0.001001968,0.001005531,0.001008742,0.001011081,1835.134307,1835.134307,1835.134307,4990.325767,4990.325767,4990.325767,4990.325767,4990.325767
4/24/1991,5407.012139,4136.925917,6313.4522,6516.116525,6515.691996,6313.4522,10077.78175,6732.19469,12112.33718,10567.70555,7796.107429,12112.33718,10634.72469,8703.393531,12112.33718,7906.999531,9091.972856,12112.33718,3799.564702,3772.790437,0.001001968,0.001005531,0.001008742,0.001011081,2373.097753,2373.097753,2373.097753,5554.561696,5554.561696,5554.561696,5554.561696,5554.561696
4/25/1991,3170.12005,2627.145256,3532.03459,4139.290142,4136.925917,3532.03459,8607.479381,5522.680845,9976.041883,9293.361017,6732.19469,9976.041883,9745.485746,7796.107429,9976.041883,11172.46469,8703.393531,9976.041883,1623.885841,1613.61822,0.001001968,0.001005531,0.001008742,0.001011081,2730.716639,2730.716639,2730.716639,6288.444488,6288.444488,6288.444488,6288.444488,6288.444488
4/26/1991,2229.728909,2218.923507,2378.195625,2629.622845,2627.145256,2378.195625,4690.082822,4684.292507,5193.475507,4992.744229,5522.680845,5193.475507,5686.323344,6732.19469,5193.475507,7094.697241,7796.107429,5193.475507,699.3278012,695.4076185,0.001001968,0.001005531,0.001008742,0.001011081,2961.20812,2961.20812,2961.20812,6961.092658,6961.092658,6961.092658,6961.092658,6961.092658
4/27/1991,1917.167518,1959.468048,2071.560165,2219.209392,2218.923507,2071.560165,4549.207228,4280.35955,5111.462937,4736.663467,4684.292507,5111.462937,5303.919117,5522.680845,5111.462937,5985.493484,6732.19469,5111.462937,748.9765616,744.7343425,0.001001968,0.001005531,0.001008742,0.001011081,3140.28476,3140.28476,3140.28476,7385.042377,7385.042377,7385.042377,7385.042377,7385.042377
4/28/1991,1700.980092,1755.148037,1841.764305,1959.710827,1959.468048,1841.764305,4584.080933,4025.970402,5186.660749,4727.434511,4280.35955,5186.660749,5017.718574,4684.292507,5186.660749,5670.49715,5522.680845,5186.660749,692.8203056,688.9421142,0.001001968,0.001005531,0.001008742,0.001011081,3232.120008,3232.120008,3232.120008,7466.284737,7466.284737,7466.284737,7466.284737,7466.284737
4/29/1991,1557.735337,1748.131519,1683.540127,1753.001074,1755.148037,1683.540127,3902.371364,4166.006771,4391.422084,4000.340631,4025.970402,4391.422084,4225.263881,4280.35955,4391.422084,4603.892681,4684.292507,4391.422084,626.663834,623.2094895,0.001001968,0.001005531,0.001008742,0.001011081,3263.15486,3263.15486,3263.15486,7480.556966,7480.556966,7480.556966,7480.556966,7480.556966
4/30/1991,1577.964668,1693.52703,1718.305773,1743.500419,1748.131519,1718.305773,3690.943919,4178.386096,4161.642813,3754.475999,4166.006771,4161.642813,3938.882287,4025.970402,4161.642813,4069.254152,4280.35955,4161.642813,694.485086,690.5961571,0.001001968,0.001005531,0.001008742,0.001011081,3123.70213,3123.70213,3123.70213,7100.928233,7100.928233,7100.928233,7100.928233,7100.928233
5/1/1991,1518.166531,1707.004951,1652.872975,1687.145613,1693.52703,1652.872975,3544.381314,4000.85573,3995.22096,3615.61236,4178.386096,3995.22096,3751.425609,4166.006771,3995.22096,3921.29569,4025.970402,3995.22096,669.0146063,665.28958,0.001001968,0.001005531,0.001008742,0.001011081,2545.502726,2545.502726,2545.502726,6397.565996,6397.565996,6397.565996,6397.565996,6397.565996
5/2/1991,1574.106838,1839.774676,1719.021002,1712.116162,1707.004951,1719.021002,3476.194529,4708.97196,3916.796929,3514.129679,4000.85573,3916.796929,3654.400966,4178.386096,3916.796929,3651.176518,4166.006771,3916.796929,713.2336471,709.2235609,0.001001968,0.001005531,0.001008742,0.001011081,2175.166229,2175.166229,2175.166229,5504.930239,5504.930239,5504.930239,5504.930239,5504.930239
5/3/1991,1689.523136,1767.642376,1859.66759,1846.905107,1839.774676,1859.66759,3762.3049,5618.984407,4277.208876,3798.417456,4708.97196,4277.208876,3908.53609,4000.85573,4277.208876,3913.133775,4178.386096,4277.208876,829.8707067,825.0978532,0.001001968,0.001005531,0.001008742,0.001011081,1977.429174,1977.429174,1977.429174,4779.503916,4779.503916,4779.503916,4779.503916,4779.503916
5/4/1991,1538.559169,1492.628603,1700.304972,1769.215108,1767.642376,1700.304972,3555.475987,6134.019828,4054.102053,3668.990362,5618.984407,4054.102053,3833.651133,4708.97196,4054.102053,3927.83926,4000.85573,4054.102053,798.2541696,793.6895464,0.001001968,0.001005531,0.001008742,0.001011081,1853.361214,1853.361214,1853.361214,4396.261555,4396.261555,4396.261555,4396.261555,4396.261555
5/5/1991,1281.668652,1561.397016,1401.116259,1478.811857,1492.628603,1401.116259,3100.439267,5402.80705,3506.57736,3208.784094,6134.019828,3506.57736,3393.912947,5618.984407,3506.57736,3697.841069,4708.97196,3506.57736,607.0614636,603.73159,0.001001968,0.001005531,0.001008742,0.001011081,1769.444147,1769.444147,1769.444147,4165.180327,4165.180327,4165.180327,4165.180327,4165.180327
5/6/1991,1375.6131,1970.956988,1509.994491,1499.925122,1561.397016,1509.994491,4018.750241,4782.63993,4573.228878,4036.265956,5402.80705,4573.228878,4182.814935,6134.019828,4573.228878,4071.292543,5618.984407,4573.228878,669.7243305,665.9947481,0.001001968,0.001005531,0.001008742,0.001011081,1721.451042,1721.451042,1721.451042,4160.487039,4160.487039,4160.487039,4160.487039,4160.487039
5/7/1991,2081.6591,2756.155172,2268.253448,1998.440963,1970.956988,2268.253448,6029.835431,3954.935728,6867.666681,5801.900278,4782.63993,6867.666681,5675.872773,5402.80705,6867.666681,5237.767986,6134.019828,6867.666681,858.1886622,853.2284308,0.001001968,0.001005531,0.001008742,0.001011081,1712.142706,1712.142706,1712.142706,4395.553915,4395.553915,4395.553915,4395.553915,4395.553915
5/8/1991,2650.231642,2567.118158,2953.972772,2798.28874,2756.155172,2953.972772,6528.838745,3890.566541,7555.62496,6444.613243,3954.935728,7555.62496,6362.741043,4782.63993,7555.62496,5989.438407,5402.80705,7555.62496,1383.439696,1374.881153,0.001001968,0.001005531,0.001008742,0.001011081,1822.863333,1822.863333,1822.863333,4742.819576,4742.819576,4742.819576,4742.819576,4742.819576
5/9/1991,2073.873667,1355.544011,2348.239264,2568.461376,2567.118158,2348.239264,4802.498555,3786.029899,5584.415867,5099.021777,3890.566541,5584.415867,5413.145459,3954.935728,5584.415867,5420.551384,4782.63993,5584.415867,1289.258731,1281.360229,0.001001968,0.001005531,0.001008742,0.001011081,1953.717972,1953.717972,1953.717972,4989.704617,4989.704617,4989.704617,4989.704617,4989.704617
5/10/1991,1000.352969,703.6118946,1067.497097,1354.859947,1355.544011,1067.497097,2856.746759,3378.367188,3182.067869,3155.625644,3786.029899,3182.067869,3465.909405,3890.566541,3182.067869,4594.078562,3954.935728,3182.067869,354.0110207,352.2315756,0.001001968,0.001005531,0.001008742,0.001011081,1925.776846,1925.776846,1925.776846,5088.733243,5088.733243,5088.733243,5088.733243,5088.733243
5/11/1991,760.8478198,1560.724372,766.042474,704.4137694,703.6118946,766.042474,1867.428017,3466.911269,1967.594716,1806.032623,3378.367188,1967.594716,2098.381873,3786.029899,1967.594716,2768.627005,3890.566541,1967.594716,3.793185654,3.788834766,0.001001968,0.001005531,0.001008742,0.001011081,1811.266598,1811.266598,1811.266598,5004.075396,5004.075396,5004.075396,5004.075396,5004.075396
5/12/1991,1500.242767,1647.31668,1662.500284,1561.610264,1560.724372,1662.500284,3380.957936,3536.567042,3866.604519,3325.831636,3466.911269,3866.604519,3400.628783,3378.367188,3866.604519,2961.953925,3786.029899,3866.604519,804.1737318,799.5702016,0.001001968,0.001005531,0.001008742,0.001011081,1801.488569,1801.488569,1801.488569,4910.762257,4910.762257,4910.762257,4910.762257,4910.762257
5/13/1991,1402.4192,1242.460994,1564.576916,1647.573004,1647.31668,1564.576916,3725.098921,3162.324166,4290.384975,3843.380914,3536.567042,4290.384975,3875.902728,3466.911269,4290.384975,3902.448866,3378.367188,4290.384975,806.6325969,802.0128946,0.001001968,0.001005531,0.001008742,0.001011081,1802.205421,1802.205421,1802.205421,4737.625303,4737.625303,4737.625303,4737.625303,4737.625303
5/14/1991,1075.863554,1154.182135,1169.96057,1239.972124,1242.460994,1169.96057,2641.008989,2753.088478,2973.846625,2734.365799,3162.324166,2973.846625,2893.672631,3536.567042,2973.846625,3192.70073,3466.911269,2973.846625,492.3888221,489.7756631,0.001001968,0.001005531,0.001008742,0.001011081,1741.206342,1741.206342,1741.206342,4385.886485,4385.886485,4385.886485,4385.886485,4385.886485
5/15/1991,1022.436135,1133.736042,1111.534921,1155.329187,1154.182135,1111.534921,2667.939111,2938.189005,3005.141485,2732.396405,2753.088478,3005.141485,2856.982828,3162.324166,3005.141485,2980.91673,3536.567042,3005.141485,467.5041145,465.0436449,0.001001968,0.001005531,0.001008742,0.001011081,1558.228312,1558.228312,1558.228312,3954.578205,3954.578205,3954.578205,3954.578205,3954.578205
5/16/1991,1043.710966,1116.105668,1135.779779,1135.675326,1133.736042,1135.779779,2925.143562,2964.956828,3315.024437,2940.187387,2938.189005,3315.024437,3029.972308,2753.088478,3315.024437,3165.226057,3162.324166,3315.024437,481.8425051,479.2941911,0.001001968,0.001005531,0.001008742,0.001011081,1345.942273,1345.942273,1345.942273,3629.320381,3629.320381,3629.320381,3629.320381,3629.320381
5/17/1991,1001.448713,921.389567,1095.670906,1112.155156,1116.105668,1095.670906,2625.965854,2898.183554,2975.773233,2662.674535,2964.956828,2975.773233,2763.280516,2938.189005,2975.773233,2835.065184,2753.088478,2975.773233,495.464621,492.8325138,0.001001968,0.001005531,0.001008742,0.001011081,1277.219573,1277.219573,1277.219573,3377.581728,3377.581728,3377.581728,3377.581728,3377.581728
5/18/1991,823.0428231,995.2657763,879.3197363,922.5143175,921.389567,879.3197363,2256.265121,2713.318225,2507.271085,2311.597724,2898.183554,2507.271085,2351.090852,2964.956828,2507.271085,2535.362895,2938.189005,2507.271085,306.7320693,305.2276447,0.001001968,0.001005531,0.001008742,0.001011081,1266.17716,1266.17716,1266.17716,3264.732586,3264.732586,3264.732586,3264.732586,3264.732586
5/19/1991,1004.90586,1297.756159,1080.043769,998.724656,995.2657763,1080.043769,2568.559764,2630.183688,2877.960567,2501.728155,2713.318225,2877.960567,2565.496545,2898.183554,2877.960567,2561.942247,2964.956828,2877.960567,400.0719137,398.0193373,0.001001968,0.001005531,0.001008742,0.001011081,1195.9873,1195.9873,1195.9873,3215.680447,3215.680447,3215.680447,3215.680447,3215.680447
5/20/1991,1148.979333,1060.254046,1280.271395,1298.25138,1297.756159,1280.271395,2820.944757,2520.426918,3237.068294,2871.737791,2630.183688,3237.068294,2941.10858,2713.318225,3237.068294,2752.776947,2898.183554,3237.068294,671.0651644,667.3269729,0.001001968,0.001005531,0.001008742,0.001011081,1153.778382,1153.778382,1153.778382,3129.890073,3129.890073,3129.890073,3129.890073,3129.890073
5/21/1991,907.942091,895.4816656,995.9104893,1060.599147,1060.254046,995.9104893,2490.869964,2385.093328,2830.573607,2572.368798,2520.426918,2830.573607,2665.539218,2630.183688,2830.573607,2892.034781,2713.318225,2830.573607,468.6432442,466.1758093,0.001001968,0.001005531,0.001008742,0.001011081,1119.895665,1119.895665,1119.895665,3045.823987,3045.823987,3045.823987,3045.823987,3045.823987
5/22/1991,805.0205678,886.8191411,873.6739622,895.8380657,895.4816656,873.6739622,2042.432822,2321.559025,2290.586007,2080.663217,2385.093328,2290.586007,2199.137645,2520.426918,2290.586007,2357.711152,2630.183688,2290.586007,375.0584164,373.1547611,0.001001968,0.001005531,0.001008742,0.001011081,1084.028643,1084.028643,1084.028643,2938.20839,2938.20839,2938.20839,2938.20839,2938.20839
5/23/1991,800.9581963,863.1503564,873.2602359,887.1813272,886.8191411,873.2602359,2114.137998,2299.76462,2385.499453,2143.538848,2321.559025,2385.499453,2219.854852,2385.093328,2385.499453,2310.973376,2520.426918,2385.499453,393.6906333,391.6761788,0.001001968,0.001005531,0.001008742,0.001011081,1047.698244,1047.698244,1047.698244,2815.315549,2815.315549,2815.315549,2815.315549,2815.315549
5/24/1991,779.777121,827.4926312,850.9978271,863.5152557,863.1503564,850.9978271,2102.761064,2464.46998,2375.815565,2129.595743,2299.76462,2375.815565,2195.720528,2321.559025,2375.815565,2267.811829,2385.093328,2375.815565,388.9480021,386.961823,0.001001968,0.001005531,0.001008742,0.001011081,1009.802081,1009.802081,1009.802081,2726.384346,2726.384346,2726.384346,2726.384346,2726.384346
5/25/1991,744.4453246,806.9131769,811.8615942,827.8555828,827.4926312,811.8615942,2005.184847,2550.589055,2261.857294,2034.93792,2464.46998,2261.857294,2097.114101,2299.76462,2261.857294,2163.578993,2321.559025,2261.857294,370.6944869,368.8166698,0.001001968,0.001005531,0.001008742,0.001011081,997.9909544,997.9909544,997.9909544,2670.738324,2670.738324,2670.738324,2670.738324,2670.738324
5/26/1991,736.4741388,821.8239922,803.1822772,807.2710898,806.9131769,803.1822772,1985.911997,2319.742244,2239.013096,2003.723312,2550.589055,2239.013096,2065.595104,2464.46998,2239.013096,2106.161658,2299.76462,2239.013096,367.4917904,365.6329081,0.001001968,0.001005531,0.001008742,0.001011081,970.7353814,970.7353814,970.7353814,2581.113875,2581.113875,2581.113875,2581.113875,2581.113875
5/27/1991,730.6045421,820.7564078,798.9476107,810.8376661,821.8239922,798.9476107,1989.440868,2287.01838,2248.326793,2015.218459,2319.742244,2248.326793,2065.670232,2550.589055,2248.326793,2105.871904,2464.46998,2248.326793,375.8563006,373.9479165,0.001001968,0.001005531,0.001008742,0.001011081,906.2920731,906.2920731,906.2920731,2492.173495,2492.173495,2492.173495,2492.173495,2492.173495
5/28/1991,752.0643607,835.2998553,821.3556132,823.2734403,820.7564078,821.3556132,2175.475061,2493.835212,2465.648357,2189.480719,2287.01838,2465.648357,2230.971046,2319.742244,2465.648357,2247.694319,2550.589055,2465.648357,375.854936,373.9465599,0.001001968,0.001005531,0.001008742,0.001011081,867.3589249,867.3589249,867.3589249,2432.402651,2432.402651,2432.402651,2432.402651,2432.402651
5/29/1991,775.7099068,834.5465387,848.0563214,843.7626404,835.2998553,848.0563214,2256.203193,2677.032012,2564.228044,2262.532686,2493.835212,2564.228044,2299.811239,2287.01838,2564.228044,2337.843142,2319.742244,2564.228044,392.3657738,390.359223,0.001001968,0.001005531,0.001008742,0.001011081,848.937005,848.937005,848.937005,2412.459433,2412.459433,2412.459433,2412.459433,2412.459433
5/30/1991,711.2573651,1053.011799,779.8350357,789.7561755,834.5465387,779.8350357,1978.798926,2608.89747,2243.767813,2001.542423,2677.032012,2243.767813,2078.195557,2493.835212,2243.767813,2129.584184,2287.01838,2243.767813,378.2700657,376.3473671,0.001001968,0.001005531,0.001008742,0.001011081,835.6296596,835.6296596,835.6296596,2382.928958,2382.928958,2382.928958,2382.928958,2382.928958
5/31/1991,1032.261672,1384.063718,1127.847672,1040.899255,1053.011799,1127.847672,2304.066101,2607.36218,2602.109944,2245.269308,2608.89747,2602.109944,2210.471247,2677.032012,2602.109944,2081.699005,2493.835212,2602.109944,481.5779138,479.0312242,0.001001968,0.001005531,0.001008742,0.001011081,843.8276256,843.8276256,843.8276256,2371.699372,2371.699372,2371.699372,2371.699372,2371.699372
6/1/1991,1298.817602,1171.00935,1434.855282,1421.830769,1384.063718,1434.855282,2760.769798,2525.120375,3153.296963,2789.444924,2607.36218,3153.296963,2704.80381,2608.89747,3153.296963,2430.19136,2677.032012,3153.296963,662.2109879,658.5296043,0.001001968,0.001005531,0.001008742,0.001011081,899.6740706,899.6740706,899.6740706,2419.027927,2419.027927,2419.027927,2419.027927,2419.027927
6/2/1991,1026.844225,802.2282004,1127.491046,1187.002015,1171.00935,1127.491046,2481.861815,2356.245929,2827.902493,2564.906086,2525.120375,2827.902493,2683.209936,2607.36218,2827.902493,2761.228261,2608.89747,2827.902493,515.2159238,512.4617565,0.001001968,0.001005531,0.001008742,0.001011081,958.455078,958.455078,958.455078,2509.048935,2509.048935,2509.048935,2509.048935,2509.048935
6/3/1991,690.0846816,821.2662248,747.6096774,793.1491332,802.2282004,747.6096774,1834.481139,2210.523933,2061.712153,1890.990317,2356.245929,2061.712153,2106.401581,2525.120375,2061.712153,2402.762842,2607.36218,2061.712153,317.8294347,316.260982,0.001001968,0.001005531,0.001008742,0.001011081,980.8287284,980.8287284,980.8287284,2565.029785,2565.029785,2565.029785,2565.029785,2565.029785
6/4/1991,766.5082024,927.5053946,837.2333776,821.7351696,821.2662248,837.2333776,1949.568161,2129.665508,2203.768825,1950.12049,2210.523933,2203.768825,2041.63549,2356.245929,2203.768825,2165.355846,2525.120375,2203.768825,381.0011735,379.0622626,0.001001968,0.001005531,0.001008742,0.001011081,987.1697436,987.1697436,987.1697436,2553.465276,2553.465276,2553.465276,2553.465276,2553.465276
6/5/1991,850.8523271,847.2433208,936.2763988,931.3490717,927.5053946,936.2763988,2187.822903,1977.234581,2493.025849,2201.762693,2129.665508,2493.025849,2222.266571,2210.523933,2493.025849,2223.827036,2356.245929,2493.025849,452.7888328,450.4181269,0.001001968,0.001005531,0.001008742,0.001011081,995.295936,995.295936,995.295936,2520.237065,2520.237065,2520.237065,2520.237065,2520.237065
6/6/1991,751.611092,729.3590843,825.9184924,850.1375932,847.2433208,825.9184924,2019.658019,1846.754111,2297.213396,2058.60386,1977.234581,2297.213396,2133.916354,2129.665508,2297.213396,2193.651498,2210.523933,2297.213396,402.0490389,399.9846335,0.001001968,0.001005531,0.001008742,0.001011081,1003.187167,1003.187167,1003.187167,2525.36839,2525.36839,2525.36839,2525.36839,2525.36839
6/7/1991,646.3357863,651.2850082,707.1754853,731.6482617,729.3590843,707.1754853,1758.353977,1810.269819,1989.612677,1794.356704,1846.754111,1989.612677,1885.504075,1977.234581,1989.612677,2016.266222,2129.665508,1989.612677,338.4264911,336.7383333,0.001001968,0.001005531,0.001008742,0.001011081,980.7710455,980.7710455,980.7710455,2507.07297,2507.07297,2507.07297,2507.07297,2507.07297
6/8/1991,583.6505137,616.5406964,636.3907023,651.5599405,651.2850082,636.3907023,1651.63385,1931.998622,1865.325071,1675.526392,1810.269819,1865.325071,1746.412298,1846.754111,1865.325071,1867.202953,1977.234581,1865.325071,299.1524308,297.6915423,0.001001968,0.001005531,0.001008742,0.001011081,902.7464547,902.7464547,902.7464547,2417.222997,2417.222997,2417.222997,2417.222997,2417.222997
6/9/1991,557.2479013,595.6579268,607.0167925,616.7451174,616.5406964,607.0167925,1591.235806,2184.812324,1794.735869,1609.10952,1931.998622,1794.735869,1659.535962,1810.269819,1794.735869,1730.750783,1846.754111,1794.735869,284.572113,283.1945071,0.001001968,0.001005531,0.001008742,0.001011081,817.1660353,817.1660353,817.1660353,2269.262241,2269.262241,2269.262241,2269.262241,2269.262241
6/10/1991,540.3645021,584.5034126,588.670803,595.8870806,595.6579268,588.670803,1543.602111,2254.984825,1740.828215,1558.727393,2184.812324,1740.828215,1602.036982,1931.998622,1740.828215,1653.54949,1810.269819,1740.828215,277.5770018,276.2391279,0.001001968,0.001005531,0.001008742,0.001011081,765.3980688,765.3980688,765.3980688,2144.867015,2144.867015,2144.867015,2144.867015,2144.867015
6/11/1991,525.20565,628.6152844,572.2693368,578.8384193,584.5034126,572.2693368,1540.338386,2159.386084,1738.6274,1553.980809,2254.984825,1738.6274,1593.040504,2184.812324,1738.6274,1633.059484,1931.998622,1738.6274,271.6562219,270.3518605,0.001001968,0.001005531,0.001008742,0.001011081,725.8790346,725.8790346,725.8790346,2059.773795,2059.773795,2059.773795,2059.773795,2059.773795
6/12/1991,585.5176813,890.3259642,635.0906653,619.023407,628.6152844,635.0906653,1800.869975,2099.920035,2029.373167,1792.07408,2159.386084,2029.373167,1793.749881,2254.984825,2029.373167,1740.830494,2184.812324,2029.373167,279.5969497,278.2476178,0.001001968,0.001005531,0.001008742,0.001011081,682.8936515,682.8936515,682.8936515,2010.737841,2010.737841,2010.737841,2010.737841,2010.737841
6/13/1991,878.3787692,1080.030011,958.7464672,897.3107202,890.3259642,958.7464672,2293.204455,1924.296387,2604.802472,2248.034042,2099.920035,2604.802472,2169.824692,2159.386084,2604.802472,2047.323722,2254.984825,2604.802472,419.2944937,417.1265627,0.001001968,0.001005531,0.001008742,0.001011081,667.8701939,667.8701939,667.8701939,1999.808648,1999.808648,1999.808648,1999.808648,1999.808648
6/14/1991,1021.611391,797.1106231,1127.987374,1087.943216,1080.030011,1127.987374,2387.547959,2186.621552,2732.781743,2372.99515,1924.296387,2732.781743,2382.864636,2099.920035,2732.781743,2194.225427,2159.386084,2732.781743,549.9012474,546.9311827,0.001001968,0.001005531,0.001008742,0.001011081,701.8964031,701.8964031,701.8964031,2026.216132,2026.216132,2026.216132,2026.216132,2026.216132
6/15/1991,680.8655162,561.7901684,747.4874221,797.7074332,797.1106231,747.4874221,1841.721145,2790.546499,2092.407983,1904.097565,2186.621552,2092.407983,2050.158891,1924.296387,2092.407983,2205.154363,2099.920035,2092.407983,370.3322229,368.4565487,0.001001968,0.001005531,0.001008742,0.001011081,731.6241827,731.6241827,731.6241827,2066.9056,2066.9056,2066.9056,2066.9056,2066.9056
6/16/1991,475.1786624,475.9649941,509.8275909,562.0381839,561.7901684,509.8275909,1406.874811,3485.796806,1569.243918,1462.463563,2790.546499,1569.243918,1552.416141,2186.621552,1569.243918,1842.972325,1924.296387,1569.243918,207.8651385,206.9143052,0.001001968,0.001005531,0.001008742,0.001011081,731.259825,731.259825,731.259825,2089.756534,2089.756534,2089.756534,2089.756534,2089.756534
6/17/1991,457.5306548,605.1443218,486.662656,476.2264677,475.9649941,486.662656,1353.694806,2535.921836,1505.236212,1345.123626,3485.796806,1505.236212,1414.661532,2790.546499,1505.236212,1530.191671,2186.621552,1505.236212,178.4002546,177.6073343,0.001001968,0.001005531,0.001008742,0.001011081,720.220327,720.220327,720.220327,2083.526685,2083.526685,2083.526685,2083.526685,2083.526685
6/18/1991,553.4004734,719.1286785,604.8620228,602.3762284,605.1443218,604.8620228,1882.204366,2031.099595,2150.14262,1881.752274,2535.921836,2150.14262,1898.487474,3485.796806,2150.14262,1875.224366,2790.546499,2150.14262,296.5032798,295.0575691,0.001001968,0.001005531,0.001008742,0.001011081,720.9004896,720.9004896,720.9004896,2123.330892,2123.330892,2123.330892,2123.330892,2123.330892
6/19/1991,633.505671,652.2413069,701.451331,720.4197293,719.1286785,701.451331,2707.657135,2319.476483,3111.458875,2726.018573,2031.099595,3111.458875,2722.413382,2535.921836,3111.458875,2527.208148,3485.796806,3111.458875,376.3013099,374.3902877,0.001001968,0.001005531,0.001008742,0.001011081,734.0351681,734.0351681,734.0351681,2247.415006,2247.415006,2247.415006,2247.415006,2247.415006
6/20/1991,591.2932637,493.6528597,644.1288157,654.2869159,652.2413069,644.1288157,3131.217649,2866.174511,3607.867914,3121.392222,2319.476483,3607.867914,3106.455929,2031.099595,3607.867914,3294.948152,2535.921836,3607.867914,298.7406863,297.2821581,0.001001968,0.001005531,0.001008742,0.001011081,715.5011854,715.5011854,715.5011854,2439.23234,2439.23234,2439.23234,2439.23234,2439.23234
6/21/1991,450.7722671,486.2083277,486.2684205,493.9902621,493.6528597,486.2684205,1952.55381,2135.018061,2216.642921,1953.34454,2866.174511,2216.642921,2032.685555,2319.476483,2216.642921,2171.725104,2031.099595,2216.642921,213.4871178,212.5057332,0.001001968,0.001005531,0.001008742,0.001011081,650.6512099,650.6512099,650.6512099,2460.646919,2460.646919,2460.646919,2460.646919,2460.646919
6/22/1991,441.5632432,615.5448294,478.699048,485.884458,486.2083277,478.699048,1690.565243,1879.168221,1901.173152,1699.127619,2135.018061,1901.173152,1733.769132,2866.174511,1901.173152,1750.103394,2319.476483,1901.173152,223.0157816,221.9823293,0.001001968,0.001005531,0.001008742,0.001011081,594.3081904,594.3081904,594.3081904,2415.819411,2415.819411,2415.819411,2415.819411,2415.819411
6/23/1991,556.5071702,666.1405856,609.6746499,616.1560805,615.5448294,609.6746499,2299.99016,1743.033136,2603.827969,2310.85113,1879.168221,2603.827969,2289.646483,2135.018061,2603.827969,2094.822686,2866.174511,2603.827969,302.0963987,300.6186197,0.001001968,0.001005531,0.001008742,0.001011081,584.5202854,584.5202854,584.5202854,2468.80847,2468.80847,2468.80847,2468.80847,2468.80847
6/24/1991,607.7460376,429.2988165,660.4865874,666.5679982,666.1405856,660.4865874,2658.38129,1534.444745,3034.405379,2656.561437,1743.033136,3034.405379,2609.201072,1879.168221,3034.405379,2768.833202,2135.018061,3034.405379,294.9148429,293.4782232,0.001001968,0.001005531,0.001008742,0.001011081,595.3948377,595.3948377,595.3948377,2638.988349,2638.988349,2638.988349,2638.988349,2638.988349
6/25/1991,395.2747808,433.8570509,423.7879679,429.5399341,429.2988165,423.7879679,1581.83663,1469.583946,1773.739099,1584.929126,1534.444745,1773.739099,1709.724686,1743.033136,1773.739099,1852.093456,1879.168221,1773.739099,176.055297,175.2747743,0.001001968,0.001005531,0.001008742,0.001011081,588.5997638,588.5997638,588.5997638,2644.678291,2644.678291,2644.678291,2644.678291,2644.678291
6/26/1991,395.0610633,419.3280034,428.6387832,434.0926639,433.8570509,428.6387832,1432.085942,1441.393759,1609.447448,1438.739683,1469.583946,1609.447448,1478.263528,1534.444745,1609.447448,1615.028255,1743.033136,1609.447448,204.9569624,204.0218822,0.001001968,0.001005531,0.001008742,0.001011081,556.1835089,556.1835089,556.1835089,2486.882199,2486.882199,2486.882199,2486.882199,2486.882199
6/27/1991,381.9794096,406.1848415,414.377136,419.5591326,419.3280034,414.377136,1393.224488,1474.475953,1568.147475,1399.197966,1441.393759,1568.147475,1421.780792,1469.583946,1568.147475,1483.653815,1534.444745,1568.147475,198.8835837,197.9812881,0.001001968,0.001005531,0.001008742,0.001011081,525.6809343,525.6809343,525.6809343,2195.299863,2195.299863,2195.299863,2195.299863,2195.299863
6/28/1991,370.2405906,394.3118283,401.4786645,406.4115144,406.1848415,401.4786645,1296.156223,1502.897435,1455.392323,1302.742379,1474.475953,1455.392323,1324.547581,1441.393759,1455.392323,1364.968859,1469.583946,1455.392323,192.8173459,191.9476385,0.001001968,0.001005531,0.001008742,0.001011081,503.7601264,503.7601264,503.7601264,2045.927212,2045.927212,2045.927212,2045.927212,2045.927212
6/29/1991,359.5712125,382.1773146,389.8296401,394.5340849,394.3118283,389.8296401,1258.245647,1660.265272,1413.735921,1264.447165,1502.897435,1413.735921,1285.34576,1474.475953,1413.735921,1322.270304,1441.393759,1413.735921,187.6940281,186.851717,0.001001968,0.001005531,0.001008742,0.001011081,489.1659334,489.1659334,489.1659334,1965.87718,1965.87718,1965.87718,1965.87718,1965.87718
6/30/1991,348.2457514,369.0691115,377.4348212,382.3953392,382.1773146,377.4348212,1233.435632,1748.805591,1386.851648,1239.398839,1660.265272,1386.851648,1259.003763,1502.897435,1386.851648,1297.572575,1474.475953,1386.851648,182.0532106,181.2409251,0.001001968,0.001005531,0.001008742,0.001011081,463.8951948,463.8951948,463.8951948,1822.500398,1822.500398,1822.500398,1822.500398,1822.500398
7/1/1991,336.7648443,360.887921,364.7546679,369.2829073,369.0691115,364.7546679,1269.596716,1615.988135,1430.021268,1273.809551,1748.805591,1430.021268,1291.612277,1660.265272,1430.021268,1319.788337,1502.897435,1430.021268,175.6666042,174.888134,0.001001968,0.001005531,0.001008742,0.001011081,430.6730031,430.6730031,430.6730031,1610.517569,1610.517569,1610.517569,1610.517569,1610.517569
7/2/1991,330.3809374,371.1612336,357.9668306,360.9999754,360.887921,357.9668306,1299.3191,1657.68889,1466.10204,1300.887948,1615.988135,1466.10204,1316.582704,1748.805591,1466.10204,1351.401571,1660.265272,1466.10204,173.6266153,172.8589049,0.001001968,0.001005531,0.001008742,0.001011081,404.9797477,404.9797477,404.9797477,1524.035359,1524.035359,1524.035359,1524.035359,1524.035359
7/3/1991,340.2865912,384.3160801,368.4443844,371.3790184,371.1612336,368.4443844,1466.979676,1775.152523,1661.708621,1466.388266,1657.68889,1661.708621,1465.886442,1615.988135,1661.708621,1474.517548,1748.805591,1661.708621,176.041055,175.2606076,0.001001968,0.001005531,0.001008742,0.001011081,391.4139753,391.4139753,391.4139753,1511.701999,1511.701999,1511.701999,1511.701999,1511.701999
7/4/1991,351.6756819,339.6018915,380.7547203,384.5824703,384.3160801,380.7547203,1556.346209,2057.393205,1765.713594,1554.967183,1775.152523,1765.713594,1550.96456,1657.68889,1765.713594,1576.91637,1615.988135,1765.713594,180.3117794,179.5087336,0.001001968,0.001005531,0.001008742,0.001011081,383.9412423,383.9412423,383.9412423,1539.832579,1539.832579,1539.832579,1539.832579,1539.832579
7/5/1991,312.6938654,351.7901074,336.9906292,339.6467347,339.6018915,336.9906292,1398.139289,1856.63651,1577.340915,1395.930669,2057.393205,1577.340915,1419.034359,1775.152523,1577.340915,1455.813838,1657.68889,1577.340915,155.0542403,154.3835179,0.001001968,0.001005531,0.001008742,0.001011081,376.197305,376.197305,376.197305,1561.613084,1561.613084,1561.613084,1561.613084,1561.613084
7/6/1991,325.5897914,349.2840168,351.4657686,352.0305659,351.7901074,351.4657686,1440.44608,1384.963951,1629.582873,1436.136548,1856.63651,1629.582873,1436.41919,2057.393205,1629.582873,1473.615034,1775.152523,1629.582873,163.3524834,162.6386478,0.001001968,0.001005531,0.001008742,0.001011081,368.6189112,368.6189112,368.6189112,1591.093885,1591.093885,1591.093885,1591.093885,1591.093885
7/7/1991,326.1651003,337.6168646,352.7328484,349.5842379,349.2840168,352.7328484,1554.97823,1272.957312,1766.429028,1545.07787,1384.963951,1766.429028,1554.454061,1856.63651,1766.429028,1569.391518,2057.393205,1766.429028,167.7561874,167.0193254,0.001001968,0.001005531,0.001008742,0.001011081,363.9754281,363.9754281,363.9754281,1640.540027,1640.540027,1640.540027,1640.540027,1640.540027
7/8/1991,305.4605282,321.242294,331.0845231,337.809397,337.6168646,331.0845231,1798.841804,1226.589889,2055.768259,1793.251555,1272.957312,2055.768259,1797.049955,1384.963951,2055.768259,1829.834106,1856.63651,2055.768259,163.3145206,162.6008831,0.001001968,0.001005531,0.001008742,0.001011081,359.5538276,359.5538276,359.5538276,1727.268646,1727.268646,1727.268646,1727.268646,1727.268646
7/9/1991,297.4417989,312.4120992,320.9624404,321.4250499,321.242294,320.9624404,1588.55131,1801.423493,1808.043309,1579.178202,1226.589889,1808.043309,1580.637052,1272.957312,1808.043309,1654.542184,1384.963951,1808.043309,151.4534765,150.8013452,0.001001968,0.001005531,0.001008742,0.001011081,353.654413,353.654413,353.654413,1778.514236,1778.514236,1778.514236,1778.514236,1778.514236
7/10/1991,284.8040456,295.5857009,308.4676191,312.5907209,312.4120992,308.4676191,1170.75338,2293.715547,1315.604899,1172.720261,1801.423493,1315.604899,1190.069954,1226.589889,1315.604899,1216.456333,1272.957312,1315.604899,152.9768292,152.3168415,0.001001968,0.001005531,0.001008742,0.001011081,347.8549473,347.8549473,347.8549473,1738.070844,1738.070844,1738.070844,1738.070844,1738.070844
7/11/1991,268.8780636,282.2526367,290.6527567,295.7607379,295.5857009,290.6527567,1091.465142,1663.780872,1227.040207,1094.707884,2293.715547,1227.040207,1107.672761,1801.423493,1227.040207,1147.655579,1226.589889,1227.040207,142.5108937,141.9046143,0.001001968,0.001005531,0.001008742,0.001011081,337.3513522,337.3513522,337.3513522,1665.140974,1665.140974,1665.140974,1665.140974,1665.140974
7/12/1991,258.516933,250.7774277,279.0345073,282.2686377,282.2526367,279.0345073,1046.662668,1296.981228,1175.641888,1048.059953,1663.780872,1175.641888,1060.569405,2293.715547,1175.641888,1091.582084,1801.423493,1175.641888,135.4849764,134.9143875,0.001001968,0.001005531,0.001008742,0.001011081,327.2826743,327.2826743,327.2826743,1603.414398,1603.414398,1603.414398,1603.414398,1603.414398
7/13/1991,222.300193,207.139171,237.8586702,250.7676301,250.7774277,237.8586702,1529.565738,1188.15986,1747.594756,1529.132543,1296.981228,1747.594756,1521.384379,1663.780872,1747.594756,1573.648341,2293.715547,1747.594756,106.5510516,106.1239712,0.001001968,0.001005531,0.001008742,0.001011081,313.7809563,313.7809563,313.7809563,1623.535847,1623.535847,1623.535847,1623.535847,1623.535847
7/14/1991,206.3034914,275.6543417,216.7976495,207.4637435,207.139171,216.7976495,1939.922945,1144.274982,2222.413437,1905.481768,1188.15986,2222.413437,1891.511592,1296.981228,2222.413437,1979.446661,1663.780872,2222.413437,75.78080117,75.49943628,0.001001968,0.001005531,0.001008742,0.001011081,294.3815919,294.3815919,294.3815919,1699.813139,1699.813139,1699.813139,1699.813139,1699.813139
7/15/1991,280.454978,353.2166375,301.5886356,275.9711548,275.6543417,301.5886356,1490.975208,1135.195813,1694.725598,1455.477712,1144.274982,1694.725598,1446.846353,1188.15986,1694.725598,1425.3061,1296.981228,1694.725598,139.22315,138.6336094,0.001001968,0.001005531,0.001008742,0.001011081,283.8065707,283.8065707,283.8065707,1641.557878,1641.557878,1641.557878,1641.557878,1641.557878
7/16/1991,317.8533871,288.8754617,348.5484727,353.3824636,353.2166375,348.5484727,1251.16825,1176.209597,1417.807144,1255.256775,1135.195813,1417.807144,1243.620589,1144.274982,1417.807144,1207.426789,1188.15986,1417.807144,192.499468,191.6314639,0.001001968,0.001005531,0.001008742,0.001011081,284.2588356,284.2588356,284.2588356,1561.923674,1561.923674,1561.923674,1561.923674,1561.923674
7/17/1991,255.2672931,252.0729184,275.4870753,289.030221,288.8754617,275.4870753,1055.29504,1234.105953,1185.680664,1066.279151,1176.209597,1185.680664,1077.523637,1135.195813,1185.680664,1129.827504,1144.274982,1185.680664,134.3626881,133.7977719,0.001001968,0.001005531,0.001008742,0.001011081,280.282112,280.282112,280.282112,1539.842278,1539.842278,1539.842278,1539.842278,1539.842278
7/18/1991,231.1004886,246.9703684,247.5027692,252.2245526,252.0729184,247.5027692,946.5283269,1222.189346,1058.563659,948.6671718,1234.105953,1058.563659,966.8309639,1176.209597,1058.563659,1008.850166,1135.195813,1058.563659,112.3297355,111.8744774,0.001001968,0.001005531,0.001008742,0.001011081,275.2613023,275.2613023,275.2613023,1526.918489,1526.918489,1526.918489,1526.918489,1526.918489
7/19/1991,228.5451162,245.0896974,245.0587191,247.1165899,246.9703684,245.0587191,964.3315251,1196.514955,1081.936519,963.3956692,1222.189346,1081.936519,972.2423234,1234.105953,1081.936519,1002.137281,1176.209597,1081.936519,113.0907604,112.6317723,0.001001968,0.001005531,0.001008742,0.001011081,270.1651112,270.1651112,270.1651112,1513.564472,1513.564472,1513.564472,1513.564472,1513.564472
7/20/1991,229.6715709,249.6980152,246.3777489,245.2367087,245.0896974,246.3777489,1026.720078,1825.086011,1155.108731,1021.541925,1196.514955,1155.108731,1026.531153,1222.189346,1155.108731,1047.047685,1234.105953,1155.108731,114.3181843,113.8531709,0.001001968,0.001005531,0.001008742,0.001011081,269.4146371,269.4146371,269.4146371,1422.942886,1422.942886,1422.942886,1422.942886,1422.942886
7/21/1991,228.0119301,251.9428065,245.4560027,249.6439055,249.6980152,245.4560027,1083.314876,2517.314132,1222.786711,1082.584362,1825.086011,1222.786711,1083.69549,1196.514955,1222.786711,1100.419698,1222.189346,1222.786711,118.7391871,118.2523797,0.001001968,0.001005531,0.001008742,0.001011081,273.5778102,273.5778102,273.5778102,1270.331362,1270.331362,1270.331362,1270.331362,1270.331362
7/22/1991,226.6738082,188.9518757,244.0930457,250.063373,251.9428065,244.0930457,1094.267253,1987.293715,1233.092369,1095.677447,2517.314132,1233.092369,1096.777585,1825.086011,1233.092369,1099.522656,1196.514955,1233.092369,118.2502735,117.7658833,0.001001968,0.001005531,0.001008742,0.001011081,270.5064602,270.5064602,270.5064602,1209.429192,1209.429192,1209.429192,1209.429192,1209.429192
7/23/1991,159.3639132,273.9791616,165.6964839,188.7549078,188.9518757,165.6964839,1020.936034,2052.46239,1140.56157,1035.752876,1987.293715,1140.56157,1020.402268,2517.314132,1140.56157,1089.306088,1825.086011,1140.56157,48.28365787,48.12301387,0.001001968,0.001005531,0.001008742,0.001011081,249.6613721,249.6613721,249.6613721,1199.304483,1199.304483,1199.304483,1199.304483,1199.304483
7/24/1991,391.1113172,705.0866135,408.6281554,275.985099,273.9791616,408.6281554,1826.664105,2162.088074,2065.553527,1682.255346,2052.46239,2065.553527,1655.224751,1987.293715,2065.553527,1546.675764,2517.314132,2065.553527,113.3432912,112.8830644,0.001001968,0.001005531,0.001008742,0.001011081,243.9793796,243.9793796,243.9793796,1292.749523,1292.749523,1292.749523,1292.749523,1292.749523
7/25/1991,644.6856071,412.547114,712.3894592,705.7694237,705.0866135,712.3894592,2638.029283,1614.200526,3050.362053,2624.956679,2162.088074,3050.362053,2479.794316,2052.46239,3050.362053,2309.550085,1987.293715,3050.362053,376.5459469,374.6334743,0.001001968,0.001005531,0.001008742,0.001011081,282.6168122,282.6168122,282.6168122,1493.856819,1493.856819,1493.856819,1493.856819,1493.856819
7/26/1991,337.3830648,347.7247697,363.9143678,411.0791359,412.547114,363.9143678,1776.730451,1558.729339,2028.548523,1811.611316,1614.200526,2028.548523,1895.821906,2162.088074,2028.548523,1972.346445,2052.46239,2028.548523,170.0553469,169.3064236,0.001001968,0.001005531,0.001008742,0.001011081,317.5742251,317.5742251,317.5742251,1645.316521,1645.316521,1645.316521,1645.316521,1645.316521
7/27/1991,315.1873425,453.099674,328.2540558,348.279174,347.7247697,328.2540558,1661.048533,1424.574693,1873.168968,1667.890304,1558.729339,1873.168968,1633.715832,1614.200526,1873.168968,1807.838838,2162.088074,1873.168968,84.43834866,84.11648586,0.001001968,0.001005531,0.001008742,0.001011081,329.1933435,329.1933435,329.1933435,1786.304639,1786.304639,1786.304639,1786.304639,1786.304639
7/28/1991,478.9630211,473.2475251,507.1986336,454.3016564,453.099674,507.1986336,1896.653288,1214.582965,2148.383738,1833.188978,1424.574693,2148.383738,1808.534472,1558.729339,2148.383738,1781.792124,1614.200526,2148.383738,169.2774038,168.5325646,0.001001968,0.001005531,0.001008742,0.001011081,355.4548175,355.4548175,355.4548175,1909.772897,1909.772897,1909.772897,1909.772897,1909.772897
7/29/1991,404.6321389,319.8617039,442.7642655,473.4218453,473.2475251,442.7642655,1470.44203,1093.541622,1673.951492,1500.726148,1214.582965,1673.951492,1558.27603,1424.574693,1673.951492,1504.758176,1558.729339,1673.951492,230.7227499,229.6469297,0.001001968,0.001005531,0.001008742,0.001011081,393.0309125,393.0309125,393.0309125,1968.285719,1968.285719,1968.285719,1968.285719,1968.285719
7/30/1991,276.1564162,266.3429892,293.8783119,319.9805333,319.8617039,293.8783119,1253.209983,1026.100716,1410.887499,1272.270578,1093.541622,1410.887499,1311.693424,1214.582965,1410.887499,1486.991879,1424.574693,1410.887499,118.9604939,118.4725918,0.001001968,0.001005531,0.001008742,0.001011081,418.4593123,418.4593123,418.4593123,2013.478294,2013.478294,2013.478294,2013.478294,2013.478294
7/31/1991,244.3260848,261.9880432,257.8045889,266.459309,266.3429892,257.8045889,1037.584462,989.1332995,1157.96085,1040.733853,1026.100716,1157.96085,1067.409575,1093.541622,1157.96085,1155.697507,1214.582965,1157.96085,94.07469086,93.70751595,0.001001968,0.001005531,0.001008742,0.001011081,424.1236659,424.1236659,424.1236659,1937.584088,1937.584088,1937.584088,1937.584088,1937.584088
8/1/1991,241.7037821,238.0116567,256.1568176,262.1018891,261.9880432,256.1568176,982.3319546,1176.962327,1098.401587,984.0166483,989.1332995,1098.401587,994.7405813,1026.100716,1098.401587,1034.986282,1093.541622,1098.401587,100.1955818,99.79918261,0.001001968,0.001005531,0.001008742,0.001011081,386.2854865,386.2854865,386.2854865,1732.944131,1732.944131,1732.944131,1732.944131,1732.944131
8/2/1991,220.9737001,229.8560878,232.7041444,238.1231981,238.0116567,232.7041444,919.5784708,1060.89851,1025.299662,920.2917985,1176.962327,1025.299662,926.4364758,989.1332995,1025.299662,968.3559472,1026.100716,1025.299662,83.86499727,83.54580198,0.001001968,0.001005531,0.001008742,0.001011081,350.3108728,350.3108728,350.3108728,1572.616561,1572.616561,1572.616561,1572.616561,1572.616561
8/3/1991,215.1529586,233.860098,226.3314866,227.9137016,229.8560878,226.3314866,875.9098988,1043.56514,975.1710699,873.1567996,1060.89851,975.1710699,878.9209964,1176.962327,975.1710699,904.5348885,989.1332995,975.1710699,80.65862865,80.35484752,0.001001968,0.001005531,0.001008742,0.001011081,336.761756,336.761756,336.761756,1410.245915,1410.245915,1410.245915,1410.245915,1410.245915
8/4/1991,221.2387436,264.0992045,233.240932,234.0722021,233.860098,233.240932,903.9529936,1052.572059,1006.38782,901.7808168,1043.56514,1006.38782,903.9913119,1060.89851,1006.38782,883.8710812,1176.962327,1006.38782,85.36766304,85.0414696,0.001001968,0.001005531,0.001008742,0.001011081,308.3719831,308.3719831,308.3719831,1252.248682,1252.248682,1252.248682,1252.248682,1252.248682
8/5/1991,257.8839776,329.5676949,271.9735442,265.7534129,264.0992045,271.9735442,1089.20529,1664.784941,1222.667405,1077.088447,1052.572059,1222.667405,1054.334395,1043.56514,1222.667405,1083.83153,1060.89851,1222.667405,96.74023501,96.36037385,0.001001968,0.001005531,0.001008742,0.001011081,270.2236722,270.2236722,270.2236722,1186.970679,1186.970679,1186.970679,1186.970679,1186.970679
8/6/1991,302.2617206,234.0497829,324.0009996,329.9585326,329.5676949,324.0009996,999.8285044,1808.145787,1118.76424,1005.41088,1664.784941,1118.76424,991.4207586,1052.572059,1118.76424,948.7345946,1043.56514,1118.76424,140.4765127,139.8805986,0.001001968,0.001005531,0.001008742,0.001011081,262.5981376,262.5981376,262.5981376,1121.032155,1121.032155,1121.032155,1121.032155,1121.032155
8/7/1991,211.9308791,213.8159745,224.6088854,234.1606715,234.0497829,224.6088854,906.5814311,3447.773854,1014.229546,911.7557417,1808.145787,1014.229546,956.4489454,1664.784941,1014.229546,999.7335834,1052.572059,1014.229546,90.25916812,89.91004019,0.001001968,0.001005531,0.001008742,0.001011081,260.3555757,260.3555757,260.3555757,1083.658736,1083.658736,1083.658736,1083.658736,1083.658736
8/8/1991,195.4889042,342.6711991,207.1437007,213.9134133,213.8159745,207.1437007,849.2308169,2388.018361,948.4736897,851.8587629,3447.773854,948.4736897,865.6453146,1808.145787,948.4736897,930.4554853,1664.784941,948.4736897,84.33879472,84.01739534,0.001001968,0.001005531,0.001008742,0.001011081,254.0275548,254.0275548,254.0275548,1067.990734,1067.990734,1067.990734,1067.990734,1067.990734
8/9/1991,186.2758683,362.8140794,196.0481617,202.0108901,342.6711991,196.0481617,1485.247704,2117.561366,1689.002492,1477.902099,2388.018361,1689.002492,1466.765591,3447.773854,1689.002492,1410.715949,1808.145787,1689.002492,72.34994396,72.08418584,0.001001968,0.001005531,0.001008742,0.001011081,247.7485709,247.7485709,247.7485709,1156.596009,1156.596009,1156.596009,1156.596009,1156.596009
8/10/1991,406.0056541,316.70927,417.8770517,410.6433977,362.8140794,417.8770517,2123.822022,1783.218163,2384.492166,2117.32801,2117.561366,2384.492166,1975.96644,2388.018361,2384.492166,1707.928504,3447.773854,2384.492166,0.001000564,0.001006515,0.001001968,0.001005531,0.001008742,0.001011081,255.3797273,255.3797273,255.3797273,1305.588839,1305.588839,1305.588839,1305.588839,1305.588839
8/11/1991,889.7496897,1691.478396,897.341596,397.6224269,316.70927,897.341596,3617.366859,2019.068026,4072.197618,3075.500433,1783.218163,4072.197618,2979.722842,2117.561366,4072.197618,3232.001542,2388.018361,4072.197618,0.001000564,0.001006515,0.001001968,0.001005531,0.001008742,0.001011081,274.2108774,274.2108774,274.2108774,1691.978441,1691.978441,1691.978441,1691.978441,1691.978441
8/12/1991,1431.489371,874.0569433,1640.917114,1695.622308,1691.478396,1640.917114,2930.662972,1431.647425,3459.998017,3044.342395,2019.068026,3459.998017,2875.797952,1783.218163,3459.998017,1935.563844,2117.561366,3459.998017,1030.238319,1024.123403,0.001001968,0.001005531,0.001008742,0.001011081,429.9278966,429.9278966,429.9278966,1865.106556,1865.106556,1865.106556,1865.106556,1865.106556
8/13/1991,610.1944438,381.451076,660.0855446,873.820096,874.0569433,660.0855446,2094.41799,1196.002981,2389.157752,2304.507335,1431.647425,2389.157752,2398.647664,2019.068026,2389.157752,2849.713451,1783.218163,2389.157752,291.2299569,289.8143986,0.001001968,0.001005531,0.001008742,0.001011081,521.3886949,521.3886949,521.3886949,2053.556402,2053.556402,2053.556402,2053.556402,2053.556402
8/14/1991,312.2545061,409.8494298,314.343787,381.2896194,381.451076,314.343787,696.8815317,1127.088478,724.3075557,761.7613667,1196.002981,724.3075557,976.2029193,1431.647425,724.3075557,1339.751965,2019.068026,724.3075557,17.11857336,17.07682056,0.001001968,0.001005531,0.001008742,0.001011081,566.9477465,566.9477465,566.9477465,2190.249467,2190.249467,2190.249467,2190.249467,2190.249467
8/15/1991,336.6753161,298.0295081,350.116904,387.2464089,409.8494298,350.116904,1268.176862,699.220484,1419.16348,1298.090885,1127.088478,1419.16348,1363.460693,1196.002981,1419.16348,1516.292349,1431.647425,1419.16348,91.75119505,91.39502605,0.001001968,0.001005531,0.001008742,0.001011081,599.4778217,599.4778217,599.4778217,2289.310551,2289.310551,2289.310551,2289.310551,2289.310551
8/16/1991,216.7487268,200.0149623,218.8119194,303.3096936,298.0295081,218.8119194,976.5755458,2406.384694,1068.656479,1053.49132,699.220484,1068.656479,1063.795785,1127.088478,1068.656479,1198.149741,1196.002981,1068.656479,7.911263946,7.897201942,0.001001968,0.001005531,0.001008742,0.001011081,617.0695436,617.0695436,617.0695436,2219.712501,2219.712501,2219.712501,2219.712501,2219.712501
8/17/1991,190.079171,571.6224893,191.5721483,215.2546978,200.0149623,191.5721483,841.7673143,4566.478735,919.8388036,858.6796191,2406.384694,919.8388036,923.1787006,699.220484,919.8388036,990.4743032,1127.088478,919.8388036,0.001000564,0.001006515,0.001001968,0.001005531,0.001008742,0.001011081,617.4393043,617.4393043,617.4393043,2086.28203,2086.28203,2086.28203,2086.28203,2086.28203
8/18/1991,346.3758429,1341.85022,353.860954,202.6520865,571.6224893,353.860954,1029.217979,3868.095511,1125.106737,872.3521759,4566.478735,1125.106737,920.1613675,2406.384694,1125.106737,976.8191185,699.220484,1125.106737,54.91543631,54.72667786,0.001001968,0.001005531,0.001008742,0.001011081,601.641079,601.641079,601.641079,1700.138919,1700.138919,1700.138919,1700.138919,1700.138919
8/19/1991,866.8902758,697.9013279,959.169882,1135.991646,1341.85022,959.169882,1460.21996,2423.070969,1633.070439,1693.286962,3868.095511,1633.070439,1533.212826,4566.478735,1633.070439,634.0355501,2406.384694,1633.070439,381.2813701,379.340795,0.001001968,0.001005531,0.001008742,0.001011081,540.3739144,540.3739144,540.3739144,1507.834667,1507.834667,1507.834667,1507.834667,1507.834667
8/20/1991,1218.993997,1668.089503,1276.434629,940.7939346,697.9013279,1276.434629,3241.6653,2932.554133,3618.093395,2926.107342,2423.070969,3618.093395,3029.098027,3868.095511,3618.093395,3031.81967,4566.478735,3618.093395,102.4895302,102.0820954,0.001001968,0.001005531,0.001008742,0.001011081,556.9774341,556.9774341,556.9774341,1629.247804,1629.247804,1629.247804,1629.247804,1629.247804
8/21/1991,1816.735855,1607.314747,2011.111656,1687.667464,1668.089503,2011.111656,4743.101809,3426.3972,5499.753926,4458.462552,2932.554133,5499.753926,4360.091924,2423.070969,5499.753926,4060.77488,3868.095511,5499.753926,878.57884,873.4831936,0.001001968,0.001005531,0.001008742,0.001011081,681.7132618,681.7132618,681.7132618,1992.977683,1992.977683,1992.977683,1992.977683,1992.977683
8/22/1991,2271.510084,2853.433989,2396.322372,1676.996819,1607.314747,2396.322372,4530.643922,3502.282928,5066.687709,3832.709198,3426.3972,5066.687709,3567.850091,2932.554133,5066.687709,3812.110713,2423.070969,5066.687709,567.9509143,564.8677549,0.001001968,0.001005531,0.001008742,0.001011081,813.1958012,813.1958012,813.1958012,2272.568987,2272.568987,2272.568987,2272.568987,2272.568987
8/23/1991,2435.6431,1924.930484,2699.822469,2905.668646,2853.433989,2699.822469,3111.755729,2757.254972,3565.382633,3421.037849,3502.282928,3565.382633,3017.619818,3426.3972,3565.382633,2132.484234,2932.554133,3565.382633,1221.156134,1213.731281,0.001001968,0.001005531,0.001008742,0.001011081,1090.48812,1090.48812,1090.48812,2510.436317,2510.436317,2510.436317,2510.436317,2510.436317
8/24/1991,1278.922045,788.8197624,1393.141722,1935.562458,1924.930484,1393.141722,2682.809132,1986.45662,3052.390393,3256.390723,2757.254972,3052.390393,3607.28401,3502.282928,3052.390393,3659.895476,3426.3972,3052.390393,572.0226308,568.913891,0.001001968,0.001005531,0.001008742,0.001011081,1360.829607,1360.829607,1360.829607,2886.360529,2886.360529,2886.360529,2886.360529,2886.360529
8/25/1991,610.3681818,701.4323511,616.8985135,795.3435343,788.8197624,616.8985135,1615.370389,1717.43008,1750.159267,1786.545646,1986.45662,1750.159267,2325.734521,2757.254972,1750.159267,3233.044117,3502.282928,1750.159267,0.001000564,0.001006515,0.001001968,0.001005531,0.001008742,0.001011081,1516.941607,1516.941607,1516.941607,3281.212919,3281.212919,3281.212919,3281.212919,3281.212919
8/26/1991,626.5517098,690.422223,647.2440266,705.9455114,701.4323511,647.2440266,1703.987627,1601.534286,1879.813475,1758.65641,1717.43008,1879.813475,1940.414014,1986.45662,1879.813475,2436.351355,2757.254972,1879.813475,104.2786186,103.8625466,0.001001968,0.001005531,0.001008742,0.001011081,1514.856302,1514.856302,1514.856302,3511.534187,3511.534187,3511.534187,3511.534187,3511.534187
8/27/1991,627.8024295,642.9500857,658.0166875,693.6246579,690.422223,658.0166875,1829.499245,1517.731068,2042.827237,1862.154214,1601.534286,2042.827237,1930.205472,1717.43008,2042.827237,2093.014444,1986.45662,2042.827237,163.3373443,162.6235877,0.001001968,0.001005531,0.001008742,0.001011081,1471.324711,1471.324711,1471.324711,3332.182153,3332.182153,3332.182153,3332.182153,3332.182153
8/28/1991,588.0135685,597.7179359,617.4164061,645.2687193,642.9500857,617.4164061,1539.220787,1446.318654,1703.901142,1568.35797,1517.731068,1703.901142,1618.322104,1601.534286,1703.901142,1711.22355,1717.43008,1703.901142,161.1391569,160.4368564,0.001001968,0.001005531,0.001008742,0.001011081,1359.359654,1359.359654,1359.359654,2924.438166,2924.438166,2924.438166,2924.438166,2924.438166
8/29/1991,549.1070811,559.3627336,576.5835729,599.424711,597.7179359,576.5835729,1384.581653,1395.056404,1528.791971,1409.856458,1446.318654,1528.791971,1452.578707,1517.731068,1528.791971,1524.893444,1601.534286,1528.791971,152.24812,151.5918921,0.001001968,0.001005531,0.001008742,0.001011081,1253.247667,1253.247667,1253.247667,2627.964908,2627.964908,2627.964908,2627.964908,2627.964908
8/30/1991,515.7316244,525.3041669,541.5223596,560.6389948,559.3627336,541.5223596,1311.934263,1345.389157,1449.116296,1333.278823,1395.056404,1449.116296,1369.940773,1446.318654,1449.116296,1432.256517,1517.731068,1449.116296,144.320079,143.7045609,0.001001968,0.001005531,0.001008742,0.001011081,1013.712579,1013.712579,1013.712579,2437.741534,2437.741534,2437.741534,2437.741534,2437.741534
8/31/1991,484.9986943,493.3510135,509.1340273,526.2703927,525.3041669,509.1340273,1257.825836,1298.207892,1389.254566,1276.795294,1345.389157,1389.254566,1308.573504,1395.056404,1389.254566,1361.631173,1446.318654,1389.254566,136.263603,135.6890738,0.001001968,0.001005531,0.001008742,0.001011081,780.532862,780.532862,780.532862,2109.872522,2109.872522,2109.872522,2109.872522,2109.872522
9/1/1991,458.1665175,475.9545483,480.6141007,494.0839656,493.3510135,480.6141007,1207.752913,1332.55401,1333.421234,1222.584167,1298.207892,1333.421234,1250.904339,1345.389157,1333.421234,1302.594197,1395.056404,1333.421234,127.7692186,127.2374659,0.001001968,0.001005531,0.001008742,0.001011081,661.6501272,661.6501272,661.6501272,1772.576756,1772.576756,1772.576756,1772.576756,1772.576756
9/2/1991,442.9680518,454.3412987,465.5634106,476.5173169,475.9545483,465.5634106,1179.67352,1824.86893,1304.007111,1192.123482,1332.55401,1304.007111,1217.051377,1298.207892,1304.007111,1253.992837,1345.389157,1304.007111,129.6764003,129.1350842,0.001001968,0.001005531,0.001008742,0.001011081,604.9533977,604.9533977,604.9533977,1584.578679,1584.578679,1584.578679,1584.578679,1584.578679
9/3/1991,421.810725,433.671968,443.3445838,454.7838898,454.3412987,443.3445838,1145.934423,1409.968561,1267.220201,1158.490052,1824.86893,1267.220201,1180.008395,1332.55401,1267.220201,1220.608687,1298.207892,1267.220201,124.4998645,123.9844493,0.001001968,0.001005531,0.001008742,0.001011081,563.6934632,563.6934632,563.6934632,1486.259068,1486.259068,1486.259068,1486.259068,1486.259068
9/4/1991,401.1197184,490.4755311,421.3023712,431.0935906,433.671968,421.3023712,1105.848862,1349.699481,1221.853407,1116.481524,1409.968561,1221.853407,1137.52464,1824.86893,1221.853407,1173.338404,1332.55401,1221.853407,117.5140667,117.033313,0.001001968,0.001005531,0.001008742,0.001011081,529.3690704,529.3690704,529.3690704,1419.994313,1419.994313,1419.994313,1419.994313,1419.994313
9/5/1991,454.5263324,502.8752519,480.6847852,491.7031124,490.4755311,480.6847852,1276.04179,1273.503682,1416.276493,1291.657052,1349.699481,1416.276493,1278.417713,1409.968561,1416.276493,1204.983765,1824.86893,1416.276493,148.8168343,148.17827,0.001001968,0.001005531,0.001008742,0.001011081,505.3086403,505.3086403,505.3086403,1380.751508,1380.751508,1380.751508,1380.751508,1380.751508
9/6/1991,479.3275512,399.74793,504.7114885,504.8157227,502.8752519,504.7114885,1677.048906,1157.857577,1889.080807,1671.43366,1273.503682,1889.080807,1648.238373,1349.699481,1889.080807,1715.53326,1409.968561,1889.080807,142.5810132,141.9743761,0.001001968,0.001005531,0.001008742,0.001011081,490.2810379,490.2810379,490.2810379,1427.97239,1427.97239,1427.97239,1427.97239,1427.97239
9/7/1991,376.1629973,390.0781117,395.525813,400.0198378,399.74793,395.525813,1151.052871,1114.545096,1271.428934,1154.621615,1157.857577,1271.428934,1231.944695,1273.503682,1271.428934,1262.574555,1349.699481,1271.428934,114.5160433,114.0500576,0.001001968,0.001005531,0.001008742,0.001011081,479.3724067,479.3724067,479.3724067,1426.699155,1426.699155,1426.699155,1426.699155,1426.699155
9/8/1991,358.7974678,357.1671109,378.8730275,390.2616024,390.0781117,378.8730275,1111.212311,1132.503496,1235.050831,1122.203622,1114.545096,1235.050831,1140.930702,1157.857577,1235.050831,1227.110718,1273.503682,1235.050831,119.7365851,119.2448414,0.001001968,0.001005531,0.001008742,0.001011081,463.4327844,463.4327844,463.4327844,1412.13669,1412.13669,1412.13669,1412.13669,1412.13669
9/9/1991,333.4517294,345.5895533,350.5127299,357.3471537,357.1671109,350.5127299,1033.552351,1091.23962,1144.291654,1039.591914,1132.503496,1144.291654,1057.356609,1114.545096,1144.291654,1104.663007,1157.857577,1144.291654,102.6134355,102.2054034,0.001001968,0.001005531,0.001008742,0.001011081,445.9783607,445.9783607,445.9783607,1389.061929,1389.061929,1389.061929,1389.061929,1389.061929
9/10/1991,323.4166847,317.4465003,340.2338849,345.7557509,345.5895533,340.2338849,986.3147864,1070.618747,1091.088701,991.5683814,1091.23962,1091.088701,1005.172914,1132.503496,1091.088701,1033.168084,1114.545096,1091.088701,101.7703838,101.3664134,0.001001968,0.001005531,0.001008742,0.001011081,429.65071,429.65071,429.65071,1364.309361,1364.309361,1364.309361,1364.309361,1364.309361
9/11/1991,295.0699229,319.7806558,308.1965997,317.6303585,317.4465003,308.1965997,961.9368409,1037.622463,1061.614875,969.9192801,1070.618747,1061.614875,975.9357001,1091.23962,1061.614875,1009.204331,1132.503496,1061.614875,79.68587887,79.38658868,0.001001968,0.001005531,0.001008742,0.001011081,411.9893087,411.9893087,411.9893087,1339.843493,1339.843493,1339.843493,1339.843493,1339.843493
9/12/1991,312.7058357,344.9979956,327.7585957,319.9788634,319.7806558,327.7585957,995.3015727,703.805565,1101.87244,986.0328993,1037.622463,1101.87244,996.4332443,1070.618747,1101.87244,1015.941647,1091.23962,1101.87244,91.86378641,91.50708524,0.001001968,0.001005531,0.001008742,0.001011081,392.6486901,392.6486901,392.6486901,1309.359011,1309.359011,1309.359011,1309.359011,1309.359011
9/13/1991,320.056363,312.3108972,339.4481567,345.195269,344.9979956,339.4481567,982.1021954,716.1124031,1091.548373,988.3615434,703.805565,1091.548373,995.3819926,1037.622463,1091.548373,992.7478794,1070.618747,1091.548373,118.6125339,118.1263529,0.001001968,0.001005531,0.001008742,0.001011081,372.9814378,372.9814378,372.9814378,1198.318344,1198.318344,1198.318344,1198.318344,1198.318344
9/14/1991,288.8931831,294.9953636,304.3441574,312.5207956,312.3108972,304.3441574,939.866646,1048.140806,1042.031507,947.0592687,716.1124031,1042.031507,958.7330587,703.805565,1042.031507,995.8766051,1037.622463,1042.031507,95.80254877,95.4271576,0.001001968,0.001005531,0.001008742,0.001011081,351.2031628,351.2031628,351.2031628,1143.370527,1143.370527,1143.370527,1143.370527,1143.370527
9/15/1991,273.5608032,205.1450935,287.4834392,292.1750016,294.9953636,287.4834392,883.472725,270.3650331,976.556839,887.2004064,1048.140806,976.556839,900.0794019,716.1124031,976.556839,930.4805508,703.805565,976.556839,87.02767162,86.69372109,0.001001968,0.001005531,0.001008742,0.001011081,336.7161706,336.7161706,336.7161706,1105.958774,1105.958774,1105.958774,1105.958774,1105.958774
9/16/1991,144.6785044,137.1467159,147.1021775,205.9370504,205.1450935,147.1021775,493.0776751,642.3645501,526.048921,550.7820512,270.3650331,526.048921,548.1358196,1048.140806,526.048921,650.6567919,716.1124031,526.048921,0.001000564,0.001006515,0.001001968,0.001005531,0.001008742,0.001011081,313.2559467,313.2559467,313.2559467,1034.934424,1034.934424,1034.934424,1034.934424,1034.934424
9/17/1991,373.4749696,818.7881748,375.6045942,139.5820781,137.1467159,375.6045942,744.613337,2590.258173,785.4746645,506.7621916,642.3645501,785.4746645,567.3417786,270.3650331,785.4746645,576.4854393,1048.140806,785.4746645,0.001000564,0.001006515,0.001001968,0.001005531,0.001008742,0.001011081,291.7051047,291.7051047,291.7051047,973.7432135,973.7432135,973.7432135,973.7432135,973.7432135
9/18/1991,717.4948443,597.8131183,797.6364913,805.7629585,818.7881748,797.6364913,1424.967524,3635.072707,1638.252964,1456.620999,2590.258173,1638.252964,1289.953477,642.3645501,1638.252964,933.487042,270.3650331,1638.252964,435.2932398,433.0287261,0.001001968,0.001005531,0.001008742,0.001011081,327.3727096,327.3727096,327.3727096,956.911745,956.911745,956.911745,956.911745,956.911745
9/19/1991,332.8932189,473.5280421,342.6831112,593.5597536,597.8131183,342.6831112,588.6722969,3381.122241,619.1142695,855.9442419,3635.072707,619.1142695,658.1303464,2590.258173,619.1142695,642.3656975,642.3645501,619.1142695,0.001000564,0.001006515,0.001001968,0.001005531,0.001008742,0.001011081,339.1633964,339.1633964,339.1633964,876.6823553,876.6823553,876.6823553,876.6823553,876.6823553
9/20/1991,1961.121832,4595.879851,1973.10516,485.1334841,473.5280421,1973.10516,2109.764496,3766.527855,2128.504444,636.0510512,3381.122241,2128.504444,752.9314846,3635.072707,2128.504444,663.7383777,2590.258173,2128.504444,0.001000564,0.001006515,0.001001968,0.001005531,0.001008742,0.001011081,376.3364028,376.3364028,376.3364028,886.6505262,886.6505262,886.6505262,886.6505262,886.6505262
9/21/1991,3887.824127,2857.672513,4533.486478,4600.854854,4595.879851,4533.486478,5367.208666,4833.700823,6548.517064,5662.036933,3766.527855,6548.517064,4959.672565,3381.122241,6548.517064,2365.674789,3635.072707,6548.517064,2810.129839,2791.049528,0.001001968,0.001005531,0.001008742,0.001011081,797.2925549,797.2925549,797.2925549,1104.53515,1104.53515,1104.53515,1104.53515,1104.53515
9/22/1991,2011.815179,1085.743675,2276.993763,2857.937178,2857.672513,2276.993763,4448.639834,7621.007982,5240.288442,5090.528816,4833.700823,5240.288442,5477.505988,3766.527855,5240.288442,5806.550271,3381.122241,5240.288442,1262.688506,1254.975172,0.001001968,0.001005531,0.001008742,0.001011081,1187.580949,1187.580949,1187.580949,1641.790969,1641.790969,1641.790969,1641.790969,1641.790969
9/23/1991,741.5415026,782.7948158,757.6030566,1082.264479,1085.743675,757.6030566,808.0991679,5169.049555,830.7429937,1141.917269,7621.007982,830.7429937,1757.189916,4833.700823,830.7429937,3117.434574,3766.527855,830.7429937,93.65993639,93.2947297,0.001001968,0.001005531,0.001008742,0.001011081,1398.1815,1398.1815,1398.1815,2183.365069,2183.365069,2183.365069,2183.365069,2183.365069
9/24/1991,630.3689226,2066.016507,638.8987853,723.4433694,782.7948158,638.8987853,1299.80626,4235.693392,1401.118318,1383.102784,5169.049555,1401.118318,1690.916367,7621.007982,1401.118318,2311.879517,4833.700823,1401.118318,42.45140778,42.31484666,0.001001968,0.001005531,0.001008742,0.001011081,1516.632712,1516.632712,1516.632712,2508.427161,2508.427161,2508.427161,2508.427161,2508.427161
9/25/1991,1924.880436,1919.055662,2159.896353,2070.560684,2066.016507,2159.896353,4813.907541,3666.163179,5631.104202,4792.767063,4235.693392,5631.104202,4692.112086,5169.049555,5631.104202,3751.537292,7621.007982,5631.104202,1049.309783,1043.065283,0.001001968,0.001005531,0.001008742,0.001011081,1692.125922,1692.125922,1692.125922,2947.055087,2947.055087,2947.055087,2947.055087,2947.055087
9/26/1991,2176.758277,2551.85263,2347.449194,1954.616958,1919.055662,2347.449194,7739.235773,3202.378396,9003.607798,7313.438803,3666.163179,9003.607798,7180.787285,4235.693392,9003.607798,7512.034376,5169.049555,9003.607798,787.3903027,782.896986,0.001001968,0.001005531,0.001008742,0.001011081,1891.038652,1891.038652,1891.038652,3968.13442,3968.13442,3968.13442,3968.13442,3968.13442
9/27/1991,2259.869514,1950.23939,2543.583995,2561.769967,2551.85263,2543.583995,4844.165183,2706.911475,5678.141143,4932.451219,3202.378396,5678.141143,5046.788321,3666.163179,5678.141143,4496.137683,4235.693392,5678.141143,1324.618489,1316.472843,0.001001968,0.001005531,0.001008742,0.001011081,2154.636591,2154.636591,2154.636591,4599.435945,4599.435945,4599.435945,4599.435945,4599.435945
9/28/1991,1586.045494,1302.40291,1760.663024,1950.298942,1950.23939,1760.663024,3583.126623,2299.026837,4147.66583,3811.50919,2706.911475,4147.66583,4074.244169,3202.378396,4147.66583,4498.188124,3666.163179,4147.66583,860.3937468,855.4188907,0.001001968,0.001005531,0.001008742,0.001011081,1985.358168,1985.358168,1985.358168,4867.093357,4867.093357,4867.093357,4867.093357,4867.093357
9/29/1991,1051.940908,957.3144425,1133.441484,1302.220319,1302.40291,1133.441484,2055.145836,2011.338178,2305.186679,2245.403667,2299.026837,2305.186679,2522.093702,2706.911475,2305.186679,3142.005724,3202.378396,2305.186679,431.6348504,429.3924668,0.001001968,0.001005531,0.001008742,0.001011081,1768.654065,1768.654065,1768.654065,4697.737647,4697.737647,4697.737647,4697.737647,4697.737647
9/30/1991,829.1274689,873.0286212,877.4968182,957.1651599,957.3144425,877.4968182,1760.069771,1835.639333,1951.282499,1848.902356,2011.338178,1951.282499,2058.17699,2299.026837,1951.282499,2466.111045,2706.911475,1951.282499,268.0929739,266.8087282,0.001001968,0.001005531,0.001008742,0.001011081,1690.774135,1690.774135,1690.774135,4460.76902,4460.76902,4460.76902,4460.76902,4460.76902
10/1/1991,780.9251482,814.6091178,829.8354396,872.9184469,873.0286212,829.8354396,1792.445466,1879.622186,2001.775362,1842.937055,1835.639333,2001.775362,1958.663727,2011.338178,2001.775362,2161.567845,2299.026837,2001.775362,272.6713401,271.3612407,0.001001968,0.001005531,0.001008742,0.001011081,1680.322792,1680.322792,1680.322792,4364.650277,4364.650277,4364.650277,4364.650277,4364.650277
10/2/1991,734.3888011,755.96058,781.5498501,814.5386338,814.6091178,781.5498501,1729.05069,1886.418646,1931.91653,1768.775914,1879.622186,1931.91653,1845.188386,1835.639333,1931.91653,1965.10413,2011.338178,1931.91653,265.0455455,263.7784715,0.001001968,0.001005531,0.001008742,0.001011081,1546.509268,1546.509268,1546.509268,4076.657911,4076.657911,4076.657911,4076.657911,4076.657911
10/3/1991,685.1084118,688.508563,728.3987738,755.9271559,755.96058,728.3987738,1589.591242,2776.530363,1770.818662,1623.792174,1886.418646,1770.818662,1687.413522,1879.622186,1770.818662,1777.930653,1835.639333,1770.818662,246.0589815,244.8982068,0.001001968,0.001005531,0.001008742,0.001011081,1402.318918,1402.318918,1402.318918,3244.111666,3244.111666,3244.111666,3244.111666,3244.111666
10/4/1991,628.1968584,677.5396913,664.7479108,688.5093819,688.508563,664.7479108,1482.570367,2464.77011,1645.362256,1511.796874,2776.530363,1645.362256,1564.379704,1886.418646,1645.362256,1641.142833,1879.622186,1645.362256,211.3763528,210.4064536,0.001001968,0.001005531,0.001008742,0.001011081,1155.056526,1155.056526,1155.056526,2699.807493,2699.807493,2699.807493,2699.807493,2699.807493
10/5/1991,598.9226047,729.739731,632.8438094,646.4498736,677.5396913,632.8438094,1541.335964,2510.994774,1718.080201,1556.916271,2464.77011,1718.080201,1599.765375,2776.530363,1718.080201,1676.358754,1886.418646,1718.080201,198.1246103,197.2264007,0.001001968,0.001005531,0.001008742,0.001011081,953.7887228,953.7887228,953.7887228,2322.374144,2322.374144,2322.374144,2322.374144,2322.374144
10/6/1991,569.375887,485.3307393,600.6578095,726.7241607,729.739731,600.6578095,1837.85718,2061.076254,2042.286683,1973.392176,2510.994774,2042.286683,1911.79817,2464.77011,2042.286683,1682.353117,2776.530363,2042.286683,163.4209284,162.7067357,0.001001968,0.001005531,0.001008742,0.001011081,828.9421489,828.9421489,828.9421489,2093.797515,2093.797515,2093.797515,2093.797515,2093.797515
10/7/1991,645.3743907,1044.379703,652.6870614,509.2108536,485.3307393,652.6870614,2579.209907,1971.493691,2873.119869,2412.862246,2061.076254,2873.119869,2441.787997,2510.994774,2873.119869,2712.12664,2464.77011,2873.119869,9.492458453,9.474103111,0.001001968,0.001005531,0.001008742,0.001011081,748.5716056,748.5716056,748.5716056,2119.221219,2119.221219,2119.221219,2119.221219,2119.221219
10/8/1991,1038.042901,1052.577084,1149.81635,1051.076382,1044.379703,1149.81635,2412.09242,1509.715101,2766.923266,2339.79803,1971.493691,2766.923266,2431.408585,2061.076254,2766.923266,2020.990349,2510.994774,2766.923266,581.4704343,578.3022439,0.001001968,0.001005531,0.001008742,0.001011081,762.2400796,762.2400796,762.2400796,2134.86147,2134.86147,2134.86147,2134.86147,2134.86147
10/9/1991,867.1882996,647.4681926,964.3536524,1052.463539,1052.577084,964.3536524,2454.715759,2452.12975,2830.808641,2557.992573,1509.715101,2830.808641,2548.224887,1971.493691,2830.808641,2691.190537,2061.076254,2830.808641,516.9987488,514.2335318,0.001001968,0.001005531,0.001008742,0.001011081,778.5752265,778.5752265,778.5752265,2180.495793,2180.495793,2180.495793,2180.495793,2180.495793
10/10/1991,536.5322255,829.3537413,568.6850157,633.0151465,647.4681926,568.6850157,1376.138011,3251.272717,1521.895964,1444.245406,2452.12975,1521.895964,1553.32967,1509.715101,1521.895964,1844.633588,1971.493691,1521.895964,191.4555582,190.5931442,0.001001968,0.001005531,0.001008742,0.001011081,768.6525218,768.6525218,768.6525218,2210.122747,2210.122747,2210.122747,2210.122747,2210.122747
10/11/1991,463.7880818,732.4371506,484.0842842,537.9274375,829.3537413,484.0842842,1398.379709,3396.353676,1539.690392,1453.532514,3251.272717,1539.690392,1496.55004,2452.12975,1539.690392,1577.412161,1509.715101,1539.690392,118.3005385,117.8158998,0.001001968,0.001005531,0.001008742,0.001011081,747.814451,747.814451,747.814451,2245.0873,2245.0873,2245.0873,2245.0873,2245.0873
10/12/1991,667.0934911,503.303008,698.3610271,871.196942,732.4371506,698.3610271,1565.0857,1934.114972,1691.803182,1766.068701,3396.353676,1691.803182,1605.747511,3251.272717,1691.803182,1364.477736,2452.12975,1691.803182,0.001000564,0.001006515,0.001001968,0.001005531,0.001008742,0.001011081,753.8960297,753.8960297,753.8960297,2243.559801,2243.559801,2243.559801,2243.559801,2243.559801
10/13/1991,1021.195834,1972.323879,1039.817893,591.0983462,503.303008,1039.817893,2632.42674,4154.32179,2889.732229,2177.38588,1934.114972,2889.732229,2303.151304,3396.353676,2889.732229,2443.604858,3251.272717,2889.732229,13.52919285,13.49892269,0.001001968,0.001005531,0.001008742,0.001011081,768.31419,768.31419,768.31419,2349.841826,2349.841826,2349.841826,2349.841826,2349.841826
10/14/1991,1780.733679,2684.354454,2054.936056,1977.849572,1972.323879,2054.936056,3723.95997,8180.897604,4421.920089,3725.991597,4154.32179,4421.920089,3757.272289,1934.114972,4421.920089,2799.750491,3396.353676,4421.920089,1288.830905,1280.935388,0.001001968,0.001005531,0.001008742,0.001011081,940.0800337,940.0800337,940.0800337,2344.525163,2344.525163,2344.525163,2344.525163,2344.525163
10/15/1991,982.992551,1645.287612,1097.542039,1288.399159,2684.354454,1097.542039,3184.674827,9438.307071,3700.231726,3386.17056,8180.897604,3700.231726,3424.926176,4154.32179,3700.231726,4014.84678,1934.114972,3700.231726,584.9886054,581.7982433,0.001001968,0.001005531,0.001008742,0.001011081,969.8312729,969.8312729,969.8312729,2472.23423,2472.23423,2472.23423,2472.23423,2472.23423
10/16/1991,2104.376755,1326.633819,2277.15322,2359.45569,1645.287612,2277.15322,2383.660983,6595.010603,2575.32853,2637.718163,9438.307071,2575.32853,2469.918808,8180.897604,2575.32853,1440.738124,4154.32179,2575.32853,75.17099569,74.89241465,0.001001968,0.001005531,0.001008742,0.001011081,1143.243022,1143.243022,1143.243022,2650.168354,2650.168354,2650.168354,2650.168354,2650.168354
10/17/1991,2423.653664,5734.51338,2487.399002,1267.339868,1326.633819,2487.399002,4995.900237,6349.790626,5473.256728,3797.743439,6595.010603,5473.256728,4049.463791,9438.307071,5473.256728,4712.567843,8180.897604,5473.256728,0.001000564,0.001006515,0.001001968,0.001005531,0.001008742,0.001011081,1264.318922,1264.318922,1264.318922,3090.463863,3090.463863,3090.463863,3090.463863,3090.463863
10/18/1991,5137.415691,3601.156997,5984.977336,5981.866266,5734.51338,5984.977336,10413.93193,5176.235122,12514.66746,10702.74434,6349.790626,12514.66746,10074.79813,6595.010603,12514.66746,6695.072624,9438.307071,12514.66746,3331.636416,3308.53227,0.001001968,0.001005531,0.001008742,0.001011081,1847.867749,1847.867749,1847.867749,3898.684718,3898.684718,3898.684718,3898.684718,3898.684718
10/19/1991,3146.271165,2258.016835,3474.705005,3765.050666,3601.156997,3474.705005,9700.747771,3870.416243,11360.36462,10017.98803,5176.235122,11360.36462,10125.24288,6349.790626,11360.36462,11563.19752,6595.010603,11360.36462,1354.81834,1346.460978,0.001001968,0.001005531,0.001008742,0.001011081,2280.839101,2280.839101,2280.839101,5117.137116,5117.137116,5117.137116,5117.137116,5117.137116
10/20/1991,1955.620517,1763.146655,2126.937204,2283.498837,2258.016835,2126.937204,3194.761348,3246.727487,3590.666372,3418.281149,3870.416243,3590.666372,4284.594878,5176.235122,3590.666372,5135.540106,6349.790626,3590.666372,774.2320487,769.8249269,0.001001968,0.001005531,0.001008742,0.001011081,2604.694241,2604.694241,2604.694241,5768.987169,5768.987169,5768.987169,5768.987169,5768.987169
10/21/1991,1464.381347,1380.996367,1586.191788,1778.148557,1763.146655,1586.191788,3557.484423,2826.217989,4046.55603,3774.749451,3246.727487,4046.55603,4113.127583,3870.416243,4046.55603,5172.304508,5176.235122,4046.55603,568.576762,565.4896723,0.001001968,0.001005531,0.001008742,0.001011081,2643.690661,2643.690661,2643.690661,6106.268808,6106.268808,6106.268808,6106.268808,6106.268808
10/22/1991,1219.798589,1245.77536,1308.634747,1390.533578,1380.996367,1308.634747,3004.088584,2588.968618,3393.300256,3102.271597,2826.217989,3393.300256,3370.047834,3246.727487,3393.300256,3876.914026,3870.416243,3393.300256,422.7470618,420.5583314,0.001001968,0.001005531,0.001008742,0.001011081,2693.754149,2693.754149,2693.754149,6215.465402,6215.465402,6215.465402,6215.465402,6215.465402
10/23/1991,1099.470861,1100.326876,1181.714528,1251.928341,1245.77536,1181.714528,2616.902226,2400.676724,2951.469993,2704.642854,2588.968618,2951.469993,2852.185704,2826.217989,2951.469993,3164.921423,3246.727487,2951.469993,398.7763871,396.7315573,0.001001968,0.001005531,0.001008742,0.001011081,2574.189255,2574.189255,2574.189255,6175.215095,6175.215095,6175.215095,6175.215095,6175.215095
10/24/1991,992.6039596,1030.189334,1063.14226,1104.290156,1100.326876,1063.14226,2368.181817,2216.62613,2662.610531,2424.020098,2400.676724,2662.610531,2548.587258,2588.968618,2662.610531,2754.531376,2826.217989,2662.610531,346.8894602,345.1518042,0.001001968,0.001005531,0.001008742,0.001011081,2519.883745,2519.883745,2519.883745,5849.458917,5849.458917,5849.458917,5849.458917,5849.458917
10/25/1991,934.5308199,967.0464012,1002.15882,1032.688967,1030.189334,1002.15882,2180.737208,2098.610727,2448.468948,2226.744775,2216.62613,2448.468948,2320.072331,2400.676724,2448.468948,2460.380702,2588.968618,2448.468948,337.0136894,335.3337773,0.001001968,0.001005531,0.001008742,0.001011081,2009.884174,2009.884174,2009.884174,5129.266361,5129.266361,5129.266361,5129.266361,5129.266361
10/26/1991,879.9245459,912.4735225,943.5620432,968.5433416,967.0464012,943.5620432,2069.533673,2101.60329,2321.755439,2108.870968,2098.610727,2321.755439,2187.499196,2216.62613,2321.755439,2294.175453,2400.676724,2321.755439,320.6145832,319.0300089,0.001001968,0.001005531,0.001008742,0.001011081,1619.173693,1619.173693,1619.173693,4000.373087,4000.373087,4000.373087,4000.373087,4000.373087
10/27/1991,832.2703766,815.8064585,892.2534277,913.2700505,912.4735225,892.2534277,1955.233748,2028.101439,2190.573118,1989.905949,2101.60329,2190.573118,2059.875048,2098.610727,2190.573118,2149.849358,2216.62613,2190.573118,305.0824722,303.5875363,0.001001968,0.001005531,0.001008742,0.001011081,1324.685363,1324.685363,1324.685363,3284.040737,3284.040737,3284.040737,3284.040737,3284.040737
10/28/1991,735.9423774,781.5353719,783.2304221,816.0990263,815.8064585,783.2304221,1774.02699,1927.405358,1976.083408,1816.691953,2028.101439,1976.083408,1871.40538,2101.60329,1976.083408,1997.659165,2098.610727,1976.083408,242.022238,240.8839058,0.001001968,0.001005531,0.001008742,0.001011081,1153.198253,1153.198253,1153.198253,2828.928293,2828.928293,2828.928293,2828.928293,2828.928293
10/29/1991,746.214954,876.6545403,794.9415427,781.463896,781.5353719,794.9415427,1736.982515,1880.499985,1934.501608,1734.423302,1927.405358,1934.501608,1802.909065,2028.101439,1934.501608,1848.702873,2101.60329,1934.501608,251.7102874,250.5179993,0.001001968,0.001005531,0.001008742,0.001011081,1040.272061,1040.272061,1040.272061,2537.246023,2537.246023,2537.246023,2537.246023,2537.246023
10/30/1991,795.5812016,784.7334811,861.8563595,876.3245911,876.6545403,861.8563595,1871.236113,1815.364893,2111.35386,1901.753396,1880.499985,2111.35386,1938.790849,1927.405358,2111.35386,1911.48226,2028.101439,2111.35386,343.1730338,341.4571364,0.001001968,0.001005531,0.001008742,0.001011081,971.1055119,971.1055119,971.1055119,2353.975605,2353.975605,2353.975605,2353.975605,2353.975605
10/31/1991,708.3333588,723.1027756,760.9462035,784.220857,784.7334811,760.9462035,1747.801911,1746.24903,1960.068496,1782.073716,1815.364893,1960.068496,1833.930809,1880.499985,1960.068496,1922.652621,1927.405358,1960.068496,275.3138158,273.9887647,0.001001968,0.001005531,0.001008742,0.001011081,916.1404132,916.1404132,916.1404132,2226.972136,2226.972136,2226.972136,2226.972136,2226.972136
11/1/1991,663.0465707,701.2235844,709.6831563,722.3381206,723.1027756,709.6831563,1576.577631,1684.189069,1757.727326,1600.019029,1746.24903,1757.727326,1657.453299,1815.364893,1757.727326,1730.156082,1880.499985,1757.727326,245.6632047,244.5046328,0.001001968,0.001005531,0.001008742,0.001011081,868.2646233,868.2646233,868.2646233,2126.725332,2126.725332,2126.725332,2126.725332,2126.725332
11/2/1991,644.4290454,677.5200328,690.619026,700.508546,701.2235844,690.619026,1568.339755,1638.145662,1753.988688,1588.296644,1684.189069,1753.988688,1633.893273,1746.24903,1753.988688,1690.723894,1815.364893,1753.988688,244.5723292,243.4198262,0.001001968,0.001005531,0.001008742,0.001011081,826.6244208,826.6244208,826.6244208,2039.906025,2039.906025,2039.906025,2039.906025,2039.906025
11/3/1991,623.1239981,655.039116,667.9794441,676.8241169,677.5200328,667.9794441,1525.994512,1596.836655,1707.866603,1544.225703,1638.145662,1707.866603,1585.80887,1684.189069,1707.866603,1643.6907,1746.24903,1707.866603,238.7553787,237.6351669,0.001001968,0.001005531,0.001008742,0.001011081,790.0708454,790.0708454,790.0708454,1962.095756,1962.095756,1962.095756,1962.095756,1962.095756
11/4/1991,602.6236209,633.7799048,646.0902884,654.204079,655.039116,646.0902884,1477.967083,1557.956346,1653.366612,1495.214831,1596.836655,1653.366612,1534.657188,1638.145662,1653.366612,1578.2933,1684.189069,1653.366612,232.5494546,231.4635599,0.001001968,0.001005531,0.001008742,0.001011081,764.5291606,764.5291606,764.5291606,1899.853157,1899.853157,1899.853157,1899.853157,1899.853157
11/5/1991,583.3656727,613.9255802,625.4960916,632.9099278,633.7799048,625.4960916,1439.432419,1518.956758,1610.032998,1455.646267,1557.956346,1610.032998,1493.306852,1596.836655,1610.032998,1533.160729,1638.145662,1610.032998,226.4952947,225.4427419,0.001001968,0.001005531,0.001008742,0.001011081,739.3256422,739.3256422,739.3256422,1846.130117,1846.130117,1846.130117,1846.130117,1846.130117
11/6/1991,565.3495435,595.2209489,606.2389537,613.0407613,613.9255802,606.2389537,1404.187047,1526.412363,1570.445732,1419.460257,1518.956758,1570.445732,1455.483558,1557.956346,1570.445732,1493.425964,1596.836655,1570.445732,220.8559006,219.8342815,0.001001968,0.001005531,0.001008742,0.001011081,704.4650151,704.4650151,704.4650151,1786.285312,1786.285312,1786.285312,1786.285312,1786.285312
11/7/1991,548.3422595,577.5010749,588.0581701,594.3315008,595.2209489,588.0581701,1368.960003,1679.170696,1531.066158,1383.366835,1526.412363,1531.066158,1417.822257,1518.956758,1531.066158,1456.391912,1557.956346,1531.066158,215.5002347,214.5078794,0.001001968,0.001005531,0.001008742,0.001011081,675.9071957,675.9071957,675.9071957,1725.450306,1725.450306,1725.450306,1725.450306,1725.450306
11/8/1991,532.2089815,560.6610854,570.8067884,576.6143065,577.5010749,570.8067884,1332.449424,2123.953845,1490.560062,1346.039412,1679.170696,1490.560062,1379.038885,1526.412363,1490.560062,1419.13473,1518.956758,1490.560062,210.3742468,209.4097941,0.001001968,0.001005531,0.001008742,0.001011081,652.3621325,652.3621325,652.3621325,1670.522575,1670.522575,1670.522575,1670.522575,1670.522575
11/9/1991,516.8615234,572.4225912,554.3909714,559.7832098,560.6610854,554.3909714,1301.837547,2078.70829,1456.236342,1314.712716,2123.953845,1456.236342,1346.405696,1679.170696,1456.236342,1380.737428,1526.412363,1456.236342,205.4557755,204.5179958,0.001001968,0.001005531,0.001008742,0.001011081,631.0244387,631.0244387,631.0244387,1622.845571,1622.845571,1622.845571,1622.845571,1622.845571
11/10/1991,502.2216291,687.2382682,538.7269904,543.7465204,572.4225912,538.7269904,1307.765185,2108.037822,1465.801593,1319.177749,2078.70829,1465.801593,1348.644969,2123.953845,1465.801593,1387.941982,1679.170696,1465.801593,200.7223632,199.8101582,0.001001968,0.001005531,0.001008742,0.001011081,611.1093353,611.1093353,611.1093353,1586.847809,1586.847809,1586.847809,1586.847809,1586.847809
11/11/1991,620.199226,981.5267759,663.1407262,679.9718883,687.2382682,663.1407262,1628.430144,1747.690652,1826.284602,1655.061576,2108.037822,1826.284602,1586.454333,2078.70829,1826.284602,1508.738128,2123.953845,1826.284602,218.522374,217.5135193,0.001001968,0.001005531,0.001008742,0.001011081,599.6750144,599.6750144,599.6750144,1587.787941,1587.787941,1587.787941,1587.787941,1587.787941
11/12/1991,1021.948621,960.5901599,1108.691342,998.6197993,981.5267759,1108.691342,2388.873916,1379.899242,2714.352568,2298.481028,1747.690652,2714.352568,2245.766904,2108.037822,2714.352568,1998.322113,2078.70829,2714.352568,426.8835084,424.669827,0.001001968,0.001005531,0.001008742,0.001011081,635.3064684,635.3064684,635.3064684,1677.059888,1677.059888,1677.059888,1677.059888,1677.059888
11/13/1991,889.220953,733.1631465,976.2791453,971.9049039,960.5901599,976.2791453,2155.443035,1556.08847,2458.284449,2171.587899,1379.899242,2458.284449,2257.084645,1747.690652,2458.284449,2157.655054,2108.037822,2458.284449,446.6362842,444.302989,0.001001968,0.001005531,0.001008742,0.001011081,688.6084816,688.6084816,688.6084816,1776.091325,1776.091325,1776.091325,1776.091325,1776.091325
11/14/1991,620.1343634,520.9809506,667.9307555,713.2978099,733.1631465,667.9307555,1683.278388,1654.563804,1891.636344,1736.136359,1556.08847,1891.636344,1818.760645,1379.899242,1891.636344,2077.446724,1747.690652,1891.636344,259.2197348,257.9854048,0.001001968,0.001005531,0.001008742,0.001011081,711.8340092,711.8340092,711.8340092,1863.478684,1863.478684,1863.478684,1863.478684,1863.478684
11/15/1991,416.4086778,482.0446223,429.7028402,465.709289,520.9809506,429.7028402,1076.293829,1552.97496,1162.080009,1113.708979,1654.563804,1162.080009,1179.936946,1556.08847,1162.080009,1434.63773,1379.899242,1162.080009,60.80380471,60.58950545,0.001001968,0.001005531,0.001008742,0.001011081,703.8898245,703.8898245,703.8898245,1883.529543,1883.529543,1883.529543,1883.529543,1883.529543
11/16/1991,619.6334203,905.0719303,640.2840434,501.4245555,482.0446223,640.2840434,1156.260347,1617.931172,1237.758161,1025.9598,1552.97496,1237.758161,1073.150719,1654.563804,1237.758161,1074.463333,1556.08847,1237.758161,83.97589629,83.6561853,0.001001968,0.001005531,0.001008742,0.001011081,699.9551447,699.9551447,699.9551447,1859.476571,1859.476571,1859.476571,1859.476571,1859.476571
11/17/1991,910.9148943,880.0470576,989.98795,924.0792413,905.0719303,989.98795,1775.65618,1611.132645,2004.848837,1734.655269,1617.931172,2004.848837,1669.583129,1552.97496,2004.848837,1430.770829,1654.563804,2004.848837,403.7848823,401.7100847,0.001001968,0.001005531,0.001008742,0.001011081,735.192407,735.192407,735.192407,1856.050488,1856.050488,1856.050488,1856.050488,1856.050488
11/18/1991,748.6857411,636.2495483,811.4453019,881.2173991,880.0470576,811.4453019,1700.978912,1728.005281,1917.140067,1786.55339,1611.132645,1917.140067,1776.149526,1617.931172,1917.140067,1767.025195,1552.97496,1917.140067,330.3676504,328.7264596,0.001001968,0.001005531,0.001008742,0.001011081,769.4339716,769.4339716,769.4339716,1854.757941,1854.757941,1854.757941,1854.757941,1854.757941
11/19/1991,566.8722421,592.9739688,597.8345549,635.7568369,636.2495483,597.8345549,1224.07003,1641.455005,1339.744626,1270.156401,1728.005281,1339.744626,1363.843105,1611.132645,1339.744626,1499.073017,1617.931172,1339.744626,165.3873007,164.6628378,0.001001968,0.001005531,0.001008742,0.001011081,743.1693315,743.1693315,743.1693315,1772.699059,1772.699059,1772.699059,1772.699059,1772.699059
11/20/1991,545.3083125,750.074886,576.4300478,592.7010423,592.9739688,576.4300478,1214.230215,7684.044272,1339.899879,1237.938659,1641.455005,1339.899879,1298.183044,1728.005281,1339.899879,1402.274724,1611.132645,1339.899879,167.4928869,166.7574045,0.001001968,0.001005531,0.001008742,0.001011081,691.3351789,691.3351789,691.3351789,1667.534072,1667.534072,1667.534072,1667.534072,1667.534072
11/21/1991,471.7134983,2957.408726,493.1659422,516.1838744,750.074886,493.1659422,1267.642255,15615.23053,1397.759292,1292.34832,7684.044272,1397.759292,1318.420095,1641.455005,1397.759292,1408.047452,1728.005281,1397.759292,113.6292701,113.1676399,0.001001968,0.001005531,0.001008742,0.001011081,658.243585,658.243585,658.243585,1570.150837,1570.150837,1570.150837,1570.150837,1570.150837
11/22/1991,2179.506412,4087.98446,2428.75084,2293.974999,2957.408726,2428.75084,3918.519315,15992.31221,4438.101329,3919.745044,15615.23053,4438.101329,3483.272556,7684.044272,4438.101329,1526.201097,1641.455005,4438.101329,998.2617135,992.3633893,0.001001968,0.001005531,0.001008742,0.001011081,818.5897507,818.5897507,818.5897507,1695.749167,1695.749167,1695.749167,1695.749167,1695.749167
11/23/1991,6134.251214,8260.627756,6433.981381,4439.215636,4087.98446,6433.981381,9062.309719,15010.66337,9672.097459,7341.856406,15992.31221,9672.097459,5576.875268,15615.23053,9672.097459,3672.804287,7684.044272,9672.097459,549.7553523,546.7861997,0.001001968,0.001005531,0.001008742,0.001011081,1113.049794,1113.049794,1113.049794,2189.695559,2189.695559,2189.695559,2189.695559,2189.695559
11/24/1991,10376.44723,15905.58553,11385.26177,8531.258161,8260.627756,11385.26177,15294.94434,11382.58558,17473.77989,12825.85072,15010.66337,17473.77989,12580.45008,15992.31221,17473.77989,8789.484196,15615.23053,17473.77989,3889.044091,3861.562226,0.001001968,0.001005531,0.001008742,0.001011081,2060.655886,2060.655886,2060.655886,3528.40469,3528.40469,3528.40469,3528.40469,3528.40469
11/25/1991,12039.37846,6716.768172,14633.01343,15936.90466,15905.58553,14633.01343,20804.53136,8020.143408,26207.53739,22922.97651,11382.58558,26207.53739,23613.31037,15010.66337,26207.53739,17368.73196,15992.31221,26207.53739,9900.269602,9822.435589,0.001001968,0.001005531,0.001008742,0.001011081,3972.336476,3972.336476,3972.336476,5711.462254,5711.462254,5711.462254,5711.462254,5711.462254
11/26/1991,4111.795027,2215.648354,4654.350633,6731.940463,6716.768172,4654.350633,10698.45956,5168.607042,12667.17703,12874.76229,8020.143408,12667.17703,14803.5587,11382.58558,12667.17703,21181.18497,15010.66337,12667.17703,2331.276495,2315.818347,0.001001968,0.001005531,0.001008742,0.001011081,5055.058148,5055.058148,5055.058148,8027.786768,8027.786768,8027.786768,8027.786768,8027.786768
11/27/1991,1648.977972,2281.41802,1668.371801,2224.020886,2215.648354,1668.371801,2022.659004,4503.265183,2053.349257,2602.563803,5168.607042,2053.349257,4760.6475,8020.143408,2053.349257,8817.712563,11382.58558,2053.349257,0.001000564,0.001006515,0.001001968,0.001005531,0.001008742,0.001011081,5588.449414,5588.449414,5588.449414,9905.817782,9905.817782,9905.817782,9905.817782,9905.817782
11/28/1991,1937.181444,2115.362769,2081.824576,2286.935278,2281.41802,2081.824576,4390.118718,4837.911364,4979.816785,4626.29838,4503.265183,4979.816785,5308.324776,5168.607042,4979.816785,6906.304798,8020.143408,4979.816785,668.8566453,665.1326329,0.001001968,0.001005531,0.001008742,0.001011081,5923.458421,5923.458421,5923.458421,10756.95214,10756.95214,10756.95214,10756.95214,10756.95214
11/29/1991,1842.633881,1957.554765,2002.065715,2119.065843,2115.362769,2002.065715,4851.999475,6746.833414,5559.672571,4991.480338,4837.911364,5559.672571,5312.802274,4503.265183,5559.672571,5951.337108,5168.607042,5559.672571,745.6629003,741.442264,0.001001968,0.001005531,0.001008742,0.001011081,6023.450392,6023.450392,6023.450392,11134.07979,11134.07979,11134.07979,11134.07979,11134.07979
11/30/1991,1728.834558,1804.261045,1884.780943,1960.019649,1957.554765,1884.780943,3601.831969,11554.67551,4094.719111,3720.547359,6746.833414,4094.719111,3974.05288,4837.911364,4094.719111,4306.431744,4503.265183,4094.719111,735.7806134,731.6242687,0.001001968,0.001005531,0.001008742,0.001011081,5951.742509,5951.742509,5951.742509,11060.61056,11060.61056,11060.61056,11060.61056,11060.61056
12/1/1991,1644.973031,2252.765665,1786.630264,1803.770068,1804.261045,1786.630264,3452.23413,10703.97035,3910.497034,3508.703285,11554.67551,3910.497034,3697.733258,6746.833414,3910.497034,3935.99459,4837.911364,3910.497034,674.1324518,670.3745575,0.001001968,0.001005531,0.001008742,0.001011081,5160.262357,5160.262357,5160.262357,10096.97384,10096.97384,10096.97384,10096.97384,10096.97384
12/2/1991,1684.812753,4085.887171,1848.666926,1899.448278,2252.765665,1848.666926,4025.733175,10117.66622,4615.360651,4114.402849,10703.97035,4615.360651,4229.184008,11554.67551,4615.360651,4257.048176,6746.833414,4615.360651,775.6685453,771.2520227,0.001001968,0.001005531,0.001008742,0.001011081,3402.113444,3402.113444,3402.113444,8331.141666,8331.141666,8331.141666,8331.141666,8331.141666
12/3/1991,5116.953145,8599.037169,5576.890853,4155.216638,4085.887171,5576.890853,10009.4152,9902.607894,11413.01529,8768.867754,10117.66622,11413.01529,8197.940423,10703.97035,11413.01529,6132.506118,11554.67551,11413.01529,1762.385403,1751.119244,0.001001968,0.001005531,0.001008742,0.001011081,2686.116052,2686.116052,2686.116052,6850.041724,6850.041724,6850.041724,6850.041724,6850.041724
12/4/1991,7577.926987,5457.965928,8741.952499,8730.942867,8599.037169,8741.952499,15963.07408,7646.862477,19129.74148,16297.4098,9902.607894,19129.74148,15376.30287,10117.66622,19129.74148,12116.67572,10703.97035,19129.74148,4556.199293,4523.388867,0.001001968,0.001005531,0.001008742,0.001011081,3047.561946,3047.561946,3047.561946,6658.986313,6658.986313,6658.986313,6658.986313,6658.986313
12/5/1991,4250.270691,3180.194958,4796.451512,5483.994528,5457.965928,4796.451512,10000.75064,5780.434578,11754.26047,10827.77443,7646.862477,11754.26047,12066.59949,9902.607894,11754.26047,13054.94548,10117.66622,11754.26047,2295.737492,2280.545024,0.001001968,0.001005531,0.001008742,0.001011081,3534.717476,3534.717476,3534.717476,7470.110685,7470.110685,7470.110685,7470.110685,7470.110685
12/6/1991,2680.909537,2819.583161,2917.074904,3187.45489,3180.194958,2917.074904,5020.953949,6138.357452,5665.877558,5375.328147,5780.434578,5665.877558,6565.222055,7646.862477,5665.877558,8891.97558,9902.607894,5665.877558,1041.442737,1035.251727,0.001001968,0.001005531,0.001008742,0.001011081,3797.02373,3797.02373,3797.02373,8245.933611,8245.933611,8245.933611,8245.933611,8245.933611
12/7/1991,2456.831931,2623.161651,2692.581927,2822.611945,2819.583161,2692.581927,5255.662393,6399.916215,6005.404361,5453.531249,6138.357452,6005.404361,5989.863124,5780.434578,6005.404361,7169.245751,7646.862477,6005.404361,1054.648233,1048.367408,0.001001968,0.001005531,0.001008742,0.001011081,3952.271604,3952.271604,3952.271604,8748.630383,8748.630383,8748.630383,8748.630383,8748.630383
12/8/1991,2351.627666,2368.174968,2569.524772,2576.757951,2623.161651,2569.524772,5143.401195,5980.33908,5872.29986,5209.596377,6399.916215,5872.29986,5528.471843,6138.357452,5872.29986,6075.978858,5780.434578,5872.29986,982.7817534,976.9879701,0.001001968,0.001005531,0.001008742,0.001011081,4073.881523,4073.881523,4073.881523,9038.349735,9038.349735,9038.349735,9038.349735,9038.349735
12/9/1991,2257.822138,2833.758488,2422.505799,2359.91421,2368.174968,2422.505799,4492.387161,6025.850508,5031.282492,4484.132981,5980.33908,5031.282492,4604.916484,6399.916215,5031.282492,5009.331422,6138.357452,5031.282492,730.4256892,726.304135,0.001001968,0.001005531,0.001008742,0.001011081,4140.205721,4140.205721,4140.205721,9131.658085,9131.658085,9131.658085,9131.658085,9131.658085
12/10/1991,2853.176158,3502.271057,3097.365964,2843.333538,2833.758488,3097.365964,5836.215328,6215.197993,6627.041188,5657.73551,6025.850508,6627.041188,5705.161581,5980.33908,6627.041188,5387.618194,6399.916215,6627.041188,1074.238387,1067.824062,0.001001968,0.001005531,0.001008742,0.001011081,4059.015471,4059.015471,4059.015471,8919.134462,8919.134462,8919.134462,8919.134462,8919.134462
12/11/1991,3222.991246,3463.676781,3573.182978,3509.126542,3502.271057,3573.182978,6520.721131,6092.593806,7540.624463,6559.560376,6215.197993,7540.624463,6619.750957,6025.850508,7540.624463,6200.187264,5980.33908,7540.624463,1539.263804,1529.601381,0.001001968,0.001005531,0.001008742,0.001011081,3544.391237,3544.391237,3544.391237,7938.774875,7938.774875,7938.774875,7938.774875,7938.774875
12/12/1991,2993.064777,3589.729807,3327.361421,3415.652759,3463.676781,3327.361421,5551.347465,6604.998372,6412.502294,5746.565445,6092.593806,6412.502294,6048.434836,6215.197993,6412.502294,6001.267837,6025.850508,6412.502294,1486.333642,1477.047763,0.001001968,0.001005531,0.001008742,0.001011081,3137.703614,3137.703614,3137.703614,6953.039177,6953.039177,6953.039177,6953.039177,6953.039177
12/13/1991,3066.517019,3799.420873,3426.718081,3519.054027,3589.729807,3426.718081,5354.439671,7116.966908,6191.969127,5576.947953,6604.998372,6191.969127,5904.81719,6092.593806,6191.969127,5784.910729,6215.197993,6191.969127,1568.558686,1558.68719,0.001001968,0.001005531,0.001008742,0.001011081,3045.238841,3045.238841,3045.238841,6330.505454,6330.505454,6330.505454,6330.505454,6330.505454
12/14/1991,3527.37378,3892.020387,3925.35824,3799.842728,3799.420873,3925.35824,5966.183731,6905.180817,6870.739222,5993.110755,7116.966908,6870.739222,6222.777887,6604.998372,6870.739222,6046.093573,6092.593806,6870.739222,1678.936354,1668.272995,0.001001968,0.001005531,0.001008742,0.001011081,3118.643244,3118.643244,3118.643244,6132.51098,6132.51098,6132.51098,6132.51098,6132.51098
12/15/1991,3755.832005,4258.411859,4147.903569,3924.788652,3892.020387,4147.903569,5880.715802,6344.314167,6723.662968,5811.703807,6905.180817,6723.662968,5993.30038,7116.966908,6723.662968,6015.12737,6604.998372,6723.662968,1657.600557,1647.090758,0.001001968,0.001005531,0.001008742,0.001011081,3266.561585,3266.561585,3266.561585,6155.753659,6155.753659,6155.753659,6155.753659,6155.753659
12/16/1991,3910.046494,4295.014438,4374.496734,4271.525885,4258.411859,4374.496734,6167.09624,5927.749282,7150.476927,6233.718664,6344.314167,7150.476927,6593.870173,6905.180817,7150.476927,6249.052588,7116.966908,7150.476927,1995.599092,1982.630924,0.001001968,0.001005531,0.001008742,0.001011081,3532.076029,3532.076029,3532.076029,6369.317403,6369.317403,6369.317403,6369.317403,6369.317403
12/17/1991,3655.909119,3422.884506,4130.530287,4296.442158,4295.014438,4130.530287,6259.466557,5434.139416,7336.164921,6585.939754,5927.749282,7336.164921,7008.780697,6344.314167,7336.164921,7055.525335,6905.180817,7336.164921,2054.435437,2041.034098,0.001001968,0.001005531,0.001008742,0.001011081,3760.807805,3760.807805,3760.807805,6527.337531,6527.337531,6527.337531,6527.337531,6527.337531
12/18/1991,2892.324178,2916.337908,3210.333863,3423.409637,3422.884506,3210.333863,5021.201378,5009.659398,5784.491314,5343.095566,5434.139416,5784.491314,5828.35586,5927.749282,5784.491314,6578.165826,6344.314167,5784.491314,1411.389688,1402.634198,0.001001968,0.001005531,0.001008742,0.001011081,3810.606148,3810.606148,3810.606148,6572.189085,6572.189085,6572.189085,6572.189085,6572.189085
12/19/1991,2562.55575,2788.800624,2821.044501,2916.494762,2916.337908,2821.044501,4207.231143,4716.203346,4797.885743,4397.216843,5009.659398,4797.885743,4866.559997,5434.139416,4797.885743,5397.90731,5927.749282,4797.885743,1162.134233,1155.117263,0.001001968,0.001005531,0.001008742,0.001011081,3771.205302,3771.205302,3771.205302,6547.596138,6547.596138,6547.596138,6547.596138,6547.596138
12/20/1991,2467.647152,2655.454668,2726.286274,2788.679615,2788.800624,2726.286274,4344.175409,4570.62298,4978.578002,4495.340325,4716.203346,4978.578002,4836.928585,5009.659398,4978.578002,5138.090169,5434.139416,4978.578002,1167.787196,1160.731268,0.001001968,0.001005531,0.001008742,0.001011081,3682.037744,3682.037744,3682.037744,6429.927226,6429.927226,6429.927226,6429.927226,6429.927226
12/21/1991,2357.052168,2528.021136,2606.261045,2655.124125,2655.454668,2606.261045,4237.322763,4566.601635,4858.962223,4370.509455,4570.62298,4858.962223,4667.074577,4716.203346,4858.962223,4881.002903,5009.659398,4858.962223,1131.26445,1124.459801,0.001001968,0.001005531,0.001008742,0.001011081,3545.887273,3545.887273,3545.887273,6237.568752,6237.568752,6237.568752,6237.568752,6237.568752
12/22/1991,2265.763006,2428.769705,2502.450888,2527.490737,2528.021136,2502.450888,4004.309317,4333.889187,4582.858461,4111.033131,4566.601635,4582.858461,4378.837102,4570.62298,4582.858461,4571.771777,4716.203346,4582.858461,1080.198844,1073.74384,0.001001968,0.001005531,0.001008742,0.001011081,3377.593634,3377.593634,3377.593634,6022.950796,6022.950796,6022.950796,6022.950796,6022.950796
12/23/1991,2181.099561,2366.302596,2404.17662,2425.824954,2428.769705,2404.17662,3817.084487,4185.300783,4357.908741,3916.7144,4333.889187,4357.908741,4142.090583,4566.601635,4357.908741,4315.744226,4570.62298,4357.908741,1023.160522,1017.093621,0.001001968,0.001005531,0.001008742,0.001011081,3126.495486,3126.495486,3126.495486,5706.348177,5706.348177,5706.348177,5706.348177,5706.348177
12/24/1991,2160.692908,2407.977044,2377.304832,2366.629027,2366.302596,2377.304832,3827.319664,4075.116486,4362.327478,3892.219018,4185.300783,4362.327478,4102.131039,4333.889187,4362.327478,4191.454432,4566.601635,4362.327478,995.9981428,990.1151181,0.001001968,0.001005531,0.001008742,0.001011081,2853.23936,2853.23936,2853.23936,5320.99509,5320.99509,5320.99509,5320.99509,5320.99509
12/25/1991,2157.618965,2271.695607,2383.677848,2408.383338,2407.977044,2383.677848,3902.798836,4895.226035,4469.226972,4003.743974,4075.116486,4469.226972,4186.947326,4185.300783,4469.226972,4243.934637,4333.889187,4469.226972,1039.728531,1033.54917,0.001001968,0.001005531,0.001008742,0.001011081,2676.330092,2676.330092,2676.330092,4987.490814,4987.490814,4987.490814,4987.490814,4987.490814
12/26/1991,2027.967834,2165.415777,2235.181117,2270.940199,2271.695607,2235.181117,3604.860462,5170.653002,4116.60844,3711.619211,4895.226035,4116.60844,3935.588204,4075.116486,4116.60844,4071.143266,4185.300783,4116.60844,960.5024872,954.8587971,0.001001968,0.001005531,0.001008742,0.001011081,2555.778317,2555.778317,2555.778317,4731.929975,4731.929975,4731.929975,4731.929975,4731.929975
12/27/1991,1939.848496,2090.450744,2136.524248,2164.595151,2165.415777,2136.524248,3405.230059,5377.362467,3883.268929,3501.728995,5170.653002,3883.268929,3723.874043,4895.226035,3883.268929,3865.760514,4075.116486,3883.268929,916.7242891,911.3742362,0.001001968,0.001005531,0.001008742,0.001011081,2456.638522,2456.638522,2456.638522,4542.93787,4542.93787,4542.93787,4542.93787,4542.93787
12/28/1991,1866.286461,2147.122239,2055.382967,2082.479867,2090.450744,2055.382967,3315.313663,4897.844614,3781.317052,3407.497253,5377.362467,3781.317052,3611.099625,5170.653002,3781.317052,3747.896447,4895.226035,3781.317052,885.5070145,880.3652646,0.001001968,0.001005531,0.001008742,0.001011081,2368.369661,2368.369661,2368.369661,4385.356381,4385.356381,4385.356381,4385.356381,4385.356381
12/29/1991,1899.989642,2601.031865,2085.324348,2081.201986,2147.122239,2085.324348,4244.627763,4807.847063,4856.686405,4291.352903,4897.844614,4856.686405,4407.98578,5377.362467,4856.686405,4423.0981,5170.653002,4856.686405,861.2746118,856.2939123,0.001001968,0.001005531,0.001008742,0.001011081,2291.683606,2291.683606,2291.683606,4394.462166,4394.462166,4394.462166,4394.462166,4394.462166
12/30/1991,2504.821144,2763.700617,2763.378734,2622.31616,2601.031865,2763.378734,5252.533436,4637.309868,6034.235325,5194.737566,4807.847063,6034.235325,5177.343329,4897.844614,6034.235325,4846.558623,5377.362467,6034.235325,1127.967122,1121.185111,0.001001968,0.001005531,0.001008742,0.001011081,2284.210839,2284.210839,2284.210839,4506.748518,4506.748518,4506.748518,4506.748518,4506.748518
12/31/1991,2660.403607,2770.997828,2927.53369,2782.624342,2763.700617,2927.53369,5400.154756,5006.881586,6204.788906,5334.365267,4637.309868,6204.788906,5416.072822,4807.847063,6204.788906,5315.801344,4897.844614,6204.788906,1192.204154,1184.97969,0.001001968,0.001005531,0.001008742,0.001011081,2321.951175,2321.951175,2321.951175,4677.505994,4677.505994,4677.505994,4677.505994,4677.505994
1/1/1992,2424.09804,2358.158962,2693.041902,2770.635123,2770.997828,2693.041902,4336.695893,4986.554,4995.239272,4504.521978,5006.881586,4995.239272,4746.54795,4637.309868,4995.239272,4696.109179,4807.847063,4995.239272,1221.843098,1214.413483,0.001001968,0.001005531,0.001008742,0.001011081,2376.390526,2376.390526,2376.390526,4766.990036,4766.990036,4766.990036,4766.990036,4766.990036
1/2/1992,2077.621902,2237.255434,2281.360015,2355.644891,2358.158962,2281.360015,3838.053847,4971.199354,4375.637752,3979.21276,4986.554,4375.637752,4273.461547,5006.881586,4375.637752,4628.362802,4637.309868,4375.637752,942.9046338,937.3791881,0.001001968,0.001005531,0.001008742,0.001011081,2399.592218,2399.592218,2399.592218,4849.73717,4849.73717,4849.73717,4849.73717,4849.73717
1/3/1992,2006.920827,2505.236275,2199.688515,2208.337265,2237.255434,2199.688515,3547.174358,4932.410806,4029.623876,3622.468531,4971.199354,4029.623876,3880.430174,4986.554,4029.623876,4096.515066,5006.881586,4029.623876,897.0697643,891.8509674,0.001001968,0.001005531,0.001008742,0.001011081,2411.664405,2411.664405,2411.664405,4902.247959,4902.247959,4902.247959,4902.247959,4902.247959
1/4/1992,2268.400697,2920.800395,2516.386362,2482.070723,2505.236275,2516.386362,4475.70038,5051.988279,5145.984001,4520.640828,4932.410806,5145.984001,4706.789907,4971.199354,5145.984001,4527.653073,4986.554,5145.984001,1131.136221,1124.332453,0.001001968,0.001005531,0.001008742,0.001011081,2460.030769,2460.030769,2460.030769,5033.398747,5033.398747,5033.398747,5033.398747,5033.398747
1/5/1992,2958.750676,3524.246814,3267.782731,2940.791896,2920.800395,3267.782731,5326.928276,5277.923865,6103.121097,5107.017952,5051.988279,6103.121097,5152.934881,4932.410806,6103.121097,4881.364793,4971.199354,6103.121097,1361.980387,1353.57273,0.001001968,0.001005531,0.001008742,0.001011081,2556.054698,2556.054698,2556.054698,5065.731691,5065.731691,5065.731691,5065.731691,5065.731691
1/6/1992,3108.156857,2892.151415,3486.001508,3534.406391,3524.246814,3486.001508,5133.726426,5172.240493,5958.350689,5317.49613,5277.923865,5958.350689,5333.604898,5051.988279,5958.350689,4949.021047,4932.410806,5958.350689,1665.667833,1655.099999,0.001001968,0.001005531,0.001008742,0.001011081,2671.45442,2671.45442,2671.45442,5049.494052,5049.494052,5049.494052,5049.494052,5049.494052
1/7/1992,2487.818623,2490.755711,2759.284795,2891.64937,2892.151415,2759.284795,4209.696277,4837.51343,4831.651993,4437.839283,5172.240493,4831.651993,4864.997168,5277.923865,4831.651993,5074.300084,5051.988279,4831.651993,1234.457146,1226.940034,0.001001968,0.001005531,0.001008742,0.001011081,2731.950042,2731.950042,2731.950042,5004.13878,5004.13878,5004.13878,5004.13878,5004.13878
1/8/1992,2177.427831,2316.192626,2397.630763,2489.896759,2490.755711,2397.630763,3653.634885,4372.690948,4160.945466,3825.391662,4837.51343,4160.945466,4192.411229,5172.240493,4160.945466,4665.959603,5277.923865,4160.945466,1017.172981,1011.146666,0.001001968,0.001005531,0.001008742,0.001011081,2715.168746,2715.168746,2715.168746,5001.882778,5001.882778,5001.882778,5001.882778,5001.882778
1/9/1992,2046.095552,2381.801786,2250.992143,2301.974955,2316.192626,2250.992143,3845.100891,4187.830775,4391.574136,3961.665801,4372.690948,4391.574136,4246.459461,4837.51343,4391.574136,4555.614708,5172.240493,4391.574136,953.4364077,947.8402297,0.001001968,0.001005531,0.001008742,0.001011081,2706.023132,2706.023132,2706.023132,5003.317562,5003.317562,5003.317562,5003.317562,5003.317562
1/10/1992,2170.997011,2425.683891,2400.567899,2385.735249,2381.801786,2400.567899,4262.589629,5359.253711,4898.954099,4318.686524,4187.830775,4898.954099,4528.566599,4372.690948,4898.954099,4594.261431,4837.51343,4898.954099,1054.776423,1048.494724,0.001001968,0.001005531,0.001008742,0.001011081,2721.235416,2721.235416,2721.235416,5057.109463,5057.109463,5057.109463,5057.109463,5057.109463
1/11/1992,2163.909216,2230.682052,2400.625254,2430.403504,2425.683891,2400.625254,4169.510462,5526.72159,4800.785896,4273.912373,5359.253711,4800.785896,4448.509909,4187.830775,4800.785896,4497.190338,4372.690948,4800.785896,1090.509604,1083.984165,0.001001968,0.001005531,0.001008742,0.001011081,2713.412217,2713.412217,2713.412217,5032.759483,5032.759483,5032.759483,5032.759483,5032.759483
1/12/1992,1984.563812,2138.951777,2193.850139,2229.962822,2230.682052,2193.850139,3593.704223,7534.255581,4115.292522,3699.896164,5526.72159,4115.292522,3950.746768,5359.253711,4115.292522,4105.048729,4187.830775,4115.292522,976.752855,970.9997307,0.001001968,0.001005531,0.001008742,0.001011081,2652.157291,2652.157291,2652.157291,4928.945205,4928.945205,4928.945205,4928.945205,4928.945205
1/13/1992,1875.497981,2657.363139,2069.214957,2101.560639,2138.951777,2069.214957,3343.601592,7017.904493,3818.640307,3442.158775,7534.255581,3818.640307,3662.364773,5526.72159,3818.640307,3850.347452,5359.253711,3818.640307,910.5119278,905.2034011,0.001001968,0.001005531,0.001008742,0.001011081,2500.408564,2500.408564,2500.408564,4769.990092,4769.990092,4769.990092,4769.990092,4769.990092
1/14/1992,2395.430331,4085.608339,2675.91517,2536.995102,2657.363139,2675.91517,5284.869265,6989.973157,6104.380532,5233.744563,7017.904493,6104.380532,5420.457982,7534.255581,6104.380532,4834.174506,5526.72159,6104.380532,1268.420789,1260.667546,0.001001968,0.001005531,0.001008742,0.001011081,2416.181819,2416.181819,2416.181819,4789.618997,4789.618997,4789.618997,4789.618997,4789.618997
1/15/1992,4157.352566,4892.651797,4675.992788,4135.285467,4085.608339,4675.992788,7474.033897,6667.557942,8689.09491,7134.086596,6989.973157,8689.09491,6999.001832,7017.904493,8689.09491,5764.590187,7534.255581,8689.09491,2154.814412,2140.670762,0.001001968,0.001005531,0.001008742,0.001011081,2542.342388,2542.342388,2542.342388,4925.226211,4925.226211,4925.226211,4925.226211,4925.226211
1/16/1992,4499.866632,4226.291377,5084.633897,4940.148507,4892.651797,5084.633897,8551.814966,5911.341917,10039.9752,8593.120146,6667.557942,10039.9752,8524.438136,6989.973157,10039.9752,8076.954831,7017.904493,10039.9752,2461.894736,2445.45621,0.001001968,0.001005531,0.001008742,0.001011081,2823.578429,2823.578429,2823.578429,5411.816038,5411.816038,5411.816038,5411.816038,5411.816038
1/17/1992,3478.662075,3064.091539,3942.589608,4227.755305,4226.291377,3942.589608,5919.736375,5228.429266,6940.781205,6366.058558,5911.341917,6940.781205,6993.168089,6667.557942,6940.781205,7113.187557,6989.973157,6940.781205,2023.217654,2010.046331,0.001001968,0.001005531,0.001008742,0.001011081,3113.049538,3113.049538,3113.049538,5836.14134,5836.14134,5836.14134,5836.14134,5836.14134
1/18/1992,2558.410875,2625.257842,2834.273669,3063.897864,3064.091539,2834.273669,4573.980806,4798.203634,5250.17131,4898.313705,5228.429266,5250.17131,5508.779489,5911.341917,5250.17131,6616.793776,6667.557942,5250.17131,1247.260079,1239.654048,0.001001968,0.001005531,0.001008742,0.001011081,3259.989494,3259.989494,3259.989494,6180.882187,6180.882187,6180.882187,6180.882187,6180.882187
1/19/1992,2303.857966,2545.529855,2540.562245,2624.948084,2625.257842,2540.562245,4079.563795,5649.014837,4660.572249,4246.40757,4798.203634,4660.572249,4715.141541,5228.429266,4660.572249,5339.695499,5911.341917,4660.572249,1083.272015,1076.796026,0.001001968,0.001005531,0.001008742,0.001011081,3344.019037,3344.019037,3344.019037,6414.24921,6414.24921,6414.24921,6414.24921,6414.24921
1/20/1992,2249.709663,2436.693411,2494.684025,2545.137595,2545.529855,2494.684025,4271.464021,6383.501877,4911.201663,4401.358264,5649.014837,4911.201663,4718.816941,4798.203634,4911.201663,5008.640498,5228.429266,4911.201663,1123.860275,1117.106447,0.001001968,0.001005531,0.001008742,0.001011081,3415.666846,3415.666846,3415.666846,6574.016054,6574.016054,6574.016054,6574.016054,6574.016054
1/21/1992,2156.421399,2328.3955,2394.500495,2436.243649,2436.693411,2394.500495,4094.648128,9778.71202,4709.523472,4214.137316,6383.501877,4709.523472,4489.524299,5649.014837,4709.523472,4684.261841,4798.203634,4709.523472,1097.760761,1091.185739,0.001001968,0.001005531,0.001008742,0.001011081,3418.428875,3418.428875,3418.428875,6481.479028,6481.479028,6481.479028,6481.479028,6481.479028
1/22/1992,2061.436451,2923.850015,2289.867124,2326.424698,2328.3955,2289.867124,3848.697452,8699.722637,4421.349742,3961.940814,9778.71202,4421.349742,4220.535978,6383.501877,4421.349742,4378.253424,5649.014837,4421.349742,1059.083305,1052.772283,0.001001968,0.001005531,0.001008742,0.001011081,3252.819987,3252.819987,3252.819987,6275.577337,6275.577337,6275.577337,6275.577337,6275.577337
1/23/1992,2327.651352,4585.037078,2648.387427,2665.528824,2923.850015,2648.387427,5022.827991,8146.163894,5886.996015,5136.125237,8699.722637,5886.996015,5460.59594,9778.71202,5886.996015,5107.92047,6383.501877,5886.996015,1458.351323,1449.263864,0.001001968,0.001005531,0.001008742,0.001011081,3014.852962,3014.852962,3014.852962,5894.082855,5894.082855,5894.082855,5894.082855,5894.082855
1/24/1992,4362.898777,4589.040617,5042.834346,4661.424637,4585.037078,5042.834346,8558.514111,7538.966588,10142.20777,8444.129475,8146.163894,10142.20777,8624.349153,8699.722637,10142.20777,6722.54214,9778.71202,10142.20777,2756.767153,2738.094167,0.001001968,0.001005531,0.001008742,0.001011081,2985.825641,2985.825641,2985.825641,5764.291713,5764.291713,5764.291713,5764.291713,5764.291713
1/25/1992,4604.905868,5405.658493,5163.938356,4656.551236,4589.040617,5163.938356,10423.97522,7036.252872,12221.27006,10070.53312,7538.966588,12221.27006,9991.164379,8146.163894,12221.27006,10555.76687,8699.722637,12221.27006,2327.726221,2312.294634,0.001001968,0.001005531,0.001008742,0.001011081,3087.37458,3087.37458,3087.37458,6250.441048,6250.441048,6250.441048,6250.441048,6250.441048
1/26/1992,4669.351157,4248.698864,5382.883055,5413.880922,5405.658493,5382.883055,7650.8353,6457.929733,9127.013732,7932.793651,7036.252872,9127.013732,8419.496537,7538.966588,9127.013732,7503.147734,8146.163894,9127.013732,2999.874792,2979.339251,0.001001968,0.001005531,0.001008742,0.001011081,3423.723862,3423.723862,3423.723862,6716.834981,6716.834981,6716.834981,6716.834981,6716.834981
1/27/1992,3427.692427,3141.982303,3883.954987,4254.180847,4248.698864,3883.954987,6523.347724,5736.855638,7661.329355,7039.287172,6457.929733,7661.329355,7546.021458,7036.252872,7661.329355,8592.639656,7538.966588,7661.329355,1982.515441,1969.6434,0.001001968,0.001005531,0.001008742,0.001011081,3668.988224,3668.988224,3668.988224,7190.661099,7190.661099,7190.661099,7190.661099,7190.661099
1/28/1992,2707.740368,2984.455937,3001.763109,3145.988661,3141.982303,3001.763109,4503.507191,5405.784271,5162.891242,4757.017728,5736.855638,5162.891242,5439.378698,6457.929733,5162.891242,6311.411967,7036.252872,5162.891242,1313.966033,1305.894927,0.001001968,0.001005531,0.001008742,0.001011081,3820.03879,3820.03879,3820.03879,7564.477965,7564.477965,7564.477965,7564.477965,7564.477965
1/29/1992,2619.590139,2810.560922,2921.101962,2987.312048,2984.455937,2921.101962,4784.818316,5147.662273,5526.526912,4953.575948,5405.784271,5526.526912,5397.590174,5736.855638,5526.526912,5865.032031,6457.929733,5526.526912,1353.373396,1345.026176,0.001001968,0.001005531,0.001008742,0.001011081,3931.947163,3931.947163,3931.947163,7825.56824,7825.56824,7825.56824,7825.56824,7825.56824
1/30/1992,2510.655873,2745.75699,2795.853738,2812.391562,2810.560922,2795.853738,4878.323335,4994.594712,5637.328795,4985.291203,5147.662273,5637.328795,5322.191005,5405.784271,5637.328795,5659.126066,5736.855638,5637.328795,1289.611488,1281.710525,0.001001968,0.001005531,0.001008742,0.001011081,3959.19597,3959.19597,3959.19597,7854.878351,7854.878351,7854.878351,7854.878351,7854.878351
1/31/1992,2492.309702,2755.222861,2771.967912,2747.182942,2745.75699,2771.967912,4597.601929,4874.594544,5301.226956,4665.915177,4994.594712,5301.226956,4940.260322,5147.662273,5301.226956,5127.207247,5405.784271,5301.226956,1269.771642,1262.008992,0.001001968,0.001005531,0.001008742,0.001011081,3751.89395,3751.89395,3751.89395,7640.218172,7640.218172,7640.218172,7640.218172,7640.218172
2/1/1992,2447.923591,2600.822147,2728.80612,2756.433306,2755.222861,2728.80612,4494.819627,4693.570382,5191.40858,4616.092256,4874.594544,5191.40858,4847.475087,4994.594712,5191.40858,4946.243826,5147.662273,5191.40858,1278.460186,1270.636996,0.001001968,0.001005531,0.001008742,0.001011081,3551.477232,3551.477232,3551.477232,6887.583566,6887.583566,6887.583566,6887.583566,6887.583566
2/2/1992,2295.789265,2454.210401,2553.623349,2601.674302,2600.822147,2553.623349,4234.424845,4509.769394,4879.814092,4368.342203,4693.570382,4879.814092,4639.399093,4874.594544,4879.814092,4795.263209,4994.594712,4879.814092,1183.117236,1175.955544,0.001001968,0.001005531,0.001008742,0.001011081,3180.877041,3180.877041,3180.877041,6293.819353,6293.819353,6293.819353,6293.819353,6293.819353
2/3/1992,2171.268029,2341.84592,2412.469595,2454.810812,2454.210401,2412.469595,4017.064454,4333.836722,4623.199105,4139.75572,4509.769394,4623.199105,4416.086085,4693.570382,4623.199105,4599.493757,4874.594544,4623.199105,1114.549686,1107.859704,0.001001968,0.001005531,0.001008742,0.001011081,2916.483301,2916.483301,2916.483301,5776.961012,5776.961012,5776.961012,5776.961012,5776.961012
2/4/1992,2073.834126,2241.109119,2304.541937,2342.254486,2341.84592,2304.541937,3910.286303,4235.348059,4500.256607,4023.754268,4333.836722,4500.256607,4282.261316,4509.769394,4500.256607,4450.81754,4693.570382,4500.256607,1072.018636,1065.619454,0.001001968,0.001005531,0.001008742,0.001011081,2750.046151,2750.046151,2750.046151,5388.504086,5388.504086,5388.504086,5388.504086,5388.504086
2/5/1992,1985.949637,2147.178268,2207.389384,2241.368963,2241.109119,2207.389384,3779.050638,4044.902177,4349.647016,3885.180424,4235.348059,4349.647016,4128.975738,4333.836722,4349.647016,4290.979096,4509.769394,4349.647016,1034.373593,1028.230605,0.001001968,0.001005531,0.001008742,0.001011081,2624.749349,2624.749349,2624.749349,5117.613516,5117.613516,5117.613516,5117.613516,5117.613516
2/6/1992,1903.90134,2057.470181,2116.454863,2147.323609,2147.178268,2116.454863,3646.50228,3900.950493,4195.762299,3746.495322,4044.902177,4195.762299,3977.51388,4235.348059,4195.762299,4122.240955,4333.836722,4195.762299,998.00091,992.1043489,0.001001968,0.001005531,0.001008742,0.001011081,2522.498527,2522.498527,2522.498527,4913.442147,4913.442147,4913.442147,4913.442147,4913.442147
2/7/1992,1825.653592,1975.993507,2029.303228,2057.527318,2057.470181,2029.303228,3515.959798,3760.64732,4044.169862,3610.221096,3900.950493,4044.169862,3829.162048,4044.902177,4044.169862,3971.268692,4235.348059,4044.169862,961.1830498,955.5347814,0.001001968,0.001005531,0.001008742,0.001011081,2425.285036,2425.285036,2425.285036,4741.871489,4741.871489,4741.871489,4741.871489,4741.871489
2/8/1992,1754.774429,1901.2362,1950.543281,1975.982141,1975.993507,1950.543281,3451.60416,3622.722305,3969.764948,3539.434498,3760.64732,3969.764948,3746.686934,3900.950493,3969.764948,3872.806101,4044.902177,3969.764948,928.5635971,923.1343056,0.001001968,0.001005531,0.001008742,0.001011081,2321.05525,2321.05525,2321.05525,4582.636699,4582.636699,4582.636699,4582.636699,4582.636699
2/9/1992,1688.632275,1829.496559,1877.193122,1901.172231,1901.2362,1877.193122,3296.789419,3501.111931,3791.305985,3381.241235,3622.722305,3791.305985,3579.284951,3760.64732,3791.305985,3712.933153,3900.950493,3791.305985,898.6502316,893.4208935,0.001001968,0.001005531,0.001008742,0.001011081,2219.160591,2219.160591,2219.160591,4417.591798,4417.591798,4417.591798,4417.591798,4417.591798
2/10/1992,1625.553237,1762.285678,1807.067797,1829.392973,1829.496559,1807.067797,3163.626514,3559.973539,3639.247913,3243.986821,3501.111931,3639.247913,3433.702404,3622.722305,3639.247913,3568.457166,3760.64732,3639.247913,869.2030163,864.169687,0.001001968,0.001005531,0.001008742,0.001011081,2124.859073,2124.859073,2124.859073,4253.805374,4253.805374,4253.805374,4253.805374,4253.805374
2/11/1992,1566.44604,1699.003035,1741.387572,1762.152843,1762.285678,1741.387572,3054.143818,3925.923994,3513.759459,3130.574992,3559.973539,3513.759459,3312.107111,3501.111931,3513.759459,3432.681909,3622.722305,3513.759459,841.6394389,836.7888108,0.001001968,0.001005531,0.001008742,0.001011081,2037.784622,2037.784622,2037.784622,4098.149739,4098.149739,4098.149739,4098.149739,4098.149739
2/12/1992,1510.700064,1639.064382,1679.442771,1698.848976,1699.003035,1679.442771,2952.209017,4227.446918,3397.115074,3024.998625,3925.923994,3397.115074,3198.789536,3559.973539,3397.115074,3314.221571,3501.111931,3397.115074,815.5444243,810.8660549,0.001001968,0.001005531,0.001008742,0.001011081,1956.66722,1956.66722,1956.66722,3952.249739,3952.249739,3952.249739,3952.249739,3952.249739
2/13/1992,1457.861562,1582.740773,1620.706661,1638.895881,1639.064382,1620.706661,2892.438722,4491.641585,3324.203773,2962.212058,4227.446918,3324.203773,3129.032811,3925.923994,3324.203773,3202.322571,3559.973539,3324.203773,790.612206,786.0977551,0.001001968,0.001005531,0.001008742,0.001011081,1880.88213,1880.88213,1880.88213,3819.22789,3819.22789,3819.22789,3819.22789,3819.22789
2/14/1992,1408.122376,1536.265157,1565.472043,1582.563475,1582.740773,1565.472043,3000.332637,3849.989697,3446.501819,3064.534143,4491.641585,3446.501819,3221.451097,4227.446918,3446.501819,3278.966913,3925.923994,3446.501819,767.3206984,762.9587741,0.001001968,0.001005531,0.001008742,0.001011081,1810.249686,1810.249686,1810.249686,3725.626594,3725.626594,3725.626594,3725.626594,3725.626594
2/15/1992,1363.331986,1596.897096,1515.255782,1528.177095,1536.265157,1515.255782,3311.345715,3728.012353,3812.735109,3361.942422,3849.989697,3812.735109,3503.26268,4491.641585,3812.735109,3595.824752,4227.446918,3812.735109,744.1778931,739.9669251,0.001001968,0.001005531,0.001008742,0.001011081,1743.802699,1743.802699,1743.802699,3695.331127,3695.331127,3695.331127,3695.331127,3695.331127
2/16/1992,1677.522503,2000.036034,1829.781707,1589.452478,1596.897096,1829.781707,4142.40831,4106.759351,4717.419211,3942.705912,3728.012353,4717.419211,3990.302353,3849.989697,4717.419211,3884.015599,4491.641585,4717.419211,730.6495906,726.5265823,0.001001968,0.001005531,0.001008742,0.001011081,1684.746722,1684.746722,1684.746722,3746.652045,3746.652045,3746.652045,3746.652045,3746.652045
2/17/1992,2001.920529,2408.901852,2180.999905,1994.930932,2000.036034,2180.999905,4538.413736,4267.284514,5173.694076,4394.865229,4106.759351,5173.694076,4241.51548,3728.012353,5173.694076,4225.081526,3849.989697,5173.694076,850.0858995,845.1793659,0.001001968,0.001005531,0.001008742,0.001011081,1663.278862,1663.278862,1663.278862,3869.317619,3869.317619,3869.317619,3869.317619,3869.317619
2/18/1992,2192.912894,2305.404742,2417.110511,2393.482138,2408.901852,2417.110511,3997.513319,4310.894184,4567.486448,4047.209855,4267.284514,4567.486448,4037.188633,4106.759351,4567.486448,3619.131614,3728.012353,4567.486448,1048.780593,1042.539694,0.001001968,0.001005531,0.001008742,0.001011081,1719.140118,1719.140118,1719.140118,3944.671695,3944.671695,3944.671695,3944.671695,3944.671695
2/19/1992,2154.381414,2499.65799,2339.434092,2293.865027,2305.404742,2339.434092,3894.132449,4258.473789,4387.754414,3911.714024,4310.894184,4387.754414,3992.197016,4267.284514,4387.754414,3952.586546,4106.759351,4387.754414,866.5112705,861.4958163,0.001001968,0.001005531,0.001008742,0.001011081,1788.876129,1788.876129,1788.876129,4047.387292,4047.387292,4047.387292,4047.387292,4047.387292
2/20/1992,2349.377072,2598.995092,2563.955001,2496.69035,2499.65799,2563.955001,4004.652358,4254.786886,4523.749877,4013.767497,4258.473789,4523.749877,4128.921374,4310.894184,4523.749877,3952.987207,4267.284514,4523.749877,994.6088833,988.7352464,0.001001968,0.001005531,0.001008742,0.001011081,1897.365178,1897.365178,1897.365178,4192.938544,4192.938544,4192.938544,4192.938544,4192.938544
2/21/1992,2266.800209,2246.700923,2493.970327,2598.116213,2598.995092,2493.970327,3940.552737,4429.783207,4487.93994,4123.482207,4254.786886,4487.93994,4271.232745,4258.473789,4487.93994,4224.997019,4310.894184,4487.93994,1052.454825,1046.188928,0.001001968,0.001005531,0.001008742,0.001011081,2031.858487,2031.858487,2031.858487,4313.895165,4313.895165,4313.895165,4313.895165,4313.895165
2/22/1992,2007.953011,2123.145839,2184.676892,2246.390447,2246.700923,2184.676892,3538.045981,5589.637896,3990.254095,3660.536675,4429.783207,3990.254095,3932.223659,4254.786886,3990.254095,4172.677488,4258.473789,3990.254095,831.4110434,826.6280185,0.001001968,0.001005531,0.001008742,0.001011081,2148.594755,2148.594755,2148.594755,4377.608153,4377.608153,4377.608153,4377.608153,4377.608153
2/23/1992,1954.017274,2150.442031,2122.50473,2122.172023,2123.145839,2122.50473,3363.53222,5918.034356,3783.344682,3422.644732,5589.637896,3783.344682,3649.152059,4429.783207,3783.344682,3853.754048,4254.786886,3783.344682,797.8645657,793.3025019,0.001001968,0.001005531,0.001008742,0.001011081,2245.93501,2245.93501,2245.93501,4355.815413,4355.815413,4355.815413,4355.815413,4355.815413
2/24/1992,1954.61167,2347.956068,2133.062531,2145.793619,2150.442031,2133.062531,3523.327477,5097.699303,3989.604511,3595.25267,5918.034356,3989.604511,3763.093788,5589.637896,3989.604511,3850.819357,4429.783207,3989.604511,845.4247763,840.5491027,0.001001968,0.001005531,0.001008742,0.001011081,2310.152285,2310.152285,2310.152285,4267.496428,4267.496428,4267.496428,4267.496428,4267.496428
2/25/1992,2077.271729,2694.821347,2296.468936,2340.192923,2347.956068,2296.468936,3961.813933,4697.819147,4541.462131,4075.966195,5097.699303,4541.462131,4242.029838,5918.034356,4541.462131,4104.709924,5589.637896,4541.462131,1023.23978,1017.172342,0.001001968,0.001005531,0.001008742,0.001011081,2329.493922,2329.493922,2329.493922,4288.967832,4288.967832,4288.967832,4288.967832,4288.967832
2/26/1992,2362.011967,2313.1452,2663.139184,2698.003176,2694.821347,2663.139184,5405.028127,4625.845798,6299.8252,5524.860058,4697.819147,6299.8252,5763.575794,5097.699303,6299.8252,5309.179331,5918.034356,6299.8252,1372.928582,1364.443982,0.001001968,0.001005531,0.001008742,0.001011081,2397.365187,2397.365187,2397.365187,4504.986385,4504.986385,4504.986385,4504.986385,4504.986385
2/27/1992,2090.690399,2189.82846,2317.814252,2318.863503,2313.1452,2317.814252,5257.081502,4506.931972,6067.337048,5311.376909,4625.845798,6067.337048,5531.169501,4697.819147,6067.337048,5939.486541,5097.699303,6067.337048,1056.779879,1050.484542,0.001001968,0.001005531,0.001008742,0.001011081,2389.374225,2389.374225,2389.374225,4738.272123,4738.272123,4738.272123,4738.272123,4738.272123
2/28/1992,1988.571211,2406.381555,2193.401975,2186.70972,2189.82846,2193.401975,3973.762071,4585.718601,4529.871828,4034.26434,4506.931972,4529.871828,4232.818982,4625.845798,4529.871828,4443.973486,4697.819147,4529.871828,962.7133739,957.0548089,0.001001968,0.001005531,0.001008742,0.001011081,2341.102143,2341.102143,2341.102143,4827.381718,4827.381718,4827.381718,4827.381718,4827.381718
2/29/1992,2211.94373,2482.956169,2444.160458,2406.610252,2406.381555,2444.160458,4309.07214,4439.679493,4905.2456,4354.770504,4585.718601,4905.2456,4439.754048,4506.931972,4905.2456,4258.332859,4625.845798,4905.2456,1068.706441,1062.329845,0.001001968,0.001005531,0.001008742,0.001011081,2330.199779,2330.199779,2330.199779,4878.208655,4878.208655,4878.208655,4878.208655,4878.208655
3/1/1992,2205.26686,2214.843125,2439.731717,2485.330715,2482.956169,2439.731717,4313.029213,4104.310158,4921.585629,4439.556014,4439.679493,4921.585629,4561.636277,4585.718601,4921.585629,4557.830988,4506.931972,4921.585629,1077.488866,1071.052361,0.001001968,0.001005531,0.001008742,0.001011081,2359.076004,2359.076004,2359.076004,4971.402065,4971.402065,4971.402065,4971.402065,4971.402065
3/2/1992,2046.752978,2255.352959,2243.306926,2214.901631,2214.843125,2243.306926,3816.707138,3947.914293,4318.075189,3858.169734,4104.310158,4318.075189,4128.602916,4439.679493,4318.075189,4313.107572,4585.718601,4318.075189,918.4038932,913.0426068,0.001001968,0.001005531,0.001008742,0.001011081,2380.45191,2380.45191,2380.45191,5054.220404,5054.220404,5054.220404,5054.220404,5054.220404
3/3/1992,2097.72601,2244.192209,2302.115274,2255.044475,2255.352959,2302.115274,3852.923919,4747.34417,4369.762809,3877.006176,3947.914293,4369.762809,4043.727269,4104.310158,4369.762809,4195.553916,4439.679493,4369.762809,956.2236345,950.6087206,0.001001968,0.001005531,0.001008742,0.001011081,2369.685082,2369.685082,2369.685082,5073.807312,5073.807312,5073.807312,5073.807312,5073.807312
3/4/1992,2060.765577,2182.201896,2257.031478,2241.618429,2244.192209,2257.031478,3792.064451,4965.014334,4297.252943,3843.645429,4747.34417,4297.252943,3984.874107,3947.914293,4297.252943,4082.01029,4104.310158,4297.252943,923.082993,917.6903983,0.001001968,0.001005531,0.001008742,0.001011081,2301.537975,2301.537975,2301.537975,4863.102767,4863.102767,4863.102767,4863.102767,4863.102767
3/5/1992,2068.9843,2370.722893,2245.705291,2167.063879,2182.201896,2245.705291,3616.528032,5401.421327,4060.459563,3601.243942,4965.014334,4060.459563,3734.46703,4747.34417,4060.459563,3837.566086,3947.914293,4060.459563,834.7439917,829.9389499,0.001001968,0.001005531,0.001008742,0.001011081,2269.841586,2269.841586,2269.841586,4579.613966,4579.613966,4579.613966,4579.613966,4579.613966
3/6/1992,2241.093916,2865.723528,2439.206947,2344.536818,2370.722893,2439.206947,3700.174115,5503.234808,4158.13641,3679.173167,5401.421327,4158.13641,3777.435202,4965.014334,4158.13641,3685.175389,4747.34417,4158.13641,927.6650971,922.2418236,0.001001968,0.001005531,0.001008742,0.001011081,2277.814765,2277.814765,2277.814765,4433.481283,4433.481283,4433.481283,4433.481283,4433.481283
3/7/1992,2462.34386,2987.377328,2710.546053,2696.915345,2865.723528,2710.546053,4728.48382,4480.872513,5395.636664,4795.938154,5503.234808,5395.636664,4880.447548,5401.421327,5395.636664,4538.454519,4965.014334,5395.636664,1137.403334,1130.556519,0.001001968,0.001005531,0.001008742,0.001011081,2317.984227,2317.984227,2317.984227,4465.691401,4465.691401,4465.691401,4465.691401,4465.691401
3/8/1992,2810.986288,2980.312981,3086.768295,3018.822287,2987.377328,3086.768295,5306.74824,7078.206677,6032.058665,5341.868766,4480.872513,6032.058665,5453.084218,5503.234808,6032.058665,5075.862267,5401.421327,6032.058665,1186.319386,1179.135581,0.001001968,0.001005531,0.001008742,0.001011081,2389.369125,2389.369125,2389.369125,4566.583338,4566.583338,4566.583338,4566.583338,4566.583338
3/9/1992,2717.889201,3308.24914,2995.832404,3018.320575,2980.312981,2995.832404,5084.976763,8336.097364,5804.686274,5205.377585,7078.206677,5804.686274,5434.511183,4480.872513,5804.686274,5463.254101,5503.234808,5804.686274,1225.758319,1218.301558,0.001001968,0.001005531,0.001008742,0.001011081,2490.227435,2490.227435,2490.227435,4739.069025,4739.069025,4739.069025,4739.069025,4739.069025
3/10/1992,2424.982603,3570.75499,2676.37662,2760.630944,3308.24914,2676.37662,4481.181788,8556.776297,5109.700687,4653.479909,8336.097364,5109.700687,4983.522125,7078.206677,5109.700687,5183.591771,4480.872513,5109.700687,1134.547718,1127.720521,0.001001968,0.001005531,0.001008742,0.001011081,2580.912188,2580.912188,2580.912188,4884.599417,4884.599417,4884.599417,4884.599417,4884.599417
3/11/1992,4517.176191,5619.275835,4834.136574,3746.045644,3570.75499,4834.136574,6613.709269,8199.201609,7208.078479,5728.334214,8556.776297,7208.078479,5422.149866,8336.097364,7208.078479,4463.500887,7078.206677,7208.078479,1033.764002,1027.625153,0.001001968,0.001005531,0.001008742,0.001011081,2724.954682,2724.954682,2724.954682,5046.472959,5046.472959,5046.472959,5046.472959,5046.472959
3/12/1992,5587.553377,5975.371008,6168.152368,5798.625948,5619.275835,6168.152368,9508.227788,7202.403195,10864.49313,9369.259335,8199.201609,10864.49313,8896.196184,8556.776297,10864.49313,7467.046464,8336.097364,10864.49313,2310.454012,2295.151583,0.001001968,0.001005531,0.001008742,0.001011081,3110.962855,3110.962855,3110.962855,5661.519711,5661.519711,5661.519711,5661.519711,5661.519711
3/13/1992,4760.241088,3506.356989,5412.372122,6005.843481,5975.371008,5412.372122,8516.183409,5883.888909,9997.480316,9335.31317,7202.403195,9997.480316,9912.545844,8199.201609,9997.480316,9067.059926,8556.776297,9997.480316,2719.72873,2701.337948,0.001001968,0.001005531,0.001008742,0.001011081,3644.601685,3644.601685,3644.601685,6407.380577,6407.380577,6407.380577,6407.380577,6407.380577
3/14/1992,2844.930426,2757.535174,3087.414465,3520.478585,3506.356989,3087.414465,5666.693899,5112.298286,6392.306205,6179.953593,5883.888909,6392.306205,7138.743284,7202.403195,6392.306205,9055.826053,8199.201609,6392.306205,1058.483864,1052.176925,0.001001968,0.001005531,0.001008742,0.001011081,3890.842069,3890.842069,3890.842069,6973.768417,6973.768417,6973.768417,6973.768417,6973.768417
3/15/1992,2422.996863,2658.16351,2608.814249,2767.36204,2757.535174,2608.814249,4090.426305,6406.4448,4537.816175,4325.89552,5112.298286,4537.816175,4972.500644,5883.888909,4537.816175,6144.563465,7202.403195,4537.816175,822.4189004,817.6952193,0.001001968,0.001005531,0.001008742,0.001011081,3941.196255,3941.196255,3941.196255,7204.71902,7204.71902,7204.71902,7204.71902,7204.71902
3/16/1992,2374.852253,2534.673124,2583.922828,2665.464724,2658.16351,2583.922828,4693.587573,6208.603739,5305.70444,4843.452791,6406.4448,5305.70444,5202.482663,5112.298286,5305.70444,5717.385878,5883.888909,5305.70444,937.2454939,931.7580141,0.001001968,0.001005531,0.001008742,0.001011081,3919.124191,3919.124191,3919.124191,7194.021293,7194.021293,7194.021293,7194.021293,7194.021293
3/17/1992,2269.632336,2421.496185,2478.028946,2540.142965,2534.673124,2478.028946,4404.31598,5157.683991,4987.837241,4535.902123,6208.603739,4987.837241,4815.647085,6406.4448,4987.837241,5107.336896,5112.298286,4987.837241,942.7938808,937.2691784,0.001001968,0.001005531,0.001008742,0.001011081,3887.049232,3887.049232,3887.049232,7135.086305,7135.086305,7135.086305,7135.086305,7135.086305
3/18/1992,2170.685099,2508.269576,2375.267801,2425.642149,2421.496185,2375.267801,4027.459118,4709.313951,4558.270974,4149.95619,5157.683991,4558.270974,4408.820343,6208.603739,4558.270974,4606.527884,6406.4448,4558.270974,932.6350775,927.1785065,0.001001968,0.001005531,0.001008742,0.001011081,3786.107636,3786.107636,3786.107636,7037.23239,7037.23239,7037.23239,7037.23239,7037.23239
3/19/1992,2239.202812,2403.125056,2479.842483,2511.751788,2508.269576,2479.842483,5470.389599,4530.104154,6305.545304,5561.969361,4709.313951,6305.545304,5804.232067,5157.683991,6305.545304,5783.182995,6208.603739,6305.545304,1096.380411,1089.81483,0.001001968,0.001005531,0.001008742,0.001011081,3461.523862,3461.523862,3461.523862,6718.837598,6718.837598,6718.837598,6718.837598,6718.837598
3/20/1992,2134.733898,2148.665648,2363.452144,2406.013109,2403.125056,2363.452144,5252.854221,4164.417328,6053.744909,5350.98466,4530.104154,6053.744909,5563.718582,4709.313951,6053.744909,5804.532578,5157.683991,6053.744909,1048.691439,1042.451146,0.001001968,0.001005531,0.001008742,0.001011081,2954.320853,2954.320853,2954.320853,6263.490177,6263.490177,6263.490177,6263.490177,6263.490177
3/21/1992,1921.900773,2031.998175,2112.547867,2150.912243,2148.665648,2112.547867,4014.040602,4031.709374,4570.820315,4111.801512,4164.417328,4570.820315,4344.565329,4530.104154,4570.820315,4633.065346,4709.313951,4570.820315,886.1754286,881.0292283,0.001001968,0.001005531,0.001008742,0.001011081,2659.245023,2659.245023,2659.245023,5704.319606,5704.319606,5704.319606,5704.319606,5704.319606
3/22/1992,1822.490724,1957.939209,2001.37451,2033.812438,2031.998175,2001.37451,3693.022432,5271.532531,4196.325635,3783.252544,4031.709374,4196.325635,3986.295099,4164.417328,4196.325635,4187.826815,4530.104154,4196.325635,837.5659612,832.742269,0.001001968,0.001005531,0.001008742,0.001011081,2492.311437,2492.311437,2492.311437,5334.559763,5334.559763,5334.559763,5334.559763,5334.559763
3/23/1992,1768.356736,1924.998753,1943.045646,1959.436555,1957.939209,1943.045646,3700.861937,3741.845436,4209.803587,3771.524842,5271.532531,4209.803587,3960.626102,4031.709374,4209.803587,4088.677082,4164.417328,4209.803587,822.2951393,817.5722743,0.001001968,0.001005531,0.001008742,0.001011081,2370.101872,2370.101872,2370.101872,5138.692044,5138.692044,5138.692044,5138.692044,5138.692044
3/24/1992,1721.010045,1825.960256,1896.722583,1926.24636,1924.998753,1896.722583,3458.038436,8604.247215,3936.584119,3545.086388,3741.845436,3936.584119,3722.287806,5271.532531,3936.584119,3829.641708,4031.709374,3936.584119,830.1649885,825.3901919,0.001001968,0.001005531,0.001008742,0.001011081,2270.477993,2270.477993,2270.477993,4990.297932,4990.297932,4990.297932,4990.297932,4990.297932
3/25/1992,1642.189044,3014.692725,1805.151877,1819.005503,1825.960256,1805.151877,3344.764501,12257.2824,3799.244529,3411.474625,8604.247215,3799.244529,3589.2557,3741.845436,3799.244529,3723.307774,5271.532531,3799.244529,775.5678472,771.1519837,0.001001968,0.001005531,0.001008742,0.001011081,2177.088729,2177.088729,2177.088729,4874.937144,4874.937144,4874.937144,4874.937144,4874.937144
3/26/1992,2170.332193,4970.151759,2398.753145,2194.634583,3014.692725,2398.753145,5198.493342,13262.46355,5969.309788,5058.761145,12257.2824,5969.309788,5134.744359,8604.247215,5969.309788,4744.165534,3741.845436,5969.309788,1047.476084,1041.244057,0.001001968,0.001005531,0.001008742,0.001011081,2108.626985,2108.626985,2108.626985,4753.801943,4753.801943,4753.801943,4753.801943,4753.801943
3/27/1992,5924.991402,5746.219056,6470.217949,5223.24118,4970.151759,6470.217949,9218.798177,11762.69101,10267.94139,8328.460336,13262.46355,10267.94139,7147.191876,12257.2824,10267.94139,4488.096539,8604.247215,10267.94139,1655.846092,1645.348911,0.001001968,0.001005531,0.001008742,0.001011081,2279.845202,2279.845202,2279.845202,4710.813351,4710.813351,4710.813351,4710.813351,4710.813351
3/28/1992,7323.947387,10863.90042,7813.23475,6023.641311,5746.219056,7813.23475,13440.48798,11864.80838,15037.74807,11834.74853,11762.69101,15037.74807,11337.14435,13262.46355,15037.74807,10263.02772,12257.2824,15037.74807,1864.226124,1852.219766,0.001001968,0.001005531,0.001008742,0.001011081,2700.049048,2700.049048,2700.049048,5673.508863,5673.508863,5673.508863,5673.508863,5673.508863
3/29/1992,8719.230228,6299.288281,10198.48206,10897.92276,10863.90042,10198.48206,14665.63439,9964.135272,17762.32262,15864.21193,11864.80838,17762.32262,16030.89904,11762.69101,17762.32262,12039.64942,13262.46355,17762.32262,5844.176431,5800.852407,0.001001968,0.001005531,0.001008742,0.001011081,3788.48284,3788.48284,3788.48284,6980.876952,6980.876952,6980.876952,6980.876952,6980.876952
3/30/1992,4537.806936,3863.88352,5043.026596,6257.974525,6299.288281,5043.026596,10760.74011,8212.769281,12525.66222,12093.32551,9964.135272,12525.66222,13315.54382,11864.80838,12525.66222,16265.93291,11762.69101,12525.66222,2131.556773,2117.585476,0.001001968,0.001005531,0.001008742,0.001011081,4518.959449,4518.959449,4518.959449,8416.588487,8416.588487,8416.588487,8416.588487,8416.588487
3/31/1992,3638.848571,4609.739112,3852.063343,3886.66803,3863.88352,3852.063343,5307.327144,7711.533622,5740.420423,5455.441529,8212.769281,5740.420423,6777.482667,9964.135272,5740.420423,8878.926686,11864.80838,5740.420423,868.5306886,863.5018248,0.001001968,0.001005531,0.001008742,0.001011081,4956.757537,4956.757537,4956.757537,9540.202645,9540.202645,9540.202645,9540.202645,9540.202645
4/1/1992,4199.717324,4126.959617,4611.879145,4653.886347,4609.739112,4611.879145,8106.082967,7057.584437,9269.829218,8282.036797,7711.533622,9269.829218,8691.641324,8212.769281,9269.829218,9153.879628,9964.135272,9269.829218,1748.086392,1736.923766,0.001001968,0.001005531,0.001008742,0.001011081,5367.577247,5367.577247,5367.577247,10383.9437,10383.9437,10383.9437,10383.9437,10383.9437
4/2/1992,3497.832278,3395.343218,3841.073319,4138.345127,4126.959617,3841.073319,7514.737393,6380.948186,8608.483328,7909.436637,7057.584437,8608.483328,8371.246707,7711.533622,8608.483328,8924.369833,8212.769281,8608.483328,1491.408774,1482.086859,0.001001968,0.001005531,0.001008742,0.001011081,5688.142394,5688.142394,5688.142394,10845.86701,10845.86701,10845.86701,10845.86701,10845.86701
4/3/1992,3022.947675,3305.709594,3279.590654,3403.442573,3395.343218,3279.590654,5854.497283,5951.324178,6603.132502,6064.138398,6380.948186,6603.132502,6620.610381,7057.584437,6603.132502,7345.635481,7711.533622,6603.132502,1132.508613,1125.695421,0.001001968,0.001005531,0.001008742,0.001011081,5703.458964,5703.458964,5703.458964,11130.74627,11130.74627,11130.74627,11130.74627,11130.74627
4/4/1992,2917.555328,2985.868478,3193.711786,3311.914734,3305.709594,3193.711786,5638.772825,5494.084146,6406.069125,5848.782337,5951.324178,6406.069125,6240.675642,6380.948186,6406.069125,6644.650459,7057.584437,6406.069125,1226.049565,1218.590785,0.001001968,0.001005531,0.001008742,0.001011081,5461.593821,5461.593821,5461.593821,10453.64903,10453.64903,10453.64903,10453.64903,10453.64903
4/5/1992,2653.632757,2804.682459,2898.195419,2990.922526,2985.868478,2898.195419,5342.516067,5191.861682,6066.422258,5512.250189,5494.084146,6066.422258,5882.564501,5951.324178,6066.422258,6306.685051,6380.948186,6066.422258,1098.387591,1091.808281,0.001001968,0.001005531,0.001008742,0.001011081,4527.059556,4527.059556,4527.059556,9413.892945,9413.892945,9413.892945,9413.892945,9413.892945
4/6/1992,2510.24013,2656.282505,2744.860114,2808.863743,2804.682459,2744.860114,4875.154013,4988.099778,5531.909032,5016.388745,5191.861682,5531.909032,5338.246028,5494.084146,5531.909032,5669.337346,5951.324178,5531.909032,1061.838736,1055.508945,0.001001968,0.001005531,0.001008742,0.001011081,3929.760374,3929.760374,3929.760374,8201.19526,8201.19526,8201.19526,8201.19526,8201.19526
4/7/1992,2375.033097,2501.695711,2598.711155,2658.822442,2656.282505,2598.711155,4659.109077,5226.273231,5289.879355,4791.975943,4988.099778,5289.879355,5068.070117,5191.861682,5289.879355,5335.834682,5494.084146,5289.879355,1019.599092,1013.556336,0.001001968,0.001005531,0.001008742,0.001011081,3605.707688,3605.707688,3605.707688,7295.244223,7295.244223,7295.244223,7295.244223,7295.244223
4/8/1992,2249.042749,2425.38525,2458.216524,2504.938603,2501.695711,2458.216524,4367.423459,4744.438962,4950.012242,4483.365599,5226.273231,4950.012242,4737.38018,4988.099778,4950.012242,4971.408366,5191.861682,4950.012242,960.0026205,954.362293,0.001001968,0.001005531,0.001008742,0.001011081,3298.622412,3298.622412,3298.622412,6635.595866,6635.595866,6635.595866,6635.595866,6635.595866
4/9/1992,2181.714915,2464.492615,2388.743774,2419.907734,2425.38525,2388.743774,4221.554804,4456.684556,4787.840705,4321.760949,4744.438962,4787.840705,4561.330449,5226.273231,4787.840705,4712.163649,4988.099778,4787.840705,955.0251272,949.4182706,0.001001968,0.001005531,0.001008742,0.001011081,3033.799346,3033.799346,3033.799346,6122.0711,6122.0711,6122.0711,6122.0711,6122.0711
4/10/1992,2215.195912,2613.409431,2437.862021,2460.496456,2464.492615,2437.862021,4231.69968,5366.626326,4818.294484,4330.170748,4456.684556,4818.294484,4541.752312,4744.438962,4818.294484,4594.518523,5226.273231,4818.294484,1022.432568,1016.370603,0.001001968,0.001005531,0.001008742,0.001011081,2852.051839,2852.051839,2852.051839,5705.236173,5705.236173,5705.236173,5705.236173,5705.236173
4/11/1992,2302.858464,2457.373903,2545.542641,2586.059149,2613.409431,2545.542641,4681.722292,5454.018628,5356.463382,4802.790622,5366.626326,5356.463382,4957.013366,4456.684556,5356.463382,4889.223464,4744.438962,5356.463382,1103.608031,1096.992995,0.001001968,0.001005531,0.001008742,0.001011081,2717.527393,2717.527393,2717.527393,5443.890522,5443.890522,5443.890522,5443.890522,5443.890522
4/12/1992,2501.663069,2927.627171,2695.027579,2473.323945,2457.373903,2695.027579,4501.614977,5084.209186,5025.065453,4353.419948,5454.018628,5025.065453,4388.245209,5366.626326,5025.065453,4598.409757,4456.684556,5025.065453,853.6618137,848.7315902,0.001001968,0.001005531,0.001008742,0.001011081,2601.797587,2601.797587,2601.797587,5226.693606,5226.693606,5226.693606,5226.693606,5226.693606
4/13/1992,2869.070034,3331.899712,3144.920748,2953.553545,2927.627171,3144.920748,4430.611927,3991.075324,5003.734374,4347.742739,5084.209186,5003.734374,4478.834423,5454.018628,5003.734374,4071.57854,5366.626326,5003.734374,1240.216299,1232.659202,0.001001968,0.001005531,0.001008742,0.001011081,2587.050366,2587.050366,2587.050366,5043.848226,5043.848226,5043.848226,5043.848226,5043.848226
4/14/1992,2831.411211,2439.800357,3195.266945,3334.127913,3331.899712,3195.266945,5229.220176,3492.094134,6095.727733,5487.062607,3991.075324,6095.727733,5788.119332,5084.209186,6095.727733,5417.238373,5454.018628,6095.727733,1637.094595,1626.732164,0.001001968,0.001005531,0.001008742,0.001011081,2666.958115,2666.958115,2666.958115,5031.245597,5031.245597,5031.245597,5031.245597,5031.245597
4/15/1992,2015.855145,1961.605837,2215.321805,2440.720512,2439.800357,2215.321805,4157.594172,4684.440755,4740.471052,4442.532443,3492.094134,4740.471052,4783.667849,3991.075324,4740.471052,5557.531755,5084.209186,4740.471052,937.127104,931.6404181,0.001001968,0.001005531,0.001008742,0.001011081,2671.596208,2671.596208,2671.596208,5069.244551,5069.244551,5069.244551,5069.244551,5069.244551
4/16/1992,1708.420853,2215.953775,1848.192358,1920.884015,1961.605837,1848.192358,3187.259172,6793.189755,3563.551816,3309.324738,4684.440755,3563.551816,3670.8832,3492.094134,3563.551816,4167.835714,3991.075324,3563.551816,670.8129804,667.0764083,0.001001968,0.001005531,0.001008742,0.001011081,2625.288132,2625.288132,2625.288132,5054.21618,5054.21618,5054.21618,5054.21618,5054.21618
4/17/1992,2267.351172,3777.880706,2415.247475,2180.9193,2215.953775,2415.247475,3538.360709,8126.346994,3869.09275,3373.619887,6793.189755,3869.09275,3238.450771,4684.440755,3869.09275,3408.897077,3492.094134,3869.09275,640.32819,636.7867696,0.001001968,0.001005531,0.001008742,0.001011081,2545.956846,2545.956846,2545.956846,4889.230988,4889.230988,4889.230988,4889.230988,4889.230988
4/18/1992,4225.002464,6405.654481,4591.274414,3750.976072,3777.880706,4591.274414,5540.873341,8740.168168,6173.781999,4869.382483,8126.346994,6173.781999,4547.007474,6793.189755,6173.781999,3232.153086,4684.440755,6173.781999,1527.346679,1517.769171,0.001001968,0.001005531,0.001008742,0.001011081,2627.148701,2627.148701,2627.148701,4692.430404,4692.430404,4692.430404,4692.430404,4692.430404
4/19/1992,6295.734534,6429.132889,7097.431106,6441.306578,6405.654481,7097.431106,8585.605737,8442.70976,10023.47925,8248.327306,8740.168168,10023.47925,8031.006908,8126.346994,10023.47925,5666.432045,6793.189755,10023.47925,3246.482644,3224.040587,0.001001968,0.001005531,0.001008742,0.001011081,3075.734923,3075.734923,3075.734923,4827.757176,4827.757176,4827.757176,4827.757176,4827.757176
4/20/1992,5483.858237,4896.286133,6215.583632,6463.687053,6429.132889,6215.583632,8356.610914,7485.284189,9820.434667,8867.610314,8442.70976,9820.434667,9267.194158,8740.168168,9820.434667,8715.432091,8126.346994,9820.434667,3055.160523,3034.199023,0.001001968,0.001005531,0.001008742,0.001011081,3556.304766,3556.304766,3556.304766,5357.067867,5357.067867,5357.067867,5357.067867,5357.067867
4/21/1992,3894.651538,3561.019169,4365.512686,4888.728723,4896.286133,4365.512686,5900.467016,6392.159187,6834.045262,6597.210336,7485.284189,6834.045262,7557.83854,8442.70976,6834.045262,8443.731844,8740.168168,6834.045262,2058.00917,2044.581473,0.001001968,0.001005531,0.001008742,0.001011081,3856.34519,3856.34519,3856.34519,5881.222503,5881.222503,5881.222503,5881.222503,5881.222503
4/22/1992,2959.31421,3261.248323,3236.615274,3553.4799,3561.019169,3236.615274,5404.542342,5968.480802,6086.368383,5826.347408,6392.159187,6086.368383,6595.87212,7485.284189,6086.368383,7607.903868,8442.70976,6086.368383,1250.153374,1242.527233,0.001001968,0.001005531,0.001008742,0.001011081,4064.378583,4064.378583,4064.378583,6340.980451,6340.980451,6340.980451,6340.980451,6340.980451
4/23/1992,2868.920513,3003.285567,3138.90962,3271.599993,3261.248323,3138.90962,5863.083338,5586.414106,6619.159828,6089.106715,5968.480802,6619.159828,6559.110701,6392.159187,6619.159828,7112.387238,7485.284189,6619.159828,1214.384911,1207.006978,0.001001968,0.001005531,0.001008742,0.001011081,4257.675183,4257.675183,4257.675183,6761.797919,6761.797919,6761.797919,6761.797919,6761.797919
4/24/1992,2623.655113,3037.886742,2880.655047,2976.399419,3003.285567,2880.655047,5429.2461,5807.701711,6158.736684,5607.77329,5586.414106,6158.736684,6057.415027,5968.480802,6158.736684,6596.86863,6392.159187,6158.736684,1175.620102,1168.510155,0.001001968,0.001005531,0.001008742,0.001011081,4440.858945,4440.858945,4440.858945,7190.950417,7190.950417,7190.950417,7190.950417,7190.950417
4/25/1992,2731.251712,2763.240505,3014.08326,3041.809534,3037.886742,3014.08326,5110.365634,5651.808365,5790.131248,5248.222129,5807.701711,5790.131248,5538.661018,5586.414106,5790.131248,5617.337142,5968.480802,5790.131248,1261.310118,1253.606377,0.001001968,0.001005531,0.001008742,0.001011081,4437.489738,4437.489738,4437.489738,7476.125301,7476.125301,7476.125301,7476.125301,7476.125301
4/26/1992,2607.708082,3094.692684,2836.047218,2775.358667,2763.240505,2836.047218,4916.81278,5200.660951,5520.663725,4937.903303,5651.808365,5520.663725,5157.573542,5807.701711,5520.663725,5635.470608,5586.414106,5520.663725,1037.071565,1030.910254,0.001001968,0.001005531,0.001008742,0.001011081,4052.775084,4052.775084,4052.775084,7449.424671,7449.424671,7449.424671,7449.424671,7449.424671
4/27/1992,2814.878281,3064.415302,3129.521913,3102.749887,3094.692684,3129.521913,4707.182353,4767.154994,5375.476593,4798.679971,5200.660951,5375.476593,5122.98025,5651.808365,5375.476593,4902.775359,5807.701711,5375.476593,1422.189291,1413.357576,0.001001968,0.001005531,0.001008742,0.001011081,3615.301009,3615.301009,3615.301009,7018.892369,7018.892369,7018.892369,7018.892369,7018.892369
4/28/1992,2700.396569,2764.236294,3014.028594,3071.286515,3064.415302,3014.028594,5068.025344,4278.241291,5836.660331,5228.390493,4767.154994,5836.660331,5522.621026,5200.660951,5836.660331,5711.334533,5651.808365,5836.660331,1429.683562,1420.798909,0.001001968,0.001005531,0.001008742,0.001011081,3283.742356,3283.742356,3283.742356,6506.994425,6506.994425,6506.994425,6506.994425,6506.994425
4/29/1992,2382.594309,2348.456212,2655.74925,2764.516883,2764.236294,2655.74925,4386.469212,3343.291957,5034.130337,4587.940312,4278.241291,5034.130337,4956.764087,4767.154994,5034.130337,5227.762028,5200.660951,5034.130337,1266.238324,1258.500279,0.001001968,0.001005531,0.001008742,0.001011081,3114.370875,3114.370875,3114.370875,6044.91452,6044.91452,6044.91452,6044.91452,6044.91452
4/30/1992,2015.953915,2084.909172,2224.788624,2347.687038,2348.456212,2224.788624,3701.822,3489.591242,4211.208947,3895.891117,3343.291957,4211.208947,4210.373626,4278.241291,4211.208947,4740.957227,4767.154994,4211.208947,990.1333096,984.2899048,0.001001968,0.001005531,0.001008742,0.001011081,2965.997748,2965.997748,2965.997748,5631.95921,5631.95921,5631.95921,5631.95921,5631.95921
5/1/1992,1838.845236,2157.099848,2016.832993,2072.92802,2084.909172,2016.832993,3382.974844,4584.0911,3818.386033,3501.808712,3489.591242,3818.386033,3790.613022,3343.291957,3818.386033,4074.088445,4278.241291,3818.386033,855.1952447,850.2548585,0.001001968,0.001005531,0.001008742,0.001011081,2822.058676,2822.058676,2822.058676,5314.101474,5314.101474,5314.101474,5314.101474,5314.101474
5/2/1992,1915.630954,2154.805597,2108.283014,2094.787236,2157.099848,2108.283014,3462.833871,4656.915559,3920.007819,3518.113559,4584.0911,3920.007819,3734.314428,3489.591242,3920.007819,3825.855059,3343.291957,3920.007819,918.2280278,912.8679177,0.001001968,0.001005531,0.001008742,0.001011081,2687.487223,2687.487223,2687.487223,5065.518578,5065.518578,5065.518578,5065.518578,5065.518578
5/3/1992,2034.471754,2292.61821,2214.948326,2172.561482,2154.805597,2214.948326,3065.406584,4198.155122,3398.724761,3103.01635,4656.915559,3398.724761,3159.685023,4584.0911,3398.724761,3200.818232,3489.591242,3398.724761,832.3631719,827.5738585,0.001001968,0.001005531,0.001008742,0.001011081,2582.181884,2582.181884,2582.181884,4728.504825,4728.504825,4728.504825,4728.504825,4728.504825
5/4/1992,2373.618382,3288.402325,2584.997185,2337.189985,2292.61821,2584.997185,3568.189665,5192.221052,3983.083913,3407.584422,4198.155122,3983.083913,3564.593461,4656.915559,3983.083913,3335.402199,4584.0911,3983.083913,983.3722102,977.5744432,0.001001968,0.001005531,0.001008742,0.001011081,2462.144927,2462.144927,2462.144927,4487.75712,4487.75712,4487.75712,4487.75712,4487.75712
5/5/1992,2802.091504,2450.989242,3201.123092,3272.910244,3288.402325,3201.123092,4828.245927,6277.290005,5677.082101,5037.7342,5192.221052,5677.082101,5235.169927,4198.155122,5677.082101,4517.109038,4656.915559,5677.082101,1801.422509,1789.873197,0.001001968,0.001005531,0.001008742,0.001011081,2463.289408,2463.289408,2463.289408,4356.231843,4356.231843,4356.231843,4356.231843,4356.231843
5/6/1992,2146.302213,2100.92514,2369.757382,2457.659773,2450.989242,2369.757382,4064.29338,8112.904839,4637.198713,4224.552215,6277.290005,4637.198713,4483.834385,5192.221052,4637.198713,5142.306272,4198.155122,4637.198713,1050.588008,1044.334812,0.001001968,0.001005531,0.001008742,0.001011081,2411.440971,2411.440971,2411.440971,4254.753005,4254.753005,4254.753005,4254.753005,4254.753005
5/7/1992,1920.300696,2233.972701,2091.950594,2114.720922,2100.92514,2091.950594,2798.333822,6271.282998,3109.712772,2892.37515,8112.904839,3109.712772,3160.079745,6277.290005,3109.712772,3506.804975,5192.221052,3109.712772,826.6554926,821.9038624,0.001001968,0.001005531,0.001008742,0.001011081,2374.281761,2374.281761,2374.281761,4155.998041,4155.998041,4155.998041,4155.998041,4155.998041
5/8/1992,1900.54598,2527.714798,2107.859393,2213.030307,2233.972701,2107.859393,4263.253731,5394.587586,4887.591267,4427.92391,6271.282998,4887.591267,4645.777896,8112.904839,4887.591267,4504.754559,6277.290005,4887.591267,992.234104,986.3765107,0.001001968,0.001005531,0.001008742,0.001011081,2381.605494,2381.605494,2381.605494,4247.888325,4247.888325,4247.888325,4247.888325,4247.888325
5/9/1992,2379.189543,2948.131559,2624.305361,2533.417547,2527.714798,2624.305361,6898.981576,4844.824228,7856.277125,6884.235132,5394.587586,7856.277125,6916.221442,6271.282998,7856.277125,5886.098852,8112.904839,7856.277125,1123.813021,1117.059517,0.001001968,0.001005531,0.001008742,0.001011081,2412.830131,2412.830131,2412.830131,4671.209872,4671.209872,4671.209872,4671.209872,4671.209872
5/10/1992,2552.712621,1831.212395,2848.214078,2959.906915,2948.131559,2848.214078,7938.774002,3941.150774,9191.935995,8099.766711,4844.824228,9191.935995,8059.006029,5394.587586,9191.935995,8332.804419,6271.282998,9191.935995,1335.68751,1327.464332,0.001001968,0.001005531,0.001008742,0.001011081,2507.649613,2507.649613,2507.649613,5453.380445,5453.380445,5453.380445,5453.380445,5453.380445
5/11/1992,1581.564895,1613.171494,1722.343315,1833.469033,1831.212395,1722.343315,4346.132493,3565.199548,4890.678316,4492.895293,3941.150774,4890.678316,5053.674834,4844.824228,4890.678316,5756.454421,5394.587586,4890.678316,688.4251943,684.5753341,0.001001968,0.001005531,0.001008742,0.001011081,2506.124009,2506.124009,2506.124009,5818.130301,5818.130301,5818.130301,5818.130301,5818.130301
5/12/1992,1438.171915,1571.337033,1572.432794,1613.297166,1613.171494,1572.432794,3447.677422,3937.568631,3867.518953,3531.148331,3565.199548,3867.518953,3831.595787,3941.150774,3867.518953,4499.120892,4844.824228,3867.518953,666.2809381,662.5734543,0.001001968,0.001005531,0.001008742,0.001011081,2320.440707,2320.440707,2320.440707,5842.371877,5842.371877,5842.371877,5842.371877,5842.371877
5/13/1992,1406.343367,1483.79269,1544.089439,1571.429143,1571.337033,1544.089439,3414.085839,4976.616438,3852.948664,3481.933958,3937.568631,3852.948664,3647.514428,3565.199548,3852.948664,3953.787904,3941.150774,3852.948664,684.683053,680.8572961,0.001001968,0.001005531,0.001008742,0.001011081,2191.157979,2191.157979,2191.157979,5730.146681,5730.146681,5730.146681,5730.146681,5730.146681
5/14/1992,1369.178576,1560.009448,1496.389661,1483.940303,1483.79269,1496.389661,3098.046156,4448.351493,3480.410544,3125.855734,4976.616438,3480.410544,3266.169863,3937.568631,3480.410544,3460.438778,3565.199548,3480.410544,637.7699407,634.2448418,0.001001968,0.001005531,0.001008742,0.001011081,2090.952366,2090.952366,2090.952366,5632.175372,5632.175372,5632.175372,5632.175372,5632.175372
5/15/1992,1369.51336,1813.303071,1508.6399,1541.424784,1560.009448,1508.6399,2956.193329,4025.103502,3336.902461,3034.96641,4448.351493,3336.902461,3147.739978,4976.616438,3336.902461,3207.622224,3937.568631,3336.902461,694.3024906,690.4147395,0.001001968,0.001005531,0.001008742,0.001011081,1987.559819,1987.559819,1987.559819,5387.925691,5387.925691,5387.925691,5387.925691,5387.925691
5/16/1992,1664.716545,2088.265314,1854.700095,1816.831361,1813.303071,1854.700095,4032.098782,3659.929472,4584.261599,4059.216185,4025.103502,4584.261599,4186.846827,4448.351493,4584.261599,3630.367335,4976.616438,4584.261599,914.9623983,909.6241263,0.001001968,0.001005531,0.001008742,0.001011081,1903.935072,1903.935072,1903.935072,4979.709792,4979.709792,4979.709792,4979.709792,4979.709792
5/17/1992,1820.393367,1467.200291,2047.513661,2101.205352,2088.265314,2047.513661,4963.760069,3207.714654,5723.135186,5074.854288,3659.929472,5723.135186,5113.205748,4025.103502,5723.135186,5102.062372,4448.351493,5723.135186,1073.335743,1066.927576,0.001001968,0.001005531,0.001008742,0.001011081,1794.185417,1794.185417,1794.185417,4482.224623,4482.224623,4482.224623,4482.224623,4482.224623
5/18/1992,1295.996696,1305.218658,1426.516294,1468.863741,1467.200291,1426.516294,3440.795591,2961.81757,3886.257486,3519.028559,3207.714654,3886.257486,3815.037463,3659.929472,3886.257486,4248.77466,4025.103502,3886.257486,654.8998352,651.2652835,0.001001968,0.001005531,0.001008742,0.001011081,1704.26061,1704.26061,1704.26061,4238.760305,4238.760305,4238.760305,4238.760305,4238.760305
5/19/1992,1161.030748,1255.648248,1275.460836,1305.505544,1305.218658,1275.460836,2816.857363,2812.469578,3161.7588,2883.693765,2961.81757,3161.7588,3065.260325,3207.714654,3161.7588,3439.31971,3659.929472,3161.7588,584.2946195,581.1086324,0.001001968,0.001005531,0.001008742,0.001011081,1645.322541,1645.322541,1645.322541,4095.148422,4095.148422,4095.148422,4095.148422,4095.148422
5/20/1992,1122.336733,1211.529903,1234.946391,1255.935627,1255.648248,1234.946391,2732.275664,2707.461527,3077.789653,2787.689512,2812.469578,3077.789653,2917.519408,2961.81757,3077.789653,3116.351179,3207.714654,3077.789653,577.057638,573.9172317,0.001001968,0.001005531,0.001008742,0.001011081,1597.584821,1597.584821,1597.584821,3990.881254,3990.881254,3990.881254,3990.881254,3990.881254
5/21/1992,1084.232356,1164.1147,1193.444747,1211.846357,1211.529903,1193.444747,2555.594864,2586.134574,2878.480978,2607.972726,2707.461527,2878.480978,2722.972696,2812.469578,2878.480978,2857.339944,2961.81757,2878.480978,562.0709969,559.0247341,0.001001968,0.001005531,0.001008742,0.001011081,1556.923282,1556.923282,1556.923282,3906.643899,3906.643899,3906.643899,3906.643899,3906.643899
5/22/1992,1043.66336,1125.337393,1148.149332,1164.455153,1164.1147,1148.149332,2421.818226,2842.407362,2725.567647,2470.88202,2586.134574,2725.567647,2579.380032,2707.461527,2725.567647,2684.93659,2812.469578,2725.567647,540.6886871,537.7761524,0.001001968,0.001005531,0.001008742,0.001011081,1506.864398,1506.864398,1506.864398,3827.155819,3827.155819,3827.155819,3827.155819,3827.155819
5/23/1992,1010.458564,1103.477647,1111.559642,1125.697947,1125.337393,1111.559642,2330.131108,2989.748642,2623.085028,2375.851969,2842.407362,2623.085028,2479.248429,2586.134574,2623.085028,2568.633211,2707.461527,2623.085028,525.5331732,522.7149887,0.001001968,0.001005531,0.001008742,0.001011081,1416.374617,1416.374617,1416.374617,3621.482432,3621.482432,3621.482432,3621.482432,3621.482432
5/24/1992,980.083411,1208.15549,1078.290524,1091.618309,1103.477647,1078.290524,2272.890076,3039.93789,2558.726139,2316.750733,2989.748642,2558.726139,2415.290778,2842.407362,2558.726139,2482.17744,2586.134574,2558.726139,512.6230325,509.8849262,0.001001968,0.001005531,0.001008742,0.001011081,1293.532052,1293.532052,1293.532052,3243.462238,3243.462238,3243.462238,3243.462238,3243.462238
5/25/1992,1097.627616,1352.677104,1211.463036,1211.412306,1208.15549,1211.463036,2385.636863,2735.027516,2686.929533,2424.916757,3039.93789,2686.929533,2478.465637,2989.748642,2686.929533,2397.768035,2842.407362,2686.929533,579.5618497,576.4056798,0.001001968,0.001005531,0.001008742,0.001011081,1222.709636,1222.709636,1222.709636,2970.461738,2970.461738,2970.461738,2970.461738,2970.461738
5/26/1992,1235.271178,1161.10461,1368.683473,1360.043382,1352.677104,1368.683473,2736.86974,2580.991661,3111.194875,2770.309327,2735.027516,3111.194875,2812.361978,3039.93789,3111.194875,2739.698596,2989.748642,3111.194875,667.3161644,663.6020385,0.001001968,0.001005531,0.001008742,0.001011081,1208.419366,1208.419366,1208.419366,2842.517611,2842.517611,2842.517611,2842.517611,2842.517611
5/27/1992,1048.541195,1132.44184,1158.37856,1158.208081,1161.10461,1158.37856,2600.895501,3668.165275,2950.311369,2631.474446,2580.991661,2950.311369,2809.343795,2735.027516,2950.311369,2884.390275,3039.93789,2950.311369,567.159509,564.0813187,0.001001968,0.001005531,0.001008742,0.001011081,1201.929103,1201.929103,1201.929103,2819.264242,2819.264242,2819.264242,2819.264242,2819.264242
5/28/1992,996.3844006,957.8427745,1100.981702,1134.377402,1132.44184,1100.981702,2483.820017,6343.914627,2816.17742,2546.168079,3668.165275,2816.17742,2626.186272,2580.991661,2816.17742,2796.653504,2735.027516,2816.17742,541.9916571,539.0709939,0.001001968,0.001005531,0.001008742,0.001011081,1186.987347,1186.987347,1186.987347,2823.365839,2823.365839,2823.365839,2823.365839,2823.365839
5/29/1992,868.7061424,1115.343187,951.6549575,960.8477906,957.8427745,951.6549575,2118.265952,8144.153115,2378.69006,2151.203746,6343.914627,2378.69006,2284.939575,3668.165275,2378.69006,2437.399101,2580.991661,2378.69006,441.825359,439.5212664,0.001001968,0.001005531,0.001008742,0.001011081,1164.383788,1164.383788,1164.383788,2793.868349,2793.868349,2793.868349,2793.868349,2793.868349
5/30/1992,874.5193357,2575.747314,965.1888363,977.3768413,1115.343187,965.1888363,2109.687535,10839.37443,2380.901378,2148.685766,8144.153115,2380.901378,2239.083026,6343.914627,2380.901378,2295.179707,3668.165275,2380.901378,480.691051,478.1498049,0.001001968,0.001005531,0.001008742,0.001011081,1142.651788,1142.651788,1142.651788,2761.823183,2761.823183,2761.823183,2761.823183,2761.823183
5/31/1992,1857.662921,6098.556102,2079.634455,1960.702917,2575.747314,2079.634455,5645.356711,10469.00726,6382.959816,5633.461888,10839.37443,6382.959816,5524.433341,8144.153115,6382.959816,3282.780197,6343.914627,6382.959816,994.9952875,989.1190397,0.001001968,0.001005531,0.001008742,0.001011081,1217.509618,1217.509618,1217.509618,3092.815977,3092.815977,3092.815977,3092.815977,3092.815977
6/1/1992,6388.542741,5861.815601,7260.199168,6371.652121,6098.556102,7260.199168,12490.47272,10440.71167,14481.37622,12002.83218,10469.00726,14481.37622,10850.25304,10839.37443,14481.37622,7817.136194,8144.153115,14481.37622,3006.227714,2985.64327,0.001001968,0.001005531,0.001008742,0.001011081,1710.349023,1710.349023,1710.349023,4024.988512,4024.988512,4024.988512,4024.988512,4024.988512
6/2/1992,6387.29205,6718.315904,7171.464357,6128.719193,5861.815601,7171.464357,11419.04011,11551.31375,13208.98242,10670.35548,10440.71167,13208.98242,11377.0464,10469.00726,13208.98242,10530.18882,10839.37443,13208.98242,3103.261151,3081.928357,0.001001968,0.001005531,0.001008742,0.001011081,2410.622248,2410.622248,2410.622248,5116.290674,5116.290674,5116.290674,5116.290674,5116.290674
6/3/1992,5161.455631,3092.595799,6061.203255,6750.009418,6718.315904,6061.203255,9291.582096,15633.58281,11169.33159,10291.09717,11551.31375,11169.33159,10835.90354,10440.71167,11169.33159,11107.98329,10469.00726,11169.33159,3729.823403,3703.59941,0.001001968,0.001005531,0.001008742,0.001011081,3156.188859,3156.188859,3156.188859,6253.768144,6253.768144,6253.768144,6253.768144,6253.768144
6/4/1992,2190.308927,3959.455294,2411.455304,3074.356286,3092.595799,2411.455304,5233.62913,17527.93998,5952.295887,5960.508288,15633.58281,5952.295887,7037.050289,11551.31375,5952.295887,9855.529858,10440.71167,5952.295887,1015.40077,1009.386462,0.001001968,0.001005531,0.001008742,0.001011081,3563.717887,3563.717887,3563.717887,7206.844437,7206.844437,7206.844437,7206.844437,7206.844437
6/5/1992,2027.94637,10219.07806,2256.485293,2448.365071,3959.455294,2256.485293,5304.705163,15566.32855,6064.463356,5563.275102,17527.93998,6064.463356,6406.159337,15633.58281,6064.463356,7225.498738,11551.31375,6064.463356,1046.895359,1040.667281,0.001001968,0.001005531,0.001008742,0.001011081,3862.485507,3862.485507,3862.485507,8206.172034,8206.172034,8206.172034,8206.172034,8206.172034
6/6/1992,8328.494989,6877.923904,10030.52942,10052.5306,10219.07806,10030.52942,15940.18784,10715.69049,19411.97246,16729.69294,15566.32855,19411.97246,16672.27397,17527.93998,19411.97246,10040.06762,15633.58281,19411.97246,5725.043641,5682.703137,0.001001968,0.001005531,0.001008742,0.001011081,4958.282246,4958.282246,4958.282246,9658.528451,9658.528451,9658.528451,9658.528451,9658.528451
6/7/1992,8266.31291,9212.97389,9409.800891,7753.603114,6877.923904,9409.800891,19072.08515,9116.344965,22561.50822,17798.05628,10715.69049,22561.50822,19320.25546,15566.32855,22561.50822,20348.39775,17527.93998,22561.50822,4040.112219,4011.431754,0.001001968,0.001005531,0.001008742,0.001011081,5942.816688,5942.816688,5942.816688,11631.14625,11631.14625,11631.14625,11631.14625,11631.14625
6/8/1992,7886.243997,5498.101163,9400.040886,9515.772997,9212.97389,9400.040886,13797.73362,7279.431556,16896.47802,14447.2501,9116.344965,16896.47802,14949.88233,10715.69049,16896.47802,15392.62778,15566.32855,16896.47802,5853.381909,5809.981801,0.001001968,0.001005531,0.001008742,0.001011081,6524.462027,6524.462027,6524.462027,12706.6465,12706.6465,12706.6465,12706.6465,12706.6465
6/9/1992,4021.280269,2697.94824,4665.322044,5566.946301,5498.101163,4665.322044,9299.275854,5595.259727,11050.92073,10397.34428,7279.431556,11050.92073,11348.60169,9116.344965,11050.92073,14398.0071,10715.69049,11050.92073,2669.468188,2651.459665,0.001001968,0.001005531,0.001008742,0.001011081,6497.905387,6497.905387,6497.905387,13167.31718,13167.31718,13167.31718,13167.31718,13167.31718
6/10/1992,2263.824306,2579.301107,2481.832971,2745.304881,2697.94824,2481.832971,3663.775866,4905.225408,4075.835148,4032.754353,5595.259727,4075.835148,5239.652463,7279.431556,4075.835148,7695.304266,9116.344965,4075.835148,943.3842964,937.8556313,0.001001968,0.001005531,0.001008742,0.001011081,6111.170728,6111.170728,6111.170728,13064.95811,13064.95811,13064.95811,13064.95811,13064.95811
6/11/1992,2231.124189,2375.850712,2493.877491,2601.317452,2579.301107,2493.877491,4559.477142,4494.689908,5235.72769,4761.028586,4905.225408,5235.72769,5286.200562,5595.259727,5235.72769,6300.387253,7279.431556,5235.72769,1164.579465,1157.545646,0.001001968,0.001005531,0.001008742,0.001011081,5958.319418,5958.319418,5958.319418,12718.20915,12718.20915,12718.20915,12718.20915,12718.20915
6/12/1992,2076.39658,2193.812681,2327.031002,2390.518202,2375.850712,2327.031002,4876.643952,4197.630678,5632.761762,5014.510283,4494.689908,5632.761762,5346.591969,4905.225408,5632.761762,5872.493369,5595.259727,5632.761762,1125.981384,1119.213002,0.001001968,0.001005531,0.001008742,0.001011081,5875.026394,5875.026394,5875.026394,12157.80307,12157.80307,12157.80307,12157.80307,12157.80307
6/13/1992,1926.452014,2044.022983,2158.166255,2204.042052,2193.812681,2158.166255,4069.959451,3959.721479,4685.806578,4193.307443,4197.630678,4685.806578,4472.547005,4494.689908,4685.806578,4818.883803,4905.225408,4685.806578,1053.532201,1047.258971,0.001001968,0.001005531,0.001008742,0.001011081,4965.80493,4965.80493,4965.80493,11058.87502,11058.87502,11058.87502,11058.87502,11058.87502
6/14/1992,1799.729956,1919.2285,2014.72362,2051.258646,2044.022983,2014.72362,3713.010898,3762.542487,4269.934395,3822.724419,3959.721479,4269.934395,4068.681796,4197.630678,4269.934395,4329.431884,4494.689908,4269.934395,987.7594333,981.9320568,0.001001968,0.001005531,0.001008742,0.001011081,4051.434807,4051.434807,4051.434807,9027.432344,9027.432344,9027.432344,9027.432344,9027.432344
6/15/1992,1693.145878,1813.741401,1894.132091,1924.379348,1919.2285,1894.132091,3483.160679,4649.615232,4003.3652,3581.63073,3762.542487,4003.3652,3803.783086,3959.721479,4003.3652,4017.370237,4197.630678,4003.3652,931.8628938,926.4114977,0.001001968,0.001005531,0.001008742,0.001011081,3093.624116,3093.624116,3093.624116,7255.350428,7255.350428,7255.350428,7255.350428,7255.350428
6/16/1992,1602.538159,1722.956506,1791.81793,1817.411584,1813.741401,1791.81793,3304.85435,5399.219197,3796.828921,3394.304755,4649.615232,3796.828921,3597.984201,3762.542487,3796.828921,3777.515343,3959.721479,3796.828921,884.6798959,879.5436524,0.001001968,0.001005531,0.001008742,0.001011081,2502.114101,2502.114101,2502.114101,5860.137844,5860.137844,5860.137844,5860.137844,5860.137844
6/17/1992,1524.196538,1644.095572,1703.531603,1725.559435,1722.956506,1703.531603,3151.028901,4463.560348,3619.459982,3233.110777,5399.219197,3619.459982,3421.836062,4649.615232,3619.459982,3582.019599,3762.542487,3619.459982,844.2616519,839.3936756,0.001001968,0.001005531,0.001008742,0.001011081,2217.72589,2217.72589,2217.72589,4928.280869,4928.280869,4928.280869,4928.280869,4928.280869
6/18/1992,1455.305926,1623.587564,1626.026715,1645.260104,1644.095572,1626.026715,3019.296557,3674.896933,3467.448143,3095.3199,4463.560348,3467.448143,3271.68695,5399.219197,3467.448143,3411.451322,4649.615232,3467.448143,808.9871672,804.3519727,0.001001968,0.001005531,0.001008742,0.001011081,2041.829575,2041.829575,2041.829575,4411.854691,4411.854691,4411.854691,4411.854691,4411.854691
6/19/1992,1430.976008,1782.253041,1602.239463,1620.205975,1623.587564,1602.239463,3887.828698,3511.650915,4496.648313,3945.375517,3674.896933,4496.648313,4088.51827,4463.560348,4496.648313,4146.581047,5399.219197,4496.648313,813.5632208,808.897901,0.001001968,0.001005531,0.001008742,0.001011081,1914.469297,1914.469297,1914.469297,4253.243641,4253.243641,4253.243641,4253.243641,4253.243641
6/20/1992,1578.325234,1863.038067,1775.014741,1784.828436,1782.253041,1775.014741,4747.196897,3839.708686,5530.153932,4791.804769,3511.650915,5530.153932,4859.454586,3674.896933,5530.153932,4858.393928,4463.560348,5530.153932,921.8620643,916.477641,0.001001968,0.001005531,0.001008742,0.001011081,1833.039415,1833.039415,1833.039415,4311.412876,4311.412876,4311.412876,4311.412876,4311.412876
6/21/1992,1661.433867,1474.339856,1865.290326,1866.281679,1863.038067,1865.290326,4002.182119,4811.165117,4640.156184,4057.749104,3839.708686,4640.156184,4148.62516,3511.650915,4640.156184,4158.211909,3674.896933,4640.156184,950.4947827,944.9183709,0.001001968,0.001005531,0.001008742,0.001011081,1787.816932,1787.816932,1787.816932,4302.931206,4302.931206,4302.931206,4302.931206,4302.931206
6/22/1992,1307.427137,1389.404566,1458.479529,1474.57764,1474.339856,1458.479529,2907.486061,4537.85442,3336.994108,2970.147259,4811.165117,3336.994108,3249.093187,3839.708686,3336.994108,3477.68149,3511.650915,3336.994108,727.5231376,723.4204271,0.001001968,0.001005531,0.001008742,0.001011081,1737.95104,1737.95104,1737.95104,4233.179139,4233.179139,4233.179139,4233.179139,4233.179139
6/23/1992,1215.399607,1857.930938,1357.276182,1376.460657,1389.404566,1357.276182,2633.009694,4051.442033,3018.799741,2698.168395,4537.85442,3018.799741,2867.461018,4811.165117,3018.799741,3114.962962,3839.708686,3018.799741,689.5091699,685.6523245,0.001001968,0.001005531,0.001008742,0.001011081,1675.73298,1675.73298,1675.73298,4144.350438,4144.350438,4144.350438,4144.350438,4144.350438
6/24/1992,1589.642317,2326.34645,1819.058985,1823.397468,1857.930938,1819.058985,3567.617758,5321.39233,4164.914426,3647.859565,4051.442033,4164.914426,3788.883247,4537.85442,4164.914426,3334.980553,4811.165117,4164.914426,1072.183873,1065.783564,0.001001968,0.001005531,0.001008742,0.001011081,1675.838584,1675.838584,1675.838584,4134.786231,4134.786231,4134.786231,4134.786231,4134.786231
6/25/1992,2047.367241,1681.460272,2365.121586,2347.923804,2326.34645,2365.121586,4973.407713,4458.327544,5876.159336,5047.186157,5321.39233,5876.159336,5160.593956,4051.442033,5876.159336,4820.618377,4537.85442,5876.159336,1429.401196,1420.518539,0.001001968,0.001005531,0.001008742,0.001011081,1751.507921,1751.507921,1751.507921,4327.755078,4327.755078,4327.755078,4327.755078,4327.755078
6/26/1992,1470.590969,2033.403626,1662.73213,1657.40404,1681.460272,1662.73213,3715.83223,3997.038622,4317.278234,3761.618222,4458.327544,4317.278234,4046.617553,5321.39233,4317.278234,4587.415283,4051.442033,4317.278234,908.2296594,902.9363794,0.001001968,0.001005531,0.001008742,0.001011081,1773.543318,1773.543318,1773.543318,4345.445048,4345.445048,4345.445048,4345.445048,4345.445048
6/27/1992,1771.357543,2033.768971,2036.383692,2029.716283,2033.403626,2036.383692,3734.972717,3492.304694,4327.894849,3838.505741,3997.038622,4327.894849,4031.562203,4458.327544,4327.894849,3372.031771,5321.39233,4327.894849,1204.520933,1197.211292,0.001001968,0.001005531,0.001008742,0.001011081,1808.69758,1808.69758,1808.69758,4203.392418,4203.392418,4203.392418,4203.392418,4203.392418
6/28/1992,1797.460021,1307.974524,2048.147797,2062.221926,2033.768971,2048.147797,5005.628102,2941.731407,5831.151181,5086.525138,3492.304694,5831.151181,5164.713377,3997.038622,5831.151181,5511.986077,4458.327544,5831.151181,1135.422949,1128.58974,0.001001968,0.001005531,0.001008742,0.001011081,1830.595054,1830.595054,1830.595054,4352.627617,4352.627617,4352.627617,4352.627617,4352.627617
6/29/1992,1194.391843,1302.624289,1329.84061,1319.557159,1307.974524,1329.84061,2961.124341,2969.389482,3374.642189,2992.355087,2941.731407,3374.642189,3327.635102,3492.304694,3374.642189,3915.434161,3997.038622,3374.642189,658.3975877,654.7406396,0.001001968,0.001005531,0.001008742,0.001011081,1818.580191,1818.580191,1818.580191,4436.000527,4436.000527,4436.000527,4436.000527,4436.000527
6/30/1992,1143.318035,1200.063944,1283.766747,1302.063536,1302.624289,1283.766747,2671.433586,2835.358786,3066.442911,2733.784792,2969.389482,3066.442911,2879.11282,2941.731407,3066.442911,3228.682631,3492.304694,3066.442911,689.1387367,685.2842786,0.001001968,0.001005531,0.001008742,0.001011081,1804.654173,1804.654173,1804.654173,4466.234843,4466.234843,4466.234843,4466.234843,4466.234843
7/1/1992,1055.199389,1141.947643,1179.956168,1199.062926,1200.063944,1179.956168,2593.729277,3568.050446,2973.866204,2648.776522,2835.358786,2973.866204,2773.238309,2969.389482,2973.866204,2952.958448,2941.731407,2973.866204,618.3067189,614.9055052,0.001001968,0.001005531,0.001008742,0.001011081,1727.194708,1727.194708,1727.194708,4373.885182,4373.885182,4373.885182,4373.885182,4373.885182
7/2/1992,1012.066711,1131.219278,1130.408137,1140.992086,1141.947643,1130.408137,2307.715955,3271.982214,2641.358396,2355.169709,3568.050446,2641.358396,2475.3007,2835.358786,2641.358396,2611.37189,2969.389482,2641.358396,589.6684224,586.4485399,0.001001968,0.001005531,0.001008742,0.001011081,1577.799311,1577.799311,1577.799311,4063.113767,4063.113767,4063.113767,4063.113767,4063.113767
7/3/1992,985.6289223,1269.637538,1101.364381,1109.665728,1131.219278,1101.364381,2414.123394,4255.377945,2772.010353,2454.870436,3271.982214,2772.010353,2559.856563,3568.050446,2772.010353,2646.481059,2835.358786,2772.010353,578.6651873,575.5146628,0.001001968,0.001005531,0.001008742,0.001011081,1481.811989,1481.811989,1481.811989,3799.896122,3799.896122,3799.896122,3799.896122,3799.896122
7/4/1992,1153.731914,1279.037627,1297.022285,1273.387417,1269.637538,1297.022285,2587.308052,3379.478355,2982.074043,2610.246211,4255.377945,2982.074043,2693.619631,3271.982214,2982.074043,2575.387608,3568.050446,2982.074043,693.1002774,689.2202805,0.001001968,0.001005531,0.001008742,0.001011081,1377.2577,1377.2577,1377.2577,3577.50511,3577.50511,3577.50511,3577.50511,3577.50511
7/5/1992,1237.438764,1764.792154,1376.043716,1276.492021,1279.037627,1376.043716,3317.947711,3710.089833,3825.053545,3247.360947,3379.478355,3825.053545,3315.152594,4255.377945,3825.053545,3375.476947,3271.982214,3825.053545,678.3456847,674.5607071,0.001001968,0.001005531,0.001008742,0.001011081,1275.981711,1275.981711,1275.981711,3305.288849,3305.288849,3305.288849,3305.288849,3305.288849
7/6/1992,1531.743083,1574.781483,1750.383053,1769.073535,1764.792154,1750.383053,3382.985785,5379.248921,3942.561881,3474.906975,3710.089833,3942.561881,3522.3946,3379.478355,3942.561881,2995.15865,4255.377945,3942.561881,1030.639239,1024.521602,0.001001968,0.001005531,0.001008742,0.001011081,1287.213631,1287.213631,1287.213631,3181.074963,3181.074963,3181.074963,3181.074963,3181.074963
7/7/1992,1410.592857,1194.945896,1580.083591,1583.552841,1574.781483,1580.083591,3995.985163,3889.286587,4634.507782,4032.133263,5379.248921,4634.507782,4102.224508,3710.089833,4634.507782,4384.301675,3379.478355,4634.507782,813.0541932,808.3922255,0.001001968,0.001005531,0.001008742,0.001011081,1316.902168,1316.902168,1316.902168,3308.635074,3308.635074,3308.635074,3308.635074,3308.635074
7/8/1992,1026.031296,1339.563645,1140.12466,1178.94641,1194.945896,1140.12466,2370.314656,3319.863358,2706.181193,2443.05425,3889.286587,2706.181193,2682.930445,5379.248921,2706.181193,2966.957493,3710.089833,2706.181193,573.0264008,569.911351,0.001001968,0.001005531,0.001008742,0.001011081,1331.425748,1331.425748,1331.425748,3359.429878,3359.429878,3359.429878,3359.429878,3359.429878
7/9/1992,1195.471429,1530.54269,1328.686452,1342.293811,1339.563645,1328.686452,3404.622227,3007.271065,3878.620012,3462.371151,3319.863358,3878.620012,3490.021686,3889.286587,3878.620012,3184.005994,5379.248921,3878.620012,641.5660446,638.0167236,0.001001968,0.001005531,0.001008742,0.001011081,1345.156159,1345.156159,1345.156159,3508.499464,3508.499464,3508.499464,3508.499464,3508.499464
7/10/1992,1547.552289,1525.398014,1710.937703,1540.35441,1530.54269,1710.937703,5088.547578,3423.683731,5888.444099,4931.222605,3007.271065,5888.444099,4948.223202,3319.863358,5888.444099,5103.973377,3889.286587,5888.444099,780.3856775,775.938269,0.001001968,0.001005531,0.001008742,0.001011081,1394.977189,1394.977189,1394.977189,3881.231095,3881.231095,3881.231095,3881.231095,3881.231095
7/11/1992,1270.699036,1087.312826,1432.364292,1525.207911,1525.398014,1432.364292,3189.59886,4179.726599,3690.34433,3324.888163,3423.683731,3690.34433,3460.741695,3007.271065,3690.34433,3514.467298,3319.863358,3690.34433,790.9019128,786.385561,0.001001968,0.001005531,0.001008742,0.001011081,1436.60188,1436.60188,1436.60188,4024.61279,4024.61279,4024.61279,4024.61279,4024.61279
7/12/1992,947.5151731,1015.841572,1042.422934,1085.390334,1087.312826,1042.422934,2444.455701,2834.162868,2776.460934,2511.010962,4179.726599,2776.460934,2707.121957,3423.683731,2776.460934,3094.256149,3007.271065,2776.460934,484.3407306,481.7770736,0.001001968,0.001005531,0.001008742,0.001011081,1431.205169,1431.205169,1431.205169,3973.729108,3973.729108,3973.729108,3973.729108,3973.729108
7/13/1992,863.7980229,1189.661322,950.9386473,1012.343265,1015.841572,950.9386473,2114.211093,4414.692086,2388.700527,2201.747572,2834.162868,2388.700527,2301.398111,4179.726599,2388.700527,2490.486725,3423.683731,2388.700527,446.352505,444.0209336,0.001001968,0.001005531,0.001008742,0.001011081,1347.810679,1347.810679,1347.810679,3883.640992,3883.640992,3883.640992,3883.640992,3883.640992
7/14/1992,1117.546961,1305.300454,1238.041996,1189.141442,1189.661322,1238.041996,3113.939836,4848.555463,3566.182834,3095.531894,4414.692086,3566.182834,3160.927089,2834.162868,3566.182834,2969.009633,4179.726599,3566.182834,597.9127235,594.640759,0.001001968,0.001005531,0.001008742,0.001011081,1293.881037,1293.881037,1293.881037,3715.319513,3715.319513,3715.319513,3715.319513,3715.319513
7/15/1992,1141.30384,1545.130266,1261.183927,1285.867591,1305.300454,1261.183927,3859.433433,5392.071127,4443.885972,3895.250411,4848.555463,4443.885972,3849.219095,4414.692086,4443.885972,3958.680634,2834.162868,4443.885972,590.8082271,587.58115,0.001001968,0.001005531,0.001008742,0.001011081,1272.995833,1272.995833,1272.995833,3832.185419,3832.185419,3832.185419,3832.185419,3832.185419
7/16/1992,1804.563692,2697.776357,1938.741613,1547.288923,1545.130266,1938.741613,3488.875146,4896.700065,3859.304137,3157.090716,5392.071127,3859.304137,3023.8677,4848.555463,3859.304137,2606.795168,4414.692086,3859.304137,596.2833374,593.021674,0.001001968,0.001005531,0.001008742,0.001011081,1282.451728,1282.451728,1282.451728,3748.237631,3748.237631,3748.237631,3748.237631,3748.237631
7/17/1992,2868.549497,3197.297946,3161.557559,2707.755847,2697.776357,3161.557559,5657.176065,4614.297325,6488.869268,5289.4031,4896.700065,6488.869268,5067.037019,5392.071127,6488.869268,4394.346684,4848.555463,6488.869268,1313.850597,1305.780299,0.001001968,0.001005531,0.001008742,0.001011081,1394.710404,1394.710404,1394.710404,3664.947828,3664.947828,3664.947828,3664.947828,3664.947828
7/18/1992,2857.691566,2414.543488,3197.476169,3200.929894,3197.297946,3197.476169,5674.472511,4160.695327,6579.479687,5783.319831,4614.297325,6579.479687,5765.355624,4896.700065,6579.479687,5124.322458,5392.071127,6579.479687,1523.102857,1513.555569,0.001001968,0.001005531,0.001008742,0.001011081,1590.522697,1590.522697,1590.522697,3892.360058,3892.360058,3892.360058,3892.360058,3892.360058
7/19/1992,2206.957973,2352.104622,2389.169237,2417.582271,2414.543488,2389.169237,4792.817932,4216.748625,5438.827383,4862.505846,4160.695327,5438.827383,5091.880159,4614.297325,5438.827383,5672.815482,4896.700065,5438.827383,856.8833467,851.9317701,0.001001968,0.001005531,0.001008742,0.001011081,1778.381959,1778.381959,1778.381959,4291.082552,4291.082552,4291.082552,4291.082552,4291.082552
7/20/1992,1794.195223,1386.182726,1995.629342,2351.885941,2352.104622,1995.629342,3292.216627,4064.065002,3777.855993,3715.175329,4216.748625,3777.855993,4050.605869,4160.695327,3777.855993,4155.28163,4614.297325,3777.855993,961.8445885,956.1918692,0.001001968,0.001005531,0.001008742,0.001011081,1985.766174,1985.766174,1985.766174,4590.958767,4590.958767,4590.958767,4590.958767,4590.958767
7/21/1992,1160.302912,1332.181915,1235.961869,1385.852085,1386.182726,1235.961869,2881.890649,4731.886564,3227.842345,3043.253277,4064.065002,3227.842345,3467.742888,4216.748625,3227.842345,4281.347771,4160.695327,3227.842345,384.8722332,382.9103145,0.001001968,0.001005531,0.001008742,0.001011081,2071.617766,2071.617766,2071.617766,4726.246847,4726.246847,4726.246847,4726.246847,4726.246847
7/22/1992,1173.119902,1334.526089,1269.763925,1331.707282,1332.181915,1269.763925,2539.552066,4274.607312,2856.151582,2627.663494,4731.886564,2856.151582,2853.537867,4064.065002,2856.151582,3187.50175,4216.748625,2856.151582,489.6217673,487.0256406,0.001001968,0.001005531,0.001008742,0.001011081,2114.874815,2114.874815,2114.874815,4627.728641,4627.728641,4627.728641,4627.728641,4627.728641
7/23/1992,1183.531145,1509.688592,1294.060686,1328.472595,1334.526089,1294.060686,3325.353743,4313.61004,3794.955163,3378.0885,4274.607312,3794.955163,3516.5587,4731.886564,3794.955163,3574.667438,4064.065002,3794.955163,557.6745951,554.6558856,0.001001968,0.001005531,0.001008742,0.001011081,2124.20709,2124.20709,2124.20709,4692.522932,4692.522932,4692.522932,4692.522932,4692.522932
7/24/1992,1488.312544,1956.759367,1614.926723,1510.786705,1509.688592,1614.926723,3863.432624,5186.307038,4385.861155,3786.186074,4313.61004,4385.861155,3748.342328,4274.607312,4385.861155,3700.691325,4731.886564,4385.861155,615.5427283,612.1590657,0.001001968,0.001005531,0.001008742,0.001011081,2000.390494,2000.390494,2000.390494,4562.631501,4562.631501,4562.631501,4562.631501,4562.631501
7/25/1992,1846.840946,1715.317478,2042.622917,1960.606726,1956.759367,2042.622917,4676.249797,4334.049668,5394.35041,4633.875849,5186.307038,5394.35041,4627.880587,4313.61004,5394.35041,4346.705764,4274.607312,5394.35041,929.7084516,924.2714909,0.001001968,0.001005531,0.001008742,0.001011081,1845.503071,1845.503071,1845.503071,4480.010485,4480.010485,4480.010485,4480.010485,4480.010485
7/26/1992,1384.130586,2040.086226,1545.026529,1703.545576,1715.317478,1545.026529,3711.962406,4128.694954,4290.778034,3902.819283,4334.049668,4290.778034,4125.694399,5186.307038,4290.778034,4234.526913,4313.61004,4290.778034,791.2745028,786.7557061,0.001001968,0.001005531,0.001008742,0.001011081,1742.407618,1742.407618,1742.407618,4254.3956,4254.3956,4254.3956,4254.3956,4254.3956
7/27/1992,2190.362242,3039.895147,2392.945699,2042.790822,2040.086226,2392.945699,4448.225529,4049.622592,5043.526461,4164.609432,4128.694954,5043.526461,4115.691843,4334.049668,5043.526461,3937.133264,5186.307038,5043.526461,918.6196451,913.2569156,0.001001968,0.001005531,0.001008742,0.001011081,1650.055063,1650.055063,1650.055063,4189.723188,4189.723188,4189.723188,4189.723188,4189.723188
7/28/1992,2650.369135,1882.068462,2989.719507,3047.528828,3039.895147,2989.719507,5525.276161,3066.770228,6449.417666,5682.582172,4049.622592,6449.417666,5538.867556,4128.694954,6449.417666,4917.852159,4334.049668,6449.417666,1516.712669,1507.210867,0.001001968,0.001005531,0.001008742,0.001011081,1774.721284,1774.721284,1774.721284,4352.80722,4352.80722,4352.80722,4352.80722,4352.80722
7/29/1992,1462.185622,1327.843199,1621.869592,1875.460218,1882.068462,1621.869592,3417.9556,3843.469812,3922.205542,3712.907521,3066.770228,3922.205542,4250.671904,4049.622592,3922.205542,4715.542378,4128.694954,3922.205542,777.4852933,773.0568782,0.001001968,0.001005531,0.001008742,0.001011081,1888.581949,1888.581949,1888.581949,4531.117876,4531.117876,4531.117876,4531.117876,4531.117876
7/30/1992,1466.94548,2147.609961,1554.492816,1328.960752,1327.843199,1554.492816,2677.02375,5318.825624,2940.317128,2481.874056,3843.469812,2940.317128,2734.737151,3066.770228,2940.317128,3554.883959,4049.622592,2940.317128,420.7646047,418.5878201,0.001001968,0.001005531,0.001008742,0.001011081,1907.146949,1907.146949,1907.146949,4576.133325,4576.133325,4576.133325,4576.133325,4576.133325
7/31/1992,1865.18959,2414.20731,2041.009985,2013.329528,2147.609961,2041.009985,3347.387343,4961.502476,3792.410027,3381.306703,5318.825624,3792.410027,3242.929226,3843.469812,3792.410027,3036.085401,3066.770228,3792.410027,826.2006363,821.4520077,0.001001968,0.001005531,0.001008742,0.001011081,1955.550798,1955.550798,1955.550798,4497.108779,4497.108779,4497.108779,4497.108779,4497.108779
8/1/1992,2656.997887,3085.532378,2864.629273,2448.808395,2414.20731,2864.629273,4018.092381,4823.962048,4473.174538,3689.687974,4961.502476,4473.174538,3618.816017,5318.825624,4473.174538,3167.495019,3843.469812,4473.174538,895.7863235,890.5760848,0.001001968,0.001005531,0.001008742,0.001011081,2014.417807,2014.417807,2014.417807,4279.045301,4279.045301,4279.045301,4279.045301,4279.045301
8/2/1992,3211.138412,3978.971635,3524.046848,3171.653707,3085.532378,3524.046848,4846.364564,4961.252242,5522.691488,4605.858275,4823.962048,5522.691488,4615.265066,4961.502476,5522.691488,4031.362075,5318.825624,5522.691488,1397.958398,1389.29761,0.001001968,0.001005531,0.001008742,0.001011081,2172.910346,2172.910346,2172.910346,4270.791831,4270.791831,4270.791831,4270.791831,4270.791831
8/3/1992,3052.212719,2444.957699,3505.362111,3881.465186,3978.971635,3505.362111,5455.864026,4518.415283,6490.292833,5973.400771,4961.252242,6490.292833,6196.922049,4823.962048,6490.292833,5480.71334,4961.502476,6490.292833,2024.508,2011.327178,0.001001968,0.001005531,0.001008742,0.001011081,2435.507107,2435.507107,2435.507107,4432.838329,4432.838329,4432.838329,4432.838329,4432.838329
8/4/1992,1921.479996,2018.573062,2091.300255,2377.433586,2444.957699,2091.300255,3664.487827,3824.743574,4154.833842,4002.9802,4518.415283,4154.833842,4489.253292,4961.252242,4154.833842,5492.931603,4823.962048,4154.833842,790.8231147,786.30728,0.001001968,0.001005531,0.001008742,0.001011081,2449.142247,2449.142247,2449.142247,4430.53852,4430.53852,4430.53852,4430.53852,4430.53852
8/5/1992,1950.953024,2112.469588,2107.788534,2099.292918,2018.573062,2107.788534,2867.127997,2730.166785,3188.373197,2923.405521,3824.743574,3188.373197,3318.464226,4518.415283,3188.373197,3729.561233,4961.252242,3188.373197,715.8932354,711.8659281,0.001001968,0.001005531,0.001008742,0.001011081,2460.876159,2460.876159,2460.876159,4426.869394,4426.869394,4426.869394,4426.869394,4426.869394
8/6/1992,1904.146209,1905.80491,2101.693186,2154.580759,2112.469588,2101.693186,3711.926073,4790.073517,4269.094488,3821.618147,2730.166785,4269.094488,4052.787992,3824.743574,4269.094488,4248.792775,4518.415283,4269.094488,932.9371231,927.4785278,0.001001968,0.001005531,0.001008742,0.001011081,2561.683979,2561.683979,2561.683979,4466.926755,4466.926755,4466.926755,4466.926755,4466.926755
8/7/1992,1627.457962,1856.085579,1799.379577,1906.638387,1905.80491,1799.379577,3403.402796,5217.337785,3915.901499,3555.460282,4790.073517,3915.901499,3791.486364,2730.166785,3915.901499,4066.611129,3824.743574,3915.901499,835.537122,830.7268392,0.001001968,0.001005531,0.001008742,0.001011081,2600.97354,2600.97354,2600.97354,4554.171718,4554.171718,4554.171718,4554.171718,4554.171718
8/8/1992,1303.43865,1964.407022,1419.872754,1525.377258,1856.085579,1419.872754,2639.660326,5095.416725,2992.324554,2777.176603,5217.337785,2992.324554,2989.3321,4790.073517,2992.324554,3384.941425,2730.166785,2992.324554,584.2290426,581.0434688,0.001001968,0.001005531,0.001008742,0.001011081,2517.515239,2517.515239,2517.515239,4594.358375,4594.358375,4594.358375,4594.358375,4594.358375
8/9/1992,2097.847044,2542.829146,2266.365129,2034.346721,1964.407022,2266.365129,2995.304465,4834.061636,3296.049901,2852.996649,5095.416725,3296.049901,2915.18612,5217.337785,3296.049901,2427.585661,4790.073517,3296.049901,688.5726423,684.721832,0.001001968,0.001005531,0.001008742,0.001011081,2381.665913,2381.665913,2381.665913,4384.464214,4384.464214,4384.464214,4384.464214,4384.464214
8/10/1992,2583.497735,2463.238749,2855.375922,2693.195777,2542.829146,2855.375922,5280.045113,3864.433012,6084.361809,5200.068524,4834.061636,6084.361809,5165.307313,5095.416725,6084.361809,4826.651239,5217.337785,6084.361809,1187.71767,1180.524206,0.001001968,0.001005531,0.001008742,0.001011081,2206.573678,2206.573678,2206.573678,4310.824842,4310.824842,4310.824842,4310.824842,4310.824842
8/11/1992,2139.807094,2136.891887,2391.925319,2484.916978,2463.238749,2391.925319,4679.110926,3371.840424,5436.098349,4837.693936,3864.433012,5436.098349,5060.842959,4834.061636,5436.098349,5100.270241,5095.416725,5436.098349,1166.462415,1159.415619,0.001001968,0.001005531,0.001008742,0.001011081,2174.485826,2174.485826,2174.485826,4294.602482,4294.602482,4294.602482,4294.602482,4294.602482
8/12/1992,1765.323705,1597.190751,1968.16646,2140.916214,2136.891887,1968.16646,3958.184012,3270.684403,4577.768339,4184.013575,3371.840424,4577.768339,4449.404824,3864.433012,4577.768339,4776.965079,4834.061636,4577.768339,960.2325104,954.5906365,0.001001968,0.001005531,0.001008742,0.001011081,2158.207637,2158.207637,2158.207637,4335.652928,4335.652928,4335.652928,4335.652928,4335.652928
8/13/1992,1368.577587,1229.144049,1488.03123,1595.363789,1597.190751,1488.03123,3279.236111,3514.046818,3731.292567,3411.000597,3270.684403,3731.292567,3646.454209,3371.840424,3731.292567,4220.36396,3864.433012,3731.292567,583.5400899,580.3588587,0.001001968,0.001005531,0.001008742,0.001011081,2090.102136,2090.102136,2090.102136,4382.441041,4382.441041,4382.441041,4382.441041,4382.441041
8/14/1992,1169.793546,1403.369145,1245.269494,1232.436924,1229.144049,1245.269494,2543.752671,3991.945796,2832.121029,2549.153614,3514.046818,2832.121029,2749.040227,3270.684403,2832.121029,3135.939159,3371.840424,2832.121029,376.7111222,374.7976702,0.001001968,0.001005531,0.001008742,0.001011081,2001.205475,2001.205475,2001.205475,4319.391933,4319.391933,4319.391933,4319.391933,4319.391933
8/15/1992,1326.75945,1564.093248,1438.265482,1406.782196,1403.369145,1438.265482,2707.307508,4661.566141,3051.827709,2707.483151,3991.945796,3051.827709,2785.597719,3514.046818,3051.827709,2798.583356,3270.684403,3051.827709,553.485908,550.4934224,0.001001968,0.001005531,0.001008742,0.001011081,1966.04115,1966.04115,1966.04115,4245.78566,4245.78566,4245.78566,4245.78566,4245.78566
8/16/1992,1322.751244,1539.739373,1461.140124,1543.631176,1564.093248,1461.140124,2907.262341,4429.996373,3330.455555,3026.566237,4661.566141,3330.455555,3116.14864,3991.945796,3330.455555,3045.853218,3514.046818,3330.455555,682.0249013,678.216255,0.001001968,0.001005531,0.001008742,0.001011081,1903.364633,1903.364633,1903.364633,4267.389234,4267.389234,4267.389234,4267.389234,4267.389234
8/17/1992,1245.673361,1743.392056,1373.044915,1431.741943,1539.739373,1373.044915,3119.996795,3602.827755,3568.790821,3208.934592,4429.996373,3568.790821,3373.024554,4661.566141,3568.790821,3433.896395,3991.945796,3568.790821,626.2254833,622.773928,0.001001968,0.001005531,0.001008742,0.001011081,1766.26076,1766.26076,1766.26076,4043.690687,4043.690687,4043.690687,4043.690687,4043.690687
8/18/1992,1620.041111,1855.930717,1804.550877,1755.658124,1743.392056,1804.550877,3917.327805,3236.61909,4502.528972,3924.55905,3602.827755,4502.528972,4075.001076,4429.996373,4502.528972,3773.178239,4661.566141,4502.528972,851.9604412,847.0414907,0.001001968,0.001005531,0.001008742,0.001011081,1659.5645,1659.5645,1659.5645,3883.627506,3883.627506,3883.627506,3883.627506,3883.627506
8/19/1992,1785.81349,1712.959275,1985.751788,1922.868689,1855.930717,1985.751788,4463.199858,2908.745307,5151.370191,4452.888785,3236.61909,5151.370191,4483.009184,3602.827755,5151.370191,4452.23031,4429.996373,5151.370191,920.3718465,914.9973948,0.001001968,0.001005531,0.001008742,0.001011081,1596.509698,1596.509698,1596.509698,3842.750359,3842.750359,3842.750359,3842.750359,3842.750359
8/20/1992,1508.402563,1301.857037,1675.996836,1728.825839,1712.959275,1675.996836,3635.764252,2596.155016,4192.159822,3728.882359,2908.745307,4192.159822,3851.309792,3236.61909,4192.159822,4091.050783,3602.827755,4192.159822,801.4128254,796.8274462,0.001001968,0.001005531,0.001008742,0.001011081,1593.435422,1593.435422,1593.435422,3815.684512,3815.684512,3815.684512,3815.684512,3815.684512
8/21/1992,1133.850826,1116.977641,1244.462155,1302.000704,1301.857037,1244.462155,2542.526316,2428.938372,2890.381314,2630.603813,2596.155016,2890.381314,2869.094403,2908.745307,2890.381314,3202.374112,3236.61909,2890.381314,552.2060267,549.2215486,0.001001968,0.001005531,0.001008742,0.001011081,1603.556813,1603.556813,1603.556813,3810.719591,3810.719591,3810.719591,3810.719591,3810.719591
8/22/1992,986.3740165,1025.142429,1075.245265,1116.570006,1116.977641,1075.245265,2243.22767,1834.52434,2532.480191,2308.796535,2428.938372,2532.480191,2452.563391,2596.155016,2532.480191,2753.142097,2908.745307,2532.480191,451.0194951,448.659555,0.001001968,0.001005531,0.001008742,0.001011081,1574.057514,1574.057514,1574.057514,3803.458195,3803.458195,3803.458195,3803.458195,3803.458195
8/23/1992,924.4099003,993.3985268,1004.855862,1024.678856,1025.142429,1004.855862,2145.994838,1746.303048,2419.229889,2186.704687,1834.52434,2419.229889,2291.564943,2428.938372,2419.229889,2455.853039,2596.155016,2419.229889,411.4587974,409.337981,0.001001968,0.001005531,0.001008742,0.001011081,1509.261356,1509.261356,1509.261356,3738.816856,3738.816856,3738.816856,3738.816856,3738.816856
8/24/1992,900.8156856,1021.286967,980.478868,992.90786,993.3985268,980.478868,2078.980584,2405.428861,2345.205934,2112.272459,1746.303048,2345.205934,2194.324617,1834.52434,2345.205934,2284.866894,2428.938372,2345.205934,408.9162442,406.8106886,0.001001968,0.001005531,0.001008742,0.001011081,1439.975856,1439.975856,1439.975856,3583.411748,3583.411748,3583.411748,3583.411748,3583.411748
8/25/1992,875.9538444,731.8674333,954.0249914,964.8849669,1021.286967,954.0249914,2022.06158,2182.835121,2282.115452,2053.318416,2405.428861,2282.115452,2126.688781,1746.303048,2282.115452,2194.752115,1834.52434,2282.115452,402.3257879,400.2597261,0.001001968,0.001005531,0.001008742,0.001011081,1328.555929,1328.555929,1328.555929,3325.879045,3325.879045,3325.879045,3325.879045,3325.879045
8/26/1992,565.0842722,431.2584718,594.7629762,739.9715188,731.8674333,594.7629762,1271.741053,2577.274864,1381.510411,1427.52932,2182.835121,1381.510411,1452.060705,2405.428861,1381.510411,1711.424937,1746.303048,1381.510411,135.7412818,135.1693963,0.001001968,0.001005531,0.001008742,0.001011081,1177.288348,1177.288348,1177.288348,2903.169978,2903.169978,2903.169978,2903.169978,2903.169978
8/27/1992,668.0814285,1537.186103,681.1202781,470.0952743,431.2584718,681.1202781,1340.83374,3051.189646,1427.617496,1133.92279,2577.274864,1427.617496,1291.694229,2182.835121,1427.617496,1424.885174,2405.428861,1427.617496,36.54239566,36.42953271,0.001001968,0.001005531,0.001008742,0.001011081,1019.623831,1019.623831,1019.623831,2518.814136,2518.814136,2518.814136,2518.814136,2518.814136
8/28/1992,1380.644674,1455.966635,1543.569273,1469.249521,1537.186103,1543.569273,2771.809109,3189.29368,3210.81361,2746.354722,3051.189646,3210.81361,2599.541276,2577.274864,3210.81361,2052.48102,2182.835121,3210.81361,795.5824873,791.0354118,0.001001968,0.001005531,0.001008742,0.001011081,981.2209689,981.2209689,981.2209689,2325.889311,2325.889311,2325.889311,2325.889311,2325.889311
8/29/1992,1388.967221,1275.328476,1494.455506,1468.813572,1455.966635,1494.455506,2784.216073,2682.365104,3122.328794,2791.668325,3189.29368,3122.328794,2634.199618,3051.189646,3122.328794,2564.573699,2577.274864,3122.328794,501.0963552,498.429512,0.001001968,0.001005531,0.001008742,0.001011081,987.3165841,987.3165841,987.3165841,2233.323267,2233.323267,2233.323267,2233.323267,2233.323267
8/30/1992,1234.29204,1409.353415,1321.12418,1319.351281,1275.328476,1321.12418,2425.926665,2505.453892,2703.48804,2450.336458,2682.365104,2703.48804,2561.271518,3189.29368,2703.48804,2497.79771,3051.189646,2703.48804,421.2414743,419.0618169,0.001001968,0.001005531,0.001008742,0.001011081,1030.026028,1030.026028,1030.026028,2305.671801,2305.671801,2305.671801,2305.671801,2305.671801
8/31/1992,1286.8369,1197.240358,1429.062205,1410.987954,1409.353415,1429.062205,2759.152027,2840.987281,3175.214926,2779.331199,2505.453892,3175.214926,3037.617576,2682.365104,3175.214926,2896.649332,3189.29368,3175.214926,706.8291963,702.8605448,0.001001968,0.001005531,0.001008742,0.001011081,1106.933443,1106.933443,1106.933443,2407.210459,2407.210459,2407.210459,2407.210459,2407.210459
9/1/1992,965.837766,820.9685189,1064.627816,1196.681916,1197.240358,1064.627816,2491.828714,2895.886741,2855.557655,2643.306,2840.987281,2855.557655,2718.559361,2505.453892,2855.557655,3118.636215,2682.365104,2855.557655,507.070522,504.3667716,0.001001968,0.001005531,0.001008742,0.001011081,1138.656688,1138.656688,1138.656688,2491.491284,2491.491284,2491.491284,2491.491284,2491.491284
9/2/1992,724.6938303,831.6892554,774.6097608,814.6693184,820.9685189,774.6097608,1692.422298,2629.78694,1881.038548,1743.797143,2895.886741,1881.038548,1913.01309,2840.987281,1881.038548,2186.497751,2505.453892,1881.038548,266.3780177,265.1034391,0.001001968,0.001005531,0.001008742,0.001011081,1167.340983,1167.340983,1167.340983,2589.923729,2589.923729,2589.923729,2589.923729,2589.923729
9/3/1992,741.2694346,707.8341163,799.5627182,825.6164707,831.6892554,799.5627182,1904.986804,3126.783365,2140.935419,1943.986955,2629.78694,2140.935419,2015.377277,2895.886741,2140.935419,2083.459071,2840.987281,2140.935419,307.6628266,306.1530448,0.001001968,0.001005531,0.001008742,0.001011081,1200.15604,1200.15604,1200.15604,2681.156918,2681.156918,2681.156918,2681.156918,2681.156918
9/4/1992,634.3537657,782.4902874,668.9844671,713.0228048,707.8341163,668.9844671,2410.06612,3188.686158,2712.51524,2450.678752,3126.783365,2712.51524,2445.381361,2629.78694,2712.51524,2541.278635,2895.886741,2712.51524,179.0765819,178.280081,0.001001968,0.001005531,0.001008742,0.001011081,1130.238301,1130.238301,1130.238301,2757.862386,2757.862386,2757.862386,2757.862386,2757.862386
9/5/1992,836.004152,1135.747483,891.3399132,786.8258058,782.4902874,891.3399132,2562.896078,2728.334713,2895.088717,2457.650465,3188.686158,2895.088717,2505.014624,3126.783365,2895.088717,2555.073101,2629.78694,2895.088717,289.7223222,288.3153694,0.001001968,0.001005531,0.001008742,0.001011081,1069.666309,1069.666309,1069.666309,2830.669583,2830.669583,2830.669583,2830.669583,2830.669583
9/6/1992,1022.948807,971.7239982,1141.874223,1132.438534,1135.747483,1141.874223,2537.94017,2517.472647,2928.329035,2555.895039,2728.334713,2928.329035,2607.137354,3188.686158,2928.329035,2371.703158,3126.783365,2928.329035,605.3795133,602.0602949,0.001001968,0.001005531,0.001008742,0.001011081,1030.072078,1030.072078,1030.072078,2747.590401,2747.590401,2747.590401,2747.590401,2747.590401
9/7/1992,817.2395751,784.8340727,900.4829552,970.241677,971.7239982,900.4829552,2821.587563,2081.866293,3245.563568,2896.852374,2517.472647,3245.563568,2932.672531,2728.334713,3245.563568,3070.334315,3188.686158,3245.563568,435.5112469,433.2454136,0.001001968,0.001005531,0.001008742,0.001011081,944.9931301,944.9931301,944.9931301,2744.818425,2744.818425,2744.818425,2744.818425,2744.818425
9/8/1992,712.1787944,771.5737923,769.421234,786.9012057,784.8340727,769.421234,2535.097626,3884.912349,2887.049257,2550.740742,2081.866293,2887.049257,2622.268426,2517.472647,2887.049257,2803.833135,2728.334713,2887.049257,305.2747999,303.7787581,0.001001968,0.001005531,0.001008742,0.001011081,892.463266,892.463266,892.463266,2791.808708,2791.808708,2791.808708,2791.808708,2791.808708
9/9/1992,701.4077016,720.9582646,761.6371045,772.8037424,771.5737923,761.6371045,2237.319983,3387.812454,2537.511701,2254.417467,3884.912349,2537.511701,2312.273415,2081.866293,2537.511701,2354.739457,2517.472647,2537.511701,322.2565408,320.6624524,0.001001968,0.001005531,0.001008742,0.001011081,870.5002318,870.5002318,870.5002318,2821.8242,2821.8242,2821.8242,2821.8242,2821.8242
9/10/1992,633.6467023,893.2948551,686.7462813,696.2566197,720.9582646,686.7462813,2110.961751,3080.293781,2389.338773,2123.948332,3387.812454,2389.338773,2188.303876,3884.912349,2389.338773,2287.525299,2081.866293,2389.338773,288.9149464,287.5125994,0.001001968,0.001005531,0.001008742,0.001011081,852.7433377,852.7433377,852.7433377,2836.237903,2836.237903,2836.237903,2836.237903,2836.237903
9/11/1992,838.5563903,1146.751838,903.8309957,899.6158516,893.2948551,903.8309957,2546.311389,2663.567534,2803.082108,2572.380597,3080.293781,2803.082108,2492.986098,3387.812454,2803.082108,1869.423278,3884.912349,2803.082108,330.7848393,329.1412212,0.001001968,0.001005531,0.001008742,0.001011081,861.51691,861.51691,861.51691,2807.349237,2807.349237,2807.349237,2807.349237,2807.349237
9/12/1992,1270.018271,1368.239402,1365.801481,1162.260732,1146.751838,1365.801481,4231.735039,2328.888568,4801.995969,4030.231772,2663.567534,4801.995969,3935.698971,3080.293781,4801.995969,4056.245081,3387.812454,4801.995969,473.2561536,470.7604884,0.001001968,0.001005531,0.001008742,0.001011081,892.6406118,892.6406118,892.6406118,3009.410415,3009.410415,3009.410415,3009.410415,3009.410415
9/13/1992,1189.153368,942.7405277,1336.271465,1368.749162,1368.239402,1336.271465,3021.215035,2127.999287,3480.122303,3091.557796,2328.888568,3480.122303,3245.256451,2663.567534,3480.122303,3060.875055,3080.293781,3480.122303,736.871207,732.7077726,0.001001968,0.001005531,0.001008742,0.001011081,937.1192242,937.1192242,937.1192242,3114.147846,3114.147846,3114.147846,3114.147846,3114.147846
9/14/1992,763.7858506,667.0875935,835.1251116,942.5420569,942.7405277,835.1251116,2316.9527,1937.244864,2629.629458,2434.717356,2127.999287,2629.629458,2544.544803,2328.888568,2629.629458,3074.576553,2663.567534,2629.629458,381.9955084,380.0506908,0.001001968,0.001005531,0.001008742,0.001011081,943.8032296,943.8032296,943.8032296,3082.303008,3082.303008,3082.303008,3082.303008,3082.303008
9/15/1992,598.2575058,676.5780637,638.0070645,666.9412536,667.0875935,638.0070645,1598.14703,1866.348599,1765.492247,1635.167031,1937.244864,1765.492247,1771.44113,2127.999287,1765.492247,2045.282446,2328.888568,1765.492247,221.5498438,220.5244248,0.001001968,0.001005531,0.001008742,0.001011081,935.3367357,935.3367357,935.3367357,2965.699101,2965.699101,2965.699101,2965.699101,2965.699101
9/16/1992,615.6385648,661.3029144,663.5418394,676.4849614,676.5780637,663.5418394,1718.634822,1945.753229,1926.02519,1740.048536,1866.348599,1926.02519,1800.612191,1937.244864,1926.02519,1918.702687,2127.999287,1926.02519,265.0463302,263.7792518,0.001001968,0.001005531,0.001008742,0.001011081,922.321861,922.321861,922.321861,2875.971368,2875.971368,2875.971368,2875.971368,2875.971368
9/17/1992,602.5674069,641.143174,650.8653136,661.2605929,661.3029144,650.8653136,1732.695781,1900.355085,1947.259288,1750.434746,1945.753229,1947.259288,1793.917457,1866.348599,1947.259288,1868.766055,1937.244864,1947.259288,267.7619462,266.4795672,0.001001968,0.001005531,0.001008742,0.001011081,913.9233023,913.9233023,913.9233023,2797.745623,2797.745623,2797.745623,2797.745623,2797.745623
9/18/1992,583.4814731,614.703448,630.4461711,639.6574916,641.143174,630.4461711,1630.464061,1988.500759,1827.858358,1647.81771,1900.355085,1827.858358,1689.21974,1945.753229,1827.858358,1739.144053,1866.348599,1827.858358,261.5038162,260.2566617,0.001001968,0.001005531,0.001008742,0.001011081,898.3008578,898.3008578,898.3008578,2702.041782,2702.041782,2702.041782,2702.041782,2702.041782
9/19/1992,570.7470331,635.7103225,613.9276225,615.1927767,614.703448,613.9276225,1603.448029,1915.105462,1794.498005,1611.750338,1988.500759,1794.498005,1640.379762,1900.355085,1794.498005,1695.456102,1945.753229,1794.498005,241.3224995,240.1880517,0.001001968,0.001005531,0.001008742,0.001011081,838.9500698,838.9500698,838.9500698,2349.353759,2349.353759,2349.353759,2349.353759,2349.353759
9/20/1992,590.1677604,654.8688281,637.3348467,636.6534989,635.7103225,637.3348467,1692.356061,3340.09777,1905.314799,1698.216107,1915.105462,1905.314799,1721.694405,1988.500759,1905.314799,1746.725937,1900.355085,1905.314799,262.4752954,261.2226811,0.001001968,0.001005531,0.001008742,0.001011081,728.3379233,728.3379233,728.3379233,2150.859772,2150.859772,2150.859772,2150.859772,2150.859772
9/21/1992,595.3859151,625.2350017,649.2427556,654.6587244,654.8688281,649.2427556,1680.883348,2745.356931,1900.669283,1695.350631,3340.09777,1900.669283,1744.019916,1915.105462,1900.669283,1736.515026,1988.500759,1900.669283,298.7202115,297.2618007,0.001001968,0.001005531,0.001008742,0.001011081,679.7504335,679.7504335,679.7504335,2004.310173,2004.310173,2004.310173,2004.310173,2004.310173
9/22/1992,550.2516674,747.4886109,597.4731021,612.8104775,625.2350017,597.4731021,1749.500567,3546.101275,1976.797251,1770.296208,2745.356931,1976.797251,1802.359958,3340.09777,1976.797251,1842.386089,1915.105462,1976.797251,264.8399779,263.5740612,0.001001968,0.001005531,0.001008742,0.001011081,656.7745966,656.7745966,656.7745966,1940.565414,1940.565414,1940.565414,1940.565414,1940.565414
9/23/1992,744.4300904,1095.975625,794.1256926,751.9824606,747.4886109,794.1256926,2112.802151,5131.544491,2350.001686,2089.317399,3546.101275,2350.001686,1997.2871,2745.356931,2350.001686,1744.538127,3340.09777,2350.001686,257.8820075,256.6551806,0.001001968,0.001005531,0.001008742,0.001011081,643.9092609,643.9092609,643.9092609,1933.621936,1933.621936,1933.621936,1933.621936,1933.621936
9/24/1992,1277.084349,1429.230528,1371.119799,1103.335519,1095.975625,1371.119799,3649.997499,4083.952403,4149.997419,3386.042449,5131.544491,4149.997419,3285.506229,3546.101275,4149.997419,3209.971497,2745.356931,4149.997419,474.6186356,472.1146249,0.001001968,0.001005531,0.001008742,0.001011081,684.8145067,684.8145067,684.8145067,2165.080182,2165.080182,2165.080182,2165.080182,2165.080182
9/25/1992,1187.517447,1179.555332,1335.734345,1423.302921,1429.230528,1335.734345,2776.104997,3592.855624,3216.218295,2901.652637,4083.952403,3216.218295,2961.547281,5131.544491,3216.218295,2624.690248,3546.101275,3216.218295,746.4787377,742.2527888,0.001001968,0.001005531,0.001008742,0.001011081,786.5383554,786.5383554,786.5383554,2319.111921,2319.111921,2319.111921,2319.111921,2319.111921
9/26/1992,1019.18385,1373.843962,1104.135569,1176.000417,1179.555332,1104.135569,3499.307315,3204.626428,3983.10471,3584.128662,3592.855624,3983.10471,3573.377897,4083.952403,3983.10471,3557.227274,5131.544491,3983.10471,431.1429823,428.9035722,0.001001968,0.001005531,0.001008742,0.001011081,856.9889928,856.9889928,856.9889928,2608.936478,2608.936478,2608.936478,2608.936478,2608.936478
9/27/1992,1275.506792,1130.003425,1379.817694,1377.022552,1373.843962,1379.817694,4692.300185,2685.755385,5377.604875,4685.006894,3204.626428,5377.604875,4588.321147,3592.855624,5377.604875,4618.2273,4083.952403,5377.604875,504.5077953,501.8198843,0.001001968,0.001005531,0.001008742,0.001011081,945.4190423,945.4190423,945.4190423,3114.918431,3114.918431,3114.918431,3114.918431,3114.918431
9/28/1992,1084.585435,1136.571365,1167.638108,1134.397906,1130.003425,1167.638108,3532.369335,2368.16887,4005.764089,3503.31282,2685.755385,4005.764089,3689.537541,3204.626428,4005.764089,3753.266877,3592.855624,4005.764089,419.2709681,417.1031788,0.001001968,0.001005531,0.001008742,0.001011081,1033.445764,1033.445764,1033.445764,3460.349725,3460.349725,3460.349725,3460.349725,3460.349725
9/29/1992,1012.484791,860.9242016,1111.026785,1138.046744,1136.571365,1111.026785,2906.105574,2127.317161,3313.126544,2950.010955,2368.16887,3313.126544,3089.164894,2685.755385,3313.126544,3293.594909,3204.626428,3313.126544,506.4273796,503.7276053,0.001001968,0.001005531,0.001008742,0.001011081,1118.487525,1118.487525,1118.487525,3671.13822,3671.13822,3671.13822,3671.13822,3671.13822
9/30/1992,738.8674469,684.9014598,801.2427668,861.0227062,860.9242016,801.2427668,2284.704346,1978.403404,2582.763986,2351.942975,2127.317161,2582.763986,2490.023716,2368.16887,2582.763986,2815.24436,2685.755385,2582.763986,337.066052,335.3858344,0.001001968,0.001005531,0.001008742,0.001011081,1167.772294,1167.772294,1167.772294,3787.598867,3787.598867,3787.598867,3787.598867,3787.598867
10/1/1992,611.8371995,648.709849,654.8938552,684.9688416,684.9014598,654.8938552,1829.140366,1886.716687,2043.379632,1864.432045,1978.403404,2043.379632,1963.374483,2127.317161,2043.379632,2225.931445,2368.16887,2043.379632,240.2019406,239.0737097,0.001001968,0.001005531,0.001008742,0.001011081,1138.924494,1138.924494,1138.924494,3626.888953,3626.888953,3626.888953,3626.888953,3626.888953
10/2/1992,595.2888349,641.6091353,638.5389022,648.8061256,648.709849,638.5389022,1777.49661,1821.653607,1988.379804,1793.140039,1886.716687,1988.379804,1852.579521,1978.403404,1988.379804,1964.174522,2127.317161,1988.379804,242.5790808,241.4376562,0.001001968,0.001005531,0.001008742,0.001011081,1041.805866,1041.805866,1041.805866,3512.717281,3512.717281,3512.717281,3512.717281,3512.717281
10/3/1992,586.5254202,614.0639622,631.4804439,641.7357834,641.6091353,631.4804439,1754.136805,1765.747451,1967.457746,1770.169692,1821.653607,1967.457746,1809.922627,1886.716687,1967.457746,1873.454013,1978.403404,1967.457746,252.6255474,251.4281453,0.001001968,0.001005531,0.001008742,0.001011081,976.7353407,976.7353407,976.7353407,3246.725288,3246.725288,3246.725288,3246.725288,3246.725288
10/4/1992,561.0765637,589.164023,603.7300662,614.2114857,614.0639622,603.7300662,1665.713852,1709.219935,1866.286299,1681.699757,1765.747451,1866.286299,1719.588388,1821.653607,1866.286299,1782.77398,1886.716687,1866.286299,241.5503785,240.4146659,0.001001968,0.001005531,0.001008742,0.001011081,887.5260429,887.5260429,887.5260429,2739.784765,2739.784765,2739.784765,2739.784765,2739.784765
10/5/1992,539.6508624,569.4004482,580.4737434,589.324733,589.164023,580.4737434,1593.420845,2210.092407,1784.199918,1607.629444,1709.219935,1784.199918,1644.403842,1765.747451,1784.199918,1698.085921,1821.653607,1784.199918,232.7820716,231.6948931,0.001001968,0.001005531,0.001008742,0.001011081,789.9806418,789.9806418,789.9806418,2388.108616,2388.108616,2388.108616,2388.108616,2388.108616
10/6/1992,521.9533331,550.7289495,561.5469375,569.5764434,569.4004482,561.5469375,1544.273394,1561.311957,1730.268294,1557.282753,2210.092407,1730.268294,1591.198058,1709.219935,1730.268294,1644.67654,1765.747451,1730.268294,227.0681817,226.0124797,0.001001968,0.001005531,0.001008742,0.001011081,699.5872543,699.5872543,699.5872543,2146.630226,2146.630226,2146.630226,2146.630226,2146.630226
10/7/1992,505.1245355,533.1607141,543.4905414,550.923338,550.7289495,543.4905414,1507.276698,4498.509534,1688.46346,1519.41471,1561.311957,1688.46346,1551.416664,2210.092407,1688.46346,1591.88842,1709.219935,1688.46346,221.2726118,220.2487111,0.001001968,0.001005531,0.001008742,0.001011081,642.149122,642.149122,642.149122,1984.56292,1984.56292,1984.56292,1984.56292,1984.56292
10/8/1992,489.2555694,696.1241429,526.449301,533.371438,533.1607141,526.449301,1468.17054,5432.92909,1644.515372,1479.529704,4498.509534,1644.515372,1509.942501,1561.311957,1644.515372,1551.37153,2210.092407,1644.515372,215.6945736,214.7011584,0.001001968,0.001005531,0.001008742,0.001011081,610.9263471,610.9263471,610.9263471,1877.40801,1877.40801,1877.40801,1877.40801,1877.40801
10/9/1992,522.3109604,1071.017014,569.6011041,576.075412,696.1241429,569.6011041,2100.843684,5787.228126,2382.462496,2109.902903,5432.92909,2382.462496,2144.28922,4498.509534,2382.462496,1962.483487,1561.311957,2382.462496,269.3256486,268.0344486,0.001001968,0.001005531,0.001008742,0.001011081,596.6012715,596.6012715,596.6012715,1900.988809,1900.988809,1900.988809,1900.988809,1900.988809
10/10/1992,1122.288068,1590.555814,1157.475908,1119.608475,1071.017014,1157.475908,2823.169045,5217.793523,3026.079954,2830.873811,5787.228126,3026.079954,2162.92507,5432.92909,3026.079954,1677.380482,4498.509534,3026.079954,0.001000564,0.001006515,0.001001968,0.001005531,0.001008742,0.001011081,567.7106086,567.7106086,567.7106086,1934.130668,1934.130668,1934.130668,1934.130668,1934.130668
10/11/1992,2741.336089,4873.1667,2821.172673,1602.155998,1590.555814,2821.172673,6353.622333,5369.931255,7005.932293,5131.190619,5217.793523,7005.932293,4889.425775,5787.228126,7005.932293,4401.604356,5432.92909,7005.932293,302.7623359,301.2807329,0.001001968,0.001005531,0.001008742,0.001011081,674.6221438,674.6221438,674.6221438,2458.343414,2458.343414,2458.343414,2458.343414,2458.343414
10/12/1992,4093.456191,2474.03618,4733.104629,4889.69165,4873.1667,4733.104629,7850.706934,4019.829496,9360.56332,8210.173378,5369.931255,9360.56332,7903.878372,5217.793523,9360.56332,5338.568608,5787.228126,9360.56332,2736.925037,2718.403285,0.001001968,0.001005531,0.001008742,0.001011081,1161.998138,1161.998138,1161.998138,3073.406238,3073.406238,3073.406238,3073.406238,3073.406238
10/13/1992,1929.343722,1564.113536,2091.208667,2487.60496,2474.03618,2091.208667,5538.199706,3002.944358,6341.733422,5947.477934,4019.829496,6341.733422,6438.745143,5369.931255,6341.733422,7817.68327,5217.793523,6341.733422,774.0419096,769.6360319,0.001001968,0.001005531,0.001008742,0.001011081,1493.215305,1493.215305,1493.215305,3776.544645,3776.544645,3776.544645,3776.544645,3776.544645
10/14/1992,1216.436866,1133.807528,1299.865677,1556.167318,1564.113536,1299.865677,2062.586002,2939.859075,2245.66639,2353.517996,3002.944358,2245.66639,2996.198096,4019.829496,2245.66639,3857.8062,5369.931255,2245.66639,428.9808353,426.7544898,0.001001968,0.001005531,0.001008742,0.001011081,1715.351429,1715.351429,1715.351429,4308.179984,4308.179984,4308.179984,4308.179984,4308.179984
10/15/1992,951.1534576,970.4604599,1000.518136,1123.896061,1133.807528,1000.518136,3020.813907,2908.498749,3389.70139,3141.374925,2939.859075,3389.70139,3420.172752,3002.944358,3389.70139,4202.885116,4019.829496,3389.70139,258.1177145,256.889566,0.001001968,0.001005531,0.001008742,0.001011081,1836.367443,1836.367443,1836.367443,4678.277365,4678.277365,4678.277365,4678.277365,4678.277365
10/16/1992,931.516226,1011.327681,968.0305303,969.9907792,970.4604599,968.0305303,2545.793038,2473.674392,2807.302168,2547.798049,2908.498749,2807.302168,2637.923063,2939.859075,2807.302168,3054.080963,3002.944358,2807.302168,181.414263,180.6053692,0.001001968,0.001005531,0.001008742,0.001011081,1903.841317,1903.841317,1903.841317,4800.081962,4800.081962,4800.081962,4800.081962,4800.081962
10/17/1992,979.9510737,1195.224592,1038.007691,1022.25909,1011.327681,1038.007691,2337.342282,2279.142869,2586.035191,2334.250173,2473.674392,2586.035191,2436.714297,2908.498749,2586.035191,2442.079212,2939.859075,2586.035191,303.6035899,302.1171543,0.001001968,0.001005531,0.001008742,0.001011081,1994.73721,1994.73721,1994.73721,4858.387124,4858.387124,4858.387124,4858.387124,4858.387124
10/18/1992,1041.0332,938.042858,1136.203585,1186.69434,1195.224592,1136.203585,2611.565009,2104.808236,2961.613119,2682.557988,2279.142869,2961.613119,2761.610262,2473.674392,2961.613119,2723.1691,2908.498749,2961.613119,493.696198,491.074987,0.001001968,0.001005531,0.001008742,0.001011081,1969.010498,1969.010498,1969.010498,4451.44844,4451.44844,4451.44844,4451.44844,4451.44844
10/19/1992,809.0947036,737.2877753,862.7691878,943.4870152,938.042858,862.7691878,2346.808207,2054.000152,2632.003254,2432.584395,2104.808236,2632.003254,2498.935942,2279.142869,2632.003254,2754.660883,2473.674392,2632.003254,285.898368,284.5132124,0.001001968,0.001005531,0.001008742,0.001011081,1536.098557,1536.098557,1536.098557,3970.224455,3970.224455,3970.224455,3970.224455,3970.224455
10/20/1992,727.6333649,813.4827438,759.2595822,741.521075,737.2877753,759.2595822,1833.284715,2105.550882,2006.566621,1819.473937,2054.000152,2006.566621,1913.633314,2104.808236,2006.566621,2110.037895,2279.142869,2006.566621,172.9895059,172.2251518,0.001001968,0.001005531,0.001008742,0.001011081,1239.432867,1239.432867,1239.432867,3357.215322,3357.215322,3357.215322,3357.215322,3357.215322
10/21/1992,737.2124684,716.376208,783.7881952,809.4781692,813.4827438,783.7881952,1855.364791,1467.712741,2056.913195,1890.16252,2105.550882,2056.913195,1928.326335,2054.000152,2056.913195,1953.865594,2104.808236,2056.913195,257.0443472,255.8222155,0.001001968,0.001005531,0.001008742,0.001011081,1054.131174,1054.131174,1054.131174,2884.816803,2884.816803,2884.816803,2884.816803,2884.816803
10/22/1992,704.9458712,875.1978757,739.5658181,718.0469891,716.376208,739.5658181,1822.952862,1114.029469,2007.698105,1805.546053,1467.712741,2007.698105,1850.541166,2105.550882,2007.698105,1950.714766,2054.000152,2007.698105,193.0187986,192.1480116,0.001001968,0.001005531,0.001008742,0.001011081,962.2838778,962.2838778,962.2838778,2560.861897,2560.861897,2560.861897,2560.861897,2560.861897
10/23/1992,814.2774832,819.4616589,875.824329,875.8567035,875.1978757,875.824329,1880.205148,2491.563785,2095.806997,1895.793853,1114.029469,2095.806997,1920.142085,1467.712741,2095.806997,1833.041466,2105.550882,2095.806997,334.5670068,332.9013628,0.001001968,0.001005531,0.001008742,0.001011081,933.4780576,933.4780576,933.4780576,2396.145037,2396.145037,2396.145037,2396.145037,2396.145037
10/24/1992,663.1666401,523.2654946,708.847588,782.2143933,819.4616589,708.847588,1848.735077,2763.682466,2063.490951,1928.885797,2491.563785,2063.490951,1965.520927,1114.029469,2063.490951,2047.434986,1467.712741,2063.490951,254.9848459,253.7742482,0.001001968,0.001005531,0.001008742,0.001011081,890.9910591,890.9910591,890.9910591,2319.418583,2319.418583,2319.418583,2319.418583,2319.418583
10/25/1992,421.0403656,402.3024078,428.4430558,538.515803,523.2654946,428.4430558,1035.058785,2353.208349,1084.098185,1150.844452,2763.682466,1084.098185,1174.600345,2491.563785,1084.098185,1378.024779,1114.029469,1084.098185,0.001000564,0.001006515,0.001001968,0.001005531,0.001008742,0.001011081,802.1945367,802.1945367,802.1945367,2150.100268,2150.100268,2150.100268,2150.100268,2150.100268
10/26/1992,889.0207452,2310.237489,894.7135541,414.5217639,402.3024078,894.7135541,1187.193365,2438.187826,1200.399076,714.0550079,2353.208349,1200.399076,824.1424842,2763.682466,1200.399076,907.3780805,2491.563785,1200.399076,0.001000564,0.001006515,0.001001968,0.001005531,0.001008742,0.001011081,736.2759078,736.2759078,736.2759078,1909.594734,1909.594734,1909.594734,1909.594734,1909.594734
10/27/1992,2037.631514,1468.360984,2353.484249,2310.145823,2310.237489,2353.484249,3546.811245,2372.592727,4232.99145,3608.136619,2438.187826,4232.99145,3464.888691,2353.208349,4232.99145,2142.945315,2763.682466,4232.99145,1476.103368,1466.890084,0.001001968,0.001005531,0.001008742,0.001011081,885.9294641,885.9294641,885.9294641,1893.875404,1893.875404,1893.875404,1893.875404,1893.875404
10/28/1992,1106.990484,793.3558525,1225.430715,1468.009623,1468.360984,1225.430715,2992.01155,2133.116985,3444.155525,3254.617774,2372.592727,3444.155525,3304.359362,2438.187826,3444.155525,3810.611436,2353.208349,3444.155525,609.9837698,606.635374,0.001001968,0.001005531,0.001008742,0.001011081,974.1995898,974.1995898,974.1995898,2024.357002,2024.357002,2024.357002,2024.357002,2024.357002
10/29/1992,682.6681668,768.6316798,712.3990302,777.6156988,793.3558525,712.3990302,1100.964891,2190.859697,1159.644289,1179.424004,2133.116985,1159.644289,1452.883902,2372.592727,1159.644289,1874.089982,2438.187826,1159.644289,170.1215853,169.3723142,0.001001968,0.001005531,0.001008742,0.001011081,1013.711856,1013.711856,1013.711856,2137.124064,2137.124064,2137.124064,2137.124064,2137.124064
10/30/1992,722.4383764,787.2043788,760.5032589,775.5723115,768.6316798,760.5032589,1591.8532,4603.325357,1752.571667,1616.196196,2190.859697,1752.571667,1694.715402,2133.116985,1752.571667,1905.057683,2372.592727,1752.571667,209.4645265,208.5050147,0.001001968,0.001005531,0.001008742,0.001011081,1010.283359,1010.283359,1010.283359,2167.986613,2167.986613,2167.986613,2167.986613,2167.986613
10/31/1992,739.4895327,830.6907052,783.8712037,792.2320765,787.2043788,783.8712037,1908.254146,8394.29445,2126.473414,1922.357795,4603.325357,2126.473414,1956.435401,2190.859697,2126.473414,2006.40029,2133.116985,2126.473414,246.0272982,244.8666999,0.001001968,0.001005531,0.001008742,0.001011081,1011.661299,1011.661299,1011.661299,2164.687231,2164.687231,2164.687231,2164.687231,2164.687231
11/1/1992,753.9663326,1704.860133,811.0353047,828.0055763,830.6907052,811.0353047,1879.202212,6985.9975,2104.034585,1907.203226,8394.29445,2104.034585,1970.164261,4603.325357,2104.034585,1946.163628,2190.859697,2104.034585,314.6619878,313.1118444,0.001001968,0.001005531,0.001008742,0.001011081,1051.263382,1051.263382,1051.263382,2237.66814,2237.66814,2237.66814,2237.66814,2237.66814
11/2/1992,760.9060644,2286.796351,806.6000414,764.8830838,1704.860133,806.6000414,1981.061145,6753.19718,2204.730213,1944.842519,6985.9975,2204.730213,1972.309971,8394.29445,2204.730213,2061.568043,4603.325357,2204.730213,254.6094598,253.4009629,0.001001968,0.001005531,0.001008742,0.001011081,1086.375625,1086.375625,1086.375625,2391.177997,2391.177997,2391.177997,2391.177997,2391.177997
11/3/1992,3550.581619,3799.285391,3763.180954,2757.049106,2286.796351,3763.180954,7519.293929,6524.518999,8375.405117,6634.575704,6753.19718,8375.405117,5893.704666,6985.9975,8375.405117,4090.928286,8394.29445,8375.405117,501.3329392,498.6646355,0.001001968,0.001005531,0.001008742,0.001011081,1101.597532,1101.597532,1101.597532,2916.741033,2916.741033,2916.741033,2916.741033,2916.741033
11/4/1992,4253.54385,4302.060016,4597.94,4075.273406,3799.285391,4597.94,10971.40731,5766.529092,12630.96397,10498.60465,6524.518999,12630.96397,9729.634831,6753.19718,12630.96397,8985.725831,6985.9975,12630.96397,1374.962248,1366.463346,0.001001968,0.001005531,0.001008742,0.001011081,1348.654334,1348.654334,1348.654334,3921.465866,3921.465866,3921.465866,3921.465866,3921.465866
11/5/1992,3243.354634,2008.085374,3676.353651,4223.429456,4302.060016,3676.353651,7021.469144,4652.83679,8237.747091,7688.769,5766.529092,8237.747091,8140.846684,6524.518999,8237.747091,7157.223485,6753.19718,8237.747091,1909.484839,1897.147995,0.001001968,0.001005531,0.001008742,0.001011081,1818.348086,1818.348086,1818.348086,4643.808493,4643.808493,4643.808493,4643.808493,4643.808493
11/6/1992,1754.218005,1847.432189,1820.024807,2053.747751,2008.085374,1820.024807,4822.662108,3947.542871,5356.681028,5056.356629,4652.83679,5356.681028,5643.653446,5766.529092,5356.681028,7396.178952,6524.518999,5356.681028,260.2733286,259.033085,0.001001968,0.001005531,0.001008742,0.001011081,2077.758954,2077.758954,2077.758954,5362.381138,5362.381138,5362.381138,5362.381138,5362.381138
11/7/1992,1892.034113,2312.136278,1979.615802,1891.412147,1847.432189,1979.615802,3702.610802,3335.11783,4052.537289,3641.310333,3947.542871,4052.537289,3946.150279,4652.83679,4052.537289,4597.50497,5766.529092,4052.537289,399.9347253,397.8829694,0.001001968,0.001005531,0.001008742,0.001011081,2269.561227,2269.561227,2269.561227,5888.221007,5888.221007,5888.221007,5888.221007,5888.221007
11/8/1992,1949.862925,1626.840779,2137.429622,2319.079165,2312.136278,2137.429622,4408.19559,3177.245753,5038.922727,4635.209187,3335.11783,5038.922727,4786.179315,3947.542871,5038.922727,4719.122367,4652.83679,5038.922727,890.0252861,884.8534444,0.001001968,0.001005531,0.001008742,0.001011081,2480.902148,2480.902148,2480.902148,6263.900797,6263.900797,6263.900797,6263.900797,6263.900797
11/9/1992,1380.30402,1365.707545,1466.571582,1630.378905,1626.840779,1466.571582,3445.336295,4473.237205,3860.664586,3620.924486,3177.245753,3860.664586,3879.260688,3335.11783,3860.664586,4458.437278,3947.542871,3860.664586,427.9908935,425.7705265,0.001001968,0.001005531,0.001008742,0.001011081,2634.622113,2634.622113,2634.622113,6558.265569,6558.265569,6558.265569,6558.265569,6558.265569
11/10/1992,1203.982453,1397.660128,1268.547226,1341.059669,1365.707545,1268.547226,2556.045276,7772.485555,2812.387198,2645.384318,4473.237205,2812.387198,2864.353113,3177.245753,2812.387198,3234.460504,3335.11783,2812.387198,325.1795206,323.5684778,0.001001968,0.001005531,0.001008742,0.001011081,2569.358478,2569.358478,2569.358478,6225.576774,6225.576774,6225.576774,6225.576774,6225.576774
11/11/1992,1348.71795,2084.405901,1421.087128,1376.826018,1397.660128,1421.087128,2621.748772,7731.900379,2874.606761,2600.936997,7772.485555,2874.606761,2651.053928,4473.237205,2874.606761,2822.774214,3177.245753,2874.606761,344.6777846,342.9530814,0.001001968,0.001005531,0.001008742,0.001011081,2314.681812,2314.681812,2314.681812,5203.607443,5203.607443,5203.607443,5203.607443,5203.607443
11/12/1992,1933.830456,2677.520738,2093.973687,1951.951818,2084.405901,2093.973687,3428.986744,7774.781025,3842.380208,3347.136779,7731.900379,3842.380208,3320.777652,7772.485555,3842.380208,2843.723224,4473.237205,3842.380208,744.0056713,739.7958244,0.001001968,0.001005531,0.001008742,0.001011081,1955.467588,1955.467588,1955.467588,4521.524844,4521.524844,4521.524844,4521.524844,4521.524844
11/13/1992,2967.486061,3039.865677,3152.406328,2736.553487,2677.520738,3152.406328,6953.664358,6737.800346,7720.31936,6634.757016,7774.781025,7720.31936,6077.161214,7731.900379,7720.31936,4865.449305,7772.485555,7720.31936,693.3272387,689.4457781,0.001001968,0.001005531,0.001008742,0.001011081,1870.505837,1870.505837,1870.505837,4291.68611,4291.68611,4291.68611,4291.68611,4291.68611
11/14/1992,3739.059106,5485.551031,3925.094776,3100.276956,3039.865677,3925.094776,9291.696054,6254.644475,10425.22924,8489.810817,6737.800346,10425.22924,8236.799934,7774.781025,10425.22924,8104.24313,7731.900379,10425.22924,787.4744385,782.98057,0.001001968,0.001005531,0.001008742,0.001011081,1960.234836,1960.234836,1960.234836,4801.205299,4801.205299,4801.205299,4801.205299,4801.205299
11/15/1992,4622.240729,3436.930836,5291.902629,5488.46619,5485.551031,5291.902629,8507.695969,5405.373548,10056.59906,8919.68242,6254.644475,10056.59906,9137.287637,6737.800346,10056.59906,7104.088663,7774.781025,10056.59906,2863.158594,2843.672652,0.001001968,0.001005531,0.001008742,0.001011081,2356.17041,2356.17041,2356.17041,5307.43797,5307.43797,5307.43797,5307.43797,5307.43797
11/16/1992,2542.438668,1878.166573,2787.532458,3437.317277,3436.930836,2787.532458,6461.68947,4412.728934,7419.924776,7157.92463,5405.373548,7419.924776,7624.54479,6254.644475,7419.924776,9235.506132,6737.800346,7419.924776,1131.89896,1125.089955,0.001001968,0.001005531,0.001008742,0.001011081,2627.233935,2627.233935,2627.233935,5855.277543,5855.277543,5855.277543,5855.277543,5855.277543
11/17/1992,1607.975309,1924.008948,1664.014085,1878.171345,1878.166573,1664.014085,2866.249529,3982.339472,3054.54443,3106.035433,4412.728934,3054.54443,3828.114728,5405.373548,3054.54443,5109.906147,6254.644475,3054.54443,262.2497952,260.9984485,0.001001968,0.001005531,0.001008742,0.001011081,2775.817207,2775.817207,2775.817207,6275.317401,6275.317401,6275.317401,6275.317401,6275.317401
11/18/1992,1718.634796,1841.28175,1829.925172,1923.743595,1924.008948,1829.925172,3785.568191,3112.635357,4216.12687,3908.800757,3982.339472,4216.12687,4210.189987,4412.728934,4216.12687,4699.87287,5405.373548,4216.12687,537.3430576,534.4513825,0.001001968,0.001005531,0.001008742,0.001011081,2885.476972,2885.476972,2885.476972,6591.033778,6591.033778,6591.033778,6591.033778,6591.033778
11/19/1992,1652.702632,1688.48495,1769.090788,1840.809275,1841.28175,1769.090788,4025.347058,10619.8968,4522.122691,4119.644641,3112.635357,4522.122691,4298.508872,3982.339472,4522.122691,4600.65538,4412.728934,4522.122691,566.0340399,562.9629147,0.001001968,0.001005531,0.001008742,0.001011081,2907.237708,2907.237708,2907.237708,6782.490467,6782.490467,6782.490467,6782.490467,6782.490467
11/20/1992,1525.041023,1737.387037,1630.032022,1687.874532,1688.48495,1630.032022,3408.192074,17208.69355,3803.597584,3492.634471,10619.8968,3803.597584,3663.263642,3112.635357,3803.597584,3897.871791,3982.339472,3803.597584,516.0800762,513.3205536,0.001001968,0.001005531,0.001008742,0.001011081,2869.395308,2869.395308,2869.395308,6548.129208,6548.129208,6548.129208,6548.129208,6548.129208
11/21/1992,1441.045395,1780.744935,1537.684363,1573.017162,1737.387037,1537.684363,3181.362075,13736.60682,3537.941301,3242.695156,17208.69355,3537.941301,3384.129618,10619.8968,3537.941301,3552.281345,3112.635357,3537.941301,478.975627,476.4449064,0.001001968,0.001005531,0.001008742,0.001011081,2708.685769,2708.685769,2708.685769,5752.765808,5752.765808,5752.765808,5752.765808,5752.765808
11/22/1992,1709.551147,3733.601997,1747.974613,1558.695282,1780.744935,1747.974613,3500.833579,12420.48846,3702.31886,3357.051967,13736.60682,3702.31886,3071.787414,17208.69355,3702.31886,2906.429979,10619.8968,3702.31886,0.001000564,0.001006515,0.001001968,0.001005531,0.001008742,0.001011081,2160.726678,2160.726678,2160.726678,5079.45313,5079.45313,5079.45313,5079.45313,5079.45313
11/23/1992,4818.225324,7088.352146,5168.58166,3880.035449,3733.601997,5168.58166,14685.85069,11876.95625,16781.83554,13494.99793,12420.48846,16781.83554,12924.45892,13736.60682,16781.83554,10022.42314,17208.69355,16781.83554,1310.909884,1302.860149,0.001001968,0.001005531,0.001008742,0.001011081,2071.68954,2071.68954,2071.68954,5752.826718,5752.826718,5752.826718,5752.826718,5752.826718
11/24/1992,6899.768655,7267.777189,7777.816071,7151.705145,7088.352146,7777.816071,20345.38582,10615.20507,24143.1175,19861.63577,11876.95625,24143.1175,19285.94917,12420.48846,24143.1175,17588.25033,13736.60682,24143.1175,3560.429854,3535.537742,0.001001968,0.001005531,0.001008742,0.001011081,2560.890731,2560.890731,2560.890731,7532.559365,7532.559365,7532.559365,7532.559365,7532.559365
11/25/1992,5788.264335,4579.862362,6643.143587,7272.179127,7267.777189,6643.143587,13221.02844,8701.186566,15684.5701,14086.72253,10615.20507,15684.5701,14548.16618,11876.95625,15684.5701,13921.00481,12420.48846,15684.5701,3524.41921,3499.809364,0.001001968,0.001005531,0.001008742,0.001011081,3258.298047,3258.298047,3258.298047,8901.639283,8901.639283,8901.639283,8901.639283,8901.639283
11/26/1992,3713.082674,3749.642207,4068.379077,4581.472877,4579.862362,4068.379077,8746.529676,7344.463303,10011.07257,9351.641542,8701.186566,10011.07257,10289.06883,10615.20507,10011.07257,12432.27563,11876.95625,10011.07257,1538.599651,1528.941962,0.001001968,0.001005531,0.001008742,0.001011081,3732.397788,3732.397788,3732.397788,10165.91269,10165.91269,10165.91269,10165.91269,10165.91269
11/27/1992,3292.756279,3400.895701,3588.479995,3760.608835,3749.642207,3588.479995,7127.925777,6504.533402,8082.827046,7392.814579,7344.463303,8082.827046,8180.445397,8701.186566,8082.827046,9329.27,10615.20507,8082.827046,1289.338412,1281.439354,0.001001968,0.001005531,0.001008742,0.001011081,4094.843798,4094.843798,4094.843798,11178.31876,11178.31876,11178.31876,11178.31876,11178.31876
11/28/1992,3007.969502,3093.517,3282.674487,3412.608224,3400.895701,3282.674487,7295.245192,5897.868643,8335.393299,7490.045744,6504.533402,8335.393299,7939.683114,7344.463303,8335.393299,8840.430628,8701.186566,8335.393299,1220.509252,1213.088883,0.001001968,0.001005531,0.001008742,0.001011081,4384.629041,4384.629041,4384.629041,11943.64517,11943.64517,11943.64517,11943.64517,11943.64517
11/29/1992,2690.291079,2664.963793,2945.04174,3094.773213,3093.517,2945.04174,6166.877029,5461.863644,7032.60351,6384.344109,5897.868643,7032.60351,6799.174431,6504.533402,7032.60351,7312.460328,7344.463303,7032.60351,1150.197978,1143.263189,0.001001968,0.001005531,0.001008742,0.001011081,4678.621393,4678.621393,4678.621393,12534.30016,12534.30016,12534.30016,12534.30016,12534.30016
11/30/1992,2344.305374,2428.300357,2545.628267,2665.299943,2664.963793,2545.628267,5353.115353,5127.723279,6060.243288,5526.848788,5461.863644,6060.243288,5864.594508,5897.868643,6060.243288,6457.274136,6504.533402,6060.243288,922.8960732,917.5047296,0.001001968,0.001005531,0.001008742,0.001011081,4641.933483,4641.933483,4641.933483,11666.28202,11666.28202,11666.28202,11666.28202,11666.28202
12/1/1992,2171.456879,2314.846826,2353.545366,2428.241893,2428.300357,2353.545366,4818.366298,5020.832708,5433.263038,4945.492249,5127.723279,5433.263038,5228.907544,5461.863644,5433.263038,5597.371722,5897.868643,5433.263038,842.2452982,837.3906625,0.001001968,0.001005531,0.001008742,0.001011081,4155.653983,4155.653983,4155.653983,9801.523727,9801.523727,9801.523727,9801.523727,9801.523727
12/2/1992,2067.941448,2192.780197,2246.289818,2309.497257,2314.846826,2246.289818,4606.942147,4714.983765,5203.102958,4721.23995,5020.832708,5203.102958,4953.468868,5127.723279,5203.102958,5218.603525,5461.863644,5203.102958,829.8537798,825.081038,0.001001968,0.001005531,0.001008742,0.001011081,3495.595966,3495.595966,3495.595966,8480.901781,8480.901781,8480.901781,8480.901781,8480.901781
12/3/1992,1969.563827,2038.226592,2139.778598,2194.346202,2192.780197,2139.778598,4376.64189,4407.806565,4941.920422,4480.868556,4714.983765,4941.920422,4684.218893,5020.832708,4941.920422,4914.381764,5127.723279,4941.920422,792.7417853,788.2133592,0.001001968,0.001005531,0.001008742,0.001011081,3068.003439,3068.003439,3068.003439,7319.416527,7319.416527,7319.416527,7319.416527,7319.416527
12/4/1992,1853.257537,2007.269989,2008.236569,2040.346217,2038.226592,2008.236569,4115.38633,4186.151062,4638.223214,4191.956919,4407.806565,4638.223214,4390.384287,4714.983765,4638.223214,4624.475226,5020.832708,4638.223214,730.3870885,726.2657849,0.001001968,0.001005531,0.001008742,0.001011081,2754.106299,2754.106299,2754.106299,6431.512341,6431.512341,6431.512341,6431.512341,6431.512341
12/5/1992,1812.445164,1896.198605,1971.698729,2006.759849,2007.269989,1971.698729,4130.672182,4019.129906,4670.734573,4210.027532,4186.151062,4670.734573,4375.715508,4407.806565,4670.734573,4495.938059,4714.983765,4670.734573,752.9434305,748.6753576,0.001001968,0.001005531,0.001008742,0.001011081,2522.879569,2522.879569,2522.879569,5818.135346,5818.135346,5818.135346,5818.135346,5818.135346
12/6/1992,1708.237697,1793.076694,1855.325704,1895.590384,1896.198605,1855.325704,3887.409527,3869.86294,4391.293728,3968.051641,4019.129906,4391.293728,4129.432579,4186.151062,4391.293728,4328.307085,4407.806565,4391.293728,700.8795885,696.9493848,0.001001968,0.001005531,0.001008742,0.001011081,2326.768201,2326.768201,2326.768201,5373.664518,5373.664518,5373.664518,5373.664518,5373.664518
12/7/1992,1621.330154,1715.638049,1758.980545,1792.354735,1793.076694,1758.980545,3587.207041,9391.829964,4040.398622,3660.653316,3869.86294,4040.398622,3821.07389,4019.129906,4040.398622,3975.008815,4186.151062,4040.398622,660.1083814,656.4404732,0.001001968,0.001005531,0.001008742,0.001011081,2182.555294,2182.555294,2182.555294,5023.576553,5023.576553,5023.576553,5023.576553,5023.576553
12/8/1992,1554.753979,1648.684511,1686.653785,1714.891413,1715.638049,1686.653785,3454.978061,10194.92302,3889.984135,3521.577389,9391.829964,3889.984135,3668.760429,3869.86294,3889.984135,3807.673675,4019.129906,3889.984135,635.8768136,632.363787,0.001001968,0.001005531,0.001008742,0.001011081,2066.176441,2066.176441,2066.176441,4746.314419,4746.314419,4746.314419,4746.314419,4746.314419
12/9/1992,1495.382312,1585.998413,1622.4595,1647.930083,1648.684511,1622.4595,3323.575859,8446.123776,3743.100683,3385.706993,10194.92302,3743.100683,3522.800892,9391.829964,3743.100683,3663.072614,3869.86294,3743.100683,615.6701024,612.2856312,0.001001968,0.001005531,0.001008742,0.001011081,1963.325938,1963.325938,1963.325938,4516.11975,4516.11975,4516.11975,4516.11975,4516.11975
12/10/1992,1439.455054,1575.845901,1561.86838,1585.245631,1585.998413,1561.86838,3237.654697,7266.760176,3643.426839,3296.491383,8446.123776,3643.426839,3426.581093,10194.92302,3643.426839,3519.278315,9391.829964,3643.426839,595.9779269,592.7181939,0.001001968,0.001005531,0.001008742,0.001011081,1870.689465,1870.689465,1870.689465,4319.960914,4319.960914,4319.960914,4319.960914,4319.960914
12/11/1992,1428.983142,2340.448703,1554.283432,1575.101959,1575.845901,1554.283432,8108.553976,6194.922938,9479.986908,8064.738785,7266.760176,9479.986908,8060.614452,8446.123776,9479.986908,8134.745604,10194.92302,9479.986908,609.7064154,606.3597781,0.001001968,0.001005531,0.001008742,0.001011081,1794.960165,1794.960165,1794.960165,4969.868133,4969.868133,4969.868133,4969.868133,4969.868133
12/12/1992,2060.664204,2560.369952,2337.818192,2330.802112,2340.448703,2337.818192,9481.438606,5618.739042,11237.14973,9463.063748,6194.922938,11237.14973,9483.307678,7266.760176,11237.14973,9042.520436,8446.123776,11237.14973,1265.511241,1257.778257,0.001001968,0.001005531,0.001008742,0.001011081,1819.949254,1819.949254,1819.949254,5745.908121,5745.908121,5745.908121,5745.908121,5745.908121
12/13/1992,2254.255537,2142.363897,2558.205539,2559.492343,2560.369952,2558.205539,7932.134628,6441.386375,9363.277624,7971.748461,5618.739042,9363.277624,8050.480417,6194.922938,9363.277624,8060.511749,7266.760176,9363.277624,1374.913719,1366.415159,0.001001968,0.001005531,0.001008742,0.001011081,1890.934203,1890.934203,1890.934203,6312.914523,6312.914523,6312.914523,6312.914523,6312.914523
12/14/1992,1933.320784,1998.721256,2149.470452,2142.628982,2142.363897,2149.470452,5968.689334,8895.355552,6934.296379,5994.821049,6441.386375,6934.296379,6166.261007,5618.739042,6934.296379,6578.774376,6194.922938,6934.296379,1000.42565,994.5126959,0.001001968,0.001005531,0.001008742,0.001011081,1938.007282,1938.007282,1938.007282,6765.368106,6765.368106,6765.368106,6765.368106,6765.368106
12/15/1992,1831.510939,1961.314578,2020.681961,1998.086748,1998.721256,2020.681961,4895.90809,10360.79318,5634.661539,4913.075186,8895.355552,5634.661539,5064.582479,6441.386375,5634.661539,5332.933226,5618.739042,5634.661539,885.0799127,879.9410062,0.001001968,0.001005531,0.001008742,0.001011081,1974.875886,1974.875886,1974.875886,7073.525965,7073.525965,7073.525965,7073.525965,7073.525965
12/16/1992,1791.222273,2693.308904,1963.958261,1923.820972,1961.314578,1963.958261,4666.630574,9560.296034,5346.711207,4663.009142,10360.79318,5346.711207,4778.35759,8895.355552,5346.711207,4958.284083,6441.386375,5346.711207,814.2939577,809.6238252,0.001001968,0.001005531,0.001008742,0.001011081,2008.12185,2008.12185,2008.12185,7308.345832,7308.345832,7308.345832,7308.345832,7308.345832
12/17/1992,2345.210231,3791.55187,2609.686653,2512.47709,2693.308904,2609.686653,6270.977849,9898.134769,7258.352703,6237.067248,9560.296034,7258.352703,6241.678763,10360.79318,7258.352703,5697.954766,8895.355552,7258.352703,1186.762628,1179.575761,0.001001968,0.001005531,0.001008742,0.001011081,2109.48597,2109.48597,2109.48597,7716.311495,7716.311495,7716.311495,7716.311495,7716.311495
12/18/1992,3800.096384,4590.964593,4215.303717,3843.058147,3791.55187,4215.303717,10201.24597,9277.55596,11865.48996,9936.068288,9898.134769,11865.48996,9527.773562,9560.296034,11865.48996,8572.63391,10360.79318,11865.48996,1666.990892,1656.413537,0.001001968,0.001005531,0.001008742,0.001011081,2336.197569,2336.197569,2336.197569,7754.579098,7754.579098,7754.579098,7754.579098,7754.579098
12/19/1992,4407.263528,4697.65949,4899.535078,4609.692748,4590.964593,4899.535078,11167.128,8620.154611,13046.29486,10987.81986,9277.55596,13046.29486,10871.0322,9898.134769,13046.29486,10242.19615,9560.296034,13046.29486,2041.908104,2028.599117,0.001001968,0.001005531,0.001008742,0.001011081,2612.398031,2612.398031,2612.398031,7930.05116,7930.05116,7930.05116,7930.05116,7930.05116
12/20/1992,4202.049308,4049.091945,4714.847479,4706.399583,4697.65949,4714.847479,9243.833391,7943.284557,10796.11868,9384.645661,8620.154611,10796.11868,9766.042433,9277.55596,10796.11868,9369.704664,9898.134769,10796.11868,2150.181628,2136.072327,0.001001968,0.001005531,0.001008742,0.001011081,2933.146401,2933.146401,2933.146401,8214.093521,8214.093521,8214.093521,8214.093521,8214.093521
12/21/1992,3552.392482,3458.374959,3929.391629,4059.329624,4049.091945,3929.391629,8302.268685,7263.827873,9602.272711,8530.060605,7943.284557,9602.272711,8894.090857,8620.154611,9602.272711,9611.183572,9277.55596,9602.272711,1615.527833,1605.320157,0.001001968,0.001005531,0.001008742,0.001011081,3215.521185,3215.521185,3215.521185,8623.143385,8623.143385,8623.143385,8623.143385,8623.143385
12/22/1992,3087.185556,3173.867669,3381.84346,3463.846787,3458.374959,3381.84346,6826.024707,6725.975168,7815.827353,6991.2316,7263.827873,7815.827353,7453.952537,7943.284557,7815.827353,8071.189561,8620.154611,7815.827353,1285.580632,1277.70779,0.001001968,0.001005531,0.001008742,0.001011081,3456.400184,3456.400184,3456.400184,9033.062602,9033.062602,9033.062602,9033.062602,9033.062602
12/23/1992,2847.643805,2944.918465,3113.854585,3177.710979,3173.867669,3113.854585,6481.460013,6331.743145,7420.077745,6615.40281,6725.975168,7420.077745,6968.543515,7263.827873,7420.077745,7493.961703,7943.284557,7420.077745,1175.681129,1168.570761,0.001001968,0.001005531,0.001008742,0.001011081,3659.090259,3659.090259,3659.090259,9406.145873,9406.145873,9406.145873,9406.145873,9406.145873
12/24/1992,2670.207817,2799.653913,2911.694591,2947.645551,2944.918465,2911.694591,6139.529645,6078.275445,7017.963518,6236.389209,6331.743145,7017.963518,6525.881884,6725.975168,7017.963518,6935.363816,7263.827873,7017.963518,1077.184257,1070.749831,0.001001968,0.001005531,0.001008742,0.001011081,3764.241656,3764.241656,3764.241656,9520.163781,9520.163781,9520.163781,9520.163781,9520.163781
12/25/1992,2526.948314,2617.146072,2753.950912,2801.589682,2799.653913,2753.950912,5767.386516,6039.277864,6584.88983,5873.04164,6078.275445,6584.88983,6113.569733,6331.743145,6584.88983,6411.260283,6725.975168,6584.88983,1020.934281,1014.882474,0.001001968,0.001005531,0.001008742,0.001011081,3721.528898,3721.528898,3721.528898,9120.841376,9120.841376,9120.841376,9120.841376,9120.841376
12/26/1992,2363.80434,2461.723754,2570.935943,2618.511161,2617.146072,2570.935943,5393.232586,5355.09863,6147.301158,5493.21285,6039.277864,6147.301158,5732.174995,6078.275445,6147.301158,6016.695048,6331.743145,6147.301158,940.0312279,934.5250629,0.001001968,0.001005531,0.001008742,0.001011081,3514.151213,3514.151213,3514.151213,8403.23759,8403.23759,8403.23759,8403.23759,8403.23759
12/27/1992,2227.705421,2328.699055,2420.06419,2462.671505,2461.723754,2420.06419,5087.964761,4552.540085,5792.370914,5178.969678,5355.09863,5792.370914,5401.993579,6039.277864,5792.370914,5660.934093,6078.275445,5792.370914,880.1963568,875.0899507,0.001001968,0.001005531,0.001008742,0.001011081,3208.370899,3208.370899,3208.370899,7774.489612,7774.489612,7774.489612,7774.489612,7774.489612
12/28/1992,2110.378983,2294.472715,2290.950848,2329.336263,2328.699055,2290.950848,4945.948381,5563.173436,5627.210186,5028.020639,4552.540085,5627.210186,5231.032569,5355.09863,5627.210186,5435.843189,6039.277864,5627.210186,832.5571101,827.7665158,0.001001968,0.001005531,0.001008742,0.001011081,2958.724282,2958.724282,2958.724282,7145.563932,7145.563932,7145.563932,7145.563932,7145.563932
12/29/1992,2026.217547,2223.365619,2192.63342,2216.648997,2294.472715,2192.63342,5052.183248,7484.047656,5742.336587,5112.907504,5563.173436,5742.336587,5262.04802,4552.540085,5742.336587,5434.559358,5355.09863,5742.336587,767.1390701,762.7783329,0.001001968,0.001005531,0.001008742,0.001011081,2751.712948,2751.712948,2751.712948,6694.274912,6694.274912,6694.274912,6694.274912,6694.274912
12/30/1992,2107.047382,2300.242847,2230.41271,2155.12386,2223.365619,2230.41271,4862.189686,8006.54351,5405.116954,4827.809162,7484.047656,5405.116954,4764.232072,5563.173436,5405.116954,4891.915165,4552.540085,5405.116954,503.1364929,500.4570529,0.001001968,0.001005531,0.001008742,0.001011081,2564.242734,2564.242734,2564.242734,6319.686752,6319.686752,6319.686752,6319.686752,6319.686752
12/31/1992,2654.051403,3871.885645,2768.547863,2312.54275,2300.242847,2768.547863,5411.233749,7648.082109,5844.634131,5018.698033,8006.54351,5844.634131,4921.396732,7484.047656,5844.634131,4245.450204,5563.173436,5844.634131,425.9519762,423.7439168,0.001001968,0.001005531,0.001008742,0.001011081,2432.073541,2432.073541,2432.073541,6051.25437,6051.25437,6051.25437,6051.25437,6051.25437
1/1/1993,3892.875253,4531.928487,4273.962886,3887.612939,3871.885645,4273.962886,7603.261012,8100.48642,8581.277828,7365.282988,7648.082109,8581.277828,7309.442054,8006.54351,8581.277828,5845.783444,7484.047656,8581.277828,1632.229353,1621.901855,0.001001968,0.001005531,0.001008742,0.001011081,2520.780248,2520.780248,2520.780248,6021.330621,6021.330621,6021.330621,6021.330621,6021.330621
1/2/1993,4004.033321,3741.6298,4470.564243,4538.852873,4531.928487,4470.564243,8298.596113,12006.61506,9580.312361,8517.050336,8100.48642,9580.312361,8601.636437,7648.082109,9580.312361,8349.0497,8006.54351,9580.312361,2004.702129,1991.667037,0.001001968,0.001005531,0.001008742,0.001011081,2738.804836,2738.804836,2738.804836,6215.187616,6215.187616,6215.187616,6215.187616,6215.187616
1/3/1993,3191.496346,3678.165983,3497.879038,3739.419588,3741.6298,3497.879038,6503.502836,12858.32769,7393.00713,6846.367642,12006.61506,7393.00713,7219.207965,8100.48642,7393.00713,7877.156544,7648.082109,7393.00713,1348.466213,1340.153431,0.001001968,0.001005531,0.001008742,0.001011081,2926.738712,2926.738712,2926.738712,6500.190743,6500.190743,6500.190743,6500.190743,6500.190743
1/4/1993,2798.586761,5592.260714,3018.082445,3126.620877,3678.165983,3018.082445,5481.283321,12920.29464,6135.450671,5669.75207,12858.32769,6135.450671,6066.913041,12006.61506,6135.450671,6709.335781,8100.48642,6135.450671,965.7755063,960.0963319,0.001001968,0.001005531,0.001008742,0.001011081,3061.743604,3061.743604,3061.743604,6736.10658,6736.10658,6736.10658,6736.10658,6736.10658
1/5/1993,6071.255491,7194.388956,6735.482862,5721.067683,5592.260714,6735.482862,10274.91795,12187.42689,11757.06698,9566.501992,12920.29464,11757.06698,9603.071396,12858.32769,11757.06698,7089.736606,12006.61506,11757.06698,2486.14505,2469.523851,0.001001968,0.001005531,0.001008742,0.001011081,3484.281964,3484.281964,3484.281964,7135.504365,7135.504365,7135.504365,7135.504365,7135.504365
1/6/1993,7697.811788,9349.202103,8546.468973,7357.351112,7194.388956,8546.468973,15279.77761,11428.41297,17750.18562,14353.9131,12187.42689,17750.18562,14084.67201,12920.29464,17750.18562,13279.97955,12858.32769,17750.18562,3335.386648,3312.2533,0.001001968,0.001005531,0.001008742,0.001011081,4115.006853,4115.006853,4115.006853,8234.330904,8234.330904,8234.330904,8234.330904,8234.330904
1/7/1993,7731.730591,6359.076792,8931.653834,9389.025295,9349.202103,8931.653834,13390.27223,9852.969983,16020.65719,14254.44931,11428.41297,16020.65719,14578.28093,12187.42689,16020.65719,12772.62984,12920.29464,16020.65719,4792.421436,4757.703692,0.001001968,0.001005531,0.001008742,0.001011081,5043.043052,5043.043052,5043.043052,9407.56832,9407.56832,9407.56832,9407.56832,9407.56832
1/8/1993,4964.420185,4310.262411,5547.958942,6380.119874,6359.076792,5547.958942,9976.060408,8468.845954,11600.19453,10988.35244,9852.969983,11600.19453,12055.27636,11428.41297,11600.19453,14004.82724,12187.42689,11600.19453,2438.731,2422.466774,0.001001968,0.001005531,0.001008742,0.001011081,5539.128771,5539.128771,5539.128771,10450.79022,10450.79022,10450.79022,10450.79022,10450.79022
1/9/1993,3647.726151,3937.888898,3957.390519,4324.816582,4310.262411,3957.390519,6426.490009,8800.823105,7225.606976,6912.497263,8468.845954,7225.606976,8082.582493,9852.969983,7225.606976,9992.062884,11428.41297,7225.606976,1328.61369,1320.440069,0.001001968,0.001005531,0.001008742,0.001011081,5681.850297,5681.850297,5681.850297,11053.05467,11053.05467,11053.05467,11053.05467,11053.05467
1/10/1993,3439.485434,3667.245925,3763.465541,3948.35704,3937.888898,3763.465541,7021.059737,9149.523482,8010.22594,7307.06534,8800.823105,8010.22594,7988.268055,8468.845954,8010.22594,9016.437759,9852.969983,8010.22594,1404.373056,1395.667052,0.001001968,0.001005531,0.001008742,0.001011081,5755.169439,5755.169439,5755.169439,11284.91927,11284.91927,11284.91927,11284.91927,11284.91927
1/11/1993,3227.448514,3424.702486,3544.560712,3674.953019,3667.245925,3544.560712,6996.415204,8842.780376,8020.563694,7217.527582,9149.523482,8020.563694,7694.263184,8800.823105,8020.563694,8298.215768,8468.845954,8020.563694,1386.734878,1378.153141,0.001001968,0.001005531,0.001008742,0.001011081,5835.297538,5835.297538,5835.297538,11404.2866,11404.2866,11404.2866,11404.2866,11404.2866
1/12/1993,3007.91391,3460.44835,3304.978952,3407.548902,3424.702486,3304.978952,6396.069238,8316.208721,7319.3572,6587.810229,8842.780376,7319.3572,6993.673826,9149.523482,7319.3572,7424.175621,8800.823105,7319.3572,1310.631841,1302.58405,0.001001968,0.001005531,0.001008742,0.001011081,5602.26271,5602.26271,5602.26271,11262.67566,11262.67566,11262.67566,11262.67566,11262.67566
1/13/1993,3070.288007,3872.199361,3395.776975,3437.557132,3460.44835,3395.776975,7305.85253,7778.350585,8416.007788,7436.263967,8316.208721,8416.007788,7770.726636,8842.780376,8416.007788,7777.680229,9149.523482,8416.007788,1423.224689,1414.385661,0.001001968,0.001005531,0.001008742,0.001011081,5186.337434,5186.337434,5186.337434,10591.78049,10591.78049,10591.78049,10591.78049,10591.78049
1/14/1993,3429.110558,3834.951715,3854.422533,3884.556984,3872.199361,3854.422533,8293.320838,7303.197619,9666.549229,8442.525185,7778.350585,9666.549229,8741.682582,8316.208721,9666.549229,8473.35423,8842.780376,9666.549229,1825.256642,1813.534096,0.001001968,0.001005531,0.001008742,0.001011081,4503.394762,4503.394762,4503.394762,9925.990844,9925.990844,9925.990844,9925.990844,9925.990844
1/15/1993,3345.24471,3350.013277,3770.521074,3845.008266,3834.951715,3770.521074,7736.502791,6843.660147,9031.090998,7934.833688,7303.197619,9031.090998,8300.774232,7778.350585,9031.090998,8508.760465,8316.208721,9031.090998,1834.998633,1823.205203,0.001001968,0.001005531,0.001008742,0.001011081,4060.624528,4060.624528,4060.624528,9176.134929,9176.134929,9176.134929,9176.134929,9176.134929
1/16/1993,2956.305313,3104.952789,3296.414478,3354.773146,3350.013277,3296.414478,6523.720143,6460.72599,7541.114025,6686.611771,6843.660147,7541.114025,7085.302342,7303.197619,7541.114025,7637.760084,7778.350585,7541.114025,1490.80018,1481.482587,0.001001968,0.001005531,0.001008742,0.001011081,3810.081667,3810.081667,3810.081667,8619.787198,8619.787198,8619.787198,8619.787198,8619.787198
1/17/1993,2752.612655,2918.218461,3059.718142,3108.471185,3104.952789,3059.718142,5926.232106,6171.052156,6826.902984,6072.240067,6460.72599,6826.902984,6422.191323,6843.660147,6826.902984,6821.754509,7303.197619,6826.902984,1358.775038,1350.389895,0.001001968,0.001005531,0.001008742,0.001011081,3643.195022,3643.195022,3643.195022,8302.87248,8302.87248,8302.87248,8302.87248,8302.87248
1/18/1993,2593.491117,2759.170003,2877.976033,2920.849416,2918.218461,2877.976033,5709.856174,7775.573923,6576.268808,5839.202749,6171.052156,6576.268808,6151.595379,6460.72599,6576.268808,6490.594056,6843.660147,6576.268808,1268.765689,1261.010045,0.001001968,0.001005531,0.001008742,0.001011081,3513.895266,3513.895266,3513.895266,8102.317002,8102.317002,8102.317002,8102.317002,8102.317002
1/19/1993,2456.601602,2619.68135,2722.836262,2761.151843,2759.170003,2722.836262,5421.043602,8606.642452,6238.998941,5539.440831,7775.573923,6238.998941,5827.103882,6171.052156,6238.998941,6114.786832,6460.72599,6238.998941,1196.074081,1188.822867,0.001001968,0.001005531,0.001008742,0.001011081,3407.435901,3407.435901,3407.435901,7934.386462,7934.386462,7934.386462,7934.386462,7934.386462
1/20/1993,2335.653242,2546.97115,2586.521953,2621.180427,2619.68135,2586.521953,5183.877739,7416.579604,5960.664856,5293.466977,8606.642452,5960.664856,5561.033084,7775.573923,5960.664856,5800.127284,6171.052156,5960.664856,1134.751431,1127.922835,0.001001968,0.001005531,0.001008742,0.001011081,3287.345847,3287.345847,3287.345847,7609.371547,7609.371547,7609.371547,7609.371547,7609.371547
1/21/1993,2226.855838,3022.504776,2464.391508,2496.022491,2546.97115,2464.391508,4996.083083,7216.740237,5742.165469,5097.608893,7416.579604,5742.165469,5347.540502,8606.642452,5742.165469,5568.614321,7775.573923,5742.165469,1081.395512,1074.932338,0.001001968,0.001005531,0.001008742,0.001011081,3101.788114,3101.788114,3101.788114,7164.551421,7164.551421,7164.551421,7164.551421,7164.551421
1/22/1993,2692.278706,2951.24689,3044.087399,3030.795177,3022.504776,3044.087399,7189.374293,7297.844304,8417.717422,7270.169373,7216.740237,8417.717422,7514.973368,7416.579604,8417.717422,6957.170618,8606.642452,8417.717422,1542.114138,1532.431393,0.001001968,0.001005531,0.001008742,0.001011081,2977.198162,2977.198162,2977.198162,7028.215545,7028.215545,7028.215545,7028.215545,7028.215545
1/23/1993,2636.159347,2863.071729,2956.730124,2958.312058,2951.24689,2956.730124,7913.570945,7197.394999,9251.929706,7978.657002,7297.844304,9251.929706,8126.15073,7216.740237,9251.929706,8401.352436,7416.579604,9251.929706,1413.238152,1404.46962,0.001001968,0.001005531,0.001008742,0.001011081,2892.237181,2892.237181,2892.237181,7119.120816,7119.120816,7119.120816,7119.120816,7119.120816
1/24/1993,2595.239848,3221.217778,2893.271569,2835.652502,2863.071729,2893.271569,6230.928147,7321.867451,7205.822187,6261.063221,7197.394999,7205.822187,6515.402403,7297.844304,7205.822187,6659.467847,7216.740237,7205.822187,1322.943925,1314.810002,0.001001968,0.001005531,0.001008742,0.001011081,2841.552087,2841.552087,2841.552087,7123.369479,7123.369479,7123.369479,7123.369479,7123.369479
1/25/1993,3042.568501,3272.295929,3392.706975,3220.303658,3221.217778,3392.706975,6754.152563,7151.646474,7803.66949,6696.061333,7321.867451,7803.66949,6808.636327,7197.394999,7803.66949,6637.249984,7297.844304,7803.66949,1513.942488,1504.460396,0.001001968,0.001005531,0.001008742,0.001011081,2848.379315,2848.379315,2848.379315,7177.080134,7177.080134,7177.080134,7177.080134,7177.080134
1/26/1993,3060.103469,3612.677816,3384.037319,3279.07208,3272.295929,3384.037319,6756.464615,6877.318082,7779.538557,6749.969618,7151.646474,7779.538557,6840.742002,7321.867451,7779.538557,6957.85747,7197.394999,7779.538557,1414.680609,1405.901898,0.001001968,0.001005531,0.001008742,0.001011081,2888.158089,2888.158089,2888.158089,7309.44562,7309.44562,7309.44562,7309.44562,7309.44562
1/27/1993,3249.245331,3371.450146,3645.61525,3615.06705,3612.677816,3645.61525,6539.739925,6585.539166,7600.273071,6638.443565,6877.318082,7600.273071,6941.270866,7151.646474,7600.273071,6617.996282,7321.867451,7600.273071,1731.366522,1720.324831,0.001001968,0.001005531,0.001008742,0.001011081,3015.005173,3015.005173,3015.005173,7477.637266,7477.637266,7477.637266,7477.637266,7477.637266
1/28/1993,2917.693589,2948.25256,3260.825336,3373.126248,3371.450146,3260.825336,6326.151406,6209.441558,7340.398882,6541.422519,6585.539166,7340.398882,6835.432044,6877.318082,7340.398882,7168.593181,7151.646474,7340.398882,1516.330301,1506.83122,0.001001968,0.001005531,0.001008742,0.001011081,3133.53845,3133.53845,3133.53845,7681.713418,7681.713418,7681.713418,7681.713418,7681.713418
1/29/1993,2603.205883,2794.882418,2883.478611,2949.487403,2948.25256,2883.478611,5513.064253,5920.544908,6345.071758,5666.186828,6209.441558,6345.071758,6046.696213,6585.539166,6345.071758,6448.507706,6877.318082,6345.071758,1255.497488,1247.834187,0.001001968,0.001005531,0.001008742,0.001011081,3147.67722,3147.67722,3147.67722,7579.944803,7579.944803,7579.944803,7579.944803,7579.944803
1/30/1993,2479.048522,2657.336429,2747.996544,2795.79114,2794.882418,2747.996544,5340.11018,5660.070132,6151.094146,5469.550126,5920.544908,6151.094146,5788.640307,6209.441558,6151.094146,6095.096377,6585.539166,6151.094146,1212.401655,1205.037458,0.001001968,0.001005531,0.001008742,0.001011081,3149.134298,3149.134298,3149.134298,7275.476405,7275.476405,7275.476405,7275.476405,7275.476405
1/31/1993,2360.59127,2529.073914,2616.957804,2658.002,2657.336429,2616.957804,5242.31622,5434.795696,6041.488771,5358.13875,5660.070132,6041.488771,5642.109949,5920.544908,6041.488771,5890.354129,6209.441558,6041.488771,1163.023082,1155.999988,0.001001968,0.001005531,0.001008742,0.001011081,3132.345571,3132.345571,3132.345571,7099.033157,7099.033157,7099.033157,7099.033157,7099.033157
2/1/1993,2249.290525,2412.475393,2493.084263,2529.556126,2529.073914,2493.084263,4989.589091,5279.084488,5747.94087,5097.18121,5434.795696,5747.94087,5361.885223,5660.070132,5747.94087,5597.38446,5920.544908,5747.94087,1112.918595,1106.239791,0.001001968,0.001005531,0.001008742,0.001011081,3067.278368,3067.278368,3067.278368,6905.754973,6905.754973,6905.754973,6905.754973,6905.754973
2/2/1993,2147.629794,2306.484642,2379.990446,2412.818961,2412.475393,2379.990446,4774.869575,5370.670116,5498.752959,4875.23385,5279.084488,5498.752959,5123.807865,5434.795696,5498.752959,5336.682366,5660.070132,5498.752959,1067.116228,1060.750473,0.001001968,0.001005531,0.001008742,0.001011081,2975.750348,2975.750348,2975.750348,6654.956454,6654.956454,6654.956454,6654.956454,6654.956454
2/3/1993,2054.796519,2214.978909,2276.891729,2306.723624,2306.484642,2276.891729,4620.089453,4993.38117,5315.059738,4714.469627,5370.670116,5315.059738,4949.215251,5279.084488,5315.059738,5111.564967,5434.795696,5315.059738,1025.864945,1019.779702,0.001001968,0.001005531,0.001008742,0.001011081,2802.243776,2802.243776,2802.243776,6385.130399,6385.130399,6385.130399,6385.130399,6385.130399
2/4/1993,1980.787209,2141.027023,2194.589431,2215.138771,2214.978909,2194.589431,4450.908501,4766.155231,5121.420497,4533.072733,4993.38117,5121.420497,4754.894354,5370.670116,5121.420497,4947.30219,5279.084488,5121.420497,992.6887232,986.8280589,0.001001968,0.001005531,0.001008742,0.001011081,2641.859392,2641.859392,2641.859392,6083.258406,6083.258406,6083.258406,6083.258406,6083.258406
2/5/1993,1913.450098,2057.468917,2120.443238,2141.127264,2141.027023,2120.443238,4338.778142,4601.548825,4990.875689,4418.743749,4766.155231,4990.875689,4623.80825,4993.38117,4990.875689,4768.66024,5370.670116,4990.875689,965.6964352,960.0177931,0.001001968,0.001005531,0.001008742,0.001011081,2510.288428,2510.288428,2510.288428,5806.033033,5806.033033,5806.033033,5806.033033,5806.033033
2/6/1993,1845.528332,1990.932558,2043.626324,2057.524037,2057.468917,2043.626324,4459.863721,4475.161694,5135.327853,4524.874775,4601.548825,5135.327853,4716.5721,4766.155231,5135.327853,4868.131302,4993.38117,5135.327853,929.273967,923.839917,0.001001968,0.001005531,0.001008742,0.001011081,2396.005188,2396.005188,2396.005188,5611.48067,5611.48067,5611.48067,5611.48067,5611.48067
2/7/1993,1784.438238,1921.033998,1975.666059,1990.954267,1990.932558,1975.666059,4137.381679,4271.426114,4756.311753,4205.544924,4475.161694,4756.311753,4388.434337,4601.548825,4756.311753,4538.729588,4766.155231,4756.311753,901.5118465,896.2634164,0.001001968,0.001005531,0.001008742,0.001011081,2293.823467,2293.823467,2293.823467,5412.390565,5412.390565,5412.390565,5412.390565,5412.390565
2/8/1993,1717.099347,1844.841698,1900.771335,1921.031868,1921.033998,1900.771335,3952.461295,4573.308884,4538.512631,4024.505069,4271.426114,4538.512631,4202.894194,4475.161694,4538.512631,4327.783972,4601.548825,4538.512631,870.4022008,865.3609059,0.001001968,0.001005531,0.001008742,0.001011081,2201.387861,2201.387861,2201.387861,5225.457138,5225.457138,5225.457138,5225.457138,5225.457138
2/9/1993,1649.220288,1775.373914,1824.828464,1844.823392,1844.841698,1824.828464,3814.945439,5658.798425,4378.489761,3884.098855,4573.308884,4378.489761,4059.643019,4271.426114,4378.489761,4197.883996,4475.161694,4378.489761,836.7186381,831.9005467,0.001001968,0.001005531,0.001008742,0.001011081,2116.297507,2116.297507,2116.297507,5054.574434,5054.574434,5054.574434,5054.574434,5054.574434
2/10/1993,1596.64712,1668.27474,1765.379389,1775.127682,1775.373914,1765.379389,3699.38059,4859.594035,4244.395501,3755.828561,5658.798425,4244.395501,3924.215634,4573.308884,4244.395501,4065.317998,4271.426114,4244.395501,808.0921147,803.4628099,0.001001968,0.001005531,0.001008742,0.001011081,2037.086296,2037.086296,2037.086296,4891.380404,4891.380404,4891.380404,4891.380404,4891.380404
2/11/1993,1607.224974,1817.289241,1757.54085,1668.262837,1668.27474,1757.54085,3628.229837,4349.063205,4129.656648,3580.206552,4859.594035,4129.656648,3716.623091,5658.798425,4129.656648,3877.317395,4573.308884,4129.656648,726.0462047,721.9530788,0.001001968,0.001005531,0.001008742,0.001011081,1954.393953,1954.393953,1954.393953,4734.044654,4734.044654,4734.044654,4734.044654,4734.044654
2/12/1993,1705.556482,1880.877739,1872.27497,1817.42166,1817.289241,1872.27497,4050.538456,5340.11036,4636.986328,4036.155102,4349.063205,4636.986328,4083.598437,4859.594035,4636.986328,4091.394329,5658.798425,4636.986328,802.3698614,797.7781912,0.001001968,0.001005531,0.001008742,0.001011081,1891.205337,1891.205337,1891.205337,4646.682048,4646.682048,4646.682048,4646.682048,4646.682048
2/13/1993,1672.057351,1715.835606,1844.272633,1880.847404,1880.877739,1844.272633,5060.543624,8795.447377,5857.339482,5118.901904,5340.11036,5857.339482,5185.385502,4349.063205,5857.339482,5175.279925,4859.594035,5857.339482,829.2178707,824.4493273,0.001001968,0.001005531,0.001008742,0.001011081,1853.977611,1853.977611,1853.977611,4709.769209,4709.769209,4709.769209,4709.769209,4709.769209
2/14/1993,1536.718124,1644.832887,1684.271283,1715.798014,1715.835606,1684.271283,4173.950943,6779.618147,4790.66875,4233.622159,8795.447377,4790.66875,4387.300506,5340.11036,4790.66875,4541.06499,4349.063205,4790.66875,719.3650112,715.3152112,0.001001968,0.001005531,0.001008742,0.001011081,1816.96676,1816.96676,1816.96676,4721.401485,4721.401485,4721.401485,4721.401485,4721.401485
2/15/1993,1477.419725,1609.845869,1619.614615,1644.799331,1644.832887,1619.614615,3551.274583,5071.154248,4053.938487,3611.604286,6779.618147,4053.938487,3762.655855,8795.447377,4053.938487,3895.431604,5340.11036,4053.938487,696.663528,692.7605434,0.001001968,0.001005531,0.001008742,0.001011081,1778.876038,1778.876038,1778.876038,4671.490457,4671.490457,4671.490457,4671.490457,4671.490457
2/16/1993,1443.886149,1663.002274,1587.004345,1609.817641,1609.845869,1587.004345,4469.913919,4590.917497,5155.806644,4507.749289,5071.154248,5155.806644,4628.662186,6779.618147,5155.806644,4751.756525,8795.447377,5155.806644,702.6482548,698.7066261,0.001001968,0.001005531,0.001008742,0.001011081,1745.109709,1745.109709,1745.109709,4774.06878,4774.06878,4774.06878,4774.06878,4774.06878
2/17/1993,1482.753291,1586.491242,1642.589055,1662.980325,1663.002274,1642.589055,7577.101878,4373.810102,8905.274392,7555.334227,4590.917497,8905.274392,7602.912529,5071.154248,8905.274392,7672.205971,6779.618147,8905.274392,779.1765849,774.7370954,0.001001968,0.001005531,0.001008742,0.001011081,1726.582451,1726.582451,1726.582451,5402.739783,5402.739783,5402.739783,5402.739783,5402.739783
2/18/1993,1420.323845,1508.681568,1566.833204,1586.476336,1586.491242,1566.833204,5786.465298,4485.894096,6736.82249,5797.855816,4373.810102,6736.82249,5870.66515,4590.917497,6736.82249,6090.730778,5071.154248,6736.82249,718.5738381,714.5291652,0.001001968,0.001005531,0.001008742,0.001011081,1713.436188,1713.436188,1713.436188,5772.295434,5772.295434,5772.295434,5772.295434,5772.295434
2/19/1993,1353.053525,1450.042152,1490.178388,1508.674242,1508.681568,1490.178388,4131.010632,4378.967812,4754.427724,4168.188171,4485.894096,4754.427724,4286.146592,4373.810102,4754.427724,4434.202674,4590.917497,4754.427724,677.2686576,673.4906054,0.001001968,0.001005531,0.001008742,0.001011081,1684.806167,1684.806167,1684.806167,5842.270271,5842.270271,5842.270271,5842.270271,5842.270271
2/20/1993,1301.31288,1395.558026,1432.689046,1450.042725,1450.042152,1432.689046,3819.986681,4103.304152,4386.721567,3858.667316,4378.967812,4386.721567,3974.487132,4485.894096,4386.721567,4105.320624,4373.810102,4386.721567,652.3529267,648.7346731,0.001001968,0.001005531,0.001008742,0.001011081,1633.358586,1633.358586,1633.358586,5671.407211,5671.407211,5671.407211,5671.407211,5671.407211
2/21/1993,1253.08283,1345.276474,1379.2248,1395.566837,1395.558026,1379.2248,3667.069674,3900.374034,4205.022899,3704.854324,4103.304152,4205.022899,3816.465286,4378.967812,4205.022899,3922.9976,4485.894096,4205.022899,629.6239549,626.1507684,0.001001968,0.001005531,0.001008742,0.001011081,1584.324298,1584.324298,1584.324298,5577.515027,5577.515027,5577.515027,5577.515027,5577.515027
2/22/1993,1208.387134,1301.049528,1329.866382,1345.294004,1345.276474,1329.866382,3784.327204,3757.562229,4347.461012,3816.107426,3900.374034,4347.461012,3918.600005,4103.304152,4347.461012,4040.650506,4378.967812,4347.461012,609.3831456,606.0385577,0.001001968,0.001005531,0.001008742,0.001011081,1538.938772,1538.938772,1538.938772,5593.053637,5593.053637,5593.053637,5593.053637,5593.053637
2/23/1993,1171.571339,1258.696947,1289.377627,1301.075666,1301.049528,1289.377627,3663.265788,3651.005419,4208.967762,3690.631886,3757.562229,4208.967762,3789.350884,3900.374034,4208.967762,3920.412414,4103.304152,4208.967762,593.6201001,590.3752657,0.001001968,0.001005531,0.001008742,0.001011081,1493.040824,1493.040824,1493.040824,5458.579704,5458.579704,5458.579704,5458.579704,5458.579704
2/24/1993,1131.35427,1213.310885,1244.990995,1258.731327,1258.696947,1244.990995,3413.087527,3536.931979,3915.434955,3443.824396,3651.005419,3915.434955,3537.378398,3757.562229,3915.434955,3654.716559,3900.374034,3915.434955,575.405456,572.2754449,0.001001968,0.001005531,0.001008742,0.001011081,1435.351521,1435.351521,1435.351521,4779.033335,4779.033335,4779.033335,4779.033335,4779.033335
2/25/1993,1090.805737,1171.891069,1199.971877,1213.353508,1213.310885,1199.971877,3278.639594,3432.432163,3756.279756,3309.070648,3536.931979,3756.279756,3402.13788,3651.005419,3756.279756,3494.448636,3757.562229,3756.279756,555.635905,552.6299623,0.001001968,0.001005531,0.001008742,0.001011081,1383.460672,1383.460672,1383.460672,4360.476739,4360.476739,4360.476739,4360.476739,4360.476739
2/26/1993,1053.972351,1132.925145,1159.345128,1171.941803,1171.891069,1159.345128,3165.669956,3378.071679,3625.269413,3194.829864,3432.432163,3625.269413,3284.807598,3536.931979,3625.269413,3387.40854,3651.005419,3625.269413,538.925442,536.0239032,0.001001968,0.001005531,0.001008742,0.001011081,1333.686889,1333.686889,1333.686889,4174.640117,4174.640117,4174.640117,4174.640117,4174.640117
2/27/1993,1019.154324,1095.619759,1121.003206,1132.983858,1132.925145,1121.003206,3068.432131,3389.166661,3512.628991,3096.382255,3378.071679,3512.628991,3182.861025,3432.432163,3512.628991,3279.544258,3536.931979,3512.628991,523.3733947,520.5686257,0.001001968,0.001005531,0.001008742,0.001011081,1286.925901,1286.925901,1286.925901,4042.123625,4042.123625,4042.123625,4042.123625,4042.123625
2/28/1993,985.802326,1059.925914,1084.269204,1095.686471,1095.619759,1084.269204,2978.297708,5551.937767,3408.104839,3005.090719,3389.166661,3408.104839,3088.317847,3378.071679,3408.104839,3179.872942,3432.432163,3408.104839,508.3858174,505.6739333,0.001001968,0.001005531,0.001008742,0.001011081,1242.742038,1242.742038,1242.742038,3923.54271,3923.54271,3923.54271,3923.54271,3923.54271
3/1/1993,953.8753424,1026.611788,1049.106776,1060.000644,1059.925914,1049.106776,2892.712574,9054.929707,3309.170223,2918.352295,5551.937767,3309.170223,2998.423032,3389.166661,3309.170223,3088.181928,3378.071679,3309.170223,493.9927899,491.3697518,0.001001968,0.001005531,0.001008742,0.001011081,1200.740104,1200.740104,1200.740104,3773.570149,3773.570149,3773.570149,3773.570149,3773.570149
3/2/1993,924.9200239,1006.188897,1017.233689,1026.694509,1026.611788,1017.233689,2847.024595,6838.764386,3257.807495,2869.882885,9054.929707,3257.807495,2946.19509,5551.937767,3257.807495,3036.186532,3389.166661,3257.807495,481.0235626,478.4802758,0.001001968,0.001005531,0.001008742,0.001011081,1160.395679,1160.395679,1160.395679,3634.787133,3634.787133,3634.787133,3634.787133,3634.787133
3/3/1993,943.3028672,998.1417943,1034.933063,1006.278915,1006.188897,1034.933063,2929.268017,5283.688647,3349.576575,2913.063662,6838.764386,3349.576575,2986.49667,9054.929707,3349.576575,3042.460635,5551.937767,3349.576575,478.6750504,476.1461735,0.001001968,0.001005531,0.001008742,0.001011081,1123.66503,1123.66503,1123.66503,3539.142269,3539.142269,3539.142269,3539.142269,3539.142269
3/4/1993,1036.134084,1273.351655,1120.740645,998.0382033,998.1417943,1120.740645,4913.673726,5474.446855,5682.139728,4760.375561,5283.688647,5682.139728,4734.421347,6838.764386,5682.139728,4848.514255,9054.929707,5682.139728,445.2677797,442.9427959,0.001001968,0.001005531,0.001008742,0.001011081,1086.042137,1086.042137,1086.042137,3785.374074,3785.374074,3785.374074,3785.374074,3785.374074
3/5/1993,1220.622274,1411.761978,1334.567064,1273.473438,1273.351655,1334.567064,8095.334552,5940.179316,9521.972288,7949.756452,5474.446855,9521.972288,7765.358081,5283.688647,9521.972288,7725.634501,6838.764386,9521.972288,584.1570208,580.9719011,0.001001968,0.001005531,0.001008742,0.001011081,1077.70778,1077.70778,1077.70778,4563.47785,4563.47785,4563.47785,4563.47785,4563.47785
3/6/1993,1250.244148,1284.316705,1377.973779,1412.024246,1411.761978,1377.973779,6229.881355,5437.220196,7280.079531,6228.320824,5940.179316,7280.079531,6170.198753,5474.446855,7280.079531,6143.72717,5283.688647,7280.079531,647.555288,643.9677122,0.001001968,0.001005531,0.001008742,0.001011081,1103.378216,1103.378216,1103.378216,5054.476768,5054.476768,5054.476768,5054.476768,5054.476768
3/7/1993,1154.483345,1251.320623,1263.937643,1284.065983,1284.316705,1263.937643,4616.275357,5502.801683,5333.989645,4626.613635,5437.220196,5333.989645,4707.733593,5940.179316,5333.989645,4822.041076,5474.446855,5333.989645,563.1929135,560.1396147,0.001001968,0.001005531,0.001008742,0.001011081,1133.30703,1133.30703,1133.30703,5337.797863,5337.797863,5337.797863,5337.797863,5337.797863
3/8/1993,1229.250241,1659.468303,1334.195435,1249.297975,1251.320623,1334.195435,4759.634601,5613.559586,5481.886759,4662.931645,5502.801683,5481.886759,4709.741778,5437.220196,5481.886759,4843.215201,5940.179316,5481.886759,541.2652893,538.3491578,0.001001968,0.001005531,0.001008742,0.001011081,1159.39552,1159.39552,1159.39552,5641.096057,5641.096057,5641.096057,5641.096057,5641.096057
3/9/1993,1791.424038,2219.534296,1941.02426,1660.086948,1659.468303,1941.02426,5771.219215,7613.663543,6642.268197,5491.131615,5613.559586,6642.268197,5339.325096,5502.801683,6642.268197,5221.572414,5437.220196,6642.268197,730.3605079,726.2393769,0.001001968,0.001005531,0.001008742,0.001011081,1216.376737,1216.376737,1216.376737,6012.891321,6012.891321,6012.891321,6012.891321,6012.891321
3/10/1993,2026.217871,2094.66453,2229.29161,2221.281169,2219.534296,2229.29161,5559.362264,6275.830914,6422.17526,5581.764403,7613.663543,6422.17526,5389.606685,5613.559586,6422.17526,5052.02108,5502.801683,6422.17526,969.3450338,963.6418245,0.001001968,0.001005531,0.001008742,0.001011081,1341.341102,1341.341102,1341.341102,6344.66661,6344.66661,6344.66661,6344.66661,6344.66661
3/11/1993,1846.661175,1878.52623,2031.724424,2094.824424,2094.66453,2031.724424,5224.935927,5338.816504,6034.127441,5312.620254,6275.830914,6034.127441,5480.308277,7613.663543,6034.127441,5340.588335,5613.559586,6034.127441,896.9855163,891.7672812,0.001001968,0.001005531,0.001008742,0.001011081,1508.233862,1508.233862,1508.233862,6409.236554,6409.236554,6409.236554,6409.236554,6409.236554
3/12/1993,1652.058226,1711.070773,1807.925517,1878.602929,1878.52623,1807.925517,4749.006544,5163.640917,5465.26289,4837.508909,5338.816504,5465.26289,5017.223367,6275.830914,5465.26289,5310.519669,7613.663543,5465.26289,768.1592457,763.7918404,0.001001968,0.001005531,0.001008742,0.001011081,1626.282423,1626.282423,1626.282423,5936.004276,5936.004276,5936.004276,5936.004276,5936.004276
3/13/1993,1522.41023,1618.044348,1661.064822,1711.155547,1711.070773,1661.064822,6100.290554,6036.143957,7088.89345,6127.309174,5163.640917,7088.89345,6252.935847,5338.816504,7088.89345,6547.95718,6275.830914,7088.89345,691.6503984,687.7797506,0.001001968,0.001005531,0.001008742,0.001011081,1692.731451,1692.731451,1692.731451,5996.412348,5996.412348,5996.412348,5996.412348,5996.412348
3/14/1993,1445.200632,1536.496017,1578.039199,1618.136656,1618.044348,1578.039199,5305.078916,7372.394881,6100.017837,5343.451085,6036.143957,6100.017837,5468.312478,5163.640917,6100.017837,5456.661769,5338.816504,6100.017837,666.7193583,663.0090617,0.001001968,0.001005531,0.001008742,0.001011081,1743.900997,1743.900997,1743.900997,6119.475881,6119.475881,6119.475881,6119.475881,6119.475881
3/15/1993,1374.856802,1462.193359,1501.914555,1536.595421,1536.496017,1501.914555,4632.420894,5777.808476,5293.762648,4677.354435,7372.394881,5293.762648,4802.166321,6036.143957,5293.762648,4934.192233,5163.640917,5293.762648,641.6434624,638.0936472,0.001001968,0.001005531,0.001008742,0.001011081,1790.857522,1790.857522,1790.857522,6112.036122,6112.036122,6112.036122,6112.036122,6112.036122
3/16/1993,1310.191987,1445.243946,1431.628467,1462.299452,1462.193359,1431.628467,4184.216774,5183.696003,4788.900119,4225.709849,5777.808476,4788.900119,4342.839572,7372.394881,4788.900119,4647.351036,6036.143957,4788.900119,617.0316562,613.6385403,0.001001968,0.001005531,0.001008742,0.001011081,1800.229254,1800.229254,1800.229254,5970.052416,5970.052416,5970.052416,5970.052416,5970.052416
3/17/1993,1294.663078,1538.27408,1421.613507,1445.064299,1445.243946,1421.613507,4963.02517,5666.434558,5728.616636,4982.267805,5183.696003,5728.616636,5079.343789,5777.808476,5728.616636,5177.039702,7372.394881,5728.616636,644.0031151,640.4382336,0.001001968,0.001005531,0.001008742,0.001011081,1741.575446,1741.575446,1741.575446,5989.049942,5989.049942,5989.049942,5989.049942,5989.049942
3/18/1993,1371.162701,1505.723762,1513.546568,1538.42338,1538.27408,1513.546568,6445.007742,5693.014888,7503.319308,6444.197031,5666.434558,7503.319308,6450.460479,5183.696003,7503.319308,6491.533464,5777.808476,7503.319308,709.5492382,705.562995,0.001001968,0.001005531,0.001008742,0.001011081,1651.223098,1651.223098,1651.223098,6182.64168,6182.64168,6182.64168,6182.64168,6182.64168
3/19/1993,1352.698424,1340.783654,1482.790103,1506.076632,1505.723762,1482.790103,5015.996649,5823.304196,5780.489916,5039.313792,5693.014888,5780.489916,5069.5918,5666.434558,5780.489916,5255.086469,5183.696003,5780.489916,650.2346397,646.6299349,0.001001968,0.001005531,0.001008742,0.001011081,1581.738182,1581.738182,1581.738182,6173.966053,6173.966053,6173.966053,6173.966053,6173.966053
3/20/1993,1207.839006,1342.208812,1319.845631,1340.922024,1340.783654,1319.845631,4238.604892,10678.55995,4860.882589,4263.310335,5823.304196,4860.882589,4402.737688,5693.014888,4860.882589,4575.975012,5666.434558,4860.882589,571.3133657,568.2090836,0.001001968,0.001005531,0.001008742,0.001011081,1528.187528,1528.187528,1528.187528,5843.947526,5843.947526,5843.947526,5843.947526,5843.947526
3/21/1993,1204.08136,1347.505915,1323.062275,1342.121231,1342.208812,1323.062275,4711.901818,11791.08785,5441.581359,4726.221628,10678.55995,5441.581359,4802.200936,5823.304196,5441.581359,4971.643808,5693.014888,5441.581359,601.8379676,598.5411719,0.001001968,0.001005531,0.001008742,0.001011081,1483.281869,1483.281869,1483.281869,5731.956851,5731.956851,5731.956851,5731.956851,5731.956851
3/22/1993,1217.104115,1398.609875,1340.837387,1347.573976,1347.505915,1340.837387,4834.965153,9967.617653,5594.817952,4837.005153,11791.08785,5594.817952,4904.552167,10678.55995,5594.817952,5011.620087,5823.304196,5594.817952,624.2993993,620.8600964,0.001001968,0.001005531,0.001008742,0.001011081,1450.851247,1450.851247,1450.851247,5745.217872,5745.217872,5745.217872,5745.217872,5745.217872
3/23/1993,1218.24439,4282.560776,1340.904686,1343.332942,1398.609875,1340.904686,5001.720386,10021.79448,5792.883628,4995.523889,9967.617653,5792.883628,5041.076826,11791.08785,5792.883628,5159.763309,10678.55995,5792.883628,620.0626892,616.6503197,0.001001968,0.001005531,0.001008742,0.001011081,1426.920828,1426.920828,1426.920828,5864.519471,5864.519471,5864.519471,5864.519471,5864.519471
3/24/1993,4016.501137,4382.199569,4692.221495,4256.295037,4282.560776,4692.221495,11962.86057,10508.75515,14369.55093,11690.30815,10021.79448,14369.55093,11294.1736,9967.617653,14369.55093,9178.356146,11791.08785,14369.55093,2646.387305,2628.554055,0.001001968,0.001005531,0.001008742,0.001011081,1705.849683,1705.849683,1705.849683,6598.393866,6598.393866,6598.393866,6598.393866,6598.393866
3/25/1993,3933.805002,3682.034177,4490.786803,4388.360829,4382.199569,4490.786803,12875.43358,14362.40874,15325.96,12847.04414,10508.75515,15325.96,12751.19114,10021.79448,15325.96,12381.91876,9967.617653,15325.96,2332.123067,2316.658584,0.001001968,0.001005531,0.001008742,0.001011081,2058.24549,2058.24549,2058.24549,7406.174355,7406.174355,7406.174355,7406.174355,7406.174355
3/26/1993,3573.839222,4628.345932,3980.944634,3662.471853,3682.034177,3980.944634,9208.982665,17003.73935,10705.41796,8985.66611,14362.40874,10705.41796,9411.632652,10508.75515,10705.41796,9562.23322,10021.79448,10705.41796,1756.206547,1744.985139,0.001001968,0.001005531,0.001008742,0.001011081,2391.444343,2391.444343,2391.444343,8219.02236,8219.02236,8219.02236,8219.02236,8219.02236
3/27/1993,4648.107776,7646.453957,5122.010663,4404.662548,4628.345932,5122.010663,10088.94829,21865.73682,11601.88361,9511.540128,17003.73935,11601.88361,9407.415147,14362.40874,11601.88361,9143.698308,10508.75515,11601.88361,2007.680328,1994.623333,0.001001968,0.001005531,0.001008742,0.001011081,2751.612391,2751.612391,2751.612391,9007.737784,9007.737784,9007.737784,9007.737784,9007.737784
3/28/1993,8452.905776,12351.96793,9313.408953,7414.475472,7646.453957,9313.408953,15004.33424,30682.52983,17204.16482,13437.52749,21865.73682,17204.16482,12757.93642,17003.73935,17204.16482,10103.33159,14362.40874,17204.16482,3363.933031,3340.577285,0.001001968,0.001005531,0.001008742,0.001011081,3417.47387,3417.47387,3417.47387,9907.345714,9907.345714,9907.345714,9907.345714,9907.345714
3/29/1993,12529.70861,15409.46593,13897.07578,12126.92122,12351.96793,13897.07578,22723.5005,44722.77074,26285.66953,21470.28508,30682.52983,26285.66953,19951.7337,21865.73682,26285.66953,15717.82169,17003.73935,26285.66953,5132.917509,5095.433193,0.001001968,0.001005531,0.001008742,0.001011081,4573.244895,4573.244895,4573.244895,11698.1318,11698.1318,11698.1318,11698.1318,11698.1318
3/30/1993,16043.24969,20299.08784,17666.46605,15418.23059,15409.46593,17666.46605,26072.30922,44764.65631,29898.05666,24465.26291,44722.77074,29898.05666,23605.12622,30682.52983,29898.05666,19948.64688,21865.73682,29898.05666,5940.54983,5896.428666,0.001001968,0.001005531,0.001008742,0.001011081,6264.613122,6264.613122,6264.613122,14124.75438,14124.75438,14124.75438,14124.75438,14124.75438
3/31/1993,18454.99515,25166.14698,20700.31406,19762.91506,20299.08784,20700.31406,28366.87506,42257.65347,33077.56071,28272.32487,44764.65631,33077.56071,28280.74545,44722.77074,33077.56071,24029.364,30682.52983,33077.56071,8286.560175,8222.667519,0.001001968,0.001005531,0.001008742,0.001011081,8309.227464,8309.227464,8309.227464,16470.10251,16470.10251,16470.10251,16470.10251,16470.10251
4/1/1993,22852.05455,25109.03389,26148.73516,25216.22508,25166.14698,26148.73516,39246.20777,36134.31738,46566.26952,39582.2081,42257.65347,46566.26952,41107.21661,44764.65631,46566.26952,32932.03939,44722.77074,46566.26952,11707.71499,11614.00072,0.001001968,0.001005531,0.001008742,0.001011081,11129.2024,11129.2024,11129.2024,19946.51877,19946.51877,19946.51877,19946.51877,19946.51877
4/2/1993,21727.67114,21404.79124,24765.24025,25414.4399,25109.03389,24765.24025,45282.21438,28410.01057,53903.64989,46866.04355,36134.31738,53903.64989,48228.68577,42257.65347,53903.64989,48799.24468,44764.65631,53903.64989,10870.5509,10784.22391,0.001001968,0.001005531,0.001008742,0.001011081,14058.22118,14058.22118,14058.22118,25555.40675,25555.40675,25555.40675,25555.40675,25555.40675
4/3/1993,16609.22546,13633.81604,19071.40447,21549.45963,21404.79124,19071.40447,31340.58759,21617.819,37378.97074,34623.45329,28410.01057,37378.97074,38481.23653,36134.31738,37378.97074,41692.92686,42257.65347,37378.97074,9094.537817,9023.695262,0.001001968,0.001005531,0.001008742,0.001011081,16821.34589,16821.34589,16821.34589,30526.74884,30526.74884,30526.74884,30526.74884,30526.74884
4/4/1993,10425.0661,9483.450247,11638.38527,13703.7221,13633.81604,11638.38527,22734.02837,17427.22091,26607.1266,25132.51826,21617.819,26607.1266,29292.74939,28410.01057,26607.1266,37107.3336,36134.31738,26607.1266,4676.615158,4642.833733,0.001001968,0.001005531,0.001008742,0.001011081,18380.61792,18380.61792,18380.61792,34331.56506,34331.56506,34331.56506,34331.56506,34331.56506
4/5/1993,7706.410579,7972.004581,8463.570243,9488.749324,9483.450247,8463.570243,16972.40238,15197.41831,19600.25855,18202.3856,17427.22091,19600.25855,21182.68416,21617.819,19600.25855,26996.53421,28410.01057,19600.25855,2990.133234,2969.67266,0.001001968,0.001005531,0.001008742,0.001011081,18733.93215,18733.93215,18733.93215,35945.7483,35945.7483,35945.7483,35945.7483,35945.7483
4/6/1993,6974.088567,7677.81934,7653.787557,7959.199494,7972.004581,7653.787557,15873.4948,15211.19475,18345.69616,16351.24128,15197.41831,18345.69616,18050.57382,17427.22091,18345.69616,21235.6711,21617.819,18345.69616,2707.175868,2688.880632,0.001001968,0.001005531,0.001008742,0.001011081,18164.09623,18164.09623,18164.09623,35829.26704,35829.26704,35829.26704,35829.26704,35829.26704
4/7/1993,7192.353167,8385.798772,7900.25314,7635.268907,7677.81934,7900.25314,14988.18682,17808.31557,17278.27514,14926.1254,15211.19475,17278.27514,15910.96903,15197.41831,17278.27514,17304.60614,17427.22091,17278.27514,2836.205356,2816.925692,0.001001968,0.001005531,0.001008742,0.001011081,16784.70325,16784.70325,16784.70325,34446.46412,34446.46412,34446.46412,34446.46412,34446.46412
4/8/1993,7830.120757,9345.617904,8655.138713,8280.450219,8385.798772,8655.138713,14493.67362,29602.63769,16722.36466,14389.05885,17808.31557,16722.36466,14914.05398,15211.19475,16722.36466,15108.8392,15197.41831,16722.36466,3298.902726,3276.053313,0.001001968,0.001005531,0.001008742,0.001011081,14559.35428,14559.35428,14559.35428,31345.83139,31345.83139,31345.83139,31345.83139,31345.83139
4/9/1993,8510.661882,12459.78544,9377.728461,8780.733741,9345.617904,9377.728461,14258.54912,33330.06493,16360.34846,13969.01887,29602.63769,16360.34846,14445.65436,17808.31557,16360.34846,14240.28157,15211.19475,16360.34846,3447.036955,3423.032597,0.001001968,0.001005531,0.001008742,0.001011081,12304.96774,12304.96774,12304.96774,26233.44135,26233.44135,26233.44135,26233.44135,26233.44135
4/10/1993,11672.20009,15487.91379,12985.13867,11669.79876,12459.78544,12985.13867,19520.45964,28752.98874,22332.66496,18765.94467,33330.06493,22332.66496,19089.20459,29602.63769,22332.66496,14651.6242,17808.31557,22332.66496,4918.79805,4883.055808,0.001001968,0.001005531,0.001008742,0.001011081,10524.46453,10524.46453,10524.46453,22342.9157,22342.9157,22342.9157,22342.9157,22342.9157
4/11/1993,17119.03961,20403.122,18879.52557,16030.49244,15487.91379,18879.52557,31024.71822,26166.28023,35050.11948,29042.98636,28752.98874,35050.11948,28287.86894,33330.06493,35050.11948,21081.82674,29602.63769,35050.11948,6140.978918,6095.195695,0.001001968,0.001005531,0.001008742,0.001011081,10062.67015,10062.67015,10062.67015,20585.51999,20585.51999,20585.51999,20585.51999,20585.51999
4/12/1993,18951.07024,18469.17295,21390.78817,20791.60609,20403.122,21390.78817,34038.95855,23124.73345,40061.64715,34247.29471,26166.28023,40061.64715,33737.39482,28752.98874,40061.64715,34182.75111,33330.06493,40061.64715,8909.117893,8839.875849,0.001001968,0.001005531,0.001008742,0.001011081,10968.86116,10968.86116,10968.86116,21129.12732,21129.12732,21129.12732,21129.12732,21129.12732
4/13/1993,13222.20786,9179.37035,15211.86419,18525.75296,18469.17295,15211.86419,24118.52756,17153.67642,28816.00609,28078.87626,23124.73345,28816.00609,30276.00077,26166.28023,28816.00609,31181.55849,28752.98874,28816.00609,7539.963504,7482.43327,0.001001968,0.001005531,0.001008742,0.001011081,12370.05042,12370.05042,12370.05042,22589.7393,22589.7393,22589.7393,22589.7393,22589.7393
4/14/1993,7052.413688,7812.812272,7493.312545,8956.716239,9179.37035,7493.312545,14328.10773,19969.88234,16067.8752,15920.4868,17153.67642,16067.8752,19830.6168,23124.73345,16067.8752,26964.58491,26166.28023,16067.8752,1704.876436,1694.026067,0.001001968,0.001005531,0.001008742,0.001011081,13013.49334,13013.49334,13013.49334,24137.09095,24137.09095,24137.09095,24137.09095,24137.09095
4/15/1993,7264.611409,9644.426378,7790.026682,7833.962579,7812.812272,7790.026682,12650.85518,23030.50368,14152.89119,12898.23381,19969.88234,14152.89119,14915.22749,17153.67642,14152.89119,18402.27789,23124.73345,14152.89119,2001.132171,1988.123329,0.001001968,0.001005531,0.001008742,0.001011081,13204.14822,13204.14822,13204.14822,24966.47117,24966.47117,24966.47117,24966.47117,24966.47117
4/16/1993,8112.86904,11687.69473,8877.735808,8592.242127,9644.426378,8877.735808,16659.92984,22538.45611,19180.68924,16588.6896,23030.50368,19180.68924,17327.16534,19969.88234,19180.68924,18203.50026,17153.67642,19180.68924,2988.596507,2968.147757,0.001001968,0.001005531,0.001008742,0.001011081,13242.77166,13242.77166,13242.77166,25383.01138,25383.01138,25383.01138,25383.01138,25383.01138
4/17/1993,12728.46061,14388.87004,14006.43405,12240.67351,11687.69473,14006.43405,19865.56319,21303.5222,22663.36844,18678.51562,22538.45611,22663.36844,18484.27974,23030.50368,22663.36844,15681.80452,19969.88234,22663.36844,4386.91613,4355.46616,0.001001968,0.001005531,0.001008742,0.001011081,13279.72237,13279.72237,13279.72237,25198.37654,25198.37654,25198.37654,25198.37654,25198.37654
4/18/1993,14185.85931,15817.18683,15800.41603,14820.6099,14388.87004,15800.41603,23336.15425,20392.47007,27167.70516,22929.62603,21303.5222,27167.70516,22708.57922,22538.45611,27167.70516,21263.105,23030.50368,27167.70516,5972.898638,5928.509606,0.001001968,0.001005531,0.001008742,0.001011081,13218.73598,13218.73598,13218.73598,24555.29463,24555.29463,24555.29463,24555.29463,24555.29463
4/19/1993,11950.18923,8969.755392,13875.22454,15888.54598,15817.18683,13875.22454,20562.4707,17459.86384,24813.55272,23210.81833,20392.47007,24813.55272,24770.39293,21303.5222,24813.55272,22838.47742,22538.45611,24813.55272,7354.008364,7298.05327,0.001001968,0.001005531,0.001008742,0.001011081,12857.63495,12857.63495,12857.63495,23262.05421,23262.05421,23262.05421,23262.05421,23262.05421
4/20/1993,6798.306753,6735.625046,7517.328598,9013.135715,8969.755392,7517.328598,13992.36566,14677.40132,16219.27252,15693.23157,17459.86384,16219.27252,18524.4452,20392.47007,16219.27252,23398.20425,21303.5222,16219.27252,2880.212353,2860.595784,0.001001968,0.001005531,0.001008742,0.001011081,11759.68671,11759.68671,11759.68671,21977.18735,21977.18735,21977.18735,21977.18735,21977.18735
4/21/1993,5637.670561,7836.336703,6191.760389,6705.867074,6735.625046,6191.760389,9967.984879,15060.14062,11378.82072,10682.59875,14677.40132,11378.82072,12759.8346,17459.86384,11378.82072,15954.60999,20392.47007,11378.82072,2253.160151,2238.285361,0.001001968,0.001005531,0.001008742,0.001011081,11150.45041,11150.45041,11150.45041,20573.24843,20573.24843,20573.24843,20573.24843,20573.24843
4/22/1993,7506.203761,9144.831549,8344.774445,7844.765726,7836.336703,8344.774445,15645.44351,15506.53534,18148.32706,15416.17265,15060.14062,18148.32706,15991.47444,14677.40132,18148.32706,15981.45004,17459.86384,18148.32706,3285.916219,3263.16779,0.001001968,0.001005531,0.001008742,0.001011081,10908.98448,10908.98448,10908.98448,19928.1499,19928.1499,19928.1499,19928.1499,19928.1499
4/23/1993,8057.065224,7376.802702,9059.884665,9195.01899,9144.831549,9059.884665,16109.3338,14235.65775,18833.468,16571.00224,15506.53534,18833.468,16626.42245,15060.14062,18833.468,16290.60587,14677.40132,18833.468,3908.213692,3880.580005,0.001001968,0.001005531,0.001008742,0.001011081,10860.9741,10860.9741,10860.9741,19740.04756,19740.04756,19740.04756,19740.04756,19740.04756
4/24/1993,6548.685609,7290.629687,7275.389571,7404.56813,7376.802702,7275.389571,11927.30096,15641.53719,13733.74994,12314.96086,14235.65775,13733.74994,13670.81694,15506.53534,13733.74994,14341.9883,15060.14062,13733.74994,2930.292009,2910.291349,0.001001968,0.001005531,0.001008742,0.001011081,10442.1054,10442.1054,10442.1054,19495.04597,19495.04597,19495.04597,19495.04597,19495.04597
4/25/1993,6428.333305,7548.351487,7239.469476,7303.221093,7290.629687,7239.469476,11435.57733,16960.6918,13333.46925,11780.95306,15641.53719,13333.46925,12919.96738,14235.65775,13333.46925,13687.99663,15506.53534,13333.46925,3303.699823,3280.813096,0.001001968,0.001005531,0.001008742,0.001011081,9650.591544,9650.591544,9650.591544,18472.99969,18472.99969,18472.99969,18472.99969,18472.99969
4/26/1993,6230.775751,8587.973344,7104.448145,7412.475366,7548.351487,7104.448145,12160.50777,16866.98918,14324.05928,12754.40913,16960.6918,14324.05928,13625.79646,15641.53719,14324.05928,13856.4446,14235.65775,14324.05928,3560.488236,3535.595666,0.001001968,0.001005531,0.001008742,0.001011081,8479.447273,8479.447273,8479.447273,17046.10187,17046.10187,17046.10187,17046.10187,17046.10187
4/27/1993,7941.732529,9290.780395,8968.551984,8644.749665,8587.973344,8968.551984,14401.44376,15025.00464,16723.93653,14490.80327,16866.98918,16723.93653,14682.96179,16960.6918,16723.93653,13374.34505,15641.53719,16723.93653,3954.764365,3926.761667,0.001001968,0.001005531,0.001008742,0.001011081,7999.460312,7999.460312,7999.460312,15841.56274,15841.56274,15841.56274,15841.56274,15841.56274
4/28/1993,8912.19711,9962.685039,10014.68941,9359.465713,9290.780395,10014.68941,15817.91933,13278.21549,18446.3476,15550.18472,15025.00464,18446.3476,16052.2714,16866.98918,18446.3476,15953.87498,16960.6918,18446.3476,4303.949524,4273.164304,0.001001968,0.001005531,0.001008742,0.001011081,8085.507695,8085.507695,8085.507695,15548.92335,15548.92335,15548.92335,15548.92335,15548.92335
4/29/1993,8303.284318,7382.889011,9638.321267,9968.999524,9962.685039,9638.321267,14592.24236,11819.16545,17501.30793,15372.99633,13278.21549,17501.30793,16873.95546,15025.00464,17501.30793,16015.57344,16866.98918,17501.30793,5300.6085,5261.75453,0.001001968,0.001005531,0.001008742,0.001011081,8441.86034,8441.86034,8441.86034,15573.67472,15573.67472,15573.67472,15573.67472,15573.67472
4/30/1993,5854.366779,5495.75509,6657.010363,7385.915883,7382.889011,6657.010363,11921.45733,10449.96446,14044.45695,12895.65177,11819.16545,14044.45695,14116.43347,13278.21549,14044.45695,16814.20467,15025.00464,14044.45695,3299.798422,3276.942043,0.001001968,0.001005531,0.001008742,0.001011081,8368.013039,8368.013039,8368.013039,15549.34486,15549.34486,15549.34486,15549.34486,15549.34486
5/1/1993,4689.272077,5264.550033,5223.931978,5498.008722,5495.75509,5223.931978,8358.913483,9904.800935,9624.262387,8825.533693,10449.96446,9624.262387,10109.59431,11819.16545,9624.262387,11944.58715,13278.21549,9624.262387,2250.332992,2235.479272,0.001001968,0.001005531,0.001008742,0.001011081,8107.271436,8107.271436,8107.271436,15348.48265,15348.48265,15348.48265,15348.48265,15348.48265
5/2/1993,4557.111094,4993.146753,5119.676284,5266.225012,5264.550033,5119.676284,8781.093129,10131.71809,10214.74961,9112.911651,9904.800935,10214.74961,9930.068742,10449.96446,10214.74961,10841.83511,11819.16545,10214.74961,2373.145142,2357.373403,0.001001968,0.001005531,0.001008742,0.001011081,7803.119105,7803.119105,7803.119105,14940.85225,14940.85225,14940.85225,14940.85225,14940.85225
5/3/1993,4335.177718,4724.915669,4881.912682,4994.38236,4993.146753,4881.912682,8734.5131,10787.8493,10194.05774,9017.988093,10131.71809,10194.05774,9675.185171,9904.800935,10194.05774,10271.47967,10449.96446,10194.05774,2317.997273,2302.63845,0.001001968,0.001005531,0.001008742,0.001011081,7469.059937,7469.059937,7469.059937,14416.06384,14416.06384,14416.06384,14416.06384,14416.06384
5/4/1993,4106.6203,4613.461063,4626.926686,4720.286744,4724.915669,4626.926686,7992.80919,9647.348647,9320.951982,8255.358376,10787.8493,9320.951982,8857.883132,10131.71809,9320.951982,9327.290731,9904.800935,9320.951982,2218.679748,2204.061723,0.001001968,0.001005531,0.001008742,0.001011081,7031.230966,7031.230966,7031.230966,13704.8095,13704.8095,13704.8095,13704.8095,13704.8095
5/5/1993,3956.005176,4697.864083,4466.845021,4543.812165,4613.461063,4466.845021,7905.949677,8946.615306,9218.048475,8151.068959,9647.348647,9218.048475,8725.07178,10787.8493,9218.048475,8905.002997,10131.71809,9218.048475,2185.563369,2171.191522,0.001001968,0.001005531,0.001008742,0.001011081,6424.15182,6424.15182,6424.15182,12694.10031,12694.10031,12694.10031,12694.10031,12694.10031
5/6/1993,4280.651083,5130.419199,4831.412549,4715.538713,4697.864083,4831.412549,8944.462706,8494.313545,10431.32154,9010.882352,8946.615306,10431.32154,9511.116726,9647.348647,10431.32154,9315.092722,10787.8493,10431.32154,2326.624884,2311.201536,0.001001968,0.001005531,0.001008742,0.001011081,5635.275361,5635.275361,5635.275361,11691.87991,11691.87991,11691.87991,11691.87991,11691.87991
5/7/1993,4421.094106,4134.33808,5051.915619,5180.992233,5130.419199,5051.915619,9411.584053,7819.177655,11109.16051,9730.663854,8494.313545,11109.16051,10080.17999,8946.615306,11109.16051,10216.74795,9647.348647,11109.16051,2650.479704,2632.615389,0.001001968,0.001005531,0.001008742,0.001011081,5217.065251,5217.065251,5217.065251,10875.55561,10875.55561,10875.55561,10875.55561,10875.55561
5/8/1993,3554.696784,3770.985135,4011.121384,4136.805321,4134.33808,4011.121384,7312.126707,7367.922568,8524.640266,7581.657847,7819.177655,8524.640266,8270.383278,8494.313545,8524.640266,9026.864342,8946.615306,8524.640266,1976.889249,1964.058521,0.001001968,0.001005531,0.001008742,0.001011081,4949.051492,4949.051492,4949.051492,10256.60823,10256.60823,10256.60823,10256.60823,10256.60823
5/9/1993,3284.895114,3615.007197,3698.9532,3770.805739,3770.985135,3698.9532,6413.383398,7046.995363,7453.048084,6623.105501,7367.922568,7453.048084,7164.812988,7819.177655,7453.048084,7795.797013,8494.313545,7453.048084,1810.255276,1798.641796,0.001001968,0.001005531,0.001008742,0.001011081,4713.140448,4713.140448,4713.140448,9815.906487,9815.906487,9815.906487,9815.906487,9815.906487
5/10/1993,3163.190368,3481.6624,3565.541828,3614.815112,3615.007197,3565.541828,6424.723509,6916.990915,7481.950395,6601.878608,7046.995363,7481.950395,7043.182765,7367.922568,7481.950395,7413.09865,7819.177655,7481.950395,1766.323604,1755.028913,0.001001968,0.001005531,0.001008742,0.001011081,4501.470754,4501.470754,4501.470754,9444.110091,9444.110091,9444.110091,9444.110091,9444.110091
5/11/1993,3048.948014,3346.574594,3438.706299,3481.475123,3481.6624,3438.706299,6163.331434,6691.064811,7182.878693,6329.772297,6916.990915,7182.878693,6734.25796,7046.995363,7182.878693,7024.815665,7367.922568,7182.878693,1718.145299,1707.199141,0.001001968,0.001005531,0.001008742,0.001011081,4312.0014,4312.0014,4312.0014,9109.453569,9109.453569,9109.453569,9109.453569,9109.453569
5/12/1993,2919.682467,3339.586635,3292.777693,3339.40931,3346.574594,3292.777693,5878.75191,6472.168361,6848.740918,6044.432228,6691.064811,6848.740918,6427.254015,6916.990915,6848.740918,6677.897228,7046.995363,6848.740918,1652.52288,1642.049593,0.001001968,0.001005531,0.001008742,0.001011081,4129.78557,4129.78557,4129.78557,8758.460753,8758.460753,8758.460753,8758.460753,8758.460753
5/13/1993,2932.243253,3290.987109,3316.739701,3341.574847,3339.586635,3316.739701,5760.567253,6262.705959,6728.260603,5910.20295,6472.168361,6728.260603,6282.252774,6691.064811,6728.260603,6411.131744,6916.990915,6728.260603,1699.907962,1689.093438,0.001001968,0.001005531,0.001008742,0.001011081,3935.061627,3935.061627,3935.061627,8291.088924,8291.088924,8291.088924,8291.088924,8291.088924
5/14/1993,2882.494461,3018.38578,3262.189347,3294.883478,3290.987109,3262.189347,5736.767051,6120.36856,6705.38334,5890.852977,6262.705959,6705.38334,6230.882578,6472.168361,6705.38334,6391.039191,6691.064811,6705.38334,1681.817895,1671.133779,0.001001968,0.001005531,0.001008742,0.001011081,3691.978373,3691.978373,3691.978373,7731.684759,7731.684759,7731.684759,7731.684759,7731.684759
5/15/1993,2643.394271,2901.213691,2982.169008,3016.879881,3018.38578,2982.169008,5340.632803,6035.897308,6225.541202,5482.087196,6120.36856,6225.541202,5869.56944,6262.705959,6225.541202,6163.857453,6472.168361,6225.541202,1518.425077,1508.911088,0.001001968,0.001005531,0.001008742,0.001011081,3502.790187,3502.790187,3502.790187,7315.006787,7315.006787,7315.006787,7315.006787,7315.006787
5/16/1993,2550.959085,2814.822109,2877.351299,2901.212704,2901.213691,2877.351299,5144.584461,5974.148471,5991.814135,5272.098285,6035.897308,5991.814135,5608.282957,6120.36856,5991.814135,5828.843327,6262.705959,5991.814135,1469.329777,1460.164525,0.001001968,0.001005531,0.001008742,0.001011081,3360.264726,3360.264726,3360.264726,6990.747026,6990.747026,6990.747026,6990.747026,6990.747026
5/17/1993,2466.802181,2709.514655,2784.375312,2815.86707,2814.822109,2784.375312,5059.211178,5614.20087,5896.991945,5189.72721,5974.148471,5896.991945,5500.006263,6035.897308,5896.991945,5686.821957,6120.36856,5896.991945,1435.104426,1426.181461,0.001001968,0.001005531,0.001008742,0.001011081,3237.430591,3237.430591,3237.430591,6734.490115,6734.490115,6734.490115,6734.490115,6734.490115
5/18/1993,2373.782256,2675.808594,2678.040661,2704.81581,2709.514655,2678.040661,4955.671616,5643.345214,5776.908698,5075.07475,5614.20087,5776.908698,5377.264532,5974.148471,5776.908698,5574.41251,6035.897308,5776.908698,1381.701791,1373.155478,0.001001968,0.001005531,0.001008742,0.001011081,3122.387789,3122.387789,3122.387789,6526.470957,6526.470957,6526.470957,6526.470957,6526.470957
5/19/1993,2351.444151,2633.452028,2656.182413,2674.614611,2675.808594,2656.182413,4984.96617,5515.129356,5814.618192,5095.746981,5643.345214,5814.618192,5379.043519,5614.20087,5814.618192,5476.654077,5974.148471,5814.618192,1384.034889,1375.472158,0.001001968,0.001005531,0.001008742,0.001011081,3021.854718,3021.854718,3021.854718,6358.286286,6358.286286,6358.286286,6358.286286,6358.286286
5/20/1993,2303.814009,2539.067106,2601.260541,2626.939282,2633.452028,2601.260541,5012.816726,5255.21681,5842.691295,5126.525501,5515.129356,5842.691295,5381.389594,5643.345214,5842.691295,5496.910149,5614.20087,5842.691295,1353.603745,1345.254909,0.001001968,0.001005531,0.001008742,0.001011081,2914.888705,2914.888705,2914.888705,6228.595497,6228.595497,6228.595497,6228.595497,6228.595497
5/21/1993,2230.487165,2443.726671,2517.069824,2542.699231,2539.067106,2517.069824,4696.458347,5045.990782,5460.083686,4812.077534,5255.21681,5460.083686,5088.397864,5515.129356,5460.083686,5180.33565,5643.345214,5460.083686,1306.592263,1298.572712,0.001001968,0.001005531,0.001008742,0.001011081,2809.876421,2809.876421,2809.876421,6067.941002,6067.941002,6067.941002,6067.941002,6067.941002
5/22/1993,2194.33236,2419.355666,2470.748342,2450.499974,2443.726671,2470.748342,4660.300291,4880.854591,5420.764608,4722.947657,5045.990782,5420.764608,4993.420479,5255.21681,5420.764608,5208.689309,5515.129356,5420.764608,1267.758563,1260.009932,0.001001968,0.001005531,0.001008742,0.001011081,2720.338927,2720.338927,2720.338927,5922.824916,5922.824916,5922.824916,5922.824916,5922.824916
5/23/1993,2126.567908,2292.047854,2403.159481,2419.622648,2419.355666,2403.159481,4499.142323,4742.344575,5245.320589,4599.048889,4880.854591,5245.320589,4854.439503,5045.990782,5245.320589,4975.702736,5255.21681,5245.320589,1274.850251,1267.05222,0.001001968,0.001005531,0.001008742,0.001011081,2646.309562,2646.309562,2646.309562,5784.224113,5784.224113,5784.224113,5784.224113,5784.224113
5/24/1993,1999.050444,2177.327413,2254.483737,2291.493011,2292.047854,2254.483737,4270.878672,4580.186951,4971.11274,4384.229324,4742.344575,4971.11274,4628.62105,4880.854591,4971.11274,4825.733037,5045.990782,4971.11274,1186.212472,1179.029405,0.001001968,0.001005531,0.001008742,0.001011081,2569.676585,2569.676585,2569.676585,5650.449765,5650.449765,5650.449765,5650.449765,5650.449765
5/25/1993,1914.161232,2109.499368,2155.114344,2177.424296,2177.327413,2155.114344,4055.661522,4449.605668,4712.480067,4150.65639,4580.186951,4712.480067,4398.096246,4742.344575,4712.480067,4562.834562,4880.854591,4712.480067,1125.191004,1118.428045,0.001001968,0.001005531,0.001008742,0.001011081,2493.916112,2493.916112,2493.916112,5506.010514,5506.010514,5506.010514,5506.010514,5506.010514
5/26/1993,1855.904844,2043.684354,2090.722067,2110.007229,2109.499368,2090.722067,3954.998635,4355.838512,4599.351384,4044.247584,4449.605668,4599.351384,4275.514431,4580.186951,4599.351384,4430.078324,4742.344575,4599.351384,1100.732863,1094.137505,0.001001968,0.001005531,0.001008742,0.001011081,2414.047499,2414.047499,2414.047499,5340.028206,5340.028206,5340.028206,5340.028206,5340.028206
5/27/1993,1797.263108,1977.757144,2024.934801,2043.83654,2043.684354,2024.934801,3865.327008,4433.61288,4495.719464,3951.295783,4355.838512,4495.719464,4169.721035,4449.605668,4495.719464,4305.108589,4580.186951,4495.719464,1071.589133,1065.192879,0.001001968,0.001005531,0.001008742,0.001011081,2333.33215,2333.33215,2333.33215,5152.395734,5152.395734,5152.395734,5152.395734,5152.395734
5/28/1993,1738.70768,1924.09636,1958.527179,1976.081907,1977.757144,1958.527179,3747.062245,4941.984713,4357.286696,3829.117403,4433.61288,4357.286696,4039.558415,4355.838512,4357.286696,4171.143369,4449.605668,4357.286696,1039.052554,1032.877786,0.001001968,0.001005531,0.001008742,0.001011081,2251.168276,2251.168276,2251.168276,4989.41381,4989.41381,4989.41381,4989.41381,4989.41381
5/29/1993,1695.613968,1872.869691,1909.66269,1924.738967,1924.09636,1909.66269,3675.882037,5045.005912,4271.594905,3753.937062,4941.984713,4271.594905,3953.520601,4433.61288,4271.594905,4050.375734,4355.838512,4271.594905,1014.685436,1008.675973,0.001001968,0.001005531,0.001008742,0.001011081,2173.074213,2173.074213,2173.074213,4822.367153,4822.367153,4822.367153,4822.367153,4822.367153
5/30/1993,1651.292424,1815.580489,1859.504977,1874.301857,1872.869691,1859.504977,3603.44742,4371.754231,4188.716343,3678.476058,5045.005912,4188.716343,3869.146053,4941.984713,4188.716343,3991.661445,4433.61288,4188.716343,990.5264917,984.6804317,0.001001968,0.001005531,0.001008742,0.001011081,2094.37071,2094.37071,2094.37071,4672.258243,4672.258243,4672.258243,4672.258243,4672.258243
5/31/1993,1586.770553,1873.255704,1786.806259,1802.493526,1815.580489,1786.806259,3652.643073,4125.949511,4246.697094,3722.685968,4371.754231,4246.697094,3913.895776,5045.005912,4246.697094,4021.377858,4941.984713,4246.697094,956.8920491,951.272641,0.001001968,0.001005531,0.001008742,0.001011081,2024.193759,2024.193759,2024.193759,4562.58952,4562.58952,4562.58952,4562.58952,4562.58952
6/1/1993,1679.741575,1827.882502,1893.280492,1876.394614,1873.255704,1893.280492,4283.188165,4132.678256,4992.516929,4318.439495,4125.949511,4992.516929,4461.424643,4371.754231,4992.516929,4451.318327,5045.005912,4992.516929,1004.889073,998.9459292,0.001001968,0.001005531,0.001008742,0.001011081,1971.806636,1971.806636,1971.806636,4558.835491,4558.835491,4558.835491,4558.835491,4558.835491
6/2/1993,1702.824013,1879.583429,1906.83255,1837.099765,1827.882502,1906.83255,4383.868998,3911.867283,5101.232415,4356.874969,4132.678256,5101.232415,4501.542577,4125.949511,5101.232415,4650.805287,4371.754231,5101.232415,971.9602132,966.2393879,0.001001968,0.001005531,0.001008742,0.001011081,1927.160095,1927.160095,1927.160095,4597.706625,4597.706625,4597.706625,4597.706625,4597.706625
6/3/1993,1622.354446,1706.677604,1830.63191,1879.058483,1879.583429,1830.63191,3669.643265,3887.957091,4274.309807,3774.970163,3911.867283,4274.309807,3911.866909,4132.678256,4274.309807,3951.46615,4125.949511,4274.309807,996.7848348,990.8964934,0.001001968,0.001005531,0.001008742,0.001011081,1894.64144,1894.64144,1894.64144,4559.450653,4559.450653,4559.450653,4559.450653,4559.450653
6/4/1993,1487.342168,1669.585991,1668.893535,1706.435124,1706.677604,1668.893535,3397.349324,3993.112919,3939.45965,3484.190659,3887.957091,3939.45965,3676.419901,3911.867283,3939.45965,3827.213132,4132.678256,3939.45965,876.7737923,871.6901499,0.001001968,0.001005531,0.001008742,0.001011081,1858.659478,1858.659478,1858.659478,4509.313063,4509.313063,4509.313063,4509.313063,4509.313063
6/5/1993,1447.541513,1777.520919,1627.325031,1648.657589,1669.585991,1627.325031,3339.795004,4224.756071,3878.602621,3408.95404,3993.112919,3878.602621,3600.904675,3887.957091,3878.602621,3719.380085,3911.867283,3878.602621,872.5590284,867.503403,0.001001968,0.001005531,0.001008742,0.001011081,1822.825073,1822.825073,1822.825073,4467.640697,4467.640697,4467.640697,4467.640697,4467.640697
6/6/1993,1587.413454,1687.103769,1783.960028,1782.418612,1777.520919,1783.960028,3412.258956,4621.090132,3954.76795,3473.148722,4224.756071,3954.76795,3545.274942,3993.112919,3954.76795,3551.409041,3887.957091,3954.76795,907.8855509,902.5945693,0.001001968,0.001005531,0.001008742,0.001011081,1795.156474,1795.156474,1795.156474,4404.667285,4404.667285,4404.667285,4404.667285,4404.667285
6/7/1993,1647.945314,1917.886502,1834.11617,1702.919291,1687.103769,1834.11617,3482.423258,4550.811442,4018.886045,3403.834842,4621.090132,4018.886045,3606.910899,4224.756071,4018.886045,3626.897456,3993.112919,4018.886045,892.5782647,887.3894115,0.001001968,0.001005531,0.001008742,0.001011081,1784.215092,1784.215092,1784.215092,4342.804275,4342.804275,4342.804275,4342.804275,4342.804275
6/8/1993,1639.224862,1972.151192,1855.103866,1903.216377,1917.886502,1855.103866,3505.929144,4564.873777,4094.966987,3615.722585,4550.811442,4094.966987,3714.270504,4621.090132,4094.966987,3706.896889,4224.756071,4094.966987,1032.886696,1026.753803,0.001001968,0.001005531,0.001008742,0.001011081,1778.950411,1778.950411,1778.950411,4205.600442,4205.600442,4205.600442,4205.600442,4205.600442
6/9/1993,1674.250683,2359.046234,1891.091253,1948.560589,1972.151192,1891.091253,3771.73573,4298.97268,4396.966859,3891.4233,4564.873777,4396.966859,4014.529155,4550.811442,4396.966859,3932.850422,4621.090132,4396.966859,1018.352811,1012.318501,0.001001968,0.001005531,0.001008742,0.001011081,1788.147456,1788.147456,1788.147456,4096.261739,4096.261739,4096.261739,4096.261739,4096.261739
6/10/1993,2179.018449,2247.796072,2459.631837,2376.877101,2359.046234,2459.631837,4626.144952,3817.991379,5394.033384,4633.310247,4298.97268,5394.033384,4669.686518,4564.873777,5394.033384,4350.376563,4550.811442,5394.033384,1243.454038,1235.874452,0.001001968,0.001005531,0.001008742,0.001011081,1838.072547,1838.072547,1838.072547,4172.864828,4172.864828,4172.864828,4172.864828,4172.864828
6/11/1993,2043.515676,1985.095997,2311.899515,2266.025673,2247.796072,2311.899515,4202.575326,3529.187986,4917.339216,4236.623529,3817.991379,4917.339216,4532.795876,4298.97268,4917.339216,4558.607231,4564.873777,4917.339216,1234.220714,1226.705243,0.001001968,0.001005531,0.001008742,0.001011081,1922.339732,1922.339732,1922.339732,4264.753017,4264.753017,4264.753017,4264.753017,4264.753017
6/12/1993,1689.098761,1561.661822,1912.152439,1986.028498,1985.095997,1912.152439,3533.781867,3331.397681,4129.541725,3673.218053,3529.187986,4129.541725,3935.654857,3817.991379,4129.541725,4284.411609,4298.97268,4129.541725,1056.666376,1050.371811,0.001001968,0.001005531,0.001008742,0.001011081,1974.297633,1974.297633,1974.297633,4327.891549,4327.891549,4327.891549,4327.891549,4327.891549
6/13/1993,1347.715554,1410.703372,1499.731779,1561.828861,1561.661822,1499.731779,2954.997259,3370.51796,3406.605558,3058.79607,3331.397681,3406.605558,3283.908579,3529.187986,3406.605558,3737.318015,3817.991379,3406.605558,744.7882373,740.5732959,0.001001968,0.001005531,0.001008742,0.001011081,1969.412723,1969.412723,1969.412723,4361.047178,4361.047178,4361.047178,4361.047178,4361.047178
6/14/1993,1247.930272,1377.929636,1384.262506,1410.929043,1410.703372,1384.262506,2700.776334,3316.005782,3103.591151,2765.409822,3370.51796,3103.591151,2950.615107,3331.397681,3103.591151,3174.108988,3529.187986,3103.591151,676.0492632,672.2790501,0.001001968,0.001005531,0.001008742,0.001011081,1930.866922,1930.866922,1930.866922,4313.321853,4313.321853,4313.321853,4313.321853,4313.321853
6/15/1993,1213.667675,1544.912424,1349.565045,1368.613084,1377.929636,1349.565045,2770.266684,3236.941172,3191.854616,2824.511032,3316.005782,3191.854616,2967.879693,3370.51796,3191.854616,3089.778604,3331.397681,3191.854616,676.5255406,672.7522659,0.001001968,0.001005531,0.001008742,0.001011081,1871.439464,1871.439464,1871.439464,4223.09869,4223.09869,4223.09869,4223.09869,4223.09869
6/16/1993,1370.822614,1545.670561,1545.895913,1548.216598,1544.912424,1545.895913,2903.902597,3672.670182,3378.70451,2957.445491,3236.941172,3378.70451,3102.187323,3316.005782,3378.70451,2997.743315,3370.51796,3378.70451,851.4903714,846.574535,0.001001968,0.001005531,0.001008742,0.001011081,1821.38619,1821.38619,1821.38619,4073.57063,4073.57063,4073.57063,4073.57063,4073.57063
6/17/1993,1359.075026,1298.541639,1534.117853,1551.63473,1545.670561,1534.117853,2989.209652,4629.083719,3483.004146,3055.379431,3672.670182,3483.004146,3187.497048,3236.941172,3483.004146,3241.985613,3316.005782,3483.004146,853.3437091,848.4155935,0.001001968,0.001005531,0.001008742,0.001011081,1727.77858,1727.77858,1727.77858,3851.16625,3851.16625,3851.16625,3851.16625,3851.16625
6/18/1993,1144.956891,1210.321731,1280.297664,1299.115494,1298.541639,1280.297664,2617.33108,5224.103935,3026.212055,2671.540314,4629.083719,3026.212055,2845.520872,3672.670182,3026.212055,3064.038738,3236.941172,3026.212055,678.9309808,675.1422391,0.001001968,0.001005531,0.001008742,0.001011081,1587.918535,1587.918535,1587.918535,3640.236232,3640.236232,3640.236232,3640.236232,3640.236232
6/19/1993,1070.005365,1207.417477,1193.168096,1210.270224,1210.321731,1193.168096,2486.178087,4716.511226,2868.381613,2534.586062,5224.103935,2868.381613,2659.979622,4629.083719,2868.381613,2826.795834,3672.670182,2868.381613,624.3423244,620.9027486,0.001001968,0.001005531,0.001008742,0.001011081,1470.435426,1470.435426,1470.435426,3444.195936,3444.195936,3444.195936,3444.195936,3444.195936
6/20/1993,1058.050619,1399.58659,1183.46592,1198.957354,1207.417477,1183.46592,3063.631994,3993.838579,3550.575317,3102.296497,4716.511226,3550.575317,3210.347746,5224.103935,3550.575317,3208.250717,4629.083719,3550.575317,635.7230212,632.2109751,0.001001968,0.001005531,0.001008742,0.001011081,1406.128928,1406.128928,1406.128928,3375.034085,3375.034085,3375.034085,3375.034085,3375.034085
6/21/1993,1318.682728,2029.384559,1478.800294,1381.456064,1399.58659,1478.800294,4326.413167,3668.382668,5042.004407,4249.115594,3993.838579,5042.004407,4326.884544,4716.511226,5042.004407,4164.650641,5224.103935,5042.004407,788.6373076,784.1358124,0.001001968,0.001005531,0.001008742,0.001011081,1387.781467,1387.781467,1387.781467,3530.139121,3530.139121,3530.139121,3530.139121,3530.139121
6/22/1993,1872.795327,1840.23058,2131.213606,2041.221148,2029.384559,2131.213606,5286.961208,3319.509809,6222.302298,5249.712569,3668.382668,6222.302298,5183.632928,3993.838579,6222.302298,4846.096813,4716.511226,6222.302298,1187.996564,1180.801174,0.001001968,0.001005531,0.001008742,0.001011081,1443.935267,1443.935267,1443.935267,3817.251259,3817.251259,3817.251259,3817.251259,3817.251259
6/23/1993,1793.684969,1869.282907,2001.409846,1854.119549,1840.23058,2001.409846,4514.209531,3229.589819,5250.82416,4407.392871,3319.509809,5250.82416,4529.84394,3668.382668,5250.82416,4650.598098,3993.838579,5250.82416,994.0607813,988.1908477,0.001001968,0.001005531,0.001008742,0.001011081,1483.619521,1483.619521,1483.619521,4066.525339,4066.525339,4066.525339,4066.525339,4066.525339
6/24/1993,1558.774454,1318.194051,1761.633139,1870.1757,1869.282907,1761.633139,3292.114184,4269.090609,3840.788229,3457.735545,3229.589819,3840.788229,3582.238153,3319.509809,3840.788229,3651.157748,3668.382668,3840.788229,984.4504636,978.645421,0.001001968,0.001005531,0.001008742,0.001011081,1523.723073,1523.723073,1523.723073,4187.534289,4187.534289,4187.534289,4187.534289,4187.534289
6/25/1993,1100.140732,1121.598602,1210.706044,1318.506048,1318.194051,1210.706044,2614.416387,3116.461897,2992.559263,2746.688188,4269.090609,2992.559263,2957.036075,3229.589819,2992.559263,3399.516605,3319.509809,2992.559263,567.9583929,564.8751866,0.001001968,0.001005531,0.001008742,0.001011081,1535.317953,1535.317953,1535.317953,4240.588467,4240.588467,4240.588467,4240.588467,4240.588467
6/26/1993,983.3176577,1271.330173,1076.137296,1117.506766,1121.598602,1076.137296,2233.20531,3000.981092,2536.825356,2297.586026,3116.461897,2536.825356,2481.604892,4269.090609,2536.825356,2723.706433,3229.589819,2536.825356,485.077824,482.5096381,0.001001968,0.001005531,0.001008742,0.001011081,1534.062466,1534.062466,1534.062466,4247.399745,4247.399745,4247.399745,4247.399745,4247.399745
6/27/1993,1112.250147,1174.249629,1239.163556,1273.284723,1271.330173,1239.163556,2815.557652,3044.83502,3233.65935,2887.004419,3000.981092,3233.65935,2997.315742,3116.461897,3233.65935,2773.313733,4269.090609,3233.65935,641.1639644,637.6172099,0.001001968,0.001005531,0.001008742,0.001011081,1542.242493,1542.242493,1542.242493,4175.631924,4175.631924,4175.631924,4175.631924,4175.631924
6/28/1993,1062.555674,1012.250649,1168.488136,1176.085266,1174.249629,1168.488136,3753.757108,3103.620503,4324.21794,3763.414638,3044.83502,4324.21794,3805.932225,3000.981092,4324.21794,4070.956147,3116.461897,4324.21794,542.6530284,539.7282381,0.001001968,0.001005531,0.001008742,0.001011081,1515.092967,1515.092967,1515.092967,4117.253184,4117.253184,4117.253184,4117.253184,4117.253184
6/29/1993,920.6169656,1137.471436,1008.599974,1013.038858,1012.250649,1008.599974,2371.128229,3443.23615,2694.848754,2394.08685,3103.620503,2694.848754,2534.498703,3044.83502,2694.848754,2701.268324,3000.981092,2694.848754,462.9267531,460.4942485,0.001001968,0.001005531,0.001008742,0.001011081,1413.907008,1413.907008,1413.907008,3794.956436,3794.956436,3794.956436,3794.956436,3794.956436
6/30/1993,1049.827627,1218.289856,1166.714829,1138.388017,1137.471436,1166.714829,2517.445973,3820.210017,2893.70433,2517.033569,3443.23615,2893.70433,2616.185466,3103.620503,2893.70433,2636.4058,3044.83502,2893.70433,601.3979572,598.1039461,0.001001968,0.001005531,0.001008742,0.001011081,1316.413797,1316.413797,1316.413797,3489.383904,3489.383904,3489.383904,3489.383904,3489.383904
7/1/1993,1056.630683,1020.438125,1189.431189,1218.662314,1218.289856,1189.431189,2642.207542,2903.305851,3067.657409,2702.008594,3820.210017,3067.657409,2795.561548,3443.23615,3067.657409,2798.738226,3103.620503,3067.657409,677.2543911,673.4764306,0.001001968,0.001005531,0.001008742,0.001011081,1228.36088,1228.36088,1228.36088,3304.856784,3304.856784,3304.856784,3304.856784,3304.856784
7/2/1993,875.8406938,1031.780751,974.0140037,1018.357498,1020.438125,974.0140037,2503.908579,2656.450523,2887.81863,2563.944613,2903.305851,2887.81863,2665.334964,3820.210017,2887.81863,2871.01428,3443.23615,2887.81863,516.2618056,513.5011567,0.001001968,0.001005531,0.001008742,0.001011081,1172.026157,1172.026157,1172.026157,3218.410203,3218.410203,3218.410203,3218.410203,3218.410203
7/3/1993,917.8897038,1083.650793,1019.572046,1032.766188,1031.780751,1019.572046,2867.62054,2820.243973,3308.716685,2894.670267,2656.450523,3308.716685,2958.242983,2903.305851,3308.716685,2960.683862,3820.210017,3308.716685,529.3551876,526.513244,0.001001968,0.001005531,0.001008742,0.001011081,1143.376109,1143.376109,1143.376109,3251.858104,3251.858104,3251.858104,3251.858104,3251.858104
7/4/1993,978.5721799,909.5427841,1085.898998,1085.570355,1083.650793,1085.898998,3342.409515,2944.371399,3872.014094,3347.351883,2820.243973,3872.014094,3370.9866,2656.450523,3872.014094,3449.419473,2903.305851,3872.014094,553.7897889,550.7954017,0.001001968,0.001005531,0.001008742,0.001011081,1111.546441,1111.546441,1111.546441,3354.942399,3354.942399,3354.942399,3354.942399,3354.942399
7/5/1993,807.981411,855.7170706,896.4069479,909.9575159,909.5427841,896.4069479,2358.354537,2410.364554,2711.730686,2385.549285,2944.371399,2711.730686,2532.005449,2820.243973,2711.730686,2634.07732,2656.450523,2711.730686,470.9544507,468.4728764,0.001001968,0.001005531,0.001008742,0.001011081,1086.622605,1086.622605,1086.622605,3160.715145,3160.715145,3160.715145,3160.715145,3160.715145
7/6/1993,756.2328609,808.0869203,839.157611,856.0522148,855.7170706,839.157611,2102.549104,2210.385639,2413.733163,2134.768929,2410.364554,2413.733163,2217.580494,2944.371399,2413.733163,2379.34588,2820.243973,2413.733163,445.6460769,443.3187959,0.001001968,0.001005531,0.001008742,0.001011081,1056.369131,1056.369131,1056.369131,3087.959622,3087.959622,3087.959622,3087.959622,3087.959622
7/7/1993,720.4590363,798.8542864,798.0532656,808.4180248,808.0869203,798.0532656,2262.900988,2202.203678,2601.950507,2282.1161,2210.385639,2601.950507,2349.437674,2410.364554,2601.950507,2439.951521,2944.371399,2601.950507,420.3366615,418.1624546,0.001001968,0.001005531,0.001008742,0.001011081,1010.770893,1010.770893,1010.770893,3068.489454,3068.489454,3068.489454,3068.489454,3068.489454
7/8/1993,719.1423786,800.2259221,797.7080549,799.1832748,798.8542864,797.7080549,2466.991179,2160.306804,2846.114833,2472.992662,2202.203678,2846.114833,2527.793193,2210.385639,2846.114833,2597.621832,2410.364554,2846.114833,425.5712782,423.3655158,0.001001968,0.001005531,0.001008742,0.001011081,953.9536058,953.9536058,953.9536058,3069.549458,3069.549458,3069.549458,3069.549458,3069.549458
7/9/1993,717.182713,774.3686791,795.2229247,800.5511478,800.2259221,795.2229247,2062.447635,2079.211522,2367.705576,2080.780084,2160.306804,2367.705576,2125.383767,2202.203678,2367.705576,2170.518713,2210.385639,2367.705576,422.1021067,419.9172635,0.001001968,0.001005531,0.001008742,0.001011081,916.6149162,916.6149162,916.6149162,2971.428384,2971.428384,2971.428384,2971.428384,2971.428384
7/10/1993,684.1286993,728.7620873,758.6480437,774.6902345,774.3686791,758.6480437,1889.304125,2053.86147,2162.260744,1919.909896,2079.211522,2162.260744,1978.447094,2160.306804,2162.260744,2011.973796,2202.203678,2162.260744,405.3155476,403.2315807,0.001001968,0.001005531,0.001008742,0.001011081,880.7499657,880.7499657,880.7499657,2796.507184,2796.507184,2796.507184,2796.507184,2796.507184
7/11/1993,650.3154498,706.538624,720.0796213,729.0800508,728.7620873,720.0796213,1854.316064,2231.508094,2121.402125,1875.63669,2053.86147,2121.402125,1943.206325,2079.211522,2121.402125,2010.367085,2160.306804,2121.402125,382.810159,380.8605005,0.001001968,0.001005531,0.001008742,0.001011081,837.2611606,837.2611606,837.2611606,2565.644351,2565.644351,2565.644351,2565.644351,2565.644351
7/12/1993,631.145483,688.9164247,698.9870307,706.2987176,706.538624,698.9870307,1796.54061,2844.639311,2055.173365,1815.800891,2231.508094,2055.173365,1872.9768,2053.86147,2055.173365,1937.456824,2079.211522,2055.173365,373.8892758,371.9925471,0.001001968,0.001005531,0.001008742,0.001011081,797.2853046,797.2853046,797.2853046,2450.774108,2450.774108,2450.774108,2450.774108,2450.774108
7/13/1993,628.6496288,704.9107809,694.5354047,689.3392902,688.9164247,694.5354047,1755.554181,2219.839066,2005.369955,1762.042443,2844.639311,2005.369955,1812.026767,2231.508094,2005.369955,1864.825744,2053.86147,2005.369955,364.2518087,362.4120575,0.001001968,0.001005531,0.001008742,0.001011081,770.5573979,770.5573979,770.5573979,2373.503916,2373.503916,2373.503916,2373.503916,2373.503916
7/14/1993,626.7575658,716.2062335,694.7853845,703.9951564,704.9107809,694.7853845,1777.817239,1988.896082,2034.100432,1799.364453,2219.839066,2034.100432,1840.393195,2844.639311,2034.100432,1847.601122,2231.508094,2034.100432,375.3586354,373.453201,0.001001968,0.001005531,0.001008742,0.001011081,751.9512851,751.9512851,751.9512851,2281.461685,2281.461685,2281.461685,2281.461685,2281.461685
7/15/1993,634.6516412,667.6176044,707.6888153,717.0550658,716.2062335,707.6888153,2038.064263,2375.475633,2340.715821,2060.426666,1988.896082,2340.715821,2122.948653,2219.839066,2340.715821,2037.806291,2844.639311,2340.715821,400.3286459,398.274534,0.001001968,0.001005531,0.001008742,0.001011081,740.0187057,740.0187057,740.0187057,2195.11376,2195.11376,2195.11376,2195.11376,2195.11376
7/16/1993,597.4418532,620.320384,662.4474112,668.895929,667.6176044,662.4474112,2426.096247,2676.079792,2802.185697,2429.310684,2375.475633,2802.185697,2461.891741,1988.896082,2802.185697,2649.882403,2219.839066,2802.185697,360.825111,359.0055666,0.001001968,0.001005531,0.001008742,0.001011081,723.0479853,723.0479853,723.0479853,2261.023776,2261.023776,2261.023776,2261.023776,2261.023776
7/17/1993,554.7979894,601.1439804,614.4218708,620.6597777,620.320384,614.4218708,1750.396902,2712.905339,2004.36839,1764.100333,2676.079792,2004.36839,1820.206379,2375.475633,2004.36839,1889.403997,1988.896082,2004.36839,335.3055495,333.6356002,0.001001968,0.001005531,0.001008742,0.001011081,702.8560418,702.8560418,702.8560418,2252.285996,2252.285996,2252.285996,2252.285996,2252.285996
7/18/1993,537.7618728,585.7080148,595.675214,601.4353105,601.1439804,595.675214,1656.940682,2078.12295,1894.633731,1670.805795,2712.905339,1894.633731,1716.491139,2676.079792,1894.633731,1772.690749,2375.475633,1894.633731,327.2024305,325.5796411,0.001001968,0.001005531,0.001008742,0.001011081,682.9163242,682.9163242,682.9163242,2217.148531,2217.148531,2217.148531,2217.148531,2217.148531
7/19/1993,521.3471383,588.9210647,577.3029079,582.5752698,585.7080148,577.3029079,2017.132098,1915.198929,2320.09289,2022.171581,2078.12295,2320.09289,2056.126373,2712.905339,2320.09289,2098.301864,2676.079792,2320.09289,317.7256608,316.1578084,0.001001968,0.001005531,0.001008742,0.001011081,664.6063896,664.6063896,664.6063896,2251.407235,2251.407235,2251.407235,2251.407235,2251.407235
7/20/1993,540.9504691,621.6182278,596.6358752,589.9194696,588.9210647,596.6358752,2368.570368,1849.551056,2727.171237,2357.483991,1915.198929,2727.171237,2370.24228,2078.12295,2727.171237,2369.965838,2712.905339,2727.171237,314.2230703,312.675462,0.001001968,0.001005531,0.001008742,0.001011081,648.2576557,648.2576557,648.2576557,2345.01962,2345.01962,2345.01962,2345.01962,2345.01962
7/21/1993,629.9943366,721.5733563,690.1148713,624.3052399,621.6182278,690.1148713,2465.209665,1835.758302,2831.821471,2394.5684,1849.551056,2831.821471,2402.789121,1915.198929,2831.821471,2448.718353,2078.12295,2831.821471,337.24602,335.5647523,0.001001968,0.001005531,0.001008742,0.001011081,635.7066161,635.7066161,635.7066161,2444.999041,2444.999041,2444.999041,2444.999041,2444.999041
7/22/1993,627.2463103,587.310157,698.8212816,721.9724841,721.5733563,698.8212816,1873.926844,1763.449793,2152.161967,1908.587699,1835.758302,2152.161967,1913.768106,1849.551056,2152.161967,1881.844825,1915.198929,2152.161967,396.423924,394.3931514,0.001001968,0.001005531,0.001008742,0.001011081,628.7010851,628.7010851,628.7010851,2418.863743,2418.863743,2418.863743,2418.863743,2418.863743
7/23/1993,510.7476914,537.1589266,561.1841933,587.58222,587.310157,561.1841933,1621.560593,1676.217525,1844.465751,1653.402864,1763.449793,1844.465751,1710.013948,1835.758302,1844.465751,1806.675263,1849.551056,1844.465751,290.9654312,289.5513832,0.001001968,0.001005531,0.001008742,0.001011081,620.0129791,620.0129791,620.0129791,2292.288181,2292.288181,2292.288181,2292.288181,2292.288181
7/24/1993,480.2250454,526.9198596,526.5802735,537.4269122,537.1589266,526.5802735,1481.113945,1720.457472,1679.093168,1497.679552,1676.217525,1679.093168,1553.709935,1763.449793,1679.093168,1628.577329,1835.758302,1679.093168,270.2971149,269.0004308,0.001001968,0.001005531,0.001008742,0.001011081,609.2399893,609.2399893,609.2399893,2249.194125,2249.194125,2249.194125,2249.194125,2249.194125
7/25/1993,472.4339102,511.4503325,519.3834907,527.1838765,526.9198596,519.3834907,1519.606347,1817.847079,1729.547635,1532.321821,1720.457472,1729.547635,1572.034932,1676.217525,1729.547635,1621.916374,1763.449793,1729.547635,273.6857773,272.3699406,0.001001968,0.001005531,0.001008742,0.001011081,599.0074858,599.0074858,599.0074858,2223.52124,2223.52124,2223.52124,2223.52124,2223.52124
7/26/1993,458.195138,480.8210602,503.9754543,510.9181361,511.4503325,503.9754543,1486.279185,1877.31228,1691.037223,1497.817873,1817.847079,1691.037223,1533.425121,1720.457472,1691.037223,1579.371189,1676.217525,1691.037223,267.9422379,266.6588422,0.001001968,0.001005531,0.001008742,0.001011081,588.9396377,588.9396377,588.9396377,2132.054902,2132.054902,2132.054902,2132.054902,2132.054902
7/27/1993,437.7940323,488.8322498,478.975437,481.1241939,480.8210602,478.975437,1422.119434,1582.861557,1612.217499,1428.097449,1877.31228,1612.217499,1456.575075,1817.847079,1612.217499,1505.590046,1720.457472,1612.217499,243.7169348,242.5691877,0.001001968,0.001005531,0.001008742,0.001011081,575.3280295,575.3280295,575.3280295,1983.481992,1983.481992,1983.481992,1983.481992,1983.481992
7/28/1993,469.6413437,538.499777,512.9985561,489.6867786,488.8322498,512.9985561,1501.135508,1597.992697,1705.234092,1481.16406,1582.861557,1705.234092,1506.672246,1877.31228,1705.234092,1532.6658,1817.847079,1705.234092,255.3699577,254.1572043,0.001001968,0.001005531,0.001008742,0.001011081,558.236064,558.236064,558.236064,1834.461067,1834.461067,1834.461067,1834.461067,1834.461067
7/29/1993,484.3471342,495.6926445,533.7441292,538.8549387,538.499777,533.7441292,1628.001268,1589.599244,1861.184576,1637.018048,1597.992697,1861.184576,1646.050625,1582.861557,1861.184576,1633.337038,1877.31228,1861.184576,287.2860894,285.8930285,0.001001968,0.001005531,0.001008742,0.001011081,535.3695426,535.3695426,535.3695426,1791.783637,1791.783637,1791.783637,1791.783637,1791.783637
7/30/1993,438.9002276,442.5888704,481.1105756,495.1796666,495.6926445,481.1105756,1627.340493,1480.68596,1858.166687,1640.877285,1589.599244,1858.166687,1664.661865,1597.992697,1858.166687,1724.953787,1582.861557,1858.166687,250.2941886,249.1098073,0.001001968,0.001005531,0.001008742,0.001011081,519.0323324,519.0323324,519.0323324,1782.904122,1782.904122,1782.904122,1782.904122,1782.904122
7/31/1993,414.851498,492.1198593,449.5276564,442.9416114,442.5888704,449.5276564,1327.139229,1500.310614,1495.129625,1322.376039,1480.68596,1495.129625,1351.555927,1589.599244,1495.129625,1416.180183,1597.992697,1495.129625,210.10219,209.1392153,0.001001968,0.001005531,0.001008742,0.001011081,503.2338334,503.2338334,503.2338334,1746.577066,1746.577066,1746.577066,1746.577066,1746.577066
8/1/1993,461.427117,503.4907335,504.0592101,492.9471294,492.1198593,504.0592101,1408.915408,1528.116261,1598.971049,1402.083496,1500.310614,1598.971049,1418.035507,1480.68596,1598.971049,1407.60407,1589.599244,1598.971049,252.4269636,251.2306713,0.001001968,0.001005531,0.001008742,0.001011081,495.3429303,495.3429303,495.3429303,1719.237846,1719.237846,1719.237846,1719.237846,1719.237846
8/2/1993,442.0400852,415.7181131,486.1995654,501.3630276,503.4907335,486.1995654,1422.436707,1523.435312,1620.186781,1441.754852,1528.116261,1620.186781,1466.067784,1500.310614,1620.186781,1470.403903,1480.68596,1620.186781,261.2685767,260.0227438,0.001001968,0.001005531,0.001008742,0.001011081,492.402159,492.402159,492.402159,1700.623436,1700.623436,1700.623436,1700.623436,1700.623436
8/3/1993,379.1699043,425.2033876,409.9478144,416.3631223,415.7181131,409.9478144,1244.708366,1650.502074,1401.335654,1252.057568,1523.435312,1401.335654,1281.533372,1528.116261,1401.335654,1369.588755,1500.310614,1401.335654,189.8667973,189.012882,0.001001968,0.001005531,0.001008742,0.001011081,484.5364068,484.5364068,484.5364068,1678.056972,1678.056972,1678.056972,1678.056972,1678.056972
8/4/1993,398.4239802,467.8246508,432.6963785,427.2124888,425.2033876,432.6963785,1262.550194,1853.823345,1426.663267,1259.307224,1650.502074,1426.663267,1284.562193,1523.435312,1426.663267,1300.685786,1528.116261,1426.663267,209.0711477,208.1137714,0.001001968,0.001005531,0.001008742,0.001011081,476.3296115,476.3296115,476.3296115,1646.964072,1646.964072,1646.964072,1646.964072,1646.964072
8/5/1993,423.653417,433.0723364,465.6730035,468.1414551,467.8246508,465.6730035,1366.281483,1867.177561,1556.721242,1372.443261,1853.823345,1556.721242,1394.584835,1650.502074,1556.721242,1383.754072,1523.435312,1556.721242,250.7592358,249.5722587,0.001001968,0.001005531,0.001008742,0.001011081,468.6093656,468.6093656,468.6093656,1603.442669,1603.442669,1603.442669,1603.442669,1603.442669
8/6/1993,379.7404889,400.6249351,415.5076187,430.6702098,433.0723364,415.5076187,1322.023735,1613.156022,1501.780613,1338.356009,1867.177561,1501.780613,1359.850658,1853.823345,1501.780613,1410.084234,1650.502074,1501.780613,217.9933702,216.9874062,0.001001968,0.001005531,0.001008742,0.001011081,459.119541,459.119541,459.119541,1549.942654,1549.942654,1549.942654,1549.942654,1549.942654
8/7/1993,354.881066,366.3068808,385.5622006,390.8160807,400.6249351,385.5622006,1403.128151,1744.166393,1592.811435,1406.41408,1613.156022,1592.811435,1431.888624,1867.177561,1592.811435,1464.517201,1853.823345,1592.811435,190.1160971,189.2608489,0.001001968,0.001005531,0.001008742,0.001011081,451.859601,451.859601,451.859601,1558.265195,1558.265195,1558.265195,1558.265195,1558.265195
8/8/1993,354.1796343,424.5396168,379.4530367,370.3643728,366.3068808,379.4530367,1630.017982,2314.660904,1850.117962,1613.953439,1744.166393,1850.117962,1613.98012,1613.156022,1850.117962,1656.884484,1867.177561,1850.117962,157.6868618,157.0025018,0.001001968,0.001005531,0.001008742,0.001011081,435.2040613,435.2040613,435.2040613,1597.722222,1597.722222,1597.722222,1597.722222,1597.722222
8/9/1993,433.262848,503.0096526,468.9134316,432.3500182,424.5396168,468.9134316,1671.770808,2649.215003,1902.905262,1630.918696,2314.660904,1902.905262,1632.386453,1744.166393,1902.905262,1640.795284,1613.156022,1902.905262,215.5025725,214.5102045,0.001001968,0.001005531,0.001008742,0.001011081,424.3347042,424.3347042,424.3347042,1638.01621,1638.01621,1638.01621,1638.01621,1638.01621
8/10/1993,441.2314629,410.7894667,486.9621248,503.5667444,503.0096526,486.9621248,1479.337096,1815.610261,1688.686793,1499.204134,2649.215003,1688.686793,1500.321067,2314.660904,1688.686793,1467.190928,1744.166393,1688.686793,270.7509356,269.4516886,0.001001968,0.001005531,0.001008742,0.001011081,431.0962716,431.0962716,431.0962716,1655.538303,1655.538303,1655.538303,1655.538303,1655.538303
8/11/1993,363.5868794,448.9972694,393.2976121,399.2086247,410.7894667,393.2976121,1583.396003,1770.859422,1800.310181,1587.185313,1815.610261,1800.310181,1619.932939,2649.215003,1800.310181,1616.7615,2314.660904,1800.310181,186.1447613,185.3107114,0.001001968,0.001005531,0.001008742,0.001011081,428.6837949,428.6837949,428.6837949,1697.716852,1697.716852,1697.716852,1697.716852,1697.716852
8/12/1993,442.2417962,583.6551182,475.6109463,440.1244722,448.9972694,475.6109463,2261.081281,1773.372899,2587.564893,2224.163773,1770.859422,2587.564893,2235.06291,1815.610261,2587.564893,2076.101661,2649.215003,2587.564893,202.2621949,201.3416805,0.001001968,0.001005531,0.001008742,0.001011081,423.0414674,423.0414674,423.0414674,1821.413676,1821.413676,1821.413676,1821.413676,1821.413676
8/13/1993,489.2192548,399.6453077,537.9340878,575.5114614,583.6551182,537.9340878,2352.534753,5127.114569,2713.447226,2379.366109,1773.372899,2713.447226,2339.488248,1770.859422,2713.447226,2528.048518,1815.610261,2713.447226,280.3682001,279.01449,0.001001968,0.001005531,0.001008742,0.001011081,436.2328282,436.2328282,436.2328282,1987.561686,1987.561686,1987.561686,1987.561686,1987.561686
8/14/1993,362.1058096,353.9526631,390.6030428,410.6672507,399.6453077,390.6030428,1366.002094,7619.521625,1538.377505,1384.993294,5127.114569,1538.377505,1459.22629,1773.372899,1538.377505,1538.423949,1770.859422,1538.377505,172.7195524,171.9566197,0.001001968,0.001005531,0.001008742,0.001011081,446.2731394,446.2731394,446.2731394,2020.040401,2020.040401,2020.040401,2020.040401,2020.040401
8/15/1993,336.5987862,411.2107413,363.8161821,369.3203435,353.9526631,363.8161821,1399.623456,3571.547163,1585.641858,1401.659137,7619.521625,1585.641858,1434.703298,5127.114569,1585.641858,1541.322117,1773.372899,1585.641858,169.0138882,168.2704317,0.001001968,0.001005531,0.001008742,0.001011081,450.1594361,450.1594361,450.1594361,2003.96061,2003.96061,2003.96061,2003.96061,2003.96061
8/16/1993,317.4811339,654.9500296,344.3770112,348.1608926,411.2107413,344.3770112,1435.669408,2480.927074,1631.425574,1434.258762,3571.547163,1631.425574,1446.922057,7619.521625,1631.425574,1510.786595,5127.114569,1631.425574,170.6252733,169.8733561,0.001001968,0.001005531,0.001008742,0.001011081,440.3170009,440.3170009,440.3170009,1973.763397,1973.763397,1973.763397,1973.763397,1973.763397
8/17/1993,656.472874,880.753901,715.2696742,637.3912931,654.9500296,715.2696742,5191.93476,2269.349369,6059.391514,5082.343638,2480.927074,6059.391514,5007.547287,3571.547163,6059.391514,4437.379992,7619.521625,6059.391514,315.1490318,313.5960749,0.001001968,0.001005531,0.001008742,0.001011081,451.3206639,451.3206639,451.3206639,2489.77522,2489.77522,2489.77522,2489.77522,2489.77522
8/18/1993,840.7155319,517.6458518,923.5085019,926.3330678,880.753901,923.5085019,6924.73688,1960.438094,8173.226295,6841.127761,2269.349369,8173.226295,6605.448854,2480.927074,8173.226295,6983.051311,3571.547163,8173.226295,423.9587016,421.7626661,0.001001968,0.001005531,0.001008742,0.001011081,500.7644533,500.7644533,500.7644533,3353.128024,3353.128024,3353.128024,3353.128024,3353.128024
8/19/1993,453.8113696,371.5682088,491.3049428,540.67203,517.6458518,491.3049428,2637.282594,1707.229315,3035.209717,2666.614685,1960.438094,3035.209717,2788.379244,2269.349369,3035.209717,2957.553405,2480.927074,3035.209717,216.5328188,215.5348302,0.001001968,0.001005531,0.001008742,0.001011081,535.7910545,535.7910545,535.7910545,3550.741856,3550.741856,3550.741856,3550.741856,3550.741856
8/20/1993,328.566332,339.5101443,353.2418006,372.4855052,371.5682088,353.2418006,1790.130977,1639.285841,2038.235182,1798.045898,1707.229315,2038.235182,1877.618356,1960.438094,2038.235182,2135.078646,2269.349369,2038.235182,154.5844188,153.9161263,0.001001968,0.001005531,0.001008742,0.001011081,525.5302438,525.5302438,525.5302438,3516.146477,3516.146477,3516.146477,3516.146477,3516.146477
8/21/1993,366.7209269,463.8939878,389.5999366,339.5921829,339.5101443,389.5999366,1739.833833,1636.778661,1971.114863,1679.349594,1639.285841,1971.114863,1698.644058,1707.229315,1971.114863,1831.567495,1960.438094,1971.114863,145.0457685,144.4265392,0.001001968,0.001005531,0.001008742,0.001011081,509.368898,509.368898,509.368898,3536.094021,3536.094021,3536.094021,3536.094021,3536.094021
8/22/1993,394.5124688,359.0899706,431.1626736,463.986059,463.8939878,431.1626736,1678.019141,1862.872642,1914.420129,1707.482166,1636.778661,1914.420129,1670.400115,1639.285841,1914.420129,1657.816977,1707.229315,1914.420129,220.6915338,219.6708145,0.001001968,0.001005531,0.001008742,0.001011081,512.154735,512.154735,512.154735,3550.211357,3550.211357,3550.211357,3550.211357,3550.211357
8/23/1993,311.5514564,358.6839912,335.8037256,359.2002097,359.0899706,335.8037256,1465.002427,1694.791934,1659.675055,1482.272736,1862.872642,1659.675055,1521.932076,1636.778661,1659.675055,1572.197392,1639.285841,1659.675055,153.5644845,152.9014626,0.001001968,0.001005531,0.001008742,0.001011081,517.9678091,517.9678091,517.9678091,3560.103463,3560.103463,3560.103463,3560.103463,3560.103463
8/24/1993,290.117637,379.2601763,311.9032044,319.8621401,358.6839912,311.9032044,1348.105716,1613.654632,1521.926614,1350.586116,1694.791934,1521.926614,1378.160045,1862.872642,1521.926614,1455.242917,1636.778661,1521.926614,139.9437104,139.3505068,0.001001968,0.001005531,0.001008742,0.001011081,487.8022125,487.8022125,487.8022125,3048.578508,3048.578508,3048.578508,3048.578508,3048.578508
8/25/1993,441.8194457,565.1359893,469.6773428,390.029555,379.2601763,469.6773428,1525.444362,1546.467364,1713.167129,1443.755187,1613.654632,1713.167129,1442.415788,1694.791934,1713.167129,1422.537565,1862.872642,1713.167129,163.5701679,162.8551964,0.001001968,0.001005531,0.001008742,0.001011081,433.3150248,433.3150248,433.3150248,2161.138059,2161.138059,2161.138059,2161.138059,2161.138059
8/26/1993,504.3585216,370.8684929,554.6156543,589.5734093,565.1359893,554.6156543,1796.295037,1607.33286,2058.720155,1833.126115,1546.467364,2058.720155,1767.327508,1613.654632,2058.720155,1692.370226,1694.791934,2058.720155,285.1404597,283.7596192,0.001001968,0.001005531,0.001008742,0.001011081,408.8929666,408.8929666,408.8929666,1892.892944,1892.892944,1892.892944,1892.892944,1892.892944
8/27/1993,312.3205514,300.2074904,337.2832143,372.1046585,370.8684929,337.2832143,1435.554369,1424.519822,1628.714336,1464.377561,1607.33286,1628.714336,1532.706597,1546.467364,1628.714336,1624.471092,1613.654632,1628.714336,158.0254786,157.3393617,0.001001968,0.001005531,0.001008742,0.001011081,406.2914113,406.2914113,406.2914113,1795.078994,1795.078994,1795.078994,1795.078994,1795.078994
8/28/1993,269.6365987,300.0142307,288.9100797,300.3305987,300.2074904,288.9100797,1238.185675,1356.657415,1394.245245,1244.184201,1424.519822,1394.245245,1283.892593,1607.33286,1394.245245,1402.805273,1546.467364,1394.245245,126.3119028,125.7874415,0.001001968,0.001005531,0.001008742,0.001011081,402.9695795,402.9695795,402.9695795,1736.28385,1736.28385,1736.28385,1736.28385,1736.28385
8/29/1993,274.8895548,303.5196599,296.0400498,300.1755024,300.0142307,296.0400498,1266.871924,1322.568788,1431.105297,1267.249551,1356.657415,1431.105297,1283.145318,1424.519822,1431.105297,1302.170088,1607.33286,1431.105297,137.1811315,136.6019542,0.001001968,0.001005531,0.001008742,0.001011081,388.0659166,388.0659166,388.0659166,1679.968225,1679.968225,1679.968225,1679.968225,1679.968225
8/30/1993,278.3917506,281.7707142,300.6951605,303.7159819,303.5196599,300.6951605,1382.192857,1196.844143,1570.373311,1378.387035,1322.568788,1570.373311,1381.968228,1356.657415,1570.373311,1434.844944,1424.519822,1570.373311,143.7937184,143.1808902,0.001001968,0.001005531,0.001008742,0.001011081,375.2616518,375.2616518,375.2616518,1656.818242,1656.818242,1656.818242,1656.818242,1656.818242
8/31/1993,259.0873263,264.6522013,279.045603,281.8738242,281.7707142,279.045603,1207.508653,1582.759517,1361.611937,1205.383887,1196.844143,1361.611937,1216.07958,1322.568788,1361.611937,1255.071376,1356.657415,1361.611937,130.8745392,130.3272027,0.001001968,0.001005531,0.001008742,0.001011081,367.4236936,367.4236936,367.4236936,1622.962355,1622.962355,1622.962355,1622.962355,1622.962355
9/1/1993,246.8117649,278.8873722,264.6709519,264.9153319,264.6522013,264.6709519,1158.522976,3575.131609,1306.034367,1153.510828,1582.759517,1306.034367,1159.141248,1196.844143,1306.034367,1201.655022,1322.568788,1306.034367,118.9428488,118.455034,0.001001968,0.001005531,0.001008742,0.001011081,351.2790333,351.2790333,351.2790333,1584.337363,1584.337363,1584.337363,1584.337363,1584.337363
9/2/1993,248.6916981,241.689005,267.3685672,267.9394673,278.8873722,267.3685672,1147.296403,2900.375244,1294.323764,1143.134734,3575.131609,1294.323764,1146.675853,1582.759517,1294.323764,1165.069552,1196.844143,1294.323764,123.9102863,123.3978097,0.001001968,0.001005531,0.001008742,0.001011081,318.1692383,318.1692383,318.1692383,1503.862562,1503.862562,1503.862562,1503.862562,1503.862562
9/3/1993,217.9954827,1090.404429,224.2335458,205.9168108,241.689005,224.2335458,1054.873032,2782.68657,1170.55421,1029.257585,2900.375244,1170.55421,1012.782734,3575.131609,1170.55421,1080.169939,1582.759517,1170.55421,42.72951835,42.5918237,0.001001968,0.001005531,0.001008742,0.001011081,283.9959182,283.9959182,283.9959182,1425.920872,1425.920872,1425.920872,1425.920872,1425.920872
9/4/1993,1192.653475,1837.057296,1304.014208,1104.011649,1090.404429,1304.014208,2483.506412,2853.370197,2823.826105,2326.628569,2782.68657,2823.826105,2038.696162,2900.375244,2823.826105,1355.06448,3575.131609,2823.826105,525.099341,522.2838519,0.001001968,0.001005531,0.001008742,0.001011081,339.5514232,339.5514232,339.5514232,1437.782282,1437.782282,1437.782282,1437.782282,1437.782282
9/5/1993,1786.745884,1295.270346,1997.111092,1864.281977,1837.057296,1997.111092,4654.461241,2809.271845,5432.840689,4560.811135,2853.370197,5432.840689,4385.316815,2782.68657,5432.840689,3749.048878,2900.375244,5432.840689,987.247377,981.4234573,0.001001968,0.001005531,0.001008742,0.001011081,517.1482385,517.1482385,517.1482385,1808.882116,1808.882116,1808.882116,1808.882116,1808.882116
9/6/1993,1053.227099,587.1771568,1174.732312,1299.277114,1295.270346,1174.732312,2742.897159,2511.194258,3177.162068,2890.378046,2809.271845,3177.162068,3142.362603,2853.370197,3177.162068,3319.707442,2782.68657,3177.162068,621.2815756,617.86146,0.001001968,0.001005531,0.001008742,0.001011081,683.0876767,683.0876767,683.0876767,2089.460794,2089.460794,2089.460794,2089.460794,2089.460794
9/7/1993,482.9319617,471.9172405,509.3987692,587.1089963,587.1771568,509.3987692,1499.796206,2979.404247,1673.02552,1575.071315,2511.194258,1673.02552,1825.130495,2809.271845,1673.02552,2495.977243,2853.370197,1673.02552,159.2661769,158.5736176,0.001001968,0.001005531,0.001008742,0.001011081,760.3960698,760.3960698,760.3960698,2296.136125,2296.136125,2296.136125,2296.136125,2296.136125
9/8/1993,415.6072051,472.0452882,435.761063,466.2183417,471.9172405,435.761063,1634.151838,2712.518169,1837.23773,1657.178819,2979.404247,1837.23773,1742.096475,2511.194258,1837.23773,2015.008012,2809.271845,1837.23773,125.0976155,124.5792187,0.001001968,0.001005531,0.001008742,0.001011081,800.8279492,800.8279492,800.8279492,2450.657644,2450.657644,2450.657644,2450.657644,2450.657644
9/9/1993,396.309951,455.2674731,412.1484062,466.3881906,472.0452882,412.1484062,2150.609487,2667.717497,2439.853172,2185.730156,2712.518169,2439.853172,2139.935796,2979.404247,2439.853172,2274.874475,2511.194258,2439.853172,93.04755541,92.68525192,0.001001968,0.001005531,0.001008742,0.001011081,825.164372,825.164372,825.164372,2621.192669,2621.192669,2621.192669,2621.192669,2621.192669
9/10/1993,530.0568385,831.1969531,537.3706606,457.1988406,455.2674731,537.3706606,2424.684166,2377.074445,2712.586363,2330.385086,2667.717497,2712.586363,2254.459053,2712.518169,2712.586363,2145.219615,2979.404247,2712.586363,18.60577833,18.55907018,0.001001968,0.001005531,0.001008742,0.001011081,854.1743968,854.1743968,854.1743968,2814.207075,2814.207075,2814.207075,2814.207075,2814.207075
9/11/1993,1023.262159,1428.506989,1086.870493,837.2110021,831.1969531,1086.870493,3184.059609,2213.914065,3615.524782,2926.281059,2377.074445,3615.524782,2876.972452,2667.717497,3615.524782,2751.858857,2712.518169,3615.524782,337.0109795,335.3310833,0.001001968,0.001005531,0.001008742,0.001011081,861.1095475,861.1095475,861.1095475,3015.173365,3015.173365,3015.173365,3015.173365,3015.173365
9/12/1993,1282.741082,1070.334722,1446.799695,1431.880461,1428.506989,1446.799695,3030.816087,2695.815777,3538.673497,3053.334943,2213.914065,3538.673497,3066.932942,2377.074445,3538.673497,2585.667859,2667.717497,3538.673497,824.8500567,820.1103393,0.001001968,0.001005531,0.001008742,0.001011081,827.3385828,827.3385828,827.3385828,2831.773478,2831.773478,2831.773478,2831.773478,2831.773478
9/13/1993,851.0938809,631.5526176,940.3560856,1070.638044,1070.334722,940.3560856,2426.375997,3619.506715,2795.653699,2567.613111,2695.815777,2795.653699,2635.68002,2213.914065,2795.653699,2926.808951,2377.074445,2795.653699,481.1377419,478.5937542,0.001001968,0.001005531,0.001008742,0.001011081,772.2011616,772.2011616,772.2011616,2728.12447,2728.12447,2728.12447,2728.12447,2728.12447
9/14/1993,524.3651142,517.0053107,554.0863276,631.7307089,631.5526176,554.0863276,1428.07736,3323.231585,1586.688182,1506.378677,3619.506715,1586.688182,1656.172125,2695.815777,1586.688182,1995.556202,2213.914065,1586.688182,180.9560501,180.1495876,0.001001968,0.001005531,0.001008742,0.001011081,763.2031792,763.2031792,763.2031792,2671.055719,2671.055719,2671.055719,2671.055719,2671.055719
9/15/1993,457.3885011,591.1397231,481.0110736,516.3297007,517.0053107,481.0110736,1433.115899,2782.736765,1600.338178,1465.040029,3323.231585,1600.338178,1551.8161,3619.506715,1600.338178,1744.718701,2695.815777,1600.338178,147.9562579,147.3221132,0.001001968,0.001005531,0.001008742,0.001011081,769.682283,769.682283,769.682283,2618.799852,2618.799852,2618.799852,2618.799852,2618.799852
9/16/1993,523.318965,1000.86314,552.4819528,577.26744,591.1397231,552.4819528,2332.494094,2701.328787,2649.047754,2348.072817,2782.736765,2649.047754,2319.047331,3323.231585,2649.047754,2245.048011,3619.506715,2649.047754,173.9086209,173.1394243,0.001001968,0.001005531,0.001008742,0.001011081,784.476834,784.476834,784.476834,2622.859891,2622.859891,2622.859891,2622.859891,2622.859891
9/17/1993,963.9649561,931.9303768,1049.32845,1001.794815,1000.86314,1049.32845,3673.008154,2792.791793,4231.562814,3620.843382,2701.328787,4231.562814,3501.935924,2782.736765,4231.562814,3265.285676,3323.231585,4231.562814,436.5298353,434.2578353,0.001001968,0.001005531,0.001008742,0.001011081,849.8465143,849.8465143,849.8465143,2782.892578,2782.892578,2782.892578,2782.892578,2782.892578
9/18/1993,991.0772638,918.7002181,1066.464194,942.6379466,931.9303768,1066.464194,3295.745324,2834.693388,3766.345757,3166.755292,2792.791793,3766.345757,3209.851697,2701.328787,3766.345757,3228.519921,2782.736765,3766.345757,398.3248806,396.2827498,0.001001968,0.001005531,0.001008742,0.001011081,876.81515,876.81515,876.81515,2847.269145,2847.269145,2847.269145,2847.269145,2847.269145
9/19/1993,829.7150514,927.8334871,901.17424,921.3948488,918.7002181,901.17424,2408.355113,2706.587247,2741.683345,2434.712125,2834.693388,2741.683345,2478.40865,2792.791793,2741.683345,2566.744299,2701.328787,2741.683345,392.313209,390.3069717,0.001001968,0.001005531,0.001008742,0.001011081,820.3572876,820.3572876,820.3572876,2865.585146,2865.585146,2865.585146,2865.585146,2865.585146
9/20/1993,848.7582172,1074.729686,931.4504964,918.9666486,927.8334871,931.4504964,2295.78401,2689.175657,2626.728083,2295.282184,2706.587247,2626.728083,2406.574062,2834.693388,2626.728083,2416.179151,2792.791793,2626.728083,450.3673525,448.0113791,0.001001968,0.001005531,0.001008742,0.001011081,804.9341777,804.9341777,804.9341777,2841.907707,2841.907707,2841.907707,2841.907707,2841.907707
9/21/1993,882.0793019,1204.806929,977.7555054,1061.400692,1074.729686,977.7555054,2462.075156,2475.881257,2836.868623,2562.704421,2689.175657,2836.868623,2547.760913,2706.587247,2836.868623,2561.53396,2834.693388,2836.868623,504.1734946,501.487649,0.001001968,0.001005531,0.001008742,0.001011081,835.6386594,835.6386594,835.6386594,2876.491723,2876.491723,2876.491723,2876.491723,2876.491723
9/22/1993,1193.705459,1264.269419,1313.44987,1216.604558,1204.806929,1313.44987,2755.166937,4507.929602,3161.79848,2686.175971,2475.881257,3161.79848,2721.526002,2689.175657,3161.79848,2597.588875,2706.587247,3161.79848,598.6516794,595.3750419,0.001001968,0.001005531,0.001008742,0.001011081,917.4926882,917.4926882,917.4926882,2991.507625,2991.507625,2991.507625,2991.507625,2991.507625
9/23/1993,1155.043967,853.1790604,1285.389017,1272.785429,1264.269419,1285.389017,2560.715562,9017.158694,2958.542861,2580.012808,4507.929602,2958.542861,2676.13874,2475.881257,2958.542861,2632.696433,2689.175657,2958.542861,664.3135185,660.6186542,0.001001968,0.001005531,0.001008742,0.001011081,1021.125282,1021.125282,1021.125282,3034.135341,3034.135341,3034.135341,3034.135341,3034.135341
9/24/1993,670.9297123,619.1512995,726.169924,853.8573528,853.1790604,726.169924,1970.372202,9799.333411,2238.572851,2102.986037,9017.158694,2238.572851,2187.547255,4507.929602,2238.572851,2561.370654,2475.881257,2238.572851,310.4455894,308.9197765,0.001001968,0.001005531,0.001008742,0.001011081,1028.391452,1028.391452,1028.391452,2896.662426,2896.662426,2896.662426,2896.662426,2896.662426
9/25/1993,564.9332739,2152.678021,586.0002159,540.1509463,619.1512995,586.0002159,1614.277657,9267.180494,1785.76053,1563.334778,9799.333411,1785.76053,1693.946009,9017.158694,1785.76053,1974.792315,4507.929602,1785.76053,128.805557,128.2686107,0.001001968,0.001005531,0.001008742,0.001011081,986.354432,986.354432,986.354432,2734.290348,2734.290348,2734.290348,2734.290348,2734.290348
9/26/1993,2021.798494,2161.160318,2300.824673,2171.034758,2152.678021,2300.824673,5293.559976,6549.436831,6237.250802,5243.172642,9267.180494,6237.250802,5027.395737,9799.333411,6237.250802,3694.619698,9017.158694,6237.250802,1245.080332,1237.489448,0.001001968,0.001005531,0.001008742,0.001011081,1103.638964,1103.638964,1103.638964,2963.891483,2963.891483,2963.891483,2963.891483,2963.891483
9/27/1993,2089.224513,2592.908666,2299.801391,2137.421384,2161.160318,2299.801391,9300.81239,5556.702909,10956.69625,9092.422472,6549.436831,10956.69625,8859.238928,9267.180494,10956.69625,8958.002576,9799.333411,10956.69625,967.3037173,961.6142543,0.001001968,0.001005531,0.001008742,0.001011081,1232.429343,1232.429343,1232.429343,3949.241543,3949.241543,3949.241543,3949.241543,3949.241543
9/28/1993,2320.214092,2021.965886,2619.698749,2627.42938,2592.908666,2619.698749,9292.120637,4859.077525,10987.87657,9313.181213,5556.702909,10987.87657,9362.99509,6549.436831,10987.87657,8599.487888,9267.180494,10987.87657,1333.263001,1325.056812,0.001001968,0.001005531,0.001008742,0.001011081,1453.344104,1453.344104,1453.344104,5095.161356,5095.161356,5095.161356,5095.161356,5095.161356
9/29/1993,2055.317805,2359.390661,2240.620057,2045.949466,2021.965886,2240.620057,8172.599536,4723.993551,9550.44808,7941.432125,4859.077525,9550.44808,8054.717423,5556.702909,9550.44808,8981.778845,6549.436831,9550.44808,871.4289988,866.3808822,0.001001968,0.001005531,0.001008742,0.001011081,1590.205259,1590.205259,1590.205259,6067.684253,6067.684253,6067.684253,6067.684253,6067.684253
9/30/1993,2005.622466,1924.174396,2271.293781,2347.682794,2359.390661,2271.293781,4991.961583,4773.787092,5860.918874,5128.708886,4723.993551,5860.918874,5385.673441,4859.077525,5860.918874,5242.138412,5556.702909,5860.918874,1251.790313,1244.152792,0.001001968,0.001005531,0.001008742,0.001011081,1751.573651,1751.573651,1751.573651,6568.695751,6568.695751,6568.695751,6568.695751,6568.695751
10/1/1993,1571.184569,1646.451498,1743.309614,1931.207502,1924.174396,1743.309614,4389.098225,4139.529762,5089.61092,4605.667792,4773.787092,5089.61092,4717.261816,4723.993551,5089.61092,5286.785816,4859.077525,5089.61092,828.6840581,823.9190388,0.001001968,0.001005531,0.001008742,0.001011081,1897.921313,1897.921313,1897.921313,6942.59041,6942.59041,6942.59041,6942.59041,6942.59041
10/2/1993,1370.985429,1496.25222,1505.064859,1567.172292,1646.451498,1505.064859,3415.077774,4045.631472,3917.138047,3507.003703,4139.529762,3917.138047,3788.031893,4773.787092,3917.138047,4028.17075,4723.993551,3917.138047,660.6715146,656.9999979,0.001001968,0.001005531,0.001008742,0.001011081,2052.776829,2052.776829,2052.776829,7277.949782,7277.949782,7277.949782,7277.949782,7277.949782
10/3/1993,1474.359436,1631.308393,1582.394818,1531.181414,1496.25222,1582.394818,3908.967099,3846.39656,4435.385118,3878.993272,4045.631472,4435.385118,3875.34325,4139.529762,4435.385118,4160.133703,4773.787092,4435.385118,489.2502834,486.6564423,0.001001968,0.001005531,0.001008742,0.001011081,2015.170593,2015.170593,2015.170593,7292.873218,7292.873218,7292.873218,7292.873218,7292.873218
10/4/1993,1659.953099,1874.22805,1781.161579,1652.954439,1631.308393,1781.161579,4180.973596,3505.759079,4750.432037,4069.020046,3846.39656,4750.432037,4054.34303,4045.631472,4750.432037,4097.785451,4139.529762,4750.432037,573.1756773,570.059689,0.001001968,0.001005531,0.001008742,0.001011081,1973.117342,1973.117342,1973.117342,6602.137851,6602.137851,6602.137851,6602.137851,6602.137851
10/5/1993,1684.476525,1549.46924,1870.161211,1878.24702,1874.22805,1870.161211,3809.213434,3187.022144,4406.730164,3862.062794,3505.759079,4406.730164,4073.868683,3846.39656,4406.730164,3779.995559,4045.631472,4406.730164,894.9148523,889.7104241,0.001001968,0.001005531,0.001008742,0.001011081,1890.345635,1890.345635,1890.345635,5668.359753,5668.359753,5668.359753,5668.359753,5668.359753
10/6/1993,1307.645144,1249.69137,1434.823316,1551.343382,1549.46924,1434.823316,3355.317105,2861.455731,3855.297622,3493.876726,3187.022144,3855.297622,3637.858431,3505.759079,3855.297622,4043.436866,3846.39656,3855.297622,636.5153668,632.9982687,0.001001968,0.001005531,0.001008742,0.001011081,1816.793965,1816.793965,1816.793965,4856.860712,4856.860712,4856.860712,4856.860712,4856.860712
10/7/1993,1101.112939,1113.471325,1194.800598,1249.425115,1249.69137,1194.800598,2688.634936,2711.553129,3056.865002,2760.734774,2861.455731,3056.865002,2965.646042,3187.022144,3056.865002,3235.313739,3505.759079,3056.865002,482.8196427,480.2653289,0.001001968,0.001005531,0.001008742,0.001011081,1673.129782,1673.129782,1673.129782,4478.128774,4478.128774,4478.128774,4478.128774,4478.128774
10/8/1993,981.735279,998.2450201,1061.256622,1113.194106,1113.471325,1061.256622,2568.755774,4365.478331,2918.996906,2631.64027,2711.553129,2918.996906,2746.342085,2861.455731,2918.996906,3014.918384,3187.022144,2918.996906,416.5348092,414.383486,0.001001968,0.001005531,0.001008742,0.001011081,1565.811096,1565.811096,1565.811096,4184.11998,4184.11998,4184.11998,4184.11998,4184.11998
10/9/1993,901.1283916,965.5297227,969.521416,995.893845,998.2450201,969.521416,2414.64658,6251.561311,2736.052469,2448.610656,4365.478331,2736.052469,2548.585939,2711.553129,2736.052469,2711.936045,2861.455731,2736.052469,363.5415818,361.706021,0.001001968,0.001005531,0.001008742,0.001011081,1466.515886,1466.515886,1466.515886,3926.356019,3926.356019,3926.356019,3926.356019,3926.356019
10/10/1993,901.0358335,1097.016256,967.6656283,965.9266822,965.5297227,967.6656283,2334.292254,9557.695201,2638.835115,2341.23102,6251.561311,2638.835115,2398.482404,4365.478331,2638.835115,2505.195584,2711.553129,2638.835115,353.0733386,351.2994028,0.001001968,0.001005531,0.001008742,0.001011081,1396.203688,1396.203688,1396.203688,3659.075752,3659.075752,3659.075752,3659.075752,3659.075752
10/11/1993,869.4936018,2643.572282,934.5847709,951.1453779,1097.016256,934.5847709,2278.408112,8113.277968,2577.227511,2302.832599,9557.695201,2577.227511,2347.262389,6251.561311,2577.227511,2413.223235,4365.478331,2577.227511,348.5681441,346.8206488,0.001001968,0.001005531,0.001008742,0.001011081,1307.52801,1307.52801,1307.52801,3363.44191,3363.44191,3363.44191,3363.44191,3363.44191
10/12/1993,1258.11428,3316.488819,1388.245166,1380.873012,2643.572282,1388.245166,4379.884338,6520.186951,5055.059629,4388.395612,8113.277968,5055.059629,4425.264736,9557.695201,5055.059629,3809.724961,6251.561311,5055.059629,606.9078566,603.5789563,0.001001968,0.001005531,0.001008742,0.001011081,1222.500425,1222.500425,1222.500425,3435.022153,3435.022153,3435.022153,3435.022153,3435.022153
10/13/1993,4022.624351,3584.490934,4503.224856,4066.889425,3316.488819,4503.224856,9178.45381,5523.034535,10668.98006,8961.222796,6520.186951,10668.98006,8748.63122,8113.277968,10668.98006,6133.26723,9557.695201,10668.98006,1543.483983,1533.79147,0.001001968,0.001005531,0.001008742,0.001011081,1505.613712,1505.613712,1505.613712,4023.931702,4023.931702,4023.931702,4023.931702,4023.931702
10/14/1993,3680.730336,2586.339159,4121.976005,3936.893484,3584.490934,4121.976005,10433.29372,4538.528147,12283.90573,10329.72236,5523.034535,12283.90573,10120.77228,6520.186951,12283.90573,10899.91806,8113.277968,12283.90573,1739.923633,1728.820066,0.001001968,0.001005531,0.001008742,0.001011081,1808.867782,1808.867782,1808.867782,5016.827928,5016.827928,5016.827928,5016.827928,5016.827928
10/15/1993,2183.352629,1711.21707,2438.985022,2621.002764,2586.339159,2438.985022,5494.936247,4094.106065,6389.752498,5738.768816,4538.528147,6389.752498,6271.052607,5523.034535,6389.752498,6918.865148,6520.186951,6389.752498,1141.431582,1134.557083,0.001001968,0.001005531,0.001008742,0.001011081,2064.767975,2064.767975,2064.767975,5648.451145,5648.451145,5648.451145,5648.451145,5648.451145
10/16/1993,1477.279143,1428.182905,1606.119715,1736.208782,1711.21707,1606.119715,3947.326185,4063.854462,4503.354861,4101.803276,4094.106065,4503.354861,4474.710583,4538.528147,4503.354861,5546.531179,5523.034535,4503.354861,598.9713577,595.6926984,0.001001968,0.001005531,0.001008742,0.001011081,2204.942526,2204.942526,2204.942526,6098.195159,6098.195159,6098.195159,6098.195159,6098.195159
10/17/1993,1235.877221,1362.511637,1341.453545,1413.260576,1428.182905,1341.453545,3316.152924,5564.685309,3771.64626,3407.996429,4063.854462,3771.64626,3669.222308,4094.106065,3771.64626,4175.878317,4538.528147,3771.64626,506.273908,503.5750824,0.001001968,0.001005531,0.001008742,0.001011081,2294.69596,2294.69596,2294.69596,6383.262311,6383.262311,6383.262311,6383.262311,6383.262311
10/18/1993,1257.829981,1661.786974,1367.297215,1377.957045,1362.511637,1367.297215,3357.085481,7207.834769,3823.075525,3389.583443,5564.685309,3823.075525,3511.609926,4063.854462,3823.075525,3746.851361,4094.106065,3823.075525,519.1771846,516.3984588,0.001001968,0.001005531,0.001008742,0.001011081,2363.393183,2363.393183,2363.393183,6576.17319,6576.17319,6576.17319,6576.17319,6576.17319
10/19/1993,1248.813719,2395.640215,1361.741713,1368.725229,1661.786974,1361.741713,3329.46669,6780.477315,3800.617207,3357.605944,7207.834769,3800.617207,3440.171579,5564.685309,3800.617207,3566.266305,4063.854462,3800.617207,545.1369479,542.1966516,0.001001968,0.001005531,0.001008742,0.001011081,2368.056975,2368.056975,2368.056975,6450.582715,6450.582715,6450.582715,6450.582715,6450.582715
10/20/1993,2046.673288,3289.764811,2263.155406,2190.390032,2395.640215,2263.155406,4423.95753,6509.242956,5068.427032,4433.679797,6780.477315,5068.427032,4382.831059,7207.834769,5068.427032,3672.773776,5564.685309,5068.427032,879.6475791,874.5448238,0.001001968,0.001005531,0.001008742,0.001011081,2140.151371,2140.151371,2140.151371,5911.449352,5911.449352,5911.449352,5911.449352,5911.449352
10/21/1993,3266.162632,3226.571296,3665.476664,3462.944291,3289.764811,3665.476664,6968.042491,5857.047649,8110.605861,6909.366698,6509.242956,8110.605861,6788.922924,6780.477315,8110.605861,5714.728872,7207.834769,8110.605861,1556.130315,1546.347575,0.001001968,0.001005531,0.001008742,0.001011081,2077.811994,2077.811994,2077.811994,5307.587052,5307.587052,5307.587052,5307.587052,5307.587052
10/22/1993,3040.161666,2687.767729,3405.147914,3357.343326,3226.571296,3405.147914,7416.821408,4927.992833,8655.421919,7469.434889,5857.047649,8655.421919,7569.377445,6509.242956,8655.421919,7547.730798,6780.477315,8655.421919,1495.267384,1485.918061,0.001001968,0.001005531,0.001008742,0.001011081,2114.03981,2114.03981,2114.03981,5340.651217,5340.651217,5340.651217,5340.651217,5340.651217
10/23/1993,2471.133699,2546.246044,2754.75542,2725.010008,2687.767729,2754.75542,5443.638304,4348.310193,6306.683262,5496.81728,4927.992833,6306.683262,5931.973769,5857.047649,6306.683262,6375.103102,6509.242956,6306.683262,1233.169999,1225.66182,0.001001968,0.001005531,0.001008742,0.001011081,2245.373577,2245.373577,2245.373577,5461.705625,5461.705625,5461.705625,5461.705625,5461.705625
10/24/1993,2202.204757,2007.93927,2486.867867,2557.38707,2546.246044,2486.867867,4804.797558,4003.477588,5609.417816,4959.998885,4348.310193,5609.417816,5342.159397,4927.992833,5609.417816,5685.438897,5857.047649,5609.417816,1271.671696,1263.895811,0.001001968,0.001005531,0.001008742,0.001011081,2403.606088,2403.606088,2403.606088,5662.401384,5662.401384,5662.401384,5662.401384,5662.401384
10/25/1993,1707.757025,1656.956199,1899.357037,2014.313742,2007.93927,1899.357037,4087.538902,3770.545159,4719.083859,4253.315193,4003.477588,4719.083859,4517.457441,4348.310193,4719.083859,5180.848223,4927.992833,4719.083859,877.1524719,872.0663114,0.001001968,0.001005531,0.001008742,0.001011081,2504.743275,2504.743275,2504.743275,5856.81274,5856.81274,5856.81274,5856.81274,5856.81274
10/26/1993,1477.332621,1593.764026,1624.122147,1660.576797,1656.956199,1624.122147,3307.126108,4068.668736,3774.268599,3386.789815,3770.545159,3774.268599,3637.340593,4003.477588,3774.268599,4036.788694,4348.310193,3774.268599,682.1607932,678.3512723,0.001001968,0.001005531,0.001008742,0.001011081,2565.257033,2565.257033,2565.257033,5965.562088,5965.562088,5965.562088,5965.562088,5965.562088
10/27/1993,1414.057148,1547.686198,1558.970613,1590.865959,1593.764026,1558.970613,3252.459697,4771.829467,3721.183171,3325.346272,4068.668736,3721.183171,3486.0646,3770.545159,3721.183171,3700.674196,4003.477588,3721.183171,679.3425756,675.5511866,0.001001968,0.001005531,0.001008742,0.001011081,2515.670653,2515.670653,2515.670653,5921.187337,5921.187337,5921.187337,5921.187337,5921.187337
10/28/1993,1414.218836,1566.061458,1559.078084,1551.265915,1547.686198,1559.078084,3271.459209,6690.3689,3742.850162,3304.252423,4771.829467,3742.850162,3446.377559,4068.668736,3742.850162,3538.946071,3770.545159,3742.850162,681.1664033,677.3632813,0.001001968,0.001005531,0.001008742,0.001011081,2303.733097,2303.733097,2303.733097,5546.968774,5546.968774,5546.968774,5546.968774,5546.968774
10/29/1993,1404.371222,2047.381641,1555.097317,1566.021857,1566.061458,1555.097317,3189.165665,8219.771247,3658.951481,3243.055099,6690.3689,3658.951481,3361.972227,4771.829467,3658.951481,3438.475158,4068.668736,3658.951481,712.944438,708.936224,0.001001968,0.001005531,0.001008742,0.001011081,2068.245209,2068.245209,2068.245209,4937.313552,4937.313552,4937.313552,4937.313552,4937.313552
10/30/1993,1392.822752,2323.587532,1550.655857,1552.387539,2047.381641,1550.655857,3487.966898,7475.780211,4022.67311,3528.879611,8219.771247,4022.67311,3685.812407,6690.3689,4022.67311,3691.613199,4771.829467,4022.67311,750.0237218,745.7746797,0.001001968,0.001005531,0.001008742,0.001011081,1874.244249,1874.244249,1874.244249,4518.147131,4518.147131,4518.147131,4518.147131,4518.147131
10/31/1993,2515.73375,3864.640583,2732.433383,2404.65291,2323.587532,2732.433383,5602.825506,7285.771582,6346.350948,5366.299018,7475.780211,6346.350948,5141.165181,8219.771247,6346.350948,4424.44587,6690.3689,6346.350948,769.5500415,765.1735439,0.001001968,0.001005531,0.001008742,0.001011081,1782.505568,1782.505568,1782.505568,4417.826564,4417.826564,4417.826564,4417.826564,4417.826564
11/1/1993,4282.748565,4620.358135,4709.421008,4048.711613,3864.640583,4709.421008,9021.340337,6321.77287,10376.08818,8512.062514,7285.771582,10376.08818,7954.857522,7475.780211,10376.08818,6720.181234,8219.771247,10376.08818,1645.889759,1635.464148,0.001001968,0.001005531,0.001008742,0.001011081,1935.510391,1935.510391,1935.510391,4761.377506,4761.377506,4761.377506,4761.377506,4761.377506
11/2/1993,4166.915816,3560.216508,4665.359919,4693.503663,4620.358135,4665.359919,9132.842744,4016.725092,10685.52099,9297.269377,6321.77287,10685.52099,9249.746383,7285.771582,10685.52099,8597.61304,7475.780211,10685.52099,2071.872761,2058.342765,0.001001968,0.001005531,0.001008742,0.001011081,2288.642484,2288.642484,2288.642484,5414.585883,5414.585883,5414.585883,5414.585883,5414.585883
11/3/1993,3016.491831,2648.185067,3361.768025,3568.514904,3560.216508,3361.768025,6245.205023,4806.515598,7235.596276,6554.975225,4016.725092,7235.596276,7298.051742,6321.77287,7235.596276,7653.946529,7285.771582,7235.596276,1507.079225,1497.645951,0.001001968,0.001005531,0.001008742,0.001011081,2629.69365,2629.69365,2629.69365,6024.491966,6024.491966,6024.491966,6024.491966,6024.491966
11/4/1993,2212.266254,1816.142039,2406.563631,2612.887695,2648.185067,2406.563631,4677.345864,6150.261076,5307.900631,4941.453539,4806.515598,5307.900631,5375.348659,4016.725092,5307.900631,6618.350998,6321.77287,5307.900631,866.6490351,861.6326662,0.001001968,0.001005531,0.001008742,0.001011081,2818.51454,2818.51454,2818.51454,6492.240268,6492.240268,6492.240268,6492.240268,6492.240268
11/5/1993,1456.3723,1464.829614,1503.579898,1672.000793,1816.142039,1503.579898,3400.893553,5813.040713,3718.754959,3580.687311,6150.261076,3718.754959,3837.465686,4806.515598,3718.754959,4873.694432,4016.725092,3718.754959,152.9647318,152.3048066,0.001001968,0.001005531,0.001008742,0.001011081,2869.078087,2869.078087,2869.078087,6756.73667,6756.73667,6756.73667,6756.73667,6756.73667
11/6/1993,2049.864261,3856.578152,2086.732735,1515.551386,1464.829614,2086.732735,3103.339544,5945.921747,3230.430587,2566.286411,5813.040713,3230.430587,2711.562207,6150.261076,3230.430587,2975.38878,4806.515598,3230.430587,0.001000564,0.001006515,0.001001968,0.001005531,0.001008742,0.001011081,2877.501143,2877.501143,2877.501143,6704.448517,6704.448517,6704.448517,6704.448517,6704.448517
11/7/1993,4255.783651,5139.249463,4707.237419,3913.928284,3856.578152,4707.237419,6561.991431,6157.151752,7547.168903,5931.403349,5945.921747,7547.168903,5811.227653,5813.040713,7547.168903,4160.697426,6150.261076,7547.168903,1937.581278,1925.038809,0.001001968,0.001005531,0.001008742,0.001011081,3066.891828,3066.891828,3066.891828,6568.845476,6568.845476,6568.845476,6568.845476,6568.845476
11/8/1993,4080.243727,3014.862847,4669.210774,5146.963953,5139.249463,4669.210774,7623.508644,5240.563628,9052.620983,8282.165498,6157.151752,9052.620983,8069.492045,5945.921747,9052.620983,7161.907549,5813.040713,9052.620983,2523.310389,2506.40884,0.001001968,0.001005531,0.001008742,0.001011081,3241.467871,3241.467871,3241.467871,6367.619364,6367.619364,6367.619364,6367.619364,6367.619364
11/9/1993,2481.408528,2501.562887,2687.278179,3018.266587,3014.862847,2687.278179,4471.396884,4576.310624,5042.513132,4869.464825,5240.563628,5042.513132,5547.379322,6157.151752,5042.513132,6507.078796,5945.921747,5042.513132,934.334053,928.8660941,0.001001968,0.001005531,0.001008742,0.001011081,3135.565177,3135.565177,3135.565177,6050.433882,6050.433882,6050.433882,6050.433882,6050.433882
11/10/1993,2192.332837,2380.797849,2364.465524,2503.213232,2501.562887,2364.465524,3471.369408,4591.408117,3861.142271,3678.276583,4576.310624,3861.142271,4183.033919,5240.563628,3861.142271,4868.290575,6157.151752,3861.142271,789.7469357,785.2381616,0.001001968,0.001005531,0.001008742,0.001011081,2968.10014,2968.10014,2968.10014,5739.42649,5739.42649,5739.42649,5739.42649,5739.42649
11/11/1993,2117.252936,2184.976223,2299.286114,2381.332246,2380.797849,2299.286114,4308.634373,3851.943462,4888.022202,4441.751064,4591.408117,4888.022202,4737.613242,4576.310624,4888.022202,5140.729047,5240.563628,4888.022202,839.6580823,834.8205581,0.001001968,0.001005531,0.001008742,0.001011081,2915.738958,2915.738958,2915.738958,5479.925134,5479.925134,5479.925134,5479.925134,5479.925134
11/12/1993,1949.205733,2052.929169,2111.43661,2184.798566,2184.976223,2111.43661,3926.680216,3788.387495,4437.953908,4047.005961,3851.943462,4437.953908,4269.224534,4591.408117,4437.953908,4579.444252,4576.310624,4437.953908,754.3804635,750.1030205,0.001001968,0.001005531,0.001008742,0.001011081,2967.447339,2967.447339,2967.447339,5359.438302,5359.438302,5359.438302,5359.438302,5359.438302
11/13/1993,1862.517482,2282.35599,2013.271963,2035.623955,2052.929169,2013.271963,3564.177659,5210.76702,4011.235839,3633.613534,3788.387495,4011.235839,3841.986818,3851.943462,4011.235839,4054.634867,4591.408117,4011.235839,706.0120071,702.0486391,0.001001968,0.001005531,0.001008742,0.001011081,3035.227407,3035.227407,3035.227407,5448.671805,5448.671805,5448.671805,5448.671805,5448.671805
11/14/1993,2051.120739,2230.42281,2244.842962,2230.338449,2282.35599,2244.842962,3992.905286,4176.532986,4545.64819,4039.311512,5210.76702,4545.64819,4194.172455,3788.387495,4545.64819,4121.804832,3851.943462,4545.64819,892.7737625,887.5836064,0.001001968,0.001005531,0.001008742,0.001011081,2868.488559,2868.488559,2868.488559,5434.98585,5434.98585,5434.98585,5434.98585,5434.98585
11/15/1993,2145.780564,2524.583081,2319.3863,2252.130163,2230.42281,2319.3863,3611.949717,3837.090515,4044.82358,3611.507703,4176.532986,4044.82358,3650.164303,5210.76702,4044.82358,3760.528751,3788.387495,4044.82358,773.0349672,768.6356776,0.001001968,0.001005531,0.001008742,0.001011081,2543.607589,2543.607589,2543.607589,5077.182895,5077.182895,5077.182895,5077.182895,5077.182895
11/16/1993,2554.614028,3358.790378,2794.256158,2548.245783,2524.583081,2794.256158,3827.509552,5728.314184,4323.982342,3673.865947,3837.090515,4323.982342,3876.153864,4176.532986,4323.982342,3521.151386,5210.76702,4323.982342,1089.274103,1082.757109,0.001001968,0.001005531,0.001008742,0.001011081,2401.612119,2401.612119,2401.612119,4648.398887,4648.398887,4648.398887,4648.398887,4648.398887
11/17/1993,2827.868264,1829.242086,3205.22889,3279.78905,3358.790378,3205.22889,5303.914233,6510.841296,6229.952519,5495.414595,5728.314184,6229.952519,5656.272172,3837.090515,6229.952519,5154.044518,4176.532986,6229.952519,1690.63761,1679.889935,0.001001968,0.001005531,0.001008742,0.001011081,2437.930829,2437.930829,2437.930829,4522.358622,4522.358622,4522.358622,4522.358622,4522.358622
11/18/1993,2182.227752,2921.943814,2214.043393,1844.407004,1829.242086,2214.043393,3778.099744,6295.373384,4010.687432,3427.899293,6510.841296,4010.687432,3233.832984,5728.314184,4010.687432,4613.059318,3837.090515,4010.687432,0.001000564,0.001006515,0.001001968,0.001005531,0.001008742,0.001011081,2315.853352,2315.853352,2315.853352,4411.479705,4411.479705,4411.479705,4411.479705,4411.479705
11/19/1993,3566.201701,5926.030765,3739.376553,2933.157248,2921.943814,3739.376553,4207.056913,6245.194703,4485.458809,3485.818269,6295.373384,4485.458809,3302.201769,6510.841296,4485.458809,2449.81859,5728.314184,4485.458809,766.1094194,761.755411,0.001001968,0.001005531,0.001008742,0.001011081,2359.992414,2359.992414,2359.992414,4358.368802,4358.368802,4358.368802,4358.368802,4358.368802
11/20/1993,4806.738155,3599.425974,5551.431527,5932.207685,5926.030765,5551.431527,7897.917556,5300.676228,9483.759625,8525.169368,6245.194703,9483.759625,8564.617509,6295.373384,9483.759625,5937.039851,6510.841296,9483.759625,3149.076146,3127.38911,0.001001968,0.001005531,0.001008742,0.001011081,2809.878488,2809.878488,2809.878488,4626.886449,4626.886449,4626.886449,4626.886449,4626.886449
11/21/1993,2806.791436,2465.307926,3087.94847,3606.546118,3599.425974,3087.94847,6038.905279,4483.589588,6967.120102,6622.891898,5300.676228,6967.120102,7254.700292,6245.194703,6967.120102,8635.722916,6295.373384,6967.120102,1274.961011,1267.162209,0.001001968,0.001005531,0.001008742,0.001011081,3067.023618,3067.023618,3067.023618,5060.274671,5060.274671,5060.274671,5060.274671,5060.274671
11/22/1993,2111.055306,2331.427148,2263.678502,2463.291189,2465.307926,2263.678502,2903.700887,4116.543752,3190.22175,3168.057228,4483.589588,3190.22175,3873.248573,5300.676228,3190.22175,4913.956492,6245.194703,3190.22175,716.2783829,712.248581,0.001001968,0.001005531,0.001008742,0.001011081,3190.858213,3190.858213,3190.858213,5430.552413,5430.552413,5430.552413,5430.552413,5430.552413
11/23/1993,2043.140595,2182.858022,2215.534808,2329.173824,2331.427148,2215.534808,3861.625652,3880.863309,4376.08675,4026.067874,4116.543752,4376.08675,4381.205378,4483.589588,4376.08675,4919.026849,5300.676228,4376.08675,809.7443516,805.1041738,0.001001968,0.001005531,0.001008742,0.001011081,3192.155962,3192.155962,3192.155962,5611.869683,5611.869683,5611.869683,5611.869683,5611.869683
11/24/1993,1936.92079,2069.365843,2105.81094,2180.683761,2182.858022,2105.81094,3825.557854,9174.703033,4341.534918,3947.704049,3880.863309,4341.534918,4205.583113,4116.543752,4341.534918,4499.398888,4483.589588,4341.534918,796.7677501,792.2128906,0.001001968,0.001005531,0.001008742,0.001011081,3077.010838,3077.010838,3077.010838,5503.943493,5503.943493,5503.943493,5503.943493,5503.943493
11/25/1993,1844.866029,1966.248912,2009.093003,2067.27013,2069.365843,2009.093003,3456.932234,23680.79986,3917.018189,3565.705491,9174.703033,3917.018189,3785.396333,3880.863309,3917.018189,3982.67344,4116.543752,3917.018189,778.2040657,773.7709446,0.001001968,0.001005531,0.001008742,0.001011081,3143.687438,3143.687438,3143.687438,5452.886069,5452.886069,5452.886069,5452.886069,5452.886069
11/26/1993,1757.568591,2683.505562,1915.518095,1964.232319,1966.248912,1915.518095,3263.820356,21423.15671,3697.345554,3362.227729,23680.79986,3697.345554,3560.357484,9174.703033,3697.345554,3723.958228,3880.863309,3697.345554,752.0211788,747.7591182,0.001001968,0.001005531,0.001008742,0.001011081,3063.41613,3063.41613,3063.41613,5393.078961,5393.078961,5393.078961,5393.078961,5393.078961
11/27/1993,1677.780087,9998.42119,1829.411908,1871.281946,2683.505562,1829.411908,3123.010382,21330.13503,3536.607093,3213.034623,21423.15671,3536.607093,3396.163943,23680.79986,3536.607093,3531.479372,9174.703033,3536.607093,725.3670019,721.2782828,0.001001968,0.001005531,0.001008742,0.001011081,2585.36776,2585.36776,2585.36776,5042.996888,5042.996888,5042.996888,5042.996888,5042.996888
11/28/1993,10827.14549,15547.91011,12437.77634,10103.10936,9998.42119,12437.77634,20486.77486,19593.09634,24091.24971,18875.1397,21330.13503,24091.24971,18039.43449,21423.15671,24091.24971,8334.339376,23680.79986,24091.24971,5812.412171,5769.350586,0.001001968,0.001005531,0.001008742,0.001011081,3130.550791,3130.550791,3130.550791,5840.179529,5840.179529,5840.179529,5840.179529,5840.179529
11/29/1993,14150.80104,10110.00554,16406.9438,15876.2144,15547.91011,16406.9438,34405.27642,13940.05715,41418.53821,34498.06331,19593.09634,41418.53821,32711.47949,21330.13503,41418.53821,29682.83037,21423.15671,41418.53821,8206.057108,8142.853339,0.001001968,0.001005531,0.001008742,0.001011081,4471.988294,4471.988294,4471.988294,9152.158379,9152.158379,9152.158379,9152.158379,9152.158379
11/30/1993,8659.38361,8403.944228,9819.917528,10202.79145,10110.00554,9819.917528,17538.42183,11405.44675,20636.4061,18288.12604,13940.05715,20636.4061,20906.53908,19593.09634,20636.4061,23094.38163,21330.13503,20636.4061,4555.613044,4522.807339,0.001001968,0.001005531,0.001008742,0.001011081,5796.013326,5796.013326,5796.013326,12013.11695,12013.11695,12013.11695,12013.11695,12013.11695
12/1/1993,6906.810824,5912.232356,7907.107473,8421.812954,8403.944228,7907.107473,12280.92279,20493.51523,14529.79188,13133.66722,11405.44675,14529.79188,15178.10716,13940.05715,14529.79188,18261.28018,19593.09634,14529.79188,4050.73794,4021.972986,0.001001968,0.001005531,0.001008742,0.001011081,6834.732835,6834.732835,6834.732835,14324.796,14324.796,14324.796,14324.796,14324.796
12/2/1993,4509.63928,3735.767395,5055.007238,5916.942665,5912.232356,5055.007238,10080.94564,32061.84919,11764.51442,11088.91199,20493.51523,11764.51442,12216.15783,11405.44675,11764.51442,15637.9465,13940.05715,11764.51442,2297.857293,2282.64899,0.001001968,0.001005531,0.001008742,0.001011081,7473.998674,7473.998674,7473.998674,15974.48793,15974.48793,15974.48793,15974.48793,15974.48793
12/3/1993,3227.042071,4602.604245,3467.546452,3742.088382,3735.767395,3467.546452,6547.213371,22852.21082,7351.763983,6897.383591,32061.84919,7351.763983,7952.333051,20493.51523,7351.763983,10160.4668,11405.44675,7351.763983,1029.451787,1023.342209,0.001001968,0.001005531,0.001008742,0.001011081,7844.728625,7844.728625,7844.728625,17073.62421,17073.62421,17073.62421,17073.62421,17073.62421
12/4/1993,3578.813163,8934.961934,3940.071028,3956.910754,4602.604245,3940.071028,7414.732366,17284.13359,8507.36105,7537.80009,22852.21082,8507.36105,8109.156714,32061.84919,8507.36105,8635.680893,20493.51523,8507.36105,1557.033666,1547.244478,0.001001968,0.001005531,0.001008742,0.001011081,8176.91457,8176.91457,8176.91457,17915.17618,17915.17618,17915.17618,17915.17618,17915.17618
12/5/1993,9069.043903,11109.0328,10444.19188,9102.606629,8934.961934,10444.19188,24003.44276,15372.38617,28757.7614,23059.9874,17284.13359,28757.7614,23199.55124,22852.21082,28757.7614,18198.08482,32061.84919,28757.7614,5127.713897,5090.272009,0.001001968,0.001005531,0.001008742,0.001011081,8227.643903,8227.643903,8227.643903,19047.64831,19047.64831,19047.64831,19047.64831,19047.64831
12/6/1993,10409.68305,9511.917539,11951.33621,11347.0957,11109.0328,11951.33621,33802.64122,13027.09224,40863.30424,33390.28209,15372.38617,40863.30424,32621.26795,17284.13359,40863.30424,32233.79435,22852.21082,40863.30424,5848.218325,5804.860895,0.001001968,0.001005531,0.001008742,0.001011081,7833.098417,7833.098417,7833.098417,19708.53518,19708.53518,19708.53518,19708.53518,19708.53518
12/7/1993,7624.059696,5899.873302,8779.723536,9561.261815,9511.917539,8779.723536,18214.10259,10861.57636,21796.69663,19284.34103,13027.09224,21796.69663,20430.5339,15372.38617,21796.69663,21141.6736,17284.13359,21796.69663,4585.146164,4552.102564,0.001001968,0.001005531,0.001008742,0.001011081,7546.461827,7546.461827,7546.461827,19620.86217,19620.86217,19620.86217,19620.86217,19620.86217
12/8/1993,4736.054691,4583.38528,5259.717064,5915.834294,5899.873302,5259.717064,10309.9334,10047.54841,11934.66553,11116.9006,10861.57636,11934.66553,12678.60854,13027.09224,11934.66553,15873.57497,15372.38617,11934.66553,2177.870481,2163.55576,0.001001968,0.001005531,0.001008742,0.001011081,7189.649271,7189.649271,7189.649271,19187.22348,19187.22348,19187.22348,19187.22348,19187.22348
12/9/1993,3905.915853,4295.472266,4303.564253,4593.502764,4583.38528,4303.564253,8133.120467,9353.759873,9331.152918,8546.098108,10047.54841,9331.152918,9649.694656,10861.57636,9331.152918,11629.02571,13027.09224,9331.152918,1683.470838,1672.774813,0.001001968,0.001005531,0.001008742,0.001011081,7012.832768,7012.832768,7012.832768,18864.06609,18864.06609,18864.06609,18864.06609,18864.06609
12/10/1993,3667.067887,4186.709588,4070.808752,4236.387052,4295.472266,4070.808752,8410.305701,8946.502748,9735.767522,8683.99245,9353.759873,9735.767522,9357.337657,10047.54841,9735.767522,10332.0326,10861.57636,9735.767522,1724.3397,1713.348793,0.001001968,0.001005531,0.001008742,0.001011081,7010.736535,7010.736535,7010.736535,18750.57023,18750.57023,18750.57023,18750.57023,18750.57023
12/11/1993,4077.275976,4806.773505,4475.776483,4203.116656,4186.709588,4475.776483,8740.738207,8551.584471,10021.63881,8590.831261,8946.502748,10021.63881,8892.03732,9353.759873,10021.63881,9311.638284,10047.54841,10021.63881,1651.174224,1640.710632,0.001001968,0.001005531,0.001008742,0.001011081,7006.3495,7006.3495,7006.3495,18769.71824,18769.71824,18769.71824,18769.71824,18769.71824
12/12/1993,4437.775724,4765.618076,4929.48631,4840.982248,4806.773505,4929.48631,8888.896222,7907.934447,10290.1788,8952.541767,8551.584471,10290.1788,9090.97063,8946.502748,10290.1788,8983.730827,9353.759873,10290.1788,2063.779831,2050.309562,0.001001968,0.001005531,0.001008742,0.001011081,6490.843627,6490.843627,6490.843627,17157.74614,17157.74614,17157.74614,17157.74614,17157.74614
12/13/1993,4044.981544,3835.368252,4547.796341,4769.063518,4765.618076,4547.796341,8039.549039,7331.556697,9382.333062,8416.983116,7907.934447,9382.333062,8932.775424,8551.584471,9382.333062,8834.035055,8946.502748,9382.333062,2141.020953,2126.979547,0.001001968,0.001005531,0.001008742,0.001011081,5806.532211,5806.532211,5806.532211,13599.13614,13599.13614,13599.13614,13599.13614,13599.13614
12/14/1993,3291.752199,3418.046437,3642.761914,3836.587594,3835.368252,3642.761914,6810.394447,6938.859337,7845.956091,7109.549883,7331.556697,7845.956091,7683.309212,7907.934447,7845.956091,8561.018185,8551.584471,7845.956091,1525.20574,1515.643479,0.001001968,0.001005531,0.001008742,0.001011081,4995.971529,4995.971529,4995.971529,11357.75759,11357.75759,11357.75759,11357.75759,11357.75759
12/15/1993,3082.306736,3423.583759,3392.201337,3418.610839,3418.046437,3392.201337,6131.723329,7058.465056,7014.48165,6257.347374,6938.859337,7014.48165,6744.019081,7331.556697,7014.48165,7284.771731,7907.934447,7014.48165,1358.630952,1350.24682,0.001001968,0.001005531,0.001008742,0.001011081,4506.863832,4506.863832,4506.863832,9994.703265,9994.703265,9994.703265,9994.703265,9994.703265
12/16/1993,3046.721487,3270.001425,3370.961355,3423.697267,3423.583759,3370.961355,6198.170338,7140.741811,7124.466176,6351.998978,7058.465056,7124.466176,6661.483102,6938.859337,7124.466176,6934.526865,7331.556697,7124.466176,1424.564807,1415.716315,0.001001968,0.001005531,0.001008742,0.001011081,4232.975558,4232.975558,4232.975558,9130.768479,9130.768479,9130.768479,9130.768479,9130.768479
12/17/1993,2920.832058,3193.459068,3228.217842,3269.747829,3270.001425,3228.217842,5940.773904,9415.566615,6824.500401,6077.071258,7140.741811,6824.500401,6398.046773,7058.465056,6824.500401,6646.203388,6938.859337,6824.500401,1357.864941,1349.486188,0.001001968,0.001005531,0.001008742,0.001011081,4051.975725,4051.975725,4051.975725,8587.407743,8587.407743,8587.407743,8587.407743,8587.407743
12/18/1993,2826.233108,3203.749106,3134.430018,3177.792784,3193.459068,3134.430018,5651.61016,10469.94772,6504.955298,5792.033511,9415.566615,6504.955298,6134.400294,7140.741811,6504.955298,6311.261155,7058.465056,6504.955298,1367.965474,1359.515763,0.001001968,0.001005531,0.001008742,0.001011081,3915.689879,3915.689879,3915.689879,8157.881162,8157.881162,8157.881162,8157.881162,8157.881162
12/19/1993,2848.527711,3342.235866,3161.554903,3203.609802,3203.749106,3161.554903,5979.060529,10498.29659,6896.74273,6118.963053,10469.94772,6896.74273,6361.409778,9415.566615,6896.74273,6456.858624,7140.741811,6896.74273,1377.988743,1369.468555,0.001001968,0.001005531,0.001008742,0.001011081,3715.726561,3715.726561,3715.726561,7759.905692,7759.905692,7759.905692,7759.905692,7759.905692
12/20/1993,2903.273285,3948.476331,3222.438856,3227.667039,3342.235866,3222.438856,6121.144597,9513.244473,7069.613543,6220.943766,10498.29659,7069.613543,6460.918281,10469.94772,7069.613543,6592.881684,9415.566615,7069.613543,1402.758695,1394.064073,0.001001968,0.001005531,0.001008742,0.001011081,3480.928592,3480.928592,3480.928592,7433.335667,7433.335667,7433.335667,7433.335667,7433.335667
12/21/1993,3427.193555,4216.652179,3854.782011,3817.140198,3948.476331,3854.782011,9012.103371,8692.912025,10533.7693,9092.392441,9513.244473,10533.7693,9298.776407,10498.29659,10533.7693,8486.333924,10469.94772,10533.7693,1780.308036,1768.911967,0.001001968,0.001005531,0.001008742,0.001011081,3421.265123,3421.265123,3421.265123,7565.213593,7565.213593,7565.213593,7565.213593,7565.213593
12/22/1993,3920.909241,4022.111511,4404.135625,4297.589468,4216.652179,4404.135625,10441.01892,7897.422298,12213.36822,10464.50429,8692.912025,12213.36822,10589.50507,9513.244473,12213.36822,10324.61829,10498.29659,12213.36822,1939.043536,1926.490356,0.001001968,0.001005531,0.001008742,0.001011081,3484.954406,3484.954406,3484.954406,8017.213376,8017.213376,8017.213376,8017.213376,8017.213376
12/23/1993,3685.070624,3888.536957,4137.879199,4066.297349,4022.111511,4137.879199,9142.257409,7431.356246,10683.57143,9188.153555,7897.422298,10683.57143,9614.733988,8692.912025,10683.57143,9888.508058,9513.244473,10683.57143,1900.948148,1888.673711,0.001001968,0.001005531,0.001008742,0.001011081,3583.711995,3583.711995,3583.711995,8510.780317,8510.780317,8510.780317,8510.780317,8510.780317
12/24/1993,3425.728552,3517.612508,3853.06854,3896.731661,3888.536957,3853.06854,7598.003397,6981.545867,8867.502748,7766.963135,7431.356246,8867.502748,8140.520975,7897.422298,8867.502748,8632.376595,8692.912025,8867.502748,1827.047215,1815.311644,0.001001968,0.001005531,0.001008742,0.001011081,3667.780148,3667.780148,3667.780148,8825.169977,8825.169977,8825.169977,8825.169977,8825.169977
12/25/1993,3087.228252,3248.389837,3450.211649,3522.720107,3517.612508,3450.211649,6667.398359,6588.129372,7736.183948,6849.461946,6981.545867,7736.183948,7232.482595,7431.356246,7736.183948,7706.669759,7897.422298,7736.183948,1571.224551,1561.334006,0.001001968,0.001005531,0.001008742,0.001011081,3717.927724,3717.927724,3717.927724,9046.827644,9046.827644,9046.827644,9046.827644,9046.827644
12/26/1993,2872.539267,3079.681453,3200.070539,3251.553362,3248.389837,3200.070539,6057.753146,6260.132539,7008.776483,6210.017995,6588.129372,7008.776483,6583.751548,6981.545867,7008.776483,6986.361437,7431.356246,7008.776483,1430.930742,1422.037276,0.001001968,0.001005531,0.001008742,0.001011081,3742.511572,3742.511572,3742.511572,9153.870623,9153.870623,9153.870623,9153.870623,9153.870623
12/27/1993,2729.634076,2929.592724,3039.46751,3081.550721,3079.681453,3039.46751,5807.421251,6001.414232,6719.734487,5942.929064,6260.132539,6719.734487,6275.12882,6588.129372,6719.734487,6595.474128,6981.545867,6719.734487,1363.286728,1354.869894,0.001001968,0.001005531,0.001008742,0.001011081,3735.349561,3735.349561,3735.349561,9161.296478,9161.296478,9161.296478,9161.296478,9161.296478
12/28/1993,2599.941488,2794.091622,2893.476269,2930.576845,2929.592724,2893.476269,5537.476498,5767.799826,6405.892415,5662.269968,6001.414232,6405.892415,5968.210429,6260.132539,6405.892415,6247.737601,6588.129372,6405.892415,1300.094202,1292.120053,0.001001968,0.001005531,0.001008742,0.001011081,3633.628878,3633.628878,3633.628878,8710.671115,8710.671115,8710.671115,8710.671115,8710.671115
12/29/1993,2482.285418,2671.602131,2761.145524,2794.458501,2794.091622,2761.145524,5290.569146,5692.163524,6114.288505,5407.443104,5767.799826,6114.288505,5694.526758,6001.414232,6114.288505,5918.068808,6260.132539,6114.288505,1242.693101,1235.118801,0.001001968,0.001005531,0.001008742,0.001011081,3456.325032,3456.325032,3456.325032,8012.547272,8012.547272,8012.547272,8012.547272,8012.547272
12/30/1993,2375.519124,2559.809208,2641.32952,2671.532966,2671.602131,2641.32952,5076.229352,5483.1345,5862.090166,5186.070347,5692.163524,5862.090166,5456.883366,5767.799826,5862.090166,5663.347023,6001.414232,5862.090166,1191.370214,1184.151514,0.001001968,0.001005531,0.001008742,0.001011081,3251.70393,3251.70393,3251.70393,7338.732645,7338.732645,7338.732645,7338.732645,7338.732645
12/31/1993,2277.764291,2456.887127,2531.836587,2559.429875,2559.809208,2531.836587,4883.546117,5321.453814,5636.174576,4987.121497,5483.1345,5636.174576,5243.545404,5692.163524,5636.174576,5436.622888,5767.799826,5636.174576,1144.983649,1138.084728,0.001001968,0.001005531,0.001008742,0.001011081,3063.196109,3063.196109,3063.196109,6862.688703,6862.688703,6862.688703,6862.688703,6862.688703
1/1/1994,2187.527564,2366.785053,2430.918299,2456.286485,2456.887127,2430.918299,4717.406619,5103.449993,5440.329916,4815.499001,5321.453814,5440.329916,5059.153423,5483.1345,5440.329916,5229.742876,5692.163524,5440.329916,1102.580938,1095.972933,0.001001968,0.001005531,0.001008742,0.001011081,2904.115878,2904.115878,2904.115878,6484.426042,6484.426042,6484.426042,6484.426042,6484.426042
1/2/1994,2127.849785,2315.826878,2362.507197,2366.027899,2366.785053,2362.507197,4703.516769,4968.95705,5423.34839,4774.759661,5103.449993,5423.34839,5004.504142,5321.453814,5423.34839,5164.419219,5483.1345,5423.34839,1068.101847,1061.729373,0.001001968,0.001005531,0.001008742,0.001011081,2767.892614,2767.892614,2767.892614,6193.558511,6193.558511,6193.558511,6193.558511,6193.558511
1/3/1994,2069.426841,2228.119201,2298.950405,2314.960578,2315.826878,2298.950405,4547.042319,4841.196458,5243.513225,4629.700485,4968.95705,5243.513225,4833.104385,5103.449993,5243.513225,4985.675834,5321.453814,5243.513225,1049.005051,1042.762624,0.001001968,0.001005531,0.001008742,0.001011081,2649.01125,2649.01125,2649.01125,5945.75726,5945.75726,5945.75726,5945.75726,5945.75726
1/4/1994,1986.254267,2140.927283,2205.003204,2227.178817,2228.119201,2205.003204,4411.383192,4681.731985,5082.488723,4496.540988,4841.196458,5082.488723,4702.671561,4968.95705,5082.488723,4838.211363,5103.449993,5082.488723,1004.89274,998.9495716,0.001001968,0.001005531,0.001008742,0.001011081,2542.669311,2542.669311,2542.669311,5738.337924,5738.337924,5738.337924,5738.337924,5738.337924
1/5/1994,1910.361434,2065.524654,2119.649233,2139.939229,2140.927283,2119.649233,4243.099736,4535.951773,4881.509801,4324.455279,4681.731985,4881.509801,4529.220353,4841.196458,4881.509801,4657.190554,4968.95705,4881.509801,966.1712975,960.4894587,0.001001968,0.001005531,0.001008742,0.001011081,2445.180129,2445.180129,2445.180129,5550.312418,5550.312418,5550.312418,5550.312418,5550.312418
1/6/1994,1843.716472,1993.840616,2045.558481,2064.508853,2065.524654,2045.558481,4107.433667,4411.133034,4726.086388,4184.732621,4535.951773,4726.086388,4380.271905,4681.731985,4726.086388,4536.939055,4841.196458,4726.086388,936.0361932,930.5568225,0.001001968,0.001005531,0.001008742,0.001011081,2354.944675,2354.944675,2354.944675,5376.620929,5376.620929,5376.620929,5376.620929,5376.620929
1/7/1994,1780.298927,1925.801051,1975.02466,1992.812215,1993.840616,1975.02466,3984.819664,4293.177902,4584.695207,4058.449975,4411.133034,4584.695207,4245.740116,4535.951773,4584.695207,4388.224582,4681.731985,4584.695207,907.0922387,901.8065554,0.001001968,0.001005531,0.001008742,0.001011081,2270.893077,2270.893077,2270.893077,5215.895889,5215.895889,5215.895889,5215.895889,5215.895889
1/8/1994,1720.05372,1861.095282,1908.030084,1924.771795,1925.801051,1908.030084,3876.413028,4162.120523,4458.056698,3946.842554,4293.177902,4458.056698,4126.623868,4411.133034,4458.056698,4250.996077,4535.951773,4458.056698,879.5336005,874.4316033,0.001001968,0.001005531,0.001008742,0.001011081,2192.194175,2192.194175,2192.194175,5066.54744,5066.54744,5066.54744,5066.54744,5066.54744
1/9/1994,1662.720714,1799.44361,1844.283424,1860.07401,1861.095282,1844.283424,3772.148914,4365.449387,4336.203131,3839.615772,4162.120523,4336.203131,4012.379746,4293.177902,4336.203131,4131.179527,4411.133034,4336.203131,853.2466307,848.3191584,0.001001968,0.001005531,0.001008742,0.001011081,2117.481635,2117.481635,2117.481635,4907.406045,4907.406045,4907.406045,4907.406045,4907.406045
1/10/1994,1608.061809,1740.603643,1783.516087,1798.437037,1799.44361,1783.516087,3655.729702,4145.795253,4202.934249,3720.162734,4365.449387,4202.934249,3886.104391,4162.120523,4202.934249,4019.063787,4293.177902,4202.934249,828.1168373,823.3555622,0.001001968,0.001005531,0.001008742,0.001011081,2044.364485,2044.364485,2044.364485,4759.177677,4759.177677,4759.177677,4759.177677,4759.177677
1/11/1994,1555.870478,1684.364711,1725.495335,1739.61717,1740.603643,1725.495335,3576.697187,3983.764839,4108.549237,3638.636911,4145.795253,4108.549237,3798.380351,4365.449387,4108.549237,3893.715576,4162.120523,4108.549237,804.0456374,799.4429494,0.001001968,0.001005531,0.001008742,0.001011081,1973.498875,1973.498875,1973.498875,4615.164071,4615.164071,4615.164071,4615.164071,4615.164071
1/12/1994,1505.965113,1630.542027,1670.017047,1683.402123,1684.364711,1670.017047,3491.51673,3861.724936,4008.542186,3550.96949,3983.764839,4008.542186,3704.747172,4145.795253,4008.542186,3806.707071,4365.449387,4008.542186,780.9485691,776.4974734,0.001001968,0.001005531,0.001008742,0.001011081,1906.112882,1906.112882,1906.112882,4481.877046,4481.877046,4481.877046,4481.877046,4481.877046
1/13/1994,1458.186914,1578.987494,1616.903073,1629.60645,1630.542027,1616.903073,3666.126828,3756.96192,4215.383269,3718.049695,3861.724936,4215.383269,3859.841006,3983.764839,4215.383269,3958.811291,4145.795253,4215.383269,758.7530405,754.4470718,0.001001968,0.001005531,0.001008742,0.001011081,1842.044438,1842.044438,1842.044438,4402.467778,4402.467778,4402.467778,4402.467778,4402.467778
1/14/1994,1412.399869,1529.508598,1566.003757,1578.080838,1578.987494,1566.003757,3481.386723,3969.549386,3997.920564,3533.186632,3756.96192,3997.920564,3672.144781,3861.724936,3997.920564,3776.064333,3983.764839,3997.920564,737.4106636,733.2437219,0.001001968,0.001005531,0.001008742,0.001011081,1781.008697,1781.008697,1781.008697,4313.595721,4313.595721,4313.595721,4313.595721,4313.595721
1/15/1994,1368.461361,1482.066049,1517.152741,1528.632301,1529.508598,1517.152741,3336.672162,3647.017316,3828.452238,3387.56713,3969.549386,3828.452238,3522.889506,3756.96192,3828.452238,3624.476805,3861.724936,3828.452238,716.8253217,712.7919771,0.001001968,0.001005531,0.001008742,0.001011081,1722.757114,1722.757114,1722.757114,4218.957574,4218.957574,4218.957574,4218.957574,4218.957574
1/16/1994,1326.322057,1436.464729,1470.304037,1481.221142,1482.066049,1470.304037,3237.090608,3525.69398,3712.112943,3286.361736,3647.017316,3712.112943,3417.273052,3969.549386,3712.112943,3512.952228,3756.96192,3712.112943,697.023357,693.1180503,0.001001968,0.001005531,0.001008742,0.001011081,1667.085876,1667.085876,1667.085876,4125.451788,4125.451788,4125.451788,4125.451788,4125.451788
1/17/1994,1285.782376,1392.576587,1425.228513,1435.651868,1436.464729,1425.228513,3159.43616,3432.628659,3620.821248,3206.973595,3525.69398,3620.821248,3333.376703,3647.017316,3620.821248,3420.431393,3969.549386,3620.821248,677.879476,674.0974964,0.001001968,0.001005531,0.001008742,0.001011081,1613.808222,1613.808222,1613.808222,4038.251618,4038.251618,4038.251618,4038.251618,4038.251618
1/18/1994,1246.784176,1350.381737,1381.859984,1391.796042,1392.576587,1381.859984,3343.627921,3345.684958,3840.15766,3383.951695,3432.628659,3840.15766,3499.370906,3525.69398,3840.15766,3595.084575,3647.017316,3840.15766,659.3656082,655.7024591,0.001001968,0.001005531,0.001008742,0.001011081,1562.761146,1562.761146,1562.761146,3996.152383,3996.152383,3996.152383,3996.152383,3996.152383
1/19/1994,1209.279788,1309.761207,1340.152301,1349.633534,1350.381737,1340.152301,3065.673567,3269.694047,3513.128218,3108.415507,3345.684958,3513.128218,3224.60521,3432.628659,3513.128218,3317.354085,3525.69398,3513.128218,641.4973094,637.9484272,0.001001968,0.001005531,0.001008742,0.001011081,1513.802155,1513.802155,1513.802155,3921.862139,3921.862139,3921.862139,3921.862139,3921.862139
1/20/1994,1173.16862,1270.633366,1299.990297,1309.045187,1309.761207,1299.990297,2959.871958,3215.019067,3390.179543,3001.502532,3269.694047,3390.179543,3114.295966,3345.684958,3390.179543,3204.611575,3432.628659,3390.179543,624.2151674,620.7764002,0.001001968,0.001005531,0.001008742,0.001011081,1466.803547,1466.803547,1466.803547,3800.671328,3800.671328,3800.671328,3800.671328,3800.671328
1/21/1994,1138.380147,1232.924786,1261.295844,1269.94926,1270.633366,1261.295844,2888.911149,3209.636861,3307.356135,2929.04216,3215.019067,3307.356135,3038.004957,3269.694047,3307.356135,3119.08374,3345.684958,3307.356135,607.4912037,604.1586071,0.001001968,0.001005531,0.001008742,0.001011081,1421.648087,1421.648087,1421.648087,3698.910403,3698.910403,3698.910403,3698.910403,3698.910403
1/22/1994,1104.849791,1196.566759,1223.997535,1232.272177,1232.924786,1223.997535,2840.733477,3345.703936,3248.709442,2879.556864,3209.636861,3248.709442,2984.898178,3215.019067,3248.709442,3046.316199,3269.694047,3248.709442,591.3005558,588.0703704,0.001001968,0.001005531,0.001008742,0.001011081,1378.235239,1378.235239,1378.235239,3613.155338,3613.155338,3613.155338,3613.155338,3613.155338
1/23/1994,1072.517193,1161.494866,1188.028496,1195.945326,1196.566759,1188.028496,2782.986211,3200.245955,3180.830655,2820.3708,3345.703936,3180.830655,2922.090591,3209.636861,3180.830655,2994.591634,3215.019067,3180.830655,575.6192339,572.4878779,0.001001968,0.001005531,0.001008742,0.001011081,1336.464074,1336.464074,1336.464074,3534.488742,3534.488742,3534.488742,3534.488742,3534.488742
1/24/1994,1041.325276,1128.730804,1153.325482,1160.904035,1161.494866,1153.325482,2745.404572,6178.465361,3134.043119,2781.587722,3200.245955,3134.043119,2879.941214,3345.703936,3134.043119,2933.074181,3209.636861,3134.043119,560.4244748,557.3885345,0.001001968,0.001005531,0.001008742,0.001011081,1296.251422,1296.251422,1296.251422,3462.326465,3462.326465,3462.326465,3462.326465,3462.326465
1/25/1994,1019.697828,1109.391639,1128.534553,1128.169642,1128.730804,1128.534553,2768.791739,10733.30975,3158.140495,2795.280783,6178.465361,3158.140495,2889.437756,3200.245955,3158.140495,2941.136833,3345.703936,3158.140495,546.7725759,543.8220638,0.001001968,0.001005531,0.001008742,0.001011081,1257.680388,1257.680388,1257.680388,3360.990132,3360.990132,3360.990132,3360.990132,3360.990132
1/26/1994,995.7690519,1079.336791,1102.529268,1108.859454,1109.391639,1102.529268,2877.333438,8677.894824,3287.300049,2906.844932,10733.30975,3287.300049,2987.44617,6178.465361,3287.300049,3053.480756,3200.245955,3287.300049,538.1803041,535.2834106,0.001001968,0.001005531,0.001008742,0.001011081,1221.330306,1221.330306,1221.330306,3324.111773,3324.111773,3324.111773,3324.111773,3324.111773
1/27/1994,962.2016801,1357.043594,1064.530233,1071.947654,1079.336791,1064.530233,2733.847236,6564.804957,3117.592029,2764.743248,8677.894824,3117.592029,2850.085389,10733.30975,3117.592029,2919.164868,6178.465361,3117.592029,518.3391439,515.5656158,0.001001968,0.001005531,0.001008742,0.001011081,1186.540712,1186.540712,1186.540712,3283.048738,3283.048738,3283.048738,3283.048738,3283.048738
1/28/1994,1095.488532,2353.955518,1232.147431,1227.304826,1357.043594,1232.147431,5650.878611,5799.282585,6578.931638,5632.624112,6564.804957,6578.931638,5680.366505,8677.894824,6578.931638,5355.813839,10733.30975,6578.931638,674.8688255,671.1061993,0.001001968,0.001005531,0.001008742,0.001011081,1178.483073,1178.483073,1178.483073,3718.917517,3718.917517,3718.917517,3718.917517,3718.917517
1/29/1994,2045.617251,1654.401985,2395.902999,2389.686629,2353.955518,2395.902999,10793.55361,5155.679696,12839.04999,10791.57213,5799.282585,12839.04999,10723.70936,6564.804957,12839.04999,9532.383198,8677.894824,12839.04999,1504.301811,1494.888283,0.001001968,0.001005531,0.001008742,0.001011081,1313.056633,1313.056633,1313.056633,4891.712071,4891.712071,4891.712071,4891.712071,4891.712071
1/30/1994,1692.416604,2242.724485,1883.671285,1684.566073,1654.401985,1883.671285,8241.53697,4887.782574,9611.033665,8022.390072,5155.679696,9611.033665,8099.132528,5799.282585,9611.033665,8933.33159,6564.804957,9611.033665,873.5796579,868.5172496,0.001001968,0.001005531,0.001008742,0.001011081,1385.300933,1385.300933,1385.300933,5746.529993,5746.529993,5746.529993,5746.529993,5746.529993
1/31/1994,2025.438496,1956.341122,2320.087428,2247.558155,2242.724485,2320.087428,5453.073517,4652.846835,6358.418652,5463.896869,4887.782574,6358.418652,5571.306999,5155.679696,6358.418652,5362.239713,5799.282585,6358.418652,1344.489204,1336.204319,0.001001968,0.001005531,0.001008742,0.001011081,1519.808893,1519.808893,1519.808893,6204.650851,6204.650851,6204.650851,6204.650851,6204.650851
2/1/1994,1635.376138,1541.706194,1854.245182,1959.696148,1956.341122,1854.245182,4899.976313,4316.434205,5683.317769,5057.702541,4652.846835,5683.317769,5171.807119,4887.782574,5683.317769,5577.972211,5155.679696,5683.317769,1023.421442,1017.352771,0.001001968,0.001005531,0.001008742,0.001011081,1630.087655,1630.087655,1630.087655,6548.299378,6548.299378,6548.299378,6548.299378,6548.299378
2/2/1994,1352.177274,1479.969081,1507.349359,1544.123388,1541.706194,1507.349359,3802.326366,4058.369788,4346.819339,3881.329522,4316.434205,4346.819339,4123.15105,4652.846835,4346.819339,4480.252481,4887.782574,4346.819339,743.8957226,739.6865913,0.001001968,0.001005531,0.001008742,0.001011081,1709.392136,1709.392136,1709.392136,6805.457635,6805.457635,6805.457635,6805.457635,6805.457635
2/3/1994,1308.442507,1411.601356,1462.604231,1481.726053,1479.969081,1462.604231,3761.842631,3894.481029,4313.976673,3820.252739,4058.369788,4313.976673,3987.631766,4316.434205,4313.976673,4227.072766,4652.846835,4313.976673,743.4199794,739.2139448,0.001001968,0.001005531,0.001008742,0.001011081,1773.883036,1773.883036,1773.883036,7020.982327,7020.982327,7020.982327,7020.982327,7020.982327
2/4/1994,1250.037248,1345.099893,1397.409454,1412.884428,1411.601356,1397.409454,3679.520873,3746.08775,4231.565772,3728.588109,3894.481029,4231.565772,3867.085764,4058.369788,4231.565772,4098.693384,4316.434205,4231.565772,715.8084262,711.7816682,0.001001968,0.001005531,0.001008742,0.001011081,1804.661849,1804.661849,1804.661849,6720.275007,6720.275007,6720.275007,6720.275007,6720.275007
2/5/1994,1192.679789,1285.890874,1332.526142,1346.037312,1345.099893,1332.526142,3444.91862,3581.529415,3961.809553,3490.514503,3746.08775,3961.809553,3618.954667,3894.481029,3961.809553,3797.355827,4058.369788,3961.809553,684.1448627,680.3225708,0.001001968,0.001005531,0.001008742,0.001011081,1687.981133,1687.981133,1687.981133,5656.081956,5656.081956,5656.081956,5656.081956,5656.081956
2/6/1994,1141.726607,1233.51823,1274.927669,1286.572834,1285.890874,1274.927669,3292.65731,3484.608311,3786.956892,3334.294966,3581.529415,3786.956892,3454.242853,3746.08775,3786.956892,3602.42123,3894.481029,3786.956892,655.9768688,652.3354225,0.001001968,0.001005531,0.001008742,0.001011081,1629.957498,1629.957498,1629.957498,4894.123217,4894.123217,4894.123217,4894.123217,4894.123217
2/7/1994,1095.768434,1185.051534,1223.169715,1234.009145,1233.51823,1223.169715,3197.489884,3389.243082,3677.717713,3236.008032,3484.608311,3677.717713,3347.808599,3581.529415,3677.717713,3472.683963,3746.08775,3677.717713,631.2838873,627.8001296,0.001001968,0.001005531,0.001008742,0.001011081,1506.837448,1506.837448,1506.837448,4518.604764,4518.604764,4518.604764,4518.604764,4518.604764
2/8/1994,1053.401194,1140.687435,1175.478331,1185.398527,1185.051534,1175.478331,3127.405694,3278.758073,3592.938013,3163.5426,3389.243082,3592.938013,3269.462638,3484.608311,3592.938013,3354.783792,3581.529415,3592.938013,608.4515021,605.1128197,0.001001968,0.001005531,0.001008742,0.001011081,1405.508526,1405.508526,1405.508526,4242.470032,4242.470032,4242.470032,4242.470032,4242.470032
2/9/1994,1014.570298,1099.681342,1131.84191,1140.925572,1140.687435,1131.84191,3017.031792,3191.482722,3462.387817,3051.641849,3278.758073,3462.387817,3152.946957,3389.243082,3462.387817,3243.220854,3484.608311,3462.387817,587.7506106,584.5428296,0.001001968,0.001005531,0.001008742,0.001011081,1332.494337,1332.494337,1332.494337,4015.838474,4015.838474,4015.838474,4015.838474,4015.838474
2/10/1994,978.5779042,1061.408709,1091.440683,1099.837022,1099.681342,1091.440683,2912.013591,3115.423784,3341.869339,2944.634771,3191.482722,3341.869339,3041.082504,3278.758073,3341.869339,3148.843497,3389.243082,3341.869339,568.6675466,565.5798868,0.001001968,0.001005531,0.001008742,0.001011081,1272.572927,1272.572927,1272.572927,3834.849867,3834.849867,3834.849867,3834.849867,3834.849867
2/11/1994,944.9313565,1025.499795,1053.696598,1061.501865,1061.408709,1053.696598,2833.469602,3018.821851,3249.977399,2864.407898,3115.423784,3249.977399,2956.49114,3191.482722,3249.977399,3042.713875,3278.758073,3249.977399,550.843161,547.8672069,0.001001968,0.001005531,0.001008742,0.001011081,1219.678294,1219.678294,1219.678294,3691.50059,3691.50059,3691.50059,3691.50059,3691.50059
2/12/1994,913.3228202,991.6498725,1018.256729,1025.545999,1025.499795,1018.256729,2766.166894,2945.71571,3170.42932,2795.620297,3018.821851,3170.42932,2883.744467,3115.423784,3170.42932,2960.047001,3191.482722,3170.42932,534.097046,531.2255925,0.001001968,0.001005531,0.001008742,0.001011081,1171.813386,1171.813386,1171.813386,3571.460353,3571.460353,3571.460353,3571.460353,3571.460353
2/13/1994,883.4962319,959.6144319,984.8269759,991.6609321,991.6498725,984.8269759,2678.662963,2865.137329,3070.949961,2706.461599,2945.71571,3070.949961,2790.696968,3018.821851,3070.949961,2888.568499,3115.423784,3070.949961,518.2749193,515.5017895,0.001001968,0.001005531,0.001008742,0.001011081,1127.938063,1127.938063,1127.938063,3462.447234,3462.447234,3462.447234,3462.447234,3462.447234
2/14/1994,855.2451359,929.1951084,953.1708801,959.5994251,959.6144319,953.1708801,2613.768942,2819.353291,2995.139909,2640.240474,2865.137329,2995.139909,2721.00678,2945.71571,2995.139909,2796.473638,3018.821851,2995.139909,503.254897,500.5747257,0.001001968,0.001005531,0.001008742,0.001011081,1087.299672,1087.299672,1087.299672,3359.394499,3359.394499,3359.394499,3359.394499,3359.394499
2/15/1994,828.4022189,900.2309687,923.0974048,929.1615443,929.1951084,923.0974048,2538.432476,2802.696332,2909.18122,2563.496435,2819.353291,2909.18122,2640.89639,2865.137329,2909.18122,2727.513963,2945.71571,2909.18122,488.9408176,486.3488803,0.001001968,0.001005531,0.001008742,0.001011081,1049.406775,1049.406775,1049.406775,3257.002529,3257.002529,3257.002529,3257.002529,3257.002529
2/16/1994,802.830161,872.5863492,894.4503109,900.184496,900.2309687,894.4503109,2474.51344,2649.605892,2835.36032,2498.341609,2802.696332,2835.36032,2572.631243,2819.353291,2835.36032,2648.191544,2865.137329,2835.36032,475.256301,472.7483833,0.001001968,0.001005531,0.001008742,0.001011081,1013.874357,1013.874357,1013.874357,3163.355003,3163.355003,3163.355003,3163.355003,3163.355003
2/17/1994,778.4127158,846.7608253,867.0976284,872.5315866,872.5863492,867.0976284,2406.470512,2694.874766,2758.139794,2428.97232,2649.605892,2758.139794,2500.177306,2802.696332,2758.139794,2582.880853,2819.353291,2758.139794,462.1377815,459.7100931,0.001001968,0.001005531,0.001008742,0.001011081,980.3895163,980.3895163,980.3895163,3076.474278,3076.474278,3076.474278,3076.474278,3076.474278
2/18/1994,759.3704635,823.3961577,845.3734458,846.7015818,846.7608253,845.3734458,2405.763498,5986.396328,2753.188703,2423.301527,2694.874766,2753.188703,2491.559887,2649.605892,2753.188703,2530.170381,2802.696332,2753.188703,450.1451963,447.7905738,0.001001968,0.001005531,0.001008742,0.001011081,948.7986594,948.7986594,948.7986594,3001.813877,3001.813877,3001.813877,3001.813877,3001.813877
2/19/1994,854.3365788,782.0981738,936.9848518,822.2107655,823.3961577,936.9848518,2559.083845,8816.242754,2907.659588,2458.993424,5986.396328,2907.659588,2519.273883,2694.874766,2907.659588,2552.229932,2649.605892,2907.659588,434.7695807,432.5082362,0.001001968,0.001005531,0.001008742,0.001011081,918.7003576,918.7003576,918.7003576,2943.674283,2943.674283,2943.674283,2943.674283,2943.674283
2/20/1994,1049.473155,1541.045652,1095.343031,763.6286322,782.0981738,1095.343031,2847.807637,9664.509502,3133.180825,2522.908576,8816.242754,3133.180825,2419.898471,5986.396328,3133.180825,2434.570642,2694.874766,3133.180825,248.5942145,247.419316,0.001001968,0.001005531,0.001008742,0.001011081,866.7538031,866.7538031,866.7538031,2898.414376,2898.414376,2898.414376,2898.414376,2898.414376
2/21/1994,2041.542301,3458.465845,2126.106144,1521.720273,1541.045652,2126.106144,4306.044125,9705.273064,4679.815326,3739.69015,9664.509502,4679.815326,3228.767373,8816.242754,4679.815326,2496.328204,5986.396328,4679.815326,403.0845012,401.0138974,0.001001968,0.001005531,0.001008742,0.001011081,863.5980554,863.5980554,863.5980554,2935.656578,2935.656578,2935.656578,2935.656578,2935.656578
2/22/1994,3731.238643,4829.779794,4066.524772,3456.884501,3458.465845,4066.524772,8874.779798,8942.064607,10134.9314,8349.262976,9705.273064,10134.9314,7783.410687,9664.509502,10134.9314,5981.193657,8816.242754,10134.9314,1498.055454,1488.686323,0.001001968,0.001005531,0.001008742,0.001011081,1106.14745,1106.14745,1106.14745,3551.12427,3551.12427,3551.12427,3551.12427,3551.12427
2/23/1994,4081.968943,3701.092531,4621.113553,4830.948454,4829.779794,4621.113553,10589.93966,7684.117275,12465.03806,10914.52222,8942.064607,12465.03806,10794.03433,9705.273064,12465.03806,9556.723846,9664.509502,12465.03806,2349.329969,2333.736681,0.001001968,0.001005531,0.001008742,0.001011081,1589.836303,1589.836303,1589.836303,4609.679224,4609.679224,4609.679224,4609.679224,4609.679224
2/24/1994,3029.147975,2830.575408,3365.339781,3701.009027,3701.092531,3365.339781,8583.747834,6705.191082,9980.027029,8972.231816,7684.117275,9980.027029,9489.846661,8942.064607,9980.027029,10064.46359,9705.273064,9980.027029,1524.871369,1515.311489,0.001001968,0.001005531,0.001008742,0.001011081,2033.94038,2033.94038,2033.94038,5743.725781,5743.725781,5743.725781,5743.725781,5743.725781
2/25/1994,2386.113871,2464.714237,2608.234808,2830.43168,2830.575408,2608.234808,6754.247518,6052.374851,7757.797116,7007.483406,6705.191082,7757.797116,7524.575587,7684.117275,7757.797116,8535.298994,8942.064607,7757.797116,1040.794434,1034.60783,0.001001968,0.001005531,0.001008742,0.001011081,2369.940502,2369.940502,2369.940502,6732.805452,6732.805452,6732.805452,6732.805452,6732.805452
2/26/1994,2136.125442,2262.390555,2333.463266,2464.579048,2464.714237,2333.463266,6141.755325,5819.589932,7052.682376,6298.073946,6052.374851,7052.682376,6672.714159,6705.191082,7052.682376,7364.394734,7684.117275,7052.682376,935.6184432,930.1418735,0.001001968,0.001005531,0.001008742,0.001011081,2639.863726,2639.863726,2639.863726,7480.469994,7480.469994,7480.469994,7480.469994,7480.469994
2/27/1994,1979.843967,2086.87138,2167.625012,2262.264881,2262.390555,2167.625012,5634.207995,5897.553402,6470.59943,5755.391648,5819.589932,6470.59943,6030.682583,6052.374851,6470.59943,6478.899063,6705.191082,6470.59943,896.5508444,891.3355079,0.001001968,0.001005531,0.001008742,0.001011081,2893.912353,2893.912353,2893.912353,8063.287234,8063.287234,8063.287234,8063.287234,8063.287234
2/28/1994,1836.83453,1938.757069,2012.100263,2086.75575,2086.87138,2012.100263,5140.046342,5591.877891,5894.384153,5242.34236,5897.553402,5894.384153,5472.540745,5819.589932,5894.384153,5803.796669,6052.374851,5894.384153,843.4928196,838.6299306,0.001001968,0.001005531,0.001008742,0.001011081,3073.02166,3073.02166,3073.02166,8475.702825,8475.702825,8475.702825,8475.702825,8475.702825
3/1/1994,1713.956777,1813.769493,1877.781987,1938.652167,1938.757069,1877.781987,4745.867767,5131.809195,5435.439871,4834.301297,5591.877891,5435.439871,5036.001705,5897.553402,5435.439871,5310.327842,5819.589932,5435.439871,794.5168344,789.9767559,0.001001968,0.001005531,0.001008742,0.001011081,2986.440332,2986.440332,2986.440332,8252.688413,8252.688413,8252.688413,8252.688413,8252.688413
3/2/1994,1608.925219,1706.426342,1762.929307,1813.675415,1813.769493,1762.929307,4639.722371,4940.715775,5318.113835,4713.019832,5131.809195,5318.113835,4887.897202,5591.877891,5318.113835,5123.307589,5897.553402,5318.113835,752.2566497,747.9930541,0.001001968,0.001005531,0.001008742,0.001011081,2642.798714,2642.798714,2642.798714,7575.082808,7575.082808,7575.082808,7575.082808,7575.082808
3/3/1994,1517.78572,1619.795205,1663.264996,1706.343363,1706.426342,1663.264996,4820.888295,4969.87744,5533.861452,4877.966336,4940.715775,5533.861452,5026.191638,5131.809195,5533.861452,5190.112131,5591.877891,5533.861452,715.411364,711.3871775,0.001001968,0.001005531,0.001008742,0.001011081,2325.734061,2325.734061,2325.734061,6859.356166,6859.356166,6859.356166,6859.356166,6859.356166
3/4/1994,1443.094944,1539.18305,1582.595337,1619.723889,1619.795205,1582.595337,4663.199489,6253.890092,5345.249678,4714.630161,4969.87744,5345.249678,4851.042656,4940.715775,5345.249678,4988.162409,5131.809195,5345.249678,689.8577996,685.9987073,0.001001968,0.001005531,0.001008742,0.001011081,2106.851065,2106.851065,2106.851065,6258.529272,6258.529272,6258.529272,6258.529272,6258.529272
3/5/1994,1376.5141,1467.762739,1509.802111,1539.123382,1539.18305,1509.802111,4251.405043,7678.821912,4863.128037,4298.656592,6253.890092,4863.128037,4429.534073,4969.87744,4863.128037,4617.746961,4940.715775,4863.128037,662.9514876,659.2653568,0.001001968,0.001005531,0.001008742,0.001011081,1945.302577,1945.302577,1945.302577,5821.9687,5821.9687,5821.9687,5821.9687,5821.9687
3/6/1994,1312.578964,1412.739171,1439.749059,1467.71482,1467.762739,1439.749059,4034.258425,13331.63875,4615.580993,4079.147416,7678.821912,4615.580993,4197.34618,6253.890092,4615.580993,4388.724148,4969.87744,4615.580993,636.2163608,632.7011693,0.001001968,0.001005531,0.001008742,0.001011081,1814.988328,1814.988328,1814.988328,5515.336295,5515.336295,5515.336295,5515.336295,5515.336295
3/7/1994,1256.72453,1672.247673,1379.00278,1404.228774,1412.739171,1379.00278,4094.209466,18442.8417,4694.240756,4131.534709,13331.63875,4694.240756,4240.054361,7678.821912,4694.240756,4386.151468,6253.890092,4694.240756,614.9412565,611.5614118,0.001001968,0.001005531,0.001008742,0.001011081,1706.200619,1706.200619,1706.200619,5315.238929,5315.238929,5315.238929,5315.238929,5315.238929
3/8/1994,1699.879217,2259.869693,1867.375841,1667.258497,1672.247673,1867.375841,5906.360265,13125.0865,6808.65127,5716.533046,18442.8417,6808.65127,5725.62964,13331.63875,6808.65127,5476.162859,7678.821912,6808.65127,798.7242214,794.15651,0.001001968,0.001005531,0.001008742,0.001011081,1645.56719,1645.56719,1645.56719,5404.555622,5404.555622,5404.555622,5404.555622,5404.555622
3/9/1994,1804.052828,7255.964023,2008.558314,2057.202955,2259.869693,2008.558314,7273.229845,12910.02481,8482.575225,7318.150418,13125.0865,8482.575225,7185.880603,18442.8417,8482.575225,7040.395016,13331.63875,8482.575225,968.1026876,962.4078447,0.001001968,0.001005531,0.001008742,0.001011081,1638.444937,1638.444937,1638.444937,5745.36485,5745.36485,5745.36485,5745.36485,5745.36485
3/10/1994,6343.609154,4845.696515,7564.948371,7226.308349,7255.964023,7564.948371,16763.9283,11567.57089,20379.02286,16829.8726,12910.02481,20379.02286,16269.14719,13125.0865,20379.02286,11651.54851,18442.8417,20379.02286,4461.033139,4428.988195,0.001001968,0.001005531,0.001008742,0.001011081,2208.364818,2208.364818,2208.364818,6972.213906,6972.213906,6972.213906,6972.213906,6972.213906
3/11/1994,4502.141815,3673.710878,5009.88184,4948.568874,4845.696515,5009.88184,18961.97475,10681.20554,22461.34749,18857.59587,11567.57089,22461.34749,18856.63134,12910.02481,22461.34749,20420.31867,13125.0865,22461.34749,2045.603799,2032.267574,0.001001968,0.001005531,0.001008742,0.001011081,2658.658422,2658.658422,2658.658422,9186.722922,9186.722922,9186.722922,9186.722922,9186.722922
3/12/1994,3281.939186,3468.537057,3667.744565,3687.535236,3673.710878,3667.744565,9102.637422,11120.33722,10556.32264,9217.60397,10681.20554,10556.32264,10262.94247,11567.57089,10556.32264,11025.48577,12910.02481,10556.32264,1663.96128,1653.405726,0.001001968,0.001005531,0.001008742,0.001011081,3067.642519,3067.642519,3067.642519,10558.80893,10558.80893,10558.80893,10558.80893,10558.80893
3/13/1994,3042.049973,3042.130724,3422.972884,3471.978506,3468.537057,3422.972884,9448.244342,10425.28046,11049.0388,9565.257926,11120.33722,11049.0388,10018.2009,10681.20554,11049.0388,11112.14605,11567.57089,11049.0388,1669.81127,1659.213616,0.001001968,0.001005531,0.001008742,0.001011081,3377.214147,3377.214147,3377.214147,11560.0776,11560.0776,11560.0776,11560.0776,11560.0776
3/14/1994,2935.982029,3372.655444,3235.182271,3039.625719,3042.130724,3235.182271,8841.092425,10144.30826,10218.94334,8696.382344,10425.28046,10218.94334,8964.971765,11120.33722,10218.94334,9643.7133,10681.20554,10218.94334,1326.38387,1318.225864,0.001001968,0.001005531,0.001008742,0.001011081,3617.692743,3617.692743,3617.692743,12358.46952,12358.46952,12358.46952,12358.46952,12358.46952
3/15/1994,3299.929461,4084.33658,3611.947436,3357.981408,3372.655444,3611.947436,9319.348592,10200.95519,10728.00269,9124.076059,10144.30826,10728.00269,9051.122709,10425.28046,10728.00269,9157.37147,11120.33722,10728.00269,1370.902767,1362.432409,0.001001968,0.001005531,0.001008742,0.001011081,3829.216656,3829.216656,3829.216656,12942.57077,12942.57077,12942.57077,12942.57077,12942.57077
3/16/1994,3906.753199,4342.959115,4311.222145,4081.800981,4084.33658,4311.222145,10655.75533,9770.885687,12350.77589,10503.10286,10200.95519,12350.77589,10415.75184,10144.30826,12350.77589,10009.58369,10425.28046,12350.77589,1734.961623,1723.893941,0.001001968,0.001005531,0.001008742,0.001011081,4099.199646,4099.199646,4099.199646,13433.88659,13433.88659,13433.88659,13433.88659,13433.88659
3/17/1994,3787.905524,3716.882034,4219.191315,4349.531086,4342.959115,4219.191315,9741.86771,9423.838911,11334.10129,9967.828122,9770.885687,11334.10129,10140.28988,10200.95519,11334.10129,9967.374238,10144.30826,11334.10129,1869.724041,1857.677586,0.001001968,0.001005531,0.001008742,0.001011081,3877.44746,3877.44746,3877.44746,12950.11769,12950.11769,12950.11769,12950.11769,12950.11769
3/18/1994,3182.99597,3212.286632,3516.05986,3719.921753,3716.882034,3516.05986,8355.778674,10435.48281,9656.567543,8629.152544,9423.838911,9656.567543,9079.949916,9770.885687,9656.567543,9574.500406,10200.95519,9656.567543,1475.438019,1466.229454,0.001001968,0.001005531,0.001008742,0.001011081,3750.47256,3750.47256,3750.47256,11436.78393,11436.78393,11436.78393,11436.78393,11436.78393
3/19/1994,2809.433419,2969.93028,3085.742334,3214.727167,3212.286632,3085.742334,7731.574397,11683.93154,8908.003876,7910.046736,10435.48281,8908.003876,8351.809502,9423.838911,8908.003876,9002.726331,9770.885687,8908.003876,1242.950887,1235.374796,0.001001968,0.001005531,0.001008742,0.001011081,3611.356401,3611.356401,3611.356401,10773.65069,10773.65069,10773.65069,10773.65069,10773.65069
3/20/1994,2618.485212,3107.090672,2879.730808,2972.040558,2969.93028,2879.730808,7443.711839,11727.67845,8589.449879,7579.459895,11683.93154,8589.449879,7923.656278,10435.48281,8589.449879,8423.676731,9423.838911,8589.449879,1185.361835,1178.184643,0.001001968,0.001005531,0.001008742,0.001011081,3536.216328,3536.216328,3536.216328,10401.38993,10401.38993,10401.38993,10401.38993,10401.38993
3/21/1994,2534.87967,3988.626333,2790.864614,2815.279285,3107.090672,2790.864614,7499.305075,14081.03748,8668.248004,7560.439994,11727.67845,8668.248004,7851.515729,11683.93154,8668.248004,8193.190982,10435.48281,8668.248004,1168.638493,1161.576696,0.001001968,0.001005531,0.001008742,0.001011081,3510.975266,3510.975266,3510.975266,10187.73977,10187.73977,10187.73977,10187.73977,10187.73977
3/22/1994,4277.143767,4856.45664,4707.736718,4064.211395,3988.626333,4707.736718,10883.13727,16280.60188,12552.8571,10362.79931,14081.03748,12552.8571,10187.33162,11727.67845,12552.8571,9169.683887,11683.93154,12552.8571,1683.745811,1673.047805,0.001001968,0.001005531,0.001008742,0.001011081,3590.988832,3590.988832,3590.988832,10242.30262,10242.30262,10242.30262,10242.30262,10242.30262
3/23/1994,5181.680311,6253.933434,5629.251027,4872.967747,4856.45664,5629.251027,13295.14704,20763.70846,15265.1499,12637.85663,16280.60188,15265.1499,12184.19316,14081.03748,15265.1499,11499.57449,11727.67845,15265.1499,1833.439161,1821.65708,0.001001968,0.001005531,0.001008742,0.001011081,3651.848246,3651.848246,3651.848246,10461.23034,10461.23034,10461.23034,10461.23034,10461.23034
3/24/1994,6599.169798,7925.506795,7185.441425,6191.970705,6253.933434,7185.441425,14166.69463,26480.01142,16150.75034,13360.26558,20763.70846,16150.75034,13048.12343,16280.60188,16150.75034,11455.79796,14081.03748,16150.75034,2392.983515,2377.06297,0.001001968,0.001005531,0.001008742,0.001011081,3824.703821,3824.703821,3824.703821,10828.17555,10828.17555,10828.17555,10828.17555,10828.17555
3/25/1994,8191.187806,9883.128518,8929.338106,7948.833258,7925.506795,8929.338106,17285.45437,33853.5697,19752.56781,16533.12537,26480.01142,19752.56781,15989.96158,20763.70846,19752.56781,14447.29369,16280.60188,19752.56781,2964.447639,2944.184599,0.001001968,0.001005531,0.001008742,0.001011081,4237.94505,4237.94505,4237.94505,11679.17755,11679.17755,11679.17755,11679.17755,11679.17755
3/26/1994,8894.927337,12608.92463,9848.597749,9652.845691,9883.128518,9848.597749,17968.35978,33930.75412,20788.42641,18061.49223,33853.5697,20788.42641,18004.27438,26480.01142,20788.42641,16512.91781,20763.70846,20788.42641,3846.50888,3819.363603,0.001001968,0.001005531,0.001008742,0.001011081,4997.202432,4997.202432,4997.202432,12876.19008,12876.19008,12876.19008,12876.19008,12876.19008
3/27/1994,10109.7612,13615.97173,11548.39184,11913.05441,12608.92463,11548.39184,21168.17124,30592.89361,25135.84325,21966.10892,33930.75412,25135.84325,22834.95223,33853.5697,25135.84325,20425.74917,26480.01142,25135.84325,5567.191317,5526.150732,0.001001968,0.001005531,0.001008742,0.001011081,6202.99055,6202.99055,6202.99055,14804.88803,14804.88803,14804.88803,14804.88803,14804.88803
3/28/1994,12159.07635,13358.92909,13952.07679,13876.71329,13615.97173,13952.07679,27245.09874,26465.39114,32513.01975,27745.03369,30592.89361,32513.01975,28795.80112,33930.75412,32513.01975,26597.74799,33853.5697,32513.01975,6500.469419,6451.691294,0.001001968,0.001005531,0.001008742,0.001011081,7717.53757,7717.53757,7717.53757,17675.68578,17675.68578,17675.68578,17675.68578,17675.68578
3/29/1994,11832.12715,12833.43032,13546.76356,13588.89454,13358.92909,13546.76356,30552.54261,23489.13094,36603.09469,31019.17184,26465.39114,36603.09469,32191.83112,30592.89361,36603.09469,32978.19544,33930.75412,36603.09469,6395.116072,6347.217436,0.001001968,0.001005531,0.001008742,0.001011081,9125.579193,9125.579193,9125.579193,21186.49138,21186.49138,21186.49138,21186.49138,21186.49138
3/30/1994,10668.36372,10358.94171,12314.47814,12898.9508,12833.43032,12314.47814,26551.41916,21675.46421,31920.42502,27562.49924,23489.13094,31920.42502,29135.10221,26465.39114,31920.42502,30359.02112,30592.89361,31920.42502,6250.059892,6203.369765,0.001001968,0.001005531,0.001008742,0.001011081,10416.43333,10416.43333,10416.43333,24111.79361,24111.79361,24111.79361,24111.79361,24111.79361
3/31/1994,8657.112326,8562.383945,9850.049213,10402.08574,10358.94171,9850.049213,21771.12655,21012.84788,25896.07204,22613.40222,21675.46421,25896.07204,24285.5797,23489.13094,25896.07204,27027.36315,26465.39114,25896.07204,4632.866849,4599.438507,0.001001968,0.001005531,0.001008742,0.001011081,11242.35935,11242.35935,11242.35935,26373.08737,26373.08737,26373.08737,26373.08737,26373.08737
4/1/1994,7463.06605,8190.903737,8376.045232,8567.818874,8562.383945,8376.045232,17956.35648,22150.07889,21096.15759,18385.79852,21012.84788,21096.15759,19800.22502,21675.46421,21096.15759,22103.14083,23489.13094,21096.15759,3598.716111,3573.523557,0.001001968,0.001005531,0.001008742,0.001011081,11596.97615,11596.97615,11596.97615,27582.30464,27582.30464,27582.30464,27582.30464,27582.30464
4/2/1994,7484.846598,8821.776931,8348.524032,8173.693633,8190.903737,8348.524032,17766.67857,23385.92955,20750.93384,17827.5191,22150.07889,20750.93384,18660.62043,21012.84788,20750.93384,19653.41674,21675.46421,20750.93384,3408.462904,3384.759825,0.001001968,0.001005531,0.001008742,0.001011081,11536.69357,11536.69357,11536.69357,28103.40579,28103.40579,28103.40579,28103.40579,28103.40579
4/3/1994,8228.246624,11208.09558,9131.537949,8602.046519,8821.776931,9131.537949,18990.87921,23978.17093,22078.57304,18718.09263,23385.92955,22078.57304,19119.30189,22150.07889,22078.57304,19097.05411,21012.84788,22078.57304,3545.333058,3520.559318,0.001001968,0.001005531,0.001008742,0.001011081,11071.28057,11071.28057,11071.28057,27903.30504,27903.30504,27903.30504,27903.30504,27903.30504
4/4/1994,11014.64872,13821.78508,12290.64721,11234.12586,11208.09558,12290.64721,22624.68114,30743.4637,26291.675,22015.24638,23978.17093,26291.675,21890.25023,23385.92955,26291.675,19672.36081,22150.07889,26291.675,4792.287989,4757.571325,0.001001968,0.001005531,0.001008742,0.001011081,10577.05673,10577.05673,10577.05673,26965.93156,26965.93156,26965.93156,26965.93156,26965.93156
4/5/1994,12964.55213,14549.7307,14597.11032,13792.7838,13821.78508,14597.11032,24687.52745,33248.84686,28948.40083,24442.80177,30743.4637,28948.40083,24597.25905,23978.17093,28948.40083,22698.77402,23385.92955,28948.40083,6147.365939,6101.52966,0.001001968,0.001005531,0.001008742,0.001011081,10443.34701,10443.34701,10443.34701,25386.8763,25386.8763,25386.8763,25386.8763,25386.8763
4/6/1994,13139.65525,17311.92601,14690.63907,13993.93442,14549.7307,14690.63907,23708.80242,29643.16379,27579.65533,23557.87716,33248.84686,27579.65533,24422.18075,30743.4637,27579.65533,23673.90986,23978.17093,27579.65533,5869.505786,5825.972383,0.001001968,0.001005531,0.001008742,0.001011081,10493.00073,10493.00073,10493.00073,24274.8937,24274.8937,24274.8937,24274.8937,24274.8937
4/7/1994,16562.94812,19731.16644,18624.87893,17532.22984,17311.92601,18624.87893,27264.09424,27251.32591,31646.37827,27031.81837,29643.16379,31646.37827,27409.06601,33248.84686,31646.37827,23684.77779,30743.4637,31646.37827,7399.277031,7342.938852,0.001001968,0.001005531,0.001008742,0.001011081,11194.09938,11194.09938,11194.09938,24017.38771,24017.38771,24017.38771,24017.38771,24017.38771
4/8/1994,17602.20584,18392.01362,20100.97359,19898.3429,19731.16644,20100.97359,31634.40781,31938.91679,37586.32502,32276.99862,27251.32591,37586.32502,33598.6158,29643.16379,37586.32502,32116.90483,33248.84686,37586.32502,9167.654396,9096.179824,0.001001968,0.001005531,0.001008742,0.001011081,12587.12337,12587.12337,12587.12337,25232.27826,25232.27826,25232.27826,25232.27826,25232.27826
4/9/1994,14601.15294,14318.80312,16734.85597,17998.15811,18392.01362,16734.85597,26677.08753,34045.00896,31824.57548,28637.5936,31938.91679,31824.57548,31017.02098,27251.32591,31824.57548,32716.84305,29643.16379,31824.57548,8000.534441,7939.086323,0.001001968,0.001005531,0.001008742,0.001011081,14037.58901,14037.58901,14037.58901,26864.78394,26864.78394,26864.78394,26864.78394,26864.78394
4/10/1994,12780.17716,18383.38452,14015.21281,13749.64914,14318.80312,14015.21281,20776.54436,32385.41681,23711.40173,21005.6475,34045.00896,23711.40173,23181.19091,31938.91679,23711.40173,27097.59996,27251.32591,23711.40173,4536.261837,4503.611923,0.001001968,0.001005531,0.001008742,0.001011081,14977.43332,14977.43332,14977.43332,28000.15991,28000.15991,28000.15991,28000.15991,28000.15991
4/11/1994,18055.79651,23002.35105,20379.59222,18620.21074,18383.38452,20379.59222,25247.71401,38382.85058,29525.30718,24466.98322,32385.41681,29525.30718,26040.78147,34045.00896,29525.30718,22693.35322,31938.91679,29525.30718,8300.809507,8236.794846,0.001001968,0.001005531,0.001008742,0.001011081,16121.75593,16121.75593,16121.75593,28611.47571,28611.47571,28611.47571,28611.47571,28611.47571
4/12/1994,20141.61048,22830.25531,23282.44934,22840.5602,23002.35105,23282.44934,33492.36842,42174.04429,40389.79023,34130.74602,38382.85058,40389.79023,35502.69565,32385.41681,40389.79023,32845.85616,34045.00896,40389.79023,11364.3762,11273.69798,0.001001968,0.001005531,0.001008742,0.001011081,17390.23925,17390.23925,17390.23925,29662.65301,29662.65301,29662.65301,29662.65301,29662.65301
4/13/1994,17773.50133,21160.91839,20467.41655,21510.01366,22830.25531,20467.41655,30694.25627,37744.00104,36722.58771,32696.01456,42174.04429,36722.58771,34930.60447,38382.85058,36722.58771,34711.05257,32385.41681,36722.58771,9771.615965,9694.902163,0.001001968,0.001005531,0.001008742,0.001011081,18511.41958,18511.41958,18511.41958,31174.19208,31174.19208,31174.19208,31174.19208,31174.19208
4/14/1994,21253.66069,26864.99211,23858.69211,21706.74428,21160.91839,23858.69211,31379.08214,37203.25755,36484.96127,30390.5226,37744.00104,36484.96127,32800.72868,42174.04429,36484.96127,31905.00542,38382.85058,36484.96127,8813.667228,8745.247822,0.001001968,0.001005531,0.001008742,0.001011081,19336.81163,19336.81163,19336.81163,32451.24149,32451.24149,32451.24149,32451.24149,32451.24149
4/15/1994,25581.10654,29305.99538,29198.70496,26763.92498,26864.99211,29198.70496,38141.76575,35517.4693,45493.80112,37041.92328,37203.25755,45493.80112,38574.661,37744.00104,45493.80112,36989.58479,42174.04429,45493.80112,12743.69399,12640.76792,0.001001968,0.001005531,0.001008742,0.001011081,20199.99114,20199.99114,20199.99114,33214.55764,33214.55764,33214.55764,33214.55764,33214.55764
4/16/1994,24117.3853,21621.49904,28046.60668,29356.29897,29305.99538,28046.60668,38418.90521,31001.38386,46647.09748,41091.85153,35517.4693,46647.09748,43193.64842,37203.25755,46647.09748,40813.92796,37744.00104,46647.09748,13910.40925,13797.02336,0.001001968,0.001005531,0.001008742,0.001011081,21555.47669,21555.47669,21555.47669,34458.38104,34458.38104,34458.38104,34458.38104,34458.38104
4/17/1994,18859.16677,18386.96636,21102.26184,22095.53649,21621.49904,21102.26184,28685.16794,26986.22752,33471.34869,30539.05826,31001.38386,33471.34869,33668.73583,35517.4693,33471.34869,38847.38836,37203.25755,33471.34869,7981.742529,7920.454718,0.001001968,0.001005531,0.001008742,0.001011081,22761.40379,22761.40379,22761.40379,36068.40484,36068.40484,36068.40484,36068.40484,36068.40484
4/18/1994,15597.10047,15556.22815,17326.18078,18630.47147,18386.96636,17326.18078,22248.3245,22825.36097,25721.66758,24232.85788,26986.22752,25721.66758,27111.75998,31001.38386,25721.66758,31182.10178,35517.4693,25721.66758,6372.963819,6325.249924,0.001001968,0.001005531,0.001008742,0.001011081,23032.45895,23032.45895,23032.45895,37408.54017,37408.54017,37408.54017,37408.54017,37408.54017
4/19/1994,12199.64256,11341.71431,13665.64868,15640.40883,15556.22815,13665.64868,21286.6906,19203.74785,24967.25889,23745.90626,22825.36097,24967.25889,26865.9564,26986.22752,24967.25889,29837.31433,31001.38386,24967.25889,5555.003196,5514.062824,0.001001968,0.001005531,0.001008742,0.001011081,22475.07539,22475.07539,22475.07539,37373.01087,37373.01087,37373.01087,37373.01087,37373.01087
4/20/1994,9259.395796,9499.219971,10202.29251,11407.82526,11341.71431,10202.29251,17903.80097,16793.38912,20758.13401,19394.08193,19203.74785,20758.13401,22309.9553,22825.36097,20758.13401,26666.58791,26986.22752,20758.13401,3634.246437,3608.774756,0.001001968,0.001005531,0.001008742,0.001011081,21365.02041,21365.02041,21365.02041,36055.90676,36055.90676,36055.90676,36055.90676,36055.90676
4/21/1994,7926.027214,8368.683939,8759.11222,9541.431116,9499.219971,8759.11222,15396.61638,15110.42755,17864.2683,16437.22647,16793.38912,17864.2683,18486.41497,19203.74785,17864.2683,21502.23431,22825.36097,17864.2683,3256.822742,3234.300389,0.001001968,0.001005531,0.001008742,0.001011081,19803.56973,19803.56973,19803.56973,34046.71699,34046.71699,34046.71699,34046.71699,34046.71699
4/22/1994,7159.182716,7758.002211,7953.637726,8397.315074,8368.683939,7953.637726,14490.79146,13975.91164,16894.76231,15170.66877,15110.42755,16894.76231,16755.57777,16793.38912,16894.76231,18652.86698,19203.74785,16894.76231,3143.4224,3121.779109,0.001001968,0.001005531,0.001008742,0.001011081,17556.65598,17556.65598,17556.65598,31212.26272,31212.26272,31212.26272,31212.26272,31212.26272
4/23/1994,6699.155897,7235.861449,7487.570072,7778.743775,7758.002211,7487.570072,13280.91277,13085.40968,15531.86737,13816.04283,13975.91164,15531.86737,15023.59485,15110.42755,15531.86737,16306.84723,16793.38912,15531.86737,3146.507492,3124.840332,0.001001968,0.001005531,0.001008742,0.001011081,14750.15211,14750.15211,14750.15211,27558.11802,27558.11802,27558.11802,27558.11802,27558.11802
4/24/1994,6281.560436,6799.479943,7041.517778,7251.19599,7235.861449,7041.517778,12214.49233,12732.62861,14298.98618,12666.52104,13085.40968,14298.98618,13688.94077,13975.91164,14298.98618,14625.27907,15110.42755,14298.98618,3056.264502,3035.294487,0.001001968,0.001005531,0.001008742,0.001011081,12508.74667,12508.74667,12508.74667,23924.49037,23924.49037,23924.49037,23924.49037,23924.49037
4/25/1994,5917.064384,6454.087955,6645.751594,6809.229149,6799.479943,6645.751594,11321.74126,12407.27125,13260.53997,11722.83942,12732.62861,13260.53997,12635.09778,13085.40968,13260.53997,13379.45784,13975.91164,13260.53997,2951.165454,2931.004486,0.001001968,0.001005531,0.001008742,0.001011081,10669.62338,10669.62338,10669.62338,20763.69078,20763.69078,20763.69078,20763.69078,20763.69078
4/26/1994,5646.68061,6391.200265,6349.801821,6459.376042,6454.087955,6349.801821,10766.03736,11885.9152,12606.98651,11107.87971,12407.27125,12606.98651,11936.77219,12732.62861,12606.98651,12488.45901,13085.40968,12606.98651,2864.095448,2844.602332,0.001001968,0.001005531,0.001008742,0.001011081,9121.117748,9121.117748,9121.117748,18155.53459,18155.53459,18155.53459,18155.53459,18155.53459
4/27/1994,5571.485056,6177.986154,6298.461789,6392.995428,6391.200265,6298.461789,10398.81309,11473.29096,12222.03737,10738.30426,11885.9152,12222.03737,11511.68965,12407.27125,12222.03737,11835.01264,12732.62861,12222.03737,2967.431051,2947.145077,0.001001968,0.001005531,0.001008742,0.001011081,8111.748838,8111.748838,8111.748838,16085.46856,16085.46856,16085.46856,16085.46856,16085.46856
4/28/1994,5370.0581,5767.993998,6080.839148,6183.450225,6177.986154,6080.839148,10232.19166,12416.24836,12042.78424,10570.43885,11473.29096,12042.78424,11314.23856,11885.9152,12042.78424,11695.13019,12407.27125,12042.78424,2911.925143,2892.065434,0.001001968,0.001005531,0.001008742,0.001011081,7450.926344,7450.926344,7450.926344,14634.89326,14634.89326,14634.89326,14634.89326,14634.89326
4/29/1994,5029.576464,5572.578628,5687.571394,5773.502424,5767.993998,5687.571394,9771.983448,12505.31556,11484.45357,10072.86322,12416.24836,11484.45357,10823.97022,11473.29096,11484.45357,11333.61101,11885.9152,11484.45357,2716.120487,2697.757175,0.001001968,0.001005531,0.001008742,0.001011081,6964.758072,6964.758072,6964.758072,13664.09213,13664.09213,13664.09213,13664.09213,13664.09213
4/30/1994,4831.721411,6187.993046,5466.656786,5511.405902,5572.578628,5466.656786,9426.894403,12124.98274,11066.62126,9682.825533,12505.31556,11066.62126,10390.59675,12416.24836,11066.62126,10727.34235,11473.29096,11066.62126,2635.695954,2617.943834,0.001001968,0.001005531,0.001008742,0.001011081,6581.394293,6581.394293,6581.394293,12950.50832,12950.50832,12950.50832,12950.50832,12950.50832
5/1/1994,5528.952209,6579.768718,6278.982076,6197.675894,6187.993046,6278.982076,10471.01314,11095.27335,12280.4326,10661.9059,12124.98274,12280.4326,11089.56882,12505.31556,12280.4326,10487.31114,12416.24836,12280.4326,3040.11918,3019.273654,0.001001968,0.001005531,0.001008742,0.001011081,6341.137254,6341.137254,6341.137254,12454.34915,12454.34915,12454.34915,12454.34915,12454.34915
5/2/1994,5838.814827,5805.113306,6672.127212,6629.179425,6579.768718,6672.127212,11602.09904,10187.24065,13707.71459,11834.12166,11095.27335,13707.71459,12420.78262,12124.98274,13707.71459,12152.11768,12505.31556,13707.71459,3374.087023,3350.652119,0.001001968,0.001005531,0.001008742,0.001011081,6254.673785,6254.673785,6254.673785,12296.27772,12296.27772,12296.27772,12296.27772,12296.27772
5/3/1994,4984.551514,4959.790985,5695.495013,5815.47487,5805.113306,5695.495013,10049.11573,9906.692257,11873.6437,10397.56753,10187.24065,11873.6437,11325.98782,11095.27335,11873.6437,12051.88313,12124.98274,11873.6437,2946.575904,2926.450195,0.001001968,0.001005531,0.001008742,0.001011081,6173.662747,6173.662747,6173.662747,12205.57629,12205.57629,12205.57629,12205.57629,12205.57629
5/4/1994,4233.202827,4441.264617,4793.80627,4960.796862,4959.790985,4793.80627,8582.517812,10681.57317,10061.58296,8930.796507,9906.692257,10061.58296,9654.631663,10187.24065,10061.58296,10807.30211,11095.27335,10061.58296,2365.06358,2349.352421,0.001001968,0.001005531,0.001008742,0.001011081,5982.5806,5982.5806,5982.5806,12069.95087,12069.95087,12069.95087,12069.95087,12069.95087
5/5/1994,3870.085105,4280.202735,4359.387269,4441.686425,4441.264617,4359.387269,7812.587929,11897.98171,9118.340648,8054.227155,10681.57317,9118.340648,8693.436741,9906.692257,9118.340648,9410.765958,10187.24065,9118.340648,2084.675487,2071.05095,0.001001968,0.001005531,0.001008742,0.001011081,5745.887944,5745.887944,5745.887944,11792.98835,11792.98835,11792.98835,11792.98835,11792.98835
5/6/1994,3739.708789,4365.663444,4220.327318,4274.371583,4280.202735,4220.327318,7757.933718,10583.95346,9073.25453,7963.7401,11897.98171,9073.25453,8493.820105,10681.57317,9073.25453,8901.773684,9906.692257,9073.25453,2056.10855,2042.694871,0.001001968,0.001005531,0.001008742,0.001011081,5521.839012,5521.839012,5521.839012,11439.92864,11439.92864,11439.92864,11439.92864,11439.92864
5/7/1994,3678.874137,5031.673947,4162.681375,4201.841706,4365.663444,4162.681375,7968.349327,9760.889185,9346.203534,8153.80547,10583.95346,9346.203534,8638.007011,11897.98171,9346.203534,8871.312949,10681.57317,9346.203534,2072.773357,2059.236713,0.001001968,0.001005531,0.001008742,0.001011081,5323.222322,5323.222322,5323.222322,11143.29372,11143.29372,11143.29372,11143.29372,11143.29372
5/8/1994,4556.905425,5287.22578,5206.639312,5091.768385,5031.673947,5206.639312,10060.47865,9153.575774,11869.70159,10153.93641,9760.889185,11869.70159,10557.52624,10583.95346,11869.70159,9667.456728,11897.98171,11869.70159,2672.411892,2654.381002,0.001001968,0.001005531,0.001008742,0.001011081,5178.31638,5178.31638,5178.31638,11043.53586,11043.53586,11043.53586,11043.53586,11043.53586
5/9/1994,4645.677309,4309.221458,5333.983613,5362.242094,5287.22578,5333.983613,11029.41254,8656.86096,13097.2715,11245.673,9153.575774,13097.2715,11614.94689,9760.889185,13097.2715,11724.34892,10583.95346,13097.2715,2845.959009,2826.604723,0.001001968,0.001005531,0.001008742,0.001011081,4990.016858,4990.016858,4990.016858,10957.24654,10957.24654,10957.24654,10957.24654,10957.24654
5/10/1994,3712.842096,3869.558215,4223.825235,4313.146499,4309.221458,4223.825235,8156.708986,8638.480599,9580.034254,8401.652596,8656.86096,9580.034254,9123.935942,9153.575774,9580.034254,9891.104336,9760.889185,9580.034254,2184.855893,2170.489301,0.001001968,0.001005531,0.001008742,0.001011081,4772.304712,4772.304712,4772.304712,10681.5884,10681.5884,10681.5884,10681.5884,10681.5884
5/11/1994,3355.250968,3826.45356,3795.593891,3853.115667,3869.558215,3795.593891,7045.470139,8284.680039,8224.868514,7245.333676,8638.480599,8224.868514,7785.327579,8656.86096,8224.868514,8521.805838,9153.575774,8224.868514,1906.629799,1894.31383,0.001001968,0.001005531,0.001008742,0.001011081,4602.23449,4602.23449,4602.23449,10378.94389,10378.94389,10378.94389,10378.94389,10378.94389
5/12/1994,3361.594408,3825.300044,3803.526747,3816.32764,3826.45356,3803.526747,7149.086865,7980.104869,8340.97572,7305.537854,8284.680039,8340.97572,7726.20499,8638.480599,8340.97572,7913.746926,8656.86096,8340.97572,1909.657309,1897.319205,0.001001968,0.001005531,0.001008742,0.001011081,4487.316436,4487.316436,4487.316436,10144.5138,10144.5138,10144.5138,10144.5138,10144.5138
5/13/1994,3351.641587,3679.591388,3799.431989,3840.79323,3825.300044,3799.431989,7234.648029,8683.623217,8459.800597,7419.00977,7980.104869,8459.800597,7794.346986,8284.680039,8459.800597,7946.462471,8638.480599,8459.800597,1932.469142,1919.964112,0.001001968,0.001005531,0.001008742,0.001011081,4406.944805,4406.944805,4406.944805,9983.752336,9983.752336,9983.752336,9983.752336,9983.752336
5/14/1994,3236.449493,3573.360503,3671.35541,3688.437202,3679.591388,3671.35541,7041.516917,8647.883244,8253.610311,7190.586307,8683.623217,8253.610311,7634.72446,7980.104869,8253.610311,7941.687703,8284.680039,8253.610311,1890.096572,1877.901417,0.001001968,0.001005531,0.001008742,0.001011081,4333.363111,4333.363111,4333.363111,9832.467944,9832.467944,9832.467944,9832.467944,9832.467944
5/15/1994,2976.036279,3746.677968,3377.541296,3428.913338,3573.360503,3377.541296,6476.478623,8341.493144,7592.749458,6649.291412,8647.883244,7592.749458,7098.478312,8683.623217,7592.749458,7489.340015,7980.104869,7592.749458,1764.512823,1753.231251,0.001001968,0.001005531,0.001008742,0.001011081,4130.863753,4130.863753,4130.863753,9420.885905,9420.885905,9420.885905,9420.885905,9420.885905
5/16/1994,3286.285544,3868.862872,3744.936166,3769.971453,3746.677968,3744.936166,6960.097609,7911.159302,8153.907365,7144.050644,8341.493144,8153.907365,7517.160225,8647.883244,8153.907365,7125.786539,8683.623217,8153.907365,1950.672324,1938.033929,0.001001968,0.001005531,0.001008742,0.001011081,3924.658327,3924.658327,3924.658327,8815.575772,8815.575772,8815.575772,8815.575772,8815.575772
5/17/1994,3529.055877,3782.119556,4022.405659,3942.831189,3868.862872,4022.405659,7956.696886,7438.596139,9352.43424,8026.547274,7911.159302,9352.43424,8365.177326,8341.493144,9352.43424,8413.809965,8647.883244,9352.43424,2097.405259,2083.686654,0.001001968,0.001005531,0.001008742,0.001011081,3820.906182,3820.906182,3820.906182,8568.508757,8568.508757,8568.508757,8568.508757,8568.508757
5/18/1994,3315.282883,3332.482275,3803.079172,3796.25153,3782.119556,3803.079172,7228.323324,6878.656442,8529.577129,7371.322313,7438.596139,8529.577129,7858.416449,7911.159302,8529.577129,8045.624316,8341.493144,8529.577129,2111.677129,2097.852982,0.001001968,0.001005531,0.001008742,0.001011081,3799.696738,3799.696738,3799.696738,8446.83544,8446.83544,8446.83544,8446.83544,8446.83544
5/19/1994,2843.657856,3056.969398,3239.743703,3329.155919,3332.482275,3239.743703,6449.321173,6465.669263,7563.761203,6657.039168,6878.656442,7563.761203,7063.014232,7438.596139,7563.761203,7663.334513,7911.159302,7563.761203,1747.559045,1736.400236,0.001001968,0.001005531,0.001008742,0.001011081,3734.408453,3734.408453,3734.408453,8365.953642,8365.953642,8365.953642,8365.953642,8365.953642
5/20/1994,2647.779051,2868.013857,3003.632042,3059.866342,3056.969398,3003.632042,5970.446721,6178.11905,6973.642777,6135.241469,6465.669263,6973.642777,6527.916359,6878.656442,6973.642777,6878.429702,7438.596139,6973.642777,1581.512102,1571.548011,0.001001968,0.001005531,0.001008742,0.001011081,3636.668776,3636.668776,3636.668776,8251.763745,8251.763745,8251.763745,8251.763745,8251.763745
5/21/1994,2502.549214,2686.333616,2834.875639,2869.137107,2868.013857,2834.875639,5787.914322,6061.23255,6760.719244,5918.844419,6178.11905,6760.719244,6274.406422,6465.669263,6760.719244,6626.153171,6878.656442,6760.719244,1487.893947,1478.59699,0.001001968,0.001005531,0.001008742,0.001011081,3519.675481,3519.675481,3519.675481,8072.528096,8072.528096,8072.528096,8072.528096,8072.528096
5/22/1994,2350.581505,2587.578296,2659.08148,2686.091783,2686.333616,2659.08148,5368.906608,6191.508515,6261.772998,5486.987823,6061.23255,6261.772998,5817.853353,6178.11905,6261.772998,6120.230165,6465.669263,6261.772998,1392.610858,1383.987744,0.001001968,0.001005531,0.001008742,0.001011081,3408.182352,3408.182352,3408.182352,7873.016848,7873.016848,7873.016848,7873.016848,7873.016848
5/23/1994,2267.533237,2509.439294,2565.383632,2587.316154,2587.578296,2565.383632,5131.887126,6137.017852,5986.510844,5242.0916,6191.508515,5986.510844,5536.065417,6061.23255,5986.510844,5776.338329,6178.11905,5986.510844,1350.700561,1342.3721,0.001001968,0.001005531,0.001008742,0.001011081,3248.398624,3248.398624,3248.398624,7615.37439,7615.37439,7615.37439,7615.37439,7615.37439
5/24/1994,2194.971472,2489.408342,2483.446969,2503.666223,2509.439294,2483.446969,4988.655104,6043.010465,5820.362778,5093.686866,6137.017852,5820.362778,5369.478321,6191.508515,5820.362778,5557.242717,6061.23255,5820.362778,1313.633382,1305.564602,0.001001968,0.001005531,0.001008742,0.001011081,3056.366857,3056.366857,3056.366857,7198.897364,7198.897364,7198.897364,7198.897364,7198.897364
5/25/1994,2168.590275,2528.762431,2454.770712,2469.383911,2489.408342,2454.770712,5038.653874,5901.567704,5877.644733,5136.713271,6043.010465,5877.644733,5394.16235,6137.017852,5877.644733,5481.545437,6191.508515,5877.644733,1304.410304,1296.406001,0.001001968,0.001005531,0.001008742,0.001011081,2859.097107,2859.097107,2859.097107,6828.546752,6828.546752,6828.546752,6828.546752,6828.546752
5/26/1994,2270.374045,2662.766976,2560.719777,2502.161591,2528.762431,2560.719777,5353.446007,5629.97917,6237.523096,5375.81163,5901.567704,6237.523096,5599.218761,6043.010465,6237.523096,5671.27314,6137.017852,6237.523096,1317.231429,1309.137482,0.001001968,0.001005531,0.001008742,0.001011081,2728.628401,2728.628401,2728.628401,6552.248079,6552.248079,6552.248079,6552.248079,6552.248079
5/27/1994,2384.226107,2619.792882,2700.615345,2684.31199,2662.766976,2700.615345,5415.255555,5355.057943,6328.035562,5491.501825,5629.97917,6328.035562,5688.668124,5901.567704,6328.035562,5640.420068,6043.010465,6328.035562,1421.377594,1412.55161,0.001001968,0.001005531,0.001008742,0.001011081,2652.691196,2652.691196,2652.691196,6337.907577,6337.907577,6337.907577,6337.907577,6337.907577
5/28/1994,2302.338614,2352.632086,2617.745703,2643.939091,2619.792882,2617.745703,5203.058144,5060.363822,6097.712837,5320.727194,5355.057943,6097.712837,5596.068751,5629.97917,6097.712837,5682.933207,5901.567704,6097.712837,1427.578872,1418.709089,0.001001968,0.001005531,0.001008742,0.001011081,2610.656751,2610.656751,2610.656751,6178.842544,6178.842544,6178.842544,6178.842544,6178.842544
5/29/1994,2021.696024,2119.628643,2292.104207,2353.43926,2352.632086,2292.104207,4681.773076,4864.395592,5471.409169,4819.52861,5060.363822,5471.409169,5117.847137,5355.057943,5471.409169,5450.970206,5629.97917,5471.409169,1247.164267,1239.558902,0.001001968,0.001005531,0.001008742,0.001011081,2562.943848,2562.943848,2562.943848,6067.474259,6067.474259,6067.474259,6067.474259,6067.474259
5/30/1994,1860.856049,2092.726539,2096.898674,2119.264912,2119.628643,2096.898674,4293.693952,4780.695969,4994.002593,4382.776496,4864.395592,4994.002593,4654.350149,5060.363822,4994.002593,4971.227614,5355.057943,4994.002593,1101.437501,1094.837321,0.001001968,0.001005531,0.001008742,0.001011081,2500.38873,2500.38873,2500.38873,5956.974278,5956.974278,5956.974278,5956.974278,5956.974278
5/31/1994,1828.523443,2005.044437,2066.548476,2089.619675,2092.726539,2066.548476,4235.981118,4686.792696,4937.53707,4326.041329,4780.695969,4937.53707,4553.508887,4864.395592,4937.53707,4707.045752,5060.363822,4937.53707,1112.173957,1105.500256,0.001001968,0.001005531,0.001008742,0.001011081,2440.3786,2440.3786,2440.3786,5838.419161,5838.419161,5838.419161,5838.419161,5838.419161
6/1/1994,1770.888993,2002.393045,1995.687027,2005.243101,2005.044437,1995.687027,4128.718116,4553.648569,4805.579984,4200.305652,4686.792696,4805.579984,4404.249504,4780.695969,4805.579984,4581.499306,4864.395592,4805.579984,1054.884019,1048.601588,0.001001968,0.001005531,0.001008742,0.001011081,2373.990752,2373.990752,2373.990752,5685.949939,5685.949939,5685.949939,5685.949939,5685.949939
6/2/1994,1764.943017,1929.961424,1991.564027,2004.182197,2002.393045,1991.564027,4021.634453,4962.521221,4684.432316,4098.338331,4553.648569,4684.432316,4285.842036,4686.792696,4684.432316,4378.076179,4780.695969,4684.432316,1063.834682,1057.491292,0.001001968,0.001005531,0.001008742,0.001011081,2304.143463,2304.143463,2304.143463,5484.091733,5484.091733,5484.091733,5484.091733,5484.091733
6/3/1994,1689.974803,1832.654955,1910.529768,1929.848761,1929.961424,1910.529768,3965.09303,6616.242996,4625.027366,4044.66494,4962.521221,4625.027366,4265.668572,4553.648569,4625.027366,4370.307843,4686.792696,4625.027366,1041.108398,1034.919661,0.001001968,0.001005531,0.001008742,0.001011081,2210.622378,2210.622378,2210.622378,5277.859289,5277.859289,5277.859289,5277.859289,5277.859289
6/4/1994,1601.99857,1752.523098,1808.977118,1832.472493,1832.654955,1808.977118,3827.083912,6411.443085,4459.003493,3906.017955,6616.242996,4459.003493,4104.743933,4962.521221,4459.003493,4274.348523,4553.648569,4459.003493,983.5062826,977.707611,0.001001968,0.001005531,0.001008742,0.001011081,2096.867131,2096.867131,2096.867131,5071.555883,5071.555883,5071.555883,5071.555883,5071.555883
6/5/1994,1540.152881,1711.955693,1737.311003,1752.256359,1752.523098,1737.311003,3689.736303,4747.366534,4294.499526,3757.328435,6411.443085,4294.499526,3946.945206,6616.242996,4294.499526,4089.087678,4962.521221,4294.499526,941.7637766,936.245987,0.001001968,0.001005531,0.001008742,0.001011081,2004.366807,2004.366807,2004.366807,4878.309227,4878.309227,4878.309227,4878.309227,4878.309227
6/6/1994,1501.189301,1718.393773,1693.668039,1706.507337,1711.955693,1693.668039,4094.108631,4377.593451,4775.78403,4148.015116,4747.366534,4775.78403,4309.670011,6411.443085,4775.78403,4431.556541,6616.242996,4775.78403,922.4033184,917.0152728,0.001001968,0.001005531,0.001008742,0.001011081,1936.767838,1936.767838,1936.767838,4798.970995,4798.970995,4798.970995,4798.970995,4798.970995
6/7/1994,1508.443818,1737.995351,1698.176052,1719.481863,1718.393773,1698.176052,5600.232567,4295.383364,6569.642169,5630.743435,4377.593451,6569.642169,5701.154741,4747.366534,6569.642169,5807.351627,6411.443085,6569.642169,905.9684812,900.6903022,0.001001968,0.001005531,0.001008742,0.001011081,1874.686084,1874.686084,1874.686084,5003.722098,5003.722098,5003.722098,5003.722098,5003.722098
6/8/1994,1577.442289,1689.508046,1768.032947,1741.656324,1737.995351,1768.032947,5499.870155,4311.932688,6440.796963,5484.8554,4295.383364,6440.796963,5559.769456,4377.593451,6440.796963,5683.772064,4747.366534,6440.796963,908.3419308,903.0479009,0.001001968,0.001005531,0.001008742,0.001011081,1829.720217,1829.720217,1829.720217,5220.57902,5220.57902,5220.57902,5220.57902,5220.57902
6/9/1994,1493.720906,1588.140118,1688.06651,1689.649637,1689.508046,1688.06651,4008.306375,6725.874785,4680.251138,4052.192206,4311.932688,4680.251138,4264.662401,4295.383364,4680.251138,4296.990421,4377.593451,4680.251138,933.878522,928.4136167,0.001001968,0.001005531,0.001008742,0.001011081,1793.928752,1793.928752,1793.928752,5220.764226,5220.764226,5220.764226,5220.764226,5220.764226
6/10/1994,1378.960182,1495.462392,1557.269571,1588.123497,1588.140118,1557.269571,3598.223385,4897.625622,4192.273139,3670.773808,6725.874785,4192.273139,3833.452506,4311.932688,4192.273139,4040.037997,4295.383364,4192.273139,865.0906128,860.0845899,0.001001968,0.001005531,0.001008742,0.001011081,1742.682963,1742.682963,1742.682963,5162.02675,5162.02675,5162.02675,5162.02675,5162.02675
6/11/1994,1297.787922,2210.199948,1460.524192,1475.547391,1495.462392,1460.524192,3444.876578,3875.926776,4001.407863,3497.79624,4897.625622,4001.407863,3660.185427,6725.874785,4001.407863,3794.372499,4311.932688,4001.407863,796.4533104,791.9005161,0.001001968,0.001005531,0.001008742,0.001011081,1692.273725,1692.273725,1692.273725,5101.508259,5101.508259,5101.508259,5101.508259,5101.508259
6/12/1994,1952.176203,2811.665032,2240.117753,2167.603801,2210.199948,2240.117753,4732.326726,6607.456082,5528.416764,4762.269138,3875.926776,5528.416764,4872.302195,4897.625622,5528.416764,3855.707753,6725.874785,5528.416764,1316.488543,1308.399792,0.001001968,0.001005531,0.001008742,0.001011081,1725.061324,1725.061324,1725.061324,5125.876507,5125.876507,5125.876507,5125.876507,5125.876507
6/13/1994,2704.904273,2262.696769,3062.334079,2780.655205,2811.665032,3062.334079,7543.711714,7480.876323,8822.872698,7347.201641,6607.456082,8822.872698,7265.971808,3875.926776,8822.872698,6977.809876,4897.625622,8822.872698,1558.878108,1549.075752,0.001001968,0.001005531,0.001008742,0.001011081,1828.506466,1828.506466,1828.506466,5483.06069,5483.06069,5483.06069,5483.06069,5483.06069
6/14/1994,2291.072162,2197.590977,2451.35659,2291.951498,2262.696769,2451.35659,4713.687712,6353.210742,5232.008082,4621.448941,7480.876323,5232.008082,4321.536416,6607.456082,5232.008082,4994.12378,3875.926776,5232.008082,644.099542,640.5340447,0.001001968,0.001005531,0.001008742,0.001011081,1860.449558,1860.449558,1860.449558,5336.985566,5336.985566,5336.985566,5336.985566,5336.985566
6/15/1994,2765.82609,5046.570576,2908.500308,2234.126489,2197.590977,2908.500308,3750.264223,5905.263468,4015.550035,3148.679393,6353.210742,4015.550035,3259.550739,7480.876323,4015.550035,3174.113653,6607.456082,4015.550035,612.9307215,609.5636351,0.001001968,0.001005531,0.001008742,0.001011081,1933.827156,1933.827156,1933.827156,5046.395988,5046.395988,5046.395988,5046.395988,5046.395988
6/16/1994,4338.143345,3595.546805,5060.384231,5062.045892,5046.570576,5060.384231,7819.426277,5438.584974,9434.235144,8050.11713,5905.263468,9434.235144,8301.836111,6353.210742,9434.235144,6044.48058,7480.876323,9434.235144,3084.098827,3062.914025,0.001001968,0.001005531,0.001008742,0.001011081,2346.946033,2346.946033,2346.946033,5313.187827,5313.187827,5313.187827,5313.187827,5313.187827
6/17/1994,2640.769008,1875.696227,3016.881819,3595.845779,3595.546805,3016.881819,6840.608966,4597.189172,8098.503022,7497.417241,5438.584974,8098.503022,7832.448391,5905.263468,8098.503022,9036.885345,6353.210742,8098.503022,1702.485404,1691.652287,0.001001968,0.001005531,0.001008742,0.001011081,2637.731711,2637.731711,2637.731711,5790.902027,5790.902027,5790.902027,5790.902027,5790.902027
6/18/1994,1502.292819,1799.618566,1617.73935,1850.323761,1875.696227,1617.73935,2873.698252,4093.103223,3206.245302,3144.275083,4597.189172,3206.245302,3840.97322,5438.584974,3206.245302,5081.443668,5905.263468,3206.245302,569.857238,566.7621052,0.001001968,0.001005531,0.001008742,0.001011081,2771.725177,2771.725177,2771.725177,6132.386244,6132.386244,6132.386244,6132.386244,6132.386244
6/19/1994,1557.378574,1691.310959,1712.859272,1808.193117,1799.618566,1712.859272,3447.756595,4043.866129,3935.451601,3586.087232,4093.103223,3935.451601,3949.925881,4597.189172,3935.451601,4402.221839,5438.584974,3935.451601,750.6509827,746.3978529,0.001001968,0.001005531,0.001008742,0.001011081,2776.889629,2776.889629,2776.889629,6219.779626,6219.779626,6219.779626,6219.779626,6219.779626
6/20/1994,1490.38812,1603.400008,1650.013491,1704.699897,1691.310959,1650.013491,4009.427513,3972.583752,4621.035514,4094.333139,4043.866129,4621.035514,4319.179136,4093.103223,4621.035514,4611.504582,4597.189172,4621.035514,776.5276867,772.1055406,0.001001968,0.001005531,0.001008742,0.001011081,2686.572626,2686.572626,2686.572626,5821.273441,5821.273441,5821.273441,5821.273441,5821.273441
6/21/1994,1387.290201,1548.811178,1537.49784,1584.412659,1603.400008,1537.49784,3494.679115,4398.426905,4024.059395,3574.423824,3972.583752,4024.059395,3748.548582,4043.866129,4024.059395,4023.12457,4093.103223,4024.059395,739.3277299,735.1483214,0.001001968,0.001005531,0.001008742,0.001011081,2648.622443,2648.622443,2648.622443,5622.044557,5622.044557,5622.044557,5622.044557,5622.044557
6/22/1994,1368.483898,1465.694969,1518.305006,1552.166091,1548.811178,1518.305006,3268.343373,4784.908382,3754.893899,3341.017576,4398.426905,3754.893899,3491.519864,3972.583752,3754.893899,3574.29795,4043.866129,3754.893899,729.8887349,725.7706674,0.001001968,0.001005531,0.001008742,0.001011081,2557.069868,2557.069868,2557.069868,5549.906749,5549.906749,5549.906749,5549.906749,5549.906749
6/23/1994,1347.325993,1680.449018,1492.835249,1476.909504,1465.694969,1492.835249,3364.806834,5594.6685,3871.921321,3381.430043,4784.908382,3871.921321,3542.658846,4398.426905,3871.921321,3678.051789,3972.583752,3871.921321,717.6432387,713.6045954,0.001001968,0.001005531,0.001008742,0.001011081,2111.465742,2111.465742,2111.465742,5165.834652,5165.834652,5165.834652,5165.834652,5165.834652
6/24/1994,1423.829069,1976.480927,1602.295036,1642.713228,1680.449018,1602.295036,3408.959556,5291.269673,3958.105092,3495.426695,5594.6685,3958.105092,3606.526829,4784.908382,3958.105092,3563.877146,4398.426905,3958.105092,869.0313302,863.9991413,0.001001968,0.001005531,0.001008742,0.001011081,1820.25568,1820.25568,1820.25568,4621.304803,4621.304803,4621.304803,4621.304803,4621.304803
6/25/1994,1684.717939,1962.963799,1910.242116,1958.619917,1976.480927,1910.242116,4393.089263,8276.780319,5098.204726,4505.297992,5291.269673,5098.204726,4582.545874,5594.6685,5098.204726,4087.316073,4784.908382,5098.204726,1051.451409,1045.19234,0.001001968,0.001005531,0.001008742,0.001011081,1735.509708,1735.509708,1735.509708,4348.73995,4348.73995,4348.73995,4348.73995,4348.73995
6/26/1994,1801.713424,1918.444707,2021.884407,1987.070741,1962.963799,2021.884407,4750.914686,11769.59426,5491.737439,4773.852677,8276.780319,5491.737439,4881.829767,5291.269673,5491.737439,4884.751027,5594.6685,5491.737439,1014.354439,1008.347219,0.001001968,0.001005531,0.001008742,0.001011081,1718.869714,1718.869714,1718.869714,4350.336188,4350.336188,4350.336188,4350.336188,4350.336188
6/27/1994,1629.234458,2840.342471,1831.234624,1765.113282,1918.444707,1831.234624,4665.420729,13396.33487,5417.943759,4638.945285,11769.59426,5417.943759,4920.673338,8276.780319,5417.943759,5144.852248,5291.269673,5417.943759,963.1964469,957.5346311,0.001001968,0.001005531,0.001008742,0.001011081,1731.150755,1731.150755,1731.150755,4500.360016,4500.360016,4500.360016,4500.360016,4500.360016
6/28/1994,2477.289514,3350.808286,2863.104679,2889.360047,2840.342471,2863.104679,5631.245726,8724.586307,6599.014807,5802.870506,13396.33487,6599.014807,5822.846789,11769.59426,6599.014807,4710.602827,8276.780319,6599.014807,1634.590808,1624.246356,0.001001968,0.001005531,0.001008742,0.001011081,1866.418793,1866.418793,1866.418793,4706.779039,4706.779039,4706.779039,4706.779039,4706.779039
6/29/1994,3079.329147,4272.305765,3554.886018,3284.636931,3350.808286,3554.886018,8886.224895,5722.499054,10498.75593,8727.301461,8724.586307,10498.75593,9050.842689,13396.33487,10498.75593,8434.532874,11769.59426,10498.75593,2060.026074,2046.5835,0.001001968,0.001005531,0.001008742,0.001011081,2105.737864,2105.737864,2105.737864,5451.141554,5451.141554,5451.141554,5451.141554,5451.141554
6/30/1994,3639.435237,3063.512415,4315.134898,4317.770506,4272.305765,4315.134898,11690.28816,3992.032542,14051.05796,11855.71676,5722.499054,14051.05796,12167.22907,8724.586307,14051.05796,11323.53733,13396.33487,14051.05796,2824.633917,2805.442744,0.001001968,0.001005531,0.001008742,0.001011081,2474.131792,2474.131792,2474.131792,6654.815979,6654.815979,6654.815979,6654.815979,6654.815979
7/1/1994,2679.278453,2136.099286,3068.824849,3122.631132,3063.512415,3068.824849,10985.71147,4944.734139,13049.13105,11065.98592,3992.032542,13049.13105,11297.16319,5722.499054,13049.13105,12947.16535,8724.586307,13049.13105,1703.472982,1692.63274,0.001001968,0.001005531,0.001008742,0.001011081,2692.829559,2692.829559,2692.829559,8026.181737,8026.181737,8026.181737,8026.181737,8026.181737
7/2/1994,1853.857282,909.777938,2092.174835,2150.390494,2136.099286,2092.174835,4979.635814,4822.960781,5778.158123,5099.768317,4944.734139,5778.158123,5588.802121,3992.032542,5778.158123,6576.764099,5722.499054,5778.158123,1105.351549,1098.724577,0.001001968,0.001005531,0.001008742,0.001011081,2777.794522,2777.794522,2777.794522,8542.996401,8542.996401,8542.996401,8542.996401,8542.996401
7/3/1994,301.8713233,267.3837759,313.8672697,912.5330395,909.777938,313.8672697,2232.560275,3768.045115,2490.880463,2821.551128,4822.960781,2490.880463,2931.834748,4944.734139,2490.880463,4492.054278,3992.032542,2490.880463,19.70934167,19.65889017,0.001001968,0.001005531,0.001008742,0.001011081,2650.578039,2650.578039,2650.578039,8507.527381,8507.527381,8507.527381,8507.527381,8507.527381
7/4/1994,858.8084827,2894.865988,868.1209131,268.8876236,267.3837759,868.1209131,2074.654128,4690.526769,2209.649148,1475.808439,3768.045115,2209.649148,2086.229917,4822.960781,2209.649148,2339.448189,4944.734139,2209.649148,0.001000564,0.001006515,0.001001968,0.001005531,0.001008742,0.001011081,2504.972218,2504.972218,2504.972218,8179.890072,8179.890072,8179.890072,8179.890072,8179.890072
7/5/1994,2555.922538,2092.638071,3011.575844,2895.785254,2894.865988,3011.575844,5630.45792,4398.313168,6783.116042,5646.639588,4690.526769,6783.116042,5446.784237,3768.045115,6783.116042,4151.393043,4822.960781,6783.116042,2037.396425,2024.120682,0.001001968,0.001005531,0.001008742,0.001011081,2463.202686,2463.202686,2463.202686,7958.397551,7958.397551,7958.397551,7958.397551,7958.397551
7/6/1994,1620.797706,1383.366536,1860.417608,2093.184261,2092.638071,1860.417608,4890.493906,4308.38945,5759.262907,5168.857577,4398.313168,5759.262907,5227.815068,4690.526769,5759.262907,5622.732026,3768.045115,5759.262907,1133.753579,1126.931837,0.001001968,0.001005531,0.001008742,0.001011081,2279.985637,2279.985637,2279.985637,7338.303319,7338.303319,7338.303319,7338.303319,7338.303319
7/7/1994,1193.881434,1468.16976,1316.436377,1379.229228,1383.366536,1316.436377,2537.650409,3970.383759,2865.151698,2646.090215,4308.38945,2865.151698,2935.546909,4398.313168,2865.151698,3300.726977,4690.526769,2865.151698,606.9474974,603.6183459,0.001001968,0.001005531,0.001008742,0.001011081,1915.473039,1915.473039,1915.473039,6213.334774,6213.334774,6213.334774,6213.334774,6213.334774
7/8/1994,1316.827934,1423.162751,1459.047638,1468.732109,1468.16976,1459.047638,3627.223582,3648.922169,4167.061794,3666.643787,3970.383759,4167.061794,3760.060359,4308.38945,4167.061794,3981.318102,4398.313168,4167.061794,693.2176175,689.3368639,0.001001968,0.001005531,0.001008742,0.001011081,1675.999529,1675.999529,1675.999529,4955.310587,4955.310587,4955.310587,4955.310587,4955.310587
7/9/1994,1329.010381,1449.921496,1484.794638,1426.709562,1423.162751,1484.794638,3664.427751,3485.152007,4230.945723,3639.149562,3648.922169,4230.945723,3858.268043,3970.383759,4230.945723,3863.029463,4308.38945,4230.945723,764.0776427,759.7369085,0.001001968,0.001005531,0.001008742,0.001011081,1544.624173,1544.624173,1544.624173,4369.415611,4369.415611,4369.415611,4369.415611,4369.415611
7/10/1994,1251.48303,1249.659933,1410.896582,1450.161083,1449.921496,1410.896582,3606.196193,3513.354724,4188.820857,3677.241844,3485.152007,4188.820857,3781.182104,3648.922169,4188.820857,3970.494469,3970.383759,4188.820857,785.6994377,781.2172078,0.001001968,0.001005531,0.001008742,0.001011081,1600.91017,1600.91017,1600.91017,4245.853872,4245.853872,4245.853872,4245.853872,4245.853872
7/11/1994,1105.366826,1239.980573,1232.022181,1249.59692,1249.659933,1232.022181,3111.801056,3650.385354,3586.629375,3154.301863,3513.354724,3586.629375,3290.059288,3485.152007,3586.629375,3512.81745,3648.922169,3586.629375,637.2386,633.7168899,0.001001968,0.001005531,0.001008742,0.001011081,1659.335776,1659.335776,1659.335776,4308.954037,4308.954037,4308.954037,4308.954037,4308.954037
7/12/1994,1075.551577,1124.758878,1205.489956,1239.902141,1239.980573,1205.489956,2903.140342,3714.631024,3353.694083,2966.56007,3650.385354,3353.694083,3084.439009,3513.354724,3353.694083,3184.240988,3485.152007,3353.694083,653.6684161,650.0417455,0.001001968,0.001005531,0.001008742,0.001011081,1510.304721,1510.304721,1510.304721,4236.904201,4236.904201,4236.904201,4236.904201,4236.904201
7/13/1994,981.8955482,1068.769707,1095.892917,1124.060993,1124.758878,1095.892917,2813.243549,3267.517947,3243.262115,2863.501941,3714.631024,3243.262115,2981.471778,3650.385354,3243.262115,3136.88779,3513.354724,3243.262115,580.5578823,577.3954399,0.001001968,0.001005531,0.001008742,0.001011081,1393.187888,1393.187888,1393.187888,4040.999978,4040.999978,4040.999978,4040.999978,4040.999978
7/14/1994,951.782402,1051.98803,1060.778925,1066.639511,1068.769707,1060.778925,2852.66979,3179.690477,3288.959644,2876.908982,3267.517947,3288.959644,2980.879631,3714.631024,3288.959644,3095.015682,3650.385354,3288.959644,557.8619812,554.8420978,0.001001968,0.001005531,0.001008742,0.001011081,1327.31871,1327.31871,1327.31871,3889.15488,3889.15488,3889.15488,3889.15488,3889.15488
7/15/1994,926.0626407,1062.806613,1028.829486,1052.839671,1051.98803,1028.829486,3095.817785,3073.231652,3566.335344,3132.815484,3179.690477,3566.335344,3176.775562,3267.517947,3566.335344,3232.588519,3714.631024,3566.335344,526.8292899,524.0030508,0.001001968,0.001005531,0.001008742,0.001011081,1265.400092,1265.400092,1265.400092,3742.937007,3742.937007,3742.937007,3742.937007,3742.937007
7/16/1994,1066.720373,1256.190384,1173.023701,1064.2654,1062.806613,1173.023701,3314.415326,3014.14793,3807.397719,3216.578658,3073.231652,3807.397719,3277.703518,3179.690477,3807.397719,3337.611018,3267.517947,3807.397719,542.9822138,540.0553691,0.001001968,0.001005531,0.001008742,0.001011081,1198.659358,1198.659358,1198.659358,3677.317299,3677.317299,3677.317299,3677.317299,3677.317299
7/17/1994,1075.123283,1038.528367,1210.65586,1256.217902,1256.190384,1210.65586,2916.567655,2525.105445,3381.162619,2991.671632,3014.14793,3381.162619,3036.482401,3073.231652,3381.162619,2965.278099,3179.690477,3381.162619,683.9888657,680.1675781,0.001001968,0.001005531,0.001008742,0.001011081,1164.366944,1164.366944,1164.366944,3550.567629,3550.567629,3550.567629,3550.567629,3550.567629
7/18/1994,879.7821539,918.0808299,980.0938574,1038.515665,1038.528367,980.0938574,2653.889806,2221.214697,3056.437616,2728.924683,2525.105445,3056.437616,2845.55907,3014.14793,3056.437616,3011.719847,3073.231652,3056.437616,520.3806042,517.5944124,0.001001968,0.001005531,0.001008742,0.001011081,1133.98122,1133.98122,1133.98122,3464.698038,3464.698038,3464.698038,3464.698038,3464.698038
7/19/1994,842.8060778,986.6882854,930.5654992,918.1098751,918.0808299,930.5654992,2428.78656,2619.379108,2779.852169,2431.582886,2221.214697,2779.852169,2547.467169,2525.105445,2779.852169,2703.157408,3014.14793,2779.852169,460.7882168,458.3687642,0.001001968,0.001005531,0.001008742,0.001011081,1093.219319,1093.219319,1093.219319,3394.166878,3394.166878,3394.166878,3394.166878,3394.166878
7/20/1994,859.3054523,872.5305395,960.0173677,980.3433966,986.6882854,960.0173677,2487.027347,5183.454449,2866.212474,2526.366845,2619.379108,2866.212474,2594.648663,2221.214697,2866.212474,2637.784429,2525.105445,2866.212474,524.1271943,521.3177439,0.001001968,0.001005531,0.001008742,0.001011081,1066.81434,1066.81434,1066.81434,3324.609408,3324.609408,3324.609408,3324.609408,3324.609408
7/21/1994,786.599741,944.7027467,866.2303684,865.9300309,872.5305395,866.2303684,2109.38199,7312.708551,2401.807689,2126.838528,5183.454449,2401.807689,2193.307509,2619.379108,2401.807689,2323.828364,2221.214697,2401.807689,418.092839,415.9321415,0.001001968,0.001005531,0.001008742,0.001011081,1035.061946,1035.061946,1035.061946,3186.261805,3186.261805,3186.261805,3186.261805,3186.261805
7/22/1994,1009.197424,1542.76817,1084.902395,920.6831556,944.7027467,1084.902395,2293.335974,6792.41633,2545.634388,2156.258425,7312.708551,2545.634388,2139.550363,5183.454449,2545.634388,1973.363651,2619.379108,2545.634388,388.7485767,386.7635856,0.001001968,0.001005531,0.001008742,0.001011081,1007.512793,1007.512793,1007.512793,3009.346473,3009.346473,3009.346473,3009.346473,3009.346473
7/23/1994,1817.346488,2783.172246,1906.945644,1547.542321,1542.76817,1906.945644,3875.334054,6503.097353,4237.515525,3557.720695,6792.41633,4237.515525,2990.068699,7312.708551,4237.515525,2576.824865,5183.454449,4237.515525,367.6745602,365.814598,0.001001968,0.001005531,0.001008742,0.001011081,989.9088283,989.9088283,989.9088283,2932.565664,2932.565664,2932.565664,2932.565664,2932.565664
7/24/1994,3682.931036,5132.689892,3938.200748,2801.136142,2783.172246,3938.200748,7693.580448,8616.945119,8660.115459,6619.544423,6503.097353,8660.115459,6290.394804,6792.41633,8660.115459,4986.530272,7312.708551,8660.115459,1127.987905,1121.205751,0.001001968,0.001005531,0.001008742,0.001011081,1149.123068,1149.123068,1149.123068,3365.445932,3365.445932,3365.445932,3365.445932,3365.445932
7/25/1994,4180.109496,3315.154194,4762.540782,5133.917316,5132.689892,4762.540782,9201.534479,9105.499327,10894.73965,9721.658391,8616.945119,10894.73965,9208.155123,6503.097353,10894.73965,7747.621285,6792.41633,10894.73965,2508.103279,2491.316499,0.001001968,0.001005531,0.001008742,0.001011081,1586.835198,1586.835198,1586.835198,4088.733247,4088.733247,4088.733247,4088.733247,4088.733247
7/26/1994,2405.341954,1661.073074,2655.604835,3311.801844,3315.154194,2655.604835,5835.320464,5806.39763,6739.663178,6543.053807,9105.499327,6739.663178,7161.062497,8616.945119,6739.663178,7783.199673,6503.097353,6739.663178,1147.702854,1140.785231,0.001001968,0.001005531,0.001008742,0.001011081,1983.496182,1983.496182,1983.496182,4783.51885,4783.51885,4783.51885,4783.51885,4783.51885
7/27/1994,1406.599459,1875.832727,1463.572568,1652.105785,1661.073074,1463.572568,3296.33284,4989.000019,3631.768775,3492.290738,5806.39763,3631.768775,4287.12041,9105.499327,3631.768775,5693.89842,8616.945119,3631.768775,266.6009339,265.3250993,0.001001968,0.001005531,0.001008742,0.001011081,2190.209338,2190.209338,2190.209338,5348.33208,5348.33208,5348.33208,5348.33208,5348.33208
7/28/1994,1956.340025,2431.286163,2085.778356,1883.9852,1875.832727,2085.778356,6151.671574,4683.569954,7028.276359,5943.489202,4989.000019,7028.276359,6089.893156,5806.39763,7028.276359,6518.001035,9105.499327,7028.276359,601.5956502,598.300388,0.001001968,0.001005531,0.001008742,0.001011081,2350.853045,2350.853045,2350.853045,6052.214186,6052.214186,6052.214186,6052.214186,6052.214186
7/29/1994,2314.360829,2163.170105,2521.98634,2439.302362,2431.286163,2521.98634,7878.433279,4057.836996,9168.116083,7778.752744,4683.569954,9168.116083,7646.650851,4989.000019,9168.116083,7686.952754,5806.39763,9168.116083,969.4372832,963.7334527,0.001001968,0.001005531,0.001008742,0.001011081,2550.590698,2550.590698,2550.590698,6888.935033,6888.935033,6888.935033,6888.935033,6888.935033
7/30/1994,1777.31724,1502.854449,1961.759231,2165.066791,2163.170105,1961.759231,4821.722434,3565.66148,5575.723117,5051.107733,4057.836996,5575.723117,5353.576274,4683.569954,5575.723117,5374.646903,4989.000019,5575.723117,893.3663409,888.1722352,0.001001968,0.001005531,0.001008742,0.001011081,2750.533374,2750.533374,2750.533374,7258.573262,7258.573262,7258.573262,7258.573262,7258.573262
7/31/1994,1253.342693,1322.525557,1352.281323,1505.287815,1502.854449,1352.281323,3523.846655,3445.867827,4009.105263,3684.389183,3565.66148,4009.105263,4004.20188,4057.836996,4009.105263,4668.641141,4683.569954,4009.105263,507.998739,505.2892489,0.001001968,0.001005531,0.001008742,0.001011081,2672.984041,2672.984041,2672.984041,7061.714325,7061.714325,7061.714325,7061.714325,7061.714325
8/1/1994,1112.12985,1670.45346,1201.525702,1289.737858,1322.525557,1201.525702,3063.83671,3991.677672,3478.95281,3161.5231,3445.867827,3478.95281,3379.623984,3565.66148,3478.95281,3759.609862,4057.836996,3478.95281,465.613153,463.1642407,0.001001968,0.001005531,0.001008742,0.001011081,2288.258704,2288.258704,2288.258704,6478.186627,6478.186627,6478.186627,6478.186627,6478.186627
8/2/1994,1492.977805,1753.048838,1648.417306,1620.915012,1670.45346,1648.417306,3394.093014,4151.981421,3897.85846,3404.248008,3991.677672,3897.85846,3512.623457,3445.867827,3897.85846,3412.085502,3565.66148,3897.85846,760.3881617,756.0715203,0.001001968,0.001005531,0.001008742,0.001011081,1982.924212,1982.924212,1982.924212,5863.670956,5863.670956,5863.670956,5863.670956,5863.670956
8/3/1994,1523.223184,1194.779122,1676.963902,1790.276093,1753.048838,1676.963902,3279.627257,3716.330891,3754.42823,3435.423492,4151.981421,3754.42823,3393.204929,3991.677672,3754.42823,3426.774238,3445.867827,3754.42823,730.6117131,726.4889509,0.001001968,0.001005531,0.001008742,0.001011081,1870.592617,1870.592617,1870.592617,5380.162882,5380.162882,5380.162882,5380.162882,5380.162882
8/4/1994,1263.855198,1629.572079,1351.095326,1221.411849,1194.779122,1351.095326,2821.160637,3605.230354,3164.175014,2709.148319,3716.330891,3164.175014,3001.086285,4151.981421,3164.175014,3213.506676,3991.677672,3164.175014,440.7521335,438.4545493,0.001001968,0.001005531,0.001008742,0.001011081,1793.002426,1793.002426,1793.002426,4838.626273,4838.626273,4838.626273,4838.626273,4838.626273
8/5/1994,1490.995164,1637.89187,1654.308176,1595.277436,1629.572079,1654.308176,3478.385915,3541.385861,4013.272692,3456.322055,3605.230354,4013.272692,3546.052844,3716.330891,4013.272692,3482.926772,4151.981421,4013.272692,809.8206936,805.1800134,0.001001968,0.001005531,0.001008742,0.001011081,1696.07088,1696.07088,1696.07088,4211.824375,4211.824375,4211.824375,4211.824375,4211.824375
8/6/1994,1485.506698,1608.338576,1630.120643,1658.91707,1637.89187,1630.120643,3786.415014,3167.065243,4349.203259,3840.953877,3541.385861,4349.203259,3805.051271,3605.230354,4349.203259,3877.468048,3716.330891,4349.203259,711.74009,707.7396711,0.001001968,0.001005531,0.001008742,0.001011081,1579.565777,1579.565777,1579.565777,3952.011206,3952.011206,3952.011206,3952.011206,3952.011206
8/7/1994,1382.330421,1160.881533,1524.987438,1630.089715,1608.338576,1524.987438,3181.849617,2765.239089,3652.733124,3320.243557,3167.065243,3652.733124,3423.537423,3541.385861,3652.733124,3402.01259,3605.230354,3652.733124,706.5844825,702.6174133,0.001001968,0.001005531,0.001008742,0.001011081,1558.907651,1558.907651,1558.907651,3806.154435,3806.154435,3806.154435,3806.154435,3806.154435
8/8/1994,993.7308092,979.9623812,1086.396953,1161.442984,1160.881533,1086.396953,2722.27838,2629.845828,3110.010311,2810.222476,2765.239089,3110.010311,3092.672764,3167.065243,3110.010311,3388.331965,3541.385861,3110.010311,487.3928802,484.8104634,0.001001968,0.001005531,0.001008742,0.001011081,1548.52354,1548.52354,1548.52354,3733.679406,3733.679406,3733.679406,3733.679406,3733.679406
8/9/1994,853.0981203,854.6493137,928.3699837,979.579896,979.9623812,928.3699837,2472.189543,2664.267835,2816.14185,2531.115657,2629.845828,2816.14185,2671.190653,2765.239089,2816.14185,3027.756591,3167.065243,2816.14185,405.2786855,403.1949395,0.001001968,0.001005531,0.001008742,0.001011081,1471.296856,1471.296856,1471.296856,3684.156341,3684.156341,3684.156341,3684.156341,3684.156341
8/10/1994,905.2291532,1152.326904,966.2157724,854.4661372,854.6493137,966.2157724,2423.72257,1453.101039,2729.433664,2315.855131,2664.267835,2729.433664,2399.93719,2629.845828,2729.433664,2609.331705,2765.239089,2729.433664,334.735106,333.0684822,0.001001968,0.001005531,0.001008742,0.001011081,1366.805168,1366.805168,1366.805168,3594.635094,3594.635094,3594.635094,3594.635094,3594.635094
8/11/1994,949.5779375,1029.607869,1044.563122,1130.082837,1152.326904,1044.563122,2377.269249,1204.084762,2718.076266,2481.624064,1453.101039,2718.076266,2438.608661,2664.267835,2718.076266,2365.489441,2629.845828,2718.076266,501.4649085,498.7957901,0.001001968,0.001005531,0.001008742,0.001011081,1304.025237,1304.025237,1304.025237,3452.254632,3452.254632,3452.254632,3452.254632,3452.254632
8/12/1994,972.3240011,1285.084081,1059.842803,1036.579329,1029.607869,1059.842803,2441.4305,4799.797864,2777.503399,2434.053562,1204.084762,2777.503399,2563.987649,1453.101039,2777.503399,2504.900426,2664.267835,2777.503399,460.0966204,457.681387,0.001001968,0.001005531,0.001008742,0.001011081,1238.893774,1238.893774,1238.893774,3290.145167,3290.145167,3290.145167,3290.145167,3290.145167
8/13/1994,848.0203869,1459.844537,935.3954185,1060.54194,1285.084081,935.3954185,2250.561586,7309.927681,2575.473312,2392.564495,4799.797864,2575.473312,2419.088888,1204.084762,2575.473312,2536.612171,1453.101039,2575.473312,460.4193993,458.0021968,0.001001968,0.001005531,0.001008742,0.001011081,1167.043518,1167.043518,1167.043518,3112.751628,3112.751628,3112.751628,3112.751628,3112.751628
8/14/1994,1448.59246,2728.277997,1475.614941,947.7548183,1459.844537,1475.614941,2012.291995,4779.784264,2055.131283,1514.256823,7309.927681,2055.131283,1393.384578,4799.797864,2055.131283,1371.945782,1204.084762,2055.131283,0.001000564,0.001006515,0.001001968,0.001005531,0.001008742,0.001011081,1054.777075,1054.777075,1054.777075,2822.559734,2822.559734,2822.559734,2822.559734,2822.559734
8/15/1994,3375.196511,4666.010037,3622.307412,3061.092703,2728.277997,3622.307412,3878.779814,14660.84599,4220.027479,3470.857039,4779.784264,4220.027479,2933.485326,7309.927681,4220.027479,1244.119867,4799.797864,4220.027479,873.7380231,868.6745623,0.001001968,0.001005531,0.001008742,0.001011081,1192.032255,1192.032255,1192.032255,2642.781814,2642.781814,2642.781814,2642.781814,2642.781814
8/16/1994,4125.476914,7536.363676,4747.181351,4806.243352,4666.010037,4747.181351,7227.119857,18501.4272,8630.230509,7497.250258,14660.84599,8630.230509,7656.309458,4779.784264,8630.230509,5874.605835,7309.927681,8630.230509,2589.417257,2572.015893,0.001001968,0.001005531,0.001008742,0.001011081,1671.296633,1671.296633,1671.296633,2997.154815,2997.154815,2997.154815,2997.154815,2997.154815
8/17/1994,2868.07099,8281.717776,3307.572332,3686.631683,7536.363676,3307.572332,6802.578054,16268.90826,8090.166955,7297.596477,18501.4272,8090.166955,7936.877792,14660.84599,8090.166955,8440.620546,4779.784264,8090.166955,1919.746352,1907.334449,0.001001968,0.001005531,0.001008742,0.001011081,2110.646607,2110.646607,2110.646607,3703.4236,3703.4236,3703.4236,3703.4236,3703.4236
8/18/1994,10778.42005,10379.45985,12074.68767,10054.81768,8281.717776,12074.68767,13200.73162,17273.8194,15001.48701,12023.68769,16268.90826,15001.48701,12061.88549,18501.4272,15001.48701,5202.509642,14660.84599,15001.48701,3544.652381,3519.883977,0.001001968,0.001005531,0.001008742,0.001011081,3281.760073,3281.760073,3281.760073,4746.721515,4746.721515,4746.721515,4746.721515,4746.721515
8/19/1994,11951.40594,10863.68295,13412.26142,11774.74101,10379.45985,13412.26142,21043.54086,23890.50248,24622.82279,19969.1642,17273.8194,24622.82279,19017.65026,16268.90826,24622.82279,19354.1102,18501.4272,24622.82279,5036.572954,4999.873457,0.001001968,0.001005531,0.001008742,0.001011081,4526.54577,4526.54577,4526.54577,6976.185173,6976.185173,6976.185173,6976.185173,6976.185173
8/20/1994,9135.804907,8625.924744,10513.61521,11022.71331,10863.68295,10513.61521,15316.98092,21302.01956,18331.82878,16283.41716,23890.50248,18331.82878,17192.3024,17273.8194,18331.82878,16928.56976,16268.90826,18331.82878,5405.807314,5366.091794,0.001001968,0.001005531,0.001008742,0.001011081,5909.225431,5909.225431,5909.225431,9066.661783,9066.661783,9066.661783,9066.661783,9066.661783
8/21/1994,5423.381513,7279.093542,6182.491699,7573.51546,8625.924744,6182.491699,10092.8053,15598.21156,11932.68227,11722.33208,21302.01956,11932.68227,13377.24381,23890.50248,11932.68227,15822.65282,17273.8194,11932.68227,3152.168764,3130.457796,0.001001968,0.001005531,0.001008742,0.001011081,7011.924702,7011.924702,7011.924702,11131.92369,11131.92369,11131.92369,11131.92369,11131.92369
8/22/1994,6370.655004,7721.594676,7114.903895,7168.672136,7279.093542,7114.903895,13368.71011,11971.14835,15403.04789,13753.04283,15598.21156,15403.04789,15298.14116,21302.01956,15403.04789,14562.64659,23890.50248,15403.04789,2663.617751,2645.653671,0.001001968,0.001005531,0.001008742,0.001011081,7839.433369,7839.433369,7839.433369,13380.84005,13380.84005,13380.84005,13380.84005,13380.84005
8/23/1994,7336.717744,6211.772416,8292.7063,8334.839553,7721.594676,8292.7063,21225.8681,9540.99549,25055.05965,21513.02137,11971.14835,25055.05965,21819.63102,15598.21156,25055.05965,22282.64323,21302.01956,25055.05965,3457.555971,3433.469392,0.001001968,0.001005531,0.001008742,0.001011081,8359.79521,8359.79521,8359.79521,16010.19121,16010.19121,16010.19121,16010.19121,16010.19121
8/24/1994,5566.02701,4458.651393,6268.815088,6468.640366,6211.772416,6268.815088,15395.57912,7999.117105,18140.54007,15745.55541,9540.99549,18140.54007,16724.60534,11971.14835,18140.54007,18899.4024,15598.21156,18140.54007,2761.490405,2742.781401,0.001001968,0.001005531,0.001008742,0.001011081,8791.976341,8791.976341,8791.976341,17705.97794,17705.97794,17705.97794,17705.97794,17705.97794
8/25/1994,3750.669055,3677.200571,4167.500161,4507.917086,4458.651393,4167.500161,8968.692661,7114.141318,10374.24999,9422.782535,7999.117105,10374.24999,10382.67348,9540.99549,10374.24999,12618.39606,11971.14835,10374.24999,1740.624682,1729.516044,0.001001968,0.001005531,0.001008742,0.001011081,8215.39675,8215.39675,8215.39675,18224.81551,18224.81551,18224.81551,18224.81551,18224.81551
8/26/1994,3169.601755,3372.871551,3488.066148,3706.463602,3677.200571,3488.066148,7011.611123,7366.218211,8019.014672,7328.983757,7114.141318,8019.014672,7906.158697,7999.117105,8019.014672,9257.617903,9540.99549,8019.014672,1347.128865,1338.825465,0.001001968,0.001005531,0.001008742,0.001011081,7392.372364,7392.372364,7392.372364,17044.94464,17044.94464,17044.94464,17044.94464,17044.94464
8/27/1994,3057.808402,3251.487315,3351.552811,3392.376993,3372.871551,3351.552811,6513.092423,6971.907193,7430.705279,6645.173247,7366.218211,7430.705279,7040.127912,7114.141318,7430.705279,7732.509113,7999.117105,7430.705279,1254.217409,1246.56301,0.001001968,0.001005531,0.001008742,0.001011081,6374.59788,6374.59788,6374.59788,15734.78082,15734.78082,15734.78082,15734.78082,15734.78082
8/28/1994,2889.555957,3943.892749,3183.069895,3205.235907,3251.487315,3183.069895,6052.920013,6919.118542,6928.367455,6168.124519,6971.907193,6928.367455,6573.083015,7366.218211,6928.367455,6891.331725,7114.141318,6928.367455,1275.466638,1267.664312,0.001001968,0.001005531,0.001008742,0.001011081,5636.078094,5636.078094,5636.078094,14435.00347,14435.00347,14435.00347,14435.00347,14435.00347
8/29/1994,3884.326657,4391.866414,4300.900217,3973.656734,3943.892749,4300.900217,6822.55809,6596.272222,7826.952423,6649.014433,6919.118542,7826.952423,6742.888915,6971.907193,7826.952423,6441.173998,7366.218211,7826.952423,1751.089811,1739.905447,0.001001968,0.001005531,0.001008742,0.001011081,5006.348986,5006.348986,5006.348986,12799.00946,12799.00946,12799.00946,12799.00946,12799.00946
8/30/1994,3754.134431,3062.875344,4214.191647,4431.370375,4391.866414,4214.191647,6955.645578,5692.278963,8089.335781,7328.511433,6596.272222,8089.335781,7406.673194,6919.118542,8089.335781,7201.906824,6971.907193,8089.335781,1947.522604,1934.907296,0.001001968,0.001005531,0.001008742,0.001011081,4444.176849,4444.176849,4444.176849,10402.01339,10402.01339,10402.01339,10402.01339,10402.01339
8/31/1994,2576.195996,2498.140565,2836.218974,3067.713207,3062.875344,2836.218974,5146.733353,5134.921946,5880.125815,5462.610265,5692.278963,5880.125815,6177.98517,6596.272222,5880.125815,6843.027935,6919.118542,5880.125815,1148.469021,1141.546127,0.001001968,0.001005531,0.001008742,0.001011081,3954.635219,3954.635219,3954.635219,8641.340912,8641.340912,8641.340912,8641.340912,8641.340912
9/1/1994,2207.68219,2392.095109,2411.271932,2501.101428,2498.140565,2411.271932,4492.838062,4834.80967,5096.108117,4648.390197,5134.921946,5096.108117,5118.664152,5692.278963,5096.108117,5965.297788,6596.272222,5096.108117,911.9994676,906.6810008,0.001001968,0.001005531,0.001008742,0.001011081,3617.809158,3617.809158,3617.809158,7645.537383,7645.537383,7645.537383,7645.537383,7645.537383
9/2/1994,2137.864525,2294.183079,2347.426025,2394.556579,2392.095109,2347.426025,4622.092306,4614.318179,5278.899066,4730.558314,4834.80967,5278.899066,5014.208169,5134.921946,5278.899066,5407.827238,5692.278963,5278.899066,945.4157559,939.8734543,0.001001968,0.001005531,0.001008742,0.001011081,3399.160543,3399.160543,3399.160543,7020.607822,7020.607822,7020.607822,7020.607822,7020.607822
9/3/1994,2039.952086,2147.470993,2245.873947,2295.234253,2294.183079,2245.873947,4404.307872,4411.134464,5038.591868,4514.260651,4614.318179,5038.591868,4746.56014,4834.80967,5038.591868,4982.360906,5134.921946,5038.591868,934.9364787,929.4644812,0.001001968,0.001005531,0.001008742,0.001011081,3227.20205,3227.20205,3227.20205,6589.395911,6589.395911,6589.395911,6589.395911,6589.395911
9/4/1994,1920.649068,2048.649229,2111.830287,2147.917469,2147.470993,2111.830287,4078.775685,4241.032688,4657.381361,4172.536121,4411.134464,4657.381361,4394.270996,4614.318179,4657.381361,4618.319274,4834.80967,4657.381361,874.0332069,868.9677841,0.001001968,0.001005531,0.001008742,0.001011081,3061.338192,3061.338192,3061.338192,6253.997644,6253.997644,6253.997644,6253.997644,6253.997644
9/5/1994,1836.614481,1962.814252,2020.274301,2048.672624,2048.649229,2020.274301,3870.302931,4090.390712,4419.482436,3954.545066,4241.032688,4419.482436,4155.901162,4411.134464,4419.482436,4344.795547,4614.318179,4419.482436,844.5513931,839.6814995,0.001001968,0.001005531,0.001008742,0.001011081,2830.793035,2830.793035,2830.793035,5956.957055,5956.957055,5956.957055,5956.957055,5956.957055
9/6/1994,1760.840821,1883.576565,1937.70236,1962.524017,1962.814252,1937.70236,3738.477197,3907.199101,4270.85487,3816.446189,4090.390712,4270.85487,4002.494429,4241.032688,4270.85487,4164.201389,4411.134464,4270.85487,817.7611253,813.0681503,0.001001968,0.001005531,0.001008742,0.001011081,2528.099443,2528.099443,2528.099443,5533.959821,5533.959821,5533.959821,5533.959821,5533.959821
9/7/1994,1691.350197,1813.241167,1861.531631,1883.056173,1883.576565,1861.531631,3607.23767,3878.982177,4120.801376,3679.667758,3907.199101,4120.801376,3854.432927,4090.390712,4120.801376,3997.2513,4241.032688,4120.801376,790.97695,786.4601058,0.001001968,0.001005531,0.001008742,0.001011081,2292.5235,2292.5235,2292.5235,5096.085534,5096.085534,5096.085534,5096.085534,5096.085534
9/8/1994,1629.18675,1743.642994,1793.342181,1812.556039,1813.241167,1793.342181,3491.352784,3927.541267,3988.158737,3559.445866,3878.982177,3988.158737,3723.478928,3907.199101,3988.158737,3853.510904,4090.390712,3988.158737,766.6631675,762.3055405,0.001001968,0.001005531,0.001008742,0.001011081,2154.416587,2154.416587,2154.416587,4745.341345,4745.341345,4745.341345,4745.341345,4745.341345
9/9/1994,1565.771299,1750.756925,1723.194221,1742.332313,1743.642994,1723.194221,3389.767434,3877.064387,3869.431695,3455.631771,3927.541267,3869.431695,3610.838087,3878.982177,3869.431695,3722.932189,3907.199101,3869.431695,738.8041582,734.628155,0.001001968,0.001005531,0.001008742,0.001011081,2047.822939,2047.822939,2047.822939,4504.423933,4504.423933,4504.423933,4504.423933,4504.423933
9/10/1994,1587.556988,1909.099472,1744.896974,1750.094696,1750.756925,1744.896974,3338.948409,3736.621681,3803.78565,3392.783215,3877.064387,3803.78565,3497.991215,3927.541267,3803.78565,3573.003886,3878.982177,3803.78565,736.7003191,732.5379957,0.001001968,0.001005531,0.001008742,0.001011081,1956.695663,1956.695663,1956.695663,4315.542683,4315.542683,4315.542683,4315.542683,4315.542683
9/11/1994,1729.661239,1676.90513,1914.38603,1908.359446,1909.099472,1914.38603,3488.364192,3503.666843,3997.277345,3541.165954,3736.621681,3997.277345,3644.880368,3877.064387,3997.277345,3571.534833,3927.541267,3997.277345,858.0819409,853.1224171,0.001001968,0.001005531,0.001008742,0.001011081,1905.234879,1905.234879,1905.234879,4170.34187,4170.34187,4170.34187,4170.34187,4170.34187
9/12/1994,1490.944348,1538.620697,1646.179566,1675.913322,1676.90513,1646.179566,3321.04713,3351.981845,3802.424499,3394.926263,3503.666843,3802.424499,3614.373098,3736.621681,3802.424499,3754.820752,3877.064387,3802.424499,734.7136317,730.5642217,0.001001968,0.001005531,0.001008742,0.001011081,1857.578512,1857.578512,1857.578512,4075.068773,4075.068773,4075.068773,4075.068773,4075.068773
9/13/1994,1375.774379,1465.766009,1514.304077,1537.53204,1538.620697,1514.304077,3061.62062,3295.454944,3494.543146,3124.572171,3351.981845,3494.543146,3287.781576,3503.666843,3494.543146,3520.288708,3736.621681,3494.543146,661.4441796,657.767711,0.001001968,0.001005531,0.001008742,0.001011081,1797.826597,1797.826597,1797.826597,3984.796097,3984.796097,3984.796097,3984.796097,3984.796097
9/14/1994,1323.705737,1450.374968,1455.178678,1464.767015,1465.766009,1455.178678,2968.025618,3545.36791,3384.657259,3014.836271,3295.454944,3384.657259,3149.49014,3351.981845,3384.657259,3290.779914,3503.666843,3384.657259,630.8752351,627.3940802,0.001001968,0.001005531,0.001008742,0.001011081,1736.737189,1736.737189,1736.737189,3883.596286,3883.596286,3883.596286,3883.596286,3883.596286
9/15/1994,1316.07028,1454.534283,1446.831616,1449.442623,1450.374968,1446.831616,2933.504553,4587.913041,3343.43693,2973.625563,3545.36791,3343.43693,3079.249536,3295.454944,3343.43693,3154.330316,3351.981845,3343.43693,628.4730926,625.0072331,0.001001968,0.001005531,0.001008742,0.001011081,1680.247673,1680.247673,1680.247673,3781.725866,3781.725866,3781.725866,3781.725866,3781.725866
9/16/1994,1302.882097,1361.293706,1435.806459,1452.990978,1454.534283,1435.806459,2883.442181,3873.623538,3289.346234,2939.701304,4587.913041,3289.346234,3043.188106,3545.36791,3289.346234,3075.701279,3295.454944,3289.346234,639.5196815,635.9834202,0.001001968,0.001005531,0.001008742,0.001011081,1634.007706,1634.007706,1634.007706,3684.792037,3684.792037,3684.792037,3684.792037,3684.792037
9/17/1994,1223.603826,1534.070005,1346.811166,1355.098806,1361.293706,1346.811166,2829.806752,3686.790209,3220.476123,2873.548702,3873.623538,3220.476123,3017.613128,4587.913041,3220.476123,3063.423347,3545.36791,3220.476123,597.7040082,594.4333634,0.001001968,0.001005531,0.001008742,0.001011081,1586.826146,1586.826146,1586.826146,3611.208456,3611.208456,3611.208456,3611.208456,3611.208456
9/18/1994,1391.37806,1770.672881,1536.048029,1534.929708,1534.070005,1536.048029,3437.389379,3479.639581,3909.945736,3482.526499,3686.790209,3909.945736,3510.050267,3873.623538,3909.945736,3261.315351,4587.913041,3909.945736,688.3639097,684.5144444,0.001001968,0.001005531,0.001008742,0.001011081,1526.892183,1526.892183,1526.892183,3590.87428,3590.87428,3590.87428,3590.87428,3590.87428
9/19/1994,1631.563887,1395.0569,1807.061874,1773.200624,1770.672881,1807.061874,4408.833523,3160.044479,5077.13243,4411.338092,3479.639581,5077.13243,4413.85878,3686.790209,5077.13243,4417.182299,3873.623538,5077.13243,821.3711136,816.654342,0.001001968,0.001005531,0.001008742,0.001011081,1510.253676,1510.253676,1510.253676,3701.052014,3701.052014,3701.052014,3701.052014,3701.052014
9/20/1994,1243.4726,1256.396497,1371.683079,1394.324779,1395.0569,1371.683079,3122.615967,4096.622305,3566.341744,3177.399228,3160.044479,3566.341744,3441.258797,3479.639581,3566.341744,3650.227083,3686.790209,3566.341744,623.7720547,620.3361056,0.001001968,0.001005531,0.001008742,0.001011081,1505.685547,1505.685547,1505.685547,3719.699127,3719.699127,3719.699127,3719.699127,3719.699127
9/21/1994,1115.628313,1183.095111,1227.567592,1255.542466,1256.396497,1227.567592,2779.938874,4015.731501,3162.974825,2837.22082,4096.622305,3162.974825,2979.575244,3160.044479,3162.974825,3276.284395,3479.639581,3162.974825,551.3924664,548.4130771,0.001001968,0.001005531,0.001008742,0.001011081,1479.15437,1479.15437,1479.15437,3717.739874,3717.739874,3717.739874,3717.739874,3717.739874
9/22/1994,1059.920034,1344.376012,1163.523629,1174.614013,1183.095111,1163.523629,2720.846644,4032.650313,3086.887198,2758.6841,4015.731501,3086.887198,2870.919145,4096.622305,3086.887198,2982.033247,3160.044479,3086.887198,513.4998111,510.7562751,0.001001968,0.001005531,0.001008742,0.001011081,1444.122561,1444.122561,1444.122561,3697.517293,3697.517293,3697.517293,3697.517293,3697.517293
9/23/1994,1194.823193,1574.258595,1316.342049,1342.899922,1344.376012,1316.342049,2983.161018,6377.361928,3377.980826,3050.727948,4032.650313,3377.980826,3058.470043,4015.731501,3377.980826,2861.12001,4096.622305,3377.980826,586.9154334,583.7129207,0.001001968,0.001005531,0.001008742,0.001011081,1415.024365,1415.024365,1415.024365,3681.859219,3681.859219,3681.859219,3681.859219,3681.859219
9/24/1994,1552.492417,1609.068658,1701.550912,1578.983251,1574.258595,1701.550912,4106.065471,10298.10073,4686.122262,4016.380941,6377.361928,4686.122262,3988.118982,4032.650313,4686.122262,3926.81645,4015.731501,4686.122262,702.0201976,698.0826264,0.001001968,0.001005531,0.001008742,0.001011081,1421.897919,1421.897919,1421.897919,3813.248068,3813.248068,3813.248068,3813.248068,3813.248068
9/25/1994,1524.465894,1593.32428,1686.382849,1610.095831,1609.068658,1686.382849,3719.810766,9473.493411,4266.261046,3683.230442,10298.10073,4266.261046,3834.916633,6377.361928,4266.261046,3786.892447,4032.650313,4266.261046,777.4763016,773.0479454,0.001001968,0.001005531,0.001008742,0.001011081,1449.924547,1449.924547,1449.924547,3874.175692,3874.175692,3874.175692,3874.175692,3874.175692
9/26/1994,1370.638134,3792.008695,1519.192497,1554.678299,1593.32428,1519.192497,3970.687594,10049.21382,4513.950623,4052.776061,9473.493411,4513.950623,4173.935242,10298.10073,4513.950623,3801.799577,6377.361928,4513.950623,723.3131129,719.2377168,0.001001968,0.001005531,0.001008742,0.001011081,1433.767728,1433.767728,1433.767728,3826.874412,3826.874412,3826.874412,3826.874412,3826.874412
9/27/1994,3199.375919,6185.929296,3606.707625,3513.048881,3792.008695,3606.707625,9048.304656,8842.648739,10407.51463,9120.689624,10049.21382,10407.51463,8536.932757,9473.493411,10407.51463,6075.150749,10298.10073,10407.51463,1696.100646,1685.313582,0.001001968,0.001005531,0.001008742,0.001011081,1577.584753,1577.584753,1577.584753,4394.132925,4394.132925,4394.132925,4394.132925,4394.132925
9/28/1994,5680.289548,3870.679047,6566.21899,6299.897664,6185.929296,6566.21899,13492.27179,6991.790168,16012.52178,13506.80068,8842.648739,16012.52178,13385.99224,10049.21382,16012.52178,11474.6834,9473.493411,16012.52178,3426.490989,3402.64715,0.001001968,0.001005531,0.001008742,0.001011081,2179.048277,2179.048277,2179.048277,5649.388712,5649.388712,5649.388712,5649.388712,5649.388712
9/29/1994,3872.104621,3827.121915,4316.946228,3981.717223,3870.679047,4316.946228,8648.880906,7264.336451,9975.393627,8456.424406,6991.790168,9975.393627,9408.312495,8842.648739,9975.393627,10825.2791,10049.21382,9975.393627,1852.299179,1840.379758,0.001001968,0.001005531,0.001008742,0.001011081,2662.124533,2662.124533,2662.124533,6694.474113,6694.474113,6694.474113,6694.474113,6694.474113
9/30/1994,3252.426699,2820.841538,3682.081794,3842.458998,3827.121915,3682.081794,6412.958806,6639.018917,7457.541201,6721.022399,7264.336451,7457.541201,7118.167827,6991.790168,7457.541201,8261.843956,8842.648739,7457.541201,1863.599024,1851.597238,0.001001968,0.001005531,0.001008742,0.001011081,3036.93883,3036.93883,3036.93883,7564.027955,7564.027955,7564.027955,7564.027955,7564.027955
10/1/1994,2063.435799,3119.133445,2271.764945,2529.17201,2820.841538,2271.764945,5278.24411,6003.143064,6034.814504,5589.763309,6639.018917,6034.814504,6111.335196,7264.336451,6034.814504,7274.536762,6991.790168,6034.814504,950.1295602,944.555602,0.001001968,0.001005531,0.001008742,0.001011081,3243.73544,3243.73544,3243.73544,8045.63705,8045.63705,8045.63705,8045.63705,8045.63705
10/2/1994,2968.045898,3329.789327,3304.388071,3241.783648,3119.133445,3304.388071,5556.114317,5392.467016,6361.110437,5635.32538,6003.143064,6361.110437,5877.277998,6639.018917,6361.110437,5553.693283,7264.336451,6361.110437,1354.928719,1346.570581,0.001001968,0.001005531,0.001008742,0.001011081,3469.673536,3469.673536,3469.673536,8417.345466,8417.345466,8417.345466,8417.345466,8417.345466
10/3/1994,3046.87304,2523.662522,3416.60032,3420.655355,3329.789327,3416.60032,6589.921636,4693.030841,7652.809858,6710.581335,5392.467016,7652.809858,6877.936935,6003.143064,7652.809858,7036.979961,6639.018917,7652.809858,1557.456462,1547.664256,0.001001968,0.001005531,0.001008742,0.001011081,3722.331828,3722.331828,3722.331828,8788.860292,8788.860292,8788.860292,8788.860292,8788.860292
10/4/1994,2197.980234,2046.771737,2441.872594,2531.91091,2523.662522,2441.872594,4883.686701,4275.512075,5613.272988,5048.74519,4693.030841,5613.272988,5549.57268,5392.467016,5613.272988,6142.447851,6003.143064,5613.272988,1086.286965,1079.790383,0.001001968,0.001005531,0.001008742,0.001011081,3761.647462,3761.647462,3761.647462,8573.601492,8573.601492,8573.601492,8573.601492,8573.601492
10/5/1994,1795.157671,1809.941373,1972.282952,2051.407296,2046.771737,1972.282952,3989.626602,3999.684966,4537.542048,4124.666257,4275.512075,4537.542048,4438.223068,4693.030841,4537.542048,5148.372744,5392.467016,4537.542048,804.8312784,800.223424,0.001001968,0.001005531,0.001008742,0.001011081,3291.397076,3291.397076,3291.397076,7610.132308,7610.132308,7610.132308,7610.132308,7610.132308
10/6/1994,1629.294091,1724.505162,1781.414901,1812.938811,1809.941373,1781.414901,3720.744031,3823.535934,4220.933183,3797.784172,3999.684966,4220.933183,4027.647092,4275.512075,4220.933183,4420.075593,4693.030841,4220.933183,699.6048296,695.6828581,0.001001968,0.001005531,0.001008742,0.001011081,2911.56793,2911.56793,2911.56793,6782.720324,6782.720324,6782.720324,6782.720324,6782.720324
10/7/1994,1555.811039,1633.341347,1703.818721,1726.396309,1724.505162,1703.818721,3582.800692,4254.25086,4071.19411,3648.476289,3823.535934,4071.19411,3818.878666,3999.684966,4071.19411,4042.489731,4275.512075,4071.19411,687.3467976,683.5038852,0.001001968,0.001005531,0.001008742,0.001011081,2613.861125,2613.861125,2613.861125,6069.058452,6069.058452,6069.058452,6069.058452,6069.058452
10/8/1994,1475.284739,1602.014366,1615.117714,1634.469469,1633.341347,1615.117714,3423.99345,4030.021774,3889.912081,3483.344642,4254.25086,3889.912081,3634.234518,3823.535934,3889.912081,3804.685024,3999.684966,3889.912081,655.1073544,651.4714744,0.001001968,0.001005531,0.001008742,0.001011081,2440.145407,2440.145407,2440.145407,5555.866493,5555.866493,5555.866493,5555.866493,5555.866493
10/9/1994,1403.860584,1874.858528,1536.356617,1552.85334,1602.014366,1536.356617,3271.111857,3903.012649,3712.099196,3325.652742,4030.021774,3712.099196,3465.312273,4254.25086,3712.099196,3596.497819,3823.535934,3712.099196,625.7045462,622.2563052,0.001001968,0.001005531,0.001008742,0.001011081,2207.718442,2207.718442,2207.718442,5144.681352,5144.681352,5144.681352,5144.681352,5144.681352
10/10/1994,1716.411332,1869.96307,1903.172968,1899.892201,1874.858528,1903.172968,3574.11029,3672.840915,4085.082429,3635.864226,3903.012649,4085.082429,3701.612914,4030.021774,4085.082429,3469.305211,4254.25086,4085.082429,847.7798271,842.8885641,0.001001968,0.001005531,0.001008742,0.001011081,1993.922754,1993.922754,1993.922754,4688.864322,4688.864322,4688.864322,4688.864322,4688.864322
10/11/1994,1701.822494,1464.865243,1879.505986,1889.030891,1869.96307,1879.505986,3949.293021,3336.224527,4525.064915,4008.61755,3672.840915,4525.064915,4081.72493,3903.012649,4525.064915,4167.531528,4030.021774,4525.064915,815.4209045,810.7433488,0.001001968,0.001005531,0.001008742,0.001011081,1849.509607,1849.509607,1849.509607,4392.54117,4392.54117,4392.54117,4392.54117,4392.54117
10/12/1994,1331.877075,1386.750718,1457.534423,1464.762505,1464.865243,1457.534423,3155.968216,3180.483902,3583.524081,3197.600081,3336.224527,3583.524081,3469.729159,3672.840915,3583.524081,3722.524727,3903.012649,3583.524081,600.2129024,596.9263895,0.001001968,0.001005531,0.001008742,0.001011081,1765.421733,1765.421733,1765.421733,4175.245951,4175.245951,4175.245951,4175.245951,4175.245951
10/13/1994,1239.222832,1281.042784,1360.510063,1386.064359,1386.750718,1360.510063,2978.79623,3062.334451,3386.521011,3037.720233,3180.483902,3386.521011,3183.127566,3336.224527,3386.521011,3433.344956,3672.840915,3386.521011,585.3595712,582.1668702,0.001001968,0.001005531,0.001008742,0.001011081,1695.253753,1695.253753,1695.253753,4022.716745,4022.716745,4022.716745,4022.716745,4022.716745
10/14/1994,1155.791587,1232.45242,1264.32199,1280.272605,1281.042784,1264.32199,2871.408029,2976.891123,3258.577455,2915.360283,3062.334451,3258.577455,3033.506064,3180.483902,3258.577455,3206.323872,3336.224527,3258.577455,527.8265518,524.9941136,0.001001968,0.001005531,0.001008742,0.001011081,1628.318941,1628.318941,1628.318941,3895.368993,3895.368993,3895.368993,3895.368993,3895.368993
10/15/1994,1116.833869,1195.021143,1221.761174,1231.629088,1232.45242,1221.761174,2712.876969,2895.533947,3076.004313,2750.936742,2976.891123,3076.004313,2853.938729,3062.334451,3076.004313,2967.233422,3180.483902,3076.004313,512.8550794,510.1155362,0.001001968,0.001005531,0.001008742,0.001011081,1567.469388,1567.469388,1567.469388,3777.948626,3777.948626,3777.948626,3777.948626,3777.948626
10/16/1994,1083.419725,1157.515706,1185.614841,1194.168204,1195.021143,1185.614841,2657.426146,2841.697065,3013.740313,2693.05484,2895.533947,3013.740313,2786.817513,2976.891123,3013.740313,2871.282078,3062.334451,3013.740313,501.817891,499.1465935,0.001001968,0.001005531,0.001008742,0.001011081,1512.84335,1512.84335,1512.84335,3668.143589,3668.143589,3668.143589,3668.143589,3668.143589
10/17/1994,1049.692248,1121.726909,1148.726867,1156.651893,1157.515706,1148.726867,2580.524724,2853.182762,2926.450483,2614.519869,2841.697065,2926.450483,2703.988916,2895.533947,2926.450483,2787.826334,2976.891123,2926.450483,488.5651398,485.9755135,0.001001968,0.001005531,0.001008742,0.001011081,1420.731136,1420.731136,1420.731136,3552.520149,3552.520149,3552.520149,3552.520149,3552.520149
10/18/1994,1017.482409,1089.696873,1113.461883,1120.861323,1121.726909,1113.461883,2502.985538,2979.016087,2839.22279,2535.366574,2853.182762,2839.22279,2621.262623,2841.697065,2839.22279,2707.69686,2895.533947,2839.22279,475.6600125,473.1496209,0.001001968,0.001005531,0.001008742,0.001011081,1321.049455,1321.049455,1321.049455,3351.780499,3351.780499,3351.780499,3351.780499,3351.780499
10/19/1994,985.8105234,1077.443601,1078.65045,1085.737697,1089.696873,1078.65045,2450.423392,3131.585168,2777.930696,2481.728545,2979.016087,2777.930696,2563.989439,2853.182762,2777.930696,2627.801706,2841.697065,2777.930696,462.1954696,459.7674292,0.001001968,0.001005531,0.001008742,0.001011081,1243.336793,1243.336793,1243.336793,3178.055155,3178.055155,3178.055155,3178.055155,3178.055155
10/20/1994,971.140226,1204.988562,1062.398131,1064.853968,1077.443601,1062.398131,2445.777986,3785.480491,2771.42963,2471.842136,3131.585168,2771.42963,2547.523788,2979.016087,2771.42963,2595.669915,2853.182762,2771.42963,454.7821312,452.3992897,0.001001968,0.001005531,0.001008742,0.001011081,1190.865657,1190.865657,1190.865657,3050.029249,3050.029249,3050.029249,3050.029249,3050.029249
10/21/1994,1129.275825,1378.594633,1244.163015,1212.40802,1204.988562,1244.163015,2637.497432,3523.775097,3003.315712,2638.831561,3785.480491,3003.315712,2691.341011,3131.585168,3003.315712,2620.149713,2979.016087,3003.315712,561.4381869,558.3958919,0.001001968,0.001005531,0.001008742,0.001011081,1170.347446,1170.347446,1170.347446,2969.490218,2969.490218,2969.490218,2969.490218,2969.490218
10/22/1994,1213.770801,1036.626036,1354.887375,1383.010147,1378.594633,1354.887375,2814.627413,2827.861349,3237.076366,2883.379996,3523.775097,3237.076366,2932.582714,3785.480491,3237.076366,2835.517932,3131.585168,3237.076366,684.8926317,681.0655253,0.001001968,0.001005531,0.001008742,0.001011081,1179.289883,1179.289883,1179.289883,2939.410396,2939.410396,2939.410396,2939.410396,2939.410396
10/23/1994,914.2816532,1057.802084,1001.244091,1018.652449,1036.626036,1001.244091,2584.593864,2585.793096,2939.976749,2618.964907,2827.861349,2939.976749,2781.295737,3523.775097,2939.976749,3009.98112,3785.480491,2939.976749,438.3712003,436.0880472,0.001001968,0.001005531,0.001008742,0.001011081,1166.275892,1166.275892,1166.275892,2957.185641,2957.185641,2957.185641,2957.185641,2957.185641
10/24/1994,960.041,1013.132382,1059.085207,1066.719393,1057.802084,1059.085207,3108.872653,2475.513883,3565.296269,3130.706662,2585.793096,3565.296269,3205.920188,2827.861349,3565.296269,3262.872976,3523.775097,3565.296269,491.6258618,489.0174005,0.001001968,0.001005531,0.001008742,0.001011081,1153.189359,1153.189359,1153.189359,3067.430196,3067.430196,3067.430196,3067.430196,3067.430196
10/25/1994,922.35673,897.1865789,1013.25158,1018.327487,1013.132382,1013.25158,2961.986066,2374.92333,3391.268996,2977.930854,2475.513883,3391.268996,3025.420596,2585.793096,3391.268996,3181.37217,2827.861349,3391.268996,455.83367,453.4444236,0.001001968,0.001005531,0.001008742,0.001011081,1135.667395,1135.667395,1135.667395,3137.741812,3137.741812,3137.741812,3137.741812,3137.741812
10/26/1994,815.703339,873.9801996,891.5053962,896.3864605,897.1865789,891.5053962,2272.047555,2314.503485,2575.658905,2292.918196,2374.92333,2575.658905,2385.638067,2475.513883,2575.658905,2502.226083,2585.793096,2575.658905,387.9968149,386.0163009,0.001001968,0.001005531,0.001008742,0.001011081,1112.353011,1112.353011,1112.353011,3127.079032,3127.079032,3127.079032,3127.079032,3127.079032
10/27/1994,793.6667936,850.6855349,868.7222357,873.1200381,873.9801996,868.7222357,2135.564378,2267.929701,2417.481612,2157.751495,2314.503485,2417.481612,2225.735871,2374.92333,2417.481612,2308.14915,2475.513883,2417.481612,385.9339411,383.9657063,0.001001968,0.001005531,0.001008742,0.001011081,1085.573212,1085.573212,1085.573212,3084.426972,3084.426972,3084.426972,3084.426972,3084.426972
10/28/1994,772.5991708,828.0790739,845.7026224,849.8641061,850.6855349,845.7026224,2086.597343,2368.834416,2361.778668,2107.922065,2267.929701,2361.778668,2168.128096,2314.503485,2361.778668,2231.750665,2374.92333,2361.778668,377.4012823,375.4837374,0.001001968,0.001005531,0.001008742,0.001011081,1039.874575,1039.874575,1039.874575,3021.332944,3021.332944,3021.332944,3021.332944,3021.332944
10/29/1994,752.2792022,806.4518816,823.3964292,827.2994701,828.0790739,823.3964292,2025.095853,2065.192276,2290.332224,2045.909067,2368.834416,2290.332224,2104.192777,2267.929701,2290.332224,2156.303978,2314.503485,2290.332224,368.6064667,366.740997,0.001001968,0.001005531,0.001008742,0.001011081,970.3471513,970.3471513,970.3471513,2927.371531,2927.371531,2927.371531,2927.371531,2927.371531
10/30/1994,732.7244127,790.1896041,801.9524969,805.7142854,806.4518816,801.9524969,1980.713505,3736.284341,2239.659509,2000.778913,2065.192276,2239.659509,2057.14657,2368.834416,2239.659509,2109.421058,2267.929701,2239.659509,360.2345379,358.4184732,0.001001968,0.001005531,0.001008742,0.001011081,925.9840312,925.9840312,925.9840312,2794.987555,2794.987555,2794.987555,2794.987555,2794.987555
10/31/1994,713.7029735,889.0137621,781.075773,784.6485616,790.1896041,781.075773,1941.695625,4537.541842,2195.055143,1960.937369,3736.284341,2195.055143,2015.498869,2065.192276,2195.055143,2064.948791,2368.834416,2195.055143,351.9763838,350.2088905,0.001001968,0.001005531,0.001008742,0.001011081,884.2846654,884.2846654,884.2846654,2576.726039,2576.726039,2576.726039,2576.726039,2576.726039
11/1/1994,779.2568471,1746.229338,857.4062029,857.3097069,889.0137621,857.4062029,2403.820343,5116.811276,2701.724661,2426.218808,4537.541842,2701.724661,2462.386663,3736.284341,2701.724661,2148.037171,2065.192276,2701.724661,402.1093634,400.0445969,0.001001968,0.001005531,0.001008742,0.001011081,858.3913112,858.3913112,858.3913112,2466.347747,2466.347747,2466.347747,2466.347747,2466.347747
11/2/1994,2120.13977,3523.611819,2257.936584,1760.680865,1746.229338,2257.936584,4061.189645,4793.745284,4421.847459,3642.001869,5116.811276,4421.847459,3058.29876,4537.541842,4421.847459,2260.325263,3736.284341,4421.847459,574.7344645,571.6086739,0.001001968,0.001005531,0.001008742,0.001011081,879.5809797,879.5809797,879.5809797,2480.615398,2480.615398,2480.615398,2480.615398,2480.615398
11/3/1994,3484.249429,2892.314599,3895.458116,3539.96157,3523.611819,3895.458116,6031.087109,3887.514212,6951.175112,5824.682472,4793.745284,6951.175112,5582.076117,5116.811276,6951.175112,4178.051299,4537.541842,6951.175112,1777.521881,1766.146017,0.001001968,0.001005531,0.001008742,0.001011081,1174.479613,1174.479613,1174.479613,2786.576165,2786.576165,2786.576165,2786.576165,2786.576165
11/4/1994,2220.532409,1375.227881,2537.821323,2892.576665,2892.314599,2537.821323,4621.675781,3132.318073,5409.905036,5076.155575,3887.514212,5409.905036,5652.012307,4793.745284,5409.905036,5623.174018,5116.811276,5409.905036,1458.15914,1449.073042,0.001001968,0.001005531,0.001008742,0.001011081,1504.536915,1504.536915,1504.536915,3206.596459,3206.596459,3206.596459,3206.596459,3206.596459
11/5/1994,1072.326571,995.4888042,1154.002773,1374.49792,1375.227881,1154.002773,2732.691268,2795.462824,3055.29838,2972.513546,3132.318073,3055.29838,3494.45802,3887.514212,3055.29838,4977.124595,4793.745284,3055.29838,416.391696,414.2412337,0.001001968,0.001005531,0.001008742,0.001011081,1647.730478,1647.730478,1647.730478,3604.605032,3604.605032,3604.605032,3604.605032,3604.605032
11/6/1994,868.6138575,1056.055133,922.3187706,991.6946416,995.4888042,922.3187706,2169.667472,3492.369415,2388.687206,2253.403217,2795.462824,2388.687206,2530.363417,3132.318073,2388.687206,3189.118881,3887.514212,2388.687206,279.7476595,278.3974722,0.001001968,0.001005531,0.001008742,0.001011081,1707.335945,1707.335945,1707.335945,3834.65481,3834.65481,3834.65481,3834.65481,3834.65481
11/7/1994,965.8879906,1113.569255,1040.921733,1056.597176,1056.055133,1040.921733,2695.434889,4316.487006,3030.725889,2724.78351,3492.369415,3030.725889,2808.771373,2795.462824,3030.725889,3003.178879,3132.318073,3030.725889,384.0385016,382.081541,0.001001968,0.001005531,0.001008742,0.001011081,1750.470846,1750.470846,1750.470846,3961.225145,3961.225145,3961.225145,3961.225145,3961.225145
11/8/1994,1007.964631,995.6343584,1095.435596,1114.635255,1113.569255,1095.435596,2599.93252,3295.329021,2932.319092,2639.133795,4316.487006,2932.319092,2697.304857,3492.369415,2932.319092,2747.764779,2795.462824,2932.319092,445.7905471,443.4623888,0.001001968,0.001005531,0.001008742,0.001011081,1790.007626,1790.007626,1790.007626,3985.760292,3985.760292,3985.760292,3985.760292,3985.760292
11/9/1994,874.2087776,1430.259915,950.1889828,976.743746,995.6343584,950.1889828,2308.906342,3018.793482,2597.83139,2353.263319,3295.329021,2597.83139,2488.20886,4316.487006,2597.83139,2581.151875,3492.369415,2597.83139,396.3141691,394.2840521,0.001001968,0.001005531,0.001008742,0.001011081,1785.606483,1785.606483,1785.606483,3963.370536,3963.370536,3963.370536,3963.370536,3963.370536
11/10/1994,1305.002617,1447.809701,1457.532433,1438.079122,1430.259915,1457.532433,3539.014303,2789.165256,4058.693355,3562.968651,3018.793482,4058.693355,3578.67431,3295.329021,4058.693355,3116.800126,4316.487006,4058.693355,738.0714445,733.9002062,0.001001968,0.001005531,0.001008742,0.001011081,1554.192058,1554.192058,1554.192058,3805.782026,3805.782026,3805.782026,3805.782026,3805.782026
11/11/1994,1295.379908,889.5070369,1433.263705,1455.78307,1447.809701,1433.263705,4162.669374,2404.838967,4790.127856,4202.875165,2789.165256,4790.127856,4182.656922,3018.793482,4790.127856,4351.64838,3295.329021,4790.127856,670.867372,667.1304506,0.001001968,0.001005531,0.001008742,0.001011081,1295.154457,1295.154457,1295.154457,3678.862483,3678.862483,3678.862483,3678.862483,3678.862483
11/12/1994,791.7667422,790.8362938,854.95565,889.205301,889.5070369,854.95565,2340.312992,2287.029964,2624.151704,2386.506329,2404.838967,2624.151704,2640.232381,2789.165256,2624.151704,2981.395301,3018.793482,2624.151704,333.2533221,331.5953327,0.001001968,0.001005531,0.001008742,0.001011081,1189.914778,1189.914778,1189.914778,3430.442966,3430.442966,3430.442966,3430.442966,3430.442966
11/13/1994,709.3896924,750.1155684,768.112012,790.2953867,790.8362938,768.112012,2080.040097,2284.252889,2329.703209,2114.265135,2287.029964,2329.703209,2228.388704,2404.838967,2329.703209,2527.160269,2789.165256,2329.703209,314.7031531,313.152772,0.001001968,0.001005531,0.001008742,0.001011081,1137.594239,1137.594239,1137.594239,3273.980069,3273.980069,3273.980069,3273.980069,3273.980069
11/14/1994,681.4025124,729.722393,738.2404238,749.6151259,750.1155684,738.2404238,2110.718165,2220.008128,2370.668094,2131.739884,2284.252889,2370.668094,2194.460577,2287.029964,2370.668094,2320.714352,2404.838967,2370.668094,306.2151139,304.7136637,0.001001968,0.001005531,0.001008742,0.001011081,1092.168527,1092.168527,1092.168527,3177.794569,3177.794569,3177.794569,3177.794569,3177.794569
11/15/1994,664.0987781,708.3260165,720.3686455,729.2595695,729.722393,720.3686455,1992.057211,2168.004743,2233.554139,2011.958307,2220.008128,2233.554139,2062.511516,2284.252889,2233.554139,2129.513799,2287.029964,2233.554139,304.1496292,302.6600558,0.001001968,0.001005531,0.001008742,0.001011081,1039.385218,1039.385218,1039.385218,3103.880803,3103.880803,3103.880803,3103.880803,3103.880803
11/16/1994,645.0199629,687.7466419,699.9701137,707.8957653,708.3260165,699.9701137,1944.067779,2137.777605,2180.552908,1962.499283,2168.004743,2180.552908,2009.174811,2220.008128,2180.552908,2070.247429,2284.252889,2180.552908,298.1948846,296.7394845,0.001001968,0.001005531,0.001008742,0.001011081,990.9647886,990.9647886,990.9647886,3033.680476,3033.680476,3033.680476,3033.680476,3033.680476
11/17/1994,626.5176674,669.318301,680.0607265,687.254097,687.7466419,680.0607265,1947.357344,2587.416219,2188.375784,1963.548306,2137.777605,2188.375784,2006.701164,2168.004743,2188.375784,2065.91899,2220.008128,2188.375784,291.7374295,290.3189729,0.001001968,0.001005531,0.001008742,0.001011081,899.8555292,899.8555292,899.8555292,2843.553816,2843.553816,2843.553816,2843.553816,2843.553816
11/18/1994,609.3411327,735.9289327,661.5572836,668.1172428,669.318301,661.5572836,1899.811623,3919.471221,2134.560287,1915.054217,2587.416219,2134.560287,1956.297851,2137.777605,2134.560287,2009.037736,2168.004743,2134.560287,285.5945354,284.2111098,0.001001968,0.001005531,0.001008742,0.001011081,802.5609441,802.5609441,802.5609441,2518.243949,2518.243949,2518.243949,2518.243949,2518.243949
11/19/1994,664.7933781,727.1153817,730.0809994,735.9927205,735.9289327,730.0809994,1940.106685,4803.317971,2190.615509,1960.402828,3919.471221,2190.615509,2000.408301,2587.416219,2190.615509,1965.553988,2137.777605,2190.615509,350.9991758,349.2374191,0.001001968,0.001005531,0.001008742,0.001011081,749.3235644,749.3235644,749.3235644,2341.396582,2341.396582,2341.396582,2341.396582,2341.396582
11/20/1994,659.6472503,645.1065605,721.8081485,727.2604663,727.1153817,721.8081485,1929.358435,3377.096552,2175.382067,1947.931677,4803.317971,2175.382067,1977.945987,3919.471221,2175.382067,2022.319757,2587.416219,2175.382067,334.6843481,333.0180202,0.001001968,0.001005531,0.001008742,0.001011081,727.7259597,727.7259597,727.7259597,2246.173394,2246.173394,2246.173394,2246.173394,2246.173394
11/21/1994,568.1796913,1346.975716,616.3687106,621.2468169,645.1065605,616.3687106,2261.973957,3113.207456,2551.754753,2267.999967,3377.096552,2551.754753,2322.480195,4803.317971,2551.754753,2328.042828,3919.471221,2551.754753,266.2429848,264.969167,0.001001968,0.001005531,0.001008742,0.001011081,710.0470963,710.0470963,710.0470963,2279.993738,2279.993738,2279.993738,2279.993738,2279.993738
11/22/1994,1287.312797,1659.47221,1442.745741,1356.05882,1346.975716,1442.745741,4392.534573,2858.095458,5067.046481,4338.17417,3113.207456,5067.046481,4214.123968,3377.096552,5067.046481,3498.525801,4803.317971,5067.046481,747.5019545,743.2693415,0.001001968,0.001005531,0.001008742,0.001011081,764.5987491,764.5987491,764.5987491,2552.912649,2552.912649,2552.912649,2552.912649,2552.912649
11/23/1994,1498.359447,864.0335539,1676.197338,1671.418006,1659.47221,1676.197338,5081.585639,2378.082003,5903.1117,5096.271534,2858.095458,5903.1117,4962.664562,3113.207456,5903.1117,4960.143738,3377.096552,5903.1117,845.0473541,840.1741784,0.001001968,0.001005531,0.001008742,0.001011081,867.6926537,867.6926537,867.6926537,2964.482197,2964.482197,2964.482197,2964.482197,2964.482197
11/24/1994,757.3264608,686.9737063,823.7086095,864.1272226,864.0335539,823.7086095,2457.903711,6024.134895,2771.12308,2508.234261,2378.082003,2771.12308,2844.325862,2858.095458,2771.12308,3218.041417,3113.207456,2771.12308,352.6536862,350.8822153,0.001001968,0.001005531,0.001008742,0.001011081,933.718099,933.718099,933.718099,3169.199924,3169.199924,3169.199924,3169.199924,3169.199924
11/25/1994,604.0711531,614.653183,655.2379212,686.6188505,686.9737063,655.2379212,1988.386647,11486.02841,2226.741839,2028.50149,6024.134895,2226.741839,2161.2649,2378.082003,2226.741839,2593.88168,2858.095458,2226.741839,281.104434,279.7465429,0.001001968,0.001005531,0.001008742,0.001011081,949.5293853,949.5293853,949.5293853,3278.257945,3278.257945,3278.257945,3278.257945,3278.257945
11/26/1994,560.663307,740.5663553,605.8243839,614.3248072,614.653183,605.8243839,2004.862089,9128.697832,2248.189162,2017.942958,11486.02841,2248.189162,2079.706977,6024.134895,2248.189162,2256.232141,2378.082003,2248.189162,250.9199419,249.7320675,0.001001968,0.001005531,0.001008742,0.001011081,938.3525714,938.3525714,938.3525714,3316.222268,3316.222268,3316.222268,3316.222268,3316.222268
11/27/1994,558.0392384,2989.925548,604.2598485,609.354693,740.5663553,604.2598485,1914.454752,9284.03245,2147.313302,1925.344557,9128.697832,2147.313302,1958.263395,11486.02841,2147.313302,2046.817038,6024.134895,2147.313302,256.802901,255.5821222,0.001001968,0.001005531,0.001008742,0.001011081,924.2131472,924.2131472,924.2131472,3325.424496,3325.424496,3325.424496,3325.424496,3325.424496
11/28/1994,3256.790406,4931.932355,3584.717042,2997.331198,2989.925548,3584.717042,9434.805545,8383.433514,10811.69488,8972.664792,9284.03245,10811.69488,8028.556156,9128.697832,10811.69488,5405.569847,11486.02841,10811.69488,1309.963516,1301.920399,0.001001968,0.001005531,0.001008742,0.001011081,1091.164552,1091.164552,1091.164552,3979.055229,3979.055229,3979.055229,3979.055229,3979.055229
11/29/1994,5045.030586,4397.694986,5580.072744,5008.304533,4931.932355,5580.072744,15452.26215,6527.593791,18012.92857,14971.24349,8383.433514,18012.92857,14130.67632,9284.03245,18012.92857,12509.47223,9128.697832,18012.92857,2174.264061,2159.976113,0.001001968,0.001005531,0.001008742,0.001011081,1481.929263,1481.929263,1481.929263,5404.085756,5404.085756,5404.085756,5404.085756,5404.085756
11/30/1994,3630.260438,2656.119506,4114.999479,4413.222195,4397.694986,4114.999479,8952.308241,5125.248817,10447.22525,9387.358247,6527.593791,10447.22525,10208.97314,8383.433514,10447.22525,9903.643411,9284.03245,10447.22525,2098.087434,2084.363786,0.001001968,0.001005531,0.001008742,0.001011081,1965.565723,1965.565723,1965.565723,6255.710014,6255.710014,6255.710014,6255.710014,6255.710014
12/1/1994,2112.590571,1794.02638,2333.236487,2655.548991,2656.119506,2333.236487,5950.718832,6450.902147,6808.944756,6322.119683,5125.248817,6808.944756,7131.561027,6527.593791,6808.944756,9027.223515,8383.433514,6808.944756,1024.195752,1018.121831,0.001001968,0.001005531,0.001008742,0.001011081,2272.96955,2272.96955,2272.96955,7035.054454,7035.054454,7035.054454,7035.054454,7035.054454
12/2/1994,1507.500813,1550.937403,1626.968889,1792.411514,1794.02638,1626.968889,4167.469749,8069.438116,4681.590939,4360.105295,6450.902147,4681.590939,4845.053453,5125.248817,4681.590939,6203.887641,6527.593791,4681.590939,575.9976447,572.8639081,0.001001968,0.001005531,0.001008742,0.001011081,2474.751946,2474.751946,2474.751946,7588.334016,7588.334016,7588.334016,7588.334016,7588.334016
12/3/1994,1375.660206,1559.79294,1487.041992,1549.84672,1550.937403,1487.041992,3903.428388,8499.495683,4397.534581,3988.755882,8069.438116,4397.534581,4263.399501,6450.902147,4397.534581,4864.359785,5125.248817,4397.534581,542.9274429,540.00094,0.001001968,0.001005531,0.001008742,0.001011081,2632.339738,2632.339738,2632.339738,7982.785306,7982.785306,7982.785306,7982.785306,7982.785306
12/4/1994,1320.807935,2691.560016,1436.370468,1476.581506,1559.79294,1436.370468,3721.654042,8309.997612,4205.512996,3786.584231,8499.495683,4205.512996,3954.665803,8069.438116,4205.512996,4235.511088,6450.902147,4205.512996,566.564249,563.4897957,0.001001968,0.001005531,0.001008742,0.001011081,2768.531433,2768.531433,2768.531433,8293.00547,8293.00547,8293.00547,8293.00547,8293.00547
12/5/1994,2358.959629,3777.601288,2659.904956,2528.296639,2691.560016,2659.904956,6841.449028,8240.021506,7926.589978,6795.394175,8309.997612,7926.589978,6824.518152,8499.495683,7926.589978,5598.168234,8069.438116,7926.589978,1334.236133,1326.023125,0.001001968,0.001005531,0.001008742,0.001011081,2841.000825,2841.000825,2841.000825,8195.623864,8195.623864,8195.623864,8195.623864,8195.623864
12/6/1994,3788.524026,3536.441813,4250.538642,3861.175857,3777.601288,4250.538642,10040.18764,8205.828525,11672.58445,9789.844724,8240.021506,11672.58445,9496.787004,8309.997612,11672.58445,8545.06667,8499.495683,11672.58445,1880.554026,1868.428546,0.001001968,0.001005531,0.001008742,0.001011081,2753.512865,2753.512865,2753.512865,7463.726028,7463.726028,7463.726028,7463.726028,7463.726028
12/7/1994,3617.51378,4304.59017,3979.290057,3598.436788,3536.441813,3979.290057,8712.19296,9424.043443,10004.34761,8430.482462,8205.828525,10004.34761,8531.573913,8240.021506,10004.34761,8751.077361,8309.997612,10004.34761,1548.322862,1538.595836,0.001001968,0.001005531,0.001008742,0.001011081,2555.319751,2555.319751,2555.319751,7232.716728,7232.716728,7232.716728,7232.716728,7232.716728
12/8/1994,3628.012684,3075.426866,4142.227604,4317.962902,4304.59017,4142.227604,7364.74123,10548.10008,8633.969041,7710.315848,9424.043443,8633.969041,8034.099424,8205.828525,8633.969041,7494.500879,8240.021506,8633.969041,2217.205332,2202.598276,0.001001968,0.001005531,0.001008742,0.001011081,2681.406251,2681.406251,2681.406251,7161.661881,7161.661881,7161.661881,7161.661881,7161.661881
12/9/1994,2482.847248,2488.579475,2764.156872,3080.761291,3075.426866,2764.156872,6297.405844,8106.49407,7265.718674,6684.723923,10548.10008,7265.718674,7153.481667,9424.043443,7265.718674,8247.845265,8205.828525,7265.718674,1268.26038,1260.508255,0.001001968,0.001005531,0.001008742,0.001011081,2844.988515,2844.988515,2844.988515,7355.286534,7355.286534,7355.286534,7355.286534,7355.286534
12/10/1994,1953.21237,3299.161044,2136.648566,2280.177129,2488.579475,2136.648566,5234.120648,7207.382392,5958.542926,5420.34777,8106.49407,5958.542926,5909.026673,10548.10008,5958.542926,6708.125041,9424.043443,5958.542926,847.3937568,842.5050498,0.001001968,0.001005531,0.001008742,0.001011081,2972.428749,2972.428749,2972.428749,7741.914294,7741.914294,7741.914294,7741.914294,7741.914294
12/11/1994,2931.502103,3099.868296,3314.099947,3360.653599,3299.161044,3314.099947,8493.686589,6521.55949,9908.1136,8652.480169,7207.382392,9908.1136,8764.895013,8106.49407,9908.1136,7965.283807,10548.10008,9908.1136,1568.381087,1558.51086,0.001001968,0.001005531,0.001008742,0.001011081,3206.729909,3206.729909,3206.729909,8436.162108,8436.162108,8436.162108,8436.162108,8436.162108
12/12/1994,2885.169396,2686.880461,3204.600212,3150.979632,3099.868296,3204.600212,9612.545778,5803.321707,11218.2889,9599.462242,6521.55949,11218.2889,9691.016888,7207.382392,11218.2889,10268.65281,8106.49407,11218.2889,1354.268936,1345.915431,0.001001968,0.001005531,0.001008742,0.001011081,3313.908199,3313.908199,3313.908199,9007.396951,9007.396951,9007.396951,9007.396951,9007.396951
12/13/1994,2431.535569,2425.596915,2699.788822,2697.06171,2686.880461,2699.788822,6122.163989,5614.265263,7049.326225,6191.711136,5803.321707,7049.326225,6603.236437,6521.55949,7049.326225,6969.098543,7207.382392,7049.326225,1181.868558,1174.715488,0.001001968,0.001005531,0.001008742,0.001011081,3267.117386,3267.117386,3267.117386,8850.213607,8850.213607,8850.213607,8850.213607,8850.213607
12/14/1994,2149.51781,2159.811932,2381.378304,2432.492563,2425.596915,2381.378304,5510.176632,5440.105293,6328.353107,5622.580328,5614.265263,6328.353107,5889.992667,5803.321707,6328.353107,6396.553214,6521.55949,6328.353107,1039.646673,1033.467868,0.001001968,0.001005531,0.001008742,0.001011081,3138.552788,3138.552788,3138.552788,8476.52986,8476.52986,8476.52986,8476.52986,8476.52986
12/15/1994,1941.11566,2014.773707,2136.969239,2164.597059,2159.811932,2136.969239,4932.692956,5073.447834,5634.549,5012.519223,5440.105293,5634.549,5253.24511,5614.265263,5634.549,5636.576668,5803.321707,5634.549,890.2274413,885.0542528,0.001001968,0.001005531,0.001008742,0.001011081,2863.831648,2863.831648,2863.831648,8114.146354,8114.146354,8114.146354,8114.146354,8114.146354
12/16/1994,1825.068442,1927.10868,2004.596004,2018.125278,2014.773707,2004.596004,4529.005474,4722.052571,5161.135272,4591.662856,5073.447834,5161.135272,4788.247171,5440.105293,5161.135272,5082.00855,5614.265263,5161.135272,824.7308191,819.9918884,0.001001968,0.001005531,0.001008742,0.001011081,2684.45395,2684.45395,2684.45395,7730.979589,7730.979589,7730.979589,7730.979589,7730.979589
12/17/1994,1759.01762,1906.471996,1929.792715,1926.702179,1927.10868,1929.792715,4547.503497,4507.099324,5188.965284,4586.767638,4722.052571,5188.965284,4752.144506,5073.447834,5188.965284,4955.21039,5440.105293,5188.965284,791.3591025,786.8397507,0.001001968,0.001005531,0.001008742,0.001011081,2588.806114,2588.806114,2588.806114,7368.726004,7368.726004,7368.726004,7368.726004,7368.726004
12/18/1994,1711.910281,1736.855603,1882.8569,1906.70291,1906.471996,1882.8569,4577.590204,4278.762913,5233.647,4643.492323,4507.099324,5233.647,4778.030498,4722.052571,5233.647,4889.469884,5073.447834,5233.647,793.3049658,788.7728431,0.001001968,0.001005531,0.001008742,0.001011081,2405.266529,2405.266529,2405.266529,6805.21909,6805.21909,6805.21909,6805.21909,6805.21909
12/19/1994,1595.839415,1735.955088,1740.970193,1737.844033,1736.855603,1740.970193,4227.648145,4146.954791,4805.963234,4259.378485,4278.762913,4805.963234,4407.968558,4507.099324,4805.963234,4635.703775,4722.052571,4805.963234,681.6528292,677.8465772,0.001001968,0.001005531,0.001008742,0.001011081,2220.805482,2220.805482,2220.805482,6005.819465,6005.819465,6005.819465,6005.819465,6005.819465
12/20/1994,1605.924459,1745.968054,1753.871481,1734.744937,1735.955088,1753.871481,3919.42075,4291.234319,4448.220152,3940.078081,4146.954791,4448.220152,4057.925541,4278.762913,4448.220152,4188.628714,4507.099324,4448.220152,697.6977873,693.7881276,0.001001968,0.001005531,0.001008742,0.001011081,2053.306866,2053.306866,2053.306866,5526.858296,5526.858296,5526.858296,5526.858296,5526.858296
12/21/1994,1605.40562,1721.023007,1754.32754,1740.220203,1745.968054,1754.32754,3879.542176,4400.108194,4405.990905,3905.355076,4291.234319,4405.990905,4009.313028,4146.954791,4405.990905,4089.14014,4278.762913,4405.990905,704.6263286,700.6719177,0.001001968,0.001005531,0.001008742,0.001011081,1938.923612,1938.923612,1938.923612,5177.349595,5177.349595,5177.349595,5177.349595,5177.349595
12/22/1994,1616.276596,1855.736147,1757.721678,1715.510516,1721.023007,1757.721678,3755.29552,5147.923481,4248.245804,3752.456855,4400.108194,4248.245804,3845.225257,4291.234319,4248.245804,3938.372758,4146.954791,4248.245804,670.2095523,666.4768546,0.001001968,0.001005531,0.001008742,0.001011081,1858.372747,1858.372747,1858.372747,4913.01396,4913.01396,4913.01396,4913.01396,4913.01396
12/23/1994,1680.108791,2774.018617,1825.47954,1773.614673,1855.736147,1825.47954,3729.192579,6309.583,4211.319955,3719.974823,5147.923481,4211.319955,3787.789243,4400.108194,4211.319955,3806.92811,4291.234319,4211.319955,687.9521826,684.1053701,0.001001968,0.001005531,0.001008742,0.001011081,1807.631859,1807.631859,1807.631859,4722.231373,4722.231373,4722.231373,4722.231373,4722.231373
12/24/1994,2445.233161,2631.956757,2756.016344,2712.022029,2774.018617,2756.016344,4673.440763,6544.568132,5419.786896,4743.114063,6309.583,5419.786896,4819.49664,5147.923481,5419.786896,4044.705516,4400.108194,5419.786896,1361.975394,1353.567772,0.001001968,0.001005531,0.001008742,0.001011081,1886.390379,1886.390379,1886.390379,4594.385507,4594.385507,4594.385507,4594.385507,4594.385507
12/25/1994,2778.109036,3464.108118,3016.356292,2669.508201,2631.956757,3016.356292,5171.339953,6187.256768,5829.017854,4917.701402,6544.568132,5829.017854,4847.915267,6309.583,5829.017854,4921.109776,5147.923481,5829.017854,1009.259071,1003.286354,0.001001968,0.001005531,0.001008742,0.001011081,1957.492736,1957.492736,1957.492736,4533.309563,4533.309563,4533.309563,4533.309563,4533.309563
12/26/1994,3645.852831,4663.531635,4003.208064,3491.762574,3464.108118,4003.208064,5791.473043,6017.74997,6588.251469,5413.918849,6187.256768,6588.251469,5400.514223,6544.568132,6588.251469,4771.591155,6309.583,6588.251469,1552.21764,1542.462826,0.001001968,0.001005531,0.001008742,0.001011081,2155.332817,2155.332817,2155.332817,4626.302353,4626.302353,4626.302353,4626.302353,4626.302353
12/27/1994,3955.316802,3342.20894,4527.788128,4665.238986,4663.531635,4527.788128,6964.408021,5527.275341,8252.490077,7290.977679,6017.74997,8252.490077,7498.412541,6187.256768,8252.490077,6430.026565,6544.568132,8252.490077,2462.858699,2446.412916,0.001001968,0.001005531,0.001008742,0.001011081,2529.729354,2529.729354,2529.729354,4930.66593,4930.66593,4930.66593,4930.66593,4930.66593
12/28/1994,2695.295601,2450.862778,2998.001092,3342.855657,3342.20894,2998.001092,5439.910555,6422.324893,6286.08577,5875.15575,5527.275341,6286.08577,6323.29013,6017.74997,6286.08577,7233.093376,6187.256768,6286.08577,1360.430131,1352.033363,0.001001968,0.001005531,0.001008742,0.001011081,2788.698668,2788.698668,2788.698668,5311.739057,5311.739057,5311.739057,5311.739057,5311.739057
12/29/1994,2129.654633,2380.545007,2315.695005,2451.467374,2450.862778,2315.695005,3613.908433,9079.435054,4061.864875,3819.79176,6422.324893,4061.864875,4355.573291,5527.275341,4061.864875,5144.66315,6017.74997,4061.864875,857.0864783,852.1335549,0.001001968,0.001005531,0.001008742,0.001011081,2949.396597,2949.396597,2949.396597,5593.7063,5593.7063,5593.7063,5593.7063,5593.7063
12/30/1994,2140.675414,2508.704651,2348.147077,2380.936572,2380.545007,2348.147077,4157.492313,8834.004248,4738.692572,4255.731934,9079.435054,4738.692572,4584.645675,6422.324893,4738.692572,4945.809672,5527.275341,4738.692572,957.0604731,951.4399326,0.001001968,0.001005531,0.001008742,0.001011081,3065.380036,3065.380036,3065.380036,5766.47742,5766.47742,5766.47742,5766.47742,5766.47742
12/31/1994,2107.004794,3650.367898,2327.06792,2375.958467,2508.704651,2327.06792,4351.469861,7822.271975,4992.780393,4465.419964,8834.004248,4992.780393,4695.844377,9079.435054,4992.780393,4853.478192,6422.324893,4992.780393,1016.560426,1010.538262,0.001001968,0.001005531,0.001008742,0.001011081,3051.976081,3051.976081,3051.976081,5839.437081,5839.437081,5839.437081,5839.437081,5839.437081
1/1/1995,3476.419659,4912.356077,3924.698751,3620.966392,3650.367898,3924.698751,7037.376851,7527.774192,8219.247782,6889.926041,7822.271975,8219.247782,7015.988302,8834.004248,8219.247782,5840.018972,9079.435054,8219.247782,1885.99315,1873.827962,0.001001968,0.001005531,0.001008742,0.001011081,3189.172491,3189.172491,3189.172491,6080.332764,6080.332764,6080.332764,6080.332764,6080.332764
1/2/1995,4801.097368,5023.307761,5449.171593,4972.249613,4912.356077,5449.171593,10558.16443,7077.322177,12473.85789,10267.05705,7527.774192,12473.85789,10233.97918,7822.271975,12473.85789,9352.385061,8834.004248,12473.85789,2672.610994,2654.578591,0.001001968,0.001005531,0.001008742,0.001011081,3370.319942,3370.319942,3370.319942,6657.862733,6657.862733,6657.862733,6657.862733,6657.862733
1/3/1995,4242.815097,3576.910419,4844.334282,5046.963717,5023.307761,4844.334282,8513.504535,9355.37338,10076.11261,8901.528345,7077.322177,10076.11261,9123.594508,7527.774192,10076.11261,9034.093924,7822.271975,10076.11261,2538.894384,2521.87514,0.001001968,0.001005531,0.001008742,0.001011081,3427.774978,3427.774978,3427.774978,7060.188052,7060.188052,7060.188052,7060.188052,7060.188052
1/4/1995,3025.601175,3036.452762,3371.008623,3579.950787,3576.910419,3371.008623,5614.463976,8923.780272,6485.167601,5938.989398,9355.37338,6485.167601,6642.557385,7077.322177,6485.167601,7555.612214,7527.774192,6485.167601,1522.335874,1512.794047,0.001001968,0.001005531,0.001008742,0.001011081,3491.138055,3491.138055,3491.138055,7250.483615,7250.483615,7250.483615,7250.483615,7250.483615
1/5/1995,2648.516062,2936.863526,2931.827839,3038.284441,3036.452762,2931.827839,4856.458479,7093.943508,5570.438953,5060.07466,8923.780272,5570.438953,5574.167185,9355.37338,5570.438953,6337.811111,7077.322177,5570.438953,1268.589505,1260.835087,0.001001968,0.001005531,0.001008742,0.001011081,3560.370729,3560.370729,3560.370729,7399.852388,7399.852388,7399.852388,7399.852388,7399.852388
1/6/1995,2495.632443,3834.755441,2766.592556,2836.228957,2936.863526,2766.592556,5022.192024,6524.577562,5782.41417,5175.487047,7093.943508,5782.41417,5539.350133,8923.780272,5782.41417,5957.078566,9355.37338,5782.41417,1222.290843,1214.858124,0.001001968,0.001005531,0.001008742,0.001011081,3622.983948,3622.983948,3622.983948,7537.435419,7537.435419,7537.435419,7537.435419,7537.435419
1/7/1995,3438.073268,3705.959253,3921.956256,3860.093686,3834.755441,3921.956256,8494.805413,6131.989567,10055.32526,8556.436434,6524.577562,10055.32526,8805.040577,7093.943508,10055.32526,8073.192475,8923.780272,10055.32526,2045.063152,2031.730912,0.001001968,0.001005531,0.001008742,0.001011081,3811.952827,3811.952827,3811.952827,8122.787003,8122.787003,8122.787003,8122.787003,8122.787003
1/8/1995,3218.874876,2874.818275,3652.306828,3739.151628,3705.959253,3652.306828,8138.412257,5645.769087,9608.869805,8324.749767,6131.989567,9608.869805,8543.662069,6524.577562,9608.869805,8863.592531,7093.943508,9608.869805,1868.049599,1856.015358,0.001001968,0.001005531,0.001008742,0.001011081,3850.403329,3850.403329,3850.403329,8468.325799,8468.325799,8468.325799,8468.325799,8468.325799
1/9/1995,2509.577895,2653.618676,2805.607331,2877.882559,2874.818275,2805.607331,5174.813763,4496.453458,6000.096405,5338.509566,5645.769087,6000.096405,5846.353155,6131.989567,6000.096405,6446.757438,6524.577562,6000.096405,1320.715058,1312.596735,0.001001968,0.001005531,0.001008742,0.001011081,3666.044077,3666.044077,3666.044077,8107.199249,8107.199249,8107.199249,8107.199249,8107.199249
1/10/1995,2340.17554,2528.232527,2615.630512,2655.206973,2653.618676,2615.630512,4669.459072,5169.927515,5407.663473,4797.089931,4496.453458,5407.663473,5154.613053,5645.769087,5407.663473,5611.535452,6131.989567,5407.663473,1240.989869,1233.4274,0.001001968,0.001005531,0.001008742,0.001011081,3383.002281,3383.002281,3383.002281,7635.373986,7635.373986,7635.373986,7635.373986,7635.373986
1/11/1995,2230.677777,2492.967439,2494.479932,2529.329644,2528.232527,2494.479932,4696.880471,7770.32585,5442.04543,4811.856547,5169.927515,5442.04543,5095.318361,4496.453458,5442.04543,5328.724844,5645.769087,5442.04543,1196.205209,1188.953087,0.001001968,0.001005531,0.001008742,0.001011081,3184.317811,3184.317811,3184.317811,7251.557769,7251.557769,7251.557769,7251.557769,7251.557769
1/12/1995,2130.651645,2404.011935,2381.605949,2409.28196,2492.967439,2381.605949,4535.369977,8208.292921,5249.240702,4639.07099,7770.32585,5249.240702,4899.683324,5169.927515,5249.240702,5084.113632,4496.453458,5249.240702,1144.351541,1137.456966,0.001001968,0.001005531,0.001008742,0.001011081,3063.597034,3063.597034,3063.597034,6994.53977,6994.53977,6994.53977,6994.53977,6994.53977
1/13/1995,2499.234715,3025.392288,2719.652428,2409.156675,2404.011935,2719.652428,4151.235136,9281.752484,4670.193842,3931.200309,8208.292921,4670.193842,3995.9512,7770.32585,4670.193842,4152.172992,5169.927515,4670.193842,952.8258432,947.2337685,0.001001968,0.001005531,0.001008742,0.001011081,2967.649112,2967.649112,2967.649112,6734.1459,6734.1459,6734.1459,6734.1459,6734.1459
1/14/1995,3482.184459,4842.427311,3776.606538,3050.050677,3025.392288,3776.606538,6065.935384,10446.5835,6842.254659,5450.346367,9281.752484,6842.254659,5396.351334,8208.292921,6842.254659,4777.267288,7770.32585,6842.254659,1292.632855,1284.710805,0.001001968,0.001005531,0.001008742,0.001011081,2823.189079,2823.189079,2823.189079,6223.33416,6223.33416,6223.33416,6223.33416,6223.33416
1/15/1995,5143.085853,6896.56688,5692.640972,4802.343924,4842.427311,5692.640972,10338.41798,11312.31044,11930.69012,9616.190129,10446.5835,11930.69012,9369.921935,9281.752484,11930.69012,7705.635865,8208.292921,11930.69012,2358.131479,2342.472264,0.001001968,0.001005531,0.001008742,0.001011081,2884.24041,2884.24041,2884.24041,6191.658863,6191.658863,6191.658863,6191.658863,6191.658863
1/16/1995,6922.81833,8199.763968,7685.609757,6899.622787,6896.56688,7685.609757,12342.24332,13267.1211,14184.60245,11829.76072,11312.31044,14184.60245,11238.90739,10446.5835,14184.60245,9282.47113,9281.752484,14184.60245,3146.445382,3124.778703,0.001001968,0.001005531,0.001008742,0.001011081,3238.729488,3238.729488,3238.729488,6630.498963,6630.498963,6630.498963,6630.498963,6630.498963
1/17/1995,6902.583034,5711.68045,7787.678082,8223.546238,8199.763968,7787.678082,11183.80593,11894.52944,13033.12388,11942.76364,13267.1211,13033.12388,11899.67372,11312.31044,13033.12388,10649.58728,10446.5835,13033.12388,3629.971556,3604.533474,0.001001968,0.001005531,0.001008742,0.001011081,3894.147094,3894.147094,3894.147094,7384.869638,7384.869638,7384.869638,7384.869638,7384.869638
1/18/1995,4421.69921,4056.495773,4873.515338,5718.597371,5711.68045,4873.515338,7811.411417,13349.69833,8913.588894,8815.961924,11894.52944,8913.588894,10002.75531,13267.1211,8913.588894,11263.00106,11312.31044,8913.588894,1955.538242,1942.864172,0.001001968,0.001005531,0.001008742,0.001011081,4451.863578,4451.863578,4451.863578,8271.747551,8271.747551,8271.747551,8271.747551,8271.747551
1/19/1995,3380.108682,4853.684415,3653.867168,4014.479166,4056.495773,3653.867168,6367.615672,14151.75349,7148.876569,6822.153114,13349.69833,7148.876569,8003.208546,11894.52944,7148.876569,9707.421573,13267.1211,7148.876569,1222.668831,1215.233492,0.001001968,0.001005531,0.001008742,0.001011081,4808.688481,4808.688481,4808.688481,9053.211042,9053.211042,9053.211042,9053.211042,9053.211042
1/20/1995,3809.341621,5979.025984,4270.822544,4476.915748,4853.684415,4270.822544,9713.394443,13536.16074,11301.15791,10036.93391,14151.75349,11301.15791,10735.61136,13349.69833,11301.15791,10656.89414,11894.52944,11301.15791,1994.644439,1981.683288,0.001001968,0.001005531,0.001008742,0.001011081,5167.731942,5167.731942,5167.731942,10088.80057,10088.80057,10088.80057,10088.80057,10088.80057
1/21/1995,7468.879144,10678.11651,8163.529312,6090.770161,5979.025984,8163.529312,14183.6556,13864.77015,16181.21904,12371.39441,13536.16074,16181.21904,12323.79588,14151.75349,16181.21904,11496.88797,13349.69833,16181.21904,2647.688457,2629.845331,0.001001968,0.001005531,0.001008742,0.001011081,5565.906575,5565.906575,5565.906575,10960.88567,10960.88567,10960.88567,10960.88567,10960.88567
1/22/1995,10425.51082,10824.3871,11840.62344,10817.68414,10678.11651,11840.62344,17071.51225,12763.49459,20189.6024,16538.78868,13864.77015,20189.6024,15841.57036,13536.16074,20189.6024,13029.35983,14151.75349,20189.6024,5526.520303,5485.814033,0.001001968,0.001005531,0.001008742,0.001011081,6250.661721,6250.661721,6250.661721,11692.93525,11692.93525,11692.93525,11692.93525,11692.93525
1/23/1995,7818.518778,5111.651713,9124.393289,10845.52244,10824.3871,9124.393289,14031.04937,9993.841439,16948.23022,16174.85514,12763.49459,16948.23022,16850.02968,13864.77015,16948.23022,15730.22914,13536.16074,16948.23022,5224.419058,5186.18795,0.001001968,0.001005531,0.001008742,0.001011081,6923.740585,6923.740585,6923.740585,12514.1274,12514.1274,12514.1274,12514.1274,12514.1274
1/24/1995,3937.735309,4260.121272,4266.151895,5119.176908,5111.651713,4266.151895,7613.186806,8572.885624,8601.2141,8572.940962,9993.841439,8601.2141,10705.40744,12763.49459,8601.2141,14270.49101,13864.77015,8601.2141,1419.31772,1410.506279,0.001001968,0.001005531,0.001008742,0.001011081,6868.92427,6868.92427,6868.92427,13084.33406,13084.33406,13084.33406,13084.33406,13084.33406
1/25/1995,3615.675325,4110.79556,3961.499693,4265.152119,4260.121272,3961.499693,6407.50276,7846.512421,7264.093739,6838.808018,8572.885624,7264.093739,8062.997425,9993.841439,7264.093739,10002.7656,12763.49459,7264.093739,1506.364749,1496.936555,0.001001968,0.001005531,0.001008742,0.001011081,6681.0409,6681.0409,6681.0409,13134.93455,13134.93455,13134.93455,13134.93455,13134.93455
1/26/1995,3545.113098,3838.285485,3940.855778,4114.32755,4110.79556,3940.855778,8251.626961,7299.239225,9568.908085,8525.483556,7846.512421,9568.908085,9178.522452,8572.885624,9568.908085,10071.98485,9993.841439,9568.908085,1725.049442,1714.053407,0.001001968,0.001005531,0.001008742,0.001011081,6610.270047,6610.270047,6610.270047,12977.20802,12977.20802,12977.20802,12977.20802,12977.20802
1/27/1995,3327.61732,3578.561609,3711.024742,3840.746729,3838.285485,3711.024742,7236.607074,6864.601571,8385.777802,7476.483538,7299.239225,8385.777802,7999.080206,7846.512421,8385.777802,8572.38847,8572.885624,8385.777802,1681.606719,1670.924124,0.001001968,0.001005531,0.001008742,0.001011081,6501.024981,6501.024981,6501.024981,12525.27696,12525.27696,12525.27696,12525.27696,12525.27696
1/28/1995,3114.6392,3356.924184,3477.017988,3580.244508,3578.561609,3477.017988,6410.60764,6479.633508,7421.918409,6625.57091,6864.601571,7421.918409,7091.887058,7299.239225,7421.918409,7565.18325,7846.512421,7421.918409,1600.357835,1590.258867,0.001001968,0.001005531,0.001008742,0.001011081,6246.340858,6246.340858,6246.340858,11991.12759,11991.12759,11991.12759,11991.12759,11991.12759
1/29/1995,2930.462959,3166.280194,3273.622222,3358.033352,3356.924184,3273.622222,5967.530245,6183.667061,6910.181978,6158.995506,6479.633508,6910.181978,6580.577852,6864.601571,6910.181978,6966.44197,7299.239225,6910.181978,1525.31268,1515.749658,0.001001968,0.001005531,0.001008742,0.001011081,5478.537433,5478.537433,5478.537433,11055.47116,11055.47116,11055.47116,11055.47116,11055.47116
1/30/1995,2770.387474,3001.742558,3096.463152,3166.953921,3166.280194,3096.463152,5638.186314,5946.619425,6531.12883,5810.367522,6183.667061,6531.12883,6195.842348,6479.633508,6531.12883,6527.118092,6864.601571,6531.12883,1458.168964,1449.082797,0.001001968,0.001005531,0.001008742,0.001011081,4469.988719,4469.988719,4469.988719,9757.389526,9757.389526,9757.389526,9757.389526,9757.389526
1/31/1995,2635.965737,2835.580361,2947.202832,3002.030882,3001.742558,2947.202832,5377.526162,6026.560503,6229.475232,5529.290589,5946.619425,6229.475232,5885.829291,6183.667061,6229.475232,6164.317504,6479.633508,6229.475232,1399.653569,1390.980834,0.001001968,0.001005531,0.001008742,0.001011081,3914.101835,3914.101835,3914.101835,8475.399788,8475.399788,8475.399788,8475.399788,8475.399788
2/1/1995,2545.021617,2808.231441,2836.730812,2835.588835,2835.580361,2836.730812,5191.311182,5821.529145,5997.073661,5281.182428,6026.560503,5997.073661,5602.903547,5946.619425,5997.073661,5850.278114,6183.667061,5997.073661,1320.318927,1312.203376,0.001001968,0.001005531,0.001008742,0.001011081,3589.158463,3589.158463,3589.158463,7614.044286,7614.044286,7614.044286,7614.044286,7614.044286
2/2/1995,2532.490705,2782.854518,2823.236141,2808.2403,2808.231441,2823.236141,5103.293451,5530.626369,5894.096064,5179.734157,5821.529145,5894.096064,5442.61591,6026.560503,5894.096064,5596.59397,5946.619425,5894.096064,1319.512229,1311.402323,0.001001968,0.001005531,0.001008742,0.001011081,3354.396001,3354.396001,3354.396001,7067.356155,7067.356155,7067.356155,7067.356155,7067.356155
2/3/1995,2473.846556,2658.833358,2760.650707,2782.756205,2782.854518,2760.650707,4953.253403,5338.791732,5728.902218,5064.962215,5530.626369,5728.902218,5309.976063,5821.529145,5728.902218,5459.659897,6026.560503,5728.902218,1305.791139,1297.777186,0.001001968,0.001005531,0.001008742,0.001011081,3172.673111,3172.673111,3172.673111,6668.517091,6668.517091,6668.517091,6668.517091,6668.517091
2/4/1995,2344.90133,2524.614892,2613.466881,2658.536522,2658.833358,2613.466881,4986.987286,5116.367587,5768.643,5111.338461,5338.791732,5768.643,5373.429569,5530.626369,5768.643,5534.81665,5821.529145,5768.643,1230.551291,1223.061284,0.001001968,0.001005531,0.001008742,0.001011081,3022.816954,3022.816954,3022.816954,6397.0158,6397.0158,6397.0158,6397.0158,6397.0158
2/5/1995,2230.721747,2422.507897,2483.832701,2524.237296,2524.614892,2483.832701,4786.375975,4953.179236,5524.905716,4902.241097,5116.367587,5524.905716,5174.000102,5338.791732,5524.905716,5324.838071,5530.626369,5524.905716,1166.635671,1159.58768,0.001001968,0.001005531,0.001008742,0.001011081,2893.081266,2893.081266,2893.081266,6179.277553,6179.277553,6179.277553,6179.277553,6179.277553
2/6/1995,2142.15042,2328.01638,2385.895911,2422.075862,2422.507897,2385.895911,4475.799971,4785.875943,5165.407365,4585.583522,4953.179236,5165.407365,4844.238558,5116.367587,5165.407365,5051.88862,5338.791732,5165.407365,1128.637073,1121.850463,0.001001968,0.001005531,0.001008742,0.001011081,2778.405737,2778.405737,2778.405737,5968.06836,5968.06836,5968.06836,5968.06836,5968.06836
2/7/1995,2059.75806,2239.610896,2294.691254,2327.546178,2328.01638,2294.691254,4325.160133,4687.482874,4989.623639,4429.053611,4785.875943,4989.623639,4675.304327,4953.179236,4989.623639,4832.560695,5116.367587,4989.623639,1092.736865,1086.1962,0.001001968,0.001005531,0.001008742,0.001011081,2675.385216,2675.385216,2675.385216,5773.448522,5773.448522,5773.448522,5773.448522,5773.448522
2/8/1995,1982.513919,2156.705847,2209.063206,2239.115415,2239.610896,2209.063206,4173.413776,4593.71606,4814.791153,4271.769839,4687.482874,4814.791153,4506.708918,4785.875943,4814.791153,4670.675531,4953.179236,4814.791153,1058.427332,1052.120778,0.001001968,0.001005531,0.001008742,0.001011081,2585.501541,2585.501541,2585.501541,5595.353999,5595.353999,5595.353999,5595.353999,5595.353999
2/9/1995,1909.956406,2078.690581,2128.552137,2156.195259,2156.705847,2128.552137,4057.008982,4430.256585,4678.034526,4150.495452,4593.71606,4678.034526,4375.114048,4687.482874,4678.034526,4508.92424,4785.875943,4678.034526,1025.746782,1019.66234,0.001001968,0.001005531,0.001008742,0.001011081,2495.733287,2495.733287,2495.733287,5429.90689,5429.90689,5429.90689,5429.90689,5429.90689
2/10/1995,1841.585553,2006.809496,2052.622552,2078.173318,2078.690581,2052.622552,3957.501122,4282.969052,4559.631911,4046.643094,4430.256585,4559.631911,4261.782022,4593.71606,4559.631911,4379.413182,4687.482874,4559.631911,994.5659132,988.6925667,0.001001968,0.001005531,0.001008742,0.001011081,2400.195505,2400.195505,2400.195505,5275.024394,5275.024394,5275.024394,5275.024394,5275.024394
2/11/1995,1779.036125,1938.22814,1983.272268,2006.291922,2006.809496,1983.272268,3879.534921,4154.186089,4469.800659,3963.290965,4282.969052,4469.800659,4169.087327,4430.256585,4469.800659,4298.043974,4593.71606,4469.800659,966.5142359,960.8300883,0.001001968,0.001005531,0.001008742,0.001011081,2306.457791,2306.457791,2306.457791,5084.186564,5084.186564,5084.186564,5084.186564,5084.186564
2/12/1995,1718.292777,1871.92918,1915.757213,1937.714879,1938.22814,1915.757213,3780.272106,4163.855557,4356.786298,3860.128659,4154.186089,4356.786298,4056.283638,4282.969052,4356.786298,4196.51599,4430.256585,4356.786298,938.397012,932.9018093,0.001001968,0.001005531,0.001008742,0.001011081,2218.504406,2218.504406,2218.504406,4898.224458,4898.224458,4898.224458,4898.224458,4898.224458
2/13/1995,1659.873934,1808.690721,1850.708706,1871.424079,1871.92918,1850.708706,3638.642322,4154.774134,4192.692352,3715.561955,4163.855557,4192.692352,3905.016199,4154.186089,4192.692352,4034.987915,4282.969052,4192.692352,910.7219076,905.411978,0.001001968,0.001005531,0.001008742,0.001011081,2136.22821,2136.22821,2136.22821,4743.306125,4743.306125,4743.306125,4743.306125,4743.306125
2/14/1995,1604.304259,1748.692758,1788.794151,1808.197024,1808.690721,1788.794151,3535.836673,4076.368284,4072.485162,3609.531897,4154.774134,4072.485162,3791.927362,4163.855557,4072.485162,3904.956426,4154.186089,4072.485162,884.1355704,879.0029504,0.001001968,0.001005531,0.001008742,0.001011081,2058.926266,2058.926266,2058.926266,4604.106153,4604.106153,4604.106153,4604.106153,4604.106153
2/15/1995,1551.513728,1712.903064,1729.974785,1748.212878,1748.692758,1729.974785,3445.68792,3926.95724,3967.019476,3516.275544,4076.368284,3967.019476,3691.685021,4154.774134,3967.019476,3799.03134,4163.855557,3967.019476,858.7929955,853.8287564,0.001001968,0.001005531,0.001008742,0.001011081,1986.037233,1986.037233,1986.037233,4475.689464,4475.689464,4475.689464,4475.689464,4475.689464
2/16/1995,1518.054239,1655.773032,1695.271219,1712.439149,1712.903064,1695.271219,3499.177519,3736.118171,4031.31209,3566.814741,3926.95724,4031.31209,3736.275105,4076.368284,4031.31209,3799.70477,4154.774134,4031.31209,854.355968,849.4211444,0.001001968,0.001005531,0.001008742,0.001011081,1919.969592,1919.969592,1919.969592,4373.579982,4373.579982,4373.579982,4373.579982,4373.579982
2/17/1995,1468.376231,1620.896488,1639.515474,1655.326697,1655.773032,1639.515474,3477.995519,4035.460476,4009.88091,3540.354182,3736.118171,4009.88091,3702.584638,3926.95724,4009.88091,3827.158305,4076.368284,4009.88091,828.7092459,823.9440603,0.001001968,0.001005531,0.001008742,0.001011081,1857.376747,1857.376747,1857.376747,4286.304464,4286.304464,4286.304464,4286.304464,4286.304464
2/18/1995,1446.058093,1552.902413,1614.868574,1620.290521,1620.896488,1614.868574,3393.093442,4259.846125,3912.550663,3444.91872,4035.460476,3912.550663,3600.661563,3736.118171,3912.550663,3699.527564,3926.95724,3912.550663,819.3774316,814.6738037,0.001001968,0.001005531,0.001008742,0.001011081,1799.693844,1799.693844,1799.693844,4197.168133,4197.168133,4197.168133,4197.168133,4197.168133
2/19/1995,1473.178597,1594.036024,1628.236226,1551.758685,1552.902413,1628.236226,3391.902049,4443.565297,3882.771331,3358.159624,4259.846125,3882.771331,3483.560253,4035.460476,3882.771331,3586.629644,3736.118171,3882.771331,757.438333,753.1409434,0.001001968,0.001005531,0.001008742,0.001011081,1740.001579,1740.001579,1740.001579,4110.200583,4110.200583,4110.200583,4110.200583,4110.200583
2/20/1995,1628.254887,1964.965397,1773.139521,1592.704344,1594.036024,1773.139521,3457.126168,5060.016798,3915.538857,3318.797946,4443.565297,3915.538857,3344.243519,4259.846125,3915.538857,3414.280873,4035.460476,3915.538857,709.9501836,705.9613466,0.001001968,0.001005531,0.001008742,0.001011081,1682.443577,1682.443577,1682.443577,4026.138338,4026.138338,4026.138338,4026.138338,4026.138338
2/21/1995,2032.356826,2445.954325,2202.376495,1965.289164,1964.965397,2202.376495,4196.477615,5285.094758,4746.470584,4007.210659,5060.016798,4746.470584,3869.663707,4443.565297,4746.470584,3686.478992,4259.846125,4746.470584,814.0167939,809.3484869,0.001001968,0.001005531,0.001008742,0.001011081,1661.685039,1661.685039,1661.685039,4021.336662,4021.336662,4021.336662,4021.336662,4021.336662
2/22/1995,2295.950046,2518.164451,2514.338765,2446.4488,2445.954325,2514.338765,4614.325168,5492.375664,5268.248596,4608.096269,5285.094758,5268.248596,4511.626682,5060.016798,5268.248596,4126.340203,4443.565297,5268.248596,1027.977776,1021.8782,0.001001968,0.001005531,0.001008742,0.001011081,1718.313393,1718.313393,1718.313393,4099.564469,4099.564469,4099.564469,4099.564469,4099.564469
2/23/1995,2219.837597,2461.362264,2448.200507,2515.140984,2518.164451,2448.200507,4472.255867,5640.527344,5131.643755,4604.61786,5492.375664,5131.643755,4766.358965,5285.094758,5131.643755,4522.091086,5060.016798,5131.643755,1076.845893,1070.413776,0.001001968,0.001005531,0.001008742,0.001011081,1825.422974,1825.422974,1825.422974,4217.142548,4217.142548,4217.142548,4217.142548,4217.142548
2/24/1995,2251.19414,2329.469949,2457.095416,2459.290323,2461.362264,2457.095416,4760.778796,7140.339809,5421.338926,4821.583859,5640.527344,5421.338926,4909.990171,5492.375664,5421.338926,4986.186948,5285.094758,5421.338926,953.5849745,947.987798,0.001001968,0.001005531,0.001008742,0.001011081,1926.888968,1926.888968,1926.888968,4404.515983,4404.515983,4404.515983,4404.515983,4404.515983
2/25/1995,2232.671468,2811.755828,2411.018448,2329.549862,2329.469949,2411.018448,4639.486562,6921.239705,5245.63595,4605.595542,7140.339809,5245.63595,4748.483278,5640.527344,5245.63595,4896.229665,5492.375664,5245.63595,837.3917277,832.5691873,0.001001968,0.001005531,0.001008742,0.001011081,2026.705984,2026.705984,2026.705984,4609.999399,4609.999399,4609.999399,4609.999399,4609.999399
2/26/1995,2543.092318,2618.113829,2828.068778,2811.506065,2811.755828,2828.068778,5067.131724,6181.151479,5855.8446,5134.016275,6921.239705,5855.8446,5361.823913,7140.339809,5855.8446,4978.749194,5640.527344,5855.8446,1314.526257,1306.451233,0.001001968,0.001005531,0.001008742,0.001011081,2204.6143,2204.6143,2204.6143,4843.045937,4843.045937,4843.045937,4843.045937,4843.045937
2/27/1995,2258.320467,2485.441218,2501.487572,2617.858552,2618.113829,2501.487572,4981.089096,5679.479867,5750.69888,5158.962669,6181.151479,5750.69888,5359.627842,6921.239705,5750.69888,5626.09078,7140.339809,5750.69888,1138.37358,1131.520098,0.001001968,0.001005531,0.001008742,0.001011081,2365.617142,2365.617142,2365.617142,5109.989822,5109.989822,5109.989822,5109.989822,5109.989822
2/28/1995,2168.550887,2550.08426,2412.593981,2482.033612,2485.441218,2412.593981,5900.026067,5427.650378,6846.517633,6012.765649,5679.479867,6846.517633,6317.560711,6181.151479,6846.517633,6288.940843,6921.239705,6846.517633,1144.907597,1138.009199,0.001001968,0.001005531,0.001008742,0.001011081,2497.736122,2497.736122,2497.736122,5550.797394,5550.797394,5550.797394,5550.797394,5550.797394
3/1/1995,2255.658014,2361.96429,2524.681819,2548.000812,2550.08426,2524.681819,6026.477216,5242.757725,7006.327078,6105.750887,5427.650378,7006.327078,6323.822873,5679.479867,7006.327078,6412.938399,6181.151479,7006.327078,1239.853133,1232.298558,0.001001968,0.001005531,0.001008742,0.001011081,2555.135423,2555.135423,2555.135423,5883.380278,5883.380278,5883.380278,5883.380278,5883.380278
3/2/1995,2111.742875,2294.368992,2344.541487,2362.377788,2361.96429,2344.541487,5083.091939,5626.175015,5867.570097,5156.651645,5242.757725,5867.570097,5365.294274,5427.650378,5867.570097,5704.445722,5679.479867,5867.570097,1091.444583,1084.912754,0.001001968,0.001005531,0.001008742,0.001011081,2541.878857,2541.878857,2541.878857,6032.316251,6032.316251,6032.316251,6032.316251,6032.316251
3/3/1995,2042.383464,2193.667172,2270.179311,2294.266463,2294.368992,2270.179311,4535.848113,5288.987897,5229.349922,4621.674763,5626.175015,5229.349922,4847.653801,5242.757725,5229.349922,5009.582698,5427.650378,5229.349922,1073.643115,1067.232851,0.001001968,0.001005531,0.001008742,0.001011081,2534.202468,2534.202468,2534.202468,6043.694307,6043.694307,6043.694307,6043.694307,6043.694307
3/4/1995,1942.861274,2042.780066,2158.117201,2193.544595,2193.667172,2158.117201,4448.785555,7385.241415,5127.97751,4539.981639,5288.987897,5127.97751,4752.129582,5626.175015,5127.97751,4925.168137,5242.757725,5127.97751,1021.693316,1015.636363,0.001001968,0.001005531,0.001008742,0.001011081,2519.40431,2519.40431,2519.40431,6025.203388,6025.203388,6025.203388,6025.203388,6025.203388
3/5/1995,1850.126883,2145.579849,2042.858097,2039.496609,2042.780066,2042.858097,4284.730374,9601.718569,4919.738622,4329.379733,7385.241415,4919.738622,4529.706259,5288.987897,4919.738622,4742.216494,5626.175015,4919.738622,924.6962525,919.2928588,0.001001968,0.001005531,0.001008742,0.001011081,2418.159271,2418.159271,2418.159271,5970.753559,5970.753559,5970.753559,5970.753559,5970.753559
3/6/1995,2074.909043,2286.794471,2281.406122,2137.986313,2145.579849,2281.406122,4969.156111,21855.43743,5706.705879,4872.217518,9601.718569,5706.705879,4979.360549,7385.241415,5706.705879,5004.450647,5288.987897,5706.705879,979.3850956,973.6142234,0.001001968,0.001005531,0.001008742,0.001011081,2342.16499,2342.16499,2342.16499,5962.193253,5962.193253,5962.193253,5962.193253,5962.193253
3/7/1995,2362.639442,4724.292096,2552.251022,2266.615614,2286.794471,2552.251022,5180.142581,21847.81559,5868.439035,4941.170156,21855.43743,5868.439035,4870.459413,9601.718569,5868.439035,4894.525323,7385.241415,5868.439035,894.0672784,888.8685004,0.001001968,0.001005531,0.001008742,0.001011081,2262.068613,2262.068613,2262.068613,5692.865867,5692.865867,5692.865867,5692.865867,5692.865867
3/8/1995,2939.610755,10234.75818,3143.155223,2705.954614,4724.292096,3143.155223,8105.502015,19610.80918,9175.660544,7694.036874,21847.81559,9175.660544,7419.421903,21855.43743,9175.660544,6766.718171,9601.718569,9175.660544,929.6417572,924.2052434,0.001001968,0.001005531,0.001008742,0.001011081,2225.121246,2225.121246,2225.121246,5871.485271,5871.485271,5871.485271,5871.485271,5871.485271
3/9/1995,10945.41225,9376.428066,12468.31874,11084.75081,10234.75818,12468.31874,19421.17549,15913.97284,22847.36853,18810.61259,19610.80918,22847.36853,17567.94656,21847.81559,22847.36853,10299.04927,21855.43743,22847.36853,4823.840921,4788.86873,0.001001968,0.001005531,0.001008742,0.001011081,3122.434532,3122.434532,3122.434532,6924.905389,6924.905389,6924.905389,6924.905389,6924.905389
3/10/1995,10693.87255,12811.57775,11776.7002,10143.81288,9376.428066,11776.7002,26538.22035,14065.19183,31214.32623,25128.22498,15913.97284,31214.32623,25008.95249,19610.80918,31214.32623,25725.15242,21847.81559,31214.32623,3974.827615,3946.66573,0.001001968,0.001005531,0.001008742,0.001011081,4128.540278,4128.540278,4128.540278,9863.472252,9863.472252,9863.472252,9863.472252,9863.472252
3/11/1995,10316.40436,7545.782216,12092.2093,12851.15796,12811.57775,12092.2093,19163.15212,11944.69544,23326.21152,20465.45867,14065.19183,23326.21152,21486.09601,15913.97284,23326.21152,19021.13832,19610.80918,23326.21152,6921.145202,6868.841022,0.001001968,0.001005531,0.001008742,0.001011081,5564.484025,5564.484025,5564.484025,12368.27739,12368.27739,12368.27739,12368.27739,12368.27739
3/12/1995,5565.096303,4489.659078,6204.94555,7535.985599,7545.782216,6204.94555,13677.44016,10470.71853,16046.08395,15136.73525,11944.69544,16046.08395,16571.41943,14065.19183,16046.08395,20743.21072,15913.97284,16046.08395,2667.206775,2649.215432,0.001001968,0.001005531,0.001008742,0.001011081,6483.860125,6483.860125,6483.860125,14459.84254,14459.84254,14459.84254,14459.84254,14459.84254
3/13/1995,4033.865327,5165.838962,4257.412523,4404.899366,4489.659078,4257.412523,7001.922072,10174.8211,7692.600415,7237.272687,10470.71853,7692.600415,8817.052752,11944.69544,7692.600415,11592.09308,14065.19183,7692.600415,946.7865521,941.2350466,0.001001968,0.001005531,0.001008742,0.001011081,7014.284402,7014.284402,7014.284402,15853.5453,15853.5453,15853.5453,15853.5453,15853.5453
3/14/1995,4675.07612,5423.411402,5082.509123,5065.01228,5165.838962,5082.509123,9428.722357,10204.92421,10718.5708,9535.866816,10174.8211,10718.5708,10030.31584,10470.71853,10718.5708,10597.31803,11944.69544,10718.5708,1714.472487,1703.552852,0.001001968,0.001005531,0.001008742,0.001011081,7470.685983,7470.685983,7470.685983,16786.53524,16786.53524,16786.53524,16786.53524,16786.53524
3/15/1995,4843.115166,5406.864959,5311.037341,5357.105413,5423.411402,5311.037341,10051.34436,9843.945393,11521.70452,10237.09635,10204.92421,11521.70452,10610.67408,10174.8211,11521.70452,10627.9329,10470.71853,11521.70452,1940.07494,1927.514205,0.001001968,0.001005531,0.001008742,0.001011081,7909.017401,7909.017401,7909.017401,17133.84687,17133.84687,17133.84687,17133.84687,17133.84687
3/16/1995,4619.148987,4933.706334,5079.483661,5258.424664,5406.864959,5079.483661,8895.663281,8985.670575,10178.26922,9230.862992,9843.945393,10178.26922,9702.354114,10204.92421,10178.26922,9907.464132,10174.8211,10178.26922,1897.384619,1885.136223,0.001001968,0.001005531,0.001008742,0.001011081,7437.180125,7437.180125,7437.180125,16700.52272,16700.52272,16700.52272,16700.52272,16700.52272
3/17/1995,4431.256074,4554.88896,4873.289691,5031.870091,4933.706334,4873.289691,8279.263597,8638.151491,9462.11502,8599.228984,8985.670575,9462.11502,9185.177754,9843.945393,9462.11502,9476.367491,10204.92421,9462.11502,1780.089306,1768.694823,0.001001968,0.001005531,0.001008742,0.001011081,6851.729106,6851.729106,6851.729106,14414.93715,14414.93715,14414.93715,14414.93715,14414.93715
3/18/1995,4035.932095,4019.99781,4452.025196,4634.8783,4554.88896,4452.025196,7908.187821,8168.864887,9077.748281,8231.46361,8638.151491,9077.748281,8780.284383,8985.670575,9077.748281,9380.849369,9843.945393,9077.748281,1720.394482,1709.432079,0.001001968,0.001005531,0.001008742,0.001011081,5791.651021,5791.651021,5791.651021,12539.69733,12539.69733,12539.69733,12539.69733,12539.69733
3/19/1995,3555.562833,3715.531683,3906.096907,4047.866845,4019.99781,3906.096907,7232.919774,7777.893731,8284.442852,7485.488413,8168.864887,8284.442852,8011.077109,8638.151491,8284.442852,8735.096888,8985.670575,8284.442852,1484.629193,1475.355413,0.001001968,0.001005531,0.001008742,0.001011081,5189.427699,5189.427699,5189.427699,11004.13478,11004.13478,11004.13478,11004.13478,11004.13478
3/20/1995,3298.120742,3732.617548,3624.455286,3725.449807,3715.531683,3624.455286,6648.977606,7678.603648,7609.739448,6854.339849,7777.893731,7609.739448,7305.76661,8168.864887,7609.739448,7815.778329,8638.151491,7609.739448,1399.900345,1391.225871,0.001001968,0.001005531,0.001008742,0.001011081,4920.720857,4920.720857,4920.720857,9999.354629,9999.354629,9999.354629,9999.354629,9999.354629
3/21/1995,3201.786098,3823.081072,3533.446367,3607.839936,3732.617548,3533.446367,6820.610632,7317.845519,7838.532752,6995.48996,7678.603648,7838.532752,7377.97689,7777.893731,7838.532752,7621.707444,8168.864887,7838.532752,1430.887456,1421.994296,0.001001968,0.001005531,0.001008742,0.001011081,4704.655571,4704.655571,4704.655571,9459.06431,9459.06431,9459.06431,9459.06431,9459.06431
3/22/1995,3531.465527,3872.538434,3901.145617,3843.440941,3823.081072,3901.145617,7153.47187,6837.906423,8215.543337,7220.934393,7317.845519,8215.543337,7482.913373,7678.603648,8215.543337,7451.222068,7777.893731,8215.543337,1533.281779,1523.66199,0.001001968,0.001005531,0.001008742,0.001011081,4482.574901,4482.574901,4482.574901,9081.939955,9081.939955,9081.939955,9081.939955,9081.939955
3/23/1995,3584.161627,3537.236522,3977.079424,3947.000672,3872.538434,3977.079424,6921.69911,6366.924557,7973.446638,7025.444367,6837.906423,7973.446638,7327.692827,7317.845519,7973.446638,7361.48703,7678.603648,7973.446638,1656.184909,1645.685291,0.001001968,0.001005531,0.001008742,0.001011081,4277.882776,4277.882776,4277.882776,8713.410927,8713.410927,8713.410927,8713.410927,8713.410927
3/24/1995,3086.991851,2967.70383,3426.160364,3559.004927,3537.236522,3426.160364,6186.832492,5918.551434,7127.370445,6429.206861,6366.924557,7127.370445,6818.221156,6837.906423,7127.370445,7211.686371,7317.845519,7127.370445,1471.326166,1462.14676,0.001001968,0.001005531,0.001008742,0.001011081,4048.902532,4048.902532,4048.902532,8347.319213,8347.319213,8347.319213,8347.319213,8347.319213
3/25/1995,2604.801078,2723.591701,2862.598578,2975.500661,2967.70383,2862.598578,5357.627025,5603.971711,6121.824187,5552.111463,5918.551434,6121.824187,5972.221474,6366.924557,6121.824187,6570.280984,6837.906423,6121.824187,1139.774903,1132.911791,0.001001968,0.001005531,0.001008742,0.001011081,3810.419641,3810.419641,3810.419641,7961.206212,7961.206212,7961.206212,7961.206212,7961.206212
3/26/1995,2437.594866,2625.244559,2675.962615,2729.089472,2723.591701,2675.962615,5032.020726,5373.986848,5743.297347,5160.295122,5603.971711,5743.297347,5498.708929,5918.551434,5743.297347,5904.395744,6366.924557,5743.297347,1063.300975,1056.961222,0.001001968,0.001005531,0.001008742,0.001011081,3606.589057,3606.589057,3606.589057,7584.263123,7584.263123,7584.263123,7584.263123,7584.263123
3/27/1995,2354.265409,2517.54711,2590.667004,2629.402347,2625.244559,2590.667004,4981.613169,5133.590427,5699.999067,5092.29812,5373.986848,5699.999067,5358.505703,5603.971711,5699.999067,5610.482238,5918.551434,5699.999067,1061.165577,1054.840372,0.001001968,0.001005531,0.001008742,0.001011081,3433.281581,3433.281581,3433.281581,7250.108108,7250.108108,7250.108108,7250.108108,7250.108108
3/28/1995,2258.19865,2413.38557,2486.519871,2520.741648,2517.54711,2486.519871,4774.542015,5019.783058,5464.873569,4878.140392,5133.590427,5464.873569,5121.740742,5373.986848,5464.873569,5334.981814,5603.971711,5464.873569,1031.37529,1025.252657,0.001001968,0.001005531,0.001008742,0.001011081,3268.83473,3268.83473,3268.83473,6894.219438,6894.219438,6894.219438,6894.219438,6894.219438
3/29/1995,2164.949106,2339.510233,2384.387344,2415.549288,2413.38557,2384.387344,4564.909162,4959.175512,5222.983872,4663.184249,5019.783058,5222.983872,4894.488283,5133.590427,5222.983872,5077.875451,5373.986848,5222.983872,997.3208026,991.4288386,0.001001968,0.001005531,0.001008742,0.001011081,3075.516366,3075.516366,3075.516366,6522.534225,6522.534225,6522.534225,6522.534225,6522.534225
3/30/1995,2106.828532,2320.704577,2318.566188,2323.284936,2339.510233,2318.566188,4440.833039,4809.197183,5076.134795,4510.34503,4959.175512,5076.134795,4727.583486,5019.783058,5076.134795,4887.488612,5133.590427,5076.134795,966.7352172,961.0495818,0.001001968,0.001005531,0.001008742,0.001011081,2852.095742,2852.095742,2852.095742,6161.138973,6161.138973,6161.138973,6161.138973,6161.138973
3/31/1995,2104.525771,2232.537757,2318.974077,2324.644675,2320.704577,2318.974077,4343.069662,4551.494108,4963.97741,4417.0235,4809.197183,4963.97741,4602.264202,4959.175512,4963.97741,4688.898996,5019.783058,4963.97741,975.1202136,969.3780945,0.001001968,0.001005531,0.001008742,0.001011081,2661.051307,2661.051307,2661.051307,5808.229428,5808.229428,5808.229428,5808.229428,5808.229428
4/1/1995,2004.451496,2117.012361,2211.812555,2247.831823,2232.537757,2211.812555,4217.94126,4321.10259,4827.667535,4318.12419,4551.494108,4827.667535,4524.311929,4809.197183,4827.667535,4645.873699,4959.175512,4827.667535,952.0607129,946.4737798,0.001001968,0.001005531,0.001008742,0.001011081,2531.578935,2531.578935,2531.578935,5514.352314,5514.352314,5514.352314,5514.352314,5514.352314
4/2/1995,1885.383916,1996.361956,2079.73474,2118.696486,2117.012361,2079.73474,4053.488592,4429.529836,4640.827974,4150.430223,4321.10259,4640.827974,4358.91191,4551.494108,4640.827974,4553.134614,4809.197183,4640.827974,901.8033508,896.5529754,0.001001968,0.001005531,0.001008742,0.001011081,2430.305982,2430.305982,2430.305982,5292.535434,5292.535434,5292.535434,5292.535434,5292.535434
4/3/1995,1786.412477,1897.769238,1967.45217,1996.437003,1996.361956,1967.45217,3881.142471,4426.360888,4437.505445,3963.514392,4429.529836,4437.505445,4161.721804,4321.10259,4437.505445,4343.946964,4551.494108,4437.505445,845.7740408,840.8960555,0.001001968,0.001005531,0.001008742,0.001011081,2335.93609,2335.93609,2335.93609,5110.506308,5110.506308,5110.506308,5110.506308,5110.506308
4/4/1995,1728.691184,2083.297266,1896.576217,1890.029336,1897.769238,1896.576217,3741.293774,4423.155125,4261.897835,3784.633539,4426.360888,4261.897835,3957.565968,4429.529836,4261.897835,4115.477988,4321.10259,4261.897835,788.9934828,784.4896514,0.001001968,0.001005531,0.001008742,0.001011081,2242.288924,2242.288924,2242.288924,4940.50489,4940.50489,4940.50489,4940.50489,4940.50489
4/5/1995,1928.289999,2248.33236,2128.095128,2085.81715,2083.297266,2128.095128,3846.444244,4512.507032,4396.599438,3869.340354,4423.155125,4396.599438,3974.673203,4426.360888,4396.599438,3923.394079,4429.529836,4396.599438,925.4720441,920.0634563,0.001001968,0.001005531,0.001008742,0.001011081,2178.333601,2178.333601,2178.333601,4773.269091,4773.269091,4773.269091,4773.269091,4773.269091
4/6/1995,1979.71469,1864.053094,2205.586964,2254.725577,2248.33236,2205.586964,4048.293399,4958.027624,4667.833016,4168.151371,4512.507032,4667.833016,4291.512305,4423.155125,4667.833016,4200.276188,4426.360888,4667.833016,1042.570618,1036.371943,0.001001968,0.001005531,0.001008742,0.001011081,2152.310604,2152.310604,2152.310604,4659.300806,4659.300806,4659.300806,4659.300806,4659.300806
4/7/1995,1652.71297,1749.576647,1823.959027,1864.652449,1864.053094,1823.959027,3654.367048,5215.312868,4183.098482,3744.332811,4958.027624,4183.098482,4021.652964,4512.507032,4183.098482,4258.164471,4423.155125,4183.098482,810.401164,805.7566631,0.001001968,0.001005531,0.001008742,0.001011081,2104.65199,2104.65199,2104.65199,4585.068925,4585.068925,4585.068925,4585.068925,4585.068925
4/8/1995,1534.171522,2059.385072,1689.138171,1722.930646,1749.576647,1689.138171,3423.192212,4766.047548,3907.333859,3501.805442,5215.312868,3907.333859,3686.1247,4958.027624,3907.333859,3949.309553,4512.507032,3907.333859,739.8570651,735.6742136,0.001001968,0.001005531,0.001008742,0.001011081,2032.626861,2032.626861,2032.626861,4497.367916,4497.367916,4497.367916,4497.367916,4497.367916
4/9/1995,1958.39697,2709.002695,2169.966073,2047.260375,2059.385072,2169.966073,4101.97762,5169.662388,4709.79569,4046.30653,4766.047548,4709.79569,4137.10183,5215.312868,4709.79569,3961.92556,4958.027624,4709.79569,966.6250967,960.9402027,0.001001968,0.001005531,0.001008742,0.001011081,2003.697246,2003.697246,2003.697246,4428.160155,4428.160155,4428.160155,4428.160155,4428.160155
4/10/1995,2511.319758,2365.51344,2818.717001,2733.056456,2709.002695,2818.717001,5349.265239,5631.60483,6204.103327,5362.889527,5169.662388,6204.103327,5326.135007,4766.047548,6204.103327,4750.523078,5215.312868,6204.103327,1359.410402,1351.020796,0.001001968,0.001005531,0.001008742,0.001011081,2060.377433,2060.377433,2060.377433,4499.460514,4499.460514,4499.460514,4499.460514,4499.460514
4/11/1995,2230.149506,2250.094888,2455.46946,2377.345565,2365.51344,2455.46946,5024.029825,5934.239256,5760.153054,5005.965758,5631.60483,5760.153054,5166.731624,5169.662388,5760.153054,5402.549713,4766.047548,5760.153054,1030.491806,1024.37517,0.001001968,0.001005531,0.001008742,0.001011081,2122.957534,2122.957534,2122.957534,4675.224405,4675.224405,4675.224405,4675.224405,4675.224405
4/12/1995,1990.471044,2528.034889,2190.354911,2194.243084,2250.094888,2190.354911,3856.915936,6274.780434,4391.697056,3928.718684,5934.239256,4391.697056,4170.806723,5631.60483,4391.697056,4321.540468,5169.662388,4391.697056,936.7706425,931.2863471,0.001001968,0.001005531,0.001008742,0.001011081,2156.277561,2156.277561,2156.277561,4776.054565,4776.054565,4776.054565,4776.054565,4776.054565
4/13/1995,2913.946851,3648.368705,3111.122996,2522.632716,2528.034889,3111.122996,5762.12824,6084.078947,6404.508682,5253.604454,6274.780434,6404.508682,5016.042679,5934.239256,6404.508682,4727.144534,5631.60483,6404.508682,827.5525262,822.7949758,0.001001968,0.001005531,0.001008742,0.001011081,2149.070368,2149.070368,2149.070368,4924.936642,4924.936642,4924.936642,4924.936642,4924.936642
4/14/1995,3813.000906,4270.61379,4146.020186,3689.892542,3648.368705,4146.020186,6837.678495,5599.575486,7735.3111,6492.563878,6084.078947,7735.3111,6218.480378,6274.780434,7735.3111,5516.215985,5934.239256,7735.3111,1452.289943,1443.245405,0.001001968,0.001005531,0.001008742,0.001011081,2312.409739,2312.409739,2312.409739,5177.801341,5177.801341,5177.801341,5177.801341,5177.801341
4/15/1995,3516.274459,2729.912511,3959.934021,4283.584648,4270.61379,3959.934021,6316.574917,4676.921479,7358.187336,6785.175103,5599.575486,7358.187336,7042.270821,6084.078947,7358.187336,6225.703312,6274.780434,7358.187336,1962.321251,1949.597434,0.001001968,0.001005531,0.001008742,0.001011081,2649.496106,2649.496106,2649.496106,5503.52216,5503.52216,5503.52216,5503.52216,5503.52216
4/16/1995,2168.110727,1966.263955,2342.433441,2730.193323,2729.912511,2342.433441,4631.641058,4411.376423,5232.484457,5063.090816,4676.921479,5232.484457,5583.59416,5599.575486,5232.484457,6773.452841,6084.078947,5232.484457,826.252392,821.5034219,0.001001968,0.001005531,0.001008742,0.001011081,2813.683608,2813.683608,2813.683608,5835.426762,5835.426762,5835.426762,5835.426762,5835.426762
4/17/1995,1700.531054,1886.936321,1799.63484,1966.043279,1966.263955,1799.63484,3243.406516,4455.854042,3572.338133,3441.362375,4411.376423,3572.338133,3929.197042,4676.921479,3572.338133,4750.034036,5599.575486,3572.338133,482.9433324,480.3882589,0.001001968,0.001005531,0.001008742,0.001011081,2803.267496,2803.267496,2803.267496,5907.647032,5907.647032,5907.647032,5907.647032,5907.647032
4/18/1995,1672.708441,2041.445386,1790.312489,1867.659664,1886.936321,1790.312489,3735.64842,4308.578249,4190.16483,3839.498527,4455.854042,4190.16483,4104.281903,4411.376423,4190.16483,4499.406556,4676.921479,4190.16483,574.5146727,571.3902644,0.001001968,0.001005531,0.001008742,0.001011081,2757.568012,2757.568012,2757.568012,5773.606618,5773.606618,5773.606618,5773.606618,5773.606618
4/19/1995,1956.855102,2303.546982,2116.96596,2039.848125,2041.445386,2116.96596,3916.079096,4298.175013,4410.41053,3886.950736,4308.578249,4410.41053,4035.612124,4455.854042,4410.41053,4043.817151,4411.376423,4410.41053,757.6117332,753.3132122,0.001001968,0.001005531,0.001008742,0.001011081,2729.657881,2729.657881,2729.657881,5652.538869,5652.538869,5652.538869,5652.538869,5652.538869
4/20/1995,2111.342208,2124.190403,2315.297697,2317.607257,2303.546982,2315.297697,4119.801093,4053.128982,4687.10166,4185.073297,4298.175013,4687.10166,4270.660485,4308.578249,4687.10166,4145.408697,4455.854042,4687.10166,958.6503877,953.0191554,0.001001968,0.001005531,0.001008742,0.001011081,2742.954107,2742.954107,2742.954107,5477.822376,5477.822376,5477.822376,5477.822376,5477.822376
4/21/1995,1836.769197,1855.21079,2015.246957,2119.345594,2124.190403,2015.246957,3848.57824,3849.680009,4382.242689,4003.5422,4053.128982,4382.242689,4222.048921,4298.175013,4382.242689,4320.465009,4308.578249,4382.242689,856.9364495,851.9845209,0.001001968,0.001005531,0.001008742,0.001011081,2605.887931,2605.887931,2605.887931,5222.535998,5222.535998,5222.535998,5222.535998,5222.535998
4/22/1995,1649.956974,1738.513328,1793.34962,1857.000254,1855.21079,1793.34962,3389.26721,3602.820856,3826.535729,3495.620215,3849.680009,3826.535729,3710.47045,4053.128982,3826.535729,4005.034443,4298.175013,3826.535729,696.6312109,692.728435,0.001001968,0.001005531,0.001008742,0.001011081,2293.161733,2293.161733,2293.161733,4886.40169,4886.40169,4886.40169,4886.40169,4886.40169
4/23/1995,1564.298762,1591.908317,1698.155881,1745.273439,1738.513328,1698.155881,3341.950595,3375.699594,3771.121554,3426.331201,3602.820856,3771.121554,3592.760193,3849.680009,3771.121554,3783.609228,4053.128982,3771.121554,655.8137019,652.1733002,0.001001968,0.001005531,0.001008742,0.001011081,2105.410474,2105.410474,2105.410474,4519.364294,4519.364294,4519.364294,4519.364294,4519.364294
4/24/1995,1428.546498,1492.173761,1549.323261,1592.253942,1591.908317,1549.323261,3236.955169,3151.372958,3651.047053,3311.229817,3375.699594,3651.047053,3488.168482,3602.820856,3651.047053,3640.623819,3849.680009,3651.047053,600.9105506,597.6196237,0.001001968,0.001005531,0.001008742,0.001011081,2005.13715,2005.13715,2005.13715,4268.874205,4268.874205,4268.874205,4268.874205,4268.874205
4/25/1995,1336.027191,1397.554137,1448.099036,1492.213052,1492.173761,1448.099036,3060.722812,3110.425822,3453.598343,3132.561615,3151.372958,3453.598343,3271.109337,3375.699594,3453.598343,3484.416364,3602.820856,3453.598343,562.2494246,559.2020429,0.001001968,0.001005531,0.001008742,0.001011081,1932.981681,1932.981681,1932.981681,4117.553775,4117.553775,4117.553775,4117.553775,4117.553775
4/26/1995,1263.74168,1351.480533,1367.527975,1397.645234,1397.554137,1367.527975,2841.625905,3219.910673,3202.082685,2897.738085,3110.425822,3202.082685,3026.634285,3151.372958,3202.082685,3197.374289,3375.699594,3202.082685,524.7069363,521.8938849,0.001001968,0.001005531,0.001008742,0.001011081,1844.552521,1844.552521,1844.552521,4016.88182,4016.88182,4016.88182,4016.88182,4016.88182
4/27/1995,1221.764624,1298.946491,1323.455538,1347.274904,1351.480533,1323.455538,2752.647113,3549.177924,3102.513016,2802.203307,3219.910673,3102.513016,2915.180875,3110.425822,3102.513016,3018.040319,3151.372958,3102.513016,516.2619824,513.5013324,0.001001968,0.001005531,0.001008742,0.001011081,1722.536565,1722.536565,1722.536565,3871.800536,3871.800536,3871.800536,3871.800536,3871.800536
4/28/1995,1237.460033,1417.213304,1333.429309,1299.762978,1298.946491,1333.429309,2698.413249,4139.377926,3027.197331,2690.216848,3549.177924,3027.197331,2780.822369,3219.910673,3027.197331,2874.697571,3110.425822,3027.197331,488.334809,485.7465995,0.001001968,0.001005531,0.001008742,0.001011081,1597.699202,1597.699202,1597.699202,3667.455714,3667.455714,3667.455714,3667.455714,3667.455714
4/29/1995,1280.954432,1362.060275,1395.396917,1420.706962,1417.213304,1395.396917,2754.550662,3812.491315,3113.433409,2811.855908,4139.377926,3113.433409,2863.610517,3549.177924,3113.433409,2835.444074,3219.910673,3113.433409,576.866517,573.7273134,0.001001968,0.001005531,0.001008742,0.001011081,1515.418983,1515.418983,1515.418983,3496.159019,3496.159019,3496.159019,3496.159019,3496.159019
4/30/1995,1189.484841,1337.12096,1298.887256,1343.170495,1362.060275,1298.887256,2824.108829,3525.157213,3202.564808,2894.752244,3812.491315,3202.564808,3025.440396,4139.377926,3202.564808,3039.079483,3549.177924,3202.564808,556.5531125,553.5414268,0.001001968,0.001005531,0.001008742,0.001011081,1455.612067,1455.612067,1455.612067,3374.071009,3374.071009,3374.071009,3374.071009,3374.071009
5/1/1995,1206.934066,1346.000677,1317.292361,1340.723829,1337.12096,1317.292361,3214.122244,3056.847072,3642.954688,3263.23743,3525.157213,3642.954688,3358.828839,3812.491315,3642.954688,3297.46207,4139.377926,3642.954688,554.9380136,551.9364399,0.001001968,0.001005531,0.001008742,0.001011081,1409.625697,1409.625697,1409.625697,3339.760536,3339.760536,3339.760536,3339.760536,3339.760536
5/2/1995,1242.526093,1217.914131,1354.253073,1359.922053,1346.000677,1354.253073,3644.702663,3030.459674,4155.908119,3664.835517,3056.847072,4155.908119,3707.329628,3525.157213,4155.908119,3853.176383,3812.491315,4155.908119,559.6868347,556.6555176,0.001001968,0.001005531,0.001008742,0.001011081,1379.503317,1379.503317,1379.503317,3410.582147,3410.582147,3410.582147,3410.582147,3410.582147
5/3/1995,1099.851343,1155.125962,1199.320677,1218.920374,1217.914131,1199.320677,3140.729391,2825.979464,3570.826639,3176.58554,3030.459674,3570.826639,3315.467276,3056.847072,3570.826639,3409.500559,3525.157213,3570.826639,511.0370159,508.3087283,0.001001968,0.001005531,0.001008742,0.001011081,1356.994898,1356.994898,1356.994898,3462.856882,3462.856882,3462.856882,3462.856882,3462.856882
5/4/1995,1030.028182,1061.828178,1121.367818,1150.068088,1155.125962,1121.367818,2878.743614,2738.980882,3264.944773,2922.721077,2825.979464,3264.944773,3007.954112,3030.459674,3264.944773,3199.564903,3056.847072,3264.944773,473.5453639,471.0479275,0.001001968,0.001005531,0.001008742,0.001011081,1327.176725,1327.176725,1327.176725,3490.837334,3490.837334,3490.837334,3490.837334,3490.837334
5/5/1995,998.3582253,1172.141131,1077.185089,1056.682441,1061.828178,1077.185089,2530.779346,2683.81299,2838.1575,2529.020404,2738.980882,2838.1575,2618.828942,2825.979464,2838.1575,2699.601261,3030.459674,2838.1575,412.6492847,410.5213183,0.001001968,0.001005531,0.001008742,0.001011081,1294.330498,1294.330498,1294.330498,3477.130459,3477.130459,3477.130459,3477.130459,3477.130459
5/6/1995,1057.091319,1037.61748,1152.922376,1177.478686,1172.141131,1152.922376,2624.45301,2832.380655,2971.227741,2671.025516,2683.81299,2971.227741,2700.912633,2738.980882,2971.227741,2752.282812,2825.979464,2971.227741,493.0399293,490.4227606,0.001001968,0.001005531,0.001008742,0.001011081,1259.308172,1259.308172,1259.308172,3462.316149,3462.316149,3462.316149,3462.316149,3462.316149
5/7/1995,939.3154692,998.8546026,1021.391602,1042.707604,1037.61748,1021.391602,2379.956027,2879.581107,2684.124631,2420.129645,2832.380655,2684.124631,2542.287215,2683.81299,2684.124631,2605.720651,2738.980882,2684.124631,431.2749063,429.0346987,0.001001968,0.001005531,0.001008742,0.001011081,1218.438952,1218.438952,1218.438952,3396.443183,3396.443183,3396.443183,3396.443183,3396.443183
5/8/1995,898.5186734,949.5060867,979.5733351,999.3691815,998.8546026,979.5733351,2269.412588,2802.794615,2561.078317,2308.305861,2879.581107,2561.078317,2399.684443,2832.380655,2561.078317,2513.822464,2683.81299,2561.078317,428.9255677,426.699556,0.001001968,0.001005531,0.001008742,0.001011081,1171.934054,1171.934054,1171.934054,3257.800028,3257.800028,3257.800028,3257.800028,3257.800028
5/9/1995,846.9676448,962.1149048,921.2676647,939.7307692,949.5060867,921.2676647,2173.795693,2764.152186,2452.144129,2208.494712,2802.794615,2452.144129,2284.431285,2879.581107,2452.144129,2408.831832,2832.380655,2452.144129,396.8143555,394.7812508,0.001001968,0.001005531,0.001008742,0.001011081,1118.329722,1118.329722,1118.329722,3026.824543,3026.824543,3026.824543,3026.824543,3026.824543
5/10/1995,889.7770225,1036.344645,967.7963829,955.6438797,962.1149048,967.7963829,2428.224762,2682.702722,2749.54282,2430.040715,2764.152186,2749.54282,2487.755818,2802.794615,2749.54282,2510.162939,2879.581107,2749.54282,412.3509597,410.2247853,0.001001968,0.001005531,0.001008742,0.001011081,1070.980389,1070.980389,1070.980389,2886.020435,2886.020435,2886.020435,2886.020435,2886.020435
5/11/1995,959.8813603,997.5853396,1047.645089,1039.343057,1036.344645,1047.645089,2634.389822,2649.374455,2991.297434,2642.074944,2682.702722,2991.297434,2664.126049,2764.152186,2991.297434,2639.036816,2802.794615,2991.297434,456.8923386,454.4966416,0.001001968,0.001005531,0.001008742,0.001011081,1046.247417,1046.247417,1046.247417,2810.540487,2810.540487,2810.540487,2810.540487,2810.540487
5/12/1995,929.3935222,995.9939123,1010.801009,1005.721217,997.5853396,1010.801009,2554.833014,2615.668287,2890.629621,2564.807458,2649.374455,2890.629621,2617.09155,2682.702722,2890.629621,2627.063442,2764.152186,2890.629621,427.8533107,425.6337745,0.001001968,0.001005531,0.001008742,0.001011081,1033.812657,1033.812657,1033.812657,2798.051859,2798.051859,2798.051859,2798.051859,2798.051859
5/13/1995,889.2803779,882.4150285,972.0874314,1000.906757,995.9939123,972.0874314,2425.004208,2409.956162,2746.988897,2470.360404,2615.668287,2746.988897,2530.992155,2649.374455,2746.988897,2573.493428,2682.702722,2746.988897,437.7643487,435.484872,0.001001968,0.001005531,0.001008742,0.001011081,1014.479966,1014.479966,1014.479966,2778.55304,2778.55304,2778.55304,2778.55304,2778.55304
5/14/1995,780.5975462,793.9165426,852.1240249,882.0447637,882.4150285,852.1240249,2218.129381,2562.276527,2507.134158,2261.724911,2409.956162,2507.134158,2369.282318,2615.668287,2507.134158,2467.379665,2649.374455,2507.134158,386.3610741,384.3902976,0.001001968,0.001005531,0.001008742,0.001011081,990.8061595,990.8061595,990.8061595,2761.660423,2761.660423,2761.660423,2761.660423,2761.660423
5/15/1995,724.3335769,791.0644069,784.8546642,794.3034032,793.9165426,784.8546642,2169.97379,2702.440151,2442.486936,2189.594367,2562.276527,2442.486936,2259.074591,2409.956162,2442.486936,2380.289141,2615.668287,2442.486936,331.8765287,330.2265568,0.001001968,0.001005531,0.001008742,0.001011081,961.2089332,961.2089332,961.2089332,2746.464081,2746.464081,2746.464081,2746.464081,2746.464081
5/16/1995,718.5654067,774.9816996,779.8829934,792.0675369,791.0644069,779.8829934,2187.957505,2541.557772,2465.691245,2209.466241,2702.440151,2465.691245,2250.143143,2562.276527,2465.691245,2317.919284,2409.956162,2465.691245,336.0079112,334.3338663,0.001001968,0.001005531,0.001008742,0.001011081,937.131849,937.131849,937.131849,2746.771241,2746.771241,2746.771241,2746.771241,2746.771241
5/17/1995,698.8472686,775.7856776,761.858496,771.4573952,774.9816996,761.858496,2025.994197,2404.158746,2287.197401,2046.694651,2541.557772,2287.197401,2115.123241,2702.440151,2287.197401,2185.296005,2562.276527,2287.197401,346.181446,344.4479379,0.001001968,0.001005531,0.001008742,0.001011081,913.6588757,913.6588757,913.6588757,2686.277805,2686.277805,2686.277805,2686.277805,2686.277805
5/18/1995,705.2951523,829.9993373,768.9521608,772.7390923,775.7856776,768.9521608,2235.141126,2290.199205,2530.14081,2247.707207,2404.158746,2530.14081,2289.387965,2541.557772,2530.14081,2304.511956,2702.440151,2530.14081,348.4303962,346.6837086,0.001001968,0.001005531,0.001008742,0.001011081,880.8271078,880.8271078,880.8271078,2631.852315,2631.852315,2631.852315,2631.852315,2631.852315
5/19/1995,756.8115235,820.1771071,827.8334994,827.5901692,829.9993373,827.8334994,2442.472143,2168.279169,2774.200249,2450.971903,2290.199205,2774.200249,2473.541591,2404.158746,2774.200249,2469.990882,2541.557772,2774.200249,382.9689088,381.0183068,0.001001968,0.001005531,0.001008742,0.001011081,852.6949025,852.6949025,852.6949025,2609.339998,2609.339998,2609.339998,2609.339998,2609.339998
5/20/1995,748.7828929,781.5536794,818.0109414,824.7939346,820.1771071,818.0109414,2300.505357,2023.102353,2602.935637,2318.516895,2168.279169,2602.935637,2355.273321,2290.199205,2602.935637,2362.235165,2404.158746,2602.935637,373.3085961,371.4153065,0.001001968,0.001005531,0.001008742,0.001011081,825.997561,825.997561,825.997561,2579.109273,2579.109273,2579.109273,2579.109273,2579.109273
5/21/1995,704.3984472,666.0498609,770.2386293,786.570371,781.5536794,770.2386293,2080.899083,1884.270048,2349.689602,2109.691627,2023.102353,2349.689602,2169.547608,2168.279169,2349.689602,2237.356142,2290.199205,2349.689602,358.7653741,356.9579625,0.001001968,0.001005531,0.001008742,0.001011081,806.2347187,806.2347187,806.2347187,2545.578788,2545.578788,2545.578788,2545.578788,2545.578788
5/22/1995,601.5584499,632.733952,654.5917462,666.6076536,666.0498609,654.5917462,1833.610141,2394.983138,2062.209974,1854.258156,1884.270048,2062.209974,1939.826926,2023.102353,2062.209974,2080.977441,2168.279169,2062.209974,298.2724246,296.8165801,0.001001968,0.001005531,0.001008742,0.001011081,790.9233213,790.9233213,790.9233213,2493.484942,2493.484942,2493.484942,2493.484942,2493.484942
5/23/1995,573.5060322,628.0111062,623.9976568,633.0691808,632.733952,623.9976568,1710.962269,2783.769798,1923.537768,1728.504357,2394.983138,1923.537768,1779.65891,1884.270048,1923.537768,1895.562441,2023.102353,1923.537768,286.154038,284.7674264,0.001001968,0.001005531,0.001008742,0.001011081,770.3296509,770.3296509,770.3296509,2420.757643,2420.757643,2420.757643,2420.757643,2420.757643
5/24/1995,556.4396899,681.071897,605.3433351,611.9180648,628.0111062,605.3433351,1636.810893,2482.251435,1843.403499,1651.191358,2783.769798,1843.403499,1693.404288,2394.983138,1843.403499,1777.505099,1884.270048,1843.403499,278.4958984,277.1528137,0.001001968,0.001005531,0.001008742,0.001011081,745.1900231,745.1900231,745.1900231,2356.54311,2356.54311,2356.54311,2356.54311,2356.54311
5/25/1995,633.9629718,825.623353,688.0212333,675.7710313,681.071897,688.0212333,1826.504836,2479.609902,2039.299016,1828.058274,2482.251435,2039.299016,1837.136644,2783.769798,2039.299016,1682.641443,2394.983138,2039.299016,298.1218519,296.6668703,0.001001968,0.001005531,0.001008742,0.001011081,726.7476444,726.7476444,726.7476444,2277.84197,2277.84197,2277.84197,2277.84197,2277.84197
5/26/1995,806.7923548,841.5605782,880.456613,837.3543713,825.623353,880.456613,2539.854538,2886.54902,2871.553876,2510.017476,2479.609902,2871.553876,2492.748175,2482.251435,2871.553876,2336.535078,2783.769798,2871.553876,391.5678662,389.5660736,0.001001968,0.001005531,0.001008742,0.001011081,721.7100817,721.7100817,721.7100817,2263.746814,2263.746814,2263.746814,2263.746814,2263.746814
5/27/1995,769.3617563,722.3864824,846.6772342,849.0962453,841.5605782,846.6772342,2581.26222,2878.167507,2942.756346,2592.066593,2886.54902,2942.756346,2635.608296,2479.609902,2942.756346,2694.089715,2482.251435,2942.756346,415.9520752,413.8042569,0.001001968,0.001005531,0.001008742,0.001011081,725.9175349,725.9175349,725.9175349,2302.37418,2302.37418,2302.37418,2302.37418,2302.37418
5/28/1995,624.5514026,702.5407694,684.6479009,715.6661263,722.3864824,684.6479009,2003.856403,2500.967957,2266.345206,2044.015447,2878.167507,2266.345206,2125.043934,2886.54902,2266.345206,2267.84893,2479.609902,2266.345206,335.6910552,334.0188581,0.001001968,0.001005531,0.001008742,0.001011081,719.5199878,719.5199878,719.5199878,2303.924215,2303.924215,2303.924215,2303.924215,2303.924215
5/29/1995,609.5348464,707.1435635,663.4188332,660.6212365,702.5407694,663.4188332,2043.011571,2203.511423,2302.173015,2047.468581,2500.967957,2302.173015,2105.9147,2878.167507,2302.173015,2170.268326,2886.54902,2302.173015,302.3837062,300.9042776,0.001001968,0.001005531,0.001008742,0.001011081,714.9967896,714.9967896,714.9967896,2334.080361,2334.080361,2334.080361,2334.080361,2334.080361
5/30/1995,678.7176904,716.3389725,730.7246501,723.549156,707.1435635,730.7246501,2579.383851,1830.541536,2914.214785,2571.792173,2203.511423,2914.214785,2533.635307,2500.967957,2914.214785,2568.548976,2878.167507,2914.214785,272.0717245,270.7650148,0.001001968,0.001005531,0.001008742,0.001011081,717.7446916,717.7446916,717.7446916,2460.321991,2460.321991,2460.321991,2460.321991,2460.321991
5/31/1995,782.2959987,937.391682,846.6403998,746.9956425,716.3389725,846.6403998,2646.855296,2691.61363,3002.549005,2548.91309,1830.541536,3002.549005,2612.092494,2203.511423,3002.549005,2595.395574,2500.967957,3002.549005,348.2485524,346.5029309,0.001001968,0.001005531,0.001008742,0.001011081,740.4132954,740.4132954,740.4132954,2607.808704,2607.808704,2607.808704,2607.808704,2607.808704
6/1/1995,812.459127,672.9472664,906.1756941,939.0529463,937.391682,906.1756941,2292.647776,2951.886272,2631.149675,2343.916431,2691.61363,2631.149675,2340.113432,1830.541536,2631.149675,2335.324751,2203.511423,2631.149675,501.1179459,498.4509693,0.001001968,0.001005531,0.001008742,0.001011081,771.9722938,771.9722938,771.9722938,2668.34378,2668.34378,2668.34378,2668.34378,2668.34378
6/2/1995,557.5825889,586.7000897,603.4855975,661.3277969,672.9472664,603.4855975,1745.722772,2434.185198,1960.936202,1808.677956,2951.886272,1960.936202,1872.918621,2691.61363,1960.936202,2076.394688,1830.541536,1960.936202,265.447916,264.1785765,0.001001968,0.001005531,0.001008742,0.001011081,761.3446426,761.3446426,761.3446426,2601.087189,2601.087189,2601.087189,2601.087189,2601.087189
6/3/1995,513.0739625,613.0213177,545.7615971,585.7716278,586.7000897,545.7615971,1549.706116,2173.825599,1690.703581,1600.164714,2434.185198,1690.703581,1631.735545,2951.886272,1690.703581,1553.986649,2691.61363,1690.703581,187.3777362,186.5371125,0.001001968,0.001005531,0.001008742,0.001011081,724.9106046,724.9106046,724.9106046,2479.633699,2479.633699,2479.633699,2479.633699,2479.633699
6/4/1995,622.0187008,708.0862895,658.0022977,622.2910361,613.0213177,658.0022977,2514.433873,1895.574452,2826.15711,2473.030939,2173.825599,2826.15711,2455.201118,2434.185198,2826.15711,2509.872058,2951.886272,2826.15711,201.1060304,200.1917559,0.001001968,0.001005531,0.001008742,0.001011081,702.0334414,702.0334414,702.0334414,2529.987179,2529.987179,2529.987179,2529.987179,2529.987179
6/5/1995,687.1106608,741.0149805,746.5224601,711.2471692,708.0862895,746.5224601,2624.733989,1770.865565,2984.633296,2587.271236,1895.574452,2984.633296,2641.399361,2173.825599,2984.633296,2637.450828,2434.185198,2984.633296,331.1914617,329.5454774,0.001001968,0.001005531,0.001008742,0.001011081,709.7888693,709.7888693,709.7888693,2594.936533,2594.936533,2594.936533,2594.936533,2594.936533
6/6/1995,658.4682916,588.7417694,726.1929767,741.3781194,741.0149805,726.1929767,2113.785803,1701.289497,2407.964377,2137.809598,1770.865565,2407.964377,2191.133851,1895.574452,2407.964377,2265.544668,2173.825599,2407.964377,376.7741563,374.8603305,0.001001968,0.001005531,0.001008742,0.001011081,721.3010022,721.3010022,721.3010022,2507.710594,2507.710594,2507.710594,2507.710594,2507.710594
6/7/1995,509.0674053,487.7386355,551.557035,589.0014017,588.7417694,551.557035,1693.067787,1807.360433,1902.678223,1734.088693,1701.289497,1902.678223,1779.900886,1770.865565,1902.678223,1966.98931,1895.574452,1902.678223,249.420972,248.241463,0.001001968,0.001005531,0.001008742,0.001011081,696.9416411,696.9416411,696.9416411,2383.788862,2383.788862,2383.788862,2383.788862,2383.788862
6/8/1995,443.121042,479.8648992,474.2182399,488.0150618,487.7386355,474.2182399,1434.542263,2423.617473,1592.298905,1451.046433,1807.360433,1592.298905,1506.278799,1701.289497,1592.298905,1606.406427,1770.865565,1592.298905,189.0713837,188.221719,0.001001968,0.001005531,0.001008742,0.001011081,648.2431233,648.2431233,648.2431233,2306.418523,2306.418523,2306.418523,2306.418523,2306.418523
6/9/1995,439.0931968,467.2464039,471.6876168,480.1526557,479.8648992,471.6876168,1448.053007,3112.060434,1616.873666,1459.040043,2423.617473,1616.873666,1490.791873,1807.360433,1616.873666,1554.043506,1701.289497,1616.873666,197.4977242,196.6028876,0.001001968,0.001005531,0.001008742,0.001011081,619.0057309,619.0057309,619.0057309,2241.789803,2241.789803,2241.789803,2241.789803,2241.789803
6/10/1995,427.6119973,456.6785159,459.793732,467.299091,467.2464039,459.793732,1439.685613,2797.83803,1609.485207,1449.166007,3112.060434,1609.485207,1474.751548,2423.617473,1609.485207,1520.110474,1807.360433,1609.485207,195.5628925,194.6784557,0.001001968,0.001005531,0.001008742,0.001011081,602.3162306,602.3162306,602.3162306,2184.992091,2184.992091,2184.992091,2184.992091,2184.992091
6/11/1995,414.9675061,466.0362254,445.1719231,453.7674674,456.6785159,445.1719231,1581.321346,2371.446308,1774.502718,1589.427471,2797.83803,1774.502718,1603.402399,3112.060434,1774.502718,1618.471141,2423.617473,1774.502718,184.5391012,183.7136016,0.001001968,0.001005531,0.001008742,0.001011081,581.6980016,581.6980016,581.6980016,2039.835624,2039.835624,2039.835624,2039.835624,2039.835624
6/12/1995,406.7068183,552.9686536,432.8321088,460.8008066,466.0362254,432.8321088,2270.976524,2120.604583,2564.359834,2288.772623,2371.446308,2564.359834,2256.288022,2797.83803,2564.359834,2171.19255,3112.060434,2564.359834,157.8440082,157.158833,0.001001968,0.001005531,0.001008742,0.001011081,536.9508713,536.9508713,536.9508713,1989.492777,1989.492777,1989.492777,1989.492777,1989.492777
6/13/1995,599.467236,886.1532671,634.4819635,557.1654473,552.9686536,634.4819635,3038.801245,1991.653573,3447.134889,2943.708367,2120.604583,3447.134889,2883.262068,2371.446308,3447.134889,2853.931037,2797.83803,3447.134889,198.0836184,197.1856293,0.001001968,0.001005531,0.001008742,0.001011081,501.6419262,501.6419262,501.6419262,2129.272092,2129.272092,2129.272092,2129.272092,2129.272092
6/14/1995,844.1857002,756.1338365,928.1350754,884.3439582,886.1532671,928.1350754,2757.262371,1774.811637,3157.481227,2720.148814,1991.653573,3157.481227,2683.502881,2120.604583,3157.481227,2569.572874,2371.446308,3157.481227,448.0585422,445.7166053,0.001001968,0.001005531,0.001008742,0.001011081,528.8363365,528.8363365,528.8363365,2238.714675,2238.714675,2238.714675,2238.714675,2238.714675
6/15/1995,649.7943321,562.0405739,718.1349075,758.3760356,756.1338365,718.1349075,2110.38763,1611.04574,2411.227515,2158.716395,1774.811637,2411.227515,2255.462504,1991.653573,2411.227515,2305.989671,2120.604583,2411.227515,377.5072521,375.5890787,0.001001968,0.001005531,0.001008742,0.001011081,569.8379841,569.8379841,569.8379841,2317.16408,2317.16408,2317.16408,2317.16408,2317.16408
6/16/1995,504.3285588,484.4517997,545.3287605,566.3088571,562.0405739,545.3287605,1616.393346,1510.700877,1814.40261,1640.999507,1611.04574,1814.40261,1714.974856,1774.811637,1814.40261,1948.317905,1991.653573,1814.40261,241.2749347,240.1407509,0.001001968,0.001005531,0.001008742,0.001011081,587.4455737,587.4455737,587.4455737,2375.282026,2375.282026,2375.282026,2375.282026,2375.282026
6/17/1995,440.2265273,442.7271415,474.2307558,484.9136888,484.4517997,474.2307558,1452.109778,1461.203906,1624.546322,1465.002617,1510.700877,1624.546322,1523.806191,1611.04574,1624.546322,1642.321907,1774.811637,1624.546322,206.5612186,205.6174528,0.001001968,0.001005531,0.001008742,0.001011081,594.4830132,594.4830132,594.4830132,2408.150423,2408.150423,2408.150423,2408.150423,2408.150423
6/18/1995,397.0261821,403.1325312,426.2761329,443.0123956,442.7271415,426.2761329,1395.28027,1484.569918,1561.666489,1412.170077,1461.203906,1561.666489,1440.108064,1510.700877,1561.666489,1537.562103,1611.04574,1561.666489,181.3050887,180.4967742,0.001001968,0.001005531,0.001008742,0.001011081,594.8933441,594.8933441,594.8933441,2391.194301,2391.194301,2391.194301,2391.194301,2391.194301
6/19/1995,368.8470325,392.1596526,394.2964075,403.4197614,403.1325312,394.2964075,1310.630805,1438.824112,1461.859465,1319.280128,1484.569918,1461.859465,1347.078073,1461.203906,1461.859465,1405.493269,1510.700877,1461.859465,160.5611401,159.8618479,0.001001968,0.001005531,0.001008742,0.001011081,593.7177274,593.7177274,593.7177274,2249.44617,2249.44617,2249.44617,2249.44617,2249.44617
6/20/1995,359.857325,379.9819833,385.2521417,392.4424905,392.1596526,385.2521417,1274.236237,1476.173311,1422.811243,1281.150868,1438.824112,1422.811243,1301.379413,1484.569918,1422.811243,1345.662173,1461.203906,1422.811243,160.4707564,159.7719344,0.001001968,0.001005531,0.001008742,0.001011081,578.9339182,578.9339182,578.9339182,1989.361927,1989.361927,1989.361927,1989.361927,1989.361927
6/21/1995,348.9639805,367.8222326,373.7393301,380.2597557,379.9819833,373.7393301,1255.102633,1567.06229,1401.878739,1261.171625,1476.173311,1401.878739,1278.986614,1438.824112,1401.878739,1310.879284,1484.569918,1401.878739,157.2217666,156.5398187,0.001001968,0.001005531,0.001008742,0.001011081,519.6974048,519.6974048,519.6974048,1789.792664,1789.792664,1789.792664,1789.792664,1789.792664
6/22/1995,338.0307113,356.2805838,362.0685997,368.0949123,367.8222326,362.0685997,1287.68097,1764.926641,1441.488195,1292.095513,1567.06229,1441.488195,1307.462906,1476.173311,1441.488195,1337.656711,1438.824112,1441.488195,153.2946525,152.633024,0.001001968,0.001005531,0.001008742,0.001011081,456.9631773,456.9631773,456.9631773,1657.628944,1657.628944,1657.628944,1657.628944,1657.628944
6/23/1995,327.6272772,345.2058498,350.943891,356.5483569,356.2805838,350.943891,1256.503438,1880.264428,1404.133464,1260.68088,1764.926641,1404.133464,1275.412179,1567.06229,1404.133464,1300.191469,1476.173311,1404.133464,149.4354727,148.7937287,0.001001968,0.001005531,0.001008742,0.001011081,420.4669023,420.4669023,420.4669023,1561.177852,1561.177852,1561.177852,1561.177852,1561.177852
6/24/1995,317.6194119,336.4677864,340.2307205,345.4686059,345.2058498,340.2307205,1287.387457,2021.071344,1442.61614,1290.158665,1880.264428,1442.61614,1303.106563,1764.926641,1442.61614,1333.335756,1567.06229,1442.61614,145.6491411,145.0268237,0.001001968,0.001005531,0.001008742,0.001011081,395.5120401,395.5120401,395.5120401,1504.611897,1504.611897,1504.611897,1504.611897,1504.611897
6/25/1995,308.0686438,344.0589102,329.9995234,334.9153526,336.4677864,329.9995234,1365.654732,1690.820264,1535.364521,1366.325475,2021.071344,1535.364521,1376.541347,1880.264428,1535.364521,1403.610713,1764.926641,1535.364521,141.9823773,141.3787932,0.001001968,0.001005531,0.001008742,0.001011081,378.715015,378.715015,378.715015,1488.41265,1488.41265,1488.41265,1488.41265,1488.41265
6/26/1995,339.3212336,602.1427904,361.4598489,332.8106239,344.0589102,361.4598489,1623.640656,1666.459602,1829.950054,1588.804081,1690.820264,1829.950054,1595.117159,2021.071344,1829.950054,1571.982677,1880.264428,1829.950054,142.5089103,141.9026411,0.001001968,0.001005531,0.001008742,0.001011081,366.608823,366.608823,366.608823,1522.070352,1522.070352,1522.070352,1522.070352,1522.070352
6/27/1995,613.1089199,666.8389911,662.8331216,605.7975477,602.1427904,662.8331216,2034.413876,1566.772421,2296.667012,1983.922249,1666.459602,2296.667012,1867.422343,1690.820264,2296.667012,1724.661821,2021.071344,2296.667012,264.5007889,263.2367814,0.001001968,0.001005531,0.001008742,0.001011081,375.7423397,375.7423397,375.7423397,1591.048,1591.048,1591.048,1591.048,1591.048
6/28/1995,629.3828298,501.2848044,684.0468411,675.8056813,666.8389911,684.0468411,2072.340148,1799.942371,2351.278715,2067.304222,1566.772421,2351.278715,2058.244971,1666.459602,2351.278715,1973.038281,1690.820264,2351.278715,303.8595099,302.3716038,0.001001968,0.001005531,0.001008742,0.001011081,411.8249886,411.8249886,411.8249886,1701.880222,1701.880222,1701.880222,1701.880222,1701.880222
6/29/1995,425.7075631,369.9541748,457.0857692,501.9641619,501.2848044,457.0857692,1426.41303,2092.57777,1593.41798,1472.446041,1799.942371,1593.41798,1536.046112,1566.772421,1593.41798,1671.815745,1666.459602,1593.41798,189.8937107,189.0396515,0.001001968,0.001005531,0.001008742,0.001011081,436.9586794,436.9586794,436.9586794,1752.612096,1752.612096,1752.612096,1752.612096,1752.612096
6/30/1995,333.7010956,362.0416039,351.2781001,370.1753714,369.9541748,351.2781001,1207.126375,1785.220307,1335.638072,1223.515807,2092.57777,1335.638072,1280.279797,1799.942371,1335.638072,1434.711172,1566.772421,1335.638072,113.5022553,113.0412484,0.001001968,0.001005531,0.001008742,0.001011081,445.6317458,445.6317458,445.6317458,1777.717465,1777.717465,1777.717465,1777.717465,1777.717465
7/1/1995,329.2754142,324.7623013,348.6072404,360.2458381,362.0416039,348.6072404,1306.205617,1548.03876,1447.197795,1317.668227,1785.220307,1447.197795,1345.448524,2092.57777,1447.197795,1310.691715,1799.942371,1447.197795,124.3081062,123.7936471,0.001001968,0.001005531,0.001008742,0.001011081,449.6768882,449.6768882,449.6768882,1784.32141,1784.32141,1784.32141,1784.32141,1784.32141
7/2/1995,297.1263129,338.1496913,309.7821868,325.302982,324.7623013,309.7821868,1674.230506,1396.181122,1865.048636,1681.861569,1548.03876,1865.048636,1669.456603,1785.220307,1865.048636,1672.651131,2092.57777,1865.048636,82.10287574,81.79185769,0.001001968,0.001005531,0.001008742,0.001011081,446.5968688,446.5968688,446.5968688,1830.333215,1830.333215,1830.333215,1830.333215,1830.333215
7/3/1995,394.2301783,512.476361,411.4444954,339.9144749,338.1496913,411.4444954,1868.917297,1532.671461,2094.201384,1784.810292,1396.181122,2094.201384,1788.390276,1548.03876,2094.201384,1891.886642,1785.220307,2094.201384,110.8760457,110.4279004,0.001001968,0.001005531,0.001008742,0.001011081,448.9629077,448.9629077,448.9629077,1876.87099,1876.87099,1876.87099,1876.87099,1876.87099
7/4/1995,460.3639279,388.2007037,500.8293007,512.779091,512.476361,500.8293007,1603.510161,3030.604949,1809.383128,1617.416723,1532.671461,1809.383128,1593.288858,1396.181122,1809.383128,1547.018569,1548.03876,1809.383128,241.5359966,240.4003638,0.001001968,0.001005531,0.001008742,0.001011081,449.2650269,449.2650269,449.2650269,1836.385423,1836.385423,1836.385423,1836.385423,1836.385423
7/5/1995,335.0864918,319.6297777,356.0496079,388.4173506,388.2007037,356.0496079,1333.694282,3477.332277,1487.15464,1362.431165,3030.604949,1487.15464,1383.676737,1532.671461,1487.15464,1479.575951,1396.181122,1487.15464,135.8220936,135.2497991,0.001001968,0.001005531,0.001008742,0.001011081,415.6862002,415.6862002,415.6862002,1739.219322,1739.219322,1739.219322,1739.219322,1739.219322
7/6/1995,288.795939,389.1507286,303.4142483,316.4445678,319.6297777,303.4142483,1134.169664,2243.528603,1247.52941,1144.763503,3477.332277,1247.52941,1181.329017,3030.604949,1247.52941,1217.595897,1532.671461,1247.52941,99.08747086,98.69638654,0.001001968,0.001005531,0.001008742,0.001011081,387.0266379,387.0266379,387.0266379,1685.211959,1685.211959,1685.211959,1685.211959,1685.211959
7/7/1995,367.103543,587.8999161,390.2467741,385.6064691,389.1507286,390.2467741,1690.170143,3026.980837,1871.046959,1690.784257,2243.528603,1871.046959,1689.261402,3477.332277,1871.046959,1370.657472,3030.604949,1871.046959,145.1826786,144.5627488,0.001001968,0.001005531,0.001008742,0.001011081,378.645847,378.645847,378.645847,1701.029627,1701.029627,1701.029627,1701.029627,1701.029627
7/8/1995,573.1764814,659.0989563,611.8061672,591.4149671,587.8999161,611.8061672,3245.752181,3731.513228,3683.531406,3212.318862,3026.980837,3683.531406,3083.039706,2243.528603,3683.531406,2973.956145,3477.332277,3683.531406,217.8955819,216.8901521,0.001001968,0.001005531,0.001008742,0.001011081,390.2772983,390.2772983,390.2772983,1957.086341,1957.086341,1957.086341,1957.086341,1957.086341
7/9/1995,659.3896526,432.8572478,702.1569725,662.6022399,659.0989563,702.1569725,3224.896293,2267.185646,3665.376788,3166.196106,3731.513228,3665.376788,3102.557053,3026.980837,3665.376788,3229.793439,2243.528603,3665.376788,238.907967,237.7869097,0.001001968,0.001005531,0.001008742,0.001011081,431.5523576,431.5523576,431.5523576,2205.694426,2205.694426,2205.694426,2205.694426,2205.694426
7/10/1995,383.1014371,496.6217534,405.4379816,431.4211321,432.8572478,405.4379816,1681.50024,1917.26929,1873.980494,1701.985102,2267.185646,1873.980494,1834.166739,3731.513228,1873.980494,1998.99019,3026.980837,1873.980494,142.9238351,142.3154487,0.001001968,0.001005531,0.001008742,0.001011081,461.4094952,461.4094952,461.4094952,2224.396388,2224.396388,2224.396388,2224.396388,2224.396388
7/11/1995,447.4506799,623.1630321,477.9728366,495.9113835,496.6217534,477.9728366,2614.016772,1767.316164,2963.580229,2619.669978,1917.26929,2963.580229,2597.034168,2267.185646,2963.580229,2572.915987,3731.513228,2963.580229,183.6319204,182.8112464,0.001001968,0.001005531,0.001008742,0.001011081,462.0742758,462.0742758,462.0742758,2403.866712,2403.866712,2403.866712,2403.866712,2403.866712
7/12/1995,560.8643734,346.788827,603.87479,624.8567078,623.1630321,603.87479,3279.713558,1952.272635,3766.936955,3274.773242,1767.316164,3766.936955,3189.611194,1917.26929,3766.936955,3338.641219,2267.185646,3766.936955,243.0030928,241.8593128,0.001001968,0.001005531,0.001008742,0.001011081,483.4702161,483.4702161,483.4702161,2704.283186,2704.283186,2704.283186,2704.283186,2704.283186
7/13/1995,328.1288005,329.335702,342.8473726,347.9960829,346.788827,342.8473726,1705.402569,2602.945123,1911.560843,1698.845147,1952.272635,1911.560843,1815.418131,1767.316164,1911.560843,1977.909722,1917.26929,1911.560843,95.87370769,95.49797758,0.001001968,0.001005531,0.001008742,0.001011081,501.2105724,501.2105724,501.2105724,2818.02608,2818.02608,2818.02608,2818.02608,2818.02608
7/14/1995,309.1701501,312.6673811,328.6535685,329.5678089,329.335702,328.6535685,1444.705557,1785.56145,1615.783279,1439.644023,2602.945123,1615.783279,1488.350515,1952.272635,1615.783279,1625.011273,1767.316164,1615.783279,127.6330614,127.1019906,0.001001968,0.001005531,0.001008742,0.001011081,503.0189295,503.0189295,503.0189295,2828.733665,2828.733665,2828.733665,2828.733665,2828.733665
7/15/1995,282.3229159,270.5631484,300.2835146,312.847028,312.6673811,300.2835146,1392.447907,3703.59324,1560.116985,1398.464264,1785.56145,1560.116985,1405.165649,2602.945123,1560.116985,1495.530318,1952.272635,1560.116985,119.4379978,118.9477325,0.001001968,0.001005531,0.001008742,0.001011081,482.8626813,482.8626813,482.8626813,2580.953173,2580.953173,2580.953173,2580.953173,2580.953173
7/16/1995,248.3076514,316.4605008,261.6014428,270.7243194,270.5631484,261.6014428,1639.955056,3108.646185,1852.569036,1636.578574,3703.59324,1852.569036,1640.79009,1785.56145,1852.569036,1676.172288,2602.945123,1852.569036,91.9588581,91.60170746,0.001001968,0.001005531,0.001008742,0.001011081,436.610121,436.610121,436.610121,2334.917673,2334.917673,2334.917673,2334.917673,2334.917673
7/17/1995,238.2536193,797.6647689,250.5574894,256.3662729,316.4605008,250.5574894,2203.446726,2935.934169,2520.430759,2182.303259,3108.646185,2520.430759,2161.1469,3703.59324,2520.430759,2270.804232,1785.56145,2520.430759,85.13955325,84.81442361,0.001001968,0.001005531,0.001008742,0.001011081,393.8961312,393.8961312,393.8961312,2383.94391,2383.94391,2383.94391,2383.94391,2383.94391
7/18/1995,1235.689134,1649.342824,1283.249441,816.3302291,797.6647689,1283.249441,2604.573518,3031.703668,2836.872181,2164.382607,2935.934169,2836.872181,1633.634627,3108.646185,2836.872181,1548.194485,3703.59324,2836.872181,65.11375594,64.88045009,0.001001968,0.001005531,0.001008742,0.001011081,372.5775345,372.5775345,372.5775345,2235.491555,2235.491555,2235.491555,2235.491555,2235.491555
7/19/1995,2742.964253,3625.778695,2870.630542,1686.100487,1649.342824,2870.630542,5650.61696,3449.886883,6311.35923,4471.25771,3031.703668,6311.35923,4189.715607,2935.934169,6311.35923,3279.744951,3108.646185,6311.35923,618.4363916,615.0343542,0.001001968,0.001005531,0.001008742,0.001011081,486.9065286,486.9065286,486.9065286,2328.965507,2328.965507,2328.965507,2328.965507,2328.965507
7/20/1995,2364.161237,965.6941639,2738.321772,3627.774453,3625.778695,2738.321772,4557.551839,2112.40067,5450.541197,5556.834547,3449.886883,5450.541197,5009.701658,3031.703668,5450.541197,3679.616803,2935.934169,5450.541197,1724.326834,1713.336021,0.001001968,0.001005531,0.001008742,0.001011081,809.5981177,809.5981177,809.5981177,2558.400343,2558.400343,2558.400343,2558.400343,2558.400343
7/21/1995,558.2610808,550.7298862,560.6349367,965.7404482,965.6941639,560.6349367,1921.994804,1682.07827,2117.264373,2309.082745,2112.40067,2117.264373,3212.191227,3449.886883,2117.264373,4114.038599,3031.703668,2117.264373,0.001000564,0.001006515,0.001001968,0.001005531,0.001008742,0.001011081,1025.974413,1025.974413,1025.974413,2885.317319,2885.317319,2885.317319,2885.317319,2885.317319
7/22/1995,458.3063531,557.8945449,460.2906544,550.8053236,550.7298862,460.2906544,712.0048111,2105.82508,713.6993094,804.0136169,1682.07827,713.6993094,1218.012094,2112.40067,713.6993094,2160.670393,3449.886883,713.6993094,0.001000564,0.001006515,0.001001968,0.001005531,0.001008742,0.001011081,1117.896553,1117.896553,1117.896553,3084.367647,3084.367647,3084.367647,3084.367647,3084.367647
7/23/1995,483.9396345,648.6161051,498.3211674,545.2827628,557.8945449,498.3211674,1814.433884,1013.601244,2039.468261,1848.151071,2105.82508,2039.468261,1932.00424,1682.07827,2039.468261,2287.238945,2112.40067,2039.468261,90.99074631,90.63816858,0.001001968,0.001005531,0.001008742,0.001011081,1168.778879,1168.778879,1168.778879,3112.568423,3112.568423,3112.568423,3112.568423,3112.568423
7/24/1995,584.9077287,717.5855489,619.259063,642.2209361,648.6161051,619.259063,1600.718793,1199.755137,1778.278811,1626.152166,1013.601244,1778.278811,1663.291886,2105.82508,1778.278811,1645.845945,1682.07827,1778.278811,198.3146869,197.4154542,0.001001968,0.001005531,0.001008742,0.001011081,1226.109304,1226.109304,1226.109304,2976.643333,2976.643333,2976.643333,2976.643333,2976.643333
7/25/1995,668.6864907,754.7142742,711.9750056,724.13693,717.5855489,711.9750056,1648.641617,2654.162566,1829.092233,1670.734748,1199.755137,1829.092233,1666.855708,1013.601244,1829.092233,1591.457327,2105.82508,1829.092233,242.1445706,241.0055591,0.001001968,0.001005531,0.001008742,0.001011081,1278.711856,1278.711856,1278.711856,2940.418142,2940.418142,2940.418142,2940.418142,2940.418142
7/26/1995,735.294296,475.4474444,784.475256,747.4118875,754.7142742,784.475256,1998.715802,3036.109721,2245.050381,1965.883208,2654.162566,2245.050381,1991.287197,1199.755137,2245.050381,2003.09262,1013.601244,2245.050381,274.7723612,273.4503755,0.001001968,0.001005531,0.001008742,0.001011081,1192.053187,1192.053187,1192.053187,2635.949412,2635.949412,2635.949412,2635.949412,2635.949412
7/27/1995,232.9305379,488.5903266,237.6211427,465.2079889,475.4474444,237.6211427,525.5328152,2511.518773,529.8121917,757.9045777,3036.109721,529.8121917,771.3842645,2654.162566,529.8121917,1029.3904,1199.755137,529.8121917,0.001000564,0.001006515,0.001001968,0.001005531,0.001008742,0.001011081,871.3674577,871.3674577,871.3674577,2239.29952,2239.29952,2239.29952,2239.29952,2239.29952
7/28/1995,1175.075696,2531.634874,1200.987677,503.1907612,488.5903266,1200.987677,1784.848266,2654.510749,1857.385764,1103.140421,2511.518773,1857.385764,1210.913129,3036.109721,1857.385764,907.6231725,2654.162566,1857.385764,119.0688906,118.5804522,0.001001968,0.001005531,0.001008742,0.001011081,686.3391909,686.3391909,686.3391909,1857.02314,1857.02314,1857.02314,1857.02314,1857.02314
7/29/1995,2110.577505,1194.536761,2425.51204,2544.405125,2531.634874,2425.51204,4029.039232,2092.81625,4764.779324,4249.151581,2654.510749,4764.779324,3815.599644,2511.518773,4764.779324,2644.695972,3036.109721,4764.779324,1463.4958,1454.371896,0.001001968,0.001005531,0.001008742,0.001011081,809.7390886,809.7390886,809.7390886,1818.452405,1818.452405,1818.452405,1818.452405,1818.452405
7/30/1995,887.39936,624.0717514,959.7995654,1195.237488,1194.536761,959.7995654,2842.870254,1500.526447,3238.676307,3078.335029,2092.81625,3238.676307,3371.417105,2654.510749,3238.676307,3930.239018,2511.518773,3238.676307,393.9637137,391.9476295,0.001001968,0.001005531,0.001008742,0.001011081,926.0799334,926.0799334,926.0799334,2016.131993,2016.131993,2016.131993,2016.131993,2016.131993
7/31/1995,513.785249,554.8341297,527.080939,624.1441036,624.0717514,527.080939,970.5914047,1489.502873,1016.373375,1071.553547,1500.526447,1016.373375,1335.559101,2092.81625,1016.373375,1967.963925,2654.510749,1016.373375,82.03825392,81.72753514,0.001001968,0.001005531,0.001008742,0.001011081,956.9045893,956.9045893,956.9045893,2179.836643,2179.836643,2179.836643,2179.836643,2179.836643
8/1/1995,496.9071823,549.9529858,515.9564799,554.9302435,554.8341297,515.9564799,1480.405275,1814.004489,1642.306781,1515.367772,1489.502873,1642.306781,1620.930476,1500.526447,1642.306781,1879.644247,2092.81625,1642.306781,118.4061637,117.9210029,0.001001968,0.001005531,0.001008742,0.001011081,952.2276409,952.2276409,952.2276409,2241.2753,2241.2753,2241.2753,2241.2753,2241.2753
8/2/1995,484.4047108,443.2939951,507.3487815,533.3699962,549.9529858,507.3487815,1522.6482,1788.80194,1692.443052,1544.85934,1814.004489,1692.443052,1592.601266,1489.502873,1692.443052,1700.432569,1500.526447,1692.443052,142.1442037,141.5397945,0.001001968,0.001005531,0.001008742,0.001011081,927.7043802,927.7043802,927.7043802,2178.736561,2178.736561,2178.736561,2178.736561,2178.736561
8/3/1995,392.0336211,487.7929942,403.1786131,447.5318955,443.2939951,403.1786131,1146.9513,2423.936907,1245.01713,1188.646407,1788.80194,1245.01713,1213.80555,1814.004489,1245.01713,1321.177118,1489.502873,1245.01713,67.91142735,67.66565232,0.001001968,0.001005531,0.001008742,0.001011081,925.7124585,925.7124585,925.7124585,2222.326163,2222.326163,2222.326163,2222.326163,2222.326163
8/4/1995,494.4814732,1244.037385,513.4251193,441.4417198,487.7929942,513.4251193,1297.176757,3029.119123,1422.183963,1224.179038,2423.936907,1422.183963,1280.933308,1788.80194,1422.183963,1286.521421,1814.004489,1422.183963,118.5795071,118.0934894,0.001001968,0.001005531,0.001008742,0.001011081,910.8469192,910.8469192,910.8469192,2225.780619,2225.780619,2225.780619,2225.780619,2225.780619
8/5/1995,804.6424713,1451.187797,883.283825,891.0221159,1244.037385,883.283825,2017.880245,2728.108495,2295.679839,2045.583302,3029.119123,2295.679839,1995.86325,2423.936907,2295.679839,1656.102461,1788.80194,2295.679839,415.3600942,413.2158358,0.001001968,0.001005531,0.001008742,0.001011081,761.8313999,761.8313999,761.8313999,2098.730428,2098.730428,2098.730428,2098.730428,2098.730428
8/6/1995,1579.080952,1656.975078,1701.741328,1488.569819,1451.187797,1701.741328,2732.637407,2304.818739,3044.400532,2575.661367,2728.108495,3044.400532,2458.929937,3029.119123,3044.400532,2000.324868,2423.936907,3044.400532,475.8279543,473.3165335,0.001001968,0.001005531,0.001008742,0.001011081,741.5516028,741.5516028,741.5516028,1928.539107,1928.539107,1928.539107,1928.539107,1928.539107
8/7/1995,1891.857021,1517.856591,2067.155838,1857.842233,1656.975078,2067.155838,3190.131612,2092.555986,3617.863616,3048.505359,2304.818739,3617.863616,3045.043056,2728.108495,3617.863616,2674.298439,3029.119123,3617.863616,757.2166246,752.9206815,0.001001968,0.001005531,0.001008742,0.001011081,863.6936831,863.6936831,863.6936831,1962.954802,1962.954802,1962.954802,1962.954802,1962.954802
8/8/1995,1263.248607,772.3287115,1393.252593,1585.320726,1517.856591,1393.252593,2682.341987,1752.379607,3075.090808,2909.986886,2092.555986,3075.090808,2948.916592,2304.818739,3075.090808,3189.549896,2728.108495,3075.090808,633.9030624,630.4026172,0.001001968,0.001005531,0.001008742,0.001011081,987.3942333,987.3942333,987.3942333,2108.698474,2108.698474,2108.698474,2108.698474,2108.698474
8/9/1995,610.9053064,571.5591254,632.7121461,780.6787876,772.3287115,632.7121461,1471.378909,1528.891365,1604.918555,1620.14425,1752.379607,1604.918555,1836.276789,2092.555986,1604.918555,2404.808407,2304.818739,1604.918555,113.5388687,113.0776821,0.001001968,0.001005531,0.001008742,0.001011081,1046.878126,1046.878126,1046.878126,2239.119744,2239.119744,2239.119744,2239.119744,2239.119744
8/10/1995,518.2149059,583.9018514,532.9628777,575.6980891,571.5591254,532.9628777,1190.372576,1520.936975,1285.536541,1233.875357,1528.891365,1285.536541,1392.077368,1752.379607,1285.536541,1668.108182,2092.555986,1285.536541,76.01247489,75.73005127,0.001001968,0.001005531,0.001008742,0.001011081,1083.786128,1083.786128,1083.786128,2335.614739,2335.614739,2335.614739,2335.614739,2335.614739
8/11/1995,538.1468696,545.0614886,563.6824734,587.1317175,583.9018514,563.6824734,1489.123881,1524.966849,1654.539013,1512.177386,1520.936975,1654.539013,1567.519685,1528.891365,1654.539013,1683.947982,1752.379607,1654.539013,142.8096319,142.2018284,0.001001968,0.001005531,0.001008742,0.001011081,1104.360352,1104.360352,1104.360352,2374.468977,2374.468977,2374.468977,2374.468977,2374.468977
8/12/1995,499.1439852,484.2019533,523.3078311,547.6298438,545.0614886,523.3078311,1390.935462,1650.621373,1538.701977,1415.200089,1524.966849,1538.701977,1450.292178,1520.936975,1538.701977,1526.982967,1528.891365,1538.701977,137.4115451,136.8311997,0.001001968,0.001005531,0.001008742,0.001011081,1074.760602,1074.760602,1074.760602,2337.100045,2337.100045,2337.100045,2337.100045,2337.100045
8/13/1995,448.853046,516.5833103,467.868429,486.2821966,484.2019533,467.868429,1242.303145,1564.095391,1364.930088,1260.427498,1650.621373,1364.930088,1293.375893,1524.966849,1364.930088,1362.161794,1520.936975,1364.930088,109.4624239,109.0211797,0.001001968,0.001005531,0.001008742,0.001011081,960.9032855,960.9032855,960.9032855,2218.872537,2218.872537,2218.872537,2218.872537,2218.872537
8/14/1995,461.780668,589.7663187,484.5481045,483.5804728,516.5833103,484.5481045,1288.196261,1439.831533,1425.345478,1287.431546,1564.095391,1425.345478,1316.465824,1650.621373,1425.345478,1349.302247,1524.966849,1425.345478,132.8716288,132.3142368,0.001001968,0.001005531,0.001008742,0.001011081,785.4193079,785.4193079,785.4193079,1996.464934,1996.464934,1996.464934,1996.464934,1996.464934
8/15/1995,557.6329048,514.5466092,596.2887337,599.3975741,589.7663187,596.2887337,1449.814777,1323.093562,1618.300902,1459.798287,1439.831533,1618.300902,1474.753565,1564.095391,1618.300902,1395.208418,1650.621373,1618.300902,211.6289383,210.6576656,0.001001968,0.001005531,0.001008742,0.001011081,652.4866355,652.4866355,652.4866355,1771.652008,1771.652008,1771.652008,1771.652008,1771.652008
8/16/1995,494.5466375,462.4908281,524.3990142,538.9027024,514.5466092,524.3990142,1483.049435,1248.720026,1657.815458,1498.221506,1323.093562,1657.815458,1511.895372,1439.831533,1657.815458,1588.933104,1564.095391,1657.815458,167.2303534,166.4962462,0.001001968,0.001005531,0.001008742,0.001011081,588.266146,588.266146,588.266146,1634.02808,1634.02808,1634.02808,1634.02808,1634.02808
8/17/1995,430.4714932,432.8080914,455.3855752,464.5446656,462.4908281,455.3855752,1268.399048,1201.694102,1408.130397,1278.014621,1248.720026,1408.130397,1315.830687,1323.093562,1408.130397,1385.016996,1439.831533,1408.130397,147.9737702,147.3395356,0.001001968,0.001005531,0.001008742,0.001011081,554.1360905,554.1360905,554.1360905,1558.574354,1558.574354,1558.574354,1558.574354,1558.574354
8/18/1995,396.7862621,396.4019426,418.8471245,433.5962956,432.8080914,418.8471245,1174.601216,1165.460685,1302.920791,1189.457012,1201.694102,1302.920791,1209.053214,1248.720026,1302.920791,1277.788845,1323.093562,1302.920791,132.9580923,132.4002645,0.001001968,0.001005531,0.001008742,0.001011081,526.8855281,526.8855281,526.8855281,1511.310264,1511.310264,1511.310264,1511.310264,1511.310264
8/19/1995,369.2800605,383.1640143,388.2439892,397.1103653,396.4019426,388.2439892,1082.123558,1138.750564,1197.136979,1090.623904,1165.460685,1197.136979,1113.06098,1201.694102,1197.136979,1170.038167,1248.720026,1197.136979,115.7892555,115.3170062,0.001001968,0.001005531,0.001008742,0.001011081,503.6580535,503.6580535,503.6580535,1471.572424,1471.572424,1471.572424,1471.572424,1471.572424
8/20/1995,357.9050595,369.8328915,376.7078152,383.8156883,383.1640143,376.7078152,1050.915954,1112.497237,1163.581971,1057.822425,1138.750564,1163.581971,1074.554345,1165.460685,1163.581971,1108.697474,1201.694102,1163.581971,115.5523604,115.0812774,0.001001968,0.001005531,0.001008742,0.001011081,486.4213355,486.4213355,486.4213355,1436.210647,1436.210647,1436.210647,1436.210647,1436.210647
8/21/1995,345.6941173,356.864416,363.9904918,370.4452898,369.8328915,363.9904918,1035.220487,1089.09297,1147.063885,1041.239404,1112.497237,1147.063885,1055.730682,1138.750564,1147.063885,1084.339998,1165.460685,1147.063885,113.2344562,112.7747632,0.001001968,0.001005531,0.001008742,0.001011081,468.3260525,468.3260525,468.3260525,1395.09075,1395.09075,1395.09075,1395.09075,1395.09075
8/22/1995,333.7523804,344.6738362,351.4671128,357.4421451,356.864416,351.4671128,1008.109542,1066.765493,1116.859995,1013.547111,1089.09297,1116.859995,1026.883502,1112.497237,1116.859995,1055.954675,1138.750564,1116.859995,110.4200199,109.9741025,0.001001968,0.001005531,0.001008742,0.001011081,435.6938438,435.6938438,435.6938438,1342.60673,1342.60673,1342.60673,1342.60673,1342.60673
8/23/1995,322.4999495,333.20679,339.6604467,345.2209899,344.6738362,339.6604467,986.2269016,1045.438808,1092.912332,991.1132191,1066.765493,1092.912332,1003.660136,1089.09297,1092.912332,1030.063425,1112.497237,1092.912332,107.7165809,107.2838382,0.001001968,0.001005531,0.001008742,0.001011081,408.4112813,408.4112813,408.4112813,1264.786322,1264.786322,1264.786322,1264.786322,1264.786322
8/24/1995,311.8978514,322.3723079,328.5359276,333.7309321,333.20679,328.5359276,966.1987964,1030.469434,1070.837102,970.5815915,1045.438808,1070.837102,982.2564934,1066.765493,1070.837102,1007.679745,1089.09297,1070.837102,105.1558008,104.7354844,0.001001968,0.001005531,0.001008742,0.001011081,386.549234,386.549234,386.549234,1203.075752,1203.075752,1203.075752,1203.075752,1203.075752
8/25/1995,301.8650768,312.0921789,318.0076133,322.8789119,322.3723079,318.0076133,947.0748485,1013.551652,1049.799842,951.0036521,1030.469434,1049.799842,961.9352516,1045.438808,1049.799842,986.4304724,1066.765493,1049.799842,102.7146162,102.3060962,0.001001968,0.001005531,0.001008742,0.001011081,369.8938838,369.8938838,369.8938838,1160.008421,1160.008421,1160.008421,1160.008421,1160.008421
8/26/1995,292.3343746,302.3048969,308.003985,312.5868251,312.0921789,308.003985,929.3093021,988.5204719,1030.255008,932.8318469,1013.551652,1030.255008,943.1443011,1030.469434,1030.255008,966.1706553,1045.438808,1030.255008,100.3723573,99.97510928,0.001001968,0.001005531,0.001008742,0.001011081,356.251118,356.251118,356.251118,1129.726327,1129.726327,1129.726327,1129.726327,1129.726327
8/27/1995,283.2501967,292.958611,298.466271,302.7904325,302.3048969,298.466271,910.8140571,969.9189545,1009.90879,913.9546084,988.5204719,1009.90879,923.5807104,1013.551652,1009.90879,947.4187061,1030.469434,1009.90879,98.11396574,97.72754198,0.001001968,0.001005531,0.001008742,0.001011081,343.9251126,343.9251126,343.9251126,1104.58556,1104.58556,1104.58556,1104.58556,1104.58556
8/28/1995,274.5660829,284.0115559,289.3453064,293.4357339,292.958611,289.3453064,898.5527959,855.2178409,996.654192,901.2807045,969.9189545,996.654192,910.2435657,988.5204719,996.654192,931.9185868,1013.551652,996.654192,95.92632329,95.55034253,0.001001968,0.001005531,0.001008742,0.001011081,332.3992723,332.3992723,332.3992723,1082.327971,1082.327971,1082.327971,1082.327971,1082.327971
8/29/1995,266.2495104,275.430368,280.6071708,284.4848013,284.0115559,280.6071708,886.5107449,943.4062044,983.4940449,888.8740344,855.2178409,983.4940449,897.2897905,969.9189545,983.4940449,917.7627596,988.5204719,983.4940449,93.80304965,93.43716399,0.001001968,0.001005531,0.001008742,0.001011081,321.5221481,321.5221481,321.5221481,1062.216425,1062.216425,1062.216425,1062.216425,1062.216425
8/30/1995,258.2688336,269.8216295,272.2190085,275.9026011,275.430368,272.2190085,866.7174617,977.1189526,961.1016345,868.8999738,943.4062044,961.1016345,877.0087464,855.2178409,961.1016345,896.1782202,969.9189545,961.1016345,91.73967277,91.38355823,0.001001968,0.001005531,0.001008742,0.001011081,311.2113937,311.2113937,311.2113937,1042.369207,1042.369207,1042.369207,1042.369207,1042.369207
8/31/1995,250.5946711,245.1168077,264.1500356,267.656121,269.8216295,264.1500356,849.615908,946.4931016,942.1364771,851.544154,977.1189526,942.1364771,859.0987253,943.4062044,942.1364771,879.931211,855.2178409,942.1364771,89.72990777,89.38327247,0.001001968,0.001005531,0.001008742,0.001011081,301.4029031,301.4029031,301.4029031,1023.052741,1023.052741,1023.052741,1023.052741,1023.052741
9/1/1995,229.1425348,251.4936473,239.0142236,246.1626945,245.1168077,239.0142236,738.847358,915.7652609,810.6948724,744.597191,946.4931016,810.6948724,744.3628293,977.1189526,810.6948724,780.6287883,943.4062044,810.6948724,65.87734041,65.64064129,0.001001968,0.001005531,0.001008742,0.001011081,289.2967819,289.2967819,289.2967819,990.8987748,990.8987748,990.8987748,990.8987748,990.8987748
9/2/1995,285.9398805,356.8298017,298.3459956,253.7759228,251.4936473,298.3459956,875.8957289,934.9152531,966.929579,829.3861677,915.7652609,966.929579,837.9341276,946.4931016,966.929579,833.9444695,977.1189526,966.929579,82.15869757,81.84742097,0.001001968,0.001005531,0.001008742,0.001011081,280.938368,280.938368,280.938368,974.9548113,974.9548113,974.9548113,974.9548113,974.9548113
9/3/1995,324.0720122,281.7649274,348.097836,357.3680859,356.8298017,348.097836,960.2786082,906.3888848,1075.772205,971.3822488,934.9152531,1075.772205,946.5622122,915.7652609,1075.772205,900.8739502,946.4931016,1075.772205,151.730384,151.0768256,0.001001968,0.001005531,0.001008742,0.001011081,282.5515612,282.5515612,282.5515612,965.8016703,965.8016703,965.8016703,965.8016703,965.8016703
9/4/1995,254.1000819,251.6426684,267.2910896,282.199199,281.7649274,267.2910896,857.10587,876.967437,949.9094956,869.9746205,906.3888848,949.9094956,883.1114938,934.9152531,949.9094956,921.3501858,915.7652609,949.9094956,88.917257,88.57444381,0.001001968,0.001005531,0.001008742,0.001011081,281.6569386,281.6569386,281.6569386,959.7896487,959.7896487,959.7896487,959.7896487,959.7896487
9/5/1995,234.9098242,247.7671646,245.9273584,252.0672661,251.6426684,245.9273584,762.2989714,854.7240464,839.5920246,766.7921576,876.967437,839.5920246,784.4929394,906.3888848,839.5920246,819.6224443,934.9152531,839.5920246,75.89208677,75.61021338,0.001001968,0.001005531,0.001008742,0.001011081,278.4964793,278.4964793,278.4964793,951.21683,951.21683,951.21683,951.21683,951.21683
9/6/1995,232.0147576,240.3152394,243.6941594,248.1811083,247.7671646,243.6941594,796.1989098,878.1971247,882.317801,798.5709873,854.7240464,882.317801,807.2402925,876.967437,882.317801,831.5850242,906.3888848,882.317801,80.15038286,79.84894943,0.001001968,0.001005531,0.001008742,0.001011081,274.7821965,274.7821965,274.7821965,940.7470933,940.7470933,940.7470933,940.7470933,940.7470933
9/7/1995,225.1944805,232.7240065,236.6517288,240.7159631,240.3152394,236.6517288,787.7144233,1145.649186,872.6253323,789.5767963,878.1971247,872.6253323,796.3946207,854.7240464,872.6253323,815.6531489,876.967437,872.6253323,79.16504558,78.86815578,0.001001968,0.001005531,0.001008742,0.001011081,270.976682,270.976682,270.976682,929.7678701,929.7678701,929.7678701,929.7678701,929.7678701
9/8/1995,218.0709927,227.0608685,229.1964438,232.9703738,232.7240065,229.1964438,767.7095086,1015.566988,849.9794746,769.3460314,1145.649186,849.9794746,775.6845007,878.1971247,849.9794746,793.6996862,854.7240464,849.9794746,77.39625257,77.10749272,0.001001968,0.001005531,0.001008742,0.001011081,269.9138317,269.9138317,269.9138317,932.329801,932.329801,932.329801,932.329801,932.329801
9/9/1995,213.0764788,167.0965734,223.9548865,226.3451386,227.0608685,223.9548865,752.9226866,872.8263356,833.1669295,753.2671699,1015.566988,833.1669295,759.0711093,1145.649186,833.1669295,774.3199236,878.1971247,833.1669295,76.013824,75.73139421,0.001001968,0.001005531,0.001008742,0.001011081,265.6068994,265.6068994,265.6068994,918.9798553,918.9798553,918.9798553,918.9798553,918.9798553
9/10/1995,155.7587331,190.9581307,158.0411972,167.8053318,167.0965734,158.0411972,745.8233039,851.6181439,820.0662664,749.7746889,872.8263356,820.0662664,742.3702013,1015.566988,820.0662664,797.8804213,1145.649186,820.0662664,17.0529901,17.01145335,0.001001968,0.001005531,0.001008742,0.001011081,243.7485021,243.7485021,243.7485021,907.1773752,907.1773752,907.1773752,907.1773752,907.1773752
9/11/1995,255.9274205,384.9811801,263.1347309,192.0998752,190.9581307,263.1347309,1058.365147,1012.922724,1178.013757,979.0006858,851.6181439,1178.013757,979.6755382,872.8263356,1178.013757,976.7949415,1015.566988,1178.013757,51.67913111,51.50418358,0.001001968,0.001005531,0.001008742,0.001011081,230.6214449,230.6214449,230.6214449,931.8130224,931.8130224,931.8130224,931.8130224,931.8130224
9/12/1995,345.1065229,263.1711147,373.8376701,384.3245711,384.9811801,373.8376701,1068.472641,1013.423257,1203.157338,1080.791783,1012.922724,1203.157338,1030.111467,851.6181439,1203.157338,927.6547183,872.8263356,1203.157338,179.6227898,178.8233955,0.001001968,0.001005531,0.001008742,0.001011081,237.79543,237.79543,237.79543,940.1319564,940.1319564,940.1319564,940.1319564,940.1319564
9/13/1995,225.0773499,184.1952604,233.7408159,262.5612092,263.1711147,233.7408159,832.9684906,1258.708435,917.1203582,858.0985884,1013.423257,917.1203582,860.723755,1012.922724,917.1203582,909.834228,851.6181439,917.1203582,62.33509853,62.11407537,0.001001968,0.001005531,0.001008742,0.001011081,239.4513599,239.4513599,239.4513599,944.7607219,944.7607219,944.7607219,944.7607219,944.7607219
9/14/1995,185.7328704,255.6041487,186.803953,185.5239825,184.1952604,186.803953,681.9181825,1784.466699,737.1200723,675.9922056,1258.708435,737.1200723,684.0999257,1013.423257,737.1200723,755.1972403,1012.922724,737.1200723,0.001000564,0.001006515,0.001001968,0.001005531,0.001008742,0.001011081,232.8970357,232.8970357,232.8970357,950.6243399,950.6243399,950.6243399,950.6243399,950.6243399
9/15/1995,289.8104722,383.8494684,301.2103269,256.7612392,255.6041487,301.2103269,934.0831396,1559.241473,1033.805269,885.8890764,1784.466699,1033.805269,890.327101,1258.708435,1033.805269,856.1830795,1013.423257,1033.805269,77.74659505,77.45622763,0.001001968,0.001005531,0.001008742,0.001011081,236.2343691,236.2343691,236.2343691,968.3500647,968.3500647,968.3500647,968.3500647,968.3500647
9/16/1995,350.152415,395.3427928,377.4931298,381.7587842,383.8494684,377.4931298,1039.867943,1235.937385,1169.68563,1045.933741,1559.241473,1169.68563,1028.612081,1784.466699,1169.68563,957.6202066,1258.708435,1169.68563,172.7765955,172.0133624,0.001001968,0.001005531,0.001008742,0.001011081,253.2472493,253.2472493,253.2472493,988.0613667,988.0613667,988.0613667,988.0613667,988.0613667
9/17/1995,341.8745678,417.3100012,366.85436,392.4080385,395.3427928,366.85436,1265.007659,1096.260033,1426.87601,1290.085355,1235.937385,1426.87601,1276.95199,1559.241473,1426.87601,1212.951258,1784.466699,1426.87601,157.2402539,156.5582101,0.001001968,0.001005531,0.001008742,0.001011081,281.8547011,281.8547011,281.8547011,1047.998305,1047.998305,1047.998305,1047.998305,1047.998305
9/18/1995,390.9052272,332.8658633,414.9753659,420.2621242,417.3100012,414.9753659,1659.272832,990.8544218,1882.286506,1656.272803,1096.260033,1882.286506,1615.876843,1235.937385,1882.286506,1657.486091,1559.241473,1882.286506,144.9445684,144.3258569,0.001001968,0.001005531,0.001008742,0.001011081,307.740706,307.740706,307.740706,1151.192548,1151.192548,1151.192548,1151.192548,1151.192548
9/19/1995,352.5096729,333.2997877,367.6687382,335.6298219,332.8658633,367.6687382,1340.996987,344.2228419,1497.941153,1300.81444,990.8544218,1497.941153,1329.042262,1096.260033,1497.941153,1392.438633,1235.937385,1497.941153,98.00807491,97.6221576,0.001001968,0.001005531,0.001008742,0.001011081,315.0643638,315.0643638,315.0643638,1239.746202,1239.746202,1239.746202,1239.746202,1239.746202
9/20/1995,305.272922,267.6662936,324.6205752,333.6643382,333.2997877,324.6205752,1025.753052,511.1307221,1143.087323,1032.82539,344.2228419,1143.087323,1067.106962,990.8544218,1143.087323,1091.488758,1096.260033,1143.087323,127.8849367,127.3526045,0.001001968,0.001005531,0.001008742,0.001011081,328.6652823,328.6652823,328.6652823,1281.263925,1281.263925,1281.263925,1281.263925,1281.263925
9/21/1995,227.1429855,204.8422058,237.3431926,264.6805683,267.6662936,237.3431926,877.1842985,2464.387219,971.2106195,900.3330433,511.1307221,971.2106195,912.7049151,344.2228419,971.2106195,997.1861058,990.8544218,971.2106195,73.5936289,73.32222906,0.001001968,0.001005531,0.001008742,0.001011081,339.8035946,339.8035946,339.8035946,1298.29747,1298.29747,1298.29747,1298.29747,1298.29747
9/22/1995,127.7011036,341.2884497,128.7910242,193.8940533,204.8422058,128.7910242,740.0430687,5211.96503,810.5833519,799.6281032,2464.387219,810.5833519,791.8751977,511.1307221,810.5833519,844.3521546,344.2228419,810.5833519,0.001000564,0.001006515,0.001001968,0.001005531,0.001008742,0.001011081,330.0778511,330.0778511,330.0778511,1297.67962,1297.67962,1297.67962,1297.67962,1297.67962
9/23/1995,290.6730234,249.0719678,298.832715,347.7743641,341.2884497,298.832715,473.4473796,4921.663178,492.5229443,534.0822845,5211.96503,492.5229443,398.3956442,2464.387219,492.5229443,310.2622361,511.1307221,492.5229443,0.001000564,0.001006515,0.001001968,0.001005531,0.001008742,0.001011081,310.8521169,310.8521169,310.8521169,1213.33335,1213.33335,1213.33335,1213.33335,1213.33335
9/24/1995,1092.216153,3081.854564,1097.398942,256.3255825,249.0719678,1097.398942,1364.769349,3688.381306,1393.261059,527.2715831,4921.663178,1393.261059,609.5022771,5211.96503,1393.261059,569.3301258,2464.387219,1393.261059,0.001000564,0.001006515,0.001001968,0.001005531,0.001008742,0.001011081,307.2965885,307.2965885,307.2965885,1121.758653,1121.758653,1121.758653,1121.758653,1121.758653
9/25/1995,2703.366645,1944.744965,3174.539839,3077.286395,3081.854564,3174.539839,4417.653203,2822.314361,5384.626982,4477.29082,3688.381306,5384.626982,4218.795973,4921.663178,5384.626982,2172.551898,5211.96503,5384.626982,2127.433583,2113.492819,0.001001968,0.001005531,0.001008742,0.001011081,591.976083,591.976083,591.976083,1207.925325,1207.925325,1207.925325,1207.925325,1207.925325
9/26/1995,1273.092846,673.8402422,1448.238562,1939.528395,1944.744965,1448.238562,5415.655492,2027.857905,6405.91909,5898.959734,2822.314361,6405.91909,5861.518054,3688.381306,6405.91909,6509.06284,4921.663178,6405.91909,874.6743293,869.6046449,0.001001968,0.001005531,0.001008742,0.001011081,799.5192757,799.5192757,799.5192757,1809.388824,1809.388824,1809.388824,1809.388824,1809.388824
9/27/1995,556.9913933,674.7903928,565.172731,679.7487447,673.8402422,565.172731,2745.855509,1652.881076,3102.658824,2829.655322,2027.857905,3102.658824,3215.072295,2822.314361,3102.658824,4015.171459,3688.381306,3102.658824,37.58220083,37.46522352,0.001001968,0.001005531,0.001008742,0.001011081,905.4484868,905.4484868,905.4484868,2456.425227,2456.425227,2456.425227,2456.425227,2456.425227
9/28/1995,650.6850132,719.9820289,685.0034082,678.8077983,674.7903928,685.0034082,2188.89158,1503.739572,2469.604659,2172.819059,1652.881076,2469.604659,2331.42575,2027.857905,2469.604659,2678.385086,2822.314361,2469.604659,200.0811652,199.1724173,0.001001968,0.001005531,0.001008742,0.001011081,985.0921554,985.0921554,985.0921554,2790.582679,2790.582679,2790.582679,2790.582679,2790.582679
9/29/1995,635.905363,569.1984241,687.5927559,720.2431453,719.9820289,687.5927559,2065.200166,1401.626557,2354.011642,2096.350331,1503.739572,2354.011642,2169.040485,1652.881076,2354.011642,2272.980128,2027.857905,2354.011642,296.978794,295.5303604,0.001001968,0.001005531,0.001008742,0.001011081,1067.587808,1067.587808,1067.587808,2968.544376,2968.544376,2968.544376,2968.544376,2968.544376
9/30/1995,485.2053071,451.6882997,516.0329309,569.352254,569.1984241,516.0329309,1514.720392,1222.277927,1698.777468,1566.306638,1401.626557,1698.777468,1617.92414,1503.739572,1698.777468,1802.021653,1652.881076,1698.777468,188.3730561,187.5271208,0.001001968,0.001005531,0.001008742,0.001011081,1124.003026,1124.003026,1124.003026,3172.127518,3172.127518,3172.127518,3172.127518,3172.127518
10/1/1995,405.8612291,428.5404825,425.7944273,451.8594508,451.6882997,425.7944273,1180.885637,2973.090419,1303.684245,1205.563932,1222.277927,1303.684245,1267.912207,1401.626557,1303.684245,1384.46087,1503.739572,1303.684245,128.1805138,127.6467007,0.001001968,0.001005531,0.001008742,0.001011081,1147.596486,1147.596486,1147.596486,3301.511078,3301.511078,3301.511078,3301.511078,3301.511078
10/2/1995,390.3222665,404.9964522,411.199077,428.7174241,428.5404825,411.199077,1169.899337,6531.947668,1299.905386,1186.152796,2973.090419,1299.905386,1221.310197,1222.277927,1299.905386,1290.601975,1401.626557,1299.905386,134.1789496,133.6149613,0.001001968,0.001005531,0.001008742,0.001011081,873.5437913,873.5437913,873.5437913,3149.511588,3149.511588,3149.511588,3149.511588,3149.511588
10/3/1995,369.6646267,301.9769286,389.7410957,404.3424585,404.9964522,389.7410957,1144.933901,13525.23846,1273.535712,1157.825462,6531.947668,1273.535712,1183.188187,2973.090419,1273.535712,1236.015593,1222.277927,1273.535712,130.0833371,129.5399772,0.001001968,0.001005531,0.001008742,0.001011081,673.7308382,673.7308382,673.7308382,2504.233878,2504.233878,2504.233878,2504.233878,2504.233878
10/4/1995,250.0074001,1757.074497,252.6286363,290.9556462,301.9769286,252.6286363,921.6487952,11911.72248,1007.33859,953.160333,13525.23846,1007.33859,945.1537467,6531.947668,1007.33859,1093.914933,2973.090419,1007.33859,17.84694357,17.80277711,0.001001968,0.001005531,0.001008742,0.001011081,557.9166601,557.9166601,557.9166601,1847.692612,1847.692612,1847.692612,1847.692612,1847.692612
10/5/1995,293.7992167,3998.839233,296.5713305,304.2347004,1757.074497,296.5713305,2587.429118,10342.18299,2963.85313,2561.72921,11911.72248,2963.85313,2502.06341,13525.23846,2963.85313,2442.298177,6531.947668,2963.85313,0.001000564,0.001006515,0.001001968,0.001005531,0.001008742,0.001011081,480.1345154,480.1345154,480.1345154,1794.024025,1794.024025,1794.024025,1794.024025,1794.024025
10/6/1995,4738.133776,3083.527225,5302.820768,4760.539811,3998.839233,5302.820768,11327.4289,7542.064784,13156.97183,11052.98159,10342.18299,13156.97183,10067.9907,11911.72248,13156.97183,6371.822822,13525.23846,13156.97183,1697.557477,1686.759907,0.001001968,0.001005531,0.001008742,0.001011081,871.120255,871.120255,871.120255,2680.359451,2680.359451,2680.359451,2680.359451,2680.359451
10/7/1995,4860.833979,7766.659597,5125.971754,3501.3291,3083.527225,5125.971754,15550.44743,6317.311201,17987.3331,13859.35527,7542.064784,17987.3331,13464.02478,10342.18299,17987.3331,14607.6512,11911.72248,17987.3331,897.1221808,891.9030343,0.001001968,0.001005531,0.001008742,0.001011081,1240.400257,1240.400257,1240.400257,4669.193781,4669.193781,4669.193781,4669.193781,4669.193781
10/8/1995,6391.595866,4076.817027,7628.336596,7802.176726,7766.659597,7628.336596,12344.09191,4947.711708,15232.25895,12880.94122,6317.311201,15232.25895,13373.33224,7542.064784,15232.25895,9573.826515,10342.18299,15232.25895,5027.273962,4990.650131,0.001001968,0.001005531,0.001008742,0.001011081,2194.961293,2194.961293,2194.961293,6179.186435,6179.186435,6179.186435,6179.186435,6179.186435
10/9/1995,2651.311059,1185.429251,3041.546669,4098.620513,4076.817027,3041.546669,8401.848994,3401.434751,10028.29031,9502.065522,4947.711708,10028.29031,10112.46074,6317.311201,10028.29031,13133.3092,7542.064784,10028.29031,1751.971235,1740.78049,0.001001968,0.001005531,0.001008742,0.001011081,2768.45717,2768.45717,2768.45717,7497.666524,7497.666524,7497.666524,7497.666524,7497.666524
10/10/1995,872.5003839,1110.717614,881.9232577,1193.746983,1185.429251,881.9232577,1047.628069,4150.58129,1062.211107,1370.896684,3401.434751,1062.211107,2497.989816,4947.711708,1062.211107,4683.453019,6317.311201,1062.211107,0.001000564,0.001006515,0.001001968,0.001005531,0.001008742,0.001011081,3038.649872,3038.649872,3038.649872,8389.543116,8389.543116,8389.543116,8389.543116,8389.543116
10/11/1995,961.8440542,1068.878231,1014.812161,1116.291618,1110.717614,1014.812161,2490.729821,4802.383448,2805.212022,2595.044978,4150.58129,2805.212022,2951.932268,3401.434751,2805.212022,3872.183657,4947.711708,2805.212022,269.8614369,268.5672127,0.001001968,0.001005531,0.001008742,0.001011081,3204.503129,3204.503129,3204.503129,8899.941338,8899.941338,8899.941338,8899.941338,8899.941338
10/12/1995,944.217606,970.1724328,1011.912698,1072.751492,1068.878231,1011.912698,3160.215239,6153.907967,3607.810845,3214.436666,4802.383448,3607.810845,3348.519061,4150.58129,3607.810845,3677.668473,3401.434751,3607.810845,351.3789758,349.6149898,0.001001968,0.001005531,0.001008742,0.001011081,3332.96272,3332.96272,3332.96272,8963.670114,8963.670114,8963.670114,8963.670114,8963.670114
10/13/1995,864.5458249,1541.832035,927.2898852,972.849228,970.1724328,927.2898852,2516.318499,6333.635122,2853.440749,2564.379154,6153.907967,2853.440749,2663.822762,4802.383448,2853.440749,2855.882115,4150.58129,2853.440749,330.5490398,328.9067937,0.001001968,0.001005531,0.001008742,0.001011081,2981.374292,2981.374292,2981.374292,8177.14957,8177.14957,8177.14957,8177.14957,8177.14957
10/14/1995,829.8124231,1250.446395,895.7601106,931.9103733,1541.832035,895.7601106,3455.801306,5416.205623,3975.105574,3481.852023,6333.635122,3975.105574,3556.501196,6153.907967,3975.105574,3549.113867,4802.383448,3975.105574,349.6712721,347.9173072,0.001001968,0.001005531,0.001008742,0.001011081,2666.079858,2666.079858,2666.079858,6496.566805,6496.566805,6496.566805,6496.566805,6496.566805
10/15/1995,1531.080755,1962.38281,1602.292394,1540.402031,1250.446395,1602.292394,5297.628301,4402.362635,5963.513089,5261.31393,5416.205623,5963.513089,4870.674232,6333.635122,5963.513089,4430.943297,6153.907967,5963.513089,0.001000564,0.001006515,0.001001968,0.001005531,0.001008742,0.001011081,1813.04197,1813.04197,1813.04197,5556.651902,5556.651902,5556.651902,5556.651902,5556.651902
10/16/1995,3039.31062,4281.184376,3227.524574,2154.467895,1962.38281,3227.524574,7361.763303,4369.091295,8356.573952,6309.223073,4402.362635,8356.573952,6239.812999,5416.205623,8356.573952,5810.999432,6333.635122,8356.573952,773.5357642,769.1331981,0.001001968,0.001005531,0.001008742,0.001011081,1464.318393,1464.318393,1464.318393,5024.149394,5024.149394,5024.149394,5024.149394,5024.149394
10/17/1995,3362.235912,1785.951805,3930.210945,4297.469042,4281.184376,3930.210945,7162.610299,6030.930563,8639.052424,7686.623507,4369.091295,8639.052424,7525.700647,4402.362635,8639.052424,6061.086842,5416.205623,8639.052424,2475.602813,2459.061051,0.001001968,0.001005531,0.001008742,0.001011081,1654.347885,1654.347885,1654.347885,4823.922993,4823.922993,4823.922993,4823.922993,4823.922993
10/18/1995,1244.465688,898.9029609,1339.874854,1793.920845,1785.951805,1339.874854,4036.245041,11578.18246,4624.488008,4485.807543,6030.930563,4624.488008,4989.54827,4369.091295,4624.488008,6490.22763,4402.362635,4624.488008,473.8399928,471.3407519,0.001001968,0.001005531,0.001008742,0.001011081,1770.667502,1770.667502,1770.667502,4986.869065,4986.869065,4986.869065,4986.869065,4986.869065
10/19/1995,764.5750925,3134.840443,781.7838878,903.9394555,898.9029609,781.7838878,1392.226325,23570.78473,1466.619915,1521.739166,11578.18246,1466.619915,2002.251533,6030.930563,1466.619915,2917.520019,4369.091295,1466.619915,70.21032374,69.95422859,0.001001968,0.001005531,0.001008742,0.001011081,1797.567026,1797.567026,1797.567026,5136.296203,5136.296203,5136.296203,5136.296203,5136.296203
10/20/1995,856.9912376,5624.960288,909.2412654,963.5598661,3134.840443,909.2412654,2626.872465,26105.55498,2974.310896,2679.007237,23570.78473,2974.310896,2826.310209,11578.18246,2974.310896,3165.496201,6030.930563,2974.310896,270.2024819,268.9063321,0.001001968,0.001005531,0.001008742,0.001011081,1804.901708,1804.901708,1804.901708,5200.008337,5200.008337,5200.008337,5200.008337,5200.008337
10/21/1995,4577.767001,6042.138592,5017.220415,4604.687695,5624.960288,5017.220415,11569.1723,21924.76436,12934.74614,11482.29754,26105.55498,12934.74614,10794.51054,23570.78473,12934.74614,5259.867876,11578.18246,12934.74614,873.9087707,868.844175,0.001001968,0.001005531,0.001008742,0.001011081,2203.880849,2203.880849,2203.880849,6084.017964,6084.017964,6084.017964,6084.017964,6084.017964
10/22/1995,10195.12627,14314.68619,10811.64581,7892.378357,6042.138592,10811.64581,23354.65232,17608.92222,26064.59365,20883.63342,21924.76436,26064.59365,18784.66745,26105.55498,26064.59365,15669.12703,23570.78473,26064.59365,882.5461601,877.4241188,0.001001968,0.001005531,0.001008742,0.001011081,2852.142751,2852.142751,2852.142751,8013.148683,8013.148683,8013.148683,8013.148683,8013.148683
10/23/1995,15046.83378,16205.67492,17128.0196,15019.42317,14314.68619,17128.0196,29610.73027,14055.32671,35310.2971,28128.81802,17608.92222,35310.2971,27448.61314,21924.76436,35310.2971,23602.11478,26105.55498,35310.2971,7569.195734,7511.417531,0.001001968,0.001005531,0.001008742,0.001011081,4381.102866,4381.102866,4381.102866,10570.03918,10570.03918,10570.03918,10570.03918,10570.03918
10/24/1995,12123.91633,6889.797291,14590.06607,16243.58628,16205.67492,14590.06607,25172.72489,11844.4422,31293.73896,27512.25483,14055.32671,31293.73896,29509.92439,17608.92222,31293.73896,27256.9291,21924.76436,31293.73896,9405.133413,9331.602682,0.001001968,0.001005531,0.001008742,0.001011081,6152.56588,6152.56588,6152.56588,13312.07773,13312.07773,13312.07773,13312.07773,13312.07773
10/25/1995,4422.851066,2708.50243,4948.689926,6914.93265,6889.797291,4948.689926,11100.14426,10494.57358,13021.12413,13173.44048,11844.4422,13021.12413,15604.26053,14055.32671,13021.12413,23301.09024,17608.92222,13021.12413,2229.509502,2214.81088,0.001001968,0.001005531,0.001008742,0.001011081,7112.302269,7112.302269,7112.302269,15689.85416,15689.85416,15689.85416,15689.85416,15689.85416
10/26/1995,2137.390802,3448.698431,2187.660822,2727.166686,2708.50243,2187.660822,3001.428698,10810.83171,3107.811615,3582.107804,10494.57358,3107.811615,5700.940539,11844.4422,3107.811615,10066.72052,14055.32671,3107.811615,161.1502816,160.4479232,0.001001968,0.001005531,0.001008742,0.001011081,7602.12799,7602.12799,7602.12799,17201.66591,17201.66591,17201.66591,17201.66591,17201.66591
10/27/1995,2415.006473,3238.39833,2612.840745,2828.729323,3448.698431,2612.840745,6481.907602,10118.91374,7431.312422,6725.111291,10810.83171,7431.312422,7433.127459,10494.57358,7431.312422,8972.952344,11844.4422,7431.312422,888.4626483,883.3012159,0.001001968,0.001005531,0.001008742,0.001011081,7935.944705,7935.944705,7935.944705,18096.16267,18096.16267,18096.16267,18096.16267,18096.16267
10/28/1995,2995.735046,2165.129874,3230.76295,3504.719332,3238.39833,3230.76295,9484.876653,8223.027098,10872.42383,9822.730004,10118.91374,10872.42383,9610.371279,10810.83171,10872.42383,9546.499383,10494.57358,10872.42383,694.2069392,690.3198046,0.001001968,0.001005531,0.001008742,0.001011081,7862.430239,7862.430239,7862.430239,18068.23865,18068.23865,18068.23865,18068.23865,18068.23865
10/29/1995,3425.883329,6554.179114,3511.457553,2368.017664,2165.129874,3511.457553,9586.539821,9431.773784,10722.76187,8416.799752,8223.027098,10722.76187,8676.644386,10118.91374,10722.76187,9553.76722,10810.83171,10722.76187,169.2581795,168.5134411,0.001001968,0.001005531,0.001008742,0.001011081,7427.723889,7427.723889,7427.723889,16878.544,16878.544,16878.544,16878.544,16878.544
10/30/1995,5882.259727,5050.387187,6815.506178,6582.548097,6554.179114,6815.506178,11567.86481,9666.756975,13895.64603,11611.99156,9431.773784,13895.64603,11648.26971,8223.027098,13895.64603,8833.311008,10118.91374,13895.64603,3832.156706,3805.12491,0.001001968,0.001005531,0.001008742,0.001011081,6441.551749,6441.551749,6441.551749,14777.18624,14777.18624,14777.18624,14777.18624,14777.18624
10/31/1995,3764.254388,2575.732465,4283.555518,5064.536501,5050.387187,4283.555518,9645.059118,7345.831865,11426.57305,10535.67288,9666.756975,11426.57305,10771.02629,9431.773784,11426.57305,11934.9903,8223.027098,11426.57305,2225.718599,2211.048195,0.001001968,0.001005531,0.001008742,0.001011081,4854.560883,4854.560883,4854.560883,12594.75187,12594.75187,12594.75187,12594.75187,12594.75187
11/1/1995,2095.3666,3022.916411,2222.369618,2531.788522,2575.732465,2222.369618,4043.564482,6775.492617,4470.724849,4398.126066,7345.831865,4470.724849,5323.28344,9666.756975,4470.724849,6961.227359,9431.773784,4470.724849,558.6702693,555.6453222,0.001001968,0.001005531,0.001008742,0.001011081,4052.761949,4052.761949,4052.761949,10653.68037,10653.68037,10653.68037,10653.68037,10653.68037
11/2/1995,2770.588019,3353.140599,3036.870585,3002.119993,3022.916411,3036.870585,6758.808577,6498.611074,7764.745895,6797.855045,6775.492617,7764.745895,7137.232317,7345.831865,7764.745895,7292.845757,9666.756975,7764.745895,1141.815948,1134.938806,0.001001968,0.001005531,0.001008742,0.001011081,3817.510095,3817.510095,3817.510095,9753.008736,9753.008736,9753.008736,9753.008736,9753.008736
11/3/1995,3138.128716,3210.306078,3458.120541,3351.222664,3353.140599,3458.120541,8471.436971,6105.608701,9833.828135,8424.65879,6498.611074,9833.828135,8503.202481,6775.492617,9833.828135,8642.159311,7345.831865,9833.828135,1363.129358,1354.713629,0.001001968,0.001005531,0.001008742,0.001011081,3790.445203,3790.445203,3790.445203,9633.848653,9633.848653,9633.848653,9633.848653,9633.848653
11/4/1995,3034.032225,3040.844408,3332.832328,3242.777543,3210.306078,3332.832328,6332.202703,6332.184989,7261.919691,6330.38784,6105.608701,7261.919691,6572.34607,6498.611074,7261.919691,6702.837729,6775.492617,7261.919691,1287.106859,1279.223371,0.001001968,0.001005531,0.001008742,0.001011081,3791.781757,3791.781757,3791.781757,9249.556816,9249.556816,9249.556816,9249.556816,9249.556816
11/5/1995,2668.311785,2570.953272,2939.414867,3062.684804,3040.844408,2939.414867,5491.833922,6245.598477,6304.427622,5694.927131,6332.184989,6304.427622,5956.791336,6105.608701,6304.427622,6248.167466,6498.611074,6304.427622,1204.111443,1196.804635,0.001001968,0.001005531,0.001008742,0.001011081,3850.547281,3850.547281,3850.547281,8674.740763,8674.740763,8674.740763,8674.740763,8674.740763
11/6/1995,2201.515697,2239.949493,2403.918421,2571.002981,2570.953272,2403.918421,4827.554543,5502.094322,5509.052789,5048.634646,6245.598477,5509.052789,5367.466558,6332.184989,5509.052789,5842.632738,6105.608701,5509.052789,918.1662318,912.806535,0.001001968,0.001005531,0.001008742,0.001011081,3410.822838,3410.822838,3410.822838,8125.487694,8125.487694,8125.487694,8125.487694,8125.487694
11/7/1995,1930.274696,2512.520853,2090.984215,2183.201335,2239.949493,2090.984215,4431.675959,5334.143506,5028.483822,4563.443328,5502.094322,5028.483822,4867.876495,6245.598477,5028.483822,5292.312313,6332.184989,5028.483822,736.5188466,732.357703,0.001001968,0.001005531,0.001008742,0.001011081,3046.668063,3046.668063,3046.668063,7517.495419,7517.495419,7517.495419,7517.495419,7517.495419
11/8/1995,2306.982569,2533.636833,2528.206496,2520.682459,2512.520853,2528.206496,5429.209379,3027.613282,6222.651942,5481.547761,5334.143506,6222.651942,5577.111786,5502.094322,6222.651942,5508.216301,6245.598477,6222.651942,968.8637107,963.163743,0.001001968,0.001005531,0.001008742,0.001011081,2918.121535,2918.121535,2918.121535,7106.528687,7106.528687,7106.528687,7106.528687,7106.528687
11/9/1995,2373.802248,2245.514306,2593.841904,2556.028756,2533.636833,2593.841904,5642.057399,10173.07466,6469.276575,5656.858673,3027.613282,6469.276575,5757.69984,5334.143506,6469.276575,5843.347016,5502.094322,6469.276575,975.4676537,969.7231927,0.001001968,0.001005531,0.001008742,0.001011081,2826.373174,2826.373174,2826.373174,6733.050841,6733.050841,6733.050841,6733.050841,6733.050841
11/10/1995,1987.950614,3039.693871,2171.185352,2239.12461,2245.514306,2171.185352,4438.689275,18854.67631,5061.419628,4555.455294,10173.07466,5061.419628,4832.777882,3027.613282,5061.419628,5048.473344,5334.143506,5061.419628,837.3887907,832.5662697,0.001001968,0.001005531,0.001008742,0.001011081,2704.620149,2704.620149,2704.620149,6263.536515,6263.536515,6263.536515,6263.536515,6263.536515
11/11/1995,1760.807801,5914.832893,1905.114306,1944.590283,3039.693871,1905.114306,4215.566516,20144.05227,4768.256215,4290.598187,18854.67631,4768.256215,4505.103548,10173.07466,4768.256215,4798.674529,3027.613282,4768.256215,665.2268222,661.5261004,0.001001968,0.001005531,0.001008742,0.001011081,2532.658251,2532.658251,2532.658251,5976.78091,5976.78091,5976.78091,5976.78091,5976.78091
11/12/1995,6660.235038,7489.201602,7371.817456,6333.648909,5914.832893,7371.817456,9719.175006,20576.01185,10868.75823,9150.326761,20144.05227,10868.75823,8038.576052,18854.67631,10868.75823,3612.374628,10173.07466,10868.75823,2237.549536,2222.79105,0.001001968,0.001005531,0.001008742,0.001011081,2757.4148,2757.4148,2757.4148,5837.439353,5837.439353,5837.439353,5837.439353,5837.439353
11/13/1995,9877.030609,15794.6032,10727.86862,7863.224646,7489.201602,10727.86862,17402.21547,18154.64559,19812.65321,14862.29719,20576.01185,19812.65321,14531.35719,20144.05227,19812.65321,13318.47405,18854.67631,19812.65321,3183.38205,3161.429389,0.001001968,0.001005531,0.001008742,0.001011081,3346.214332,3346.214332,3346.214332,6879.299086,6879.299086,6879.299086,6879.299086,6879.299086
11/14/1995,12681.27849,11700.96862,15260.55528,15661.60915,15794.6032,15260.55528,22302.14596,17282.5136,27757.32212,23524.84277,18154.64559,27757.32212,24305.0388,20576.01185,27757.32212,17618.79336,20144.05227,27757.32212,9800.868351,9723.89997,0.001001968,0.001005531,0.001008742,0.001011081,5014.565736,5014.565736,5014.565736,8877.264276,8877.264276,8877.264276,8877.264276,8877.264276
11/15/1995,9185.46574,9038.218903,10536.49583,11735.1528,11700.96862,10536.49583,20384.51282,14498.00596,24330.84085,21994.83016,17282.5136,24330.84085,22451.36857,18154.64559,24330.84085,25275.62392,20576.01185,24330.84085,5152.063586,5114.423124,0.001001968,0.001005531,0.001008742,0.001011081,6253.567888,6253.567888,6253.567888,11208.72883,11208.72883,11208.72883,11208.72883,11208.72883
11/16/1995,7794.060011,6117.058916,8593.248524,9099.578644,9038.218903,8593.248524,13267.57751,11138.38183,15199.79935,14095.35257,14498.00596,15199.79935,15259.13212,17282.5136,15199.79935,17295.85298,18154.64559,15199.79935,3063.17669,3042.153356,0.001001968,0.001005531,0.001008742,0.001011081,7265.923902,7265.923902,7265.923902,13601.00625,13601.00625,13601.00625,13601.00625,13601.00625
11/17/1995,5227.549355,5137.753939,5745.22936,6134.336179,6117.058916,5745.22936,10307.75185,9526.731042,11804.87232,10868.45305,11138.38183,11804.87232,13199.05804,14498.00596,11804.87232,15153.38731,17282.5136,11804.87232,2106.465329,2092.679733,0.001001968,0.001005531,0.001008742,0.001011081,8074.020271,8074.020271,8074.020271,15346.83607,15346.83607,15346.83607,15346.83607,15346.83607
11/18/1995,4356.029125,4402.080273,4805.490347,5147.525229,5137.753939,4805.490347,10351.84821,8480.647627,11975.22202,10803.74631,9526.731042,11975.22202,11830.45609,11138.38183,11975.22202,14372.88047,14498.00596,11975.22202,1869.88426,1857.836636,0.001001968,0.001005531,0.001008742,0.001011081,8617.223557,8617.223557,8617.223557,16638.19185,16638.19185,16638.19185,16638.19185,16638.19185
11/19/1995,3847.072233,3941.437468,4231.515292,4408.721687,4402.080273,4231.515292,8993.561528,7803.538207,10362.68022,9269.898907,8480.647627,10362.68022,9994.57976,9526.731042,10362.68022,11225.98559,11138.38183,10362.68022,1613.44489,1603.252148,0.001001968,0.001005531,0.001008742,0.001011081,8642.943979,8642.943979,8642.943979,17467.80794,17467.80794,17467.80794,17467.80794,17467.80794
11/20/1995,3485.266094,3608.264739,3826.878838,3946.470723,3941.437468,3826.878838,7773.728713,7492.863256,8917.427804,7990.186224,7803.538207,8917.427804,8521.276929,8480.647627,8917.427804,9333.0189,9526.731042,8917.427804,1453.525766,1444.472479,0.001001968,0.001005531,0.001008742,0.001011081,8266.68812,8266.68812,8266.68812,16929.7918,16929.7918,16929.7918,16929.7918,16929.7918
11/21/1995,3216.228077,3346.896674,3529.136706,3610.085017,3608.264739,3529.136706,7044.156375,6937.185361,8061.719117,7217.533345,7492.863256,8061.719117,7661.871356,7803.538207,8061.719117,8204.394616,8480.647627,8061.719117,1345.757372,1337.463592,0.001001968,0.001005531,0.001008742,0.001011081,6804.451049,6804.451049,6804.451049,15338.59628,15338.59628,15338.59628,15338.59628,15338.59628
11/22/1995,3001.90856,3091.806371,3286.566626,3348.028023,3346.896674,3286.566626,6531.702557,6513.207822,7454.270975,6679.440744,6937.185361,7454.270975,7026.238725,7492.863256,7454.270975,7477.809083,7803.538207,7454.270975,1231.168516,1223.674227,0.001001968,0.001005531,0.001008742,0.001011081,5710.914474,5710.914474,5710.914474,13270.78768,13270.78768,13270.78768,13270.78768,13270.78768
11/23/1995,2798.802332,3006.878022,3052.293738,3093.146221,3091.806371,3052.293738,6092.733919,6182.793421,6933.007551,6209.225074,6513.207822,6933.007551,6513.992326,6937.185361,6933.007551,6921.189051,7492.863256,6933.007551,1106.470331,1099.835698,0.001001968,0.001005531,0.001008742,0.001011081,4798.831468,4798.831468,4798.831468,11050.75389,11050.75389,11050.75389,11050.75389,11050.75389
11/24/1995,2720.0624,2870.688368,2975.446801,3007.378863,3006.878022,2975.446801,6018.851295,5776.952713,6870.655519,6124.165261,6182.793421,6870.655519,6402.64013,6513.207822,6870.655519,6639.603981,6937.185361,6870.655519,1122.77982,1116.033404,0.001001968,0.001005531,0.001008742,0.001011081,4092.668788,4092.668788,4092.668788,9536.944136,9536.944136,9536.944136,9536.944136,9536.944136
11/25/1995,2573.930713,2688.065814,2816.361799,2870.688517,2870.688368,2816.361799,5642.752472,6059.107591,6438.772372,5767.753254,5776.952713,6438.772372,6024.532848,6182.793421,6438.772372,6294.745141,6513.207822,6438.772372,1073.246195,1066.838639,0.001001968,0.001005531,0.001008742,0.001011081,3675.71181,3675.71181,3675.71181,8440.495192,8440.495192,8440.495192,8440.495192,8440.495192
11/26/1995,2416.967973,2548.151132,2639.954018,2687.699629,2688.065814,2639.954018,5242.492192,6674.201099,5967.837282,5356.678007,6059.107591,5967.837282,5617.303851,5776.952713,5967.837282,5877.01958,6182.793421,5967.837282,993.960575,988.0913184,0.001001968,0.001005531,0.001008742,0.001011081,3377.353552,3377.353552,3377.353552,7687.553872,7687.553872,7687.553872,7687.553872,7687.553872
11/27/1995,2302.862806,2344.046812,2513.433852,2546.035385,2548.151132,2513.433852,5003.338339,6220.018495,5690.041246,5098.723871,6674.201099,5690.041246,5339.381434,6059.107591,5690.041246,5574.322729,5776.952713,5690.041246,944.4558669,938.9200092,0.001001968,0.001005531,0.001008742,0.001011081,3148.449958,3148.449958,3148.449958,7142.488492,7142.488492,7142.488492,7142.488492,7142.488492
11/28/1995,2176.27016,2714.350005,2351.746447,2327.841815,2344.046812,2351.746447,4763.596369,6306.12985,5369.979215,4792.842351,6220.018495,5369.979215,4978.047629,6674.201099,5369.979215,5226.71321,6059.107591,5369.979215,790.4172017,785.9040302,0.001001968,0.001005531,0.001008742,0.001011081,2943.273031,2943.273031,2943.273031,6708.494491,6708.494491,6708.494491,6708.494491,6708.494491
11/29/1995,2587.692141,2967.514244,2812.006967,2707.389253,2714.350005,2812.006967,5718.767076,6275.417812,6481.757185,5687.29253,6306.12985,6481.757185,5673.906062,6220.018495,6481.757185,5465.147768,6674.201099,6481.757185,978.1020864,972.3398656,0.001001968,0.001005531,0.001008742,0.001011081,2806.261596,2806.261596,2806.261596,6446.55334,6446.55334,6446.55334,6446.55334,6446.55334
11/30/1995,2790.813632,2955.569776,3039.032281,2968.291634,2967.514244,3039.032281,6470.90694,6089.801618,7384.704947,6465.985646,6275.417812,7384.704947,6487.594966,6306.12985,7384.704947,6366.990368,6220.018495,7384.704947,1087.770293,1081.263576,0.001001968,0.001005531,0.001008742,0.001011081,2749.514535,2749.514535,2749.514535,6375.834116,6375.834116,6375.834116,6375.834116,6375.834116
12/1/1995,2687.911056,2825.151585,2946.006426,2952.994232,2955.569776,2946.006426,5681.04876,5994.174059,6479.716349,5767.422985,6089.801618,6479.716349,6030.982061,6275.417812,6479.716349,5923.461679,6306.12985,6479.716349,1145.837854,1138.933058,0.001001968,0.001005531,0.001008742,0.001011081,2737.829675,2737.829675,2737.829675,6284.548805,6284.548805,6284.548805,6284.548805,6284.548805
12/2/1995,2556.332922,2619.40937,2795.202452,2823.125448,2825.151585,2795.202452,5477.425142,5955.691402,6236.061204,5577.910573,5994.174059,6236.061204,5801.509163,6089.801618,6236.061204,6034.459069,6275.417812,6236.061204,1064.275439,1057.929046,0.001001968,0.001005531,0.001008742,0.001011081,2726.213587,2726.213587,2726.213587,6245.430638,6245.430638,6245.430638,6245.430638,6245.430638
12/3/1995,2364.982443,2577.221819,2571.68738,2613.091257,2619.40937,2571.68738,5093.230071,5916.631494,5773.521521,5196.662805,5955.691402,5773.521521,5419.905274,5994.174059,5773.521521,5699.60584,6089.801618,5773.521521,929.7384261,924.3012647,0.001001968,0.001005531,0.001008742,0.001011081,2711.967188,2711.967188,2711.967188,6225.269966,6225.269966,6225.269966,6225.269966,6225.269966
12/4/1995,2351.776601,2463.048162,2561.859149,2574.290366,2577.221819,2561.859149,5086.237369,5514.905689,5770.880911,5163.930324,5916.631494,5770.880911,5367.915468,5955.691402,5770.880911,5481.493369,5994.174059,5770.880911,938.3333334,932.8385577,0.001001968,0.001005531,0.001008742,0.001011081,2710.710365,2710.710365,2710.710365,6225.062906,6225.062906,6225.062906,6225.062906,6225.062906
12/5/1995,2259.391271,2633.219436,2453.000459,2454.348159,2463.048162,2453.000459,5073.979783,5611.478111,5752.666772,5130.262375,5514.905689,5752.666772,5323.467461,5916.631494,5752.666772,5520.558229,5955.691402,5752.666772,875.8160587,870.7387842,0.001001968,0.001005531,0.001008742,0.001011081,2727.867257,2727.867257,2727.867257,6262.116199,6262.116199,6262.116199,6262.116199,6262.116199
12/6/1995,2393.702343,2459.787453,2621.443352,2629.861673,2633.219436,2621.443352,5202.833756,5396.643721,5929.585903,5281.997659,5611.478111,5929.585903,5413.958999,5514.905689,5929.585903,5390.313249,5916.631494,5929.585903,1010.301517,1004.321743,0.001001968,0.001005531,0.001008742,0.001011081,2736.835077,2736.835077,2736.835077,6230.800249,6230.800249,6230.800249,6230.800249,6230.800249
12/7/1995,2236.015375,2329.160046,2432.68182,2458.429729,2459.787453,2432.68182,5090.494479,4954.308025,5788.385627,5169.757569,5396.643721,5788.385627,5353.453989,5611.478111,5788.385627,5561.336421,5514.905689,5788.385627,887.6455179,882.4895279,0.001001968,0.001005531,0.001008742,0.001011081,2691.948582,2691.948582,2691.948582,6087.576019,6087.576019,6087.576019,6087.576019,6087.576019
12/8/1995,2112.871562,2240.120243,2298.230104,2327.676072,2329.160046,2298.230104,4514.889617,4753.446,5116.94951,4600.52759,4954.308025,5116.94951,4820.728712,5396.643721,5116.94951,5008.627276,5611.478111,5116.94951,844.0196189,839.1532442,0.001001968,0.001005531,0.001008742,0.001011081,2604.830422,2604.830422,2604.830422,5936.069221,5936.069221,5936.069221,5936.069221,5936.069221
12/9/1995,2029.979046,2151.31795,2209.351011,2238.655342,2240.120243,2209.351011,4594.177598,4573.348158,5225.495432,4671.643136,4753.446,5225.495432,4860.387562,4954.308025,5225.495432,5075.362377,5396.643721,5225.495432,821.5309745,816.8131488,0.001001968,0.001005531,0.001008742,0.001011081,2523.569954,2523.569954,2523.569954,5799.81028,5799.81028,5799.81028,5799.81028,5799.81028
12/10/1995,1950.299006,2069.298842,2122.489834,2149.878391,2151.31795,2122.489834,4437.386925,4448.667915,5045.500426,4510.783231,4573.348158,5045.500426,4687.990133,4753.446,5045.500426,4853.453876,4954.308025,5045.500426,792.8459619,788.3168521,0.001001968,0.001005531,0.001008742,0.001011081,2455.038997,2455.038997,2455.038997,5667.528759,5667.528759,5667.528759,5667.528759,5667.528759
12/11/1995,1876.756052,1992.695961,2042.4654,2067.889512,2069.298842,2042.4654,4092.764929,4354.506789,4645.661553,4165.809972,4448.667915,4645.661553,4338.819404,4573.348158,4645.661553,4507.749246,4753.446,4645.661553,766.8860281,762.5269447,0.001001968,0.001005531,0.001008742,0.001011081,2383.012494,2383.012494,2383.012494,5501.657427,5501.657427,5501.657427,5501.657427,5501.657427
12/12/1995,1807.937898,1920.566385,1967.647691,1991.32066,1992.695961,1967.647691,3929.481712,4855.871247,4458.977257,3999.290502,4354.506789,4458.977257,4164.914828,4448.667915,4458.977257,4312.134547,4573.348158,4458.977257,742.7688621,738.5670653,0.001001968,0.001005531,0.001008742,0.001011081,2315.87235,2315.87235,2315.87235,5318.834333,5318.834333,5318.834333,5318.834333,5318.834333
12/13/1995,1743.050504,1852.404245,1897.111933,1919.227993,1920.566385,1897.111933,3803.00166,4935.151507,4314.672896,3869.465747,4855.871247,4314.672896,4027.807069,4354.506789,4314.672896,4161.797935,4448.667915,4314.672896,719.955281,715.9016553,0.001001968,0.001005531,0.001008742,0.001011081,2226.30702,2226.30702,2226.30702,5119.434508,5119.434508,5119.434508,5119.434508,5119.434508
12/14/1995,1681.665376,1791.89928,1830.38342,1851.105058,1852.404245,1830.38342,3728.070994,4541.577039,4228.348324,3791.07733,4935.151507,4228.348324,3942.130897,4855.871247,4228.348324,4052.995159,4354.506789,4228.348324,698.2745616,694.3611787,0.001001968,0.001005531,0.001008742,0.001011081,2139.000515,2139.000515,2139.000515,4903.640858,4903.640858,4903.640858,4903.640858,4903.640858
12/15/1995,1626.850265,1727.451646,1771.261577,1790.640947,1791.89928,1771.261577,3718.034986,4559.10021,4212.19926,3778.305762,4541.577039,4212.19926,3922.486588,4935.151507,4212.19926,3982.269405,4855.871247,4212.19926,680.8815515,677.0802623,0.001001968,0.001005531,0.001008742,0.001011081,2056.056694,2056.056694,2056.056694,4745.394217,4745.394217,4745.394217,4745.394217,4745.394217
12/16/1995,1577.201071,1682.796576,1716.062394,1726.235234,1727.451646,1716.062394,4166.853876,4196.148638,4745.259049,4205.975576,4559.10021,4745.259049,4332.725169,4541.577039,4745.259049,4437.863327,4935.151507,4745.259049,657.844475,654.1910697,0.001001968,0.001005531,0.001008742,0.001011081,1979.280352,1979.280352,1979.280352,4663.199607,4663.199607,4663.199607,4663.199607,4663.199607
12/17/1995,1536.673749,1639.589682,1672.087755,1681.622683,1682.796576,1672.087755,4141.256398,4024.795334,4727.774567,4175.315083,4196.148638,4727.774567,4285.497326,4559.10021,4727.774567,4472.993787,4541.577039,4727.774567,644.2819886,640.7153261,0.001001968,0.001005531,0.001008742,0.001011081,1908.266066,1908.266066,1908.266066,4606.524488,4606.524488,4606.524488,4606.524488,4606.524488
12/18/1995,1492.947715,1587.587339,1624.979755,1638.458621,1639.589682,1624.979755,3761.855159,3913.599545,4286.902974,3804.02848,4024.795334,4286.902974,3917.229186,4196.148638,4286.902974,4058.721545,4559.10021,4286.902974,630.8914423,627.4101842,0.001001968,0.001005531,0.001008742,0.001011081,1843.169823,1843.169823,1843.169823,4546.814701,4546.814701,4546.814701,4546.814701,4546.814701
12/19/1995,1443.23332,1533.779584,1570.694089,1586.499119,1587.587339,1570.694089,3836.880528,3808.158574,4377.770052,3876.722079,3913.599545,4377.770052,3985.597344,4024.795334,4377.770052,4086.900462,4196.148638,4377.770052,611.8163119,608.4562949,0.001001968,0.001005531,0.001008742,0.001011081,1782.522535,1782.522535,1782.522535,4528.71237,4528.71237,4528.71237,4528.71237,4528.71237
12/20/1995,1394.436303,1483.747774,1517.302164,1532.734002,1533.779584,1517.302164,3570.506023,3677.649566,4061.757194,3612.874532,3808.158574,4061.757194,3724.954002,3913.599545,4061.757194,3815.589558,4024.795334,4061.757194,592.4576431,589.2201511,0.001001968,0.001005531,0.001008742,0.001011081,1725.160591,1725.160591,1725.160591,4488.122903,4488.122903,4488.122903,4488.122903,4488.122903
12/21/1995,1349.211322,1436.146529,1468.080004,1482.744475,1483.747774,1468.080004,3423.563648,3575.998301,3889.122993,3465.540284,3677.649566,3889.122993,3575.380564,3808.158574,3889.122993,3668.468084,3913.599545,3889.122993,575.7360535,572.6039626,0.001001968,0.001005531,0.001008742,0.001011081,1670.630036,1670.630036,1670.630036,4435.749654,4435.749654,4435.749654,4435.749654,4435.749654
12/22/1995,1306.151984,1390.53417,1421.255802,1435.185063,1436.146529,1421.255802,3294.99775,3470.980139,3743.641059,3335.308819,3575.998301,3743.641059,3441.272195,3677.649566,3743.641059,3563.5962,3808.158574,3743.641059,559.9625121,556.9294673,0.001001968,0.001005531,0.001008742,0.001011081,1618.202973,1618.202973,1618.202973,4365.48373,4365.48373,4365.48373,4365.48373,4365.48373
12/23/1995,1264.877498,1346.772111,1376.367932,1389.613912,1390.53417,1376.367932,3199.700497,3380.462579,3633.89303,3238.533818,3470.980139,3633.89303,3340.787466,3575.998301,3633.89303,3437.066525,3677.649566,3633.89303,544.768835,541.8308372,0.001001968,0.001005531,0.001008742,0.001011081,1568.493835,1568.493835,1568.493835,4207.45235,4207.45235,4207.45235,4207.45235,4207.45235
12/24/1995,1225.268164,1304.752685,1333.284059,1345.892233,1346.772111,1333.284059,3103.358829,3283.364311,3524.096315,3140.632831,3380.462579,3524.096315,3239.209578,3470.980139,3524.096315,3339.999086,3575.998301,3524.096315,530.1046463,527.258041,0.001001968,0.001005531,0.001008742,0.001011081,1520.185739,1520.185739,1520.185739,4036.870822,4036.870822,4036.870822,4036.870822,4036.870822
12/25/1995,1187.228432,1264.377869,1291.900767,1303.912428,1304.752685,1291.900767,3021.565179,3207.087884,3429.915728,3057.420382,3283.364311,3429.915728,3152.513636,3380.462579,3429.915728,3240.637039,3470.980139,3429.915728,515.9410637,513.1824026,0.001001968,0.001005531,0.001008742,0.001011081,1472.070515,1472.070515,1472.070515,3912.881401,3912.881401,3912.881401,3912.881401,3912.881401
12/26/1995,1150.671287,1225.557891,1252.123908,1263.576441,1264.377869,1252.123908,2932.613627,3122.29272,3328.948149,2966.981823,3207.087884,3328.948149,3058.641133,3283.364311,3328.948149,3154.758949,3380.462579,3328.948149,502.2518338,499.577857,0.001001968,0.001005531,0.001008742,0.001011081,1425.020821,1425.020821,1425.020821,3760.617247,3760.617247,3760.617247,3760.617247,3760.617247
12/27/1995,1115.516529,1188.210492,1213.866709,1224.794182,1225.557891,1213.866709,2863.819974,3049.555792,3249.123063,2896.932143,3122.29272,3249.123063,2985.403946,3207.087884,3249.123063,3062.255805,3283.364311,3249.123063,489.0128134,486.4204333,0.001001968,0.001005531,0.001008742,0.001011081,1379.735925,1379.735925,1379.735925,3640.834816,3640.834816,3640.834816,3640.834816,3640.834816
12/28/1995,1081.691038,1152.259579,1177.050047,1187.483682,1188.210492,1177.050047,2785.314279,3047.838743,3159.893599,2817.050749,3049.555792,3159.893599,2902.343206,3122.29272,3159.893599,2990.064956,3207.087884,3159.893599,476.2017651,473.6880532,0.001001968,0.001005531,0.001008742,0.001011081,1336.274647,1336.274647,1336.274647,3533.047774,3533.047774,3533.047774,3533.047774,3533.047774
12/29/1995,1049.126783,1117.635505,1141.600333,1151.568593,1152.259579,1141.600333,2706.475901,3328.322913,3070.831255,2736.829457,3047.838743,3070.831255,2819.014323,3049.555792,3070.831255,2908.172575,3122.29272,3070.831255,463.7982021,461.3603764,0.001001968,0.001005531,0.001008742,0.001011081,1294.547313,1294.547313,1294.547313,3433.868423,3433.868423,3433.868423,3433.868423,3433.868423
12/30/1995,1017.761455,1084.272951,1107.450229,1116.979585,1117.635505,1107.450229,2646.61766,3406.169971,3001.714393,2675.775904,3328.322913,3001.714393,2755.05308,3047.838743,3001.714393,2826.689435,3049.555792,3001.714393,451.7835806,449.4189921,0.001001968,0.001005531,0.001008742,0.001011081,1254.456392,1254.456392,1254.456392,3340.727267,3340.727267,3340.727267,3340.727267,3340.727267
12/31/1995,987.5360094,1048.253253,1074.535943,1083.651041,1084.272951,1074.535943,2595.451891,3122.2674,2943.549021,2623.184868,3406.169971,2943.549021,2699.359332,3328.322913,2943.549021,2773.892601,3047.838743,2943.549021,440.1404732,437.8465974,0.001001968,0.001005531,0.001008742,0.001011081,1215.912087,1215.912087,1215.912087,3255.116714,3255.116714,3255.116714,3255.116714,3255.116714
1/1/1996,968.2985649,1049.793717,1051.902903,1047.66423,1048.253253,1051.902903,2602.074049,3054.786984,2950.908404,2614.341539,3122.2674,2950.908404,2685.890764,3406.169971,2950.908404,2763.419759,3328.322913,2950.908404,424.9586819,422.7566153,0.001001968,0.001005531,0.001008742,0.001011081,1178.297502,1178.297502,1178.297502,3182.130389,3182.130389,3182.130389,3182.130389,3182.130389
1/2/1996,971.6864551,1056.005711,1055.040718,1049.236555,1049.793717,1055.040718,2882.953376,2989.520143,3281.111761,2888.066633,3054.786984,3281.111761,2929.826804,3122.2674,3281.111761,2989.220826,3406.169971,3281.111761,424.1735032,421.9761723,0.001001968,0.001005531,0.001008742,0.001011081,1143.559232,1143.559232,1143.559232,3165.359394,3165.359394,3165.359394,3165.359394,3165.359394
1/3/1996,969.0358215,1025.913686,1051.72156,1055.4792,1056.005711,1051.72156,3002.216499,2904.25554,3417.794032,3014.697409,2989.520143,3417.794032,3045.973564,3054.786984,3417.794032,3070.545837,3122.2674,3417.794032,420.9294248,418.7516474,0.001001968,0.001005531,0.001008742,0.001011081,1114.364508,1114.364508,1114.364508,3179.873827,3179.873827,3179.873827,3179.873827,3179.873827
1/4/1996,940.3421339,997.8312853,1019.303135,1025.416859,1025.913686,1019.303135,2731.469757,2836.056125,3099.793008,2749.135317,2904.25554,3099.793008,2804.629275,2989.520143,3099.793008,2869.422042,3054.786984,3099.793008,403.8030015,401.7280953,0.001001968,0.001005531,0.001008742,0.001011081,1089.525512,1089.525512,1089.525512,3168.557151,3168.557151,3168.557151,3168.557151,3168.557151
1/5/1996,912.6919736,966.8312512,989.2171368,997.3631312,997.8312853,989.2171368,2610.382906,2804.429694,2961.19845,2630.220124,2836.056125,2961.19845,2689.510954,2904.25554,2961.19845,2770.635103,2989.520143,2961.19845,393.1086617,391.0976795,0.001001968,0.001005531,0.001008742,0.001011081,1066.587913,1066.587913,1066.587913,3152.107588,3152.107588,3152.107588,3152.107588,3152.107588
1/6/1996,884.1389897,937.6764154,958.062914,966.3906934,966.8312512,958.062914,2547.951076,2808.906881,2888.850095,2567.413345,2804.429694,2888.850095,2627.062323,2836.056125,2888.850095,2693.599416,2904.25554,2888.850095,381.5420775,379.5999537,0.001001968,0.001005531,0.001008742,0.001011081,1044.593412,1044.593412,1044.593412,3135.012608,3135.012608,3135.012608,3135.012608,3135.012608
1/7/1996,857.5679757,909.8726926,929.2375222,937.2625718,937.6764154,929.2375222,2521.212578,2846.367445,2853.166186,2540.392854,2808.906881,2853.166186,2598.813175,2804.429694,2853.166186,2628.876584,2836.056125,2853.166186,371.6032597,369.7200655,0.001001968,0.001005531,0.001008742,0.001011081,1023.296633,1023.296633,1023.296633,3121.248276,3121.248276,3121.248276,3121.248276,3121.248276
1/8/1996,832.2269238,883.0751316,901.7880068,909.4846119,909.8726926,901.7880068,2531.211501,2708.187314,2855.677009,2550.496262,2846.367445,2855.677009,2607.561423,2808.906881,2855.677009,2602.479352,2804.429694,2855.677009,362.3085531,360.4802645,0.001001968,0.001005531,0.001008742,0.001011081,1003.176872,1003.176872,1003.176872,3108.62464,3108.62464,3108.62464,3108.62464,3108.62464
1/9/1996,807.8028635,857.2152524,875.3292532,882.7118696,883.0751316,875.3292532,2572.420039,2643.861649,2890.379656,2592.230001,2708.187314,2890.379656,2648.278105,2846.367445,2890.379656,2611.212761,2808.906881,2890.379656,353.3055058,351.5302061,0.001001968,0.001005531,0.001008742,0.001011081,982.1848778,982.1848778,982.1848778,3059.286345,3059.286345,3059.286345,3059.286345,3059.286345
1/10/1996,784.2344899,832.2515851,849.7916919,856.8758609,857.2152524,849.7916919,2441.544368,2525.809038,2749.632173,2459.718993,2643.861649,2749.632173,2513.217133,2708.187314,2749.632173,2652.590287,2846.367445,2749.632173,344.556887,342.8328915,0.001001968,0.001005531,0.001008742,0.001011081,957.5603944,957.5603944,957.5603944,2970.118391,2970.118391,2970.118391,2970.118391,2970.118391
1/11/1996,761.4840567,808.1453837,825.134849,831.9352251,832.2515851,825.134849,2355.62418,2494.265427,2655.177687,2372.724831,2525.809038,2655.177687,2424.120827,2643.861649,2655.177687,2518.249838,2708.187314,2655.177687,336.0526718,334.3783659,0.001001968,0.001005531,0.001008742,0.001011081,930.4048705,930.4048705,930.4048705,2906.186663,2906.186663,2906.186663,2906.186663,2906.186663
1/12/1996,739.5165282,784.8616984,801.3212458,807.8512267,808.1453837,801.3212458,2264.774504,2409.102535,2556.013896,2280.739957,2494.265427,2556.013896,2330.033432,2525.809038,2556.013896,2429.71501,2643.861649,2556.013896,327.7841282,326.1579589,0.001001968,0.001005531,0.001008742,0.001011081,903.0920087,903.0920087,903.0920087,2846.086074,2846.086074,2846.086074,2846.086074,2846.086074
1/13/1996,718.2995468,762.3653309,778.3163961,784.5889564,784.8616984,778.3163961,2264.603739,2352.636199,2553.378854,2279.749099,2409.102535,2553.378854,2326.969577,2494.265427,2553.378854,2359.422336,2525.809038,2553.378854,319.7438194,318.1642877,0.001001968,0.001005531,0.001008742,0.001011081,876.5047026,876.5047026,876.5047026,2796.26028,2796.26028,2796.26028,2796.26028,2796.26028
1/14/1996,697.8012602,739.9658705,756.0861617,762.1132271,762.3653309,756.0861617,2169.090347,2110.31668,2447.094238,2183.983228,2352.636199,2447.094238,2229.292512,2409.102535,2447.094238,2316.678558,2494.265427,2447.094238,311.9234602,310.3891249,0.001001968,0.001005531,0.001008742,0.001011081,850.8176461,850.8176461,850.8176461,2736.364157,2736.364157,2736.364157,2736.364157,2736.364157
1/15/1996,679.2376176,721.84627,735.7155605,739.7334771,739.9658705,735.7155605,2107.577106,4592.123087,2377.721441,2119.89408,2110.31668,2377.721441,2163.406007,2352.636199,2377.721441,2233.889928,2409.102535,2377.721441,303.6594928,302.1727359,0.001001968,0.001005531,0.001008742,0.001011081,825.9268018,825.9268018,825.9268018,2666.352675,2666.352675,2666.352675,2666.352675,2666.352675
1/16/1996,661.5818184,701.4396305,716.6529062,721.632893,721.84627,716.6529062,2046.534466,11899.16835,2309.764955,2059.340831,4592.123087,2309.764955,2099.630672,2110.31668,2309.764955,2169.066805,2352.636199,2309.764955,297.3753374,295.9246326,0.001001968,0.001005531,0.001008742,0.001011081,802.0492116,802.0492116,802.0492116,2581.555588,2581.555588,2581.555588,2581.555588,2581.555588
1/17/1996,643.6513868,682.3064987,697.0147948,701.2445794,701.4396305,697.0147948,2016.290322,25597.86482,2274.662325,2027.770812,11899.16835,2274.662325,2067.41426,4592.123087,2274.662325,2115.067149,2110.31668,2274.662325,289.4993612,288.0936805,0.001001968,0.001005531,0.001008742,0.001011081,779.1452998,779.1452998,779.1452998,2512.012177,2512.012177,2512.012177,2512.012177,2512.012177
1/18/1996,448.8268359,2861.065878,467.6767455,504.1697129,682.3064987,467.6767455,1711.289696,30770.63519,1889.709319,1744.694467,25597.86482,1889.709319,1750.112327,11899.16835,1889.709319,1927.509865,4592.123087,1889.709319,101.3804256,100.9783319,0.001001968,0.001005531,0.001008742,0.001011081,731.5897847,731.5897847,731.5897847,2431.669984,2431.669984,2431.669984,2431.669984,2431.669984
1/19/1996,2186.326595,7786.259176,2353.089548,1991.76864,2861.065878,2353.089548,11152.67865,27085.5377,12126.22128,10941.29704,30770.63519,12126.22128,10243.39269,25597.86482,12126.22128,3861.945625,11899.16835,12126.22128,570.6041223,567.504297,0.001001968,0.001005531,0.001008742,0.001011081,782.6895932,782.6895932,782.6895932,3528.642989,3528.642989,3528.642989,3528.642989,3528.642989
1/20/1996,12954.06882,22101.41737,13862.83062,8186.731872,7786.259176,13862.83062,30289.63989,28474.8822,33762.87562,25080.4773,27085.5377,33762.87562,22700.75671,30770.63519,33762.87562,17241.5359,25597.86482,33762.87562,2888.429209,2868.74967,0.001001968,0.001005531,0.001008742,0.001011081,1424.776031,1424.776031,1424.776031,6186.642271,6186.642271,6186.642271,6186.642271,6186.642271
1/21/1996,21709.19102,22931.2026,25028.82044,22385.33993,22101.41737,25028.82044,38939.68337,27722.63985,46811.95171,37388.47432,28474.8822,46811.95171,34924.29248,27085.5377,46811.95171,28144.53531,30770.63519,46811.95171,12065.72678,11968.83759,0.001001968,0.001005531,0.001008742,0.001011081,3741.79237,3741.79237,3741.79237,9747.766886,9747.766886,9747.766886,9747.766886,9747.766886
1/22/1996,16161.63213,8684.517734,19511.39911,22972.29904,22931.2026,19511.39911,30853.72791,23254.29406,38438.20044,35325.70471,27722.63985,38438.20044,37810.95748,28474.8822,38438.20044,34063.36805,27085.5377,38438.20044,12476.52344,12375.98011,0.001001968,0.001005531,0.001008742,0.001011081,6836.371012,6836.371012,6836.371012,14080.83321,14080.83321,14080.83321,14080.83321,14080.83321
1/23/1996,5342.263956,5225.046023,5858.71821,8667.714997,8684.517734,5858.71821,12194.53001,22669.23942,13997.57914,15136.73654,23254.29406,13997.57914,19400.66895,27722.63985,13997.57914,30114.93114,28474.8822,13997.57914,2165.177406,2150.956891,0.001001968,0.001005531,0.001008742,0.001011081,8526.153604,8526.153604,8526.153604,18136.23937,18136.23937,18136.23937,18136.23937,18136.23937
1/24/1996,3894.139141,7186.199647,4200.895596,4895.698334,5225.046023,4200.895596,8712.209366,30615.48157,9752.767902,9516.998356,22669.23942,9752.767902,12632.49485,23254.29406,9752.767902,17304.21141,27722.63985,9752.767902,1277.950838,1270.131198,0.001001968,0.001005531,0.001008742,0.001011081,9537.947091,9537.947091,9537.947091,21324.05959,21324.05959,21324.05959,21324.05959,21324.05959
1/25/1996,6576.126967,7546.297624,7481.551965,7311.915397,7186.199647,7481.551965,20196.90435,32234.75455,23924.90572,20239.5139,30615.48157,23924.90572,20931.15741,22669.23942,23924.90572,21061.82794,23254.29406,23924.90572,3458.298585,3434.2062,0.001001968,0.001005531,0.001008742,0.001011081,10525.62799,10525.62799,10525.62799,24151.85375,24151.85375,24151.85375,24151.85375,24151.85375
1/26/1996,6515.99015,9925.248051,7412.264108,7468.225482,7546.297624,7412.264108,19171.45784,30737.89038,22799.9301,19409.26511,32234.75455,22799.9301,19804.54394,30615.48157,22799.9301,21071.70159,22669.23942,22799.9301,3539.003048,3514.278925,0.001001968,0.001005531,0.001008742,0.001011081,11394.65015,11394.65015,11394.65015,25588.01031,25588.01031,25588.01031,25588.01031,25588.01031
1/27/1996,8233.355181,13117.48606,9610.115245,9277.320426,9925.248051,9610.115245,23900.21661,25879.54937,28146.77084,24039.99675,30737.89038,28146.77084,25215.38968,32234.75455,28146.77084,19170.63682,30615.48157,28146.77084,5285.177303,5246.449561,0.001001968,0.001005531,0.001008742,0.001011081,11967.49428,11967.49428,11967.49428,26273.73361,26273.73361,26273.73361,26273.73361,26273.73361
1/28/1996,12327.96121,13136.06279,14323.64257,13459.31803,13117.48606,14323.64257,36313.89118,21275.32961,43217.17932,36058.03989,25879.54937,43217.17932,35828.85293,30737.89038,43217.17932,33436.74451,32234.75455,43217.17932,7124.261022,7070.246478,0.001001968,0.001005531,0.001008742,0.001011081,11225.67902,11225.67902,11225.67902,27537.30088,27537.30088,27537.30088,27537.30088,27537.30088
1/29/1996,12760.77805,13654.53914,14594.92276,13391.63464,13136.06279,14594.92276,29005.43523,17985.18583,34550.38214,28347.60185,21275.32961,34550.38214,29231.07243,25879.54937,34550.38214,32165.77559,30737.89038,34550.38214,6832.470743,6780.911677,0.001001968,0.001005531,0.001008742,0.001011081,9853.804082,9853.804082,9853.804082,27385.14709,27385.14709,27385.14709,27385.14709,27385.14709
1/30/1996,11151.31577,9016.340219,13119.82935,13710.63019,13654.53914,13119.82935,22210.3057,14931.15098,26964.03485,23414.37651,17985.18583,26964.03485,25236.28745,21275.32961,26964.03485,25580.27631,25879.54937,26964.03485,7540.714903,7483.178297,0.001001968,0.001005531,0.001008742,0.001011081,10033.376,10033.376,10033.376,26993.49582,26993.49582,26993.49582,26993.49582,26993.49582
1/31/1996,6856.893221,5726.996296,7837.544945,9051.517499,9016.340219,7837.544945,16282.07006,12266.98225,19323.23679,17754.79757,14931.15098,19323.23679,19481.12483,17985.18583,19323.23679,24056.54313,21275.32961,19323.23679,3934.479348,3906.637508,0.001001968,0.001005531,0.001008742,0.001011081,10351.68485,10351.68485,10351.68485,26978.50468,26978.50468,26978.50468,26978.50468,26978.50468
2/1/1996,4762.217097,5134.442213,5267.981393,5751.069786,5726.996296,5267.981393,10292.45467,10803.98066,11862.18313,10930.95611,12266.98225,11862.18313,12738.15651,14931.15098,11862.18313,16062.70022,17985.18583,11862.18313,2100.583085,2086.840987,0.001001968,0.001005531,0.001008742,0.001011081,10314.64296,10314.64296,10314.64296,26601.29234,26601.29234,26601.29234,26601.29234,26601.29234
2/2/1996,4390.426261,4616.036148,4904.090293,5151.579823,5134.442213,4904.090293,10582.57381,9812.144179,12336.16077,10961.46144,10803.98066,12336.16077,11964.92326,12266.98225,12336.16077,13705.66317,14931.15098,12336.16077,2157.970344,2143.80329,0.001001968,0.001005531,0.001008742,0.001011081,10102.83435,10102.83435,10102.83435,25845.89747,25845.89747,25845.89747,25845.89747,25845.89747
2/3/1996,3981.739519,4162.896746,4456.130404,4628.611459,4616.036148,4456.130404,10185.64773,9063.920051,11905.44101,10466.69531,9812.144179,11905.44101,11160.11165,10803.98066,11905.44101,12235.66838,12266.98225,11905.44101,2016.548712,2003.426473,0.001001968,0.001005531,0.001008742,0.001011081,9486.547275,9486.547275,9486.547275,23925.58685,23925.58685,23925.58685,23925.58685,23925.58685
2/4/1996,3613.430148,3799.926364,4041.341724,4172.347659,4162.896746,4041.341724,8849.130853,8467.84993,10314.24862,9087.905543,9063.920051,10314.24862,9664.120323,9812.144179,10314.24862,10445.14103,10803.98066,10314.24862,1840.040614,1828.21048,0.001001968,0.001005531,0.001008742,0.001011081,8434.256724,8434.256724,8434.256724,20325.23826,20325.23826,20325.23826,20325.23826,20325.23826
2/5/1996,3314.043117,3504.945947,3703.959756,3807.167749,3799.926364,3703.959756,8053.939247,8181.862246,9370.53816,8257.919924,8467.84993,9370.53816,8752.807772,9063.920051,9370.53816,9350.547299,9812.144179,9370.53816,1694.138046,1683.365135,0.001001968,0.001005531,0.001008742,0.001011081,7177.441771,7177.441771,7177.441771,17231.99705,17231.99705,17231.99705,17231.99705,17231.99705
2/6/1996,3067.886811,3259.524329,3427.043802,3510.583113,3504.945947,3427.043802,7494.283855,7944.196602,8708.347173,7670.965971,8181.862246,8708.347173,8104.612107,8467.84993,8708.347173,8591.129921,9063.920051,8708.347173,1575.158865,1565.2402,0.001001968,0.001005531,0.001008742,0.001011081,5728.934377,5728.934377,5728.934377,14554.31568,14554.31568,14554.31568,14554.31568,14554.31568
2/7/1996,2861.137704,3051.127538,3194.830451,3263.971349,3259.524329,3194.830451,7041.197528,7663.115048,8173.231189,7196.801535,7944.196602,8173.231189,7583.476657,8181.862246,8173.231189,7994.494571,8467.84993,8173.231189,1476.031803,1466.819026,0.001001968,0.001005531,0.001008742,0.001011081,4783.228253,4783.228253,4783.228253,12283.04223,12283.04223,12283.04223,12283.04223,12283.04223
2/8/1996,2684.207184,2922.485884,2996.370622,3054.675446,3051.127538,2996.370622,6652.681887,7516.165345,7716.665958,6791.466513,7663.115048,7716.665958,7140.873824,7944.196602,7716.665958,7506.838897,8181.862246,7716.665958,1391.727966,1383.111071,0.001001968,0.001005531,0.001008742,0.001011081,4212.379739,4212.379739,4212.379739,10683.49322,10683.49322,10683.49322,10683.49322,10683.49322
2/9/1996,2584.319607,2781.685433,2889.049428,2925.344425,2922.485884,2889.049428,6554.208306,7175.036293,7610.512298,6666.554154,7516.165345,7610.512298,6986.76082,7663.115048,7610.512298,7255.888334,7944.196602,7610.512298,1364.713713,1356.286853,0.001001968,0.001005531,0.001008742,0.001011081,3818.494289,3818.494289,3818.494289,9658.960221,9658.960221,9658.960221,9658.960221,9658.960221
2/10/1996,2454.358634,2732.87603,2742.922162,2784.008413,2781.685433,2742.922162,6448.976865,6913.271907,7487.557314,6558.162662,7175.036293,7487.557314,6838.373078,7516.165345,7487.557314,7110.51758,7663.115048,7487.557314,1301.292014,1293.309498,0.001001968,0.001005531,0.001008742,0.001011081,3514.120012,3514.120012,3514.120012,8965.487216,8965.487216,8965.487216,8965.487216,8965.487216
2/11/1996,2456.969704,2708.064571,2746.539151,2734.777951,2732.87603,2746.539151,6337.791486,6703.556743,7358.874882,6396.133019,6913.271907,7358.874882,6657.190113,7175.036293,7358.874882,6850.803187,7516.165345,7358.874882,1306.533429,1298.514289,0.001001968,0.001005531,0.001008742,0.001011081,3278.550127,3278.550127,3278.550127,8451.466764,8451.466764,8451.466764,8451.466764,8451.466764
2/12/1996,2402.561765,2590.135623,2688.924065,2709.632197,2708.064571,2688.924065,6281.165798,6414.45199,7300.231581,6369.26334,6703.556743,7300.231581,6587.413865,6913.271907,7300.231581,6771.280883,7175.036293,7300.231581,1296.44988,1288.501183,0.001001968,0.001005531,0.001008742,0.001011081,3093.941158,3093.941158,3093.941158,8068.470803,8068.470803,8068.470803,8068.470803,8068.470803
2/13/1996,2287.21034,2461.743539,2558.657836,2591.436046,2590.135623,2558.657836,5925.015429,6152.920224,6881.321892,6022.526049,6414.45199,6881.321892,6275.090161,6703.556743,6881.321892,6482.154342,6913.271907,6881.321892,1237.00146,1229.466686,0.001001968,0.001005531,0.001008742,0.001011081,2946.401602,2946.401602,2946.401602,7755.418504,7755.418504,7755.418504,7755.418504,7755.418504
2/14/1996,2174.669659,2346.69435,2430.878998,2462.828707,2461.743539,2430.878998,5642.978278,5916.077988,6548.492518,5735.76525,6152.920224,6548.492518,5985.383894,6414.45199,6548.492518,6223.089654,6703.556743,6548.492518,1175.216093,1168.108933,0.001001968,0.001005531,0.001008742,0.001011081,2821.076231,2821.076231,2821.076231,7492.357639,7492.357639,7492.357639,7492.357639,7492.357639
2/15/1996,2074.774142,2242.540717,2318.169815,2347.605417,2346.69435,2318.169815,5447.439403,5698.058064,6319.066312,5533.429699,5916.077988,6319.066312,5769.086786,6152.920224,6319.066312,5994.905706,6414.45199,6319.066312,1123.238075,1116.488516,0.001001968,0.001005531,0.001008742,0.001011081,2711.749416,2711.749416,2711.749416,7269.498878,7269.498878,7269.498878,7269.498878,7269.498878
2/16/1996,1984.364536,2147.199686,2216.472266,2243.310082,2242.540717,2216.472266,5223.040901,5716.662035,6055.662037,5303.616796,5698.058064,6055.662037,5526.459306,5916.077988,6055.662037,5739.568277,6152.920224,6055.662037,1077.342447,1070.906941,0.001001968,0.001005531,0.001008742,0.001011081,2608.211219,2608.211219,2608.211219,7037.48256,7037.48256,7037.48256,7037.48256,7037.48256
2/17/1996,1901.361308,2058.991304,2123.25222,2147.853397,2147.199686,2123.25222,5021.618551,8785.90384,5819.814631,5097.274837,5716.662035,5819.814631,5308.111979,5698.058064,5819.814631,5508.181433,5916.077988,5819.814631,1035.657172,1029.505467,0.001001968,0.001005531,0.001008742,0.001011081,2513.976811,2513.976811,2513.976811,6793.112323,6793.112323,6793.112323,6793.112323,6793.112323
2/18/1996,1824.394133,1976.922244,2036.874165,2059.550288,2058.991304,2036.874165,4846.868795,12629.74165,5614.548955,4918.080566,8785.90384,5614.548955,5117.979128,5716.662035,5614.548955,5299.443901,5698.058064,5614.548955,997.0993694,991.2089021,0.001001968,0.001005531,0.001008742,0.001011081,2416.801329,2416.801329,2416.801329,6552.468272,6552.468272,6552.468272,6552.468272,6552.468272
2/19/1996,1752.65081,1908.915663,1956.401115,1977.403724,1976.922244,1956.401115,4676.185283,15352.38647,5415.633227,4743.236354,12629.74165,5415.633227,4933.062154,8785.90384,5415.633227,5113.864933,5716.662035,5415.633227,961.1806803,955.5324278,0.001001968,0.001005531,0.001008742,0.001011081,2316.74593,2316.74593,2316.74593,6297.704006,6297.704006,6297.704006,6297.704006,6297.704006
2/20/1996,1703.750034,2813.845707,1899.722079,1902.25639,1908.915663,1899.722079,4781.033825,18079.61897,5531.026232,4824.358067,15352.38647,5531.026232,5001.274008,12629.74165,5531.026232,5107.934711,8785.90384,5531.026232,929.1537742,923.7205293,0.001001968,0.001005531,0.001008742,0.001011081,2216.438653,2216.438653,2216.438653,6096.921654,6096.921654,6096.921654,6096.921654,6096.921654
2/21/1996,2636.021521,4512.116212,2927.093772,2721.1869,2813.845707,2927.093772,9504.302606,19171.78927,10995.18894,9353.044027,18079.61897,10995.18894,9065.526835,15352.38647,10995.18894,7777.122869,12629.74165,10995.18894,1269.746452,1261.983978,0.001001968,0.001005531,0.001008742,0.001011081,2181.466432,2181.466432,2181.466432,6512.378708,6512.378708,6512.378708,6512.378708,6512.378708
2/22/1996,5098.784644,7535.817918,5624.403523,4500.19958,4512.116212,5624.403523,15222.53556,19535.14116,17741.11565,14193.07671,19171.78927,17741.11565,13718.56966,18079.61897,17741.11565,12356.25432,15352.38647,17741.11565,2151.327411,2137.209615,0.001001968,0.001005531,0.001008742,0.001011081,2369.042706,2369.042706,2369.042706,7602.034287,7602.034287,7602.034287,7602.034287,7602.034287
2/23/1996,7791.473033,9732.694408,8774.808202,7449.6248,7535.817918,8774.808202,18623.83446,21211.21483,22001.79115,17546.28406,19535.14116,22001.79115,17180.68214,19171.78927,22001.79115,14974.07894,18079.61897,22001.79115,3951.87763,3923.897829,0.001001968,0.001005531,0.001008742,0.001011081,2941.650428,2941.650428,2941.650428,9087.861566,9087.861566,9087.861566,9087.861566,9087.861566
2/24/1996,9189.102115,9917.115998,10388.02447,9719.70682,9732.694408,10388.02447,21155.50484,21088.37064,25074.73709,20818.8155,21211.21483,25074.73709,20382.17008,19535.14116,25074.73709,18401.90543,19171.78927,25074.73709,4721.455739,4687.312055,0.001001968,0.001005531,0.001008742,0.001011081,3814.777148,3814.777148,3814.777148,11102.42463,11102.42463,11102.42463,11102.42463,11102.42463
2/25/1996,9246.17979,10219.48001,10305.97289,9917.834537,9917.115998,10305.97289,19845.3622,23162.94626,23255.47414,19753.48654,21088.37064,23255.47414,19899.15745,21211.21483,23255.47414,19474.18456,19535.14116,23255.47414,4206.438952,4176.43327,0.001001968,0.001005531,0.001008742,0.001011081,4830.440738,4830.440738,4830.440738,13409.55389,13409.55389,13409.55389,13409.55389,13409.55389
2/26/1996,9470.999329,10177.80439,10537.64836,10220.29341,10219.48001,10537.64836,18237.29855,21417.1862,21289.40166,18248.07916,23162.94626,21289.40166,18885.46771,21088.37064,21289.40166,18593.28641,21211.21483,21289.40166,4251.181325,4220.818191,0.001001968,0.001005531,0.001008742,0.001011081,5963.443335,5963.443335,5963.443335,15675.58962,15675.58962,15675.58962,15675.58962,15675.58962
2/27/1996,9064.851186,10508.70694,10038.93521,10099.91351,10177.80439,10038.93521,18484.51652,19565.95243,21579.71411,18808.3573,21417.1862,21579.71411,19363.27088,23162.94626,21579.71411,19953.76652,21088.37064,21579.71411,3916.001558,3888.306168,0.001001968,0.001005531,0.001008742,0.001011081,7096.259787,7096.259787,7096.259787,17980.68473,17980.68473,17980.68473,17980.68473,17980.68473
2/28/1996,9587.474732,10828.81408,10633.05673,10511.07605,10508.70694,10633.05673,18704.056,18030.64784,21839.34994,18909.92101,19565.95243,21839.34994,19685.29731,21417.1862,21839.34994,19225.47162,23162.94626,21839.34994,4137.272327,4107.818427,0.001001968,0.001005531,0.001008742,0.001011081,8255.882968,8255.882968,8255.882968,19659.99889,19659.99889,19659.99889,19659.99889,19659.99889
2/29/1996,9602.64242,9591.58991,10693.4925,10854.92767,10828.81408,10693.4925,20277.29196,15941.55069,23839.66437,20718.35792,18030.64784,23839.66437,21407.07562,19565.95243,23839.66437,21778.75993,21417.1862,23839.66437,4327.562079,4296.587806,0.001001968,0.001005531,0.001008742,0.001011081,9252.283263,9252.283263,9252.283263,20991.04797,20991.04797,20991.04797,20991.04797,20991.04797
3/1/1996,7532.851776,6583.837544,8425.854031,9601.290153,9591.58991,8425.854031,15979.31849,13704.25163,18777.15701,17390.91037,15941.55069,18777.15701,18597.91676,18030.64784,18777.15701,19632.10909,19565.95243,18777.15701,3616.742856,3591.408721,0.001001968,0.001005531,0.001008742,0.001011081,9794.697278,9794.697278,9794.697278,21684.25456,21684.25456,21684.25456,21684.25456,21684.25456
3/2/1996,5447.339497,5744.606752,5921.625252,6590.72743,6583.837544,5921.625252,12527.30747,14646.59171,14433.7233,13297.63093,13704.25163,14433.7233,14968.26289,15941.55069,14433.7233,17468.96702,18030.64784,14433.7233,1980.098419,1967.244128,0.001001968,0.001005531,0.001008742,0.001011081,9742.073955,9742.073955,9742.073955,21526.749,21526.749,21526.749,21526.749,21526.749
3/3/1996,4915.181223,5233.857004,5376.686096,5750.028464,5744.606752,5376.686096,11308.81568,16467.65788,13062.89796,11787.6999,14646.59171,13062.89796,12904.37168,13704.25163,13062.89796,14572.15917,15941.55069,13062.89796,1944.986963,1932.390238,0.001001968,0.001005531,0.001008742,0.001011081,9360.460572,9360.460572,9360.460572,20679.69033,20679.69033,20679.69033,20679.69033,20679.69033
3/4/1996,4530.937516,4805.440525,4982.367224,5238.191396,5233.857004,4982.367224,11007.27839,14007.80781,12780.11538,11356.1627,16467.65788,12780.11538,12137.25267,14646.59171,12780.11538,13248.47867,13704.25163,12780.11538,1917.374421,1904.979873,0.001001968,0.001005531,0.001008742,0.001011081,8754.970763,8754.970763,8754.970763,19567.19622,19567.19622,19567.19622,19567.19622,19567.19622
3/5/1996,4182.977965,4935.426832,4610.603896,4801.757812,4805.440525,4610.603896,10069.58682,12060.40622,11679.7716,10357.12999,14007.80781,11679.7716,10999.95467,16467.65788,11679.7716,11714.8082,14646.59171,11679.7716,1830.713823,1818.951575,0.001001968,0.001005531,0.001008742,0.001011081,8079.405453,8079.405453,8079.405453,18221.35897,18221.35897,18221.35897,18221.35897,18221.35897
3/6/1996,4312.403007,4470.828568,4811.688899,4933.375691,4935.426832,4811.688899,12234.16491,10978.26237,14346.1951,12467.42015,12060.40622,14346.1951,12965.7162,14007.80781,14346.1951,12818.38711,16467.65788,14346.1951,2094.050801,2080.35699,0.001001968,0.001005531,0.001008742,0.001011081,7318.056477,7318.056477,7318.056477,17161.39123,17161.39123,17161.39123,17161.39123,17161.39123
3/7/1996,3936.60587,4209.677365,4359.1789,4474.371646,4470.828568,4359.1789,13702.59314,10169.67884,16092.9002,13844.61424,10978.26237,16092.9002,14231.16051,12060.40622,16092.9002,15032.71082,14007.80781,16092.9002,1801.658531,1790.107505,0.001001968,0.001005531,0.001008742,0.001011081,6453.047375,6453.047375,6453.047375,16132.45848,16132.45848,16132.45848,16132.45848,16132.45848
3/8/1996,3717.224539,3933.643411,4115.060035,4212.162862,4209.677365,4115.060035,10901.65718,9616.55308,12707.44797,11064.76214,10169.67884,12707.44797,11479.28253,10978.26237,12707.44797,12089.92958,12060.40622,12707.44797,1708.823631,1697.944776,0.001001968,0.001005531,0.001008742,0.001011081,5634.585758,5634.585758,5634.585758,15020.81788,15020.81788,15020.81788,15020.81788,15020.81788
3/9/1996,3479.217058,3696.375978,3850.072006,3935.495074,3933.643411,3850.072006,9415.829949,9242.123936,10940.37376,9577.23731,9616.55308,10940.37376,9997.598928,10169.67884,10940.37376,10575.86728,10978.26237,10940.37376,1606.563338,1596.419916,0.001001968,0.001005531,0.001008742,0.001011081,5086.354487,5086.354487,5086.354487,13951.59946,13951.59946,13951.59946,13951.59946,13951.59946
3/10/1996,3275.495317,3491.945264,3624.643464,3697.928649,3696.375978,3624.643464,8622.018391,8632.854341,10002.25308,8772.096245,9242.123936,10002.25308,9166.079372,9616.55308,10002.25308,9635.813102,10169.67884,10002.25308,1524.12387,1514.569313,0.001001968,0.001005531,0.001008742,0.001011081,4701.168313,4701.168313,4701.168313,13161.33092,13161.33092,13161.33092,13161.33092,13161.33092
3/11/1996,3099.035566,3295.516706,3429.703608,3493.265858,3491.945264,3429.703608,8093.328019,8091.612689,9379.183585,8231.648977,8632.854341,9379.183585,8594.957005,9242.123936,9379.183585,8991.612302,9616.55308,9379.183585,1453.56777,1444.514185,0.001001968,0.001005531,0.001008742,0.001011081,4402.559259,4402.559259,4402.559259,12607.99224,12607.99224,12607.99224,12607.99224,12607.99224
3/12/1996,2936.011228,2988.727318,3246.716579,3296.648479,3295.516706,3246.716579,7696.456237,9759.521515,8914.34763,7815.471,8091.612689,8914.34763,8148.266439,8632.854341,8914.34763,8545.15569,9242.123936,8914.34763,1375.43944,1366.937183,0.001001968,0.001005531,0.001008742,0.001011081,4155.141999,4155.141999,4155.141999,12163.79666,12163.79666,12163.79666,12163.79666,12163.79666
3/13/1996,2751.652809,2715.848168,3011.972765,2989.354088,2988.727318,3011.972765,7483.449453,11265.76445,8617.865141,7512.889534,9759.521515,8617.865141,7779.959562,8091.612689,8617.865141,8188.879127,8632.854341,8617.865141,1164.781104,1157.745895,0.001001968,0.001005531,0.001008742,0.001011081,3872.002076,3872.002076,3872.002076,11440.26644,11440.26644,11440.26644,11440.26644,11440.26644
3/14/1996,2905.091473,3585.068683,3085.483889,2681.370145,2715.848168,3085.483889,7497.713652,11790.17824,8473.511779,7125.288656,11265.76445,8473.511779,7176.803588,9759.521515,8473.511779,7627.97359,8091.612689,8473.511779,804.4961289,799.8904786,0.001001968,0.001005531,0.001008742,0.001011081,3585.612265,3585.612265,3585.612265,10329.47036,10329.47036,10329.47036,10329.47036,10329.47036
3/15/1996,4691.405214,7489.265973,4912.924569,3500.493337,3585.068683,4912.924569,9216.26492,13159.01155,10212.5279,7870.700985,11790.17824,10212.5279,7341.805012,11265.76445,10212.5279,7094.770312,9759.521515,10212.5279,915.7092654,910.3659997,0.001001968,0.001005531,0.001008742,0.001011081,3366.053973,3366.053973,3366.053973,9551.271057,9551.271057,9551.271057,9551.271057,9551.271057
3/16/1996,7198.75861,7719.799818,8014.53909,7498.718914,7489.265973,8014.53909,13314.39574,13371.32469,15497.10754,13067.94627,13159.01155,15497.10754,12255.37377,11790.17824,15497.10754,9197.33231,11265.76445,15497.10754,3311.523466,3288.575871,0.001001968,0.001005531,0.001008742,0.001011081,3634.976698,3634.976698,3634.976698,9447.741918,9447.741918,9447.741918,9447.741918,9447.741918
3/17/1996,6114.411358,5222.994647,6879.972303,7724.512209,7719.799818,6879.972303,12937.07345,17622.4176,15218.70115,14000.28475,13371.32469,15218.70115,14230.98233,13159.01155,15218.70115,13246.68345,11790.17824,15218.70115,3157.027829,3135.279253,0.001001968,0.001005531,0.001008742,0.001011081,4131.126572,4131.126572,4131.126572,9881.55414,9881.55414,9881.55414,9881.55414,9881.55414
3/18/1996,4733.729807,6259.414802,5091.039302,5203.394121,5222.994647,5091.039302,9365.887549,21189.2005,10599.30314,9589.108366,17622.4176,10599.30314,10719.46168,13371.32469,10599.30314,12134.8126,13159.01155,10599.30314,1508.237253,1498.795743,0.001001968,0.001005531,0.001008742,0.001011081,4479.43016,4479.43016,4479.43016,10419.91936,10419.91936,10419.91936,10419.91936,10419.91936
3/19/1996,5546.679193,9304.751783,6010.496579,5592.925937,6259.414802,6010.496579,10358.42561,19876.92139,11784.59883,10087.91019,21189.2005,11784.59883,10519.43251,17622.4176,11784.59883,11070.52744,13371.32469,11784.59883,1942.17033,1929.594243,0.001001968,0.001005531,0.001008742,0.001011081,4800.524842,4800.524842,4800.524842,10904.12298,10904.12298,10904.12298,10904.12298,10904.12298
3/20/1996,9863.211137,13266.10926,10907.12943,9509.843242,9304.751783,10907.12943,17129.87093,18985.53107,19692.13987,16174.52533,19876.92139,19692.13987,15652.36465,21189.2005,19692.13987,12196.44451,17622.4176,19692.13987,3800.571065,3773.788852,0.001001968,0.001005531,0.001008742,0.001011081,5522.333688,5522.333688,5522.333688,11637.73573,11637.73573,11637.73573,11637.73573,11637.73573
3/21/1996,12143.37884,11741.70388,13848.59952,13466.57305,13266.10926,13848.59952,22553.35378,16843.21023,26808.28491,22747.18391,18985.53107,26808.28491,22684.56794,19876.92139,26808.28491,19278.00538,21189.2005,26808.28491,6435.090374,6386.858206,0.001001968,0.001005531,0.001008742,0.001011081,6853.15353,6853.15353,6853.15353,13320.15422,13320.15422,13320.15422,13320.15422,13320.15422
3/22/1996,9147.713563,7226.696531,10447.91837,11774.51351,11741.70388,10447.91837,19054.81846,13224.67829,22686.99023,20762.25106,16843.21023,22686.99023,21926.4481,18985.53107,22686.99023,22761.8383,19876.92139,22686.99023,5071.509443,5034.525534,0.001001968,0.001005531,0.001008742,0.001011081,8144.695861,8144.695861,8144.695861,15461.0596,15461.0596,15461.0596,15461.0596,15461.0596
3/23/1996,5991.958891,6256.248382,6556.335295,7248.726163,7226.696531,6556.335295,11950.5057,12874.38387,13701.36022,12824.02894,13224.67829,13701.36022,14942.10826,16843.21023,13701.36022,18337.13439,18985.53107,13701.36022,2280.673443,2265.593448,0.001001968,0.001005531,0.001008742,0.001011081,8565.444324,8565.444324,8565.444324,16842.33986,16842.33986,16842.33986,16842.33986,16842.33986
3/24/1996,5392.306187,6009.157258,5934.189567,6266.032798,6256.248382,5934.189567,10911.35232,13381.82866,12568.2296,11414.15168,12874.38387,12568.2296,12734.39282,13224.67829,12568.2296,14812.01821,16843.21023,12568.2296,2221.984752,2207.342136,0.001001968,0.001005531,0.001008742,0.001011081,8542.911661,8542.911661,8542.911661,17303.3722,17303.3722,17303.3722,17303.3722,17303.3722
3/25/1996,5298.751867,6347.126819,5832.476348,5804.903486,6009.157258,5832.476348,11669.3545,15402.17817,13506.00283,11784.90161,13381.82866,13506.00283,12603.77398,12874.38387,13506.00283,13770.4395,13224.67829,13506.00283,2202.931737,2188.430831,0.001001968,0.001005531,0.001008742,0.001011081,8567.66735,8567.66735,8567.66735,17371.45909,17371.45909,17371.45909,17371.45909,17371.45909
3/26/1996,6552.506663,8870.926571,7177.3283,6386.476216,6347.126819,7177.3283,11468.7133,15695.52177,13133.00282,10899.80407,15402.17817,13133.00282,11310.06046,13381.82866,13133.00282,11412.04322,12874.38387,13133.00282,2492.300894,2475.633292,0.001001968,0.001005531,0.001008742,0.001011081,8659.313234,8659.313234,8659.313234,17278.88188,17278.88188,17278.88188,17278.88188,17278.88188
3/27/1996,8241.655836,8318.866788,9325.606795,8943.968399,8870.926571,9325.606795,13439.68173,13785.68295,15844.79772,13436.92812,15695.52177,15844.79772,13603.04585,15402.17817,15844.79772,11960.10457,13381.82866,15844.79772,4303.716896,4272.933538,0.001001968,0.001005531,0.001008742,0.001011081,8662.992781,8662.992781,8662.992781,17067.51852,17067.51852,17067.51852,17067.51852,17067.51852
3/28/1996,6710.711662,5969.799893,7591.654971,8338.97217,8318.866788,7591.654971,12318.3797,12699.02625,14525.98412,13349.25288,13785.68295,14525.98412,13878.76437,15695.52177,14525.98412,14135.49334,15402.17817,14525.98412,3568.149222,3543.196562,0.001001968,0.001005531,0.001008742,0.001011081,8116.63939,8116.63939,8116.63939,16175.58388,16175.58388,16175.58388,16175.58388,16175.58388
3/29/1996,5087.858236,5594.057667,5588.116242,5971.066158,5969.799893,5588.116242,11153.65889,14943.06307,12886.31949,11668.80679,12699.02625,12886.31949,12880.41883,13785.68295,12886.31949,14260.22942,15695.52177,12886.31949,2079.050452,2065.467462,0.001001968,0.001005531,0.001008742,0.001011081,7394.176132,7394.176132,7394.176132,15183.80001,15183.80001,15183.80001,15183.80001,15183.80001
3/30/1996,4982.953539,5683.368498,5490.243431,5576.824527,5594.057667,5490.243431,11367.40652,16308.54064,13177.37466,11581.20026,14943.06307,13177.37466,12372.0595,12699.02625,13177.37466,13361.93057,13785.68295,13177.37466,2115.406273,2101.554535,0.001001968,0.001005531,0.001008742,0.001011081,6975.860081,6975.860081,6975.860081,14421.66652,14421.66652,14421.66652,14421.66652,14421.66652
3/31/1996,5284.990323,6480.417109,5844.913079,5639.671889,5683.368498,5844.913079,11040.55812,14458.08338,12794.06672,10995.68369,16308.54064,12794.06672,11598.52643,14943.06307,12794.06672,11934.87629,12699.02625,12794.06672,2333.029447,2317.558181,0.001001968,0.001005531,0.001008742,0.001011081,6782.41105,6782.41105,6782.41105,13826.0876,13826.0876,13826.0876,13826.0876,13826.0876
4/1/1996,5856.815427,7624.84141,6510.447188,6226.638258,6480.417109,6510.447188,11352.7255,13492.74921,13186.47087,11270.2195,14458.08338,13186.47087,11619.85835,16308.54064,13186.47087,11520.23624,14943.06307,13186.47087,2700.206095,2681.963888,0.001001968,0.001005531,0.001008742,0.001011081,6756.03716,6756.03716,6756.03716,13565.25287,13565.25287,13565.25287,13565.25287,13565.25287
4/2/1996,7283.535517,8653.063025,8155.165641,7687.3147,7624.84141,8155.165641,15215.41153,13794.74415,17834.18147,15014.1936,13492.74921,17834.18147,15257.73947,14458.08338,17834.18147,13970.53608,16308.54064,17834.18147,3455.757009,3431.684494,0.001001968,0.001005531,0.001008742,0.001011081,6890.073012,6890.073012,6890.073012,14056.92081,14056.92081,14056.92081,14056.92081,14056.92081
4/3/1996,7708.750984,7431.787523,8717.410294,8720.886978,8653.063025,8717.410294,16094.9217,13185.27464,19041.2976,16388.08807,13794.74415,19041.2976,16638.01228,13492.74921,19041.2976,16170.41449,14458.08338,19041.2976,4004.365032,3975.968633,0.001001968,0.001005531,0.001008742,0.001011081,6891.337272,6891.337272,6891.337272,14716.08799,14716.08799,14716.08799,14716.08799,14716.08799
4/4/1996,6111.836447,6255.242726,6841.434402,7395.781222,7431.787523,6841.434402,11660.08735,14121.33913,13609.64395,12451.2983,13185.27464,13609.64395,13257.33337,13794.74415,13609.64395,14052.67922,13492.74921,13609.64395,2964.448915,2944.185865,0.001001968,0.001005531,0.001008742,0.001011081,6816.80612,6816.80612,6816.80612,14875.57675,14875.57675,14875.57675,14875.57675,14875.57675
4/5/1996,5562.671485,6535.310079,6149.770073,6269.212556,6255.242726,6149.770073,9855.558049,14163.46574,11344.10395,10186.73049,14121.33913,11344.10395,11254.1798,13185.27464,11344.10395,12155.24762,13794.74415,11344.10395,2389.110909,2373.219423,0.001001968,0.001005531,0.001008742,0.001011081,6821.286585,6821.286585,6821.286585,14497.81921,14497.81921,14497.81921,14497.81921,14497.81921
4/6/1996,5628.268693,6178.924742,6293.348006,6432.082873,6535.310079,6293.348006,10627.60671,13728.02057,12382.57952,10986.91831,14163.46574,12382.57952,11672.5366,14121.33913,12382.57952,12136.99921,13185.27464,12382.57952,2711.145659,2692.820212,0.001001968,0.001005531,0.001008742,0.001011081,6903.058424,6903.058424,6903.058424,14187.48435,14187.48435,14187.48435,14187.48435,14187.48435
4/7/1996,5585.550878,7240.82892,6206.333554,6130.318321,6178.924742,6206.333554,10828.90082,12432.84913,12566.10103,10960.71668,13728.02057,12566.10103,11656.64361,14163.46574,12566.10103,11964.80669,14121.33913,12566.10103,2509.430861,2492.634064,0.001001968,0.001005531,0.001008742,0.001011081,6977.543944,6977.543944,6977.543944,14178.86268,14178.86268,14178.86268,14178.86268,14178.86268
4/8/1996,6505.33255,7111.49906,7381.678388,7285.328854,7240.82892,7381.678388,12721.3476,10547.40243,15027.55289,12909.14194,12432.84913,15027.55289,13498.69791,13728.02057,15027.55289,12871.61871,14163.46574,15027.55289,3490.03929,3465.698634,0.001001968,0.001005531,0.001008742,0.001011081,7136.824762,7136.824762,7136.824762,14431.62483,14431.62483,14431.62483,14431.62483,14431.62483
4/9/1996,6069.238938,5807.451669,6910.317753,7147.815921,7111.49906,6910.317753,12332.1877,8198.145125,14609.77989,12829.49394,10547.40243,14609.77989,13489.348,12432.84913,14609.77989,13775.27891,13728.02057,14609.77989,3384.026167,3360.513756,0.001001968,0.001005531,0.001008742,0.001011081,7121.568839,7121.568839,7121.568839,14237.74889,14237.74889,14237.74889,14237.74889,14237.74889
4/10/1996,5056.564614,5438.651338,5662.195792,5821.847332,5807.451669,5662.195792,10337.45271,9468.328059,12072.73873,10683.8775,8198.145125,12072.73873,11537.68983,10547.40243,12072.73873,12657.15032,12432.84913,12072.73873,2483.21447,2466.615357,0.001001968,0.001005531,0.001008742,0.001011081,6839.963527,6839.963527,6839.963527,13734.20275,13734.20275,13734.20275,13734.20275,13734.20275
4/11/1996,4735.2514,6054.609861,5267.475644,5294.555907,5438.651338,5267.475644,9041.271778,13703.8376,10477.94942,9246.823804,9468.328059,10477.94942,9900.47455,8198.145125,10477.94942,10726.20717,10547.40243,10477.94942,2199.718886,2185.241862,0.001001968,0.001005531,0.001008742,0.001011081,6542.285659,6542.285659,6542.285659,13275.32752,13275.32752,13275.32752,13275.32752,13275.32752
4/12/1996,5488.924884,9364.853494,5995.167873,5245.740018,6054.609861,5995.167873,9063.496764,19802.95289,10312.73538,8506.875055,13703.8376,10312.73538,8962.515321,9468.328059,10312.73538,9255.496674,8198.145125,10312.73538,2051.314234,2037.935911,0.001001968,0.001005531,0.001008742,0.001011081,6318.79413,6318.79413,6318.79413,12755.04928,12755.04928,12755.04928,12755.04928,12755.04928
4/13/1996,10616.76044,14083.01565,11782.3535,9364.242524,9364.853494,11782.3535,12786.62889,31376.7121,14674.45375,10902.39332,19802.95289,14674.45375,10876.14558,13703.8376,14674.45375,7739.203719,9468.328059,14674.45375,4294.050395,4263.344399,0.001001968,0.001005531,0.001008742,0.001011081,6567.665183,6567.665183,6567.665183,12190.38537,12190.38537,12190.38537,12190.38537,12190.38537
4/14/1996,13711.50479,14636.03817,15539.73533,14439.9282,14083.01565,15539.73533,17073.12533,30498.11071,20106.84988,16737.88547,31376.7121,20106.84988,15772.04032,19802.95289,20106.84988,12127.25518,13703.8376,20106.84988,6735.742777,6684.99538,0.001001968,0.001005531,0.001008742,0.001011081,7354.211496,7354.211496,7354.211496,12068.11038,12068.11038,12068.11038,12068.11038,12068.11038
4/15/1996,11653.81447,18318.79557,13108.14441,13559.43772,14636.03817,13108.14441,15874.031,27636.24765,18568.83076,16888.03389,30498.11071,18568.83076,17543.01734,31376.7121,18568.83076,16688.83018,19802.95289,18568.83076,5570.371919,5529.305179,0.001001968,0.001005531,0.001008742,0.001011081,8174.035329,8174.035329,8174.035329,12531.89087,12531.89087,12531.89087,12531.89087,12531.89087
4/16/1996,16608.51327,18254.69606,19163.55258,18648.81884,18318.79557,19163.55258,24804.81355,24108.00954,29600.40988,25389.24352,27636.24765,29600.40988,27132.95838,30498.11071,29600.40988,20031.90418,31376.7121,29600.40988,8985.969556,8916.064537,0.001001968,0.001005531,0.001008742,0.001011081,9737.361505,9737.361505,9737.361505,14123.00061,14123.00061,14123.00061,14123.00061,14123.00061
4/17/1996,16513.45692,15404.54374,18893.64705,18723.27951,18254.69606,18893.64705,32723.35693,20450.56943,39091.46916,33324.16665,24108.00954,39091.46916,34356.99938,27636.24765,39091.46916,35483.50681,30498.11071,39091.46916,8536.755924,8470.718056,0.001001968,0.001005531,0.001008742,0.001011081,11404.50505,11404.50505,11404.50505,17148.7981,17148.7981,17148.7981,17148.7981,17148.7981
4/18/1996,12896.67289,12072.23337,14686.3028,15420.15341,15404.54374,14686.3028,21446.93432,17602.96735,25398.38573,22812.81894,20450.56943,25398.38573,25360.98411,24108.00954,25398.38573,27945.64838,27636.24765,25398.38573,6726.786114,6676.113815,0.001001968,0.001005531,0.001008742,0.001011081,12960.55325,12960.55325,12960.55325,19786.30273,19786.30273,19786.30273,19786.30273,19786.30273
4/19/1996,9500.177958,9050.647174,10729.99982,11998.96083,12072.23337,10729.99982,16246.98158,15084.87714,19076.7577,17951.44765,17602.96735,19076.7577,20372.44574,20450.56943,19076.7577,24028.71694,24108.00954,19076.7577,4727.381831,4693.190243,0.001001968,0.001005531,0.001008742,0.001011081,14117.44207,14117.44207,14117.44207,22039.8097,22039.8097,22039.8097,22039.8097,22039.8097
4/20/1996,7418.026264,7944.959312,8237.491295,8957.806111,9050.647174,8237.491295,13173.89093,12894.95098,15234.22493,14190.16495,15084.87714,15234.22493,16364.76231,17602.96735,15234.22493,19643.08464,20450.56943,15234.22493,3158.161817,3136.404463,0.001001968,0.001005531,0.001008742,0.001011081,14427.77849,14427.77849,14427.77849,23773.71637,23773.71637,23773.71637,23773.71637,23773.71637
4/21/1996,6841.731898,7412.601021,7629.339074,8002.444645,7944.959312,7629.339074,12330.74039,13385.77318,14310.33707,12990.12671,12894.95098,14310.33707,14504.89147,15084.87714,14310.33707,16368.20245,17602.96735,14310.33707,3022.242286,3001.534514,0.001001968,0.001005531,0.001008742,0.001011081,14009.70885,14009.70885,14009.70885,24588.26952,24588.26952,24588.26952,24588.26952,24588.26952
4/22/1996,6335.775218,7024.730058,7107.523118,7386.407459,7412.601021,7107.523118,11960.24679,13302.91114,13967.33241,12504.85816,13385.77318,13967.33241,13635.13125,12894.95098,13967.33241,14876.34959,15084.87714,13967.33241,3004.603972,2984.032028,0.001001968,0.001005531,0.001008742,0.001011081,13298.31747,13298.31747,13298.31747,24269.38021,24269.38021,24269.38021,24269.38021,24269.38021
4/23/1996,5838.714922,6794.482852,6552.585471,6765.57793,7024.730058,6552.585471,10788.89283,12015.63916,12577.93392,11258.22742,13302.91114,12577.93392,12236.97372,13385.77318,12577.93392,13136.84844,12894.95098,12577.93392,2786.274391,2767.376279,0.001001968,0.001005531,0.001008742,0.001011081,11743.27477,11743.27477,11743.27477,22592.11165,22592.11165,22592.11165,22592.11165,22592.11165
4/24/1996,6191.689324,6645.777861,6995.493558,7071.530769,6794.482852,6995.493558,10513.71315,11000.21905,12249.15605,10922.71494,12015.63916,12249.15605,11787.93172,13302.91114,12249.15605,11475.67934,13385.77318,12249.15605,3045.921855,3025.031595,0.001001968,0.001005531,0.001008742,0.001011081,10230.77037,10230.77037,10230.77037,19387.232,19387.232,19387.232,19387.232,19387.232
4/25/1996,6139.624457,6309.63303,6946.25912,6810.755199,6645.777861,6946.25912,11298.81535,11178.48074,13248.12613,11448.87141,11000.21905,13248.12613,12213.28494,12015.63916,13248.12613,12910.91117,13302.91114,13248.12613,3179.170148,3157.250117,0.001001968,0.001005531,0.001008742,0.001011081,8875.607148,8875.607148,8875.607148,16880.41606,16880.41606,16880.41606,16880.41606,16880.41606
4/26/1996,5454.023758,5511.967159,6199.224774,6334.331413,6309.63303,6199.224774,10092.62414,11208.51436,11876.64569,10483.03162,11178.48074,11876.64569,11258.7645,11000.21905,11876.64569,11936.36274,12015.63916,11876.64569,3027.233012,3006.486792,0.001001968,0.001005531,0.001008742,0.001011081,7890.218342,7890.218342,7890.218342,14947.33773,14947.33773,14947.33773,14947.33773,14947.33773
4/27/1996,4759.870438,5066.349645,5361.979189,5532.536595,5511.967159,5361.979189,8820.109421,12020.20781,10287.56186,9201.285936,11208.51436,10287.56186,9921.039369,11178.48074,10287.56186,10795.90425,11000.21905,10287.56186,2477.677047,2461.11966,0.001001968,0.001005531,0.001008742,0.001011081,7213.676236,7213.676236,7213.676236,13555.48239,13555.48239,13555.48239,13555.48239,13555.48239
4/28/1996,4410.48184,5461.925057,4957.763,5076.193487,5066.349645,4957.763,8021.78075,16054.19198,9334.743783,8334.108719,12020.20781,9334.743783,9015.865826,11208.51436,9334.743783,9644.851314,11178.48074,9334.743783,2272.844693,2257.823117,0.001001968,0.001005531,0.001008742,0.001011081,6698.482152,6698.482152,6698.482152,12571.10656,12571.10656,12571.10656,12571.10656,12571.10656
4/29/1996,4587.981697,8454.469113,5225.404843,5295.765585,5461.925057,5225.404843,9176.172578,18820.78121,10788.67363,9461.614994,16054.19198,10788.67363,10132.40664,12020.20781,10788.67363,9885.989886,11208.51436,10788.67363,2640.549775,2622.760827,0.001001968,0.001005531,0.001008742,0.001011081,6342.559434,6342.559434,6342.559434,11971.56808,11971.56808,11971.56808,11971.56808,11971.56808
4/30/1996,7108.02706,9191.4639,8209.764105,7849.304357,8454.469113,8209.764105,12983.16475,16888.80221,15363.24955,13056.14219,18820.78121,15363.24955,13228.43529,16054.19198,15363.24955,10786.97645,12020.20781,15363.24955,4238.335017,4208.074555,0.001001968,0.001005531,0.001008742,0.001011081,6326.124079,6326.124079,6326.124079,11761.8619,11761.8619,11761.8619,11761.8619,11761.8619
5/1/1996,9399.272664,10428.88443,10614.71389,9478.38281,9191.4639,10614.71389,16599.9226,14048.13608,19218.62715,15998.74497,16888.80221,19218.62715,16127.09479,18820.78121,19218.62715,13769.60163,16054.19198,19218.62715,4383.431571,4352.009547,0.001001968,0.001005531,0.001008742,0.001011081,6516.761904,6516.761904,6516.761904,12157.01638,12157.01638,12157.01638,12157.01638,12157.01638
5/2/1996,9855.647612,10068.5816,11300.77305,10682.53107,10428.88443,11300.77305,16948.57468,12592.34254,20072.84187,16855.25944,14048.13608,20072.84187,17738.09242,16888.80221,20072.84187,17244.95351,18820.78121,20072.84187,5516.584952,5475.960312,0.001001968,0.001005531,0.001008742,0.001011081,7002.049837,7002.049837,7002.049837,12905.11609,12905.11609,12905.11609,12905.11609,12905.11609
5/3/1996,8016.688442,6551.346477,9343.32188,10076.93782,10068.5816,9343.32188,14943.14552,11934.99726,17966.09569,16114.74404,12592.34254,17966.09569,17317.70213,14048.13608,17966.09569,18163.84386,16888.80221,17966.09569,5229.938695,5191.662496,0.001001968,0.001005531,0.001008742,0.001011081,7521.059536,7521.059536,7521.059536,13749.3645,13749.3645,13749.3645,13749.3645,13749.3645
5/4/1996,5209.557251,5008.737719,5857.452894,6558.54909,6551.346477,5857.452894,10092.56534,11629.14442,11735.78342,11015.06768,11934.99726,11735.78342,12455.12832,12592.34254,11735.78342,15448.23371,14048.13608,11735.78342,2648.496318,2630.647059,0.001001968,0.001005531,0.001008742,0.001011081,7766.285045,7766.285045,7766.285045,14442.78981,14442.78981,14442.78981,14442.78981,14442.78981
5/5/1996,4270.398073,5383.296048,4706.451099,4932.907242,5008.737719,4706.451099,7277.158474,11995.90583,8265.20268,7679.617671,11629.14442,8265.20268,8813.468616,11934.99726,8265.20268,10778.36108,12592.34254,8265.20268,1804.548462,1792.976445,0.001001968,0.001005531,0.001008742,0.001011081,7823.278877,7823.278877,7823.278877,14765.47062,14765.47062,14765.47062,14765.47062,14765.47062
5/6/1996,4963.612287,6297.245351,5532.627193,5368.935454,5383.296048,5532.627193,9255.677759,11275.09903,10666.84724,9301.568222,11995.90583,10666.84724,9913.625749,11629.14442,10666.84724,10062.00246,11934.99726,10666.84724,2313.023366,2297.70173,0.001001968,0.001005531,0.001008742,0.001011081,7835.685929,7835.685929,7835.685929,14789.16061,14789.16061,14789.16061,14789.16061,14789.16061
5/7/1996,5630.823236,6052.226402,6391.260167,6359.723261,6297.245351,6391.260167,10816.36822,9636.612794,12693.57307,11043.34804,11275.09903,12693.57307,11446.75134,11995.90583,12693.57307,11007.86068,11629.14442,12693.57307,3070.023289,3048.947129,0.001001968,0.001005531,0.001008742,0.001011081,7702.357624,7702.357624,7702.357624,14670.81325,14670.81325,14670.81325,14670.81325,14670.81325
5/8/1996,5246.583816,5946.186985,5970.42373,6077.366323,6052.226402,5970.42373,10116.7568,7818.738807,11899.61267,10464.60506,9636.612794,11899.61267,11176.42741,11275.09903,11899.61267,11362.02879,11995.90583,11899.61267,2966.301061,2946.023774,0.001001968,0.001005531,0.001008742,0.001011081,7355.019739,7355.019739,7355.019739,14143.00548,14143.00548,14143.00548,14143.00548,14143.00548
5/9/1996,4993.269208,5772.285461,5699.650332,5803.671895,5946.186985,5699.650332,9666.414539,12625.45081,11397.07392,10005.54361,7818.738807,11397.07392,10794.6768,9636.612794,11397.07392,11139.01019,11275.09903,11397.07392,2916.957453,2897.059135,0.001001968,0.001005531,0.001008742,0.001011081,6737.181299,6737.181299,6737.181299,13249.30557,13249.30557,13249.30557,13249.30557,13249.30557
5/10/1996,5070.964189,5979.064134,5730.973116,5677.020782,5772.285461,5730.973116,9215.162615,17121.83199,10762.84167,9399.499877,12625.45081,10762.84167,9963.621725,7818.738807,10762.84167,10381.25464,9636.612794,10762.84167,2672.009917,2653.982081,0.001001968,0.001005531,0.001008742,0.001011081,6105.62764,6105.62764,6105.62764,12226.46958,12226.46958,12226.46958,12226.46958,12226.46958
5/11/1996,4831.066921,5503.334005,5348.939881,5356.345371,5979.064134,5348.939881,8076.477108,16652.64823,9206.649533,8307.23258,17121.83199,9206.649533,8521.521119,12625.45081,9206.649533,8916.717389,7818.738807,9206.649533,2046.090942,2032.751126,0.001001968,0.001005531,0.001008742,0.001011081,5774.693899,5774.693899,5774.693899,11309.83108,11309.83108,11309.83108,11309.83108,11309.83108
5/12/1996,6781.957711,10433.54735,7193.854332,5759.659399,5503.334005,7193.854332,9781.966528,15550.78738,10560.39058,8631.521713,16652.64823,10560.39058,8323.683404,17121.83199,10560.39058,7607.26624,12625.45081,10560.39058,1223.426723,1215.986129,0.001001968,0.001005531,0.001008742,0.001011081,5701.623748,5701.623748,5701.623748,10849.05801,10849.05801,10849.05801,10849.05801,10849.05801
5/13/1996,10836.35657,13046.30819,12226.76638,10726.982,10433.54735,12226.76638,16824.67844,14961.55944,19714.98952,15841.57864,15550.78738,19714.98952,15892.05642,16652.64823,19714.98952,12157.2851,17121.83199,19714.98952,5290.320384,5251.550575,0.001001968,0.001005531,0.001008742,0.001011081,6282.139931,6282.139931,6282.139931,11296.54785,11296.54785,11296.54785,11296.54785,11296.54785
5/14/1996,10218.51484,7603.572331,12057.56583,13082.93722,13046.30819,12057.56583,18902.1539,12481.12429,23105.96953,20501.53054,14961.55944,23105.96953,21255.60383,15550.78738,23105.96953,19105.3496,16652.64823,23105.96953,7106.279333,7052.416407,0.001001968,0.001005531,0.001008742,0.001011081,7150.436196,7150.436196,7150.436196,12230.73885,12230.73885,12230.73885,12230.73885,12230.73885
5/15/1996,5771.795353,5401.83559,6491.479442,7617.628259,7603.572331,6491.479442,11220.72024,10315.1884,13125.08872,12572.42253,12481.12429,13125.08872,14375.481,14961.55944,13125.08872,18083.99356,15550.78738,13125.08872,2933.624073,2913.59783,0.001001968,0.001005531,0.001008742,0.001011081,7530.155499,7530.155499,7530.155499,13138.19708,13138.19708,13138.19708,13138.19708,13138.19708
5/16/1996,4533.485347,5415.457565,4999.239499,5371.488875,5401.83559,4999.239499,7091.649385,9371.802441,8063.815068,7653.438368,10315.1884,8063.815068,9277.097101,12481.12429,8063.815068,11649.83478,14961.55944,8063.815068,1932.34843,1919.844285,0.001001968,0.001005531,0.001008742,0.001011081,7614.953572,7614.953572,7614.953572,13570.59802,13570.59802,13570.59802,13570.59802,13570.59802
5/17/1996,4682.012587,5195.115849,5254.557056,5416.01027,5415.457565,5254.557056,9683.529259,9046.23434,11296.83242,10021.03776,9371.802441,11296.83242,10878.32607,10315.1884,11296.83242,11783.78316,12481.12429,11296.83242,2364.040153,2348.336664,0.001001968,0.001005531,0.001008742,0.001011081,7633.67125,7633.67125,7633.67125,13770.32182,13770.32182,13770.32182,13770.32182,13770.32182
5/18/1996,4504.495771,4544.750177,5082.254798,5217.885656,5195.115849,5082.254798,9273.355218,8486.074362,10858.98459,9586.653646,9046.23434,10858.98459,10262.42653,9371.802441,10858.98459,10853.61596,10315.1884,10858.98459,2396.075699,2380.131947,0.001001968,0.001005531,0.001008742,0.001011081,7674.995983,7674.995983,7674.995983,13908.10982,13908.10982,13908.10982,13908.10982,13908.10982
5/19/1996,3989.705344,4319.025626,4465.561227,4561.318572,4544.750177,4465.561227,7594.38411,8425.524555,8806.229779,7850.612176,8486.074362,8806.229779,8467.169645,9046.23434,8806.229779,9249.58895,9371.802441,8806.229779,2001.828545,1988.814583,0.001001968,0.001005531,0.001008742,0.001011081,7618.687397,7618.687397,7618.687397,13916.96709,13916.96709,13916.96709,13916.96709,13916.96709
5/20/1996,3848.742333,4470.819775,4312.049203,4334.773123,4319.025626,4312.049203,7015.060332,8374.254757,8133.10228,7198.803159,8425.524555,8133.10228,7752.279459,8486.074362,8133.10228,8171.331828,9046.23434,8133.10228,1966.001514,1953.250697,0.001001968,0.001005531,0.001008742,0.001011081,6893.406593,6893.406593,6893.406593,13159.88652,13159.88652,13159.88652,13159.88652,13159.88652
5/21/1996,3842.476227,4415.013661,4344.03109,4408.964629,4470.819775,4344.03109,7267.376893,7922.7191,8499.213017,7498.921026,8374.254757,8499.213017,7989.060553,8425.524555,8499.213017,8130.708162,8486.074362,8499.213017,2133.79548,2119.807602,0.001001968,0.001005531,0.001008742,0.001011081,5788.224419,5788.224419,5788.224419,11845.02031,11845.02031,11845.02031,11845.02031,11845.02031
5/22/1996,3922.807066,4528.604716,4431.578613,4430.754189,4415.013661,4431.578613,7181.674789,7477.036558,8389.302325,7357.608417,7922.7191,8389.302325,7830.56121,8374.254757,8389.302325,7898.676523,8425.524555,8389.302325,2145.620342,2131.544851,0.001001968,0.001005531,0.001008742,0.001011081,5164.76744,5164.76744,5164.76744,10469.93521,10469.93521,10469.93521,10469.93521,10469.93521
5/23/1996,3967.769733,3903.392054,4510.020449,4571.285281,4528.604716,4510.020449,7137.221031,7143.105486,8387.326922,7385.806891,7477.036558,8387.326922,7825.991141,7922.7191,8387.326922,7903.387512,8374.254757,8387.326922,2287.609949,2272.478174,0.001001968,0.001005531,0.001008742,0.001011081,4873.702035,4873.702035,4873.702035,9530.149408,9530.149408,9530.149408,9530.149408,9530.149408
5/24/1996,3400.473263,3603.120382,3831.17636,3905.19967,3903.392054,3831.17636,6538.736457,7002.776846,7626.069855,6753.887774,7143.105486,7626.069855,7295.206906,7477.036558,7626.069855,7852.726297,7922.7191,7626.069855,1857.96295,1846.002253,0.001001968,0.001005531,0.001008742,0.001011081,4625.33772,4625.33772,4625.33772,8927.134427,8927.134427,8927.134427,8927.134427,8927.134427
5/25/1996,3122.763211,3357.568343,3515.851454,3602.544424,3603.120382,3515.851454,5858.175497,6602.539653,6818.87739,6077.508182,7002.776846,6818.87739,6553.072442,7143.105486,6818.87739,7000.289235,7477.036558,6818.87739,1710.797364,1699.904262,0.001001968,0.001005531,0.001008742,0.001011081,4383.749562,4383.749562,4383.749562,8478.696708,8478.696708,8478.696708,8478.696708,8478.696708
5/26/1996,2932.162131,3273.804683,3295.823261,3352.596704,3357.568343,3295.823261,5676.647662,6296.855145,6601.760785,5852.682201,6602.539653,6601.760785,6278.009784,7002.776846,6601.760785,6646.929225,7143.105486,6601.760785,1593.158647,1583.111225,0.001001968,0.001005531,0.001008742,0.001011081,4195.938499,4195.938499,4195.938499,8124.805455,8124.805455,8124.805455,8124.805455,8124.805455
5/27/1996,2879.822551,3236.971427,3240.596549,3273.724334,3273.804683,3240.596549,5677.191261,6041.843741,6607.883112,5827.728477,6296.855145,6607.883112,6191.609963,6602.539653,6607.883112,6384.336616,7002.776846,6607.883112,1582.871401,1572.897587,0.001001968,0.001005531,0.001008742,0.001011081,4030.104088,4030.104088,4030.104088,7848.342918,7848.342918,7848.342918,7848.342918,7848.342918
5/28/1996,2841.093503,2994.061243,3201.562386,3238.758609,3236.971427,3201.562386,5762.355102,5783.084704,6717.855009,5913.195458,6041.843741,6717.855009,6234.677002,6296.855145,6717.855009,6391.50174,6602.539653,6717.855009,1583.330937,1573.353837,0.001001968,0.001005531,0.001008742,0.001011081,3857.019572,3857.019572,3857.019572,7603.027752,7603.027752,7603.027752,7603.027752,7603.027752
5/29/1996,2634.990627,2867.517619,2961.522256,2993.211336,2994.061243,2961.522256,5318.798558,5584.768629,6182.160155,5454.294925,5783.084704,6182.160155,5820.855947,6041.843741,6182.160155,6079.488513,6296.855145,6182.160155,1447.83275,1438.819759,0.001001968,0.001005531,0.001008742,0.001011081,3659.390081,3659.390081,3659.390081,7350.002958,7350.002958,7350.002958,7350.002958,7350.002958
5/30/1996,2524.805918,2769.110894,2838.860299,2866.399613,2867.517619,2838.860299,5008.052479,5371.698262,5818.768106,5137.464288,5584.768629,5818.768106,5468.849547,5783.084704,5818.768106,5703.671864,6041.843741,5818.768106,1399.810713,1391.136871,0.001001968,0.001005531,0.001008742,0.001011081,3429.144765,3429.144765,3429.144765,7041.293102,7041.293102,7041.293102,7041.293102,7041.293102
5/31/1996,2438.406856,2674.544258,2742.467981,2767.981886,2769.110894,2742.467981,4855.482213,5393.452008,5642.468555,4979.222019,5371.698262,5642.468555,5283.439504,5584.768629,5642.468555,5477.423586,5783.084704,5642.468555,1360.922982,1352.522752,0.001001968,0.001005531,0.001008742,0.001011081,3248.208662,3248.208662,3248.208662,6701.572175,6701.572175,6701.572175,6701.572175,6701.572175
6/1/1996,2355.764109,2584.682181,2649.579645,2673.431162,2674.544258,2649.579645,4633.759583,6226.880488,5392.043746,4751.885346,5393.452008,5392.043746,5042.197963,5371.698262,5392.043746,5272.158203,5584.768629,5392.043746,1320.508405,1312.391528,0.001001968,0.001005531,0.001008742,0.001011081,3101.549944,3101.549944,3101.549944,6402.338357,6402.338357,6402.338357,6402.338357,6402.338357
6/2/1996,2277.178699,2601.120147,2561.212548,2583.592248,2584.682181,2561.212548,4501.517529,6402.302557,5236.513983,4614.860835,6226.880488,5236.513983,4894.16975,5393.452008,5236.513983,5046.27931,5371.698262,5236.513983,1281.779494,1273.933162,0.001001968,0.001005531,0.001008742,0.001011081,2980.278367,2980.278367,2980.278367,6162.894473,6162.894473,6162.894473,6162.894473,6162.894473
6/3/1996,2268.876171,2653.055722,2563.742446,2584.801419,2601.120147,2563.742446,4453.14684,5428.681482,5197.277621,4569.56002,6402.302557,5197.277621,4858.363991,6226.880488,5197.277621,4915.946426,5393.452008,5197.277621,1331.112494,1322.921371,0.001001968,0.001005531,0.001008742,0.001011081,2878.438249,2878.438249,2878.438249,5938.061607,5938.061607,5938.061607,5938.061607,5938.061607
6/4/1996,2325.32185,2633.381991,2638.647355,2648.530485,2653.055722,2638.647355,4621.633963,2916.329682,5411.672759,4732.981864,5428.681482,5411.672759,5014.941175,6402.302557,5411.672759,5015.896973,6226.880488,5411.672759,1405.133353,1396.421989,0.001001968,0.001005531,0.001008742,0.001011081,2792.92056,2792.92056,2792.92056,5725.775951,5725.775951,5725.775951,5725.775951,5725.775951
6/5/1996,2359.640932,2547.13321,2670.850139,2644.40575,2633.381991,2670.850139,5434.147201,2703.212294,6361.146626,5495.066346,2916.329682,6361.146626,5732.211034,5428.681482,6361.146626,5762.447591,6402.302557,6361.146626,1395.786649,1387.141164,0.001001968,0.001005531,0.001008742,0.001011081,2727.641068,2727.641068,2727.641068,5690.398904,5690.398904,5690.398904,5690.398904,5690.398904
6/6/1996,2242.2167,2297.222518,2529.728944,2550.823286,2547.13321,2529.728944,5363.745344,3528.383403,6270.878415,5457.964703,2703.212294,6270.878415,5654.437284,2916.329682,6270.878415,5896.324829,5428.681482,6270.878415,1301.206918,1293.224997,0.001001968,0.001005531,0.001008742,0.001011081,2669.446973,2669.446973,2669.446973,5730.703713,5730.703713,5730.703713,5730.703713,5730.703713
6/7/1996,2006.532325,1174.262647,2254.436456,2285.056604,2297.222518,2254.436456,4231.654643,6731.949237,4918.931285,4336.41495,3528.383403,4918.931285,4627.52892,2703.212294,4918.931285,4893.155853,2916.329682,4918.931285,1138.370768,1131.517306,0.001001968,0.001005531,0.001008742,0.001011081,2605.89822,2605.89822,2605.89822,5664.274065,5664.274065,5664.274065,5664.274065,5664.274065
6/8/1996,498.1382651,669.9312832,516.4917385,1137.327894,1174.262647,516.4917385,804.9291793,7192.518887,836.2754013,1447.939463,6731.949237,836.2754013,1472.141929,3528.383403,836.2754013,2703.213441,2703.212294,836.2754013,0.001000564,0.001006515,0.001001968,0.001005531,0.001008742,0.001011081,2383.051433,2383.051433,2383.051433,5266.904648,5266.904648,5266.904648,5266.904648,5266.904648
6/9/1996,2040.840797,5865.158543,2073.957,659.3120746,669.9312832,2073.957,2345.94627,11283.57134,2392.46256,968.3679095,7192.518887,2392.46256,1490.503139,6731.949237,2392.46256,1472.707157,3528.383403,2392.46256,0.001000564,0.001006515,0.001001968,0.001005531,0.001008742,0.001011081,2176.087596,2176.087596,2176.087596,4870.769421,4870.769421,4870.769421,4870.769421,4870.769421
6/10/1996,6018.888379,8060.888846,6889.321209,5803.827601,5865.158543,6889.321209,8330.199771,10447.50763,9874.362281,7585.224642,11283.57134,9874.362281,6891.250657,7192.518887,9874.362281,3216.432001,6731.949237,9874.362281,3598.738043,3573.545316,0.001001968,0.001005531,0.001008742,0.001011081,2410.895041,2410.895041,2410.895041,4621.280832,4621.280832,4621.280832,4621.280832,4621.280832
6/11/1996,6475.761091,4025.538358,7529.251482,8080.804375,8060.888846,7529.251482,11453.21237,10039.5752,13729.20993,12385.1795,10447.50763,13729.20993,11552.3181,11283.57134,13729.20993,9560.874287,7192.518887,13729.20993,4103.507563,4074.322667,0.001001968,0.001005531,0.001008742,0.001011081,2938.630486,2938.630486,2938.630486,5065.475363,5065.475363,5065.475363,5065.475363,5065.475363
6/12/1996,3868.921315,6384.305394,4165.001701,3988.030775,4025.538358,4165.001701,6217.515171,8991.461553,6925.181604,6156.349825,10039.5752,6925.181604,7638.658541,10447.50763,6925.181604,9007.476589,11283.57134,6925.181604,1283.151409,1275.295511,0.001001968,0.001005531,0.001008742,0.001011081,3307.216174,3307.216174,3307.216174,5658.34766,5658.34766,5658.34766,5658.34766,5658.34766
6/13/1996,5515.219451,5868.840684,6287.337726,6385.018875,6384.305394,6287.337726,9125.241494,7551.604606,10792.11438,9497.301049,8991.461553,10792.11438,9628.47933,10039.5752,10792.11438,9304.331969,10447.50763,10792.11438,3120.763344,3099.29529,0.001001968,0.001005531,0.001008742,0.001011081,3783.513815,3783.513815,3783.513815,6371.315086,6371.315086,6371.315086,6371.315086,6371.315086
6/14/1996,4962.20171,4181.57628,5668.276351,5932.719427,5868.840684,5668.276351,8895.324687,7239.213001,10553.35662,9390.481954,7551.604606,10553.35662,10205.16411,8991.461553,10553.35662,10120.13925,10039.5752,10553.35662,2907.729494,2887.90197,0.001001968,0.001005531,0.001008742,0.001011081,4325.091817,4325.091817,4325.091817,6962.289265,6962.289265,6962.289265,6962.289265,6962.289265
6/15/1996,3345.443104,3091.859255,3768.331373,4202.203232,4181.57628,3768.331373,6663.75363,7158.316348,7797.879013,7222.936295,7239.213001,7797.879013,8148.377783,7551.604606,7797.879013,9637.038621,8991.461553,7797.879013,1840.853246,1829.017196,0.001001968,0.001005531,0.001008742,0.001011081,4842.430716,4842.430716,4842.430716,8012.106311,8012.106311,8012.106311,8012.106311,8012.106311
6/16/1996,2566.77555,2641.290041,2845.67001,3091.757584,3091.859255,2845.67001,4859.255843,8131.883496,5593.170429,5193.910942,7158.316348,5593.170429,5912.361293,7239.213001,5593.170429,7214.415794,7551.604606,5593.170429,1254.060073,1246.406769,0.001001968,0.001005531,0.001008742,0.001011081,5185.386195,5185.386195,5185.386195,8780.288132,8780.288132,8780.288132,8780.288132,8780.288132
6/17/1996,2232.874922,2934.407519,2469.077953,2591.976237,2641.290041,2469.077953,4427.066123,7074.521396,5095.017818,4619.871631,8131.883496,5095.017818,5122.603198,7158.316348,5095.017818,5936.478759,7239.213001,5095.017818,1079.919707,1073.466609,0.001001968,0.001005531,0.001008742,0.001011081,4990.879918,4990.879918,4990.879918,9179.499785,9179.499785,9179.499785,9179.499785,9179.499785
6/18/1996,2573.278538,3209.930073,2904.975929,2939.318675,2934.407519,2904.975929,5558.075232,6434.80339,6511.700449,5686.567414,7074.521396,6511.700449,6031.875142,8131.883496,6511.700449,5946.715701,7158.316348,6511.700449,1470.981739,1461.804774,0.001001968,0.001005531,0.001008742,0.001011081,4514.448236,4514.448236,4514.448236,8890.410792,8890.410792,8890.410792,8890.410792,8890.410792
6/19/1996,2746.719711,3354.044774,3127.312017,3148.154413,3209.930073,3127.312017,6384.144573,8122.047078,7521.188246,6505.767117,6434.80339,7521.188246,6792.644945,7074.521396,7521.188246,6664.960996,8131.883496,7521.188246,1683.612974,1672.915925,0.001001968,0.001005531,0.001008742,0.001011081,4217.968111,4217.968111,4217.968111,8394.89377,8394.89377,8394.89377,8394.89377,8394.89377
6/20/1996,3038.904741,3117.459362,3453.398829,3378.673779,3354.044774,3453.398829,7353.428307,6821.760942,8665.72323,7389.444715,8122.047078,8665.72323,7560.077602,6434.80339,8665.72323,7548.989069,7074.521396,8665.72323,1741.02575,1729.91421,0.001001968,0.001005531,0.001008742,0.001011081,3846.28406,3846.28406,3846.28406,7940.904707,7940.904707,7940.904707,7940.904707,7940.904707
6/21/1996,2911.834844,3051.254649,3290.320675,3164.286614,3117.459362,3290.320675,6095.547269,6015.88149,7146.412083,6078.047741,6821.760942,7146.412083,6480.879397,8122.047078,7146.412083,6628.688024,6434.80339,7146.412083,1664.50725,1653.947768,0.001001968,0.001005531,0.001008742,0.001011081,3432.430183,3432.430183,3432.430183,7611.378716,7611.378716,7611.378716,7611.378716,7611.378716
6/22/1996,2506.267359,2378.267406,2855.031037,3042.266013,3051.254649,2855.031037,5095.225831,5713.478346,5983.28868,5390.192497,6015.88149,5983.28868,5649.298391,6821.760942,5983.28868,5933.004923,8122.047078,5983.28868,1565.418417,1555.569355,0.001001968,0.001005531,0.001008742,0.001011081,3178.618056,3178.618056,3178.618056,7071.784013,7071.784013,7071.784013,7071.784013,7071.784013
6/23/1996,2071.182795,2507.555784,2304.79216,2380.557462,2378.267406,2304.79216,6481.617531,4888.112936,7516.723165,6595.240688,5713.478346,7516.723165,6902.935124,6015.88149,7516.723165,7150.58157,6821.760942,7516.723165,1066.170657,1059.811348,0.001001968,0.001005531,0.001008742,0.001011081,3030.375222,3030.375222,3030.375222,7113.208605,7113.208605,7113.208605,7113.208605,7113.208605
6/24/1996,2195.093627,2132.974658,2463.751063,2507.264819,2507.555784,2463.751063,5470.592293,4191.408666,6358.708817,5579.451928,4888.112936,6358.708817,5797.2058,5713.478346,6358.708817,6126.270704,6015.88149,6358.708817,1223.54067,1216.099286,0.001001968,0.001005531,0.001008742,0.001011081,2976.070567,2976.070567,2976.070567,7179.998139,7179.998139,7179.998139,7179.998139,7179.998139
6/25/1996,1862.733127,2036.867265,2080.737865,2134.726654,2132.974658,2080.737865,4550.186746,4068.229141,5263.516968,4661.159609,4191.408666,5263.516968,4978.126973,4888.112936,5263.516968,5328.292913,5713.478346,5263.516968,1011.138801,1005.153358,0.001001968,0.001005531,0.001008742,0.001011081,2870.256254,2870.256254,2870.256254,7061.309548,7061.309548,7061.309548,7061.309548,7061.309548
6/26/1996,1815.08735,1971.662137,2028.472667,2038.949444,2036.867265,2028.472667,4366.009747,5745.179625,5058.686378,4429.357414,4068.229141,5058.686378,4660.286525,4191.408666,5058.686378,4998.544949,4888.112936,5058.686378,997.0425925,991.1525089,0.001001968,0.001005531,0.001008742,0.001011081,2723.14904,2723.14904,2723.14904,6842.73197,6842.73197,6842.73197,6842.73197,6842.73197
6/27/1996,1695.091959,1838.079862,1903.2515,1953.072832,1971.662137,1903.2515,3749.125021,8634.733044,4348.700847,3858.034634,5745.179625,4348.700847,4083.000883,4068.229141,4348.700847,4277.089632,4191.408666,4348.700847,979.8937182,974.1194159,0.001001968,0.001005531,0.001008742,0.001011081,2544.218851,2544.218851,2544.218851,6317.460079,6317.460079,6317.460079,6317.460079,6317.460079
6/28/1996,1642.258362,1964.119594,1834.206095,1842.965435,1838.079862,1834.206095,3329.042926,6895.418755,3839.90408,3398.607972,8634.733044,3839.90408,3597.100455,5745.179625,3839.90408,3783.768975,4068.229141,3839.90408,900.7406953,895.4974109,0.001001968,0.001005531,0.001008742,0.001011081,2346.704744,2346.704744,2346.704744,5862.212362,5862.212362,5862.212362,5862.212362,5862.212362
6/29/1996,1755.434921,2531.875874,1974.179045,1935.140633,1964.119594,1974.179045,3431.276096,5297.33686,3983.106208,3462.011746,6895.418755,3983.106208,3668.292017,8634.733044,3983.106208,3652.94562,5745.179625,3983.106208,1026.550609,1020.460715,0.001001968,0.001005531,0.001008742,0.001011081,2196.872161,2196.872161,2196.872161,5517.06704,5517.06704,5517.06704,5517.06704,5517.06704
6/30/1996,2282.388675,3040.172208,2603.775318,2530.327161,2531.875874,2603.775318,5788.515181,5062.02395,6802.647319,5806.519262,5297.33686,6802.647319,5904.978589,6895.418755,6802.647319,5217.632764,8634.733044,6802.647319,1437.295992,1428.357534,0.001001968,0.001005531,0.001008742,0.001011081,2172.446738,2172.446738,2172.446738,5169.710898,5169.710898,5169.710898,5169.710898,5169.710898
7/1/1996,2714.745411,2430.68748,3121.144284,3065.643914,3040.172208,3121.144284,8476.373855,4605.748976,10075.3904,8486.133081,5062.02395,10075.3904,8574.342914,5297.33686,10075.3904,8297.441997,6895.418755,10075.3904,1796.459339,1784.946067,0.001001968,0.001005531,0.001008742,0.001011081,2223.492798,2223.492798,2223.492798,5486.64913,5486.64913,5486.64913,5486.64913,5486.64913
7/2/1996,2018.59747,2166.020026,2301.034296,2407.471887,2430.68748,2301.034296,5569.107778,4830.330576,6556.346629,5732.940194,4605.748976,6556.346629,6062.01788,5062.02395,6556.346629,6679.168088,5297.33686,6556.346629,1300.724394,1292.745844,0.001001968,0.001005531,0.001008742,0.001011081,2258.276216,2258.276216,2258.276216,5707.25635,5707.25635,5707.25635,5707.25635,5707.25635
7/3/1996,1942.388914,2244.976346,2173.115231,2161.286824,2166.020026,2173.115231,3821.263425,5502.847251,4407.266601,3887.962656,4830.330576,4407.266601,4081.540139,4605.748976,4407.266601,4481.228693,5062.02395,4407.266601,1045.714774,1039.494724,0.001001968,0.001005531,0.001008742,0.001011081,2266.547838,2266.547838,2266.547838,5686.804415,5686.804415,5686.804415,5686.804415,5686.804415
7/4/1996,2111.510678,1902.794041,2323.480445,2254.046212,2244.976346,2323.480445,4392.941363,5120.60998,5005.366767,4393.297576,5502.847251,5005.366767,4372.222213,4830.330576,5005.366767,4373.27687,4605.748976,5005.366767,955.3627687,949.7536423,0.001001968,0.001005531,0.001008742,0.001011081,2275.399542,2275.399542,2275.399542,5762.117151,5762.117151,5762.117151,5762.117151,5762.117151
7/5/1996,2046.400462,2773.055159,2187.12808,1914.132603,1902.794041,2187.12808,4176.27495,6450.209142,4668.543775,3943.090081,5120.60998,4668.543775,4049.815162,5502.847251,4668.543775,4334.460555,4830.330576,4668.543775,644.7366247,641.1670583,0.001001968,0.001005531,0.001008742,0.001011081,2281.690537,2281.690537,2281.690537,5880.051473,5880.051473,5880.051473,5880.051473,5880.051473
7/6/1996,2689.91968,3175.368875,3003.619155,2779.959291,2773.055159,3003.619155,4823.963061,7492.364411,5584.498692,4700.523203,6450.209142,5584.498692,4873.230658,5120.60998,5584.498692,4238.155783,5502.847251,5584.498692,1430.425894,1421.535996,0.001001968,0.001005531,0.001008742,0.001011081,2385.336159,2385.336159,2385.336159,6010.015499,6010.015499,6010.015499,6010.015499,6010.015499
7/7/1996,2553.703789,2404.108462,2924.017423,3169.695834,3175.368875,2924.017423,5384.552348,5551.400889,6370.307516,5734.028775,7492.364411,6370.307516,5883.934994,6450.209142,6370.307516,5676.70512,5120.60998,6370.307516,1676.944341,1666.295329,0.001001968,0.001005531,0.001008742,0.001011081,2476.162412,2476.162412,2476.162412,5949.653715,5949.653715,5949.653715,5949.653715,5949.653715
7/8/1996,1981.028002,2478.6989,2220.157357,2392.919108,2404.108462,2220.157357,4008.04574,4663.636433,4644.527234,4254.143591,5551.400889,4644.527234,4667.941376,7492.364411,4644.527234,5077.264327,6450.209142,4644.527234,1117.39029,1110.680835,0.001001968,0.001005531,0.001008742,0.001011081,2436.14256,2436.14256,2436.14256,5425.57564,5425.57564,5425.57564,5425.57564,5425.57564
7/9/1996,2119.84638,2294.519665,2392.769635,2474.432362,2478.6989,2392.769635,5125.3563,8082.483321,5988.690584,5280.10515,4663.636433,5988.690584,5555.712208,5551.400889,5988.690584,5589.141559,7492.364411,5988.690584,1252.562092,1244.919204,0.001001968,0.001005531,0.001008742,0.001011081,2436.425191,2436.425191,2436.425191,5329.880172,5329.880172,5329.880172,5329.880172,5329.880172
7/10/1996,2066.036389,1917.762799,2326.378415,2304.530528,2294.519665,2326.378415,6129.520185,9850.498985,7193.717883,6144.668523,8082.483321,7193.717883,6425.821028,4663.636433,7193.717883,6772.096373,5551.400889,7193.717883,1202.478986,1195.183473,0.001001968,0.001005531,0.001008742,0.001011081,2472.504284,2472.504284,2472.504284,5613.836559,5613.836559,5613.836559,5613.836559,5613.836559
7/11/1996,1662.278392,1707.454283,1861.601463,1923.373201,1917.762799,1861.601463,4016.481827,10405.35788,4666.872353,4124.753756,9850.498985,4666.872353,4385.116891,8082.483321,4666.872353,4901.638529,4663.636433,4666.872353,950.5366587,944.9599655,0.001001968,0.001005531,0.001008742,0.001011081,2466.95558,2466.95558,2466.95558,5643.061406,5643.061406,5643.061406,5643.061406,5643.061406
7/12/1996,1439.480003,4012.726566,1603.625374,1671.017133,1707.454283,1603.625374,3252.136258,18069.55747,3752.303333,3362.7545,10405.35788,3752.303333,3577.708442,9850.498985,3752.303333,3908.843257,8082.483321,3752.303333,797.7384108,793.1771756,0.001001968,0.001005531,0.001008742,0.001011081,2441.723205,2441.723205,2441.723205,5573.444914,5573.444914,5573.444914,5573.444914,5573.444914
7/13/1996,3226.934268,3088.538895,3824.668773,3861.295428,4012.726566,3824.668773,9770.330999,18792.60354,11634.65467,9998.638341,18069.55747,11634.65467,10129.29218,10405.35788,11634.65467,6939.316248,9850.498985,11634.65467,2547.953979,2530.866278,0.001001968,0.001005531,0.001008742,0.001011081,2553.447275,2553.447275,2553.447275,6177.229432,6177.229432,6177.229432,6177.229432,6177.229432
7/14/1996,3660.841194,3212.363218,3776.179906,3124.19893,3088.538895,3776.179906,12874.81846,16258.67467,14394.68297,12250.83547,18792.60354,14394.68297,10491.46622,18069.55747,14394.68297,12061.86516,10405.35788,14394.68297,0.001000564,0.001006515,0.001001968,0.001005531,0.001008742,0.001011081,2347.307327,2347.307327,2347.307327,7186.084657,7186.084657,7186.084657,7186.084657,7186.084657
7/15/1996,7410.143278,18561.7084,7496.313533,3260.843677,3212.363218,7496.313533,13041.44686,16962.04857,13947.86851,8828.721065,16258.67467,13947.86851,8751.207177,18792.60354,13947.86851,8148.675383,18069.55747,13947.86851,129.1945483,128.6556507,0.001001968,0.001005531,0.001008742,0.001011081,2434.295209,2434.295209,2434.295209,8222.027335,8222.027335,8222.027335,8222.027335,8222.027335
7/16/1996,15503.97745,11156.27589,18645.79363,18583.41273,18561.7084,18645.79363,27119.31289,14158.13629,33853.39192,28037.99006,16962.04857,33853.39192,27152.87394,16258.67467,33853.39192,16059.2724,18792.60354,33853.39192,11758.41361,11664.25029,0.001001968,0.001005531,0.001008742,0.001011081,4186.847466,4186.847466,4186.847466,9943.148268,9943.148268,9943.148268,9943.148268,9943.148268
7/17/1996,8058.649922,5714.506934,9199.756598,11183.87716,11156.27589,9199.756598,20183.83581,10182.26904,24183.55618,22379.98148,14158.13629,24183.55618,23371.51845,16962.04857,24183.55618,27610.61231,16258.67467,24183.55618,4607.279781,4574.057783,0.001001968,0.001005531,0.001008742,0.001011081,5464.665785,5464.665785,5464.665785,12042.9999,12042.9999,12042.9999,12042.9999,12042.9999
7/18/1996,4196.13269,4090.71714,4548.905233,5718.778387,5714.506934,4548.905233,4761.481961,8372.721663,5270.69291,6094.584549,10182.26904,5270.69291,8811.766167,14158.13629,5270.69291,12343.34697,16962.04857,5270.69291,1557.935052,1548.13943,0.001001968,0.001005531,0.001008742,0.001011081,6326.437331,6326.437331,6326.437331,14027.01294,14027.01294,14027.01294,14027.01294,14027.01294
7/19/1996,3114.093903,3122.617915,3379.632628,4078.395062,4090.71714,3379.632628,7533.83015,7405.613073,8644.360212,8278.950144,8372.721663,8644.360212,9720.453314,10182.26904,8644.360212,12630.21509,14158.13629,8644.360212,1201.945354,1194.653534,0.001001968,0.001005531,0.001008742,0.001011081,6839.183873,6839.183873,6839.183873,15414.04621,15414.04621,15414.04621,15414.04621,15414.04621
7/20/1996,2757.012974,3380.183226,2947.599625,3125.863566,3122.617915,2947.599625,7780.513413,6809.411613,8893.724966,7960.843472,7405.613073,8893.724966,8653.212045,8372.721663,8893.724966,10454.55582,10182.26904,8893.724966,864.6728433,859.6695934,0.001001968,0.001005531,0.001008742,0.001011081,6879.85628,6879.85628,6879.85628,15604.43013,15604.43013,15604.43013,15604.43013,15604.43013
7/21/1996,3175.902784,3568.010692,3476.214782,3388.488738,3380.183226,3476.214782,7074.367976,6188.674269,8136.999355,7051.518229,6809.411613,8136.999355,7481.445602,7405.613073,8136.999355,7813.937,8372.721663,8136.999355,1354.139777,1345.787177,0.001001968,0.001005531,0.001008742,0.001011081,7171.525854,7171.525854,7171.525854,14984.82846,14984.82846,14984.82846,14984.82846,14984.82846
7/22/1996,2955.540364,2699.057347,3314.840293,3567.921617,3568.010692,3314.840293,6653.431845,4158.556511,7774.144718,6993.411615,6188.674269,7774.144718,7342.318959,6809.411613,7774.144718,7460.393199,7405.613073,7774.144718,1620.580525,1610.336615,0.001001968,0.001005531,0.001008742,0.001011081,7231.224984,7231.224984,7231.224984,14239.2408,14239.2408,14239.2408,14239.2408,14239.2408
7/23/1996,2278.601523,2381.086042,2504.137348,2698.58654,2699.057347,2504.137348,5430.683981,8648.27042,6248.053072,5672.983907,4158.556511,6248.053072,6127.99101,6188.674269,6248.053072,6847.601709,6809.411613,6248.053072,1054.335946,1048.057246,0.001001968,0.001005531,0.001008742,0.001011081,5544.227092,5544.227092,5544.227092,12601.84231,12601.84231,12601.84231,12601.84231,12601.84231
7/24/1996,2156.110495,2514.568004,2354.240133,2380.71483,2381.086042,2354.240133,4800.834073,8437.455234,5483.940004,4873.714205,8648.27042,5483.940004,5210.413645,4158.556511,5483.940004,5734.26501,6188.674269,5483.940004,935.0740807,929.6011607,0.001001968,0.001005531,0.001008742,0.001011081,4287.86899,4287.86899,4287.86899,10384.44308,10384.44308,10384.44308,10384.44308,10384.44308
7/25/1996,2147.006518,3399.230837,2372.251271,2457.124488,2514.568004,2372.251271,4778.967412,8335.844986,5502.22319,4919.908401,8437.455234,5502.22319,5131.463029,8648.27042,5502.22319,5285.474949,4158.556511,5502.22319,1057.265885,1050.967239,0.001001968,0.001005531,0.001008742,0.001011081,3492.04105,3492.04105,3492.04105,8455.517707,8455.517707,8455.517707,8455.517707,8455.517707
7/26/1996,3324.927603,4780.973155,3653.655343,3406.30283,3399.230837,3653.655343,5096.130696,7955.067522,5748.603846,5003.633476,8335.844986,5748.603846,4743.240986,8437.455234,5748.603846,3911.14296,8648.27042,5748.603846,1386.599406,1378.018622,0.001001968,0.001005531,0.001008742,0.001011081,3137.102363,3137.102363,3137.102363,7061.774774,7061.774774,7061.774774,7061.774774,7061.774774
7/27/1996,5363.917763,6020.062078,5903.000433,4822.435698,4780.973155,5903.000433,10753.08144,8493.681496,12417.36803,9814.484463,7955.067522,12417.36803,9666.24926,8335.844986,12417.36803,8525.263335,8437.455234,12417.36803,2266.858095,2251.881176,0.001001968,0.001005531,0.001008742,0.001011081,3213.095314,3213.095314,3213.095314,6944.590503,6944.590503,6944.590503,6944.590503,6944.590503
7/28/1996,4695.942341,3081.016712,5424.234911,6023.341931,6020.062078,5424.234911,8953.573398,7530.798552,10696.09017,9774.509766,8493.681496,10696.09017,9981.578232,7955.067522,10696.09017,8914.654258,8335.844986,10696.09017,3091.949917,3070.704492,0.001001968,0.001005531,0.001008742,0.001011081,3495.360454,3495.360454,3495.360454,7117.932363,7117.932363,7117.932363,7117.932363,7117.932363
7/29/1996,2362.317191,2391.288065,2573.033541,3078.582653,3081.016712,2573.033541,5606.614674,5159.92852,6401.604085,6154.780137,7530.798552,6401.604085,7119.952996,8493.681496,6401.604085,8965.178299,7955.067522,6401.604085,987.5298936,981.7040666,0.001001968,0.001005531,0.001008742,0.001011081,3532.87902,3532.87902,3532.87902,7356.946334,7356.946334,7356.946334,7356.946334,7356.946334
7/30/1996,2096.793368,2697.572317,2259.110032,2388.495715,2391.288065,2259.110032,4097.664233,5454.724214,4584.487934,4280.67314,5159.92852,4584.487934,4879.040963,7530.798552,4584.487934,5921.639848,8493.681496,4584.487934,767.9141114,763.5483086,0.001001968,0.001005531,0.001008742,0.001011081,3513.176933,3513.176933,3513.176933,7420.887534,7420.887534,7420.887534,7420.887534,7420.887534
7/31/1996,2364.15378,1795.170648,2604.210782,2680.220754,2697.572317,2604.210782,6208.735685,5958.063006,7172.07905,6326.554113,5454.724214,7172.07905,6528.342747,5159.92852,7172.07905,6815.782405,7530.798552,7172.07905,1107.327613,1100.68711,0.001001968,0.001005531,0.001008742,0.001011081,3534.944193,3534.944193,3534.944193,7528.132683,7528.132683,7528.132683,7528.132683,7528.132683
8/1/1996,1495.648099,1098.723919,1575.294084,1800.30191,1795.170648,1575.294084,5419.178808,4985.347284,6164.882987,5620.459189,5958.063006,6164.882987,5771.918837,5454.724214,6164.882987,6677.264802,5159.92852,6164.882987,375.7109283,373.8034059,0.001001968,0.001005531,0.001008742,0.001011081,3458.304879,3458.304879,3458.304879,7714.174959,7714.174959,7714.174959,7714.174959,7714.174959
8/2/1996,1260.999977,2760.038426,1272.532088,1112.108627,1098.723919,1272.532088,3309.460657,5185.753431,3600.024891,3134.890264,4985.347284,3600.024891,3410.431566,5958.063006,3600.024891,4051.029822,5454.724214,3600.024891,0.001000564,0.001006515,0.001001968,0.001005531,0.001008742,0.001011081,3251.341021,3251.341021,3251.341021,7801.356907,7801.356907,7801.356907,7801.356907,7801.356907
8/3/1996,2622.106144,2930.807002,2963.021581,2760.254652,2760.038426,2963.021581,5419.678168,5271.895456,6345.417254,5311.879481,5185.753431,6345.417254,5490.635871,4985.347284,6345.417254,4355.758569,5958.063006,6345.417254,1558.826541,1549.024554,0.001001968,0.001005531,0.001008742,0.001011081,3018.552434,3018.552434,3018.552434,7131.684659,7131.684659,7131.684659,7131.684659,7131.684659
8/4/1996,2414.393869,2019.820616,2744.139501,2912.209207,2930.807002,2744.139501,6201.889402,4646.823587,7299.063573,6440.293049,5271.895456,7299.063573,6482.714258,5185.753431,7299.063573,6505.104434,4985.347284,7299.063573,1513.68841,1504.208127,0.001001968,0.001005531,0.001008742,0.001011081,2607.76775,2607.76775,2607.76775,6609.943727,6609.943727,6609.943727,6609.943727,6609.943727
8/5/1996,2099.425898,2440.610407,2258.557334,2021.784467,2019.820616,2258.557334,4335.268457,4785.088095,4840.976935,4146.371505,4646.823587,4840.976935,4421.248377,5271.895456,4840.976935,4748.043531,5185.753431,4840.976935,763.9848367,759.6447087,0.001001968,0.001005531,0.001008742,0.001011081,2361.295665,2361.295665,2361.295665,6116.486806,6116.486806,6116.486806,6116.486806,6116.486806
8/6/1996,2699.563938,3123.954359,2914.405831,2455.021361,2440.610407,2914.405831,4942.810474,4730.817659,5546.014373,4548.382175,4785.088095,5546.014373,4543.594622,4646.823587,5546.014373,4568.579687,5271.895456,5546.014373,1021.424872,1015.369739,0.001001968,0.001005531,0.001008742,0.001011081,2278.094545,2278.094545,2278.094545,5822.681901,5822.681901,5822.681901,5822.681901,5822.681901
8/7/1996,2311.539208,1628.812588,2581.69764,3124.65583,3123.954359,2581.69764,4729.051049,4239.952382,5467.240059,5349.405127,4730.817659,5467.240059,5130.836949,4785.088095,5467.240059,4906.304212,4646.823587,5467.240059,1266.9672,1259.224079,0.001001968,0.001005531,0.001008742,0.001011081,2271.677727,2271.677727,2271.677727,5525.378395,5525.378395,5525.378395,5525.378395,5525.378395
8/8/1996,1347.149832,1617.534728,1411.661123,1628.767827,1628.812588,1411.661123,3223.413926,4373.720198,3571.583488,3446.518711,4239.952382,3571.583488,4030.426923,4730.817659,3571.583488,4651.057929,4785.088095,3571.583488,332.6161248,330.9618466,0.001001968,0.001005531,0.001008742,0.001011081,2303.001892,2303.001892,2303.001892,5251.161601,5251.161601,5251.161601,5251.161601,5251.161601
8/9/1996,1420.221897,1468.815694,1523.857897,1593.071804,1617.534728,1523.857897,3143.18322,5068.85863,3524.20601,3236.200042,4373.720198,3524.20601,3533.723424,4239.952382,3524.20601,3952.273055,4730.817659,3524.20601,524.7601362,521.9467542,0.001001968,0.001005531,0.001008742,0.001011081,2360.64036,2360.64036,2360.64036,5203.932009,5203.932009,5203.932009,5203.932009,5203.932009
8/10/1996,1332.378902,1565.988878,1415.941202,1472.108252,1468.815694,1415.941202,3513.092933,5667.107431,3948.934045,3577.181229,5068.85863,3948.934045,3654.987827,4373.720198,3948.934045,4011.508175,4239.952382,3948.934045,420.1891628,418.0158444,0.001001968,0.001005531,0.001008742,0.001011081,2197.27737,2197.27737,2197.27737,5068.234375,5068.234375,5068.234375,5068.234375,5068.234375
8/11/1996,1560.549705,2120.075783,1674.855182,1584.755746,1565.988878,1674.855182,3588.55344,4580.243625,4046.839918,3519.811007,5667.107431,4046.839918,3619.363919,5068.85863,4046.839918,3607.711982,4373.720198,4046.839918,566.6205464,563.5457397,0.001001968,0.001005531,0.001008742,0.001011081,2040.478791,2040.478791,2040.478791,4815.364099,4815.364099,4815.364099,4815.364099,4815.364099
8/12/1996,1858.618945,1948.165747,2086.917053,2107.278885,2120.075783,2086.917053,4197.977722,3986.339302,4885.963784,4275.297661,4580.243625,4885.963784,4435.455744,5667.107431,4885.963784,4030.970462,5068.85863,4885.963784,1091.022262,1084.493319,0.001001968,0.001005531,0.001008742,0.001011081,2027.969331,2027.969331,2027.969331,4623.845184,4623.845184,4623.845184,4623.845184,4623.845184
8/13/1996,1632.258526,1558.929964,1824.02289,1950.917546,1948.165747,1824.02289,4678.249872,3720.96184,5430.490259,4840.572023,3986.339302,5430.490259,4976.305211,4580.243625,5430.490259,5030.895637,5667.107431,5430.490259,926.7909972,921.3735776,0.001001968,0.001005531,0.001008742,0.001011081,1981.827015,1981.827015,1981.827015,4579.933585,4579.933585,4579.933585,4579.933585,4579.933585
8/14/1996,1394.152795,1382.937182,1523.691664,1568.701159,1558.929964,1523.691664,4481.007913,4177.205603,5156.033107,4531.396969,3720.96184,5156.033107,4685.008915,3986.339302,5156.033107,5150.745301,4580.243625,5156.033107,643.1768694,639.6172643,0.001001968,0.001005531,0.001008742,0.001011081,1835.593657,1835.593657,1835.593657,4676.735487,4676.735487,4676.735487,4676.735487,4676.735487
8/15/1996,1230.126684,1349.349428,1343.994984,1375.804646,1382.937182,1343.994984,3346.796282,3876.060464,3821.650949,3396.15615,4177.205603,3821.650949,3582.957355,3720.96184,3821.650949,3842.050089,3986.339302,3821.650949,578.4604781,575.3112422,0.001001968,0.001005531,0.001008742,0.001011081,1736.758971,1736.758971,1736.758971,4586.616246,4586.616246,4586.616246,4586.616246,4586.616246
8/16/1996,1228.557131,1735.661346,1334.512772,1301.645818,1349.349428,1334.512772,3175.220898,3536.084171,3608.66536,3160.261054,3876.060464,3608.66536,3269.212363,4177.205603,3608.66536,3466.651091,3720.96184,3608.66536,541.0920075,538.1769571,0.001001968,0.001005531,0.001008742,0.001011081,1668.794385,1668.794385,1668.794385,4465.292174,4465.292174,4465.292174,4465.292174,4465.292174
8/17/1996,1587.16303,1564.69484,1773.732264,1751.660295,1735.661346,1773.732264,3467.428483,3308.041232,4005.522248,3497.894728,3536.084171,4005.522248,3599.171337,3876.060464,4005.522248,3284.704532,4177.205603,4005.522248,898.405455,893.1777496,0.001001968,0.001005531,0.001008742,0.001011081,1696.367611,1696.367611,1696.367611,4416.134383,4416.134383,4416.134383,4416.134383,4416.134383
8/18/1996,1385.985938,1322.412438,1538.469817,1594.32571,1564.69484,1538.469817,3723.87088,3143.362101,4305.988809,3806.634487,3308.041232,4305.988809,3896.246068,3536.084171,4305.988809,4125.43031,3876.060464,4305.988809,749.6972414,745.4503266,0.001001968,0.001005531,0.001008742,0.001011081,1692.023409,1692.023409,1692.023409,4446.216678,4446.216678,4446.216678,4446.216678,4446.216678
8/19/1996,1150.1091,1187.103586,1266.772945,1323.921707,1322.412438,1266.772945,2946.667252,3186.476885,3376.941291,3026.668213,3143.362101,3376.941291,3189.088169,3308.041232,3376.941291,3410.053656,3536.084171,3376.941291,594.3006517,591.0515179,0.001001968,0.001005531,0.001008742,0.001011081,1594.633317,1594.633317,1594.633317,4389.566822,4389.566822,4389.566822,4389.566822,4389.566822
8/20/1996,1056.464154,1154.030141,1158.52215,1187.247364,1187.103586,1158.52215,2709.603357,2955.848444,3094.297896,2757.847304,3186.476885,3094.297896,2892.004819,3143.362101,3094.297896,3095.372323,3308.041232,3094.297896,526.915278,524.0885045,0.001001968,0.001005531,0.001008742,0.001011081,1494.608678,1494.608678,1494.608678,4147.209872,4147.209872,4147.209872,4147.209872,4147.209872
8/21/1996,1036.522132,1185.016884,1137.717736,1154.223546,1154.030141,1137.717736,2649.892356,3495.051642,3025.995368,2686.364743,2955.848444,3025.995368,2782.262439,3186.476885,3025.995368,2889.19442,3143.362101,3025.995368,523.1372656,520.3339628,0.001001968,0.001005531,0.001008742,0.001011081,1426.046652,1426.046652,1426.046652,3775.349535,3775.349535,3775.349535,3775.349535,3775.349535
8/22/1996,1064.991374,1275.789685,1171.247749,1185.260061,1185.016884,1171.247749,2698.909613,3589.218959,3084.889604,2735.926305,3495.051642,3084.889604,2800.477094,2955.848444,3084.889604,2820.506915,3186.476885,3084.889604,545.4788004,542.5363693,0.001001968,0.001005531,0.001008742,0.001011081,1380.709695,1380.709695,1380.709695,3581.309156,3581.309156,3581.309156,3581.309156,3581.309156
8/23/1996,1064.501616,1453.225585,1171.496416,1186.271696,1275.789685,1171.496416,2768.34074,3593.961453,3169.721723,2803.634791,3589.218959,3169.721723,2874.793125,3495.051642,3169.721723,2930.046723,2955.848444,3169.721723,548.2954068,545.3353797,0.001001968,0.001005531,0.001008742,0.001011081,1358.113626,1358.113626,1358.113626,3501.67163,3501.67163,3501.67163,3501.67163,3501.67163
8/24/1996,1347.196641,1818.170278,1472.159506,1354.277144,1453.225585,1472.159506,2886.482351,2725.226231,3277.359882,2805.077732,3593.961453,3277.359882,2875.916037,3589.218959,3277.359882,2715.336371,3495.051642,3277.359882,607.4038238,604.0717809,0.001001968,0.001005531,0.001008742,0.001011081,1305.156037,1305.156037,1305.156037,3426.61573,3426.61573,3426.61573,3426.61573,3426.61573
8/25/1996,1721.181398,1366.920457,1910.03031,1900.180711,1818.170278,1910.03031,3670.924184,2963.128112,4229.119616,3716.617752,2725.226231,4229.119616,3661.087815,3593.961453,4229.119616,3367.091849,3589.218959,4229.119616,865.3871929,860.3792013,0.001001968,0.001005531,0.001008742,0.001011081,1323.373062,1323.373062,1323.373062,3362.635288,3362.635288,3362.635288,3362.635288,3362.635288
8/26/1996,1247.714346,1237.951899,1376.665516,1426.060356,1366.920457,1376.665516,3105.24703,3126.864473,3566.305296,3183.135743,2963.128112,3566.305296,3419.849435,2725.226231,3566.305296,3616.613092,3593.961453,3566.305296,628.6477842,625.1808126,0.001001968,0.001005531,0.001008742,0.001011081,1347.73031,1347.73031,1347.73031,3354.181393,3354.181393,3354.181393,3354.181393,3354.181393
8/27/1996,991.1839274,1121.09078,1085.212169,1138.649953,1237.951899,1085.212169,2571.132065,3130.368739,2933.931241,2642.225768,3126.864473,2933.931241,2783.138374,2963.128112,2933.931241,3188.138165,2725.226231,2933.931241,483.5165417,480.9579477,0.001001968,0.001005531,0.001008742,0.001011081,1342.923253,1342.923253,1342.923253,3360.012239,3360.012239,3360.012239,3360.012239,3360.012239
8/28/1996,1273.213011,1682.906669,1355.973703,1150.442831,1121.09078,1355.973703,2266.684153,3087.439498,2499.56883,2090.789087,3130.368739,2499.56883,2144.492101,3126.864473,2499.56883,2225.129629,2963.128112,2499.56883,395.439555,393.4146611,0.001001968,0.001005531,0.001008742,0.001011081,1338.318617,1338.318617,1338.318617,3272.230543,3272.230543,3272.230543,3272.230543,3272.230543
8/29/1996,1508.473109,1306.649281,1671.370657,1736.675054,1682.906669,1671.370657,2976.79054,2797.953936,3420.654237,3092.504307,3087.439498,3420.654237,2984.949958,3130.368739,3420.654237,2663.967499,3126.864473,3420.654237,778.0563059,773.6241523,0.001001968,0.001005531,0.001008742,0.001011081,1385.356247,1385.356247,1385.356247,3258.901545,3258.901545,3258.901545,3258.901545,3258.901545
8/30/1996,1135.518208,1102.791042,1245.806761,1309.890582,1306.649281,1245.806761,2804.076243,2631.11015,3207.567731,2890.537104,2797.953936,3207.567731,3113.402224,3087.439498,3207.567731,3210.130213,3130.368739,3207.567731,557.5785908,554.5604826,0.001001968,0.001005531,0.001008742,0.001011081,1424.296685,1424.296685,1424.296685,3272.880522,3272.880522,3272.880522,3272.880522,3272.880522
8/31/1996,954.4995468,972.4571228,1039.690081,1103.611975,1102.791042,1039.690081,2326.632239,2512.502162,2641.66719,2408.621768,2631.11015,2641.66719,2548.014724,2797.953936,2641.66719,2859.822787,3087.439498,2641.66719,440.6124844,438.315747,0.001001968,0.001005531,0.001008742,0.001011081,1403.04437,1403.04437,1403.04437,3281.527873,3281.527873,3281.527873,3281.527873,3281.527873
9/1/1996,875.5747312,954.5272356,949.1557499,973.1387572,972.4571228,949.1557499,2255.828916,2421.524756,2556.691097,2292.481567,2512.502162,2556.691097,2408.709467,2631.11015,2556.691097,2591.040194,2797.953936,2556.691097,385.2554396,383.2912415,0.001001968,0.001005531,0.001008742,0.001011081,1307.888265,1307.888265,1307.888265,3155.135284,3155.135284,3155.135284,3155.135284,3155.135284
9/2/1996,863.9910273,926.6305738,940.4472383,955.1109568,954.5272356,940.4472383,2231.910086,2448.078657,2535.664714,2260.424432,2421.524756,2535.664714,2338.625454,2512.502162,2535.664714,2432.701553,2631.11015,2535.664714,400.6928759,398.6365853,0.001001968,0.001005531,0.001008742,0.001011081,1223.48995,1223.48995,1223.48995,2989.757962,2989.757962,2989.757962,2989.757962,2989.757962
9/3/1996,839.3357433,897.2938574,914.6662445,927.1449304,926.6305738,914.6662445,2185.981818,2404.860723,2485.755336,2212.052121,2448.078657,2485.755336,2279.566324,2421.524756,2485.755336,2356.423141,2512.502162,2485.755336,396.3357086,394.3054629,0.001001968,0.001005531,0.001008742,0.001011081,1184.779223,1184.779223,1184.779223,2854.685762,2854.685762,2854.685762,2854.685762,2854.685762
9/4/1996,812.7228411,879.1291034,886.0038331,897.191142,897.2938574,886.0038331,2111.133685,3117.083026,2399.294744,2135.988985,2404.860723,2399.294744,2200.03745,2448.078657,2399.294744,2263.712401,2421.524756,2399.294744,387.3366823,385.3600988,0.001001968,0.001005531,0.001008742,0.001011081,1151.425007,1151.425007,1151.425007,2842.328971,2842.328971,2842.328971,2842.328971,2842.328971
9/5/1996,799.9649632,905.4238746,871.7335999,877.3330245,879.1291034,871.7335999,2064.313694,3283.000183,2343.818884,2083.788282,3117.083026,2343.818884,2140.301672,2404.860723,2343.818884,2191.373444,2448.078657,2343.818884,380.3348083,378.3998545,0.001001968,0.001005531,0.001008742,0.001011081,1063.509286,1063.509286,1063.509286,2758.917041,2758.917041,2758.917041,2758.917041,2758.917041
9/6/1996,804.3406993,1023.118136,879.890357,890.609511,905.4238746,879.890357,2109.893247,3355.573708,2403.888482,2134.714341,3283.000183,2403.888482,2187.584995,3117.083026,2403.888482,2218.844322,2404.860723,2403.888482,399.069373,397.0227916,0.001001968,0.001005531,0.001008742,0.001011081,983.1541228,983.1541228,983.1541228,2637.768548,2637.768548,2637.768548,2637.768548,2637.768548
9/7/1996,913.5384006,1348.079835,1004.649162,1005.23562,1023.118136,1004.649162,2475.973831,3042.936466,2804.254882,2503.973612,3355.573708,2804.254882,2543.334013,3283.000183,2804.254882,2203.685103,3117.083026,2804.254882,467.7500338,465.2880608,0.001001968,0.001005531,0.001008742,0.001011081,952.4876704,952.4876704,952.4876704,2562.080891,2562.080891,2562.080891,2562.080891,2562.080891
9/8/1996,1264.284668,1282.008946,1407.802654,1360.183705,1348.079835,1407.802654,3339.445291,2702.342551,3837.286983,3326.268142,3042.936466,3837.286983,3314.371105,3355.573708,3837.286983,3163.545479,3283.000183,3837.286983,696.0830483,692.1838097,0.001001968,0.001005531,0.001008742,0.001011081,981.8671766,981.8671766,981.8671766,2641.315003,2641.315003,2641.315003,2641.315003,2641.315003
9/9/1996,1204.427384,1114.595169,1335.879473,1299.503725,1282.008946,1335.879473,3010.395236,2496.212299,3458.710811,3004.509462,2702.342551,3458.710811,3097.713749,3042.936466,3458.710811,3195.149517,3355.573708,3458.710811,651.2972595,647.6857588,0.001001968,0.001005531,0.001008742,0.001011081,1026.921597,1026.921597,1026.921597,2741.971157,2741.971157,2741.971157,2741.971157,2741.971157
9/10/1996,979.7915869,877.4780994,1083.26772,1118.782635,1114.595169,1083.26772,2645.164837,2542.594767,3034.865241,2700.218535,2496.212299,3034.865241,2810.047629,2702.342551,3034.865241,3030.595882,3042.936466,3034.865241,531.9896985,529.131364,0.001001968,0.001005531,0.001008742,0.001011081,1057.176997,1057.176997,1057.176997,2852.304924,2852.304924,2852.304924,2852.304924,2852.304924
9/11/1996,771.2235456,803.1580074,843.6243751,877.7746332,877.4780994,843.6243751,2212.547617,3184.893158,2519.97891,2257.201802,2542.594767,2519.97891,2390.407154,2496.212299,2519.97891,2634.881579,2702.342551,2519.97891,387.4793709,385.5019379,0.001001968,0.001005531,0.001008742,0.001011081,1064.588529,1064.588529,1064.588529,2919.44937,2919.44937,2919.44937,2919.44937,2919.44937
9/12/1996,720.3289214,808.946602,786.7081673,803.3282865,803.1580074,786.7081673,2018.393292,2802.887757,2292.932503,2045.808772,3184.893158,2292.932503,2129.545368,2542.594767,2292.932503,2291.985626,2496.212299,2292.932503,358.8277898,357.0200107,0.001001968,0.001005531,0.001008742,0.001011081,1058.65941,1058.65941,1058.65941,2941.815411,2941.815411,2941.815411,2941.815411,2941.815411
9/13/1996,720.3946185,1093.692423,790.7302979,801.228995,808.946602,790.7302979,2027.89015,3710.219495,2310.074484,2050.810918,2802.887757,2310.074484,2116.251779,3184.893158,2310.074484,2162.445278,2542.594767,2310.074484,379.2079589,377.2796947,0.001001968,0.001005531,0.001008742,0.001011081,1048.051482,1048.051482,1048.051482,2931.992853,2931.992853,2931.992853,2931.992853,2931.992853
9/14/1996,961.2384686,893.6441955,1090.052642,1096.361409,1093.692423,1090.052642,2419.832508,4315.652177,2813.868663,2459.610401,3710.219495,2813.868663,2546.800528,2802.887757,2813.868663,2305.057223,3184.893158,2813.868663,653.9942726,650.3655167,0.001001968,0.001005531,0.001008742,0.001011081,1063.871103,1063.871103,1063.871103,2914.75996,2914.75996,2914.75996,2914.75996,2914.75996
9/15/1996,826.7325649,840.0067943,912.6898022,898.5443905,893.6441955,912.6898022,2818.676146,6834.002287,3249.890725,2808.448025,4315.652177,3249.890725,2840.924777,3710.219495,3249.890725,3115.446728,2802.887757,3249.890725,452.2024952,449.8353576,0.001001968,0.001005531,0.001008742,0.001011081,1012.220389,1012.220389,1012.220389,2884.156862,2884.156862,2884.156862,2884.156862,2884.156862
9/16/1996,740.3766336,1649.788516,818.6790699,828.5435715,840.0067943,818.6790699,2175.903907,7399.775754,2496.138798,2197.340422,6834.002287,2496.138798,2277.106019,4315.652177,2496.138798,2343.820423,3710.219495,2496.138798,419.8527755,417.6814828,0.001001968,0.001005531,0.001008742,0.001011081,949.0336004,949.0336004,949.0336004,2808.811128,2808.811128,2808.811128,2808.811128,2808.811128
9/17/1996,1277.301012,5327.710273,1452.799671,1394.636904,1649.788516,1452.799671,3936.543938,7586.094894,4598.412098,3919.753633,7399.775754,4598.412098,3941.558166,6834.002287,4598.412098,3260.239236,4315.652177,4598.412098,858.1197059,853.1599317,0.001001968,0.001005531,0.001008742,0.001011081,966.1296621,966.1296621,966.1296621,2886.638711,2886.638711,2886.638711,2886.638711,2886.638711
9/18/1996,4793.615405,3738.453482,5660.418546,5428.577814,5327.710273,5660.418546,7788.447643,6579.647702,9474.681975,7892.619655,7586.094894,9474.681975,7417.761725,7399.775754,9474.681975,4541.861732,6834.002287,9474.681975,3413.036364,3389.297583,0.001001968,0.001005531,0.001008742,0.001011081,1432.757781,1432.757781,1432.757781,3175.530591,3175.530591,3175.530591,3175.530591,3175.530591
9/19/1996,4139.672678,4721.309584,4602.474902,3841.055659,3738.453482,4602.474902,8596.882894,5607.826587,10017.57018,7959.091607,6579.647702,10017.57018,8275.480828,7586.094894,10017.57018,8912.749471,7399.775754,10017.57018,1932.183678,1919.680739,0.001001968,0.001005531,0.001008742,0.001011081,1860.369075,1860.369075,1860.369075,4009.972709,4009.972709,4009.972709,4009.972709,4009.972709
9/20/1996,4024.754642,2884.76317,4724.116683,4734.348065,4721.309584,4724.116683,6313.874131,4888.743708,7676.976583,6564.440548,5607.826587,7676.976583,7274.089779,6579.647702,7676.976583,6445.861144,7586.094894,7676.976583,2997.405271,2976.888737,0.001001968,0.001005531,0.001008742,0.001011081,2427.258522,2427.258522,2427.258522,4854.394944,4854.394944,4854.394944,4854.394944,4854.394944
9/21/1996,2031.672876,1568.692724,2320.639893,2882.006313,2884.76317,2320.639893,5024.908493,4350.792659,5935.344215,5651.445244,4888.743708,5935.344215,6043.830759,5607.826587,5935.344215,7920.125239,6579.647702,5935.344215,1344.816933,1336.52975,0.001001968,0.001005531,0.001008742,0.001011081,2709.447541,2709.447541,2709.447541,5538.292557,5538.292557,5538.292557,5538.292557,5538.292557
9/22/1996,1247.36103,1265.454608,1359.437353,1537.597985,1568.692724,1359.437353,2775.836846,4459.849171,3144.758545,2984.903263,4350.792659,3144.758545,3624.986889,4888.743708,3144.758545,4557.250431,5607.826587,3144.758545,559.6206533,556.589751,0.001001968,0.001005531,0.001008742,0.001011081,2881.527101,2881.527101,2881.527101,5984.141155,5984.141155,5984.141155,5984.141155,5984.141155
9/23/1996,1179.150487,1603.444164,1233.935307,1281.497007,1265.454608,1233.935307,3557.032529,4248.191834,3978.149682,3605.742113,4459.849171,3978.149682,3570.738526,4350.792659,3978.149682,4351.757632,4888.743708,3978.149682,235.5366587,234.434263,0.001001968,0.001005531,0.001008742,0.001011081,2937.564375,2937.564375,2937.564375,6301.069188,6301.069188,6301.069188,6301.069188,6301.069188
9/24/1996,2053.956125,3280.270652,2178.536376,1599.948652,1603.444164,2178.536376,4430.752568,4480.810565,4966.730259,3872.452535,4248.191834,4966.730259,3964.047283,4459.849171,4966.730259,3760.04729,4350.792659,4966.730259,595.6423299,592.3847179,0.001001968,0.001005531,0.001008742,0.001011081,2987.408254,2987.408254,2987.408254,6386.465315,6386.465315,6386.465315,6386.465315,6386.465315
9/25/1996,2746.631111,2069.859443,3158.817865,3290.22735,3280.270652,3158.817865,5181.745818,3743.59559,6151.123198,5442.480536,4480.810565,6151.123198,5361.883409,4248.191834,6151.123198,4178.976059,4459.849171,6151.123198,1846.692067,1834.813495,0.001001968,0.001005531,0.001008742,0.001011081,2789.833394,2789.833394,2789.833394,6295.689276,6295.689276,6295.689276,6295.689276,6295.689276
9/26/1996,1735.280348,1650.991626,1911.82609,2080.198186,2069.859443,1911.82609,4112.943741,6205.335963,4730.384273,4318.437984,3743.59559,4730.384273,4641.50872,4480.810565,4730.384273,5300.076895,4248.191834,4730.384273,854.0764685,849.1434972,0.001001968,0.001005531,0.001008742,0.001011081,2566.859934,2566.859934,2566.859934,5791.595329,5791.595329,5791.595329,5791.595329,5791.595329
9/27/1996,1380.161347,1601.205422,1513.669048,1647.576884,1650.991626,1513.669048,2535.729185,6232.091911,2866.314019,2714.058329,6205.335963,2866.314019,3058.010959,3743.59559,2866.314019,3490.177615,4480.810565,2866.314019,667.2951072,663.5811164,0.001001968,0.001005531,0.001008742,0.001011081,2150.927075,2150.927075,2150.927075,5245.216311,5245.216311,5245.216311,5245.216311,5245.216311
9/28/1996,1228.222987,2830.80076,1327.778867,1336.428687,1601.205422,1327.778867,3100.210687,6375.86847,3514.34682,3124.917967,6232.091911,3514.34682,3339.884006,6205.335963,3514.34682,3771.83399,3743.59559,3514.34682,509.7083883,506.9883227,0.001001968,0.001005531,0.001008742,0.001011081,1927.333815,1927.333815,1927.333815,4782.283193,4782.283193,4782.283193,4782.283193,4782.283193
9/29/1996,2991.255399,2828.068657,3315.693823,2930.270423,2830.80076,3315.693823,4690.534635,6024.857365,5368.420923,4453.800126,6375.86847,5368.420923,4155.280645,6232.091911,5368.420923,3125.909353,6205.335963,5368.420923,1283.9653,1276.103726,0.001001968,0.001005531,0.001008742,0.001011081,1971.51246,1971.51246,1971.51246,4410.0037,4410.0037,4410.0037,4410.0037,4410.0037
9/30/1996,3614.973824,5321.650483,3858.415673,2925.750776,2828.068657,3858.415673,7559.275085,6027.98439,8574.217604,6668.019522,6024.857365,8574.217604,6468.849629,6375.86847,8574.217604,6518.653598,6232.091911,8574.217604,1056.795297,1050.499855,0.001001968,0.001005531,0.001008742,0.001011081,2164.667239,2164.667239,2164.667239,4659.958154,4659.958154,4659.958154,4659.958154,4659.958154
10/1/1996,4298.660571,2961.327455,4997.586019,5328.291873,5321.650483,4997.586019,7168.574976,4885.969799,8648.761419,7726.609376,6027.98439,8648.761419,7787.24149,6024.857365,8648.761419,5724.794815,6375.86847,8648.761419,2991.175399,2970.706806,0.001001968,0.001005531,0.001008742,0.001011081,2610.125605,2610.125605,2610.125605,5002.853256,5002.853256,5002.853256,5002.853256,5002.853256
10/2/1996,2122.257737,1695.586475,2345.748661,2948.013038,2961.327455,2345.748661,5260.042217,3926.067297,6097.174456,5901.811633,4885.969799,6097.174456,6469.283978,6027.98439,6097.174456,7944.406771,6024.857365,6097.174456,1050.542321,1044.289436,0.001001968,0.001005531,0.001008742,0.001011081,2684.033552,2684.033552,2684.033552,5407.154086,5407.154086,5407.154086,5407.154086,5407.154086
10/3/1996,1438.083512,1704.649618,1522.4763,1705.693991,1695.586475,1522.4763,2544.346012,3508.817307,2793.055759,2756.878309,3926.067297,2793.055759,3428.788473,4885.969799,2793.055759,4495.546837,6027.98439,2793.055759,411.2598206,409.140199,0.001001968,0.001005531,0.001008742,0.001011081,2689.349034,2689.349034,2689.349034,5596.020238,5596.020238,5596.020238,5596.020238,5596.020238
10/4/1996,1520.05108,1631.576938,1648.256939,1712.917384,1704.649618,1648.256939,3753.573648,3603.820763,4281.373286,3839.189864,3508.817307,4281.373286,4112.563344,3926.067297,4281.373286,4595.373441,4885.969799,4281.373286,627.8843237,624.4222118,0.001001968,0.001005531,0.001008742,0.001011081,2693.846803,2693.846803,2693.846803,5673.710945,5673.710945,5673.710945,5673.710945,5673.710945
10/5/1996,1436.11529,1474.917732,1569.243249,1632.637241,1631.576938,1569.243249,3568.450907,7394.717214,4086.737992,3655.13327,3603.820763,4086.737992,3838.120725,3508.817307,4086.737992,4091.8913,3926.067297,4086.737992,657.4729988,653.8219725,0.001001968,0.001005531,0.001008742,0.001011081,2727.79516,2727.79516,2727.79516,5672.630426,5672.630426,5672.630426,5672.630426,5672.630426
10/6/1996,1303.415279,1364.087378,1420.039678,1475.475874,1474.917732,1420.039678,2990.343344,8440.588113,3403.310511,3071.363333,7394.717214,3403.310511,3229.987364,3603.820763,3403.310511,3451.922598,3508.817307,3403.310511,583.6048379,580.4231986,0.001001968,0.001005531,0.001008742,0.001011081,2606.61176,2606.61176,2606.61176,5658.626488,5658.626488,5658.626488,5658.626488,5658.626488
10/7/1996,1217.751585,1814.333564,1325.049171,1364.426688,1364.087378,1325.049171,2722.320324,7522.059722,3089.453191,2786.948763,8440.588113,3089.453191,2927.81523,7394.717214,3089.453191,3089.822785,3603.820763,3089.453191,541.8784838,538.9585266,0.001001968,0.001005531,0.001008742,0.001011081,2439.070273,2439.070273,2439.070273,5165.026821,5165.026821,5165.026821,5165.026821,5165.026821
10/8/1996,1158.561347,2711.82874,1261.327108,1293.321081,1814.333564,1261.327108,2904.079169,6136.151766,3308.053441,2954.448705,7522.059722,3308.053441,3068.199222,8440.588113,3308.053441,3192.967894,7394.717214,3308.053441,522.2512636,519.4534617,0.001001968,0.001005531,0.001008742,0.001011081,1952.682191,1952.682191,1952.682191,4683.203478,4683.203478,4683.203478,4683.203478,4683.203478
10/9/1996,2536.965105,3127.442979,2844.606026,2773.729405,2711.82874,2844.606026,7794.78878,5449.348031,9139.09421,7789.98748,6136.151766,9139.09421,7656.129291,7522.059722,9139.09421,6436.073425,8440.588113,9139.09421,1202.615416,1195.31896,0.001001968,0.001005531,0.001008742,0.001011081,1828.334511,1828.334511,1828.334511,4789.458756,4789.458756,4789.458756,4789.458756,4789.458756
10/10/1996,3228.952844,2635.765477,3612.095805,3358.820941,3127.442979,3612.095805,9271.810682,4711.947005,10889.70387,9089.486005,5449.348031,10889.70387,8976.321728,6136.151766,10889.70387,8593.020303,7522.059722,10889.70387,1543.014473,1533.325308,0.001001968,0.001005531,0.001008742,0.001011081,1933.743873,1933.743873,1933.743873,5230.97378,5230.97378,5230.97378,5230.97378,5230.97378
10/11/1996,2426.857031,2015.630056,2705.9585,2704.227974,2635.765477,2705.9585,6499.994838,3980.717188,7581.901681,6550.337012,4711.947005,7581.901681,6820.847988,5449.348031,7581.901681,7249.41163,6136.151766,7581.901681,1229.244184,1221.763245,0.001001968,0.001005531,0.001008742,0.001011081,2062.193974,2062.193974,2062.193974,5643.119051,5643.119051,5643.119051,5643.119051,5643.119051
10/12/1996,1748.395059,1706.324726,1933.279785,2026.404514,2015.630056,1933.279785,4266.752549,3652.793006,4911.222033,4403.153118,3980.717188,4911.222033,4763.488272,4711.947005,4911.222033,5377.94386,5449.348031,4911.222033,861.5662949,856.5836602,0.001001968,0.001005531,0.001008742,0.001011081,2138.089535,2138.089535,2138.089535,5928.543932,5928.543932,5928.543932,5928.543932,5928.543932
10/13/1996,1474.603928,1428.087135,1621.610511,1714.023672,1706.324726,1621.610511,3693.841628,3406.22044,4230.999764,3819.563061,3652.793006,4230.999764,4050.21167,3980.717188,4230.999764,4535.906297,4711.947005,4230.999764,698.9161438,694.998619,0.001001968,0.001005531,0.001008742,0.001011081,2180.205343,2180.205343,2180.205343,6128.444585,6128.444585,6128.444585,6128.444585,6128.444585
10/14/1996,1248.670299,1258.186652,1358.661442,1432.900688,1428.087135,1358.661442,3277.798324,3169.442681,3732.749211,3372.287049,3406.22044,3732.749211,3537.699628,3652.793006,3732.749211,3948.589036,3980.717188,3732.749211,532.1650548,529.305629,0.001001968,0.001005531,0.001008742,0.001011081,2195.461079,2195.461079,2195.461079,6261.657469,6261.657469,6261.657469,6261.657469,6261.657469
10/15/1996,1142.881815,1284.159022,1239.094391,1261.004753,1258.186652,1239.094391,2903.047933,12894.8194,3292.622798,2943.881862,3169.442681,3292.622798,3103.736561,3406.22044,3292.622798,3338.231771,3652.793006,3292.622798,472.2558778,469.7663374,0.001001968,0.001005531,0.001008742,0.001011081,2198.837615,2198.837615,2198.837615,6291.202247,6291.202247,6291.202247,6291.202247,6291.202247
10/16/1996,1159.292189,1215.717224,1269.196288,1285.920679,1284.159022,1269.196288,2922.07559,18883.41522,3336.315818,2961.819541,12894.8194,3336.315818,3069.837376,3169.442681,3336.315818,3173.942369,3406.22044,3336.315818,541.3675314,538.4507621,0.001001968,0.001005531,0.001008742,0.001011081,2031.286787,2031.286787,2031.286787,5650.099837,5650.099837,5650.099837,5650.099837,5650.099837
10/17/1996,1088.665958,1191.618892,1190.42315,1216.76621,1215.717224,1190.42315,2801.629076,25716.92743,3196.489475,2848.159497,18883.41522,3196.489475,2939.412647,12894.8194,3196.489475,3067.386564,3169.442681,3196.489475,505.5427161,502.84841,0.001001968,0.001005531,0.001008742,0.001011081,1772.968733,1772.968733,1772.968733,4788.338524,4788.338524,4788.338524,4788.338524,4788.338524
10/18/1996,1029.244333,5566.457401,1123.051613,1140.147013,1191.618892,1123.051613,2599.027259,27965.50867,2956.375116,2635.828012,25716.92743,2956.375116,2731.58483,18883.41522,2956.375116,2834.589351,12894.8194,2956.375116,469.8670344,467.3921139,0.001001968,0.001005531,0.001008742,0.001011081,1539.943029,1539.943029,1539.943029,4106.544449,4106.544449,4106.544449,4106.544449,4106.544449
10/19/1996,1824.078751,7880.912787,2048.127203,1993.238498,5566.457401,2048.127203,13387.75083,23119.36929,15791.32315,13278.75467,27965.50867,15791.32315,13084.43977,25716.92743,15791.32315,10769.45685,18883.41522,15791.32315,1018.393084,1012.358501,0.001001968,0.001005531,0.001008742,0.001011081,1465.608549,1465.608549,1465.608549,5265.583845,5265.583845,5265.583845,5265.583845,5265.583845
10/20/1996,9301.151284,6530.665751,10479.12485,9815.375664,7880.912787,10479.12485,30499.18638,16461.7308,35473.26054,30409.77312,23119.36929,35473.26054,28600.99185,27965.50867,35473.26054,19760.96753,25716.92743,35473.26054,2942.804295,2922.707556,0.001001968,0.001005531,0.001008742,0.001011081,2281.347103,2281.347103,2281.347103,8509.509459,8509.509459,8509.509459,8509.509459,8509.509459
10/21/1996,9719.093258,13200.52224,10449.28126,7653.855957,6530.665751,10449.28126,29851.41814,13991.22896,34595.30212,27155.95052,16461.7308,34595.30212,26873.32254,23119.36929,34595.30212,30584.07889,27965.50867,34595.30212,2284.113185,2269.007515,0.001001968,0.001005531,0.001008742,0.001011081,3096.069793,3096.069793,3096.069793,12382.74629,12382.74629,12382.74629,12382.74629,12382.74629
10/22/1996,11897.89564,10397.31565,14019.33541,13268.17589,13200.52224,14019.33541,24276.53613,12508.79546,29577.72583,24141.11795,13991.22896,29577.72583,25089.69657,16461.7308,29577.72583,21424.3956,23119.36929,29577.72583,8148.879918,8086.165022,0.001001968,0.001005531,0.001008742,0.001011081,4668.58158,4668.58158,4668.58158,15319.77885,15319.77885,15319.77885,15319.77885,15319.77885
10/23/1996,7282.948645,4118.78421,8532.392088,10376.53534,10397.31565,8532.392088,18669.56399,9429.299719,22592.74952,20795.77731,12508.79546,22592.74952,21419.97371,13991.22896,22592.74952,24736.9244,16461.7308,22592.74952,5020.180488,4983.614367,0.001001968,0.001005531,0.001008742,0.001011081,5913.210555,5913.210555,5913.210555,17904.94687,17904.94687,17904.94687,17904.94687,17904.94687
10/24/1996,3077.30098,3266.238681,3252.724389,4139.510872,4118.78421,3252.724389,5901.662287,7643.213555,6467.220352,6862.587526,9429.299719,6467.220352,8930.226539,12508.79546,6467.220352,13153.38552,13991.22896,6467.220352,729.8390265,725.7212818,0.001001968,0.001005531,0.001008742,0.001011081,6603.947661,6603.947661,6603.947661,19847.00409,19847.00409,19847.00409,19847.00409,19847.00409
10/25/1996,2873.656436,3355.689712,3074.529363,3286.377993,3266.238681,3074.529363,5966.846826,6735.457998,6644.799751,6247.094573,7643.213555,6644.799751,7358.638739,9429.299719,6644.799751,9401.15747,12508.79546,6644.799751,872.1651685,867.1121604,0.001001968,0.001005531,0.001008742,0.001011081,7043.907925,7043.907925,7043.907925,21125.1421,21125.1421,21125.1421,21125.1421,21125.1421
10/26/1996,2891.435726,2869.604478,3186.757,3358.579897,3355.689712,3186.757,8112.059218,6376.171931,9368.580118,8334.299582,6735.457998,9368.580118,8851.723142,7643.213555,9368.580118,9618.938888,9429.299719,9368.580118,1307.318105,1299.29348,0.001001968,0.001005531,0.001008742,0.001011081,7323.232903,7323.232903,7323.232903,20440.78261,20440.78261,20440.78261,20440.78261,20440.78261
10/27/1996,2464.733842,2471.564342,2701.961263,2870.632123,2869.604478,2701.961263,6675.605018,6134.002626,7662.605968,6889.384695,6376.171931,7662.605968,7272.501806,6735.457998,7662.605968,8089.640815,7643.213555,7662.605968,1066.12735,1059.768336,0.001001968,0.001005531,0.001008742,0.001011081,6687.553961,6687.553961,6687.553961,17612.8937,17612.8937,17612.8937,17612.8937,17612.8937
10/28/1996,2186.997268,2480.000486,2377.174352,2448.403645,2471.564342,2377.174352,5362.877597,5803.373359,6092.293937,5479.569562,6134.002626,6092.293937,5818.161963,6376.171931,6092.293937,6433.093074,6735.457998,6092.293937,865.1552285,860.1487767,0.001001968,0.001005531,0.001008742,0.001011081,6034.030719,6034.030719,6034.030719,14110.45543,14110.45543,14110.45543,14110.45543,14110.45543
10/29/1996,2274.029737,2662.638924,2478.460917,2490.043795,2480.000486,2478.460917,5315.449542,5512.358881,6036.421667,5384.204737,5803.373359,6036.421667,5554.639945,6134.002626,6036.421667,5744.275884,6376.171931,6036.421667,916.7370358,911.3868976,0.001001968,0.001005531,0.001008742,0.001011081,4626.874681,4626.874681,4626.874681,11538.19785,11538.19785,11538.19785,11538.19785,11538.19785
10/30/1996,2364.621098,2381.339376,2607.626528,2648.840728,2662.638924,2607.626528,5430.816834,4971.120198,6228.896643,5538.143916,5512.358881,6228.896643,5717.437122,5803.373359,6228.896643,5761.613295,6134.002626,6228.896643,1093.834365,1087.286197,0.001001968,0.001005531,0.001008742,0.001011081,3572.160209,3572.160209,3572.160209,9334.970302,9334.970302,9334.970302,9334.970302,9334.970302
10/31/1996,2099.709808,2099.832185,2314.247548,2388.911347,2381.339376,2314.247548,5028.167687,4636.690815,5765.661863,5158.243814,4971.120198,5765.661863,5457.067579,5512.358881,5765.661863,5684.180662,5803.373359,5765.661863,974.8124979,969.0724527,0.001001968,0.001005531,0.001008742,0.001011081,3066.049268,3066.049268,3066.049268,7785.423201,7785.423201,7785.423201,7785.423201,7785.423201
11/1/1996,1876.309671,1935.162502,2057.536558,2108.913621,2099.832185,2057.536558,4458.533631,4441.965468,5092.369982,4556.205982,4636.690815,5092.369982,4810.474864,4971.120198,5092.369982,5235.494946,5512.358881,5092.369982,836.7872589,831.9687139,0.001001968,0.001005531,0.001008742,0.001011081,2777.873151,2777.873151,2777.873151,6858.336506,6858.336506,6858.336506,6858.336506,6858.336506
11/2/1996,1719.844596,1775.835978,1881.901071,1933.673009,1935.162502,1881.901071,4177.690626,4258.725924,4763.588523,4269.236322,4441.965468,4763.588523,4460.41736,4636.690815,4763.588523,4759.671458,4971.120198,4763.588523,757.0240159,752.7293295,0.001001968,0.001005531,0.001008742,0.001011081,2537.854997,2537.854997,2537.854997,6256.546746,6256.546746,6256.546746,6256.546746,6256.546746
11/3/1996,1592.727109,1711.885378,1736.106059,1773.867409,1775.835978,1736.106059,3895.174796,4031.962967,4427.180431,3967.723281,4258.725924,4427.180431,4136.746447,4441.965468,4427.180431,4372.699102,4636.690815,4427.180431,674.5898144,670.8289811,0.001001968,0.001005531,0.001008742,0.001011081,2357.89299,2357.89299,2357.89299,5801.46763,5801.46763,5801.46763,5801.46763,5801.46763
11/4/1996,1554.67853,1682.526599,1696.72096,1709.868425,1711.885378,1696.72096,3773.53691,4318.87872,4289.237333,3822.071898,4031.962967,4289.237333,3975.899268,4258.725924,4289.237333,4112.977743,4441.965468,4289.237333,671.0459553,667.3078871,0.001001968,0.001005531,0.001008742,0.001011081,2229.943885,2229.943885,2229.943885,5460.578285,5460.578285,5460.578285,5460.578285,5460.578285
11/5/1996,1512.173173,1597.601049,1654.759782,1680.491351,1682.526599,1654.759782,3715.236408,2040.218754,4229.966464,3776.305323,4318.87872,4229.966464,3905.082291,4031.962967,4229.966464,4016.59308,4258.725924,4229.966464,675.9438377,672.1743023,0.001001968,0.001005531,0.001008742,0.001011081,2114.429197,2114.429197,2114.429197,5186.498452,5186.498452,5186.498452,5186.498452,5186.498452
11/6/1996,1434.953611,1650.918606,1567.348915,1589.792281,1597.601049,1567.348915,3542.333276,8692.904896,4027.494447,3597.178849,2040.218754,4027.494447,3729.295356,4318.87872,4027.494447,3874.964557,4031.962967,4027.494447,631.0215569,627.5394702,0.001001968,0.001005531,0.001008742,0.001011081,1968.854844,1968.854844,1968.854844,4912.483716,4912.483716,4912.483716,4912.483716,4912.483716
11/7/1996,1492.304887,3296.275295,1635.72376,1622.691565,1650.918606,1635.72376,3463.428977,27756.58661,3939.486985,3491.126924,8692.904896,3939.486985,3611.015845,2040.218754,3939.486985,3641.804433,4318.87872,3939.486985,676.9468961,673.1709126,0.001001968,0.001005531,0.001008742,0.001011081,1840.841712,1840.841712,1840.841712,4622.102476,4622.102476,4622.102476,4622.102476,4622.102476
11/8/1996,1600.678203,5584.853474,1758.082619,1792.07298,3296.275295,1758.082619,4655.121656,30249.98301,5239.467318,4744.351641,27756.58661,5239.467318,4766.525572,8692.904896,5239.467318,3982.178157,2040.218754,5239.467318,723.0749862,719.0011344,0.001001968,0.001005531,0.001008742,0.001011081,1763.204087,1763.204087,1763.204087,4541.365589,4541.365589,4541.365589,4541.365589,4541.365589
11/9/1996,9083.036692,14955.1903,9452.280194,6175.278268,5584.853474,9452.280194,14049.92713,29428.67094,14750.90068,11260.61994,30249.98301,14750.90068,7843.339475,27756.58661,14750.90068,3210.533044,8692.904896,14750.90068,0.001000564,0.001006515,0.001001968,0.001005531,0.001008742,0.001011081,1869.363744,1869.363744,1869.363744,4889.159566,4889.159566,4889.159566,4889.159566,4889.159566
11/10/1996,19420.1157,30516.94197,21254.14279,15495.10063,14955.1903,21254.14279,26390.11789,21473.85685,29885.34027,21415.27823,29428.67094,29885.34027,19719.75895,30249.98301,29885.34027,12442.67331,27756.58661,29885.34027,6586.683699,6537.184775,0.001001968,0.001005531,0.001008742,0.001011081,3349.385184,3349.385184,3349.385184,6339.950717,6339.950717,6339.950717,6339.950717,6339.950717
11/11/1996,23044.30607,12935.61535,28381.57584,30573.3083,30516.94197,28381.57584,39167.37052,15322.478,50050.05472,43033.8793,21473.85685,50050.05472,44944.6735,29428.67094,50050.05472,31028.96845,30249.98301,50050.05472,19214.58903,19052.68813,0.001001968,0.001005531,0.001008742,0.001011081,7020.248291,7020.248291,7020.248291,10120.28465,10120.28465,10120.28465,10120.28465,10120.28465
11/12/1996,7457.318188,3804.0495,8592.500483,12956.52094,12935.61535,8592.500483,20883.79339,9524.985636,25109.8726,25437.52932,15322.478,25109.8726,29030.76227,21473.85685,25109.8726,41780.82568,29428.67094,25109.8726,4566.63248,4533.73803,0.001001968,0.001005531,0.001008742,0.001011081,9030.067249,9030.067249,9030.067249,14427.90972,14427.90972,14427.90972,14427.90972,14427.90972
11/13/1996,2718.700037,3577.030768,2753.053502,3814.83998,3804.0495,2753.053502,3763.966679,7715.324319,3832.453398,4874.872041,9524.985636,3832.453398,9426.107298,15322.478,3832.453398,17077.45918,21473.85685,3832.453398,0.001000564,0.001006515,0.001001968,0.001005531,0.001008742,0.001011081,9988.32289,9988.32289,9988.32289,17943.41775,17943.41775,17943.41775,17943.41775,17943.41775
11/14/1996,3076.095096,3568.186303,3296.623985,3583.972742,3577.030768,3296.623985,7656.896377,6981.027867,8669.174839,7988.361033,7715.324319,8669.174839,9277.421878,9524.985636,8669.174839,13074.12208,15322.478,8669.174839,951.8023389,946.2171419,0.001001968,0.001005531,0.001008742,0.001011081,10432.96186,10432.96186,10432.96186,19347.35934,19347.35934,19347.35934,19347.35934,19347.35934
11/15/1996,3109.268212,3277.694571,3410.655548,3572.688768,3568.186303,3410.655548,8806.293582,5942.143647,10170.68278,9011.676832,6981.027867,10170.68278,9543.053439,7715.324319,10170.68278,10614.14308,9524.985636,10170.68278,1317.162422,1309.068957,0.001001968,0.001005531,0.001008742,0.001011081,10753.42126,10753.42126,10753.42126,19978.46952,19978.46952,19978.46952,19978.46952,19978.46952
11/16/1996,2873.683743,3002.491115,3159.061563,3279.207204,3277.694571,3159.061563,6791.949383,5592.862393,7775.750995,6987.309076,5942.143647,7775.750995,7411.602385,6981.027867,7775.750995,7973.539826,7715.324319,7775.750995,1258.347479,1250.664353,0.001001968,0.001005531,0.001008742,0.001011081,10859.96442,10859.96442,10859.96442,20016.70575,20016.70575,20016.70575,20016.70575,20016.70575
11/17/1996,2709.51193,2955.126729,2970.096677,3000.28143,3002.491115,2970.096677,5756.10267,6138.455028,6557.432395,5864.917544,5592.862393,6557.432395,6231.844419,5942.143647,6557.432395,6776.911754,6981.027867,6557.432395,1159.006368,1152.010943,0.001001968,0.001005531,0.001008742,0.001011081,9569.217645,9569.217645,9569.217645,18883.36137,18883.36137,18883.36137,18883.36137,18883.36137
11/18/1996,2661.488572,2839.48862,2917.490384,2914.232058,2955.126729,2917.490384,5360.117712,6531.852785,6109.961304,5435.947823,6138.455028,6109.961304,5698.927227,5592.862393,6109.961304,6083.343337,5942.143647,6109.961304,1143.843058,1136.951979,0.001001968,0.001005531,0.001008742,0.001011081,6071.874211,6071.874211,6071.874211,15366.90616,15366.90616,15366.90616,15366.90616,15366.90616
11/19/1996,2786.544217,3194.079877,2992.284891,2840.534615,2839.48862,2992.284891,5153.01913,6419.092741,5748.892939,5078.678396,6531.852785,5748.892939,5080.073605,6138.455028,5748.892939,5311.09407,5592.862393,5748.892939,883.8483224,878.7176144,0.001001968,0.001005531,0.001008742,0.001011081,4202.604576,4202.604576,4202.604576,11258.54001,11258.54001,11258.54001,11258.54001,11258.54001
11/20/1996,3208.890407,3876.123599,3461.293244,3213.797321,3194.079877,3461.293244,5517.270608,6072.011168,6168.417605,5363.696495,6419.092741,6168.417605,5401.049784,6531.852785,6168.417605,5094.569112,6138.455028,6168.417605,1100.151101,1093.559724,0.001001968,0.001005531,0.001008742,0.001011081,3447.471743,3447.471743,3447.471743,7982.048694,7982.048694,7982.048694,7982.048694,7982.048694
11/21/1996,3350.881357,3091.121553,3742.784203,3880.459862,3876.123599,3742.784203,6242.565024,5540.966185,7204.151264,6511.929803,6072.011168,7204.151264,6770.798793,6419.092741,7204.151264,6034.233305,6531.852785,7204.151264,1719.25165,1708.297501,0.001001968,0.001005531,0.001008742,0.001011081,3312.31644,3312.31644,3312.31644,6942.684146,6942.684146,6942.684146,6942.684146,6942.684146
11/22/1996,2611.141715,2563.315494,2864.242767,3090.477104,3091.121553,2864.242767,5503.641008,9198.276049,6279.237223,5803.693945,5540.966185,6279.237223,6190.784152,6072.011168,6279.237223,6879.42914,6419.092741,6279.237223,1138.961065,1132.103546,0.001001968,0.001005531,0.001008742,0.001011081,3219.441921,3219.441921,3219.441921,6553.814352,6553.814352,6553.814352,6553.814352,6553.814352
11/23/1996,2274.48704,2470.441212,2467.283444,2562.262413,2563.315494,2467.283444,4299.298072,12595.06862,4843.843523,4458.342202,9198.276049,4843.843523,4869.143696,5540.966185,4843.843523,5501.645624,6072.011168,4843.843523,878.4515885,873.3567884,0.001001968,0.001005531,0.001008742,0.001011081,3122.41745,3122.41745,3122.41745,6300.206912,6300.206912,6300.206912,6300.206912,6300.206912
11/24/1996,2220.905786,2999.430685,2420.008956,2465.098981,2470.441212,2420.008956,4480.404616,9736.651869,5077.159072,4586.584509,12595.06862,5077.159072,4861.956006,9198.276049,5077.159072,5141.035974,5540.966185,5077.159072,910.7907697,905.4803799,0.001001968,0.001005531,0.001008742,0.001011081,3039.297604,3039.297604,3039.297604,6093.352245,6093.352245,6093.352245,6093.352245,6093.352245
11/25/1996,2240.349271,3668.61115,2449.262235,2461.826287,2999.430685,2449.262235,4556.610694,8602.781232,5176.324569,4633.799183,9736.651869,5176.324569,4834.734451,12595.06862,5176.324569,4959.863696,9198.276049,5176.324569,950.4346649,944.858657,0.001001968,0.001005531,0.001008742,0.001011081,2971.279238,2971.279238,2971.279238,5930.979351,5930.979351,5930.979351,5930.979351,5930.979351
11/26/1996,3980.047152,3998.594234,4376.894934,3883.15494,3668.61115,4376.894934,10216.89887,8141.009336,11828.25322,9848.259177,8602.781232,11828.25322,9758.624754,9736.651869,11828.25322,8473.65055,12595.06862,11828.25322,1497.126343,1487.763813,0.001001968,0.001005531,0.001008742,0.001011081,3094.55479,3094.55479,3094.55479,6520.969984,6520.969984,6520.969984,6520.969984,6520.969984
11/27/1996,4405.864716,5241.547295,4761.822127,4153.003742,3998.594234,4761.822127,13115.22849,8192.672478,15211.58392,12534.03067,8141.009336,15211.58392,12136.63842,8602.781232,15211.58392,12432.24672,9736.651869,15211.58392,1437.872823,1428.930286,0.001001968,0.001005531,0.001008742,0.001011081,3173.753828,3173.753828,3173.753828,7621.382712,7621.382712,7621.382712,7621.382712,7621.382712
11/28/1996,4534.483034,3964.23877,5097.084444,5254.572279,5241.547295,5097.084444,9140.597094,13797.6227,10691.7916,9464.503317,8192.672478,10691.7916,9598.936936,8141.009336,10691.7916,8524.545463,8602.781232,10691.7916,2379.917984,2364.095458,0.001001968,0.001005531,0.001008742,0.001011081,3334.141826,3334.141826,3334.141826,8149.087097,8149.087097,8149.087097,8149.087097,8149.087097
11/29/1996,3302.863549,3479.468767,3628.34845,3971.66264,3964.23877,3628.34845,7242.305471,27274.61914,8330.781347,7668.430529,13797.6227,8330.781347,8201.248827,8192.672478,8330.781347,9069.851435,8141.009336,8330.781347,1423.040501,1414.202775,0.001001968,0.001005531,0.001008742,0.001011081,3475.057699,3475.057699,3475.057699,8489.588922,8489.588922,8489.588922,8489.588922,8489.588922
11/30/1996,2709.686509,5404.464918,2929.860433,3112.122111,3479.468767,2929.860433,5298.127396,29039.19079,5975.556388,5549.471986,27274.61914,5975.556388,6111.267643,13797.6227,5975.556388,6975.502978,8192.672478,5975.556388,978.3199908,972.5563008,0.001001968,0.001005531,0.001008742,0.001011081,3573.293851,3573.293851,3573.293851,8764.678612,8764.678612,8764.678612,8764.678612,8764.678612
12/1/1996,3989.546645,10346.76451,4273.339069,3715.395918,5404.464918,4273.339069,7949.739854,28317.03748,8889.473545,7519.39972,29039.19079,8889.473545,7532.927528,27274.61914,8889.473545,6949.100456,13797.6227,8889.473545,1040.040442,1033.858962,0.001001968,0.001005531,0.001008742,0.001011081,3712.417907,3712.417907,3712.417907,9159.387774,9159.387774,9159.387774,9159.387774,9159.387774
12/2/1996,13454.75346,15961.69725,14788.56463,11204.88365,10346.76451,14788.56463,26079.45216,29889.88112,29915.56984,23204.4056,28317.03748,29915.56984,21465.88212,29039.19079,29915.56984,14065.85341,27274.61914,29915.56984,4055.77787,4026.972834,0.001001968,0.001005531,0.001008742,0.001011081,4569.449387,4569.449387,4569.449387,11022.36292,11022.36292,11022.36292,11022.36292,11022.36292
12/3/1996,17892.4929,23637.53092,19835.27815,16592.80237,15961.69725,19835.27815,38055.2396,32173.71926,44754.74299,35333.39338,29889.88112,44754.74299,33488.37943,28317.03748,44754.74299,30639.02274,29039.19079,44754.74299,7031.640832,6978.406828,0.001001968,0.001005531,0.001008742,0.001011081,5963.65098,5963.65098,5963.65098,14274.32078,14274.32078,14274.32078,14274.32078,14274.32078
12/4/1996,17874.4015,11462.56708,21454.03799,23708.68116,23637.53092,21454.03799,31116.58943,27125.88432,38756.39448,34505.70897,32173.71926,38756.39448,36132.93685,29889.88112,38756.39448,28580.20659,28317.03748,38756.39448,13190.76651,13083.84265,0.001001968,0.001005531,0.001008742,0.001011081,8602.68378,8602.68378,8602.68378,16937.73497,16937.73497,16937.73497,16937.73497,16937.73497
12/5/1996,7497.66166,6583.962016,8421.506863,11363.58019,11462.56708,8421.506863,18692.46932,21973.34572,22076.57456,21819.76396,27125.88432,22076.57456,25169.25748,32173.71926,22076.57456,33991.1659,29889.88112,22076.57456,3699.420454,3673.435999,0.001001968,0.001005531,0.001008742,0.001011081,9910.775873,9910.775873,9910.775873,19939.16218,19939.16218,19939.16218,19939.16218,19939.16218
12/6/1996,5710.875609,8665.320476,6121.731171,6661.889596,6583.962016,6121.731171,12378.33662,18858.93752,13996.15007,13070.78551,21973.34572,13996.15007,16030.02635,27125.88432,13996.15007,20538.62682,32173.71926,13996.15007,1571.018189,1561.129119,0.001001968,0.001005531,0.001008742,0.001011081,10632.75512,10632.75512,10632.75512,22699.58081,22699.58081,22699.58081,22699.58081,22699.58081
12/7/1996,7133.2909,8133.144916,8030.195515,8374.204723,8665.320476,8030.195515,22079.94835,15131.77748,26276.91138,22533.87866,18858.93752,26276.91138,23199.72404,21973.34572,26276.91138,24722.88156,27125.88432,26276.91138,3523.117534,3498.517885,0.001001968,0.001005531,0.001008742,0.001011081,11351.43454,11351.43454,11351.43454,25389.71631,25389.71631,25389.71631,25389.71631,25389.71631
12/8/1996,7004.755207,6365.136893,7999.310004,8273.970368,8133.144916,7999.310004,21258.97625,13336.12458,25440.28101,21709.7853,15131.77748,25440.28101,22968.51912,18858.93752,25440.28101,23090.87322,21973.34572,25440.28101,3804.806368,3777.990702,0.001001968,0.001005531,0.001008742,0.001011081,12118.72717,12118.72717,12118.72717,27696.5077,27696.5077,27696.5077,27696.5077,27696.5077
12/9/1996,5619.52335,5790.503129,6315.893914,6471.220812,6365.136893,6315.893914,16506.11356,15051.70919,19513.89107,16786.57978,13336.12458,19513.89107,17815.13757,15131.77748,19513.89107,20143.32215,18858.93752,19513.89107,2761.395803,2742.68752,0.001001968,0.001005531,0.001008742,0.001011081,11914.75304,11914.75304,11914.75304,28109.61506,28109.61506,28109.61506,28109.61506,28109.61506
12/10/1996,5077.229501,5290.600252,5700.812071,5818.029068,5790.503129,5700.812071,12905.77904,24648.0657,15152.55438,13171.00229,15051.70919,15152.55438,13907.48444,13336.12458,15152.55438,15228.25637,15131.77748,15152.55438,2532.373143,2515.403159,0.001001968,0.001005531,0.001008742,0.001011081,10887.34628,10887.34628,10887.34628,25898.0876,25898.0876,25898.0876,25898.0876,25898.0876
12/11/1996,4537.715948,5521.838561,5070.819188,5166.414547,5290.600252,5070.819188,11038.95051,28386.54829,12880.76093,11272.06819,24648.0657,12880.76093,11930.02098,15051.70919,12880.76093,12853.95167,13336.12458,12880.76093,2197.751728,2183.289325,0.001001968,0.001005531,0.001008742,0.001011081,8510.978659,8510.978659,8510.978659,23291.12048,23291.12048,23291.12048,23291.12048,23291.12048
12/12/1996,4970.377556,6804.839111,5571.565686,5463.758593,5521.838561,5571.565686,11085.65331,24854.05605,12912.53825,11169.99807,28386.54829,12912.53825,11655.03765,24648.0657,12912.53825,11566.34341,15051.70919,12912.53825,2407.765519,2391.734004,0.001001968,0.001005531,0.001008742,0.001011081,7284.506865,7284.506865,7284.506865,20680.5182,20680.5182,20680.5182,20680.5182,20680.5182
12/13/1996,5965.837444,8410.270082,6678.530718,6449.879969,6804.839111,6678.530718,14720.24759,23003.20421,17176.03742,14707.6231,24854.05605,17176.03742,14657.21853,28386.54829,17176.03742,13828.97276,24648.0657,17176.03742,2773.855446,2755.052118,0.001001968,0.001005531,0.001008742,0.001011081,6793.55108,6793.55108,6793.55108,18845.96895,18845.96895,18845.96895,18845.96895,18845.96895
12/14/1996,8588.553787,11840.40097,9502.264248,8592.688472,8410.270082,9502.264248,26378.8182,20493.1927,30977.19109,25660.52298,23003.20421,30977.19109,24898.95701,24854.05605,30977.19109,22550.05829,28386.54829,30977.19109,3293.801457,3270.991717,0.001001968,0.001005531,0.001008742,0.001011081,6624.634937,6624.634937,6624.634937,18885.39467,18885.39467,18885.39467,18885.39467,18885.39467
12/15/1996,10780.98471,9940.06829,12254.71284,11965.37146,11840.40097,12254.71284,29560.46742,18380.3488,35303.08401,29574.75776,20493.1927,35303.08401,29198.11322,23003.20421,35303.08401,27340.7426,24854.05605,35303.08401,5508.695963,5468.136128,0.001001968,0.001005531,0.001008742,0.001011081,6867.515029,6867.515029,6867.515029,19831.86769,19831.86769,19831.86769,19831.86769,19831.86769
12/16/1996,8456.329604,7571.464944,9631.059903,9946.940073,9940.06829,9631.059903,21476.91624,17241.69053,25535.91009,22071.28458,18380.3488,25535.91009,23837.87202,20493.1927,25535.91009,24474.36801,23003.20421,25535.91009,4560.025338,4527.184102,0.001001968,0.001005531,0.001008742,0.001011081,7406.001016,7406.001016,7406.001016,20576.41778,20576.41778,20576.41778,20576.41778,20576.41778
12/17/1996,6360.49983,6420.557205,7099.818806,7529.186503,7571.464944,7099.818806,16103.38451,15358.47464,18814.09999,16718.31477,17241.69053,18814.09999,17990.52575,18380.3488,18814.09999,20977.70127,20493.1927,18814.09999,2928.368889,2908.382992,0.001001968,0.001005531,0.001008742,0.001011081,7715.187332,7715.187332,7715.187332,21372.33494,21372.33494,21372.33494,21372.33494,21372.33494
12/18/1996,5815.62115,6703.681852,6419.072236,6418.187227,6420.557205,6419.072236,13920.74608,14105.81393,16048.3758,14099.48085,15358.47464,16048.3758,15146.71065,17241.69053,16048.3758,16451.85621,18380.3488,16048.3758,2399.021967,2383.0561,0.001001968,0.001005531,0.001008742,0.001011081,7941.584417,7941.584417,7941.584417,22073.0573,22073.0573,22073.0573,22073.0573,22073.0573
12/19/1996,6172.635953,6850.906126,6877.23566,6725.45822,6703.681852,6877.23566,14591.61182,13137.42711,16959.91209,14640.50499,14105.81393,16959.91209,15268.30443,15358.47464,16959.91209,15831.5649,17241.69053,16959.91209,2818.361199,2799.217979,0.001001968,0.001005531,0.001008742,0.001011081,8132.384362,8132.384362,8132.384362,22662.32518,22662.32518,22662.32518,22662.32518,22662.32518
12/20/1996,6075.778981,6202.785874,6805.408054,6863.051904,6850.906126,6805.408054,14140.99131,11952.24043,16524.98104,14398.85097,13137.42711,16524.98104,14899.30251,14105.81393,16524.98104,15451.87691,15358.47464,16524.98104,2942.913111,2922.815535,0.001001968,0.001005531,0.001008742,0.001011081,8265.516672,8265.516672,8265.516672,22740.18181,22740.18181,22740.18181,22740.18181,22740.18181
12/21/1996,5381.937555,5467.2034,6006.23439,6208.928085,6202.785874,6006.23439,11940.14395,12164.65497,13897.30249,12323.37074,11952.24043,13897.30249,13037.70022,13137.42711,13897.30249,13858.08894,14105.81393,13897.30249,2551.341708,2534.2284,0.001001968,0.001005531,0.001008742,0.001011081,8135.58218,8135.58218,8135.58218,20971.30819,20971.30819,20971.30819,20971.30819,20971.30819
12/22/1996,4773.52312,5055.670482,5293.829774,5471.18284,5467.2034,5293.829774,10525.65881,13499.77331,12179.00395,10855.96896,12164.65497,12179.00395,11567.18575,11952.24043,12179.00395,12475.66781,13137.42711,12179.00395,2149.275537,2135.172952,0.001001968,0.001005531,0.001008742,0.001011081,7443.77326,7443.77326,7443.77326,18471.47536,18471.47536,18471.47536,18471.47536,18471.47536
12/23/1996,4414.177555,5193.195262,4887.049701,5010.132305,5055.670482,4887.049701,9888.737319,13618.62528,11421.41598,10149.36285,13499.77331,11421.41598,10770.03466,12164.65497,11421.41598,11458.80913,11952.24043,11421.41598,1968.981819,1956.209133,0.001001968,0.001005531,0.001008742,0.001011081,6648.614905,6648.614905,6648.614905,16488.93019,16488.93019,16488.93019,16488.93019,16488.93019
12/24/1996,4519.254539,6271.339121,4993.666256,4999.905388,5193.195262,4993.666256,9750.345275,13159.80208,11212.75739,9910.094938,13618.62528,11212.75739,10281.38056,13499.77331,11212.75739,10565.99839,12164.65497,11212.75739,1936.71693,1924.180792,0.001001968,0.001005531,0.001008742,0.001011081,6181.680491,6181.680491,6181.680491,14887.49498,14887.49498,14887.49498,14887.49498,14887.49498
12/25/1996,5938.949065,6360.240752,6632.399532,6316.949975,6271.339121,6632.399532,12132.11913,12383.88399,14057.28919,12069.56265,13159.80208,14057.28919,12241.40441,13618.62528,14057.28919,11173.79388,13499.77331,14057.28919,2692.044941,2673.864808,0.001001968,0.001005531,0.001008742,0.001011081,6027.761725,6027.761725,6027.761725,13979.76759,13979.76759,13979.76759,13979.76759,13979.76759
12/26/1996,6042.640337,6543.691964,6719.014475,6418.50718,6360.240752,6719.014475,13085.5336,11368.08828,15220.40638,12988.24777,12383.88399,15220.40638,13350.0757,13159.80208,15220.40638,13507.54178,13618.62528,15220.40638,2699.854992,2681.615456,0.001001968,0.001005531,0.001008742,0.001011081,5947.392221,5947.392221,5947.392221,13545.19035,13545.19035,13545.19035,13545.19035,13545.19035
12/27/1996,5650.173443,5436.886608,6372.711593,6554.57091,6543.691964,6372.711593,11559.04694,11393.71474,13536.11244,11969.16531,11368.08828,13536.11244,12589.74775,12383.88399,13536.11244,12497.4671,13159.80208,13536.11244,2939.634502,2919.562107,0.001001968,0.001005531,0.001008742,0.001011081,5914.205471,5914.205471,5914.205471,13205.57433,13205.57433,13205.57433,13205.57433,13205.57433
12/28/1996,4691.484731,4880.882295,5209.982457,5435.814537,5436.886608,5209.982457,10322.1779,11591.66974,11953.55514,10700.79727,11393.71474,11953.55514,11389.05838,11368.08828,11953.55514,12443.87928,12383.88399,11953.55514,2142.04242,2127.993445,0.001001968,0.001005531,0.001008742,0.001011081,5812.230293,5812.230293,5812.230293,12970.77717,12970.77717,12970.77717,12970.77717,12970.77717
12/29/1996,4433.585916,4942.741842,4878.883725,4850.699994,4880.882295,4878.883725,9273.566806,11498.26643,10633.65866,9388.536975,11591.66974,10633.65866,10019.48028,11393.71474,10633.65866,10707.10069,11368.08828,10633.65866,1852.225618,1840.306733,0.001001968,0.001005531,0.001008742,0.001011081,5719.226622,5719.226622,5719.226622,12749.68592,12749.68592,12749.68592,12749.68592,12749.68592
12/30/1996,4896.084093,5889.094985,5331.345176,4932.193677,4942.741842,5331.345176,9806.669836,11505.33067,11148.98491,9558.237437,11498.26643,11148.98491,9764.908268,11591.66974,11148.98491,10073.71077,11393.71474,11148.98491,1779.823256,1768.430703,0.001001968,0.001005531,0.001008742,0.001011081,5652.035855,5652.035855,5652.035855,12528.88581,12528.88581,12528.88581,12528.88581,12528.88581
12/31/1996,5603.704253,6373.595024,6184.9564,5904.207072,5889.094985,6184.9564,10811.0573,11093.24322,12445.46048,10721.02829,11505.33067,12445.46048,10829.81131,11498.26643,12445.46048,10361.18156,11591.66974,12445.46048,2387.41971,2371.540913,0.001001968,0.001005531,0.001008742,0.001011081,5727.324636,5727.324636,5727.324636,12499.32438,12499.32438,12499.32438,12499.32438,12499.32438
1/1/1997,5390.255967,5083.309954,6058.426598,6378.692104,6373.595024,6058.426598,10742.14198,10171.71737,12554.4855,11272.19682,11093.24322,12554.4855,11697.04139,11505.33067,12554.4855,11247.39707,11498.26643,12554.4855,2760.746556,2742.043225,0.001001968,0.001005531,0.001008742,0.001011081,5769.997317,5769.997317,5769.997317,12415.23422,12415.23422,12415.23422,12415.23422,12415.23422
1/2/1997,4331.842758,4534.269301,4779.542838,5067.590576,5083.309954,4779.542838,9157.616784,10097.08874,10545.14092,9579.654427,10171.71737,10545.14092,10341.07072,11093.24322,10545.14092,11271.05693,11505.33067,10545.14092,1885.184171,1873.02489,0.001001968,0.001005531,0.001008742,0.001011081,5657.819389,5657.819389,5657.819389,12102.7504,12102.7504,12102.7504,12102.7504,12102.7504
1/3/1997,4065.604428,4495.724694,4448.420188,4529.451831,4534.269301,4448.420188,8452.2531,10205.74489,9661.530721,8655.775391,10097.08874,9661.530721,9213.34325,10171.71737,9661.530721,10026.72956,11093.24322,9661.530721,1605.042308,1594.909784,0.001001968,0.001005531,0.001008742,0.001011081,5401.948324,5401.948324,5401.948324,11734.90625,11734.90625,11734.90625,11734.90625,11734.90625
1/4/1997,4175.967818,4845.703498,4563.831651,4484.384264,4495.724694,4563.831651,8769.523125,10160.35408,10046.56021,8806.015287,10205.74489,10046.56021,9158.210496,10097.08874,10046.56021,9628.500943,10171.71737,10046.56021,1626.506336,1616.219912,0.001001968,0.001005531,0.001008742,0.001011081,5232.781336,5232.781336,5232.781336,11335.44737,11335.44737,11335.44737,11335.44737,11335.44737
1/5/1997,4519.504328,5374.298946,4988.879679,4823.111474,4845.703498,4988.879679,8923.565253,10164.20573,10277.11031,8909.035104,10160.35408,10277.11031,9298.518023,10205.74489,10277.11031,9072.183373,10097.08874,10277.11031,1971.986997,1959.192256,0.001001968,0.001005531,0.001008742,0.001011081,5189.102339,5189.102339,5189.102339,11019.48659,11019.48659,11019.48659,11019.48659,11019.48659
1/6/1997,5011.591946,5539.981514,5564.546727,5371.279873,5374.298946,5564.546727,9708.341297,10190.97874,11232.92314,9696.430409,10164.20573,11232.92314,9946.211109,10160.35408,11232.92314,9666.260733,10205.74489,11232.92314,2299.518213,2284.297503,0.001001968,0.001005531,0.001008742,0.001011081,5240.543313,5240.543313,5240.543313,10909.55724,10909.55724,10909.55724,10909.55724,10909.55724
1/7/1997,4953.16907,5180.887205,5515.882887,5545.584196,5539.981514,5515.882887,9350.611766,9491.287803,10839.52712,9565.149859,10190.97874,10839.52712,9901.970094,10164.20573,10839.52712,9862.797672,10160.35408,10839.52712,2349.617466,2334.022024,0.001001968,0.001005531,0.001008742,0.001011081,5222.057528,5222.057528,5222.057528,10788.77232,10788.77232,10788.77232,10788.77232,10788.77232
1/8/1997,4462.59742,4554.462115,4970.115433,5182.09153,5180.887205,4970.115433,8433.597241,8731.855519,9768.458491,8812.819823,9491.287803,9768.458491,9377.539792,10190.97874,9768.458491,9642.359118,10164.20573,9768.458491,2143.767885,2129.706123,0.001001968,0.001005531,0.001008742,0.001011081,5089.685065,5089.685065,5089.685065,10573.27528,10573.27528,10573.27528,10573.27528,10573.27528
1/9/1997,3983.447237,4265.250567,4404.936264,4554.681226,4554.462115,4404.936264,7742.828573,8297.987102,8932.140083,8025.373735,8731.855519,8932.140083,8636.645434,9491.287803,8932.140083,9365.059039,10190.97874,8932.140083,1800.161893,1788.621737,0.001001968,0.001005531,0.001008742,0.001011081,4995.764696,4995.764696,4995.764696,10305.85149,10305.85149,10305.85149,10305.85149,10305.85149
1/10/1997,3763.150281,4055.778862,4163.39153,4265.663673,4265.250567,4163.39153,7582.059234,8013.001608,8771.862974,7802.40763,8297.987102,8771.862974,8314.756181,8731.855519,8771.862974,8893.153639,9491.287803,8771.862974,1719.501748,1708.545793,0.001001968,0.001005531,0.001008742,0.001011081,4948.464365,4948.464365,4948.464365,10076.35564,10076.35564,10076.35564,10076.35564,10076.35564
1/11/1997,3587.301561,3861.472278,3972.927885,4055.820343,4055.778862,3972.927885,7344.267156,7698.623371,8501.564028,7539.421089,8013.001608,8501.564028,7986.695391,8297.987102,8501.564028,8357.103791,8731.855519,8501.564028,1665.431732,1654.865597,0.001001968,0.001005531,0.001008742,0.001011081,4898.930226,4898.930226,4898.930226,9880.151747,9880.151747,9880.151747,9880.151747,9880.151747
1/12/1997,3420.763696,3685.74111,3790.020548,3861.219484,3861.472278,3790.020548,6990.201172,8347.387402,8078.121753,7171.818652,7698.623371,8078.121753,7586.707522,8013.001608,8078.121753,7850.695185,8297.987102,8078.121753,1603.142931,1593.024014,0.001001968,0.001005531,0.001008742,0.001011081,4777.771231,4777.771231,4777.771231,9687.686375,9687.686375,9687.686375,9687.686375,9687.686375
1/13/1997,3269.046126,3525.638456,3622.918283,3685.338338,3685.74111,3622.918283,6687.602511,8301.333332,7727.364936,6855.998927,8347.387402,7727.364936,7244.331695,7698.623371,7727.364936,7547.516412,8013.001608,7727.364936,1544.160016,1534.462682,0.001001968,0.001005531,0.001008742,0.001011081,4581.615415,4581.615415,4581.615415,9390.966526,9390.966526,9390.966526,9390.966526,9390.966526
1/14/1997,3130.062845,3391.274534,3469.635384,3525.123645,3525.638456,3469.635384,6440.678586,7576.311085,7441.666718,6597.394977,8301.333332,7441.666718,6962.721915,8347.387402,7441.666718,7238.963269,7698.623371,7441.666718,1489.072893,1479.767566,0.001001968,0.001005531,0.001008742,0.001011081,4325.318233,4325.318233,4325.318233,9007.590505,9007.590505,9007.590505,9007.590505,9007.590505
1/15/1997,3001.698871,3407.825226,3327.902781,3377.788725,3391.274534,3327.902781,6216.374259,7234.39848,7182.261262,6362.922875,7576.311085,7182.261262,6708.032061,8301.333332,7182.261262,6965.743203,8347.387402,7182.261262,1437.335741,1428.397001,0.001001968,0.001005531,0.001008742,0.001011081,4059.860185,4059.860185,4059.860185,8590.224704,8590.224704,8590.224704,8590.224704,8590.224704
1/16/1997,3142.018812,3549.924608,3491.775247,3407.25329,3407.825226,3491.775247,7078.600078,7064.356611,8217.496262,7084.514396,7234.39848,8217.496262,7421.459553,7576.311085,8217.496262,7481.580086,8301.333332,8217.496262,1536.193976,1526.553435,0.001001968,0.001005531,0.001008742,0.001011081,3867.755785,3867.755785,3867.755785,8337.548991,8337.548991,8337.548991,8337.548991,8337.548991
1/17/1997,3085.904205,3178.99893,3456.064834,3550.68791,3549.924608,3456.064834,7107.690718,6747.580305,8297.486841,7297.605816,7064.356611,8297.486841,7516.867313,7234.39848,8297.486841,7636.58551,7576.311085,8297.486841,1625.704772,1615.4241,0.001001968,0.001005531,0.001008742,0.001011081,3728.422842,3728.422842,3728.422842,8140.880222,8140.880222,8140.880222,8140.880222,8140.880222
1/18/1997,2791.352718,3021.904659,3103.360411,3178.470595,3178.99893,3103.360411,6153.657864,6533.851977,7133.242608,6314.756125,6747.580305,7133.242608,6677.021105,7064.356611,7133.242608,6991.632869,7234.39848,7133.242608,1385.207153,1376.636171,0.001001968,0.001005531,0.001008742,0.001011081,3599.521376,3599.521376,3599.521376,7941.080698,7941.080698,7941.080698,7941.080698,7941.080698
1/19/1997,2679.146132,2922.353642,2978.937428,3021.307786,3021.904659,2978.937428,5736.654524,7609.730711,6643.648384,5865.222301,6533.851977,6643.648384,6202.345346,6747.580305,6643.648384,6488.071101,7064.356611,6643.648384,1337.209033,1328.975191,0.001001968,0.001005531,0.001008742,0.001011081,3476.348475,3476.348475,3476.348475,7752.26626,7752.26626,7752.26626,7752.26626,7752.26626
1/20/1997,2590.947771,2809.955062,2884.009316,2921.711156,2922.353642,2884.009316,5698.220011,7503.545437,6605.51234,5817.619754,7609.730711,6605.51234,6112.710143,6533.851977,6605.51234,6328.684694,6747.580305,6605.51234,1312.268909,1304.209672,0.001001968,0.001005531,0.001008742,0.001011081,3361.321147,3361.321147,3361.321147,7574.862009,7574.862009,7574.862009,7574.862009,7574.862009
1/21/1997,2493.193931,2711.381148,2775.157097,2809.283305,2809.955062,2775.157097,5514.321465,12876.79026,6388.407185,5627.116495,7503.545437,6388.407185,5907.708368,7609.730711,6388.407185,6102.147699,6533.851977,6388.407185,1268.322687,1260.570127,0.001001968,0.001005531,0.001008742,0.001011081,3253.887738,3253.887738,3253.887738,7409.109193,7409.109193,7409.109193,7409.109193,7409.109193
1/22/1997,2412.762185,2724.621342,2685.024473,2707.585676,2711.381148,2685.024473,5387.109197,13612.98782,6235.585717,5485.502828,12876.79026,6235.585717,5753.648024,7503.545437,6235.585717,5920.50977,7609.730711,6235.585717,1230.029893,1222.543503,0.001001968,0.001005531,0.001008742,0.001011081,3153.606179,3153.606179,3153.606179,7261.249575,7261.249575,7261.249575,7261.249575,7261.249575
1/23/1997,2479.769505,2889.530413,2759.851319,2722.942947,2724.621342,2759.851319,6529.892516,9938.325688,7596.679895,6552.039904,13612.98782,7596.679895,6761.989447,12876.79026,7596.679895,6849.183419,7503.545437,7596.679895,1261.713288,1254.006741,0.001001968,0.001005531,0.001008742,0.001011081,3047.050317,3047.050317,3047.050317,7168.647595,7168.647595,7168.647595,7168.647595,7168.647595
1/24/1997,2506.099264,3997.626988,2793.021166,2804.154098,2889.530413,2793.021166,6530.596877,11353.45898,7598.791153,6604.774038,9938.325688,7598.791153,6752.809983,13612.98782,7598.791153,6833.448693,12876.79026,7598.791153,1291.060362,1283.149288,0.001001968,0.001005531,0.001008742,0.001011081,2940.930249,2940.930249,2940.930249,7072.459322,7072.459322,7072.459322,7072.459322,7072.459322
1/25/1997,3603.952867,3917.509813,4124.975699,4009.419954,3997.626988,4124.975699,12413.27487,11250.09079,14805.76803,12370.53461,11353.45898,14805.76803,12493.57519,9938.325688,14805.76803,11426.75437,13612.98782,14805.76803,2203.689736,2189.183195,0.001001968,0.001005531,0.001008742,0.001011081,3012.261517,3012.261517,3012.261517,7884.948075,7884.948075,7884.948075,7884.948075,7884.948075
1/26/1997,3453.163576,3474.950992,3896.817725,3932.500508,3917.509813,3896.817725,12595.8334,9497.092875,14958.13124,12662.17138,11250.09079,14958.13124,12640.63833,11353.45898,14958.13124,13157.69312,9938.325688,14958.13124,1886.908797,1874.736923,0.001001968,0.001005531,0.001008742,0.001011081,3090.815498,3090.815498,3090.815498,8882.677309,8882.677309,8882.677309,8882.677309,8882.677309
1/27/1997,2985.952715,3703.712054,3341.315594,3364.208181,3474.950992,3341.315594,7750.469095,8516.268203,9051.512713,7856.635861,9497.092875,9051.512713,8312.220982,11250.09079,9051.512713,8629.16709,11353.45898,9051.512713,1544.675334,1534.974325,0.001001968,0.001005531,0.001008742,0.001011081,3173.091103,3173.091103,3173.091103,9378.80336,9378.80336,9378.80336,9378.80336,9378.80336
1/28/1997,3265.710078,3387.35751,3715.118432,3739.434782,3703.712054,3715.118432,9625.365031,8229.835165,11392.55116,9739.519498,8516.268203,11392.55116,10131.12076,9497.092875,11392.55116,10032.27949,11250.09079,11392.55116,1905.178021,1892.872666,0.001001968,0.001005531,0.001008742,0.001011081,3310.032422,3310.032422,3310.032422,10075.98965,10075.98965,10075.98965,10075.98965,10075.98965
1/29/1997,2986.887176,3111.086596,3382.517851,3416.338388,3387.35751,3382.517851,9361.544594,8002.810108,11060.65946,9460.472533,8229.835165,11060.65946,9792.102953,8516.268203,11060.65946,10345.00728,9497.092875,11060.65946,1704.910282,1694.059669,0.001001968,0.001005531,0.001008742,0.001011081,3414.43649,3414.43649,3414.43649,10734.36699,10734.36699,10734.36699,10734.36699,10734.36699
1/30/1997,2739.007287,2931.801947,3087.686095,3118.022121,3111.086596,3087.686095,7319.199628,7760.741619,8584.004607,7430.439326,8002.810108,8584.004607,7763.312885,8229.835165,8584.004607,8244.761834,8516.268203,8584.004607,1525.932972,1516.365532,0.001001968,0.001005531,0.001008742,0.001011081,3480.551802,3480.551802,3480.551802,10969.33984,10969.33984,10969.33984,10969.33984,10969.33984
1/31/1997,2585.329321,2914.147726,2909.519795,2936.485387,2931.801947,2909.519795,6679.419889,7747.762642,7815.299255,6785.810329,7760.741619,7815.299255,7096.634851,8002.810108,7815.299255,7432.882129,8229.835165,7815.299255,1431.181841,1422.286601,0.001001968,0.001005531,0.001008742,0.001011081,3517.828876,3517.828876,3517.828876,11075.99746,11075.99746,11075.99746,11075.99746,11075.99746
2/1/1997,2561.088468,2769.926536,2894.534643,2917.353275,2914.147726,2894.534643,6713.405993,10018.8967,7876.850216,6816.826307,7747.762642,7876.850216,7117.368699,7760.741619,7876.850216,7273.862292,8002.810108,7876.850216,1476.594572,1467.377803,0.001001968,0.001005531,0.001008742,0.001011081,3399.245575,3399.245575,3399.245575,10337.22953,10337.22953,10337.22953,10337.22953,10337.22953
2/2/1997,2460.56243,2750.658006,2769.882835,2772.130185,2769.926536,2769.882835,6616.915437,11191.43206,7747.137716,6689.673968,10018.8967,7747.137716,6951.145093,7747.762642,7747.137716,7229.309286,7760.741619,7747.137716,1378.906817,1370.38017,0.001001968,0.001005531,0.001008742,0.001011081,3275.802933,3275.802933,3275.802933,9445.259675,9445.259675,9445.259675,9445.259675,9445.259675
2/3/1997,2441.631264,2718.671319,2750.245634,2752.165946,2750.658006,2750.245634,6456.297694,9446.705394,7555.198916,6532.596418,11191.43206,7555.198916,6774.34656,10018.8967,7555.198916,6902.859507,7747.762642,7555.198916,1378.950796,1370.42384,0.001001968,0.001005531,0.001008742,0.001011081,3161.187271,3161.187271,3161.187271,9070.396423,9070.396423,9070.396423,9070.396423,9070.396423
2/4/1997,2414.854465,4294.204234,2716.27036,2719.666309,2718.671319,2716.27036,6540.941831,8535.171899,7653.562486,6612.143663,9446.705394,7653.562486,6826.307686,11191.43206,7653.562486,7007.337314,10018.8967,7653.562486,1349.913883,1341.590943,0.001001968,0.001005531,0.001008742,0.001011081,3001.892815,3001.892815,3001.892815,8532.023467,8532.023467,8532.023467,8532.023467,8532.023467
2/5/1997,3645.55978,3354.951617,4320.524808,4294.462819,4294.204234,4320.524808,9831.895081,8062.661685,11883.5266,9983.642553,8535.171899,11883.5266,10464.50833,9446.705394,11883.5266,8901.033375,11191.43206,11883.5266,2857.450353,2838.008115,0.001001968,0.001005531,0.001008742,0.001011081,3106.480694,3106.480694,3106.480694,8413.456289,8413.456289,8413.456289,8413.456289,8413.456289
2/6/1997,2959.004975,3082.015862,3393.558356,3355.08715,3354.951617,3393.558356,10166.14014,7641.327191,12084.75788,10187.79882,8062.661685,12084.75788,10442.08939,8535.171899,12084.75788,11571.50966,9446.705394,12084.75788,1901.032334,1888.757282,0.001001968,0.001005531,0.001008742,0.001011081,3124.716787,3124.716787,3124.716787,8740.010482,8740.010482,8740.010482,8740.010482,8740.010482
2/7/1997,2712.957488,2892.293044,3085.211454,3082.271976,3082.015862,3085.211454,6872.623898,7279.882856,8076.524337,6967.825981,7641.327191,8076.524337,7274.407574,8062.661685,8076.524337,7720.408699,8535.171899,8076.524337,1649.499441,1639.047887,0.001001968,0.001005531,0.001008742,0.001011081,3137.067535,3137.067535,3137.067535,8914.200828,8914.200828,8914.200828,8914.200828,8914.200828
2/8/1997,2537.283492,2722.204891,2872.665755,2892.380075,2892.293044,2872.665755,6734.598812,6969.599572,7902.151426,6834.179943,7279.882856,7902.151426,7120.20886,7641.327191,7902.151426,7463.947937,8062.661685,7902.151426,1499.856886,1490.474953,0.001001968,0.001005531,0.001008742,0.001011081,3130.472743,3130.472743,3130.472743,8968.297605,8968.297605,8968.297605,8968.297605,8968.297605
2/9/1997,2391.022993,2584.540903,2698.836432,2722.190036,2722.204891,2698.836432,6436.555097,6706.201053,7541.650854,6529.861806,6969.599572,7541.650854,6808.816363,7279.882856,7541.650854,7121.355272,7641.327191,7541.650854,1387.531372,1378.944028,0.001001968,0.001005531,0.001008742,0.001011081,3125.152863,3125.152863,3125.152863,8978.042221,8978.042221,8978.042221,8978.042221,8978.042221
2/10/1997,2273.591012,2466.019427,2561.794916,2584.45433,2584.540903,2561.794916,6136.113946,6648.939645,7181.238235,6223.274082,6706.201053,7181.238235,6487.02321,6969.599572,7181.238235,6761.896703,7279.882856,7181.238235,1307.840923,1299.812644,0.001001968,0.001005531,0.001008742,0.001011081,3106.807356,3106.807356,3106.807356,8952.685477,8952.685477,8952.685477,8952.685477,8952.685477
2/11/1997,2172.029372,2360.699082,2444.478155,2465.881758,2466.019427,2444.478155,5884.492863,7326.592772,6880.672397,5966.020895,6648.939645,6880.672397,6213.976487,6706.201053,6880.672397,6460.680912,6969.599572,6880.672397,1243.835543,1236.253307,0.001001968,0.001005531,0.001008742,0.001011081,3078.010578,3078.010578,3078.010578,8872.059524,8872.059524,8872.059524,8872.059524,8872.059524
2/12/1997,2081.206247,2264.503341,2340.282316,2360.525848,2360.699082,2340.282316,5661.696017,6775.950244,6615.630045,5738.363054,7326.592772,6615.630045,5972.361118,6648.939645,6615.630045,6199.152266,6706.201053,6615.630045,1189.463153,1182.25763,0.001001968,0.001005531,0.001008742,0.001011081,2817.558203,2817.558203,2817.558203,8390.521047,8390.521047,8390.521047,8390.521047,8390.521047
2/13/1997,1997.914692,2177.369502,2245.118604,2264.306337,2264.503341,2245.118604,5488.140001,6337.487517,6406.370695,5560.564494,6775.950244,6406.370695,5782.240321,7326.592772,6406.370695,5972.780186,6648.939645,6406.370695,1141.074875,1134.202827,0.001001968,0.001005531,0.001008742,0.001011081,2671.407675,2671.407675,2671.407675,7694.990036,7694.990036,7694.990036,7694.990036,7694.990036
2/14/1997,1922.066986,2100.913149,2158.938834,2177.158181,2177.369502,2158.938834,5505.226498,6170.523127,6422.967204,5571.050568,6337.487517,6422.967204,5778.75118,6775.950244,6422.967204,5941.433889,7326.592772,6422.967204,1098.955306,1092.372112,0.001001968,0.001005531,0.001008742,0.001011081,2545.678848,2545.678848,2545.678848,7286.304112,7286.304112,7286.304112,7286.304112,7286.304112
2/15/1997,1855.142055,2023.013844,2083.560446,2100.694642,2100.913149,2083.560446,6107.362738,6025.683935,7146.184174,6154.338415,6170.523127,7146.184174,6335.161066,6337.487517,7146.184174,6528.383708,6775.950244,7146.184174,1064.660172,1058.311158,0.001001968,0.001005531,0.001008742,0.001011081,2433.041861,2433.041861,2433.041861,7125.661472,7125.661472,7125.661472,7125.661472,7125.661472
2/16/1997,1787.160719,1949.869192,2006.290206,2022.793462,2023.013844,2006.290206,5630.423761,5465.453238,6569.96452,5682.225941,6025.683935,6569.96452,5862.574366,6170.523127,6569.96452,6028.658519,6337.487517,6569.96452,1026.398708,1020.309845,0.001001968,0.001005531,0.001008742,0.001011081,2330.644446,2330.644446,2330.644446,6955.551213,6955.551213,6955.551213,6955.551213,6955.551213
2/17/1997,1723.182241,1884.721714,1933.897243,1949.651306,1949.869192,1933.897243,5233.258788,5034.205178,6099.945272,5286.491882,5465.453238,6099.945272,5464.452888,6025.683935,6099.945272,5666.189947,6170.523127,6099.945272,991.7372033,985.8829663,0.001001968,0.001005531,0.001008742,0.001011081,2237.245177,2237.245177,2237.245177,6780.104002,6780.104002,6780.104002,6780.104002,6780.104002
2/18/1997,1667.901614,1836.943201,1871.584172,1884.506545,1884.721714,1871.584172,5076.797869,5005.563134,5917.703633,5125.495872,5034.205178,5917.703633,5296.465666,5465.453238,5917.703633,5478.461468,6025.683935,5917.703633,962.897979,957.2381717,0.001001968,0.001005531,0.001008742,0.001011081,2151.649839,2151.649839,2151.649839,6625.890359,6625.890359,6625.890359,6625.890359,6625.890359
2/19/1997,1724.441583,1601.398827,1922.580737,1834.74437,1836.943201,1922.580737,5153.180292,5990.273452,5983.124197,5100.373467,5005.563134,5983.124197,5259.223442,5034.205178,5983.124197,5351.06226,5465.453238,5983.124197,940.0060553,934.5000591,0.001001968,0.001005531,0.001008742,0.001011081,2073.593764,2073.593764,2073.593764,6503.119672,6503.119672,6503.119672,6503.119672,6503.119672
2/20/1997,1744.718985,1895.813651,1866.937292,1599.883092,1601.398827,1866.937292,4972.701909,7536.792973,5627.7988,4722.698841,5990.273452,5627.7988,4676.359668,5005.563134,5627.7988,4970.382944,5034.205178,5627.7988,588.98076,585.7652173,0.001001968,0.001005531,0.001008742,0.001011081,1957.171358,1957.171358,1957.171358,6358.795772,6358.795772,6358.795772,6358.795772,6358.795772
2/21/1997,2152.821746,3012.891122,2270.374328,1877.433736,1895.813651,2270.374328,5080.424292,9000.61479,5662.606518,4711.957449,7536.792973,5662.606518,4486.875162,5990.273452,5662.606518,4398.361341,5005.563134,5662.606518,564.9469373,561.8826345,0.001001968,0.001005531,0.001008742,0.001011081,1865.658276,1865.658276,1865.658276,6177.39892,6177.39892,6177.39892,6177.39892,6177.39892
2/22/1997,3665.241107,4430.908357,3924.476387,3000.252401,3012.891122,3924.476387,7275.919683,9644.973334,8103.168433,6440.949161,9000.61479,8103.168433,6170.570139,7536.792973,8103.168433,4707.861515,5990.273452,8103.168433,1179.409767,1172.27367,0.001001968,0.001005531,0.001008742,0.001011081,1918.741001,1918.741001,1918.741001,6004.675514,6004.675514,6004.675514,6004.675514,6004.675514
2/23/1997,4368.030882,5052.08493,4730.908302,4430.097803,4430.908357,4730.908302,8624.675602,8097.630012,9725.962587,8437.72936,9644.973334,9725.962587,7753.102828,9000.61479,9725.962587,6922.759282,7536.792973,9725.962587,1613.498381,1603.305255,0.001001968,0.001005531,0.001008742,0.001011081,2117.083486,2117.083486,2117.083486,6102.884923,6102.884923,6102.884923,6102.884923,6102.884923
2/24/1997,4522.047604,4675.667976,4964.277863,5053.08508,5052.08493,4964.277863,8497.888952,6315.289742,9704.163567,8726.456507,8097.630012,9704.163567,8810.92266,9644.973334,9704.163567,7853.184999,9000.61479,9704.163567,1945.846219,1933.243196,0.001001968,0.001005531,0.001008742,0.001011081,2512.682873,2512.682873,2512.682873,6465.327833,6465.327833,6465.327833,6465.327833,6465.327833
2/25/1997,3846.303036,3603.076771,4225.114077,4675.739536,4675.667976,4225.114077,8102.689721,7569.962189,9304.747386,8654.144338,6315.289742,9304.747386,9065.785761,8097.630012,9304.747386,9344.57107,9644.973334,9304.747386,1688.083775,1677.354509,0.001001968,0.001005531,0.001008742,0.001011081,2922.492854,2922.492854,2922.492854,7006.41203,7006.41203,7006.41203,7006.41203,7006.41203
2/26/1997,3047.721127,2315.279257,3286.962799,3599.021954,3603.076771,3286.962799,6932.642619,8493.56739,7870.19403,7296.297161,7569.962189,7870.19403,7943.902293,6315.289742,7870.19403,8839.607703,8097.630012,7870.19403,1098.796086,1092.21398,0.001001968,0.001005531,0.001008742,0.001011081,3239.244492,3239.244492,3239.244492,7518.830268,7518.830268,7518.830268,7518.830268,7518.830268
2/27/1997,2140.725517,2404.991015,2160.490291,2278.303062,2315.279257,2160.490291,5019.008193,8951.273871,5430.152526,5129.726014,8493.56739,5430.152526,5325.412162,7569.962189,5430.152526,6913.518713,6315.289742,5430.152526,0.001000564,0.001006515,0.001001968,0.001005531,0.001008742,0.001011081,3384.041766,3384.041766,3384.041766,7786.248174,7786.248174,7786.248174,7786.248174,7786.248174
2/28/1997,3500.925712,6989.124108,3540.107771,2389.829299,2404.991015,3540.107771,5554.912577,12047.4007,5835.577514,4426.157798,8951.273871,5835.577514,4448.979908,8493.56739,5835.577514,4568.396752,7569.962189,5835.577514,91.74687937,91.39073077,0.001001968,0.001005531,0.001008742,0.001011081,3502.981093,3502.981093,3502.981093,7843.713002,7843.713002,7843.713002,7843.713002,7843.713002
3/1/1997,6468.784771,7359.747487,7267.661065,6799.959764,6989.124108,7267.661065,10525.23019,13000.96887,12307.187,10324.34587,12047.4007,12307.187,9887.469116,8951.273871,12307.187,6771.906797,8493.56739,12307.187,3334.013663,3310.891007,0.001001968,0.001005531,0.001008742,0.001011081,3951.220477,3951.220477,3951.220477,8033.440754,8033.440754,8033.440754,8033.440754,8033.440754
3/2/1997,6712.184348,7177.050399,7422.227568,7267.806437,7359.747487,7422.227568,11693.47054,11908.5016,13516.01068,11774.17505,13000.96887,13516.01068,11573.75611,12047.4007,13516.01068,10825.03821,8951.273871,13516.01068,2855.219549,2835.794388,0.001001968,0.001005531,0.001008742,0.001011081,4387.659799,4387.659799,4387.659799,8377.117042,8377.117042,8377.117042,8377.117042,8377.117042
3/3/1997,7308.979145,8733.300025,7950.051861,7242.011891,7177.050399,7950.051861,10038.78124,12965.52102,11307.34271,9591.81216,11908.5016,11307.34271,9987.34335,13000.96887,11307.34271,9442.247296,12047.4007,11307.34271,2580.759758,2563.423934,0.001001968,0.001005531,0.001008742,0.001011081,4720.097938,4720.097938,4720.097938,8719.237897,8719.237897,8719.237897,8719.237897,8719.237897
3/4/1997,7359.749045,6648.512173,8258.832041,8778.093279,8733.300025,8258.832041,11800.35555,12552.11125,13794.71868,12628.41317,12965.52102,13794.71868,12876.08344,11908.5016,13794.71868,11878.15919,13000.96887,13794.71868,3649.512293,3623.920592,0.001001968,0.001005531,0.001008742,0.001011081,5214.205837,5214.205837,5214.205837,9170.641737,9170.641737,9170.641737,9170.641737,9170.641737
3/5/1997,5101.579676,6213.33732,5605.194159,6536.914127,6648.512173,5605.194159,9904.406072,11807.378,11406.81743,10979.33093,12552.11125,11406.81743,12023.11387,12965.52102,11406.81743,13250.39353,11908.5016,11406.81743,2125.084432,2111.161061,0.001001968,0.001005531,0.001008742,0.001011081,5659.575693,5659.575693,5659.575693,9736.302686,9736.302686,9736.302686,9736.302686,9736.302686
3/6/1997,5781.179696,6921.705649,6322.99577,6221.647722,6213.33732,6322.99577,9077.242338,11545.05929,10265.7887,9207.809112,11807.378,10265.7887,10047.59081,12552.11125,10265.7887,10358.20838,12965.52102,10265.7887,2105.349159,2091.571818,0.001001968,0.001005531,0.001008742,0.001011081,6248.733218,6248.733218,6248.733218,10398.25924,10398.25924,10398.25924,10398.25924,10398.25924
3/7/1997,6162.55695,6203.183556,6872.890678,6969.301163,6921.705649,6872.890678,11078.68392,10340.29556,12858.1582,11414.19751,11545.05929,12858.1582,11999.11563,11807.378,12858.1582,11868.65356,12552.11125,12858.1582,2873.463132,2853.89827,0.001001968,0.001005531,0.001008742,0.001011081,6901.92746,6901.92746,6901.92746,11328.47167,11328.47167,11328.47167,11328.47167,11328.47167
3/8/1997,5228.448408,5058.424654,5865.646337,6217.767133,6203.183556,5865.646337,9896.779263,8918.624364,11546.32986,10450.84505,10340.29556,11546.32986,11439.23109,11545.05929,11546.32986,11967.74832,11807.378,11546.32986,2646.513048,2628.678843,0.001001968,0.001005531,0.001008742,0.001011081,7049.791561,7049.791561,7049.791561,11974.79815,11974.79815,11974.79815,11974.79815,11974.79815
3/9/1997,4306.002,4640.948121,4774.280296,5062.601404,5058.424654,4774.280296,8152.150224,8212.97785,9402.702093,8591.210043,8918.624364,9402.702093,9438.641618,10340.29556,9402.702093,10758.70288,11545.05929,9402.702093,1986.486451,1973.585243,0.001001968,0.001005531,0.001008742,0.001011081,6911.667858,6911.667858,6911.667858,12155.67558,12155.67558,12155.67558,12155.67558,12155.67558
3/10/1997,4026.129178,4183.753685,4474.980988,4637.485769,4640.948121,4474.980988,8038.5461,8828.839186,9293.557616,8341.34248,8212.97785,9293.557616,9041.043225,8918.624364,9293.557616,9696.636689,10340.29556,9293.557616,1913.689378,1901.321786,0.001001968,0.001005531,0.001008742,0.001011081,6612.0667,6612.0667,6612.0667,12057.37435,12057.37435,12057.37435,12057.37435,12057.37435
3/11/1997,3767.119015,4035.237058,4158.850791,4187.34864,4183.753685,4158.850791,7745.709168,13101.73174,8914.841007,7890.179875,8828.839186,8914.841007,8411.06081,8212.97785,8914.841007,9105.508767,8918.624364,8914.841007,1687.104792,1676.382581,0.001001968,0.001005531,0.001008742,0.001011081,6064.324127,6064.324127,6064.324127,11559.17462,11559.17462,11559.17462,11559.17462,11559.17462
3/12/1997,3635.17363,3930.841224,4015.02186,4042.919128,4035.237058,4015.02186,6852.735731,13942.46594,7862.371647,7005.09422,13101.73174,7862.371647,7409.657509,8828.839186,7862.371647,7792.017466,8212.97785,7862.371647,1648.401385,1637.957724,0.001001968,0.001005531,0.001008742,0.001011081,5627.60202,5627.60202,5627.60202,10816.81065,10816.81065,10816.81065,10816.81065,10816.81065
3/13/1997,3506.37429,3815.811719,3880.140413,3935.617242,3930.841224,3880.140413,6585.283687,9979.222253,7570.748811,6761.939149,13942.46594,7570.748811,7144.841066,13101.73174,7570.748811,7411.330471,8828.839186,7570.748811,1632.413238,1622.084419,0.001001968,0.001005531,0.001008742,0.001011081,5253.823058,5253.823058,5253.823058,10201.53106,10201.53106,10201.53106,10201.53106,10201.53106
3/14/1997,3333.409672,4445.303871,3694.413957,3783.941233,3815.811719,3694.413957,7308.102932,8711.78024,8434.828859,7497.72695,9979.222253,8434.828859,7868.94403,13942.46594,8434.828859,7985.402676,13101.73174,8434.828859,1586.204018,1576.206365,0.001001968,0.001005531,0.001008742,0.001011081,4810.606006,4810.606006,4810.606006,9692.344608,9692.344608,9692.344608,9692.344608,9692.344608
3/15/1997,3862.926805,3735.82133,4356.025863,4434.693532,4445.303871,4356.025863,12060.34512,7917.635836,14191.51396,12233.00867,8711.78024,14191.51396,12362.02306,9979.222253,14191.51396,11818.9187,13942.46594,14191.51396,2028.580261,2015.369455,0.001001968,0.001005531,0.001008742,0.001011081,4463.834033,4463.834033,4463.834033,9888.874409,9888.874409,9888.874409,9888.874409,9888.874409
3/16/1997,3338.250274,3528.419633,3690.302045,3752.82079,3735.82133,3690.302045,11815.48656,7325.321876,13842.27256,11887.23797,7917.635836,13842.27256,12211.71371,8711.78024,13842.27256,12994.01155,9979.222253,13842.27256,1514.367772,1504.882655,0.001001968,0.001005531,0.001008742,0.001011081,4233.750987,4233.750987,4233.750987,10338.49366,10338.49366,10338.49366,10338.49366,10338.49366
3/17/1997,3140.75654,3330.943353,3481.462862,3533.693168,3528.419633,3481.462862,7566.236354,7044.461055,8740.27015,7706.195598,7325.321876,8740.27015,8119.610608,7917.635836,8740.27015,8553.975405,8711.78024,8740.27015,1486.297108,1477.011488,0.001001968,0.001005531,0.001008742,0.001011081,4050.90965,4050.90965,4050.90965,10239.61419,10239.61419,10239.61419,10239.61419,10239.61419
3/18/1997,3022.588679,3223.180729,3341.498346,3334.778277,3330.943353,3341.498346,6895.252587,6704.595292,7939.703935,6976.052146,7044.461055,7939.703935,7318.82041,7325.321876,7939.703935,7746.922352,7917.635836,7939.703935,1403.936985,1395.234056,0.001001968,0.001005531,0.001008742,0.001011081,3912.708455,3912.708455,3912.708455,10051.39559,10051.39559,10051.39559,10051.39559,10051.39559
3/19/1997,2946.851996,3187.990142,3247.192604,3226.197138,3223.180729,3247.192604,6395.874318,6649.257436,7336.552601,6461.81875,6704.595292,7336.552601,6717.856982,7044.461055,7336.552601,7033.256182,7325.321876,7336.552601,1331.703815,1323.50855,0.001001968,0.001005531,0.001008742,0.001011081,3786.578624,3786.578624,3786.578624,9938.34185,9938.34185,9938.34185,9938.34185,9938.34185
3/20/1997,2928.770573,3342.694158,3223.989157,3190.028362,3187.990142,3223.989157,6144.942801,7090.504593,7035.720252,6199.345664,6649.257436,7035.720252,6441.241545,6704.595292,7035.720252,6587.401818,7044.461055,7035.720252,1315.604258,1307.521693,0.001001968,0.001005531,0.001008742,0.001011081,3670.701172,3670.701172,3670.701172,9845.553559,9845.553559,9845.553559,9845.553559,9845.553559
3/21/1997,3019.764299,3540.380365,3339.402487,3308.227826,3342.694158,3339.402487,6161.504142,7331.480645,7077.612283,6228.428535,7090.504593,7077.612283,6463.078151,6649.257436,7077.612283,6479.188339,6704.595292,7077.612283,1420.329919,1411.511332,0.001001968,0.001005531,0.001008742,0.001011081,3586.269098,3586.269098,3586.269098,9601.947225,9601.947225,9601.947225,9601.947225,9601.947225
3/22/1997,3403.056638,3820.489083,3736.817479,3534.536326,3540.380365,3736.817479,6345.809081,6542.115876,7234.742362,6258.974306,7331.480645,7234.742362,6341.479154,7090.504593,7234.742362,6316.276208,6649.257436,7234.742362,1435.075207,1426.152449,0.001001968,0.001005531,0.001008742,0.001011081,3458.006474,3458.006474,3458.006474,8667.966341,8667.966341,8667.966341,8667.966341,8667.966341
3/23/1997,3505.649492,3805.745599,3873.713109,3832.274041,3820.489083,3873.713109,6302.635793,6846.1318,7220.724414,6387.9401,6542.115876,7220.724414,6564.980196,7331.480645,7220.724414,6310.145982,7090.504593,7220.724414,1602.817627,1592.70104,0.001001968,0.001005531,0.001008742,0.001011081,3426.761929,3426.761929,3426.761929,7620.514437,7620.514437,7620.514437,7620.514437,7620.514437
3/24/1997,3308.825236,3610.666916,3689.992623,3809.33618,3805.745599,3689.992623,6327.464503,7895.06346,7320.103781,6568.39673,6846.1318,7320.103781,6962.485129,6542.115876,7320.103781,6915.265495,7331.480645,7320.103781,1676.394617,1665.749564,0.001001968,0.001005531,0.001008742,0.001011081,3452.919629,3452.919629,3452.919629,7263.588812,7263.588812,7263.588812,7263.588812,7263.588812
3/25/1997,2895.978109,4082.784528,3199.31279,3312.548832,3610.666916,3199.31279,5846.979488,8662.714648,6718.899395,6051.050584,7895.06346,6718.899395,6456.934656,6846.1318,6718.899395,6972.79926,6542.115876,6718.899395,1356.476798,1348.107793,0.001001968,0.001005531,0.001008742,0.001011081,3458.242406,3458.242406,3458.242406,7132.382513,7132.382513,7132.382513,7132.382513,7132.382513
3/26/1997,4284.366403,4832.045834,4663.616022,4134.290688,4082.784528,4663.616022,6866.078849,8559.823745,7696.10435,6517.000191,8662.714648,7696.10435,6345.262685,7895.06346,7696.10435,5827.453519,6846.1318,7696.10435,1427.079738,1418.213482,0.001001968,0.001005531,0.001008742,0.001011081,3520.412937,3520.412937,3520.412937,7041.708838,7041.708838,7041.708838,7041.708838,7041.708838
3/27/1997,4836.684847,5954.341477,5286.009197,4849.01738,4832.045834,5286.009197,7926.790195,9562.557601,8969.117188,7665.234481,8559.823745,8969.117188,7672.969642,8662.714648,8969.117188,6961.870159,7895.06346,8969.117188,1839.914725,1828.085508,0.001001968,0.001005531,0.001008742,0.001011081,3705.191951,3705.191951,3705.191951,7125.645599,7125.645599,7125.645599,7125.645599,7125.645599
3/28/1997,5509.114048,5831.842582,6186.212401,5914.500091,5954.341477,6186.212401,8782.41129,15341.18411,10216.28938,8755.796447,9562.557601,10216.28938,9224.920333,8559.823745,10216.28938,8107.204479,8662.714648,10216.28938,2803.74449,2784.712965,0.001001968,0.001005531,0.001008742,0.001011081,4061.792912,4061.792912,4061.792912,7350.728808,7350.728808,7350.728808,7350.728808,7350.728808
3/29/1997,5460.57067,6732.091011,6042.248345,5740.892416,5831.842582,6042.248345,8739.718599,19961.85315,10044.68705,8644.408095,15341.18411,10044.68705,8970.066269,9562.557601,10044.68705,9322.045357,8559.823745,10044.68705,2429.6933,2413.497028,0.001001968,0.001005531,0.001008742,0.001011081,4378.283688,4378.283688,4378.283688,7672.254929,7672.254929,7672.254929,7672.254929,7672.254929
3/30/1997,6133.593205,10058.81843,6724.133905,6124.544023,6732.091011,6724.133905,8353.548504,17873.78497,9464.238654,7991.152219,19961.85315,9464.238654,8232.861725,15341.18411,9464.238654,7985.087394,9562.557601,9464.238654,2442.736062,2426.441713,0.001001968,0.001005531,0.001008742,0.001011081,4683.387775,4683.387775,4683.387775,7964.277339,7964.277339,7964.277339,7964.277339,7964.277339
3/31/1997,9034.131107,13518.78202,10199.97966,9680.593635,10058.81843,10199.97966,12675.43162,14122.98629,14798.44328,12648.10271,17873.78497,14798.44328,12674.28268,19961.85315,14798.44328,9489.120053,15341.18411,14798.44328,4390.80984,4359.32864,0.001001968,0.001005531,0.001008742,0.001011081,5370.055308,5370.055308,5370.055308,8497.844272,8497.844272,8497.844272,8497.844272,8497.844272
4/1/1997,11693.67165,9852.80317,13766.66608,13933.36351,13518.78202,13766.66608,19931.2857,11780.38875,24276.33804,20866.92059,14122.98629,24276.33804,21985.15978,17873.78497,24276.33804,17560.32719,19961.85315,24276.33804,7581.335604,7523.454393,0.001001968,0.001005531,0.001008742,0.001011081,6768.510163,6768.510163,6768.510163,10037.94457,10037.94457,10037.94457,10037.94457,10037.94457
4/2/1997,8088.572725,6548.728527,9344.268702,10045.03278,9852.80317,9344.268702,16875.13821,11342.70263,20240.40056,17965.37678,11780.38875,20240.40056,19689.52479,14122.98629,20240.40056,22686.11628,17873.78497,20240.40056,4843.805869,4808.671904,0.001001968,0.001005531,0.001008742,0.001011081,7778.226858,7778.226858,7778.226858,12135.80452,12135.80452,12135.80452,12135.80452,12135.80452
4/3/1997,5656.397194,5716.70998,6268.420687,6502.403042,6548.728527,6268.420687,9090.093475,11505.54296,10393.14888,9573.052875,11342.70263,10393.14888,11026.12333,11780.38875,10393.14888,14320.17313,14122.98629,10393.14888,2445.631134,2429.315006,0.001001968,0.001005531,0.001008742,0.001011081,8198.564547,8198.564547,8198.564547,13480.9098,13480.9098,13480.9098,13480.9098,13480.9098
4/4/1997,5427.900922,6306.819086,5901.943635,5740.498576,5716.70998,5901.943635,8628.280287,11405.79408,9635.317262,8679.346373,11505.54296,9635.317262,9301.670111,11342.70263,9635.317262,10533.42004,11780.38875,9635.317262,1875.370082,1863.282435,0.001001968,0.001005531,0.001008742,0.001011081,8225.556714,8225.556714,8225.556714,14074.24668,14074.24668,14074.24668,14074.24668,14074.24668
4/5/1997,6151.415546,7273.136564,6750.656618,6333.734055,6306.819086,6750.656618,10218.93045,11384.29523,11548.63123,10044.32066,11405.79408,11548.63123,10469.78603,11505.54296,11548.63123,10090.30332,11342.70263,11548.63123,2414.900404,2398.815299,0.001001968,0.001005531,0.001008742,0.001011081,8322.200678,8322.200678,8322.200678,14377.26507,14377.26507,14377.26507,14377.26507,14377.26507
4/6/1997,6851.611823,7435.794316,7612.838339,7287.644184,7273.136564,7612.838339,11235.83796,11077.02719,12907.08578,11193.35786,11384.29523,12907.08578,11533.74805,11405.79408,12907.08578,11151.92958,11505.54296,12907.08578,3084.06387,3062.879338,0.001001968,0.001005531,0.001008742,0.001011081,8483.805795,8483.805795,8483.805795,14684.18577,14684.18577,14684.18577,14684.18577,14684.18577
4/7/1997,6753.441278,7028.849184,7499.410099,7468.724317,7435.794316,7499.410099,10673.34499,10513.70077,12270.25087,10918.6944,11077.02719,12270.25087,11321.80658,11384.29523,12270.25087,11389.29756,11405.79408,12270.25087,3041.342118,3020.487165,0.001001968,0.001005531,0.001008742,0.001011081,8274.042242,8274.042242,8274.042242,14734.98053,14734.98053,14734.98053,14734.98053,14734.98053
4/8/1997,6095.268915,6116.287128,6753.86123,7063.305103,7028.849184,6753.86123,9385.744166,9648.321474,10764.06476,9942.533915,10513.70077,10764.06476,10557.32813,11077.02719,10764.06476,10935.38983,11384.29523,10764.06476,2715.57883,2697.219641,0.001001968,0.001005531,0.001008742,0.001011081,7393.203418,7393.203418,7393.203418,13800.66669,13800.66669,13800.66669,13800.66669,13800.66669
4/9/1997,5155.733108,5238.638703,5681.179607,6138.013666,6116.287128,5681.179607,8351.683261,9703.815667,9537.418304,9000.700281,9648.321474,9537.418304,9814.058569,10513.70077,9537.418304,10595.00729,11077.02719,9537.418304,2200.157413,2185.67713,0.001001968,0.001005531,0.001008742,0.001011081,6785.669376,6785.669376,6785.669376,12322.82669,12322.82669,12322.82669,12322.82669,12322.82669
4/10/1997,4438.012884,4681.760109,4875.264192,5254.411804,5238.638703,4875.264192,7583.70459,9869.97232,8645.911034,8117.476421,9703.815667,8645.911034,8985.614666,9648.321474,8645.911034,9884.269301,10513.70077,8645.911034,1853.679557,1841.750078,0.001001968,0.001005531,0.001008742,0.001011081,6546.336996,6546.336996,6546.336996,11363.35488,11363.35488,11363.35488,11363.35488,11363.35488
4/11/1997,4047.300054,4424.722768,4455.784328,4693.766364,4681.760109,4455.784328,7272.750579,8922.579647,8318.385091,7648.853143,9869.97232,8318.385091,8410.481503,9703.815667,8318.385091,9176.831949,9648.321474,8318.385091,1746.66136,1735.509047,0.001001968,0.001005531,0.001008742,0.001011081,6425.27606,6425.27606,6425.27606,10902.38879,10902.38879,10902.38879,10902.38879,10902.38879
4/12/1997,3820.318331,4802.981976,4225.780013,4390.52168,4424.722768,4225.780013,7021.395602,8373.900895,8060.071908,7322.955288,8922.579647,8060.071908,7937.600771,9869.97232,8060.071908,8453.865215,9703.815667,8060.071908,1743.993944,1732.860932,0.001001968,0.001005531,0.001008742,0.001011081,6200.248554,6200.248554,6200.248554,10544.51415,10544.51415,10544.51415,10544.51415,10544.51415
4/13/1997,4389.415304,5045.41211,4906.508425,4819.232611,4802.981976,4906.508425,8490.041558,7936.481265,9827.430929,8580.902575,8373.900895,9827.430929,9043.16701,8922.579647,9827.430929,8671.32609,9869.97232,9827.430929,2171.983047,2157.712029,0.001001968,0.001005531,0.001008742,0.001011081,5897.287726,5897.287726,5897.287726,10276.63419,10276.63419,10276.63419,10276.63419,10276.63419
4/14/1997,4662.02654,4836.340081,5214.243325,5065.930904,5045.41211,5214.243325,9037.968207,8182.340683,10503.0786,9062.606274,7936.481265,10503.0786,9401.076979,8373.900895,10503.0786,9595.924103,8922.579647,10503.0786,2330.616609,2315.163397,0.001001968,0.001005531,0.001008742,0.001011081,5573.55532,5573.55532,5573.55532,10033.81533,10033.81533,10033.81533,10033.81533,10033.81533
4/15/1997,4203.811696,4279.253205,4720.952851,4842.828675,4836.340081,4720.952851,7274.809214,8138.055504,8449.758999,7575.760373,8182.340683,8449.758999,8104.014019,7936.481265,8449.758999,8307.42372,8373.900895,8449.758999,2215.812107,2201.215417,0.001001968,0.001005531,0.001008742,0.001011081,5262.25036,5262.25036,5262.25036,9643.367985,9643.367985,9643.367985,9643.367985,9643.367985
4/16/1997,3653.847055,3844.274619,4082.361918,4284.15527,4279.253205,4082.361918,6347.878974,7512.341416,7331.549315,6699.732106,8138.055504,7331.549315,7260.221053,8182.340683,7331.549315,7828.528027,7936.481265,7331.549315,1862.849584,1850.853263,0.001001968,0.001005531,0.001008742,0.001011081,4972.368306,4972.368306,4972.368306,9212.580608,9212.580608,9212.580608,9212.580608,9212.580608
4/17/1997,3348.97428,4056.580877,3727.933087,3838.54865,3844.274619,3727.933087,5762.854029,6821.778429,6628.956974,6008.164928,7512.341416,6628.956974,6569.064982,8138.055504,6628.956974,7070.276611,8182.340683,6628.956974,1663.277911,1652.727274,0.001001968,0.001005531,0.001008742,0.001011081,4731.103071,4731.103071,4731.103071,8802.05732,8802.05732,8802.05732,8802.05732,8802.05732
4/18/1997,3459.787736,3850.696908,3910.778304,4041.139344,4056.580877,3910.778304,6501.714175,6279.028286,7593.206078,6781.991584,6821.778429,7593.206078,7260.36957,7512.341416,7593.206078,7276.577324,8138.055504,7593.206078,1959.442589,1946.739886,0.001001968,0.001005531,0.001008742,0.001011081,4589.816262,4589.816262,4589.816262,8550.593713,8550.593713,8550.593713,8550.593713,8550.593713
4/19/1997,3412.414012,3620.62448,3845.796612,3864.949608,3850.696908,3845.796612,6766.02856,6018.251428,7895.144874,6922.2336,6279.028286,7895.144874,7387.756562,6821.778429,7895.144874,7652.416659,7512.341416,7895.144874,1882.2677,1870.12971,0.001001968,0.001005531,0.001008742,0.001011081,4489.900858,4489.900858,4489.900858,8434.425518,8434.425518,8434.425518,8434.425518,8434.425518
4/20/1997,3162.619991,3222.609692,3568.084318,3635.386967,3620.62448,3568.084318,5893.01484,5913.999505,6865.3644,6096.128241,6018.251428,6865.3644,6548.781391,6279.028286,6865.3644,6864.45974,6821.778429,6865.3644,1780.582068,1769.184012,0.001001968,0.001005531,0.001008742,0.001011081,4331.69017,4331.69017,4331.69017,8157.295433,8157.295433,8157.295433,8157.295433,8157.295433
4/21/1997,2827.680548,3086.958595,3165.954059,3225.614081,3222.609692,3165.954059,5141.416012,5726.685729,5942.762531,5317.02544,5913.999505,5942.762531,5724.051811,6018.251428,5942.762531,6206.135652,6279.028286,5942.762531,1510.098014,1500.64327,0.001001968,0.001005531,0.001008742,0.001011081,4101.104012,4101.104012,4101.104012,7704.46337,7704.46337,7704.46337,7704.46337,7704.46337
4/22/1997,2727.903932,3113.621518,3054.725342,3088.363294,3086.958595,3054.725342,4798.562043,5528.695177,5540.474372,4947.740876,5726.685729,5540.474372,5316.650352,5913.999505,5540.474372,5544.903491,6018.251428,5540.474372,1466.078117,1456.935913,0.001001968,0.001005531,0.001008742,0.001011081,3851.129544,3851.129544,3851.129544,7306.929334,7306.929334,7306.929334,7306.929334,7306.929334
4/23/1997,2768.157787,3086.529922,3114.796048,3114.770869,3113.621518,3114.796048,4959.177123,5369.701762,5755.091295,5078.654136,5528.695177,5755.091295,5433.685165,5726.685729,5755.091295,5502.55082,5913.999505,5755.091295,1553.014925,1543.254421,0.001001968,0.001005531,0.001008742,0.001011081,3664.441804,3664.441804,3664.441804,6959.446985,6959.446985,6959.446985,6959.446985,6959.446985
4/24/1997,2691.77703,2912.301725,3037.174441,3087.456346,3086.529922,3037.174441,4939.618353,5747.682967,5746.302836,5106.886056,5369.701762,5746.302836,5424.134889,5528.695177,5746.302836,5547.987338,5726.685729,5746.302836,1550.963831,1541.217963,0.001001968,0.001005531,0.001008742,0.001011081,3526.27036,3526.27036,3526.27036,6702.071017,6702.071017,6702.071017,6702.071017,6702.071017
4/25/1997,2541.350129,2781.706045,2862.326165,2913.19425,2912.301725,2862.326165,4631.659487,6493.483378,5377.729711,4792.126339,5747.682967,5377.729711,5137.597422,5369.701762,5377.729711,5336.486691,5528.695177,5377.729711,1450.953884,1441.918803,0.001001968,0.001005531,0.001008742,0.001011081,3361.193873,3361.193873,3361.193873,6403.547154,6403.547154,6403.547154,6403.547154,6403.547154
4/26/1997,2433.578047,2729.33462,2740.721694,2782.477014,2781.706045,2740.721694,4401.316843,6189.014247,5108.373298,4548.726883,6493.483378,5108.373298,4884.346261,5747.682967,5108.373298,5080.272475,5369.701762,5108.373298,1395.228789,1386.587234,0.001001968,0.001005531,0.001008742,0.001011081,3200.778392,3200.778392,3200.778392,6058.701155,6058.701155,6058.701155,6058.701155,6058.701155
4/27/1997,2344.509045,3183.307787,2641.637265,2678.310097,2729.33462,2641.637265,4289.972794,5811.071753,4981.738183,4427.806605,6189.014247,4981.738183,4743.331429,6493.483378,4981.738183,4921.941312,5747.682967,4981.738183,1355.346566,1346.985495,0.001001968,0.001005531,0.001008742,0.001011081,3056.945341,3056.945341,3056.945341,5761.057856,5761.057856,5761.057856,5761.057856,5761.057856
4/28/1997,2779.794848,3184.006457,3180.476903,3183.235334,3183.307787,3180.476903,5354.998992,5364.751514,6287.022065,5498.341258,5811.071753,6287.022065,5802.029379,6189.014247,6287.022065,5265.373136,6493.483378,6287.022065,1764.410055,1753.129229,0.001001968,0.001005531,0.001008742,0.001011081,3027.282591,3027.282591,3027.282591,5656.05582,5656.05582,5656.05582,5656.05582,5656.05582
4/29/1997,2995.485414,3240.347573,3396.430482,3223.274958,3184.006457,3396.430482,6218.79678,5429.022084,7280.494038,6168.35724,5364.751514,7280.494038,6456.026326,5811.071753,7280.494038,6554.097228,6189.014247,7280.494038,1768.025693,1756.718668,0.001001968,0.001005531,0.001008742,0.001011081,3028.554013,3028.554013,3028.554013,5752.313795,5752.313795,5752.313795,5752.313795,5752.313795
4/30/1997,2818.918322,2819.242576,3219.951453,3249.536325,3240.347573,3219.951453,5186.187104,5405.75146,6098.321445,5349.94143,5429.022084,6098.321445,5653.514673,5364.751514,6098.321445,5760.573584,5811.071753,6098.321445,1790.652746,1779.181624,0.001001968,0.001005531,0.001008742,0.001011081,3033.106877,3033.106877,3033.106877,5806.236707,5806.236707,5806.236707,5806.236707,5806.236707
5/1/1997,2352.017841,2520.84957,2665.634835,2794.553572,2819.242576,2665.634835,4441.776891,5865.718741,5180.022529,4674.952267,5405.75146,5180.022529,5027.55889,5429.022084,5180.022529,5431.222066,5364.751514,5180.022529,1432.131952,1423.229997,0.001001968,0.001005531,0.001008742,0.001011081,3000.040848,3000.040848,3000.040848,5806.806851,5806.806851,5806.806851,5806.806851,5806.806851
5/2/1997,2134.719725,2928.450997,2401.529209,2479.810314,2520.84957,2401.529209,3916.292946,7243.096311,4530.888804,4088.558201,5865.718741,4530.888804,4448.981576,5405.75146,4530.888804,4757.343973,5429.022084,4530.888804,1225.936544,1218.478548,0.001001968,0.001005531,0.001008742,0.001011081,2946.666103,2946.666103,2946.666103,5761.697736,5761.697736,5761.697736,5761.697736,5761.697736
5/3/1997,2438.856742,3301.373233,2757.335965,2734.549645,2928.450997,2757.335965,4680.269834,7187.064895,5436.3416,4770.113947,7243.096311,5436.3416,5025.748766,5865.718741,5436.3416,4839.11706,5405.75146,5436.3416,1424.539975,1415.691658,0.001001968,0.001005531,0.001008742,0.001011081,2927.366172,2927.366172,2927.366172,5757.153928,5757.153928,5757.153928,5757.153928,5757.153928
5/4/1997,3157.786183,3092.854163,3528.642932,3397.5518,3301.373233,3528.642932,5803.383168,6173.451584,6666.097272,5824.527906,7187.064895,6666.097272,5725.351877,7243.096311,6666.097272,5304.516673,5865.718741,6666.097272,1505.873498,1496.448797,0.001001968,0.001005531,0.001008742,0.001011081,2967.362327,2967.362327,2967.362327,5845.303822,5845.303822,5845.303822,5845.303822,5845.303822
5/5/1997,3440.778826,5050.692032,3781.262401,3188.311806,3092.854163,3781.262401,6063.316495,6630.477623,6910.178213,5589.693769,6173.451584,6910.178213,5933.268493,7187.064895,6910.178213,5918.387822,7243.096311,6910.178213,1469.151701,1459.987711,0.001001968,0.001005531,0.001008742,0.001011081,2985.270573,2985.270573,2985.270573,5937.285921,5937.285921,5937.285921,5937.285921,5937.285921
5/6/1997,4264.556352,3809.47628,4977.207291,5005.986886,5050.692032,4977.207291,7431.512042,5979.741149,8945.499622,7697.428445,6630.477623,8945.499622,7982.418133,6173.451584,8945.499622,6734.016919,7187.064895,8945.499622,3029.95017,3009.183015,0.001001968,0.001005531,0.001008742,0.001011081,3194.525711,3194.525711,3194.525711,6011.14127,6011.14127,6011.14127,6011.14127,6011.14127
5/7/1997,3223.421807,3256.859518,3632.221438,3830.575323,3809.47628,3632.221438,6407.501572,5144.872307,7480.194957,6731.518779,5979.741149,7480.194957,7022.35011,6630.477623,7480.194957,7979.937511,6173.451584,7480.194957,1783.159842,1771.743087,0.001001968,0.001005531,0.001008742,0.001011081,3279.497543,3279.497543,3279.497543,6178.316852,6178.316852,6178.316852,6178.316852,6178.316852
5/8/1997,2768.146602,2974.970348,3090.57813,3242.265524,3256.859518,3090.57813,3957.931807,5620.535397,4538.32218,4240.392702,5144.872307,4538.32218,4751.544838,5979.741149,4538.32218,5146.992471,6630.477623,4538.32218,1438.531584,1429.584388,0.001001968,0.001005531,0.001008742,0.001011081,3362.72319,3362.72319,3362.72319,6289.244491,6289.244491,6289.244491,6289.244491,6289.244491
5/9/1997,2480.813616,2581.20754,2772.233864,2887.727121,2974.970348,2772.233864,4840.098814,5476.008509,5592.431844,5050.972204,5620.535397,5592.431844,5525.715917,5144.872307,5592.431844,5890.103055,5979.741149,5592.431844,1310.688035,1302.639852,0.001001968,0.001005531,0.001008742,0.001011081,3436.192323,3436.192323,3436.192323,6447.218274,6447.218274,6447.218274,6447.218274,6447.218274
5/10/1997,2274.616768,2493.595605,2504.168077,2612.693031,2581.20754,2504.168077,4422.478006,4903.087805,5037.249828,4612.031493,5476.008509,5037.249828,4834.284188,5620.535397,5037.249828,5347.715893,5144.872307,5037.249828,1003.819528,997.88362,0.001001968,0.001005531,0.001008742,0.001011081,3428.898175,3428.898175,3428.898175,6487.451994,6487.451994,6487.451994,6487.451994,6487.451994
5/11/1997,2590.370927,3516.758913,2839.737024,2537.68038,2493.595605,2839.737024,4256.128396,4884.109696,4818.349983,4048.232848,4903.087805,4818.349983,4404.920252,5476.008509,4818.349983,4440.953182,5620.535397,4818.349983,1113.470675,1106.788088,0.001001968,0.001005531,0.001008742,0.001011081,3381.775352,3381.775352,3381.775352,6358.972516,6358.972516,6358.972516,6358.972516,6358.972516
5/12/1997,3103.780804,2896.242017,3544.681194,3525.959634,3516.758913,3544.681194,5458.215737,4774.483686,6435.683073,5587.498271,4884.109696,6435.683073,5770.875324,4903.087805,6435.683073,5223.563413,5476.008509,6435.683073,1945.786924,1933.184336,0.001001968,0.001005531,0.001008742,0.001011081,3390.486973,3390.486973,3390.486973,6196.084509,6196.084509,6196.084509,6196.084509,6196.084509
5/13/1997,2412.099507,2416.010342,2707.945834,2893.207177,2896.242017,2707.945834,4688.967886,4404.610333,5442.908859,4966.965101,4774.483686,5442.908859,5228.785244,4884.109696,5442.908859,5711.301821,4903.087805,5442.908859,1347.260117,1338.955796,0.001001968,0.001005531,0.001008742,0.001011081,3142.351231,3142.351231,3142.351231,5944.943205,5944.943205,5944.943205,5944.943205,5944.943205
5/14/1997,2077.091709,2380.185879,2305.298921,2398.553923,2416.010342,2305.298921,3377.697324,4085.186689,3854.294892,3557.524017,4404.610333,3854.294892,3960.798984,4774.483686,3854.294892,4303.184875,4884.109696,3854.294892,1057.396208,1051.096675,0.001001968,0.001005531,0.001008742,0.001011081,2971.432736,2971.432736,2971.432736,5619.844016,5619.844016,5619.844016,5619.844016,5619.844016
5/15/1997,2095.596543,2265.571391,2340.153668,2387.887618,2380.185879,2340.153668,3727.169159,3456.196696,4290.526134,3861.058458,4085.186689,4290.526134,4160.542316,4404.610333,4290.526134,4325.884129,4774.483686,4290.526134,1124.648245,1117.88901,0.001001968,0.001005531,0.001008742,0.001011081,2831.460023,2831.460023,2831.460023,5353.945233,5353.945233,5353.945233,5353.945233,5353.945233
5/16/1997,2007.800902,2085.521814,2243.726994,2278.9629,2265.571391,2243.726994,3807.702831,2493.625865,4391.044388,3920.834764,3456.196696,4391.044388,4183.731165,4085.186689,4391.044388,4370.293342,4404.610333,4391.044388,1094.286064,1087.734807,0.001001968,0.001005531,0.001008742,0.001011081,2720.474008,2720.474008,2720.474008,5077.569665,5077.569665,5077.569665,5077.569665,5077.569665
5/17/1997,1844.457363,2204.584112,2049.695588,2069.695173,2085.521814,2049.695588,3442.795285,3440.369731,3947.20698,3531.630462,2493.625865,3947.20698,3767.291757,3456.196696,3947.20698,4024.160159,4085.186689,3947.20698,966.6337203,960.9487683,0.001001968,0.001005531,0.001008742,0.001011081,2644.442117,2644.442117,2644.442117,4872.22245,4872.22245,4872.22245,4872.22245,4872.22245
5/18/1997,1927.054383,2368.420637,2150.095633,2141.990956,2204.584112,2150.095633,3366.813471,6458.845948,3869.349748,3438.421127,3440.369731,3869.349748,3644.453688,2493.625865,3869.349748,3657.179087,3456.196696,3869.349748,1040.839213,1034.652305,0.001001968,0.001005531,0.001008742,0.001011081,2568.54469,2568.54469,2568.54469,4734.309658,4734.309658,4734.309658,4734.309658,4734.309658
5/19/1997,2235.027508,2708.06673,2431.619494,2131.257853,2368.420637,2431.619494,3401.667442,7027.744847,3803.898678,3182.499826,6458.845948,3803.898678,3274.831182,3440.369731,3803.898678,3340.692369,2493.625865,3803.898678,894.799976,889.5963135,0.001001968,0.001005531,0.001008742,0.001011081,2388.537845,2388.537845,2388.537845,4476.944056,4476.944056,4476.944056,4476.944056,4476.944056
5/20/1997,3276.962174,4054.193339,3471.353647,2803.340124,2708.06673,3471.353647,3783.979568,6414.344333,4054.81862,3235.771141,7027.744847,4054.81862,2776.091377,6458.845948,4054.81862,2455.622693,3440.369731,4054.81862,721.1542975,717.0928996,0.001001968,0.001005531,0.001008742,0.001011081,2289.200323,2289.200323,2289.200323,4138.311115,4138.311115,4138.311115,4138.311115,4138.311115
5/21/1997,4436.788884,6094.09766,4840.434813,4175.171998,4054.193339,4840.434813,5563.092451,6529.730574,6262.150086,5067.724075,6414.344333,6262.150086,4973.269386,7027.744847,6262.150086,3601.035687,6458.845948,6262.150086,1730.166984,1719.133964,0.001001968,0.001005531,0.001008742,0.001011081,2448.226093,2448.226093,2448.226093,4034.350033,4034.350033,4034.350033,4034.350033,4034.350033
5/22/1997,4897.69969,3598.912164,5681.30641,6103.062936,6094.09766,5681.30641,8101.573844,7229.015177,9749.23379,8781.931543,6529.730574,9749.23379,9010.658943,6414.344333,9749.23379,7236.307632,7027.744847,9749.23379,3306.763247,3283.852689,0.001001968,0.001005531,0.001008742,0.001011081,2895.922177,2895.922177,2895.922177,4389.521267,4389.521267,4389.521267,4389.521267,4389.521267
5/23/1997,2663.910088,2228.542023,2949.941019,3602.248323,3598.912164,2949.941019,5340.179472,6451.639999,6161.431297,6071.884871,7229.015177,6161.431297,6766.115979,6529.730574,6161.431297,8428.542688,6414.344333,6161.431297,1301.78769,1293.801711,0.001001968,0.001005531,0.001008742,0.001011081,3142.774586,3142.774586,3142.774586,4855.040644,4855.040644,4855.040644,4855.040644,4855.040644
5/24/1997,1898.615553,2334.065239,2028.024193,2226.235799,2228.542023,2028.024193,2527.738008,5094.691944,2746.468309,2784.929112,6451.639999,2746.468309,3577.615485,7229.015177,2746.468309,4777.315112,6529.730574,2746.468309,612.4469165,609.0828994,0.001001968,0.001005531,0.001008742,0.001011081,3252.366431,3252.366431,3252.366431,5159.947843,5159.947843,5159.947843,5159.947843,5159.947843
5/25/1997,2001.744996,2454.616079,2195.10086,2309.890403,2334.065239,2195.10086,4107.740332,4462.51182,4692.001403,4279.278018,5094.691944,4692.001403,4636.849492,6451.639999,4692.001403,5001.351739,7229.015177,4692.001403,905.9033477,900.6256036,0.001001968,0.001005531,0.001008742,0.001011081,3304.024009,3304.024009,3304.024009,5367.081992,5367.081992,5367.081992,5367.081992,5367.081992
5/26/1997,2238.946462,2686.688068,2479.335857,2467.238086,2454.616079,2479.335857,6066.554497,4127.901863,7021.126368,6099.083472,4462.51182,7021.126368,6317.196734,5094.691944,7021.126368,6257.577085,6451.639999,7021.126368,1104.268118,1097.648563,0.001001968,0.001005531,0.001008742,0.001011081,3370.658302,3370.658302,3370.658302,5799.101009,5799.101009,5799.101009,5799.101009,5799.101009
5/27/1997,2377.262047,2211.129533,2664.49259,2704.636291,2686.688068,2664.49259,5654.491402,3793.544897,6586.643382,5762.43446,4127.901863,6586.643382,5922.899108,4462.51182,6586.643382,6020.932317,5094.691944,6586.643382,1309.990894,1301.947586,0.001001968,0.001005531,0.001008742,0.001011081,3433.64123,3433.64123,3433.64123,6250.619292,6250.619292,6250.619292,6250.619292,6250.619292
5/28/1997,1919.724089,1924.859697,2132.728783,2212.717147,2211.129533,2132.728783,3905.486948,3577.439264,4492.32501,4048.671782,3793.544897,4492.32501,4380.057404,4127.901863,4492.32501,4762.561169,4462.51182,4492.32501,1003.064528,997.1337276,0.001001968,0.001005531,0.001008742,0.001011081,3242.101425,3242.101425,3242.101425,6334.729214,6334.729214,6334.729214,6334.729214,6334.729214
5/29/1997,1682.518512,1792.606529,1856.438446,1925.309229,1924.859697,1856.438446,3142.04965,4157.018313,3580.387424,3268.893549,3577.439264,3580.387424,3523.858698,3793.544897,3580.387424,3914.816517,4127.901863,3580.387424,833.1490383,828.3545338,0.001001968,0.001005531,0.001008742,0.001011081,2731.168157,2731.168157,2731.168157,5920.556175,5920.556175,5920.556175,5920.556175,5920.556175
5/30/1997,1594.84161,1751.574886,1757.332143,1792.198161,1792.606529,1757.332143,3045.623829,7063.715932,3468.384317,3133.368826,4157.018313,3468.384317,3345.095564,3577.439264,3468.384317,3556.899653,3793.544897,3468.384317,783.7498479,779.2803973,0.001001968,0.001005531,0.001008742,0.001011081,2416.496575,2416.496575,2416.496575,5361.312359,5361.312359,5361.312359,5361.312359,5361.312359
5/31/1997,1562.126856,1668.782819,1725.518071,1752.360763,1751.574886,1725.518071,3035.174285,7479.008529,3463.169584,3114.246432,7063.715932,3463.169584,3289.884572,4157.018313,3463.169584,3397.836007,3577.439264,3463.169584,789.515794,785.0085363,0.001001968,0.001005531,0.001008742,0.001011081,2258.391849,2258.391849,2258.391849,4968.35159,4968.35159,4968.35159,4968.35159,4968.35159
6/1/1997,1484.089666,1703.355693,1638.332944,1669.232293,1668.782819,1638.332944,2906.299951,5306.310218,3315.819208,2986.175538,7479.008529,3315.819208,3150.020113,7063.715932,3315.819208,3290.849875,4157.018313,3315.819208,750.1690151,745.9190262,0.001001968,0.001005531,0.001008742,0.001011081,2142.694172,2142.694172,2142.694172,4688.751125,4688.751125,4688.751125,4688.751125,4688.751125
6/2/1997,1488.771445,2378.680593,1650.914369,1675.875906,1703.355693,1650.914369,3532.965909,4436.80356,4060.165778,3600.024059,5306.310218,4060.165778,3749.339278,7479.008529,4060.165778,3727.328376,7063.715932,4060.165778,786.9176542,782.4274369,0.001001968,0.001005531,0.001008742,0.001011081,2024.379682,2024.379682,2024.379682,4340.873141,4340.873141,4340.873141,4340.873141,4340.873141
6/3/1997,2179.028233,2800.69559,2469.54712,2384.893677,2378.680593,2469.54712,7011.775651,3945.391358,8234.351322,6974.354471,4436.80356,8234.351322,7025.861979,5306.310218,8234.351322,6280.09798,7479.008529,8234.351322,1328.762101,1320.587441,0.001001968,0.001005531,0.001008742,0.001011081,1965.542065,1965.542065,1965.542065,4492.726192,4492.726192,4492.726192,4492.726192,4492.726192
6/4/1997,2396.951983,1658.719925,2745.284777,2819.92811,2800.69559,2745.284777,7384.805487,3322.557547,8730.811543,7519.229666,3945.391358,8730.811543,7546.925457,4436.80356,8730.811543,7417.485597,5306.310218,8730.811543,1568.488592,1558.617597,0.001001968,0.001005531,0.001008742,0.001011081,2000.186562,2000.186562,2000.186562,4906.328463,4906.328463,4906.328463,4906.328463,4906.328463
6/5/1997,1444.725486,1439.078462,1602.106399,1660.218601,1658.719925,1602.106399,3803.941677,3080.936741,4370.848506,3896.253557,3322.557547,4370.848506,4335.014103,3945.391358,4370.848506,5184.55841,4436.80356,4370.848506,764.9344861,760.5881544,0.001001968,0.001005531,0.001008742,0.001011081,1993.303985,1993.303985,1993.303985,5083.259401,5083.259401,5083.259401,5083.259401,5083.259401
6/6/1997,1279.129731,1388.49745,1413.530039,1439.153074,1439.078462,1413.530039,2643.237125,2966.154931,3002.755139,2712.444721,3080.936741,3002.755139,2937.870225,3322.557547,3002.755139,3454.323708,3945.391358,3002.755139,665.0371864,661.3376809,0.001001968,0.001005531,0.001008742,0.001011081,1948.065197,1948.065197,1948.065197,5127.92768,5127.92768,5127.92768,5127.92768,5127.92768
6/7/1997,1238.586592,1344.329562,1370.305014,1388.556047,1388.49745,1370.305014,2830.2111,2875.548801,3233.176058,2884.789206,2966.154931,3233.176058,3022.103024,3080.936741,3233.176058,3218.683177,3322.557547,3233.176058,654.3335779,650.7026505,0.001001968,0.001005531,0.001008742,0.001011081,1895.204863,1895.204863,1895.204863,5102.643597,5102.643597,5102.643597,5102.643597,5102.643597
6/8/1997,1200.019325,1302.496498,1328.066799,1344.404397,1344.329562,1328.066799,2661.858985,2793.30754,3039.57329,2715.016567,2875.548801,3039.57329,2839.996874,2966.154931,3039.57329,2946.370142,3080.936741,3039.57329,638.7166125,635.1854748,0.001001968,0.001005531,0.001008742,0.001011081,1846.723168,1846.723168,1846.723168,5057.749394,5057.749394,5057.749394,5057.749394,5057.749394
6/9/1997,1162.96374,1262.458536,1287.329208,1302.601221,1302.496498,1287.329208,2544.487143,2802.445824,2904.346208,2596.336762,2793.30754,2904.346208,2716.544574,2875.548801,2904.346208,2804.794881,2966.154931,2904.346208,622.915973,619.4854675,0.001001968,0.001005531,0.001008742,0.001011081,1792.880208,1792.880208,1792.880208,4901.390042,4901.390042,4901.390042,4901.390042,4901.390042
6/10/1997,1127.436548,1224.132808,1248.213341,1262.582633,1262.458536,1248.213341,2464.302553,3068.799197,2812.660485,2514.148382,2802.445824,2812.660485,2630.213231,2793.30754,2812.660485,2712.032241,2875.548801,2812.660485,607.4388669,604.1066019,0.001001968,0.001005531,0.001008742,0.001011081,1655.491506,1655.491506,1655.491506,4274.772534,4274.772534,4274.772534,4274.772534,4274.772534
6/11/1997,1093.404402,1188.489096,1210.712192,1224.271314,1224.132808,1210.712192,2396.413706,2798.562895,2734.892124,2444.303398,3068.799197,2734.892124,2556.402371,2802.445824,2734.892124,2631.435958,2793.30754,2734.892124,592.4153958,589.1781707,0.001001968,0.001005531,0.001008742,0.001011081,1459.497689,1459.497689,1459.497689,3560.506046,3560.506046,3560.506046,3560.506046,3560.506046
6/12/1997,1060.728961,1179.62429,1174.677903,1187.505566,1188.489096,1174.677903,2330.342581,2673.078067,2659.589894,2376.324068,2798.562895,2659.589894,2484.59816,3068.799197,2659.589894,2559.310157,2802.445824,2659.589894,577.8089102,574.6637757,0.001001968,0.001005531,0.001008742,0.001011081,1347.715943,1347.715943,1347.715943,3166.593384,3166.593384,3166.593384,3166.593384,3166.593384
6/13/1997,1065.610125,1242.921342,1180.41329,1178.847371,1179.62429,1180.41329,2394.128415,2589.497535,2734.701611,2425.306504,2673.078067,2734.701611,2525.680915,2798.562895,2734.701611,2558.304094,3068.799197,2734.701611,582.0550869,578.8832132,0.001001968,0.001005531,0.001008742,0.001011081,1295.523472,1295.523472,1295.523472,2971.379133,2971.379133,2971.379133,2971.379133,2971.379133
6/14/1997,1123.426219,1243.334146,1248.406871,1244.134716,1242.921342,1248.406871,2711.297023,2513.503193,3114.240366,2737.988092,2589.497535,3114.240366,2810.238784,2673.078067,3114.240366,2816.495526,2798.562895,3114.240366,628.7512415,625.2836113,0.001001968,0.001005531,0.001008742,0.001011081,1266.764329,1266.764329,1266.764329,2919.648393,2919.648393,2919.648393,2919.648393,2919.648393
6/15/1997,1100.190895,1105.045841,1226.237112,1244.331354,1243.334146,1226.237112,2445.102149,3585.906914,2808.734274,2499.051166,2513.503193,2808.734274,2600.259545,2589.497535,2808.734274,2624.824596,2673.078067,2808.734274,635.2451001,631.7361009,0.001001968,0.001005531,0.001008742,0.001011081,1249.111227,1249.111227,1249.111227,2873.065325,2873.065325,2873.065325,2873.065325,2873.065325
6/16/1997,974.5308428,1026.845806,1081.19697,1105.256605,1105.045841,1081.19697,2186.136756,4114.292574,2497.861748,2240.395474,3585.906914,2497.861748,2370.592051,2513.503193,2497.861748,2499.544826,2589.497535,2497.861748,547.2872738,544.3335462,0.001001968,0.001005531,0.001008742,0.001011081,1224.280205,1224.280205,1224.280205,2826.98803,2826.98803,2826.98803,2826.98803,2826.98803
6/17/1997,912.4210248,1078.630755,1009.235379,1023.925475,1026.845806,1009.235379,2045.269964,2920.202602,2329.179984,2087.399589,4114.292574,2329.179984,2195.283424,3585.906914,2329.179984,2321.285537,2513.503193,2329.179984,501.6973645,499.0268111,0.001001968,0.001005531,0.001008742,0.001011081,1191.772114,1191.772114,1191.772114,2774.198483,2774.198483,2774.198483,2774.198483,2774.198483
6/18/1997,966.1044551,1207.446139,1075.44534,1076.431611,1078.630755,1075.44534,2122.294942,2541.3866,2429.889326,2155.5868,2920.202602,2429.889326,2249.31129,4114.292574,2429.889326,2240.142186,3585.906914,2429.889326,560.0868843,557.05306,0.001001968,0.001005531,0.001008742,0.001011081,1168.672344,1168.672344,1168.672344,2719.568005,2719.568005,2719.568005,2719.568005,2719.568005
6/19/1997,1082.373409,1158.861899,1214.799744,1210.587978,1207.446139,1214.799744,3320.707919,2512.559381,3851.125735,3339.958743,2541.3866,3851.125735,3401.927456,2920.202602,3851.125735,3259.504414,4114.292574,3851.125735,665.7171731,662.013306,0.001001968,0.001005531,0.001008742,0.001011081,1165.18818,1165.18818,1165.18818,2842.849448,2842.849448,2842.849448,2842.849448,2842.849448
6/20/1997,1030.724796,979.2891451,1151.437825,1157.949659,1158.861899,1151.437825,3613.029511,2300.799337,4197.048488,3626.927391,2512.559381,4197.048488,3683.969029,2541.3866,4197.048488,3853.455567,2920.202602,4197.048488,612.8880513,609.5212357,0.001001968,0.001005531,0.001008742,0.001011081,1159.655316,1159.655316,1159.655316,3043.669951,3043.669951,3043.669951,3043.669951,3043.669951
6/21/1997,862.6711374,899.8144248,956.4424981,979.9550891,979.2891451,956.4424981,2272.615811,2105.781401,2602.014109,2316.831182,2300.799337,2602.014109,2434.568424,2512.559381,2602.014109,2596.098732,2541.3866,2602.014109,488.5247687,485.9353907,0.001001968,0.001005531,0.001008742,0.001011081,1132.040537,1132.040537,1132.040537,3026.698914,3026.698914,3026.698914,3026.698914,3026.698914
6/22/1997,814.0201252,904.4438604,899.6366172,902.4267131,899.8144248,899.6366172,1986.344254,2356.380838,2261.336511,2010.936143,2105.781401,2261.336511,2111.464562,2300.799337,2261.336511,2240.477263,2512.559381,2261.336511,451.2962473,448.9346237,0.001001968,0.001005531,0.001008742,0.001011081,1088.15149,1088.15149,1088.15149,2981.145285,2981.145285,2981.145285,2981.145285,2981.145285
6/23/1997,805.517613,867.6231317,893.4226195,904.8089737,904.4438604,893.4226195,2051.210249,1784.419558,2345.995188,2083.335868,2356.380838,2345.995188,2152.110148,2105.781401,2345.995188,2220.453966,2300.799337,2345.995188,463.6349299,461.1981012,0.001001968,0.001005531,0.001008742,0.001011081,1053.526528,1053.526528,1053.526528,2942.935728,2942.935728,2942.935728,2942.935728,2942.935728
6/24/1997,774.6674299,867.7474722,857.472115,866.9750923,867.6231317,857.472115,1947.680183,2263.330131,2218.205324,1977.723832,1784.419558,2218.205324,2049.654147,2356.380838,2218.205324,2087.389889,2105.781401,2218.205324,439.4918143,437.2018704,0.001001968,0.001005531,0.001008742,0.001011081,1027.939467,1027.939467,1027.939467,2905.857127,2905.857127,2905.857127,2905.857127,2905.857127
6/25/1997,778.6081884,921.5286677,861.8026895,866.1817893,867.7474722,861.8026895,1874.675237,2448.050734,2128.737105,1904.295536,2263.330131,2128.737105,1973.621859,1784.419558,2128.737105,1945.881319,2356.380838,2128.737105,440.8971947,438.598731,0.001001968,0.001005531,0.001008742,0.001011081,997.0098483,997.0098483,997.0098483,2862.535405,2862.535405,2862.535405,2862.535405,2862.535405
6/26/1997,823.5318341,926.7171338,910.6831374,908.1272023,921.5286677,910.6831374,2084.02398,2321.786041,2381.010959,2102.125982,2448.050734,2381.010959,2138.749647,2263.330131,2381.010959,2212.237158,1784.419558,2381.010959,457.8469845,455.445469,0.001001968,0.001005531,0.001008742,0.001011081,954.1648966,954.1648966,954.1648966,2683.540556,2683.540556,2683.540556,2683.540556,2683.540556
6/27/1997,878.8190214,1092.848841,961.5723614,931.6106595,926.7171338,961.5723614,1655.725797,2192.088297,1850.788564,1657.321828,2321.786041,1850.788564,1681.174365,2448.050734,1850.788564,1653.152873,2263.330131,1850.788564,423.9161098,421.7203312,0.001001968,0.001005531,0.001008742,0.001011081,916.2531388,916.2531388,916.2531388,2348.380806,2348.380806,2348.380806,2348.380806,2348.380806
6/28/1997,1165.411484,1297.298447,1279.135681,1103.279337,1092.848841,1279.135681,2324.075673,2434.389933,2647.289757,2181.522439,2192.088297,2647.289757,2249.418851,2321.786041,2647.289757,2123.380955,2448.050734,2647.289757,580.1915307,577.0313956,0.001001968,0.001005531,0.001008742,0.001011081,923.4028426,923.4028426,923.4028426,2262.628118,2262.628118,2262.628118,2262.628118,2262.628118
6/29/1997,1077.92545,869.0449534,1213.902091,1298.060268,1297.298447,1213.902091,2340.746482,2668.073933,2712.466042,2463.299258,2434.389933,2712.466042,2478.601267,2192.088297,2712.466042,2398.808951,2321.786041,2712.466042,691.9110027,688.0386747,0.001001968,0.001005531,0.001008742,0.001011081,960.8373551,960.8373551,960.8373551,2261.696555,2261.696555,2261.696555,2261.696555,2261.696555
6/30/1997,744.9959142,787.2472118,811.9084888,869.313632,869.0449534,811.9084888,1794.704613,2485.076819,2025.735551,1867.067171,2668.073933,2025.735551,2012.051456,2434.389933,2025.735551,2278.026163,2192.088297,2025.735551,364.9701414,363.1261508,0.001001968,0.001005531,0.001008742,0.001011081,968.9690125,968.9690125,968.9690125,2263.354442,2263.354442,2263.354442,2263.354442,2263.354442
7/1/1997,704.1609856,786.8563888,767.1117204,787.3975741,787.2472118,767.1117204,1545.380941,2061.73989,1735.619383,1582.699763,2485.076819,1735.619383,1691.274178,2668.073933,1735.619383,1833.940973,2434.389933,1735.619383,345.8771884,344.1454623,0.001001968,0.001005531,0.001008742,0.001011081,964.6337356,964.6337356,964.6337356,2250.445236,2250.445236,2250.445236,2250.445236,2250.445236
7/2/1997,705.8192603,817.0236384,772.3262589,787.1082765,786.8563888,772.3262589,1993.811798,1987.449284,2271.959479,2020.197529,2061.73989,2271.959479,2080.218424,2485.076819,2271.959479,2108.680875,2668.073933,2271.959479,363.7570933,361.920261,0.001001968,0.001005531,0.001008742,0.001011081,955.5129881,955.5129881,955.5129881,2272.717389,2272.717389,2272.717389,2272.717389,2272.717389
7/3/1997,748.8611149,848.4152893,819.425277,817.4326578,817.0236384,819.425277,2375.281166,1943.267571,2712.926911,2380.970831,1987.449284,2712.926911,2409.206135,2061.73989,2712.926911,2414.46149,2485.076819,2712.926911,382.2546186,380.3082615,0.001001968,0.001005531,0.001008742,0.001011081,944.1435712,944.1435712,944.1435712,2312.656906,2312.656906,2312.656906,2312.656906,2312.656906
7/4/1997,754.0132835,704.2205912,828.4833881,848.7685052,848.4152893,828.4833881,2167.997438,1832.11005,2477.565599,2198.908907,1943.267571,2477.565599,2230.081792,1987.449284,2477.565599,2291.996955,2061.73989,2477.565599,401.1466374,399.0876321,0.001001968,0.001005531,0.001008742,0.001011081,936.5809499,936.5809499,936.5809499,2407.656837,2407.656837,2407.656837,2407.656837,2407.656837
7/5/1997,633.1245302,687.001886,691.747143,704.5294123,704.2205912,691.747143,1658.681958,1755.478679,1874.463088,1683.04385,1832.11005,1874.463088,1789.097297,1943.267571,1874.463088,1884.066044,1987.449284,1874.463088,325.9107319,324.2954443,0.001001968,0.001005531,0.001008742,0.001011081,892.1754375,892.1754375,892.1754375,2370.173713,2370.173713,2370.173713,2370.173713,2370.173713
7/6/1997,618.0792122,665.2651669,677.7551096,687.3130673,687.001886,677.7551096,1598.861064,2172.201283,1811.155836,1620.990276,1755.478679,1811.155836,1683.927579,1832.11005,1811.155836,1770.381357,1943.267571,1811.155836,332.1436929,330.4921656,0.001001968,0.001005531,0.001008742,0.001011081,821.6784607,821.6784607,821.6784607,2291.754467,2291.754467,2291.754467,2291.754467,2291.754467
7/7/1997,598.2822031,675.8529515,656.2775682,665.5731826,665.2651669,656.2775682,1599.44105,3484.513531,1814.738287,1619.998283,2172.201283,1814.738287,1670.90989,1755.478679,1814.738287,1727.800009,1832.11005,1814.738287,324.184201,322.578934,0.001001968,0.001005531,0.001008742,0.001011081,780.2382049,780.2382049,780.2382049,2211.337831,2211.337831,2211.337831,2211.337831,2211.337831
7/8/1997,605.9982456,636.7306826,666.7843599,676.1795905,675.8529515,666.7843599,1567.538875,2519.726897,1779.595238,1590.005394,3484.513531,1779.595238,1634.130992,2172.201283,1779.595238,1654.620235,1755.478679,1779.595238,338.0987094,336.4124651,0.001001968,0.001005531,0.001008742,0.001011081,755.8713719,755.8713719,755.8713719,2156.997851,2156.997851,2156.997851,2156.997851,2156.997851
7/9/1997,579.6312702,1067.55364,632.7652524,632.5542451,636.7306826,632.7652524,1522.267603,2267.435376,1718.4571,1532.789475,2519.726897,1718.4571,1571.635375,3484.513531,1718.4571,1619.669601,2172.201283,1718.4571,299.2931821,297.8314866,0.001001968,0.001005531,0.001008742,0.001011081,731.862623,731.862623,731.862623,2081.515743,2081.515743,2081.515743,2081.515743,2081.515743
7/10/1997,953.9177073,1144.252491,1075.846481,1069.161189,1067.55364,1075.846481,2337.484114,2061.503617,2705.7243,2366.469313,2267.435376,2705.7243,2357.932031,2519.726897,2705.7243,1949.148611,3484.513531,2705.7243,623.0789318,619.6473901,0.001001968,0.001005531,0.001008742,0.001011081,754.357033,754.357033,754.357033,2025.596646,2025.596646,2025.596646,2025.596646,2025.596646
7/11/1997,1068.974602,724.5471772,1184.989603,1147.349868,1144.252491,1184.989603,3494.015952,1744.834601,4048.875106,3464.005477,2061.503617,4048.875106,3405.85365,2267.435376,4048.875106,3486.30554,2519.726897,4048.875106,587.690713,584.4833098,0.001001968,0.001005531,0.001008742,0.001011081,782.3982866,782.3982866,782.3982866,2187.981837,2187.981837,2187.981837,2187.981837,2187.981837
7/12/1997,632.6590585,631.3164563,696.4295147,724.9930414,724.5471772,696.4295147,1876.114373,730.966938,2140.460667,1913.771458,1744.834601,2140.460667,2136.176335,2061.503617,2140.460667,2303.323796,2267.435376,2140.460667,353.9985494,352.2191775,0.001001968,0.001005531,0.001008742,0.001011081,801.8247807,801.8247807,801.8247807,2278.966567,2278.966567,2278.966567,2278.966567,2278.966567
7/13/1997,556.0686331,585.2995243,610.9785478,631.6311139,631.3164563,610.9785478,1602.588193,1643.824505,1818.349082,1632.208386,730.966938,1818.349082,1715.75719,1744.834601,1818.349082,1973.342523,2061.503617,1818.349082,310.9715562,309.4427109,0.001001968,0.001005531,0.001008742,0.001011081,797.6621603,797.6621603,797.6621603,2315.474532,2315.474532,2315.474532,2315.474532,2315.474532
7/14/1997,525.8981752,580.4879587,576.4860226,585.6111997,585.2995243,576.4860226,1512.034206,1932.483732,1712.963861,1529.342305,1643.824505,1712.963861,1584.168339,730.966938,1712.963861,1680.752471,1744.834601,1712.963861,289.3423215,287.9375368,0.001001968,0.001005531,0.001008742,0.001011081,787.7430454,787.7430454,787.7430454,2311.560984,2311.560984,2311.560984,2311.560984,2311.560984
7/15/1997,513.3834225,368.8281341,563.2683774,570.5018423,580.4879587,563.2683774,1428.263546,1796.878341,1616.705139,1444.603699,1932.483732,1616.705139,1487.97013,1643.824505,1616.705139,1536.535791,730.966938,1616.705139,286.0915087,284.7052532,0.001001968,0.001005531,0.001008742,0.001011081,773.8465412,773.8465412,773.8465412,2293.521315,2293.521315,2293.521315,2293.521315,2293.521315
7/16/1997,414.9676929,606.0380804,425.5517495,370.393061,368.8281341,425.5517495,524.2020923,2076.851636,539.0173928,477.5405409,1796.878341,539.0173928,452.5804067,1932.483732,539.0173928,699.3433471,1643.824505,539.0173928,45.75583499,45.6057076,0.001001968,0.001005531,0.001008742,0.001011081,731.8240738,731.8240738,731.8240738,2141.866551,2141.866551,2141.866551,2141.866551,2141.866551
7/17/1997,1077.853901,1804.769556,1125.756941,614.3241215,606.0380804,1125.756941,1980.641255,2270.673773,2179.568512,1477.885905,2076.851636,2179.568512,1488.56883,1796.878341,2179.568512,1253.015172,1932.483732,2179.568512,271.8157244,270.5104616,0.001001968,0.001005531,0.001008742,0.001011081,679.5267778,679.5267778,679.5267778,2059.608799,2059.608799,2059.608799,2059.608799,2059.608799
7/18/1997,1376.951931,768.0106492,1570.07972,1805.501126,1804.769556,1570.07972,2683.102312,2211.52421,3158.802058,2975.514462,2270.673773,3158.802058,2626.918564,2076.851636,3158.802058,1961.852477,1796.878341,3158.802058,956.001556,950.3881351,0.001001968,0.001005531,0.001008742,0.001011081,716.3543334,716.3543334,716.3543334,1823.50654,1823.50654,1823.50654,1823.50654,1823.50654
7/19/1997,558.3531059,550.9118133,582.9114926,768.3364645,768.0106492,582.9114926,1626.425396,2740.450381,1803.144979,1808.617425,2211.52421,1803.144979,2040.1458,2270.673773,1803.144979,2339.669707,2076.851636,1803.144979,149.5837468,148.9412404,0.001001968,0.001005531,0.001008742,0.001011081,728.6701294,728.6701294,728.6701294,1769.455631,1769.455631,1769.455631,1769.455631,1769.455631
7/20/1997,479.2744639,561.533433,499.1488523,551.2126037,550.9118133,499.1488523,1169.351446,4121.382503,1274.020958,1222.212312,2740.450381,1274.020958,1419.514392,2211.52421,1274.020958,1711.559671,2270.673773,1274.020958,123.6318906,123.1208006,0.001001968,0.001005531,0.001008742,0.001011081,737.2952545,737.2952545,737.2952545,1795.802749,1795.802749,1795.802749,1795.802749,1795.802749
7/21/1997,490.6816063,566.2300621,523.9703326,559.5614926,561.533433,523.9703326,1568.806961,9678.673626,1771.001729,1603.065574,4121.382503,1771.001729,1681.892769,2740.450381,1771.001729,1818.688529,2211.52421,1771.001729,199.7833169,198.8761743,0.001001968,0.001005531,0.001008742,0.001011081,739.8027058,739.8027058,739.8027058,1799.474769,1799.474769,1799.474769,1799.474769,1799.474769
7/22/1997,514.3602695,627.1559955,551.8018967,566.9389813,566.2300621,551.8018967,1835.192783,5266.401384,2077.02363,1848.384867,9678.673626,2077.02363,1875.931449,4121.382503,2077.02363,1898.959677,2740.450381,2077.02363,219.8190306,218.8030858,0.001001968,0.001005531,0.001008742,0.001011081,739.9943332,739.9943332,739.9943332,1844.691596,1844.691596,1844.691596,1844.691596,1844.691596
7/23/1997,629.7941114,746.5841849,679.2215066,629.0117949,627.1559955,679.2215066,2451.068385,2633.800001,2804.051989,2391.457307,5266.401384,2804.051989,2400.845539,9678.673626,2804.051989,2434.361361,4121.382503,2804.051989,282.2151168,280.8509151,0.001001968,0.001005531,0.001008742,0.001011081,780.9026256,780.9026256,780.9026256,2127.642247,2127.642247,2127.642247,2127.642247,2127.642247
7/24/1997,648.7972521,682.9420719,712.8713061,746.8407963,746.5841849,712.8713061,3828.016309,2076.739051,4449.039668,3841.645965,2633.800001,4449.039668,3809.504539,5266.401384,4449.039668,3583.272547,9678.673626,4449.039668,357.2452199,355.4467561,0.001001968,0.001005531,0.001008742,0.001011081,795.7873007,795.7873007,795.7873007,2483.280283,2483.280283,2483.280283,2483.280283,2483.280283
7/25/1997,600.6524209,500.8867014,652.9209308,683.3462002,682.9420719,652.9209308,8221.588364,2038.689178,9764.009186,8112.149114,2076.739051,9764.009186,7966.984739,2633.800001,9764.009186,8399.168318,5266.401384,9764.009186,295.4551211,294.0154101,0.001001968,0.001005531,0.001008742,0.001011081,709.2624463,709.2624463,709.2624463,3595.756664,3595.756664,3595.756664,3595.756664,3595.756664
7/26/1997,451.5016327,484.71664,485.5454931,501.2238152,500.8867014,485.5454931,4124.780946,1938.880816,4812.188541,4084.381614,2038.689178,4812.188541,4121.438782,2076.739051,4812.188541,4351.623198,2633.800001,4812.188541,204.7196744,203.7858781,0.001001968,0.001005531,0.001008742,0.001011081,651.6476551,651.6476551,651.6476551,4017.264952,4017.264952,4017.264952,4017.264952,4017.264952
7/27/1997,435.1885473,577.5893993,471.4298429,482.7843364,484.71664,471.4298429,2062.203558,1828.839778,2360.848441,2062.128,1938.880816,2360.848441,2094.849511,2038.689178,2360.848441,2218.26726,2076.739051,2360.848441,217.65711,216.6529829,0.001001968,0.001005531,0.001008742,0.001011081,619.0756166,619.0756166,619.0756166,4040.863047,4040.863047,4040.863047,4040.863047,4040.863047
7/28/1997,534.3821889,646.5783249,582.1373147,578.314201,577.5893993,582.1373147,1813.734713,1728.673168,2066.022582,1811.237566,1828.839778,2066.022582,1794.883281,1938.880816,2066.022582,1797.747956,2038.689178,2066.022582,273.8078418,272.4913145,0.001001968,0.001005531,0.001008742,0.001011081,606.7997131,606.7997131,606.7997131,4056.859483,4056.859483,4056.859483,4056.859483,4056.859483
7/29/1997,594.2415187,485.7059842,648.5058712,648.4244109,646.5783249,648.5058712,1899.701378,1583.174953,2167.081303,1903.09467,1728.673168,2167.081303,1889.561457,1828.839778,2167.081303,1856.454656,1938.880816,2167.081303,305.0371442,303.5424689,0.001001968,0.001005531,0.001008742,0.001011081,610.4387994,610.4387994,610.4387994,4066.244596,4066.244596,4066.244596,4066.244596,4066.244596
7/30/1997,432.0382867,443.4066021,469.220964,486.0500325,485.7059842,469.220964,1627.937542,1519.830794,1850.801001,1642.52307,1583.174953,1850.801001,1732.551544,1728.673168,1850.801001,1806.936412,1828.839778,1850.801001,222.4931301,221.4625429,0.001001968,0.001005531,0.001008742,0.001011081,601.0131156,601.0131156,601.0131156,3972.202925,3972.202925,3972.202925,3972.202925,3972.202925
7/31/1997,397.4260032,417.8431815,431.2113894,443.6651284,443.4066021,431.2113894,1452.108372,1484.043821,1643.883637,1463.553739,1519.830794,1643.883637,1500.512954,1583.174953,1643.883637,1620.11814,1728.673168,1643.883637,204.9766428,204.0414561,0.001001968,0.001005531,0.001008742,0.001011081,567.7262771,567.7262771,567.7262771,3635.69561,3635.69561,3635.69561,3635.69561,3635.69561
8/1/1997,379.1688711,405.6295067,410.898433,418.0981875,417.8431815,410.898433,1387.944822,2112.523004,1569.83058,1394.085747,1484.043821,1569.83058,1420.062385,1519.830794,1569.83058,1478.184459,1583.174953,1569.83058,194.155337,193.2784557,0.001001968,0.001005531,0.001008742,0.001011081,531.7549471,531.7549471,531.7549471,2474.325025,2474.325025,2474.325025,2474.325025,2474.325025
8/2/1997,368.7617176,392.6184718,399.8824567,405.8810098,405.6295067,399.8824567,1335.494328,2330.822968,1509.806325,1340.90307,2112.523004,1509.806325,1361.704646,1484.043821,1509.806325,1400.561636,1519.830794,1509.806325,191.1025801,190.2420553,0.001001968,0.001005531,0.001008742,0.001011081,506.4769986,506.4769986,506.4769986,1941.152018,1941.152018,1941.152018,1941.152018,1941.152018
8/3/1997,357.2430666,378.5274017,387.383523,392.8665133,392.6184718,387.383523,1301.995565,1763.930606,1471.601477,1306.86433,2330.822968,1471.601477,1325.98911,2112.523004,1471.601477,1359.250414,1484.043821,1471.601477,186.0097072,185.1763769,0.001001968,0.001005531,0.001008742,0.001011081,490.3037994,490.3037994,490.3037994,1794.528722,1794.528722,1794.528722,1794.528722,1794.528722
8/4/1997,352.1219499,407.2738367,380.7487991,377.4723052,378.5274017,380.7487991,1302.558168,1536.957254,1468.799787,1298.371037,1763.930606,1468.799787,1316.257915,2330.822968,1468.799787,1345.558508,2112.523004,1468.799787,177.9541331,177.1635734,0.001001968,0.001005531,0.001008742,0.001011081,467.9273961,467.9273961,467.9273961,1726.101962,1726.101962,1726.101962,1726.101962,1726.101962
8/5/1997,371.6292093,433.8361646,402.7812989,405.1452751,407.2738367,402.7812989,1882.744991,1433.955728,2154.090976,1875.354061,1536.957254,2154.090976,1864.228174,1763.930606,2154.090976,1858.917999,2330.822968,2154.090976,190.8525025,189.9933158,0.001001968,0.001005531,0.001008742,0.001011081,436.8783321,436.8783321,436.8783321,1735.684569,1735.684569,1735.684569,1735.684569,1735.684569
8/6/1997,389.4802619,352.3702939,424.8428899,435.5834049,433.8361646,424.8428899,2063.802484,1352.04783,2369.963932,2061.797027,1433.955728,2369.963932,2054.667771,1536.957254,2369.963932,2086.000133,1763.930606,2369.963932,212.5544505,211.5781431,0.001001968,0.001005531,0.001008742,0.001011081,417.6768222,417.6768222,417.6768222,1783.511724,1783.511724,1783.511724,1783.511724,1783.511724
8/7/1997,323.7560422,348.2398514,350.2683415,354.4579549,352.3702939,350.2683415,1475.660022,1319.335649,1675.751409,1473.719348,1352.04783,1675.751409,1509.642157,1433.955728,1675.751409,1584.457132,1536.957254,1675.751409,166.4191281,165.6892679,0.001001968,0.001005531,0.001008742,0.001011081,406.1698581,406.1698581,406.1698581,1782.210525,1782.210525,1782.210525,1782.210525,1782.210525
8/8/1997,316.5819111,333.7702847,343.6056948,348.5584902,348.2398514,343.6056948,1271.988074,1271.040221,1436.842477,1274.634475,1319.335649,1436.842477,1290.074408,1352.04783,1436.842477,1343.325517,1433.955728,1436.842477,169.9493052,169.2009388,0.001001968,0.001005531,0.001008742,0.001011081,395.2289989,395.2289989,395.2289989,1764.989531,1764.989531,1764.989531,1764.989531,1764.989531
8/9/1997,304.0913211,323.14838,329.6736962,333.9971927,333.7702847,329.6736962,1214.578598,1297.663561,1372.115498,1216.817298,1271.040221,1372.115498,1231.114457,1319.335649,1372.115498,1264.989619,1352.04783,1372.115498,162.1806402,161.4729151,0.001001968,0.001005531,0.001008742,0.001011081,384.6161442,384.6161442,384.6161442,1743.195971,1743.195971,1743.195971,1743.195971,1743.195971
8/10/1997,294.990851,313.9707556,319.7010733,323.3731363,323.14838,319.7010733,1162.896284,669.7282824,1312.43495,1164.849719,1297.663561,1312.43495,1178.454946,1271.040221,1312.43495,1208.846893,1319.335649,1312.43495,157.5098221,156.8263803,0.001001968,0.001005531,0.001008742,0.001011081,374.4165055,374.4165055,374.4165055,1720.378739,1720.378739,1720.378739,1720.378739,1720.378739
8/11/1997,286.7042038,313.74818,310.6622286,314.0783478,313.9707556,310.6622286,1138.879464,1288.726038,1285.398083,1140.50146,669.7282824,1285.398083,1153.029879,1297.663561,1285.398083,1180.86003,1271.040221,1285.398083,153.4851458,152.8225337,0.001001968,0.001005531,0.001008742,0.001011081,365.0679208,365.0679208,365.0679208,1696.084141,1696.084141,1696.084141,1696.084141,1696.084141
8/12/1997,300.0124695,447.8324132,323.2492539,312.6658562,313.74818,323.2492539,1125.368291,1962.318036,1265.945953,1113.326761,1288.726038,1265.945953,1117.769074,669.7282824,1265.945953,1140.427757,1297.663561,1265.945953,149.0832707,148.4433373,0.001001968,0.001005531,0.001008742,0.001011081,353.3750228,353.3750228,353.3750228,1574.227552,1574.227552,1574.227552,1574.227552,1574.227552
8/13/1997,351.4913063,387.5911141,381.224149,377.0226264,447.8324132,381.224149,1220.940576,3120.466329,1377.939511,1217.808732,1962.318036,1377.939511,1202.94038,1288.726038,1377.939511,1164.601217,669.7282824,1377.939511,183.6173344,182.7967379,0.001001968,0.001005531,0.001008742,0.001011081,341.9056495,341.9056495,341.9056495,1425.589455,1425.589455,1425.589455,1425.589455,1425.589455
8/14/1997,447.9488042,504.4935322,456.0332323,407.3482702,387.5911141,456.0332323,833.417268,3856.53911,868.4191936,791.1827953,3120.466329,868.4191936,646.6032556,1962.318036,868.4191936,704.2930688,1288.726038,868.4191936,0.001000564,0.001006515,0.001001968,0.001005531,0.001008742,0.001011081,325.8616237,325.8616237,325.8616237,1285.84541,1285.84541,1285.84541,1285.84541,1285.84541
8/15/1997,893.778605,1730.561227,911.7729733,545.9037915,504.4935322,911.7729733,1715.613773,8747.745506,1851.722476,1350.342764,3856.53911,1851.722476,1274.092283,3120.466329,1851.722476,1109.828897,1962.318036,1851.722476,83.43801219,83.12080127,0.001001968,0.001005531,0.001008742,0.001011081,342.6909888,342.6909888,342.6909888,1285.846392,1285.846392,1285.846392,1285.846392,1285.846392
8/16/1997,1333.533293,2352.640431,1526.803998,1605.231282,1730.561227,1526.803998,2793.959762,6854.696231,3295.146152,2931.348636,8747.745506,3295.146152,2876.332932,3856.53911,3295.146152,1901.026022,3120.466329,3295.146152,956.2206292,950.6057355,0.001001968,0.001005531,0.001008742,0.001011081,489.8937658,489.8937658,489.8937658,1391.995557,1391.995557,1391.995557,1391.995557,1391.995557
8/17/1997,1187.222722,3258.924694,1313.545778,1419.07336,2352.640431,1313.545778,3627.793089,4503.279663,4192.058124,3756.69722,6854.696231,4192.058124,3806.742884,8747.745506,4192.058124,3759.558814,3856.53911,4192.058124,615.0411733,611.6606944,0.001001968,0.001005531,0.001008742,0.001011081,641.0554025,641.0554025,641.0554025,1711.028744,1711.028744,1711.028744,1711.028744,1711.028744
8/18/1997,3456.797156,2595.591099,3912.234782,3775.909657,3258.924694,3912.234782,6723.381422,8814.670908,7769.420074,6826.802946,4503.279663,7769.420074,6821.250499,6854.696231,7769.420074,4209.749015,8747.745506,7769.420074,1644.227995,1633.814324,0.001001968,0.001005531,0.001008742,0.001011081,1079.211076,1079.211076,1079.211076,2320.43726,2320.43726,2320.43726,2320.43726,2320.43726
8/19/1997,2593.503284,2758.721593,2903.443946,2938.58464,2595.591099,2903.443946,8464.876502,8553.975196,9921.686512,8546.199742,8814.670908,9921.686512,8598.052497,4503.279663,9921.686512,9878.520173,6854.696231,9921.686512,1247.833076,1240.223063,0.001001968,0.001005531,0.001008742,0.001011081,1443.653498,1443.653498,1443.653498,3538.989006,3538.989006,3538.989006,3538.989006,3538.989006
8/20/1997,957.2869192,4053.226133,1036.575857,1100.25924,2758.721593,1036.575857,3193.110722,7182.998192,3635.261539,3262.836596,8553.975196,3635.261539,3918.86486,8814.670908,3635.261539,5211.715077,4503.279663,3635.261539,384.3889762,382.4299315,0.001001968,0.001005531,0.001008742,0.001011081,1640.677027,1640.677027,1640.677027,4238.272422,4238.272422,4238.272422,4238.272422,4238.272422
8/21/1997,4014.718436,4098.678077,4529.545541,4305.030477,4053.226133,4529.545541,6142.241999,5348.297004,7054.088508,6234.669922,7182.998192,7054.088508,6274.594206,8553.975196,7054.088508,3578.675144,8814.670908,7054.088508,1592.322169,1582.280734,0.001001968,0.001005531,0.001008742,0.001011081,2169.430426,2169.430426,2169.430426,4893.229718,4893.229718,4893.229718,4893.229718,4893.229718
8/22/1997,4590.476812,2687.032335,5195.963434,4866.738754,4098.678077,5195.963434,10333.43022,4008.237249,12154.52986,10225.47591,5348.297004,12154.52986,10276.08699,7182.998192,12154.52986,10223.15085,8553.975196,12154.52986,2107.77017,2093.974923,0.001001968,0.001005531,0.001008742,0.001011081,2755.183935,2755.183935,2755.183935,6110.65877,6110.65877,6110.65877,6110.65877,6110.65877
8/23/1997,2571.044174,1982.249709,2893.180852,2907.538078,2687.032335,2893.180852,5781.597242,3067.839388,6749.848885,5899.211589,4008.237249,6749.848885,6494.266074,5348.297004,6749.848885,7971.046866,7182.998192,6749.848885,1308.683525,1300.649356,0.001001968,0.001005531,0.001008742,0.001011081,3029.800708,3029.800708,3029.800708,6940.297306,6940.297306,6940.297306,6940.297306,6940.297306
8/24/1997,1733.176714,1552.494307,1923.892205,2027.361643,1982.249709,1923.892205,3775.000355,2751.035214,4346.586404,3939.958027,3067.839388,4346.586404,4250.119536,4008.237249,4346.586404,5440.248013,5348.297004,4346.586404,834.3771829,829.5745647,0.001001968,0.001005531,0.001008742,0.001011081,3147.246554,3147.246554,3147.246554,7280.18462,7280.18462,7280.18462,7280.18462,7280.18462
8/25/1997,1369.033962,1287.299862,1499.441295,1580.294867,1552.494307,1499.441295,3042.796089,3514.218064,3464.819946,3164.9818,2751.035214,3464.819946,3393.986779,3067.839388,3464.819946,3944.260242,4008.237249,3464.819946,582.2495203,579.0764216,0.001001968,0.001005531,0.001008742,0.001011081,2910.384198,2910.384198,2910.384198,7119.161588,7119.161588,7119.161588,7119.161588,7119.161588
8/26/1997,1112.573275,1340.013264,1202.41661,1230.58432,1287.299862,1202.41661,2617.803576,3974.171373,2953.567169,2671.887316,3514.218064,2953.567169,2864.314974,2751.035214,2953.567169,3266.883025,3067.839388,2953.567169,406.3239686,404.2339583,0.001001968,0.001005531,0.001008742,0.001011081,2698.204311,2698.204311,2698.204311,6231.025826,6231.025826,6231.025826,6231.025826,6231.025826
8/27/1997,1095.782791,1560.600031,1177.874587,1195.182023,1340.013264,1177.874587,2221.158861,4186.988685,2476.36872,2270.613952,3974.171373,2476.36872,2349.965822,3514.218064,2476.36872,2540.665518,2751.035214,2476.36872,350.0425688,348.2864256,0.001001968,0.001005531,0.001008742,0.001011081,2627.810201,2627.810201,2627.810201,5742.453982,5742.453982,5742.453982,5742.453982,5742.453982
8/28/1997,1685.565532,2443.361752,1797.884492,1537.716333,1560.600031,1797.884492,2973.857447,4042.152043,3285.381401,2768.159415,4186.988685,3285.381401,2714.572596,3974.171373,3285.381401,2469.163619,3514.218064,3285.381401,429.2707297,427.042633,0.001001968,0.001005531,0.001008742,0.001011081,2263.547983,2263.547983,2263.547983,5373.275594,5373.275594,5373.275594,5373.275594,5373.275594
8/29/1997,2736.775992,3006.331256,2965.63791,2537.819479,2443.361752,2965.63791,4695.075242,4254.214254,5297.501486,4355.809101,4042.152043,5297.501486,4039.330977,4186.988685,5297.501486,3446.242752,3974.171373,5297.501486,935.0291203,929.5565017,0.001001968,0.001005531,0.001008742,0.001011081,1906.10915,1906.10915,1906.10915,4488.687091,4488.687091,4488.687091,4488.687091,4488.687091
8/30/1997,2640.00295,2079.112757,2950.821002,3071.824415,3006.331256,2950.821002,4677.052143,3823.770924,5427.250378,4905.344005,4254.214254,5427.250378,4936.212147,4042.152043,5427.250378,4240.552388,4186.988685,5427.250378,1351.111024,1342.779683,0.001001968,0.001005531,0.001008742,0.001011081,1843.852907,1843.852907,1843.852907,3995.431201,3995.431201,3995.431201,3995.431201,3995.431201
8/31/1997,1666.485653,1373.150497,1826.561435,2067.625703,2079.112757,1826.561435,3392.954926,3446.86858,3872.58457,3682.876823,3823.770924,3872.58457,4107.544189,4254.214254,3872.58457,4645.014505,4042.152043,3872.58457,731.1754381,727.0490148,0.001001968,0.001005531,0.001008742,0.001011081,1868.004089,1868.004089,1868.004089,3811.703497,3811.703497,3811.703497,3811.703497,3811.703497
9/1/1997,1342.789234,1679.30389,1403.16937,1390.296772,1373.150497,1403.16937,2523.027794,3221.510759,2736.296752,2539.171349,3446.86858,2736.296752,2768.899221,3823.770924,2736.296752,3429.21764,4254.214254,2736.296752,241.567897,240.4320872,0.001001968,0.001005531,0.001008742,0.001011081,1848.708625,1848.708625,1848.708625,3743.242018,3743.242018,3743.242018,3743.242018,3743.242018
9/2/1997,1695.596878,1865.100625,1812.929123,1695.968644,1679.30389,1812.929123,3320.082941,2989.49132,3714.958287,3238.426236,3221.510759,3714.958287,3281.709652,3446.86858,3714.958287,3353.52756,3823.770924,3714.958287,535.6300464,532.7490449,0.001001968,0.001005531,0.001008742,0.001011081,1890.502763,1890.502763,1890.502763,3772.67666,3772.67666,3772.67666,3772.67666,3772.67666
9/3/1997,1573.625214,1290.984476,1733.186666,1868.659952,1865.100625,1733.186666,3336.429952,2658.649492,3821.659031,3517.527071,2989.49132,3821.659031,3655.3938,3221.510759,3821.659031,3492.50245,3446.86858,3821.659031,749.8187491,745.5710426,0.001001968,0.001005531,0.001008742,0.001011081,1983.860413,1983.860413,1983.860413,3882.495404,3882.495404,3882.495404,3882.495404,3882.495404
9/4/1997,1116.537432,1162.064487,1192.084549,1293.056876,1290.984476,1192.084549,2606.63027,2403.508215,2922.914715,2724.179989,2658.649492,2922.914715,2939.091354,2989.49132,2922.914715,3420.46022,3221.510759,2922.914715,358.3980019,356.5927532,0.001001968,0.001005531,0.001008742,0.001011081,1990.307926,1990.307926,1990.307926,3966.590204,3966.590204,3966.590204,3966.590204,3966.590204
9/5/1997,1047.001422,1089.53735,1120.808681,1163.371202,1162.064487,1120.808681,2163.37054,2312.873162,2409.724397,2228.753452,2403.508215,2409.724397,2394.851435,2658.649492,2409.724397,2614.490545,2989.49132,2409.724397,353.7362445,351.9584141,0.001001968,0.001005531,0.001008742,0.001011081,1877.839464,1877.839464,1877.839464,3845.237552,3845.237552,3845.237552,3845.237552,3845.237552
9/6/1997,982.3530549,1007.173893,1053.270159,1090.28554,1089.53735,1053.270159,2264.955579,2277.551558,2542.702704,2319.504821,2312.873162,2542.702704,2416.365284,2403.508215,2542.702704,2594.596489,2658.649492,2542.702704,342.5722779,340.8598945,0.001001968,0.001005531,0.001008742,0.001011081,1633.948797,1633.948797,1633.948797,3584.456314,3584.456314,3584.456314,3584.456314,3584.456314
9/7/1997,921.300724,945.4605259,985.9755674,1007.511011,1007.173893,985.9755674,2090.578081,3463.539186,2337.383294,2128.880985,2277.551558,2337.383294,2215.446528,2312.873162,2337.383294,2334.0033,2403.508215,2337.383294,313.9582129,312.412134,0.001001968,0.001005531,0.001008742,0.001011081,1445.672949,1445.672949,1445.672949,3269.737008,3269.737008,3269.737008,3269.737008,3269.737008
9/8/1997,880.6854438,971.8322207,939.3310488,945.4942139,945.4605259,939.3310488,1964.098616,5272.41452,2186.300943,1986.04996,3463.539186,2186.300943,2049.028784,2277.551558,2186.300943,2152.158092,2312.873162,2186.300943,285.4724227,284.0896924,0.001001968,0.001005531,0.001008742,0.001011081,1357.88469,1357.88469,1357.88469,3030.517472,3030.517472,3030.517472,3030.517472,3030.517472
9/9/1997,903.5000992,989.3609182,970.2136591,971.635723,971.8322207,970.2136591,1982.58243,12204.13971,2218.068977,2002.674256,5272.41452,2218.068977,2057.791147,3463.539186,2218.068977,2072.652089,2277.551558,2218.068977,328.5398349,326.9092735,0.001001968,0.001005531,0.001008742,0.001011081,1260.799932,1260.799932,1260.799932,2808.91396,2808.91396,2808.91396,2808.91396,2808.91396
9/10/1997,874.8441925,1868.519272,943.9476227,965.026973,989.3609182,943.9476227,1989.365109,11180.19962,2235.707724,2028.970459,12204.13971,2235.707724,2090.204152,5272.41452,2235.707724,2117.449793,3463.539186,2235.707724,343.0129348,341.297974,0.001001968,0.001005531,0.001008742,0.001011081,1131.834595,1131.834595,1131.834595,2620.016321,2620.016321,2620.016321,2620.016321,2620.016321
9/11/1997,1368.49132,5954.87774,1512.89987,1434.504448,1868.519272,1512.89987,4153.481422,10890.71099,4754.558669,4127.653049,11180.19962,4754.558669,4157.109014,12204.13971,4754.558669,3098.478619,5272.41452,4754.558669,684.4280278,680.6039128,0.001001968,0.001005531,0.001008742,0.001011081,1111.903296,1111.903296,1111.903296,2683.992596,2683.992596,2683.992596,2683.992596,2683.992596
9/12/1997,5835.570172,4305.314755,6700.764183,6128.984385,5954.87774,6700.764183,10724.997,8968.630494,12641.90882,10558.62763,10890.71099,12641.90882,9471.536853,11180.19962,12641.90882,5738.109405,12204.13971,12641.90882,3121.949598,3100.472373,0.001001968,0.001005531,0.001008742,0.001011081,1550.289313,1550.289313,1550.289313,3227.405863,3227.405863,3227.405863,3227.405863,3227.405863
9/13/1997,6373.59551,9476.187361,6737.735536,4485.594112,4305.314755,6737.735536,15290.53064,8026.615704,17442.23087,13051.59442,8968.630494,17442.23087,12887.8283,10890.71099,17442.23087,14213.34867,11180.19962,17442.23087,1409.052067,1400.313066,0.001001968,0.001005531,0.001008742,0.001011081,1991.497506,1991.497506,1991.497506,4924.036262,4924.036262,4924.036262,4924.036262,4924.036262
9/14/1997,7398.130289,4231.624514,8772.089735,9485.975047,9476.187361,8772.089735,11687.42159,6022.158578,14388.60484,12865.72235,8026.615704,14388.60484,13069.12615,8968.630494,14388.60484,9223.031419,10890.71099,14388.60484,5522.032358,5481.362963,0.001001968,0.001005531,0.001008742,0.001011081,3040.653934,3040.653934,3040.653934,6322.182856,6322.182856,6322.182856,6322.182856,6322.182856
9/15/1997,2652.338169,1609.127302,2931.444636,4234.316645,4231.624514,2931.444636,7882.834518,4238.957464,9205.92999,9209.024115,6022.158578,9205.92999,10310.45268,8026.615704,9205.92999,13843.66512,8968.630494,9205.92999,1259.692529,1252.000045,0.001001968,0.001005531,0.001008742,0.001011081,3642.5453,3642.5453,3642.5453,7660.39317,7660.39317,7660.39317,7660.39317,7660.39317
9/16/1997,1251.420347,1643.43879,1267.761791,1610.73707,1609.127302,1267.761791,1546.907891,3675.607501,1574.78595,1910.345532,4238.957464,1574.78595,3273.585703,6022.158578,1574.78595,5578.224843,8026.615704,1574.78595,0.001000564,0.001006515,0.001001968,0.001005531,0.001008742,0.001011081,3925.005918,3925.005918,3925.005918,8603.869445,8603.869445,8603.869445,8603.869445,8603.869445
9/17/1997,1440.899171,1564.559681,1528.793295,1644.303734,1643.43879,1528.793295,3757.203152,3411.624439,4250.058457,3881.388016,3675.607501,4250.058457,4287.564094,4238.957464,4250.058457,5323.27003,6022.158578,4250.058457,409.4082011,407.2996937,0.001001968,0.001005531,0.001008742,0.001011081,4072.573353,4072.573353,4072.573353,9085.63857,9085.63857,9085.63857,9085.63857,9085.63857
9/18/1997,1401.446489,1487.198181,1501.187419,1564.904541,1564.559681,1501.187419,3949.568469,3258.499752,4491.76119,4020.010032,3411.624439,4491.76119,4197.968507,3675.607501,4491.76119,4603.820852,4238.957464,4491.76119,473.1020318,470.6073105,0.001001968,0.001005531,0.001008742,0.001011081,4126.091335,4126.091335,4126.091335,9143.317123,9143.317123,9143.317123,9143.317123,9143.317123
9/19/1997,1343.51764,1429.27348,1444.103911,1487.178087,1487.198181,1444.103911,3193.999894,3144.194299,3609.844466,3257.617796,3258.499752,3609.844466,3397.154711,3411.624439,3609.844466,3597.294532,3675.607501,3609.844466,481.0678317,478.5242731,0.001001968,0.001005531,0.001008742,0.001011081,3728.754625,3728.754625,3728.754625,8699.6064,8699.6064,8699.6064,8699.6064,8699.6064
9/20/1997,1303.506843,1340.256024,1404.808059,1428.481422,1429.27348,1404.808059,2956.096048,2994.941464,3338.802228,3003.805801,3144.194299,3338.802228,3129.376479,3258.499752,3338.802228,3257.229113,3411.624439,3338.802228,487.9743413,485.3883488,0.001001968,0.001005531,0.001008742,0.001011081,3336.65569,3336.65569,3336.65569,7112.427771,7112.427771,7112.427771,7112.427771,7112.427771
9/21/1997,1203.88466,1304.477846,1293.627761,1339.869338,1340.256024,1293.627761,2759.863317,2811.13354,3109.703853,2826.86714,2994.941464,3109.703853,2913.137777,3144.194299,3109.703853,3078.120928,3258.499752,3109.703853,434.3582481,432.0993928,0.001001968,0.001005531,0.001008742,0.001011081,2332.513748,2332.513748,2332.513748,5827.402523,5827.402523,5827.402523,5827.402523,5827.402523
9/22/1997,1191.543801,1261.399544,1285.407324,1304.23282,1304.477846,1285.407324,2681.74255,2689.87729,3027.552305,2723.621009,2811.13354,3027.552305,2838.164716,2994.941464,3027.552305,2895.754612,3144.194299,3027.552305,456.5212799,454.127844,0.001001968,0.001005531,0.001008742,0.001011081,1785.317818,1785.317818,1785.317818,4611.861522,4611.861522,4611.861522,4611.861522,4611.861522
9/23/1997,1135.27064,1136.865229,1229.310391,1260.694031,1261.399544,1229.310391,2629.49938,2584.881407,2977.83758,2683.174666,2689.87729,2977.83758,2787.707694,2811.13354,2977.83758,2884.710122,2994.941464,2977.83758,460.6838156,458.2649999,0.001001968,0.001005531,0.001008742,0.001011081,1548.500052,1548.500052,1548.500052,3784.575675,3784.575675,3784.575675,3784.575675,3784.575675
9/24/1997,1021.911389,1063.983144,1099.351501,1136.090921,1136.865229,1099.351501,2411.425728,2501.82775,2717.487406,2465.610291,2584.881407,2717.487406,2554.36533,2689.87729,2717.487406,2717.124516,2811.13354,2717.487406,381.6396465,379.6969431,0.001001968,0.001005531,0.001008742,0.001011081,1428.965021,1428.965021,1428.965021,3396.8224,3396.8224,3396.8224,3396.8224,3396.8224
9/25/1997,978.1349296,1033.285182,1050.357393,1063.168721,1063.983144,1050.357393,2263.376665,2579.893818,2542.89334,2293.60151,2501.82775,2542.89334,2382.968906,2584.881407,2542.89334,2484.399783,2689.87729,2542.89334,357.5122231,355.7121881,0.001001968,0.001005531,0.001008742,0.001011081,1344.048628,1344.048628,1344.048628,3179.329592,3179.329592,3179.329592,3179.329592,3179.329592
9/26/1997,949.4640588,1005.289298,1020.899138,1032.448478,1033.285182,1020.899138,2239.652181,2761.979071,2519.769944,2267.817141,2579.893818,2519.769944,2336.575933,2501.82775,2519.769944,2418.906337,2584.881407,2519.769944,355.5759424,353.7872979,0.001001968,0.001005531,0.001008742,0.001011081,1271.205153,1271.205153,1271.205153,3024.111069,3024.111069,3024.111069,3024.111069,3024.111069
9/27/1997,921.968018,983.5885381,992.1328125,1004.446628,1005.289298,992.1328125,2184.938635,2436.655196,2458.253896,2213.598265,2761.979071,2458.253896,2276.37717,2579.893818,2458.253896,2338.330448,2501.82775,2458.253896,350.8322427,349.0714658,0.001001968,0.001005531,0.001008742,0.001011081,1204.701026,1204.701026,1204.701026,2892.935998,2892.935998,2892.935998,2892.935998,2892.935998
9/28/1997,892.9250526,990.8269159,962.469659,977.8195374,983.5885381,962.469659,2133.152244,2581.648654,2401.132913,2164.849534,2436.655196,2401.132913,2229.765124,2761.979071,2401.132913,2279.137402,2579.893818,2401.132913,349.361645,347.6094963,0.001001968,0.001005531,0.001008742,0.001011081,1151.516766,1151.516766,1151.516766,2779.479885,2779.479885,2779.479885,2779.479885,2779.479885
9/29/1997,921.6682294,1136.612003,990.4926599,987.2712348,990.8269159,990.4926599,2284.502635,2667.532878,2572.806214,2296.859326,2581.648654,2572.806214,2323.482413,2436.655196,2572.806214,2352.338304,2761.979071,2572.806214,342.3054337,340.5946109,0.001001968,0.001005531,0.001008742,0.001011081,1096.763189,1096.763189,1096.763189,2693.94957,2693.94957,2693.94957,2693.94957,2693.94957
9/30/1997,1096.810255,1290.027279,1182.348775,1130.218892,1136.612003,1182.348775,2591.590166,2573.438453,2930.698954,2557.517004,2667.532878,2930.698954,2542.67488,2581.648654,2930.698954,2521.791864,2436.655196,2930.698954,419.5972914,417.4275371,0.001001968,0.001005531,0.001008742,0.001011081,1062.807427,1062.807427,1062.807427,2652.924175,2652.924175,2652.924175,2652.924175,2652.924175
10/1/1997,1272.945577,1379.064404,1381.23734,1294.404928,1290.027279,1381.23734,2482.774696,2257.573416,2802.785796,2429.544221,2573.438453,2802.785796,2452.19568,2667.532878,2802.785796,2305.175957,2581.648654,2802.785796,524.6248092,521.812268,0.001001968,0.001005531,0.001008742,0.001011081,1071.469531,1071.469531,1071.469531,2599.629265,2599.629265,2599.629265,2599.629265,2599.629265
10/2/1997,1244.617973,1157.844281,1364.54016,1383.734496,1379.064404,1364.54016,2517.326816,1965.720745,2868.192664,2572.135585,2257.573416,2868.192664,2626.770067,2573.438453,2868.192664,2552.987511,2667.532878,2868.192664,586.8050831,583.6032664,0.001001968,0.001005531,0.001008742,0.001011081,1105.5447,1105.5447,1105.5447,2596.77239,2596.77239,2596.77239,2596.77239,2596.77239
10/3/1997,998.6989103,895.6768884,1086.130148,1157.501832,1157.844281,1086.130148,2208.08658,2254.721193,2500.09827,2302.569824,1965.720745,2500.09827,2432.428375,2257.573416,2500.09827,2582.836667,2573.438453,2500.09827,438.9953168,436.708382,0.001001968,0.001005531,0.001008742,0.001011081,1129.341153,1129.341153,1129.341153,2617.297948,2617.297948,2617.297948,2617.297948,2617.297948
10/4/1997,798.6565047,733.903991,850.091131,889.8085879,895.6768884,850.091131,1855.991985,2308.137557,2066.389532,1907.167881,2254.721193,2066.389532,2021.814467,1965.720745,2066.389532,2294.918251,2257.573416,2066.389532,261.1107182,259.865772,0.001001968,0.001005531,0.001008742,0.001011081,1122.279241,1122.279241,1122.279241,2620.066351,2620.066351,2620.066351,2620.066351,2620.066351
10/5/1997,611.234896,506.9178018,641.9203665,734.7803076,733.903991,641.9203665,1511.349586,2052.039495,1664.048197,1610.335207,2308.137557,1664.048197,1666.209025,2254.721193,1664.048197,1882.668826,1965.720745,1664.048197,148.4365383,147.7999276,0.001001968,0.001005531,0.001008742,0.001011081,1090.862531,1090.862531,1090.862531,2569.389065,2569.389065,2569.389065,2569.389065,2569.389065
10/6/1997,573.1127232,1117.90984,584.0952355,509.8009133,506.9178018,584.0952355,1442.577435,2037.726961,1563.706408,1366.505205,2052.039495,1563.706408,1461.941186,2308.137557,1563.706408,1647.860786,2254.721193,1563.706408,30.73399462,30.64362693,0.001001968,0.001005531,0.001008742,0.001011081,1039.075285,1039.075285,1039.075285,2466.584785,2466.584785,2466.584785,2466.584785,2466.584785
10/7/1997,1082.046911,1053.424454,1197.913692,1117.402598,1117.90984,1197.913692,2320.168544,2040.01472,2666.593403,2272.170014,2037.726961,2666.593403,2298.421904,2052.039495,2666.593403,1882.862301,2308.137557,2666.593403,580.3184918,577.1575571,0.001001968,0.001005531,0.001008742,0.001011081,1037.236803,1037.236803,1037.236803,2372.464299,2372.464299,2372.464299,2372.464299,2372.464299
10/8/1997,886.6776286,744.7571861,974.0744053,1052.799277,1053.424454,974.0744053,2324.507375,1912.052272,2661.304031,2419.887845,2040.01472,2661.304031,2403.062281,2037.726961,2661.304031,2516.945905,2052.039495,2661.304031,446.748065,444.4140908,0.001001968,0.001005531,0.001008742,0.001011081,1000.226668,1000.226668,1000.226668,2336.417053,2336.417053,2336.417053,2336.417053,2336.417053
10/9/1997,677.4805805,741.2290351,721.0344607,744.173378,744.7571861,721.0344607,1537.507652,1859.114927,1703.252302,1571.291277,1912.052272,1703.252302,1682.886923,2040.01472,1703.252302,1855.340897,2037.726961,1703.252302,227.2047566,226.1483037,0.001001968,0.001005531,0.001008742,0.001011081,926.2369274,926.2369274,926.2369274,2261.87025,2261.87025,2261.87025,2261.87025,2261.87025
10/10/1997,684.7889452,734.4150425,733.2597985,740.7092052,741.2290351,733.2597985,1590.250006,1813.752847,1777.265817,1609.226079,1859.114927,1777.265817,1666.825704,1912.052272,1777.265817,1749.433479,2040.01472,1777.265817,254.1129301,252.9072112,0.001001968,0.001005531,0.001008742,0.001011081,860.9705805,860.9705805,860.9705805,2157.640142,2157.640142,2157.640142,2157.640142,2157.640142
10/11/1997,677.5679427,714.7514365,727.3049931,733.9342718,734.4150425,727.3049931,1715.636942,1809.567249,1928.459526,1731.550819,1813.752847,1928.459526,1771.123242,1859.114927,1928.459526,1816.06877,1912.052272,1928.459526,261.7146347,260.4662956,0.001001968,0.001005531,0.001008742,0.001011081,828.0949527,828.0949527,828.0949527,2070.284299,2070.284299,2070.284299,2070.284299,2070.284299
10/12/1997,659.9097067,691.4010063,709.1831051,714.3083489,714.7514365,709.1831051,1647.12766,2001.001945,1847.637501,1662.159978,1809.567249,1847.637501,1706.856146,1813.752847,1847.637501,1741.698941,1859.114927,1847.637501,260.6668047,259.4243518,0.001001968,0.001005531,0.001008742,0.001011081,820.9392873,820.9392873,820.9392873,2037.219161,2037.219161,2037.219161,2037.219161,2037.219161
10/13/1997,636.6169481,667.9436705,683.8609422,690.9979617,691.4010063,683.8609422,1600.010258,2069.576335,1794.014642,1616.564719,2001.001945,1794.014642,1655.183955,1809.567249,1794.014642,1701.798385,1813.752847,1794.014642,251.1849172,249.9955633,0.001001968,0.001005531,0.001008742,0.001011081,833.7320751,833.7320751,833.7320751,2037.332619,2037.332619,2037.332619,2037.332619,2037.332619
10/14/1997,614.8164501,683.7942048,659.8979899,665.4625515,667.9436705,659.8979899,1554.459272,2009.680917,1741.217733,1568.923711,2069.576335,1741.217733,1607.531162,2001.001945,1741.217733,1648.806922,1809.567249,1741.217733,240.8914853,239.7594294,0.001001968,0.001005531,0.001008742,0.001011081,779.9729238,779.9729238,779.9729238,1993.158791,1993.158791,1993.158791,1993.158791,1993.158791
10/15/1997,639.5290175,747.2843603,687.3507296,680.8823606,683.7942048,687.3507296,1611.988863,1947.203262,1807.837098,1615.601847,2009.680917,1807.837098,1642.197818,2069.576335,1807.837098,1645.062176,2001.001945,1807.837098,254.4424867,253.2349241,0.001001968,0.001005531,0.001008742,0.001011081,736.8419844,736.8419844,736.8419844,1926.369258,1926.369258,1926.369258,1926.369258,1926.369258
10/16/1997,684.2458779,690.6625459,739.6068263,749.4005107,747.2843603,739.6068263,1841.233704,1722.538062,2081.554983,1861.094499,1947.203262,2081.554983,1861.179366,2009.680917,2081.554983,1839.626401,2069.576335,2081.554983,291.1218749,289.7069337,0.001001968,0.001005531,0.001008742,0.001011081,720.7885981,720.7885981,720.7885981,1901.129622,1901.129622,1901.129622,1901.129622,1901.129622
10/17/1997,642.8695924,639.5710197,691.5878078,692.0182037,690.6625459,691.5878078,1826.626665,1612.481134,2061.563554,1832.669729,1722.538062,2061.563554,1876.210276,1947.203262,2061.563554,1928.614133,2009.680917,2061.563554,259.2518718,258.0173614,0.001001968,0.001005531,0.001008742,0.001011081,712.6896903,712.6896903,712.6896903,1913.563856,1913.563856,1913.563856,1913.563856,1913.563856
10/18/1997,590.5285996,607.0036449,636.6064283,639.2964355,639.5710197,636.6064283,1686.694582,1567.966901,1901.882584,1695.169637,1612.481134,1901.882584,1757.34573,1722.538062,1901.882584,1814.470357,1947.203262,1901.882584,249.4932773,248.313365,0.001001968,0.001005531,0.001008742,0.001011081,702.9656876,702.9656876,702.9656876,1926.438276,1926.438276,1926.438276,1926.438276,1926.438276
10/19/1997,554.1092342,569.5965076,596.3120869,606.6978867,607.0036449,596.3120869,1619.436656,1542.502513,1824.300577,1634.411384,1567.966901,1824.300577,1665.593278,1612.481134,1824.300577,1750.318959,1722.538062,1824.300577,230.2583863,229.1851252,0.001001968,0.001005531,0.001008742,0.001011081,686.8223774,686.8223774,686.8223774,1928.128105,1928.128105,1928.128105,1928.128105,1928.128105
10/20/1997,525.8983364,552.6361081,564.1291166,569.14241,569.5965076,564.1291166,1432.874337,1517.049559,1602.967191,1443.834702,1542.502513,1602.967191,1478.981936,1567.966901,1602.967191,1529.654308,1612.481134,1602.967191,209.9644429,209.0022164,0.001001968,0.001005531,0.001008742,0.001011081,669.8831252,669.8831252,669.8831252,1905.454969,1905.454969,1905.454969,1905.454969,1905.454969
10/21/1997,511.2795006,536.4609532,548.3586689,552.4732427,552.6361081,548.3586689,1377.357061,1965.402046,1540.985261,1387.64583,1517.049559,1540.985261,1416.912943,1542.502513,1540.985261,1455.458857,1567.966901,1540.985261,204.5285679,203.5958053,0.001001968,0.001005531,0.001008742,0.001011081,653.1850224,653.1850224,653.1850224,1876.765977,1876.765977,1876.765977,1876.765977,1876.765977
10/22/1997,498.1092193,536.0505091,533.9834858,536.2950554,536.4609532,533.9834858,1353.533428,3085.789228,1514.322548,1361.603092,1965.402046,1514.322548,1388.957918,1517.049559,1514.322548,1423.364856,1542.502513,1514.322548,198.870016,197.9677934,0.001001968,0.001005531,0.001008742,0.001011081,633.9329922,633.9329922,633.9329922,1840.671846,1840.671846,1840.671846,1840.671846,1840.671846
10/23/1997,496.7226766,535.2904391,533.9303417,535.8392119,536.0505091,533.9303417,1346.873646,3972.377234,1509.212257,1355.029322,3085.789228,1509.212257,1381.838069,1965.402046,1509.212257,1402.179249,1517.049559,1509.212257,206.8356325,205.8903798,0.001001968,0.001005531,0.001008742,0.001011081,608.7528186,608.7528186,608.7528186,1771.959426,1771.959426,1771.959426,1771.959426,1771.959426
10/24/1997,479.9792584,680.9704444,515.6250289,520.3398614,535.2904391,515.6250289,1324.844555,4116.355244,1484.093013,1335.190048,3972.377234,1484.093013,1360.210344,3085.789228,1484.093013,1391.862205,1965.402046,1484.093013,199.1689001,198.2650679,0.001001968,0.001005531,0.001008742,0.001011081,582.0770178,582.0770178,582.0770178,1686.364149,1686.364149,1686.364149,1686.364149,1686.364149
10/25/1997,657.8453291,990.1847936,712.0063595,676.5739048,680.9704444,712.0063595,1965.259186,3082.274478,2229.926819,1939.211518,4116.355244,2229.926819,1916.448751,3972.377234,2229.926819,1761.542436,3085.789228,2229.926819,287.019133,285.6275934,0.001001968,0.001005531,0.001008742,0.001011081,573.9748183,573.9748183,573.9748183,1684.538258,1684.538258,1684.538258,1684.538258,1684.538258
10/26/1997,832.3824291,1224.689888,902.4640066,877.9453433,990.1847936,902.4640066,3077.843385,2744.367651,3530.719205,3048.981407,3082.274478,3530.719205,2941.770455,4116.355244,3530.719205,2878.214462,3972.377234,3530.719205,358.8661627,357.0581576,0.001001968,0.001005531,0.001008742,0.001011081,593.0342793,593.0342793,593.0342793,1872.859499,1872.859499,1872.859499,1872.859499,1872.859499
10/27/1997,1262.288515,1385.722302,1374.625919,1269.831006,1224.689888,1374.625919,4240.543325,2402.28193,4874.486463,4146.372214,2744.367651,4874.486463,4055.62794,3082.274478,4874.486463,3601.813177,4116.355244,4874.486463,506.8609408,504.1584863,0.001001968,0.001005531,0.001008742,0.001011081,672.1788412,672.1788412,672.1788412,2257.137434,2257.137434,2257.137434,2257.137434,2257.137434
10/28/1997,1345.176693,986.1433292,1475.22489,1429.972972,1385.722302,1475.22489,4200.915749,2097.137367,4848.220268,4166.233353,2402.28193,4848.220268,4120.785755,2744.367651,4848.220268,4114.829156,3082.274478,4848.220268,613.0403742,609.6725922,0.001001968,0.001005531,0.001008742,0.001011081,781.8264413,781.8264413,781.8264413,2673.615514,2673.615514,2673.615514,2673.615514,2673.615514
10/29/1997,881.8967466,775.974544,959.2889413,992.0364138,986.1433292,959.2889413,2403.700879,2808.838581,2734.546092,2448.523089,2097.137367,2734.546092,2666.636209,2402.28193,2734.546092,2909.603582,2744.367651,2734.546092,397.4609354,395.4239676,0.001001968,0.001005531,0.001008742,0.001011081,870.5324531,870.5324531,870.5324531,2905.655641,2905.655641,2905.655641,2905.655641,2905.655641
10/30/1997,677.1106388,683.5636617,727.3034763,776.4994411,775.974544,727.3034763,1843.96539,6269.436452,2073.170557,1900.549425,2808.838581,2073.170557,2001.804473,2097.137367,2073.170557,2359.95144,2402.28193,2073.170557,266.6505712,265.3744568,0.001001968,0.001005531,0.001008742,0.001011081,914.8473068,914.8473068,914.8473068,3053.711556,3053.711556,3053.711556,3053.711556,3053.711556
10/31/1997,582.4785915,1363.499496,620.1882401,649.8211557,683.5636617,620.1882401,1630.773597,6978.513544,1821.23979,1664.535888,6269.436452,1821.23979,1740.170913,2808.838581,1821.23979,1914.334387,2097.137367,1821.23979,202.8470823,201.9234091,0.001001968,0.001005531,0.001008742,0.001011081,941.0280965,941.0280965,941.0280965,3141.809674,3141.809674,3141.809674,3141.809674,3141.809674
11/1/1997,826.1041033,3011.9726,929.3468994,992.5461844,1363.499496,929.3468994,1983.570409,6673.059015,2277.286839,2081.005935,6978.513544,2277.286839,2163.767293,6269.436452,2277.286839,1787.221806,2808.838581,2277.286839,514.2495862,511.5014059,0.001001968,0.001005531,0.001008742,0.001011081,994.2415319,994.2415319,994.2415319,3151.039539,3151.039539,3151.039539,3151.039539,3151.039539
11/2/1997,2922.412283,3097.881966,3351.093368,3091.190522,3011.9726,3351.093368,5189.469587,6094.97847,6076.318978,5124.940206,6673.059015,6076.318978,4895.487916,6978.513544,6076.318978,2997.654063,6269.436452,6076.318978,1665.97918,1655.409105,0.001001968,0.001005531,0.001008742,0.001011081,1248.303823,1248.303823,1248.303823,3199.766532,3199.766532,3199.766532,3199.766532,3199.766532
11/3/1997,3667.860973,4161.377851,4025.033207,3250.094505,3097.881966,4025.033207,8476.776838,5741.384888,9753.426341,7805.023161,6094.97847,9753.426341,7543.314394,6673.059015,9753.426341,7373.168175,6978.513544,9753.426341,1427.5941,1418.72421,0.001001968,0.001005531,0.001008742,0.001011081,1482.557617,1482.557617,1482.557617,3651.899375,3651.899375,3651.899375,3651.899375,3651.899375
11/4/1997,3928.632244,3517.541174,4433.308776,4204.377226,4161.377851,4433.308776,7404.045623,4721.737329,8669.764336,7336.208754,5741.384888,8669.764336,7365.26498,6094.97847,8669.764336,6611.121102,6673.059015,8669.764336,2152.480798,2138.354451,0.001001968,0.001005531,0.001008742,0.001011081,1837.780396,1837.780396,1837.780396,4115.430768,4115.430768,4115.430768,4115.430768,4115.430768
11/5/1997,2910.075216,2273.116552,3277.395459,3530.03114,3517.541174,3277.395459,5818.511604,2831.257401,6798.861901,6179.648384,4721.737329,6798.861901,6576.016361,5741.384888,6798.861901,6972.351538,6094.97847,6798.861901,1631.22957,1620.909249,0.001001968,0.001005531,0.001008742,0.001011081,2190.094928,2190.094928,2190.094928,4675.935307,4675.935307,4675.935307,4675.935307,4675.935307
11/6/1997,1822.297808,1801.230197,1991.027504,2279.872996,2273.116552,1991.027504,3552.942391,3744.355018,4036.351691,3893.039382,2831.257401,4036.351691,4415.807101,4721.737329,4036.351691,5501.603679,5741.384888,4036.351691,795.3180028,790.772664,0.001001968,0.001005531,0.001008742,0.001011081,2450.389212,2450.389212,2450.389212,5184.124031,5184.124031,5184.124031,5184.124031,5184.124031
11/7/1997,1519.861005,1860.330349,1644.355061,1781.455334,1801.230197,1644.355061,3271.946063,6597.889957,3693.299883,3443.744629,3744.355018,3693.299883,3820.971315,2831.257401,3693.299883,4430.020908,4721.737329,3693.299883,597.059795,593.7932233,0.001001968,0.001005531,0.001008742,0.001011081,2644.875135,2644.875135,2644.875135,5616.203275,5616.203275,5616.203275,5616.203275,5616.203275
11/8/1997,1401.386342,1727.259712,1514.057552,1714.299711,1860.330349,1514.057552,3210.828548,6424.189094,3618.968536,3443.849259,6597.889957,3618.968536,3518.282256,3744.355018,3618.968536,3895.94021,2831.257401,3618.968536,517.4235065,514.6556561,0.001001968,0.001005531,0.001008742,0.001011081,2748.853905,2748.853905,2748.853905,5904.201589,5904.201589,5904.201589,5904.201589,5904.201589
11/9/1997,1698.506234,1581.951128,1791.603036,1760.888033,1727.259712,1791.603036,2544.907615,5133.505118,2717.302862,2583.499271,6424.189094,2717.302862,2471.612759,6597.889957,2717.302862,2479.568328,3744.355018,2717.302862,259.8986713,258.6605311,0.001001968,0.001005531,0.001008742,0.001011081,2617.918105,2617.918105,2617.918105,5802.787982,5802.787982,5802.787982,5802.787982,5802.787982
11/10/1997,2549.846484,5054.608451,2638.859508,1654.514243,1581.951128,2638.859508,4383.954694,5929.481382,4750.294058,3434.559417,5133.505118,4750.294058,3620.230796,6424.189094,4750.294058,3481.146679,6597.889957,4750.294058,337.3915908,335.7094737,0.001001968,0.001005531,0.001008742,0.001011081,2478.744302,2478.744302,2478.744302,5314.103461,5314.103461,5314.103461,5314.103461,5314.103461
11/11/1997,4473.899684,3656.851035,5196.408086,5066.10381,5054.608451,5196.408086,8346.749514,6007.344712,10045.13189,8436.17452,5929.481382,10045.13189,8306.247172,5133.505118,10045.13189,5989.266316,6424.189094,10045.13189,3066.091516,3045.045694,0.001001968,0.001005531,0.001008742,0.001011081,2549.053761,2549.053761,2549.053761,5125.353272,5125.353272,5125.353272,5125.353272,5125.353272
11/12/1997,2722.011509,1850.598655,3087.610502,3657.754228,3656.851035,3087.610502,6411.957057,4617.796401,7560.581743,7067.186495,6007.344712,7560.581743,7299.342285,5929.481382,7560.581743,8140.717779,5133.505118,7560.581743,1641.066091,1630.675136,0.001001968,0.001005531,0.001008742,0.001011081,2547.109925,2547.109925,2547.109925,5087.108631,5087.108631,5087.108631,5087.108631,5087.108631
11/13/1997,1517.692994,1885.71213,1611.615529,1850.731198,1850.598655,1611.615529,2176.606009,3952.759575,2357.450771,2458.159954,4617.796401,2357.450771,3142.448696,6007.344712,2357.450771,4336.546012,5929.481382,2357.450771,448.4765233,446.132046,0.001001968,0.001005531,0.001008742,0.001011081,2515.948361,2515.948361,2515.948361,5048.591901,5048.591901,5048.591901,5048.591901,5048.591901
11/14/1997,1649.641269,1822.784085,1796.040057,1885.524516,1885.71213,1796.040057,3659.867074,3589.941695,4169.3729,3789.380788,3952.759575,4169.3729,4102.695406,4617.796401,4169.3729,4469.198334,6007.344712,4169.3729,693.8636744,689.9787539,0.001001968,0.001005531,0.001008742,0.001011081,2519.321478,2519.321478,2519.321478,5078.534865,5078.534865,5078.534865,5078.534865,5078.534865
11/15/1997,1617.042427,1597.951291,1764.822753,1822.370043,1822.784085,1764.822753,4617.948714,3266.214671,5312.92956,4692.419772,3589.941695,5312.92956,4839.855652,3952.759575,5312.92956,5165.473775,4617.796401,5312.92956,702.9380162,698.9945153,0.001001968,0.001005531,0.001008742,0.001011081,2543.530233,2543.530233,2543.530233,5237.652979,5237.652979,5237.652979,5237.652979,5237.652979
11/16/1997,1431.365411,1502.468663,1559.971079,1597.377878,1597.951291,1559.971079,3501.234834,3095.171188,3991.588046,3565.248949,3266.214671,3991.588046,3788.579222,3589.941695,3991.588046,3990.060613,3952.759575,3991.588046,622.8710977,619.4408775,0.001001968,0.001005531,0.001008742,0.001011081,2561.48573,2561.48573,2561.48573,5449.957284,5449.957284,5449.957284,5449.957284,5449.957284
11/17/1997,1339.746658,1398.863254,1461.337965,1501.784759,1502.468663,1461.337965,3073.745878,2979.768951,3495.77399,3143.853038,3095.171188,3495.77399,3290.467074,3266.214671,3495.77399,3525.333783,3589.941695,3495.77399,593.6955561,590.450245,0.001001968,0.001005531,0.001008742,0.001011081,2527.480727,2527.480727,2527.480727,5395.163386,5395.163386,5395.163386,5395.163386,5395.163386
11/18/1997,1255.387165,1330.846237,1366.658412,1398.104911,1398.863254,1366.658412,2802.641784,3249.127832,3178.170145,2862.748868,2979.768951,3178.170145,2995.025571,3095.171188,3178.170145,3155.819571,3266.214671,3178.170145,547.6514289,544.695426,0.001001968,0.001005531,0.001008742,0.001011081,2119.682485,2119.682485,2119.682485,4956.233442,4956.233442,4956.233442,4956.233442,4956.233442
11/19/1997,1197.742421,1277.821882,1304.008525,1330.040025,1330.846237,1304.008525,2630.337128,3535.555629,2979.468681,2684.839473,3249.127832,2979.468681,2804.138406,2979.768951,2979.468681,2922.498613,3095.171188,2979.468681,526.101445,523.2797294,0.001001968,0.001005531,0.001008742,0.001011081,1799.165853,1799.165853,1799.165853,4428.824286,4428.824286,4428.824286,4428.824286,4428.824286
11/20/1997,1155.921947,1285.946325,1259.022911,1276.987874,1277.821882,1259.022911,2545.899692,4206.013011,2883.976795,2591.888303,3535.555629,2883.976795,2702.413135,3249.127832,2883.976795,2798.565378,2979.768951,2883.976795,512.9856747,510.2453227,0.001001968,0.001005531,0.001008742,0.001011081,1636.144499,1636.144499,1636.144499,4020.390102,4020.390102,4020.390102,4020.390102,4020.390102
11/21/1997,1110.388205,1377.956533,1205.890089,1213.152374,1285.946325,1205.890089,2475.050609,5225.181957,2798.052381,2507.553094,4206.013011,2798.052381,2600.45381,3535.555629,2798.052381,2709.428038,3249.127832,2798.052381,478.1858789,475.6600023,0.001001968,0.001005531,0.001008742,0.001011081,1514.224915,1514.224915,1514.224915,3668.764048,3668.764048,3668.764048,3668.764048,3668.764048
11/22/1997,1439.522441,1332.866378,1512.660282,1387.836853,1377.956533,1512.660282,3432.938194,5111.240094,3798.164515,3337.79296,5225.181957,3798.164515,3061.073368,4206.013011,3798.164515,3002.535459,3535.555629,3798.164515,272.1391173,270.8320267,0.001001968,0.001005531,0.001008742,0.001011081,1399.819741,1399.819741,1399.819741,3417.620514,3417.620514,3417.620514,3417.620514,3417.620514
11/23/1997,1899.80594,3765.313758,1925.514403,1346.615122,1332.866378,1925.514403,4168.847319,4911.941494,4505.96223,3592.765913,5111.240094,4505.96223,3328.380811,5225.181957,4505.96223,3342.299214,4206.013011,4505.96223,0.001000564,0.001006515,0.001001968,0.001005531,0.001008742,0.001011081,1309.836733,1309.836733,1309.836733,3389.084217,3389.084217,3389.084217,3389.084217,3389.084217
11/24/1997,3537.003809,3367.784873,3990.181034,3767.197053,3765.313758,3990.181034,5981.432113,4637.502899,6989.319968,5913.962127,4911.941494,6989.319968,5857.783945,5111.240094,6989.319968,3761.415972,5225.181957,6989.319968,1979.762694,1966.910868,0.001001968,0.001005531,0.001008742,0.001011081,1559.005386,1559.005386,1559.005386,3535.93565,3535.93565,3535.93565,3535.93565,3535.93565
11/25/1997,2747.190773,2279.487745,3061.967612,3369.120959,3367.784873,3061.967612,6065.705929,4527.113719,7052.122618,6452.515269,4637.502899,7052.122618,6510.707919,4911.941494,7052.122618,6782.377959,5111.240094,7052.122618,1414.991283,1406.21038,0.001001968,0.001005531,0.001008742,0.001011081,1807.47946,1807.47946,1807.47946,3885.622675,3885.622675,3885.622675,3885.622675,3885.622675
11/26/1997,1993.763283,2139.587616,2137.755339,2272.42736,2279.487745,2137.755339,3444.947426,4547.548235,3833.085023,3631.537789,4527.113719,3833.085023,4088.386386,4637.502899,3833.085023,4724.497165,4911.941494,3833.085023,671.1420216,667.4033365,0.001001968,0.001005531,0.001008742,0.001011081,1984.907799,1984.907799,1984.907799,4245.280042,4245.280042,4245.280042,4245.280042,4245.280042
11/27/1997,1952.835449,2055.434509,2086.587248,2136.336945,2139.587616,2086.587248,3424.995615,4561.095176,3796.332506,3525.109265,4547.548235,3796.332506,3700.099581,4527.113719,3796.332506,4110.414405,4637.502899,3796.332506,607.9590088,604.6234477,0.001001968,0.001005531,0.001008742,0.001011081,2113.746027,2113.746027,2113.746027,4497.398752,4497.398752,4497.398752,4497.398752,4497.398752
11/28/1997,2026.111495,2761.386572,2148.75805,2033.324841,2055.434509,2148.75805,3763.590767,6981.492676,4169.958947,3686.796048,4561.095176,4169.958947,3827.101294,4547.548235,4169.958947,4003.051795,4527.113719,4169.958947,563.351542,560.2972482,0.001001968,0.001005531,0.001008742,0.001011081,2235.533489,2235.533489,2235.533489,4690.191593,4690.191593,4690.191593,4690.191593,4690.191593
11/29/1997,2592.612624,3266.033913,2835.562649,2720.840314,2761.386572,2835.562649,4509.184815,6947.497301,5125.611197,4478.273098,6981.492676,5125.611197,4533.587586,4561.095176,5125.611197,4094.83413,4547.548235,5125.611197,1090.929424,1084.401116,0.001001968,0.001005531,0.001008742,0.001011081,2448.347546,2448.347546,2448.347546,4825.948333,4825.948333,4825.948333,4825.948333,4825.948333
11/30/1997,2858.833541,4326.76012,3107.744012,2977.996331,3266.033913,3107.744012,4961.578368,7060.765669,5612.734985,4921.443583,6947.497301,5612.734985,4888.493922,6981.492676,5612.734985,4704.443403,4561.095176,5612.734985,1084.831371,1078.344732,0.001001968,0.001005531,0.001008742,0.001011081,2683.540919,2683.540919,2683.540919,4909.244023,4909.244023,4909.244023,4909.244023,4909.244023
12/1/1997,4199.577561,4345.412713,4654.870182,4425.268486,4326.76012,4654.870182,6180.596982,6612.93234,7054.759378,6164.721213,7060.765669,7054.759378,6076.047212,6947.497301,7054.759378,4572.418433,6981.492676,7054.759378,1774.477924,1763.124131,0.001001968,0.001005531,0.001008742,0.001011081,2776.723205,2776.723205,2776.723205,5018.053958,5018.053958,5018.053958,5018.053958,5018.053958
12/2/1997,4076.109989,3899.902582,4490.472732,4421.741817,4345.412713,4490.472732,7660.264952,6238.392125,8811.007208,7727.581232,6612.93234,8811.007208,7864.092313,7060.765669,8811.007208,7891.318535,6947.497301,8811.007208,1707.18113,1696.31413,0.001001968,0.001005531,0.001008742,0.001011081,2928.575881,2928.575881,2928.575881,5330.070168,5330.070168,5330.070168,5330.070168,5330.070168
12/3/1997,3437.482402,3407.72353,3781.73253,3906.985016,3899.902582,3781.73253,5616.881432,5917.447947,6415.450636,5868.751343,6238.392125,6415.450636,6348.853876,6612.93234,6415.450636,6641.031478,7060.765669,6415.450636,1474.515396,1465.313374,0.001001968,0.001005531,0.001008742,0.001011081,3141.011972,3141.011972,3141.011972,5553.435894,5553.435894,5553.435894,5553.435894,5553.435894
12/4/1997,3010.23178,3127.838661,3279.523575,3396.492868,3407.72353,3279.523575,5303.776915,5628.047962,6012.995769,5515.967514,5917.447947,6012.995769,5910.385048,6238.392125,6012.995769,6465.427899,6612.93234,6012.995769,1164.162154,1157.131211,0.001001968,0.001005531,0.001008742,0.001011081,3336.510107,3336.510107,3336.510107,5855.446991,5855.446991,5855.446991,5855.446991,5855.446991
12/5/1997,2874.065353,3207.583086,3110.758395,3131.127193,3127.838661,3110.758395,5012.466887,5391.587547,5645.297403,5119.18933,5628.047962,5645.297403,5431.422905,5917.447947,5645.297403,5794.112955,6238.392125,5645.297403,1024.054479,1017.981515,0.001001968,0.001005531,0.001008742,0.001011081,3503.890546,3503.890546,3503.890546,6140.775652,6140.775652,6140.775652,6140.775652,6140.775652
12/6/1997,2980.393383,3222.756195,3249.261541,3213.51392,3207.583086,3249.261541,5168.897183,5163.894444,5861.918527,5227.319169,5391.587547,5861.918527,5496.710595,5628.047962,5861.918527,5575.985206,5917.447947,5861.918527,1173.538525,1166.442938,0.001001968,0.001005531,0.001008742,0.001011081,3603.131145,3603.131145,3603.131145,6359.19565,6359.19565,6359.19565,6359.19565,6359.19565
12/7/1997,2899.844263,2969.83995,3180.359137,3226.180571,3222.756195,3180.359137,5041.951503,5574.846327,5749.73073,5183.964372,5163.894444,5749.73073,5447.647361,5391.587547,5749.73073,5537.075596,5628.047962,5749.73073,1237.048609,1229.513508,0.001001968,0.001005531,0.001008742,0.001011081,3676.331887,3676.331887,3676.331887,6497.89047,6497.89047,6497.89047,6497.89047,6497.89047
12/8/1997,2662.241524,2763.496159,2908.331426,2972.270988,2969.83995,2908.331426,4578.819551,5622.711878,5198.864245,4728.151968,5574.846327,5198.864245,5029.366717,5163.894444,5198.864245,5285.094914,5391.587547,5198.864245,1097.350764,1090.778546,0.001001968,0.001005531,0.001008742,0.001011081,3550.190168,3550.190168,3550.190168,6491.378092,6491.378092,6491.378092,6491.378092,6491.378092
12/9/1997,2485.247871,2607.539974,2708.719667,2765.231884,2763.496159,2708.719667,4223.436104,4954.589328,4781.880912,4358.469403,5622.711878,4781.880912,4644.500077,5574.846327,4781.880912,4911.440174,5163.894444,4781.880912,1005.468908,999.5218414,0.001001968,0.001005531,0.001008742,0.001011081,3352.897996,3352.897996,3352.897996,6093.105261,6093.105261,6093.105261,6093.105261,6093.105261
12/10/1997,2348.650423,2479.94587,2558.123903,2608.770029,2607.539974,2558.123903,4094.522541,4566.384908,4631.727477,4217.698143,4954.589328,4631.727477,4477.774283,5622.711878,4631.727477,4670.437687,5574.846327,4631.727477,949.7566348,944.1851818,0.001001968,0.001005531,0.001008742,0.001011081,3153.047084,3153.047084,3153.047084,5768.965377,5768.965377,5768.965377,5768.965377,5768.965377
12/11/1997,2238.267312,2390.809506,2437.462941,2480.803351,2479.94587,2437.462941,4556.24161,4350.276574,5183.904312,4656.877668,4566.384908,5183.904312,4883.516646,4954.589328,5183.904312,5072.85618,5622.711878,5183.904312,909.1861337,903.8864645,0.001001968,0.001005531,0.001008742,0.001011081,3007.149858,3007.149858,3007.149858,5557.887523,5557.887523,5557.887523,5557.887523,5557.887523
12/12/1997,2159.482667,2294.172548,2353.776519,2391.389647,2390.809506,2353.776519,4617.536564,4173.13682,5266.428068,4706.556513,4350.276574,5266.428068,4909.806472,4566.384908,5266.428068,5089.032493,4954.589328,5266.428068,891.4537845,886.2724249,0.001001968,0.001005531,0.001008742,0.001011081,2892.09792,2892.09792,2892.09792,5443.835471,5443.835471,5443.835471,5443.835471,5443.835471
12/13/1997,2071.518382,2187.145223,2258.504743,2294.545014,2294.172548,2258.504743,4048.28552,3969.078048,4598.090579,4141.167384,4173.13682,4598.090579,4344.542499,4350.276574,4598.090579,4498.60276,4566.384908,4598.090579,862.849688,857.8585378,0.001001968,0.001005531,0.001008742,0.001011081,2761.301805,2761.301805,2761.301805,5283.577332,5283.577332,5283.577332,5283.577332,5283.577332
12/14/1997,1976.651887,2090.317913,2153.940615,2187.361546,2187.145223,2153.940615,3726.088312,3929.172923,4223.786524,3815.881055,3969.078048,4223.786524,4014.558124,4173.13682,4223.786524,4182.844983,4350.276574,4223.786524,823.2446457,818.5155185,0.001001968,0.001005531,0.001008742,0.001011081,2616.142295,2616.142295,2616.142295,5102.702819,5102.702819,5102.702819,5102.702819,5102.702819
12/15/1997,1890.727,2001.340602,2059.729261,2090.417026,2090.317913,2059.729261,3549.153698,3808.428715,4019.51614,3634.11299,3929.172923,4019.51614,3823.090276,3969.078048,4019.51614,3967.618646,4173.13682,4019.51614,789.4982982,784.9911553,0.001001968,0.001005531,0.001008742,0.001011081,2483.458979,2483.458979,2483.458979,4921.253317,4921.253317,4921.253317,4921.253317,4921.253317
12/16/1997,1839.169477,1953.3157,2000.562141,2001.003452,2001.340602,2000.562141,3465.839602,3790.38996,3919.082737,3518.075741,3808.428715,3919.082737,3696.678235,3929.172923,3919.082737,3819.777399,3969.078048,3919.082737,758.3457165,754.042406,0.001001968,0.001005531,0.001008742,0.001011081,2366.621452,2366.621452,2366.621452,4757.141016,4757.141016,4757.141016,4757.141016,4757.141016
12/17/1997,1843.862451,1996.922751,1996.797282,1952.614608,1953.3157,1996.797282,3396.519804,3882.686543,3825.281999,3402.737563,3790.38996,3825.281999,3529.387886,3808.428715,3825.281999,3654.856237,3929.172923,3825.281999,720.8331764,716.7738602,0.001001968,0.001005531,0.001008742,0.001011081,2260.552807,2260.552807,2260.552807,4600.852895,4600.852895,4600.852895,4600.852895,4600.852895
12/18/1997,1930.513961,2172.156384,2082.141987,1995.955431,1996.922751,2082.141987,3513.228084,4007.066961,3946.547015,3475.935053,3882.686543,3946.547015,3540.172141,3790.38996,3946.547015,3603.281979,3808.428715,3946.547015,714.7661867,710.7461782,0.001001968,0.001005531,0.001008742,0.001011081,2172.105587,2172.105587,2172.105587,4381.345038,4381.345038,4381.345038,4381.345038,4381.345038
12/19/1997,2062.367055,2227.675832,2232.711037,2169.320477,2172.156384,2232.711037,3611.294173,4569.887014,4066.408448,3604.855529,4007.066961,4066.408448,3650.658092,3882.686543,4066.408448,3549.31293,3790.38996,4066.408448,799.9758841,795.3999486,0.001001968,0.001005531,0.001008742,0.001011081,2117.82755,2117.82755,2117.82755,4153.835426,4153.835426,4153.835426,4153.835426,4153.835426
12/20/1997,2118.95127,2291.632342,2285.360255,2226.494217,2227.675832,2285.360255,3674.588558,4553.124913,4125.497845,3671.183697,4569.887014,4125.497845,3725.238342,4007.066961,4125.497845,3692.005986,3882.686543,4125.497845,780.3159295,775.8689779,0.001001968,0.001005531,0.001008742,0.001011081,2087.895645,2087.895645,2087.895645,4030.997773,4030.997773,4030.997773,4030.997773,4030.997773
12/21/1997,2160.339565,2321.224407,2328.371915,2291.730314,2291.632342,2328.371915,3675.407929,6810.843514,4121.489708,3695.284241,4553.124913,4121.489708,3769.742553,4569.887014,4121.489708,3722.987356,4007.066961,4121.489708,788.4934387,783.9928872,0.001001968,0.001005531,0.001008742,0.001011081,2085.290665,2085.290665,2085.290665,3980.321932,3980.321932,3980.321932,3980.321932,3980.321932
12/22/1997,2111.950688,2173.499588,2282.661487,2321.004329,2321.224407,2282.661487,3657.676937,8052.866281,4115.815247,3751.948482,6810.843514,4115.815247,3869.497778,4553.124913,4115.815247,3850.299066,4569.887014,4115.815247,803.3769047,798.7786139,0.001001968,0.001005531,0.001008742,0.001011081,2107.200732,2107.200732,2107.200732,3971.084888,3971.084888,3971.084888,3971.084888,3971.084888
12/23/1997,1976.496567,2124.2015,2128.192786,2173.258642,2173.499588,2128.192786,3974.556028,6067.423718,4481.999364,4059.57919,8052.866281,4481.999364,4227.571242,6810.843514,4481.999364,4310.080658,4553.124913,4481.999364,719.9245657,715.8711391,0.001001968,0.001005531,0.001008742,0.001011081,2132.599082,2132.599082,2132.599082,4059.396425,4059.396425,4059.396425,4059.396425,4059.396425
12/24/1997,1891.874811,2600.653031,2035.111608,2067.316553,2124.2015,2035.111608,3823.389019,6071.863593,4307.090292,3892.940367,6067.423718,4307.090292,4060.182029,8052.866281,4307.090292,4211.575611,6810.843514,4307.090292,683.9426357,680.1216457,0.001001968,0.001005531,0.001008742,0.001011081,2157.287613,2157.287613,2157.287613,4158.458905,4158.458905,4158.458905,4158.458905,4158.458905
12/25/1997,2407.888272,2818.204567,2641.100507,2583.006516,2600.653031,2641.100507,6612.660402,5903.585008,7642.144343,6604.383422,6071.863593,7642.144343,6661.963843,6067.423718,7642.144343,6120.888438,8052.866281,7642.144343,1043.038183,1036.836329,0.001001968,0.001005531,0.001008742,0.001011081,2234.517329,2234.517329,2234.517329,4589.27656,4589.27656,4589.27656,4589.27656,4589.27656
12/26/1997,2646.687427,2542.306489,2890.65388,2825.14096,2818.204567,2890.65388,7859.415381,7445.890749,9096.202234,7822.782388,5903.585008,9096.202234,7754.994102,6071.863593,9096.202234,7778.828484,6067.423718,9096.202234,1075.161954,1068.741327,0.001001968,0.001005531,0.001008742,0.001011081,2313.722996,2313.722996,2313.722996,5236.778506,5236.778506,5236.778506,5236.778506,5236.778506
12/27/1997,2494.411489,2863.626517,2684.774328,2547.905779,2542.306489,2684.774328,5354.561428,7567.307646,6049.410402,5267.566065,7445.890749,6049.410402,5445.520292,5903.585008,6049.410402,5607.079062,6071.863593,6049.410402,859.6380922,854.6682483,0.001001968,0.001005531,0.001008742,0.001011081,2377.787439,2377.787439,2377.787439,5591.437779,5591.437779,5591.437779,5591.437779,5591.437779
12/28/1997,2624.839892,2658.99598,2865.812873,2865.804823,2863.626517,2865.812873,5422.512225,6188.728351,6188.402919,5490.099331,7567.307646,6188.402919,5574.556445,7445.890749,6188.402919,5522.942933,5903.585008,6188.402919,1091.544868,1085.012353,0.001001968,0.001005531,0.001008742,0.001011081,2454.582157,2454.582157,2454.582157,5885.47416,5885.47416,5885.47416,5885.47416,5885.47416
12/29/1997,2396.083458,2646.693524,2598.244876,2660.471656,2658.99598,2598.244876,5100.521894,5493.856099,5798.719486,5214.805856,6188.728351,5798.719486,5390.569119,7567.307646,5798.719486,5578.963182,7445.890749,5798.719486,926.6528322,921.2363379,0.001001968,0.001005531,0.001008742,0.001011081,2510.451062,2510.451062,2510.451062,6131.876264,6131.876264,6131.876264,6131.876264,6131.876264
12/30/1997,2384.380126,2488.261089,2602.224294,2647.765172,2646.693524,2602.224294,6544.443361,5177.508774,7545.68534,6629.74357,5493.856099,7545.68534,6856.758457,6188.728351,7545.68534,6855.495219,7567.307646,7545.68534,998.4211199,992.5217182,0.001001968,0.001005531,0.001008742,0.001011081,2580.964262,2580.964262,2580.964262,6543.119349,6543.119349,6543.119349,6543.119349,6543.119349
12/31/1997,2243.595201,2333.926146,2438.898938,2489.040924,2488.261089,2438.898938,6366.282016,4458.04069,7337.130382,6445.672184,5177.508774,7337.130382,6627.668967,5493.856099,7337.130382,6990.42548,6188.728351,7337.130382,902.3339011,897.079985,0.001001968,0.001005531,0.001008742,0.001011081,2639.879066,2639.879066,2639.879066,6962.835823,6962.835823,6962.835823,6962.835823,6962.835823
1/1/1998,2113.376135,2216.070365,2291.913628,2334.490925,2333.926146,2291.913628,4750.87278,3312.942971,5405.268127,4835.497384,4458.04069,5405.268127,5035.942049,5177.508774,5405.268127,5279.872589,5493.856099,5405.268127,831.6390368,826.8545062,0.001001968,0.001005531,0.001008742,0.001011081,2629.677858,2629.677858,2629.677858,6832.703176,6832.703176,6832.703176,6832.703176,6832.703176
1/2/1998,2010.509928,2148.664234,2178.722093,2216.412683,2216.070365,2178.722093,4439.004468,3344.84936,5042.523171,4517.438586,3312.942971,5042.523171,4704.174034,4458.04069,5042.523171,4912.938884,5177.508774,5042.523171,789.1234313,784.6187475,0.001001968,0.001005531,0.001008742,0.001011081,2580.290991,2580.290991,2580.290991,6392.033289,6392.033289,6392.033289,6392.033289,6392.033289
1/3/1998,1988.636711,1794.139345,2151.757943,2132.918296,2148.664234,2151.757943,4337.70681,5818.059957,4914.985523,4359.990498,3344.84936,4914.985523,4533.468538,3312.942971,4914.985523,4656.548749,4458.04069,4914.985523,768.717239,764.3461861,0.001001968,0.001005531,0.001008742,0.001011081,2522.590347,2522.590347,2522.590347,6194.191018,6194.191018,6194.191018,6194.191018,6194.191018
1/4/1998,1741.301085,2211.492781,1806.741875,1708.614777,1794.139345,1806.741875,3797.473645,9168.384146,4157.350337,3716.16798,5818.059957,4157.350337,3706.376834,3344.84936,4157.350337,4123.841599,3312.942971,4157.350337,291.9586743,290.538954,0.001001968,0.001005531,0.001008742,0.001011081,2366.438954,2366.438954,2366.438954,5960.527884,5960.527884,5960.527884,5960.527884,5960.527884
1/5/1998,2744.782548,5517.755945,2801.482327,2039.913302,2211.492781,2801.482327,4082.023892,15505.24911,4268.664122,3366.495217,9168.384146,4268.664122,3010.208822,5818.059957,4268.664122,2903.708994,3344.84936,4268.664122,150.6420958,149.9941437,0.001001968,0.001005531,0.001008742,0.001011081,2219.252242,2219.252242,2219.252242,5643.613669,5643.613669,5643.613669,5643.613669,5643.613669
1/6/1998,6049.001017,10141.74292,6517.714087,5148.386671,5517.755945,6517.714087,7787.896043,25442.39213,8620.235069,6648.273982,15505.24911,8620.235069,5846.05053,9168.384146,8620.235069,3341.506561,5818.059957,8620.235069,1859.399188,1847.428023,0.001001968,0.001005531,0.001008742,0.001011081,2391.340021,2391.340021,2391.340021,5184.680002,5184.680002,5184.680002,5184.680002,5184.680002
1/7/1998,9654.73518,14832.15777,10749.478,9489.727643,10141.74292,10749.478,13432.31513,31882.6495,15491.6782,12632.78371,25442.39213,15491.6782,11936.99421,15505.24911,15491.6782,7796.591547,9168.384146,15491.6782,4162.741513,4133.084544,0.001001968,0.001005531,0.001008742,0.001011081,3146.642157,3146.642157,3146.642157,5318.311585,5318.311585,5318.311585,5318.311585,5318.311585
1/8/1998,14461.09578,19421.83176,16235.45992,14248.51831,14832.15777,16235.45992,19560.18478,31990.80132,22708.56538,18352.81579,31882.6495,22708.56538,17997.91154,25442.39213,22708.56538,12810.6947,15505.24911,22708.56538,6346.524252,6299.030766,0.001001968,0.001005531,0.001008742,0.001011081,4567.482176,4567.482176,4567.482176,6474.37131,6474.37131,6474.37131,6474.37131,6474.37131
1/9/1998,20294.15439,25301.70345,22816.40435,19794.33242,19421.83176,22816.40435,27513.44446,28663.02127,32051.73644,25574.79286,31990.80132,32051.73644,25280.1444,31882.6495,32051.73644,19808.81958,25442.39213,32051.73644,8790.027755,8721.811948,0.001001968,0.001005531,0.001008742,0.001011081,6714.170819,6714.170819,6714.170819,8807.952411,8807.952411,8807.952411,8807.952411,8807.952411
1/10/1998,21951.9018,21057.68126,25522.59944,25769.98886,25301.70345,25522.59944,31816.7202,22974.98704,38577.27148,33373.8414,28663.02127,38577.27148,34215.24234,31990.80132,38577.27148,29034.87391,31882.6495,38577.27148,12763.46776,12660.36515,0.001001968,0.001005531,0.001008742,0.001011081,9742.746056,9742.746056,9742.746056,12407.17079,12407.17079,12407.17079,12407.17079,12407.17079
1/11/1998,16041.03865,12720.70227,18699.74751,21245.5184,21057.68126,18699.74751,26241.43457,17341.27991,31900.86652,29671.88705,22974.98704,31900.86652,33143.13196,28663.02127,31900.86652,35122.77135,31990.80132,31900.86652,9871.010306,9793.431185,0.001001968,0.001005531,0.001008742,0.001011081,12696.48721,12696.48721,12696.48721,16749.6759,16749.6759,16749.6759,16749.6759,16749.6759
1/12/1998,9489.36203,8248.100415,10675.35562,12796.84672,12720.70227,10675.35562,15565.58621,15623.11082,18246.0033,18098.23861,17341.27991,18246.0033,22094.07725,22974.98704,18246.0033,29185.7283,28663.02127,18246.0033,4631.220222,4597.805162,0.001001968,0.001005531,0.001008742,0.001011081,14712.10596,14712.10596,14712.10596,20754.48078,20754.48078,20754.48078,20754.48078,20754.48078
1/13/1998,6629.139921,6942.270649,7265.498149,8297.337443,8248.100415,7265.498149,11396.79153,13248.48573,13035.56299,12649.92058,15623.11082,13035.56299,15488.04888,17341.27991,13035.56299,20930.17496,22974.98704,13035.56299,2555.898997,2538.751237,0.001001968,0.001005531,0.001008742,0.001011081,15668.53391,15668.53391,15668.53391,23536.31165,23536.31165,23536.31165,23536.31165,23536.31165
1/14/1998,5901.555516,6321.451837,6504.832687,6976.430324,6942.270649,6504.832687,11591.83092,11860.94454,13396.75366,12240.46719,13248.48573,13396.75366,13857.41245,15623.11082,13396.75366,16615.26369,17341.27991,13396.75366,2458.001487,2441.59227,0.001001968,0.001005531,0.001008742,0.001011081,15712.73825,15712.73825,15712.73825,24800.05086,24800.05086,24800.05086,24800.05086,24800.05086
1/15/1998,5431.254097,5878.52864,6023.973334,6343.830895,6321.451837,6023.973334,10787.70577,10771.59648,12523.00374,11281.03451,11860.94454,12523.00374,12305.85243,13248.48573,12523.00374,13756.40267,15623.11082,12523.00374,2440.453629,2424.176447,0.001001968,0.001005531,0.001008742,0.001011081,14935.55536,14935.55536,14935.55536,24732.78109,24732.78109,24732.78109,24732.78109,24732.78109
1/16/1998,5094.885177,5386.520063,5677.137005,5895.558813,5878.52864,5677.137005,11394.42555,9729.391433,13279.86351,11766.60481,10771.59648,13279.86351,12579.50004,11860.94454,13279.86351,13194.89161,13248.48573,13279.86351,2408.546682,2392.5093,0.001001968,0.001005531,0.001008742,0.001011081,13359.85255,13359.85255,13359.85255,23633.34254,23633.34254,23633.34254,23633.34254,23633.34254
1/17/1998,4701.810439,4958.401929,5234.604975,5397.929146,5386.520063,5234.604975,10076.75214,9027.868748,11703.05418,10391.95151,9729.391433,11703.05418,11090.73136,10771.59648,11703.05418,11855.59741,11860.94454,11703.05418,2229.234442,2214.537867,0.001001968,0.001005531,0.001008742,0.001011081,10831.34814,10831.34814,10831.34814,21087.27045,21087.27045,21087.27045,21087.27045,21087.27045
1/18/1998,4350.414044,4633.364643,4835.192367,4967.8907,4958.401929,4835.192367,8859.803034,8434.065632,10255.27285,9139.925136,9027.868748,10255.27285,9745.633553,9729.391433,10255.27285,10450.07013,10771.59648,10255.27285,2045.445375,2032.110317,0.001001968,0.001005531,0.001008742,0.001011081,8380.574136,8380.574136,8380.574136,17681.39359,17681.39359,17681.39359,17681.39359,17681.39359
1/19/1998,4075.044517,4328.275904,4526.54081,4641.274049,4633.364643,4526.54081,8155.420347,9243.354032,9428.998497,8410.365116,8434.065632,9428.998497,8950.196353,9027.868748,9428.998497,9498.733712,9729.391433,9428.998497,1919.009783,1906.60327,0.001001968,0.001005531,0.001008742,0.001011081,6816.905914,6816.905914,6816.905914,14594.12493,14594.12493,14594.12493,14594.12493,14594.12493
1/20/1998,3817.896129,4064.317772,4237.413423,4334.631185,4328.275904,4237.413423,7480.247133,14753.05588,8633.519161,7711.460751,9243.354032,8633.519161,8216.655369,8434.065632,8633.519161,8682.968618,9027.868748,8633.519161,1796.640796,1785.126207,0.001001968,0.001005531,0.001008742,0.001011081,5942.550518,5942.550518,5942.550518,12503.77227,12503.77227,12503.77227,12503.77227,12503.77227
1/21/1998,3593.72309,3833.723005,3986.59331,4069.392538,4064.317772,3986.59331,6996.834206,15072.06172,8069.843775,7205.802881,14753.05588,8069.843775,7671.826066,9243.354032,8069.843775,8096.440067,8434.065632,8069.843775,1694.763469,1683.986048,0.001001968,0.001005531,0.001008742,0.001011081,5382.401839,5382.401839,5382.401839,11259.52405,11259.52405,11259.52405,11259.52405,11259.52405
1/22/1998,3396.119257,3762.068746,3766.272233,3837.782833,3833.723005,3766.272233,6576.362919,11942.68209,7581.09391,6767.198434,15072.06172,7581.09391,7198.857828,14753.05588,7581.09391,7574.738646,9243.354032,7581.09391,1607.849896,1597.697255,0.001001968,0.001005531,0.001008742,0.001011081,4961.578616,4961.578616,4961.578616,10462.92581,10462.92581,10462.92581,10462.92581,10462.92581
1/23/1998,3220.561168,4740.999502,3570.934947,3633.590301,3762.068746,3570.934947,7406.993696,9738.087284,8576.376955,7559.007657,11942.68209,8576.376955,7931.118539,15072.06172,8576.376955,8217.705558,14753.05588,8576.376955,1531.960909,1522.350531,0.001001968,0.001005531,0.001008742,0.001011081,4600.04238,4600.04238,4600.04238,9750.160733,9750.160733,9750.160733,9750.160733,9750.160733
1/24/1998,4115.137998,4686.56201,4729.882756,4765.196103,4740.999502,4729.882756,13428.59361,8942.642414,16056.66188,13564.10559,9738.087284,16056.66188,13983.21131,11942.68209,16056.66188,13055.65639,15072.06172,16056.66188,2554.16804,2537.033367,0.001001968,0.001005531,0.001008742,0.001011081,4470.228184,4470.228184,4470.228184,10091.56739,10091.56739,10091.56739,10091.56739,10091.56739
1/25/1998,4063.78601,4041.282633,4682.846609,4723.329379,4686.56201,4682.846609,13497.28382,8814.0602,16167.05365,13632.47626,8942.642414,16167.05365,14090.05936,9738.087284,16167.05365,14439.35166,11942.68209,16167.05365,2592.873768,2575.446231,0.001001968,0.001005531,0.001008742,0.001011081,4410.052831,4410.052831,4410.052831,10679.42461,10679.42461,10679.42461,10679.42461,10679.42461
1/26/1998,3531.454278,3693.238876,4010.523804,4052.801101,4041.282633,4010.523804,9099.413078,8106.580131,10733.01202,9255.450684,8814.0602,10733.01202,9682.163671,8942.642414,10733.01202,10567.41404,9738.087284,10733.01202,2046.872745,2033.527166,0.001001968,0.001005531,0.001008742,0.001011081,4311.067451,4311.067451,4311.067451,10915.3826,10915.3826,10915.3826,10915.3826,10915.3826
1/27/1998,3243.401879,3466.632852,3660.87517,3700.343841,3693.238876,3660.87517,7213.192649,7672.487014,8439.482255,7374.759854,8106.580131,8439.482255,7794.364278,8814.0602,8439.482255,8302.009883,8942.642414,8439.482255,1804.384465,1792.81364,0.001001968,0.001005531,0.001008742,0.001011081,4209.29609,4209.29609,4209.29609,10950.22487,10950.22487,10950.22487,10950.22487,10950.22487
1/28/1998,3051.380932,3285.269733,3435.561585,3471.887031,3466.632852,3435.561585,6966.246311,7322.402278,8138.555016,7110.507655,7672.487014,8138.555016,7492.279452,8106.580131,8138.555016,7860.855593,8814.0602,8138.555016,1674.643357,1664.010915,0.001001968,0.001005531,0.001008742,0.001011081,4114.631222,4114.631222,4114.631222,10966.12111,10966.12111,10966.12111,10966.12111,10966.12111
1/29/1998,2928.120919,3355.050195,3287.551609,3286.423102,3285.269733,3287.551609,7052.993194,7044.433811,8237.027366,7143.191638,7322.402278,8237.027366,7487.167887,7672.487014,8237.027366,7820.069258,8106.580131,8237.027366,1578.431403,1568.489342,0.001001968,0.001005531,0.001008742,0.001011081,4028.038204,4028.038204,4028.038204,11046.96942,11046.96942,11046.96942,11046.96942,11046.96942
1/30/1998,3011.189174,3312.629377,3391.127718,3356.043792,3355.050195,3391.127718,6772.636037,6868.236061,7913.632531,6845.229767,7044.433811,7913.632531,7154.995255,7322.402278,7913.632531,7240.578636,7672.487014,7913.632531,1666.205702,1655.633997,0.001001968,0.001005531,0.001008742,0.001011081,3973.337213,3973.337213,3973.337213,10898.38063,10898.38063,10898.38063,10898.38063,10898.38063
1/31/1998,2961.074082,3181.996584,3325.416386,3314.500254,3312.629377,3325.416386,6529.05201,6779.926219,7612.716644,6622.95771,6868.236061,7612.716644,6882.399735,7044.433811,7612.716644,7080.164722,7322.402278,7612.716644,1603.59429,1593.472139,0.001001968,0.001005531,0.001008742,0.001011081,3759.617914,3759.617914,3759.617914,9864.166469,9864.166469,9864.166469,9864.166469,9864.166469
2/1/1998,2855.877726,3100.877981,3194.010753,3183.577887,3181.996584,3194.010753,6098.508297,8742.466314,7085.111902,6188.219148,6779.926219,7085.111902,6475.730992,6868.236061,7085.111902,6674.624208,7044.433811,7085.111902,1498.275842,1488.905144,0.001001968,0.001005531,0.001008742,0.001011081,3534.988117,3534.988117,3534.988117,8740.292694,8740.292694,8740.292694,8740.292694,8740.292694
2/2/1998,2815.035408,3053.882195,3136.737685,3101.818261,3100.877981,3136.737685,5931.130592,11036.53889,6869.496464,5993.257589,8742.466314,6869.496464,6260.873225,6779.926219,6869.496464,6417.630872,6868.236061,6869.496464,1432.061769,1423.160311,0.001001968,0.001005531,0.001008742,0.001011081,3389.076749,3389.076749,3389.076749,8068.574343,8068.574343,8068.574343,8068.574343,8068.574343
2/3/1998,2819.128144,3120.457574,3122.661503,3054.831138,3053.882195,3122.661503,5891.956461,9201.966672,6796.490615,5915.288899,11036.53889,6796.490615,6122.768972,8742.466314,6796.490615,6289.296283,6779.926219,6796.490615,1355.768505,1347.404472,0.001001968,0.001005531,0.001008742,0.001011081,3278.72265,3278.72265,3278.72265,7697.647036,7697.647036,7697.647036,7697.647036,7697.647036
2/4/1998,2905.555683,4055.490271,3210.599036,3121.586218,3120.457574,3210.599036,5968.273314,8439.774402,6872.920646,5970.722204,9201.966672,6872.920646,6150.842871,11036.53889,6872.920646,6190.755727,8742.466314,6872.920646,1363.923119,1355.501814,0.001001968,0.001005531,0.001008742,0.001011081,3207.204622,3207.204622,3207.204622,7430.838528,7430.838528,7430.838528,7430.838528,7430.838528
2/5/1998,3621.87347,3888.024468,4112.135599,4056.309119,4055.490271,4112.135599,8806.113297,8127.431868,10366.22108,8891.844521,8439.774402,10366.22108,9131.81913,9201.966672,10366.22108,7999.068792,11036.53889,10366.22108,2126.576351,2112.641934,0.001001968,0.001005531,0.001008742,0.001011081,3280.990483,3280.990483,3280.990483,7502.342955,7502.342955,7502.342955,7502.342955,7502.342955
2/6/1998,3460.804616,3472.375492,3876.164671,3888.521434,3888.024468,3876.164671,10306.38719,7717.394781,12114.15189,10381.88649,8127.431868,12114.15189,10499.05002,8439.774402,12114.15189,11035.91003,9201.966672,12114.15189,1813.505998,1801.868893,0.001001968,0.001005531,0.001008742,0.001011081,3333.384536,3333.384536,3333.384536,8012.372989,8012.372989,8012.372989,8012.372989,8012.372989
2/7/1998,3128.211984,3360.308627,3470.277049,3472.744306,3472.375492,3470.277049,7265.426439,7552.181856,8416.163107,7357.511003,7717.394781,8416.163107,7734.146082,8127.431868,8416.163107,8090.248617,8439.774402,8416.163107,1517.85032,1508.340421,0.001001968,0.001005531,0.001008742,0.001011081,3375.910475,3375.910475,3375.910475,8278.458655,8278.458655,8278.458655,8278.458655,8278.458655
2/8/1998,3036.72396,3273.758701,3363.426367,3360.493043,3360.308627,3363.426367,6824.507107,8522.368334,7892.525612,6909.761336,7552.181856,7892.525612,7211.703823,7717.394781,7892.525612,7546.816277,8127.431868,7892.525612,1458.061398,1448.975993,0.001001968,0.001005531,0.001008742,0.001011081,3405.150067,3405.150067,3405.150067,8429.014184,8429.014184,8429.014184,8429.014184,8429.014184
2/9/1998,2967.752539,3227.166799,3280.160279,3273.476307,3273.758701,3280.160279,6680.871195,10913.46587,7718.695342,6756.605952,8522.368334,7718.695342,7022.898763,7552.181856,7718.695342,7261.64437,7717.394781,7718.695342,1400.96526,1392.28328,0.001001968,0.001005531,0.001008742,0.001011081,3431.780506,3431.780506,3431.780506,8552.851599,8552.851599,8552.851599,8552.851599,8552.851599
2/10/1998,2937.212001,3275.601142,3239.781519,3226.751151,3227.166799,3239.781519,6502.783817,10230.76022,7499.945663,6571.442826,10913.46587,7499.945663,6809.530379,8522.368334,7499.945663,6977.913924,7552.181856,7499.945663,1360.451764,1352.054845,0.001001968,0.001005531,0.001008742,0.001011081,3461.515638,3461.515638,3461.515638,8663.516128,8663.516128,8663.516128,8663.516128,8663.516128
2/11/1998,2941.883158,4263.735052,3238.112652,3224.507694,3275.601142,3238.112652,6486.10225,10556.3446,7471.442614,6552.372984,10230.76022,7471.442614,6752.036694,10913.46587,7471.442614,6881.532191,8522.368334,7471.442614,1331.769309,1323.573585,0.001001968,0.001005531,0.001008742,0.001011081,3480.99479,3480.99479,3480.99479,8763.585449,8763.585449,8763.585449,8763.585449,8763.585449
2/12/1998,4133.00423,5049.646894,4585.097171,4251.436104,4263.735052,4585.097171,9185.771435,10482.68578,10621.74395,9001.746638,10556.3446,10621.74395,8985.616992,10230.76022,10621.74395,7866.867828,10913.46587,10621.74395,1911.565317,1899.21326,0.001001968,0.001005531,0.001008742,0.001011081,3478.055956,3478.055956,3478.055956,8752.860112,8752.860112,8752.860112,8752.860112,8752.860112
2/13/1998,4908.827081,5761.662265,5413.752776,5057.278073,5049.646894,5413.752776,11736.17075,9897.003793,13613.89838,11503.05372,10482.68578,13613.89838,11264.77205,10556.3446,13613.89838,10921.4567,10230.76022,13613.89838,2108.61402,2094.812531,0.001001968,0.001005531,0.001008742,0.001011081,3581.759119,3581.759119,3581.759119,8808.825406,8808.825406,8808.825406,8808.825406,8808.825406
2/14/1998,5060.810396,5006.107844,5700.663408,5764.786134,5761.662265,5700.663408,9987.629424,10804.40352,11695.55972,10252.28485,9897.003793,11695.55972,10641.45431,10482.68578,11695.55972,9799.688723,10556.3446,11695.55972,2681.195229,2663.097586,0.001001968,0.001005531,0.001008742,0.001011081,3871.560072,3871.560072,3871.560072,9055.415848,9055.415848,9055.415848,9055.415848,9055.415848
2/15/1998,4265.654517,4204.402952,4767.005167,5007.598849,5006.107844,4767.005167,9034.541643,11402.33968,10528.96109,9418.678623,10804.40352,10528.96109,10024.05165,9897.003793,10528.96109,10685.62738,10482.68578,10528.96109,2141.978172,2127.929673,0.001001968,0.001005531,0.001008742,0.001011081,4129.375366,4129.375366,4129.375366,9440.172497,9440.172497,9440.172497,9440.172497,9440.172497
2/16/1998,3672.244008,3880.891329,4057.52338,4205.554936,4204.402952,4057.52338,7528.524639,11054.07008,8683.413246,7791.208197,11402.33968,8683.413246,8423.392532,10804.40352,8683.413246,9299.853279,9897.003793,8683.413246,1675.236653,1664.599939,0.001001968,0.001005531,0.001008742,0.001011081,4305.606789,4305.606789,4305.606789,9775.119635,9775.119635,9775.119635,9775.119635,9775.119635
2/17/1998,3437.46964,4455.68341,3796.42192,3880.941903,3880.891329,3796.42192,7245.637575,11504.62671,8354.750254,7433.388263,11054.07008,8354.750254,7930.596492,11402.33968,8354.750254,8480.630301,10804.40352,8354.750254,1573.834218,1563.925022,0.001001968,0.001005531,0.001008742,0.001011081,4429.818113,4429.818113,4429.818113,10014.54143,10014.54143,10014.54143,10014.54143,10014.54143
2/18/1998,4107.51323,5717.369429,4575.321381,4413.695821,4455.68341,4575.321381,9763.56203,12293.06463,11349.98768,9731.316525,11504.62671,11349.98768,9996.959857,11054.07008,11349.98768,9474.319386,11402.33968,11349.98768,2004.423366,1991.390324,0.001001968,0.001005531,0.001008742,0.001011081,4589.681728,4589.681728,4589.681728,10449.07941,10449.07941,10449.07941,10449.07941,10449.07941
2/19/1998,5566.687284,6620.947411,6186.243505,5678.556405,5717.369429,6186.243505,12206.39316,12062.5893,14173.42888,11881.29314,12293.06463,14173.42888,11682.95094,11504.62671,14173.42888,10955.03122,11054.07008,14173.42888,2547.38159,2530.298214,0.001001968,0.001005531,0.001008742,0.001011081,4752.459304,4752.459304,4752.459304,10858.86898,10858.86898,10858.86898,10858.86898,10858.86898
2/20/1998,6193.816136,6885.836002,6907.992764,6609.2181,6620.947411,6907.992764,11838.42711,14339.50713,13740.20102,11775.47882,12062.5893,13740.20102,11840.11418,12293.06463,13740.20102,10982.27295,11504.62671,13740.20102,2916.135361,2896.24335,0.001001968,0.001005531,0.001008742,0.001011081,4983.769975,4983.769975,4983.769975,10899.53863,10899.53863,10899.53863,10899.53863,10899.53863
2/21/1998,5957.81734,5839.069053,6727.035442,6884.07872,6885.836002,6727.035442,11133.55505,18937.55155,13036.85642,11549.04202,14339.50713,13036.85642,12185.34073,12062.5893,13036.85642,11633.79228,12293.06463,13036.85642,3159.954536,3138.183305,0.001001968,0.001005531,0.001008742,0.001011081,5161.413335,5161.413335,5161.413335,11117.46599,11117.46599,11117.46599,11117.46599,11117.46599
2/22/1998,4927.243874,4955.970908,5503.725204,5838.694171,5839.069053,5503.725204,9872.144241,16360.88471,11468.09136,10390.11016,18937.55155,11468.09136,11151.29149,14339.50713,11468.09136,12140.0398,12062.5893,11468.09136,2411.533448,2395.473634,0.001001968,0.001005531,0.001008742,0.001011081,5292.233668,5292.233668,5292.233668,11350.4971,11350.4971,11350.4971,11350.4971,11350.4971
2/23/1998,4315.368059,6775.22273,4772.76024,4933.612597,4955.970908,4772.76024,8482.215457,14709.4358,9757.17123,8793.726008,16360.88471,9757.17123,9592.040821,18937.55155,9757.17123,10529.54289,14339.50713,9757.17123,1939.16153,1926.607486,0.001001968,0.001005531,0.001008742,0.001011081,5410.394561,5410.394561,5410.394561,11550.94457,11550.94457,11550.94457,11550.94457,11550.94457
2/24/1998,6140.213495,8762.188809,6959.932165,6767.795567,6775.22273,6959.932165,13726.62959,13472.73437,16158.09558,13815.01926,14709.4358,16158.09558,14057.33128,16360.88471,16158.09558,12438.86652,18937.55155,16158.09558,3280.570814,3257.863939,0.001001968,0.001005531,0.001008742,0.001011081,5725.384926,5725.384926,5725.384926,12221.52628,12221.52628,12221.52628,12221.52628,12221.52628
2/25/1998,7930.755283,7820.318164,9097.91135,8756.07038,8762.188809,9097.91135,19417.12934,11178.08675,23235.44954,19371.64135,13472.73437,23235.44954,19593.10713,14709.4358,23235.44954,18513.26159,16360.88471,23235.44954,4588.427738,4555.357694,0.001001968,0.001005531,0.001008742,0.001011081,6265.497074,6265.497074,6265.497074,13475.5438,13475.5438,13475.5438,13475.5438,13475.5438
2/26/1998,6778.503962,6223.927767,7725.855327,7805.752813,7820.318164,7725.855327,14352.10423,11739.97877,17016.47628,14714.5658,11178.08675,17016.47628,15645.36251,13472.73437,17016.47628,16231.23363,14709.4358,17016.47628,3802.692481,3775.893512,0.001001968,0.001005531,0.001008742,0.001011081,6689.598832,6689.598832,6689.598832,14254.0138,14254.0138,14254.0138,14254.0138,14254.0138
2/27/1998,5513.304742,6013.8596,6143.064711,6205.74728,6223.927767,6143.064711,10648.2513,13391.74703,12347.32586,10919.91488,11739.97877,12347.32586,11833.25386,11178.08675,12347.32586,13419.47198,13472.73437,12347.32586,2592.742286,2575.315745,0.001001968,0.001005531,0.001008742,0.001011081,6763.309874,6763.309874,6763.309874,14667.55546,14667.55546,14667.55546,14667.55546,14667.55546
2/28/1998,5163.069038,6127.401769,5681.512984,5618.131579,6013.8596,5681.512984,9671.208808,13945.64539,11077.78885,9786.970411,13391.74703,11077.78885,10368.61277,11739.97877,11077.78885,11307.89303,11178.08675,11077.78885,2150.755749,2136.642192,0.001001968,0.001005531,0.001008742,0.001011081,6608.455289,6608.455289,6608.455289,14701.15106,14701.15106,14701.15106,14701.15106,14701.15106
3/1/1998,6512.43745,8212.167302,7055.624793,6216.332585,6127.401769,7055.624793,10710.51247,13652.12547,12015.61382,10109.45278,13945.64539,12015.61382,10257.66069,13391.74703,12015.61382,9841.3427,11739.97877,12015.61382,2072.596122,2059.060787,0.001001968,0.001005531,0.001008742,0.001011081,6580.723198,6580.723198,6580.723198,14517.24028,14517.24028,14517.24028,14517.24028,14517.24028
3/2/1998,7634.686731,8080.708347,8505.215088,8309.958147,8212.167302,8505.215088,12794.83025,12606.07611,14774.05973,12926.33512,13652.12547,14774.05973,12843.95403,13945.64539,14774.05973,11429.81388,13391.74703,14774.05973,3432.683797,3408.791586,0.001001968,0.001005531,0.001008742,0.001011081,6885.072689,6885.072689,6885.072689,14646.05554,14646.05554,14646.05554,14646.05554,14646.05554
3/3/1998,6886.430814,6581.039337,7723.995524,8093.479989,8080.708347,7723.995524,12896.16039,11369.06696,15027.42575,13544.97094,12606.07611,15027.42575,14284.07696,13652.12547,15027.42575,13877.90632,13945.64539,15027.42575,3367.435156,3344.052111,0.001001968,0.001005531,0.001008742,0.001011081,7146.988377,7146.988377,7146.988377,14686.53198,14686.53198,14686.53198,14686.53198,14686.53198
3/4/1998,5629.628268,5764.182133,6217.792349,6594.104499,6581.039337,6217.792349,10806.52922,10596.05861,12425.37793,11378.51337,11369.06696,12425.37793,12358.20189,12606.07611,12425.37793,13660.33858,13652.12547,12425.37793,2404.331953,2388.32622,0.001001968,0.001005531,0.001008742,0.001011081,7005.988482,7005.988482,7005.988482,13981.60216,13981.60216,13981.60216,13981.60216,13981.60216
3/5/1998,5104.733755,5495.029418,5610.418145,5773.733666,5764.182133,5610.418145,9471.811898,12069.84346,10829.04532,9809.589828,10596.05861,10829.04532,10698.51051,11369.06696,10829.04532,11791.75434,12606.07611,10829.04532,2088.712292,2075.057932,0.001001968,0.001005531,0.001008742,0.001011081,6761.508026,6761.508026,6761.508026,13339.0252,13339.0252,13339.0252,13339.0252,13339.0252
3/6/1998,4851.351174,5191.551266,5352.351843,5497.852581,5495.029418,5352.351843,9218.292941,11253.75325,10588.34078,9529.721706,12069.84346,10588.34078,10184.2148,10596.05861,10588.34078,10905.8477,11369.06696,10588.34078,2084.595578,2070.971632,0.001001968,0.001005531,0.001008742,0.001011081,6641.109201,6641.109201,6641.109201,12812.20313,12812.20313,12812.20313,12812.20313,12812.20313
3/7/1998,4580.15474,5788.171778,5061.305952,5188.480202,5191.551266,5061.305952,8677.470495,18936.26107,9977.647047,8964.432869,11253.75325,9977.647047,9580.847501,12069.84346,9977.647047,10088.21185,10596.05861,9977.647047,2015.359936,2002.246445,0.001001968,0.001005531,0.001008742,0.001011081,6590.553266,6590.553266,6590.553266,12460.58759,12460.58759,12460.58759,12460.58759,12460.58759
3/8/1998,4420.195004,8200.185849,4903.648694,5009.948178,5788.171778,4903.648694,8377.197827,22842.76785,9654.191343,8645.428384,18936.26107,9654.191343,9230.59586,11253.75325,9654.191343,9551.710419,12069.84346,9654.191343,2032.707617,2019.466414,0.001001968,0.001005531,0.001008742,0.001011081,6486.247814,6486.247814,6486.247814,12269.3347,12269.3347,12269.3347,12269.3347,12269.3347
3/9/1998,5895.358682,10068.48221,6580.788989,6427.728463,8200.185849,6580.788989,12348.99277,20459.74344,14251.94263,12472.80228,22842.76785,14251.94263,12789.66859,18936.26107,14251.94263,11026.06048,11253.75325,14251.94263,2498.201265,2481.489174,0.001001968,0.001005531,0.001008742,0.001011081,6309.957542,6309.957542,6309.957542,12360.83825,12360.83825,12360.83825,12360.83825,12360.83825
3/10/1998,11155.68945,11698.65366,12483.29734,11214.50477,10068.48221,12483.29734,18631.30715,17071.71673,21292.94016,18102.39018,20459.74344,21292.94016,17499.1312,22842.76785,21292.94016,12475.66508,18936.26107,21292.94016,3968.074201,3939.965909,0.001001968,0.001005531,0.001008742,0.001011081,6532.477277,6532.477277,6532.477277,12631.78573,12631.78573,12631.78573,12631.78573,12631.78573
3/11/1998,11729.69103,11930.14324,13270.59496,12441.76124,11698.65366,13270.59496,22454.05537,14843.78647,26397.11429,22177.4,17071.71673,26397.11429,22557.77456,20459.74344,26397.11429,22040.52618,22842.76785,26397.11429,5544.39205,5503.538906,0.001001968,0.001005531,0.001008742,0.001011081,7181.3073,7181.3073,7181.3073,13711.81554,13711.81554,13711.81554,13711.81554,13711.81554
3/12/1998,9999.401979,8307.444635,11579.63648,12004.17117,11930.14324,11579.63648,18918.48537,12928.64952,22698.2635,19854.05001,14843.78647,22698.2635,21383.67415,17071.71673,22698.2635,21786.36182,20459.74344,22698.2635,6062.362545,6017.231922,0.001001968,0.001005531,0.001008742,0.001011081,8029.652176,8029.652176,8029.652176,14971.43225,14971.43225,14971.43225,14971.43225,14971.43225
3/13/1998,6615.493406,5865.430479,7443.264002,8351.687934,8307.444635,7443.264002,12955.93366,11053.57527,15151.68103,14133.9943,12928.64952,15151.68103,15562.72495,14843.78647,15151.68103,19177.54825,17071.71673,15151.68103,3280.704189,3257.996278,0.001001968,0.001005531,0.001008742,0.001011081,8511.586281,8511.586281,8511.586281,16086.17805,16086.17805,16086.17805,16086.17805,16086.17805
3/14/1998,5080.221683,5584.080776,5572.090817,5897.478,5865.430479,5572.090817,8728.561778,10339.32412,9910.872557,9247.548356,11053.57527,9910.872557,10740.10489,12928.64952,9910.872557,13098.55046,14843.78647,9910.872557,1978.613666,1965.770277,0.001001968,0.001005531,0.001008742,0.001011081,8736.322088,8736.322088,8736.322088,16805.1021,16805.1021,16805.1021,16805.1021,16805.1021
3/15/1998,4910.35155,5198.748423,5447.956277,5607.91128,5584.080776,5447.956277,9465.625674,13261.63264,10915.36573,9808.144583,10339.32412,10915.36573,10695.10503,11053.57527,10915.36573,11832.43211,12928.64952,10915.36573,2192.970508,2178.543635,0.001001968,0.001005531,0.001008742,0.001011081,8860.782264,8860.782264,8860.782264,17179.6547,17179.6547,17179.6547,17179.6547,17179.6547
3/16/1998,4586.27506,4850.044479,5097.913718,5216.837953,5198.748423,5097.913718,9353.423673,13289.03503,10825.91748,9633.373716,13261.63264,10825.91748,10300.2677,10339.32412,10825.91748,11089.39068,11053.57527,10825.91748,2109.323757,2095.517018,0.001001968,0.001005531,0.001008742,0.001011081,8752.084908,8752.084908,8752.084908,16887.37208,16887.37208,16887.37208,16887.37208,16887.37208
3/17/1998,4298.619711,4803.625751,4778.851732,4863.299881,4850.044479,4778.851732,8307.047562,12231.44094,9591.777877,8552.391367,13289.03503,9591.777877,9150.884337,13261.63264,9591.777877,9720.315448,10339.32412,9591.777877,1998.900999,1985.90856,0.001001968,0.001005531,0.001008742,0.001011081,8093.368997,8093.368997,8093.368997,16027.56527,16027.56527,16027.56527,16027.56527,16027.56527
3/18/1998,4225.22875,5666.47364,4721.771183,4787.232755,4803.625751,4721.771183,8225.698316,14169.89468,9532.02152,8458.801627,12231.44094,9532.02152,8991.606945,13289.03503,9532.02152,9230.22226,13261.63264,9532.02152,2073.321569,2059.780878,0.001001968,0.001005531,0.001008742,0.001011081,7132.18854,7132.18854,7132.18854,14286.7759,14286.7759,14286.7759,14286.7759,14286.7759
3/19/1998,4953.398655,5565.042505,5646.75245,5629.785267,5666.47364,5646.75245,12081.94626,13589.78371,14270.82473,12255.95916,14169.89468,14270.82473,12702.95934,12231.44094,14270.82473,12022.04554,13289.03503,14270.82473,2825.225757,2806.030059,0.001001968,0.001005531,0.001008742,0.001011081,6183.782135,6183.782135,6183.782135,13073.76742,13073.76742,13073.76742,13073.76742,13073.76742
3/20/1998,4792.146546,5341.841529,5405.250713,5390.60681,5565.042505,5405.250713,11970.93573,12866.40016,14048.91076,12119.63611,13589.78371,14048.91076,12503.45825,14169.89468,14048.91076,12862.1134,12231.44094,14048.91076,2497.233642,2480.528848,0.001001968,0.001005531,0.001008742,0.001011081,5642.015661,5642.015661,5642.015661,12276.06305,12276.06305,12276.06305,12276.06305,12276.06305
3/21/1998,5287.968171,6589.684885,5834.966129,5395.684987,5341.841529,5834.966129,11291.6308,12271.69102,12957.20523,11050.97767,12866.40016,12957.20523,11270.84351,13589.78371,12957.20523,11102.27814,14169.89468,12957.20523,2140.307442,2126.271322,0.001001968,0.001005531,0.001008742,0.001011081,5387.324389,5387.324389,5387.324389,11915.58447,11915.58447,11915.58447,11915.58447,11915.58447
3/22/1998,6168.702961,6817.307956,6911.05369,6648.288532,6589.684885,6911.05369,13771.39756,11005.18981,16066.64198,13727.31123,12271.69102,16066.64198,13797.94302,12866.40016,16066.64198,13175.89392,13589.78371,16066.64198,2963.81098,2943.552834,0.001001968,0.001005531,0.001008742,0.001011081,5400.315561,5400.315561,5400.315561,12225.37532,12225.37532,12225.37532,12225.37532,12225.37532
3/23/1998,5830.180476,5554.992048,6622.800667,6834.638237,6817.307956,6622.800667,12341.45486,9091.32608,14531.2442,12795.10757,11005.18981,14531.2442,13426.1694,12271.69102,14531.2442,13185.56029,12866.40016,14531.2442,3213.089295,3190.906362,0.001001968,0.001005531,0.001008742,0.001011081,5590.599642,5590.599642,5590.599642,12621.97041,12621.97041,12621.97041,12621.97041,12621.97041
3/24/1998,4787.369413,4990.855416,5366.148095,5567.335156,5554.992048,5366.148095,10007.80193,8208.848652,11642.06266,10390.31536,9091.32608,11642.06266,11268.18764,11005.18981,11642.06266,12367.13156,12271.69102,11642.06266,2394.746578,2378.812802,0.001001968,0.001005531,0.001008742,0.001011081,5720.020231,5720.020231,5720.020231,13020.66592,13020.66592,13020.66592,13020.66592,13020.66592
3/25/1998,4467.926931,4684.626716,4978.808165,4998.858935,4990.855416,4978.808165,8817.819466,9076.832723,10192.09276,9007.5803,8208.848652,10192.09276,9709.657461,9091.32608,10192.09276,10606.3901,11005.18981,10192.09276,2135.417801,2121.417907,0.001001968,0.001005531,0.001008742,0.001011081,5773.048111,5773.048111,5773.048111,13285.46268,13285.46268,13285.46268,13285.46268,13285.46268
3/26/1998,4377.468087,4731.171496,4818.782992,4648.451785,4684.626716,4818.782992,8484.72019,10403.20802,9712.447366,8461.093553,9076.832723,9712.447366,8868.827784,8208.848652,9712.447366,9571.94934,9091.32608,9712.447366,1857.616531,1845.65836,0.001001968,0.001005531,0.001008742,0.001011081,5652.243153,5652.243153,5652.243153,12861.87044,12861.87044,12861.87044,12861.87044,12861.87044
3/27/1998,4553.854768,5834.343815,4923.547193,4518.505827,4731.171496,4923.547193,7805.007285,10928.7147,8749.074754,7541.310675,10403.20802,8749.074754,7694.620636,9076.832723,8749.074754,8044.119876,8208.848652,8749.074754,1550.757327,1541.012933,0.001001968,0.001005531,0.001008742,0.001011081,5514.590609,5514.590609,5514.590609,12181.53473,12181.53473,12181.53473,12181.53473,12181.53473
3/28/1998,5362.200533,6675.64597,5882.010711,5614.826725,5834.343815,5882.010711,8351.230523,11226.21918,9453.533763,8297.893482,10928.7147,9453.533763,8411.269661,10403.20802,9453.533763,7533.993303,9076.832723,9453.533763,2109.260505,2095.454234,0.001001968,0.001005531,0.001008742,0.001011081,5525.021249,5525.021249,5525.021249,11564.63968,11564.63968,11564.63968,11564.63968,11564.63968
3/29/1998,5918.492291,6434.937519,6618.885877,6653.507558,6675.64597,6618.885877,9748.681689,12510.63236,11279.35042,10055.04629,11226.21918,11279.35042,10468.27584,10928.7147,11279.35042,9416.570869,10403.20802,11279.35042,2765.872488,2747.130062,0.001001968,0.001005531,0.001008742,0.001011081,5570.973952,5570.973952,5570.973952,10868.84261,10868.84261,10868.84261,10868.84261,10868.84261
3/30/1998,5503.592744,5717.35141,6158.244092,6348.463291,6434.937519,6158.244092,9578.85282,12811.99263,11108.73995,10012.98962,12510.63236,11108.73995,10685.18753,11226.21918,11108.73995,10874.80899,10928.7147,11108.73995,2592.837932,2575.410666,0.001001968,0.001005531,0.001008742,0.001011081,5523.743322,5523.743322,5523.743322,10452.48044,10452.48044,10452.48044,10452.48044,10452.48044
3/31/1998,5055.395394,5680.666844,5634.002153,5803.896748,5717.35141,5634.002153,8566.486398,11734.4865,9885.054238,8963.575063,12811.99263,9885.054238,9723.168279,12510.63236,9885.054238,10280.1,11226.21918,9885.054238,2271.541288,2256.529436,0.001001968,0.001005531,0.001008742,0.001011081,5540.555962,5540.555962,5540.555962,10160.96288,10160.96288,10160.96288,10160.96288,10160.96288
4/1/1998,4681.524558,5984.909971,5230.163806,5366.776501,5680.666844,5230.163806,8561.634117,10364.76629,9908.151446,8899.198919,11734.4865,9908.151446,9604.32575,12811.99263,9908.151446,10123.85923,12510.63236,9908.151446,2201.330706,2186.841702,0.001001968,0.001005531,0.001008742,0.001011081,5590.561149,5590.561149,5590.561149,10035.95172,10035.95172,10035.95172,10035.95172,10035.95172
4/2/1998,5757.055194,6265.189021,6470.824114,6287.440473,5984.909971,6470.824114,11434.29231,9350.629185,13325.18779,11515.24117,10364.76629,13325.18779,11950.11876,11734.4865,13325.18779,11197.95945,12811.99263,13325.18779,2710.815893,2692.492956,0.001001968,0.001005531,0.001008742,0.001011081,5801.924471,5801.924471,5801.924471,10360.40802,10360.40802,10360.40802,10360.40802,10360.40802
4/3/1998,5893.707165,5619.517599,6658.610373,6448.595598,6265.189021,6658.610373,11839.77233,8583.621825,13910.459,11871.71945,9350.629185,13910.459,12343.03448,10364.76629,13910.459,12626.19161,11734.4865,13910.459,3055.373266,3034.410125,0.001001968,0.001005531,0.001008742,0.001011081,6081.118115,6081.118115,6081.118115,10921.45814,10921.45814,10921.45814,10921.45814,10921.45814
4/4/1998,4757.123601,4430.487175,5378.667142,5643.712976,5619.517599,5378.667142,8942.151519,7883.451003,10471.9859,9412.55942,8583.621825,10471.9859,10076.25274,9350.629185,10471.9859,10834.75321,10364.76629,10471.9859,2589.630977,2572.227996,0.001001968,0.001005531,0.001008742,0.001011081,6153.143513,6153.143513,6153.143513,11288.63238,11288.63238,11288.63238,11288.63238,11288.63238
4/5/1998,3773.503845,3876.403616,4192.566175,4443.456085,4430.487175,4192.566175,6973.777884,7918.744256,8026.787051,7369.450553,7883.451003,8026.787051,8078.292624,8583.621825,8026.787051,9209.727368,9350.629185,8026.787051,1788.141817,1776.688917,0.001001968,0.001005531,0.001008742,0.001011081,5913.318684,5913.318684,5913.318684,11286.64022,11286.64022,11286.64022,11286.64022,11286.64022
4/6/1998,3401.237239,3685.900254,3761.599648,3884.481677,3876.403616,3761.599648,6272.495123,11804.68879,7186.018247,6521.146887,7918.744256,7186.018247,7123.077048,7883.451003,7186.018247,7858.633368,8583.621825,7186.018247,1555.913221,1546.132032,0.001001968,0.001005531,0.001008742,0.001011081,5584.223219,5584.223219,5584.223219,10956.60059,10956.60059,10956.60059,10956.60059,10956.60059
4/7/1998,3257.172493,3526.085191,3613.080707,3691.156574,3685.900254,3613.080707,6326.643466,14213.0461,7280.469375,6521.297581,11804.68879,7280.469375,6977.192794,7918.744256,7280.469375,7426.877402,7883.451003,7280.469375,1546.830467,1537.114087,0.001001968,0.001005531,0.001008742,0.001011081,5263.6223,5263.6223,5263.6223,10515.73433,10515.73433,10515.73433,10515.73433,10515.73433
4/8/1998,3108.61753,3783.069542,3452.217906,3515.291408,3526.085191,3452.217906,6114.637227,11703.74017,7046.077877,6288.190832,14213.0461,7046.077877,6683.95621,11804.68879,7046.077877,7024.668995,7918.744256,7046.077877,1502.932784,1493.528988,0.001001968,0.001005531,0.001008742,0.001011081,4977.268893,4977.268893,4977.268893,10025.43874,10025.43874,10025.43874,10025.43874,10025.43874
4/9/1998,3241.251193,6856.12799,3630.726554,3658.651945,3783.069542,3630.726554,6682.0373,11517.40397,7750.3643,6833.343688,11703.74017,7750.3643,7199.816526,14213.0461,7750.3643,7093.948433,11804.68879,7750.3643,1692.374951,1681.614751,0.001001968,0.001005531,0.001008742,0.001011081,4623.242049,4623.242049,4623.242049,9343.818534,9343.818534,9343.818534,9343.818534,9343.818534
4/10/1998,6904.211268,7916.56754,7878.114307,6910.1998,6856.12799,7878.114307,14542.35337,10718.52086,17199.36919,13900.09367,11517.40397,17199.36919,13696.95209,11703.74017,17199.36919,10820.24384,14213.0461,17199.36919,3811.902583,3785.030856,0.001001968,0.001005531,0.001008742,0.001011081,4565.216269,4565.216269,4565.216269,9304.035015,9304.035015,9304.035015,9304.035015,9304.035015
4/11/1998,7275.782372,6247.832109,8297.925403,7980.768059,7916.56754,8297.925403,16388.80027,9360.939627,19449.12892,16349.56843,10718.52086,19449.12892,16272.34551,11517.40397,19449.12892,15569.1851,11703.74017,19449.12892,4074.511545,4045.557472,0.001001968,0.001005531,0.001008742,0.001011081,4754.906131,4754.906131,4754.906131,9973.590971,9973.590971,9973.590971,9973.590971,9973.590971
4/12/1998,4951.543477,4065.872117,5654.881605,6250.61753,6247.832109,5654.881605,9210.322021,8248.1391,10824.20444,10046.18056,9360.939627,10824.20444,11193.35972,10718.52086,10824.20444,11838.66812,11517.40397,10824.20444,2950.897226,2930.738319,0.001001968,0.001005531,0.001008742,0.001011081,5035.367745,5035.367745,5035.367745,10451.43478,10451.43478,10451.43478,10451.43478,10451.43478
4/13/1998,3324.102995,3439.374444,3674.977334,4065.916922,4065.872117,3674.977334,6710.466712,7501.939392,7668.119264,7217.989523,8248.1391,7668.119264,8264.166202,9360.939627,7668.119264,10471.38128,10718.52086,7668.119264,1540.289089,1530.619356,0.001001968,0.001005531,0.001008742,0.001011081,5125.824678,5125.824678,5125.824678,10840.37803,10840.37803,10840.37803,10840.37803,10840.37803
4/14/1998,2992.198275,3461.816353,3299.861592,3437.879169,3439.374444,3299.861592,6079.5792,7201.172464,6935.790471,6318.807841,7501.939392,6935.790471,7014.992737,8248.1391,6935.790471,8137.622269,9360.939627,6935.790471,1365.538373,1357.105719,0.001001968,0.001005531,0.001008742,0.001011081,5129.079458,5129.079458,5129.079458,11032.30259,11032.30259,11032.30259,11032.30259,11032.30259
4/15/1998,3029.477007,3444.650766,3377.476811,3453.776385,3461.816353,3377.476811,6773.901876,7400.847107,7819.840989,6953.857124,7201.172464,7819.840989,7385.742881,7501.939392,7819.840989,7732.255962,8248.1391,7819.840989,1539.552046,1529.887568,0.001001968,0.001005531,0.001008742,0.001011081,5125.127625,5125.127625,5125.127625,11134.711,11134.711,11134.711,11134.711,11134.711
4/16/1998,3042.162403,3234.912381,3407.144038,3447.087405,3444.650766,3407.144038,6651.94646,6971.68347,7704.472783,6801.253042,7400.847107,7704.472783,7173.903557,7201.172464,7704.472783,7420.894158,7501.939392,7704.472783,1611.095897,1600.919993,0.001001968,0.001005531,0.001008742,0.001011081,5098.75779,5098.75779,5098.75779,11123.27838,11123.27838,11123.27838,11123.27838,11123.27838
4/17/1998,2815.031729,3166.571446,3152.951367,3230.981031,3234.912381,3152.951367,5970.825562,8868.710179,6903.017843,6154.511834,6971.68347,6903.017843,6533.0773,7400.847107,6903.017843,6843.229213,7201.172464,6903.017843,1506.01222,1496.586532,0.001001968,0.001005531,0.001008742,0.001011081,4729.277037,4729.277037,4729.277037,10369.82688,10369.82688,10369.82688,10369.82688,10369.82688
4/18/1998,2809.53621,3520.403099,3150.062077,3168.977572,3166.571446,3150.062077,5865.792187,11240.31777,6782.338656,5993.999789,8868.710179,6782.338656,6347.484886,6971.68347,6782.338656,6502.765762,7400.847107,6782.338656,1516.999899,1507.496053,0.001001968,0.001005531,0.001008742,0.001011081,4175.94692,4175.94692,4175.94692,9096.831716,9096.831716,9096.831716,9096.831716,9096.831716
4/19/1998,2933.53414,4518.577666,3332.500427,3409.374007,3520.403099,3332.500427,6516.797632,11910.72638,7595.111596,6721.342734,11240.31777,7595.111596,7056.002006,8868.710179,7595.111596,6773.881731,6971.68347,7595.111596,1762.294053,1751.028556,0.001001968,0.001005531,0.001008742,0.001011081,3695.365973,3695.365973,3695.365973,8253.074125,8253.074125,8253.074125,8253.074125,8253.074125
4/20/1998,4700.532136,5869.321906,5176.797649,4552.995569,4518.577666,5176.797649,9450.180315,10418.06911,10641.46923,9054.882778,11910.72638,10641.46923,8538.426482,11240.31777,10641.46923,6885.314975,8868.710179,10641.46923,1866.9139,1854.887941,0.001001968,0.001005531,0.001008742,0.001011081,3526.083628,3526.083628,3526.083628,7827.354089,7827.354089,7827.354089,7827.354089,7827.354089
4/21/1998,6204.55003,7718.715365,6859.47174,5937.900864,5869.321906,6859.47174,11398.33923,8961.980387,13031.60202,10712.32007,10418.06911,13031.60202,10628.66273,11910.72638,13031.60202,9844.519876,11240.31777,13031.60202,2664.765709,2646.79291,0.001001968,0.001005531,0.001008742,0.001011081,3730.931936,3730.931936,3730.931936,8040.816984,8040.816984,8040.816984,8040.816984,8040.816984
4/22/1998,6239.935156,4715.227851,7334.119905,7720.832587,7718.715365,7334.119905,11338.65693,8073.88317,13681.26355,12090.60458,8961.980387,13681.26355,13042.75221,10418.06911,13681.26355,11221.97142,11910.72638,13681.26355,4479.886318,4447.689862,0.001001968,0.001005531,0.001008742,0.001011081,4311.051032,4311.051032,4311.051032,8575.394928,8575.394928,8575.394928,8575.394928,8575.394928
4/23/1998,3504.084326,2891.93627,3971.720545,4714.196103,4715.227851,3971.720545,8475.381107,8916.084701,9915.52165,9340.677578,8073.88317,9915.52165,10259.29004,8961.980387,9915.52165,13015.93667,10418.06911,9915.52165,2046.45049,2033.108023,0.001001968,0.001005531,0.001008742,0.001011081,4559.4433,4559.4433,4559.4433,9184.851359,9184.851359,9184.851359,9184.851359,9184.851359
4/24/1998,2451.448421,2842.015968,2674.97271,2891.035976,2891.93627,2674.97271,4517.85439,8950.267472,5057.249717,4821.7409,8916.084701,5057.249717,5810.679295,8073.88317,5057.249717,7555.552179,8961.980387,5057.249717,1024.385505,1018.310297,0.001001968,0.001005531,0.001008742,0.001011081,4609.322547,4609.322547,4609.322547,9523.49099,9523.49099,9523.49099,9523.49099,9523.49099
4/25/1998,2472.317217,2773.823531,2740.167187,2841.224869,2842.015968,2740.167187,5434.656442,7287.630077,6218.872968,5618.249516,8950.267472,6218.872968,6077.273467,8916.084701,6218.872968,6827.805701,8073.88317,6218.872968,1221.550196,1214.122612,0.001001968,0.001005531,0.001008742,0.001011081,4586.875326,4586.875326,4586.875326,9585.052728,9585.052728,9585.052728,9585.052728,9585.052728
4/26/1998,2421.575313,3201.848121,2696.734489,2747.888881,2773.823531,2696.734489,6109.049631,6634.3492,7039.653391,6231.037971,7287.630077,7039.653391,6562.578904,8950.267472,7039.653391,6812.182801,8916.084701,7039.653391,1256.816319,1249.143844,0.001001968,0.001005531,0.001008742,0.001011081,4510.334242,4510.334242,4510.334242,9528.629853,9528.629853,9528.629853,9528.629853,9528.629853
4/27/1998,2885.211379,3434.093146,3252.19773,3207.170853,3201.848121,3252.19773,8155.084809,6244.007578,9496.853508,8199.508506,6634.3492,9496.853508,8411.646212,7287.630077,9496.853508,7928.340714,8950.267472,9496.853508,1628.89019,1618.586659,0.001001968,0.001005531,0.001008742,0.001011081,4439.519899,4439.519899,4439.519899,9586.854592,9586.854592,9586.854592,9586.854592,9586.854592
4/28/1998,3030.13961,2763.25721,3428.100932,3450.019424,3434.093146,3428.100932,8151.631033,6289.278185,9540.538257,8263.613479,6244.007578,9540.538257,8426.639742,6634.3492,9540.538257,8670.206771,7287.630077,9540.538257,1756.850595,1745.624522,0.001001968,0.001005531,0.001008742,0.001011081,4154.704753,4154.704753,4154.704753,9350.144808,9350.144808,9350.144808,9350.144808,9350.144808
4/29/1998,2401.026765,2477.945631,2695.62896,2763.386223,2763.25721,2695.62896,5520.848275,6905.341932,6380.268306,5674.85491,6289.278185,6380.268306,6166.158102,6244.007578,6380.268306,6663.338582,6634.3492,6380.268306,1346.651093,1338.351045,0.001001968,0.001005531,0.001008742,0.001011081,3489.607868,3489.607868,3489.607868,8695.237072,8695.237072,8695.237072,8695.237072,8695.237072
4/30/1998,2145.08014,2347.817942,2401.78543,2477.332548,2477.945631,2401.78543,4798.870738,6919.271681,5523.872345,4953.218702,6905.341932,5523.872345,5287.352639,6289.278185,5523.872345,5820.193098,6244.007578,5523.872345,1189.458326,1182.252837,0.001001968,0.001005531,0.001008742,0.001011081,3108.553547,3108.553547,3108.553547,7902.64632,7902.64632,7902.64632,7902.64632,7902.64632
5/1/1998,2017.706652,2774.262523,2254.719831,2297.852054,2347.817942,2254.719831,4695.800353,7056.849024,5399.822232,4808.780735,6919.271681,5399.822232,5091.412127,6905.341932,5399.822232,5376.416175,6289.278185,5399.822232,1106.323998,1099.690367,0.001001968,0.001005531,0.001008742,0.001011081,2923.765976,2923.765976,2923.765976,7364.144367,7364.144367,7364.144367,7364.144367,7364.144367
5/2/1998,2258.190393,2955.919054,2560.256826,2640.643762,2774.262523,2560.256826,5494.537923,6976.24164,6387.086598,5668.199978,7056.849024,6387.086598,5881.211052,6919.271681,6387.086598,5609.72129,6905.341932,6387.086598,1366.278881,1357.841023,0.001001968,0.001005531,0.001008742,0.001011081,2855.212045,2855.212045,2855.212045,7185.316248,7185.316248,7185.316248,7185.316248,7185.316248
5/3/1998,2858.532273,3457.519712,3203.101245,2976.799258,2955.919054,3203.101245,6773.361922,8686.308798,7848.718314,6649.677709,6976.24164,7848.718314,6816.924127,7056.849024,7848.718314,6623.128379,6919.271681,7848.718314,1484.57094,1475.297574,0.001001968,0.001005531,0.001008742,0.001011081,2858.01865,2858.01865,2858.01865,7206.25338,7206.25338,7206.25338,7206.25338,7206.25338
5/4/1998,3222.863966,3526.216785,3659.52962,3488.359658,3457.519712,3659.52962,6738.897635,9869.826961,7881.622384,6708.264393,8686.308798,7881.622384,6926.470051,6976.24164,7881.622384,6614.083364,7056.849024,7881.622384,1883.1133,1870.969138,0.001001968,0.001005531,0.001008742,0.001011081,2887.658197,2887.658197,2887.658197,6967.211386,6967.211386,6967.211386,6967.211386,6967.211386
5/5/1998,3039.167671,3453.606493,3451.945247,3455.925368,3526.216785,3451.945247,6416.374645,11532.39503,7504.078719,6550.421807,9869.826961,7504.078719,6802.198973,8686.308798,7504.078719,6903.522795,6976.24164,7504.078719,1801.782011,1790.230088,0.001001968,0.001005531,0.001008742,0.001011081,2893.922583,2893.922583,2893.922583,6706.679906,6706.679906,6706.679906,6706.679906,6706.679906
5/6/1998,3008.880973,3122.794964,3408.501731,3445.128499,3453.606493,3408.501731,6032.893544,10964.90628,7025.134893,6207.827738,11532.39503,7025.134893,6528.575168,9869.826961,7025.134893,6523.905708,8686.308798,7025.134893,1718.336337,1707.388799,0.001001968,0.001005531,0.001008742,0.001011081,2954.336752,2954.336752,2954.336752,6711.288471,6711.288471,6711.288471,6711.288471,6711.288471
5/7/1998,2786.17037,2947.971762,3141.976149,3185.648666,3122.794964,3141.976149,7309.476406,12461.83428,8529.241573,7441.351273,10964.90628,8529.241573,7783.843798,11532.39503,8529.241573,8065.292139,9869.826961,8529.241573,1547.308897,1537.589104,0.001001968,0.001005531,0.001008742,0.001011081,3050.88698,3050.88698,3050.88698,7075.139776,7075.139776,7075.139776,7075.139776,7075.139776
5/8/1998,2483.107754,4195.333785,2796.553975,2853.631825,2947.971762,2796.553975,7823.284244,19116.2742,9160.413159,7927.322363,12461.83428,9160.413159,8237.264538,10964.90628,9160.413159,8667.552123,11532.39503,9160.413159,1401.913046,1393.224386,0.001001968,0.001005531,0.001008742,0.001011081,3134.018468,3134.018468,3134.018468,7638.192318,7638.192318,7638.192318,7638.192318,7638.192318
5/9/1998,2788.334034,6904.907641,3175.724716,3226.081687,4195.333785,3175.724716,9943.783907,22979.81133,11730.36814,10044.51111,19116.2742,11730.36814,10257.51547,12461.83428,11730.36814,9939.38595,10964.90628,11730.36814,1674.35619,1663.725816,0.001001968,0.001005531,0.001008742,0.001011081,3221.644726,3221.644726,3221.644726,8406.495332,8406.495332,8406.495332,8406.495332,8406.495332
5/10/1998,5745.464042,8123.511394,6587.530488,6270.543071,6904.907641,6587.530488,13424.91489,19743.25593,15783.19768,13436.47024,22979.81133,15783.19768,13227.60672,19116.2742,15783.19768,10467.35338,12461.83428,15783.19768,2967.470998,2947.184716,0.001001968,0.001005531,0.001008742,0.001011081,3594.576595,3594.576595,3594.576595,9206.956721,9206.956721,9206.956721,9206.956721,9206.956721
5/11/1998,9168.018964,11602.11795,10267.42523,8616.699975,8123.511394,10267.42523,18223.37871,16934.49749,21071.95534,17048.4405,19743.25593,21071.95534,16771.62919,22979.81133,21071.95534,14161.02609,19116.2742,21071.95534,3656.244602,3630.599955,0.001001968,0.001005531,0.001008742,0.001011081,4202.869051,4202.869051,4202.869051,10501.7066,10501.7066,10501.7066,10501.7066,10501.7066
5/12/1998,11576.47805,11617.37669,13291.89776,12114.99765,11602.11795,13291.89776,23047.32749,14454.40893,27405.72783,22454.22907,16934.49749,27405.72783,22459.26857,19743.25593,27405.72783,19630.97439,22979.81133,27405.72783,6287.958293,6240.952697,0.001001968,0.001005531,0.001008742,0.001011081,5258.740374,5258.740374,5258.740374,12585.1989,12585.1989,12585.1989,12585.1989,12585.1989
5/13/1998,9513.404875,7243.671502,11098.88443,11764.17987,11617.37669,11098.88443,21240.60183,11855.36526,25625.26144,22349.95467,14454.40893,25625.26144,23239.1849,16934.49749,25625.26144,23572.46141,19743.25593,25625.26144,6098.864182,6053.430664,0.001001968,0.001005531,0.001008742,0.001011081,6395.288455,6395.288455,6395.288455,14953.70843,14953.70843,14953.70843,14953.70843,14953.70843
5/14/1998,5574.330443,4702.289936,6314.766083,7289.812114,7243.671502,6314.766083,12078.94221,9651.185167,14167.83315,13276.39817,11855.36526,14167.83315,15061.04774,14454.40893,14167.83315,18540.44168,16934.49749,14167.83315,3004.9153,2984.34096,0.001001968,0.001005531,0.001008742,0.001011081,7141.321895,7141.321895,7141.321895,16528.39497,16528.39497,16528.39497,16528.39497,16528.39497
5/15/1998,3847.419495,4043.904684,4243.906955,4731.831615,4702.289936,4243.906955,7971.519461,8442.947033,9111.436495,8592.088764,9651.185167,9111.436495,10040.24294,11855.36526,9111.436495,12990.81421,14454.40893,9111.436495,1655.252898,1644.759982,0.001001968,0.001005531,0.001008742,0.001011081,7557.063397,7557.063397,7557.063397,17316.52178,17316.52178,17316.52178,17316.52178,17316.52178
5/16/1998,3488.901289,3770.89556,3866.827781,4063.404315,4043.904684,3866.827781,8171.465139,7745.087283,9424.31021,8471.844601,8442.947033,9424.31021,9315.053339,9651.185167,9424.31021,10815.36812,11855.36526,9424.31021,1601.752507,1591.643549,0.001001968,0.001005531,0.001008742,0.001011081,7760.555674,7760.555674,7760.555674,17331.22316,17331.22316,17331.22316,17331.22316,17331.22316
5/17/1998,3275.39246,3467.591616,3652.6161,3786.563519,3770.89556,3652.6161,8065.347017,7206.93237,9360.181357,8293.733992,7745.087283,9360.181357,8819.033131,8442.947033,9360.181357,9640.981176,9651.185167,9360.181357,1615.745339,1605.536104,0.001001968,0.001005531,0.001008742,0.001011081,7553.437693,7553.437693,7553.437693,16915.4868,16915.4868,16915.4868,16915.4868,16915.4868
5/18/1998,3055.686563,3323.948806,3406.985448,3478.908291,3467.591616,3406.985448,7095.462894,6815.459059,8215.292898,7264.046986,7206.93237,8215.292898,7709.204695,7745.087283,8215.292898,8271.381522,8442.947033,8215.292898,1520.527972,1510.999016,0.001001968,0.001005531,0.001008742,0.001011081,6990.543163,6990.543163,6990.543163,15825.16429,15825.16429,15825.16429,15825.16429,15825.16429
5/19/1998,2929.662889,3130.65012,3275.748601,3330.936405,3323.948806,3275.748601,6488.231855,6472.710613,7515.900379,6645.011521,6815.459059,7515.900379,7026.851674,7206.93237,7515.900379,7391.946416,7745.087283,7515.900379,1509.229462,1499.780896,0.001001968,0.001005531,0.001008742,0.001011081,5946.379145,5946.379145,5946.379145,13837.77594,13837.77594,13837.77594,13837.77594,13837.77594
5/20/1998,2743.315263,2927.38978,3066.746417,3136.23295,3130.65012,3066.746417,6070.717006,6138.189221,7028.166693,6235.376066,6472.710613,7028.166693,6575.34537,6815.459059,7028.166693,6921.378298,7206.93237,7028.166693,1421.595839,1412.768314,0.001001968,0.001005531,0.001008742,0.001011081,4780.352579,4780.352579,4780.352579,11483.86064,11483.86064,11483.86064,11483.86064,11483.86064
5/21/1998,2579.553385,2773.489344,2880.36413,2931.92108,2927.38978,2880.36413,5650.384307,5899.377874,6533.547405,5791.305195,6138.189221,6533.547405,6124.540351,6472.710613,6533.547405,6442.410738,6815.459059,6533.547405,1332.207511,1324.008717,0.001001968,0.001005531,0.001008742,0.001011081,3999.977494,3999.977494,3999.977494,9627.428773,9627.428773,9627.428773,9627.428773,9627.428773
5/22/1998,2448.169923,2645.957452,2734.186022,2776.550379,2773.489344,2734.186022,5366.322225,5986.398344,6207.914399,5492.842903,5899.377874,6207.914399,5799.635537,6138.189221,6207.914399,6094.551028,6472.710613,6207.914399,1275.391025,1267.589226,0.001001968,0.001005531,0.001008742,0.001011081,3569.084801,3569.084801,3569.084801,8378.442267,8378.442267,8378.442267,8378.442267,8378.442267
5/23/1998,2337.783006,2530.300295,2611.527472,2648.208712,2645.957452,2611.527472,5157.477499,6094.064734,5966.102812,5274.185098,5986.398344,5966.102812,5555.552422,5899.377874,5966.102812,5788.69905,6138.189221,5966.102812,1227.968976,1220.496883,0.001001968,0.001005531,0.001008742,0.001011081,3294.544019,3294.544019,3294.544019,7601.477461,7601.477461,7601.477461,7601.477461,7601.477461
5/24/1998,2237.119338,2547.9267,2499.323603,2531.745271,2530.300295,2499.323603,4944.349479,5591.916146,5719.089672,5053.206397,6094.064734,5719.089672,5317.325404,5986.398344,5719.089672,5532.561909,5899.377874,5719.089672,1182.848945,1175.689105,0.001001968,0.001005531,0.001008742,0.001011081,3086.44992,3086.44992,3086.44992,7044.85365,7044.85365,7044.85365,7044.85365,7044.85365
5/25/1998,2228.289746,2640.282063,2504.726999,2533.630559,2547.9267,2504.726999,4860.608645,5334.864436,5643.591696,4972.099166,5591.916146,5643.591696,5246.259878,6094.064734,5643.591696,5321.529179,5986.398344,5643.591696,1248.332637,1240.719151,0.001001968,0.001005531,0.001008742,0.001011081,2932.347173,2932.347173,2932.347173,6636.955158,6636.955158,6636.955158,6636.955158,6636.955158
5/26/1998,2359.834581,2605.511828,2662.938468,2645.864861,2640.282063,2662.938468,5197.721876,5223.255405,6057.413408,5270.314035,5334.864436,6057.413408,5516.16213,5591.916146,6057.413408,5508.647755,6094.064734,6057.413408,1358.530016,1350.146593,0.001001968,0.001005531,0.001008742,0.001011081,2818.484387,2818.484387,2818.484387,6358.917406,6358.917406,6358.917406,6358.917406,6358.917406
5/27/1998,2278.446995,2188.491027,2565.661122,2615.319078,2605.511828,2565.661122,5179.493737,5510.654602,6033.880319,5309.480192,5223.255405,6033.880319,5480.789314,5334.864436,6033.880319,5677.795704,5591.916146,6033.880319,1291.678525,1283.763136,0.001001968,0.001005531,0.001008742,0.001011081,2723.842434,2723.842434,2723.842434,6173.267278,6173.267278,6173.267278,6173.267278,6173.267278
5/28/1998,1932.316082,2114.443828,2157.382252,2189.178695,2188.491027,2157.382252,4341.818764,5126.09009,5017.276846,4437.839903,5510.654602,5017.276846,4762.323194,5223.255405,5017.276846,5075.67636,5334.864436,5017.276846,1034.586313,1028.44188,0.001001968,0.001005531,0.001008742,0.001011081,2624.765655,2624.765655,2624.765655,5983.306957,5983.306957,5983.306957,5983.306957,5983.306957
5/29/1998,1856.973796,2157.262044,2076.226729,2098.508937,2114.443828,2076.226729,4157.424522,7914.845689,4804.503157,4243.32198,5126.09009,4804.503157,4475.790081,5510.654602,4804.503157,4712.076398,5223.255405,4804.503157,1013.097579,1007.098871,0.001001968,0.001005531,0.001008742,0.001011081,2524.305277,2524.305277,2524.305277,5795.037753,5795.037753,5795.037753,5795.037753,5795.037753
5/30/1998,1920.070067,2249.313861,2152.50596,2160.806336,2157.262044,2152.50596,4448.712731,6723.237018,5144.7542,4526.68877,7914.845689,5144.7542,4711.127523,5126.09009,5144.7542,4652.912212,5510.654602,5144.7542,1065.732064,1059.375744,0.001001968,0.001005531,0.001008742,0.001011081,2444.570092,2444.570092,2444.570092,5636.735705,5636.735705,5636.735705,5636.735705,5636.735705
5/31/1998,1936.303627,4670.41171,2165.365885,2154.542369,2249.313861,2165.365885,4761.258642,7280.236067,5519.777464,4807.475655,6723.237018,5519.777464,4955.94702,7914.845689,5519.777464,5149.803736,5126.09009,5519.777464,1052.129463,1045.865779,0.001001968,0.001005531,0.001008742,0.001011081,2379.302822,2379.302822,2379.302822,5571.959823,5571.959823,5571.959823,5571.959823,5571.959823
6/1/1998,4008.898977,4593.043913,4747.244648,4705.242534,4670.41171,4747.244648,6569.729229,8313.601435,7960.75652,6813.681208,7280.236067,7960.75652,7010.684312,6723.237018,7960.75652,4621.334719,7914.845689,7960.75652,3033.799858,3013.003037,0.001001968,0.001005531,0.001008742,0.001011081,2614.565341,2614.565341,2614.565341,5534.679493,5534.679493,5534.679493,5534.679493,5534.679493
6/2/1998,4204.006642,5648.379585,4798.8282,4361.908992,4593.043913,4798.8282,9063.334863,7994.42598,10729.66613,8793.777346,8313.601435,10729.66613,9013.620469,7280.236067,10729.66613,9441.9714,6723.237018,10729.66613,2494.637035,2477.95182,0.001001968,0.001005531,0.001008742,0.001011081,2824.6966,2824.6966,2824.6966,5927.694096,5927.694096,5927.694096,5927.694096,5927.694096
6/3/1998,4941.210275,4882.125611,5739.592802,5762.370872,5648.379585,5739.592802,6573.869477,6582.236167,7908.049507,6934.09899,7994.42598,7908.049507,7104.333073,8313.601435,7908.049507,6158.377802,7280.236067,7908.049507,3134.914799,3113.33732,0.001001968,0.001005531,0.001008742,0.001011081,3205.982615,3205.982615,3205.982615,6121.921928,6121.921928,6121.921928,6121.921928,6121.921928
6/4/1998,4476.686594,3985.535063,5133.319892,4980.95052,4882.125611,5133.319892,6804.779372,5643.821732,8085.306315,6900.252863,6582.236167,8085.306315,7688.04606,7994.42598,8085.306315,7854.738101,8313.601435,8085.306315,2693.741596,2675.54856,0.001001968,0.001005531,0.001008742,0.001011081,3614.455896,3614.455896,3614.455896,6466.64967,6466.64967,6466.64967,6466.64967,6466.64967
6/5/1998,3312.457167,2823.04669,3822.43832,3990.965002,3985.535063,3822.43832,5707.292047,5133.61375,6800.924089,6051.625058,5643.821732,6800.924089,6884.322734,6582.236167,6800.924089,7787.739443,7994.42598,6800.924089,2198.712635,2184.243091,0.001001968,0.001005531,0.001008742,0.001011081,3930.287723,3930.287723,3930.287723,6914.894139,6914.894139,6914.894139,6914.894139,6914.894139
6/6/1998,2315.801071,2251.894748,2613.573842,2824.885919,2823.04669,2613.573842,4579.959593,4624.27338,5345.876381,4885.585671,5133.61375,5345.876381,5412.775165,5643.821732,5345.876381,6769.95611,6582.236167,5345.876381,1334.305371,1326.091878,0.001001968,0.001005531,0.001008742,0.001011081,4065.91552,4065.91552,4065.91552,7219.930089,7219.930089,7219.930089,7219.930089,7219.930089
6/7/1998,1950.655172,2163.228507,2175.180045,2252.83382,2251.894748,2175.180045,3752.947691,4436.982558,4328.169739,3904.95586,4624.27338,4328.169739,4340.772732,5133.61375,4328.169739,4996.472335,5643.821732,4328.169739,1025.703056,1019.618911,0.001001968,0.001005531,0.001008742,0.001011081,4118.660119,4118.660119,4118.660119,7274.479821,7274.479821,7274.479821,7274.479821,7274.479821
6/8/1998,1896.40982,2085.691273,2123.783358,2163.570415,2163.228507,2123.783358,4014.56261,5996.549486,4651.929349,4122.952291,4436.982558,4651.929349,4401.733088,4624.27338,4651.929349,4683.536539,5133.61375,4651.929349,1043.663947,1037.45784,0.001001968,0.001005531,0.001008742,0.001011081,3836.859056,3836.859056,3836.859056,7221.112712,7221.112712,7221.112712,7221.112712,7221.112712
6/9/1998,1828.017607,1969.586213,2049.852248,2085.637512,2085.691273,2049.852248,4020.633053,8127.516901,4665.830524,4120.000135,5996.549486,4665.830524,4341.899489,4436.982558,4665.830524,4537.864722,4624.27338,4665.830524,1023.371112,1017.302783,0.001001968,0.001005531,0.001008742,0.001011081,3553.002333,3553.002333,3553.002333,6670.508357,6670.508357,6670.508357,6670.508357,6670.508357
6/10/1998,1726.752504,1958.855871,1937.518263,1967.655105,1969.586213,1937.518263,3681.400016,10596.78533,4267.771664,3774.913498,8127.516901,4267.771664,4009.439913,5996.549486,4267.771664,4164.587628,4436.982558,4267.771664,979.4862431,973.7146888,0.001001968,0.001005531,0.001008742,0.001011081,3095.703535,3095.703535,3095.703535,6253.749738,6253.749738,6253.749738,6253.749738,6253.749738
6/11/1998,1678.665174,3602.257375,1884.779618,1908.164808,1958.855871,1884.779618,3616.560651,13807.30214,4190.460182,3702.311324,10596.78533,4190.460182,3902.445729,8127.516901,4190.460182,4018.932258,5996.549486,4190.460182,960.6772681,955.0324023,0.001001968,0.001005531,0.001008742,0.001011081,2630.682311,2630.682311,2630.682311,5733.295206,5733.295206,5733.295206,5733.295206,5733.295206
6/12/1998,2787.015467,7815.906795,3173.520925,3022.756451,3602.257375,3173.520925,6617.175633,17632.18173,7736.48407,6589.517007,13807.30214,7736.48407,6546.537717,10596.78533,7736.48407,5325.208029,8127.516901,7736.48407,1672.557858,1661.940432,0.001001968,0.001005531,0.001008742,0.001011081,2387.943881,2387.943881,2387.943881,5458.550368,5458.550368,5458.550368,5458.550368,5458.550368
6/13/1998,6273.961056,11104.33223,7335.427731,6913.052293,7815.906795,7335.427731,12124.91376,24448.54828,14526.60015,12110.60327,17632.18173,14526.60015,11933.09757,13807.30214,14526.60015,8434.104384,10596.78533,14526.60015,3957.99322,3929.96491,0.001001968,0.001005531,0.001008742,0.001011081,2787.280318,2787.280318,2787.280318,5844.782133,5844.782133,5844.782133,5844.782133,5844.782133
6/14/1998,9572.101199,8740.328271,11425.61966,11163.56853,11104.33223,11425.61966,16735.43512,20861.1427,20449.89311,17258.80053,24448.54828,20449.89311,17883.20496,17632.18173,20449.89311,13317.07947,13807.30214,20449.89311,6415.600809,6367.531282,0.001001968,0.001005531,0.001008742,0.001011081,3899.886073,3899.886073,3899.886073,7031.606702,7031.606702,7031.606702,7031.606702,7031.606702
6/15/1998,8538.878361,13219.7509,9735.982595,8715.694195,8740.328271,9735.982595,15044.07755,15889.30396,17721.7217,14555.748,20861.1427,17721.7217,15416.27681,24448.54828,17721.7217,17619.85989,17632.18173,17721.7217,4028.854834,4000.263855,0.001001968,0.001005531,0.001008742,0.001011081,4820.084672,4820.084672,4820.084672,8674.906439,8674.906439,8674.906439,8674.906439,8674.906439
6/16/1998,13561.44986,16145.54544,16003.50701,13753.91042,13219.7509,16003.50701,18325.81657,15279.49419,22519.9509,17052.03499,15889.30396,22519.9509,19054.46367,20861.1427,22519.9509,14551.37434,24448.54828,22519.9509,8832.63305,8764.050257,0.001001968,0.001005531,0.001008742,0.001011081,6451.105411,6451.105411,6451.105411,10564.52399,10564.52399,10564.52399,10564.52399,10564.52399
6/17/1998,13094.08614,9496.47357,15793.26099,16386.8263,16145.54544,15793.26099,24867.13741,12752.06355,31056.92297,26294.48194,15279.49419,31056.92297,26640.7628,15889.30396,31056.92297,26368.16839,20861.1427,31056.92297,10038.49779,9959.458619,0.001001968,0.001005531,0.001008742,0.001011081,8219.506748,8219.506748,8219.506748,13314.52157,13314.52157,13314.52157,13314.52157,13314.52157
6/18/1998,7143.126488,5698.612501,8237.885016,9569.913275,9496.47357,8237.885016,12638.0355,10091.29784,15131.08434,14343.39321,12752.06355,15131.08434,16075.08608,15279.49419,15131.08434,20406.61378,15889.30396,15131.08434,4305.760849,4274.961131,0.001001968,0.001005531,0.001008742,0.001011081,9424.023516,9424.023516,9424.023516,15829.46079,15829.46079,15829.46079,15829.46079,15829.46079
6/19/1998,4679.129628,5224.917725,5206.609259,5751.71842,5698.612501,5206.609259,5539.290553,9124.371386,6330.612596,6326.068338,10091.29784,6330.612596,8393.891315,12752.06355,6330.612596,11595.04256,15279.49419,6330.612596,2156.889002,2142.729967,0.001001968,0.001005531,0.001008742,0.001011081,10089.24714,10089.24714,10089.24714,17272.47587,17272.47587,17272.47587,17272.47587,17272.47587
6/20/1998,4380.347292,4548.999929,4970.971277,5247.207246,5224.917725,4970.971277,8168.707365,8371.066039,9630.742702,8638.365557,9124.371386,9630.742702,9867.622274,10091.29784,9630.742702,11373.32187,12752.06355,9630.742702,2457.19229,2440.789164,0.001001968,0.001005531,0.001008742,0.001011081,10100.99334,10100.99334,10100.99334,17649.77607,17649.77607,17649.77607,17649.77607,17649.77607
6/21/1998,3802.477609,3854.416957,4323.627067,4564.530374,4548.999929,4323.627067,8147.023288,7523.51445,9620.712341,8536.98213,8371.066039,9620.712341,9335.170696,9124.371386,9620.712341,10538.9521,10091.29784,9620.712341,2200.454894,2185.9724,0.001001968,0.001005531,0.001008742,0.001011081,9338.801687,9338.801687,9338.801687,17088.08175,17088.08175,17088.08175,17088.08175,17088.08175
6/22/1998,3296.600525,3529.882505,3724.159719,3864.102702,3854.416957,3724.159719,6660.567226,6662.40733,7803.871261,6937.320451,7523.51445,7803.871261,7594.365371,8371.066039,7803.871261,8420.008333,9124.371386,7803.871261,1833.272774,1821.491905,0.001001968,0.001005531,0.001008742,0.001011081,8691.323234,8691.323234,8691.323234,15978.6709,15978.6709,15978.6709,15978.6709,15978.6709
6/23/1998,3050.585558,3319.096386,3445.974288,3532.865839,3529.882505,3445.974288,6497.725957,6265.078076,7612.874622,6703.374322,6662.40733,7612.874622,7207.705245,7523.51445,7612.874622,7778.923506,8371.066039,7612.874622,1711.379344,1700.482041,0.001001968,0.001005531,0.001008742,0.001011081,7287.242381,7287.242381,7287.242381,14602.08538,14602.08538,14602.08538,14602.08538,14602.08538
6/24/1998,2894.126254,3229.535798,3265.382219,3323.043313,3319.096386,3265.382219,6353.600884,5899.946608,7434.862864,6520.225364,6265.078076,7434.862864,6914.857387,6662.40733,7434.862864,7289.08682,7523.51445,7434.862864,1616.493999,1606.279396,0.001001968,0.001005531,0.001008742,0.001011081,5717.959413,5717.959413,5717.959413,12338.90444,12338.90444,12338.90444,12338.90444,12338.90444
6/25/1998,2824.419024,3005.271786,3189.703485,3233.519493,3229.535798,3189.703485,5900.701281,5531.394639,6906.558409,6054.88143,5899.946608,6906.558409,6401.604915,6265.078076,6906.558409,6701.766277,6662.40733,6906.558409,1596.111169,1586.04261,0.001001968,0.001005531,0.001008742,0.001011081,4705.861978,4705.861978,4705.861978,10232.59662,10232.59662,10232.59662,10232.59662,10232.59662
6/26/1998,2634.301894,2825.573385,2976.501296,3005.440281,3005.271786,2976.501296,5206.377973,4627.512467,6086.644151,5345.177742,5531.394639,6086.644151,5755.605496,5899.946608,6086.644151,6004.692961,6265.078076,6086.644151,1509.713814,1500.261803,0.001001968,0.001005531,0.001008742,0.001011081,4106.850256,4106.850256,4106.850256,8792.502425,8792.502425,8792.502425,8792.502425,8792.502425
6/27/1998,2464.634418,2653.556109,2781.592201,2826.053876,2825.573385,2781.592201,4880.006188,3508.337543,5697.393399,5026.469125,4627.512467,5697.393399,5356.70304,5531.394639,5697.393399,5676.895095,5899.946608,5697.393399,1408.591707,1399.855954,0.001001968,0.001005531,0.001008742,0.001011081,3665.324412,3665.324412,3665.324412,7856.841745,7856.841745,7856.841745,7856.841745,7856.841745
6/28/1998,2319.718997,2536.80848,2614.226397,2654.20741,2653.556109,2614.226397,4572.578235,5819.61042,5329.951033,4708.022703,3508.337543,5329.951033,5023.016866,4627.512467,5329.951033,5267.338596,5531.394639,5329.951033,1317.819553,1309.721491,0.001001968,0.001005531,0.001008742,0.001011081,3346.497955,3346.497955,3346.497955,7203.197657,7203.197657,7203.197657,7203.197657,7203.197657
6/29/1998,2195.435243,2676.092613,2472.172823,2509.677123,2536.80848,2472.172823,4347.098363,7380.296669,5062.510939,4474.154423,5819.61042,5062.510939,4765.771103,3508.337543,5062.510939,4988.398166,4627.512467,5062.510939,1245.894429,1238.297887,0.001001968,0.001005531,0.001008742,0.001011081,3118.137209,3118.137209,3118.137209,6705.687708,6705.687708,6705.687708,6705.687708,6705.687708
6/30/1998,2407.093608,4633.480118,2690.571168,2599.495553,2676.092613,2690.571168,3991.139972,8596.797035,4603.892834,4010.348326,7380.296669,4603.892834,4176.550476,5819.61042,4603.892834,4225.151752,3508.337543,4603.892834,1240.07898,1232.522837,0.001001968,0.001005531,0.001008742,0.001011081,2947.590771,2947.590771,2947.590771,6158.310689,6158.310689,6158.310689,6158.310689,6158.310689
7/1/1998,5353.990714,6542.739889,5898.571548,4666.801876,4633.480118,5898.571548,6181.438544,7920.088032,6993.652938,5216.535969,8596.797035,6993.652938,4530.285939,7380.296669,6993.652938,3424.877847,5819.61042,6993.652938,2081.43496,2067.83436,0.001001968,0.001005531,0.001008742,0.001011081,2964.331744,2964.331744,2964.331744,5573.504165,5573.504165,5573.504165,5573.504165,5573.504165
7/2/1998,6150.372589,5878.185893,6954.672057,6595.236261,6542.739889,6954.672057,8705.886918,7076.946662,10254.21462,8647.22174,7920.088032,10254.21462,8576.534709,8596.797035,10254.21462,6459.763456,7380.296669,10254.21462,3264.149715,3241.570447,0.001001968,0.001005531,0.001008742,0.001011081,3324.75264,3324.75264,3324.75264,5561.396932,5561.396932,5561.396932,5561.396932,5561.396932
7/3/1998,4423.076957,3289.084786,5104.346246,5881.956484,5878.185893,5104.346246,7352.740244,6221.905915,8804.655342,8359.284838,7076.946662,8804.655342,9230.45265,7920.088032,8804.655342,9014.879687,8596.797035,8804.655342,2881.635883,2862.008405,0.001001968,0.001005531,0.001008742,0.001011081,3751.940086,3751.940086,3751.940086,5942.677821,5942.677821,5942.677821,5942.677821,5942.677821
7/4/1998,2565.965032,2772.725614,2826.165901,3275.782253,3289.084786,2826.165901,4826.203796,5387.284648,5538.454504,5356.744417,6221.905915,5538.454504,6437.092091,7076.946662,5538.454504,8514.050282,7920.088032,5538.454504,1169.08144,1162.01659,0.001001968,0.001005531,0.001008742,0.001011081,3930.766055,3930.766055,3930.766055,6366.035066,6366.035066,6366.035066,6366.035066,6366.035066
7/5/1998,2647.79645,3594.91388,2865.404289,2773.438704,2772.725614,2865.404289,4111.250406,3694.438561,4612.535967,4104.55911,5387.284648,4612.535967,4578.090073,6221.905915,4612.535967,5685.82967,7076.946662,4612.535967,957.0254972,951.4051919,0.001001968,0.001005531,0.001008742,0.001011081,3980.499018,3980.499018,3980.499018,6524.41005,6524.41005,6524.41005,6524.41005,6524.41005
7/6/1998,3201.772421,3202.296737,3585.068275,3600.967149,3594.91388,3585.068275,5571.140592,2622.874508,6485.304007,5714.528914,3694.438561,6485.304007,5918.397151,5387.284648,6485.304007,5587.19126,6221.905915,6485.304007,1673.952346,1663.324879,0.001001968,0.001005531,0.001008742,0.001011081,4110.786163,4110.786163,4110.786163,6603.01261,6603.01261,6603.01261,6603.01261,6603.01261
7/7/1998,2636.655122,2100.081823,2973.672537,3195.544355,3202.296737,2973.672537,5192.000592,6568.293847,6079.16763,5515.463127,2622.874508,6079.16763,6011.706312,3694.438561,6079.16763,6160.172856,5387.284648,6079.16763,1504.910256,1495.492403,0.001001968,0.001005531,0.001008742,0.001011081,4236.541482,4236.541482,4236.541482,6812.063794,6812.063794,6812.063794,6812.063794,6812.063794
7/8/1998,1928.444207,1745.889361,2064.524806,2072.168347,2100.081823,2064.524806,3562.893258,7912.899486,3979.595991,3615.260029,6568.293847,3979.595991,3955.580241,2622.874508,3979.595991,5062.566697,3694.438561,3979.595991,624.87916,621.4361696,0.001001968,0.001005531,0.001008742,0.001011081,4061.651824,4061.651824,4061.651824,7029.81862,7029.81862,7029.81862,7029.81862,7029.81862
7/9/1998,2222.911407,2695.66057,2256.26199,1752.450298,1745.889361,2256.26199,2560.373863,7671.546752,2611.720844,2095.311901,7912.899486,2611.720844,1826.137016,6568.293847,2611.720844,2622.875656,2622.874508,2611.720844,0.001000564,0.001006515,0.001001968,0.001005531,0.001008742,0.001011081,3448.950589,3448.950589,3448.950589,6492.147901,6492.147901,6492.147901,6492.147901,6492.147901
7/10/1998,4213.88113,8854.124225,4350.554327,2713.85174,2695.66057,4350.554327,4437.869512,7759.167916,4630.783387,2874.329946,7671.546752,4630.783387,2623.455964,7912.899486,4630.783387,1826.701487,6568.293847,4630.783387,597.4619785,594.192864,0.001001968,0.001005531,0.001008742,0.001011081,2907.811111,2907.811111,2907.811111,5573.5283,5573.5283,5573.5283,5573.5283,5573.5283
7/11/1998,7021.212204,4758.106925,8327.284617,8853.423621,8854.124225,8327.284617,10768.85146,6475.409407,13326.241,11731.36323,7759.167916,13326.241,11487.40397,7671.546752,13326.241,6552.367513,7912.899486,13326.241,5296.377401,5257.558044,0.001001968,0.001005531,0.001008742,0.001011081,3365.933922,3365.933922,3365.933922,5302.719267,5302.719267,5302.719267,5302.719267,5302.719267
7/12/1998,3325.770921,2427.597981,3730.197336,4756.451562,4758.106925,3730.197336,7868.699904,5109.689105,9258.64666,8974.437955,6475.409407,9258.64666,9837.671707,7759.167916,9258.64666,12059.56643,7671.546752,9258.64666,1798.26254,1786.736176,0.001001968,0.001005531,0.001008742,0.001011081,3687.741736,3687.741736,3687.741736,5717.652793,5717.652793,5717.652793,5717.652793,5717.652793
7/13/1998,1998.194883,2482.971601,2110.988051,2426.039097,2427.597981,2110.988051,2177.36871,4621.348862,2339.20563,2549.678389,5109.689105,2339.20563,3712.588773,6475.409407,2339.20563,5577.064354,7759.167916,2339.20563,531.893138,529.0354044,0.001001968,0.001005531,0.001008742,0.001011081,3686.408935,3686.408935,3686.408935,6088.199181,6088.199181,6088.199181,6088.199181,6088.199181
7/14/1998,2154.341373,2399.539793,2352.663404,2481.511242,2482.971601,2352.663404,4150.551307,4382.679721,4754.866973,4335.042195,4621.348862,4754.866973,4823.72373,5109.689105,4754.866973,5542.411962,6475.409407,4754.866973,926.7953729,921.3779241,0.001001968,0.001005531,0.001008742,0.001011081,3601.291474,3601.291474,3601.291474,6102.200819,6102.200819,6102.200819,6102.200819,6102.200819
7/15/1998,2096.290576,2254.86014,2309.276597,2398.176969,2399.539793,2309.276597,4585.145445,4248.897836,5287.470452,4724.226955,4382.679721,5287.470452,5025.614505,4621.348862,5287.470452,5365.470524,5109.689105,5287.470452,994.7770093,988.9022364,0.001001968,0.001005531,0.001008742,0.001011081,3632.986957,3632.986957,3632.986957,6070.905133,6070.905133,6070.905133,6070.905133,6070.905133
7/16/1998,1973.365365,2134.39919,2177.807931,2253.587521,2254.86014,2177.807931,3887.572696,3900.60682,4468.072514,4022.383928,4248.897836,4468.072514,4288.782801,4382.679721,4468.072514,4514.088532,4621.348862,4468.072514,959.7436656,954.10508,0.001001968,0.001005531,0.001008742,0.001011081,3751.698353,3751.698353,3751.698353,6255.313066,6255.313066,6255.313066,6255.313066,6255.313066
7/17/1998,1881.591988,2088.263703,2079.364055,2131.724472,2134.39919,2079.364055,3621.66331,3914.462195,4159.954297,3733.772818,3900.60682,4159.954297,3983.454179,4248.897836,4159.954297,4159.231979,4382.679721,4159.954297,932.5953719,927.1390669,0.001001968,0.001005531,0.001008742,0.001011081,3734.888182,3734.888182,3734.888182,6501.022143,6501.022143,6501.022143,6501.022143,6501.022143
7/18/1998,1889.805083,2056.003788,2092.370581,2087.341977,2088.263703,2092.370581,3563.269147,3846.157448,4098.924966,3620.505459,3914.462195,4098.924966,3850.627869,3900.60682,4098.924966,3977.191236,4248.897836,4098.924966,955.5080892,949.8979859,0.001001968,0.001005531,0.001008742,0.001011081,2991.36471,2991.36471,2991.36471,6085.343128,6085.343128,6085.343128,6085.343128,6085.343128
7/19/1998,1783.468768,1859.810457,1981.320152,2056.164475,2056.003788,1981.320152,3444.443125,4146.190816,3973.11073,3579.252149,3846.157448,3973.11073,3748.245602,3914.462195,3973.11073,3887.687365,3900.60682,3973.11073,936.8402194,931.3554574,0.001001968,0.001005531,0.001008742,0.001011081,2524.821749,2524.821749,2524.821749,5285.369476,5285.369476,5285.369476,5285.369476,5285.369476
7/20/1998,1634.400198,1862.765844,1806.284887,1856.867664,1859.810457,1806.284887,3099.130016,3693.128148,3554.0144,3204.291089,4146.190816,3554.0144,3425.506662,3846.157448,3554.0144,3570.636762,3914.462195,3554.0144,822.5002913,817.7760734,0.001001968,0.001005531,0.001008742,0.001011081,2304.332559,2304.332559,2304.332559,4617.587562,4617.587562,4617.587562,4617.587562,4617.587562
7/21/1998,1683.029264,1997.164045,1865.058115,1861.010022,1862.765844,1865.058115,3238.839629,3783.058824,3724.442277,3291.237436,3693.128148,3724.442277,3479.348276,4146.190816,3724.442277,3554.192501,3846.157448,3724.442277,867.6634026,862.6402984,0.001001968,0.001005531,0.001008742,0.001011081,2173.415118,2173.415118,2173.415118,4294.943243,4294.943243,4294.943243,4294.943243,4294.943243
7/22/1998,1775.607257,1988.084102,1977.393411,1998.008062,1997.164045,1977.393411,3391.835597,3615.123412,3914.063303,3477.232627,3783.058824,3914.063303,3591.343917,3693.128148,3914.063303,3551.555293,4146.190816,3914.063303,952.7375537,947.1460723,0.001001968,0.001005531,0.001008742,0.001011081,2087.458252,2087.458252,2087.458252,4105.706114,4105.706114,4105.706114,4105.706114,4105.706114
7/23/1998,1733.644182,1652.159317,1929.90558,1985.767275,1988.084102,1929.90558,3601.115278,3367.915404,4163.597622,3712.565274,3615.123412,4163.597622,3845.393994,3783.058824,4163.597622,3909.7757,3693.128148,4163.597622,926.3711762,920.956568,0.001001968,0.001005531,0.001008742,0.001011081,2031.253279,2031.253279,2031.253279,4039.443552,4039.443552,4039.443552,4039.443552,4039.443552
7/24/1998,1475.175458,1687.382347,1630.820042,1652.032935,1652.159317,1630.820042,2910.657565,3231.255991,3336.45191,2979.719265,3367.915404,3336.45191,3261.326883,3615.123412,3336.45191,3449.82006,3783.058824,3336.45191,751.8843889,747.6232199,0.001001968,0.001005531,0.001008742,0.001011081,1972.08595,1972.08595,1972.08595,3949.916039,3949.916039,3949.916039,3949.916039,3949.916039
7/25/1998,1499.574676,1518.449457,1667.788309,1688.573464,1687.382347,1667.788309,3010.267825,3067.581674,3469.186399,3081.551809,3231.255991,3469.186399,3233.653639,3367.915404,3469.186399,3384.741465,3615.123412,3469.186399,809.6647477,805.0250939,0.001001968,0.001005531,0.001008742,0.001011081,1908.112287,1908.112287,1908.112287,3872.775704,3872.775704,3872.775704,3872.775704,3872.775704
7/26/1998,1347.692795,1459.872667,1496.46914,1517.959683,1518.449457,1496.46914,2844.594773,3057.968048,3274.755969,2908.167018,3067.581674,3274.755969,3107.275276,3231.255991,3274.755969,3258.694368,3367.915404,3274.755969,727.2604864,723.1594805,0.001001968,0.001005531,0.001008742,0.001011081,1841.727504,1841.727504,1841.727504,3780.747304,3780.747304,3780.747304,3780.747304,3780.747304
7/27/1998,1295.448008,1406.1644,1439.68557,1459.353486,1459.872667,1439.68557,2672.657121,3189.405036,3076.51033,2734.4781,3057.968048,3076.51033,2885.454797,3067.581674,3076.51033,3032.600123,3231.255991,3076.51033,708.363294,704.3847219,0.001001968,0.001005531,0.001008742,0.001011081,1778.78569,1778.78569,1778.78569,3699.47969,3699.47969,3699.47969,3699.47969,3699.47969
7/28/1998,1250.430521,1362.194072,1389.454048,1405.711101,1406.1644,1389.454048,2604.756201,3303.614716,2998.242324,2661.156207,3189.405036,2998.242324,2798.891046,3057.968048,2998.242324,2900.374354,3067.581674,2998.242324,685.7802101,681.9473881,0.001001968,0.001005531,0.001008742,0.001011081,1711.876689,1711.876689,1711.876689,3594.255145,3594.255145,3594.255145,3594.255145,3594.255145
7/29/1998,1212.00577,1323.252562,1347.055971,1361.803594,1362.194072,1347.055971,2524.462679,2959.559368,2904.995297,2578.757853,3303.614716,2904.995297,2709.08717,3189.405036,2904.995297,2789.765532,3057.968048,2904.995297,668.7654293,665.0420023,0.001001968,0.001005531,0.001008742,0.001011081,1632.026305,1632.026305,1632.026305,3486.741418,3486.741418,3486.741418,3486.741418,3486.741418
7/30/1998,1177.625972,1347.77901,1308.825355,1322.557484,1323.252562,1308.825355,2546.744843,2848.10867,2931.766268,2597.092949,2959.559368,2931.766268,2718.850061,3303.614716,2931.766268,2790.023276,3189.405036,2931.766268,652.0481654,648.4318614,0.001001968,0.001005531,0.001008742,0.001011081,1542.827042,1542.827042,1542.827042,3320.989223,3320.989223,3320.989223,3320.989223,3320.989223
7/31/1998,1198.712633,1335.836555,1334.678444,1347.543357,1347.77901,1334.678444,2735.790643,2734.28286,3156.526477,2784.603246,2848.10867,3156.526477,2882.272987,2959.559368,3156.526477,2903.889145,3303.614716,3156.526477,673.194977,669.4431058,0.001001968,0.001005531,0.001008742,0.001011081,1475.958008,1475.958008,1475.958008,3234.977066,3234.977066,3234.977066,3234.977066,3234.977066
8/1/1998,1189.856128,1204.902064,1323.882541,1335.830299,1335.836555,1323.882541,2844.252404,2607.868547,3283.356914,2888.170122,2734.28286,3283.356914,2984.872302,2848.10867,3283.356914,3043.235128,2959.559368,3283.356914,664.0087023,660.3157927,0.001001968,0.001005531,0.001008742,0.001011081,1422.890206,1422.890206,1422.890206,3187.062325,3187.062325,3187.062325,3187.062325,3187.062325
8/2/1998,1074.204036,1173.090999,1193.305387,1204.716554,1204.902064,1193.305387,2420.84624,2541.951988,2784.788571,2463.851419,2607.868547,2784.788571,2617.03824,2734.28286,2784.788571,2725.644808,2848.10867,2784.788571,599.1388881,595.8591691,0.001001968,0.001005531,0.001008742,0.001011081,1375.238939,1375.238939,1375.238939,3121.47462,3121.47462,3121.47462,3121.47462,3121.47462
8/3/1998,1044.785518,1136.433497,1162.163953,1172.927976,1173.090999,1162.163953,2311.123503,2486.474771,2658.287155,2354.370758,2541.951988,2658.287155,2467.082057,2607.868547,2658.287155,2571.396425,2734.28286,2658.287155,592.5160625,589.2782015,0.001001968,0.001005531,0.001008742,0.001011081,1332.222542,1332.222542,1332.222542,3054.002165,3054.002165,3054.002165,3054.002165,3054.002165
8/4/1998,1012.59508,1102.623724,1126.162334,1136.316779,1136.433497,1126.162334,2248.500238,2438.112685,2584.556991,2290.042568,2486.474771,2584.556991,2394.47492,2541.951988,2584.556991,2464.913061,2607.868547,2584.556991,575.7422098,572.6100802,0.001001968,0.001005531,0.001008742,0.001011081,1292.100944,1292.100944,1292.100944,2989.715204,2989.715204,2989.715204,2989.715204,2989.715204
8/5/1998,982.7739722,1070.292035,1092.918499,1102.539991,1102.623724,1092.918499,2177.130095,2378.489366,2500.340139,2217.447235,2438.112685,2500.340139,2318.460683,2486.474771,2500.340139,2379.220301,2541.951988,2500.340139,560.6916476,557.6540326,0.001001968,0.001005531,0.001008742,0.001011081,1253.862218,1253.862218,1253.862218,2928.775604,2928.775604,2928.775604,2928.775604,2928.775604
8/6/1998,954.2102519,1039.115133,1061.094476,1070.232231,1070.292035,1061.094476,2134.772141,2327.550748,2450.033209,2173.560805,2378.489366,2450.033209,2271.212984,2438.112685,2450.033209,2324.78539,2486.474771,2450.033209,546.3259892,543.3782669,0.001001968,0.001005531,0.001008742,0.001011081,1217.129279,1217.129279,1217.129279,2858.890984,2858.890984,2858.890984,2858.890984,2858.890984
8/7/1998,926.6536528,1009.00382,1030.384915,1039.077262,1039.115133,1030.384915,2082.904435,2475.896676,2390.35533,2120.083294,2327.550748,2390.35533,2214.196702,2378.489366,2390.35533,2278.862996,2438.112685,2390.35533,532.3886994,529.5278815,0.001001968,0.001005531,0.001008742,0.001011081,1175.970764,1175.970764,1175.970764,2759.230125,2759.230125,2759.230125,2759.230125,2759.230125
8/8/1998,900.0311468,979.8903505,1000.706968,1008.987177,1009.00382,1000.706968,2031.676642,3151.871936,2331.748554,2067.302337,2475.896676,2331.748554,2158.186176,2327.550748,2331.748554,2221.744454,2378.489366,2331.748554,518.8369974,516.0603817,0.001001968,0.001005531,0.001008742,0.001011081,1131.259177,1131.259177,1131.259177,2629.208307,2629.208307,2629.208307,2629.208307,2629.208307
8/9/1998,874.2842922,957.8787154,971.9959706,979.8941175,979.8903505,971.9959706,1989.232412,2581.356805,2282.287511,2023.439112,3151.871936,2282.287511,2111.285354,2475.896676,2282.287511,2165.757093,2327.550748,2282.287511,505.6451338,502.9501946,0.001001968,0.001005531,0.001008742,0.001011081,1091.988243,1091.988243,1091.988243,2540.169563,2540.169563,2540.169563,2540.169563,2540.169563
8/10/1998,849.3639521,943.7606334,944.1978028,951.7396861,957.8787154,944.1978028,1967.467888,2354.851304,2255.813953,2000.309831,2581.356805,2255.813953,2085.612139,3151.871936,2255.813953,2125.053026,2475.896676,2255.813953,492.7928542,490.1772071,0.001001968,0.001005531,0.001008742,0.001011081,1058.957923,1058.957923,1058.957923,2474.143037,2474.143037,2474.143037,2474.143037,2474.143037
8/11/1998,826.6660974,893.6694867,919.6422674,945.1023363,943.7606334,919.6422674,2190.187587,2290.835916,2512.052077,2239.236109,2354.851304,2512.052077,2309.758123,2581.356805,2512.052077,2306.733592,3151.871936,2512.052077,482.3632259,479.8117147,0.001001968,0.001005531,0.001008742,0.001011081,1029.155367,1029.155367,1029.155367,2450.601737,2450.601737,2450.601737,2450.601737,2450.601737
8/12/1998,855.5262323,1006.170915,943.7915655,897.9081694,893.6694867,943.7915655,2689.638617,2365.661731,3096.564064,2652.046208,2290.835916,3096.564064,2721.597007,2354.851304,3096.564064,2845.087036,2581.356805,3096.564064,460.2557862,457.8395818,0.001001968,0.001005531,0.001008742,0.001011081,1000.632626,1000.632626,1000.632626,2533.129941,2533.129941,2533.129941,2533.129941,2533.129941
8/13/1998,902.7806283,925.1646532,1009.747823,1006.426316,1006.170915,1009.747823,2225.162859,2291.278143,2570.317958,2247.240557,2365.661731,2570.317958,2304.072851,2290.835916,2570.317958,2277.088917,2354.851304,2570.317958,552.6764106,549.6889899,0.001001968,0.001005531,0.001008742,0.001011081,986.082146,986.082146,986.082146,2536.55482,2536.55482,2536.55482,2536.55482,2536.55482
8/14/1998,805.6994123,853.3803127,896.3399088,923.9468742,925.1646532,896.3399088,2021.800457,3068.459639,2322.901288,2070.543189,2291.278143,2322.901288,2139.230468,2365.661731,2322.901288,2222.185163,2290.835916,2322.901288,475.9128763,473.400935,0.001001968,0.001005531,0.001008742,0.001011081,967.9184869,967.9184869,967.9184869,2521.517738,2521.517738,2521.517738,2521.517738,2521.517738
8/15/1998,761.283551,842.3340587,843.1998569,853.8080163,853.3803127,843.1998569,1894.079856,4221.550206,2165.155273,1924.825115,3068.459639,2165.155273,2012.416948,2291.278143,2165.155273,2063.842871,2365.661731,2165.155273,433.9158328,431.6596543,0.001001968,0.001005531,0.001008742,0.001011081,947.5667541,947.5667541,947.5667541,2510.474179,2510.474179,2510.474179,2510.474179,2510.474179
8/16/1998,751.8901178,851.4827055,833.8896169,841.9526288,842.3340587,833.8896169,1979.694478,3703.214325,2270.436805,2005.147411,4221.550206,2270.436805,2071.944373,3068.459639,2270.436805,2144.218223,2291.278143,2270.436805,434.7940221,432.5325297,0.001001968,0.001005531,0.001008742,0.001011081,927.3569865,927.3569865,927.3569865,2510.369117,2510.369117,2510.369117,2510.369117,2510.369117
8/17/1998,755.0500969,965.7507502,840.7143932,847.8428203,851.4827055,840.7143932,1977.143899,2741.236899,2268.859319,2004.679983,3703.214325,2268.859319,2079.052816,4221.550206,2268.859319,2066.720053,3068.459639,2268.859319,453.073843,450.7014024,0.001001968,0.001005531,0.001008742,0.001011081,912.1737869,912.1737869,912.1737869,2503.645739,2503.645739,2503.645739,2503.645739,2503.645739
8/18/1998,853.4742469,1025.528524,949.1626625,951.9774049,965.7507502,949.1626625,2999.282488,2407.64319,3453.675615,3018.011874,2741.236899,3453.675615,3027.431815,3703.214325,3453.675615,2914.256247,4221.550206,3453.675615,495.9318829,493.2968957,0.001001968,0.001005531,0.001008742,0.001011081,904.5987507,904.5987507,904.5987507,2590.117072,2590.117072,2590.117072,2590.117072,2590.117072
8/19/1998,938.8789969,843.4520282,1038.349324,1032.413024,1025.528524,1038.349324,3851.859201,2559.79037,4459.850569,3843.911947,2407.64319,4459.850569,3829.578957,2741.236899,4459.850569,3890.047022,3703.214325,4459.850569,506.6051936,503.9043201,0.001001968,0.001005531,0.001008742,0.001011081,912.4460362,912.4460362,912.4460362,2755.293361,2755.293361,2755.293361,2755.293361,2755.293361
8/20/1998,767.4562811,747.4725731,847.6786396,853.6955081,843.4520282,847.6786396,2954.335838,2724.672583,3411.584993,2958.557169,2559.79037,3411.584993,3076.557689,2407.64319,3411.584993,3247.480241,2741.236899,3411.584993,422.6855223,420.4971628,0.001001968,0.001005531,0.001008742,0.001011081,906.0162551,906.0162551,906.0162551,2936.668499,2936.668499,2936.668499,2936.668499,2936.668499
8/21/1998,669.0308382,719.1099503,741.1230912,747.9694063,747.4725731,741.1230912,2087.30839,2140.624033,2395.931303,2103.537886,2724.672583,2395.931303,2207.930464,2559.79037,2395.931303,2375.593286,2407.64319,2395.931303,389.72251,387.7317168,0.001001968,0.001005531,0.001008742,0.001011081,889.0480629,889.0480629,889.0480629,2985.009783,2985.009783,2985.009783,2985.009783,2985.009783
8/22/1998,641.2913661,690.3502197,710.8587297,719.1676949,719.1099503,710.8587297,1893.808039,2712.27171,2168.758193,1913.938119,2140.624033,2168.758193,1973.937271,2724.672583,2168.758193,2079.527624,2559.79037,2168.758193,378.3068831,376.3839661,0.001001968,0.001005531,0.001008742,0.001011081,868.0518384,868.0518384,868.0518384,2975.214663,2975.214663,2975.214663,2975.214663,2975.214663
8/23/1998,618.279968,672.7473934,684.6163073,690.4522318,690.3502197,684.6163073,2138.812036,3805.270046,2457.080509,2150.821968,2712.27171,2457.080509,2200.758908,2140.624033,2457.080509,2240.704953,2724.672583,2457.080509,362.8456363,361.0141804,0.001001968,0.001005531,0.001008742,0.001011081,846.5310732,846.5310732,846.5310732,2995.076171,2995.076171,2995.076171,2995.076171,2995.076171
8/24/1998,602.2239595,663.7439179,666.8132148,671.9030517,672.7473934,666.8132148,2296.507032,2692.485507,2646.115315,2301.646128,3805.270046,2646.115315,2339.441192,2712.27171,2646.115315,2438.157862,2140.624033,2646.115315,354.6858087,352.9023976,0.001001968,0.001005531,0.001008742,0.001011081,821.0318789,821.0318789,821.0318789,3056.151393,3056.151393,3056.151393,3056.151393,3056.151393
8/25/1998,586.805841,818.5211716,649.536904,654.4951618,663.7439179,649.536904,1786.725401,2248.293193,2044.181804,1801.18469,2692.485507,2044.181804,1847.853594,3805.270046,2044.181804,1897.166292,2712.27171,2044.181804,345.7857422,344.0545517,0.001001968,0.001005531,0.001008742,0.001011081,788.0758538,788.0758538,788.0758538,2917.283535,2917.283535,2917.283535,2917.283535,2917.283535
8/26/1998,748.4443528,835.9469055,837.7541241,822.4450437,818.5211716,837.7541241,2838.368848,2050.048634,3259.817256,2837.009859,2248.293193,3259.817256,2869.607407,2692.485507,3259.817256,2700.036309,3805.270046,3259.817256,471.5645605,469.079252,0.001001968,0.001005531,0.001008742,0.001011081,761.436029,761.436029,761.436029,2693.77374,2693.77374,2693.77374,2693.77374,2693.77374
8/27/1998,739.5612079,601.2026098,823.5634812,841.8534539,835.9469055,823.5634812,3263.719664,1837.487036,3782.829844,3275.874302,2050.048634,3782.829844,3254.351727,2248.293193,3782.829844,3390.706366,2692.485507,3782.829844,444.1136685,441.7956912,0.001001968,0.001005531,0.001008742,0.001011081,739.966442,739.966442,739.966442,2701.812685,2701.812685,2701.812685,2701.812685,2701.812685
8/28/1998,539.260561,597.9163026,593.9547754,601.6234997,601.2026098,593.9547754,2034.605117,1801.010593,2330.90403,2042.839337,1837.487036,2330.90403,2162.422465,2050.048634,2330.90403,2299.899461,2248.293193,2330.90403,306.2297339,304.7281996,0.001001968,0.001005531,0.001008742,0.001011081,723.8559349,723.8559349,723.8559349,2711.46798,2711.46798,2711.46798,2711.46798,2711.46798
8/29/1998,535.8114502,576.7453094,593.4366121,598.0951077,597.9163026,593.4366121,1779.832496,1873.600182,2035.477087,1791.331269,1801.010593,2035.477087,1842.866747,1837.487036,2035.477087,1954.833548,2050.048634,2035.477087,322.1518266,320.5583452,0.001001968,0.001005531,0.001008742,0.001011081,706.8821008,706.8821008,706.8821008,2703.428109,2703.428109,2703.428109,2703.428109,2703.428109
8/30/1998,516.6081399,549.6358709,571.6707227,576.6467197,576.7453094,571.6707227,1677.015624,2492.26892,1913.828815,1689.252741,1873.600182,1913.828815,1729.787154,1801.010593,1913.828815,1790.171648,1837.487036,1913.828815,309.6572204,308.1359514,0.001001968,0.001005531,0.001008742,0.001011081,689.9985444,689.9985444,689.9985444,2625.142612,2625.142612,2625.142612,2625.142612,2625.142612
8/31/1998,491.4983723,542.5886014,542.3427322,549.8733632,549.6358709,542.3427322,1541.750867,2982.398654,1752.511011,1556.829722,2492.26892,1752.511011,1592.490845,1873.600182,1752.511011,1648.023759,1801.010593,1752.511011,288.3160752,286.9171434,0.001001968,0.001005531,0.001008742,0.001011081,671.8898391,671.8898391,671.8898391,2498.588791,2498.588791,2498.588791,2498.588791,2498.588791
9/1/1998,498.1216473,581.1796526,549.2861527,543.0318713,542.5886014,549.2861527,1540.325818,2136.111138,1752.96312,1541.663144,2982.398654,1752.96312,1580.59421,2492.26892,1752.96312,1612.081823,1873.600182,1752.96312,290.2240544,288.8142385,0.001001968,0.001005531,0.001008742,0.001011081,655.851684,655.851684,655.851684,2450.8857,2450.8857,2450.8857,2450.8857,2450.8857
9/2/1998,526.0265254,653.3250664,581.5374609,580.0448942,581.1796526,581.5374609,1707.411697,1988.642428,1947.926606,1714.941627,2136.111138,1947.926606,1735.129919,2982.398654,1947.926606,1689.819161,2492.26892,1947.926606,311.9603098,310.425762,0.001001968,0.001005531,0.001008742,0.001011081,623.6154943,623.6154943,623.6154943,2328.10746,2328.10746,2328.10746,2328.10746,2328.10746
9/3/1998,589.5377988,655.6976089,647.2700515,653.982174,653.3250664,647.2700515,2383.801669,1834.48259,2732.680388,2392.836166,1988.642428,2732.680388,2356.540718,2136.111138,2732.680388,2287.034618,2982.398654,2732.680388,317.9981179,316.4286894,0.001001968,0.001005531,0.001008742,0.001011081,594.5356468,594.5356468,594.5356468,2140.370913,2140.370913,2140.370913,2140.370913,2140.370913
9/4/1998,610.2079715,531.6890627,667.373594,656.7397753,655.6976089,667.373594,2649.071127,2232.272642,3048.209887,2629.072414,1834.48259,3048.209887,2632.972334,1988.642428,3048.209887,2743.164727,2136.111138,3048.209887,314.3667449,312.8183067,0.001001968,0.001005531,0.001008742,0.001011081,587.7012076,587.7012076,587.7012076,2185.638573,2185.638573,2185.638573,2185.638573,2185.638573
9/5/1998,480.2062917,512.8059946,528.3320358,531.9433703,531.6890627,528.3320358,1702.243004,3122.138566,1941.363511,1708.744596,2232.272642,1941.363511,1817.264661,1834.48259,1941.363511,1887.516533,1988.642428,1941.363511,275.9086022,274.5801827,0.001001968,0.001005531,0.001008742,0.001011081,587.6700859,587.6700859,587.6700859,2184.142353,2184.142353,2184.142353,2184.142353,2184.142353
9/6/1998,456.072365,493.0546948,503.4194809,512.5687952,512.8059946,503.4194809,1599.665584,2114.528654,1824.020873,1612.623571,3122.138566,1824.020873,1653.297144,2232.272642,1824.020873,1771.048585,1834.48259,1824.020873,272.9155155,271.6040355,0.001001968,0.001005531,0.001008742,0.001011081,579.5715163,579.5715163,579.5715163,2179.465831,2179.465831,2179.465831,2179.465831,2179.465831
9/7/1998,437.1932238,557.3104769,482.4649666,490.2994744,493.0546948,482.4649666,1502.833967,1977.462233,1707.636103,1515.534293,2114.528654,1707.636103,1552.598015,3122.138566,1707.636103,1585.548752,2232.272642,1707.636103,262.3450108,261.0931288,0.001001968,0.001005531,0.001008742,0.001011081,571.9951072,571.9951072,571.9951072,2171.09467,2171.09467,2171.09467,2171.09467,2171.09467
9/8/1998,517.4447207,651.612412,565.78599,558.6346018,557.3104769,565.78599,2192.138549,2037.029016,2494.29953,2187.966538,1977.462233,2494.29953,2160.00658,2114.528654,2494.29953,1991.910472,3122.138566,2494.29953,272.8423321,271.5312658,0.001001968,0.001005531,0.001008742,0.001011081,565.1820263,565.1820263,565.1820263,2250.164456,2250.164456,2250.164456,2250.164456,2250.164456
9/9/1998,635.9504528,463.9528097,688.4391099,653.3693278,651.612412,688.4391099,2936.638421,1868.118826,3368.215507,2887.052274,2037.029016,3368.215507,2808.667426,1977.462233,3368.215507,2930.564109,2114.528654,3368.215507,288.766633,287.3651318,0.001001968,0.001005531,0.001008742,0.001011081,566.4959564,566.4959564,566.4959564,2443.536485,2443.536485,2443.536485,2443.536485,2443.536485
9/10/1998,469.9852848,615.3290168,495.6949123,464.4095772,463.9528097,495.6949123,1740.116994,1786.730046,1946.607335,1703.670556,1868.118826,1946.607335,1756.95173,2037.029016,1946.607335,1859.758367,1977.462233,1946.607335,153.8203328,153.1559893,0.001001968,0.001005531,0.001008742,0.001011081,556.4296792,556.4296792,556.4296792,2391.292528,2391.292528,2391.292528,2391.292528,2391.292528
9/11/1998,650.4363182,791.0150456,703.0203481,615.8401567,615.3290168,703.0203481,1804.665403,1769.505555,2037.128812,1723.521299,1786.730046,2037.128812,1746.662349,1868.118826,2037.128812,1725.747551,2037.029016,2037.128812,298.9259521,297.4663619,0.001001968,0.001005531,0.001008742,0.001011081,550.6946868,550.6946868,550.6946868,2231.016637,2231.016637,2231.016637,2231.016637,2231.016637
9/12/1998,671.6459724,555.3986433,747.8824279,791.2446023,791.0150456,747.8824279,1925.873415,1626.555647,2213.979956,1982.210028,1769.505555,2213.979956,1977.923999,1786.730046,2213.979956,1884.326648,1868.118826,2213.979956,419.2062034,417.0388039,0.001001968,0.001005531,0.001008742,0.001011081,567.6236029,567.6236029,567.6236029,2198.257679,2198.257679,2198.257679,2198.257679,2198.257679
9/13/1998,479.2236606,489.3686813,518.5757081,555.6135333,555.3986433,518.5757081,1563.374463,1666.714254,1765.251032,1601.827602,1626.555647,1765.251032,1668.809106,1769.505555,1765.251032,1828.462815,1786.730046,1765.251032,233.2882987,232.1983257,0.001001968,0.001005531,0.001008742,0.001011081,578.4440332,578.4440332,578.4440332,2201.993669,2201.993669,2201.993669,2201.993669,2201.993669
9/14/1998,442.1718924,484.5594374,476.490135,489.5825549,489.3686813,476.490135,1353.057832,1918.106443,1517.203164,1368.74411,1666.714254,1517.203164,1425.347115,1626.555647,1517.203164,1521.565207,1769.505555,1517.203164,206.7744365,205.8295154,0.001001968,0.001005531,0.001008742,0.001011081,582.2222331,582.2222331,582.2222331,2207.785656,2207.785656,2207.785656,2207.785656,2207.785656
9/15/1998,439.2182152,439.5314536,475.3306253,484.2273591,484.5594374,475.3306253,1449.267091,1875.448664,1637.346972,1459.546507,1918.106443,1637.346972,1491.448501,1666.714254,1637.346972,1540.349014,1626.555647,1637.346972,216.635376,215.6368276,0.001001968,0.001005531,0.001008742,0.001011081,581.5673944,581.5673944,581.5673944,2114.477806,2114.477806,2114.477806,2114.477806,2114.477806
9/16/1998,389.4078262,416.364504,419.1352592,439.8694604,439.5314536,419.1352592,1352.761007,1575.993448,1520.424795,1373.292471,1875.448664,1520.424795,1395.090402,1918.106443,1520.424795,1459.488935,1666.714254,1520.424795,182.1602073,181.3473536,0.001001968,0.001005531,0.001008742,0.001011081,563.9298264,563.9298264,563.9298264,1878.562205,1878.562205,1878.562205,1878.562205,1878.562205
9/17/1998,405.0014933,503.76041,434.7868777,416.9555871,416.364504,434.7868777,1443.337243,1523.980254,1624.380475,1424.669632,1575.993448,1624.380475,1459.546391,1875.448664,1624.380475,1470.132718,1918.106443,1624.380475,182.9050982,182.0882876,0.001001968,0.001005531,0.001008742,0.001011081,552.9793697,552.9793697,552.9793697,1802.4652,1802.4652,1802.4652,1802.4652,1802.4652
9/18/1998,455.7846579,451.0790028,498.9050557,503.9883904,503.76041,498.9050557,1758.567643,1483.013546,2007.779032,1764.182225,1523.980254,2007.779032,1768.937291,1575.993448,2007.779032,1727.222525,1875.448664,2007.779032,254.3051791,253.0983847,0.001001968,0.001005531,0.001008742,0.001011081,535.60124,535.60124,535.60124,1793.892263,1793.892263,1793.892263,1793.892263,1793.892263
9/19/1998,402.2300119,412.9132869,436.7086427,451.2860802,451.0790028,436.7086427,1622.194392,1652.180636,1844.324688,1633.098665,1483.013546,1844.324688,1649.901379,1523.980254,1844.324688,1755.281875,1575.993448,1844.324688,208.8630186,207.9067719,0.001001968,0.001005531,0.001008742,0.001011081,495.9884159,495.9884159,495.9884159,1781.356332,1781.356332,1781.356332,1781.356332,1781.356332
9/20/1998,375.5567509,405.9660395,406.0042524,413.1186836,412.9132869,406.0042524,1282.281429,1943.375519,1440.475351,1290.042137,1652.180636,1440.475351,1319.858227,1483.013546,1440.475351,1369.981127,1523.980254,1440.475351,187.3105191,186.470254,0.001001968,0.001005531,0.001008742,0.001011081,470.9916638,470.9916638,470.9916638,1732.007204,1732.007204,1732.007204,1732.007204,1732.007204
9/21/1998,368.1745805,462.8693222,398.5845182,404.0906365,405.9660395,398.5845182,1292.572976,1377.281255,1458.358344,1298.28552,1943.375519,1458.358344,1320.156404,1652.180636,1458.358344,1356.390733,1483.013546,1458.358344,187.3268201,186.486468,0.001001968,0.001005531,0.001008742,0.001011081,454.4407435,454.4407435,454.4407435,1690.363142,1690.363142,1690.363142,1690.363142,1690.363142
9/22/1998,417.820382,443.7517799,457.7236838,461.6272607,462.8693222,457.7236838,1390.598132,2420.067927,1574.231754,1400.652648,1377.281255,1574.231754,1421.421961,1943.375519,1574.231754,1331.463721,1652.180636,1574.231754,236.8689734,235.7592076,0.001001968,0.001005531,0.001008742,0.001011081,448.2270923,448.2270923,448.2270923,1661.656441,1661.656441,1661.656441,1661.656441,1661.656441
9/23/1998,416.0513758,453.8542715,448.1609009,445.6541322,443.7517799,448.1609009,1546.42408,2951.163959,1747.124345,1544.043365,2420.067927,1747.124345,1529.293868,1377.281255,1747.124345,1594.622945,1943.375519,1747.124345,191.6581469,190.7946485,0.001001968,0.001005531,0.001008742,0.001011081,443.6404595,443.6404595,443.6404595,1674.677203,1674.677203,1674.677203,1674.677203,1674.677203
9/24/1998,495.7678391,596.2801973,531.3669706,455.533501,453.8542715,531.3669706,1731.544679,1305.264524,1959.228857,1652.362616,2951.163959,1959.228857,1671.753876,2420.067927,1959.228857,1704.934946,1377.281255,1959.228857,212.7898375,211.812249,0.001001968,0.001005531,0.001008742,0.001011081,447.1698739,447.1698739,447.1698739,1719.932676,1719.932676,1719.932676,1719.932676,1719.932676
9/25/1998,522.5410856,486.2200918,576.899855,596.5344029,596.2801973,576.899855,1334.671282,1989.204868,1510.135956,1367.87586,1305.264524,1510.135956,1368.467979,2951.163959,1510.135956,1266.046819,2420.067927,1510.135956,313.0228714,311.4821923,0.001001968,0.001005531,0.001008742,0.001011081,456.626434,456.626434,456.626434,1648.39632,1648.39632,1648.39632,1648.39632,1648.39632
9/26/1998,420.6724457,461.0288381,453.2870913,486.4114298,486.2200918,453.2870913,2161.611744,2164.665463,2478.711762,2183.097568,1989.204868,2478.711762,2179.830729,1305.264524,2478.711762,2251.94962,2951.163959,2478.711762,197.872183,196.9753318,0.001001968,0.001005531,0.001008742,0.001011081,459.8517497,459.8517497,459.8517497,1733.157628,1733.157628,1733.157628,1733.157628,1733.157628
9/27/1998,399.1475488,371.7758819,425.0523676,453.0352091,461.0288381,425.0523676,2437.218789,2071.118766,2796.115905,2441.295132,2164.665463,2796.115905,2414.941247,1989.204868,2796.115905,2566.99551,1305.264524,2796.115905,157.9291081,157.2434913,0.001001968,0.001005531,0.001008742,0.001011081,462.236867,462.236867,462.236867,1937.351178,1937.351178,1937.351178,1937.351178,1937.351178
9/28/1998,615.5741451,1206.380137,622.7120529,374.0852316,371.7758819,622.7120529,1322.540239,2220.242698,1405.702877,1072.962339,2071.118766,1405.702877,1010.786102,2164.665463,1405.702877,1123.781169,1989.204868,1405.702877,16.50032116,16.46059635,0.001001968,0.001005531,0.001008742,0.001011081,449.7556311,449.7556311,449.7556311,1914.43486,1914.43486,1914.43486,1914.43486,1914.43486
9/29/1998,1464.051948,1631.446573,1582.185387,1211.929522,1206.380137,1582.185387,2753.050471,2310.126258,3119.728681,2412.097726,2220.242698,3119.728681,2253.259168,2071.118766,3119.728681,1669.139595,2164.665463,3119.728681,607.2481267,603.9170704,0.001001968,0.001005531,0.001008742,0.001011081,522.680079,522.680079,522.680079,1996.039815,1996.039815,1996.039815,1996.039815,1996.039815
9/30/1998,1186.740937,566.3054018,1341.328484,1631.87422,1631.446573,1341.328484,2698.529898,2003.421081,3152.355979,3026.357186,2310.126258,3152.355979,2901.115459,2220.242698,3152.355979,2521.057936,2071.118766,3152.355979,785.7198006,781.2374372,0.001001968,0.001005531,0.001008742,0.001011081,660.1335905,660.1335905,660.1335905,2107.411503,2107.411503,2107.411503,2107.411503,2107.411503
10/1/1998,416.4294435,486.6114269,420.7262272,565.8260847,566.3054018,420.7262272,1395.884349,2147.325872,1528.737449,1529.626216,2003.421081,1528.737449,1822.443237,2310.126258,1528.737449,2357.119878,2220.242698,1528.737449,29.96812114,29.880653,0.001001968,0.001005531,0.001008742,0.001011081,718.3987146,718.3987146,718.3987146,2191.668839,2191.668839,2191.668839,2191.668839,2191.668839
10/2/1998,442.4770961,562.1489949,456.3095966,486.9429643,486.6114269,456.3095966,1169.284312,1923.310673,1274.98276,1196.883696,2147.325872,1274.98276,1337.280002,2003.421081,1274.98276,1603.622912,2310.126258,1274.98276,90.08087077,89.73258285,0.001001968,0.001005531,0.001008742,0.001011081,728.7867005,728.7867005,728.7867005,2301.046934,2301.046934,2301.046934,2301.046934,2301.046934
10/3/1998,506.6118457,521.6613225,538.5206465,562.7346337,562.1489949,538.5206465,1736.052395,1651.629406,1966.424687,1754.867528,1923.310673,1966.424687,1789.510534,2147.325872,1966.424687,1852.27028,2003.421081,1966.424687,194.3394417,193.4615726,0.001001968,0.001005531,0.001008742,0.001011081,744.4781228,744.4781228,744.4781228,2215.346067,2215.346067,2215.346067,2215.346067,2215.346067
10/4/1998,464.8145983,495.1833212,494.1591042,521.8958869,521.6613225,494.1591042,1699.595877,1794.896329,1916.246342,1722.718841,1651.629406,1916.246342,1756.815243,1923.310673,1916.246342,1782.070812,2147.325872,1916.246342,180.8388855,180.0330445,0.001001968,0.001005531,0.001008742,0.001011081,759.0481426,759.0481426,759.0481426,2050.155394,2050.155394,2050.155394,2050.155394,2050.155394
10/5/1998,448.3485824,431.110326,476.4070735,495.3753406,495.1833212,476.4070735,1832.274441,3925.620266,2074.867622,1842.803196,1794.896329,2074.867622,1864.010465,1651.629406,2074.867622,1929.025577,1923.310673,2074.867622,173.2976223,172.5316453,0.001001968,0.001005531,0.001008742,0.001011081,785.9619271,785.9619271,785.9619271,2160.471841,2160.471841,2160.471841,2160.471841,2160.471841
10/6/1998,391.4634713,431.0576635,415.1352579,431.2850893,431.110326,415.1352579,1557.036642,7838.342537,1754.652004,1565.767775,3925.620266,1754.652004,1607.117745,1794.896329,1754.652004,1708.092762,1651.629406,1754.652004,150.6408896,149.9929438,0.001001968,0.001005531,0.001008742,0.001011081,715.4061473,715.4061473,715.4061473,2136.161088,2136.161088,2136.161088,2136.161088,2136.161088
10/7/1998,375.1373066,1157.194216,399.018899,411.9197761,431.0576635,399.018899,1338.159486,9871.363221,1498.700047,1347.54019,7838.342537,1498.700047,1373.795113,3925.620266,1498.700047,1434.795521,1794.896329,1498.700047,152.2734002,151.6170419,0.001001968,0.001005531,0.001008742,0.001011081,580.0481664,580.0481664,580.0481664,2013.491335,2013.491335,2013.491335,2013.491335,2013.491335
10/8/1998,500.7866637,1871.661232,529.0467416,516.3997811,1157.194216,529.0467416,1912.953946,8390.67002,2133.752851,1903.114895,9871.363221,2133.752851,1837.480125,7838.342537,2133.752851,1575.340044,3925.620266,2133.752851,157.9300402,157.2444185,0.001001968,0.001005531,0.001008742,0.001011081,518.3129606,518.3129606,518.3129606,1923.619934,1923.619934,1923.619934,1923.619934,1923.619934
10/9/1998,2440.265963,3454.255538,2571.195992,1970.498427,1871.661232,2571.195992,6036.801858,7679.281835,6747.220684,5502.724067,8390.67002,6747.220684,4793.209666,9871.363221,6747.220684,3796.547067,7838.342537,6747.220684,252.6408528,251.4433652,0.001001968,0.001005531,0.001008742,0.001011081,611.5399122,611.5399122,611.5399122,2320.868979,2320.868979,2320.868979,2320.868979,2320.868979
10/10/1998,4130.375185,5302.786044,4443.56338,3603.846167,3454.255538,4443.56338,10915.95478,6288.315675,12509.81735,10155.44161,7679.281835,12509.81735,9448.771163,8390.67002,12509.81735,7643.071187,9871.363221,12509.81735,1136.174911,1129.336536,0.001001968,0.001005531,0.001008742,0.001011081,922.5637861,922.5637861,922.5637861,3426.643961,3426.643961,3426.643961,3426.643961,3426.643961
10/11/1998,4653.062573,3082.964999,5295.07901,5446.914232,5302.786044,5295.07901,11616.81982,5914.152711,13794.03405,11916.80066,6288.315675,13794.03405,11839.63874,7679.281835,13794.03405,10403.42196,8390.67002,13794.03405,2616.629477,2599.021951,0.001001968,0.001005531,0.001008742,0.001011081,1547.315548,1547.315548,1547.315548,4775.167989,4775.167989,4775.167989,4775.167989,4775.167989
10/12/1998,2566.560462,2463.98397,2815.672005,3145.773085,3082.964999,2815.672005,6655.557945,5366.487537,7695.00972,7027.235869,5914.152711,7695.00972,7805.444895,6288.315675,7695.00972,9257.242235,7679.281835,7695.00972,1106.154069,1099.521602,0.001001968,0.001005531,0.001008742,0.001011081,2013.549558,2013.549558,2013.549558,5772.755838,5772.755838,5772.755838,5772.755838,5772.755838
10/13/1998,1797.452405,2112.312971,1957.753546,2182.379794,2463.98397,1957.753546,3893.464888,5047.186892,4429.105006,4160.479015,5366.487537,4429.105006,4819.238784,5914.152711,4429.105006,5995.338538,6288.315675,4429.105006,755.6385078,751.3528598,0.001001968,0.001005531,0.001008742,0.001011081,2335.781501,2335.781501,2335.781501,6521.7126,6521.7126,6521.7126,6521.7126,6521.7126
10/14/1998,1880.389675,1537.143115,2028.786337,2231.094015,2112.312971,2028.786337,4166.6287,4116.104092,4693.245997,4434.545531,5047.186892,4693.245997,4551.088023,5366.487537,4693.245997,4848.543004,5914.152711,4693.245997,554.4097048,551.4114379,0.001001968,0.001005531,0.001008742,0.001011081,2597.867974,2597.867974,2597.867974,7054.905751,7054.905751,7054.905751,7054.905751,7054.905751
10/15/1998,1781.278999,2367.808273,1858.643694,1640.080917,1537.143115,1858.643694,4553.57658,3620.37199,5079.752308,4341.445847,4116.104092,5079.752308,4543.269342,5047.186892,5079.752308,5198.601692,5366.487537,5079.752308,287.1574107,285.7650831,0.001001968,0.001005531,0.001008742,0.001011081,2798.442437,2798.442437,2798.442437,7571.717981,7571.717981,7571.717981,7571.717981,7571.717981
10/16/1998,2140.798183,1853.853253,2394.96226,2383.730649,2367.808273,2394.96226,4523.317241,3268.479407,5253.294132,4584.568583,3620.37199,5253.294132,4814.359999,4116.104092,5253.294132,4363.934258,5047.186892,5253.294132,1166.453844,1159.407107,0.001001968,0.001005531,0.001008742,0.001011081,2960.458199,2960.458199,2960.458199,7557.491351,7557.491351,7557.491351,7557.491351,7557.491351
10/17/1998,1488.163959,1157.291113,1640.10609,1860.68063,1853.853253,1640.10609,4102.988566,2890.323242,4734.727973,4348.117723,3268.479407,4734.727973,4501.435988,3620.37199,4734.727973,5100.940832,4116.104092,4734.727973,726.8149346,722.7168203,0.001001968,0.001005531,0.001008742,0.001011081,2840.071567,2840.071567,2840.071567,6843.736768,6843.736768,6843.736768,6843.736768,6843.736768
10/18/1998,1001.880805,1047.490694,1059.548058,1159.60356,1157.291113,1059.548058,2416.354652,2693.395507,2690.579301,2527.745709,2890.323242,2690.579301,2800.426057,3268.479407,2690.579301,3373.471764,3620.37199,2690.579301,282.1326652,280.7689321,0.001001968,0.001005531,0.001008742,0.001011081,2337.973361,2337.973361,2337.973361,5794.053102,5794.053102,5794.053102,5794.053102,5794.053102
10/19/1998,944.3991616,989.6621381,1003.785848,1051.045115,1047.490694,1003.785848,2373.546809,2565.129331,2655.807802,2431.008086,2693.395507,2655.807802,2577.343638,2890.323242,2655.807802,2862.924601,3268.479407,2655.807802,295.6467576,294.2059499,0.001001968,0.001005531,0.001008742,0.001011081,1965.513732,1965.513732,1965.513732,4962.496623,4962.496623,4962.496623,4962.496623,4962.496623
10/20/1998,905.3997537,968.3683939,965.6995797,991.8730247,989.6621381,965.6995797,2493.787237,2442.687781,2806.233465,2526.537301,2565.129331,2806.233465,2615.515799,2693.395507,2806.233465,2767.725969,2890.323242,2806.233465,304.8634436,303.3697671,0.001001968,0.001005531,0.001008742,0.001011081,1726.69107,1726.69107,1726.69107,4357.420493,4357.420493,4357.420493,4357.420493,4357.420493
10/21/1998,880.9453443,920.7740126,943.9270756,965.4324957,968.3683939,943.9270756,2357.640517,2352.899746,2654.990189,2388.40865,2442.687781,2654.990189,2459.524417,2565.129331,2654.990189,2547.94517,2693.395507,2654.990189,321.9202994,320.3281599,0.001001968,0.001005531,0.001008742,0.001011081,1546.53378,1546.53378,1546.53378,3982.958447,3982.958447,3982.958447,3982.958447,3982.958447
10/22/1998,841.2499072,874.9237495,900.5583023,922.7519652,920.7740126,900.5583023,2248.063962,2264.267117,2528.437943,2279.522164,2352.899746,2528.437943,2335.103401,2442.687781,2528.437943,2425.178494,2565.129331,2528.437943,304.0598919,302.5708342,0.001001968,0.001005531,0.001008742,0.001011081,1418.751322,1418.751322,1418.751322,3560.099858,3560.099858,3560.099858,3560.099858,3560.099858
10/23/1998,800.8636808,811.2754899,857.0409573,876.6111589,874.9237495,857.0409573,2138.775012,2171.690485,2402.622639,2167.190667,2264.267117,2402.622639,2223.867177,2352.899746,2402.622639,2305.183845,2442.687781,2402.622639,290.6537199,289.2414515,0.001001968,0.001005531,0.001008742,0.001011081,1203.537568,1203.537568,1203.537568,3225.967238,3225.967238,3225.967238,3225.967238,3225.967238
10/24/1998,742.8403813,773.1219653,793.8533591,811.0429636,811.2754899,793.8533591,2026.473631,2102.201939,2272.959215,2051.020431,2171.690485,2272.959215,2113.94536,2264.267117,2272.959215,2199.388374,2352.899746,2272.959215,267.1993401,265.9201329,0.001001968,0.001005531,0.001008742,0.001011081,1050.092513,1050.092513,1050.092513,2909.109977,2909.109977,2909.109977,2909.109977,2909.109977
10/25/1998,709.7354114,742.8487094,758.7451905,772.6759964,773.1219653,758.7451905,1955.038733,2128.902954,2192.67436,1975.790777,2102.201939,2192.67436,2027.280124,2171.690485,2192.67436,2109.278805,2264.267117,2192.67436,258.6086637,257.3777618,0.001001968,0.001005531,0.001008742,0.001011081,963.7616779,963.7616779,963.7616779,2671.258648,2671.258648,2671.258648,2671.258648,2671.258648
10/26/1998,682.6166957,714.7895168,730.0597757,742.2920703,742.8487094,730.0597757,1898.021847,2330.826283,2128.664937,1916.663561,2128.902954,2128.664937,1961.459415,2102.201939,2128.664937,2027.533695,2171.690485,2128.664937,251.9073262,250.7139374,0.001001968,0.001005531,0.001008742,0.001011081,906.0177816,906.0177816,906.0177816,2516.802098,2516.802098,2516.802098,2516.802098,2516.802098
10/27/1998,657.3290126,700.9146176,703.1908481,714.1536413,714.7895168,703.1908481,1853.194589,2155.8429,2076.230502,1870.434139,2330.826283,2076.230502,1912.301969,2128.902954,2076.230502,1955.658944,2102.201939,2076.230502,244.9429597,243.7883953,0.001001968,0.001005531,0.001008742,0.001011081,860.2256604,860.2256604,860.2256604,2408.745875,2408.745875,2408.745875,2408.745875,2408.745875
10/28/1998,634.1470767,767.3800315,678.5772374,688.4816152,700.9146176,678.5772374,1797.476316,2116.202616,2014.047413,1813.255647,2155.8429,2014.047413,1852.551719,2330.826283,2014.047413,1912.421201,2128.902954,2014.047413,238.6152013,237.4957661,0.001001968,0.001005531,0.001008742,0.001011081,817.6692966,817.6692966,817.6692966,2317.636248,2317.636248,2317.636248,2317.636248,2317.636248
10/29/1998,722.3561161,874.5593797,775.4630025,771.9400433,767.3800315,775.4630025,1952.837697,2022.891889,2191.892764,1959.650493,2116.202616,2191.892764,1954.487408,2155.8429,2191.892764,1917.011079,2330.826283,2191.892764,276.6938416,275.3609734,0.001001968,0.001005531,0.001008742,0.001011081,787.6372204,787.6372204,787.6372204,2249.201043,2249.201043,2249.201043,2249.201043,2249.201043
10/30/1998,804.8895785,679.0654036,871.6556653,879.2694699,874.5593797,871.6556653,2199.196113,1858.235615,2491.338008,2217.485449,2022.891889,2491.338008,2209.023371,2116.202616,2491.338008,2173.773021,2155.8429,2491.338008,345.4541614,343.7249127,0.001001968,0.001005531,0.001008742,0.001011081,777.5293797,777.5293797,777.5293797,2229.815928,2229.815928,2229.815928,2229.815928,2229.815928
10/31/1998,625.0713912,630.7919068,670.6369689,678.4251172,679.0654036,670.6369689,1818.969827,1789.250148,2044.647873,1831.924495,1858.235615,2044.647873,1947.763182,2022.891889,2044.647873,2043.223814,2116.202616,2044.647873,246.1185381,244.9574319,0.001001968,0.001005531,0.001008742,0.001011081,766.4965597,766.4965597,766.4965597,2205.262754,2205.262754,2205.262754,2205.262754,2205.262754
11/1/1998,572.6900732,585.599553,614.7218828,629.9774464,630.7919068,614.7218828,1678.824093,1735.800057,1883.085712,1699.254499,1789.250148,1883.085712,1750.287362,1858.235615,1883.085712,1884.543603,2022.891889,1883.085712,229.6844763,228.6143768,0.001001968,0.001005531,0.001008742,0.001011081,746.5045833,746.5045833,746.5045833,2173.349566,2173.349566,2173.349566,2173.349566,2173.349566
11/2/1998,538.5919248,569.6292281,576.2853286,584.7976178,585.599553,576.2853286,1624.113246,1697.797798,1819.939191,1636.239738,1735.800057,1819.939191,1674.605916,1789.250148,1819.939191,1752.702505,1858.235615,1819.939191,207.4781923,206.529457,0.001001968,0.001005531,0.001008742,0.001011081,723.9658668,723.9658668,723.9658668,2131.612288,2131.612288,2131.612288,2131.612288,2131.612288
11/3/1998,525.5003259,555.9678005,562.812845,568.8427923,569.6292281,562.812845,1559.574354,1659.894965,1746.917747,1569.722649,1697.797798,1746.917747,1600.577179,1735.800057,1746.917747,1652.380484,1789.250148,1746.917747,206.2203614,205.2784419,0.001001968,0.001005531,0.001008742,0.001011081,702.3338933,702.3338933,702.3338933,2083.977221,2083.977221,2083.977221,2083.977221,2083.977221
11/4/1998,513.4668305,542.7962615,550.325338,555.1994948,555.9678005,550.325338,1535.954473,1613.893166,1721.438774,1544.847991,1659.894965,1721.438774,1572.774719,1697.797798,1721.438774,1609.975048,1735.800057,1721.438774,204.528681,203.5959178,0.001001968,0.001005531,0.001008742,0.001011081,682.2737218,682.2737218,682.2737218,2038.466753,2038.466753,2038.466753,2038.466753,2038.466753
11/5/1998,500.4395622,525.9466252,536.6910794,542.0483954,542.7962615,536.6910794,1502.159857,1661.23467,1683.64271,1511.510731,1613.893166,1683.64271,1538.010638,1659.894965,1683.64271,1574.362422,1697.797798,1683.64271,201.9788661,201.0598814,0.001001968,0.001005531,0.001008742,0.001011081,655.604375,655.604375,655.604375,1981.59731,1981.59731,1981.59731,1981.59731,1981.59731
11/6/1998,484.968068,509.8753059,519.9962237,525.2210292,525.9466252,519.9962237,1464.938928,1601.524647,1641.696941,1473.846795,1661.23467,1641.696941,1499.808597,1613.893166,1641.696941,1539.954135,1659.894965,1641.696941,196.0649957,195.1778617,0.001001968,0.001005531,0.001008742,0.001011081,612.8256546,612.8256546,612.8256546,1883.363141,1883.363141,1883.363141,1883.363141,1883.363141
11/7/1998,469.3304244,525.3530926,503.0744946,508.3130955,509.8753059,503.0744946,1426.486723,1726.453224,1598.477164,1435.071632,1601.524647,1598.477164,1459.936703,1661.23467,1598.477164,1501.08193,1613.893166,1598.477164,189.7691144,188.9157212,0.001001968,0.001005531,0.001008742,0.001011081,576.5200048,576.5200048,576.5200048,1800.782616,1800.782616,1800.782616,1800.782616,1800.782616
11/8/1998,494.4517083,575.1620041,528.9616916,525.2033545,525.3530926,528.9616916,1429.903494,3032.702743,1599.342928,1430.373581,1726.453224,1599.342928,1431.945226,1601.524647,1599.342928,1457.576542,1661.23467,1599.342928,192.1536958,191.2875438,0.001001968,0.001005531,0.001008742,0.001011081,555.0840674,555.0840674,555.0840674,1734.43837,1734.43837,1734.43837,1734.43837,1734.43837
11/9/1998,528.7702026,528.4429845,568.9844605,574.7455458,575.1620041,568.9844605,1519.842659,2488.436377,1708.399748,1531.081173,3032.702743,1708.399748,1530.302857,1726.453224,1708.399748,1507.468656,1601.524647,1708.399748,222.1537883,221.1250607,0.001001968,0.001005531,0.001008742,0.001011081,547.5111459,547.5111459,547.5111459,1701.35756,1701.35756,1701.35756,1701.35756,1701.35756
11/10/1998,447.5472814,780.5577825,479.5809787,486.3616347,528.4429845,479.5809787,1400.475792,2342.686785,1568.99773,1409.802207,2488.436377,1568.99773,1470.136822,3032.702743,1568.99773,1507.306882,1726.453224,1568.99773,181.6951877,180.884803,0.001001968,0.001005531,0.001008742,0.001011081,540.3790433,540.3790433,540.3790433,1678.589426,1678.589426,1678.589426,1678.589426,1678.589426
11/11/1998,810.1443395,1132.102565,868.5195894,794.7386206,780.5577825,868.5195894,1971.220076,2163.85769,2199.691278,1917.022475,2342.686785,2199.691278,1794.397891,2488.436377,2199.691278,1561.975585,3032.702743,2199.691278,286.7485309,285.358533,0.001001968,0.001005531,0.001008742,0.001011081,550.3006427,550.3006427,550.3006427,1689.78195,1689.78195,1689.78195,1689.78195,1689.78195
11/12/1998,1216.484169,1027.119325,1318.667746,1154.653998,1132.102565,1318.667746,3433.446742,1926.268835,3918.584944,3280.285055,2163.85769,3918.584944,3175.409215,2342.686785,3918.584944,2911.386488,2488.436377,3918.584944,506.9945925,504.2913116,0.001001968,0.001005531,0.001008742,0.001011081,614.4363816,614.4363816,614.4363816,1914.342598,1914.342598,1914.342598,1914.342598,1914.342598
11/13/1998,862.2352136,611.4613183,949.7086976,1027.350532,1027.119325,949.7086976,2382.09137,1698.375743,2722.301179,2475.257025,1926.268835,2722.301179,2588.906378,2163.85769,2722.301179,2565.975209,2342.686785,2722.301179,460.987153,458.5664866,0.001001968,0.001005531,0.001008742,0.001011081,692.4705689,692.4705689,692.4705689,2070.969571,2070.969571,2070.969571,2070.969571,2070.969571
11/14/1998,502.3796769,478.8206861,532.2113453,610.7584173,611.4613183,532.2113453,1636.482373,1562.416391,1823.737576,1714.551629,1698.375743,1823.737576,1847.596124,1926.268835,1823.737576,2238.578242,2163.85769,1823.737576,171.3539664,170.5982189,0.001001968,0.001005531,0.001008742,0.001011081,723.4336555,723.4336555,723.4336555,2176.94313,2176.94313,2176.94313,2176.94313,2176.94313
11/15/1998,434.3076413,491.5480397,455.7316351,478.1607061,478.8206861,455.7316351,1359.208841,1529.62284,1498.883399,1381.263508,1562.416391,1498.883399,1471.412583,1698.375743,1498.883399,1673.645768,1926.268835,1498.883399,124.6457623,124.1296196,0.001001968,0.001005531,0.001008742,0.001011081,730.8690614,730.8690614,730.8690614,2228.420795,2228.420795,2228.420795,2228.420795,2228.420795
11/16/1998,447.7640298,481.3024452,475.28948,486.9043432,491.5480397,475.28948,1467.547056,1529.190142,1639.062497,1479.047774,1529.62284,1639.062497,1513.371567,1562.416391,1639.062497,1594.543152,1698.375743,1639.062497,159.7818243,159.086585,0.001001968,0.001005531,0.001008742,0.001011081,724.9464612,724.9464612,724.9464612,2232.109101,2232.109101,2232.109101,2232.109101,2232.109101
11/17/1998,443.046423,469.2334131,471.078017,479.1340908,481.3024452,471.078017,1421.16586,1480.862717,1585.099617,1430.00976,1529.190142,1585.099617,1452.129263,1529.62284,1585.099617,1499.192101,1562.416391,1585.099617,161.2829999,160.5799506,0.001001968,0.001005531,0.001008742,0.001011081,719.0601901,719.0601901,719.0601901,2222.916568,2222.916568,2222.916568,2222.916568,2222.916568
11/18/1998,438.7730508,473.7134571,466.6442403,471.9479107,469.2334131,466.6442403,1346.347313,1581.461034,1498.892161,1353.487774,1480.862717,1498.892161,1371.264257,1529.190142,1498.892161,1408.475343,1529.62284,1498.892161,160.3206867,159.6226454,0.001001968,0.001005531,0.001008742,0.001011081,696.6419211,696.6419211,696.6419211,2178.631864,2178.631864,2178.631864,2178.631864,2178.631864
11/19/1998,442.4704273,499.6276761,472.5753451,474.855409,473.7134571,472.5753451,1336.943714,1580.83641,1492.994583,1341.795934,1581.461034,1492.994583,1362.190756,1480.862717,1492.994583,1383.621915,1529.190142,1492.994583,174.313046,173.5417173,0.001001968,0.001005531,0.001008742,0.001011081,622.4624982,622.4624982,622.4624982,1923.117554,1923.117554,1923.117554,1923.117554,1923.117554
11/20/1998,432.8582578,503.8300322,465.1558347,473.5701519,499.6276761,465.1558347,1331.277899,1608.220667,1493.516441,1342.555819,1580.83641,1493.516441,1370.066666,1581.461034,1493.516441,1395.454513,1480.862717,1493.516441,187.7382647,186.8957176,0.001001968,0.001005531,0.001008742,0.001011081,537.3139934,537.3139934,537.3139934,1740.55797,1740.55797,1740.55797,1740.55797,1740.55797
11/21/1998,484.774406,537.1092259,516.1707276,516.0826535,503.8300322,516.1707276,1370.768583,1501.539156,1525.505401,1375.862962,1608.220667,1525.505401,1353.269391,1580.83641,1525.505401,1351.623717,1581.461034,1525.505401,169.1291731,168.3851117,0.001001968,0.001005531,0.001008742,0.001011081,501.0051015,501.0051015,501.0051015,1613.639415,1613.639415,1613.639415,1613.639415,1613.639415
11/22/1998,521.8507155,534.2596545,556.5203327,546.0605886,537.1092259,556.5203327,1484.741031,2010.004627,1660.238614,1478.074511,1501.539156,1660.238614,1472.254133,1608.220667,1660.238614,1458.816057,1580.83641,1660.238614,192.0870858,191.2212906,0.001001968,0.001005531,0.001008742,0.001011081,495.648659,495.648659,495.648659,1567.544817,1567.544817,1567.544817,1567.544817,1567.544817
11/23/1998,497.505977,474.4991567,540.3674464,533.8583593,534.2596545,540.3674464,1438.707868,3244.507162,1622.167395,1438.671159,2010.004627,1622.167395,1517.320146,1501.539156,1622.167395,1476.093699,1608.220667,1622.167395,243.9283037,242.7793817,0.001001968,0.001005531,0.001008742,0.001011081,506.2263499,506.2263499,506.2263499,1556.231506,1556.231506,1556.231506,1556.231506,1556.231506
11/24/1998,412.4723742,397.0410865,445.4718745,473.9271386,474.4991567,445.4718745,1356.062538,2916.863482,1525.428739,1386.892815,3244.507162,1525.428739,1409.589312,2010.004627,1525.428739,1531.780515,1501.539156,1525.428739,192.5746418,191.7062349,0.001001968,0.001005531,0.001008742,0.001011081,504.7374491,504.7374491,504.7374491,1554.936619,1554.936619,1554.936619,1554.936619,1554.936619
11/25/1998,345.3850904,785.2658852,366.8370381,377.2575409,397.0410865,366.8370381,1158.243386,2750.073498,1285.954992,1168.918768,2916.863482,1285.954992,1207.767247,3244.507162,1285.954992,1289.709691,2010.004627,1285.954992,128.6180785,128.0820722,0.001001968,0.001005531,0.001008742,0.001011081,494.7279073,494.7279073,494.7279073,1545.298551,1545.298551,1545.298551,1545.298551,1545.298551
11/26/1998,689.2851874,1305.31023,746.8522334,746.2787292,785.2658852,746.8522334,2163.60634,2602.832007,2454.872739,2176.382044,2750.073498,2454.872739,2027.35777,2916.863482,2454.872739,1734.048661,3244.507162,2454.872739,293.1876949,291.7609518,0.001001968,0.001005531,0.001008742,0.001011081,506.2147293,506.2147293,506.2147293,1625.908234,1625.908234,1625.908234,1625.908234,1625.908234
11/27/1998,1390.989078,1143.686783,1511.270444,1323.774287,1305.31023,1511.270444,3969.390942,2189.138918,4534.182897,3800.878557,2602.832007,4534.182897,3576.675778,2750.073498,4534.182897,3156.478796,2916.863482,4534.182897,552.4225059,549.4366737,0.001001968,0.001005531,0.001008742,0.001011081,586.3570966,586.3570966,586.3570966,1927.070004,1927.070004,1927.070004,1927.070004,1927.070004
11/28/1998,1295.350596,1269.432642,1385.951291,1168.086629,1143.686783,1385.951291,3265.717986,2043.428986,3681.288113,3060.379106,2189.138918,3681.288113,3140.130481,2602.832007,3681.288113,3077.960875,2750.073498,3681.288113,451.2182081,448.8570592,0.001001968,0.001005531,0.001008742,0.001011081,689.3843569,689.3843569,689.3843569,2209.589692,2209.589692,2209.589692,2209.589692,2209.589692
11/29/1998,1000.490219,633.6754142,1105.7714,1269.828132,1269.432642,1105.7714,2340.041095,1796.430133,2676.924734,2530.308977,2043.428986,2676.924734,2571.896821,2189.138918,2676.924734,2636.019875,2602.832007,2676.924734,543.3127131,540.3838056,0.001001968,0.001005531,0.001008742,0.001011081,790.449192,790.449192,790.449192,2387.232073,2387.232073,2387.232073,2387.232073,2387.232073
11/30/1998,509.110856,496.3955276,528.7182755,632.9610598,633.6754142,528.7182755,1667.541513,1650.789349,1845.727294,1766.622897,1796.430133,1845.727294,1962.955781,2043.428986,1845.727294,2401.348323,2189.138918,1845.727294,109.4892339,109.0478589,0.001001968,0.001005531,0.001008742,0.001011081,825.59043,825.59043,825.59043,2514.180645,2514.180645,2514.180645,2514.180645,2514.180645
12/1/1998,477.4921956,579.999576,492.5619318,495.732394,496.3955276,492.5619318,1311.621407,1562.005051,1425.03827,1313.74816,1650.789349,1425.03827,1422.711714,1796.430133,1425.03827,1670.456216,2043.428986,1425.03827,82.19663244,81.88518011,0.001001968,0.001005531,0.001008742,0.001011081,843.3111823,843.3111823,843.3111823,2577.423455,2577.423455,2577.423455,2577.423455,2577.423455
12/2/1998,534.7469578,573.0699818,566.1025641,579.3855724,579.999576,566.1025641,1576.800035,1588.123815,1759.737867,1591.251943,1562.005051,1759.737867,1614.161951,1650.789349,1759.737867,1656.977108,1796.430133,1759.737867,178.1981492,177.4062984,0.001001968,0.001005531,0.001008742,0.001011081,869.3641849,869.3641849,869.3641849,2615.965362,2615.965362,2615.965362,2615.965362,2615.965362
12/3/1998,515.6661324,501.816014,549.1186423,572.5027411,573.0699818,549.1186423,1533.527659,1738.140693,1713.954033,1558.840644,1588.123815,1713.954033,1590.587063,1562.005051,1713.954033,1625.650383,1650.789349,1713.954033,190.4561043,189.599038,0.001001968,0.001005531,0.001008742,0.001011081,873.4083795,873.4083795,873.4083795,2558.123879,2558.123879,2558.123879,2558.123879,2558.123879
12/4/1998,456.6136053,472.0296072,482.3000809,501.2925933,501.816014,482.3000809,1373.444914,1650.618732,1523.968962,1393.049927,1738.140693,1523.968962,1429.22957,1588.123815,1523.968962,1508.449599,1562.005051,1523.968962,148.2715156,147.6357524,0.001001968,0.001005531,0.001008742,0.001011081,799.5052176,799.5052176,799.5052176,2273.587589,2273.587589,2273.587589,2273.587589,2273.587589
12/5/1998,434.5909313,615.3442354,458.7080106,468.8843106,472.0296072,458.7080106,1312.851187,1906.154772,1454.515533,1325.026878,1650.618732,1454.515533,1358.663219,1738.140693,1454.515533,1383.967279,1588.123815,1454.515533,140.1042655,139.5102454,0.001001968,0.001005531,0.001008742,0.001011081,698.1069147,698.1069147,698.1069147,1995.477455,1995.477455,1995.477455,1995.477455,1995.477455
12/6/1998,574.2366369,678.4106773,616.030828,616.1369679,615.3442354,616.030828,1501.153977,2270.127973,1678.935907,1509.031399,1906.154772,1678.935907,1476.120314,1650.618732,1678.935907,1448.097349,1738.140693,1678.935907,229.5226596,228.4534513,0.001001968,0.001005531,0.001008742,0.001011081,602.0542498,602.0542498,602.0542498,1805.596349,1805.596349,1805.596349,1805.596349,1805.596349
12/7/1998,626.9689282,509.7815461,672.1000727,679.0940661,678.4106773,672.1000727,1685.605405,1825.533984,1891.486786,1699.403505,2270.127973,1891.486786,1671.735046,1906.154772,1891.486786,1625.220434,1650.618732,1891.486786,244.5646897,243.4122292,0.001001968,0.001005531,0.001008742,0.001011081,572.9726349,572.9726349,572.9726349,1701.656524,1701.656524,1701.656524,1701.656524,1701.656524
12/8/1998,448.0488505,701.807915,476.0570675,485.7182104,509.7815461,476.0570675,1408.357577,1695.56431,1568.357797,1418.929379,1825.533984,1568.357797,1536.993324,2270.127973,1568.357797,1582.802697,1906.154772,1568.357797,161.7892953,161.0836092,0.001001968,0.001005531,0.001008742,0.001011081,571.289036,571.289036,571.289036,1666.435952,1666.435952,1666.435952,1666.435952,1666.435952
12/9/1998,697.3640941,767.7175805,759.1943575,710.703308,701.807915,759.1943575,1859.243369,1614.481105,2102.489615,1825.681446,1695.56431,2102.489615,1828.212913,1825.533984,2102.489615,1714.303833,2270.127973,2102.489615,325.4753676,323.8626076,0.001001968,0.001005531,0.001008742,0.001011081,583.1147548,583.1147548,583.1147548,1691.432619,1691.432619,1691.432619,1691.432619,1691.432619
12/10/1998,756.1071043,644.274737,819.1171675,780.0643016,767.7175805,819.1171675,2212.693428,1494.429121,2511.943757,2180.13333,1614.481105,2511.943757,2142.745226,1695.56431,2511.943757,2174.78664,1825.533984,2511.943757,336.1031188,334.4285186,0.001001968,0.001005531,0.001008742,0.001011081,600.4014373,600.4014373,600.4014373,1774.794769,1774.794769,1774.794769,1774.794769,1774.794769
12/11/1998,554.4279032,451.0315083,598.1692989,644.3664009,644.274737,598.1692989,1515.756339,1367.759946,1696.510586,1569.359643,1494.429121,1696.510586,1627.094557,1614.481105,1696.510586,1691.75944,1695.56431,1696.510586,246.6854836,245.5212207,0.001001968,0.001005531,0.001008742,0.001011081,621.2740245,621.2740245,621.2740245,1817.552969,1817.552969,1817.552969,1817.552969,1817.552969
12/12/1998,399.3373913,406.1735321,419.5182078,450.6493525,451.0315083,419.5182078,1246.73199,1311.9884,1377.465523,1277.343955,1367.759946,1377.465523,1346.696547,1494.429121,1377.465523,1535.606324,1614.481105,1377.465523,119.3682702,118.8783501,0.001001968,0.001005531,0.001008742,0.001011081,624.5521876,624.5521876,624.5521876,1843.18148,1843.18148,1843.18148,1843.18148,1843.18148
12/13/1998,379.3840914,410.2147283,398.0785579,405.823491,406.1735321,398.0785579,1174.616031,1287.942169,1299.190867,1181.487707,1311.9884,1299.190867,1221.152159,1367.759946,1299.190867,1331.853469,1494.429121,1299.190867,111.3396996,110.8892873,0.001001968,0.001005531,0.001008742,0.001011081,607.5345373,607.5345373,607.5345373,1834.385648,1834.385648,1834.385648,1834.385648,1834.385648
12/14/1998,383.3179675,399.1410322,404.6941781,409.8954406,410.2147283,404.6941781,1223.979272,1373.781682,1361.186703,1228.523648,1287.942169,1361.186703,1245.383855,1311.9884,1361.186703,1279.760445,1367.759946,1361.186703,127.5456715,127.0150382,0.001001968,0.001005531,0.001008742,0.001011081,577.8172928,577.8172928,577.8172928,1776.90614,1776.90614,1776.90614,1776.90614,1776.90614
12/15/1998,372.4917599,387.6754986,393.4976928,398.8507989,399.1410322,393.4976928,1188.848615,1355.654274,1320.294304,1193.802869,1373.781682,1320.294304,1208.189147,1287.942169,1320.294304,1236.201333,1311.9884,1320.294304,125.9522891,125.4296248,0.001001968,0.001005531,0.001008742,0.001011081,551.191709,551.191709,551.191709,1714.12362,1714.12362,1714.12362,1714.12362,1714.12362
12/16/1998,361.508985,390.3020349,381.9362419,386.558613,387.6754986,381.9362419,1147.010939,1293.435177,1272.432817,1151.5266,1355.654274,1272.432817,1166.128978,1373.781682,1272.432817,1192.022336,1287.942169,1272.432817,123.1273142,122.6187362,0.001001968,0.001005531,0.001008742,0.001011081,511.3080804,511.3080804,511.3080804,1628.275614,1628.275614,1628.275614,1628.275614,1628.275614
12/17/1998,369.3771901,427.0377721,390.6213488,388.2113771,390.3020349,390.6213488,1152.067598,1085.176098,1278.012105,1150.262295,1293.435177,1278.012105,1160.548487,1355.654274,1278.012105,1170.886379,1373.781682,1278.012105,127.6991542,127.1677524,0.001001968,0.001005531,0.001008742,0.001011081,465.5497084,465.5497084,465.5497084,1490.68838,1490.68838,1490.68838,1490.68838,1490.68838
12/18/1998,403.409803,397.278049,430.4174665,428.6271468,427.0377721,430.4174665,1263.043427,479.614982,1411.577541,1262.683799,1085.176098,1411.577541,1265.236309,1293.435177,1411.577541,1255.509946,1355.654274,1411.577541,159.0258905,158.3345796,0.001001968,0.001005531,0.001008742,0.001011081,429.1197575,429.1197575,429.1197575,1413.654623,1413.654623,1413.654623,1413.654623,1413.654623
12/19/1998,369.02875,364.4634072,392.7696608,397.7495103,397.278049,392.7696608,1209.806652,785.5645789,1349.262593,1214.903193,479.614982,1349.262593,1235.192006,1085.176098,1349.262593,1263.822439,1293.435177,1349.262593,143.1411398,142.5316442,0.001001968,0.001005531,0.001008742,0.001011081,414.0612856,414.0612856,414.0612856,1365.628858,1365.628858,1365.628858,1365.628858,1365.628858
12/20/1998,330.1209156,288.087096,349.3849751,361.2857235,364.4634072,349.3849751,1096.91181,1882.82894,1217.032223,1108.360226,785.5645789,1217.032223,1123.76923,479.614982,1217.032223,1177.205125,1085.176098,1217.032223,118.248715,117.7643325,0.001001968,0.001005531,0.001008742,0.001011081,403.968754,403.968754,403.968754,1337.217566,1337.217566,1337.217566,1337.217566,1337.217566
12/21/1998,294.673702,582.9490889,297.4499426,241.4553965,288.087096,297.4499426,901.7067369,2438.698081,970.1272746,841.5871094,1882.82894,970.1272746,837.2385605,785.5645789,970.1272746,973.6908921,479.614982,970.1272746,0.001000564,0.001006515,0.001001968,0.001005531,0.001008742,0.001011081,378.9626045,378.9626045,378.9626045,1293.268394,1293.268394,1293.268394,1293.268394,1293.268394
12/22/1998,991.8687203,1456.657038,1007.831321,596.9570524,582.9490889,1007.831321,1145.225066,2490.499524,1167.985357,752.6693868,2438.698081,1167.985357,448.0835246,1882.82894,1167.985357,353.7777086,785.5645789,1167.985357,0.001000564,0.001006515,0.001001968,0.001005531,0.001008742,0.001011081,363.2969713,363.2969713,363.2969713,1179.791449,1179.791449,1179.791449,1179.791449,1179.791449
12/23/1998,1731.938362,2246.126087,1834.839386,1486.971457,1456.657038,1834.839386,2198.795109,2376.629946,2395.988,1894.280267,2490.499524,2395.988,1586.400577,2438.698081,2395.988,821.3528988,1882.82894,2395.988,507.0098571,504.3064819,0.001001968,0.001005531,0.001008742,0.001011081,462.7258266,462.7258266,462.7258266,1156.718765,1156.718765,1156.718765,1156.718765,1156.718765
12/24/1998,1738.001582,974.6580754,1969.675321,2247.70721,2246.126087,1969.675321,2994.546208,1890.432523,3522.377675,3347.666472,2376.629946,3522.377675,3367.100876,2490.499524,3522.377675,2432.332486,2438.698081,3522.377675,1114.344358,1107.655783,0.001001968,0.001005531,0.001008742,0.001011081,700.5599735,700.5599735,700.5599735,1335.412097,1335.412097,1335.412097,1335.412097,1335.412097
12/25/1998,713.999429,586.4383622,742.5964366,974.3497125,974.6580754,742.5964366,1886.105146,1673.40301,2086.195612,2114.802895,1890.432523,2086.195612,2434.863326,2376.629946,2086.195612,3225.691983,2490.499524,2086.195612,163.2499862,162.5366853,0.001001968,0.001005531,0.001008742,0.001011081,824.7155303,824.7155303,824.7155303,1566.872903,1566.872903,1566.872903,1566.872903,1566.872903
12/26/1998,517.0205444,619.4006242,521.9434006,586.155551,586.4383622,521.9434006,925.2128886,1779.784649,954.5292277,990.5900498,1673.40301,954.5292277,1232.111918,1890.432523,954.5292277,1697.29963,2376.629946,954.5292277,19.23481065,19.18597544,0.001001968,0.001005531,0.001008742,0.001011081,884.5036539,884.5036539,884.5036539,1711.009634,1711.009634,1711.009634,1711.009634,1711.009634
12/27/1998,566.8312088,596.8465327,588.1356113,619.1484278,619.4006242,588.1356113,1508.473764,1586.481574,1668.481936,1537.357602,1779.784649,1668.481936,1612.082907,1673.40301,1668.481936,1773.567825,1890.432523,1668.481936,124.2079433,123.6939833,0.001001968,0.001005531,0.001008742,0.001011081,930.1075886,930.1075886,930.1075886,1785.629299,1785.629299,1785.629299,1785.629299,1785.629299
12/28/1998,548.9860177,565.2381691,572.6600315,596.6225318,596.8465327,572.6600315,1472.318696,1422.738973,1624.063092,1495.324892,1586.481574,1624.063092,1538.581459,1779.784649,1624.063092,1615.419941,1673.40301,1624.063092,140.074881,139.4810103,0.001001968,0.001005531,0.001008742,0.001011081,985.4618633,985.4618633,985.4618633,1857.609936,1857.609936,1857.609936,1857.609936,1857.609936
12/29/1998,522.0140142,540.9252041,545.2969077,565.0385403,565.2381691,545.2969077,1387.798338,1349.007009,1528.451122,1407.616624,1422.738973,1528.451122,1444.51109,1586.481574,1528.451122,1494.95444,1779.784649,1528.451122,138.8585294,138.2708412,0.001001968,0.001005531,0.001008742,0.001011081,1027.811737,1027.811737,1027.811737,2005.120931,2005.120931,2005.120931,2005.120931,2005.120931
12/30/1998,500.6552498,517.7441302,523.7983235,540.7473249,540.9252041,523.7983235,1513.172047,4921.990428,1680.069406,1527.396044,1349.007009,1680.069406,1554.537524,1422.738973,1680.069406,1597.696554,1586.481574,1680.069406,138.8263157,138.2387911,0.001001968,0.001005531,0.001008742,0.001011081,952.4846889,952.4846889,952.4846889,2089.621854,2089.621854,2089.621854,2089.621854,2089.621854
12/31/1998,479.9363243,489.9213143,502.5917351,517.5863616,517.7441302,502.5917351,1351.358624,7128.258273,1490.606509,1365.776646,4921.990428,1490.606509,1392.311592,1349.007009,1490.606509,1443.41476,1422.738973,1490.606509,136.7469971,136.1700198,0.001001968,0.001005531,0.001008742,0.001011081,735.5369311,735.5369311,735.5369311,1948.831097,1948.831097,1948.831097,1948.831097,1948.831097
1/1/1999,455.166247,469.2747087,476.6034556,489.7820487,489.9213143,476.6034556,1202.138664,4082.402075,1320.408937,1216.343574,7128.258273,1320.408937,1245.256107,4921.990428,1320.408937,1289.367425,1349.007009,1320.408937,130.6051234,130.0591415,0.001001968,0.001005531,0.001008742,0.001011081,624.1885882,624.1885882,624.1885882,1717.319575,1717.319575,1717.319575,1717.319575,1717.319575
1/2/1999,436.493949,506.8574443,457.3674878,469.1525261,469.2747087,457.3674878,1154.27264,2359.225779,1267.997638,1167.43996,4082.402075,1267.997638,1193.136353,7128.258273,1267.997638,1225.167853,4921.990428,1267.997638,128.0155619,127.4825754,0.001001968,0.001005531,0.001008742,0.001011081,575.2706783,575.2706783,575.2706783,1565.57986,1565.57986,1565.57986,1565.57986,1565.57986
1/3/1999,430.5496574,855.2481256,451.61277,462.184827,506.8574443,451.61277,4240.647903,2102.112385,4933.859126,4189.039009,2359.225779,4933.859126,4128.735592,4082.402075,4933.859126,4183.156387,7128.258273,4933.859126,128.8017747,128.2648473,0.001001968,0.001005531,0.001008742,0.001011081,543.6188115,543.6188115,543.6188115,2013.687939,2013.687939,2013.687939,2013.687939,2013.687939
1/4/1999,800.341761,535.1803215,884.7191946,865.6746542,855.2481256,884.7191946,6602.882695,1853.675822,7780.560008,6514.503062,2102.112385,7780.560008,6381.050641,2359.225779,7780.560008,6189.225416,4082.402075,7780.560008,409.2928188,407.1850038,0.001001968,0.001005531,0.001008742,0.001011081,565.5681854,565.5681854,565.5681854,2825.944436,2825.944436,2825.944436,2825.944436,2825.944436
1/5/1999,536.5138474,683.9461088,562.4533631,544.86065,535.1803215,562.4533631,3693.856471,2260.873407,4242.382632,3641.879547,1853.675822,4242.382632,3645.393672,2102.112385,4242.382632,3914.463458,2359.225779,4242.382632,136.5066495,135.9308895,0.001001968,0.001005531,0.001008742,0.001011081,563.6133411,563.6133411,563.6133411,3211.709737,3211.709737,3211.709737,3211.709737,3211.709737
1/6/1999,652.5963179,651.0991227,703.8942269,685.1382075,683.9461088,703.8942269,1850.709219,2616.189616,2080.634882,1839.963038,2260.873407,2080.634882,1859.721931,1853.675822,2080.634882,1865.156478,2102.112385,2080.634882,279.2064099,277.8592943,0.001001968,0.001005531,0.001008742,0.001011081,579.7919397,579.7919397,579.7919397,3298.8773,3298.8773,3298.8773,3298.8773,3298.8773
1/7/1999,579.5261989,584.4264482,622.53708,651.9968052,651.0991227,622.53708,1822.626857,2472.612697,2050.705626,1855.171029,2616.189616,2050.705626,1863.374985,2260.873407,2050.705626,1932.076953,1853.675822,2050.705626,238.6497146,237.5300882,0.001001968,0.001005531,0.001008742,0.001011081,594.7221745,594.7221745,594.7221745,3362.119503,3362.119503,3362.119503,3362.119503,3362.119503
1/8/1999,497.8857414,907.9583233,527.4643362,542.4463206,584.4264482,527.4643362,1519.658717,2641.794885,1687.281705,1536.195266,2472.612697,1687.281705,1583.551091,2616.189616,1687.281705,1671.070966,2260.873407,1687.281705,168.3568872,167.6168766,0.001001968,0.001005531,0.001008742,0.001011081,604.5902027,604.5902027,604.5902027,3432.598712,3432.598712,3432.598712,3432.598712,3432.598712
1/9/1999,960.8798745,1332.505832,1023.785275,845.3364407,907.9583233,1023.785275,2396.553751,2667.081841,2684.295866,2231.553247,2641.794885,2684.295866,2127.256903,2472.612697,2684.295866,1979.270866,2616.189616,2684.295866,298.1359739,296.6809114,0.001001968,0.001005531,0.001008742,0.001011081,637.0856904,637.0856904,637.0856904,3575.503885,3575.503885,3575.503885,3575.503885,3575.503885
1/10/1999,1150.201303,1002.340173,1269.281602,1359.9364,1332.505832,1269.281602,2919.365968,2646.059247,3342.885681,3044.121189,2667.081841,3342.885681,2885.598661,2641.794885,3342.885681,2513.183779,2472.612697,3342.885681,527.0855754,524.2577433,0.001001968,0.001005531,0.001008742,0.001011081,732.4902401,732.4902401,732.4902401,3277.123575,3277.123575,3277.123575,3277.123575,3277.123575
1/11/1999,874.4851392,860.2249612,961.5202246,1022.251432,1002.340173,961.5202246,2370.471333,3123.266555,2702.808952,2452.093839,2646.059247,2702.808952,2702.951221,2667.081841,2702.808952,2653.903097,2641.794885,2702.808952,420.0698443,417.8972444,0.001001968,0.001005531,0.001008742,0.001011081,794.8596945,794.8596945,794.8596945,2649.531042,2649.531042,2649.531042,2649.531042,2649.531042
1/12/1999,778.2166458,799.3283164,852.9658804,866.5709256,860.2249612,852.9658804,2068.706972,2539.152457,2346.992745,2100.944292,3123.266555,2346.992745,2233.233982,2646.059247,2346.992745,2533.187954,2667.081841,2346.992745,373.6795823,371.7840956,0.001001968,0.001005531,0.001008742,0.001011081,848.2941003,848.2941003,848.2941003,2414.150203,2414.150203,2414.150203,2414.150203,2414.150203
1/13/1999,726.6208981,752.0021169,794.2820204,803.9013285,799.3283164,794.2820204,1969.558352,2265.54489,2229.194266,1995.39319,2539.152457,2229.194266,2058.179912,3123.266555,2229.194266,2211.998796,2646.059247,2229.194266,342.2868469,340.5761328,0.001001968,0.001005531,0.001008742,0.001011081,869.785009,869.785009,869.785009,2416.500458,2416.500458,2416.500458,2416.500458,2416.500458
1/14/1999,685.6272738,726.0015653,747.1537669,755.5024815,752.0021169,747.1537669,2159.77012,4060.504818,2452.344864,2177.038927,2265.54489,2452.344864,2223.553042,2539.152457,2452.344864,2295.539326,3123.266555,2452.344864,316.3084408,314.7487835,0.001001968,0.001005531,0.001008742,0.001011081,888.3648451,888.3648451,888.3648451,2495.355541,2495.355541,2495.355541,2495.355541,2495.355541
1/15/1999,663.2609336,732.5373799,722.1483621,728.675133,726.0015653,722.1483621,2662.708807,8278.691965,3044.911559,2666.156503,4060.504818,3044.911559,2693.385188,2265.54489,3044.911559,2760.246603,2539.152457,3044.911559,306.3910621,304.8885997,0.001001968,0.001005531,0.001008742,0.001011081,911.4388422,911.4388422,911.4388422,2672.854061,2672.854061,2672.854061,2672.854061,2672.854061
1/16/1999,666.1979435,727.7850824,727.4533391,734.5938193,732.5373799,727.4533391,2191.323897,11600.87945,2491.815222,2206.333191,8278.691965,2491.815222,2230.713143,4060.504818,2491.815222,2286.00795,2265.54489,2491.815222,312.9303618,311.3902165,0.001001968,0.001005531,0.001008742,0.001011081,913.9926548,913.9926548,913.9926548,2702.462373,2702.462373,2702.462373,2702.462373,2702.462373
1/17/1999,608.5437693,1398.88256,662.1811424,667.7237351,727.7850824,662.1811424,1913.768165,11822.57064,2164.628186,1927.560509,11600.87945,2164.628186,1987.745812,8278.691965,2164.628186,2052.693798,4060.504818,2164.628186,283.1570983,281.7875415,0.001001968,0.001005531,0.001008742,0.001011081,851.8280703,851.8280703,851.8280703,2614.812484,2614.812484,2614.812484,2614.812484,2614.812484
1/18/1999,749.2667437,2728.431482,811.7703756,827.4004506,1398.88256,811.7703756,3974.313951,13272.1038,4543.305831,3981.684228,11822.57064,4543.305831,3880.116473,11600.87945,4543.305831,3584.453471,8278.691965,4543.305831,282.6228338,281.2563146,0.001001968,0.001005531,0.001008742,0.001011081,781.2826745,781.2826745,781.2826745,2831.690298,2831.690298,2831.690298,2831.690298,2831.690298
1/19/1999,3982.054355,5473.882663,4208.323654,2970.984632,2728.431482,4208.323654,12184.46044,12654.36937,13838.3289,11040.54541,13272.1038,13838.3289,9749.215954,11822.57064,13838.3289,7883.118132,11600.87945,13838.3289,514.9632399,512.2106383,0.001001968,0.001005531,0.001008742,0.001011081,883.1469949,883.1469949,883.1469949,3904.642573,3904.642573,3904.642573,3904.642573,3904.642573
1/20/1999,6498.536913,9240.918111,7051.580094,5644.485884,5473.882663,7051.580094,16014.90493,12275.46276,18518.08731,14728.17547,12654.36937,18518.08731,13791.16866,13272.1038,18518.08731,11884.11881,11822.57064,18518.08731,2156.316939,2142.162146,0.001001968,0.001005531,0.001008742,0.001011081,1390.952631,1390.952631,1390.952631,5557.700243,5557.700243,5557.700243,5557.700243,5557.700243
1/21/1999,7822.606019,6778.440355,9198.973805,9237.341003,9240.918111,9198.973805,14896.47169,21251.2396,18120.0922,15359.16806,12275.46276,18120.0922,16150.08623,12654.36937,18120.0922,12139.74682,13272.1038,18120.0922,5500.781277,5460.28645,0.001001968,0.001005531,0.001008742,0.001011081,2538.638577,2538.638577,2538.638577,7122.510098,7122.510098,7122.510098,7122.510098,7122.510098
1/22/1999,5065.358005,5089.539385,5805.063344,6731.331201,6778.440355,5805.063344,12193.04979,27550.397,14494.75519,13309.03528,21251.2396,14494.75519,13946.29908,12275.46276,14494.75519,16136.42181,12654.36937,14494.75519,3073.365009,3052.263062,0.001001968,0.001005531,0.001008742,0.001011081,3403.806746,3403.806746,3403.806746,8758.04811,8758.04811,8758.04811,8758.04811,8758.04811
1/23/1999,3973.794938,7969.635412,4301.377207,4385.117784,5089.539385,4301.377207,7534.94895,26461.55737,8468.396459,7758.563223,27550.397,8468.396459,8696.882222,21251.2396,8468.396459,10255.55192,12275.46276,8468.396459,1350.923061,1342.593039,0.001001968,0.001005531,0.001008742,0.001011081,4021.463271,4021.463271,4021.463271,10282.98873,10282.98873,10282.98873,10282.98873,10282.98873
1/24/1999,9329.886137,13979.8152,10210.52104,8001.819334,7969.635412,10210.52104,17161.98717,23403.08124,19304.98064,15435.37899,26461.55737,19304.98064,15061.35015,27550.397,19304.98064,10339.57913,21251.2396,19304.98064,3083.972307,3062.788482,0.001001968,0.001005531,0.001008742,0.001011081,4904.593628,4904.593628,4904.593628,12102.83191,12102.83191,12102.83191,12102.83191,12102.83191
1/25/1999,14490.52514,17300.21707,16354.21865,14281.03768,13979.8152,16354.21865,29838.91281,20507.84196,35140.84522,28388.12688,23403.08124,35140.84522,27380.046,26461.55737,35140.84522,23502.44542,27550.397,35140.84522,6847.125279,6795.443141,0.001001968,0.001005531,0.001008742,0.001011081,6480.22393,6480.22393,6480.22393,14989.32549,14989.32549,14989.32549,14989.32549,14989.32549
1/26/1999,14258.99619,11852.25713,16729.77686,17423.27782,17300.21707,16729.77686,28738.03289,16837.38763,35006.49738,30163.1573,20507.84196,35006.49738,31267.86613,23403.08124,35006.49738,28612.40139,26461.55737,35006.49738,9292.127914,9219.57626,0.001001968,0.001005531,0.001008742,0.001011081,8583.393603,8583.393603,8583.393603,17722.3879,17722.3879,17722.3879,17722.3879,17722.3879
1/27/1999,8807.156951,6842.474332,10099.69422,11898.07961,11852.25713,10099.69422,18776.82621,13157.90916,22417.61096,20937.3474,16837.38763,22417.61096,23166.61812,20507.84196,22417.61096,27465.37535,23403.08124,22417.61096,5102.535355,5065.298698,0.001001968,0.001005531,0.001008742,0.001011081,9824.916542,9824.916542,9824.916542,19690.42974,19690.42974,19690.42974,19690.42974,19690.42974
1/28/1999,5403.231272,5537.652239,5923.94314,6872.181035,6842.474332,5923.94314,10427.05899,11012.7042,11924.98612,11549.42394,13157.90916,11924.98612,13980.44443,16837.38763,11924.98612,18587.03889,20507.84196,11924.98612,2154.313007,2140.173075,0.001001968,0.001005531,0.001008742,0.001011081,9836.000112,9836.000112,9836.000112,20935.14538,20935.14538,20935.14538,20935.14538,20935.14538
1/29/1999,4660.943964,4952.161684,5126.211015,5558.175817,5537.652239,5126.211015,10530.15758,10898.1391,12145.78966,11087.5648,11012.7042,12145.78966,12509.82755,13157.90916,12145.78966,15022.25891,16837.38763,12145.78966,1955.386794,1942.713835,0.001001968,0.001005531,0.001008742,0.001011081,9813.274344,9813.274344,9813.274344,21263.82496,21263.82496,21263.82496,21263.82496,21263.82496
1/30/1999,4244.60577,4410.263263,4697.462354,4966.857967,4952.161684,4697.462354,10606.56198,10995.99182,12335.487,10973.16607,10898.1391,12335.487,11815.99771,11012.7042,12335.487,13310.69475,13157.90916,12335.487,1924.366145,1911.920435,0.001001968,0.001005531,0.001008742,0.001011081,9877.258747,9877.258747,9877.258747,21298.63816,21298.63816,21298.63816,21298.63816,21298.63816
1/31/1999,3816.854218,3974.75426,4225.687249,4421.086234,4410.263263,4225.687249,8997.357031,12310.26857,10432.92555,9293.566246,10995.99182,10432.92555,9948.062867,10898.1391,10432.92555,10919.94778,11012.7042,10432.92555,1758.491146,1747.253193,0.001001968,0.001005531,0.001008742,0.001011081,9577.142801,9577.142801,9577.142801,20770.0567,20770.0567,20770.0567,20770.0567,20770.0567
2/1/1999,3462.77576,4358.118907,3831.879194,3980.62642,3974.75426,3831.879194,7892.649603,12853.04897,9130.388396,8138.677512,12310.26857,9130.388396,8684.174698,10995.99182,9130.388396,9415.577463,10898.1391,9130.388396,1605.612368,1595.47576,0.001001968,0.001005531,0.001008742,0.001011081,8504.955003,8504.955003,8504.955003,18675.87384,18675.87384,18675.87384,18675.87384,18675.87384
2/2/1999,3625.897164,4990.306225,4022.249784,4011.764289,4358.118907,4022.249784,8980.76452,12707.21349,10398.56721,9074.356811,12853.04897,10398.56721,9420.236179,12310.26857,10398.56721,9407.450544,10995.99182,10398.56721,1700.68493,1689.864802,0.001001968,0.001005531,0.001008742,0.001011081,6745.558391,6745.558391,6745.558391,15987.87245,15987.87245,15987.87245,15987.87245,15987.87245
2/3/1999,5044.106507,5489.099316,5593.400534,5086.857466,4990.306225,5593.400534,11377.72603,12189.08077,13160.41504,11059.19613,12707.21349,13160.41504,11205.56153,12853.04897,13160.41504,10232.19932,12310.26857,13160.41504,2162.932953,2148.729089,0.001001968,0.001005531,0.001008742,0.001011081,5568.810448,5568.810448,5568.810448,13677.66999,13677.66999,13677.66999,13677.66999,13677.66999
2/4/1999,5878.060476,7617.474472,6448.445048,5580.656885,5489.099316,6448.445048,12886.1978,13004.83613,14874.99142,12178.15224,12189.08077,14874.99142,12159.18092,12707.21349,14874.99142,12221.08537,12853.04897,14874.99142,2318.413561,2303.051626,0.001001968,0.001005531,0.001008742,0.001011081,5034.941705,5034.941705,5034.941705,12347.31262,12347.31262,12347.31262,12347.31262,12347.31262
2/5/1999,6739.27945,6383.467226,7661.811382,7637.574198,7617.474472,7661.811382,12880.1645,12005.20489,15232.96494,13147.92028,13004.83613,15232.96494,13227.57124,12189.08077,15232.96494,11782.95691,12707.21349,15232.96494,3756.754853,3730.318496,0.001001968,0.001005531,0.001008742,0.001011081,5075.701965,5075.701965,5075.701965,11808.08415,11808.08415,11808.08415,11808.08415,11808.08415
2/6/1999,5292.943221,5038.918953,5920.136042,6398.854793,6383.467226,5920.136042,11239.8854,10287.33278,13141.48398,11893.9049,12005.20489,13141.48398,12461.2151,13004.83613,13141.48398,13235.24869,12189.08077,13141.48398,2621.040485,2603.399518,0.001001968,0.001005531,0.001008742,0.001011081,5214.146537,5214.146537,5214.146537,11814.78801,11814.78801,11814.78801,11814.78801,11814.78801
2/7/1999,4302.552388,4713.403139,4735.020426,5049.811092,5038.918953,4735.020426,8507.615369,9413.803866,9777.080882,8960.387285,10287.33278,9777.080882,9864.511105,12005.20489,9777.080882,10893.27498,13004.83613,9777.080882,1847.174704,1835.292617,0.001001968,0.001005531,0.001008742,0.001011081,5331.329183,5331.329183,5331.329183,12006.06221,12006.06221,12006.06221,12006.06221,12006.06221
2/8/1999,4083.80959,4255.897295,4524.348583,4721.583924,4713.403139,4524.348583,9433.557412,9034.938537,10953.87782,9741.632259,9413.803866,10953.87782,10424.30283,10287.33278,10953.87782,11133.74206,12005.20489,10953.87782,1890.190485,1877.994645,0.001001968,0.001005531,0.001008742,0.001011081,5449.247633,5449.247633,5449.247633,12341.07806,12341.07806,12341.07806,12341.07806,12341.07806
2/9/1999,3730.496788,3873.356237,4118.470956,4262.196427,4255.897295,4118.470956,8955.865552,9345.132524,10384.02911,9187.794125,9034.938537,10384.02911,9697.695082,9413.803866,10384.02911,10500.48417,10287.33278,10384.02911,1681.032917,1670.354456,0.001001968,0.001005531,0.001008742,0.001011081,5510.278997,5510.278997,5510.278997,12422.17789,12422.17789,12422.17789,12422.17789,12422.17789
2/10/1999,3532.947116,3880.471367,3876.92709,3878.152816,3873.356237,3876.92709,7784.082443,10219.58331,8955.176469,7876.29387,9345.132524,8955.176469,8330.014882,9034.938537,8955.176469,8899.878413,9413.803866,8955.176469,1505.402534,1495.981181,0.001001968,0.001005531,0.001008742,0.001011081,5402.105503,5402.105503,5402.105503,12146.04849,12146.04849,12146.04849,12146.04849,12146.04849
2/11/1999,3595.915028,4031.196672,3949.849526,3882.989313,3880.471367,3949.849526,7670.668711,10033.6062,8823.534902,7702.16581,10219.58331,8823.534902,8010.01173,9345.132524,8823.534902,8272.160674,9034.938537,8823.534902,1552.981625,1543.221358,0.001001968,0.001005531,0.001008742,0.001011081,5226.955561,5226.955561,5226.955561,11578.54749,11578.54749,11578.54749,11578.54749,11578.54749
2/12/1999,3762.851049,4524.528415,4132.920879,4017.113676,4031.196672,4132.920879,7953.920204,10490.35317,9147.777999,7942.859395,10033.6062,9147.777999,8161.604502,10219.58331,9147.777999,8180.801583,9345.132524,9147.777999,1620.824062,1610.578405,0.001001968,0.001005531,0.001008742,0.001011081,4801.929375,4801.929375,4801.929375,10968.69497,10968.69497,10968.69497,10968.69497,10968.69497
2/13/1999,4439.391652,5351.104934,4832.590152,4520.59996,4524.528415,4832.590152,9282.699193,10369.34813,10609.97892,9090.374544,10490.35317,10609.97892,8951.99417,10033.6062,10609.97892,8708.632648,10219.58331,10609.97892,1668.409785,1657.822218,0.001001968,0.001005531,0.001008742,0.001011081,4460.970384,4460.970384,4460.970384,10412.44879,10412.44879,10412.44879,10412.44879,10412.44879
2/14/1999,5014.620625,5577.121747,5503.66972,5355.636149,5351.104934,5503.66972,10265.96178,11390.66673,11832.40122,10255.49668,10369.34813,11832.40122,10186.53121,10490.35317,11832.40122,9667.020267,10033.6062,11832.40122,2059.727263,2046.286893,0.001001968,0.001005531,0.001008742,0.001011081,4363.145755,4363.145755,4363.145755,10158.13453,10158.13453,10158.13453,10158.13453,10158.13453
2/15/1999,4857.774648,4756.534426,5423.468333,5579.074773,5577.121747,5423.468333,9479.043166,12169.95694,11045.26923,9804.125688,11390.66673,11045.26923,10377.04074,10369.34813,11045.26923,9825.474258,10490.35317,11045.26923,2400.648147,2384.670072,0.001001968,0.001005531,0.001008742,0.001011081,4449.830592,4449.830592,4449.830592,9942.709043,9942.709043,9942.709043,9942.709043,9942.709043
2/16/1999,4129.847007,4248.942086,4553.82776,4754.287678,4756.534426,4553.82776,8653.566328,10703.30324,9998.877048,8969.808614,12169.95694,9998.877048,9547.59159,11390.66673,9998.877048,10373.40342,10369.34813,9998.877048,1834.791185,1822.999265,0.001001968,0.001005531,0.001008742,0.001011081,4521.96167,4521.96167,4521.96167,9899.026043,9899.026043,9899.026043,9899.026043,9899.026043
2/17/1999,3856.420484,4437.872753,4214.495213,4243.230569,4248.942086,4214.495213,7761.015731,9558.866921,8885.435706,7895.282037,10703.30324,8885.435706,8415.928873,12169.95694,8885.435706,9018.642874,11390.66673,8885.435706,1564.429249,1554.587253,0.001001968,0.001005531,0.001008742,0.001011081,4579.768688,4579.768688,4579.768688,9952.642512,9952.642512,9952.642512,9952.642512,9952.642512
2/18/1999,4012.817603,4613.75381,4423.879444,4436.445319,4437.872753,4423.879444,9457.258419,8962.031484,10965.40495,9567.555853,9558.866921,10965.40495,9903.205233,10703.30324,10965.40495,9956.410589,12169.95694,10965.40495,1784.721025,1773.292945,0.001001968,0.001005531,0.001008742,0.001011081,4658.249003,4658.249003,4658.249003,10243.10771,10243.10771,10243.10771,10243.10771,10243.10771
2/19/1999,4115.602723,4251.597534,4575.789066,4614.751764,4613.75381,4575.789066,10542.69618,8461.798851,12331.98711,10671.46411,8962.031484,12331.98711,11016.80339,9558.866921,12331.98711,11092.29117,10703.30324,12331.98711,1988.894781,1975.975879,0.001001968,0.001005531,0.001008742,0.001011081,4757.307965,4757.307965,4757.307965,10691.84716,10691.84716,10691.84716,10691.84716,10691.84716
2/20/1999,3754.142151,3897.314117,4147.36356,4252.632786,4251.597534,4147.36356,8795.525373,7962.033871,10204.91468,8991.72262,8461.798851,10204.91468,9364.192198,8962.031484,10204.91468,9879.592203,9558.866921,10204.91468,1718.728182,1707.777814,0.001001968,0.001005531,0.001008742,0.001011081,4793.64256,4793.64256,4793.64256,10836.84482,10836.84482,10836.84482,10836.84482,10836.84482
2/21/1999,3447.550269,3638.709053,3793.117112,3898.07175,3897.314117,3793.117112,7403.598842,7539.755169,8531.715603,7600.985781,7962.033871,8531.715603,8020.52472,8461.798851,8531.715603,8476.195145,8962.031484,8531.715603,1525.604699,1516.039597,0.001001968,0.001005531,0.001008742,0.001011081,4670.455107,4670.455107,4670.455107,10624.19357,10624.19357,10624.19357,10624.19357,10624.19357
2/22/1999,3233.903749,3440.236352,3553.958609,3639.367989,3638.709053,3553.958609,6983.663873,7180.989019,8042.095276,7153.009145,7539.755169,8042.095276,7546.450564,7962.033871,8042.095276,7965.218444,8461.798851,8042.095276,1423.500623,1414.659647,0.001001968,0.001005531,0.001008742,0.001011081,4399.965571,4399.965571,4399.965571,10318.07227,10318.07227,10318.07227,10318.07227,10318.07227
2/23/1999,3064.397318,3263.557856,3367.767951,3440.822135,3440.236352,3367.767951,6672.180294,6884.346656,7681.87306,6823.831137,7180.989019,7681.87306,7180.088295,7539.755169,7681.87306,7523.243106,7962.033871,7681.87306,1357.773619,1349.395507,0.001001968,0.001005531,0.001008742,0.001011081,4194.938887,4194.938887,4194.938887,9944.68944,9944.68944,9944.68944,9944.68944,9944.68944
2/24/1999,2911.542066,3104.28516,3199.785478,3264.083723,3263.557856,3199.785478,6353.752291,6912.458004,7312.003654,6492.67646,6884.346656,7312.003654,6821.857031,7180.989019,7312.003654,7126.857746,7539.755169,7312.003654,1297.938587,1289.979493,0.001001968,0.001005531,0.001008742,0.001011081,4037.149297,4037.149297,4037.149297,9613.021317,9613.021317,9613.021317,9613.021317,9613.021317
2/25/1999,2772.779936,2957.771771,3047.341942,3104.761921,3104.28516,3047.341942,6055.965805,8009.928539,6966.071304,6184.619176,6912.458004,6966.071304,6492.135041,6884.346656,6966.071304,6768.547053,7180.989019,6966.071304,1243.648321,1236.067386,0.001001968,0.001005531,0.001008742,0.001011081,3856.827472,3856.827472,3856.827472,9087.102433,9087.102433,9087.102433,9087.102433,9087.102433
2/26/1999,2644.042687,2826.016906,2905.767674,2958.157684,2957.771771,2905.767674,5801.679437,9303.634743,6670.92218,5921.959883,8009.928539,6670.92218,6210.635247,6912.458004,6670.92218,6463.559059,6884.346656,6670.92218,1192.413175,1185.187267,0.001001968,0.001005531,0.001008742,0.001011081,3629.650794,3629.650794,3629.650794,8371.543783,8371.543783,8371.543783,8371.543783,8371.543783
2/27/1999,2534.016526,2981.504589,2783.509675,2825.477251,2826.016906,2783.509675,5595.591835,8680.80657,6429.930824,5701.884274,9303.634743,6429.930824,5968.560839,8009.928539,6429.930824,6201.53359,6912.458004,6429.930824,1142.644986,1135.762144,0.001001968,0.001005531,0.001008742,0.001011081,3424.889132,3424.889132,3424.889132,7810.472538,7810.472538,7810.472538,7810.472538,7810.472538
2/28/1999,2621.435809,3798.567869,2905.371686,2921.313757,2981.504589,2905.371686,5894.756715,6942.5128,6810.645989,5985.225414,8680.80657,6810.645989,6254.771516,9303.634743,6810.645989,6205.244545,8009.928539,6810.645989,1292.238168,1284.318873,0.001001968,0.001005531,0.001008742,0.001011081,3270.457974,3270.457974,3270.457974,7446.011061,7446.011061,7446.011061,7446.011061,7446.011061
3/1/1999,3708.628129,4328.449397,4136.798495,3777.738267,3798.567869,4136.798495,8341.294351,11670.24571,9696.257404,8109.497887,6942.5128,9696.257404,8166.831839,8680.80657,9696.257404,7559.273654,9303.634743,9696.257404,1814.470259,1802.826145,0.001001968,0.001005531,0.001008742,0.001011081,3230.649199,3230.649199,3230.649199,7376.973886,7376.973886,7376.973886,7376.973886,7376.973886
3/2/1999,3978.862982,5453.213594,4441.467012,4341.202837,4328.449397,4441.467012,9290.139047,14585.89977,10851.64606,9305.69736,11670.24571,10851.64606,9273.181754,6942.5128,10851.64606,9023.548133,8680.80657,10851.64606,1982.384751,1969.51367,0.001001968,0.001005531,0.001008742,0.001011081,3287.590618,3287.590618,3287.590618,7610.316938,7610.316938,7610.316938,7610.316938,7610.316938
3/3/1999,3982.526622,7175.511639,4492.928407,4567.817974,5453.213594,4492.928407,8072.333529,15158.03236,9462.645715,8301.191831,14585.89977,9462.645715,8685.781926,11670.24571,9462.645715,8259.053871,6942.5128,9462.645715,2191.022879,2176.610476,0.001001968,0.001005531,0.001008742,0.001011081,3452.03003,3452.03003,3452.03003,7845.797106,7845.797106,7845.797106,7845.797106,7845.797106
3/4/1999,7515.328043,8982.788831,8428.08565,7476.170655,7175.511639,8428.08565,10763.27762,13316.67795,12386.46347,10268.57332,15158.03236,12386.46347,10017.99739,14585.89977,12386.46347,7279.219005,11670.24571,12386.46347,3207.731932,3185.590543,0.001001968,0.001005531,0.001008742,0.001011081,3921.016215,3921.016215,3921.016215,8079.105537,8079.105537,8079.105537,8079.105537,8079.105537
3/5/1999,8718.059953,8946.997089,9887.509912,9276.744214,8982.788831,9887.509912,14912.1325,11611.29896,17564.46983,14724.69948,13316.67795,17564.46983,14875.02175,15158.03236,17564.46983,13332.7789,14585.89977,17564.46983,4482.282338,4450.066622,0.001001968,0.001005531,0.001008742,0.001011081,4693.499473,4693.499473,4693.499473,9067.72092,9067.72092,9067.72092,9067.72092,9067.72092
3/6/1999,7407.855109,6147.344524,8547.726075,8982.032987,8946.997089,8547.726075,13421.86272,10018.34947,16057.10241,14230.91536,11611.29896,16057.10241,15264.38795,13316.67795,16057.10241,15082.32302,15158.03236,16057.10241,4542.100658,4509.403744,0.001001968,0.001005531,0.001008742,0.001011081,5567.751893,5567.751893,5567.751893,10323.53038,10323.53038,10323.53038,10323.53038,10323.53038
3/7/1999,4960.349699,4551.493269,5546.888135,6169.469132,6147.344524,5546.888135,10196.86274,8762.101534,11885.23758,10994.89887,10018.34947,11885.23758,12099.97057,11611.29896,11885.23758,14605.52167,13316.67795,11885.23758,2428.97315,2412.782291,0.001001968,0.001005531,0.001008742,0.001011081,6117.145013,6117.145013,6117.145013,11528.85212,11528.85212,11528.85212,11528.85212,11528.85212
3/8/1999,3941.948507,4250.594395,4321.259535,4568.319475,4551.493269,4321.259535,7275.504828,8036.489039,8301.087728,7654.046432,8762.101534,8301.087728,8700.350476,10018.34947,8301.087728,10408.97637,11611.29896,8301.087728,1603.311165,1593.191043,0.001001968,0.001005531,0.001008742,0.001011081,6374.420469,6374.420469,6374.420469,12123.88075,12123.88075,12123.88075,12123.88075,12123.88075
3/9/1999,3745.965647,3970.84333,4135.188914,4263.695898,4250.594395,4135.188914,7591.88614,7525.795444,8742.648708,7839.471028,8036.489039,8742.648708,8479.690286,8762.101534,8742.648708,9329.738414,10018.34947,8742.648708,1661.960438,1651.419279,0.001001968,0.001005531,0.001008742,0.001011081,6465.626032,6465.626032,6465.626032,12167.17532,12167.17532,12167.17532,12167.17532,12167.17532
3/10/1999,3513.74641,3705.653126,3885.969159,3981.233974,3970.84333,3885.969159,7346.736676,7477.817775,8480.566301,7550.545191,7525.795444,8480.566301,8039.631324,8036.489039,8480.566301,8612.292202,8762.101534,8480.566301,1604.591156,1594.461864,0.001001968,0.001005531,0.001008742,0.001011081,6417.236789,6417.236789,6417.236789,12097.94217,12097.94217,12097.94217,12097.94217,12097.94217
3/11/1999,3286.652636,3473.376907,3634.811329,3714.019961,3705.653126,3634.811329,6670.232954,9023.948735,7686.941214,6855.558766,7477.817775,7686.941214,7288.355292,7525.795444,7686.941214,7725.126343,8036.489039,7686.941214,1514.788498,1505.300387,0.001001968,0.001005531,0.001008742,0.001011081,6044.14584,6044.14584,6044.14584,11983.93918,11983.93918,11983.93918,11983.93918,11983.93918
3/12/1999,3086.452116,3276.413457,3412.59608,3480.202041,3473.376907,3412.59608,6241.494702,8854.652445,7186.301082,6409.279745,9023.948735,7186.301082,6801.895072,7477.817775,7186.301082,7166.979503,7525.795444,7186.301082,1431.267171,1422.371328,0.001001968,0.001005531,0.001008742,0.001011081,5352.902925,5352.902925,5352.902925,11087.9353,11087.9353,11087.9353,11087.9353,11087.9353
3/13/1999,2915.008848,3120.069236,3223.170332,3281.917541,3276.413457,3223.170332,5920.032057,7280.35589,6813.787233,6073.137791,8854.652445,6813.787233,6433.711146,9023.948735,6813.787233,6749.353938,7477.817775,6813.787233,1363.013598,1354.598683,0.001001968,0.001005531,0.001008742,0.001011081,4549.62846,4549.62846,4549.62846,9902.584501,9902.584501,9902.584501,9902.584501,9902.584501
3/14/1999,2790.476219,3603.718893,3084.824001,3116.018538,3120.069236,3084.824001,6003.894785,6802.883714,6917.761065,6118.473837,7280.35589,6917.761065,6446.400868,8854.652445,6917.761065,6703.822914,9023.948735,6917.761065,1311.105878,1303.054773,0.001001968,0.001005531,0.001008742,0.001011081,4035.665245,4035.665245,4035.665245,8754.01284,8754.01284,8754.01284,8754.01284,8754.01284
3/15/1999,3199.39732,3458.866114,3594.526512,3602.451405,3603.718893,3594.526512,8062.357362,6948.924232,9438.078201,8166.057827,6802.883714,9438.078201,8377.065875,7280.35589,9438.078201,8156.242654,8854.652445,9438.078201,1716.553042,1705.618383,0.001001968,0.001005531,0.001008742,0.001011081,3780.074832,3780.074832,3780.074832,8259.512677,8259.512677,8259.512677,8259.512677,8259.512677
3/16/1999,3131.581108,3165.628298,3475.90476,3455.066035,3458.866114,3475.90476,7783.91853,7258.542737,9056.824744,7840.847436,6948.924232,9056.824744,8014.119353,6802.883714,9056.824744,8330.165773,7280.35589,9056.824744,1505.226637,1495.806535,0.001001968,0.001005531,0.001008742,0.001011081,3606.300127,3606.300127,3606.300127,8089.173309,8089.173309,8089.173309,8089.173309,8089.173309
3/17/1999,2948.961916,3335.876884,3234.817698,3142.519433,3165.628298,3234.817698,6029.301938,8434.95993,6896.705832,6025.346162,7258.542737,6896.705832,6315.783955,6948.924232,6896.705832,6507.108397,6802.883714,6896.705832,1262.435617,1254.724043,0.001001968,0.001005531,0.001008742,0.001011081,3467.080927,3467.080927,3467.080927,7892.095997,7892.095997,7892.095997,7892.095997,7892.095997
3/18/1999,3105.142014,3516.164653,3412.134293,3324.47535,3335.876884,3412.134293,6127.844142,9978.364361,6997.103721,6142.515848,8434.95993,6997.103721,6315.78461,7258.542737,6997.103721,6230.618395,6948.924232,6997.103721,1349.752604,1341.430795,0.001001968,0.001005531,0.001008742,0.001011081,3377.611703,3377.611703,3377.611703,7730.210632,7730.210632,7730.210632,7730.210632,7730.210632
3/19/1999,3268.441169,3863.645512,3603.46253,3520.008319,3516.164653,3603.46253,6488.397411,16460.86295,7436.6564,6512.468504,9978.364361,7436.6564,6712.568283,8434.95993,7436.6564,6601.600446,7258.542737,7436.6564,1468.984804,1459.821997,0.001001968,0.001005531,0.001008742,0.001011081,3353.83465,3353.83465,3353.83465,7660.320908,7660.320908,7660.320908,7660.320908,7660.320908
3/20/1999,3522.698099,4532.884042,3931.419359,3867.591861,3863.645512,3931.419359,6779.427058,16534.45346,7853.474069,6846.783448,16460.86295,7853.474069,7146.24096,9978.364361,7853.474069,6914.987595,8434.95993,7853.474069,1783.816418,1772.3949,0.001001968,0.001005531,0.001008742,0.001011081,3414.904288,3414.904288,3414.904288,7687.596907,7687.596907,7687.596907,7687.596907,7687.596907
3/21/1999,3377.953949,8532.600858,3787.500687,3885.304565,4532.884042,3787.500687,7441.60775,15631.40527,8680.505358,7650.878688,16534.45346,8680.505358,7953.434994,16460.86295,8680.505358,8035.162703,9978.364361,8680.505358,1794.115742,1782.619485,0.001001968,0.001005531,0.001008742,0.001011081,3507.642023,3507.642023,3507.642023,7868.91456,7868.91456,7868.91456,7868.91456,7868.91456
3/22/1999,7731.679409,7195.785413,9001.193181,8585.560095,8532.600858,9001.193181,14377.63454,12598.47929,17159.9834,14524.41126,15631.40527,17159.9834,14303.18461,16534.45346,17159.9834,10079.99134,16460.86295,17159.9834,4526.751246,4494.177873,0.001001968,0.001005531,0.001008742,0.001011081,4045.428363,4045.428363,4045.428363,8231.249954,8231.249954,8231.249954,8231.249954,8231.249954
3/23/1999,7523.217339,9613.716789,8413.593969,7503.046042,7195.785413,8413.593969,18049.92875,11601.08369,21235.17047,17373.2944,12598.47929,21235.17047,17925.78663,15631.40527,21235.17047,18491.92774,16534.45346,21235.17047,3432.022669,3408.135622,0.001001968,0.001005531,0.001008742,0.001011081,4623.187191,4623.187191,4623.187191,9680.212926,9680.212926,9680.212926,9680.212926,9680.212926
3/24/1999,8677.512237,7634.221017,10119.01798,9648.448973,9613.716789,10119.01798,15096.2007,11240.36629,18239.25029,15103.91706,11601.08369,18239.25029,16173.6635,12598.47929,18239.25029,14489.50359,15631.40527,18239.25029,5679.460137,5637.4954,0.001001968,0.001005531,0.001008742,0.001011081,5513.165194,5513.165194,5513.165194,11089.23166,11089.23166,11089.23166,11089.23166,11089.23166
3/25/1999,6222.331015,5334.748376,7068.806758,7654.007765,7634.221017,7068.806758,12679.68637,10438.37812,14984.81192,13511.56992,11240.36629,14984.81192,13914.86332,11601.08369,14984.81192,16276.90763,12598.47929,14984.81192,3458.056056,3433.965568,0.001001968,0.001005531,0.001008742,0.001011081,6103.226075,6103.226075,6103.226075,12281.26001,12281.26001,12281.26001,12281.26001,12281.26001
3/26/1999,4760.638966,5481.035569,5206.040001,5351.321933,5334.748376,5206.040001,7256.288295,9924.754646,8185.819522,7582.176467,10438.37812,8185.819522,8668.668075,11240.36629,8185.819522,10100.74084,11601.08369,8185.819522,1879.386204,1867.269248,0.001001968,0.001005531,0.001008742,0.001011081,6473.437101,6473.437101,6473.437101,13106.06717,13106.06717,13106.06717,13106.06717,13106.06717
3/27/1999,4611.877152,5212.279114,5106.263679,5316.778439,5481.035569,5106.263679,8009.275013,9301.491794,9195.504495,8394.169391,9924.754646,9195.504495,9043.821834,10438.37812,9195.504495,9698.981602,11240.36629,9195.504495,2095.513503,2081.808882,0.001001968,0.001005531,0.001008742,0.001011081,6718.722422,6718.722422,6718.722422,13631.10936,13631.10936,13631.10936,13631.10936,13631.10936
3/28/1999,4537.095577,4948.047257,5023.443433,5148.386021,5212.279114,5023.443433,8799.186558,8648.568175,10143.70812,9084.306626,9301.491794,10143.70812,9707.924999,9924.754646,10143.70812,9989.234898,10438.37812,10143.70812,2013.139375,2000.042223,0.001001968,0.001005531,0.001008742,0.001011081,6936.400776,6936.400776,6936.400776,13901.4874,13901.4874,13901.4874,13901.4874,13901.4874
3/29/1999,4442.100566,4468.693434,4934.352541,5034.678377,4948.047257,4934.352541,8462.330824,8166.848613,9768.016005,8730.830106,8648.568175,9768.016005,9300.430586,9301.491794,9768.016005,9599.178344,9924.754646,9768.016005,2024.925374,2011.741479,0.001001968,0.001005531,0.001008742,0.001011081,6640.844628,6640.844628,6640.844628,13726.60111,13726.60111,13726.60111,13726.60111,13726.60111
3/30/1999,3990.014061,4189.051576,4422.309197,4509.710408,4468.693434,4422.309197,7686.853841,7742.270617,8852.679382,7917.159767,8166.848613,8852.679382,8489.908295,8648.568175,8852.679382,9102.017717,9301.491794,8852.679382,1824.235616,1812.520496,0.001001968,0.001005531,0.001008742,0.001011081,6256.334321,6256.334321,6256.334321,12362.46943,12362.46943,12362.46943,12362.46943,12362.46943
3/31/1999,3708.358704,3932.770772,4110.219071,4201.029474,4189.051576,4110.219071,7026.383134,7349.269204,8084.515893,7251.344182,7742.270617,8084.515893,7734.153901,8166.848613,8084.515893,8250.306805,8648.568175,8084.515893,1720.974213,1710.007621,0.001001968,0.001005531,0.001008742,0.001011081,5530.171565,5530.171565,5530.171565,11129.46732,11129.46732,11129.46732,11129.46732,11129.46732
4/1/1999,3498.048943,3796.187427,3873.587375,3940.931568,3932.770772,3873.587375,6687.024551,7196.809217,7687.457371,6878.468041,7349.269204,7687.457371,7324.46913,7742.270617,7687.457371,7706.86627,8166.848613,7687.457371,1622.079591,1611.824928,0.001001968,0.001005531,0.001008742,0.001011081,5059.464346,5059.464346,5059.464346,10102.27565,10102.27565,10102.27565,10102.27565,10102.27565
4/2/1999,3425.394663,3760.873184,3791.796436,3803.234603,3796.187427,3791.796436,6591.10135,6881.240491,7573.000325,6723.055427,7196.809217,7573.000325,7111.94996,7349.269204,7573.000325,7365.216663,7742.270617,7573.000325,1590.680863,1580.651176,0.001001968,0.001005531,0.001008742,0.001011081,4752.998184,4752.998184,4752.998184,9380.565147,9380.565147,9380.565147,9380.565147,9380.565147
4/3/1999,3329.771653,3416.1072,3697.313766,3767.39896,3760.873184,3697.313766,6375.512004,6503.142537,7338.855381,6567.2498,6881.240491,7338.855381,6902.68631,7196.809217,7338.855381,7087.62626,7349.269204,7338.855381,1602.044867,1591.933815,0.001001968,0.001005531,0.001008742,0.001011081,4504.189774,4504.189774,4504.189774,8873.644615,8873.644615,8873.644615,8873.644615,8873.644615
4/4/1999,3059.098084,3297.586857,3378.441676,3421.408384,3416.1072,3378.441676,5939.382754,6221.180879,6802.946943,6087.875489,6503.142537,6802.946943,6487.724643,6881.240491,6802.946943,6795.314385,7196.809217,6802.946943,1408.587555,1399.851831,0.001001968,0.001005531,0.001008742,0.001011081,4242.667303,4242.667303,4242.667303,8419.94486,8419.94486,8419.94486,8419.94486,8419.94486
4/5/1999,2909.952432,3096.179243,3221.10007,3301.719137,3297.586857,3221.10007,5722.743234,6153.510843,6567.493496,5904.499747,6221.180879,6567.493496,6238.018262,6503.142537,6567.493496,6522.82105,6881.240491,6567.493496,1380.435883,1371.898479,0.001001968,0.001005531,0.001008742,0.001011081,3980.462159,3980.462159,3980.462159,7964.496577,7964.496577,7964.496577,7964.496577,7964.496577
4/6/1999,2733.493025,2940.152454,3025.070266,3097.366258,3096.179243,3025.070266,5426.985927,6870.611117,6230.868325,5592.090372,6153.510843,6230.868325,5943.935886,6221.180879,6230.868325,6241.732554,6503.142537,6230.868325,1302.988716,1294.994346,0.001001968,0.001005531,0.001008742,0.001011081,3762.420421,3762.420421,3762.420421,7555.03491,7555.03491,7555.03491,7555.03491,7555.03491
4/7/1999,2630.787608,2879.090845,2910.011307,2943.692004,2940.152454,2910.011307,5176.089812,7567.83046,5937.916551,5299.744554,6870.611117,5937.916551,5624.609206,6153.510843,5937.916551,5878.180412,6221.180879,5937.916551,1254.202614,1246.548318,0.001001968,0.001005531,0.001008742,0.001011081,3574.262243,3574.262243,3574.262243,7205.590068,7205.590068,7205.590068,7205.590068,7205.590068
4/8/1999,2560.160314,2739.795334,2838.981236,2882.252857,2879.090845,2838.981236,5035.002211,6965.274825,5787.655686,5167.758514,7567.83046,5787.655686,5450.672369,6870.611117,5787.655686,5642.775376,6153.510843,5787.655686,1256.981039,1249.307419,0.001001968,0.001005531,0.001008742,0.001011081,3410.503446,3410.503446,3410.503446,6895.323063,6895.323063,6895.323063,6895.323063,6895.323063
4/9/1999,2407.972104,3151.966963,2669.181564,2724.80793,2739.795334,2669.181564,5056.000084,6941.109739,5805.639823,5191.797615,6965.274825,5805.639823,5478.290326,7567.83046,5805.639823,5610.834704,6870.611117,5805.639823,1186.322468,1179.138641,0.001001968,0.001005531,0.001008742,0.001011081,3254.33056,3254.33056,3254.33056,6639.480092,6639.480092,6639.480092,6639.480092,6639.480092
4/10/1999,2851.966721,3377.504396,3207.58527,3160.494529,3151.966963,3207.58527,6425.16116,6231.01777,7462.343847,6487.271773,6941.109739,7462.343847,6746.800764,6965.274825,7462.343847,6259.705305,7567.83046,7462.343847,1577.398458,1567.463782,0.001001968,0.001005531,0.001008742,0.001011081,3158.027012,3158.027012,3158.027012,6565.665879,6565.665879,6565.665879,6565.665879,6565.665879
4/11/1999,2919.285586,2983.574918,3295.324707,3364.410626,3377.504396,3295.324707,6957.580509,5953.29742,8132.650573,7125.192389,6231.01777,8132.650573,7276.412218,6941.109739,8132.650573,7440.143996,6965.274825,8132.650573,1660.344138,1649.814606,0.001001968,0.001005531,0.001008742,0.001011081,3110.724176,3110.724176,3110.724176,6627.198493,6627.198493,6627.198493,6627.198493,6627.198493
4/12/1999,2863.556349,3372.758478,3158.498068,2992.78927,2983.574918,3158.498068,6027.396942,5840.387814,6907.046177,5957.673421,5953.29742,6907.046177,6202.461107,6231.01777,6907.046177,6416.363851,6941.109739,6907.046177,1293.257084,1285.330676,0.001001968,0.001005531,0.001008742,0.001011081,3056.87955,3056.87955,3056.87955,6640.017415,6640.017415,6640.017415,6640.017415,6640.017415
4/13/1999,2973.384218,2699.72547,3329.394117,3385.889636,3372.758478,3329.394117,6012.203466,5832.148382,6969.505446,6181.081773,5840.387814,6969.505446,6332.696306,5953.29742,6969.505446,6306.060724,6231.01777,6969.505446,1564.528175,1554.685472,0.001001968,0.001005531,0.001008742,0.001011081,3062.117144,3062.117144,3062.117144,6703.633444,6703.633444,6703.633444,6703.633444,6703.633444
4/14/1999,2310.108653,2303.869153,2568.085866,2700.844711,2699.72547,2568.085866,4835.304287,5575.3957,5564.618553,5046.926625,5832.148382,5564.618553,5530.898418,5840.387814,5564.618553,5928.022353,5953.29742,5564.618553,1176.92102,1169.802098,0.001001968,0.001005531,0.001008742,0.001011081,3052.636876,3052.636876,3052.636876,6703.302613,6703.302613,6703.302613,6703.302613,6703.302613
4/15/1999,2031.965521,2196.087108,2241.108776,2304.402097,2303.869153,2241.108776,4234.534385,5056.63773,4837.68129,4362.608977,5575.3957,4837.68129,4711.530235,5832.148382,4837.68129,5285.583934,5840.387814,4837.68129,970.0051441,964.2974889,0.001001968,0.001005531,0.001008742,0.001011081,2988.216232,2988.216232,2988.216232,6667.09045,6667.09045,6667.09045,6667.09045,6667.09045
4/16/1999,1946.709467,2324.781547,2149.431552,2184.408273,2196.087108,2149.431552,4366.766582,5143.661414,4998.414285,4459.848656,5056.63773,4998.414285,4706.891194,5575.3957,4998.414285,4947.726751,5832.148382,4998.414285,945.880287,940.3348666,0.001001968,0.001005531,0.001008742,0.001011081,2912.761414,2912.761414,2912.761414,6571.473766,6571.473766,6571.473766,6571.473766,6571.473766
4/17/1999,2210.620952,2691.67299,2440.613513,2322.328978,2324.781547,2440.613513,5160.271575,5723.490878,5919.506541,5105.044006,5143.661414,5919.506541,5260.980784,5056.63773,5919.506541,5203.066724,5575.3957,5919.506541,1057.474139,1051.174075,0.001001968,0.001005531,0.001008742,0.001011081,2795.189889,2795.189889,2795.189889,6383.841179,6383.841179,6383.841179,6383.841179,6383.841179
4/18/1999,2523.561488,2585.382069,2800.475599,2700.831864,2691.67299,2800.475599,5308.815033,5767.716601,6112.375055,5291.114414,5723.490878,6112.375055,5324.351669,5143.661414,6112.375055,5256.133723,5056.63773,6112.375055,1253.163967,1245.516894,0.001001968,0.001005531,0.001008742,0.001011081,2693.416827,2693.416827,2693.416827,6089.28054,6089.28054,6089.28054,6089.28054,6089.28054
4/19/1999,2259.644398,2258.001619,2513.151594,2587.324788,2585.382069,2513.151594,4467.520303,5050.341093,5135.018584,4623.271539,5767.716601,5135.018584,4845.914213,5723.490878,5135.018584,4845.444163,5143.661414,5135.018584,1166.368863,1159.322712,0.001001968,0.001005531,0.001008742,0.001011081,2635.170148,2635.170148,2635.170148,5821.572858,5821.572858,5821.572858,5821.572858,5821.572858
4/20/1999,1962.899992,2132.810072,2167.147916,2257.044288,2258.001619,2167.147916,4177.784445,5196.35148,4773.710421,4330.09965,5050.341093,4773.710421,4607.773502,5767.716601,4773.710421,4866.918693,5723.490878,4773.710421,957.1262113,951.5052287,0.001001968,0.001005531,0.001008742,0.001011081,2509.274958,2509.274958,2509.274958,5573.960301,5573.960301,5573.960301,5573.960301,5573.960301
4/21/1999,1910.611174,2193.832038,2102.884283,2135.812249,2132.810072,2102.884283,4609.865052,5689.698982,5277.469191,4692.320404,5196.35148,5277.469191,4897.428097,5050.341093,5277.469191,5107.497373,5767.716601,5277.469191,902.1463333,896.8936691,0.001001968,0.001005531,0.001008742,0.001011081,2398.157936,2398.157936,2398.157936,5486.823343,5486.823343,5486.823343,5486.823343,5486.823343
4/22/1999,1950.010901,2067.099779,2162.454609,2192.429528,2193.832038,2162.454609,4815.259774,5184.109506,5547.506379,4897.049543,5689.698982,5547.506379,5080.933816,5196.35148,5547.506379,5160.820681,5050.341093,5547.506379,993.7629272,987.895006,0.001001968,0.001005531,0.001008742,0.001011081,2359.93972,2359.93972,2359.93972,5470.086904,5470.086904,5470.086904,5470.086904,5470.086904
4/23/1999,1831.926013,2511.945242,2033.410761,2053.804036,2067.099779,2033.410761,4214.777925,5046.249398,4837.379033,4291.450804,5184.109506,4837.379033,4540.885689,5689.698982,4837.379033,4665.430454,5196.35148,4837.379033,951.2046333,945.6234524,0.001001968,0.001005531,0.001008742,0.001011081,2341.691453,2341.691453,2341.691453,5413.831775,5413.831775,5413.831775,5413.831775,5413.831775
4/24/1999,2508.957368,3160.118792,2779.956469,2518.577317,2511.945242,2779.956469,5178.101267,4850.660517,5933.753151,5005.953898,5046.249398,5933.753151,5043.96901,5184.109506,5933.753151,4747.52953,5689.698982,5933.753151,1221.811048,1214.381656,0.001001968,0.001005531,0.001008742,0.001011081,2346.276339,2346.276339,2346.276339,5351.723401,5351.723401,5351.723401,5351.723401,5351.723401
4/25/1999,2791.425874,2366.176925,3146.046012,3168.865538,3160.118792,3146.046012,5755.596719,4298.733092,6706.604593,5886.005416,4850.660517,6706.604593,5874.715639,5046.249398,6706.604593,5554.204928,5184.109506,6706.604593,1582.06591,1572.097858,0.001001968,0.001005531,0.001008742,0.001011081,2396.301144,2396.301144,2396.301144,5389.076892,5389.076892,5389.076892,5389.076892,5389.076892
4/26/1999,1986.435685,1841.293304,2210.30566,2366.715998,2366.176925,2210.30566,4220.562881,3945.634294,4851.613297,4444.135209,4298.733092,4851.613297,4878.801947,4850.660517,4851.613297,5223.452217,5046.249398,4851.613297,1049.087593,1042.844605,0.001001968,0.001005531,0.001008742,0.001011081,2398.966934,2398.966934,2398.966934,5438.187614,5438.187614,5438.187614,5438.187614,5438.187614
4/27/1999,1598.979879,1684.634058,1750.773424,1841.496633,1841.293304,1750.773424,3390.475256,3716.375318,3840.803759,3527.628891,3945.634294,3840.803759,3851.231154,4298.733092,3840.803759,4500.205823,4850.660517,3840.803759,733.0683622,728.9296429,0.001001968,0.001005531,0.001008742,0.001011081,2352.421834,2352.421834,2352.421834,5399.694852,5399.694852,5399.694852,5399.694852,5399.694852
4/28/1999,1505.962973,1638.374116,1648.053876,1684.867007,1684.634058,1648.053876,3365.246363,3596.572969,3817.072819,3442.136041,3716.375318,3817.072819,3662.279766,3945.634294,3817.072819,3971.370983,4298.733092,3817.072819,692.1098178,688.2362079,0.001001968,0.001005531,0.001008742,0.001011081,2294.877204,2294.877204,2294.877204,5218.789493,5218.789493,5218.789493,5218.789493,5218.789493
4/29/1999,1469.533354,1580.775496,1613.351738,1638.635621,1638.374116,1613.351738,3339.934949,3489.720555,3802.73042,3404.040153,3596.572969,3802.73042,3566.264826,3716.375318,3802.73042,3751.434796,3945.634294,3802.73042,702.8627338,698.9197194,0.001001968,0.001005531,0.001008742,0.001011081,2219.315585,2219.315585,2219.315585,4982.384423,4982.384423,4982.384423,4982.384423,4982.384423
4/30/1999,1418.387256,1522.867801,1558.556443,1581.063296,1580.775496,1558.556443,3216.850855,3387.583362,3661.793627,3277.791503,3489.720555,3661.793627,3424.651317,3596.572969,3661.793627,3537.59452,3716.375318,3661.793627,688.5450374,684.694405,0.001001968,0.001005531,0.001008742,0.001011081,2143.909362,2143.909362,2143.909362,4807.136494,4807.136494,4807.136494,4807.136494,4807.136494
5/1/1999,1366.853738,1468.500595,1502.410091,1523.183129,1522.867801,1502.410091,3082.104063,3355.729289,3507.449582,3140.469854,3387.583362,3507.449582,3280.237441,3489.720555,3507.449582,3392.668519,3596.572969,3507.449582,669.466656,665.7387278,0.001001968,0.001005531,0.001008742,0.001011081,2032.405476,2032.405476,2032.405476,4577.306914,4577.306914,4577.306914,4577.306914,4577.306914
5/2/1999,1318.396006,1421.508071,1449.503289,1468.84347,1468.500595,1449.503289,2985.057979,3355.153085,3397.079391,3040.576516,3355.729289,3397.079391,3173.964715,3387.583362,3397.079391,3278.851492,3489.720555,3397.079391,650.8657881,647.257047,0.001001968,0.001005531,0.001008742,0.001011081,1836.877085,1836.877085,1836.877085,4247.111279,4247.111279,4247.111279,4247.111279,4247.111279
5/3/1999,1272.784781,1400.031254,1399.654881,1417.763016,1421.508071,1399.654881,2910.130314,3285.903803,3311.473564,2962.941656,3355.153085,3311.473564,3090.44046,3355.729289,3311.473564,3183.523865,3387.583362,3311.473564,633.0151398,629.5203529,0.001001968,0.001005531,0.001008742,0.001011081,1669.597845,1669.597845,1669.597845,3945.05305,3945.05305,3945.05305,3945.05305,3945.05305
5/4/1999,1246.555202,1366.840352,1372.916656,1392.125945,1400.031254,1372.916656,2848.46134,3323.400776,3243.985966,2902.545019,3285.903803,3243.985966,3024.720629,3355.153085,3243.985966,3099.952149,3355.729289,3243.985966,631.0219916,627.5399021,0.001001968,0.001005531,0.001008742,0.001011081,1579.69385,1579.69385,1579.69385,3704.492698,3704.492698,3704.492698,3704.492698,3704.492698
5/5/1999,1231.298857,1329.74696,1356.404962,1371.805851,1366.840352,1356.404962,2867.224206,3809.02456,3264.978956,2916.925606,3323.400776,3264.978956,3031.012285,3285.903803,3264.978956,3078.432932,3355.153085,3264.978956,623.9655307,620.5283512,0.001001968,0.001005531,0.001008742,0.001011081,1521.527408,1521.527408,1521.527408,3558.857323,3558.857323,3558.857323,3558.857323,3558.857323
5/6/1999,1207.469204,1283.952605,1331.064376,1336.752988,1329.74696,1331.064376,2870.249897,3605.361931,3271.813431,2908.404492,3809.02456,3271.813431,3024.809373,3323.400776,3271.813431,3098.538214,3285.903803,3271.813431,619.5465583,616.1374683,0.001001968,0.001005531,0.001008742,0.001011081,1473.958229,1473.958229,1473.958229,3473.191504,3473.191504,3473.191504,3473.191504,3473.191504
5/7/1999,1147.438779,1299.530306,1265.702048,1280.14561,1283.952605,1265.702048,2765.112004,3254.841101,3151.346325,2810.386236,3605.361931,3151.346325,2926.418594,3809.02456,3151.346325,3013.826205,3323.400776,3151.346325,598.5544948,595.2784719,0.001001968,0.001005531,0.001008742,0.001011081,1428.915017,1428.915017,1428.915017,3400.151977,3400.151977,3400.151977,3400.151977,3400.151977
5/8/1999,1196.573683,1449.393158,1317.753743,1297.657169,1299.530306,1317.753743,2934.490875,3101.897919,3339.835336,2946.548778,3254.841101,3339.835336,3035.432589,3605.361931,3339.835336,3026.811479,3809.02456,3339.835336,610.4205135,607.0693485,0.001001968,0.001005531,0.001008742,0.001011081,1390.98797,1390.98797,1390.98797,3357.086284,3357.086284,3357.086284,3357.086284,3357.086284
5/9/1999,1307.680739,1314.082193,1449.136268,1453.506315,1449.393158,1449.136268,3476.784336,2897.530237,3991.676786,3511.947875,3101.897919,3991.676786,3546.485306,3254.841101,3991.676786,3515.315223,3605.361931,3991.676786,700.7974885,696.867815,0.001001968,0.001005531,0.001008742,0.001011081,1374.747908,1374.747908,1374.747908,3403.932326,3403.932326,3403.932326,3403.932326,3403.932326
5/10/1999,1168.122503,1184.90827,1291.187072,1316.801221,1314.082193,1291.187072,3089.012542,2743.250284,3537.341838,3140.826423,2897.530237,3537.341838,3277.169522,3101.897919,3537.341838,3388.828086,3254.841101,3537.341838,620.8200318,617.4028496,0.001001968,0.001005531,0.001008742,0.001011081,1363.082509,1363.082509,1363.082509,3437.065815,3437.065815,3437.065815,3437.065815,3437.065815
5/11/1999,1051.419315,1094.917387,1160.222838,1185.367362,1184.90827,1160.222838,2595.627169,2641.627006,2958.242544,2647.993691,2743.250284,2958.242544,2792.992357,2897.530237,2958.242544,2962.575789,3101.897919,2958.242544,557.937641,554.9172837,0.001001968,0.001005531,0.001008742,0.001011081,1338.979026,1338.979026,1338.979026,3422.772058,3422.772058,3422.772058,3422.772058,3422.772058
5/12/1999,976.1976912,1042.809155,1074.193187,1095.275002,1094.917387,1074.193187,2432.323175,2560.317875,2766.791866,2477.651356,2641.627006,2766.791866,2587.344039,2743.250284,2766.791866,2755.517884,2897.530237,2766.791866,508.2167818,505.5059432,0.001001968,0.001005531,0.001008742,0.001011081,1302.130985,1302.130985,1302.130985,3370.144026,3370.144026,3370.144026,3370.144026,3370.144026
5/13/1999,937.2856714,1013.688336,1030.425337,1043.173105,1042.809155,1030.425337,2329.062833,2495.700849,2645.697173,2364.969878,2560.317875,2645.697173,2461.048337,2641.627006,2645.697173,2561.561107,2743.250284,2645.697173,486.0518436,483.4776715,0.001001968,0.001005531,0.001008742,0.001011081,1260.744303,1260.744303,1260.744303,3290.684787,3290.684787,3290.684787,3290.684787,3290.684787
5/14/1999,911.987392,983.4133033,1003.189611,1014.056546,1013.688336,1003.189611,2279.741124,2433.964182,2590.789877,2313.000093,2495.700849,2590.789877,2398.42938,2560.317875,2590.789877,2475.22584,2641.627006,2590.789877,477.7305719,475.2074874,0.001001968,0.001005531,0.001008742,0.001011081,1221.576244,1221.576244,1221.576244,3209.584358,3209.584358,3209.584358,3209.584358,3209.584358
5/15/1999,884.8981377,953.5036987,973.4807115,983.7824041,983.4133033,973.4807115,2220.741922,2588.618155,2523.273084,2252.639374,2433.964182,2523.273084,2333.900637,2495.700849,2523.273084,2401.441375,2560.317875,2523.273084,466.0587786,463.6071433,0.001001968,0.001005531,0.001008742,0.001011081,1179.56211,1179.56211,1179.56211,3105.627739,3105.627739,3105.627739,3105.627739,3105.627739
5/16/1999,858.1197181,924.5872141,943.9971561,953.871083,953.5036987,943.9971561,2158.917023,2914.723223,2452.355903,2189.598672,2588.618155,2452.355903,2268.002454,2433.964182,2452.355903,2333.515195,2495.700849,2452.355903,453.8940888,451.5166548,0.001001968,0.001005531,0.001008742,0.001011081,1119.668913,1119.668913,1119.668913,2917.797346,2917.797346,2917.797346,2917.797346,2917.797346
5/17/1999,832.2263548,900.3314612,915.4744474,924.9528149,924.5872141,915.4744474,2109.174195,4694.903958,2395.071486,2138.613021,2914.723223,2395.071486,2214.238306,2588.618155,2395.071486,2273.570479,2433.964182,2395.071486,442.0150927,439.7098493,0.001001968,0.001005531,0.001008742,0.001011081,1058.627936,1058.627936,1058.627936,2748.314802,2748.314802,2748.314802,2748.314802,2748.314802
5/18/1999,807.2184347,1020.218262,887.92065,897.0272724,900.3314612,887.92065,2062.480806,4027.947917,2341.285379,2090.709587,4694.903958,2341.285379,2163.639147,2914.723223,2341.285379,2220.62911,2588.618155,2341.285379,430.4628583,428.2275587,0.001001968,0.001005531,0.001008742,0.001011081,1010.378937,1010.378937,1010.378937,2631.292751,2631.292751,2631.292751,2631.292751,2631.292751
5/19/1999,825.786311,1214.577415,911.7204206,918.2962631,1020.218262,911.7204206,2439.362375,3838.799916,2762.440673,2467.024053,4027.947917,2762.440673,2535.208857,4694.903958,2762.440673,2351.94449,2914.723223,2762.440673,454.9825942,452.5985319,0.001001968,0.001005531,0.001008742,0.001011081,980.3863365,980.3863365,980.3863365,2601.6371,2601.6371,2601.6371,2601.6371,2601.6371
5/20/1999,1110.328769,1336.569564,1217.780167,1247.567933,1214.577415,1217.780167,3211.031138,3750.426569,3628.308729,3275.475725,3838.799916,3628.308729,3169.458705,4027.947917,3628.308729,2908.422687,4694.903958,3628.308729,502.5762757,499.9002955,0.001001968,0.001005531,0.001008742,0.001011081,980.3708109,980.3708109,980.3708109,2673.782628,2673.782628,2673.782628,2673.782628,2673.782628
5/21/1999,1677.323792,1998.969009,1806.001903,1391.8093,1336.569564,1806.001903,4799.725028,3777.644538,5471.597183,4393.933368,3750.426569,5471.597183,4383.205667,3838.799916,5471.597183,4428.294242,4027.947917,5471.597183,615.4049307,612.0221428,0.001001968,0.001005531,0.001008742,0.001011081,1022.463389,1022.463389,1022.463389,2993.553908,2993.553908,2993.553908,2993.553908,2993.553908
5/22/1999,1695.254065,1425.45458,1929.135827,1998.843123,1998.969009,1929.135827,3930.250855,4565.297211,4599.534863,4061.636349,3777.644538,4599.534863,4093.684835,3750.426569,4599.534863,3675.288382,3838.799916,4599.534863,1121.785556,1115.045961,0.001001968,0.001005531,0.001008742,0.001011081,1142.410346,1142.410346,1142.410346,3197.909485,3197.909485,3197.909485,3197.909485,3197.909485
5/23/1999,1021.019449,1370.039628,1127.187114,1317.610716,1425.45458,1127.187114,3177.160092,4843.616336,3640.114348,3383.173616,4565.297211,3640.114348,3555.52401,3777.644538,3640.114348,3981.35792,3750.426569,3640.114348,549.1698412,546.2043488,0.001001968,0.001005531,0.001008742,0.001011081,1207.062763,1207.062763,1207.062763,3406.922568,3406.922568,3406.922568,3406.922568,3406.922568
5/24/1999,1011.013396,1728.953621,1090.366818,1152.512795,1370.039628,1090.366818,2780.442113,4463.978119,3117.268216,2864.143005,4843.616336,3117.268216,3002.706011,4565.297211,3117.268216,3140.72948,3777.644538,3117.268216,372.8511579,370.9605769,0.001001968,0.001005531,0.001008742,0.001011081,1250.978599,1250.978599,1250.978599,3626.66495,3626.66495,3626.66495,3626.66495,3626.66495
5/25/1999,1830.672304,2135.222619,1985.43982,1811.853528,1728.953621,1985.43982,4047.016816,3772.201295,4545.502652,3939.469232,4463.978119,4545.502652,3790.422048,4843.616336,4545.502652,3405.978972,4565.297211,4545.502652,582.9637926,579.7861932,0.001001968,0.001005531,0.001008742,0.001011081,1347.085161,1347.085161,1347.085161,3862.595787,3862.595787,3862.595787,3862.595787,3862.595787
5/26/1999,2536.241935,2963.403139,2779.638227,2256.538597,2135.222619,2779.638227,5257.755777,3618.012633,6010.749811,4806.291647,3772.201295,6010.749811,4921.269228,4463.978119,6010.749811,4509.607391,4843.616336,6010.749811,1061.342487,1055.016077,0.001001968,0.001005531,0.001008742,0.001011081,1530.711688,1530.711688,1530.711688,4160.319688,4160.319688,4160.319688,4160.319688,4160.319688
5/27/1999,2513.431035,1766.428968,2875.757356,3001.042708,2963.403139,2875.757356,5035.209011,3142.250727,5938.802451,5271.01672,3618.012633,5938.802451,5278.680081,3772.201295,5938.802451,4875.905065,4463.978119,5938.802451,1634.034039,1623.693584,0.001001968,0.001005531,0.001008742,0.001011081,1764.180936,1764.180936,1764.180936,4378.112709,4378.112709,4378.112709,4378.112709,4378.112709
5/28/1999,1362.814496,1112.315728,1491.459255,1770.877154,1766.428968,1491.459255,3223.77954,2724.512919,3669.148182,3534.019809,3142.250727,3669.148182,3806.657273,3618.012633,3669.148182,4641.999284,3772.201295,3669.148182,631.8668007,628.3793299,0.001001968,0.001005531,0.001008742,0.001011081,1853.782791,1853.782791,1853.782791,4331.759841,4331.759841,4331.759841,4331.759841,4331.759841
5/29/1999,958.1337241,1070.290458,1013.707144,1114.515862,1112.315728,1013.707144,1821.616779,2542.322141,1984.593271,1942.285098,2724.512919,1984.593271,2281.853819,3142.250727,1984.593271,2886.076716,3618.012633,1984.593271,283.2821231,281.9118554,0.001001968,0.001005531,0.001008742,0.001011081,1793.001925,1793.001925,1793.001925,4294.779953,4294.779953,4294.779953,4294.779953,4294.779953
5/30/1999,953.6962055,1021.327131,1023.559598,1072.000006,1070.290458,1023.559598,2335.711443,2518.813017,2624.842706,2398.958413,2542.322141,2624.842706,2555.155142,2724.512919,2624.842706,2820.735913,3142.250727,2624.842706,359.3595648,357.5486542,0.001001968,0.001005531,0.001008742,0.001011081,1759.367356,1759.367356,1759.367356,4164.645476,4164.645476,4164.645476,4164.645476,4164.645476
5/31/1999,920.3891141,976.1808712,992.5034554,1022.682633,1021.327131,992.5034554,2397.414441,2527.410469,2701.93989,2440.414562,2518.813017,2701.93989,2542.396211,2542.322141,2701.93989,2685.36026,2724.512919,2701.93989,373.5238547,371.6292903,0.001001968,0.001005531,0.001008742,0.001011081,1735.83162,1735.83162,1735.83162,3981.656513,3981.656513,3981.656513,3981.656513,3981.656513
6/1/1999,882.1084888,935.3812768,953.2967305,977.2697366,976.1808712,953.2967305,2186.664116,2308.664814,2461.244919,2225.968865,2527.410469,2461.244919,2310.718841,2518.813017,2461.244919,2423.33315,2542.322141,2461.244919,371.3696977,369.4878856,0.001001968,0.001005531,0.001008742,0.001011081,1654.862125,1654.862125,1654.862125,3763.508373,3763.508373,3763.508373,3763.508373,3763.508373
6/2/1999,846.1563775,909.1516926,915.3747732,934.676734,935.3812768,915.3747732,2087.117808,2212.076368,2347.696989,2121.846063,2308.664814,2347.696989,2198.272558,2527.410469,2347.696989,2277.367735,2518.813017,2347.696989,363.5887937,361.7529543,0.001001968,0.001005531,0.001008742,0.001011081,1477.402832,1477.402832,1477.402832,3419.496679,3419.496679,3419.496679,3419.496679,3419.496679
6/3/1999,823.3713489,874.8847317,892.0940659,910.104862,909.1516926,892.0940659,2112.430631,2139.270597,2382.572266,2144.513012,2212.076368,2382.572266,2209.385554,2308.664814,2382.572266,2274.683628,2527.410469,2382.572266,361.997871,360.1714141,0.001001968,0.001005531,0.001008742,0.001011081,1224.09055,1224.09055,1224.09055,3082.323881,3082.323881,3082.323881,3082.323881,3082.323881
6/4/1999,794.2409578,825.1770551,861.2245945,876.7958592,874.8847317,861.2245945,2130.15972,2092.162548,2407.814027,2157.667455,2139.270597,2407.814027,2221.110284,2212.076368,2407.814027,2288.714157,2308.664814,2407.814027,354.9868585,353.2016776,0.001001968,0.001005531,0.001008742,0.001011081,1073.475026,1073.475026,1073.475026,2780.990021,2780.990021,2780.990021,2780.990021,2780.990021
6/5/1999,748.6051356,791.8562477,811.3585374,825.8090816,825.1770551,811.3585374,1930.235727,2052.972713,2173.326016,1957.566133,2092.162548,2173.326016,2025.491007,2139.270597,2173.326016,2099.417423,2212.076368,2173.326016,335.9356735,334.2620499,0.001001968,0.001005531,0.001008742,0.001011081,993.410148,993.410148,993.410148,2567.127368,2567.127368,2567.127368,2567.127368,2567.127368
6/6/1999,719.2045775,763.6701599,779.7161774,792.3612883,791.8562477,779.7161774,1845.863808,1991.005279,2077.0895,1871.181011,2052.972713,2077.0895,1931.070473,2092.162548,2077.0895,2000.269756,2139.270597,2077.0895,325.9689593,324.3533336,0.001001968,0.001005531,0.001008742,0.001011081,940.0924718,940.0924718,940.0924718,2436.392658,2436.392658,2436.392658,2436.392658,2436.392658
6/7/1999,693.5926561,784.5347415,752.2014196,763.6344295,763.6701599,752.2014196,1798.684653,1967.887171,2024.589331,1822.192403,1991.005279,2024.589331,1877.688566,2052.972713,2024.589331,1933.972949,2092.162548,2024.589331,317.4922948,315.9257922,0.001001968,0.001005531,0.001008742,0.001011081,897.0994646,897.0994646,897.0994646,2346.350522,2346.350522,2346.350522,2346.350522,2346.350522
6/8/1999,714.2207995,792.6916292,777.0290542,785.2870879,784.5347415,777.0290542,1806.596858,1918.286552,2038.724845,1828.577994,1967.887171,2038.724845,1867.724082,1991.005279,2038.724845,1898.850139,2052.972713,2038.724845,338.3028905,336.6154543,0.001001968,0.001005531,0.001008742,0.001011081,863.6084056,863.6084056,863.6084056,2277.003972,2277.003972,2277.003972,2277.003972,2277.003972
6/9/1999,717.8930739,683.557699,781.8012539,793.2448082,792.6916292,781.8012539,1797.090552,1834.809072,2029.817578,1822.623756,1918.286552,2029.817578,1860.052582,1967.887171,2029.817578,1885.410962,1991.005279,2029.817578,343.643668,341.9250171,0.001001968,0.001005531,0.001008742,0.001011081,838.129818,838.129818,838.129818,2219.875521,2219.875521,2219.875521,2219.875521,2219.875521
6/10/1999,622.7177448,666.9002296,674.5990516,683.9405562,683.557699,674.5990516,1660.946787,1824.133989,1868.928662,1679.925138,1834.809072,1868.928662,1761.170939,1918.286552,1868.928662,1837.992524,1967.887171,1868.928662,285.9339088,284.5485508,0.001001968,0.001005531,0.001008742,0.001011081,809.714704,809.714704,809.714704,2155.923974,2155.923974,2155.923974,2155.923974,2155.923974
6/11/1999,606.9181286,644.4650954,658.9230568,667.2669541,666.9002296,658.9230568,1628.265922,2068.342873,1834.226688,1646.46978,1824.133989,1834.226688,1695.523559,1834.809072,1834.226688,1764.880854,1918.286552,1834.226688,287.6071594,286.2122688,0.001001968,0.001005531,0.001008742,0.001011081,778.7457505,778.7457505,778.7457505,2078.24568,2078.24568,2078.24568,2078.24568,2078.24568
6/12/1999,586.7667483,626.7041441,637.0238557,644.8217504,644.4650954,637.0238557,1610.737412,2260.376129,1815.642127,1627.417539,2068.342873,1815.642127,1670.565547,1824.133989,1815.642127,1720.756874,1834.809072,1815.642127,279.4366261,278.0882041,0.001001968,0.001005531,0.001008742,0.001011081,750.6046166,750.6046166,750.6046166,2020.231487,2020.231487,2020.231487,2020.231487,2020.231487
6/13/1999,568.360746,630.7695886,617.1006844,624.4194492,626.7041441,617.1006844,1564.188578,1936.132007,1761.705212,1580.204393,2260.376129,1761.705212,1621.700501,2068.342873,1761.705212,1662.384478,1824.133989,1761.705212,272.3726033,271.0641928,0.001001968,0.001005531,0.001008742,0.001011081,725.214199,725.214199,725.214199,1970.715728,1970.715728,1970.715728,1970.715728,1970.715728
6/14/1999,575.3336861,645.5991113,625.6861946,628.6083004,630.7695886,625.6861946,1602.354099,1995.170726,1806.73999,1614.750302,1936.132007,1806.73999,1650.609952,2260.376129,1806.73999,1657.848723,2068.342873,1806.73999,279.8263138,278.4756801,0.001001968,0.001005531,0.001008742,0.001011081,703.9150114,703.9150114,703.9150114,1931.826473,1931.826473,1931.826473,1931.826473,1931.826473
6/15/1999,614.501712,672.3741452,666.8898065,648.457696,645.5991113,666.8898065,1901.735464,2382.20575,2153.252747,1890.278241,1995.170726,2153.252747,1910.154844,1936.132007,2153.252747,1889.308137,2260.376129,2153.252747,289.053833,287.6506938,0.001001968,0.001005531,0.001008742,0.001011081,683.2820034,683.2820034,683.2820034,1938.777884,1938.777884,1938.777884,1938.777884,1938.777884
6/16/1999,639.3076475,651.482135,694.239635,674.6695357,672.3741452,694.239635,2053.204408,1983.620676,2331.502174,2036.968028,2382.20575,2331.502174,2048.454602,1995.170726,2331.502174,2088.334098,1936.132007,2331.502174,304.020493,302.5316618,0.001001968,0.001005531,0.001008742,0.001011081,664.8181326,664.8181326,664.8181326,1977.866978,1977.866978,1977.866978,1977.866978,1977.866978
6/17/1999,583.8039154,676.2072823,634.6192444,649.3844859,651.482135,634.6192444,1692.496331,1990.450775,1906.97045,1715.329304,1983.620676,1906.97045,1749.051393,2382.20575,1906.97045,1771.284853,1995.170726,1906.97045,285.3640146,283.9819015,0.001001968,0.001005531,0.001008742,0.001011081,653.2303032,653.2303032,653.2303032,1973.753571,1973.753571,1973.753571,1973.753571,1973.753571
6/18/1999,627.9937156,784.4684574,678.817894,677.1771237,676.2072823,678.817894,1858.037202,1920.038441,2090.281288,1865.876987,1990.450775,2090.281288,1867.098553,1983.620676,2090.281288,1824.48087,2382.20575,2090.281288,280.9738165,279.6166673,0.001001968,0.001005531,0.001008742,0.001011081,647.8101373,647.8101373,647.8101373,1990.169746,1990.169746,1990.169746,1990.169746,1990.169746
6/19/1999,712.571975,589.7675849,777.8253527,786.4483443,784.4684574,777.8253527,2203.051912,1711.985169,2509.112306,2218.243366,1920.038441,2509.112306,2212.62668,1990.450775,2509.112306,2213.866067,1983.620676,2509.112306,352.1016218,350.333393,0.001001968,0.001005531,0.001008742,0.001011081,660.5098016,660.5098016,660.5098016,2072.257755,2072.257755,2072.257755,2072.257755,2072.257755
6/20/1999,535.6523157,549.7420478,578.7350043,590.1474985,589.7675849,578.7350043,1633.026856,1625.868485,1834.862544,1649.226763,1711.985169,1834.862544,1757.896949,1920.038441,1834.862544,1860.35893,1990.450775,1834.862544,245.468978,244.311487,0.001001968,0.001005531,0.001008742,0.001011081,666.2145148,666.2145148,666.2145148,2104.375,2104.375,2104.375,2104.375,2104.375
6/21/1999,497.4995363,517.94587,537.7518033,550.0453871,549.7420478,537.7518033,1568.618742,1578.620765,1764.088752,1584.767612,1625.868485,1764.088752,1630.243854,1711.985169,1764.088752,1757.996208,1920.038441,1764.088752,231.8765804,230.7943981,0.001001968,0.001005531,0.001008742,0.001011081,657.9229033,657.9229033,657.9229033,2121.309323,2121.309323,2121.309323,2121.309323,2121.309323
6/22/1999,473.2041818,502.7638308,510.6152049,518.2574996,517.94587,510.6152049,1552.7408,1501.271303,1746.051521,1562.841412,1578.620765,1746.051521,1596.213837,1625.868485,1746.051521,1657.615545,1711.985169,1746.051521,217.427329,216.4244569,0.001001968,0.001005531,0.001008742,0.001011081,642.949151,642.949151,642.949151,2081.094818,2081.094818,2081.094818,2081.094818,2081.094818
6/23/1999,460.0236517,487.4676511,496.7047348,503.083992,502.7638308,496.7047348,1458.760467,1449.331562,1635.337567,1468.885619,1501.271303,1635.337567,1498.176115,1578.620765,1635.337567,1532.651082,1625.868485,1635.337567,214.098422,213.1137078,0.001001968,0.001005531,0.001008742,0.001011081,622.095277,622.095277,622.095277,1993.409448,1993.409448,1993.409448,1993.409448,1993.409448
6/24/1999,446.2263556,472.5521029,481.8968053,487.795755,487.4676511,481.8968053,1375.677731,1359.146909,1544.71121,1385.238621,1449.331562,1544.71121,1412.832285,1501.271303,1544.71121,1478.714674,1578.620765,1544.71121,209.2331007,208.2748453,0.001001968,0.001005531,0.001008742,0.001011081,599.8502814,599.8502814,599.8502814,1937.88452,1937.88452,1937.88452,1937.88452,1937.88452
6/25/1999,432.602196,457.3567544,467.1974648,472.7288498,472.5521029,467.1974648,1313.751744,935.5608457,1476.680286,1322.727542,1359.146909,1476.680286,1349.130922,1449.331562,1476.680286,1403.976107,1501.271303,1476.680286,203.9824256,203.0526165,0.001001968,0.001005531,0.001008742,0.001011081,576.2724042,576.2724042,576.2724042,1861.88621,1861.88621,1861.88621,1861.88621,1861.88621
6/26/1999,418.1365247,447.2570821,451.1659891,457.7197719,457.3567544,451.1659891,1271.331154,883.8277217,1428.014996,1281.079043,935.5608457,1428.014996,1303.702148,1359.146909,1428.014996,1341.507758,1449.331562,1428.014996,195.8039147,194.9181833,0.001001968,0.001005531,0.001008742,0.001011081,535.8211238,535.8211238,535.8211238,1723.864251,1723.864251,1723.864251,1723.864251,1723.864251
6/27/1999,413.2913968,404.7317628,446.0137978,447.7259133,447.2570821,446.0137978,1251.400084,1433.897262,1405.885781,1256.318791,883.8277217,1405.885781,1280.740569,935.5608457,1405.885781,1307.964611,1359.146909,1405.885781,194.5899015,193.7106885,0.001001968,0.001005531,0.001008742,0.001011081,504.2313999,504.2313999,504.2313999,1638.20112,1638.20112,1638.20112,1638.20112,1638.20112
6/28/1999,374.3712503,624.4645766,396.8472296,391.1054948,404.7317628,396.8472296,1159.021016,2390.451156,1288.762312,1153.423597,1433.897262,1288.762312,1158.849642,883.8277217,1288.762312,1239.428836,935.5608457,1288.762312,137.0076621,136.429364,0.001001968,0.001005531,0.001008742,0.001011081,477.7228153,477.7228153,477.7228153,1554.808449,1554.808449,1554.808449,1554.808449,1554.808449
6/29/1999,588.5773498,820.3400203,630.6100424,606.7745678,624.4645766,630.6100424,1047.519046,2162.08588,1145.282855,1041.495494,2390.451156,1145.282855,953.3131676,1433.897262,1145.282855,827.7718147,883.8277217,1145.282855,219.2832889,218.2702743,0.001001968,0.001005531,0.001008742,0.001011081,471.1444397,471.1444397,471.1444397,1434.915271,1434.915271,1434.915271,1434.915271,1434.915271
6/30/1999,910.2450879,1086.369147,958.2411906,834.2125221,820.3400203,958.2411906,1384.728391,1705.355174,1493.625222,1287.904719,2162.08588,1493.625222,1073.312481,2390.451156,1493.625222,971.6745645,1433.897262,1493.625222,188.9167058,188.0678673,0.001001968,0.001005531,0.001008742,0.001011081,483.2529137,483.2529137,483.2529137,1345.856199,1345.856199,1345.856199,1345.856199,1345.856199
7/1/1999,1334.604608,1840.034219,1434.898904,1100.944735,1086.369147,1434.898904,2106.220033,1007.439331,2351.348339,1807.184083,1705.355174,2351.348339,1923.867893,2162.08588,2351.348339,1422.816973,2390.451156,2351.348339,505.8585286,503.1622705,0.001001968,0.001005531,0.001008742,0.001011081,574.6533205,574.6533205,574.6533205,1375.257668,1375.257668,1375.257668,1375.257668,1375.257668
7/2/1999,1551.5243,858.5759976,1762.340202,1836.901413,1840.034219,1762.340202,2995.447359,855.4013598,3523.701491,3132.361433,1007.439331,3523.701491,3075.828237,1705.355174,3523.701491,2648.830216,2162.08588,3523.701491,1022.403999,1016.342228,0.001001968,0.001005531,0.001008742,0.001011081,734.390713,734.390713,734.390713,1524.060739,1524.060739,1524.060739,1524.060739,1524.060739
7/3/1999,565.2154352,503.2197039,584.0584977,860.2657883,858.5759976,584.0584977,1463.712903,3720.144265,1601.745935,1738.512837,855.4013598,1601.745935,1784.80614,1007.439331,1601.745935,2499.351593,1705.355174,1601.745935,95.22247317,94.84984335,0.001001968,0.001005531,0.001008742,0.001011081,798.5890144,798.5890144,798.5890144,1651.629924,1651.629924,1651.629924,1651.629924,1651.629924
7/4/1999,187.8282028,307.1468883,192.9420816,473.7645523,503.2197039,192.9420816,278.8032373,2927.665531,285.6446639,565.3333346,3720.144265,285.6446639,855.4547183,855.4013598,285.6446639,1007.440479,1007.439331,285.6446639,0.001000564,0.001006515,0.001001968,0.001005531,0.001008742,0.001011081,843.0375409,843.0375409,843.0375409,1715.671889,1715.671889,1715.671889,1715.671889,1715.671889
7/5/1999,298.1277039,1666.42095,316.5590858,313.0215861,307.1468883,316.5590858,384.8967955,3647.280412,405.0219397,400.3455453,2927.665531,405.0219397,591.3163962,3720.144265,405.0219397,855.4025072,855.4013598,405.0219397,0.001000564,0.001006515,0.001001968,0.001005531,0.001008742,0.001011081,859.5189945,859.5189945,859.5189945,1620.786041,1620.786041,1620.786041,1620.786041,1620.786041
7/6/1999,3222.302227,5431.407509,3546.26289,1683.22639,1666.42095,3546.26289,3181.744021,3468.861026,3634.278998,1451.781834,3647.280412,3634.278998,1904.387044,2927.665531,3634.278998,591.21493,3720.144265,3634.278998,1503.626054,1494.217331,0.001001968,0.001005531,0.001008742,0.001011081,1048.754862,1048.754862,1048.754862,1537.360826,1537.360826,1537.360826,1537.360826,1537.360826
7/7/1999,3986.614996,1412.483079,4780.286183,5434.018232,5431.407509,4780.286183,6415.189758,2306.187979,7993.000055,7331.251127,3468.861026,7993.000055,6186.341232,3647.280412,7993.000055,4514.398296,2927.665531,7993.000055,3392.7572,3369.176682,0.001001968,0.001005531,0.001008742,0.001011081,1472.878266,1472.878266,1472.878266,1867.119578,1867.119578,1867.119578,1867.119578,1867.119578
7/8/1999,1230.169079,1991.515987,1244.091022,1418.573329,1412.483079,1244.091022,2200.849085,2963.806502,2348.547806,2368.827452,2306.187979,2348.547806,3044.12062,3468.861026,2348.547806,4527.591268,3647.280412,2348.547806,77.42145559,77.13258014,0.001001968,0.001005531,0.001008742,0.001011081,1610.662139,1610.662139,1610.662139,2276.524305,2276.524305,2276.524305,2276.524305,2276.524305
7/9/1999,1610.680324,958.8709728,1777.379073,1988.037588,1991.515987,1777.379073,1621.095194,2746.032803,1855.571922,1901.498873,2963.806502,1855.571922,2249.412727,2306.187979,1855.571922,2182.611574,3468.861026,1855.571922,833.7310232,828.9326741,0.001001968,0.001005531,0.001008742,0.001011081,1690.923873,1690.923873,1690.923873,2598.36347,2598.36347,2598.36347,2598.36347,2598.36347
7/10/1999,612.7767104,616.8636249,616.5835429,959.6913672,958.8709728,616.5835429,1804.843027,2195.913977,1995.4693,2133.434884,2746.032803,1995.4693,2306.090249,2963.806502,1995.4693,3333.168726,2306.187979,1995.4693,0.001000564,0.001006515,0.001001968,0.001005531,0.001008742,0.001011081,1726.857783,1726.857783,1726.857783,2634.163076,2634.163076,2634.163076,2634.163076,2634.163076
7/11/1999,1051.413424,2288.458752,1054.529529,620.1671166,616.8636249,1054.529529,1199.674744,2399.759952,1193.682375,768.2274179,2195.913977,1193.682375,1106.603863,2746.032803,1193.682375,1313.577145,2963.806502,1193.682375,0.001000564,0.001006515,0.001001968,0.001005531,0.001008742,0.001011081,1754.405259,1754.405259,1754.405259,2643.688739,2643.688739,2643.688739,2643.688739,2643.688739
7/12/1999,1899.648425,1261.649738,2161.130676,2288.866959,2288.458752,2161.130676,3340.981953,2066.116307,3957.5251,3548.622011,2399.759952,3957.5251,3358.9671,2195.913977,3957.5251,2484.826927,2746.032803,3957.5251,1250.548598,1242.91971,0.001001968,0.001005531,0.001008742,0.001011081,1948.066098,1948.066098,1948.066098,2889.826494,2889.826494,2889.826494,2889.826494,2889.826494
7/13/1999,935.0104695,710.1780885,1003.420608,1261.90042,1261.649738,1003.420608,2455.393368,1716.021691,2786.879228,2716.961791,2066.116307,2786.879228,2900.89332,2399.759952,2786.879228,3399.559538,2195.913977,2786.879228,377.4625577,375.5446494,0.001001968,0.001005531,0.001008742,0.001011081,1890.434635,1890.434635,1890.434635,3238.380988,3238.380988,3238.380988,3238.380988,3238.380988
7/14/1999,609.2540919,714.6567223,623.7526445,710.4347694,710.1780885,623.7526445,908.9418346,1580.287921,942.9212558,1000.314951,1716.021691,942.9212558,1273.036565,2066.116307,942.9212558,1717.858987,2399.759952,942.9212558,90.92484691,90.57258013,0.001001968,0.001005531,0.001008742,0.001011081,1519.725436,1519.725436,1519.725436,3109.827233,3109.827233,3109.827233,3109.827233,3109.827233
7/15/1999,638.60632,674.7041048,669.5987478,714.9181802,714.6567223,669.5987478,1486.277955,1487.081246,1652.678375,1533.150797,1580.287921,1652.678375,1636.954929,1716.021691,1652.678375,1823.816975,2066.116307,1652.678375,185.9100788,185.0772794,0.001001968,0.001005531,0.001008742,0.001011081,1334.382492,1334.382492,1334.382492,2728.082949,2728.082949,2728.082949,2728.082949,2728.082949
7/16/1999,608.2418691,628.3887864,640.7970575,674.969507,674.7041048,640.7970575,1552.517245,1411.901407,1729.947848,1586.926321,1487.081246,1729.947848,1648.317025,1580.287921,1729.947848,1749.803394,1716.021691,1729.947848,195.0176094,194.1361006,0.001001968,0.001005531,0.001008742,0.001011081,1128.820021,1128.820021,1128.820021,2286.670411,2286.670411,2286.670411,2286.670411,2286.670411
7/17/1999,569.9606913,591.3607278,600.8291809,628.6553641,628.3887864,600.8291809,1362.781225,1446.643154,1508.579362,1392.933247,1411.901407,1508.579362,1444.846349,1487.081246,1508.579362,1519.507779,1580.287921,1508.579362,186.4137041,185.5782209,0.001001968,0.001005531,0.001008742,0.001011081,1057.4369,1057.4369,1057.4369,2140.277679,2140.277679,2140.277679,2140.277679,2140.277679
7/18/1999,548.6612124,566.2727012,578.3145661,591.6248572,591.3607278,578.3145661,1294.481986,1385.998055,1432.771701,1310.439826,1446.643154,1432.771701,1355.583988,1411.901407,1432.771701,1413.863858,1487.081246,1432.771701,180.2454238,179.4427297,0.001001968,0.001005531,0.001008742,0.001011081,1009.112354,1009.112354,1009.112354,2075.880589,2075.880589,2075.880589,2075.880589,2075.880589
7/19/1999,506.9747918,538.8670412,534.9231671,566.1686416,566.2727012,534.9231671,1223.213099,1598.705483,1354.565155,1256.884457,1385.998055,1354.565155,1286.682125,1446.643154,1354.565155,1340.853611,1411.901407,1354.565155,171.3691146,170.6132874,0.001001968,0.001005531,0.001008742,0.001011081,826.3403005,826.3403005,826.3403005,1935.132434,1935.132434,1935.132434,1935.132434,1935.132434
7/20/1999,497.3843894,570.741211,522.5561801,539.1824821,538.8670412,522.5561801,1193.552735,1394.901498,1317.078928,1212.203914,1598.705483,1317.078928,1233.998586,1385.998055,1317.078928,1273.862863,1446.643154,1317.078928,154.6929147,154.0240612,0.001001968,0.001005531,0.001008742,0.001011081,703.3211322,703.3211322,703.3211322,1727.010564,1727.010564,1727.010564,1727.010564,1727.010564
7/21/1999,530.6409733,499.1982307,561.4501043,571.269862,570.741211,561.4501043,1282.428619,1252.351384,1425.215769,1295.395635,1394.901498,1425.215769,1308.269625,1598.705483,1425.215769,1309.252196,1385.998055,1425.215769,184.8078385,183.9809087,0.001001968,0.001005531,0.001008742,0.001011081,645.5489397,645.5489397,645.5489397,1577.782604,1577.782604,1577.782604,1577.782604,1577.782604
7/22/1999,461.8026082,474.0293641,488.7370042,499.4605941,499.1982307,488.7370042,1215.210209,1190.696631,1348.988373,1228.295588,1252.351384,1348.988373,1295.48226,1394.901498,1348.988373,1295.482747,1598.705483,1348.988373,166.7850425,166.053267,0.001001968,0.001005531,0.001008742,0.001011081,609.5056487,609.5056487,609.5056487,1493.920598,1493.920598,1493.920598,1493.920598,1493.920598
7/23/1999,431.0219414,432.9019071,456.3107346,474.272725,474.0293641,456.3107346,1336.707058,1153.911164,1497.246151,1352.578258,1190.696631,1497.246151,1375.873686,1252.351384,1497.246151,1474.30481,1394.901498,1497.246151,158.1840764,157.4971365,0.001001968,0.001005531,0.001008742,0.001011081,576.2403981,576.2403981,576.2403981,1472.0275,1472.0275,1472.0275,1472.0275,1472.0275
7/24/1999,399.2861024,414.4747732,420.8927679,433.1412012,432.9019071,420.8927679,1117.490767,1135.131507,1236.848623,1129.425818,1153.911164,1236.848623,1157.34724,1190.696631,1236.848623,1215.193114,1252.351384,1236.848623,137.7792413,137.1970313,0.001001968,0.001005531,0.001008742,0.001011081,545.921712,545.921712,545.921712,1435.500475,1435.500475,1435.500475,1435.500475,1435.500475
7/25/1999,387.4394596,402.3015401,408.2886691,414.7101583,414.4747732,408.2886691,1050.822192,833.3457496,1162.518235,1057.594393,1135.131507,1162.518235,1079.877048,1153.911164,1162.518235,1116.638643,1190.696631,1162.518235,133.7559268,133.1940741,0.001001968,0.001005531,0.001008742,0.001011081,518.3480151,518.3480151,518.3480151,1394.966893,1394.966893,1394.966893,1394.966893,1394.966893
7/26/1999,370.8172521,385.8001889,390.9939392,402.5329416,402.3015401,390.9939392,1017.719098,1529.009959,1126.763757,1029.566123,833.3457496,1126.763757,1045.857053,1135.131507,1126.763757,1076.854242,1153.911164,1126.763757,130.2123197,129.6683119,0.001001968,0.001005531,0.001008742,0.001011081,493.8731902,493.8731902,493.8731902,1357.137131,1357.137131,1357.137131,1357.137131,1357.137131
7/27/1999,358.6545587,380.9321968,378.2981594,386.0278019,385.8001889,378.2981594,989.4625513,1237.718716,1096.033675,997.3820038,1529.009959,1096.033675,1018.431857,833.3457496,1096.033675,1047.239182,1135.131507,1096.033675,127.4539191,126.9237452,0.001001968,0.001005531,0.001008742,0.001011081,472.4500512,472.4500512,472.4500512,1322.42714,1322.42714,1322.42714,1322.42714,1322.42714
7/28/1999,352.5458867,364.4922865,372.9861641,381.1460923,380.9321968,372.9861641,990.0991731,1098.829506,1098.18508,998.8031493,1237.718716,1098.18508,1016.784452,1529.009959,1098.18508,1030.159785,833.3457496,1098.18508,132.3206316,131.7660165,0.001001968,0.001005531,0.001008742,0.001011081,446.9771885,446.9771885,446.9771885,1278.663073,1278.663073,1278.663073,1278.663073,1278.663073
7/29/1999,335.9176261,343.9462896,355.087734,364.1113804,364.4922865,355.087734,826.4979093,1060.546112,900.0357314,842.5361739,1098.829506,900.0357314,870.5455467,1237.718716,900.0357314,789.5773545,1529.009959,900.0357314,125.2613051,124.7420913,0.001001968,0.001005531,0.001008742,0.001011081,421.4474678,421.4474678,421.4474678,1204.59571,1204.59571,1204.59571,1204.59571,1204.59571
7/30/1999,326.4148195,366.0114201,343.8236625,344.2632087,343.9462896,343.8236625,1323.899361,1060.728631,1494.62256,1317.209907,1060.546112,1494.62256,1324.326386,1098.829506,1494.62256,1455.083634,1237.718716,1494.62256,114.9132634,114.4453249,0.001001968,0.001005531,0.001008742,0.001011081,401.9658872,401.9658872,401.9658872,1198.827842,1198.827842,1198.827842,1198.827842,1198.827842
7/31/1999,367.4396536,439.905501,387.062869,366.1332758,366.0114201,387.062869,1041.850636,1059.664839,1149.047444,1020.522671,1060.728631,1149.047444,1017.761088,1060.546112,1149.047444,1038.579239,1098.829506,1149.047444,127.4821792,126.9518639,0.001001968,0.001005531,0.001008742,0.001011081,388.1448775,388.1448775,388.1448775,1177.442286,1177.442286,1177.442286,1177.442286,1177.442286
8/1/1999,402.4990078,356.7857181,429.5750082,440.2478459,439.905501,429.5750082,1038.988055,985.5528301,1156.837699,1052.882467,1059.664839,1156.837699,1034.913563,1060.728631,1156.837699,1001.494331,1060.546112,1156.837699,168.8442368,168.1016703,0.001001968,0.001005531,0.001008742,0.001011081,385.0948344,385.0948344,385.0948344,1159.006318,1159.006318,1159.006318,1159.006318,1159.006318
8/2/1999,323.0802858,316.341861,340.7585204,357.3992896,356.7857181,340.7585204,933.7132874,958.9966337,1034.316835,949.9484003,985.5528301,1034.316835,986.5838693,1059.664839,1034.316835,1021.498217,1060.728631,1034.316835,117.0143494,116.5360618,0.001001968,0.001005531,0.001008742,0.001011081,381.7855337,381.7855337,381.7855337,1150.089834,1150.089834,1150.089834,1150.089834,1150.089834
8/3/1999,292.816951,306.5496105,307.8020002,316.5655682,316.341861,307.8020002,860.6475381,946.1311215,951.2213984,868.4548698,958.9966337,951.2213984,897.863133,985.5528301,951.2213984,959.9008732,1059.664839,951.2213984,101.8211993,101.4169842,0.001001968,0.001005531,0.001008742,0.001011081,373.5168451,373.5168451,373.5168451,1139.852986,1139.852986,1139.852986,1139.852986,1139.852986
8/4/1999,284.8395614,294.6485084,299.9417701,306.7475955,306.5496105,299.9417701,879.7537672,958.8722712,974.5891761,885.3578013,946.1311215,974.5891761,900.1216898,958.9966337,974.5891761,926.574626,985.5528301,974.5891761,102.7564654,102.3477436,0.001001968,0.001005531,0.001008742,0.001011081,363.0426046,363.0426046,363.0426046,1124.280597,1124.280597,1124.280597,1124.280597,1124.280597
8/5/1999,273.1396488,284.4365308,287.4319861,294.8435039,294.6485084,287.4319861,858.53513,1061.30217,948.9061063,864.8286906,958.8722712,948.9061063,875.7761915,946.1311215,948.9061063,892.3481244,958.9966337,948.9061063,98.03337348,97.64733518,0.001001968,0.001005531,0.001008742,0.001011081,352.7597294,352.7597294,352.7597294,1137.922181,1137.922181,1137.922181,1137.922181,1137.922181
8/6/1999,266.0655077,279.5600027,279.8211582,284.6283648,284.4365308,279.8211582,835.2505847,1090.586537,923.3371874,838.7875369,1061.30217,923.3371874,849.1728657,958.8722712,923.3371874,876.7128496,946.1311215,923.3371874,94.89111572,94.52006191,0.001001968,0.001005531,0.001008742,0.001011081,343.8201442,343.8201442,343.8201442,1055.553657,1055.553657,1055.553657,1055.553657,1055.553657
8/7/1999,260.433278,264.7984679,274.4465416,279.0603858,279.5600027,274.4465416,817.603761,942.7507418,905.1112242,821.075849,1090.586537,905.1112242,832.1042237,1061.30217,905.1112242,853.5709925,958.8722712,905.1112242,96.70152049,96.32184404,0.001001968,0.001005531,0.001008742,0.001011081,333.7563437,333.7563437,333.7563437,1019.175531,1019.175531,1019.175531,1019.175531,1019.175531
8/8/1999,248.2568354,268.257316,260.8847272,265.0951651,264.7984679,260.8847272,835.9757528,907.8046744,926.4838205,838.0579551,942.7507418,926.4838205,846.3145986,1090.586537,926.4838205,868.7337746,1061.30217,926.4838205,88.32650503,87.98646633,0.001001968,0.001005531,0.001008742,0.001011081,314.2868604,314.2868604,314.2868604,998.4786458,998.4786458,998.4786458,998.4786458,998.4786458
8/9/1999,256.0759937,282.5344356,269.3383837,268.9533301,268.257316,269.3383837,946.7728563,873.8995006,1055.118254,942.9365144,907.8046744,1055.118254,943.4484276,942.7507418,1055.118254,953.3574801,1090.586537,1055.118254,92.05904955,91.70142516,0.001001968,0.001005531,0.001008742,0.001011081,297.2660796,297.2660796,297.2660796,992.0350338,992.0350338,992.0350338,992.0350338,992.0350338
8/10/1999,261.0048539,246.2089261,276.3643569,282.7511093,282.5344356,276.3643569,970.6034475,1485.05558,1085.509564,973.5183952,873.8995006,1085.509564,973.3654233,907.8046744,1085.509564,987.2156732,942.7507418,1085.509564,104.7801607,104.3616626,0.001001968,0.001005531,0.001008742,0.001011081,288.6193532,288.6193532,288.6193532,996.1706904,996.1706904,996.1706904,996.1706904,996.1706904
8/11/1999,228.5979385,238.4979758,240.4670097,246.3842593,246.2089261,240.4670097,813.6502123,3449.099553,901.1215726,816.8541535,1485.05558,901.1215726,833.6691306,873.8995006,901.1215726,862.8740123,907.8046744,901.1215726,84.3191592,83.9978512,0.001001968,0.001005531,0.001008742,0.001011081,280.7261558,280.7261558,280.7261558,986.7993034,986.7993034,986.7993034,986.7993034,986.7993034
8/12/1999,222.5038181,248.0982861,234.2697315,238.67017,238.4979758,234.2697315,776.1750327,2279.188748,860.3486256,778.3012068,3449.099553,860.3486256,787.1087385,1485.05558,860.3486256,817.7854888,873.8995006,860.3486256,83.84074125,83.52165874,0.001001968,0.001005531,0.001008742,0.001011081,272.7155043,272.7155043,272.7155043,975.8997611,975.8997611,975.8997611,975.8997611,975.8997611
8/13/1999,216.0646406,538.624783,227.7738267,231.9817988,248.0982861,227.7738267,756.9415201,2104.648901,838.7605043,759.1639519,2279.188748,838.7605043,767.6305241,3449.099553,838.7605043,778.4221727,1485.05558,838.7605043,83.69078438,83.37239895,0.001001968,0.001005531,0.001008742,0.001011081,265.1231736,265.1231736,265.1231736,963.2182542,963.2182542,963.2182542,963.2182542,963.2182542
8/14/1999,430.4683651,625.7717652,467.1296219,467.1643214,538.624783,467.1296219,1897.206808,1817.266269,2153.245627,1909.102732,2104.648901,2153.245627,1862.061192,2279.188748,2153.245627,1360.473455,3449.099553,2153.245627,214.5803821,213.5930416,0.001001968,0.001005531,0.001008742,0.001011081,278.4403395,278.4403395,278.4403395,1064.6962,1064.6962,1064.6962,1064.6962,1064.6962
8/15/1999,552.2770085,254.7568693,584.3964686,588.937079,625.7717652,584.3964686,3734.417948,1243.426264,4265.692067,3709.559799,1817.266269,4265.692067,3580.965592,2104.648901,4265.692067,3822.626091,2279.188748,4265.692067,160.1655634,159.4683289,0.001001968,0.001005531,0.001008742,0.001011081,309.0497802,309.0497802,309.0497802,1461.865443,1461.865443,1461.865443,1461.865443,1461.865443
8/16/1999,376.6880513,521.048161,384.8969799,323.2054846,254.7568693,384.8969799,1525.256003,1149.443567,1674.902474,1457.390722,1243.426264,1674.902474,1594.280182,1817.266269,1674.902474,1686.960761,2104.648901,1674.902474,10.93855932,10.91607814,0.001001968,0.001005531,0.001008742,0.001011081,338.7484761,338.7484761,338.7484761,1670.998746,1670.998746,1670.998746,1670.998746,1670.998746
8/17/1999,544.9459323,462.6812173,599.9342594,555.8549308,521.048161,599.9342594,1779.503536,1096.956527,2035.490027,1740.632813,1149.443567,2035.490027,1762.919641,1243.426264,2035.490027,1736.043732,1817.266269,2035.490027,305.3515113,303.8550284,0.001001968,0.001005531,0.001008742,0.001011081,377.0956369,377.0956369,377.0956369,1799.286074,1799.286074,1799.286074,1799.286074,1799.286074
8/18/1999,375.9684178,253.4972552,410.7334733,463.5106222,462.6812173,410.7334733,1511.536832,411.8580929,1719.648541,1562.039097,1096.956527,1719.648541,1535.952689,1149.443567,1719.648541,1695.034754,1243.426264,1719.648541,210.6123744,209.6466279,0.001001968,0.001005531,0.001008742,0.001011081,400.4947133,400.4947133,400.4947133,1885.420765,1885.420765,1885.420765,1885.420765,1885.420765
8/19/1999,229.6519243,341.453124,237.5561664,253.1348486,253.4972552,237.5561664,834.3210203,466.6595313,907.6882713,846.3555485,411.8580929,907.6882713,898.3868383,1096.956527,907.6882713,1038.421096,1149.443567,907.6882713,56.23868978,56.0442368,0.001001968,0.001005531,0.001008742,0.001011081,409.3488967,409.3488967,409.3488967,1935.004521,1935.004521,1935.004521,1935.004521,1935.004521
8/20/1999,278.4026535,765.0286906,296.2813629,297.287387,341.453124,296.2813629,905.5644615,2181.061891,1006.852666,906.6244483,466.6595313,1006.852666,930.5819511,411.8580929,1006.852666,936.5499495,1096.956527,1006.852666,116.8909119,116.4132333,0.001001968,0.001005531,0.001008742,0.001011081,420.1971956,420.1971956,420.1971956,1972.824408,1972.824408,1972.824408,1972.824408,1972.824408
8/21/1999,331.9452113,1482.930524,353.6982314,374.7546689,765.0286906,353.6982314,1056.858395,3402.424583,1176.752009,1080.442295,2181.061891,1176.752009,1065.914354,466.6595313,1176.752009,1018.45416,411.8580929,1176.752009,126.9124767,126.3850124,0.001001968,0.001005531,0.001008742,0.001011081,416.2148964,416.2148964,416.2148964,1892.843684,1892.843684,1892.843684,1892.843684,1892.843684
8/22/1999,538.4471576,754.2127032,569.8531447,659.5611214,1482.930524,569.8531447,623.4793129,3032.963865,656.7202921,745.0724941,3402.424583,656.7202921,724.0994011,2181.061891,656.7202921,466.6606787,466.6595313,656.7202921,0.001000564,0.001006515,0.001001968,0.001005531,0.001008742,0.001011081,438.3666206,438.3666206,438.3666206,1482.006791,1482.006791,1482.006791,1482.006791,1482.006791
8/23/1999,1516.710466,1446.42366,1613.60903,1275.343224,754.2127032,1613.60903,1593.000607,3566.382203,1691.420774,1352.063132,3032.963865,1691.420774,1560.312856,3402.424583,1691.420774,718.5947513,2181.061891,1691.420774,0.001000564,0.001006515,0.001001968,0.001005531,0.001008742,0.001011081,582.2594392,582.2594392,582.2594392,1367.232772,1367.232772,1367.232772,1367.232772,1367.232772
8/24/1999,1792.19151,1255.172824,2016.384527,1848.977713,1446.42366,2016.384527,3044.262336,2658.831481,3553.255206,2974.148519,3566.382203,3553.255206,2919.930459,3032.963865,3553.255206,2790.739317,3402.424583,3553.255206,887.8832306,882.7256574,0.001001968,0.001005531,0.001008742,0.001011081,738.5050708,738.5050708,738.5050708,1410.236105,1410.236105,1410.236105,1410.236105,1410.236105
8/25/1999,858.0926425,1294.377238,952.7847089,1127.508397,1255.172824,952.7847089,2482.106255,2497.540758,2866.605572,2675.262306,2658.831481,2866.605572,2596.374961,3566.382203,2866.605572,3282.009613,3032.963865,2866.605572,446.7539008,444.4198911,0.001001968,0.001005531,0.001008742,0.001011081,820.9584205,820.9584205,820.9584205,1543.657302,1543.657302,1543.657302,1543.657302,1543.657302
8/26/1999,995.4018868,909.8518831,1098.471503,1121.231993,1294.377238,1098.471503,2617.775394,2245.610674,2964.060758,2681.813128,2497.540758,2964.060758,2878.488857,2658.831481,2964.060758,2620.786136,3566.382203,2964.060758,438.7820487,436.4964062,0.001001968,0.001005531,0.001008742,0.001011081,955.1722613,955.1722613,955.1722613,1810.494777,1810.494777,1810.494777,1810.494777,1810.494777
8/27/1999,864.732069,379.0240916,922.9141366,1023.300512,909.8518831,922.9141366,2874.23093,1588.938464,3242.979294,2989.414562,2245.610674,3242.979294,2942.120503,2497.540758,3242.979294,3279.472868,2658.831481,3242.979294,136.5735962,135.9974973,0.001001968,0.001005531,0.001008742,0.001011081,1052.219646,1052.219646,1052.219646,2207.148824,2207.148824,2207.148824,2207.148824,2207.148824
8/28/1999,624.7047386,944.328125,649.704917,503.6578128,379.0240916,649.704917,1713.462217,1504.339655,1885.364083,1576.251962,1588.938464,1885.364083,1825.481602,2245.610674,1885.364083,2076.807699,2497.540758,1885.364083,0.001000564,0.001006515,0.001001968,0.001005531,0.001008742,0.001011081,1112.482172,1112.482172,1112.482172,2430.738868,2430.738868,2430.738868,2430.738868,2430.738868
8/29/1999,1030.469863,1075.250377,1137.173102,975.0653117,944.328125,1137.173102,2283.976251,1529.91447,2617.221072,2153.515045,1504.339655,2617.221072,2128.512815,1588.938464,2617.221072,2053.692094,2245.610674,2617.221072,502.552706,499.8768713,0.001001968,0.001005531,0.001008742,0.001011081,1146.8926,1146.8926,1146.8926,2598.741821,2598.741821,2598.741821,2598.741821,2598.741821
8/30/1999,904.4560278,616.0640854,1008.135205,1087.159749,1075.250377,1008.135205,2141.514467,1369.9775,2468.476804,2249.563771,1529.91447,2468.476804,2172.993567,1504.339655,2468.476804,2147.6113,1588.938464,2468.476804,502.5310641,499.855363,0.001001968,0.001005531,0.001008742,0.001011081,1069.758153,1069.758153,1069.758153,2627.363593,2627.363593,2627.363593,2627.363593,2627.363593
8/31/1999,521.8095332,478.0504784,554.0860415,623.9313479,616.0640854,554.0860415,1139.934156,1243.580617,1248.663492,1221.29803,1369.9775,1248.663492,1326.737526,1529.91447,1248.663492,1569.423092,1504.339655,1248.663492,145.9557908,145.3319032,0.001001968,0.001005531,0.001008742,0.001011081,937.4856944,937.4856944,937.4856944,2555.584677,2555.584677,2555.584677,2555.584677,2555.584677
9/1/1999,440.8763064,468.5481025,463.6707246,483.5422224,478.0504784,463.6707246,944.3420451,1186.748414,1027.120288,973.5356874,1243.580617,1027.120288,1062.548383,1369.9775,1027.120288,1214.264083,1529.91447,1027.120288,96.29747213,95.91972261,0.001001968,0.001005531,0.001008742,0.001011081,875.0711987,875.0711987,875.0711987,2421.345502,2421.345502,2421.345502,2421.345502,2421.345502
9/2/1999,438.2088512,448.9819022,464.6440376,472.4163532,468.5481025,464.6440376,1151.752271,766.2608672,1279.534579,1165.978682,1186.748414,1279.534579,1203.228078,1243.580617,1279.534579,1284.309526,1369.9775,1279.534579,122.206244,121.7022469,0.001001968,0.001005531,0.001008742,0.001011081,768.8824053,768.8824053,768.8824053,2169.446449,2169.446449,2169.446449,2169.446449,2169.446449
9/3/1999,420.2085017,427.3260411,446.3600487,451.7120981,448.9819022,446.3600487,1114.886936,1957.341824,1236.854453,1126.363088,766.2608672,1236.854453,1151.201645,1186.748414,1236.854453,1205.64367,1243.580617,1236.854453,124.016302,123.5032971,0.001001968,0.001005531,0.001008742,0.001011081,694.1171759,694.1171759,694.1171759,1789.4063,1789.4063,1789.4063,1789.4063,1789.4063
9/4/1999,400.1412246,454.7303408,425.0788139,429.2431812,427.3260411,425.0788139,1042.555536,3267.405188,1154.363213,1052.942387,1957.341824,1154.363213,1075.076272,766.2608672,1154.363213,1115.127536,1186.748414,1154.363213,119.8248812,119.3327001,0.001001968,0.001005531,0.001008742,0.001011081,647.1545346,647.1545346,647.1545346,1581.289001,1581.289001,1581.289001,1581.289001,1581.289001
9/5/1999,382.5499442,834.5962387,406.4132933,409.7042109,454.7303408,406.4132933,1015.996483,2702.762192,1125.012201,1025.103988,3267.405188,1125.012201,1045.218939,1957.341824,1125.012201,1073.331363,766.2608672,1125.012201,115.9867757,115.5135536,0.001001968,0.001005531,0.001008742,0.001011081,581.7238098,581.7238098,581.7238098,1457.481708,1457.481708,1457.481708,1457.481708,1457.481708
9/6/1999,752.6659162,747.1634857,845.02421,844.0228413,834.5962387,845.02421,1065.330821,2919.963393,1215.873951,1108.412107,2702.762192,1215.873951,1122.717827,3267.405188,1215.873951,730.4883607,1957.341824,1215.873951,440.362844,438.0676202,0.001001968,0.001005531,0.001008742,0.001011081,558.3671069,558.3671069,558.3671069,1299.006199,1299.006199,1299.006199,1299.006199,1299.006199
9/7/1999,893.7607646,1416.60087,964.2411006,762.2547119,747.1634857,964.2411006,2397.67982,4252.901676,2731.064017,2218.001606,2919.963393,2731.064017,2249.553987,2702.762192,2731.064017,2124.639917,3267.405188,2731.064017,346.5616725,344.825937,0.001001968,0.001005531,0.001008742,0.001011081,561.7138092,561.7138092,561.7138092,1341.960803,1341.960803,1341.960803,1341.960803,1341.960803
9/8/1999,1171.848472,694.0621317,1337.138432,1424.019257,1416.60087,1337.138432,3309.863225,2846.282871,3883.646424,3434.078179,4252.901676,3883.646424,3317.260968,2919.963393,3883.646424,3053.472534,2702.762192,3883.646424,792.3171494,787.7915103,0.001001968,0.001005531,0.001008742,0.001011081,651.5399943,651.5399943,651.5399943,1603.745604,1603.745604,1603.745604,1603.745604,1603.745604
9/9/1999,575.8227638,1225.093092,621.2416291,672.567273,694.0621317,621.2416291,2103.725695,2036.159939,2392.852364,2153.519428,2846.282871,2392.852364,2342.136385,4252.901676,2392.852364,2770.532094,2919.963393,2392.852364,231.794758,230.7130271,0.001001968,0.001005531,0.001008742,0.001011081,701.5690343,701.5690343,701.5690343,1832.585659,1832.585659,1832.585659,1832.585659,1832.585659
9/10/1999,1110.677708,987.1956937,1286.259139,1241.151754,1225.093092,1286.259139,2536.389409,1718.380011,2997.242984,2546.058227,2036.159939,2997.242984,2755.355447,2846.282871,2997.242984,2297.729797,4252.901676,2997.242984,844.6627786,839.7921479,0.001001968,0.001005531,0.001008742,0.001011081,821.3873545,821.3873545,821.3873545,2081.614568,2081.614568,2081.614568,2081.614568,2081.614568
9/11/1999,918.122236,867.8053109,1033.795805,999.7049688,987.1956937,1033.795805,3765.640971,1597.124988,4411.21824,3728.784026,1718.380011,4411.21824,3729.903703,2036.159939,4411.21824,4212.363573,2846.282871,4411.21824,579.1687657,576.0150708,0.001001968,0.001005531,0.001008742,0.001011081,894.7707672,894.7707672,894.7707672,2484.339014,2484.339014,2484.339014,2484.339014,2484.339014
9/12/1999,757.8025889,669.8992075,851.5284996,867.6343113,867.8053109,851.5284996,2005.627458,5766.093586,2321.622219,2043.315605,1597.124988,2321.622219,2128.960621,1718.380011,2321.622219,2234.895758,2036.159939,2321.622219,483.0718628,480.516,0.001001968,0.001005531,0.001008742,0.001011081,961.531931,961.531931,961.531931,2717.037917,2717.037917,2717.037917,2717.037917,2717.037917
9/13/1999,559.3279802,513.4735929,618.3156965,669.3643263,669.8992075,618.3156965,1477.324418,16413.95967,1680.929784,1542.339702,5766.093586,1680.929784,1606.98666,1597.124988,1680.929784,1823.85717,1718.380011,1680.929784,313.4966457,311.9532317,0.001001968,0.001005531,0.001008742,0.001011081,949.7270619,949.7270619,949.7270619,2893.733185,2893.733185,2893.733185,2893.733185,2893.733185
9/14/1999,454.5857353,548.1645275,494.170773,511.3756504,513.4735929,494.170773,1168.691662,39887.81899,1310.814213,1195.676035,16413.95967,1310.814213,1276.020262,5766.093586,1310.814213,1422.783989,1597.124988,1310.814213,213.6958755,212.713354,0.001001968,0.001005531,0.001008742,0.001011081,925.3197193,925.3197193,925.3197193,2834.204698,2834.204698,2834.204698,2834.204698,2834.204698
9/15/1999,406.7792804,3824.573235,440.6318853,476.2949129,548.1645275,440.6318853,1231.999574,40707.43875,1385.553959,1275.476136,39887.81899,1385.553959,1298.944462,16413.95967,1385.553959,1350.877217,5766.093586,1385.553959,182.0866187,181.2741558,0.001001968,0.001005531,0.001008742,0.001011081,823.479651,823.479651,823.479651,2569.60133,2569.60133,2569.60133,2569.60133,2569.60133
9/16/1999,1435.474599,7689.720393,1713.689925,1804.787205,3824.573235,1713.689925,7389.985063,39189.37219,8665.380481,7547.936596,40707.43875,8665.380481,7600.095453,39887.81899,8665.380481,4863.148483,16413.95967,8665.380481,1274.167721,1266.374446,0.001001968,0.001005531,0.001008742,0.001011081,938.4373463,938.4373463,938.4373463,3171.391457,3171.391457,3171.391457,3171.391457,3171.391457
9/17/1999,10560.97915,12629.6574,11142.28838,8718.247378,7689.720393,11142.28838,30211.98293,37190.58207,34265.46025,28262.35445,39189.37219,34265.46025,22565.74269,40707.43875,34265.46025,16816.68141,39887.81899,34265.46025,329.7959164,328.1580513,0.001001968,0.001005531,0.001008742,0.001011081,1203.365656,1203.365656,1203.365656,6021.802253,6021.802253,6021.802253,6021.802253,6021.802253
9/18/1999,21790.79591,40658.9831,22910.18395,13309.3759,12629.6574,22910.18395,52861.15483,23957.92208,61110.2553,43157.67667,37190.58207,61110.2553,40904.59114,39189.37219,61110.2553,38561.56564,40707.43875,61110.2553,3657.825386,3632.168305,0.001001968,0.001005531,0.001008742,0.001011081,2641.838006,2641.838006,2641.838006,12196.36415,12196.36415,12196.36415,12196.36415,12196.36415
9/19/1999,30095.80752,15107.05431,37784.72995,40694.6897,40658.9831,37784.72995,53355.54028,17480.50917,69566.56644,58545.54342,23957.92208,69566.56644,60887.30411,37190.58207,69566.56644,37602.70953,39189.37219,69566.56644,27029.71345,26794.11821,0.001001968,0.001005531,0.001008742,0.001011081,7635.920078,7635.920078,7635.920078,18036.54229,18036.54229,18036.54229,18036.54229,18036.54229
9/20/1999,7473.503101,3621.751612,8771.900666,15095.42457,15107.05431,8771.900666,29047.11388,10346.50175,35594.95026,35375.95717,17480.50917,35594.95026,39658.41645,23957.92208,35594.95026,58140.17684,37190.58207,35594.95026,5219.672146,5181.479814,0.001001968,0.001005531,0.001008742,0.001011081,10211.27387,10211.27387,10211.27387,24044.89344,24044.89344,24044.89344,24044.89344,24044.89344
9/21/1999,2368.946848,2837.185559,2403.81407,3620.744539,3621.751612,2403.81407,3039.670771,9713.732983,3114.768586,4305.386869,10346.50175,3114.768586,10573.5682,17480.50917,3114.768586,19431.93659,23957.92208,3114.768586,0.001000564,0.001006515,0.001001968,0.001005531,0.001008742,0.001011081,11540.49044,11540.49044,11540.49044,29194.65186,29194.65186,29194.65186,29194.65186,29194.65186
9/22/1999,3302.863448,5481.103959,3350.61429,2854.991833,2837.185559,3350.61429,7967.050742,9024.133677,8784.184304,7461.788994,9713.732983,8784.184304,8173.322858,10346.50175,8784.184304,14343.76864,17480.50917,8784.184304,0.001000564,0.001006515,0.001001968,0.001005531,0.001008742,0.001011081,11991.8084,11991.8084,11991.8084,30993.52993,30993.52993,30993.52993,30993.52993,30993.52993
9/23/1999,5009.077357,4948.183392,5539.984902,5502.711571,5481.103959,5539.984902,11186.28738,7539.894726,13037.29566,11268.89102,9024.133677,13037.29566,11177.51452,9713.732983,13037.29566,10204.70471,10346.50175,13037.29566,2210.743422,2196.184432,0.001001968,0.001005531,0.001008742,0.001011081,12476.24457,12476.24457,12476.24457,31461.51814,31461.51814,31461.51814,31461.51814,31461.51814
9/24/1999,4174.991946,3919.22453,4672.674734,4957.874213,4948.183392,4672.674734,9335.646088,6460.531112,10953.36509,9737.12549,7539.894726,10953.36509,10542.01225,9024.133677,10953.36509,10471.752,9713.732983,10953.36509,2136.138167,2122.132936,0.001001968,0.001005531,0.001008742,0.001011081,12794.07425,12794.07425,12794.07425,29581.25514,29581.25514,29581.25514,29581.25514,29581.25514
9/25/1999,3245.194915,2961.453733,3594.574699,3921.142678,3919.22453,3594.574699,6939.252004,5682.386651,8049.951465,7354.330777,6460.531112,8049.951465,8036.014991,7539.894726,8049.951465,9250.943018,9024.133677,8049.951465,1541.610029,1531.930878,0.001001968,0.001005531,0.001008742,0.001011081,11839.70278,11839.70278,11839.70278,24195.28946,24195.28946,24195.28946,24195.28946,24195.28946
9/26/1999,2503.316401,2469.952271,2720.129711,2962.297231,2961.453733,2720.129711,5456.045041,6936.6005,6231.770917,5749.410618,5682.386651,6231.770917,6283.203904,6460.531112,6231.770917,7394.053107,7539.894726,6231.770917,980.7584573,974.9783227,0.001001968,0.001005531,0.001008742,0.001011081,7197.490256,7197.490256,7197.490256,19109.43611,19109.43611,19109.43611,19109.43611,19109.43611
9/27/1999,2171.333715,2263.941092,2344.425064,2470.19694,2469.952271,2344.425064,4791.739764,10216.14912,5446.240564,4956.311376,6936.6005,5446.240564,5364.513198,5682.386651,5446.240564,6055.424957,6460.531112,5446.240564,793.1985938,788.6671693,0.001001968,0.001005531,0.001008742,0.001011081,4918.383188,4918.383188,4918.383188,13760.86097,13760.86097,13760.86097,13760.86097,13760.86097
9/28/1999,2013.197676,2216.539354,2177.257102,2262.458518,2263.941092,2177.257102,4558.77927,7756.528903,5193.371752,4678.580056,10216.14912,5193.371752,4948.659662,6936.6005,5193.371752,5394.437517,5682.386651,5193.371752,758.1110521,753.8092729,0.001001968,0.001005531,0.001008742,0.001011081,3855.417364,3855.417364,3855.417364,9187.049753,9187.049753,9187.049753,9187.049753,9187.049753
9/29/1999,1925.4625,3088.349221,2081.291447,2166.288957,2216.539354,2081.291447,4351.121635,7739.488568,4950.232989,4470.705428,7756.528903,4950.232989,4620.322208,10216.14912,4950.232989,4886.9369,6936.6005,4950.232989,717.6175137,713.5790371,0.001001968,0.001005531,0.001008742,0.001011081,3652.738538,3652.738538,3652.738538,7911.014942,7911.014942,7911.014942,7911.014942,7911.014942
9/30/1999,3011.839996,4084.11664,3269.903511,3080.635646,3088.349221,3269.903511,7570.065361,7478.541649,8665.652106,7466.641194,7739.488568,8665.652106,7173.742944,7756.528903,8665.652106,6055.750482,10216.14912,8665.652106,1086.918778,1080.417879,0.001001968,0.001005531,0.001008742,0.001011081,3302.646735,3302.646735,3302.646735,7444.134374,7444.134374,7444.134374,7444.134374,7444.134374
10/1/1999,3993.785726,3612.135157,4397.800376,4122.145769,4084.11664,4397.800376,10983.29209,9243.325192,12803.23438,10762.45224,7478.541649,12803.23438,10550.84355,7739.488568,12803.23438,10070.671,7756.528903,12803.23438,1696.896126,1686.103326,0.001001968,0.001005531,0.001008742,0.001011081,3061.827763,3061.827763,3061.827763,7634.458685,7634.458685,7634.458685,7634.458685,7634.458685
10/2/1999,3113.519842,2808.03623,3478.806572,3624.571079,3612.135157,3478.806572,6892.850657,8820.160967,8021.501497,7135.537116,9243.325192,8021.501497,7778.547502,7478.541649,8021.501497,7733.671122,7739.488568,8021.501497,1610.291045,1600.120909,0.001001968,0.001005531,0.001008742,0.001011081,3010.231342,3010.231342,3010.231342,7488.601034,7488.601034,7488.601034,7488.601034,7488.601034
10/3/1999,2255.786918,3062.693085,2476.161645,2700.035183,2808.03623,2476.161645,5427.007834,7532.245553,6242.431373,5699.006237,8820.160967,6242.431373,6149.001541,9243.325192,6242.431373,7331.24577,7478.541649,6242.431373,1008.068936,1002.104274,0.001001968,0.001005531,0.001008742,0.001011081,2960.576171,2960.576171,2960.576171,7408.737209,7408.737209,7408.737209,7408.737209,7408.737209
10/4/1999,2672.32276,3719.576031,2917.831176,2859.15143,3062.693085,2917.831176,5688.327199,6349.041632,6485.92538,5710.594454,7532.245553,6485.92538,5872.555273,8820.160967,6485.92538,5914.342825,9243.325192,6485.92538,1048.181435,1041.94461,0.001001968,0.001005531,0.001008742,0.001011081,2972.095259,2972.095259,2972.095259,7442.630026,7442.630026,7442.630026,7442.630026,7442.630026
10/5/1999,3549.475465,3112.703656,3961.623793,3855.404619,3719.576031,3961.623793,8919.805433,5112.190986,10416.67274,8914.286947,6349.041632,10416.67274,9013.166742,7532.245553,10416.67274,8304.359856,8820.160967,10416.67274,1685.376727,1674.666969,0.001001968,0.001005531,0.001008742,0.001011081,3153.491355,3153.491355,3153.491355,7974.986123,7974.986123,7974.986123,7974.986123,7974.986123
10/6/1999,2792.237977,2401.145372,3112.981817,3186.56042,3112.703656,3112.981817,7648.558266,5911.488945,8932.887007,7780.730933,5112.190986,8932.887007,8201.541558,6349.041632,8932.887007,8739.978477,7532.245553,8932.887007,1388.106247,1379.514855,0.001001968,0.001005531,0.001008742,0.001011081,3324.077981,3324.077981,3324.077981,8526.723245,8526.723245,8526.723245,8526.723245,8526.723245
10/7/1999,2052.377447,2063.351504,2250.078257,2406.815876,2401.145372,2250.078257,5109.447622,7683.602866,5865.67847,5309.570537,5911.488945,5865.67847,5636.114566,5112.190986,5865.67847,6576.352264,6349.041632,5865.67847,892.5217473,887.3332707,0.001001968,0.001005531,0.001008742,0.001011081,3326.160827,3326.160827,3326.160827,8519.655703,8519.655703,8519.655703,8519.655703,8519.655703
10/8/1999,1732.145965,2156.686974,1872.071979,1936.512783,2063.351504,1872.071979,4122.022865,7534.777833,4675.910577,4218.514326,7683.602866,4675.910577,4506.311674,5911.488945,4675.910577,5094.015081,5112.190986,4675.910577,638.6868581,635.1559103,0.001001968,0.001005531,0.001008742,0.001011081,3103.774373,3103.774373,3103.774373,7751.212001,7751.212001,7751.212001,7751.212001,7751.212001
10/9/1999,1981.577514,2834.537514,2154.834496,2139.688537,2156.686974,2154.834496,4070.67144,7003.552742,4611.555121,4115.330415,7534.777833,4611.555121,4249.319963,7683.602866,4611.555121,4262.472099,5911.488945,4611.555121,738.6333811,734.4584885,0.001001968,0.001005531,0.001008742,0.001011081,2843.722002,2843.722002,2843.722002,7217.837262,7217.837262,7217.837262,7217.837262,7217.837262
10/10/1999,2430.141988,3279.287415,2671.173911,2590.882199,2834.537514,2671.173911,5802.585172,6423.884434,6665.948571,5792.223134,7003.552742,6665.948571,5801.266881,7534.777833,6665.948571,5413.184415,7683.602866,6665.948571,1025.418535,1019.33632,0.001001968,0.001005531,0.001008742,0.001011081,2763.734139,2763.734139,2763.734139,6993.973571,6993.973571,6993.973571,6993.973571,6993.973571
10/11/1999,3255.545857,3090.516435,3612.68406,3421.554727,3279.287415,3612.68406,8048.252832,5991.330768,9345.408425,7954.873179,6423.884434,9345.408425,7957.374256,7003.552742,9345.408425,7296.700384,7534.777833,9345.408425,1411.974938,1403.215319,0.001001968,0.001005531,0.001008742,0.001011081,2816.933168,2816.933168,2816.933168,7187.526995,7187.526995,7187.526995,7187.526995,7187.526995
10/12/1999,2981.62049,2927.113664,3312.070675,3195.9128,3090.516435,3312.070675,7110.564705,5668.859499,8261.327771,7076.602142,5991.330768,8261.327771,7350.376814,6423.884434,8261.327771,7539.127305,7003.552742,8261.327771,1396.389193,1387.739462,0.001001968,0.001005531,0.001008742,0.001011081,2754.010169,2754.010169,2754.010169,6981.551228,6981.551228,6981.551228,6981.551228,6981.551228
10/13/1999,2440.073785,2419.584293,2722.205754,2888.329773,2927.113664,2722.205754,5419.933459,5401.970446,6290.030304,5664.49221,5668.859499,6290.030304,5911.563249,5991.330768,6290.030304,6383.285344,6423.884434,6290.030304,1244.105961,1236.521846,0.001001968,0.001005531,0.001008742,0.001011081,2685.150399,2685.150399,2685.150399,6654.694423,6654.694423,6654.694423,6654.694423,6654.694423
10/14/1999,2183.729421,2394.772894,2378.67575,2444.895033,2419.584293,2378.67575,4956.734034,5280.102662,5636.103688,5083.164093,5401.970446,5636.103688,5276.608608,5668.859499,5636.103688,5603.257479,5991.330768,5636.103688,835.0911479,830.2838121,0.001001968,0.001005531,0.001008742,0.001011081,2671.469615,2671.469615,2671.469615,6536.355884,6536.355884,6536.355884,6536.355884,6536.355884
10/15/1999,2208.260699,2245.355748,2410.099388,2416.443201,2394.772894,2410.099388,4831.665432,4678.358187,5504.978357,4896.486578,5280.102662,5504.978357,5073.486019,5401.970446,5504.978357,5296.48688,5668.859499,5504.978357,881.7513358,876.6345838,0.001001968,0.001005531,0.001008742,0.001011081,2717.331503,2717.331503,2717.331503,6568.120161,6568.120161,6568.120161,6568.120161,6568.120161
10/16/1999,2039.324044,2066.894219,2245.850593,2246.635978,2245.355748,2245.850593,4562.51178,4977.50097,5234.246366,4620.166232,4678.358187,5234.246366,4954.922132,5280.102662,5234.246366,5082.481799,5401.970446,5234.246366,930.0470113,924.6077824,0.001001968,0.001005531,0.001008742,0.001011081,2756.701705,2756.701705,2756.701705,6661.248647,6661.248647,6661.248647,6661.248647,6661.248647
10/17/1999,1800.954742,1834.761557,1979.680518,2059.938902,2066.894219,1979.680518,4225.316256,6017.487605,4842.639719,4351.692243,4977.50097,4842.639719,4534.540953,4678.358187,4842.639719,4933.905611,5280.102662,4842.639719,814.0266756,809.3583035,0.001001968,0.001005531,0.001008742,0.001011081,2711.224966,2711.224966,2711.224966,6538.300496,6538.300496,6538.300496,6538.300496,6538.300496
10/18/1999,1648.805962,1866.824384,1796.766759,1837.796172,1834.761557,1796.766759,4052.882771,5326.78797,4619.969946,4129.135015,6017.487605,4619.969946,4302.381782,4977.50097,4619.969946,4553.501298,4678.358187,4619.969946,673.6642781,669.9093919,0.001001968,0.001005531,0.001008742,0.001011081,2525.706251,2525.706251,2525.706251,6075.27032,6075.27032,6075.27032,6075.27032,6075.27032
10/19/1999,1620.218458,2114.3887,1766.60289,1780.213872,1866.824384,1766.60289,3763.963642,4714.432845,4285.299637,3815.663093,5326.78797,4285.299637,3956.381125,6017.487605,4285.299637,4136.206771,4977.50097,4285.299637,670.7825907,667.0462137,0.001001968,0.001005531,0.001008742,0.001011081,2321.252786,2321.252786,2321.252786,5579.768899,5579.768899,5579.768899,5579.768899,5579.768899
10/20/1999,1962.916443,2262.089412,2164.105737,2109.711867,2114.3887,2164.105737,4628.576333,5200.544817,5312.415529,4633.29155,4714.432845,5312.415529,4732.97141,5326.78797,5312.415529,4436.878051,6017.487605,5312.415529,881.3585941,876.2444554,0.001001968,0.001005531,0.001008742,0.001011081,2199.131116,2199.131116,2199.131116,5323.865726,5323.865726,5323.865726,5323.865726,5323.865726
10/21/1999,2081.335824,2282.313994,2309.777062,2304.549241,2262.089412,2309.777062,5670.694942,5130.673319,6574.977746,5711.593851,5200.544817,6574.977746,5776.680005,4714.432845,6574.977746,5744.303988,5326.78797,6574.977746,1006.841438,1000.885084,0.001001968,0.001005531,0.001008742,0.001011081,2159.445718,2159.445718,2159.445718,5306.743178,5306.743178,5306.743178,5306.743178,5306.743178
10/22/1999,1727.195084,2399.948414,1910.625291,1930.915782,2282.313994,1910.625291,4394.977119,4652.357454,5063.096077,4457.993091,5130.673319,5063.096077,4732.636772,5200.544817,5063.096077,4982.88794,4714.432845,5063.096077,837.8763752,833.050631,0.001001968,0.001005531,0.001008742,0.001011081,2105.699824,2105.699824,2105.699824,5225.846511,5225.846511,5225.846511,5225.846511,5225.846511
10/23/1999,2255.560671,1917.316689,2527.448271,2539.400911,2399.948414,2527.448271,4361.124034,4216.303853,5030.819802,4485.642411,4652.357454,5030.819802,4656.074543,5130.673319,5030.819802,4235.457634,5200.544817,5030.819802,1078.162383,1071.721281,0.001001968,0.001005531,0.001008742,0.001011081,2117.655856,2117.655856,2117.655856,5155.1229,5155.1229,5155.1229,5155.1229,5155.1229
10/24/1999,2015.834029,2382.38945,2202.862165,2029.511486,1917.316689,2202.862165,4620.209247,4100.576214,5275.61595,4501.754056,4216.303853,5275.61595,4678.759258,4652.357454,5275.61595,5215.052409,5130.673319,5275.61595,783.1370666,778.6716318,0.001001968,0.001005531,0.001008742,0.001011081,2114.274443,2114.274443,2114.274443,5182.005172,5182.005172,5182.005172,5182.005172,5182.005172
10/25/1999,2169.128245,2007.394637,2426.795466,2391.145305,2382.38945,2426.795466,4267.834472,3875.198838,4941.64503,4316.995623,4100.576214,4941.64503,4402.270857,4216.303853,4941.64503,4295.796169,4652.357454,4941.64503,1145.655053,1138.751514,0.001001968,0.001005531,0.001008742,0.001011081,2164.97397,2164.97397,2164.97397,5150.318995,5150.318995,5150.318995,5150.318995,5150.318995
10/26/1999,1730.031384,1657.467924,1910.924864,2011.235166,2007.394637,1910.924864,3850.985667,3622.202576,4420.298299,4003.691676,3875.198838,4420.298299,4167.338955,4100.576214,4420.298299,4461.436777,4216.303853,4420.298299,818.8816923,814.1813321,0.001001968,0.001005531,0.001008742,0.001011081,2196.725384,2196.725384,2196.725384,5154.5698,5154.5698,5154.5698,5154.5698,5154.5698
10/27/1999,1473.091703,1545.927656,1607.097033,1659.314544,1657.467924,1607.097033,3101.175823,3461.484475,3513.590831,3196.48512,3622.202576,3513.590831,3423.761125,3875.198838,3513.590831,3725.850844,4100.576214,3513.590831,611.2020495,607.8459284,0.001001968,0.001005531,0.001008742,0.001011081,2156.544926,2156.544926,2156.544926,5053.589249,5053.589249,5053.589249,5053.589249,5053.589249
10/28/1999,1394.187741,1482.743683,1520.669517,1546.498716,1545.927656,1520.669517,3125.974406,3348.529705,3547.759485,3188.862182,3461.484475,3547.759485,3348.217484,3622.202576,3547.759485,3566.327215,3875.198838,3547.759485,581.2723767,578.105434,0.001001968,0.001005531,0.001008742,0.001011081,2068.986075,2068.986075,2068.986075,4730.672961,4730.672961,4730.672961,4730.672961,4730.672961
10/29/1999,1346.357107,1436.4809,1469.516864,1482.479906,1482.743683,1469.516864,3106.194304,3431.111123,3529.815751,3153.494644,3348.529705,3529.815751,3280.705621,3461.484475,3529.815751,3420.986342,3622.202576,3529.815751,570.0517669,566.955412,0.001001968,0.001005531,0.001008742,0.001011081,1989.543766,1989.543766,1989.543766,4483.497111,4483.497111,4483.497111,4483.497111,4483.497111
10/30/1999,1305.147105,1389.445366,1425.551493,1435.661297,1436.4809,1425.551493,3000.271525,4615.570454,3408.949186,3044.354219,3431.111123,3408.949186,3156.746401,3348.529705,3408.949186,3259.122419,3461.484475,3408.949186,560.867736,557.8290172,0.001001968,0.001005531,0.001008742,0.001011081,1839.345088,1839.345088,1839.345088,4279.156506,4279.156506,4279.156506,4279.156506,4279.156506
10/31/1999,1262.566258,1344.729095,1379.212094,1388.251774,1389.445366,1379.212094,2904.899873,8073.622882,3299.304758,2946.967896,4615.570454,3299.304758,3053.401104,3431.111123,3299.304758,3144.575256,3348.529705,3299.304758,546.4797999,543.5311167,0.001001968,0.001005531,0.001008742,0.001011081,1741.864675,1741.864675,1741.864675,4010.000516,4010.000516,4010.000516,4010.000516,4010.000516
11/1/1999,1222.085497,1460.590219,1335.039096,1343.284917,1344.729095,1335.039096,2825.699861,6765.03703,3207.78356,2865.943985,8073.622882,3207.78356,2968.134616,4615.570454,3207.78356,3049.43904,3431.111123,3207.78356,532.0167158,529.1582132,0.001001968,0.001005531,0.001008742,0.001011081,1612.465768,1612.465768,1612.465768,3796.376191,3796.376191,3796.376191,3796.376191,3796.376191
11/2/1999,1205.418623,3092.512555,1320.59809,1328.171667,1460.590219,1320.59809,3056.823535,6248.532638,3465.940306,3096.112105,6765.03703,3465.940306,3197.541973,8073.622882,3465.940306,3117.667114,4615.570454,3465.940306,545.2974924,542.3561936,0.001001968,0.001005531,0.001008742,0.001011081,1513.046958,1513.046958,1513.046958,3650.127889,3650.127889,3650.127889,3650.127889,3650.127889
11/3/1999,2907.559452,3143.585695,3295.702331,3133.125417,3092.512555,3295.702331,6704.681799,5544.161213,7740.567851,6703.982575,6248.532638,7740.567851,6400.461107,6765.03703,7740.567851,4333.557584,8073.622882,7740.567851,1589.240016,1579.22064,0.001001968,0.001005531,0.001008742,0.001011081,1615.09451,1615.09451,1615.09451,3839.23809,3839.23809,3839.23809,3839.23809,3839.23809
11/4/1999,3623.556421,3744.312283,3954.527622,3212.510036,3143.585695,3954.527622,9628.683087,5172.043224,11095.59638,8941.388948,5544.161213,11095.59638,8802.070158,6248.532638,11095.59638,9117.808779,6765.03703,11095.59638,1398.993822,1390.325737,0.001001968,0.001005531,0.001008742,0.001011081,1797.797798,1797.797798,1797.797798,4595.524124,4595.524124,4595.524124,4595.524124,4595.524124
11/5/1999,3237.156634,2540.522385,3656.947598,3744.859416,3744.312283,3656.947598,6085.500528,4576.02409,7089.398027,6312.499905,5172.043224,7089.398027,6511.29415,5544.161213,7089.398027,6091.23285,6248.532638,7089.398027,1846.053529,1834.179608,0.001001968,0.001005531,0.001008742,0.001011081,2091.4453,2091.4453,2091.4453,5085.600924,5085.600924,5085.600924,5085.600924,5085.600924
11/6/1999,1893.620928,1488.699265,2081.647893,2538.072196,2540.522385,2081.647893,4478.812332,3877.5593,5111.783616,4985.528856,4576.02409,5111.783616,5338.225087,5172.043224,5111.783616,6333.187498,5544.161213,5111.783616,869.1498156,864.1168397,0.001001968,0.001005531,0.001008742,0.001011081,2275.20901,2275.20901,2275.20901,5492.537837,5492.537837,5492.537837,5492.537837,5492.537837
11/7/1999,1293.426212,1555.998702,1362.048547,1486.290079,1488.699265,1362.048547,2854.516765,3566.397282,3134.36731,3001.023306,3877.5593,3134.36731,3529.026743,4576.02409,3134.36731,4409.306298,5172.043224,3134.36731,311.8730936,310.3390488,0.001001968,0.001005531,0.001008742,0.001011081,2355.045183,2355.045183,2355.045183,5768.233652,5768.233652,5768.233652,5768.233652,5768.233652
11/8/1999,1399.274679,1530.172058,1511.518759,1553.643685,1555.998702,1511.518759,3360.199109,3426.716815,3787.072641,3430.765599,3566.397282,3787.072641,3648.74714,3877.5593,3787.072641,4028.134913,4576.02409,3787.072641,528.6568169,525.8192164,0.001001968,0.001005531,0.001008742,0.001011081,2402.35368,2402.35368,2402.35368,5918.00697,5918.00697,5918.00697,5918.00697,5918.00697
11/9/1999,1379.385669,1471.132013,1499.412885,1527.883648,1530.172058,1499.412885,3532.296708,3402.959546,4009.754757,3587.101976,3426.716815,4009.754757,3723.074091,3566.397282,4009.754757,3903.343823,3877.5593,4009.754757,568.4033679,565.3173673,0.001001968,0.001005531,0.001008742,0.001011081,2436.308526,2436.308526,2436.308526,5967.336106,5967.336106,5967.336106,5967.336106,5967.336106
11/10/1999,1327.327162,1370.866068,1444.718811,1467.837217,1471.132013,1444.718811,3169.422674,3303.658111,3587.091061,3223.730622,3402.959546,3587.091061,3349.753077,3426.716815,3587.091061,3471.633003,3566.397282,3587.091061,558.6773087,555.6523175,0.001001968,0.001005531,0.001008742,0.001011081,2294.517636,2294.517636,2294.517636,5691.290295,5691.290295,5691.290295,5691.290295,5691.290295
11/11/1999,1261.118619,1396.31286,1365.604416,1368.912767,1370.866068,1365.604416,2951.683176,3182.815462,3323.874932,2983.786813,3303.658111,3323.874932,3091.099877,3402.959546,3323.874932,3240.163251,3426.716815,3323.874932,499.4005708,496.7441927,0.001001968,0.001005531,0.001008742,0.001011081,2081.169707,2081.169707,2081.169707,4870.400837,4870.400837,4870.400837,4870.400837,4870.400837
11/12/1999,1277.920499,1404.054166,1391.829533,1395.016236,1396.31286,1391.829533,2892.690247,3081.272747,3269.024965,2928.846446,3182.815462,3269.024965,3027.231603,3303.658111,3269.024965,3078.527181,3402.959546,3269.024965,546.3722161,543.4242049,0.001001968,0.001005531,0.001008742,0.001011081,1770.852234,1770.852234,1770.852234,4333.399899,4333.399899,4333.399899,4333.399899,4333.399899
11/13/1999,1254.02471,1287.849258,1374.490562,1402.084969,1404.054166,1374.490562,2931.552205,2999.231544,3330.711353,2992.676819,3081.272747,3330.711353,3101.027306,3182.815462,3330.711353,3136.104415,3303.658111,3330.711353,579.9228527,576.7644096,0.001001968,0.001005531,0.001008742,0.001011081,1580.67448,1580.67448,1580.67448,3901.721977,3901.721977,3901.721977,3901.721977,3901.721977
11/14/1999,1154.866256,1208.39225,1259.945408,1285.913841,1287.849258,1259.945408,2766.474153,2912.343535,3131.712897,2820.916622,2999.231544,3131.712897,2935.179235,3081.272747,3131.712897,3068.73757,3182.815462,3131.712897,509.20808,506.4911097,0.001001968,0.001005531,0.001008742,0.001011081,1488.125401,1488.125401,1488.125401,3608.377441,3608.377441,3608.377441,3608.377441,3608.377441
11/15/1999,1099.580078,1183.356691,1196.554223,1206.528634,1208.39225,1196.554223,2603.345377,2823.886411,2938.801131,2640.285647,2912.343535,2938.801131,2746.31072,2999.231544,2938.801131,2867.58714,3081.272747,2938.801131,472.2615152,469.7719403,0.001001968,0.001005531,0.001008742,0.001011081,1423.125807,1423.125807,1423.125807,3433.582831,3433.582831,3433.582831,3433.582831,3433.582831
11/16/1999,1079.618659,1179.055401,1176.391556,1181.562645,1183.356691,1176.391556,2570.343462,2752.517351,2905.099607,2602.043358,2823.886411,2905.099607,2691.629163,2912.343535,2905.099607,2775.749976,2999.231544,2905.099607,473.1625226,470.6674308,0.001001968,0.001005531,0.001008742,0.001011081,1367.954627,1367.954627,1367.954627,3308.522472,3308.522472,3308.522472,3308.522472,3308.522472
11/17/1999,1066.40344,1128.091,1166.148476,1177.330114,1179.055401,1166.148476,2548.476722,2852.549378,2888.432657,2586.837264,2752.517351,2888.432657,2673.75421,2823.886411,2888.432657,2729.433421,2912.343535,2888.432657,489.1622827,486.568983,0.001001968,0.001005531,0.001008742,0.001011081,1322.103697,1322.103697,1322.103697,3204.390764,3204.390764,3204.390764,3204.390764,3204.390764
11/18/1999,1019.270676,1079.652934,1113.448225,1126.43663,1128.091,1113.448225,2467.869438,2864.488458,2794.900429,2506.35973,2852.549378,2794.900429,2593.695252,2752.517351,2794.900429,2676.706676,2823.886411,2794.900429,464.0660889,461.6266272,0.001001968,0.001005531,0.001008742,0.001011081,1285.066331,1285.066331,1285.066331,3119.089066,3119.089066,3119.089066,3119.089066,3119.089066
11/19/1999,978.3109826,1060.161966,1067.746161,1078.071561,1079.652934,1067.746161,2371.103475,2755.607778,2681.262075,2405.934959,2864.488458,2681.262075,2491.147229,2852.549378,2681.262075,2570.595008,2752.517351,2681.262075,442.7327401,440.423143,0.001001968,0.001005531,0.001008742,0.001011081,1240.565377,1240.565377,1240.565377,3041.701019,3041.701019,3041.701019,3041.701019,3041.701019
11/20/1999,957.2139739,1063.083431,1046.257635,1053.921884,1060.161966,1046.257635,2334.933324,2730.911523,2641.681256,2367.063768,2755.607778,2641.681256,2449.340393,2864.488458,2641.681256,2504.554042,2852.549378,2641.681256,442.3757693,440.0683379,0.001001968,0.001005531,0.001008742,0.001011081,1190.667626,1190.667626,1190.667626,2954.700906,2954.700906,2954.700906,2954.700906,2954.700906
11/21/1999,975.5307187,1063.051515,1067.360317,1062.700555,1063.083431,1067.360317,2494.716197,2968.377425,2829.937365,2513.205018,2730.911523,2829.937365,2580.947327,2755.607778,2829.937365,2603.743271,2864.488458,2829.937365,455.049495,452.6650252,0.001001968,0.001005531,0.001008742,0.001011081,1153.557834,1153.557834,1153.557834,2893.370853,2893.370853,2893.370853,2893.370853,2893.370853
11/22/1999,964.4396593,975.2364522,1056.698681,1064.912505,1063.051515,1056.698681,2515.709465,3160.713213,2857.942079,2546.58213,2968.377425,2857.942079,2605.78749,2730.911523,2857.942079,2644.389791,2755.607778,2857.942079,458.2666669,455.8625929,0.001001968,0.001005531,0.001008742,0.001011081,1127.168769,1127.168769,1127.168769,2855.549363,2855.549363,2855.549363,2855.549363,2855.549363
11/23/1999,877.6324617,950.0173834,957.9017279,969.69109,975.2364522,957.9017279,2316.662545,2853.455516,2622.876461,2347.667987,3160.713213,2622.876461,2433.485066,2968.377425,2622.876461,2540.253729,2730.911523,2622.876461,403.5456618,401.4722966,0.001001968,0.001005531,0.001008742,0.001011081,1098.37287,1098.37287,1098.37287,2820.952383,2820.952383,2820.952383,2820.952383,2820.952383
11/24/1999,872.5234652,1111.260458,950.2383784,940.060039,950.0173834,950.2383784,2306.506878,5308.428838,2607.210595,2315.124732,2853.455516,2607.210595,2383.89873,3160.713213,2607.210595,2448.414642,2968.377425,2607.210595,391.2247618,389.2250149,0.001001968,0.001005531,0.001008742,0.001011081,1064.662571,1064.662571,1064.662571,2790.42027,2790.42027,2790.42027,2790.42027,2790.42027
11/25/1999,1013.53121,1251.654134,1111.275848,1092.806184,1111.260458,1111.275848,2789.221942,8582.100673,3170.985859,2794.578136,5308.428838,3170.985859,2805.390514,2853.455516,3170.985859,2678.953449,3160.713213,3170.985859,482.3136941,479.7624871,0.001001968,0.001005531,0.001008742,0.001011081,1048.843596,1048.843596,1048.843596,2809.103483,2809.103483,2809.103483,2809.103483,2809.103483
11/26/1999,1052.413844,1449.103604,1136.865344,1168.447588,1251.654134,1136.865344,3250.628822,8829.966617,3655.154563,3302.528713,8582.100673,3655.154563,3208.117753,5308.428838,3655.154563,3038.397848,2853.455516,3655.154563,400.4323116,398.3775796,0.001001968,0.001005531,0.001008742,0.001011081,1038.745658,1038.745658,1038.745658,2911.029536,2911.029536,2911.029536,2911.029536,2911.029536
11/27/1999,1898.761505,2699.069639,1943.768874,1495.180077,1449.103604,1943.768874,5219.926176,7881.613001,5567.628675,4833.969172,8829.966617,5567.628675,4219.426263,8582.100673,5567.628675,2969.827408,5308.428838,5567.628675,0.001000564,0.001006515,0.001001968,0.001005531,0.001008742,0.001011081,1012.136362,1012.136362,1012.136362,3189.620833,3189.620833,3189.620833,3189.620833,3189.620833
11/28/1999,4313.434817,8090.996252,4511.142058,2749.632749,2699.069639,4511.142058,8662.047398,6996.764095,9512.107817,6959.500347,7881.613001,9512.107817,6618.269513,8829.966617,9512.107817,5998.235675,8582.100673,9512.107817,840.5887486,835.7450698,0.001001968,0.001005531,0.001008742,0.001011081,1186.422752,1186.422752,1186.422752,3773.72869,3773.72869,3773.72869,3773.72869,3773.72869
11/29/1999,6481.163072,3969.835726,7726.979651,8091.542807,8090.996252,7726.979651,11608.95414,5646.788036,14226.71093,12377.82158,6996.764095,14226.71093,12370.4268,7881.613001,14226.71093,8225.693394,8829.966617,14226.71093,5083.240193,5046.160741,0.001001968,0.001005531,0.001008742,0.001011081,2022.982795,2022.982795,2022.982795,4609.02556,4609.02556,4609.02556,4609.02556,4609.02556
11/30/1999,2581.792593,1405.534635,2902.983231,3968.321412,3969.835726,2902.983231,7571.078643,4139.147247,8845.166743,8688.47364,5646.788036,8845.166743,9386.186644,6996.764095,8845.166743,12217.75089,7881.613001,8845.166743,1468.219163,1459.061784,0.001001968,0.001005531,0.001008742,0.001011081,2515.60777,2515.60777,2515.60777,5615.346497,5615.346497,5615.346497,5615.346497,5615.346497
12/1/1999,1118.541953,1576.95024,1129.357098,1404.10283,1405.534635,1129.357098,1703.975887,3702.447025,1730.139577,1996.799841,4139.147247,1730.139577,3102.477875,5646.788036,1730.139577,5175.255494,6996.764095,1730.139577,6.473769361,6.463375576,0.001001968,0.001005531,0.001008742,0.001011081,2735.199248,2735.199248,2735.199248,6400.747025,6400.747025,6400.747025,6400.747025,6400.747025
12/2/1999,1385.797568,1550.935556,1483.170272,1575.599584,1576.95024,1483.170272,3390.98092,4299.784483,3803.657327,3506.335919,3702.447025,3803.657327,3870.51051,4139.147247,3803.657327,4632.690467,5646.788036,3803.657327,479.9566044,477.4198654,0.001001968,0.001005531,0.001008742,0.001011081,2854.710622,2854.710622,2854.710622,6715.797086,6715.797086,6715.797086,6715.797086,6715.797086
12/3/1999,1367.690188,1462.751522,1481.455186,1543.671153,1550.935556,1481.455186,3963.620004,5749.961012,4497.407315,4041.538785,4299.784483,4497.407315,4215.764933,3702.447025,4497.407315,4522.532607,4139.147247,4497.407315,561.4924018,558.4497668,0.001001968,0.001005531,0.001008742,0.001011081,2943.554228,2943.554228,2943.554228,6807.156075,6807.156075,6807.156075,6807.156075,6807.156075
12/4/1999,1295.482323,1328.298826,1405.080237,1464.08607,1462.751522,1405.080237,3241.344191,5087.496263,3648.393919,3329.055444,5749.961012,3648.393919,3468.243882,4299.784483,3648.393919,3626.230762,3702.447025,3648.393919,540.6509965,537.738697,0.001001968,0.001005531,0.001008742,0.001011081,3034.558857,3034.558857,3034.558857,6671.478541,6671.478541,6671.478541,6671.478541,6671.478541
12/5/1999,1195.026731,1648.066005,1285.808769,1310.738601,1328.298826,1285.808769,2964.53523,4239.512266,3314.054921,3012.955938,5087.496263,3314.054921,3133.770764,5749.961012,3314.054921,3347.525208,4299.784483,3314.054921,452.500026,450.1310779,0.001001968,0.001005531,0.001008742,0.001011081,2903.264007,2903.264007,2903.264007,6187.218943,6187.218943,6187.218943,6187.218943,6187.218943
12/6/1999,1485.761953,1973.822201,1634.768954,1611.513879,1648.066005,1634.768954,3949.296311,3846.434228,4502.591221,3965.386411,4239.512266,4502.591221,4050.057933,5087.496263,4502.591221,3776.977337,5749.961012,4502.591221,713.8444455,709.8304051,0.001001968,0.001005531,0.001008742,0.001011081,2141.598383,2141.598383,2141.598383,5548.588477,5548.588477,5548.588477,5548.588477,5548.588477
12/7/1999,1801.0155,1677.19891,2012.112505,1998.705867,1973.822201,2012.112505,5597.848393,3781.345454,6498.404216,5619.898127,3846.434228,6498.404216,5659.549059,4239.512266,6498.404216,5468.172694,5087.496263,6498.404216,976.7993736,971.0459358,0.001001968,0.001005531,0.001008742,0.001011081,1778.071426,1778.071426,1778.071426,4981.125574,4981.125574,4981.125574,4981.125574,4981.125574
12/8/1999,1542.684305,1487.269295,1706.224522,1696.919409,1677.19891,1706.224522,4406.148587,3870.175126,5067.081947,4427.821594,3781.345454,5067.081947,4613.08512,3846.434228,5067.081947,4894.756374,4239.512266,5067.081947,783.6378798,779.1691631,0.001001968,0.001005531,0.001008742,0.001011081,1674.979015,1674.979015,1674.979015,4547.54234,4547.54234,4547.54234,4547.54234,4547.54234
12/9/1999,1288.237894,1269.042236,1417.355768,1486.828402,1487.269295,1417.355768,3152.341738,3569.389489,3584.05264,3256.345464,3870.175126,3584.05264,3390.136358,3781.345454,3584.05264,3722.555244,3846.434228,3584.05264,636.1045882,632.5901094,0.001001968,0.001005531,0.001008742,0.001011081,1624.894426,1624.894426,1624.894426,4392.917634,4392.917634,4392.917634,4392.917634,4392.917634
12/10/1999,1113.196581,1280.671944,1211.06219,1250.790757,1269.042236,1211.06219,2861.746234,4157.745264,3227.617008,2925.570557,3569.389489,3227.617008,3080.145635,3870.175126,3227.617008,3308.448881,3781.345454,3227.617008,491.2054069,488.5995339,0.001001968,0.001005531,0.001008742,0.001011081,1579.748664,1579.748664,1579.748664,4326.526274,4326.526274,4326.526274,4326.526274,4326.526274
12/11/1999,1143.962818,1184.506652,1251.136813,1285.994445,1280.671944,1251.136813,3143.983417,6358.488302,3563.320261,3205.689907,4157.745264,3563.320261,3291.814638,3569.389489,3563.320261,3325.290457,3870.175126,3563.320261,524.8012218,521.9875847,0.001001968,0.001005531,0.001008742,0.001011081,1547.330101,1547.330101,1547.330101,4324.288068,4324.288068,4324.288068,4324.288068,4324.288068
12/12/1999,1152.252262,1373.68785,1248.817188,1191.916991,1184.506652,1248.817188,3307.011275,7639.109127,3748.330098,3265.540197,6358.488302,3748.330098,3361.952475,4157.745264,3748.330098,3549.360346,3569.389489,3748.330098,481.0057006,478.4625234,0.001001968,0.001005531,0.001008742,0.001011081,1527.681181,1527.681181,1527.681181,4357.853119,4357.853119,4357.853119,4357.853119,4357.853119
12/13/1999,1201.770968,1405.013004,1328.407176,1348.370573,1373.68785,1328.407176,3064.799523,6078.166466,3498.800548,3116.409856,7639.109127,3498.800548,3189.440955,6358.488302,3498.800548,3137.932844,4157.745264,3498.800548,628.9375083,625.4686922,0.001001968,0.001005531,0.001008742,0.001011081,1490.796923,1490.796923,1490.796923,4247.824802,4247.824802,4247.824802,4247.824802,4247.824802
12/14/1999,1179.508555,2027.648095,1294.268513,1319.805508,1405.013004,1294.268513,3830.025358,6225.982767,4373.846237,3874.390502,6078.166466,4373.846237,3923.327814,7639.109127,4373.846237,3862.392324,6358.488302,4373.846237,560.2806247,557.2455861,0.001001968,0.001005531,0.001008742,0.001011081,1404.199564,1404.199564,1404.199564,4024.213709,4024.213709,4024.213709,4024.213709,4024.213709
12/15/1999,2318.615923,3695.520193,2497.661916,2054.116648,2027.648095,2497.661916,7051.230599,6219.823501,8059.567652,6637.216015,6225.982767,8059.567652,6268.955608,6078.166466,8059.567652,5760.642595,7639.109127,8059.567652,757.8728096,753.5725851,0.001001968,0.001005531,0.001008742,0.001011081,1381.338423,1381.338423,1381.338423,4256.61639,4256.61639,4256.61639,4256.61639,4256.61639
12/16/1999,3478.683495,3026.4965,3886.211602,3716.453412,3695.520193,3886.211602,8889.803014,5660.93129,10379.78464,8809.573921,6219.823501,10379.78464,8387.7635,6225.982767,10379.78464,7270.898419,6078.166466,10379.78464,1750.515486,1739.335279,0.001001968,0.001005531,0.001008742,0.001011081,1595.557734,1595.557734,1595.557734,4860.806037,4860.806037,4860.806037,4860.806037,4860.806037
12/17/1999,2649.283094,2478.307364,2951.96055,3029.243685,3026.4965,2951.96055,6162.453678,5960.417648,7130.05331,6319.632276,5660.93129,7130.05331,6815.7041,6219.823501,7130.05331,6695.22388,6225.982767,7130.05331,1360.544285,1352.146716,0.001001968,0.001005531,0.001008742,0.001011081,1874.174594,1874.174594,1874.174594,5351.309326,5351.309326,5351.309326,5351.309326,5351.309326
12/18/1999,2124.003841,2055.452502,2350.552609,2477.769354,2478.307364,2350.552609,4715.538776,6698.99361,5404.61735,4908.634499,5960.417648,5404.61735,5313.900866,5660.93129,5404.61735,6027.553818,6219.823501,5404.61735,1047.697914,1041.464378,0.001001968,0.001005531,0.001008742,0.001011081,2075.248493,2075.248493,2075.248493,5753.484834,5753.484834,5753.484834,5753.484834,5753.484834
12/19/1999,1795.829042,1987.259046,1965.513596,2054.594371,2055.452502,1965.513596,4185.885273,5756.773421,4761.935236,4320.466471,6698.99361,4761.935236,4613.957532,5960.417648,4761.935236,5202.160498,5660.93129,4761.935236,800.0829679,795.5063286,0.001001968,0.001005531,0.001008742,0.001011081,2216.977836,2216.977836,2216.977836,6018.305659,6018.305659,6018.305659,6018.305659,6018.305659
12/20/1999,1691.651805,2437.833512,1851.795029,1894.434495,1987.259046,1851.795029,4166.310635,5528.746788,4744.529373,4248.287001,5756.773421,4744.529373,4476.785517,6698.99361,4744.529373,4746.756183,5960.417648,4744.529373,760.4846393,756.1673681,0.001001968,0.001005531,0.001008742,0.001011081,2314.486456,2314.486456,2314.486456,6269.830501,6269.830501,6269.830501,6269.830501,6269.830501
12/21/1999,2277.301932,2293.708042,2525.080581,2462.714353,2437.833512,2525.080581,5671.165093,5149.464812,6520.836904,5683.103804,5528.746788,6520.836904,5700.06631,5756.773421,6520.836904,5286.039923,6698.99361,6520.836904,1079.319855,1072.870852,0.001001968,0.001005531,0.001008742,0.001011081,2457.80474,2457.80474,2457.80474,6504.703739,6504.703739,6504.703739,6504.703739,6504.703739
12/22/1999,2317.340805,2726.320198,2513.181842,2315.960998,2293.708042,2513.181842,6368.709299,4851.711389,7285.653969,6201.567956,5149.464812,7285.653969,6222.979065,5528.746788,7285.653969,6492.865529,5756.773421,7285.653969,879.35917,874.2583332,0.001001968,0.001005531,0.001008742,0.001011081,2546.137332,2546.137332,2546.137332,6520.049552,6520.049552,6520.049552,6520.049552,6520.049552
12/23/1999,2417.915549,2265.502923,2702.538618,2726.702394,2726.320198,2702.538618,5139.916834,4523.026859,5940.773378,5249.88594,4851.711389,5940.773378,5454.496979,5149.464812,5940.773378,5111.494767,5528.746788,5940.773378,1292.48356,1284.562552,0.001001968,0.001005531,0.001008742,0.001011081,2500.197339,2500.197339,2500.197339,6165.409708,6165.409708,6165.409708,6165.409708,6165.409708
12/24/1999,1919.734755,1845.306792,2117.24513,2265.40539,2265.502923,2117.24513,4611.576058,4184.894527,5287.676757,4809.726724,4523.026859,5287.676757,5032.64139,4851.711389,5287.676757,5504.270983,5149.464812,5287.676757,919.5405945,914.1717042,0.001001968,0.001005531,0.001008742,0.001011081,2365.84386,2365.84386,2365.84386,5937.548742,5937.548742,5937.548742,5937.548742,5937.548742
12/25/1999,1643.324826,1779.54206,1787.096944,1845.066069,1845.306792,1787.096944,3652.241756,3983.558903,4128.632091,3751.667734,4184.894527,4128.632091,4032.229117,4523.026859,4128.632091,4446.239833,4851.711389,4128.632091,680.7686629,676.9681,0.001001968,0.001005531,0.001008742,0.001011081,2267.961364,2267.961364,2267.961364,5722.401373,5722.401373,5722.401373,5722.401373,5722.401373
12/26/1999,1599.051853,1703.721223,1746.306756,1779.195214,1779.54206,1746.306756,3677.126743,3815.203055,4175.286974,3750.004644,3983.558903,4175.286974,3936.822005,4184.894527,4175.286974,4167.788984,4523.026859,4175.286974,700.2476072,696.321485,0.001001968,0.001005531,0.001008742,0.001011081,2215.941692,2215.941692,2215.941692,5568.01682,5568.01682,5568.01682,5568.01682,5568.01682
12/27/1999,1533.433052,1625.699312,1676.109919,1703.29645,1703.721223,1676.109919,3637.269678,3732.405546,4135.460854,3701.218435,3815.203055,4135.460854,3855.371376,3983.558903,4135.460854,4017.403448,4184.894527,4135.460854,682.2815431,678.4712451,0.001001968,0.001005531,0.001008742,0.001011081,2179.702529,2179.702529,2179.702529,5428.032227,5428.032227,5428.032227,5428.032227,5428.032227
12/28/1999,1465.182874,1554.407114,1601.236019,1625.2183,1625.699312,1601.236019,3423.335019,3580.023827,3888.183099,3483.447722,3732.405546,3888.183099,3626.825053,3815.203055,3888.183099,3775.10795,3983.558903,3888.183099,654.4909022,650.8589679,0.001001968,0.001005531,0.001008742,0.001011081,2089.268404,2089.268404,2089.268404,5160.790344,5160.790344,5160.790344,5160.790344,5160.790344
12/29/1999,1402.515201,1489.453622,1532.432221,1553.886914,1554.407114,1532.432221,3284.640242,3436.652279,3727.607526,3340.808337,3580.023827,3727.607526,3475.340129,3732.405546,3727.607526,3598.239422,3815.203055,3727.607526,628.568256,625.1017906,0.001001968,0.001005531,0.001008742,0.001011081,1998.182128,1998.182128,1998.182128,4727.0675,4727.0675,4727.0675,4727.0675,4727.0675
12/30/1999,1346.996258,1438.11959,1471.361734,1488.908094,1489.453622,1471.361734,3164.391048,3309.82564,3589.718449,3214.996019,3436.652279,3589.718449,3341.583673,3580.023827,3589.718449,3463.681225,3732.405546,3589.718449,605.0334844,601.7164576,0.001001968,0.001005531,0.001008742,0.001011081,1830.164585,1830.164585,1830.164585,4420.862979,4420.862979,4420.862979,4420.862979,4420.862979
12/31/1999,1305.68172,1408.640856,1426.173041,1437.547243,1438.11959,1426.173041,3121.856021,3513.101529,3542.181776,3164.52163,3309.82564,3542.181776,3281.752579,3436.652279,3542.181776,3380.154214,3580.023827,3542.181776,588.9645227,585.7490825,0.001001968,0.001005531,0.001008742,0.001011081,1704.707428,1704.707428,1704.707428,4154.176334,4154.176334,4154.176334,4154.176334,4154.176334
1/1/2000,1275.796974,1419.961696,1394.580029,1404.257251,1408.640856,1394.580029,3015.947937,4401.038506,3423.010485,3056.952576,3513.101529,3423.010485,3165.979946,3309.82564,3423.010485,3263.001816,3436.652279,3423.010485,582.8049656,579.628367,0.001001968,0.001005531,0.001008742,0.001011081,1619.907358,1619.907358,1619.907358,3938.440611,3938.440611,3938.440611,3938.440611,3938.440611
1/2/2000,1286.185662,1485.864843,1409.912668,1412.155634,1419.961696,1409.912668,2956.476906,4689.801782,3357.684503,2993.486295,4401.038506,3357.684503,3101.140281,3513.101529,3357.684503,3133.309657,3309.82564,3357.684503,605.8978056,602.5753042,0.001001968,0.001005531,0.001008742,0.001011081,1558.082887,1558.082887,1558.082887,3773.181075,3773.181075,3773.181075,3773.181075,3773.181075
1/3/2000,1363.185855,1692.741001,1501.061038,1478.981752,1485.864843,1501.061038,2984.14389,4444.279119,3395.2164,3003.964982,4689.801782,3395.2164,3112.855885,4401.038506,3395.2164,3080.429485,3513.101529,3395.2164,670.1791699,666.4466673,0.001001968,0.001005531,0.001008742,0.001011081,1518.624577,1518.624577,1518.624577,3639.703395,3639.703395,3639.703395,3639.703395,3639.703395
1/4/2000,1650.485977,1972.918329,1825.428083,1671.189008,1692.741001,1825.428083,3471.204491,4333.107785,3964.81285,3370.900654,4444.279119,3964.81285,3487.641669,4689.801782,3964.81285,3313.167675,4401.038506,3964.81285,835.9854067,831.1721614,0.001001968,0.001005531,0.001008742,0.001011081,1515.735712,1515.735712,1515.735712,3575.985833,3575.985833,3575.985833,3575.985833,3575.985833
1/5/2000,1950.749245,2418.775872,2144.657217,1985.542864,1972.918329,2144.657217,4645.571053,4106.585502,5310.769565,4539.808471,4333.107785,5310.769565,4458.341343,4444.279119,5310.769565,4301.778761,4689.801782,5310.769565,904.0442036,898.7788718,0.001001968,0.001005531,0.001008742,0.001011081,1539.176804,1539.176804,1539.176804,3674.886607,3674.886607,3674.886607,3674.886607,3674.886607
1/6/2000,2229.920958,2339.733298,2488.315001,2432.579796,2418.775872,2488.315001,4729.484772,3804.569172,5471.271874,4748.337658,4106.585502,5471.271874,4783.647329,4333.107785,5471.271874,4469.405188,4444.279119,5471.271874,1194.844011,1187.601301,0.001001968,0.001005531,0.001008742,0.001011081,1643.796023,1643.796023,1643.796023,3848.409248,3848.409248,3848.409248,3848.409248,3848.409248
1/7/2000,1970.644289,1757.583731,2215.764449,2339.675134,2339.733298,2215.764449,4038.671758,5133.37087,4688.27717,4236.630376,3804.569172,4688.27717,4468.356564,4106.585502,4688.27717,4438.118118,4333.107785,4688.27717,1149.126365,1142.198949,0.001001968,0.001005531,0.001008742,0.001011081,1772.027858,1772.027858,1772.027858,4002.548969,4002.548969,4002.548969,4002.548969,4002.548969
1/8/2000,1502.171878,1566.157674,1650.824518,1756.99445,1757.583731,1650.824518,3220.822646,8055.168802,3668.159093,3369.842927,5133.37087,3668.159093,3637.20846,3804.569172,3668.159093,4153.678496,4106.585502,3668.159093,723.8179977,719.739327,0.001001968,0.001005531,0.001008742,0.001011081,1840.733561,1840.733561,1840.733561,4134.992535,4134.992535,4134.992535,4134.992535,4134.992535
1/9/2000,1382.680434,2078.118827,1511.256425,1542.437036,1566.157674,1511.256425,2849.533863,7151.716806,3222.62126,2920.823781,8055.168802,3222.62126,3142.936987,5133.37087,3222.62126,3421.312826,3804.569172,3222.62126,633.3678349,629.8708006,0.001001968,0.001005531,0.001008742,0.001011081,1874.281231,1874.281231,1874.281231,4211.329583,4211.329583,4211.329583,4211.329583,4211.329583
1/10/2000,1706.507216,3777.274765,1901.386329,1900.280812,2078.118827,1901.386329,3431.174647,7535.032023,3927.977206,3496.838375,7151.716806,3927.977206,3608.842328,8055.168802,3927.977206,3352.738126,5133.37087,3927.977206,918.6546254,913.2916619,0.001001968,0.001005531,0.001008742,0.001011081,1927.024053,1927.024053,1927.024053,4263.441648,4263.441648,4263.441648,4263.441648,4263.441648
1/11/2000,4517.892898,6046.904008,5003.551354,3843.183671,3777.274765,5003.551354,8139.001209,7800.325535,9347.596461,7172.651353,7535.032023,9347.596461,6915.254915,7151.716806,9347.596461,5210.82542,8055.168802,9347.596461,1997.740192,1984.756286,0.001001968,0.001005531,0.001008742,0.001011081,2143.872701,2143.872701,2143.872701,4559.058839,4559.058839,4559.058839,4559.058839,4559.058839
1/12/2000,5532.219803,4885.896952,6281.428134,6099.312753,6046.904008,6281.428134,10641.65735,6588.392038,12574.07941,10692.92691,7800.325535,12574.07941,10094.38472,7535.032023,12574.07941,8824.785624,7151.716806,12574.07941,3096.012264,3074.735465,0.001001968,0.001005531,0.001008742,0.001011081,2589.29302,2589.29302,2589.29302,5202.559435,5202.559435,5202.559435,5202.559435,5202.559435
1/13/2000,3853.054643,3217.809279,4382.703644,4893.031438,4885.896952,4382.703644,6615.918365,5522.829474,7780.457526,7308.15479,6588.392038,7780.457526,8109.102387,7800.325535,7780.457526,7915.098441,7535.032023,7780.457526,2286.462298,2271.339092,0.001001968,0.001005531,0.001008742,0.001011081,3012.428163,3012.428163,3012.428163,5747.248372,5747.248372,5747.248372,5747.248372,5747.248372
1/14/2000,2624.932477,2611.418224,2903.676079,3222.87584,3217.809279,2903.676079,4653.630107,4921.540423,5334.300903,5067.841732,5522.829474,5334.300903,5931.950648,6588.392038,5334.300903,7477.101854,7800.325535,5334.300903,1262.349036,1254.638065,0.001001968,0.001005531,0.001008742,0.001011081,3224.678009,3224.678009,3224.678009,6238.72024,6238.72024,6238.72024,6238.72024,6238.72024
1/15/2000,2258.909284,2452.933486,2483.846726,2612.278955,2611.418224,2483.846726,4301.27131,4594.609227,4908.904524,4501.812047,4921.540423,4908.904524,5058.582665,5522.829474,4908.904524,5987.302316,6588.392038,4908.904524,1037.464161,1031.300183,0.001001968,0.001005531,0.001008742,0.001011081,3378.726405,3378.726405,3378.726405,6563.236232,6563.236232,6563.236232,6563.236232,6563.236232
1/16/2000,2157.562615,2324.363432,2383.601104,2453.389991,2452.933486,2383.601104,4430.654781,4372.653117,5084.938183,4566.895537,4594.609227,5084.938183,4907.71197,4921.540423,5084.938183,5342.585928,5522.829474,5084.938183,1047.481031,1041.24897,0.001001968,0.001005531,0.001008742,0.001011081,3515.053413,3515.053413,3515.053413,6798.376473,6798.376473,6798.376473,6798.376473,6798.376473
1/17/2000,2053.274506,2203.551741,2272.583167,2324.599547,2324.363432,2272.583167,4152.804343,4209.314546,4768.627734,4270.933708,4372.653117,4768.627734,4544.264525,4594.609227,4768.627734,4809.188826,4921.540423,4768.627734,1022.151079,1016.091022,0.001001968,0.001005531,0.001008742,0.001011081,3596.881238,3596.881238,3596.881238,6982.442225,6982.442225,6982.442225,6982.442225,6982.442225
1/18/2000,1950.223389,2094.296431,2159.798891,2203.623215,2203.551741,2159.798891,3857.126861,4027.086745,4425.107375,3966.383266,4209.314546,4425.107375,4213.568787,4372.653117,4425.107375,4410.689999,4594.609227,4425.107375,982.8875881,977.0930909,0.001001968,0.001005531,0.001008742,0.001011081,3469.914176,3469.914176,3469.914176,6837.128305,6837.128305,6837.128305,6837.128305,6837.128305
1/19/2000,1856.071304,1996.491314,2056.13199,2094.244812,2094.296431,2056.13199,3688.372158,3867.554155,4226.4638,3789.76815,4027.086745,4226.4638,4019.304671,4209.314546,4226.4638,4164.804997,4372.653117,4226.4638,943.9496607,938.4172009,0.001001968,0.001005531,0.001008742,0.001011081,3081.715602,3081.715602,3081.715602,6175.349507,6175.349507,6175.349507,6175.349507,6175.349507
1/20/2000,1771.322045,1908.199762,1962.728418,1996.348036,1996.491314,1962.728418,3524.230174,3724.918777,4039.393419,3618.135884,3867.554155,4039.393419,3832.608182,4027.086745,4039.393419,4003.111159,4209.314546,4039.393419,908.2977456,903.0040108,0.001001968,0.001005531,0.001008742,0.001011081,2629.330198,2629.330198,2629.330198,5530.163866,5530.163866,5530.163866,5530.163866,5530.163866
1/21/2000,1694.484058,1827.699481,1878.008543,1907.988721,1908.199762,1878.008543,3382.535472,4139.198205,3877.503553,3470.067819,3724.918777,3877.503553,3671.679211,3867.554155,3877.503553,3822.775877,4027.086745,3877.503553,875.6490168,870.5728529,0.001001968,0.001005531,0.001008742,0.001011081,2358.883979,2358.883979,2358.883979,4942.76188,4942.76188,4942.76188,4942.76188,4942.76188
1/22/2000,1624.184615,1753.683816,1800.459686,1827.438955,1827.699481,1800.459686,3257.907834,3847.937146,3734.858953,3339.905451,4139.198205,3734.858953,3530.280782,3724.918777,3734.858953,3666.871059,3867.554155,3734.858953,845.4621683,840.5862472,0.001001968,0.001005531,0.001008742,0.001011081,2199.82179,2199.82179,2199.82179,4542.639021,4542.639021,4542.639021,4542.639021,4542.639021
1/23/2000,1559.369167,1685.156816,1728.920095,1753.388177,1753.683816,1728.920095,3151.741461,3553.560279,3612.327562,3228.955259,3847.937146,3612.327562,3409.440147,4139.198205,3612.327562,3528.145792,3724.918777,3612.327562,817.3204922,812.630421,0.001001968,0.001005531,0.001008742,0.001011081,2082.441375,2082.441375,2082.441375,4285.392202,4285.392202,4285.392202,4285.392202,4285.392202
1/24/2000,1499.226577,1634.523839,1662.498506,1684.83711,1685.156816,1662.498506,3054.142475,3429.398138,3499.568362,3127.104994,3553.560279,3499.568362,3298.72021,3847.937146,3499.568362,3409.192992,4139.198205,3499.568362,790.9130839,786.3966588,0.001001968,0.001005531,0.001008742,0.001011081,1982.436331,1982.436331,1982.436331,4096.42506,4096.42506,4096.42506,4096.42506,4096.42506
1/25/2000,1453.405513,1569.252665,1613.676716,1634.188742,1634.523839,1613.676716,3436.931765,3312.658119,3954.952431,3497.956149,3429.398138,3954.952431,3653.133094,3553.560279,3954.952431,3746.599876,3847.937146,3954.952431,779.1305447,774.6913566,0.001001968,0.001005531,0.001008742,0.001011081,1895.097213,1895.097213,1895.097213,4015.763833,4015.763833,4015.763833,4015.763833,4015.763833
1/26/2000,1396.496054,1511.946945,1549.980592,1568.908961,1569.252665,1549.980592,3221.55373,3243.309819,3697.285277,3282.061898,3312.658119,3697.285277,3432.679185,3429.398138,3697.285277,3520.60174,3553.560279,3697.285277,749.9950947,745.7462391,0.001001968,0.001005531,0.001008742,0.001011081,1815.242158,1815.242158,1815.242158,3926.953122,3926.953122,3926.953122,3926.953122,3926.953122
1/27/2000,1346.102052,1458.494095,1494.057244,1511.599891,1511.946945,1494.057244,2953.201958,3304.235828,3383.303814,3014.037538,3243.309819,3383.303814,3162.028364,3312.658119,3383.303814,3267.901552,3429.398138,3383.303814,726.3642303,722.2690407,0.001001968,0.001005531,0.001008742,0.001011081,1741.984143,1741.984143,1741.984143,3823.522995,3823.522995,3823.522995,3823.522995,3823.522995
1/28/2000,1298.992683,1408.013925,1441.827898,1458.147897,1458.494095,1441.827898,2828.121619,3068.158891,3239.193273,2886.605817,3304.235828,3239.193273,3029.016951,3243.309819,3239.193273,3132.594388,3312.658119,3239.193273,704.4231617,700.4700638,0.001001968,0.001005531,0.001008742,0.001011081,1674.319797,1674.319797,1674.319797,3723.49497,3723.49497,3723.49497,3723.49497,3723.49497
1/29/2000,1254.460145,1360.19531,1392.439204,1407.672126,1408.013925,1392.439204,2742.363479,2980.498459,3139.748526,2798.341717,3068.158891,3139.748526,2935.083453,3304.235828,3139.748526,3023.78312,3243.309819,3139.748526,683.5286355,679.7103106,0.001001968,0.001005531,0.001008742,0.001011081,1611.426607,1611.426607,1611.426607,3630.809704,3630.809704,3630.809704,3630.809704,3630.809704
1/30/2000,1212.242322,1314.776061,1345.600288,1359.860334,1360.19531,1345.600288,2692.993607,2903.248008,3083.972768,2745.809331,2980.498459,3083.972768,2876.274266,3068.158891,3083.972768,2967.93003,3304.235828,3083.972768,663.5655694,659.8755014,0.001001968,0.001005531,0.001008742,0.001011081,1552.660006,1552.660006,1552.660006,3548.647133,3548.647133,3548.647133,3548.647133,3548.647133
1/31/2000,1172.117623,1271.559227,1301.065688,1314.450037,1314.776061,1301.065688,2763.677946,2814.485301,3166.534835,2811.738533,2903.248008,3166.534835,2934.021854,2980.498459,3166.534835,3006.305848,3068.158891,3166.534835,644.4385123,640.87085,0.001001968,0.001005531,0.001008742,0.001011081,1497.505135,1497.505135,1497.505135,3495.181932,3495.181932,3495.181932,3495.181932,3495.181932
2/1/2000,1133.917506,1230.3377,1258.652275,1271.243588,1271.559227,1258.652275,2574.908983,2762.979241,2945.210667,2623.686072,2814.485301,2945.210667,2743.722818,2903.248008,2945.210667,2821.434193,2980.498459,2945.210667,626.0927906,622.6420795,0.001001968,0.001005531,0.001008742,0.001011081,1443.664349,1443.664349,1443.664349,3347.574168,3347.574168,3347.574168,3347.574168,3347.574168
2/2/2000,1097.4666,1190.965052,1218.163951,1230.033639,1230.3377,1218.163951,2480.533635,2677.916347,2836.826146,2527.430374,2762.979241,2836.826146,2643.185543,2814.485301,2836.826146,2732.29712,2903.248008,2836.826146,608.4433302,605.1046996,0.001001968,0.001005531,0.001008742,0.001011081,1393.470475,1393.470475,1393.470475,3221.035024,3221.035024,3221.035024,3221.035024,3221.035024
2/3/2000,1062.638413,1153.302077,1179.463489,1190.673437,1190.965052,1179.463489,2417.390674,2613.805011,2763.406647,2462.356672,2677.916347,2763.406647,2573.779166,2762.979241,2763.406647,2646.710442,2814.485301,2763.406647,591.4500294,588.2189002,0.001001968,0.001005531,0.001008742,0.001011081,1346.015814,1346.015814,1346.015814,3127.259202,3127.259202,3127.259202,3127.259202,3127.259202
2/4/2000,1029.312737,1117.226891,1142.418769,1153.023502,1153.302077,1142.418769,2358.9258,2555.875316,2695.191438,2402.078871,2613.805011,2695.191438,2509.38539,2677.916347,2695.191438,2577.619282,2762.979241,2695.191438,575.0661331,571.9382563,0.001001968,0.001005531,0.001008742,0.001011081,1300.967159,1300.967159,1300.967159,3045.422713,3045.422713,3045.422713,3045.422713,3045.422713
2/5/2000,997.3847423,1082.633195,1106.914856,1116.961951,1117.226891,1106.914856,2317.962943,2498.112651,2648.185086,2359.017171,2555.875316,2648.185086,2461.942794,2613.805011,2648.185086,2530.750633,2677.916347,2648.185086,559.2523341,556.2237399,0.001001968,0.001005531,0.001008742,0.001011081,1258.105081,1258.105081,1258.105081,2971.512379,2971.512379,2971.512379,2971.512379,2971.512379
2/6/2000,966.7616301,1049.425126,1072.85016,1082.382253,1082.633195,1072.85016,2248.450473,2439.191745,2566.879461,2288.143041,2498.112651,2566.879461,2387.676914,2555.875316,2566.879461,2451.888666,2613.805011,2566.879461,543.9745649,541.0415261,0.001001968,0.001005531,0.001008742,0.001011081,1217.243457,1217.243457,1217.243457,2894.26283,2894.26283,2894.26283,2894.26283,2894.26283
2/7/2000,937.3601954,1017.519115,1040.133555,1049.188195,1049.425126,1040.133555,2203.900092,2577.021568,2514.312918,2242.027049,2439.191745,2514.312918,2337.946807,2498.112651,2514.312918,2394.300675,2555.875316,2514.312918,529.2022243,526.361232,0.001001968,0.001005531,0.001008742,0.001011081,1178.223127,1178.223127,1178.223127,2797.970794,2797.970794,2797.970794,2797.970794,2797.970794
2/8/2000,909.1075643,986.8376854,1008.685403,1017.296322,1017.519115,1008.685403,2151.239412,2647.706547,2454.066128,2187.697921,2577.021568,2454.066128,2280.010508,2439.191745,2454.066128,2346.41143,2498.112651,2454.066128,514.9093199,512.1570523,0.001001968,0.001005531,0.001008742,0.001011081,1140.903456,1140.903456,1140.903456,2724.9221,2724.9221,2724.9221,2724.9221,2724.9221
2/9/2000,881.9362233,955.1505493,978.4317927,986.6291151,986.8376854,978.4317927,2101.706481,2515.426239,2396.164312,2136.782977,2647.706547,2396.164312,2225.858337,2577.021568,2396.164312,2282.200114,2439.191745,2396.164312,501.071269,498.4045806,0.001001968,0.001005531,0.001008742,0.001011081,1105.16451,1105.16451,1105.16451,2659.288441,2659.288441,2659.288441,2659.288441,2659.288441
2/10/2000,869.1626204,901.0811683,962.2014539,954.808629,955.1505493,962.2014539,2082.55082,3146.490872,2369.96491,2100.861025,2515.426239,2369.96491,2186.235687,2647.706547,2369.96491,2235.270042,2577.021568,2369.96491,485.3549318,482.785043,0.001001968,0.001005531,0.001008742,0.001011081,1070.588894,1070.588894,1070.588894,2598.700022,2598.700022,2598.700022,2598.700022,2598.700022
2/11/2000,844.2324116,869.2095339,925.7964426,900.9134229,901.0811683,925.7964426,2238.845542,3954.070356,2539.634091,2232.749693,3146.490872,2539.634091,2287.314599,2515.426239,2539.634091,2354.510098,2647.706547,2539.634091,430.5997467,428.3636198,0.001001968,0.001005531,0.001008742,0.001011081,1031.703937,1031.703937,1031.703937,2571.426609,2571.426609,2571.426609,2571.426609,2571.426609
2/12/2000,825.6985538,973.9072919,896.9690555,869.1535706,869.2095339,896.9690555,2254.069362,3822.338716,2553.409388,2238.158177,3954.070356,2553.409388,2262.680878,3146.490872,2553.409388,2394.096662,2515.426239,2553.409388,380.8398868,378.9019337,0.001001968,0.001005531,0.001008742,0.001011081,990.9630891,990.9630891,990.9630891,2556.685586,2556.685586,2556.685586,2556.685586,2556.685586
2/13/2000,918.6510674,1529.392814,1007.012624,973.7555177,973.9072919,1007.012624,2274.177108,4224.351796,2582.989653,2261.566053,3822.338716,2582.989653,2302.922051,3954.070356,2582.989653,2214.594975,3146.490872,2582.989653,465.0474275,462.6019716,0.001001968,0.001005531,0.001008742,0.001011081,969.6620922,969.6620922,969.6620922,2538.997382,2538.997382,2538.997382,2538.997382,2538.997382
2/14/2000,1335.802036,1647.028616,1522.832094,1525.977796,1529.392814,1522.832094,3542.002778,4408.202075,4115.808061,3598.382176,4224.351796,4115.808061,3646.252431,3822.338716,4115.808061,2961.113457,3954.070356,4115.808061,911.2375869,905.9242115,0.001001968,0.001005531,0.001008742,0.001011081,1020.225333,1020.225333,1020.225333,2655.957056,2655.957056,2655.957056,2655.957056,2655.957056
2/15/2000,1344.927211,944.4555086,1532.315021,1645.727131,1647.028616,1532.315021,4185.746472,3943.929178,4863.969278,4343.042504,4408.202075,4863.969278,4339.789971,4224.351796,4863.969278,4269.347169,3822.338716,4863.969278,892.8993159,887.7083229,0.001001968,0.001005531,0.001008742,0.001011081,1088.328095,1088.328095,1088.328095,2920.11903,2920.11903,2920.11903,2920.11903,2920.11903
2/16/2000,967.3184513,1580.465278,1038.026096,945.6292584,944.4555086,1038.026096,3033.138293,3777.761582,3407.306762,2951.055435,3943.929178,3407.306762,3155.067403,4408.202075,3407.306762,3673.663378,4224.351796,3407.306762,361.8296262,360.0041612,0.001001968,0.001005531,0.001008742,0.001011081,1104.169729,1104.169729,1104.169729,3152.733228,3152.733228,3152.733228,3152.733228,3152.733228
2/17/2000,1550.289613,1681.652309,1748.003077,1580.47111,1580.465278,1748.003077,3733.423016,3767.320184,4324.762666,3620.582707,3777.761582,4324.762666,3739.329352,3943.929178,4324.762666,3409.817531,4408.202075,4324.762666,956.9686497,951.3487266,0.001001968,0.001005531,0.001008742,0.001011081,1185.661671,1185.661671,1185.661671,3389.538544,3389.538544,3389.538544,3389.538544,3389.538544
2/18/2000,1418.516665,1270.204302,1605.757605,1681.594014,1681.652309,1605.757605,4134.765722,3584.857032,4816.317209,4248.192758,3767.320184,4816.317209,4234.749405,3777.761582,4816.317209,4337.592588,3943.929178,4816.317209,912.9320633,907.6073636,0.001001968,0.001005531,0.001008742,0.001011081,1276.212674,1276.212674,1276.212674,3622.344039,3622.344039,3622.344039,3622.344039,3622.344039
2/19/2000,1118.396662,1206.499156,1236.136191,1270.155539,1270.204302,1236.136191,3162.520084,3467.107779,3613.661334,3221.331449,3584.857032,3613.661334,3398.22686,3767.320184,3613.661334,3603.39586,3777.761582,3613.661334,598.7313153,595.4541742,0.001001968,0.001005531,0.001008742,0.001011081,1349.617948,1349.617948,1349.617948,3837.601884,3837.601884,3837.601884,3837.601884,3837.601884
2/20/2000,1073.99718,1154.968389,1188.661018,1206.459901,1206.499156,1188.661018,2977.84626,3274.907215,3404.080781,3020.695701,3467.107779,3404.080781,3152.00124,3584.857032,3404.080781,3336.318801,3767.320184,3404.080781,586.1001464,582.9027756,0.001001968,0.001005531,0.001008742,0.001011081,1393.136459,1393.136459,1393.136459,4023.900113,4023.900113,4023.900113,4023.900113,4023.900113
2/21/2000,1029.983071,1104.76491,1140.27901,1154.938431,1154.968389,1140.27901,3044.890265,2751.02659,3487.836601,3079.699438,3274.907215,3487.836601,3184.709817,3467.107779,3487.836601,3317.938949,3584.857032,3487.836601,567.0750457,563.9973857,0.001001968,0.001005531,0.001008742,0.001011081,1359.645165,1359.645165,1359.645165,4049.754211,4049.754211,4049.754211,4049.754211,4049.754211
2/22/2000,995.6265392,927.4582651,1100.853848,1104.744138,1104.76491,1100.853848,2973.391969,3463.382803,3403.033396,2995.768653,2751.02659,3403.033396,3091.635974,3274.907215,3403.033396,3198.5865,3467.107779,3403.033396,544.4510248,541.5150114,0.001001968,0.001005531,0.001008742,0.001011081,1305.558003,1305.558003,1305.558003,3924.080155,3924.080155,3924.080155,3924.080155,3924.080155
2/23/2000,960.0829646,901.9424685,1030.807079,926.3649405,927.4582651,1030.807079,2953.614389,6454.969215,3333.734885,2855.22357,3463.382803,3333.734885,2904.358302,2751.02659,3333.734885,3114.79509,3274.907215,3333.734885,378.7655653,376.8399265,0.001001968,0.001005531,0.001008742,0.001011081,1281.087559,1281.087559,1281.087559,3827.704036,3827.704036,3827.704036,3827.704036,3827.704036
2/24/2000,1276.32408,1607.824795,1314.440324,895.9114188,901.9424685,1314.440324,3226.775173,10504.94797,3549.998711,2806.660786,6454.969215,3549.998711,2678.14949,3463.382803,3549.998711,2852.680086,2751.02659,3549.998711,206.4820548,205.5387178,0.001001968,0.001005531,0.001008742,0.001011081,1169.836931,1169.836931,1169.836931,3708.695623,3708.695623,3708.695623,3708.695623,3708.695623
2/25/2000,2364.901034,3273.501646,2393.429491,1497.788072,1607.824795,2393.429491,4321.939206,16155.90025,4606.226984,3442.872386,10504.94797,4606.226984,2773.321654,6454.969215,4606.226984,2440.941055,3463.382803,4606.226984,108.3383964,107.9026285,0.001001968,0.001005531,0.001008742,0.001011081,1068.693294,1068.693294,1068.693294,3544.805371,3544.805371,3544.805371,3544.805371,3544.805371
2/26/2000,4786.608566,8241.017681,4900.209555,3233.001334,3273.501646,4900.209555,7512.236545,20452.20011,8028.893359,5892.845668,16155.90025,8028.893359,4671.005702,10504.94797,8028.893359,3515.986655,6454.969215,8028.893359,443.3837148,441.0701678,0.001001968,0.001005531,0.001008742,0.001011081,1154.681235,1154.681235,1154.681235,3633.597097,3633.597097,3633.597097,3633.597097,3633.597097
2/27/2000,8142.626565,10553.96286,8973.891935,7923.160996,8241.017681,8973.891935,12912.23759,21943.99092,14867.21231,12146.67393,20452.20011,14867.21231,11221.11208,16155.90025,14867.21231,6870.038136,10504.94797,14867.21231,3420.279762,3396.484427,0.001001968,0.001005531,0.001008742,0.001011081,1868.995353,1868.995353,1868.995353,4349.542784,4349.542784,4349.542784,4349.542784,4349.542784
2/28/2000,11312.11906,13848.50067,12358.84979,10648.34391,10553.96286,12358.84979,19872.5647,20894.51708,22703.13645,18550.11527,21943.99092,22703.13645,17619.4754,20452.20011,22703.13645,13787.78766,16155.90025,22703.13645,4011.272249,3982.820983,0.001001968,0.001005531,0.001008742,0.001011081,2965.502485,2965.502485,2965.502485,5999.202476,5999.202476,5999.202476,5999.202476,5999.202476
2/29/2000,13209.094,15477.9929,14635.81363,13942.88024,13848.50067,14635.81363,22027.89404,18851.21306,25512.44456,21813.34203,20894.51708,25512.44456,21170.10107,21943.99092,25512.44456,18644.83087,20452.20011,25512.44456,5529.273502,5488.544609,0.001001968,0.001005531,0.001008742,0.001011081,4528.622618,4528.622618,4528.622618,8483.245564,8483.245564,8483.245564,8483.245564,8483.245564
3/1/2000,12128.33619,9738.693108,13953.01181,15474.71994,15477.9929,13953.01181,20513.74084,15772.24358,24556.94504,22629.96613,18851.21306,24556.94504,24187.80177,20894.51708,24556.94504,21465.55284,21943.99092,24556.94504,7089.243571,7035.524252,0.001001968,0.001005531,0.001008742,0.001011081,6589.527023,6589.527023,6589.527023,11338.11868,11338.11868,11338.11868,11338.11868,11338.11868
3/2/2000,7509.90022,6894.556479,8251.711708,9744.927852,9738.693108,8251.711708,15101.20005,13014.62453,17437.70551,16793.2347,15772.24358,17437.70551,19007.16734,18851.21306,17437.70551,23509.17751,20894.51708,17437.70551,3034.262266,3013.461881,0.001001968,0.001005531,0.001008742,0.001011081,8108.637618,8108.637618,8108.637618,14188.40459,14188.40459,14188.40459,14188.40459,14188.40459
3/3/2000,5687.561244,6480.534352,6126.16657,6908.427464,6894.556479,6126.16657,9878.006555,11457.19634,11097.7505,10811.53944,13014.62453,11097.7505,12791.56106,15772.24358,11097.7505,15963.0356,18851.21306,11097.7505,1842.039697,1830.195007,0.001001968,0.001005531,0.001008742,0.001011081,9209.915615,9209.915615,9209.915615,16445.33208,16445.33208,16445.33208,16445.33208,16445.33208
3/4/2000,5538.903249,6048.693369,6088.804151,6483.020218,6480.534352,6088.804151,11414.82763,10207.51092,13169.22877,11954.4077,11457.19634,13169.22877,13249.31664,13014.62453,13169.22877,14723.25535,15772.24358,13169.22877,2315.631683,2300.290548,0.001001968,0.001005531,0.001008742,0.001011081,9981.067455,9981.067455,9981.067455,17942.37201,17942.37201,17942.37201,17942.37201,17942.37201
3/5/2000,5165.246801,5580.609085,5715.509988,6043.378851,6048.693369,5715.509988,10968.30618,10262.74747,12720.10639,11439.0516,10207.51092,12720.10639,12292.24986,11457.19634,12720.10639,13400.29017,13014.62453,12720.10639,2324.184156,2308.779065,0.001001968,0.001005531,0.001008742,0.001011081,10013.72828,10013.72828,10013.72828,18545.46106,18545.46106,18545.46106,18545.46106,18545.46106
3/6/2000,4860.231237,5840.347991,5379.225107,5564.592686,5580.609085,5379.225107,9439.091466,10695.61003,10898.93827,9781.400667,10262.74747,10898.93827,10549.89284,10207.51092,10898.93827,11278.21881,11457.19634,10898.93827,2200.561401,2186.078116,0.001001968,0.001005531,0.001008742,0.001011081,9593.723767,9593.723767,9593.723767,18040.38178,18040.38178,18040.38178,18040.38178,18040.38178
3/7/2000,4880.945092,6962.1642,5437.497587,5521.288728,5840.347991,5437.497587,8902.761339,12422.94097,10311.19129,9168.719974,10695.61003,10311.19129,9836.682925,10262.74747,10311.19129,10173.31995,10207.51092,10311.19129,2350.511995,2334.909854,0.001001968,0.001005531,0.001008742,0.001011081,8687.286575,8687.286575,8687.286575,16573.25997,16573.25997,16573.25997,16573.25997,16573.25997
3/8/2000,6287.202959,8788.506375,7113.153148,6793.017696,6962.1642,7113.153148,9692.917479,13638.79232,11357.18147,9688.05604,12422.94097,11357.18147,10402.76924,10695.61003,11357.18147,9416.95425,10262.74747,11357.18147,3301.480832,3278.611366,0.001001968,0.001005531,0.001008742,0.001011081,7462.42933,7462.42933,7462.42933,14653.32632,14653.32632,14653.32632,14653.32632,14653.32632
3/9/2000,7226.951027,8279.727693,8344.423333,8318.87655,8788.506375,8344.423333,10771.17304,15611.7266,12880.9465,11174.06989,13638.79232,12880.9465,11879.78857,12422.94097,12880.9465,10724.25155,10695.61003,12880.9465,4374.675244,4343.323436,0.001001968,0.001005531,0.001008742,0.001011081,6982.886353,6982.886353,6982.886353,12849.12511,12849.12511,12849.12511,12849.12511,12849.12511
3/10/2000,7515.049578,8570.23391,8620.388923,8551.432394,8279.727693,8620.388923,10523.5946,17352.75519,12494.42543,10918.01572,15611.7266,12494.42543,11874.45491,13638.79232,12494.42543,11454.59727,12422.94097,12494.42543,4154.96207,4125.367141,0.001001968,0.001005531,0.001008742,0.001011081,6987.242322,6987.242322,6987.242322,11811.37263,11811.37263,11811.37263,11811.37263,11811.37263
3/11/2000,6862.355146,9816.076609,7950.893966,8222.198382,8570.23391,7950.893966,10308.27186,16558.87524,12350.6394,11003.85236,17352.75519,12350.6394,12100.73473,15611.7266,12350.6394,12353.39764,13638.79232,12350.6394,4241.211224,4210.927777,0.001001968,0.001005531,0.001008742,0.001011081,7130.078739,7130.078739,7130.078739,11479.69608,11479.69608,11479.69608,11479.69608,11479.69608
3/12/2000,9765.300198,11870.06553,11109.2969,9891.862207,9816.076609,11109.2969,14583.51018,15875.98163,17111.38213,13956.61804,16558.87524,17111.38213,14325.24714,17352.75519,17111.38213,12920.77735,15611.7266,17111.38213,4811.751386,4776.877121,0.001001968,0.001005531,0.001008742,0.001011081,7512.06902,7512.06902,7512.06902,11646.68823,11646.68823,11646.68823,11646.68823,11646.68823
3/13/2000,11103.54508,11710.89942,12727.38879,12095.38147,11870.06553,12727.38879,17200.88824,13624.23868,20465.45136,17190.96486,15875.98163,20465.45136,17557.26885,16558.87524,20465.45136,15992.24986,17352.75519,20465.45136,6051.325975,6006.286899,0.001001968,0.001005531,0.001008742,0.001011081,8246.811837,8246.811837,8246.811837,12406.74878,12406.74878,12406.74878,12406.74878,12406.74878
3/14/2000,9580.652358,8462.676084,11151.78522,11626.9701,11710.89942,11151.78522,15499.40961,15035.51492,18720.5931,16526.11809,13624.23868,18720.5931,18147.22406,15875.98163,18720.5931,17845.53805,16558.87524,18720.5931,6057.14637,6012.059017,0.001001968,0.001005531,0.001008742,0.001011081,9122.84003,9122.84003,9122.84003,13522.57453,13522.57453,13522.57453,13522.57453,13522.57453
3/15/2000,6961.968225,7992.807561,7872.63405,8506.900922,8462.676084,7872.63405,10980.02937,16588.23988,12869.72034,11960.50817,15035.51492,12869.72034,13421.44587,13624.23868,12869.72034,16339.57427,15875.98163,12869.72034,3562.613532,3537.704293,0.001001968,0.001005531,0.001008742,0.001011081,9466.788693,9466.788693,9466.788693,14506.42779,14506.42779,14506.42779,14506.42779,14506.42779
3/16/2000,5877.288729,9058.058141,6540.078121,6722.370013,7992.807561,6540.078121,8950.115075,15662.90529,10310.20489,9396.013504,16588.23988,10310.20489,10759.16462,15035.51492,10310.20489,12583.24304,13624.23868,10310.20489,2637.79242,2620.024394,0.001001968,0.001005531,0.001008742,0.001011081,9394.199459,9394.199459,9394.199459,15105.878,15105.878,15105.878,15105.878,15105.878
3/17/2000,8836.872167,8390.103659,9950.425315,9655.307967,9058.058141,9950.425315,13004.7308,13907.93165,15069.04285,13264.96325,15662.90529,15069.04285,13496.05437,16588.23988,15069.04285,11471.90968,15035.51492,15069.04285,3687.477885,3661.587465,0.001001968,0.001005531,0.001008742,0.001011081,9464.65986,9464.65986,9464.65986,15412.61973,15412.61973,15412.61973,15412.61973,15412.61973
3/18/2000,8357.422556,9421.252868,9332.312342,8866.994671,8390.103659,9332.312342,14740.76548,15624.66429,17140.5816,14640.33157,13907.93165,17140.5816,15474.83428,15662.90529,17140.5816,15985.26432,16588.23988,17140.5816,3601.315656,3576.102689,0.001001968,0.001005531,0.001008742,0.001011081,9551.533642,9551.533642,9551.533642,15834.29694,15834.29694,15834.29694,15834.29694,15834.29694
3/19/2000,8077.447687,7391.64947,9326.886894,9493.689761,9421.252868,9326.886894,13619.58298,15589.86573,16304.17335,14221.00217,15624.66429,16304.17335,15477.32182,13907.93165,16304.17335,15093.77264,15662.90529,16304.17335,4886.78081,4851.298387,0.001001968,0.001005531,0.001008742,0.001011081,9624.226806,9624.226806,9624.226806,16049.47593,16049.47593,16049.47593,16049.47593,16049.47593
3/20/2000,5968.96175,5513.141304,6787.217457,7439.076338,7391.64947,6787.217457,11176.37992,11079.33108,13186.08954,12098.14019,15589.86573,13186.08954,13129.83723,15624.66429,13186.08954,15245.32779,13907.93165,13186.08954,3285.905156,3263.156814,0.001001968,0.001005531,0.001008742,0.001011081,9159.182212,9159.182212,9159.182212,15712.03835,15712.03835,15712.03835,15712.03835,15712.03835
3/21/2000,4748.531794,5197.264689,5288.341055,5547.804318,5513.141304,5288.341055,8118.648132,9430.759353,9361.751232,8579.075542,11079.33108,9361.751232,9782.656684,15589.86573,9361.751232,11403.4767,15624.66429,9361.751232,2210.938666,2196.378224,0.001001968,0.001005531,0.001008742,0.001011081,8366.053302,8366.053302,8366.053302,14949.00834,14949.00834,14949.00834,14949.00834,14949.00834
3/22/2000,4534.124159,4883.570941,5082.925377,5223.193344,5197.264689,5082.925377,11069.79569,8731.050317,12975.14575,11345.56419,9430.759353,12975.14575,12075.9204,11079.33108,12975.14575,12866.41322,15589.86573,12975.14575,2270.167589,2255.165984,0.001001968,0.001005531,0.001008742,0.001011081,7847.241522,7847.241522,7847.241522,14594.57278,14594.57278,14594.57278,14594.57278,14594.57278
3/23/2000,4270.56595,4582.099783,4796.242223,4903.297658,4883.570941,4796.242223,11873.16708,8316.858032,13995.234,12067.4216,8731.050317,13995.234,12597.43927,9430.759353,13995.234,13464.07291,11079.33108,13995.234,2194.482215,2180.044109,0.001001968,0.001005531,0.001008742,0.001011081,7502.754749,7502.754749,7502.754749,14536.44171,14536.44171,14536.44171,14536.44171,14536.44171
3/24/2000,4013.475704,4331.198727,4508.411768,4597.013114,4582.099783,4508.411768,8359.659525,8205.832566,9759.056761,8596.569241,8316.858032,9759.056761,9147.971545,8731.050317,9759.056761,9661.275047,9430.759353,9759.056761,2084.066012,2070.445977,0.001001968,0.001005531,0.001008742,0.001011081,6890.058899,6890.058899,6890.058899,14052.04103,14052.04103,14052.04103,14052.04103,14052.04103
3/25/2000,3788.002625,4160.816298,4255.337793,4330.778743,4331.198727,4255.337793,7273.013342,9864.544847,8467.471549,7502.260648,8205.832566,8467.471549,8025.246451,8316.858032,8467.471549,8445.13806,8731.050317,8467.471549,1983.329711,1970.45169,0.001001968,0.001005531,0.001008742,0.001011081,6248.103682,6248.103682,6248.103682,13061.74468,13061.74468,13061.74468,13061.74468,13061.74468
3/26/2000,3737.723757,4854.918018,4190.721777,4171.576163,4160.816298,4190.721777,6983.530699,10708.75659,8109.653572,7119.162574,9864.544847,8109.653572,7578.043319,8205.832566,8109.653572,7869.304604,8316.858032,8109.653572,1918.684156,1906.280025,0.001001968,0.001005531,0.001008742,0.001011081,5476.379649,5476.379649,5476.379649,12009.27974,12009.27974,12009.27974,12009.27974,12009.27974
3/27/2000,3632.528436,5716.555073,4098.575629,4167.947958,4854.918018,4098.575629,6759.312733,10554.67387,7889.852484,6985.837618,10708.75659,7889.852484,7437.144401,9864.544847,7889.852484,7587.651744,8205.832566,7889.852484,1993.945722,1980.989706,0.001001968,0.001005531,0.001008742,0.001011081,4965.706885,4965.706885,4965.706885,11078.04156,11078.04156,11078.04156,11078.04156,11078.04156
3/28/2000,5688.149009,5461.703411,6376.942887,5951.098412,5716.555073,6376.942887,9421.975349,9334.442537,10873.40053,9322.343712,10554.67387,10873.40053,9168.199243,10708.75659,10873.40053,7660.922747,9864.544847,10873.40053,2423.993448,2407.840019,0.001001968,0.001005531,0.001008742,0.001011081,4821.237169,4821.237169,4821.237169,10509.10511,10509.10511,10509.10511,10509.10511,10509.10511
3/29/2000,5487.429155,6134.74721,6093.452766,5728.868322,5461.703411,6093.452766,10416.94208,8513.074558,12034.322,10266.80084,9334.442537,12034.322,10626.94103,10554.67387,12034.322,10601.64614,10708.75659,12034.322,2357.788736,2342.132088,0.001001968,0.001005531,0.001008742,0.001011081,4832.969455,4832.969455,4832.969455,10064.15224,10064.15224,10064.15224,10064.15224,10064.15224
3/30/2000,5319.024744,4790.808312,6080.57702,6178.388344,6134.74721,6080.57702,9394.531756,7302.891998,11102.96156,9758.468702,8513.074558,11102.96156,10419.93456,9334.442537,11102.96156,10100.37119,10554.67387,11102.96156,3096.28129,3075.002414,0.001001968,0.001005531,0.001008742,0.001011081,4986.205334,4986.205334,4986.205334,9549.982787,9549.982787,9549.982787,9549.982787,9549.982787
3/31/2000,3965.353309,3796.957829,4456.148075,4810.193023,4790.808312,4456.148075,7843.489391,4680.107649,9137.536656,8354.460915,7302.891998,9137.536656,9030.224617,8513.074558,9137.536656,10315.32931,9334.442537,9137.536656,2068.915528,2055.40736,0.001001968,0.001005531,0.001008742,0.001011081,5033.184044,5033.184044,5033.184044,9512.363958,9512.363958,9512.363958,9512.363958,9512.363958
4/1/2000,3263.919506,3526.006262,3617.377117,3807.854679,3796.957829,3617.377117,5749.62671,4000.465807,6585.754216,6069.923578,4680.107649,6585.754216,6787.067,7302.891998,6585.754216,7778.044221,8513.074558,6585.754216,1519.451314,1509.930021,0.001001968,0.001005531,0.001008742,0.001011081,4998.486214,4998.486214,4998.486214,9495.404682,9495.404682,9495.404682,9495.404682,9495.404682
4/2/2000,3082.312363,2998.138549,3428.810836,3534.056524,3526.006262,3428.810836,5840.079363,7637.278796,6725.276981,6063.337697,4000.465807,6725.276981,6582.724065,4680.107649,6725.276981,7145.141991,7302.891998,6725.276981,1502.657991,1493.256149,0.001001968,0.001005531,0.001008742,0.001011081,4928.838073,4928.838073,4928.838073,9395.459613,9395.459613,9395.459613,9395.459613,9395.459613
4/3/2000,2706.291569,2203.359815,2958.642547,2978.340596,2998.138549,2958.642547,5240.870292,9539.134638,5951.735214,5344.824955,7637.278796,5951.735214,5685.001187,4000.465807,5951.735214,6420.159298,4680.107649,5951.735214,1109.642658,1102.986298,0.001001968,0.001005531,0.001008742,0.001011081,4771.435775,4771.435775,4771.435775,9183.414955,9183.414955,9183.414955,9183.414955,9183.414955
4/4/2000,2885.11069,4134.781656,2927.230686,2200.856941,2203.359815,2927.230686,3948.397096,9205.270845,4048.757794,3272.498675,9539.134638,4048.757794,2970.255724,7637.278796,4048.757794,3999.606071,4000.465807,4048.757794,0.001000564,0.001006515,0.001001968,0.001005531,0.001008742,0.001011081,4288.122058,4288.122058,4288.122058,8520.952509,8520.952509,8520.952509,8520.952509,8520.952509
4/5/2000,4856.029156,8283.66768,5139.45715,4156.342253,4134.781656,5139.45715,5783.508583,7050.955706,6225.906476,4945.295502,9205.270845,6225.906476,4438.208989,9539.134638,6225.906476,2949.427905,7637.278796,6225.906476,1186.171617,1178.988833,0.001001968,0.001005531,0.001008742,0.001011081,3966.029776,3966.029776,3966.029776,7538.954263,7538.954263,7538.954263,7538.954263,7538.954263
4/6/2000,7006.951665,5794.312045,8139.471034,8296.44776,8283.66768,8139.471034,11383.33835,5169.797146,13739.23925,11919.44494,7050.955706,13739.23925,12198.48471,9205.270845,13739.23925,8263.639458,9539.134638,13739.23925,4602.138225,4568.957677,0.001001968,0.001005531,0.001008742,0.001011081,4158.349031,4158.349031,4158.349031,7233.136269,7233.136269,7233.136269,7233.136269,7233.136269
4/7/2000,4347.98978,3363.664542,4924.527081,5799.197069,5794.312045,4924.527081,9215.433378,9035.470743,10863.80512,10243.60979,5169.797146,10863.80512,11029.75443,7050.955706,10863.80512,12668.31672,9205.270845,10863.80512,2467.120812,2450.642936,0.001001968,0.001005531,0.001008742,0.001011081,4305.900794,4305.900794,4305.900794,7340.271075,7340.271075,7340.271075,7340.271075,7340.271075
4/8/2000,2770.31597,2516.074619,2980.54979,3328.407089,3363.664542,2980.54979,4097.815782,10457.35987,4524.537124,4535.224534,9035.470743,4524.537124,5653.349193,5169.797146,4524.537124,7558.68016,7050.955706,4524.537124,946.9583435,941.4056845,0.001001968,0.001005531,0.001008742,0.001011081,4309.987619,4309.987619,4309.987619,7438.802935,7438.802935,7438.802935,7438.802935,7438.802935
4/9/2000,2486.350194,2773.082761,2527.674394,2509.287747,2516.074619,2527.674394,3695.673372,8934.708878,3804.744077,3728.452386,10457.35987,3804.744077,3647.431626,9035.470743,3804.744077,5148.742621,5169.797146,3804.744077,0.001000564,0.001006515,0.001001968,0.001005531,0.001008742,0.001011081,4117.951749,4117.951749,4117.951749,7214.538349,7214.538349,7214.538349,7214.538349,7214.538349
4/10/2000,3788.702642,8391.495304,3867.616882,2803.521757,2773.082761,3867.616882,4936.452467,8372.342518,5107.944298,3936.821617,8934.708878,5107.944298,3963.11509,10457.35987,5107.944298,3639.732277,9035.470743,5107.944298,254.3832948,253.1760634,0.001001968,0.001005531,0.001008742,0.001011081,4066.750478,4066.750478,4066.750478,6936.874678,6936.874678,6936.874678,6936.874678,6936.874678
4/11/2000,7294.561053,6038.872448,8577.554148,8402.377398,8391.495304,8577.554148,12343.49507,7565.897502,15037.96886,12588.16753,8372.342518,15037.96886,13063.09513,8934.708878,15037.96886,8362.450479,10457.35987,15037.96886,5188.194185,5150.258892,0.001001968,0.001005531,0.001008742,0.001011081,4894.272862,4894.272862,4894.272862,7594.10525,7594.10525,7594.10525,7594.10525,7594.10525
4/12/2000,4440.707322,3124.913615,5093.897388,6040.617907,6038.872448,5093.897388,10641.64262,6609.361771,12650.27397,11744.8338,7565.897502,12650.27397,12174.06504,8372.342518,12650.27397,14108.24668,8934.708878,12650.27397,2782.948428,2764.075705,0.001001968,0.001005531,0.001008742,0.001011081,5261.720548,5261.720548,5261.720548,8552.539191,8552.539191,8552.539191,8552.539191,8552.539191
4/13/2000,2644.338054,3039.286358,2837.32316,3125.780756,3124.913615,2837.32316,3649.046277,6561.451915,3972.677227,4029.051246,6609.361771,3972.677227,5211.531681,7565.897502,3972.677227,7122.356044,8372.342518,3972.677227,883.6545522,878.525134,0.001001968,0.001005531,0.001008742,0.001011081,4774.609872,4774.609872,4774.609872,8693.656439,8693.656439,8693.656439,8693.656439,8693.656439
4/14/2000,2658.256697,2867.46336,2905.412305,3039.615009,3039.286358,2905.412305,4584.651945,6210.343363,5176.113246,4810.192072,6561.451915,5176.113246,5348.689221,6609.361771,5176.113246,6208.757132,7565.897502,5176.113246,1128.142065,1121.358853,0.001001968,0.001005531,0.001008742,0.001011081,4379.641627,4379.641627,4379.641627,8190.799554,8190.799554,8190.799554,8190.799554,8190.799554
4/15/2000,2579.378134,2998.530537,2824.126198,2867.694324,2867.46336,2824.126198,5412.474519,6454.708212,6163.49337,5525.561782,6210.343363,6163.49337,5872.868962,6561.451915,6163.49337,6305.159209,6609.361771,6163.49337,1122.032987,1115.291695,0.001001968,0.001005531,0.001008742,0.001011081,4203.350388,4203.350388,4203.350388,7712.205022,7712.205022,7712.205022,7712.205022,7712.205022
4/16/2000,2664.63455,2981.766831,2955.29058,2999.346835,2998.530537,2955.29058,5346.335335,6690.257096,6141.868766,5479.863811,6454.708212,6141.868766,5782.825543,6210.343363,6141.868766,5833.596926,6561.451915,6141.868766,1323.518976,1315.381028,0.001001968,0.001005531,0.001008742,0.001011081,4293.883117,4293.883117,4293.883117,7706.601724,7706.601724,7706.601724,7706.601724,7706.601724
4/17/2000,2562.37787,3553.544624,2850.310982,2922.61617,2981.766831,2850.310982,5508.171237,7475.858832,6351.739019,5662.864416,6690.257096,6351.739019,5954.644256,6454.708212,6351.739019,6103.352396,6210.343363,6351.739019,1315.217799,1307.137938,0.001001968,0.001005531,0.001008742,0.001011081,4324.408078,4324.408078,4324.408078,7946.632048,7946.632048,7946.632048,7946.632048,7946.632048
4/18/2000,3594.462916,4905.915531,3956.794152,3559.601939,3553.544624,3956.794152,6466.227334,9501.359743,7362.089434,6205.327105,7475.858832,7362.089434,6149.076658,6690.257096,7362.089434,5741.880923,6454.708212,7362.089434,1541.430774,1531.752901,0.001001968,0.001005531,0.001008742,0.001011081,3682.329884,3682.329884,3682.329884,7555.93998,7555.93998,7555.93998,7555.93998,7555.93998
4/19/2000,4997.13181,5286.781446,5564.527299,4947.182295,4905.915531,5564.527299,7933.27917,10851.9104,9151.014839,7522.428177,9501.359743,9151.014839,7457.741336,7475.858832,9151.014839,6456.762575,6690.257096,9151.014839,2382.186594,2366.347054,0.001001968,0.001005531,0.001008742,0.001011081,3458.234469,3458.234469,3458.234469,6964.751404,6964.751404,6964.751404,6964.751404,6964.751404
4/20/2000,4352.888897,4279.704963,4937.388014,5278.154619,5286.781446,4937.388014,6981.585968,10130.39113,8186.1922,7529.171949,10851.9104,8186.1922,7799.054958,9501.359743,8186.1922,7318.175944,7475.858832,8186.1922,2506.250142,2489.477342,0.001001968,0.001005531,0.001008742,0.001011081,3586.299687,3586.299687,3586.299687,6653.107672,6653.107672,6653.107672,6653.107672,6653.107672
4/21/2000,3450.962488,5563.706905,3870.170284,4176.458518,4279.704963,3870.170284,5987.581644,10064.38349,6926.490987,6441.505217,10130.39113,6926.490987,7250.019867,10851.9104,6926.490987,7648.640374,9501.359743,6926.490987,1844.580348,1832.717156,0.001001968,0.001005531,0.001008742,0.001011081,3764.938992,3764.938992,3764.938992,6779.576766,6779.576766,6779.576766,6779.576766,6779.576766
4/22/2000,5093.339525,5605.893994,5803.871928,5564.508123,5563.706905,5803.871928,9091.003378,9041.072819,10688.43873,9112.20278,10064.38349,10688.43873,9478.661654,10130.39113,10688.43873,8594.641166,10851.9104,10688.43873,2887.484452,2867.812154,0.001001968,0.001005531,0.001008742,0.001011081,4093.850724,4093.850724,4093.850724,7282.15064,7282.15064,7282.15064,7282.15064,7282.15064
4/23/2000,5281.284105,5726.302126,5951.018098,5652.276078,5605.893994,5951.018098,10704.09526,8085.662689,12518.46015,10612.31189,9041.072819,12518.46015,10933.17014,10064.38349,12518.46015,10896.41152,10130.39113,12518.46015,2766.429665,2747.682989,0.001001968,0.001005531,0.001008742,0.001011081,4433.170292,4433.170292,4433.170292,7999.877843,7999.877843,7999.877843,7999.877843,7999.877843
4/24/2000,5219.948023,5356.005807,5926.207821,5749.249658,5726.302126,5926.207821,9015.210638,7326.419482,10580.51534,9078.623214,8085.662689,10580.51534,9747.502605,9041.072819,10580.51534,9624.440469,10064.38349,10580.51534,2965.587013,2945.315214,0.001001968,0.001005531,0.001008742,0.001011081,4835.122475,4835.122475,4835.122475,8608.870755,8608.870755,8608.870755,8608.870755,8608.870755
4/25/2000,4434.31538,4027.225675,5040.169769,5363.914636,5356.005807,5040.169769,7970.247037,6526.56619,9363.448618,8492.736621,7326.419482,9363.448618,9003.048024,8085.662689,9363.448618,9671.716176,9041.072819,9363.448618,2594.9918,2577.548223,0.001001968,0.001005531,0.001008742,0.001011081,5140.626476,5140.626476,5140.626476,9121.422469,9121.422469,9121.422469,9121.422469,9121.422469
4/26/2000,3340.789459,3364.425815,3724.631614,4026.436376,4027.225675,3724.631614,5854.007299,6064.790173,6740.656228,6287.483668,6526.56619,6740.656228,7053.549624,7326.419482,6740.656228,8081.864272,8085.662689,6740.656228,1707.555975,1696.68627,0.001001968,0.001005531,0.001008742,0.001011081,5149.047014,5149.047014,5149.047014,9380.082309,9380.082309,9380.082309,9380.082309,9380.082309
4/27/2000,2881.050164,3129.005478,3188.012169,3361.061933,3364.425815,3188.012169,5055.909381,5693.850134,5776.887274,5335.534449,6064.790173,5776.887274,5943.234511,6526.56619,5776.887274,6801.77661,7326.419482,5776.887274,1390.633694,1382.024505,0.001001968,0.001005531,0.001008742,0.001011081,4960.798538,4960.798538,4960.798538,9393.995073,9393.995073,9393.995073,9393.995073,9393.995073
4/28/2000,2790.159286,3177.776755,3086.386984,3129.642166,3129.005478,3086.386984,5123.737263,5565.897387,5862.874593,5264.90304,5693.850134,5862.874593,5700.005166,6064.790173,5862.874593,6166.262079,6526.56619,5862.874593,1346.670483,1338.370299,0.001001968,0.001005531,0.001008742,0.001011081,4775.2715,4775.2715,4775.2715,9146.232129,9146.232129,9146.232129,9146.232129,9146.232129
4/29/2000,2795.230609,2998.328919,3117.462557,3179.176211,3177.776755,3117.462557,5094.671279,5444.076059,5871.573272,5262.972899,5565.897387,5871.573272,5599.442003,5693.850134,5871.573272,5761.409639,6064.790173,5871.573272,1462.03572,1452.922161,0.001001968,0.001005531,0.001008742,0.001011081,4476.686513,4476.686513,4476.686513,8614.415444,8614.415444,8614.415444,8614.415444,8614.415444
4/30/2000,2618.71875,2768.791655,2921.92787,2998.035661,2998.328919,2921.92787,4854.924413,5062.500128,5597.825956,5029.834704,5444.076059,5597.825956,5387.036657,5565.897387,5597.825956,5612.043896,5693.850134,5597.825956,1386.345047,1377.766054,0.001001968,0.001005531,0.001008742,0.001011081,4141.848981,4141.848981,4141.848981,7853.7058,7853.7058,7853.7058,7853.7058,7853.7058
5/1/2000,2415.955353,2645.13412,2686.948442,2762.67866,2768.791655,2686.948442,4416.164583,4818.332281,5073.259963,4581.83363,5062.500128,5073.259963,4909.360068,5444.076059,5073.259963,5221.251696,5565.897387,5073.259963,1251.660301,1244.023684,0.001001968,0.001005531,0.001008742,0.001011081,3721.784581,3721.784581,3721.784581,7128.393219,7128.393219,7128.393219,7128.393219,7128.393219
5/2/2000,2353.494762,2649.205283,2614.463505,2646.08303,2645.13412,2614.463505,4412.537528,4603.743769,5064.621654,4529.734641,4818.332281,5064.621654,4826.164381,5062.500128,5064.621654,4995.269451,5444.076059,5064.621654,1208.54484,1201.207349,0.001001968,0.001005531,0.001008742,0.001011081,3346.511112,3346.511112,3346.511112,6476.971358,6476.971358,6476.971358,6476.971358,6476.971358
5/3/2000,2330.535558,2430.237672,2599.70608,2653.010083,2649.205283,2599.70608,4477.079341,4421.672435,5161.268677,4615.819851,4603.743769,5161.268677,4865.602864,4818.332281,5161.268677,4988.443023,5062.500128,5161.268677,1244.874295,1237.284842,0.001001968,0.001005531,0.001008742,0.001011081,3092.209869,3092.209869,3092.209869,5977.737381,5977.737381,5977.737381,5977.737381,5977.737381
5/4/2000,2143.67492,2338.897962,2384.633965,2430.287262,2430.237672,2384.633965,4059.613877,4346.014477,4664.354444,4183.018396,4421.672435,4664.354444,4484.100368,4603.743769,4664.354444,4698.876488,4818.332281,4664.354444,1128.288486,1121.504269,0.001001968,0.001005531,0.001008742,0.001011081,2924.1102,2924.1102,2924.1102,5605.987607,5605.987607,5605.987607,5605.987607,5605.987607
5/5/2000,2050.95579,2248.951412,2282.575603,2325.402698,2338.897962,2282.575603,3818.987538,4264.427574,4384.988797,3938.324001,4346.014477,4384.988797,4198.449851,4421.672435,4384.988797,4386.751389,4603.743769,4384.988797,1089.95773,1083.436063,0.001001968,0.001005531,0.001008742,0.001011081,2791.372722,2791.372722,2791.372722,5347.351876,5347.351876,5347.351876,5347.351876,5347.351876
5/6/2000,2003.879688,2193.201482,2228.133452,2250.716162,2248.951412,2228.133452,3729.783772,3946.344144,4278.793201,3826.725736,4264.427574,4278.793201,4067.944733,4346.014477,4278.793201,4201.520834,4421.672435,4278.793201,1056.370561,1050.078011,0.001001968,0.001005531,0.001008742,0.001011081,2657.204248,2657.204248,2657.204248,5132.926606,5132.926606,5132.926606,5132.926606,5132.926606
5/7/2000,1937.300333,2216.280482,2157.155668,2188.639727,2193.201482,2157.155668,3626.340074,3727.601368,4164.344451,3730.492551,3946.344144,4164.344451,3957.14177,4264.427574,4164.344451,4078.324327,4346.014477,4164.344451,1039.426942,1033.24963,0.001001968,0.001005531,0.001008742,0.001011081,2533.128904,2533.128904,2533.128904,4925.968754,4925.968754,4925.968754,4925.968754,4925.968754
5/8/2000,1981.423741,2250.586803,2212.334895,2219.486391,2216.280482,2212.334895,3679.519198,5165.916472,4236.090028,3763.331395,3727.601368,4236.090028,3978.389226,3946.344144,4236.090028,4014.63512,4264.427574,4236.090028,1086.898903,1080.398139,0.001001968,0.001005531,0.001008742,0.001011081,2444.273126,2444.273126,2444.273126,4750.066929,4750.066929,4750.066929,4750.066929,4750.066929
5/9/2000,1952.395145,2136.914228,2182.649143,2225.423397,2250.586803,2182.649143,3639.567243,4924.840325,4194.846628,3758.599892,5165.916472,4194.846628,3939.406573,3727.601368,4194.846628,4011.927867,3946.344144,4194.846628,1084.051084,1077.569775,0.001001968,0.001005531,0.001008742,0.001011081,2371.15271,2371.15271,2371.15271,4584.806957,4584.806957,4584.806957,4584.806957,4584.806957
5/10/2000,2052.236208,3025.75856,2255.848509,2057.513716,2136.914228,2255.848509,3585.944266,5309.718445,4057.127898,3461.288069,4924.840325,4057.127898,3702.12851,5165.916472,4057.127898,3710.854481,3727.601368,4057.127898,960.6109334,954.9665138,0.001001968,0.001005531,0.001008742,0.001011081,2292.489601,2292.489601,2292.489601,4414.630091,4414.630091,4414.630091,4414.630091,4414.630091
5/11/2000,2925.110232,3837.439432,3250.108258,3033.172443,3025.75856,3250.108258,4855.726165,7463.548085,5485.201576,4781.523842,5309.718445,5485.201576,4652.291149,4924.840325,5485.201576,3583.713562,5165.916472,5485.201576,1429.197338,1420.31612,0.001001968,0.001005531,0.001008742,0.001011081,2304.726968,2304.726968,2304.726968,4346.01196,4346.01196,4346.01196,4346.01196,4346.01196
5/12/2000,3388.31837,3190.356643,3814.466788,3772.050579,3837.439432,3814.466788,6213.205434,7639.243169,7191.053469,6322.05842,7463.548085,7191.053469,6361.750335,5309.718445,7191.053469,5848.160993,4924.840325,7191.053469,1853.235927,1841.309681,0.001001968,0.001005531,0.001008742,0.001011081,2456.198195,2456.198195,2456.198195,4526.753717,4526.753717,4526.753717,4526.753717,4526.753717
5/13/2000,3033.281147,3636.201008,3302.448274,3094.083613,3190.356643,3302.448274,4645.191183,6990.830568,5190.682046,4552.0839,7639.243169,5190.682046,4827.866785,7463.548085,5190.682046,5319.842357,5309.718445,5190.682046,1165.176566,1158.138632,0.001001968,0.001005531,0.001008742,0.001011081,2577.243926,2577.243926,2577.243926,4659.857362,4659.857362,4659.857362,4659.857362,4659.857362
5/14/2000,3656.367662,4465.3504,3998.290842,3746.746296,3636.201008,3998.290842,5261.44656,5961.570918,5883.393023,5166.264357,6990.830568,5883.393023,5175.248876,7639.243169,5883.393023,4719.231357,7463.548085,5883.393023,1433.792859,1424.879166,0.001001968,0.001005531,0.001008742,0.001011081,2753.942424,2753.942424,2753.942424,4862.169261,4862.169261,4862.169261,4862.169261,4862.169261
5/15/2000,4069.184801,4064.298686,4581.667397,4533.373835,4465.3504,4581.667397,7610.648407,5511.15693,8878.733039,7725.185962,5961.570918,8878.733039,8020.611328,6990.830568,8878.733039,7314.960227,7639.243169,8878.733039,2203.748809,2189.241829,0.001001968,0.001005531,0.001008742,0.001011081,3062.334666,3062.334666,3062.334666,5356.660397,5356.660397,5356.660397,5356.660397,5356.660397
5/16/2000,3322.585543,2773.303659,3771.007567,4068.712102,4064.298686,3771.007567,6537.200242,7118.073133,7669.760298,6970.399198,5511.15693,7669.760298,7515.187151,5961.570918,7669.760298,7871.555991,6990.830568,7669.760298,1983.024553,1970.148773,0.001001968,0.001005531,0.001008742,0.001011081,3351.194963,3351.194963,3351.194963,5852.014702,5852.014702,5852.014702,5852.014702,5852.014702
5/17/2000,2249.038586,2483.704273,2474.615686,2770.52893,2773.303659,2474.615686,4261.867234,8184.971451,4854.53806,4629.790762,7118.073133,4854.53806,5167.544613,5511.15693,4854.53806,6414.245829,5961.570918,4854.53806,1051.502284,1045.242868,0.001001968,0.001005531,0.001008742,0.001011081,3493.529943,3493.529943,3493.529943,6223.959675,6223.959675,6223.959675,6223.959675,6223.959675
5/18/2000,1978.292684,3013.568564,2162.640496,2279.956209,2483.704273,2162.640496,3387.44996,8310.444531,3807.287929,3573.663278,8184.971451,3807.287929,4041.484039,7118.073133,3807.287929,4584.294492,5511.15693,3807.287929,871.9547014,866.9030918,0.001001968,0.001005531,0.001008742,0.001011081,3489.908137,3489.908137,3489.908137,6355.488846,6355.488846,6355.488846,6355.488846,6355.488846
5/19/2000,2820.679038,4202.967196,3104.420519,2888.252767,3013.568564,3104.420519,5197.048899,7365.199629,5887.172118,5096.347362,8310.444531,5887.172118,5270.200587,8184.971451,5887.172118,4720.494276,7118.073133,5887.172118,1216.834794,1209.439889,0.001001968,0.001005531,0.001008742,0.001011081,3402.154217,3402.154217,3402.154217,6267.596578,6267.596578,6267.596578,6267.596578,6267.596578
5/20/2000,4293.138295,5207.364337,4778.939585,4229.28648,4202.967196,4778.939585,8414.793156,6803.507847,9714.411716,8030.528999,7365.199629,9714.411716,7957.731086,8310.444531,9714.411716,7071.767167,8184.971451,9714.411716,1990.158954,1977.230764,0.001001968,0.001005531,0.001008742,0.001011081,3494.470104,3494.470104,3494.470104,6574.78711,6574.78711,6574.78711,6574.78711,6574.78711
5/21/2000,4721.174588,4505.840703,5369.946967,5299.307311,5207.364337,5369.946967,9109.61039,9161.446029,10708.79142,9252.578061,6803.507847,10708.79142,9373.920549,7365.199629,10708.79142,8421.049866,8310.444531,10708.79142,2680.058546,2661.969544,0.001001968,0.001005531,0.001008742,0.001011081,3697.81846,3697.81846,3697.81846,7021.577167,7021.577167,7021.577167,7021.577167,7021.577167
5/22/2000,3684.799284,3690.159175,4162.421314,4467.005934,4505.840703,4162.421314,7332.432387,10507.94014,8551.869781,7791.559112,9161.446029,8551.869781,8279.576312,6803.507847,8551.869781,8741.235117,7365.199629,8551.869781,2045.468737,2032.133507,0.001001968,0.001005531,0.001008742,0.001011081,3721.349959,3721.349959,3721.349959,7202.980791,7202.980791,7202.980791,7202.980791,7202.980791
5/23/2000,3343.716732,5496.165642,3576.516178,3234.036335,3690.159175,3576.516178,5558.852882,11190.00516,6126.207738,5319.896474,10507.94014,6126.207738,5687.538623,9161.446029,6126.207738,6740.956396,6803.507847,6126.207738,968.365904,962.6692886,0.001001968,0.001005531,0.001008742,0.001011081,3607.127801,3607.127801,3607.127801,7205.513062,7205.513062,7205.513062,7205.513062,7205.513062
5/24/2000,7142.983139,9289.446864,7682.40343,5575.273588,5496.165642,7682.40343,9492.041047,11572.39673,10450.97684,7659.397416,11190.00516,10450.97684,7222.790524,10507.94014,10450.97684,5635.975412,9161.446029,10450.97684,1980.970896,1968.110198,0.001001968,0.001005531,0.001008742,0.001011081,3838.852707,3838.852707,3838.852707,7313.499403,7313.499403,7313.499403,7313.499403,7313.499403
5/25/2000,8354.648997,7328.348384,9437.894066,9530.147528,9289.446864,9437.894066,13060.481,9607.970819,15303.2798,13550.7974,11572.39673,15303.2798,12712.2751,11190.00516,15303.2798,9918.756394,10507.94014,15303.2798,4242.001035,4211.711276,0.001001968,0.001005531,0.001008742,0.001011081,4578.08957,4578.08957,4578.08957,8037.462112,8037.462112,8037.462112,8037.462112,8037.462112
5/26/2000,5633.769614,4695.523397,6319.391107,7400.295681,7328.348384,6319.391107,10040.58867,7490.019796,11698.63867,11345.28749,9607.970819,11698.63867,12383.65151,11572.39673,11698.63867,12628.01064,11190.00516,11698.63867,2838.084595,2818.790555,0.001001968,0.001005531,0.001008742,0.001011081,5293.065781,5293.065781,5293.065781,9066.085511,9066.085511,9066.085511,9066.085511,9066.085511
5/27/2000,3805.016361,3890.495372,4151.181873,4712.918763,4695.523397,4151.181873,6370.240563,6392.194597,7196.751845,7056.251898,7490.019796,7196.751845,8613.52445,9607.970819,7196.751845,10684.17347,11572.39673,7196.751845,1505.85518,1496.430608,0.001001968,0.001005531,0.001008742,0.001011081,5604.884965,5604.884965,5604.884965,9681.984875,9681.984875,9681.984875,9681.984875,9681.984875
5/28/2000,3224.343578,3264.504374,3528.913156,3901.424166,3890.495372,3528.913156,6156.911382,5691.118653,7008.081095,6624.384838,6392.194597,7008.081095,7488.920656,7490.019796,7008.081095,9094.436601,9607.970819,7008.081095,1346.807465,1338.50632,0.001001968,0.001005531,0.001008742,0.001011081,5553.483176,5553.483176,5553.483176,9778.92676,9778.92676,9778.92676,9778.92676,9778.92676
5/29/2000,2805.654324,2995.154045,3061.073594,3272.326782,3264.504374,3061.073594,5739.91659,5222.993201,6530.781777,6023.416844,5691.118653,6530.781777,6622.564758,6392.194597,6530.781777,7598.431252,7490.019796,6530.781777,1146.878134,1139.966183,0.001001968,0.001005531,0.001008742,0.001011081,5428.209057,5428.209057,5428.209057,9573.004538,9573.004538,9573.004538,9573.004538,9573.004538
5/30/2000,2625.750356,2820.195206,2875.33657,3000.915851,2995.154045,2875.33657,5030.612219,4861.619854,5720.417825,5234.794265,5222.993201,5720.417825,5671.598282,5691.118653,5720.417825,6212.869366,6392.194597,5720.417825,1130.142361,1123.345418,0.001001968,0.001005531,0.001008742,0.001011081,5401.027171,5401.027171,5401.027171,9378.919609,9378.919609,9378.919609,9378.919609,9378.919609
5/31/2000,2485.6047,2656.2803,2730.168168,2824.508039,2820.195206,2730.168168,4694.577731,4847.643089,5347.264665,4867.460427,4861.619854,5347.264665,5213.086588,5222.993201,5347.264665,5567.973012,5691.118653,5347.264665,1115.023704,1108.330473,0.001001968,0.001005531,0.001008742,0.001011081,5148.095965,5148.095965,5148.095965,9123.125797,9123.125797,9123.125797,9123.125797,9123.125797
6/1/2000,2348.608261,2501.649165,2582.704279,2659.553776,2656.2803,2582.704279,4339.428611,4650.040294,4943.834189,4493.141654,4847.643089,4943.834189,4798.434804,4861.619854,4943.834189,5084.998517,5222.993201,4943.834189,1074.829448,1068.411091,0.001001968,0.001005531,0.001008742,0.001011081,4435.56333,4435.56333,4435.56333,8377.797726,8377.797726,8377.797726,8377.797726,8377.797726
6/2/2000,2192.96216,2422.096406,2411.349664,2491.802586,2501.649165,2411.349664,4033.49275,4473.563869,4590.972831,4186.551694,4650.040294,4590.972831,4459.955771,4847.643089,4590.972831,4707.355572,4861.619854,4590.972831,1010.518005,1004.536765,0.001001968,0.001005531,0.001008742,0.001011081,3685.341629,3685.341629,3685.341629,7288.671405,7288.671405,7288.671405,7288.671405,7288.671405
6/3/2000,2142.473901,2366.625173,2362.491799,2426.920256,2422.096406,2362.491799,3889.684794,2940.413516,4433.303845,4030.15561,4473.563869,4433.303845,4289.495634,4650.040294,4433.303845,4401.3185,4847.643089,4433.303845,1016.353828,1010.333064,0.001001968,0.001005531,0.001008742,0.001011081,3189.031171,3189.031171,3189.031171,6259.454348,6259.454348,6259.454348,6259.454348,6259.454348
6/4/2000,2155.468805,2580.471723,2377.42176,2371.124191,2366.625173,2377.42176,4026.977344,10171.38276,4600.545579,4092.642097,2940.413516,4600.545579,4330.973118,4473.563869,4600.545579,4487.094798,4650.040294,4600.545579,1028.207876,1022.106739,0.001001968,0.001005531,0.001008742,0.001011081,2889.193495,2889.193495,2889.193495,5563.299473,5563.299473,5563.299473,5563.299473,5563.299473
6/5/2000,2252.959041,6214.789129,2513.240218,2535.470543,2580.471723,2513.240218,4050.685815,18934.6219,4662.412077,4162.805016,10171.38276,4662.412077,4383.782366,2940.413516,4662.412077,4270.197655,4473.563869,4662.412077,1198.146708,1190.881162,0.001001968,0.001005531,0.001008742,0.001011081,2724.842714,2724.842714,2724.842714,5132.063843,5132.063843,5132.063843,5132.063843,5132.063843
6/6/2000,3263.248192,12312.08446,3743.681021,3761.607258,6214.789129,3743.681021,5466.614067,15562.66986,6402.376965,5680.499116,18934.6219,6402.376965,5825.0098,10171.38276,6402.376965,4372.515546,2940.413516,6402.376965,2071.227344,2057.702113,0.001001968,0.001005531,0.001008742,0.001011081,2755.818545,2755.818545,2755.818545,4931.225372,4931.225372,4931.225372,4931.225372,4931.225372
6/7/2000,11524.32438,6651.834651,13850.65291,13528.32472,12312.08446,13850.65291,12048.40489,11193.8441,15133.52211,12926.81232,15562.66986,15133.52211,12839.06629,18934.6219,15133.52211,4463.982956,10171.38276,15133.52211,7388.630359,7332.382299,0.001001968,0.001005531,0.001008742,0.001011081,3984.827838,3984.827838,3984.827838,5055.493468,5055.493468,5055.493468,5055.493468,5055.493468
6/8/2000,8836.41511,12272.56445,9965.453099,7519.519717,6651.834651,9965.453099,14093.14359,9555.102206,16541.04007,12077.04813,11193.8441,16541.04007,14546.60978,15562.66986,16541.04007,17540.35281,18934.6219,16541.04007,4196.723618,4166.795499,0.001001968,0.001005531,0.001008742,0.001011081,4888.223436,4888.223436,4888.223436,6269.755936,6269.755936,6269.755936,6269.755936,6269.755936
6/9/2000,9983.768077,6833.511581,12068.75879,12312.55078,12272.56445,12068.75879,14963.10457,11795.82785,18811.87166,15924.49456,9555.102206,18811.87166,16097.79787,11193.8441,18811.87166,15001.16895,15562.66986,18811.87166,8084.999942,8022.830826,0.001001968,0.001005531,0.001008742,0.001011081,6023.619787,6023.619787,6023.619787,7960.363262,7960.363262,7960.363262,7960.363262,7960.363262
6/10/2000,4602.644483,3021.244186,5337.089145,6850.145491,6833.511581,5337.089145,9560.165643,11504.33176,11462.05395,11283.44623,11795.82785,11462.05395,12271.07871,9555.102206,11462.05395,15844.8804,11193.8441,11462.05395,3081.660939,3060.494958,0.001001968,0.001005531,0.001008742,0.001011081,6700.08988,6700.08988,6700.08988,9370.738776,9370.738776,9370.738776,9370.738776,9370.738776
6/11/2000,2300.883218,4401.71185,2461.042248,2887.686228,3021.244186,2461.042248,2669.958967,9917.126141,2896.386634,3180.022176,11504.33176,2896.386634,4890.541632,11795.82785,2896.386634,7755.461214,9555.102206,2896.386634,714.3810768,710.363562,0.001001968,0.001005531,0.001008742,0.001011081,6988.821264,6988.821264,6988.821264,10462.16455,10462.16455,10462.16455,10462.16455,10462.16455
6/12/2000,3871.370503,4973.972178,4397.348682,4428.49682,4401.71185,4397.348682,6247.918158,8871.106528,7264.870565,6511.822749,9917.126141,7264.870565,6967.319254,11504.33176,7264.870565,6452.777476,11795.82785,7264.870565,2115.986404,2102.130373,0.001001968,0.001005531,0.001008742,0.001011081,7259.72972,7259.72972,7259.72972,10974.83852,10974.83852,10974.83852,10974.83852,10974.83852
6/13/2000,4853.297792,5777.094213,5499.670516,5019.290436,4973.972178,5499.670516,12094.49879,8166.49629,14143.40415,11798.95655,8871.106528,14143.40415,12226.86431,9917.126141,14143.40415,11213.55224,11504.33176,14143.40415,2668.977608,2650.972811,0.001001968,0.001005531,0.001008742,0.001011081,7473.15922,7473.15922,7473.15922,11910.20744,11910.20744,11910.20744,11910.20744,11910.20744
6/14/2000,4900.062804,4364.513285,5660.403543,5786.78445,5777.094213,5660.403543,10780.91872,7030.484995,12799.55896,11139.27624,8166.49629,12799.55896,11405.17005,8871.106528,12799.55896,11640.93131,9917.126141,12799.55896,3133.779767,3112.211066,0.001001968,0.001005531,0.001008742,0.001011081,6595.661085,6595.661085,6595.661085,12649.90641,12649.90641,12649.90641,12649.90641,12649.90641
6/15/2000,3691.911862,3765.817016,4191.952819,4395.213863,4364.513285,4191.952819,7064.994892,6232.72894,8246.080247,7440.955874,7030.484995,8246.080247,8233.938323,8166.49629,8246.080247,9260.087862,8871.106528,8246.080247,2133.252876,2119.269018,0.001001968,0.001005531,0.001008742,0.001011081,5977.024764,5977.024764,5977.024764,12055.08428,12055.08428,12055.08428,12055.08428,12055.08428
6/16/2000,3176.468645,3144.384544,3616.406626,3772.188224,3765.817016,3616.406626,5675.183542,6038.543708,6625.278806,5990.131356,6232.72894,6625.278806,6748.47477,7030.484995,6625.278806,7548.454404,8166.49629,6625.278806,1918.746876,1906.342286,0.001001968,0.001005531,0.001008742,0.001011081,5063.650958,5063.650958,5063.650958,10867.62016,10867.62016,10867.62016,10867.62016,10867.62016
6/17/2000,2617.865193,2753.693001,2960.259086,3140.103329,3144.384544,2960.259086,5256.02681,6320.698986,6108.48666,5549.34167,6038.543708,6108.48666,6054.446508,6232.72894,6108.48666,7006.998084,7030.484995,6108.48666,1521.670814,1512.133721,0.001001968,0.001005531,0.001008742,0.001011081,4509.903003,4509.903003,4509.903003,9818.196545,9818.196545,9818.196545,9818.196545,9818.196545
6/18/2000,2359.892123,3038.88423,2641.912061,2712.454853,2753.693001,2641.912061,4806.216067,7287.926545,5522.14974,4975.394477,6320.698986,5522.14974,5384.568711,6038.543708,5522.14974,5806.289701,6232.72894,5522.14974,1268.751706,1260.996159,0.001001968,0.001005531,0.001008742,0.001011081,4286.629026,4286.629026,4286.629026,8976.147749,8976.147749,8976.147749,8976.147749,8976.147749
6/19/2000,2780.692486,3595.083343,3112.626252,3059.945831,3038.88423,3112.626252,5294.973126,7798.702152,6091.664043,5363.753679,7287.926545,6091.664043,5506.983672,6320.698986,6091.664043,5521.810357,6038.543708,6091.664043,1446.632499,1437.628002,0.001001968,0.001005531,0.001008742,0.001011081,4072.965816,4072.965816,4072.965816,8670.538371,8670.538371,8670.538371,8670.538371,8670.538371
6/20/2000,3354.173814,3532.914298,3808.671122,3619.789991,3595.083343,3808.671122,5798.623708,6980.941591,6785.249743,5770.434627,7798.702152,6785.249743,6108.754717,7287.926545,6785.249743,5681.369744,6320.698986,6785.249743,1973.869642,1961.061082,0.001001968,0.001005531,0.001008742,0.001011081,3874.429146,3874.429146,3874.429146,7875.454092,7875.454092,7875.454092,7875.454092,7875.454092
6/21/2000,2851.047945,3274.539368,3275.713674,3437.074669,3532.914298,3275.713674,5424.956506,6211.960052,6410.402976,5725.257447,6980.941591,6410.402976,6147.071712,7798.702152,6410.402976,6363.367403,7287.926545,6410.402976,1878.803683,1866.690978,0.001001968,0.001005531,0.001008742,0.001011081,3596.581505,3596.581505,3596.581505,7098.037422,7098.037422,7098.037422,7098.037422,7098.037422
6/22/2000,2882.632516,3428.156854,3262.239988,3303.102326,3274.539368,3262.239988,6399.197601,5504.200701,7425.97696,6574.997217,6211.960052,7425.97696,6837.995791,6980.941591,7425.97696,6659.385411,7798.702152,7425.97696,1611.460068,1601.281553,0.001001968,0.001005531,0.001008742,0.001011081,3381.920583,3381.920583,3381.920583,6826.562047,6826.562047,6826.562047,6826.562047,6826.562047
6/23/2000,3234.281686,3431.657101,3664.397132,3474.294508,3428.156854,3664.397132,6996.573681,6145.227867,8180.331212,6935.916102,5504.200701,8180.331212,7326.465523,6211.960052,8180.331212,7425.2178,6980.941591,8180.331212,1865.122778,1853.109881,0.001001968,0.001005531,0.001008742,0.001011081,3294.021407,3294.021407,3294.021407,6777.962091,6777.962091,6777.962091,6777.962091,6777.962091
6/24/2000,2896.548556,2748.781839,3327.116255,3431.906517,3431.657101,3327.116255,5602.432002,6137.035915,6606.046974,5849.151943,6145.227867,6606.046974,6244.474531,5504.200701,6606.046974,6497.004586,6211.960052,6606.046974,1899.95153,1887.684376,0.001001968,0.001005531,0.001008742,0.001011081,3307.157291,3307.157291,3307.157291,6701.701316,6701.701316,6701.701316,6701.701316,6701.701316
6/25/2000,2224.504945,2725.808945,2514.215396,2675.852034,2748.781839,2514.215396,4334.165539,6427.526557,5027.462149,4594.148521,6137.035915,5027.462149,5004.576414,6145.227867,5027.462149,5709.983168,5504.200701,5027.462149,1317.064619,1308.971839,0.001001968,0.001005531,0.001008742,0.001011081,3300.645838,3300.645838,3300.645838,6633.911559,6633.911559,6633.911559,6633.911559,6633.911559
6/26/2000,2497.607828,3134.255602,2801.63903,2717.95935,2725.808945,2801.63903,4340.421636,6391.85957,4983.199734,4384.058336,6427.526557,4983.199734,4669.678277,6137.035915,4983.199734,4623.403567,6145.227867,4983.199734,1312.399975,1304.339821,0.001001968,0.001005531,0.001008742,0.001011081,3273.569847,3273.569847,3273.569847,6558.295276,6558.295276,6558.295276,6558.295276,6558.295276
6/27/2000,2850.785746,3288.784275,3235.755946,3162.92084,3134.255602,3235.755946,5725.572555,6131.913503,6679.665357,5782.371181,6391.85957,6679.665357,6030.548214,6427.526557,6679.665357,5783.853467,6137.035915,6679.665357,1682.101666,1671.415506,0.001001968,0.001005531,0.001008742,0.001011081,3206.477689,3206.477689,3206.477689,6593.125028,6593.125028,6593.125028,6593.125028,6593.125028
6/28/2000,2836.965895,3487.770201,3244.185834,3292.352745,3288.784275,3244.185834,5629.442315,5466.587335,6603.145074,5815.973025,6131.913503,6603.145074,6108.782765,6391.85957,6603.145074,6023.274636,6427.526557,6603.145074,1789.201368,1777.740779,0.001001968,0.001005531,0.001008742,0.001011081,3169.96002,3169.96002,3169.96002,6581.767866,6581.767866,6581.767866,6581.767866,6581.767866
6/29/2000,2876.417763,3075.635985,3328.731942,3438.676617,3487.770201,3328.731942,5523.942519,4687.638611,6550.016936,5787.074635,5466.587335,6550.016936,6214.719476,6131.913503,6550.016936,6146.593328,6391.85957,6550.016936,1979.765625,1966.913777,0.001001968,0.001005531,0.001008742,0.001011081,3200.003507,3200.003507,3200.003507,6409.34668,6409.34668,6409.34668,6409.34668,6409.34668
6/30/2000,2672.801187,2709.774331,3075.829744,3101.91444,3075.635985,3075.829744,5152.605283,3947.395032,6077.634922,5319.677837,4687.638611,6077.634922,5806.734246,5466.587335,6077.634922,6122.271432,6131.913503,6077.634922,1748.487974,1737.322442,0.001001968,0.001005531,0.001008742,0.001011081,3160.889449,3160.889449,3160.889449,6163.219513,6163.219513,6163.219513,6163.219513,6163.219513
7/1/2000,2360.389955,2190.665324,2704.135542,2740.121985,2709.774331,2704.135542,4459.552527,3860.879073,5240.942234,4613.848232,3947.395032,5240.942234,5023.791301,4687.638611,5240.942234,5541.173686,5466.587335,5240.942234,1535.252198,1525.618368,0.001001968,0.001005531,0.001008742,0.001011081,3075.626175,3075.626175,3075.626175,6056.608789,6056.608789,6056.608789,6056.608789,6056.608789
7/2/2000,1886.201617,1964.181264,2137.009082,2189.661901,2190.665324,2137.009082,3627.497798,4043.683417,4217.518898,3765.887631,3860.879073,4217.518898,4113.735911,3947.395032,4217.518898,4733.516833,4687.638611,4217.518898,1156.796455,1149.816248,0.001001968,0.001005531,0.001008742,0.001011081,3001.642419,3001.642419,3001.642419,5929.93627,5929.93627,5929.93627,5929.93627,5929.93627
7/3/2000,1694.269711,1764.351545,1909.102107,1952.598535,1964.181264,1909.102107,3162.613498,3838.567668,3655.905297,3282.479919,4043.683417,3655.905297,3544.66693,3860.879073,3655.905297,3896.635661,3947.395032,3655.905297,1003.233838,997.3018924,0.001001968,0.001005531,0.001008742,0.001011081,2899.988975,2899.988975,2899.988975,5772.109951,5772.109951,5772.109951,5772.109951,5772.109951
7/4/2000,1638.944154,2036.320625,1818.076354,1764.289487,1764.351545,1818.076354,2992.845642,3667.246796,3411.302361,3004.720937,3838.567668,3411.302361,3186.391734,4043.683417,3411.302361,3443.723154,3860.879073,3411.302361,840.2431898,835.4017963,0.001001968,0.001005531,0.001008742,0.001011081,2715.450933,2715.450933,2715.450933,5426.089902,5426.089902,5426.089902,5426.089902,5426.089902
7/5/2000,1874.113137,2156.543999,2102.951174,2040.851871,2036.320625,2102.951174,3398.033394,3508.250771,3923.405892,3416.451344,3667.246796,3923.405892,3556.285535,3838.567668,3923.405892,3406.426197,4043.683417,3923.405892,1063.941377,1057.59726,0.001001968,0.001005531,0.001008742,0.001011081,2536.948348,2536.948348,2536.948348,5080.472135,5080.472135,5080.472135,5080.472135,5080.472135
7/6/2000,1832.908468,1789.912828,2084.1292,2154.977543,2156.543999,2084.1292,3658.568934,3308.839749,4277.16735,3809.92304,3508.250771,4277.16735,4000.144723,3667.246796,4277.16735,3933.551886,3838.567668,4277.16735,1167.008981,1159.958418,0.001001968,0.001005531,0.001008742,0.001011081,2344.824142,2344.824142,2344.824142,4734.883169,4734.883169,4734.883169,4734.883169,4734.883169
7/7/2000,1526.666834,1629.199075,1715.218141,1788.100874,1789.912828,1715.218141,3018.119239,3182.613391,3489.835258,3152.829141,3308.839749,3489.835258,3398.2734,3508.250771,3489.835258,3720.380333,3667.246796,3489.835258,894.0688868,888.8700981,0.001001968,0.001005531,0.001008742,0.001011081,2148.616416,2148.616416,2148.616416,4378.264722,4378.264722,4378.264722,4378.264722,4378.264722
7/8/2000,1428.767972,1598.598049,1600.61244,1627.47838,1629.199075,1600.61244,2643.160372,3062.552781,3046.854302,2729.548156,3182.613391,3046.854302,2958.170867,3308.839749,3046.854302,3197.126968,3508.250771,3046.854302,820.8465576,816.1332446,0.001001968,0.001005531,0.001008742,0.001011081,1985.039883,1985.039883,1985.039883,4041.917693,4041.917693,4041.917693,4041.917693,4041.917693
7/9/2000,1406.490791,1570.810544,1579.908637,1596.740163,1598.598049,1579.908637,2722.126567,2998.546249,3148.942877,2796.631704,3062.552781,3148.942877,2976.492697,3182.613391,3148.942877,3091.382452,3308.839749,3148.942877,829.4299984,824.6600546,0.001001968,0.001005531,0.001008742,0.001011081,1886.418146,1886.418146,1886.418146,3791.513519,3791.513519,3791.513519,3791.513519,3791.513519
7/10/2000,1388.667291,1573.306431,1560.059993,1569.330939,1570.810544,1560.059993,2717.481278,2932.26667,3144.194361,2783.292214,2998.546249,3144.194361,2940.785417,3062.552781,3144.194361,3018.088816,3182.613391,3144.194361,821.0188995,816.3044502,0.001001968,0.001005531,0.001008742,0.001011081,1822.700065,1822.700065,1822.700065,3627.937185,3627.937185,3627.937185,3627.937185,3627.937185
7/11/2000,1382.953738,1472.210625,1556.491825,1572.057576,1573.306431,1556.491825,2669.363924,2210.178082,3092.345717,2742.783594,2932.26667,3092.345717,2891.237053,2998.546249,3092.345717,2936.419119,3062.552781,3092.345717,831.1459338,826.3646597,0.001001968,0.001005531,0.001008742,0.001011081,1790.617114,1790.617114,1790.617114,3543.085418,3543.085418,3543.085418,3543.085418,3543.085418
7/12/2000,1296.44719,1423.983384,1457.361592,1470.890239,1472.210625,1457.361592,2524.010498,1581.411304,2918.000227,2591.17066,2210.178082,2918.000227,2768.08883,2932.26667,2918.000227,2858.715494,2998.546249,2918.000227,776.908378,772.4837399,0.001001968,0.001005531,0.001008742,0.001011081,1723.405583,1723.405583,1723.405583,3441.432631,3441.432631,3441.432631,3441.432631,3441.432631
7/13/2000,1255.01415,1395.94527,1411.200975,1422.745182,1423.983384,1411.200975,2453.14586,5238.311811,2833.384004,2517.084449,1581.411304,2833.384004,2672.134359,2210.178082,2833.384004,2754.296936,2932.26667,2833.384004,757.0069457,752.7123707,0.001001968,0.001005531,0.001008742,0.001011081,1625.885815,1625.885815,1625.885815,3290.240797,3290.240797,3290.240797,3290.240797,3290.240797
7/14/2000,1219.193948,2172.186201,1370.951414,1381.124291,1395.94527,1370.951414,2395.177494,8438.215831,2768.771404,2455.562154,5238.311811,2768.771404,2600.717778,1581.411304,2768.771404,2694.956912,2210.178082,2768.771404,738.1505744,733.9788216,0.001001968,0.001005531,0.001008742,0.001011081,1557.688281,1557.688281,1557.688281,3147.663548,3147.663548,3147.663548,3147.663548,3147.663548
7/15/2000,1784.840996,4329.925589,2052.378322,2012.815426,2172.186201,2052.378322,2462.414722,8119.183719,2900.799155,2534.278803,8438.215831,2900.799155,2663.246335,5238.311811,2900.799155,2080.199264,1581.411304,2900.799155,1231.28445,1223.789356,0.001001968,0.001005531,0.001008742,0.001011081,1582.754091,1582.754091,1582.754091,2962.261538,2962.261538,2962.261538,2962.261538,2962.261538
7/16/2000,4657.143138,4526.734099,5266.790461,4332.152487,4329.925589,5266.790461,4912.084752,8067.510803,5742.61439,4281.115798,8119.183719,5742.61439,3740.803696,8438.215831,5742.61439,2187.159915,5238.311811,5742.61439,2320.123813,2304.749089,0.001001968,0.001005531,0.001008742,0.001011081,1820.950744,1820.950744,1820.950744,2795.275749,2795.275749,2795.275749,2795.275749,2795.275749
7/17/2000,6303.059855,9429.901753,6789.981422,4646.042073,4526.734099,6789.981422,9235.196271,8263.863636,10382.42988,7271.522232,8067.510803,10382.42988,7030.74365,8119.183719,10382.42988,6284.985318,8438.215831,10382.42988,2004.902329,1991.865765,0.001001968,0.001005531,0.001008742,0.001011081,2168.132849,2168.132849,2168.132849,3307.344166,3307.344166,3307.344166,3307.344166,3307.344166
7/18/2000,7195.422693,4215.299897,8483.750289,9450.386449,9429.901753,8483.750289,11012.30985,6016.881008,13518.43306,12414.3077,8263.863636,13518.43306,11871.52726,8067.510803,13518.43306,8452.889722,8119.183719,13518.43306,5202.882416,5164.827204,0.001001968,0.001005531,0.001008742,0.001011081,3042.929528,3042.929528,3042.929528,4278.121475,4278.121475,4278.121475,4278.121475,4278.121475
7/19/2000,2699.976677,1864.90506,2985.41578,4214.614466,4215.299897,2985.41578,5898.075359,4798.783908,6830.273924,7192.592654,6016.881008,6830.273924,8686.444687,8263.863636,6830.273924,11057.63389,8067.510803,6830.273924,1300.517059,1292.539957,0.001001968,0.001005531,0.001008742,0.001011081,3612.342007,3612.342007,3612.342007,5299.023218,5299.023218,5299.023218,5299.023218,5299.023218
7/20/2000,1432.724663,1943.901056,1488.828799,1863.700076,1864.90506,1488.828799,1668.524383,3936.674036,1749.07037,2077.044875,4798.783908,1749.07037,3432.179894,6016.881008,1749.07037,5779.85383,8263.863636,1749.07037,261.5378453,260.2904996,0.001001968,0.001005531,0.001008742,0.001011081,3857.887583,3857.887583,3857.887583,6072.532749,6072.532749,6072.532749,6072.532749,6072.532749
7/21/2000,1654.631979,2122.174608,1807.452063,1929.200328,1943.901056,1807.452063,3932.587527,3629.098521,4518.091035,4085.028191,3936.674036,4518.091035,4587.525956,4798.783908,4518.091035,5511.010077,6016.881008,4518.091035,732.2062605,728.0731417,0.001001968,0.001005531,0.001008742,0.001011081,3990.949362,3990.949362,3990.949362,6466.57621,6466.57621,6466.57621,6466.57621,6466.57621
7/22/2000,1909.235873,2197.841522,2127.681018,2124.697115,2122.174608,2127.681018,4283.105975,3829.311549,4966.356096,4336.4999,3629.098521,4966.356096,4607.689238,3936.674036,4966.356096,4740.085793,4798.783908,4966.356096,1022.690292,1016.62658,0.001001968,0.001005531,0.001008742,0.001011081,4040.261566,4040.261566,4040.261566,6761.818753,6761.818753,6761.818753,6761.818753,6761.818753
7/23/2000,1889.091261,1792.879451,2122.711629,2205.530068,2197.841522,2122.711629,3905.361369,4707.929425,4548.780692,4054.567283,3829.311549,4548.780692,4220.573021,3629.098521,4548.780692,4376.821166,3936.674036,4548.780692,1091.929713,1085.394567,0.001001968,0.001005531,0.001008742,0.001011081,3881.130931,3881.130931,3881.130931,7069.385341,7069.385341,7069.385341,7069.385341,7069.385341
7/24/2000,1537.427017,1612.414753,1712.304846,1792.325073,1792.879451,1712.304846,2903.621245,6033.303229,3344.320298,3039.449189,4707.929425,3344.320298,3332.183268,3829.311549,3344.320298,3614.803869,3629.098521,3344.320298,840.5737531,835.7301736,0.001001968,0.001005531,0.001008742,0.001011081,3584.3323,3584.3323,3584.3323,6647.464824,6647.464824,6647.464824,6647.464824,6647.464824
7/25/2000,1409.925457,1690.066266,1567.495926,1611.40631,1612.414753,1567.495926,2608.136778,4300.858141,2992.918388,2704.214656,6033.303229,2992.918388,2936.859898,4707.929425,2992.918388,3195.425165,3829.311549,2992.918388,765.3691593,761.0199878,0.001001968,0.001005531,0.001008742,0.001011081,2728.984917,2728.984917,2728.984917,5727.395548,5727.395548,5727.395548,5727.395548,5727.395548
7/26/2000,1444.467027,2573.588247,1623.543379,1654.384272,1690.066266,1623.543379,3017.798073,3962.937504,3503.11598,3101.021065,4300.858141,3503.11598,3297.802133,6033.303229,3503.11598,3343.828963,4707.929425,3503.11598,864.0761418,859.0768524,0.001001968,0.001005531,0.001008742,0.001011081,2187.101364,2187.101364,2187.101364,4783.069308,4783.069308,4783.069308,4783.069308,4783.069308
7/27/2000,2256.487253,2468.621516,2623.817773,2579.518727,2573.588247,2623.817773,4792.894617,6032.209481,5722.584821,4860.721729,3962.937504,5722.584821,5067.409206,4300.858141,5722.584821,4290.178568,6033.303229,5722.584821,1652.227507,1641.756344,0.001001968,0.001005531,0.001008742,0.001011081,2088.985027,2088.985027,2088.985027,4246.262803,4246.262803,4246.262803,4246.262803,4246.262803
7/28/2000,2232.782007,2158.78016,2535.788739,2468.729729,2468.621516,2535.788739,5861.349649,8401.840384,6908.988318,5856.475051,6032.209481,6908.988318,5892.299678,3962.937504,6908.988318,6183.869194,4300.858141,6908.988318,1377.748056,1369.22956,0.001001968,0.001005531,0.001008742,0.001011081,2083.586766,2083.586766,2083.586766,4327.190256,4327.190256,4327.190256,4327.190256,4327.190256
7/29/2000,1949.752479,2322.655355,2188.8976,2144.609104,2158.78016,2188.8976,3477.68615,9318.051938,4024.459053,3516.96866,8401.840384,4024.459053,3770.602002,6032.209481,4024.459053,3846.705569,3962.937504,4024.459053,1107.967672,1101.322785,0.001001968,0.001005531,0.001008742,0.001011081,2077.951344,2077.951344,2077.951344,4378.74617,4378.74617,4378.74617,4378.74617,4378.74617
7/30/2000,2089.416395,3183.793084,2342.919704,2317.759577,2322.655355,2342.919704,3683.714577,8999.857487,4248.398965,3756.885244,9318.051938,4248.398965,3870.060592,8401.840384,4248.398965,3735.910985,6032.209481,4248.398965,1155.978528,1149.003953,0.001001968,0.001005531,0.001008742,0.001011081,2080.53464,2080.53464,2080.53464,4371.41136,4371.41136,4371.41136,4371.41136,4371.41136
7/31/2000,3094.814436,3753.052412,3438.770611,3182.045438,3183.793084,3438.770611,6610.807574,9005.616564,7651.117599,6467.874528,8999.857487,7651.117599,6196.5417,9318.051938,7651.117599,5639.550439,8401.840384,7651.117599,1472.87173,1463.681364,0.001001968,0.001005531,0.001008742,0.001011081,2180.469456,2180.469456,2180.469456,4719.981456,4719.981456,4719.981456,4719.981456,4719.981456
8/1/2000,3266.13217,2840.486791,3681.914296,3758.558119,3753.052412,3681.914296,8736.580873,8190.620251,10256.99161,8915.799954,9005.616564,10256.99161,8949.278565,8999.857487,10256.99161,8073.47051,9318.051938,10256.99161,1780.907263,1769.506848,0.001001968,0.001005531,0.001008742,0.001011081,2434.096063,2434.096063,2434.096063,5545.680935,5545.680935,5545.680935,5545.680935,5545.680935
8/2/2000,2384.851241,2380.762019,2663.213505,2845.840188,2840.486791,2663.213505,8066.471687,5560.981284,9424.399617,8279.986482,8190.620251,9424.399617,8796.529641,9005.616564,9424.399617,9344.65481,8999.857487,9424.399617,1243.674498,1236.093381,0.001001968,0.001005531,0.001008742,0.001011081,2648.22562,2648.22562,2648.22562,6506.852975,6506.852975,6506.852975,6506.852975,6506.852975
8/3/2000,2040.909208,2070.958427,2302.816643,2367.250274,2380.762019,2302.816643,6559.57887,4271.639924,7659.920765,6668.768574,5560.981284,7659.920765,7266.182479,8190.620251,7659.920765,7920.224975,9005.616564,7659.920765,1199.75156,1192.474914,0.001001968,0.001005531,0.001008742,0.001011081,2692.611517,2692.611517,2692.611517,7113.713899,7113.713899,7113.713899,7113.713899,7113.713899
8/4/2000,1746.140025,1572.346339,1977.739765,2086.678693,2070.958427,1977.739765,6588.315586,4943.938041,7713.620946,6726.567297,4271.639924,7713.620946,7036.908435,5560.981284,7713.620946,7654.374706,8190.620251,7713.620946,1075.329081,1068.907314,0.001001968,0.001005531,0.001008742,0.001011081,2686.46603,2686.46603,2686.46603,7391.935866,7391.935866,7391.935866,7391.935866,7391.935866
8/5/2000,1443.589743,1966.428194,1606.169658,1586.86378,1572.346339,1606.169658,5762.080892,5118.199059,6714.336951,5741.235336,4943.938041,6714.336951,5995.460231,4271.639924,6714.336951,6814.739677,5560.981284,6714.336951,781.3003651,776.8469648,0.001001968,0.001005531,0.001008742,0.001011081,2626.189682,2626.189682,2626.189682,7792.868666,7792.868666,7792.868666,7792.868666,7792.868666
8/6/2000,1506.182733,2272.734603,1700.252799,1707.400193,1966.428194,1700.252799,4018.545184,4240.189343,4671.858537,4071.494469,5118.199059,4671.858537,4226.236281,4943.938041,4671.858537,4383.320397,4271.639924,4671.858537,930.3601218,924.9187952,0.001001968,0.001005531,0.001008742,0.001011081,2556.55749,2556.55749,2556.55749,7908.452364,7908.452364,7908.452364,7908.452364,7908.452364
8/7/2000,2037.392711,1976.773792,2323.842911,2351.414462,2272.734603,2323.842911,4213.901789,3611.338486,4915.638083,4347.33825,4240.189343,4915.638083,4516.313276,5118.199059,4915.638083,3867.875286,4943.938041,4915.638083,1252.19421,1244.55388,0.001001968,0.001005531,0.001008742,0.001011081,2506.264041,2506.264041,2506.264041,7638.728792,7638.728792,7638.728792,7638.728792,7638.728792
8/8/2000,1894.334637,1923.991316,2132.129104,2073.073718,1976.773792,2132.129104,4632.522941,3441.758795,5380.876354,4640.055637,3611.338486,5380.876354,4821.512288,4240.189343,5380.876354,5183.278194,5118.199059,5380.876354,1068.419591,1062.044951,0.001001968,0.001005531,0.001008742,0.001011081,2305.647394,2305.647394,2305.647394,7061.599849,7061.599849,7061.599849,7061.599849,7061.599849
8/9/2000,1645.844885,1530.946568,1868.575415,1872.816594,1923.991316,1868.575415,3894.928719,4358.131051,4541.510626,3962.671376,3441.758795,4541.510626,4211.984809,3611.338486,4541.510626,4454.39072,4240.189343,4541.510626,1043.080106,1036.877968,0.001001968,0.001005531,0.001008742,0.001011081,2125.659195,2125.659195,2125.659195,6290.886073,6290.886073,6290.886073,6290.886073,6290.886073
8/10/2000,1390.060198,1943.641643,1543.600375,1561.603497,1530.946568,1543.600375,3154.187202,6070.923747,3612.975523,3219.507546,4358.131051,3612.975523,3371.771246,3441.758795,3612.975523,3786.970568,3611.338486,3612.975523,723.1734764,719.0989859,0.001001968,0.001005531,0.001008742,0.001011081,1955.812159,1955.812159,1955.812159,5601.330933,5601.330933,5601.330933,5601.330933,5601.330933
8/11/2000,1501.660238,2324.996976,1689.204431,1656.635417,1943.641643,1689.204431,2869.143221,8388.17253,3308.182365,2903.473556,6070.923747,3308.182365,3099.554935,4358.131051,3308.182365,3041.929196,3441.758795,3308.182365,888.2860775,883.1258213,0.001001968,0.001005531,0.001008742,0.001011081,1876.018715,1876.018715,1876.018715,4938.98336,4938.98336,4938.98336,4938.98336,4938.98336
8/12/2000,1727.181721,928.5807486,1996.878251,2253.413385,2324.996976,1996.878251,3507.54738,6138.246008,4106.863514,3875.248775,8388.17253,4106.863514,4055.467216,6070.923747,4106.863514,3553.333071,4358.131051,4106.863514,1154.556476,1147.59169,0.001001968,0.001005531,0.001008742,0.001011081,1938.757351,1938.757351,1938.757351,4390.953073,4390.953073,4390.953073,4390.953073,4390.953073
8/13/2000,1356.997602,3071.912475,1426.629629,1112.316618,928.5807486,1426.629629,3887.520171,5170.910823,4314.671308,3598.949449,6138.246008,4314.671308,3861.644363,8388.17253,4314.671308,4838.867466,6070.923747,4314.671308,195.676916,194.7918668,0.001001968,0.001005531,0.001008742,0.001011081,1889.353737,1889.353737,1889.353737,4346.463637,4346.463637,4346.463637,4346.463637,4346.463637
8/14/2000,3170.716847,3856.10137,3650.561497,3076.90337,3071.912475,3650.561497,6011.42329,5605.024893,7144.503301,5598.015928,5170.910823,7144.503301,5756.792767,6138.246008,7144.503301,4380.693043,8388.17253,7144.503301,2081.662816,2068.060533,0.001001968,0.001005531,0.001008742,0.001011081,1965.042363,1965.042363,1965.042363,4536.231358,4536.231358,4536.231358,4536.231358,4536.231358
8/15/2000,3089.047546,2417.361875,3613.33632,3797.212255,3856.10137,3613.33632,9078.107429,4907.968413,10890.75895,9372.627373,5605.024893,10890.75895,9222.749359,5170.910823,10890.75895,8973.420521,6138.246008,10890.75895,2269.74991,2254.751421,0.001001968,0.001005531,0.001008742,0.001011081,2131.756751,2131.756751,2131.756751,4958.55812,4958.55812,4958.55812,4958.55812,4958.55812
8/16/2000,1958.306593,1703.600819,2205.145096,2477.426419,2417.361875,2205.145096,4504.541379,4005.046139,5238.803151,4854.282637,4907.968413,5238.803151,5240.177164,5605.024893,5238.803151,5916.952761,5170.910823,5238.803151,1095.894355,1089.332099,0.001001968,0.001005531,0.001008742,0.001011081,2235.54684,2235.54684,2235.54684,5255.993692,5255.993692,5255.993692,5255.993692,5255.993692
8/17/2000,1666.294838,2263.087875,1831.271658,1743.281411,1703.600819,1831.271658,3102.945844,3756.846464,3528.247501,3074.204236,4005.046139,3528.247501,3536.633075,4907.968413,3528.247501,4187.802023,5605.024893,3528.247501,759.460841,755.1502528,0.001001968,0.001005531,0.001008742,0.001011081,2302.567394,2302.567394,2302.567394,5462.917173,5462.917173,5462.917173,5462.917173,5462.917173
8/18/2000,2025.689841,1966.72088,2305.153451,2267.231396,2263.087875,2305.153451,4406.413725,3599.400808,5178.937337,4448.272069,3756.846464,5178.937337,4626.020285,4005.046139,5178.937337,4559.023771,4907.968413,5178.937337,1280.569077,1272.731185,0.001001968,0.001005531,0.001008742,0.001011081,2378.016827,2378.016827,2378.016827,5670.854983,5670.854983,5670.854983,5670.854983,5670.854983
8/19/2000,1618.21926,1500.604523,1825.389555,1968.32835,1966.72088,1825.389555,3959.588708,3353.821408,4621.45392,4154.33293,3599.400808,4621.45392,4285.732656,3756.846464,4621.45392,4637.561025,4005.046139,4621.45392,970.2832244,964.5736961,0.001001968,0.001005531,0.001008742,0.001011081,2340.238381,2340.238381,2340.238381,5802.263561,5802.263561,5802.263561,5802.263561,5802.263561
8/20/2000,1309.935116,1454.270805,1448.882032,1501.323362,1500.604523,1448.882032,2793.69882,2511.302609,3198.879857,2888.629521,3353.821408,3198.879857,3150.695776,3599.400808,3198.879857,3483.201141,3756.846464,3198.879857,665.6822858,661.9786425,0.001001968,0.001005531,0.001008742,0.001011081,2380.827627,2380.827627,2380.827627,5706.554405,5706.554405,5706.554405,5706.554405,5706.554405
8/21/2000,1286.180952,1403.016547,1429.279197,1454.388313,1454.270805,1429.279197,2799.0266,3380.619056,3216.929559,2866.964996,2511.302609,3216.929559,3040.916793,3353.821408,3216.929559,3221.62443,3599.400808,3216.929559,687.4141483,683.570802,0.001001968,0.001005531,0.001008742,0.001011081,2195.332485,2195.332485,2195.332485,5408.771076,5408.771076,5408.771076,5408.771076,5408.771076
8/22/2000,1243.453917,1722.477827,1383.556557,1402.722933,1403.016547,1383.556557,2873.904627,4333.522897,3309.485173,2931.827826,3380.619056,3309.485173,3072.052927,2511.302609,3309.485173,3195.203722,3353.821408,3309.485173,675.9022405,672.1329725,0.001001968,0.001005531,0.001008742,0.001011081,1936.351836,1936.351836,1936.351836,4722.107241,4722.107241,4722.107241,4722.107241,4722.107241
8/23/2000,1274.94364,1603.001402,1431.634844,1447.816979,1722.477827,1431.634844,2822.935009,4134.948864,3266.833275,2885.992601,4333.522897,3266.833275,3038.801589,3380.619056,3266.833275,3027.616306,2511.302609,3266.833275,753.8428871,749.5689496,0.001001968,0.001005531,0.001008742,0.001011081,1765.512517,1765.512517,1765.512517,4189.790668,4189.790668,4189.790668,4189.790668,4189.790668
8/24/2000,1782.939501,2424.653539,1933.467604,1664.826966,1603.001402,1933.467604,2752.439359,3914.126305,3065.204822,2554.856519,4134.948864,3065.204822,2597.955183,4333.522897,3065.204822,2460.00343,3380.619056,3065.204822,629.7621475,626.2880811,0.001001968,0.001005531,0.001008742,0.001011081,1698.598833,1698.598833,1698.598833,3800.255723,3800.255723,3800.255723,3800.255723,3800.255723
8/25/2000,2444.574464,2546.428069,2740.890522,2553.966822,2424.653539,2740.890522,3993.776775,3912.032407,4638.812059,3917.497861,3914.126305,4638.812059,3882.440366,4134.948864,4638.812059,3274.26408,4333.522897,4638.812059,1300.037038,1292.063289,0.001001968,0.001005531,0.001008742,0.001011081,1706.111138,1706.111138,1706.111138,3614.238989,3614.238989,3614.238989,3614.238989,3614.238989
8/26/2000,2103.712157,1663.013748,2407.126579,2555.310155,2546.428069,2407.126579,4315.026554,3434.377711,5094.64814,4554.828965,3912.032407,5094.64814,4749.195561,3914.126305,5094.64814,4582.170627,4134.948864,5094.64814,1380.863102,1372.322691,0.001001968,0.001005531,0.001008742,0.001011081,1784.373821,1784.373821,1784.373821,3604.718719,3604.718719,3604.718719,3604.718719,3604.718719
8/27/2000,1339.540712,1278.41603,1483.737542,1665.322044,1663.013748,1483.737542,2906.783376,3155.109597,3334.796537,3131.051917,3434.377711,3334.796537,3419.543132,3912.032407,3334.796537,4112.789376,3914.126305,3334.796537,687.1790569,683.337225,0.001001968,0.001005531,0.001008742,0.001011081,1811.354905,1811.354905,1811.354905,3645.412827,3645.412827,3645.412827,3645.412827,3645.412827
8/28/2000,1122.274028,1296.706482,1225.20551,1272.850781,1278.41603,1225.20551,2330.951665,3126.476631,2632.23492,2412.231319,3155.109597,2632.23492,2683.925004,3434.377711,2632.23492,3084.837542,3912.032407,2632.23492,497.306148,494.6626884,0.001001968,0.001005531,0.001008742,0.001011081,1804.199873,1804.199873,1804.199873,3669.3732,3669.3732,3669.3732,3669.3732,3669.3732
8/29/2000,1149.337597,1262.032795,1266.976019,1286.792247,1296.706482,1266.976019,2906.400427,3262.949228,3330.484651,2954.063476,3126.476631,3330.484651,3090.92936,3155.109597,3330.484651,3253.536436,3434.377711,3330.484651,568.3309325,565.2453868,0.001001968,0.001005531,0.001008742,0.001011081,1790.906457,1790.906457,1790.906457,3693.58859,3693.58859,3693.58859,3693.58859,3693.58859
8/30/2000,1135.856636,1209.978564,1255.494869,1270.262275,1262.032795,1255.494869,2797.245104,3468.146348,3207.850913,2842.227145,3262.949228,3207.850913,2955.276206,3126.476631,3207.850913,3048.549822,3155.109597,3207.850913,577.3424995,574.2003004,0.001001968,0.001005531,0.001008742,0.001011081,1765.829682,1765.829682,1765.829682,3683.374181,3683.374181,3683.374181,3683.374181,3683.374181
8/31/2000,1088.911818,1254.198801,1204.61046,1217.675186,1209.978564,1204.61046,2616.340932,3950.769798,2997.753634,2660.260858,3468.146348,2997.753634,2767.630837,3262.949228,2997.753634,2862.585321,3126.476631,2997.753634,562.6738194,559.6237762,0.001001968,0.001005531,0.001008742,0.001011081,1714.443561,1714.443561,1714.443561,3726.35949,3726.35949,3726.35949,3726.35949,3726.35949
9/1/2000,1047.010691,1541.695409,1159.586009,1171.694458,1254.198801,1159.586009,2601.114939,3872.699593,2983.505525,2642.088146,3950.769798,2983.505525,2745.645892,3468.146348,2983.505525,2824.340159,3262.949228,2983.505525,552.3158812,549.330716,0.001001968,0.001005531,0.001008742,0.001011081,1560.374721,1560.374721,1560.374721,3641.63733,3641.63733,3641.63733,3641.63733,3641.63733
9/2/2000,1442.218787,2097.938877,1612.592502,1534.700365,1541.695409,1612.592502,3213.680043,3643.840871,3710.098381,3191.158684,3872.699593,3710.098381,3266.601726,3950.769798,3710.098381,2947.116156,3468.146348,3710.098381,781.9356307,777.4780685,0.001001968,0.001005531,0.001008742,0.001011081,1415.692568,1415.692568,1415.692568,3476.211864,3476.211864,3476.211864,3476.211864,3476.211864
9/3/2000,2061.24661,2328.402798,2339.424601,2164.461257,2097.938877,2339.424601,3950.369885,3462.519363,4628.121823,3866.922943,3643.840871,4628.121823,3942.760116,3872.699593,4628.121823,3509.383354,3950.769798,4628.121823,1255.665304,1248.000836,0.001001968,0.001005531,0.001008742,0.001011081,1439.921754,1439.921754,1439.921754,3375.832993,3375.832993,3375.832993,3375.832993,3375.832993
9/4/2000,2054.130993,1641.290542,2329.3697,2337.553488,2328.402798,2329.3697,4041.562161,3012.146975,4735.98958,4135.732967,3462.519363,4735.98958,4118.900685,3643.840871,4735.98958,4091.965886,3872.699593,4735.98958,1257.709931,1250.03124,0.001001968,0.001005531,0.001008742,0.001011081,1529.870334,1529.870334,1529.870334,3421.570122,3421.570122,3421.570122,3421.570122,3421.570122
9/5/2000,1413.804255,1342.652435,1567.069029,1641.007768,1641.290542,1567.069029,2969.425379,2672.517547,3409.746618,3088.6414,3012.146975,3409.746618,3369.681467,3462.519363,3409.746618,3703.707062,3643.840871,3409.746618,738.2064908,734.0343744,0.001001968,0.001005531,0.001008742,0.001011081,1595.037719,1595.037719,1595.037719,3511.42109,3511.42109,3511.42109,3511.42109,3511.42109
9/6/2000,1130.270079,1131.349883,1253.776854,1341.554567,1342.652435,1253.776854,2413.859767,2399.567349,2764.692792,2539.072632,2672.517547,2764.692792,2800.818287,3012.146975,2764.692792,3150.663933,3462.519363,2764.692792,608.7190289,605.3786508,0.001001968,0.001005531,0.001008742,0.001011081,1624.11752,1624.11752,1624.11752,3581.976725,3581.976725,3581.976725,3581.976725,3581.976725
9/7/2000,992.2747754,1075.267256,1093.723041,1130.229387,1131.349883,1093.723041,2355.334117,2386.22497,2693.826587,2417.663177,2399.567349,2693.826587,2595.808154,2672.517547,2693.826587,2926.630217,3012.146975,2693.826587,506.817287,504.1151023,0.001001968,0.001005531,0.001008742,0.001011081,1623.15626,1623.15626,1623.15626,3586.95224,3586.95224,3586.95224,3586.95224,3586.95224
9/8/2000,956.056888,1038.617822,1055.348294,1074.182897,1075.267256,1055.348294,2208.42783,2296.301174,2523.597902,2254.364864,2386.22497,2523.597902,2371.041818,2399.567349,2523.597902,2520.059399,2672.517547,2523.597902,497.8575004,495.2106407,0.001001968,0.001005531,0.001008742,0.001011081,1612.148735,1612.148735,1612.148735,3538.972243,3538.972243,3538.972243,3538.972243,3538.972243
9/9/2000,926.0679582,972.0849437,1022.946803,1035.436528,1038.617822,1022.946803,2145.536934,1140.121516,2450.950473,2184.650016,2296.301174,2450.950473,2281.208913,2386.22497,2450.950473,2364.475493,2399.567349,2450.950473,487.5496585,484.9662777,0.001001968,0.001005531,0.001008742,0.001011081,1552.07606,1552.07606,1552.07606,3425.681978,3425.681978,3425.681978,3425.681978,3425.681978
9/10/2000,871.4882566,948.8156611,957.7093551,971.335497,972.0849437,957.7093551,1969.958894,2594.298204,2236.236825,2008.708908,1140.121516,2236.236825,2080.954174,2296.301174,2236.236825,2181.377617,2386.22497,2236.236825,433.713081,431.4581291,0.001001968,0.001005531,0.001008742,0.001011081,1404.387201,1404.387201,1404.387201,3241.909086,3241.909086,3241.909086,3241.909086,3241.909086
9/11/2000,912.0597133,1192.981547,999.6230044,949.573203,948.8156611,999.6230044,2047.248118,4848.217368,2323.848548,2021.621683,2594.298204,2323.848548,2115.290458,1140.121516,2323.848548,2137.931629,2296.301174,2323.848548,444.4993251,442.1790068,0.001001968,0.001005531,0.001008742,0.001011081,1244.595175,1244.595175,1244.595175,2993.657104,2993.657104,2993.657104,2993.657104,2993.657104
9/12/2000,1012.739347,1094.614854,1124.12883,1137.662141,1192.981547,1124.12883,2139.912654,5367.844577,2448.851176,2188.090339,4848.217368,2448.851176,2197.652827,2594.298204,2448.851176,2129.055454,1140.121516,2448.851176,557.4477949,554.4305059,0.001001968,0.001005531,0.001008742,0.001011081,1138.615392,1138.615392,1138.615392,2721.461398,2721.461398,2721.461398,2721.461398,2721.461398
9/13/2000,1260.781108,2078.928915,1298.069361,1105.828712,1094.614854,1298.069361,1625.25802,4883.136679,1681.90578,1476.518378,5367.844577,1681.90578,1016.21208,4848.217368,1681.90578,1236.510613,2594.298204,1681.90578,0.001000564,0.001006515,0.001001968,0.001005531,0.001008742,0.001011081,1016.853315,1016.853315,1016.853315,2393.234197,2393.234197,2393.234197,2393.234197,2393.234197
9/14/2000,3243.282394,5409.560812,3436.177068,2070.783151,2078.928915,3436.177068,4593.063609,5441.465653,5058.431355,3299.206168,4883.136679,5058.431355,3354.520688,5367.844577,5058.431355,2156.644499,4848.217368,5058.431355,877.0321723,871.9468119,0.001001968,0.001005531,0.001008742,0.001011081,1122.049773,1122.049773,1122.049773,2420.502569,2420.502569,2420.502569,2420.502569,2420.502569
9/15/2000,4113.693533,2110.8026,4832.827769,5424.761023,5409.560812,4832.827769,7415.733838,4438.38993,8999.142054,8241.77156,5441.465653,8999.142054,7696.461044,4883.136679,8999.142054,5443.694466,5367.844577,8999.142054,3041.429479,3020.573852,0.001001968,0.001005531,0.001008742,0.001011081,1567.015601,1567.015601,1567.015601,2801.66653,2801.66653,2801.66653,2801.66653,2801.66653
9/16/2000,1736.438117,2104.548124,1829.946534,2135.652404,2110.8026,1829.946534,4609.580605,4784.966319,5201.65271,4911.690662,4438.38993,5201.65271,5594.770859,5441.465653,5201.65271,7203.377087,4883.136679,5201.65271,443.0361071,440.7246693,0.001001968,0.001005531,0.001008742,0.001011081,1814.949794,1814.949794,1814.949794,3386.918765,3386.918765,3386.918765,3386.918765,3386.918765
9/17/2000,1756.849737,1654.492991,1934.477981,2104.626227,2104.548124,1934.477981,2179.897999,4846.400173,2451.683349,2425.657176,4784.966319,2451.683349,3008.258923,4438.38993,2451.683349,3319.491933,5441.465653,2451.683349,852.5161927,847.5935602,0.001001968,0.001005531,0.001008742,0.001011081,2033.857096,2033.857096,2033.857096,3811.259229,3811.259229,3811.259229,3811.259229,3811.259229
9/18/2000,1333.155936,1317.704969,1458.288927,1653.507367,1654.492991,1458.288927,3522.312068,3405.293522,4053.396737,3736.318828,4846.400173,4053.396737,4023.787018,4784.966319,4053.396737,4748.609787,4438.38993,4053.396737,618.3969685,614.9951815,0.001001968,0.001005531,0.001008742,0.001011081,2160.29808,2160.29808,2160.29808,4086.262017,4086.262017,4086.262017,4086.262017,4086.262017
9/19/2000,1134.095869,1646.793947,1229.642671,1302.647275,1317.704969,1229.642671,2744.960826,3057.093934,3115.291104,2836.50681,3405.293522,3115.291104,3108.232168,4846.400173,3115.291104,3510.032513,4784.966319,3115.291104,481.5417514,478.9952837,0.001001968,0.001005531,0.001008742,0.001011081,2225.009603,2225.009603,2225.009603,4303.662125,4303.662125,4303.662125,4303.662125,4303.662125
9/20/2000,1501.357976,1670.178084,1673.076078,1652.022536,1646.793947,1673.076078,4008.989152,2929.523817,4652.4538,4022.642798,3057.093934,4652.4538,4144.942502,3405.293522,4652.4538,3990.543344,4846.400173,4652.4538,822.7099029,817.9843026,0.001001968,0.001005531,0.001008742,0.001011081,2368.314832,2368.314832,2368.314832,4731.32837,4731.32837,4731.32837,4731.32837,4731.32837
9/21/2000,1466.84736,1291.877946,1633.844543,1676.320349,1670.178084,1633.844543,4277.308011,2851.509109,4975.304709,4342.23411,2929.523817,4975.304709,4389.489138,3057.093934,4975.304709,4553.479782,3405.293522,4975.304709,804.2815151,799.6772761,0.001001968,0.001005531,0.001008742,0.001011081,2318.589905,2318.589905,2318.589905,4927.282466,4927.282466,4927.282466,4927.282466,4927.282466
9/22/2000,1123.216776,1140.19556,1236.887937,1291.371357,1291.877946,1236.887937,2545.7152,3436.334765,2908.803908,2629.45834,2851.509109,2908.803908,2852.713679,2929.523817,2908.803908,3090.831159,3057.093934,2908.803908,569.6275973,566.5339072,0.001001968,0.001005531,0.001008742,0.001011081,1918.193773,1918.193773,1918.193773,4649.08783,4649.08783,4649.08783,4649.08783,4649.08783
9/23/2000,1005.946675,1050.299325,1103.617302,1139.04856,1140.19556,1103.617302,2217.631261,3715.656118,2518.19712,2280.212991,3436.334765,2518.19712,2429.073058,2851.509109,2518.19712,2671.176572,2929.523817,2518.19712,496.4954034,493.8569425,0.001001968,0.001005531,0.001008742,0.001011081,1692.094805,1692.094805,1692.094805,4125.064959,4125.064959,4125.064959,4125.064959,4125.064959
9/24/2000,937.3057012,1001.687426,1025.760389,1049.834096,1050.299325,1025.760389,2210.328604,3366.084857,2510.796639,2256.295214,3715.656118,2510.796639,2362.693403,3436.334765,2510.796639,2518.828253,2851.509109,2510.796639,453.6455396,451.2696189,0.001001968,0.001005531,0.001008742,0.001011081,1489.261864,1489.261864,1489.261864,3753.422252,3753.422252,3753.422252,3753.422252,3753.422252
9/25/2000,899.1237229,1070.145435,983.6781526,998.1167418,1001.687426,983.6781526,2263.36827,2767.281694,2580.044066,2294.914574,3366.084857,2580.044066,2382.236652,3715.656118,2580.044066,2506.544413,3436.334765,2580.044066,436.2819819,434.0114826,0.001001968,0.001005531,0.001008742,0.001011081,1369.912685,1369.912685,1369.912685,3526.643184,3526.643184,3526.643184,3526.643184,3526.643184
9/26/2000,947.8835727,1185.716365,1044.109206,1056.879127,1070.145435,1044.109206,2928.698261,2532.058477,3373.606976,2951.562072,2767.281694,3373.606976,3001.575633,3366.084857,3373.606976,3007.612943,3715.656118,3373.606976,491.0138837,488.4091896,0.001001968,0.001005531,0.001008742,0.001011081,1304.210394,1304.210394,1304.210394,3462.946483,3462.946483,3462.946483,3462.946483,3462.946483
9/27/2000,1096.773506,1186.312818,1212.649128,1192.111831,1185.716365,1212.649128,3411.397995,2322.004832,3944.16632,3403.811299,2532.058477,3944.16632,3429.185636,2767.281694,3944.16632,3359.045888,3366.084857,3944.16632,576.4433251,573.3067843,0.001001968,0.001005531,0.001008742,0.001011081,1232.397547,1232.397547,1232.397547,3369.126371,3369.126371,3369.126371,3369.126371,3369.126371
9/28/2000,1077.531371,1025.070609,1195.282173,1193.405057,1186.312818,1195.282173,3025.133703,2167.449072,3494.519003,3042.028553,2322.004832,3494.519003,3119.334001,2532.058477,3494.519003,3159.610482,2767.281694,3494.519003,591.12526,587.8961813,0.001001968,0.001005531,0.001008742,0.001011081,1171.148485,1171.148485,1171.148485,3193.862431,3193.862431,3193.862431,3193.862431,3193.862431
9/29/2000,892.1936561,874.7756802,987.7669067,1024.862992,1025.070609,987.7669067,2218.31797,2067.254506,2545.630988,2277.227687,2167.449072,2545.630988,2404.959872,2322.004832,2545.630988,2563.0347,2532.058477,2545.630988,493.3034495,490.6846577,0.001001968,0.001005531,0.001008742,0.001011081,1121.501779,1121.501779,1121.501779,3099.714967,3099.714967,3099.714967,3099.714967,3099.714967
9/30/2000,773.7519236,822.6177794,848.5758839,874.3179215,874.7756802,848.5758839,1904.747229,2102.89102,2164.418689,1947.824982,2067.254506,2164.418689,2048.0036,2167.449072,2164.418689,2233.529769,2322.004832,2164.418689,394.120532,392.1035121,0.001001968,0.001005531,0.001008742,0.001011081,1079.749598,1079.749598,1079.749598,3027.908815,3027.908815,3027.908815,3027.908815,3027.908815
10/1/2000,740.1809319,804.6762229,810.9147462,822.2142683,822.6177794,810.9147462,1802.25348,2584.564142,2043.54513,1830.468074,2102.89102,2043.54513,1910.452099,2067.254506,2043.54513,2002.105271,2167.449072,2043.54513,374.8321205,372.9298061,0.001001968,0.001005531,0.001008742,0.001011081,1045.17948,1045.17948,1045.17948,2957.776749,2957.776749,2957.776749,2957.776749,2957.776749
10/2/2000,725.1833921,784.2895377,795.664955,804.1238947,804.6762229,795.664955,1791.195838,1718.584333,2034.502525,1816.212071,2584.564142,2034.502525,1880.802335,2102.89102,2034.502525,1937.213266,2067.254506,2034.502525,374.4296378,372.5297081,0.001001968,0.001005531,0.001008742,0.001011081,1015.128209,1015.128209,1015.128209,2870.881297,2870.881297,2870.881297,2870.881297,2870.881297
10/3/2000,707.3480534,759.2742461,776.424904,784.0496124,784.2895377,776.424904,1750.495826,1418.596677,1987.458294,1774.570986,1718.584333,1987.458294,1834.900941,2584.564142,1987.458294,1877.544748,2102.89102,1987.458294,368.1545239,366.2917254,0.001001968,0.001005531,0.001008742,0.001011081,978.2325704,978.2325704,978.2325704,2682.623368,2682.623368,2682.623368,2682.623368,2682.623368
10/4/2000,688.6683339,729.640665,754.6957709,756.3752773,759.2742461,754.6957709,1788.52067,2860.444759,2032.467526,1804.046979,1418.596677,2032.467526,1858.880491,1718.584333,2032.467526,1913.552342,2584.564142,2032.467526,353.7768617,351.9987925,0.001001968,0.001005531,0.001008742,0.001011081,923.0039136,923.0039136,923.0039136,2447.51304,2447.51304,2447.51304,2447.51304,2447.51304
10/5/2000,635.6416279,745.6153965,683.9171134,670.4509673,729.640665,683.9171134,2203.821767,3368.10749,2504.013496,2189.211862,2860.444759,2504.013496,2201.951611,1418.596677,2504.013496,2305.902869,1718.584333,2504.013496,262.3757264,261.1236718,0.001001968,0.001005531,0.001008742,0.001011081,847.5860825,847.5860825,847.5860825,2325.737616,2325.737616,2325.737616,2325.737616,2325.737616
10/6/2000,1079.872152,1787.244061,1099.06199,759.5460546,745.6153965,1099.06199,1970.639023,3103.095557,2091.500167,1640.313198,3368.10749,2091.500167,1335.513821,2860.444759,2091.500167,1542.457203,1418.596677,2091.500167,0.001000564,0.001006515,0.001001968,0.001005531,0.001008742,0.001011081,761.9020133,761.9020133,761.9020133,2190.512896,2190.512896,2190.512896,2190.512896,2190.512896
10/7/2000,2071.575034,2874.652923,2241.418412,1825.034684,1787.244061,2241.418412,2679.254388,2946.284848,2981.925726,2332.820408,3103.095557,2981.925726,2204.056678,3368.10749,2981.925726,1149.068171,2860.444759,2981.925726,799.7578084,795.1833059,0.001001968,0.001005531,0.001008742,0.001011081,850.8004542,850.8004542,850.8004542,2095.265517,2095.265517,2095.265517,2095.265517,2095.265517
10/8/2000,2258.946354,1396.101303,2616.726171,2878.788967,2874.652923,2616.726171,4163.74038,2488.955752,4986.831925,4537.542454,2946.284848,4986.831925,4600.311331,3103.095557,4986.831925,3571.936659,3368.10749,4986.831925,1641.794525,1631.398337,0.001001968,0.001005531,0.001008742,0.001011081,1102.112046,1102.112046,1102.112046,2257.828827,2257.828827,2257.828827,2257.828827,2257.828827
10/9/2000,1028.785094,813.3607882,1118.380303,1395.6794,1396.101303,1118.380303,2573.07636,2168.326037,2928.774925,2865.349111,2488.955752,2928.774925,3215.437212,2946.284848,2928.774925,4194.678342,3103.095557,2928.774925,464.1940392,461.7537961,0.001001968,0.001005531,0.001008742,0.001011081,1226.241196,1226.241196,1226.241196,2509.472873,2509.472873,2509.472873,2509.472873,2509.472873
10/10/2000,706.803635,851.143948,738.452605,809.0135062,813.3607882,738.452605,1138.225897,2032.285956,1208.146019,1222.002081,2168.326037,1208.146019,1538.363964,2488.955752,1208.146019,2131.590499,2946.284848,1208.146019,171.7848847,171.0268709,0.001001968,0.001005531,0.001008742,0.001011081,1269.615182,1269.615182,1269.615182,2657.213291,2657.213291,2657.213291,2657.213291,2657.213291
10/11/2000,812.8112284,964.978131,867.1535818,852.5106771,851.143948,867.1535818,1883.222623,1981.938769,2113.349945,1878.837614,2032.285956,2113.349945,1991.054427,2168.326037,2113.349945,2189.709434,2488.955752,2113.349945,292.5044623,291.0816239,0.001001968,0.001005531,0.001008742,0.001011081,1293.063421,1293.063421,1293.063421,2696.257888,2696.257888,2696.257888,2696.257888,2696.257888
10/12/2000,857.3247325,890.3154315,933.4409496,966.4091848,964.978131,933.4409496,2015.18473,1852.007062,2286.916522,2064.427991,1981.938769,2286.916522,2109.691594,2032.285956,2286.916522,2128.719142,2168.326037,2286.916522,403.4740285,401.4010923,0.001001968,0.001005531,0.001008742,0.001011081,1334.475232,1334.475232,1334.475232,2626.931906,2626.931906,2626.931906,2626.931906,2626.931906
10/13/2000,777.4432055,787.4023352,846.5415417,890.0432584,890.3154315,846.5415417,1820.878135,1664.04826,2059.122183,1879.948371,1852.007062,2059.122183,1967.332769,1981.938769,2059.122183,2016.837153,2032.285956,2059.122183,370.5379961,368.6611047,0.001001968,0.001005531,0.001008742,0.001011081,1397.865341,1397.865341,1397.865341,2662.191374,2662.191374,2662.191374,2662.191374,2662.191374
10/14/2000,701.9632408,747.7513423,760.5398825,787.1191778,787.4023352,760.5398825,1631.673957,1335.055498,1834.461319,1671.767693,1664.04826,1834.461319,1761.243792,1852.007062,1834.461319,1870.024652,1981.938769,1834.461319,318.904422,317.3297493,0.001001968,0.001005531,0.001008742,0.001011081,1296.49553,1296.49553,1296.49553,2694.03068,2694.03068,2694.03068,2694.03068,2694.03068
10/15/2000,674.3759253,690.3835578,731.5579612,747.512931,747.7513423,731.5579612,1583.512686,2270.349305,1782.768835,1612.665133,1335.055498,1782.768835,1683.731545,1664.04826,1782.768835,1759.466813,1852.007062,1782.768835,312.7821902,311.2429001,0.001001968,0.001005531,0.001008742,0.001011081,1034.558059,1034.558059,1034.558059,2485.734817,2485.734817,2485.734817,2485.734817,2485.734817
10/16/2000,596.6356034,773.8804652,644.3348761,677.2690213,690.3835578,644.3348761,1474.569477,4059.008853,1654.736276,1517.350762,2270.349305,1654.736276,1568.615973,1335.055498,1654.736276,1668.440616,1664.04826,1654.736276,265.0260909,263.7591265,0.001001968,0.001005531,0.001008742,0.001011081,892.919487,892.919487,892.919487,2188.482026,2188.482026,2188.482026,2188.482026,2188.482026
10/17/2000,558.3717415,1363.665796,594.3649996,597.7840195,773.8804652,594.3649996,1344.104802,4897.714072,1489.220764,1355.495263,4059.008853,1489.220764,1400.750332,2270.349305,1489.220764,1477.209397,1335.055498,1489.220764,198.3952212,197.4955551,0.001001968,0.001005531,0.001008742,0.001011081,824.721587,824.721587,824.721587,1984.841419,1984.841419,1984.841419,1984.841419,1984.841419
10/18/2000,1403.941935,2829.305362,1453.151344,1002.470785,1363.665796,1453.151344,2129.669517,4548.544148,2261.552763,1712.908563,4897.714072,2261.552763,1460.949225,4059.008853,2261.552763,1211.459659,2270.349305,2261.552763,151.3187885,150.6673512,0.001001968,0.001005531,0.001008742,0.001011081,797.5551891,797.5551891,797.5551891,1875.226215,1875.226215,1875.226215,1875.226215,1875.226215
10/19/2000,3057.623184,2944.444013,3369.131958,3090.971989,2829.305362,3369.131958,4623.04863,3644.005984,5263.353342,4491.483696,4548.544148,5263.353342,4038.679521,4897.714072,5263.353342,2301.288159,4059.008853,5263.353342,1195.104577,1187.860065,0.001001968,0.001005531,0.001008742,0.001011081,1005.901934,1005.901934,1005.901934,2038.612491,2038.612491,2038.612491,2038.612491,2038.612491
10/20/2000,2744.002423,2313.344823,3085.058164,3082.792863,2944.444013,3085.058164,5429.375141,3027.192321,6344.428483,5532.473159,3644.005984,6344.428483,5808.824658,4548.544148,6344.428483,5332.561999,4897.714072,6344.428483,1472.863202,1463.672897,0.001001968,0.001005531,0.001008742,0.001011081,1315.062749,1315.062749,1315.062749,2474.543707,2474.543707,2474.543707,2474.543707,2474.543707
10/21/2000,1871.61052,1394.513936,2105.364455,2326.953606,2313.344823,2105.364455,3782.453745,2550.685126,4406.463512,4073.542153,3027.192321,4406.463512,4480.840634,3644.005984,4406.463512,5112.749245,4548.544148,4406.463512,1084.087987,1077.606426,0.001001968,0.001005531,0.001008742,0.001011081,1559.276472,1559.276472,1559.276472,2909.745568,2909.745568,2909.745568,2909.745568,2909.745568
10/22/2000,1128.902977,1046.696391,1221.600599,1402.235532,1394.513936,1221.600599,2325.643237,2252.255904,2615.297062,2533.793734,2550.685126,2615.297062,2872.207457,3027.192321,2615.297062,3784.995882,3644.005984,2615.297062,453.6730861,451.2969976,0.001001968,0.001005531,0.001008742,0.001011081,1687.571327,1687.571327,1687.571327,3225.395966,3225.395966,3225.395966,3225.395966,3225.395966
10/23/2000,928.1209319,1019.344806,991.7933951,1051.649065,1046.696391,991.7933951,1851.458371,2116.237474,2050.458033,1931.247278,2252.255904,2050.458033,2176.802278,2550.685126,2050.458033,2631.401028,3027.192321,2050.458033,317.8065393,316.238219,0.001001968,0.001005531,0.001008742,0.001011081,1767.213703,1767.213703,1767.213703,3414.673148,3414.673148,3414.673148,3414.673148,3414.673148
10/24/2000,917.4258697,969.031143,991.0008968,1022.588534,1019.344806,991.0008968,2054.453385,2003.283665,2314.061279,2104.88533,2116.237474,2314.061279,2228.710484,2252.255904,2314.061279,2415.240867,2550.685126,2314.061279,372.7693492,370.8792525,0.001001968,0.001005531,0.001008742,0.001011081,1835.279194,1835.279194,1835.279194,3540.481064,3540.481064,3540.481064,3540.481064,3540.481064
10/25/2000,874.0199863,917.0722116,946.6837969,971.1720598,969.031143,946.6837969,1977.003895,1934.403182,2226.123346,2020.004711,2003.283665,2226.123346,2112.656397,2116.237474,2226.123346,2222.137771,2252.255904,2226.123346,372.2447314,370.3577405,0.001001968,0.001005531,0.001008742,0.001011081,1874.384795,1874.384795,1874.384795,3636.098928,3636.098928,3636.098928,3636.098928,3636.098928
10/26/2000,828.4797101,871.7600909,898.042414,918.4766487,917.0722116,898.042414,1816.407206,1891.884525,2040.772482,1855.888925,1934.403182,2040.772482,1939.415671,2003.283665,2040.772482,2022.889714,2116.237474,2040.772482,359.9534728,358.139064,0.001001968,0.001005531,0.001008742,0.001011081,1665.23314,1665.23314,1665.23314,3476.677372,3476.677372,3476.677372,3476.677372,3476.677372
10/27/2000,788.5538417,812.5740434,855.2255975,872.6595363,871.7600909,855.2255975,1732.687567,1830.617443,1947.296431,1768.472475,1891.884525,1947.296431,1844.826241,1934.403182,1947.296431,1916.772163,2003.283665,1947.296431,348.0428229,346.2984074,0.001001968,0.001005531,0.001008742,0.001011081,1352.357253,1352.357253,1352.357253,3034.06849,3034.06849,3034.06849,3034.06849,3034.06849
10/28/2000,745.4172421,814.9462745,805.6315253,813.1126567,812.5740434,805.6315253,1648.796303,1778.652607,1847.603952,1672.525622,1830.617443,1847.603952,1739.474413,1891.884525,1847.603952,1821.965187,1934.403182,1847.603952,317.6443953,316.077013,0.001001968,0.001005531,0.001008742,0.001011081,1108.649099,1108.649099,1108.649099,2588.460618,2588.460618,2588.460618,2588.460618,2588.460618
10/29/2000,741.3787764,793.5060345,805.1694887,815.2243771,814.9462745,805.1694887,1624.648916,1732.209396,1826.851977,1652.374896,1778.652607,1826.851977,1712.571024,1830.617443,1826.851977,1743.442385,1891.884525,1826.851977,337.4478484,335.7654029,0.001001968,0.001005531,0.001008742,0.001011081,987.6655887,987.6655887,987.6655887,2269.043773,2269.043773,2269.043773,2269.043773,2269.043773
10/30/2000,710.6171668,735.3290533,773.6373538,793.5966343,793.5060345,773.6373538,1610.313076,1697.353072,1815.234529,1647.043675,1732.209396,1815.234529,1707.980177,1778.652607,1815.234529,1748.054252,1830.617443,1815.234529,335.0945578,333.4258386,0.001001968,0.001005531,0.001008742,0.001011081,924.0167071,924.0167071,924.0167071,2089.909103,2089.909103,2089.909103,2089.909103,2089.909103
10/31/2000,665.6333504,709.1776809,722.478972,735.2892813,735.3290533,722.478972,1530.957268,1646.757413,1719.922128,1558.641749,1697.353072,1719.922128,1623.90166,1732.209396,1719.922128,1686.265692,1778.652607,1719.922128,305.2033034,303.7076727,0.001001968,0.001005531,0.001008742,0.001011081,875.7702986,875.7702986,875.7702986,1988.169013,1988.169013,1988.169013,1988.169013,1988.169013
11/1/2000,643.867959,686.0677771,699.3540606,709.0474488,709.1776809,699.3540606,1502.768965,1592.734864,1686.412277,1527.295982,1646.757413,1686.412277,1584.468259,1697.353072,1686.412277,1615.379694,1732.209396,1686.412277,299.4697903,298.0070821,0.001001968,0.001005531,0.001008742,0.001011081,834.5183755,834.5183755,834.5183755,1917.410229,1917.410229,1917.410229,1917.410229,1917.410229
11/2/2000,623.1984808,663.4391436,677.2358232,685.8752767,686.0677771,677.2358232,1475.874435,1550.370766,1657.763222,1498.567445,1592.734864,1657.763222,1550.828134,1646.757413,1657.763222,1599.427382,1697.353072,1657.763222,293.1462474,291.7197412,0.001001968,0.001005531,0.001008742,0.001011081,798.3061187,798.3061187,798.3061187,1857.290354,1857.290354,1857.290354,1857.290354,1857.290354
11/3/2000,602.8933102,641.5416569,655.3095934,663.2051956,663.4391436,655.3095934,1430.141356,1536.159113,1606.704776,1451.518004,1550.370766,1606.704776,1501.198176,1592.734864,1606.704776,1550.104531,1646.757413,1606.704776,285.8241743,284.4394412,0.001001968,0.001005531,0.001008742,0.001011081,766.0067621,766.0067621,766.0067621,1803.025113,1803.025113,1803.025113,1803.025113,1803.025113
11/4/2000,582.5766437,617.0516304,633.3107467,641.2786089,641.5416569,633.3107467,1393.74172,1506.350659,1565.527398,1414.658285,1536.159113,1565.527398,1461.985665,1550.370766,1565.527398,1501.486838,1592.734864,1565.527398,278.0797776,276.7390528,0.001001968,0.001005531,0.001008742,0.001011081,739.4171856,739.4171856,739.4171856,1756.554257,1756.554257,1756.554257,1756.554257,1756.554257
11/5/2000,557.9453229,587.2571229,606.4711873,616.7654281,617.0516304,606.4711873,1350.123567,1477.936232,1516.03266,1372.659721,1506.350659,1516.03266,1418.151635,1536.159113,1516.03266,1459.662839,1550.370766,1516.03266,267.5187387,266.237731,0.001001968,0.001005531,0.001008742,0.001011081,710.6602099,710.6602099,710.6602099,1712.644316,1712.644316,1712.644316,1712.644316,1712.644316
11/6/2000,539.8776389,602.6494958,585.6117314,586.9580098,587.2571229,585.6117314,1315.513133,2126.688109,1475.105254,1328.120906,1477.936232,1475.105254,1373.448638,1506.350659,1475.105254,1417.551776,1536.159113,1475.105254,253.8073925,252.6033826,0.001001968,0.001005531,0.001008742,0.001011081,680.8984253,680.8984253,680.8984253,1666.883995,1666.883995,1666.883995,1666.883995,1666.883995
11/7/2000,550.0221635,579.4984009,599.8709182,602.3461036,602.6494958,599.8709182,1334.458572,3340.292228,1502.108976,1349.575184,2126.688109,1502.108976,1389.63501,1477.936232,1502.108976,1397.962915,1506.350659,1502.108976,275.8984275,274.5700656,0.001001968,0.001005531,0.001008742,0.001011081,658.9067187,658.9067187,658.9067187,1625.141669,1625.141669,1625.141669,1625.141669,1625.141669
11/8/2000,523.8128251,591.3030627,570.5481986,579.196994,579.4984009,570.5481986,1309.653778,2812.605353,1472.887978,1329.576923,3340.292228,1472.887978,1367.531812,2126.688109,1472.887978,1404.235853,1477.936232,1472.887978,260.4796877,259.2382855,0.001001968,0.001005531,0.001008742,0.001011081,638.5818092,638.5818092,638.5818092,1586.444118,1586.444118,1586.444118,1586.444118,1586.444118
11/9/2000,511.407335,1160.436819,557.5797975,563.2811529,591.3030627,557.5797975,1265.227677,2516.625968,1422.468458,1282.398732,2812.605353,1422.468458,1326.522343,3340.292228,1422.468458,1353.234146,2126.688109,1422.468458,258.2223891,256.9936535,0.001001968,0.001005531,0.001008742,0.001011081,620.6543333,620.6543333,620.6543333,1552.642884,1552.642884,1552.642884,1552.642884,1552.642884
11/10/2000,1061.254718,1910.835261,1202.536591,1139.381526,1160.436819,1202.536591,2462.081382,3168.765055,2868.037908,2443.13181,2516.625968,2868.037908,2453.430101,2812.605353,2868.037908,1906.273685,3340.292228,2868.037908,699.5908757,695.6689943,0.001001968,0.001005531,0.001008742,0.001011081,671.657395,671.657395,671.657395,1628.626881,1628.626881,1628.626881,1628.626881,1628.626881
11/11/2000,1838.093528,1723.683739,2082.493461,1937.31,1910.835261,2082.493461,4203.496885,2829.230002,4926.160591,4124.478575,3168.765055,4926.160591,3948.851513,2516.625968,4926.160591,3495.855373,2812.605353,4926.160591,1120.731354,1113.998989,0.001001968,0.001005531,0.001008742,0.001011081,804.6850223,804.6850223,804.6850223,1907.617209,1907.617209,1907.617209,1907.617209,1907.617209
11/12/2000,1462.220213,876.4188269,1662.258953,1740.577421,1723.683739,1662.258953,2896.535807,2578.577187,3385.2953,3039.201334,2829.230002,3385.2953,3199.670793,3168.765055,3385.2953,3090.926434,2516.625968,3385.2953,950.0791502,944.5055306,0.001001968,0.001005531,0.001008742,0.001011081,962.9577978,962.9577978,962.9577978,2155.668289,2155.668289,2155.668289,2155.668289,2155.668289
11/13/2000,729.3444506,892.7308675,802.2105754,871.9227282,876.4188269,802.2105754,1599.780765,2335.166393,1799.37233,1697.109359,2578.577187,1799.37233,2046.617048,2829.230002,1799.37233,2562.879292,3168.765055,1799.37233,385.687692,383.7209224,0.001001968,0.001005531,0.001008742,0.001011081,1041.671145,1041.671145,1041.671145,2341.429329,2341.429329,2341.429329,2341.429329,2341.429329
11/14/2000,742.5855574,1065.916108,822.4569576,827.7542108,892.7308675,822.4569576,1971.049838,2224.331806,2255.846675,1995.569048,2335.166393,2255.846675,2132.247954,2578.577187,2255.846675,2480.308347,2829.230002,2255.846675,419.4662415,417.2972764,0.001001968,0.001005531,0.001008742,0.001011081,1084.743354,1084.743354,1084.743354,2534.438689,2534.438689,2534.438689,2534.438689,2534.438689
11/15/2000,1103.346483,1146.483262,1209.601354,1089.616159,1065.916108,1209.601354,2506.077162,2077.244886,2847.267632,2419.298881,2224.331806,2847.267632,2376.501623,2335.166393,2847.267632,2306.653222,2578.577187,2847.267632,503.695672,501.0127781,0.001001968,0.001005531,0.001008742,0.001011081,1140.996097,1140.996097,1140.996097,2688.15202,2688.15202,2688.15202,2688.15202,2688.15202
11/16/2000,1214.799207,1292.234181,1322.91664,1176.993991,1146.483262,1322.91664,2628.875311,1980.964096,2980.444998,2510.94449,2077.244886,2980.444998,2508.176564,2224.331806,2980.444998,2455.868147,2335.166393,2980.444998,538.6644141,535.7645027,0.001001968,0.001005531,0.001008742,0.001011081,1215.884846,1215.884846,1215.884846,2860.730086,2860.730086,2860.730086,2860.730086,2860.730086
11/17/2000,1063.746474,819.4625671,1189.335087,1292.412214,1292.234181,1189.335087,2153.612778,1777.738265,2476.243773,2295.260849,1980.964096,2476.243773,2348.250397,2077.244886,2476.243773,2248.936241,2224.331806,2476.243773,636.8218008,633.3027487,0.001001968,0.001005531,0.001008742,0.001011081,1245.401541,1245.401541,1245.401541,2898.702504,2898.702504,2898.702504,2898.702504,2898.702504
11/18/2000,695.0101708,710.550907,748.4934368,818.6421075,819.4625671,748.4934368,1635.931619,1649.398634,1828.969638,1718.194584,1777.738265,1828.969638,1876.897657,1980.964096,1828.969638,2213.7901,2077.244886,1828.969638,290.613363,289.2013249,0.001001968,0.001005531,0.001008742,0.001011081,1153.669341,1153.669341,1153.669341,2716.244871,2716.244871,2716.244871,2716.244871,2716.244871
11/19/2000,633.9096992,691.4144153,681.3688368,709.8020473,710.550907,681.3688368,1344.90594,1583.801627,1490.888651,1387.091845,1649.398634,1490.888651,1499.008832,1777.738265,1490.888651,1669.656397,1980.964096,1490.888651,260.8621678,259.6186176,0.001001968,0.001005531,0.001008742,0.001011081,1018.050017,1018.050017,1018.050017,2528.125057,2528.125057,2528.125057,2528.125057,2528.125057
11/20/2000,621.9535981,660.9680834,672.3653705,690.7037057,691.4144153,672.3653705,1506.294003,1532.621439,1693.535288,1535.874847,1583.801627,1693.535288,1602.958896,1649.398634,1693.535288,1693.536647,1777.738265,1693.535288,277.2438626,275.9078772,0.001001968,0.001005531,0.001008742,0.001011081,956.9814573,956.9814573,956.9814573,2377.020731,2377.020731,2377.020731,2377.020731,2377.020731
11/21/2000,598.7707523,644.9782663,647.7859505,660.2937991,660.9680834,647.7859505,1441.516383,1487.085484,1617.280135,1465.188581,1532.621439,1617.280135,1520.322559,1583.801627,1617.280135,1584.873406,1649.398634,1617.280135,270.8795583,269.5795848,0.001001968,0.001005531,0.001008742,0.001011081,924.7232556,924.7232556,924.7232556,2204.433704,2204.433704,2204.433704,2204.433704,2204.433704
11/22/2000,585.5300202,623.8627951,634.7826431,644.3390148,644.9782663,634.7826431,1381.371396,2884.396181,1549.76529,1402.948513,1487.085484,1549.76529,1453.603097,1532.621439,1549.76529,1490.359721,1583.801627,1549.76529,272.9959455,271.6840106,0.001001968,0.001005531,0.001008742,0.001011081,879.3108719,879.3108719,879.3108719,2065.053747,2065.053747,2065.053747,2065.053747,2065.053747
11/23/2000,564.6239007,594.4568391,612.6658343,623.2573511,623.8627951,612.6658343,1344.496962,3834.402893,1509.302449,1366.779341,2884.396181,1509.302449,1414.128604,1487.085484,1509.302449,1453.60237,1532.621439,1509.302449,267.5345104,266.2534138,0.001001968,0.001005531,0.001008742,0.001011081,813.2913124,813.2913124,813.2913124,1903.840456,1903.840456,1903.840456,1903.840456,1903.840456
11/24/2000,539.0695073,573.8231951,584.3857035,593.8837844,594.4568391,584.3857035,1294.384384,3538.240791,1451.2222,1314.828763,3834.402893,1451.2222,1360.385522,2884.396181,1451.2222,1403.981678,1487.085484,1451.2222,254.0784111,252.8728853,0.001001968,0.001005531,0.001008742,0.001011081,723.013558,723.013558,723.013558,1768.614519,1768.614519,1768.614519,1768.614519,1768.614519
11/25/2000,520.7042689,861.9703684,564.5375767,572.4952653,573.8231951,564.5375767,1262.395229,2750.879602,1414.671278,1280.972847,3538.240791,1414.671278,1324.064111,3834.402893,1414.671278,1356.757436,2884.396181,1414.671278,246.9748154,245.8089412,0.001001968,0.001005531,0.001008742,0.001011081,671.9621495,671.9621495,671.9621495,1651.17327,1651.17327,1651.17327,1651.17327,1651.17327
11/26/2000,731.2121167,1208.6381,807.4062499,788.1295851,861.9703684,807.4062499,2833.335553,3074.399553,3266.13313,2818.466879,2750.879602,3266.13313,2798.338909,3538.240791,3266.13313,2541.151565,3834.402893,3266.13313,401.9529994,399.8891688,0.001001968,0.001005531,0.001008742,0.001011081,663.5932326,663.5932326,663.5932326,1788.476943,1788.476943,1788.476943,1788.476943,1788.476943
11/27/2000,1104.709035,910.4152615,1206.593081,1216.787059,1208.6381,1206.593081,4193.379705,2818.464675,4819.337452,4212.27422,3074.399553,4819.337452,3966.336534,2750.879602,4819.337452,3688.061308,3538.240791,4819.337452,470.8093582,468.3286718,0.001001968,0.001005531,0.001008742,0.001011081,693.1159605,693.1159605,693.1159605,2129.756647,2129.756647,2129.756647,2129.756647,2129.756647
11/28/2000,1116.771039,1320.146843,1169.900668,944.2246042,910.4152615,1169.900668,3498.105743,2435.276212,3932.726383,3265.266541,2818.464675,3932.726383,3300.382266,3074.399553,3932.726383,3483.54202,2750.879602,3932.726383,245.6787502,244.5200919,0.001001968,0.001005531,0.001008742,0.001011081,735.5782385,735.5782385,735.5782385,2465.38808,2465.38808,2465.38808,2465.38808,2465.38808
11/29/2000,1187.97785,1113.670451,1323.48217,1315.050408,1320.146843,1323.48217,2511.741942,2386.480603,2883.577837,2544.010291,2435.276212,2883.577837,2677.480023,2818.464675,2883.577837,2382.757079,3074.399553,2883.577837,676.5391145,672.7657526,0.001001968,0.001005531,0.001008742,0.001011081,832.5810274,832.5810274,832.5810274,2647.946524,2647.946524,2647.946524,2647.946524,2647.946524
11/30/2000,963.0965177,851.1968623,1051.895322,1114.25198,1113.670451,1051.895322,2747.777437,2134.262146,3133.555924,2825.003382,2386.480603,3133.555924,2853.983998,2435.276212,3133.555924,3127.918451,2818.464675,3133.555924,450.1400228,447.7854319,0.001001968,0.001005531,0.001008742,0.001011081,897.6292216,897.6292216,897.6292216,2848.487023,2848.487023,2848.487023,2848.487023,2848.487023
12/1/2000,781.8502928,949.6601694,829.8606318,856.1965946,851.1968623,829.8606318,2046.563171,1913.629451,2280.909202,2080.145684,2134.262146,2280.909202,2157.580822,2386.480603,2280.909202,2402.067166,2435.276212,2280.909202,250.7046801,249.5180076,0.001001968,0.001005531,0.001008742,0.001011081,940.9255812,940.9255812,940.9255812,3034.657874,3034.657874,3034.657874,3034.657874,3034.657874
12/2/2000,882.4522373,911.4353113,967.381284,949.8342667,949.6601694,967.381284,1982.258786,1830.725092,2243.98015,1988.108676,1913.629451,2243.98015,2143.556798,2134.262146,2243.98015,2048.040326,2386.480603,2243.98015,443.1676064,440.8553707,0.001001968,0.001005531,0.001008742,0.001011081,1005.995834,1005.995834,1005.995834,3164.910813,3164.910813,3164.910813,3164.910813,3164.910813
12/3/2000,782.1257516,734.3704245,859.3638879,911.2656847,911.4353113,859.3638879,2018.1046,1732.03067,2298.874528,2086.82959,1830.725092,2298.874528,2139.656101,1913.629451,2298.874528,2313.445956,2134.262146,2298.874528,408.0045864,405.9044994,0.001001968,0.001005531,0.001008742,0.001011081,1032.196151,1032.196151,1032.196151,3059.596998,3059.596998,3059.596998,3059.596998,3059.596998
12/4/2000,659.4900643,702.3553025,713.195065,734.1155862,734.3704245,713.195065,1593.731268,1681.312728,1782.347773,1627.740115,1732.03067,1782.347773,1722.373041,1830.725092,1782.347773,1861.097432,1913.629451,1782.347773,291.6663958,290.248345,0.001001968,0.001005531,0.001008742,0.001011081,1012.365845,1012.365845,1012.365845,2755.972017,2755.972017,2755.972017,2755.972017,2755.972017
12/5/2000,650.0910971,697.4834139,702.7543611,702.1186531,702.3553025,702.7543611,1520.804897,1656.895877,1700.453648,1533.906327,1681.312728,1700.453648,1596.770139,1732.03067,1700.453648,1675.772605,1830.725092,1700.453648,287.5007002,286.1064163,0.001001968,0.001005531,0.001008742,0.001011081,976.3420493,976.3420493,976.3420493,2449.766671,2449.766671,2449.766671,2449.766671,2449.766671
12/6/2000,654.0269792,710.6915735,706.6527932,697.2582348,697.4834139,706.6527932,1549.069493,1630.735655,1735.37401,1552.572748,1656.895877,1735.37401,1592.496488,1681.312728,1735.37401,1643.50882,1732.03067,1735.37401,288.3494546,286.9503324,0.001001968,0.001005531,0.001008742,0.001011081,885.0755193,885.0755193,885.0755193,2289.220789,2289.220789,2289.220789,2289.220789,2289.220789
12/7/2000,650.3709099,681.1724182,704.6992507,710.427854,710.6915735,704.6992507,1510.276688,1623.545632,1693.092089,1529.964333,1630.735655,1693.092089,1563.182406,1656.895877,1693.092089,1579.919143,1681.312728,1693.092089,298.0095535,296.5552153,0.001001968,0.001005531,0.001008742,0.001011081,829.7164782,829.7164782,829.7164782,2109.81687,2109.81687,2109.81687,2109.81687,2109.81687
12/8/2000,620.8045045,655.2386236,671.4102659,680.9056155,681.1724182,671.4102659,1464.702583,1605.307763,1640.311023,1486.74676,1623.545632,1640.311023,1531.468863,1630.735655,1640.311023,1565.018682,1656.895877,1640.311023,279.7864522,278.4360448,0.001001968,0.001005531,0.001008742,0.001011081,798.140177,798.140177,798.140177,1948.737852,1948.737852,1948.737852,1948.737852,1948.737852
12/9/2000,597.4943955,633.5405902,645.774188,654.9749951,655.2386236,645.774188,1415.712229,1666.377464,1584.628884,1436.707058,1605.307763,1584.628884,1483.068784,1623.545632,1584.628884,1527.134742,1630.735655,1584.628884,268.5754178,267.2884509,0.001001968,0.001005531,0.001008742,0.001011081,744.8691685,744.8691685,744.8691685,1844.527059,1844.527059,1844.527059,1844.527059,1844.527059
12/10/2000,578.0347371,614.0255627,624.7152255,633.2836649,633.5405902,624.7152255,1396.276485,2439.297971,1562.135022,1416.084469,1666.377464,1562.135022,1460.511957,1605.307763,1562.135022,1490.981845,1623.545632,1562.135022,261.0226105,259.7781593,0.001001968,0.001005531,0.001008742,0.001011081,706.7778291,706.7778291,706.7778291,1759.110341,1759.110341,1759.110341,1759.110341,1759.110341
12/11/2000,560.1150502,637.4469092,605.3917461,613.4059685,614.0255627,605.3917461,1396.881113,2180.490737,1564.487614,1415.108334,2439.297971,1564.487614,1457.110311,1666.377464,1564.487614,1493.348071,1605.307763,1564.487614,254.4102582,253.2028759,0.001001968,0.001005531,0.001008742,0.001011081,682.818306,682.818306,682.818306,1698.739649,1698.739649,1698.739649,1698.739649,1698.739649
12/12/2000,590.6844018,570.799823,640.5906146,637.2536929,637.4469092,640.5906146,1425.339419,1822.890573,1599.175073,1434.768011,2180.490737,1599.175073,1463.930976,2439.297971,1599.175073,1474.334809,1666.377464,1599.175073,274.0345776,272.7167675,0.001001968,0.001005531,0.001008742,0.001011081,669.4520957,669.4520957,669.4520957,1658.937551,1658.937551,1658.937551,1658.937551,1658.937551
12/13/2000,539.0591843,668.5741687,577.5355046,570.8472847,570.799823,577.5355046,1458.498506,3673.875782,1628.416035,1458.109527,1822.890573,1628.416035,1490.148305,2180.490737,1628.416035,1543.702682,2439.297971,1628.416035,219.3391154,218.3257955,0.001001968,0.001005531,0.001008742,0.001011081,652.2906361,652.2906361,652.2906361,1649.286316,1649.286316,1649.286316,1649.286316,1649.286316
12/14/2000,605.6627737,757.354868,657.7524412,650.2356053,668.5741687,657.7524412,2204.801729,22255.54482,2515.531827,2196.61958,3673.875782,2515.531827,2208.227131,1822.890573,2515.531827,2147.97834,2180.490737,2515.531827,289.9084149,288.5004003,0.001001968,0.001005531,0.001008742,0.001011081,642.5874599,642.5874599,642.5874599,1761.54865,1761.54865,1761.54865,1761.54865,1761.54865
12/15/2000,690.6294503,2401.714417,753.7952286,756.2868044,757.354868,753.7952286,2095.354338,34698.60156,2380.115322,2108.304165,22255.54482,2380.115322,2078.73869,3673.875782,2380.115322,2062.355386,1822.890573,2380.115322,319.035303,317.4598728,0.001001968,0.001005531,0.001008742,0.001011081,643.3741421,643.3741421,643.3741421,1841.423245,1841.423245,1841.423245,1841.423245,1841.423245
12/16/2000,582.3218586,9198.573933,622.2482285,610.1293747,2401.714417,622.2482285,1613.048452,28324.95777,1794.423765,1607.786727,34698.60156,1794.423765,1669.92147,22255.54482,1794.423765,1727.714624,3673.875782,1794.423765,216.1945147,215.1983722,0.001001968,0.001005531,0.001008742,0.001011081,641.1597398,641.1597398,641.1597398,1881.771504,1881.771504,1881.771504,1881.771504,1881.771504
12/17/2000,8960.215926,14265.4881,10364.38492,8227.648822,9198.573933,10364.38492,14415.60997,21506.13057,16964.28601,13038.1832,28324.95777,16964.28601,12945.42678,34698.60156,16964.28601,3765.415144,22255.54482,16964.28601,4689.804597,4655.916654,0.001001968,0.001005531,0.001008742,0.001011081,1542.943157,1542.943157,1542.943157,2762.250531,2762.250531,2762.250531,2762.250531,2762.250531
12/18/2000,16866.73753,20589.00049,19387.03106,15627.98329,14265.4881,19387.03106,37599.59933,18917.3222,45108.23565,34755.05417,21506.13057,45108.23565,33961.80334,28324.95777,45108.23565,27986.43616,34698.60156,45108.23565,8406.695715,8341.77379,0.001001968,0.001005531,0.001008742,0.001011081,3305.731856,3305.731856,3305.731856,6666.899727,6666.899727,6666.899727,6666.899727,6666.899727
12/19/2000,18075.88642,14348.29421,21497.78247,21211.1868,20589.00049,21497.78247,38301.7423,15094.27124,47366.22192,38977.77498,18917.3222,47366.22192,38876.27414,21506.13057,47366.22192,36205.53253,28324.95777,47366.22192,12424.19716,12324.11994,0.001001968,0.001005531,0.001008742,0.001011081,5822.033663,5822.033663,5822.033663,11788.59466,11788.59466,11788.59466,11788.59466,11788.59466
12/20/2000,9882.165012,5477.073758,11642.79968,14423.01674,14348.29421,11642.79968,19608.02781,10313.1416,23919.95182,22914.77544,15094.27124,23919.95182,24937.43246,18917.3222,23919.95182,29147.54439,21506.13057,23919.95182,6826.4489,6774.940398,0.001001968,0.001005531,0.001008742,0.001011081,7872.739998,7872.739998,7872.739998,15861.38794,15861.38794,15861.38794,15861.38794,15861.38794
12/21/2000,3821.528915,3790.769375,4084.642237,5522.681271,5477.073758,4084.642237,5765.85174,7883.460314,6336.93342,7329.454689,10313.1416,6336.93342,10603.43558,15094.27124,6336.93342,17368.68546,18917.3222,6336.93342,1085.502559,1079.011335,0.001001968,0.001005531,0.001008742,0.001011081,9006.512358,9006.512358,9006.512358,18701.77069,18701.77069,18701.77069,18701.77069,18701.77069
12/22/2000,3158.912376,3642.945478,3396.292084,3822.405144,3790.769375,3396.292084,6087.320934,6810.818449,6828.293367,6596.579296,7883.460314,6828.293367,8338.864877,10313.1416,6828.293367,11750.12595,15094.27124,6828.293367,1007.642813,1001.681036,0.001001968,0.001005531,0.001008742,0.001011081,9677.67125,9677.67125,9677.67125,20491.00298,20491.00298,20491.00298,20491.00298,20491.00298
12/23/2000,3142.460006,3283.350174,3466.710084,3665.782947,3642.945478,3466.710084,8399.231802,6119.609282,9746.540021,8655.848874,6810.818449,9746.540021,9370.009778,7883.460314,9746.540021,10781.66317,10313.1416,9746.540021,1406.053627,1397.335774,0.001001968,0.001005531,0.001008742,0.001011081,10182.58906,10182.58906,10182.58906,21673.92808,21673.92808,21673.92808,21673.92808,21673.92808
12/24/2000,2857.181689,2943.823215,3161.96475,3300.339459,3283.350174,3161.96475,6876.675454,5603.067606,7951.643479,7088.747773,6119.609282,7951.643479,7569.665557,6810.818449,7951.643479,8341.575369,7883.460314,7951.643479,1339.926638,1331.673746,0.001001968,0.001005531,0.001008742,0.001011081,9699.008814,9699.008814,9699.008814,21717.43202,21717.43202,21717.43202,21717.43202,21717.43202
12/25/2000,2578.647257,2672.296286,2851.240617,2956.760663,2943.823215,2851.240617,5591.640423,5202.217989,6429.648984,5776.878918,5603.067606,6429.648984,6177.591471,6119.609282,6429.648984,6723.313125,6810.818449,6429.648984,1214.610449,1207.230953,0.001001968,0.001005531,0.001008742,0.001011081,8297.578821,8297.578821,8297.578821,18578.32087,18578.32087,18578.32087,18578.32087,18578.32087
12/26/2000,2352.802544,2453.369107,2599.143998,2682.333128,2672.296286,2599.143998,5006.345854,4851.614571,5742.371976,5164.122844,5202.217989,5742.371976,5505.257781,5603.067606,5742.371976,5918.230656,6119.609282,5742.371976,1110.929463,1104.264288,0.001001968,0.001005531,0.001008742,0.001011081,6095.887383,6095.887383,6095.887383,14123.06294,14123.06294,14123.06294,14123.06294,14123.06294
12/27/2000,2168.667763,2272.877788,2394.073888,2461.274017,2453.369107,2394.073888,4633.390373,4559.188743,5305.440957,4769.287963,4851.614571,5305.440957,5065.202054,5202.217989,5305.440957,5387.4065,5603.067606,5305.440957,1027.540643,1021.444033,0.001001968,0.001005531,0.001008742,0.001011081,4331.587484,4331.587484,4331.587484,10627.35242,10627.35242,10627.35242,10627.35242,10627.35242
12/28/2000,2015.449407,2121.102556,2223.786091,2279.181393,2272.877788,2223.786091,4308.397223,4319.82536,4929.815835,4427.082753,4559.188743,4929.815835,4688.247553,4851.614571,4929.815835,4984.614521,5202.217989,4929.815835,959.0417348,953.4078705,0.001001968,0.001005531,0.001008742,0.001011081,3447.081395,3447.081395,3447.081395,8185.334071,8185.334071,8185.334071,8185.334071,8185.334071
12/29/2000,1885.605563,1991.287647,2079.723799,2126.18184,2121.102556,2079.723799,4050.076609,4102.921535,4630.198553,4155.400148,4319.82536,4630.198553,4389.499309,4559.188743,4630.198553,4628.490755,4851.614571,4630.198553,901.59564,896.3466507,0.001001968,0.001005531,0.001008742,0.001011081,2992.625023,2992.625023,2992.625023,6778.660777,6778.660777,6778.660777,6778.660777,6778.660777
12/30/2000,1773.819202,1878.610411,1955.871083,1995.416616,1991.287647,1955.871083,3841.338283,3927.643843,4387.921018,3935.898589,4102.921535,4387.921018,4148.216595,4319.82536,4387.921018,4349.911906,4559.188743,4387.921018,852.5364996,847.6137325,0.001001968,0.001005531,0.001008742,0.001011081,2690.152447,2690.152447,2690.152447,5981.962446,5981.962446,5981.962446,5981.962446,5981.962446
12/31/2000,1676.249361,1779.549408,1847.893071,1881.992196,1878.610411,1847.893071,3641.474931,3761.048532,4157.386174,3727.316607,3927.643843,4157.386174,3921.959096,4102.921535,4157.386174,4109.34973,4319.82536,4157.386174,809.9672378,805.3255931,0.001001968,0.001005531,0.001008742,0.001011081,2457.754448,2457.754448,2457.754448,5452.097154,5452.097154,5452.097154,5452.097154,5452.097154
1/1/2001,1590.06292,1691.482052,1752.600094,1782.337551,1779.549408,1752.600094,3485.237744,3612.04303,3975.580651,3563.929496,3761.048532,3975.580651,3743.860051,3927.643843,3975.580651,3895.780101,4102.921535,3975.580651,772.5104867,768.1146282,0.001001968,0.001005531,0.001008742,0.001011081,2269.808607,2269.808607,2269.808607,5051.718391,5051.718391,5051.718391,5051.718391,5051.718391
1/2/2001,1513.13059,1612.419045,1667.600282,1693.793998,1691.482052,1667.600282,3336.440276,3481.418402,3804.137316,3408.959373,3612.04303,3804.137316,3576.311285,3761.048532,3804.137316,3724.437244,3927.643843,3804.137316,739.1469576,734.9687249,0.001001968,0.001005531,0.001008742,0.001011081,2113.666378,2113.666378,2113.666378,4727.011803,4727.011803,4727.011803,4727.011803,4727.011803
1/3/2001,1443.825037,1540.828331,1591.069318,1614.346078,1612.419045,1591.069318,3203.662401,3347.276951,3651.223958,3270.89693,3481.418402,3651.223958,3427.426632,3612.04303,3651.223958,3561.887898,3761.048532,3651.223958,709.1086096,705.1252168,0.001001968,0.001005531,0.001008742,0.001011081,1981.276277,1981.276277,1981.276277,4453.734735,4453.734735,4453.734735,4453.734735,4453.734735
1/4/2001,1380.883113,1475.512252,1521.594026,1542.442126,1540.828331,1521.594026,3085.397898,3351.591427,3514.897063,3148.06696,3347.276951,3514.897063,3295.176264,3481.418402,3514.897063,3416.944515,3612.04303,3514.897063,681.8085513,678.0012973,0.001001968,0.001005531,0.001008742,0.001011081,1867.107623,1867.107623,1867.107623,4223.001096,4223.001096,4223.001096,4223.001096,4223.001096
1/5/2001,1323.311984,1415.524561,1458.065618,1476.869549,1475.512252,1458.065618,2966.561597,3322.694477,3379.454545,3025.097891,3351.591427,3379.454545,3163.800849,3347.276951,3379.454545,3287.838824,3481.418402,3379.454545,656.7918258,653.1451616,0.001001968,0.001005531,0.001008742,0.001011081,1767.226569,1767.226569,1767.226569,4021.764221,4021.764221,4021.764221,4021.764221,4021.764221
1/6/2001,1270.322393,1360.106265,1399.60425,1416.670927,1415.524561,1399.60425,2869.451062,3144.572118,3267.746437,2924.3939,3322.694477,3267.746437,3055.638069,3351.591427,3267.746437,3161.084901,3347.276951,3267.746437,633.7021883,630.2030234,0.001001968,0.001005531,0.001008742,0.001011081,1678.76147,1678.76147,1678.76147,3843.629265,3843.629265,3843.629265,3843.629265,3843.629265
1/7/2001,1221.277926,1311.281395,1345.501464,1361.078529,1360.106265,1345.501464,2773.641044,3017.106846,3157.891492,2825.404883,3144.572118,3157.891492,2949.988329,3322.694477,3157.891492,3051.825169,3351.591427,3157.891492,612.255584,608.8927807,0.001001968,0.001005531,0.001008742,0.001011081,1599.569859,1599.569859,1599.569859,3686.075401,3686.075401,3686.075401,3686.075401,3686.075401
1/8/2001,1184.737281,1276.445218,1304.381221,1312.109135,1311.281395,1304.381221,2784.700773,2979.178331,3173.693242,2824.989795,3017.106846,3173.693242,2938.751818,3144.572118,3173.693242,3046.601515,3322.694477,3173.693242,592.530368,589.2924167,0.001001968,0.001005531,0.001008742,0.001011081,1528.070574,1528.070574,1528.070574,3557.899847,3557.899847,3557.899847,3557.899847,3557.899847
1/9/2001,1149.831339,1228.522056,1265.958891,1277.152874,1276.445218,1265.958891,2776.445941,2946.652854,3166.508264,2817.783563,2979.178331,3166.508264,2918.342368,3017.106846,3166.508264,3006.976985,3144.572118,3166.508264,577.6107869,574.4668994,0.001001968,0.001005531,0.001008742,0.001011081,1463.846735,1463.846735,1463.846735,3454.251814,3454.251814,3454.251814,3454.251814,3454.251814
1/10/2001,1105.621075,1183.580425,1216.519693,1229.129751,1228.522056,1216.519693,2667.774269,2876.669823,3035.124859,2710.293846,2946.652854,3035.124859,2813.448148,2979.178331,3035.124859,2866.270642,3017.106846,3035.124859,554.6795367,551.6795809,0.001001968,0.001005531,0.001008742,0.001011081,1405.59386,1405.59386,1405.59386,3357.409331,3357.409331,3357.409331,3357.409331,3357.409331
1/11/2001,1065.862147,1143.344505,1172.459723,1184.104722,1183.580425,1172.459723,2583.329343,3122.533305,2933.757599,2624.558874,2876.669823,2933.757599,2726.513485,2946.652854,2933.757599,2783.595055,2979.178331,2933.757599,535.9622576,533.0791865,0.001001968,0.001005531,0.001008742,0.001011081,1351.997599,1351.997599,1351.997599,3268.174656,3268.174656,3268.174656,3268.174656,3268.174656
1/12/2001,1031.366012,1107.705444,1134.343121,1143.799213,1143.344505,1134.343121,2526.930126,3232.135548,2869.505034,2564.703729,3122.533305,2869.505034,2661.798526,2876.669823,2869.505034,2742.695917,2946.652854,2869.505034,520.3031363,517.5174252,0.001001968,0.001005531,0.001008742,0.001011081,1302.331984,1302.331984,1302.331984,3189.051601,3189.051601,3189.051601,3189.051601,3189.051601
1/13/2001,1000.013102,1073.30402,1099.769811,1108.102128,1107.705444,1099.769811,2483.605466,3043.755772,2820.565017,2518.812822,3232.135548,2820.565017,2610.144329,3122.533305,2820.565017,2686.938133,2876.669823,2820.565017,506.4041013,503.7044709,0.001001968,0.001005531,0.001008742,0.001011081,1256.22009,1256.22009,1256.22009,3118.913106,3118.913106,3118.913106,3118.913106,3118.913106
1/14/2001,998.5834099,1094.120547,1094.803599,1073.651454,1073.30402,1094.803599,2467.322609,2931.751306,2796.310269,2471.81567,3043.755772,2796.310269,2557.298956,3232.135548,2796.310269,2624.073696,3122.533305,2796.310269,490.7115663,488.1087331,0.001001968,0.001005531,0.001008742,0.001011081,1213.109107,1213.109107,1213.109107,3057.347313,3057.347313,3057.347313,3057.347313,3057.347313
1/15/2001,1040.678807,1153.699877,1137.119679,1094.102954,1094.120547,1137.119679,2764.067628,4267.729269,3138.613986,2741.53539,2931.751306,3138.613986,2784.368506,3043.755772,3138.613986,2832.371793,3232.135548,3138.613986,492.1067245,489.4953025,0.001001968,0.001005531,0.001008742,0.001011081,1175.243874,1175.243874,1175.243874,3033.159097,3033.159097,3033.159097,3033.159097,3033.159097
1/16/2001,1099.784936,1208.121064,1197.295553,1152.740405,1153.699877,1197.295553,2908.204918,5191.091606,3306.501678,2881.782483,4267.729269,3306.501678,2887.478717,2931.751306,3306.501678,2948.64421,3043.755772,3306.501678,496.3158392,493.6784852,0.001001968,0.001005531,0.001008742,0.001011081,1147.097343,1147.097343,1147.097343,3027.096576,3027.096576,3027.096576,3027.096576,3027.096576
1/17/2001,1139.440789,1238.543007,1237.006489,1208.031961,1208.121064,1237.006489,2762.280028,4305.322398,3132.388847,2754.485218,5191.091606,3132.388847,2763.27693,4267.729269,3132.388847,2781.403603,2931.751306,3132.388847,495.6098159,492.9768138,0.001001968,0.001005531,0.001008742,0.001011081,1132.884096,1132.884096,1132.884096,3016.826963,3016.826963,3016.826963,3016.826963,3016.826963
1/18/2001,1158.888752,1289.952808,1257.948977,1238.761133,1238.543007,1257.948977,2694.309611,3672.573334,3051.617854,2698.421319,4305.322398,3051.617854,2743.23234,5191.091606,3051.617854,2719.099061,4267.729269,3051.617854,503.5804679,500.8982856,0.001001968,0.001005531,0.001008742,0.001011081,1133.823976,1133.823976,1133.823976,3015.220059,3015.220059,3015.220059,3015.220059,3015.220059
1/19/2001,1174.838476,1285.116874,1280.427584,1287.419056,1289.952808,1280.427584,3835.022805,3458.023876,4409.243647,3844.719101,3672.573334,4409.243647,3873.291913,4305.322398,4409.243647,3873.590852,5191.091606,4409.243647,534.845006,531.9688944,0.001001968,0.001005531,0.001008742,0.001011081,1148.374211,1148.374211,1148.374211,3217.508043,3217.508043,3217.508043,3217.508043,3217.508043
1/20/2001,1169.656544,1253.932186,1274.74472,1284.092562,1285.116874,1274.74472,4561.412423,3351.367076,5276.521212,4557.753832,3458.023876,5276.521212,4586.546455,3672.573334,5276.521212,4651.633541,4305.322398,5276.521212,531.2612764,528.407475,0.001001968,0.001005531,0.001008742,0.001011081,1170.801773,1170.801773,1170.801773,3556.669082,3556.669082,3556.669082,3556.669082,3556.669082
1/21/2001,1138.576187,1210.544117,1240.77138,1254.058474,1253.932186,1240.77138,3728.062271,3233.07477,4282.42674,3744.744026,3351.367076,4282.42674,3808.169807,3458.023876,4282.42674,3888.841277,3672.573334,4282.42674,518.4666024,515.6922838,0.001001968,0.001005531,0.001008742,0.001011081,1196.541769,1196.541769,1196.541769,3772.161592,3772.161592,3772.161592,3772.161592,3772.161592
1/22/2001,1098.323971,1168.605687,1196.629835,1210.649587,1210.544117,1196.629835,3160.075494,3122.800029,3604.829036,3187.796661,3233.07477,3604.829036,3269.789619,3351.367076,3604.829036,3327.897206,3458.023876,3604.829036,501.3328784,498.6645751,0.001001968,0.001005531,0.001008742,0.001011081,1219.602293,1219.602293,1219.602293,3857.16487,3857.16487,3857.16487,3857.16487,3857.16487
1/23/2001,1060.289251,1129.199185,1155.110959,1168.704024,1168.605687,1155.110959,2944.922653,3065.865419,3353.789901,2973.926278,3122.800029,3353.789901,3057.027445,3233.07477,3353.789901,3153.92394,3351.367076,3353.789901,486.0107926,483.4368728,0.001001968,0.001005531,0.001008742,0.001011081,1233.291475,1233.291475,1233.291475,3891.225964,3891.225964,3891.225964,3891.225964,3891.225964
1/24/2001,1024.673319,1089.418035,1116.356501,1129.294123,1129.199185,1116.356501,2815.789423,2977.99234,3205.059358,2844.190555,3065.865419,3205.059358,2925.192447,3122.800029,3205.059358,3019.906048,3233.07477,3205.059358,472.222347,469.7330119,0.001001968,0.001005531,0.001008742,0.001011081,1233.405944,1233.405944,1233.405944,3924.868545,3924.868545,3924.868545,3924.868545,3924.868545
1/25/2001,989.0437853,1048.511524,1077.288606,1089.51079,1089.418035,1077.288606,2714.084759,2882.964879,3088.326804,2741.155614,2977.99234,3088.326804,2818.869573,3065.865419,3088.326804,2912.187495,3122.800029,3088.326804,456.8706803,454.4751153,0.001001968,0.001005531,0.001008742,0.001011081,1218.772872,1218.772872,1218.772872,3946.686887,3946.686887,3946.686887,3946.686887,3946.686887
1/26/2001,951.8566554,1019.315184,1036.206706,1048.603245,1048.511524,1036.206706,2622.001271,3486.659897,2981.950393,2648.360294,2882.964879,2981.950393,2722.151258,2977.99234,2981.950393,2811.06365,3065.865419,2981.950393,439.1783825,436.8903382,0.001001968,0.001005531,0.001008742,0.001011081,1190.473434,1190.473434,1190.473434,3760.642153,3760.642153,3760.642153,3760.642153,3760.642153
1/27/2001,928.7375546,995.735301,1011.555325,1019.406813,1019.315184,1011.555325,2589.422614,5797.518599,2946.612559,2610.384004,3486.659897,2946.612559,2682.408118,2882.964879,2946.612559,2757.504952,2977.99234,2946.612559,432.8487096,430.5989861,0.001001968,0.001005531,0.001008742,0.001011081,1155.563974,1155.563974,1155.563974,3438.985178,3438.985178,3438.985178,3438.985178,3438.985178
1/28/2001,904.3712524,963.1450904,985.7964065,995.8274622,995.735301,985.7964065,2526.415165,5833.494338,2875.854671,2549.360528,5797.518599,2875.854671,2615.771218,3486.659897,2875.854671,2689.385376,2882.964879,2875.854671,427.1342842,424.919089,0.001001968,0.001005531,0.001008742,0.001011081,1118.594867,1118.594867,1118.594867,3237.035629,3237.035629,3237.035629,3237.035629,3237.035629
1/29/2001,874.438719,1041.077672,953.0029055,963.2384984,963.1450904,953.0029055,2448.762961,5304.427115,2785.389015,2471.585497,5833.494338,2785.389015,2538.15942,5797.518599,2785.389015,2604.44839,3486.659897,2785.389015,414.1860116,412.0488112,0.001001968,0.001005531,0.001008742,0.001011081,1082.318691,1082.318691,1082.318691,3116.633958,3116.633958,3116.633958,3116.633958,3116.633958
1/30/2001,908.0031719,1668.119114,997.3166582,997.4804301,1041.077672,997.3166582,3107.649164,5687.781063,3560.564427,3114.332361,5304.427115,3560.564427,3178.375485,5833.494338,3560.564427,3107.153747,5797.518599,3560.564427,467.2827323,464.8236161,0.001001968,0.001005531,0.001008742,0.001011081,1056.805089,1056.805089,1056.805089,3132.350188,3132.350188,3132.350188,3132.350188,3132.350188
1/31/2001,1721.805496,2188.794382,1907.357062,1665.35666,1668.119114,1907.357062,6024.631981,5589.482383,7014.415881,5795.534965,5687.781063,7014.415881,5656.927464,5304.427115,7014.415881,5255.903738,5833.494338,7014.415881,862.019059,857.0334203,0.001001968,0.001005531,0.001008742,0.001011081,1098.275302,1098.275302,1098.275302,3515.679488,3515.679488,3515.679488,3515.679488,3515.679488
2/1/2001,2079.116558,2334.157311,2301.117591,2193.781098,2188.794382,2301.117591,6236.385137,5773.673871,7246.276817,6161.775939,5589.482383,7246.276817,5918.876536,5687.781063,7246.276817,5630.544588,5304.427115,7246.276817,1014.807545,1008.797256,0.001001968,0.001005531,0.001008742,0.001011081,1200.463868,1200.463868,1200.463868,3946.85083,3946.85083,3946.85083,3946.85083,3946.85083
2/2/2001,2305.28488,2680.652691,2559.328015,2337.200786,2334.157311,2559.328015,5465.800452,9204.418268,6330.766252,5303.353539,5773.673871,6330.766252,5499.211976,5589.482383,6330.766252,5083.518811,5687.781063,6330.766252,1174.992714,1167.887096,0.001001968,0.001005531,0.001008742,0.001011081,1382.598873,1382.598873,1382.598873,4351.229054,4351.229054,4351.229054,4351.229054,4351.229054
2/3/2001,2337.748505,2182.709687,2627.367169,2682.188695,2680.652691,2627.367169,5499.244906,8046.062873,6421.895979,5624.943903,9204.418268,6421.895979,5653.186354,5773.673871,6421.895979,5625.478596,5589.482383,6421.895979,1333.274603,1325.068333,0.001001968,0.001005531,0.001008742,0.001011081,1589.354044,1589.354044,1589.354044,4776.126665,4776.126665,4776.126665,4776.126665,4776.126665
2/4/2001,1894.809074,1928.900412,2089.473682,2183.82061,2182.709687,2089.473682,4567.395186,6400.445435,5260.829406,4704.949459,8046.062873,5260.829406,4927.307895,9204.418268,5260.829406,5247.760401,5773.673871,5260.829406,924.7894864,919.3854685,0.001001968,0.001005531,0.001008742,0.001011081,1768.744575,1768.744575,1768.744575,5174.99358,5174.99358,5174.99358,5174.99358,5174.99358
2/5/2001,1711.675228,2601.481439,1876.556194,1929.835774,1928.900412,1876.556194,4455.250879,5766.091063,5119.261564,4537.814955,6400.445435,5119.261564,4765.092168,8046.062873,5119.261564,5055.834187,9204.418268,5119.261564,795.1240625,790.5799971,0.001001968,0.001005531,0.001008742,0.001011081,1921.443252,1921.443252,1921.443252,5604.733434,5604.733434,5604.733434,5604.733434,5604.733434
2/6/2001,2233.520793,2195.480787,2563.824394,2602.283052,2601.481439,2563.824394,8001.907139,5873.0438,9528.050864,8065.63959,5766.091063,9528.050864,8302.632439,6400.445435,9528.050864,7887.303926,8046.062873,9528.050864,1513.732562,1504.251964,0.001001968,0.001005531,0.001008742,0.001011081,2154.79866,2154.79866,2154.79866,6381.289254,6381.289254,6381.289254,6381.289254,6381.289254
2/7/2001,1930.66169,1992.021187,2171.02492,2196.175302,2195.480787,2171.02492,6946.330705,5348.082471,8178.139254,6981.375114,5873.0438,8178.139254,7122.409419,5766.091063,8178.139254,7682.378624,6400.445435,8178.139254,1128.313981,1121.529589,0.001001968,0.001005531,0.001008742,0.001011081,2264.714234,2264.714234,2264.714234,6655.159577,6655.159577,6655.159577,6655.159577,6655.159577
2/8/2001,1759.416502,1915.036323,1964.454603,1992.629034,1992.021187,1964.454603,4873.179986,5943.772645,5670.994261,4937.970772,5348.082471,5670.994261,5124.403038,5873.0438,5670.994261,5398.06609,5766.091063,5670.994261,976.5186879,970.7671422,0.001001968,0.001005531,0.001008742,0.001011081,2295.242475,2295.242475,2295.242475,6677.396831,6677.396831,6677.396831,6677.396831,6677.396831
2/9/2001,1697.073714,1622.237871,1892.777275,1910.286546,1915.036323,1892.777275,4662.534427,6572.103842,5418.823945,4716.066606,5943.772645,5418.823945,4889.275676,5348.082471,5418.823945,5058.249772,5873.0438,5418.823945,936.8870607,931.4019846,0.001001968,0.001005531,0.001008742,0.001011081,2238.877682,2238.877682,2238.877682,6646.284265,6646.284265,6646.284265,6646.284265,6646.284265
2/10/2001,1814.228234,2388.510352,1921.992893,1619.801794,1622.237871,1921.992893,5254.263852,6503.298243,5946.359318,4954.726483,6572.103842,5946.359318,4854.649922,5943.772645,5946.359318,5247.260432,5348.082471,5946.359318,506.5908335,503.8900488,0.001001968,0.001005531,0.001008742,0.001011081,2096.998046,2096.998046,2096.998046,6637.772396,6637.772396,6637.772396,6637.772396,6637.772396
2/11/2001,2544.843006,3654.3155,2745.602215,2389.925448,2388.510352,2745.602215,5539.164736,6425.002958,6283.088865,5230.382654,6503.298243,6283.088865,5033.105893,6572.103842,6283.088865,4562.155883,5943.772645,6283.088865,936.2466562,930.7658744,0.001001968,0.001005531,0.001008742,0.001011081,2066.661174,2066.661174,2066.661174,6619.718943,6619.718943,6619.718943,6619.718943,6619.718943
2/12/2001,3176.589531,2912.656724,3609.452586,3654.816632,3654.3155,3609.452586,6768.60056,6312.163124,7978.716831,6932.144669,6425.002958,7978.716831,7016.788382,6503.298243,7978.716831,5820.098639,6572.103842,7978.716831,1932.071371,1919.569254,0.001001968,0.001005531,0.001008742,0.001011081,2256.159582,2256.159582,2256.159582,6694.805071,6694.805071,6694.805071,6694.805071,6694.805071
2/13/2001,2404.306314,2242.512017,2680.104854,2913.064852,2912.656724,2680.104854,6123.272959,6801.998425,7131.820352,6410.108629,6312.163124,7131.820352,6686.485831,6425.002958,7131.820352,7195.460521,6503.298243,7131.820352,1278.419868,1270.596959,0.001001968,0.001005531,0.001008742,0.001011081,2305.643613,2305.643613,2305.643613,6429.41252,6429.41252,6429.41252,6429.41252,6429.41252
2/14/2001,2002.304281,2422.290498,2183.725439,2241.813794,2242.512017,2183.725439,4628.500552,6775.017326,5284.69557,4728.279978,6801.998425,5284.69557,5116.834337,6312.163124,5284.69557,5675.410756,6425.002958,5284.69557,868.6715815,863.6417819,0.001001968,0.001005531,0.001008742,0.001011081,2346.519372,2346.519372,2346.519372,6255.548927,6255.548927,6255.548927,6255.548927,6255.548927
2/15/2001,2308.972521,2520.369705,2513.078874,2422.269477,2422.290498,2513.078874,5276.874568,6427.723404,6022.638314,5237.820769,6775.017326,6022.638314,5267.345953,6801.998425,6022.638314,5458.725739,6312.163124,6022.638314,935.5425015,930.0664411,0.001001968,0.001005531,0.001008742,0.001011081,2385.265986,2385.265986,2385.265986,6222.729766,6222.729766,6222.729766,6222.729766,6222.729766
2/16/2001,2383.975902,2922.167316,2589.461276,2521.138316,2520.369705,2589.461276,5662.829738,6067.528887,6471.121005,5637.963121,6427.723404,6471.121005,5692.501247,6775.017326,6471.121005,5651.709848,6801.998425,6471.121005,952.45407,946.8644936,0.001001968,0.001005531,0.001008742,0.001011081,2454.996691,2454.996691,2454.996691,6298.947273,6298.947273,6298.947273,6298.947273,6298.947273
2/17/2001,2625.081686,2702.444795,2924.506761,2922.517911,2922.167316,2924.506761,6385.208308,5751.559948,7423.506154,6450.101883,6067.528887,7423.506154,6687.884422,6427.723404,7423.506154,6268.480027,6775.017326,7423.506154,1372.52737,1364.045591,0.001001968,0.001005531,0.001008742,0.001011081,2660.975766,2660.975766,2660.975766,6458.387236,6458.387236,6458.387236,6458.387236,6458.387236
2/18/2001,2329.015362,2315.996657,2585.291338,2702.756906,2702.444795,2585.291338,5938.554246,5549.147081,6890.159716,6107.267214,5751.559948,6890.159716,6324.353662,6067.528887,6890.159716,6659.328992,6427.723404,6890.159716,1192.691335,1185.463504,0.001001968,0.001005531,0.001008742,0.001011081,2758.640184,2758.640184,2758.640184,6637.250748,6637.250748,6637.250748,6637.250748,6637.250748
2/19/2001,2038.594951,2156.317819,2240.514047,2316.297907,2315.996657,2240.514047,4901.146675,5343.431846,5634.028307,5021.314224,5549.147081,5634.028307,5316.148307,5751.559948,5634.028307,5708.939733,6067.528887,5634.028307,959.3218093,953.6860612,0.001001968,0.001005531,0.001008742,0.001011081,2628.530186,2628.530186,2628.530186,6626.208211,6626.208211,6626.208211,6626.208211,6626.208211
2/20/2001,1967.074232,2109.62245,2154.837833,2156.599186,2156.317819,2154.837833,4721.490481,5260.467,5415.701436,4763.546037,5343.431846,5415.701436,4994.557432,5549.147081,5415.701436,5290.736544,5751.559948,5415.701436,899.3200575,894.0862512,0.001001968,0.001005531,0.001008742,0.001011081,2522.757902,2522.757902,2522.757902,6440.510096,6440.510096,6440.510096,6440.510096,6440.510096
2/21/2001,2049.724605,2334.938136,2226.959002,2109.906983,2109.62245,2226.959002,4876.554777,5509.407988,5562.263322,4797.214772,5260.467,5562.263322,4920.343614,5343.431846,5562.263322,5073.397267,5549.147081,5562.263322,851.8791298,846.9607179,0.001001968,0.001005531,0.001008742,0.001011081,2466.856218,2466.856218,2466.856218,6277.013303,6277.013303,6277.013303,6277.013303,6277.013303
2/22/2001,2212.012932,2422.511982,2413.494792,2335.222674,2334.938136,2413.494792,5000.118666,6765.763078,5718.886436,4967.276075,5509.407988,5718.886436,4996.54879,5260.467,5718.886436,5003.261033,5343.431846,5718.886436,960.7404033,955.0951128,0.001001968,0.001005531,0.001008742,0.001011081,2453.193028,2453.193028,2453.193028,6185.304355,6185.304355,6185.304355,6185.304355,6185.304355
2/23/2001,2128.718802,2129.490295,2336.916235,2422.782781,2422.511982,2336.916235,4843.111425,7042.772368,5551.877532,4978.996368,6765.763078,5551.877532,5078.505997,5509.407988,5551.877532,4964.407317,5260.467,5551.877532,992.9552068,987.0927423,0.001001968,0.001005531,0.001008742,0.001011081,2442.677281,2442.677281,2442.677281,6081.898026,6081.898026,6081.898026,6081.898026,6081.898026
2/24/2001,1890.797546,2083.449355,2057.26872,2129.755563,2129.490295,2057.26872,4474.920011,6422.69112,5101.487496,4582.65198,7042.772368,5101.487496,4807.226328,6765.763078,5101.487496,5024.986231,5509.407988,5101.487496,809.3960627,804.7581772,0.001001968,0.001005531,0.001008742,0.001011081,2342.632784,2342.632784,2342.632784,5855.191235,5855.191235,5855.191235,5855.191235,5855.191235
2/25/2001,1857.423266,2396.80877,2028.301038,2083.067427,2083.449355,2028.301038,4523.56715,6256.216173,5168.212972,4614.374844,6422.69112,5168.212972,4799.604783,7042.772368,5168.212972,4926.492759,6765.763078,5168.212972,828.9640433,824.1971757,0.001001968,0.001005531,0.001008742,0.001011081,2258.09379,2258.09379,2258.09379,5658.455336,5658.455336,5658.455336,5658.455336,5658.455336
2/26/2001,2176.608044,2387.200874,2400.934979,2396.786132,2396.80877,2400.934979,6164.506511,6071.524325,7131.062381,6199.289171,6256.216173,7131.062381,6249.568686,6422.69112,7131.062381,6050.504975,7042.772368,7131.062381,1044.820744,1038.606773,0.001001968,0.001005531,0.001008742,0.001011081,2234.261117,2234.261117,2234.261117,5713.589961,5713.589961,5713.589961,5713.589961,5713.589961
2/27/2001,2181.227585,2250.316785,2390.943237,2387.665049,2387.200874,2390.943237,6429.97532,5786.589195,7426.239654,6453.120544,6071.524325,7426.239654,6520.954953,6256.216173,7426.239654,6612.399275,6422.69112,7426.239654,980.6514782,974.8720652,0.001001968,0.001005531,0.001008742,0.001011081,2245.284396,2245.284396,2245.284396,5903.463749,5903.463749,5903.463749,5903.463749,5903.463749
2/28/2001,2041.28917,2160.840194,2234.422053,2250.58267,2250.316785,2234.422053,5476.671745,5715.559114,6291.174182,5527.727471,5786.589195,6291.174182,5725.416872,6071.524325,6291.174182,5858.277521,6256.216173,6291.174182,915.2448689,909.9047083,0.001001968,0.001005531,0.001008742,0.001011081,2275.618276,2275.618276,2275.618276,6052.748774,6052.748774,6052.748774,6052.748774,6052.748774
3/1/2001,1935.875246,2015.125785,2120.083108,2161.091257,2160.840194,2120.083108,5178.958005,5892.257946,5949.139919,5252.53704,5715.559114,5949.139919,5425.782519,5786.589195,5949.139919,5665.76981,6071.524325,5949.139919,879.526823,874.424871,0.001001968,0.001005531,0.001008742,0.001011081,2274.985806,2274.985806,2274.985806,6156.176752,6156.176752,6156.176752,6156.176752,6156.176752
3/2/2001,1809.178833,1917.929489,1976.650652,2015.375171,2015.125785,1976.650652,4935.427973,5601.919094,5659.166306,5001.545481,5892.257946,5659.166306,5180.765555,5715.559114,5659.166306,5394.556258,5786.589195,5659.166306,807.8864647,803.2585131,0.001001968,0.001005531,0.001008742,0.001011081,2235.277434,2235.277434,2235.277434,6218.685702,6218.685702,6218.685702,6218.685702,6218.685702
3/3/2001,1724.527584,1843.865692,1883.859788,1918.177127,1917.929489,1883.859788,4729.311032,5167.48122,5420.499881,4789.140181,5601.919094,5420.499881,4951.647261,5892.257946,5420.499881,5156.796557,5715.559114,5420.499881,773.6882984,769.2847344,0.001001968,0.001005531,0.001008742,0.001011081,2198.533887,2198.533887,2198.533887,6246.259277,6246.259277,6246.259277,6246.259277,6246.259277
3/4/2001,1658.628378,1759.713189,1812.662542,1844.111434,1843.865692,1812.662542,4723.041491,5031.49752,5417.019304,4776.203753,5167.48122,5417.019304,4920.879913,5601.919094,5417.019304,5080.519273,5892.257946,5417.019304,751.654775,747.3951028,0.001001968,0.001005531,0.001008742,0.001011081,2162.362781,2162.362781,2162.362781,6261.88027,6261.88027,6261.88027,6261.88027,6261.88027
3/5/2001,1584.7719,1689.446683,1731.009827,1759.95718,1759.713189,1731.009827,4930.774248,5280.062623,5664.998513,4972.752578,5031.49752,5664.998513,5102.208883,5167.48122,5664.998513,5244.465378,5601.919094,5664.998513,718.184714,714.1425624,0.001001968,0.001005531,0.001008742,0.001011081,2092.303654,2092.303654,2092.303654,6136.924067,6136.924067,6136.924067,6136.924067,6136.924067
3/6/2001,1522.451861,1616.788539,1662.912654,1689.689114,1689.446683,1662.912654,4682.337573,5215.328692,5373.830863,4722.822248,5280.062623,5373.830863,4845.324159,5031.49752,5373.830863,5016.091005,5167.48122,5373.830863,693.5345971,689.6517991,0.001001968,0.001005531,0.001008742,0.001011081,2006.828072,2006.828072,2006.828072,5903.178729,5903.178729,5903.178729,5903.178729,5903.178729
3/7/2001,1457.596386,1550.162017,1592.143922,1617.029845,1616.788539,1592.143922,4302.112171,5010.281727,4924.537062,4344.621357,5215.328692,4924.537062,4471.43219,5280.062623,4924.537062,4622.595992,5031.49752,4924.537062,668.4191026,664.6978985,0.001001968,0.001005531,0.001008742,0.001011081,1912.903224,1912.903224,1912.903224,5688.090657,5688.090657,5688.090657,5688.090657,5688.090657
3/8/2001,1400.284615,1522.200965,1529.569488,1550.401909,1550.162017,1529.569488,4193.856708,4962.559241,4800.558309,4230.554045,5010.281727,4800.558309,4349.841374,5215.328692,4800.558309,4499.882151,5280.062623,4800.558309,646.0383477,642.4604654,0.001001968,0.001005531,0.001008742,0.001011081,1824.363949,1824.363949,1824.363949,5507.642225,5507.642225,5507.642225,5507.642225,5507.642225
3/9/2001,1375.887686,1521.068474,1507.030833,1522.439249,1522.200965,1507.030833,4420.539581,8134.911484,5083.532123,4445.931188,4962.559241,5083.532123,4554.28252,5010.281727,5083.532123,4694.491788,5215.328692,5083.532123,656.3979509,652.7538087,0.001001968,0.001005531,0.001008742,0.001011081,1748.93544,1748.93544,1748.93544,5397.717176,5397.717176,5397.717176,5397.717176,5397.717176
3/10/2001,1369.902247,1456.284361,1507.257776,1521.305561,1521.068474,1507.257776,4408.932193,9144.288736,5081.933162,4434.623554,8134.911484,5081.933162,4541.738322,4962.559241,5081.933162,4640.996389,5010.281727,5081.933162,686.6354867,682.7971562,0.001001968,0.001005531,0.001008742,0.001011081,1687.814353,1687.814353,1687.814353,5318.79366,5318.79366,5318.79366,5318.79366,5318.79366
3/11/2001,1308.548458,1431.273973,1438.014761,1456.520518,1456.284361,1438.014761,4262.88807,8040.79983,4902.74557,4292.663103,9144.288736,4902.74557,4393.97875,8134.911484,4902.74557,4500.782041,4962.559241,4902.74557,651.7965757,648.1818811,0.001001968,0.001005531,0.001008742,0.001011081,1629.325477,1629.325477,1629.325477,5231.836577,5231.836577,5231.836577,5231.836577,5231.836577
3/12/2001,1276.548455,2365.221234,1403.472551,1418.37337,1431.273973,1403.472551,4219.539876,8005.802326,4853.587632,4245.26948,8040.79983,4853.587632,4343.068123,9144.288736,4853.587632,4453.813378,8134.911484,4853.587632,641.0044514,637.458715,0.001001968,0.001005531,0.001008742,0.001011081,1577.347627,1577.347627,1577.347627,5106.525483,5106.525483,5106.525483,5106.525483,5106.525483
3/13/2001,2179.151998,2890.409962,2470.298706,2334.961214,2365.221234,2470.298706,8153.355251,8876.732941,9611.634817,8056.225207,8005.802326,9611.634817,7986.728229,8040.79983,9611.634817,7256.121769,9144.288736,9611.634817,1295.799014,1287.854861,0.001001968,0.001005531,0.001008742,0.001011081,1628.597243,1628.597243,1628.597243,5495.897448,5495.897448,5495.897448,5495.897448,5495.897448
3/14/2001,2769.713328,2938.99613,3106.224282,2883.065896,2890.409962,3106.224282,9519.005738,9562.146594,11188.81515,9341.879355,8876.732941,11188.81515,9190.353089,8005.802326,11188.81515,8846.410553,8040.79983,11188.81515,1461.504848,1452.39505,0.001001968,0.001005531,0.001008742,0.001011081,1753.374703,1753.374703,1753.374703,6153.459826,6153.459826,6153.459826,6153.459826,6153.459826
3/15/2001,2726.094566,2968.326088,3037.236897,2942.509632,2938.99613,3037.236897,7602.878277,9282.885109,8851.564595,7572.973803,9562.146594,8851.564595,7661.200986,8876.732941,8851.564595,7548.915443,8005.802326,8851.564595,1387.66547,1379.077181,0.001001968,0.001005531,0.001008742,0.001011081,1927.976359,1927.976359,1927.976359,6695.518347,6695.518347,6695.518347,6695.518347,6695.518347
3/16/2001,2834.982547,3589.447913,3129.524883,2955.313743,2968.326088,3129.524883,7410.331651,8978.95688,8575.88978,7303.011256,9282.885109,8575.88978,7428.786494,9562.146594,8575.88978,7474.541985,8876.732941,8575.88978,1318.946064,1310.84012,0.001001968,0.001005531,0.001008742,0.001011081,2114.906115,2114.906115,2114.906115,7161.514123,7161.514123,7161.514123,7161.514123,7161.514123
3/17/2001,3389.931752,4103.288692,3768.723963,3575.343972,3589.447913,3768.723963,8553.823254,9315.390732,9952.838744,8452.757203,8978.95688,9952.838744,8460.696142,9282.885109,9952.838744,8139.220928,9562.146594,9952.838744,1653.193332,1642.715224,0.001001968,0.001005531,0.001008742,0.001011081,2365.200285,2365.200285,2365.200285,7740.096827,7740.096827,7740.096827,7740.096827,7740.096827
3/18/2001,3619.332156,3665.087492,4067.695852,4101.439466,4103.288692,4067.695852,9179.74819,9946.719351,10764.26291,9323.698574,9315.390732,10764.26291,9417.877166,8978.95688,10764.26291,9046.904716,9282.885109,10764.26291,1926.925256,1914.460815,0.001001968,0.001005531,0.001008742,0.001011081,2704.934868,2704.934868,2704.934868,8459.190992,8459.190992,8459.190992,8459.190992,8459.190992
3/19/2001,3273.094269,3439.863587,3640.71226,3664.754035,3665.087492,3640.71226,8158.495982,12463.97086,9493.232375,8269.840746,9946.719351,9493.232375,8671.349502,9315.390732,9493.232375,8894.762873,8978.95688,9493.232375,1620.873998,1610.627983,0.001001968,0.001005531,0.001008742,0.001011081,3040.592383,3040.592383,3040.592383,9149.548188,9149.548188,9149.548188,9149.548188,9149.548188
3/20/2001,3205.008412,4195.590045,3529.356611,3428.730099,3439.863587,3529.356611,7467.46512,13195.12791,8611.247319,7450.526242,12463.97086,8611.247319,7753.634281,9946.719351,8611.247319,8175.795137,9315.390732,8611.247319,1443.945969,1434.960479,0.001001968,0.001005531,0.001008742,0.001011081,3239.863159,3239.863159,3239.863159,9267.381395,9267.381395,9267.381395,9267.381395,9267.381395
3/21/2001,3631.944118,6611.234608,4013.068788,3768.611301,4195.590045,4013.068788,8355.136444,14187.14882,9658.755085,8210.655227,13195.12791,9658.755085,8414.717592,12463.97086,9658.755085,8248.342129,9946.719351,9658.755085,1681.102387,1670.423426,0.001001968,0.001005531,0.001008742,0.001011081,3403.084471,3403.084471,3403.084471,9208.406703,9208.406703,9208.406703,9208.406703,9208.406703
3/22/2001,7242.297607,8846.624267,8075.089626,6684.192394,6611.234608,8075.089626,13332.28255,14129.25679,15441.86606,12265.34576,14187.14882,15441.86606,11936.61923,13195.12791,15441.86606,9470.48637,12463.97086,15441.86606,3163.0311,3141.236052,0.001001968,0.001005531,0.001008742,0.001011081,3814.766673,3814.766673,3814.766673,9539.486682,9539.486682,9539.486682,9539.486682,9539.486682
3/23/2001,8006.000268,8067.743314,9089.947001,8971.37158,8846.624267,9089.947001,15500.28561,12766.13846,18306.35358,15733.89637,14129.25679,18306.35358,15385.07048,14187.14882,18306.35358,13666.47759,13195.12791,18306.35358,4271.333156,4240.808895,0.001001968,0.001005531,0.001008742,0.001011081,4509.059082,4509.059082,4509.059082,10395.13925,10395.13925,10395.13925,10395.13925,10395.13925
3/24/2001,6928.113453,6670.652789,7845.969872,8097.323148,8067.743314,7845.969872,12800.62897,11463.64472,15044.6897,13358.20762,12766.13846,15044.6897,14339.58983,14129.25679,15044.6897,14021.98012,14187.14882,15044.6897,3720.10762,3693.960199,0.001001968,0.001005531,0.001008742,0.001011081,5220.052967,5220.052967,5220.052967,11251.89519,11251.89519,11251.89519,11251.89519,11251.89519
3/25/2001,5621.283622,5552.235238,6280.824107,6690.748576,6670.652789,6280.824107,10748.79029,10416.15698,12486.99198,11373.81209,11463.64472,12486.99198,12318.12099,12766.13846,12486.99198,13813.87579,14129.25679,12486.99198,2742.083946,2723.522886,0.001001968,0.001005531,0.001008742,0.001011081,5679.672772,5679.672772,5679.672772,11950.38999,11950.38999,11950.38999,11950.38999,11950.38999
3/26/2001,4710.801549,4858.729552,5221.722257,5565.295182,5552.235238,5221.722257,9319.378089,14264.19298,10758.3523,9824.448646,10416.15698,10758.3523,10771.66207,11463.64472,10758.3523,12015.02241,12766.13846,10758.3523,2170.443945,2156.18435,0.001001968,0.001005531,0.001008742,0.001011081,6007.969063,6007.969063,6007.969063,12448.11327,12448.11327,12448.11327,12448.11327,12448.11327
3/27/2001,4196.532599,4436.986755,4641.951972,4868.661185,4858.729552,4641.951972,8718.963598,17596.6484,10064.2005,9077.201942,14264.19298,10064.2005,9858.968676,10416.15698,10064.2005,10887.18184,11463.64472,10064.2005,1918.428534,1906.026274,0.001001968,0.001005531,0.001008742,0.001011081,6266.342669,6266.342669,6266.342669,12808.41977,12808.41977,12808.41977,12808.41977,12808.41977
3/28/2001,3866.563016,4134.828847,4281.123388,4444.902195,4436.986755,4281.123388,8172.93323,14794.54934,9443.232538,8456.04634,17596.6484,9443.232538,9078.746433,14264.19298,9443.232538,9828.434426,10416.15698,9443.232538,1803.059799,1791.498595,0.001001968,0.001005531,0.001008742,0.001011081,6417.991934,6417.991934,6417.991934,12959.90249,12959.90249,12959.90249,12959.90249,12959.90249
3/29/2001,3610.985036,7090.16508,3997.416955,4106.091927,4134.828847,3997.416955,7793.465702,14486.54415,9004.138332,8011.105927,14794.54934,9004.138332,8535.615797,17596.6484,9004.138332,9094.811882,14264.19298,9004.138332,1695.684587,1684.900524,0.001001968,0.001005531,0.001008742,0.001011081,6222.37103,6222.37103,6222.37103,12750.68814,12750.68814,12750.68814,12750.68814,12750.68814
3/30/2001,6607.297441,9543.989447,7602.385676,6982.036459,7090.16508,7602.385676,15348.45458,14064.97761,18274.05969,15038.51734,14486.54415,18274.05969,15258.82768,14794.54934,18274.05969,12638.22946,17596.6484,18274.05969,3935.430549,3907.581168,0.001001968,0.001005531,0.001008742,0.001011081,6031.483829,6031.483829,6031.483829,12743.37551,12743.37551,12743.37551,12743.37551,12743.37551
3/31/2001,8387.425634,7882.568756,9749.788199,9526.982174,9543.989447,9749.788199,19818.8635,12105.92744,23845.22928,19985.10582,14064.97761,23845.22928,19929.52009,14486.54415,23845.22928,18212.99065,14794.54934,23845.22928,5245.423106,5207.02038,0.001001968,0.001005531,0.001008742,0.001011081,6050.653438,6050.653438,6050.653438,13284.636,13284.636,13284.636,13284.636,13284.636
4/1/2001,6622.209572,6352.369209,7636.776068,7903.290011,7882.568756,7636.776068,13032.26998,10371.67112,15509.34798,13634.59477,12105.92744,15509.34798,14943.48998,14064.97761,15509.34798,15449.44118,14486.54415,15509.34798,4061.501325,4032.650763,0.001001968,0.001005531,0.001008742,0.001011081,6232.163285,6232.163285,6232.163285,13527.33648,13527.33648,13527.33648,13527.33648,13527.33648
4/2/2001,5380.111864,5331.287764,6125.119394,6357.234694,6352.369209,6125.119394,9975.002205,9078.302819,11716.59451,10472.43028,10371.67112,11716.59451,11615.97533,12105.92744,11716.59451,13393.47614,14064.97761,11716.59451,3044.88688,3024.0046,0.001001968,0.001005531,0.001008742,0.001011081,6341.266765,6341.266765,6341.266765,13737.60401,13737.60401,13737.60401,13737.60401,13737.60401
4/3/2001,4643.451146,4897.148376,5224.961437,5345.095721,5331.287764,5224.961437,9120.5075,8676.4199,10624.298,9435.240507,9078.302819,10624.298,10314.49112,10371.67112,10624.298,11681.89448,12105.92744,10624.298,2435.964048,2419.720629,0.001001968,0.001005531,0.001008742,0.001011081,6404.340086,6404.340086,6404.340086,13910.25273,13910.25273,13910.25273,13910.25273,13910.25273
4/4/2001,4376.367195,4660.155406,4893.339964,4885.924124,4897.148376,4893.339964,8634.321803,9279.144753,10001.17253,8799.551173,8676.4199,10001.17253,9429.083541,9078.302819,10001.17253,10185.74105,10371.67112,10001.17253,2191.741801,2177.324057,0.001001968,0.001005531,0.001008742,0.001011081,6453.343217,6453.343217,6453.343217,14020.1172,14020.1172,14020.1172,14020.1172,14020.1172
4/5/2001,4301.198513,4816.275355,4755.201828,4616.223065,4660.155406,4755.201828,8242.401334,10177.95666,9444.607435,8261.149005,9279.144753,9444.607435,8663.913031,8676.4199,9444.607435,9142.052203,9078.302819,9444.607435,1936.498452,1923.963914,0.001001968,0.001005531,0.001008742,0.001011081,6498.262631,6498.262631,6498.262631,14058.63169,14058.63169,14058.63169,14058.63169,14058.63169
4/6/2001,4504.917703,5256.713875,4942.515147,4707.180103,4816.275355,4942.515147,8035.016441,12271.68474,9113.20197,7965.899322,10177.95666,9113.20197,8218.096434,9279.144753,9113.20197,8234.514797,8676.4199,9113.20197,1860.457226,1848.478347,0.001001968,0.001005531,0.001008742,0.001011081,6240.071656,6240.071656,6240.071656,13307.29232,13307.29232,13307.29232,13307.29232,13307.29232
4/7/2001,5055.013189,7333.579905,5499.010637,5115.879437,5256.713875,5499.010637,8800.225996,15799.0397,9896.491847,8598.699257,12271.68474,9896.491847,8661.133042,10177.95666,9896.491847,8290.518822,9279.144753,9896.491847,1841.51663,1829.675749,0.001001968,0.001005531,0.001008742,0.001011081,5723.483067,5723.483067,5723.483067,11921.09985,11921.09985,11921.09985,11921.09985,11921.09985
4/8/2001,6910.040337,10805.28792,7624.21777,6817.885773,7333.579905,7624.21777,11017.06746,19902.36625,12566.23769,10497.18723,15799.0397,12566.23769,10580.88007,12271.68474,12566.23769,9175.074462,10177.95666,12566.23769,2860.91371,2841.444956,0.001001968,0.001005531,0.001008742,0.001011081,5427.982714,5427.982714,5427.982714,11006.0008,11006.0008,11006.0008,11006.0008,11006.0008
4/9/2001,9284.885559,11646.72739,10509.84047,9854.997278,10805.28792,10509.84047,13651.39605,18783.84647,15990.77286,13496.98921,19902.36625,15990.77286,13900.87531,15799.0397,15990.77286,11158.17399,12271.68474,15990.77286,4681.612309,4647.790531,0.001001968,0.001005531,0.001008742,0.001011081,5756.908394,5756.908394,5756.908394,10568.29909,10568.29909,10568.29909,10568.29909,10568.29909
4/10/2001,12518.0667,14748.13963,13928.91667,12124.51104,11646.72739,13928.91667,17432.29197,18960.15644,20077.25872,16258.17139,18783.84647,20077.25872,16403.97393,19902.36625,20077.25872,14476.90554,15799.0397,20077.25872,4978.819368,4942.589578,0.001001968,0.001005531,0.001008742,0.001011081,6523.427728,6523.427728,6523.427728,10891.5876,10891.5876,10891.5876,10891.5876,10891.5876
4/11/2001,14177.65891,15462.85155,16000.16495,14860.82877,14748.13963,16000.16495,19153.4606,18706.39945,22461.2773,18737.05247,18960.15644,22461.2773,18936.68641,18783.84647,22461.2773,16878.36404,19902.36625,22461.2773,6764.169577,6713.183765,0.001001968,0.001005531,0.001008742,0.001011081,7716.996324,7716.996324,7716.996324,11883.52216,11883.52216,11883.52216,11883.52216,11883.52216
4/12/2001,12100.16878,10272.42393,13793.71389,15040.74333,15462.85155,13793.71389,18752.41118,16123.3413,22265.75178,20610.14902,18706.39945,22265.75178,21414.46656,18960.15644,22265.75178,20821.73311,18783.84647,22265.75178,6398.483526,6350.556802,0.001001968,0.001005531,0.001008742,0.001011081,9107.151893,9107.151893,9107.151893,13545.46196,13545.46196,13545.46196,13545.46196,13545.46196
4/13/2001,9196.523563,9421.504132,10011.65747,10499.55349,10272.42393,10011.65747,13294.73539,14882.18597,15008.44175,14137.80605,16123.3413,15008.44175,16276.57405,18706.39945,15008.44175,18911.54295,18960.15644,15008.44175,2964.486098,2944.222763,0.001001968,0.001005531,0.001008742,0.001011081,10167.82232,10167.82232,10167.82232,15231.18226,15231.18226,15231.18226,15231.18226,15231.18226
4/14/2001,8583.840517,8920.491382,9403.007414,9649.995135,9421.504132,9403.007414,12042.2822,14282.14178,13670.13805,12635.04141,14882.18597,13670.13805,14067.9166,16123.3413,13670.13805,15879.5727,18706.39945,13670.13805,3103.082432,3081.751019,0.001001968,0.001005531,0.001008742,0.001011081,10969.33753,10969.33753,10969.33753,16492.7921,16492.7921,16492.7921,16492.7921,16492.7921
4/15/2001,7334.67108,7099.324175,8088.146077,8862.449473,8920.491382,8088.146077,12641.7824,12474.96552,14574.72597,13675.90425,14282.14178,14574.72597,14659.11405,14882.18597,14574.72597,16025.66874,16123.3413,14574.72597,2948.910052,2928.766412,0.001001968,0.001005531,0.001008742,0.001011081,11395.32276,11395.32276,11395.32276,17291.81343,17291.81343,17291.81343,17291.81343,17291.81343
4/16/2001,6142.291392,6383.035366,6698.838869,7258.149475,7099.324175,6698.838869,10872.34678,10774.33119,12390.41058,11635.2186,12474.96552,12390.41058,12896.87801,14282.14178,12390.41058,14116.75291,14882.18597,12390.41058,2150.119015,2136.010178,0.001001968,0.001005531,0.001008742,0.001011081,11246.34092,11246.34092,11246.34092,17731.30953,17731.30953,17731.30953,17731.30953,17731.30953
4/17/2001,5499.652176,5634.758205,6035.916844,6479.574782,6383.035366,6035.916844,10188.21696,9633.918984,11678.0882,10816.72183,10774.33119,11678.0882,11821.69222,12474.96552,11678.0882,12997.26966,14282.14178,11678.0882,2137.763452,2123.746181,0.001001968,0.001005531,0.001008742,0.001011081,10672.34809,10672.34809,10672.34809,17514.42049,17514.42049,17514.42049,17514.42049,17514.42049
4/18/2001,4901.750709,5121.02718,5385.608132,5685.219002,5634.758205,5385.608132,10041.81865,9093.282835,11547.75273,10489.56456,9633.918984,11547.75273,11363.83302,10774.33119,11547.75273,12344.9227,12474.96552,11547.75273,1970.319739,1957.537235,0.001001968,0.001005531,0.001008742,0.001011081,9640.15765,9640.15765,9640.15765,16737.26618,16737.26618,16737.26618,16737.26618,16737.26618
4/19/2001,4492.887567,4789.453736,4954.096001,5154.859096,5121.02718,4954.096001,8899.693269,8711.727075,10241.86758,9246.793326,9093.282835,10241.86758,10007.07845,9633.918984,10241.86758,10874.1117,10774.33119,10241.86758,1908.617004,1896.286506,0.001001968,0.001005531,0.001008742,0.001011081,8382.713822,8382.713822,8382.713822,15260.73033,15260.73033,15260.73033,15260.73033,15260.73033
4/20/2001,4168.292786,4775.658361,4612.807804,4758.261474,4789.453736,4612.807804,7797.962335,8493.00025,8974.508132,8094.048137,8711.727075,8974.508132,8760.279368,9093.282835,8974.508132,9419.120827,9633.918984,8974.508132,1863.830697,1851.827222,0.001001968,0.001005531,0.001008742,0.001011081,7392.042038,7392.042038,7392.042038,13647.51222,13647.51222,13647.51222,13647.51222,13647.51222
4/21/2001,4186.899524,4873.27818,4653.219536,4719.889588,4775.658361,4653.219536,7495.554788,8018.46687,8642.627523,7730.135273,8493.00025,8642.627523,8258.269819,8711.727075,8642.627523,8546.111678,9093.282835,8642.627523,1944.117938,1931.527581,0.001001968,0.001005531,0.001008742,0.001011081,6600.549022,6600.549022,6600.549022,12326.66086,12326.66086,12326.66086,12326.66086,12326.66086
4/22/2001,4370.556356,4572.444165,4890.30676,4915.989085,4873.27818,4890.30676,7722.920373,7478.758426,8947.531752,7939.530481,8018.46687,8947.531752,8429.670513,8493.00025,8947.531752,8358.784466,8711.727075,8947.531752,2146.669632,2132.586364,0.001001968,0.001005531,0.001008742,0.001011081,5988.244954,5988.244954,5988.244954,11321.98654,11321.98654,11321.98654,11321.98654,11321.98654
4/23/2001,3993.870834,3930.329756,4479.236269,4609.597289,4572.444165,4479.236269,7158.076244,6969.629433,8304.144132,7463.334707,7478.758426,8304.144132,8014.646769,8018.46687,8304.144132,8361.632658,8493.00025,8304.144132,2034.775745,2021.519308,0.001001968,0.001005531,0.001008742,0.001011081,5508.698052,5508.698052,5508.698052,10436.39081,10436.39081,10436.39081,10436.39081,10436.39081
4/24/2001,3452.685687,3669.697208,3840.462151,3945.981041,3930.329756,3840.462151,6298.668597,6618.806203,7250.998919,6543.415247,6969.629433,7250.998919,7105.229325,7478.758426,7250.998919,7788.979709,8018.46687,7250.998919,1656.368971,1645.86803,0.001001968,0.001005531,0.001008742,0.001011081,5095.15208,5095.15208,5095.15208,9663.429076,9663.429076,9663.429076,9663.429076,9663.429076
4/25/2001,3247.826845,3504.715644,3611.030455,3680.927074,3669.697208,3611.030455,5876.798845,6323.900392,6762.028693,6077.364688,6618.806203,6762.028693,6532.635146,6969.629433,6762.028693,7003.877655,7478.758426,6762.028693,1565.482648,1555.633127,0.001001968,0.001005531,0.001008742,0.001011081,4755.79963,4755.79963,4755.79963,8933.605258,8933.605258,8933.605258,8933.605258,8933.605258
4/26/2001,3105.491282,3352.277286,3456.386968,3513.12564,3504.715644,3456.386968,5764.744239,6092.057985,6644.918461,5943.885132,6323.900392,6644.918461,6342.63064,6618.806203,6644.918461,6657.537848,6969.629433,6644.918461,1523.26279,1513.714363,0.001001968,0.001005531,0.001008742,0.001011081,4477.91064,4477.91064,4477.91064,8336.609614,8336.609614,8336.609614,8336.609614,8336.609614
4/27/2001,2970.414501,3208.058911,3307.975628,3358.687868,3352.277286,3307.975628,5503.816877,5870.392444,6349.024823,5671.577046,6092.057985,6349.024823,6043.683067,6323.900392,6349.024823,6323.439451,6618.806203,6349.024823,1475.104126,1465.897929,0.001001968,0.001005531,0.001008742,0.001011081,4246.556853,4246.556853,4246.556853,7908.310424,7908.310424,7908.310424,7908.310424,7908.310424
4/28/2001,2843.259844,3075.059586,3167.32294,3213.014063,3208.058911,3167.32294,5285.950743,5671.180301,6096.750878,5443.876312,5870.392444,6096.750878,5797.034302,6092.057985,6096.750878,6022.033355,6323.900392,6096.750878,1424.993129,1416.141612,0.001001968,0.001005531,0.001008742,0.001011081,4022.533195,4022.533195,4022.533195,7555.40155,7555.40155,7555.40155,7555.40155,7555.40155
4/29/2001,2725.965073,2951.323571,3037.420333,3078.936806,3075.059586,3037.420333,5090.620313,5486.844816,5871.79308,5239.519453,5671.180301,5871.79308,5575.220113,5870.392444,5871.79308,5792.071579,6092.057985,5871.79308,1377.639981,1369.122246,0.001001968,0.001005531,0.001008742,0.001011081,3762.655197,3762.655197,3762.655197,7178.592299,7178.592299,7178.592299,7178.592299,7178.592299
4/30/2001,2616.778981,2835.405399,2916.336593,2954.396732,2951.323571,2916.336593,4920.380423,5283.731954,5674.79221,5061.252894,5486.844816,5674.79221,5381.014508,5671.180301,5674.79221,5577.240687,5870.392444,5674.79221,1332.478807,1324.278113,0.001001968,0.001005531,0.001008742,0.001011081,3515.390906,3515.390906,3515.390906,6801.16855,6801.16855,6801.16855,6801.16855,6801.16855
5/1/2001,2514.488254,2726.354136,2802.751686,2837.874338,2835.405399,2802.751686,4762.95613,5108.686495,5492.127474,4896.597549,5283.731954,5492.127474,5201.785143,5486.844816,5492.127474,5384.629926,5671.180301,5492.127474,1289.201662,1281.303559,0.001001968,0.001005531,0.001008742,0.001011081,3332.004383,3332.004383,3332.004383,6453.37848,6453.37848,6453.37848,6453.37848,6453.37848
5/2/2001,2418.252343,2623.385534,2695.774031,2728.364142,2726.354136,2695.774031,4585.837664,4978.031089,5290.477373,4712.511505,5108.686495,5290.477373,5003.957096,5283.731954,5290.477373,5206.711029,5486.844816,5290.477373,1247.701583,1240.092484,0.001001968,0.001005531,0.001008742,0.001011081,3182.687856,3182.687856,3182.687856,6169.176949,6169.176949,6169.176949,6169.176949,6169.176949
5/3/2001,2327.379235,2525.86314,2594.663155,2625.045235,2623.385534,2594.663155,4435.53648,4840.792909,5117.241424,4556.005192,4978.031089,5117.241424,4834.794244,5108.686495,5117.241424,5009.927255,5283.731954,5117.241424,1207.856325,1200.5236,0.001001968,0.001005531,0.001008742,0.001011081,3048.279486,3048.279486,3048.279486,5931.982153,5931.982153,5931.982153,5931.982153,5931.982153
5/4/2001,2241.306885,2433.284971,2498.81612,2527.25307,2525.86314,2498.81612,4323.551846,4685.436377,4984.041698,4438.644316,4840.792909,4984.041698,4705.844183,4978.031089,4984.041698,4841.5154,5108.686495,4984.041698,1169.557598,1162.489464,0.001001968,0.001005531,0.001008742,0.001011081,2923.802906,2923.802906,2923.802906,5726.137602,5726.137602,5726.137602,5726.137602,5726.137602
5/5/2001,2159.582286,2345.243882,2407.746923,2434.453784,2433.284971,2407.746923,4210.340507,4535.910941,4850.421677,4320.376219,4685.436377,4850.421677,4576.671944,4840.792909,4850.421677,4712.761984,4978.031089,4850.421677,1132.716899,1125.902276,0.001001968,0.001005531,0.001008742,0.001011081,2807.659747,2807.659747,2807.659747,5536.865969,5536.865969,5536.865969,5536.865969,5536.865969
5/6/2001,2081.858519,2261.401587,2321.083806,2346.231711,2345.243882,2321.083806,4079.24903,4382.630944,4699.773998,4184.117312,4535.910941,4699.773998,4429.709253,4685.436377,4699.773998,4587.470521,4840.792909,4699.773998,1097.267227,1090.69558,0.001001968,0.001005531,0.001008742,0.001011081,2698.696796,2698.696796,2698.696796,5359.008836,5359.008836,5359.008836,5359.008836,5359.008836
5/7/2001,2007.842033,2181.430242,2238.512608,2262.249244,2261.401587,2238.512608,3946.618918,4251.608034,4547.416764,4046.740464,4382.630944,4547.416764,4282.355585,4535.910941,4547.416764,4435.339454,4685.436377,4547.416764,1063.15401,1056.815259,0.001001968,0.001005531,0.001008742,0.001011081,2596.032914,2596.032914,2596.032914,5188.730052,5188.730052,5188.730052,5188.730052,5188.730052
5/8/2001,1937.242522,2105.090238,2159.71801,2182.173103,2181.430242,2159.71801,3809.781416,4134.358948,4391.856927,3905.237876,4251.608034,4391.856927,4131.223048,4382.630944,4391.856927,4290.623377,4535.910941,4391.856927,1030.301818,1024.186471,0.001001968,0.001005531,0.001008742,0.001011081,2498.978061,2498.978061,2498.978061,5023.106677,5023.106677,5023.106677,5023.106677,5023.106677
5/9/2001,1869.84894,2032.449325,2084.465316,2105.756947,2105.090238,2084.465316,3701.293229,4048.013854,4266.010632,3792.615691,4134.358948,4266.010632,4009.598975,4251.608034,4266.010632,4140.264174,4382.630944,4266.010632,998.6331941,992.7323587,0.001001968,0.001005531,0.001008742,0.001011081,2406.972707,2406.972707,2406.972707,4868.942569,4868.942569,4868.942569,4868.942569,4868.942569
5/10/2001,1805.751329,1961.9443,2012.855433,2033.062783,2032.449325,2012.855433,3604.206687,3927.078541,4152.634392,3691.602964,4048.013854,4152.634392,3899.753692,4134.358948,4152.634392,4020.715456,4251.608034,4152.634392,968.2091788,962.5136188,0.001001968,0.001005531,0.001008742,0.001011081,2319.580955,2319.580955,2319.580955,4723.948659,4723.948659,4723.948659,4723.948659,4723.948659
5/11/2001,1743.479747,1894.751257,1943.279438,1962.510662,1961.9443,1943.279438,3508.584575,3804.936919,4040.331047,3592.417005,3927.078541,4040.331047,3793.143216,4048.013854,4040.331047,3905.392795,4134.358948,4040.331047,938.4989807,933.003094,0.001001968,0.001005531,0.001008742,0.001011081,2236.401799,2236.401799,2236.401799,4582.652954,4582.652954,4582.652954,4582.652954,4582.652954
5/12/2001,1684.096784,1830.249284,1876.93392,1895.248018,1894.751257,1876.93392,3412.631835,3686.797163,3928.806664,3492.939595,3804.936919,3928.806664,3685.796839,3927.078541,3928.806664,3801.872631,4048.013854,3928.806664,910.0605001,904.7549896,0.001001968,0.001005531,0.001008742,0.001011081,2157.055109,2157.055109,2157.055109,4444.974238,4444.974238,4444.974238,4444.974238,4444.974238
5/13/2001,1627.079089,1768.258131,1813.192024,1830.734283,1830.249284,1813.192024,3336.738036,3566.676059,3841.217568,3413.3599,3686.797163,3841.217568,3598.173975,3804.936919,3841.217568,3712.933887,3927.078541,3841.217568,882.4407565,877.3194167,0.001001968,0.001005531,0.001008742,0.001011081,2081.252397,2081.252397,2081.252397,4316.583769,4316.583769,4316.583769,4316.583769,4316.583769
5/14/2001,1572.497539,1709.279742,1752.148711,1768.728981,1768.258131,1752.148711,3227.711763,3477.416598,3716.077224,3300.967523,3566.676059,3716.077224,3478.840181,3686.797163,3716.077224,3600.098472,3804.936919,3716.077224,855.7912213,850.8468847,0.001001968,0.001005531,0.001008742,0.001011081,2008.759433,2008.759433,2008.759433,4192.406832,4192.406832,4192.406832,4192.406832,4192.406832
5/15/2001,1520.31653,1652.246922,1693.829602,1709.709472,1709.279742,1693.829602,3112.520869,3423.531253,3584.812431,3182.782902,3477.416598,3584.812431,3353.832999,3566.676059,3584.812431,3477.881576,3686.797163,3584.812431,830.3915701,825.6152774,0.001001968,0.001005531,0.001008742,0.001011081,1939.386038,1939.386038,1939.386038,4072.056541,4072.056541,4072.056541,4072.056541,4072.056541
5/16/2001,1469.868559,1602.356551,1637.398248,1652.635426,1652.246922,1637.398248,3024.790379,3455.092035,3483.31456,3092.175812,3423.531253,3483.31456,3256.737593,3477.416598,3483.31456,3361.384983,3566.676059,3483.31456,805.4907585,800.8785669,0.001001968,0.001005531,0.001008742,0.001011081,1872.913162,1872.913162,1872.913162,3955.543418,3955.543418,3955.543418,3955.543418,3955.543418
5/17/2001,1423.790201,1567.218597,1586.2343,1600.798926,1602.356551,1586.2343,2952.319355,3537.432335,3398.817192,3017.239434,3455.092035,3398.817192,3176.32342,3423.531253,3398.817192,3265.060631,3477.416598,3398.817192,784.4608278,779.9867173,0.001001968,0.001005531,0.001008742,0.001011081,1809.574842,1809.574842,1809.574842,3843.023923,3843.023923,3843.023923,3843.023923,3843.023923
5/18/2001,1393.21291,1507.629024,1553.683618,1567.647509,1567.218597,1553.683618,2938.237303,5242.924966,3379.922126,3002.369171,3537.432335,3379.922126,3157.143633,3455.092035,3379.922126,3194.351304,3423.531253,3379.922126,776.7147497,772.291379,0.001001968,0.001005531,0.001008742,0.001011081,1751.289291,1751.289291,1751.289291,3740.787893,3740.787893,3740.787893,3740.787893,3740.787893
5/19/2001,1344.146485,1451.00947,1497.298264,1509.334754,1507.629024,1497.298264,2896.755378,6763.029741,3329.337362,2956.102111,5242.924966,3329.337362,3103.84031,3537.432335,3329.337362,3190.949901,3455.092035,3329.337362,745.1585758,740.9412233,0.001001968,0.001005531,0.001008742,0.001011081,1694.458676,1694.458676,1694.458676,3647.863856,3647.863856,3647.863856,3647.863856,3647.863856
5/20/2001,1291.204041,1438.249667,1437.860303,1451.391283,1451.00947,1437.860303,2854.576379,4885.282979,3281.545053,2911.256485,6763.029741,3281.545053,3053.511409,5242.924966,3281.545053,3166.669544,3537.432335,3281.545053,717.8642252,713.8241501,0.001001968,0.001005531,0.001008742,0.001011081,1639.207404,1639.207404,1639.207404,3567.154864,3567.154864,3567.154864,3567.154864,3567.154864
5/21/2001,1273.21491,1676.691675,1420.051983,1432.626419,1438.249667,1420.051983,2965.283601,4220.785115,3414.2722,3018.88803,4885.282979,3414.2722,3150.997262,6763.029741,3414.2722,3201.538441,5242.924966,3414.2722,719.9475837,715.894008,0.001001968,0.001005531,0.001008742,0.001011081,1589.156106,1589.156106,1589.156106,3517.748749,3517.748749,3517.748749,3517.748749,3517.748749
5/22/2001,1441.672661,1928.468359,1623.76475,1627.55635,1676.691675,1623.76475,4815.745197,5203.451162,5617.042445,4848.787329,4220.785115,5617.042445,4934.472012,4885.282979,5617.042445,4682.265342,6763.029741,5617.042445,875.0255814,869.9535621,0.001001968,0.001005531,0.001008742,0.001011081,1567.914304,1567.914304,1567.914304,3745.804182,3745.804182,3745.804182,3745.804182,3745.804182
5/23/2001,1739.967591,1954.25803,1927.12831,1864.320331,1928.468359,1927.12831,6359.976007,8146.836868,7408.888456,6301.937068,5203.451162,7408.888456,6171.72416,4220.785115,7408.888456,6284.711513,4885.282979,7408.888456,858.8125146,853.8481461,0.001001968,0.001005531,0.001008742,0.001011081,1565.18665,1565.18665,1565.18665,4225.358694,4225.358694,4225.358694,4225.358694,4225.358694
5/24/2001,2000.682817,2187.760152,2189.894894,2004.872991,1954.25803,2189.894894,4697.343536,10342.67088,5367.075633,4561.462435,8146.836868,5367.075633,4589.827733,5203.451162,5367.075633,4421.276421,4220.785115,5367.075633,846.0689152,841.1889783,0.001001968,0.001005531,0.001008742,0.001011081,1606.476362,1606.476362,1606.476362,4481.2372,4481.2372,4481.2372,4481.2372,4481.2372
5/25/2001,2043.479506,3006.467819,2280.369048,2181.496301,2187.760152,2280.369048,4117.448109,8953.587511,4753.277113,4092.130309,10342.67088,4753.277113,4300.625595,8146.836868,4753.277113,4110.541661,5203.451162,4753.277113,1094.244606,1087.693633,0.001001968,0.001005531,0.001008742,0.001011081,1693.109681,1693.109681,1693.109681,4630.826677,4630.826677,4630.826677,4630.826677,4630.826677
5/26/2001,2018.759654,3457.537424,2298.594708,2429.686771,3006.467819,2298.594708,4805.008347,7569.498522,5630.222407,5014.484224,8953.587511,5630.222407,5180.261395,10342.67088,5630.222407,4998.027878,8146.836868,5630.222407,1282.943746,1275.089296,0.001001968,0.001005531,0.001008742,0.001011081,1812.99211,1812.99211,1812.99211,4889.083034,4889.083034,4889.083034,4889.083034,4889.083034
5/27/2001,3162.0056,2909.953242,3623.32559,3664.275583,3457.537424,3623.32559,8628.576696,5736.284945,10170.81646,8812.150662,7569.498522,10170.81646,8959.658714,8953.587511,10170.81646,7777.902848,10342.67088,10170.81646,1789.604251,1778.140739,0.001001968,0.001005531,0.001008742,0.001011081,2104.049266,2104.049266,2104.049266,5677.043076,5677.043076,5677.043076,5677.043076,5677.043076
5/28/2001,3061.271563,3015.221661,3436.842289,3141.614636,2909.953242,3436.842289,9765.547425,5519.969836,11458.29086,9529.819962,5736.284945,11458.29086,9784.396136,7569.498522,11458.29086,10202.6403,8953.587511,11458.29086,1541.767661,1532.087387,0.001001968,0.001005531,0.001008742,0.001011081,2355.00968,2355.00968,2355.00968,6774.330029,6774.330029,6774.330029,6774.330029,6774.330029
5/29/2001,2658.322561,2225.892809,3025.678027,3052.93434,3015.221661,3025.678027,7195.273315,6607.326036,8460.439639,7316.817335,5519.969836,8460.439639,7513.740858,5736.284945,8460.439639,7810.251617,7569.498522,8460.439639,1609.543127,1599.378352,0.001001968,0.001005531,0.001008742,0.001011081,2552.432985,2552.432985,2552.432985,7254.138483,7254.138483,7254.138483,7254.138483,7254.138483
5/30/2001,1903.760635,1751.461798,2119.090968,2237.567223,2225.892809,2119.090968,5426.750062,7099.237795,6284.666867,5587.118714,6607.326036,6284.666867,5870.250596,5519.969836,6284.666867,6777.790288,5736.284945,6284.666867,985.6123586,979.7994749,0.001001968,0.001005531,0.001008742,0.001011081,2655.65321,2655.65321,2655.65321,7284.588792,7284.588792,7284.588792,7284.588792,7284.588792
5/31/2001,1522.557461,1921.295986,1672.07336,1760.195489,1751.461798,1672.07336,3604.095466,7381.266122,4103.23501,3734.604615,7099.237795,4103.23501,4018.273313,6607.326036,4103.23501,4604.050223,5519.969836,4103.23501,702.023195,698.0856044,0.001001968,0.001005531,0.001008742,0.001011081,2658.586185,2658.586185,2658.586185,7310.211986,7310.211986,7310.211986,7310.211986,7310.211986
6/1/2001,1430.688711,3841.513875,1583.878925,1615.938812,1921.295986,1583.878925,3962.85174,7456.92325,4562.322821,4025.686272,7381.266122,4562.322821,4283.370546,7099.237795,4562.322821,4564.541459,6607.326036,4562.322821,729.3863192,725.2715138,0.001001968,0.001005531,0.001008742,0.001011081,2598.238827,2598.238827,2598.238827,7387.503381,7387.503381,7387.503381,7387.503381,7387.503381
6/2/2001,3472.802887,4301.436625,3989.406881,3823.853175,3841.513875,3989.406881,7547.99227,6680.617401,8912.630211,7576.232901,7456.92325,8912.630211,7282.422394,7381.266122,8912.630211,5729.203555,7099.237795,8912.630211,1972.318667,1959.521492,0.001001968,0.001005531,0.001008742,0.001011081,2712.25377,2712.25377,2712.25377,7599.192596,7599.192596,7599.192596,7599.192596,7599.192596
6/3/2001,4363.129514,4423.541061,4961.957108,4441.431296,4301.436625,4961.957108,8999.356677,5974.300622,10601.35512,8680.700677,6680.617401,10601.35512,8946.414389,7456.92325,10601.35512,7930.583011,7381.266122,10601.35512,2386.949818,2371.074546,0.001001968,0.001005531,0.001008742,0.001011081,2818.441609,2818.441609,2818.441609,7489.883508,7489.883508,7489.883508,7489.883508,7489.883508
6/4/2001,3849.721573,2963.35534,4423.065643,4478.847898,4423.541061,4423.065643,7196.192889,5051.173527,8528.31163,7448.871598,5974.300622,8528.31163,7755.901855,6680.617401,8528.31163,7907.796922,7456.92325,8528.31163,2396.77004,2380.821076,0.001001968,0.001005531,0.001008742,0.001011081,2975.700971,2975.700971,2975.700971,7049.86034,7049.86034,7049.86034,7049.86034,7049.86034
6/5/2001,2499.814862,2378.095839,2802.427892,2980.601899,2963.35534,2802.427892,4991.249303,4474.581501,5779.229568,5269.122578,5051.173527,5779.229568,5885.957754,5974.300622,5779.229568,6975.203248,6680.617401,5779.229568,1338.444113,1330.201614,0.001001968,0.001005531,0.001008742,0.001011081,3030.39419,3030.39419,3030.39419,6885.704346,6885.704346,6885.704346,6885.704346,6885.704346
6/6/2001,1990.160791,1936.564196,2217.136153,2382.146635,2378.095839,2217.136153,3879.362427,4073.021645,4454.387358,4123.217192,4474.581501,4454.387358,4574.915732,5051.173527,4454.387358,5372.190297,5974.300622,4454.387358,1030.435349,1024.319095,0.001001968,0.001005531,0.001008742,0.001011081,3068.185793,3068.185793,3068.185793,6762.539258,6762.539258,6762.539258,6762.539258,6762.539258
6/7/2001,1665.475345,1757.94478,1838.655013,1939.062037,1936.564196,1838.655013,3802.669167,3798.834585,4352.920199,3952.944327,4073.021645,4352.920199,4281.727224,4474.581501,4352.920199,4885.847952,5051.173527,4352.920199,800.6105747,796.0304682,0.001001968,0.001005531,0.001008742,0.001011081,3097.663043,3097.663043,3097.663043,6725.940766,6725.940766,6725.940766,6725.940766,6725.940766
6/8/2001,1551.490188,1682.932154,1713.452356,1759.680165,1757.94478,1713.452356,3509.529125,3815.751117,4017.706087,3602.608848,3798.834585,4017.706087,3849.313763,4073.021645,4017.706087,4192.031762,4474.581501,4017.706087,756.77998,752.4868857,0.001001968,0.001005531,0.001008742,0.001011081,3113.909994,3113.909994,3113.909994,6645.892049,6645.892049,6645.892049,6645.892049,6645.892049
6/9/2001,1491.528878,1604.586582,1652.163063,1684.114488,1682.932154,1652.163063,3389.452972,4259.005978,3892.016713,3466.814611,3815.751117,3892.016713,3653.665429,3798.834585,3892.016713,3876.230552,4073.021645,3892.016713,756.2040979,751.9147605,0.001001968,0.001005531,0.001008742,0.001011081,2911.673032,2911.673032,2911.673032,6268.709445,6268.709445,6268.709445,6268.709445,6268.709445
6/10/2001,1424.214244,1577.399955,1579.002098,1605.366461,1604.586582,1579.002098,3228.75115,4248.92758,3707.271085,3299.279694,4259.005978,3707.271085,3465.226329,3815.751117,3707.271085,3611.687835,3798.834585,3707.271085,733.9953106,729.8505685,0.001001968,0.001005531,0.001008742,0.001011081,2540.176392,2540.176392,2540.176392,5650.916117,5650.916117,5650.916117,5650.916117,5650.916117
6/11/2001,1410.760443,1792.187619,1564.378349,1556.281692,1577.399955,1564.378349,3130.290605,3806.785545,3592.605021,3166.972638,4248.92758,3592.605021,3325.726695,4259.005978,3592.605021,3427.099203,3815.751117,3592.605021,732.3164864,728.1826516,0.001001968,0.001005531,0.001008742,0.001011081,2153.412552,2153.412552,2153.412552,5019.331618,5019.331618,5019.331618,5019.331618,5019.331618
6/12/2001,1608.654838,1935.754592,1805.762356,1797.955422,1792.187619,1805.762356,3437.331548,5340.864368,3981.508073,3491.251779,3806.785545,3981.508073,3613.270893,4248.92758,3981.508073,3467.32812,4259.005978,3981.508073,920.7710841,915.3939612,0.001001968,0.001005531,0.001008742,0.001011081,1926.176742,1926.176742,1926.176742,4481.998881,4481.998881,4481.998881,4481.998881,4481.998881
6/13/2001,1741.522093,1735.554212,1966.188231,1949.757026,1935.754592,1966.188231,3972.101546,8321.993044,4632.421482,4018.380986,5340.864368,4632.421482,4155.651074,3806.785545,4632.421482,4072.983758,4248.92758,4632.421482,1045.475388,1039.256965,0.001001968,0.001005531,0.001008742,0.001011081,1821.109773,1821.109773,1821.109773,4191.524762,4191.524762,4191.524762,4191.524762,4191.524762
6/14/2001,1501.198962,1402.89416,1689.644147,1736.147832,1735.554212,1689.644147,3564.428793,9250.954432,4142.056143,3661.019507,8321.993044,4142.056143,3848.141468,5340.864368,4142.056143,4044.575444,3806.785545,4142.056143,895.0029544,889.7979388,0.001001968,0.001005531,0.001008742,0.001011081,1769.090198,1769.090198,1769.090198,4060.46561,4060.46561,4060.46561,4060.46561,4060.46561
6/15/2001,1219.411022,1619.616195,1354.207278,1402.750069,1402.89416,1354.207278,2792.862935,8679.066617,3206.096484,2879.474794,9250.954432,3206.096484,3070.340852,8321.993044,3206.096484,3417.53748,5340.864368,3206.096484,656.0834686,652.4413398,0.001001968,0.001005531,0.001008742,0.001011081,1712.422168,1712.422168,1712.422168,3957.312701,3957.312701,3957.312701,3957.312701,3957.312701
6/16/2001,1169.311975,3236.979008,1299.108173,1319.432217,1619.616195,1299.108173,4208.533786,7801.703135,4888.694894,4236.628031,8679.066617,4888.694894,4360.495833,9250.954432,4888.694894,4494.648729,8321.993044,4888.694894,634.9304602,631.4234667,0.001001968,0.001005531,0.001008742,0.001011081,1658.772433,1658.772433,1658.772433,4119.289853,4119.289853,4119.289853,4119.289853,4119.289853
6/17/2001,3260.875802,2934.80543,3638.999029,3295.338267,3236.979008,3638.999029,9578.043173,6373.951854,11159.32719,9376.353303,7801.703135,11159.32719,8333.865019,8679.066617,11159.32719,7129.350174,9250.954432,11159.32719,1137.048372,1130.203996,0.001001968,0.001005531,0.001008742,0.001011081,1728.842707,1728.842707,1728.842707,4842.942684,4842.942684,4842.942684,4842.942684,4842.942684
6/18/2001,4588.511494,7247.259777,4911.020166,3104.161776,2934.80543,4911.020166,11294.91872,7278.135692,12963.63276,9509.645176,6373.951854,12963.63276,9978.67223,7801.703135,12963.63276,9286.186281,8679.066617,12963.63276,1349.734466,1341.412784,0.001001968,0.001005531,0.001008742,0.001011081,1993.232236,1993.232236,1993.232236,5867.408196,5867.408196,5867.408196,5867.408196,5867.408196
6/19/2001,5387.657388,2790.451031,6423.0216,7257.777296,7247.259777,6423.0216,10088.17174,7076.413945,12409.00946,11241.32061,7278.135692,12409.00946,10758.27514,6373.951854,12409.00946,8587.358533,7801.703135,12409.00946,4273.914852,4243.369943,0.001001968,0.001005531,0.001008742,0.001011081,2576.072387,2576.072387,2576.072387,6616.872388,6616.872388,6616.872388,6616.872388,6616.872388
6/20/2001,1809.493999,1499.619466,1970.154562,2780.492766,2790.451031,1970.154562,5336.925253,7936.700677,6149.04247,6158.549292,7076.413945,6149.04247,7160.649783,7278.135692,6149.04247,9463.054442,6373.951854,6149.04247,753.9625121,749.6877946,0.001001968,0.001005531,0.001008742,0.001011081,2832.287836,2832.287836,2832.287836,7221.30387,7221.30387,7221.30387,7221.30387,7221.30387
6/21/2001,1283.589175,1882.134442,1345.214478,1499.619488,1499.619466,1345.214478,1730.013081,5733.031288,1824.169726,1921.419617,7936.700677,1824.169726,2789.213891,7076.413945,1824.169726,4160.809844,7278.135692,1824.169726,280.3932591,279.0394068,0.001001968,0.001005531,0.001008742,0.001011081,2908.367847,2908.367847,2908.367847,7576.24242,7576.24242,7576.24242,7576.24242,7576.24242
6/22/2001,1674.224389,2184.325129,1846.120313,1877.371516,1882.134442,1846.120313,4689.887661,4906.70148,5432.093482,4748.670151,5733.031288,5432.093482,5000.754954,7936.700677,5432.093482,5368.875008,7076.413945,5432.093482,809.1597382,804.523408,0.001001968,0.001005531,0.001008742,0.001011081,2984.675541,2984.675541,2984.675541,7829.339779,7829.339779,7829.339779,7829.339779,7829.339779
6/23/2001,1865.317794,2260.123682,2104.49807,2116.368116,2184.325129,2104.49807,5873.072895,4457.116625,6894.898725,5917.89695,4906.70148,6894.898725,6127.631516,5733.031288,6894.898725,6046.994548,7936.700677,6894.898725,1109.042356,1102.390109,0.001001968,0.001005531,0.001008742,0.001011081,3099.20706,3099.20706,3099.20706,7962.844375,7962.844375,7962.844375,7962.844375,7962.844375
6/24/2001,2129.279251,1979.017343,2376.132975,2289.855387,2260.123682,2376.132975,7114.207563,3918.663407,8333.793958,7054.479773,4457.116625,8333.793958,6988.521404,4906.70148,8333.793958,7198.555292,5733.031288,8333.793958,1047.903871,1041.668934,0.001001968,0.001005531,0.001008742,0.001011081,3095.807815,3095.807815,3095.807815,7811.242285,7811.242285,7811.242285,7811.242285,7811.242285
6/25/2001,2047.398377,2431.540192,2245.863579,2026.444067,1979.017343,2245.863579,4975.600832,3832.843846,5723.599474,4796.474606,3918.663407,5723.599474,5024.4031,4457.116625,5723.599474,5140.800412,4906.70148,5723.599474,918.5646104,913.202249,0.001001968,0.001005531,0.001008742,0.001011081,2906.428181,2906.428181,2906.428181,7102.438679,7102.438679,7102.438679,7102.438679,7102.438679
6/26/2001,1963.56146,1557.74252,2225.121085,2433.362905,2431.540192,2225.121085,4151.436636,3677.191986,4864.847377,4434.10817,3832.843846,4864.847377,4484.119561,3918.663407,4864.847377,4459.783334,4457.116625,4864.847377,1215.482358,1208.096823,0.001001968,0.001005531,0.001008742,0.001011081,2395.615686,2395.615686,2395.615686,6505.174135,6505.174135,6505.174135,6505.174135,6505.174135
6/27/2001,1261.499846,1277.897196,1378.747883,1557.331713,1557.74252,1378.747883,3173.314918,3512.010105,3625.489583,3375.257005,3677.191986,3625.489583,3677.244011,3832.843846,3625.489583,4222.460317,3918.663407,3625.489583,574.8704206,571.7437749,0.001001968,0.001005531,0.001008742,0.001011081,2121.02512,2121.02512,2121.02512,5918.471484,5918.471484,5918.471484,5918.471484,5918.471484
6/28/2001,1116.733641,1266.253875,1215.266751,1277.488073,1277.897196,1215.266751,2504.751613,4699.840208,2836.353134,2593.435134,3512.010105,2836.353134,2853.045857,3677.191986,2836.353134,3209.15687,3832.843846,2836.353134,489.2103225,486.6167272,0.001001968,0.001005531,0.001008742,0.001011081,2000.477068,2000.477068,2000.477068,5496.963004,5496.963004,5496.963004,5496.963004,5496.963004
6/29/2001,1120.166318,1215.656465,1231.568219,1265.864062,1266.253875,1231.568219,2846.453423,4823.764146,3259.163333,2904.392716,4699.840208,3259.163333,3050.662692,3512.010105,3259.163333,3228.639387,3677.191986,3259.163333,552.8842704,549.8955493,0.001001968,0.001005531,0.001008742,0.001011081,1902.178106,1902.178106,1902.178106,5192.271205,5192.271205,5192.271205,5192.271205,5192.271205
6/30/2001,1069.476526,1168.198159,1178.8554,1211.99941,1215.656465,1178.8554,2934.726707,3974.342488,3371.046654,2987.369341,4823.764146,3371.046654,3099.190976,4699.840208,3371.046654,3232.877549,3512.010105,3371.046654,545.440604,542.4984115,0.001001968,0.001005531,0.001008742,0.001011081,1770.085586,1770.085586,1770.085586,4803.810971,4803.810971,4803.810971,4803.810971,4803.810971
7/1/2001,1078.155822,1348.115715,1181.048975,1158.134562,1168.198159,1181.048975,2945.082494,4269.673385,3369.721881,2940.20686,3974.342488,3369.721881,3026.434297,4823.764146,3369.721881,3122.716215,4699.840208,3369.721881,514.0817951,511.3346542,0.001001968,0.001005531,0.001008742,0.001011081,1635.699757,1635.699757,1635.699757,4172.35973,4172.35973,4172.35973,4172.35973,4172.35973
7/2/2001,1337.606168,1688.318056,1463.07739,1351.776128,1348.115715,1463.07739,4321.36164,4384.879664,4987.027,4216.797811,4269.673385,4987.027,4190.906043,3974.342488,4987.027,4129.077089,4823.764146,4987.027,613.8056273,610.4329897,0.001001968,0.001005531,0.001008742,0.001011081,1513.516845,1513.516845,1513.516845,4000.994553,4000.994553,4000.994553,4000.994553,4000.994553
7/3/2001,1545.285274,1468.136434,1718.158319,1695.687244,1688.318056,1718.158319,4581.729065,3967.34147,5333.748909,4579.169204,4384.879664,5333.748909,4546.729856,4269.673385,5333.748909,4400.193394,3974.342488,5333.748909,831.7993264,827.0137372,0.001001968,0.001005531,0.001008742,0.001011081,1412.488023,1412.488023,1412.488023,4012.61614,4012.61614,4012.61614,4012.61614,4012.61614
7/4/2001,1226.104891,1206.314657,1362.960813,1464.664532,1468.136434,1362.960813,3474.516586,3287.702082,4021.824924,3599.745377,3967.34147,4021.824924,3754.718067,4384.879664,4021.824924,3812.749041,4269.673385,4021.824924,677.0706181,673.2938392,0.001001968,0.001005531,0.001008742,0.001011081,1375.417471,1375.417471,1375.417471,3979.335716,3979.335716,3979.335716,3979.335716,3979.335716
7/5/2001,1075.033252,1201.839495,1171.624335,1206.542198,1206.314657,1171.624335,3456.356824,4242.84468,3962.48382,3498.918087,3287.702082,3962.48382,3614.216228,3967.34147,3962.48382,3875.32793,4384.879664,3962.48382,485.2059569,482.6369836,0.001001968,0.001005531,0.001008742,0.001011081,1347.657819,1347.657819,1347.657819,4055.85376,4055.85376,4055.85376,4055.85376,4055.85376
7/6/2001,1093.938982,1167.962381,1198.935532,1204.172809,1201.839495,1198.935532,3540.80588,4143.615061,4074.778274,3553.987972,4242.84468,4074.778274,3649.171925,3287.702082,4074.778274,3764.677203,3967.34147,4074.778274,527.0840316,524.2562092,0.001001968,0.001005531,0.001008742,0.001011081,1334.312935,1334.312935,1334.312935,4181.144254,4181.144254,4181.144254,4181.144254,4181.144254
7/7/2001,1015.39221,1222.937041,1125.241627,1164.194423,1167.962381,1125.241627,3224.281343,3814.731151,3726.013966,3274.493781,4143.615061,3726.013966,3398.692937,4242.84468,3726.013966,3529.239868,3287.702082,3726.013966,555.5849756,552.5793518,0.001001968,0.001005531,0.001008742,0.001011081,1330.000538,1330.000538,1330.000538,4241.438758,4241.438758,4241.438758,4241.438758,4241.438758
7/8/2001,1092.962678,1367.489887,1212.634274,1220.107167,1222.937041,1212.634274,2846.706702,4524.864605,3273.405064,2883.366696,3814.731151,3273.405064,2959.249304,4143.615061,3273.405064,2948.971499,4242.84468,3273.405064,597.662622,594.3922388,0.001001968,0.001005531,0.001008742,0.001011081,1333.540419,1333.540419,1333.540419,4209.333779,4209.333779,4209.333779,4209.333779,4209.333779
7/9/2001,1266.701584,1300.115972,1389.229158,1370.268677,1367.489887,1389.229158,3920.16208,3663.214427,4513.273967,3915.393818,4524.864605,4513.273967,3832.879872,3814.731151,4513.273967,3863.346074,4143.615061,4513.273967,597.9991996,594.7266883,0.001001968,0.001005531,0.001008742,0.001011081,1326.756293,1326.756293,1326.756293,4147.712634,4147.712634,4147.712634,4147.712634,4147.712634
7/10/2001,1254.039466,1486.497262,1370.464252,1293.965869,1300.115972,1370.464252,3721.911091,3412.056111,4274.20807,3657.662424,3663.214427,4274.20807,3769.707943,4524.864605,4274.20807,3750.173644,3814.731151,4274.20807,576.6821589,573.5441153,0.001001968,0.001005531,0.001008742,0.001011081,1295.497264,1295.497264,1295.497264,4068.184828,4068.184828,4068.184828,4068.184828,4068.184828
7/11/2001,1301.907004,1341.167786,1449.349566,1488.348479,1486.497262,1449.349566,3587.948315,3098.327123,4137.246077,3661.484483,3412.056111,4137.246077,3722.656461,3663.214427,4137.246077,3534.254027,4524.864605,4137.246077,720.1867112,716.1315855,0.001001968,0.001005531,0.001008742,0.001011081,1283.388593,1283.388593,1283.388593,4044.100768,4044.100768,4044.100768,4044.100768,4044.100768
7/12/2001,1208.622471,1070.483597,1328.974851,1346.981922,1341.167786,1328.974851,3963.745494,2715.485333,4565.332131,3990.647841,3098.327123,4565.332131,4061.382359,3412.056111,4565.332131,4295.20939,3663.214427,4565.332131,595.1931215,591.9383484,0.001001968,0.001005531,0.001008742,0.001011081,1295.165216,1295.165216,1295.165216,4077.468352,4077.468352,4077.468352,4077.468352,4077.468352
7/13/2001,921.0376713,909.0860175,1017.559772,1070.651858,1070.483597,1017.559772,2703.55957,2659.362766,3096.047721,2773.221308,2715.485333,3096.047721,3002.618954,3098.327123,3096.047721,3202.970687,3412.056111,3096.047721,496.0702584,493.4344183,0.001001968,0.001005531,0.001008742,0.001011081,1293.94039,1293.94039,1293.94039,3987.688863,3987.688863,3987.688863,3987.688863,3987.688863
7/14/2001,794.9558199,848.9740623,875.0443929,908.988801,909.0860175,875.0443929,2463.753811,3250.902376,2821.639081,2507.809646,2659.362766,2821.639081,2635.676798,2715.485333,2821.639081,2985.205562,3098.327123,2821.639081,419.3381822,417.1699882,0.001001968,0.001005531,0.001008742,0.001011081,1260.364756,1260.364756,1260.364756,3887.76216,3887.76216,3887.76216,3887.76216,3887.76216
7/15/2001,760.484837,836.1406541,836.6517998,848.9252124,848.9740623,836.6517998,2289.755508,3083.413381,2618.542563,2312.943488,3250.902376,2618.542563,2397.546229,2659.362766,2618.542563,2546.544605,2715.485333,2618.542563,401.1610091,399.1019178,0.001001968,0.001005531,0.001008742,0.001011081,1214.593845,1214.593845,1214.593845,3829.735809,3829.735809,3829.735809,3829.735809,3829.735809
7/16/2001,756.603476,873.8556041,833.1046925,836.0855578,836.1406541,833.1046925,2217.876212,2602.032102,2536.214316,2232.967947,3083.413381,2536.214316,2292.779941,3250.902376,2536.214316,2372.468662,2659.362766,2536.214316,403.4934392,401.4203868,0.001001968,0.001005531,0.001008742,0.001011081,1161.18599,1161.18599,1161.18599,3591.692905,3591.692905,3591.692905,3591.692905,3591.692905
7/17/2001,792.210702,891.3695961,871.9740732,873.9147975,873.8556041,871.9740732,2333.413009,2489.051145,2668.218123,2348.937901,2602.032102,2668.218123,2374.337674,3083.413381,2668.218123,2375.015331,3250.902376,2668.218123,418.147886,415.9868572,0.001001968,0.001005531,0.001008742,0.001011081,1090.464109,1090.464109,1090.464109,3346.230658,3346.230658,3346.230658,3346.230658,3346.230658
7/18/2001,808.5202628,820.6285745,884.4739711,891.5001318,891.3695961,884.4739711,2900.14038,2342.865112,3330.021789,2908.86387,2489.051145,3330.021789,2901.691364,2602.032102,3330.021789,2939.438511,3083.413381,3330.021789,396.7999212,394.7669026,0.001001968,0.001005531,0.001008742,0.001011081,1006.044221,1006.044221,1006.044221,3244.263318,3244.263318,3244.263318,3244.263318,3244.263318
7/19/2001,756.4343339,820.114132,827.2851091,820.7609734,820.6285745,827.2851091,2632.506908,2235.749058,3018.539236,2627.160597,2342.865112,3018.539236,2704.428025,2489.051145,3018.539236,2782.71561,2602.032102,3018.539236,375.2895642,373.3845391,0.001001968,0.001005531,0.001008742,0.001011081,935.9890692,935.9890692,935.9890692,3035.228108,3035.228108,3035.228108,3035.228108,3035.228108
7/20/2001,723.7475627,739.1987264,801.0627677,820.2851812,820.114132,801.0627677,2169.229045,2148.510856,2488.667044,2200.300281,2235.749058,2488.667044,2281.619472,2342.865112,2488.667044,2338.084537,2489.051145,2488.667044,410.4557741,408.3409797,0.001001968,0.001005531,0.001008742,0.001011081,881.0352667,881.0352667,881.0352667,2881.867741,2881.867741,2881.867741,2881.867741,2881.867741
7/21/2001,656.1553833,702.5983488,723.3300642,739.4054039,739.1987264,723.3300642,2029.168125,2070.28848,2322.517338,2054.06991,2148.510856,2322.517338,2123.092914,2235.749058,2322.517338,2249.447861,2342.865112,2322.517338,361.647638,359.8232458,0.001001968,0.001005531,0.001008742,0.001011081,849.2777692,849.2777692,849.2777692,2777.116796,2777.116796,2777.116796,2777.116796,2777.116796
7/22/2001,631.4988805,687.6163237,695.5561424,702.8266368,702.5983488,695.5561424,1889.893724,2867.486483,2159.329905,1906.946394,2070.28848,2159.329905,1964.840256,2148.510856,2159.329905,2051.664869,2235.749058,2159.329905,346.8802761,345.1426739,0.001001968,0.001005531,0.001008742,0.001011081,825.5022773,825.5022773,825.5022773,2703.327075,2703.327075,2703.327075,2703.327075,2703.327075
7/23/2001,618.7618777,669.7586899,682.1480091,687.8621989,687.6163237,682.1480091,1865.458968,4214.98822,2132.081414,1880.763352,2867.486483,2132.081414,1928.907391,2070.28848,2132.081414,1982.165932,2148.510856,2132.081414,344.2572434,342.5350017,0.001001968,0.001005531,0.001008742,0.001011081,803.8259515,803.8259515,803.8259515,2645.626624,2645.626624,2645.626624,2645.626624,2645.626624
7/24/2001,602.8455955,632.7249198,664.6578861,670.0184977,669.7586899,664.6578861,1841.539402,2756.341209,2101.840926,1856.366659,4214.98822,2101.840926,1902.055702,2867.486483,2101.840926,1932.559843,2070.28848,2101.840926,337.0770536,335.3967718,0.001001968,0.001005531,0.001008742,0.001011081,779.4151192,779.4151192,779.4151192,2577.318012,2577.318012,2577.318012,2577.318012,2577.318012
7/25/2001,569.1731445,454.0383801,625.3311633,631.8905119,632.7249198,625.3311633,1761.324418,2465.616678,2005.335353,1775.771725,2756.341209,2005.335353,1816.467447,4214.98822,2005.335353,1884.509835,2867.486483,2005.335353,309.2144266,307.6957089,0.001001968,0.001005531,0.001008742,0.001011081,749.3095639,749.3095639,749.3095639,2404.520993,2404.520993,2404.520993,2404.520993,2404.520993
7/26/2001,362.3423264,499.2447931,380.5816671,451.9333794,454.0383801,380.5816671,2308.4672,2302.488321,2632.074345,2360.827117,2465.616678,2632.074345,2315.31773,2756.341209,2632.074345,2511.954755,4214.98822,2632.074345,101.2525887,100.8511099,0.001001968,0.001005531,0.001008742,0.001011081,686.5169684,686.5169684,686.5169684,2364.058667,2364.058667,2364.058667,2364.058667,2364.058667
7/27/2001,676.323563,1170.986993,707.0561515,500.8828029,499.2447931,707.0561515,3725.981943,2278.295568,4280.47522,3478.694067,2302.488321,4280.47522,3455.633521,2465.616678,4280.47522,3503.09971,2756.341209,4280.47522,168.0890208,167.3504145,0.001001968,0.001005531,0.001008742,0.001011081,639.0195692,639.0195692,639.0195692,2602.755897,2602.755897,2602.755897,2602.755897,2602.755897
7/28/2001,1053.694519,920.1630583,1189.703272,1173.065163,1170.986993,1189.703272,2955.122358,2134.989885,3447.580428,2962.833356,2278.295568,3447.580428,2905.236674,2302.488321,3447.580428,2456.788973,2465.616678,3447.580428,690.5407462,686.677252,0.001001968,0.001005531,0.001008742,0.001011081,674.4397126,674.4397126,674.4397126,2655.846674,2655.846674,2655.846674,2655.846674,2655.846674
7/29/2001,767.2280603,676.1680618,854.8033153,920.5288763,920.1630583,854.8033153,2413.629744,2001.411553,2788.83645,2489.508039,2134.989885,2788.83645,2566.122284,2278.295568,2788.83645,2686.408671,2302.488321,2788.83645,466.5214345,464.0669718,0.001001968,0.001005531,0.001008742,0.001011081,705.9998459,705.9998459,705.9998459,2702.650491,2702.650491,2702.650491,2702.650491,2702.650491
7/30/2001,582.2409545,611.104375,635.1996057,676.4519568,676.1680618,635.1996057,1683.660401,1916.853811,1907.975912,1732.547982,2001.411553,1907.975912,1834.996745,2134.989885,1907.975912,2056.379529,2278.295568,1907.975912,295.9951949,294.5523928,0.001001968,0.001005531,0.001008742,0.001011081,712.9700082,712.9700082,712.9700082,2738.349361,2738.349361,2738.349361,2738.349361,2738.349361
7/31/2001,547.5173616,601.0363306,596.5355499,611.3951163,611.104375,596.5355499,1695.51498,2183.185965,1924.033528,1715.389447,1916.853811,1924.033528,1785.338689,2001.411553,1924.033528,1902.687369,2134.989885,1924.033528,276.3387913,275.0079348,0.001001968,0.001005531,0.001008742,0.001011081,709.5165798,709.5165798,709.5165798,2744.929582,2744.929582,2744.929582,2744.929582,2744.929582
8/1/2001,541.7654413,584.1770633,592.3510719,601.3343008,601.0363306,592.3510719,1734.943041,3332.448889,1973.999434,1748.535432,2183.185965,1973.999434,1792.283411,1916.853811,1973.999434,1856.053632,2001.411553,1973.999434,284.9514748,283.5717099,0.001001968,0.001005531,0.001008742,0.001011081,706.2890501,706.2890501,706.2890501,2738.455492,2738.455492,2738.455492,2738.455492,2738.455492
8/2/2001,527.0811161,569.7585291,576.7651461,584.4773658,584.1770633,576.7651461,1685.300543,2920.391579,1916.800062,1697.806683,3332.448889,1916.800062,1735.491955,2183.185965,1916.800062,1784.34378,1916.853811,1916.800062,280.8446001,279.4881848,0.001001968,0.001005531,0.001008742,0.001011081,730.1524076,730.1524076,730.1524076,2607.850531,2607.850531,2607.850531,2607.850531,2607.850531
8/3/2001,510.8639716,565.055699,559.0936786,566.0909736,569.7585291,559.0936786,1639.789197,2218.03265,1862.359962,1651.754006,2920.391579,1862.359962,1687.887301,3332.448889,1862.359962,1721.05148,2183.185965,1862.359962,273.8601749,272.5433515,0.001001968,0.001005531,0.001008742,0.001011081,737.9486466,737.9486466,737.9486466,2272.455934,2272.455934,2272.455934,2272.455934,2272.455934
8/4/2001,482.6505371,587.8296935,528.9132907,558.1246147,565.055699,528.9132907,2054.845257,1960.084664,2343.764476,2090.205412,2218.03265,2343.764476,2122.960934,2920.391579,2343.764476,1953.697613,3332.448889,2343.764476,262.3325715,261.0807596,0.001001968,0.001005531,0.001008742,0.001011081,672.1032735,672.1032735,672.1032735,2198.064492,2198.064492,2198.064492,2198.064492,2198.064492
8/5/2001,574.8169424,673.2131561,629.2195917,593.710579,587.8296935,629.2195917,2998.080591,1896.995447,3460.205964,2946.238313,1960.084664,3460.205964,2959.021177,2218.03265,3460.205964,3125.641221,2920.391579,3460.205964,301.2560254,299.7830704,0.001001968,0.001005531,0.001008742,0.001011081,623.3550794,623.3550794,623.3550794,2310.459609,2310.459609,2310.459609,2310.459609,2310.459609
8/6/2001,644.2137983,643.3129645,710.9045179,678.0480261,673.2131561,710.9045179,2485.127934,1831.500325,2862.38767,2450.477516,1896.995447,2862.38767,2450.799895,1960.084664,2862.38767,2498.320452,2218.03265,2862.38767,365.6390503,363.7911109,0.001001968,0.001005531,0.001008742,0.001011081,609.5858537,609.5858537,609.5858537,2373.567163,2373.567163,2373.567163,2373.567163,2373.567163
8/7/2001,569.1596464,569.6737546,627.9887555,642.3972841,643.3129645,627.9887555,1901.930416,2293.023806,2178.183542,1921.477715,1831.500325,2178.183542,1946.851584,1896.995447,2178.183542,2001.484092,1960.084664,2178.183542,329.4844943,327.8484405,0.001001968,0.001005531,0.001008742,0.001011081,606.8232368,606.8232368,606.8232368,2376.058641,2376.058641,2376.058641,2376.058641,2376.058641
8/8/2001,501.771824,522.7156767,549.4801773,570.7849037,569.6737546,549.4801773,1623.902689,3201.921169,1844.219102,1649.99164,2293.023806,1844.219102,1690.499804,1831.500325,1844.219102,1766.964002,1896.995447,1844.219102,272.7529853,271.4424243,0.001001968,0.001005531,0.001008742,0.001011081,602.0767683,602.0767683,602.0767683,2370.590173,2370.590173,2370.590173,2370.590173,2370.590173
8/9/2001,470.6807531,484.1573799,513.441983,523.4248105,522.7156767,513.441983,1557.07388,3927.53246,1764.697233,1570.362015,3201.921169,1764.697233,1612.040149,2293.023806,1764.697233,1680.151669,1831.500325,1764.697233,247.4738881,246.3052337,0.001001968,0.001005531,0.001008742,0.001011081,594.5771405,594.5771405,594.5771405,2362.692912,2362.692912,2362.692912,2362.692912,2362.692912
8/10/2001,428.8512366,519.7053682,467.1618186,481.0956638,484.1573799,467.1618186,1508.038288,3992.610734,1708.689549,1523.540593,3927.53246,1708.689549,1559.745133,3201.921169,1708.689549,1623.637739,2293.023806,1708.689549,224.9057325,223.8619112,0.001001968,0.001005531,0.001008742,0.001011081,583.6002487,583.6002487,583.6002487,2347.974999,2347.974999,2347.974999,2347.974999,2347.974999
8/11/2001,444.6225511,649.3723592,482.8094204,478.7050693,519.7053682,482.8094204,2026.258126,2888.602432,2310.862551,2016.393762,3992.610734,2310.862551,2029.624352,3927.53246,2310.862551,2011.229939,3201.921169,2310.862551,223.0955299,222.0616404,0.001001968,0.001005531,0.001008742,0.001011081,572.8128125,572.8128125,572.8128125,2356.415374,2356.415374,2356.415374,2356.415374,2356.415374
8/12/2001,576.8789155,707.3530787,632.43087,644.3827578,649.3723592,632.43087,3092.351656,2465.577357,3557.439069,3094.126761,2888.602432,3557.439069,3057.071841,3992.610734,3557.439069,2849.582798,3927.53246,3557.439069,299.73652,298.2722823,0.001001968,0.001005531,0.001008742,0.001011081,572.0196756,572.0196756,572.0196756,2353.932284,2353.932284,2353.932284,2353.932284,2353.932284
8/13/2001,746.5294538,926.8093099,810.2105496,724.0348237,707.3530787,810.2105496,3811.737912,2147.805261,4395.206687,3706.519895,2465.577357,4395.206687,3670.522692,2888.602432,4395.206687,3671.949776,3992.610734,4395.206687,336.1338247,334.4590454,0.001001968,0.001005531,0.001008742,0.001011081,576.9048942,576.9048942,576.9048942,2530.597315,2530.597315,2530.597315,2530.597315,2530.597315
8/14/2001,825.1429656,588.9968792,914.0184278,917.3612693,926.8093099,914.0184278,3630.628461,1864.695011,4206.941149,3624.793112,2147.805261,4206.941149,3570.068934,2465.577357,4206.941149,3607.530491,2888.602432,4206.941149,464.9331073,462.4883498,0.001001968,0.001005531,0.001008742,0.001011081,605.2659538,605.2659538,605.2659538,2791.803761,2791.803761,2791.803761,2791.803761,2791.803761
8/15/2001,531.3618916,502.9652853,576.3905565,608.9693554,588.9968792,576.3905565,2514.568372,1817.743815,2852.916838,2542.277425,1864.695011,2852.916838,2661.224673,2147.805261,2852.916838,2866.11709,2465.577357,2852.916838,251.1304753,249.9414254,0.001001968,0.001005531,0.001008742,0.001011081,623.2292098,623.2292098,623.2292098,2928.029617,2928.029617,2928.029617,2928.029617,2928.029617
8/16/2001,449.6460592,560.2698502,487.014562,502.4013271,502.9652853,487.014562,1654.635224,1905.738591,1862.188585,1671.572252,1817.743815,1862.188585,1740.32745,1864.695011,1862.188585,1953.529063,2147.805261,1862.188585,217.0261916,216.0255099,0.001001968,0.001005531,0.001008742,0.001011081,624.7118642,624.7118642,624.7118642,2999.571987,2999.571987,2999.571987,2999.571987,2999.571987
8/17/2001,497.0703866,614.4073219,537.0751858,515.41429,560.2698502,537.0751858,1666.692666,1846.356702,1880.467778,1647.22375,1905.738591,1880.467778,1665.930167,1817.743815,1880.467778,1721.307099,1864.695011,1880.467778,230.510344,229.4356944,0.001001968,0.001005531,0.001008742,0.001011081,627.0619037,627.0619037,627.0619037,3022.252984,3022.252984,3022.252984,3022.252984,3022.252984
8/18/2001,577.4536092,474.3757976,628.7746733,641.8972054,614.4073219,628.7746733,1705.12038,1741.38539,1927.706667,1726.563193,1846.356702,1927.706667,1717.524889,1905.738591,1927.706667,1665.427126,1817.743815,1927.706667,276.8278893,275.4942614,0.001001968,0.001005531,0.001008742,0.001011081,644.7880459,644.7880459,644.7880459,2958.097857,2958.097857,2958.097857,2958.097857,2958.097857
8/19/2001,452.178806,537.6870281,488.6599677,497.2642596,474.3757976,488.6599677,1568.209387,1756.968419,1768.788089,1578.148037,1741.38539,1768.788089,1640.414631,1846.356702,1768.788089,1727.463629,1905.738591,1768.788089,208.6958041,207.7404649,0.001001968,0.001005531,0.001008742,0.001011081,637.2521281,637.2521281,637.2521281,2744.907383,2744.907383,2744.907383,2744.907383,2744.907383
8/20/2001,517.4346939,598.4315127,562.4640486,520.0230973,537.6870281,562.4640486,1652.48401,1914.678569,1869.099363,1614.168202,1756.968419,1869.099363,1643.501324,1741.38539,1869.099363,1682.186297,1846.356702,1869.099363,259.9239877,258.6857053,0.001001968,0.001005531,0.001008742,0.001011081,614.2866421,614.2866421,614.2866421,2421.550514,2421.550514,2421.550514,2421.550514,2421.550514
8/21/2001,510.483225,435.6910481,559.6887531,605.2746853,598.4315127,559.6887531,1629.113528,1984.739551,1849.64239,1680.780051,1914.678569,1849.64239,1656.868367,1756.968419,1849.64239,1660.683062,1741.38539,1849.64239,277.2692631,275.9331337,0.001001968,0.001005531,0.001008742,0.001011081,574.2337926,574.2337926,574.2337926,2101.338246,2101.338246,2101.338246,2101.338246,2101.338246
8/22/2001,407.1884675,444.9996038,440.25214,449.0974073,435.6910481,440.25214,1449.482274,1682.252394,1633.774047,1458.793493,1984.739551,1633.774047,1538.082294,1914.678569,1633.774047,1602.949275,1756.968419,1633.774047,195.1158924,194.2338559,0.001001968,0.001005531,0.001008742,0.001011081,546.2048877,546.2048877,546.2048877,1938.2157,1938.2157,1938.2157,1938.2157,1938.2157
8/23/2001,394.1770792,429.1120856,429.865908,440.2640107,444.9996038,429.865908,1433.50711,1530.507349,1623.097238,1444.981707,1682.252394,1623.097238,1473.944505,1984.739551,1623.097238,1558.232433,1914.678569,1623.097238,213.0137503,212.034943,0.001001968,0.001005531,0.001008742,0.001011081,531.7706425,531.7706425,531.7706425,1842.844461,1842.844461,1842.844461,1842.844461,1842.844461
8/24/2001,390.8210835,417.1774745,425.2500967,431.327352,429.1120856,425.2500967,1634.673568,1609.670504,1857.171505,1638.604908,1530.507349,1857.171505,1655.549607,1682.252394,1857.171505,1682.63794,1984.739551,1857.171505,204.957018,204.0219375,0.001001968,0.001005531,0.001008742,0.001011081,520.3738092,520.3738092,520.3738092,1825.277498,1825.277498,1825.277498,1825.277498,1825.277498
8/25/2001,381.0811268,374.4536821,413.9484072,419.6713862,417.1774745,413.9484072,1690.152023,1740.719832,1924.745778,1690.56367,1609.670504,1924.745778,1697.658815,1530.507349,1924.745778,1764.578888,1682.252394,1924.745778,196.8166429,195.925469,0.001001968,0.001005531,0.001008742,0.001011081,493.8345001,493.8345001,493.8345001,1841.902783,1841.902783,1841.902783,1841.902783,1841.902783
8/26/2001,341.8335601,379.8660895,370.3763215,374.5245076,374.4536821,370.3763215,1400.89227,1784.741728,1583.436524,1402.437884,1740.719832,1583.436524,1430.917435,1609.670504,1583.436524,1482.095088,1530.507349,1583.436524,174.9886675,174.2137752,0.001001968,0.001005531,0.001008742,0.001011081,472.338099,472.338099,472.338099,1813.278266,1813.278266,1813.278266,1813.278266,1813.278266
8/27/2001,348.4751515,437.4217981,377.5494841,374.9894385,379.8660895,377.5494841,1322.213599,1604.819852,1490.710582,1319.319389,1784.741728,1490.710582,1332.865378,1740.719832,1490.710582,1360.752069,1609.670504,1490.710582,177.9111229,177.1207908,0.001001968,0.001005531,0.001008742,0.001011081,451.1381043,451.1381043,451.1381043,1765.726058,1765.726058,1765.726058,1765.726058,1765.726058
8/28/2001,376.8863451,451.4825232,410.6761438,418.2048199,437.4217981,410.6761438,1459.827695,1624.079165,1655.400342,1467.947168,1604.819852,1655.400342,1468.267105,1784.741728,1655.400342,1444.18977,1740.719832,1655.400342,201.7950852,200.8770925,0.001001968,0.001005531,0.001008742,0.001011081,429.53513,429.53513,429.53513,1738.951503,1738.951503,1738.951503,1738.951503,1738.951503
8/29/2001,427.5372877,417.7796731,465.5784008,461.0972548,451.4825232,465.5784008,1625.607238,1914.788027,1847.041809,1621.71831,1624.079165,1847.041809,1630.383674,1604.819852,1847.041809,1603.444462,1784.741728,1847.041809,219.1197433,218.107623,0.001001968,0.001005531,0.001008742,0.001011081,420.811463,420.811463,420.811463,1737.985078,1737.985078,1737.985078,1737.985078,1737.985078
8/30/2001,389.863774,356.2479773,423.6087301,430.4530521,417.7796731,423.6087301,1561.797615,1616.978649,1773.010937,1566.373171,1914.788027,1773.010937,1575.779537,1624.079165,1773.010937,1652.516469,1604.819852,1773.010937,198.608495,197.7076806,0.001001968,0.001005531,0.001008742,0.001011081,417.5678012,417.5678012,417.5678012,1752.232744,1752.232744,1752.232744,1752.232744,1752.232744
8/31/2001,311.5675858,373.3889247,337.6075251,341.9260598,356.2479773,337.6075251,1295.519269,1607.390896,1460.390879,1297.558676,1616.978649,1460.390879,1343.75273,1914.788027,1460.390879,1410.267328,1624.079165,1460.390879,161.9450347,161.2385373,0.001001968,0.001005531,0.001008742,0.001011081,409.5787474,409.5787474,409.5787474,1717.888584,1717.888584,1717.888584,1717.888584,1717.888584
9/1/2001,367.5599642,521.1214582,389.6917516,377.5569622,373.3889247,389.6917516,1449.15758,1675.826648,1625.955012,1434.114396,1607.390896,1625.955012,1385.946287,1616.978649,1625.955012,1422.12717,1914.788027,1625.955012,131.8620859,131.3097803,0.001001968,0.001005531,0.001008742,0.001011081,396.1163768,396.1163768,396.1163768,1664.631967,1664.631967,1664.631967,1664.631967,1664.631967
9/2/2001,556.3937977,512.3759382,596.5137288,530.7419892,521.1214582,596.5137288,1874.132287,1793.326704,2124.642731,1806.206917,1675.826648,2124.642731,1755.885385,1607.390896,2124.642731,1686.143283,1616.978649,2124.642731,227.7905847,226.7309099,0.001001968,0.001005531,0.001008742,0.001011081,406.757391,406.757391,406.757391,1703.764083,1703.764083,1703.764083,1703.764083,1703.764083
9/3/2001,454.4671608,403.1340841,497.6984211,512.9021268,512.3759382,497.6984211,1530.424837,1507.767407,1739.552905,1548.216777,1793.326704,1739.552905,1604.335812,1675.826648,1739.552905,1552.664978,1607.390896,1739.552905,254.0954208,252.8897999,0.001001968,0.001005531,0.001008742,0.001011081,430.9908008,430.9908008,430.9908008,1732.688377,1732.688377,1732.688377,1732.688377,1732.688377
9/4/2001,341.1591526,326.3029854,367.755287,397.2569853,403.1340841,367.755287,1334.471958,1442.717782,1504.035204,1361.459782,1507.767407,1504.035204,1395.408382,1793.326704,1504.035204,1535.032742,1675.826648,1504.035204,165.7914024,165.0648264,0.001001968,0.001005531,0.001008742,0.001011081,433.8438101,433.8438101,433.8438101,1736.967821,1736.967821,1736.967821,1736.967821,1736.967821
9/5/2001,308.0037712,383.2739071,322.9744333,327.7046225,326.3029854,322.9744333,1320.523951,1391.307612,1475.4272,1318.837164,1442.717782,1475.4272,1319.804691,1507.767407,1475.4272,1409.730935,1793.326704,1475.4272,95.26752349,94.89467932,0.001001968,0.001005531,0.001008742,0.001011081,416.4187995,416.4187995,416.4187995,1715.455299,1715.455299,1715.455299,1715.455299,1715.455299
9/6/2001,381.6372101,405.3317802,404.7618238,387.629211,383.2739071,404.7618238,1569.609369,1348.510167,1771.946874,1545.163428,1391.307612,1771.946874,1528.686875,1442.717782,1771.946874,1535.656899,1507.767407,1771.946874,141.8857879,141.2826962,0.001001968,0.001005531,0.001008742,0.001011081,408.1562267,408.1562267,408.1562267,1708.494824,1708.494824,1708.494824,1708.494824,1708.494824
9/7/2001,369.8774978,356.04312,400.1043252,405.7216269,405.3317802,400.1043252,1371.820265,1339.846917,1548.383272,1376.080845,1348.510167,1548.383272,1407.57569,1391.307612,1548.383272,1377.341834,1442.717782,1548.383272,185.284752,184.4552832,0.001001968,0.001005531,0.001008742,0.001011081,414.6440119,414.6440119,414.6440119,1696.085121,1696.085121,1696.085121,1696.085121,1696.085121
9/8/2001,315.669528,312.8789198,339.2294486,356.2475112,356.04312,339.2294486,1246.276152,1577.284352,1402.3513,1260.468002,1339.846917,1402.3513,1278.648331,1348.510167,1402.3513,1356.99243,1391.307612,1402.3513,148.9992165,148.359715,0.001001968,0.001005531,0.001008742,0.001011081,420.6808259,420.6808259,420.6808259,1672.227698,1672.227698,1672.227698,1672.227698,1672.227698
9/9/2001,286.8082691,322.2963959,306.164346,313.1066888,312.8789198,306.164346,1129.228611,1384.520659,1264.739761,1133.182226,1577.284352,1264.739761,1155.76461,1339.846917,1264.739761,1211.558176,1348.510167,1264.739761,125.298432,124.779033,0.001001968,0.001005531,0.001008742,0.001011081,401.0430039,401.0430039,401.0430039,1588.832487,1588.832487,1588.832487,1588.832487,1588.832487
9/10/2001,289.6333908,312.0455371,310.9233088,315.5843943,322.2963959,310.9233088,1147.933177,1422.271701,1290.421362,1150.166604,1384.520659,1290.421362,1164.136196,1577.284352,1290.421362,1185.081021,1339.846917,1290.421362,136.6693852,136.0928011,0.001001968,0.001005531,0.001008742,0.001011081,369.2251175,369.2251175,369.2251175,1532.678975,1532.678975,1532.678975,1532.678975,1532.678975
9/11/2001,293.4413982,329.9092607,312.4503706,313.6741292,312.0455371,312.4503706,1202.63484,2131.936923,1348.62379,1200.912771,1422.271701,1348.62379,1197.286935,1384.520659,1348.62379,1209.223403,1577.284352,1348.62379,121.0280465,120.5299004,0.001001968,0.001005531,0.001008742,0.001011081,352.5097531,352.5097531,352.5097531,1489.253342,1489.253342,1489.253342,1489.253342,1489.253342
9/12/2001,344.7324202,381.1785032,366.7898515,335.1589228,329.9092607,366.7898515,1429.296829,1931.043029,1614.049854,1391.322669,2131.936923,1614.049854,1385.740437,1422.271701,1614.049854,1410.440386,1384.520659,1614.049854,138.7891088,138.2017732,0.001001968,0.001005531,0.001008742,0.001011081,352.0865163,352.0865163,352.0865163,1481.429406,1481.429406,1481.429406,1481.429406,1481.429406
9/13/2001,335.4803227,337.0169705,362.7529322,372.1293228,381.1785032,362.7529322,1253.29761,1663.06373,1412.07432,1261.309447,1931.043029,1412.07432,1260.557018,2131.936923,1412.07432,1247.785001,1422.271701,1412.07432,170.732351,169.9798711,0.001001968,0.001005531,0.001008742,0.001011081,350.4784633,350.4784633,350.4784633,1427.36085,1427.36085,1427.36085,1427.36085,1427.36085
9/14/2001,309.3332719,457.0880588,321.8448756,337.7129764,337.0169705,321.8448756,1341.823736,1513.611069,1495.732431,1352.694704,1663.06373,1495.732431,1298.755224,1931.043029,1495.732431,1317.047085,2131.936923,1495.732431,75.79450551,75.51307801,0.001001968,0.001005531,0.001008742,0.001011081,330.5297005,330.5297005,330.5297005,1421.592817,1421.592817,1421.592817,1421.592817,1421.592817
9/15/2001,632.5738595,842.7330126,660.2621439,464.2707517,457.0880588,660.2621439,2175.318511,1527.353826,2448.056594,1967.500393,1513.611069,2448.056594,1919.264412,1663.06373,2448.056594,1873.356752,1931.043029,2448.056594,160.7750318,160.0746266,0.001001968,0.001005531,0.001008742,0.001011081,338.1583181,338.1583181,338.1583181,1534.424782,1534.424782,1534.424782,1534.424782,1534.424782
9/16/2001,742.7677062,502.345144,822.8911071,844.4914075,842.7330126,822.8911071,2082.344907,1469.54922,2396.234567,2115.435975,1527.353826,2396.234567,2058.210326,1513.611069,2396.234567,1791.001317,1663.06373,2396.234567,438.6021162,436.317564,0.001001968,0.001005531,0.001008742,0.001011081,395.7123143,395.7123143,395.7123143,1628.094427,1628.094427,1628.094427,1628.094427,1628.094427
9/17/2001,385.9922915,314.038435,410.4369873,502.6420548,502.345144,410.4369873,1450.946919,2546.472307,1631.745959,1537.834745,1469.54922,1631.745959,1596.68443,1527.353826,1631.745959,1799.876497,1513.611069,1631.745959,155.2244087,154.552806,0.001001968,0.001005531,0.001008742,0.001011081,429.1555989,429.1555989,429.1555989,1697.321416,1697.321416,1697.321416,1697.321416,1697.321416
9/18/2001,278.2473872,329.7864447,287.0649645,314.2805456,314.038435,287.0649645,965.9985561,6113.983614,1056.361919,988.5032549,2546.472307,1056.361919,1080.695179,1469.54922,1056.361919,1245.255457,1527.353826,1056.361919,63.12032387,62.89584026,0.001001968,0.001005531,0.001008742,0.001011081,443.8924209,443.8924209,443.8924209,1731.225076,1731.225076,1731.225076,1731.225076,1731.225076
9/19/2001,300.2139282,415.2995642,316.2865312,329.8960247,329.7864447,316.2865312,1143.722637,3750.809834,1279.601735,1152.610792,6113.983614,1279.601735,1181.383418,2546.472307,1279.601735,1250.418424,1469.54922,1279.601735,107.3892416,106.9580903,0.001001968,0.001005531,0.001008742,0.001011081,447.9820783,447.9820783,447.9820783,1700.908172,1700.908172,1700.908172,1700.908172,1700.908172
9/20/2001,332.7245939,1184.082006,351.2049482,375.4018259,415.2995642,351.2049482,1302.845846,2557.09246,1458.533065,1323.285662,3750.809834,1458.533065,1291.649028,6113.983614,1458.533065,1279.491951,2546.472307,1458.533065,118.3377595,117.852937,0.001001968,0.001005531,0.001008742,0.001011081,445.1009278,445.1009278,445.1009278,1697.000522,1697.000522,1697.000522,1697.000522,1697.000522
9/21/2001,1238.580939,1229.635974,1375.290417,1197.51652,1184.082006,1375.290417,3427.519936,2931.195689,3951.911019,3293.665783,2557.09246,3951.911019,3140.145593,3750.809834,3951.911019,2257.560975,6113.983614,3951.911019,638.6280882,635.0975153,0.001001968,0.001005531,0.001008742,0.001011081,539.7328148,539.7328148,539.7328148,1880.0067,1880.0067,1880.0067,1880.0067,1880.0067
9/22/2001,1913.746284,2603.760331,2031.88695,1253.602639,1229.635974,2031.88695,6768.518893,8489.512006,7816.348649,5943.999969,2931.195689,7816.348649,5822.706659,2557.09246,7816.348649,6071.403875,3750.809834,7816.348649,594.6573371,591.4059496,0.001001968,0.001005531,0.001008742,0.001011081,642.5097441,642.5097441,642.5097441,2489.052609,2489.052609,2489.052609,2489.052609,2489.052609
9/23/2001,1945.602662,914.5420486,2245.27599,2604.897557,2603.760331,2245.27599,3964.628146,6461.492798,4720.17594,4408.011646,8489.512006,4720.17594,4112.496041,2931.195689,4720.17594,3267.726096,2557.09246,4720.17594,1418.032806,1409.230436,0.001001968,0.001005531,0.001008742,0.001011081,829.9165478,829.9165478,829.9165478,2771.137335,2771.137335,2771.137335,2771.137335,2771.137335
9/24/2001,344.781874,1894.418822,346.0512803,788.4736189,914.5420486,346.0512803,1571.938001,6004.886064,1742.722096,1997.691079,6461.492798,1742.722096,2367.141798,8489.512006,1742.722096,3269.344259,2931.195689,1742.722096,0.001000564,0.001006515,0.001001968,0.001005531,0.001008742,0.001011081,918.6568658,918.6568658,918.6568658,2968.406627,2968.406627,2968.406627,2968.406627,2968.406627
9/25/2001,2444.136558,3469.8848,2591.96539,1939.315631,1894.418822,2591.96539,4161.236601,5247.196231,4547.442865,3630.667464,6004.886064,4547.442865,3253.063996,6461.492798,4547.442865,1964.666716,8489.512006,4547.442865,490.5211231,487.919462,0.001001968,0.001005531,0.001008742,0.001011081,1064.602145,1064.602145,1064.602145,3273.04736,3273.04736,3273.04736,3273.04736,3273.04736
9/26/2001,4098.650841,4776.693783,4458.302172,3528.44218,3469.8848,4458.302172,10503.6524,4974.226519,12166.33052,9612.241516,5247.196231,12166.33052,9227.141557,6004.886064,12166.33052,8522.115743,6461.492798,12166.33052,1553.775892,1544.009957,0.001001968,0.001005531,0.001008742,0.001011081,1436.944741,1436.944741,1436.944741,4372.52412,4372.52412,4372.52412,4372.52412,4372.52412
9/27/2001,3692.466258,2110.638334,4288.695103,4777.497539,4776.693783,4288.695103,7093.074866,3977.763999,8510.371051,7760.431451,4974.226519,8510.371051,8025.89772,5247.196231,8510.371051,6705.793683,6004.886064,8510.371051,2607.479297,2589.94112,0.001001968,0.001005531,0.001008742,0.001011081,2031.778527,2031.778527,2031.778527,5206.105875,5206.105875,5206.105875,5206.105875,5206.105875
9/28/2001,1420.420254,1309.063899,1520.282868,2094.210019,2110.638334,1520.282868,3807.131835,3202.849034,4314.414108,4388.137402,3977.763999,4314.414108,5011.399174,4974.226519,4314.414108,7018.883483,5247.196231,4314.414108,509.0971654,506.3808812,0.001001968,0.001005531,0.001008742,0.001011081,2277.491369,2277.491369,2277.491369,5748.147146,5748.147146,5748.147146,5748.147146,5748.147146
9/29/2001,1142.655798,1387.077751,1188.523309,1320.087157,1309.063899,1188.523309,1642.801876,2755.250345,1738.145156,1796.43972,3202.849034,1738.145156,2344.800864,3977.763999,1738.145156,3264.656349,4974.226519,1738.145156,231.8159309,230.7340832,0.001001968,0.001005531,0.001008742,0.001011081,2376.152267,2376.152267,2376.152267,5505.368406,5505.368406,5505.368406,5505.368406,5505.368406
9/30/2001,1202.576024,1085.221826,1295.159933,1392.877252,1387.077751,1295.159933,3078.431261,2395.667686,3506.093744,3187.684923,2755.250345,3506.093744,3399.869596,3202.849034,3506.093744,3738.753225,3977.763999,3506.093744,476.3576194,473.8429522,0.001001968,0.001005531,0.001008742,0.001011081,2305.502039,2305.502039,2305.502039,5479.312187,5479.312187,5479.312187,5479.312187,5479.312187
10/1/2001,933.5114327,892.9028319,1002.406999,1086.402124,1085.221826,1002.406999,2738.264858,2194.274105,3109.631746,2823.925451,2395.667686,3109.631746,3048.951587,2755.250345,3109.631746,3386.011176,3202.849034,3109.631746,371.0380191,369.1581696,0.001001968,0.001005531,0.001008742,0.001011081,2319.808663,2319.808663,2319.808663,5491.564214,5491.564214,5491.564214,5491.564214,5491.564214
10/2/2001,782.3999147,799.5928732,834.1653014,893.3267361,892.9028319,834.1653014,2176.367899,2078.111317,2450.062024,2238.024564,2194.274105,2450.062024,2370.117142,2395.667686,2450.062024,2691.49258,2755.250345,2450.062024,288.084463,286.6868516,0.001001968,0.001005531,0.001008742,0.001011081,2258.36615,2258.36615,2258.36615,5366.696293,5366.696293,5366.696293,5366.696293,5366.696293
10/3/2001,715.4319141,748.6822051,761.9892465,799.5516491,799.5928732,761.9892465,1974.382385,2301.909034,2216.366658,2014.919509,2078.111317,2216.366658,2104.316939,2194.274105,2216.366658,2273.253113,2395.667686,2216.366658,263.0749891,261.819003,0.001001968,0.001005531,0.001008742,0.001011081,1958.720416,1958.720416,1958.720416,4420.602109,4420.602109,4420.602109,4420.602109,4420.602109
10/4/2001,674.9222364,707.6352425,719.9316706,748.6692709,748.6822051,719.9316706,1870.863081,2352.899617,2099.438778,1902.839833,2301.909034,2099.438778,1968.136395,2078.111317,2099.438778,2072.604223,2194.274105,2099.438778,256.352258,255.1340039,0.001001968,0.001005531,0.001008742,0.001011081,1428.294419,1428.294419,1428.294419,3708.801621,3708.801621,3708.801621,3708.801621,3708.801621
10/5/2001,636.9443512,751.7741076,679.709894,703.7467797,707.6352425,679.709894,1779.460179,2095.073042,1995.387736,1806.579011,2352.899617,1995.387736,1860.980866,2301.909034,1995.387736,1943.091106,2078.111317,1995.387736,245.707904,244.5490834,0.001001968,0.001005531,0.001008742,0.001011081,1152.374823,1152.374823,1152.374823,3071.988051,3071.988051,3071.988051,3071.988051,3071.988051
10/6/2001,683.4620413,830.5580904,732.2054609,744.4008676,751.7741076,732.2054609,1805.97434,2030.398605,2025.871461,1825.032248,2095.073042,2025.871461,1843.019803,2352.899617,2025.871461,1853.508551,2301.909034,2025.871461,273.3843257,272.0701942,0.001001968,0.001005531,0.001008742,0.001011081,995.7427458,995.7427458,995.7427458,2676.025098,2676.025098,2676.025098,2676.025098,2676.025098
10/7/2001,778.1487891,768.8746282,834.6700084,836.8473907,830.5580904,834.6700084,2140.902316,1888.62103,2417.824451,2149.267768,2030.398605,2417.824451,2126.002408,2095.073042,2417.824451,2101.533812,2352.899617,2417.824451,306.7709465,305.2662982,0.001001968,0.001005531,0.001008742,0.001011081,886.2060878,886.2060878,886.2060878,2460.914606,2460.914606,2460.914606,2460.914606,2460.914606
10/8/2001,701.4537658,611.7906428,752.4025461,773.1322205,768.8746282,752.4025461,2075.952135,1735.260178,2348.237811,2098.252013,1888.62103,2348.237811,2154.186471,2030.398605,2348.237811,2189.299317,2095.073042,2348.237811,283.7577192,282.3847467,0.001001968,0.001005531,0.001008742,0.001011081,818.6413861,818.6413861,818.6413861,2338.823731,2338.823731,2338.823731,2338.823731,2338.823731
10/9/2001,552.8728913,575.050224,589.5017446,611.9289486,611.7906428,589.5017446,1665.773222,1685.170771,1868.740254,1688.740744,1735.260178,1868.740254,1791.349926,1888.62103,1868.740254,1924.585804,2030.398605,1868.740254,215.1736723,214.1830978,0.001001968,0.001005531,0.001008742,0.001011081,775.4733374,775.4733374,775.4733374,2235.853298,2235.853298,2235.853298,2235.853298,2235.853298
10/10/2001,521.3488944,540.1227714,557.9221551,575.0662239,575.050224,557.9221551,1581.719287,1655.904452,1775.673698,1600.204673,1685.170771,1775.673698,1653.889524,1735.260178,1775.673698,1762.45936,1888.62103,1775.673698,216.2486756,215.2522375,0.001001968,0.001005531,0.001008742,0.001011081,739.0514768,739.0514768,739.0514768,2159.231017,2159.231017,2159.231017,2159.231017,2159.231017
10/11/2001,491.1840259,513.5268073,525.0256532,540.1628556,540.1227714,525.0256532,1543.335403,1796.702277,1729.737401,1559.288111,1655.904452,1729.737401,1593.995087,1685.170771,1729.737401,1648.606841,1735.260178,1729.737401,202.116361,201.196634,0.001001968,0.001005531,0.001008742,0.001011081,705.9452962,705.9452962,705.9452962,2097.871876,2097.871876,2097.871876,2097.871876,2097.871876
10/12/2001,470.4160136,500.1418254,502.5296274,513.5902243,513.5268073,502.5296274,1478.896187,2370.373569,1653.148053,1491.18577,1796.702277,1653.148053,1522.431407,1655.904452,1653.148053,1559.466726,1685.170771,1653.148053,193.1954142,192.3236805,0.001001968,0.001005531,0.001008742,0.001011081,676.4252705,676.4252705,676.4252705,2045.001623,2045.001623,2045.001623,2045.001623,2045.001623
10/13/2001,459.0287723,504.215678,490.5456299,500.2262548,500.1418254,490.5456299,1447.464242,2027.046163,1619.140064,1458.292225,2370.373569,1619.140064,1481.8522,1796.702277,1619.140064,1527.455957,1655.904452,1619.140064,190.1344632,189.2791168,0.001001968,0.001005531,0.001008742,0.001011081,644.1945345,644.1945345,644.1945345,1994.250555,1994.250555,1994.250555,1994.250555,1994.250555
10/14/2001,444.5697248,594.0265784,474.9696202,483.8777065,504.215678,474.9696202,1416.226056,2054.758488,1584.658722,1425.865333,2027.046163,1584.658722,1448.650428,2370.373569,1584.658722,1490.922015,1796.702277,1584.658722,184.3235582,183.4992055,0.001001968,0.001005531,0.001008742,0.001011081,602.5568574,602.5568574,602.5568574,1897.334461,1897.334461,1897.334461,1897.334461,1897.334461
10/15/2001,595.425447,792.2626887,635.7379845,603.8288472,594.0265784,635.7379845,1792.464602,1851.528885,2009.314139,1766.633844,2054.758488,2009.314139,1730.988233,2027.046163,2009.314139,1611.998838,2370.373569,2009.314139,225.6066666,224.5589962,0.001001968,0.001005531,0.001008742,0.001011081,565.5945346,565.5945346,565.5945346,1812.703789,1812.703789,1812.703789,1812.703789,1812.703789
10/16/2001,764.8045721,695.6580399,828.3645832,794.4839995,792.2626887,828.3645832,2380.673408,1817.048787,2711.781556,2349.204731,1851.528885,2711.781556,2297.392175,2054.758488,2711.781556,2243.375819,2027.046163,2711.781556,345.7558316,344.0248163,0.001001968,0.001005531,0.001008742,0.001011081,567.7750905,567.7750905,567.7750905,1862.466928,1862.466928,1862.466928,1862.466928,1862.466928
10/17/2001,634.5044212,600.1379025,686.6062516,699.5506246,695.6580399,686.6062516,1875.986025,1715.774543,2119.905326,1895.644317,1817.048787,2119.905326,1965.677411,1851.528885,2119.905326,1933.345387,2054.758488,2119.905326,293.52042,292.0917749,0.001001968,0.001005531,0.001008742,0.001011081,585.9196469,585.9196469,585.9196469,1896.989838,1896.989838,1896.989838,1896.989838,1896.989838
10/18/2001,527.1754171,473.1085424,562.7464948,603.0394755,600.1379025,562.7464948,1684.283773,1542.192657,1891.343744,1724.251186,1715.774543,1891.343744,1742.959607,1817.048787,1891.343744,1938.509764,1851.528885,1891.343744,207.8636456,206.9128204,0.001001968,0.001005531,0.001008742,0.001011081,593.0171391,593.0171391,593.0171391,1939.793299,1939.793299,1939.793299,1939.793299,1939.793299
10/19/2001,454.8796321,559.7620332,482.6573,473.1404292,473.1085424,482.6573,1389.752988,1472.776419,1545.324274,1380.370407,1542.192657,1545.324274,1479.914426,1715.774543,1545.324274,1550.396591,1817.048787,1545.324274,170.1907905,169.4411558,0.001001968,0.001005531,0.001008742,0.001011081,597.1915834,597.1915834,597.1915834,1950.358006,1950.358006,1950.358006,1950.358006,1950.358006
10/20/2001,503.5409649,470.6722753,547.5010314,559.740083,559.7620332,547.5010314,1540.090829,1323.710245,1743.250535,1556.74718,1472.776419,1743.250535,1581.735299,1542.192657,1743.250535,1608.685711,1715.774543,1743.250535,257.6109694,256.3856619,0.001001968,0.001005531,0.001008742,0.001011081,604.2982769,604.2982769,604.2982769,1958.026526,1958.026526,1958.026526,1958.026526,1958.026526
10/21/2001,416.9592809,418.1978998,446.9390333,470.6725357,470.6722753,446.9390333,1415.649751,1337.469097,1589.915894,1438.737363,1323.710245,1589.915894,1464.335576,1472.776419,1589.915894,1563.555805,1542.192657,1589.915894,183.4701329,182.650319,0.001001968,0.001005531,0.001008742,0.001011081,603.0276699,603.0276699,603.0276699,1958.421492,1958.421492,1958.421492,1958.421492,1958.421492
10/22/2001,384.7451557,428.2717662,409.3207517,415.3809243,418.1978998,409.3207517,1241.708819,1479.088954,1383.034797,1247.524982,1337.469097,1383.034797,1281.968751,1323.710245,1383.034797,1344.734701,1472.776419,1383.034797,153.836335,153.1719088,0.001001968,0.001005531,0.001008742,0.001011081,587.7437531,587.7437531,587.7437531,1916.037782,1916.037782,1916.037782,1916.037782,1916.037782
10/23/2001,395.734495,461.2980283,421.5325217,422.5508779,428.2717662,421.5325217,1261.966994,1590.472462,1408.961409,1263.300016,1479.088954,1408.961409,1274.83077,1337.469097,1408.961409,1304.567998,1323.710245,1408.961409,159.7244909,159.0295497,0.001001968,0.001005531,0.001008742,0.001011081,546.3465598,546.3465598,546.3465598,1771.420481,1771.420481,1771.420481,1771.420481,1771.420481
10/24/2001,478.8179259,618.2065531,505.2687506,465.1151956,461.2980283,505.2687506,1267.88592,1520.776586,1400.623337,1230.767527,1590.472462,1400.623337,1204.521871,1479.088954,1400.623337,1205.977317,1337.469097,1400.623337,158.0345296,157.3483658,0.001001968,0.001005531,0.001008742,0.001011081,502.0388145,502.0388145,502.0388145,1652.105309,1652.105309,1652.105309,1652.105309,1652.105309
10/25/2001,561.5628716,524.7928931,607.9522406,621.7352553,618.2065531,607.9522406,1352.448748,1388.514212,1517.523181,1376.575237,1520.776586,1517.523181,1354.729751,1590.472462,1517.523181,1240.116224,1479.088954,1517.523181,265.3561665,264.0873436,0.001001968,0.001005531,0.001008742,0.001011081,496.1424472,496.1424472,496.1424472,1551.002507,1551.002507,1551.002507,1551.002507,1551.002507
10/26/2001,485.9207282,485.7409378,525.900173,525.4212901,524.7928931,525.900173,1383.837671,1344.597504,1559.686552,1388.423518,1388.514212,1559.686552,1475.102284,1520.776586,1559.686552,1476.679219,1590.472462,1559.686552,236.6081029,235.4997806,0.001001968,0.001005531,0.001008742,0.001011081,499.9081019,499.9081019,499.9081019,1517.931058,1517.931058,1517.931058,1517.931058,1517.931058
10/27/2001,427.327284,388.6151631,461.3940779,485.7642124,485.7409378,461.3940779,1310.902348,1292.038928,1474.18145,1338.033269,1344.597504,1474.18145,1363.642448,1388.514212,1474.18145,1478.962708,1520.776586,1474.18145,205.9999028,205.0591772,0.001001968,0.001005531,0.001008742,0.001011081,490.3711422,490.3711422,490.3711422,1497.834286,1497.834286,1497.834286,1497.834286,1497.834286
10/28/2001,355.2376646,381.5701441,376.5581717,388.6229596,388.6151631,376.5581717,1169.039332,1261.006565,1301.356716,1179.90585,1292.038928,1301.356716,1212.886001,1344.597504,1301.356716,1309.433359,1388.514212,1301.356716,135.8775569,135.3049818,0.001001968,0.001005531,0.001008742,0.001011081,480.4373999,480.4373999,480.4373999,1472.710227,1472.710227,1472.710227,1472.710227,1472.710227
10/29/2001,351.7719473,371.4373197,374.2626428,381.5872343,381.5701441,374.2626428,1134.125166,1234.8552,1263.998653,1141.236873,1261.006565,1263.998653,1163.282801,1292.038928,1263.998653,1198.857844,1344.597504,1263.998653,142.7984545,142.190708,0.001001968,0.001005531,0.001008742,0.001011081,473.9349611,473.9349611,473.9349611,1447.947794,1447.947794,1447.947794,1447.947794,1447.947794
10/30/2001,340.6553517,353.2213669,362.9343808,371.4616807,371.4373197,362.9343808,1153.626639,1212.490933,1289.478734,1161.219306,1234.8552,1289.478734,1177.61095,1261.006565,1289.478734,1208.429002,1292.038928,1289.478734,141.8468732,141.2439798,0.001001968,0.001005531,0.001008742,0.001011081,467.5645677,467.5645677,467.5645677,1428.946809,1428.946809,1428.946809,1428.946809,1428.946809
10/31/2001,326.542817,345.8040404,347.401761,353.2550426,353.2213669,347.401761,1112.587374,1227.314488,1241.141047,1117.356602,1212.490933,1241.141047,1134.029503,1234.8552,1241.141047,1167.042078,1261.006565,1241.141047,133.9931308,133.4300807,0.001001968,0.001005531,0.001008742,0.001011081,458.1727902,458.1727902,458.1727902,1422.585709,1422.585709,1422.585709,1422.585709,1422.585709
11/1/2001,320.0979543,338.5798202,340.6727093,345.8498449,345.8040404,340.6727093,1092.356907,1252.750741,1218.599514,1096.55269,1227.314488,1218.599514,1108.823146,1212.490933,1218.599514,1135.373839,1234.8552,1218.599514,132.4778368,131.9224296,0.001001968,0.001005531,0.001008742,0.001011081,427.1053234,427.1053234,427.1053234,1402.9909,1402.9909,1402.9909,1402.9909,1402.9909
11/2/2001,313.6420535,326.7491919,333.8735454,338.4815245,338.5798202,333.8735454,1077.824511,1257.162197,1202.575371,1081.393933,1252.750741,1202.575371,1093.047938,1227.314488,1202.575371,1116.414917,1212.490933,1202.575371,130.6355545,130.0894197,0.001001968,0.001005531,0.001008742,0.001011081,392.4333714,392.4333714,392.4333714,1354.898663,1354.898663,1354.898663,1354.898663,1354.898663
11/3/2001,301.0353982,333.9480176,319.3911453,326.8839894,326.7491919,319.3911453,1060.109062,1170.060483,1181.049698,1066.02071,1257.162197,1181.049698,1071.222631,1252.750741,1181.049698,1098.800784,1227.314488,1181.049698,119.536309,119.0455571,0.001001968,0.001005531,0.001008742,0.001011081,368.7591948,368.7591948,368.7591948,1302.284421,1302.284421,1302.284421,1302.284421,1302.284421
11/4/2001,315.7188886,358.4587958,334.799207,334.0112774,333.9480176,334.799207,1093.799312,1223.422292,1219.395303,1091.392652,1170.060483,1219.395303,1092.312503,1257.162197,1219.395303,1104.988404,1252.750741,1219.395303,123.0428096,122.5346521,0.001001968,0.001005531,0.001008742,0.001011081,356.5391303,356.5391303,356.5391303,1270.389627,1270.389627,1270.389627,1270.389627,1270.389627
11/5/2001,335.9854027,338.1552177,358.1410344,358.6066244,358.4587958,358.1410344,1155.074782,1185.813502,1291.46237,1154.807506,1223.422292,1291.46237,1154.857397,1170.060483,1291.46237,1140.291998,1257.162197,1291.46237,140.2712228,139.6763533,0.001001968,0.001005531,0.001008742,0.001011081,350.2375192,350.2375192,350.2375192,1257.263503,1257.263503,1257.263503,1257.263503,1257.263503
11/6/2001,299.6500765,252.2285375,317.5290697,338.2722293,338.1552177,317.5290697,1112.186655,1071.011171,1241.351599,1130.163982,1185.813502,1241.351599,1127.577263,1223.422292,1241.351599,1171.058658,1170.060483,1241.351599,115.2609244,114.7912757,0.001001968,0.001005531,0.001008742,0.001011081,343.5697237,343.5697237,343.5697237,1252.602967,1252.602967,1252.602967,1252.602967,1252.602967
11/7/2001,253.7038519,348.6834873,265.9999005,252.3241111,252.2285375,265.9999005,970.0905595,1079.5165,1073.930221,952.8433098,1071.011171,1073.930221,1007.403212,1185.813502,1073.930221,1045.745687,1223.422292,1073.930221,84.57884212,84.25632518,0.001001968,0.001005531,0.001008742,0.001011081,335.4913684,335.4913684,335.4913684,1240.145063,1240.145063,1240.145063,1240.145063,1240.145063
11/8/2001,326.1592154,308.0619877,353.4433211,348.61364,348.6834873,353.4433211,1101.467575,1073.100132,1240.405417,1097.964168,1079.5165,1240.405417,1101.866151,1071.011171,1240.405417,1087.244033,1185.813502,1240.405417,171.6577452,170.9004001,0.001001968,0.001005531,0.001008742,0.001011081,333.7432991,333.7432991,333.7432991,1230.078938,1230.078938,1230.078938,1230.078938,1230.078938
11/9/2001,269.3931329,245.2863482,288.8584115,308.1972135,308.0619877,288.8584115,1036.02296,1035.040595,1161.085498,1053.584329,1073.100132,1161.085498,1055.334528,1079.5165,1161.085498,1107.144648,1071.011171,1161.085498,127.726423,127.1948847,0.001001968,0.001005531,0.001008742,0.001011081,328.1257538,328.1257538,328.1257538,1218.307424,1218.307424,1218.307424,1218.307424,1218.307424
11/10/2001,233.0860901,281.6829295,245.5178347,245.5313864,245.2863482,245.5178347,880.026635,1018.720575,973.6236336,877.5274746,1035.040595,973.6236336,899.5642631,1073.100132,973.6236336,949.4391185,1079.5165,973.6236336,86.20279192,85.87269939,0.001001968,0.001005531,0.001008742,0.001011081,319.3812241,319.3812241,319.3812241,1201.229814,1201.229814,1201.229814,1201.229814,1201.229814
11/11/2001,264.4701771,273.6643862,283.1881488,281.8040268,281.6829295,283.1881488,948.5548087,1000.536398,1059.804988,946.6097359,1018.720575,1059.804988,954.4503062,1035.040595,1059.804988,947.7078463,1073.100132,1059.804988,123.8186008,123.3065809,0.001001968,0.001005531,0.001008742,0.001011081,312.6318895,312.6318895,312.6318895,1178.5047,1178.5047,1178.5047,1178.5047,1178.5047
11/12/2001,250.0321009,251.9569233,267.3055643,273.778333,273.6643862,267.3055643,960.6246981,975.6692361,1074.048091,965.3855655,1000.536398,1074.048091,969.474155,1018.720575,1074.048091,993.9307767,1035.040595,1074.048091,115.5503359,115.0792629,0.001001968,0.001005531,0.001008742,0.001011081,301.4857877,301.4857877,301.4857877,1148.732261,1148.732261,1148.732261,1148.732261,1148.732261
11/13/2001,233.5464336,246.3786299,248.4779057,252.0711787,251.9569233,248.4779057,895.1168231,967.123,996.3160206,896.8605072,975.6692361,996.3160206,908.0216497,1000.536398,996.3160206,935.1167694,1018.720575,996.3160206,101.8678242,101.4633846,0.001001968,0.001005531,0.001008742,0.001011081,290.9797405,290.9797405,290.9797405,1114.496232,1114.496232,1114.496232,1114.496232,1114.496232
11/14/2001,228.8713275,237.0184652,243.6747372,246.4937723,246.3786299,243.6747372,885.7297859,959.7425263,986.7697041,886.7077419,967.123,986.7697041,894.8620379,975.6692361,986.7697041,915.1310884,1000.536398,986.7697041,101.2633569,100.8618264,0.001001968,0.001005531,0.001008742,0.001011081,283.0320568,283.0320568,283.0320568,1089.801514,1089.801514,1089.801514,1089.801514,1089.801514
11/15/2001,218.9694726,226.1681795,232.8700472,237.1347707,237.0184652,232.8700472,873.5663426,940.9550021,973.0016754,875.6350391,959.7425263,973.0016754,882.0589708,967.123,973.0016754,904.0397386,975.6692361,973.0016754,95.98760122,95.61132852,0.001001968,0.001005531,0.001008742,0.001011081,268.9846029,268.9846029,268.9846029,1063.553896,1063.553896,1063.553896,1063.553896,1063.553896
11/16/2001,212.0966421,231.9344692,225.0814501,226.285356,226.1681795,225.0814501,851.7337052,970.2936142,947.41543,850.5685385,940.9550021,947.41543,857.681815,959.7425263,947.41543,880.0132591,967.123,947.41543,90.575489,90.22487006,0.001001968,0.001005531,0.001008742,0.001011081,258.5592248,258.5592248,258.5592248,1039.117735,1039.117735,1039.117735,1039.117735,1039.117735
11/17/2001,217.3582405,231.6308582,231.6795311,232.051964,231.9344692,231.6795311,855.1093911,1071.281531,953.1221544,853.6090734,970.2936142,953.1221544,859.061202,940.9550021,953.1221544,870.2767103,959.7425263,953.1221544,98.80770327,98.41795915,0.001001968,0.001005531,0.001008742,0.001011081,253.9874178,253.9874178,253.9874178,1020.62017,1020.62017,1020.62017,1020.62017,1020.62017
11/18/2001,214.2017753,219.6886992,228.7156786,231.7488173,231.6308582,228.7156786,854.019408,968.9089291,952.8381039,855.1743948,1071.281531,952.8381039,859.8603099,970.2936142,952.8381039,873.4314238,940.9550021,952.8381039,100.1027079,99.70675454,0.001001968,0.001005531,0.001008742,0.001011081,246.8721588,246.8721588,246.8721588,1004.045178,1004.045178,1004.045178,1004.045178,1004.045178
11/19/2001,202.8652261,231.055761,215.9901941,219.265925,219.6886992,215.9901941,827.3509278,977.1608499,921.4413192,828.4356982,968.9089291,921.4413192,834.7862859,1071.281531,921.4413192,855.4767521,970.2936142,921.4413192,91.85244422,91.49579666,0.001001968,0.001005531,0.001008742,0.001011081,239.7258497,239.7258497,239.7258497,987.5010089,987.5010089,987.5010089,987.5010089,987.5010089
11/20/2001,217.1638171,253.7171179,230.1219689,231.3822712,231.055761,230.1219689,884.2360477,943.0703739,984.1843529,883.2546221,977.1608499,984.1843529,871.2661959,968.9089291,984.1843529,872.6123338,1071.281531,984.1843529,89.44346299,89.09817564,0.001001968,0.001005531,0.001008742,0.001011081,233.6588086,233.6588086,233.6588086,978.678292,978.678292,978.678292,978.678292,978.678292
11/21/2001,237.6958378,212.7339143,252.2421622,254.132582,253.7171179,252.2421622,985.9195013,879.6243263,1102.964183,984.2706275,943.0703739,1102.964183,970.1311104,977.1608499,1102.964183,974.5686955,968.9089291,1102.964183,97.92824132,97.54270577,0.001001968,0.001005531,0.001008742,0.001011081,231.9763277,231.9763277,231.9763277,989.4682857,989.4682857,989.4682857,989.4682857,989.4682857
11/22/2001,203.1730484,222.3452121,216.2454125,212.8606988,212.7339143,216.2454125,855.9064803,2362.040887,952.8266215,849.8177143,879.6243263,952.8266215,885.9682017,943.0703739,952.8266215,891.2001616,977.1608499,952.8266215,91.65891707,91.30318414,0.001001968,0.001005531,0.001008742,0.001011081,232.8534347,232.8534347,232.8534347,990.6218438,990.6218438,990.6218438,990.6218438,990.6218438
11/23/2001,202.3134429,197.7694186,217.058187,222.4597278,222.3452121,217.058187,851.3013703,3468.020775,951.8711582,854.6911218,2362.040887,951.8711582,858.7592089,879.6243263,951.8711582,895.616942,943.0703739,951.8711582,102.0697934,101.6643811,0.001001968,0.001005531,0.001008742,0.001011081,231.646585,231.646585,231.646585,989.0433844,989.0433844,989.0433844,989.0433844,989.0433844
11/24/2001,180.3520742,297.8183773,191.8239348,196.0638958,197.7694186,191.8239348,795.7293596,2142.65575,885.651085,797.1623974,3468.020775,885.651085,804.4816703,2362.040887,885.651085,836.4558431,879.6243263,885.651085,82.29821558,81.98629261,0.001001968,0.001005531,0.001008742,0.001011081,227.0923422,227.0923422,227.0923422,982.2932659,982.2932659,982.2932659,982.2932659,982.2932659
11/25/2001,267.360655,732.3526928,283.1578522,293.5376971,297.8183773,283.1578522,958.4516842,1917.552241,1058.550768,972.1179091,2142.65575,1058.550768,907.0042639,3468.020775,1058.550768,783.855298,2362.040887,1058.550768,101.5012095,101.0985346,0.001001968,0.001005531,0.001008742,0.001011081,224.8263165,224.8263165,224.8263165,979.2636294,979.2636294,979.2636294,979.2636294,979.2636294
11/26/2001,721.0054026,731.7002027,782.443133,735.3033571,732.3526928,782.443133,2825.685967,1667.359285,3235.25785,2782.422615,1917.552241,3235.25785,2599.658755,2142.65575,3235.25785,2176.270694,3468.020775,3235.25785,324.187769,322.5824813,0.001001968,0.001005531,0.001008742,0.001011081,267.8356742,267.8356742,267.8356742,1213.029055,1213.029055,1213.029055,1213.029055,1213.029055
11/27/2001,716.9749459,476.9267989,775.488106,734.7020928,731.7002027,775.488106,3495.403866,639.9582007,4025.997483,3432.795633,1667.359285,4025.997483,3413.441832,1917.552241,4025.997483,3443.548811,2142.65575,4025.997483,313.9632121,312.4171043,0.001001968,0.001005531,0.001008742,0.001011081,340.0248249,340.0248249,340.0248249,1622.418988,1622.418988,1622.418988,1622.418988,1622.418988
11/28/2001,432.8337014,402.7264132,472.1056963,473.9889666,476.9267989,472.1056963,1716.219379,2099.23849,1939.416351,1718.425289,639.9582007,1939.416351,1911.461514,1667.359285,1939.416351,1992.769888,1917.552241,1939.416351,233.8070797,232.714242,0.001001968,0.001005531,0.001008742,0.001011081,398.5534511,398.5534511,398.5534511,1806.137918,1806.137918,1806.137918,1806.137918,1806.137918
11/29/2001,346.6416812,435.6322068,374.5609851,400.9437533,402.7264132,374.5609851,1382.078494,2532.638129,1548.444731,1408.065467,2099.23849,1548.444731,1432.654073,639.9582007,1548.444731,1722.752563,1667.359285,1548.444731,172.6583206,171.8957103,0.001001968,0.001005531,0.001008742,0.001011081,422.6876068,422.6876068,422.6876068,1911.29175,1911.29175,1911.29175,1911.29175,1911.29175
11/30/2001,389.1313015,537.9873635,415.193042,404.3038446,435.6322068,415.193042,1346.032842,2582.21725,1486.201888,1338.988212,2532.638129,1486.201888,1337.333386,2099.23849,1486.201888,1288.895292,639.9582007,1486.201888,158.6155579,157.926378,0.001001968,0.001005531,0.001008742,0.001011081,446.4748852,446.4748852,446.4748852,1991.460597,1991.460597,1991.460597,1991.460597,1991.460597
12/1/2001,611.132891,673.2124442,628.6700274,548.6777343,537.9873635,628.6700274,1187.330963,2169.961213,1225.143001,1132.273353,2582.21725,1225.143001,910.9381769,2532.638129,1225.143001,708.9954701,2099.23849,1225.143001,32.68792499,32.59008677,0.001001968,0.001005531,0.001008742,0.001011081,462.7273197,462.7273197,462.7273197,1996.201856,1996.201856,1996.201856,1996.201856,1996.201856
12/2/2001,1149.889689,1898.716528,1180.538951,695.8066758,673.2124442,1180.538951,2756.192632,2189.915698,3013.757383,2270.480866,2169.961213,3013.757383,2241.068988,2582.21725,3013.757383,2073.177405,2532.638129,3013.757383,159.4717484,158.7781209,0.001001968,0.001005531,0.001008742,0.001011081,526.8636824,526.8636824,526.8636824,2222.236501,2222.236501,2222.236501,2222.236501,2222.236501
12/3/2001,1573.023916,909.3057878,1794.9412,1899.697854,1898.716528,1794.9412,3225.091161,1940.015801,3771.054525,3397.223148,2189.915698,3771.054525,3287.277158,2169.961213,3771.054525,2477.677826,2582.21725,3771.054525,1082.133278,1075.665066,0.001001968,0.001005531,0.001008742,0.001011081,679.581133,679.581133,679.581133,2232.3422,2232.3422,2232.3422,2232.3422,2232.3422
12/4/2001,626.794892,419.753857,667.64324,909.1778213,909.3057878,667.64324,2177.463799,1777.16811,2446.789297,2415.666649,1940.015801,2446.789297,2573.424693,2189.915698,2446.789297,3200.336444,2169.961213,2446.789297,240.9547126,239.8223059,0.001001968,0.001005531,0.001008742,0.001011081,726.8545666,726.8545666,726.8545666,2079.062532,2079.062532,2079.062532,2079.062532,2079.062532
12/5/2001,354.182398,435.092269,355.5413384,419.6845637,419.753857,355.5413384,827.7860128,2543.576971,849.7159014,892.056488,1777.16811,849.7159014,1137.70932,1940.015801,849.7159014,1555.822463,2189.915698,849.7159014,0.001000564,0.001006515,0.001001968,0.001005531,0.001008742,0.001011081,729.392133,729.392133,729.392133,2062.925342,2062.925342,2062.925342,2062.925342,2062.925342
12/6/2001,395.8712694,487.8660842,408.3600611,434.9519446,435.092269,408.3600611,1346.492549,2766.645494,1484.70549,1368.278993,2543.576971,1484.70549,1432.795143,1777.16811,1484.70549,1645.987011,1940.015801,1484.70549,82.21443687,81.90290206,0.001001968,0.001005531,0.001008742,0.001011081,741.6180051,741.6180051,741.6180051,2063.243158,2063.243158,2063.243158,2063.243158,2063.243158
12/7/2001,443.2507493,562.6308979,466.6335406,487.7912014,487.8660842,466.6335406,1530.282816,2589.931874,1703.153068,1548.775857,2766.645494,1703.153068,1565.610136,2543.576971,1703.153068,1592.170322,1777.16811,1703.153068,146.7193134,146.0915137,0.001001968,0.001005531,0.001008742,0.001011081,757.251133,757.251133,757.251133,2072.549157,2072.549157,2072.549157,2072.549157,2072.549157
12/8/2001,493.3373119,643.9698437,530.221094,547.4777843,562.6308979,530.221094,1599.574566,1928.52643,1793.573586,1618.823641,2589.931874,1793.573586,1650.189888,2766.645494,1793.573586,1614.734715,2543.576971,1793.573586,220.4796621,219.4601025,0.001001968,0.001005531,0.001008742,0.001011081,792.2936275,792.2936275,792.2936275,2180.300632,2180.300632,2180.300632,2180.300632,2180.300632
12/9/2001,604.7353851,624.0277599,656.3965255,653.2858588,643.9698437,656.3965255,2427.802433,1761.452541,2768.216493,2422.87517,1928.52643,2768.216493,2413.899688,2589.931874,2768.216493,2316.231497,2766.645494,2768.216493,283.968515,282.5943434,0.001001968,0.001005531,0.001008742,0.001011081,786.6582535,786.6582535,786.6582535,2188.093629,2188.093629,2188.093629,2188.093629,2188.093629
12/10/2001,565.1271348,441.4679084,609.2199212,629.0057412,624.0277599,609.2199212,2546.547801,1776.681102,2905.769503,2558.869106,1761.452541,2905.769503,2554.190724,1928.52643,2905.769503,2594.067604,2589.931874,2905.769503,252.8433216,251.6447023,0.001001968,0.001005531,0.001008742,0.001011081,646.553635,646.553635,646.553635,2210.466456,2210.466456,2210.466456,2210.466456,2210.466456
12/11/2001,414.2862473,414.6503536,436.2879975,441.0586537,441.4679084,436.2879975,2078.642575,1993.273425,2350.393691,2069.361876,1776.681102,2350.393691,2128.743854,1761.452541,2350.393691,2335.184053,1928.52643,2350.393691,138.0599617,137.4763275,0.001001968,0.001005531,0.001008742,0.001011081,568.6434745,568.6434745,568.6434745,2187.811919,2187.811919,2187.811919,2187.811919,2187.811919
12/12/2001,403.0185278,483.2650682,421.7586011,412.0532486,414.6503536,421.7586011,1507.47915,2598.919019,1670.439071,1493.76564,1993.273425,1670.439071,1505.724246,1776.681102,1670.439071,1613.519135,1761.452541,1670.439071,119.3634651,118.8735689,0.001001968,0.001005531,0.001008742,0.001011081,533.7687899,533.7687899,533.7687899,2132.865191,2132.865191,2132.865191,2132.865191,2132.865191
12/13/2001,477.8930689,727.2193042,501.1124523,473.9053074,483.2650682,501.1124523,1604.540605,2493.347574,1777.327661,1576.246038,2598.919019,1777.327661,1544.017477,1993.273425,1777.327661,1526.140107,1776.681102,1777.327661,140.3255727,139.7304267,0.001001968,0.001005531,0.001008742,0.001011081,524.3757832,524.3757832,524.3757832,2129.452353,2129.452353,2129.452353,2129.452353,2129.452353
12/14/2001,678.803423,954.4347837,725.9246992,687.1656027,727.2193042,725.9246992,1926.949532,3236.406378,2149.96645,1896.525173,2493.347574,2149.96645,1842.042705,2598.919019,2149.96645,1649.538595,1993.273425,2149.96645,262.4288044,261.1764514,0.001001968,0.001005531,0.001008742,0.001011081,539.7730054,539.7730054,539.7730054,2172.451163,2172.451163,2172.451163,2172.451163,2172.451163
12/15/2001,1053.191861,1176.829866,1113.266996,975.5151447,954.4347837,1113.266996,2530.399266,4242.714514,2802.995558,2411.164465,3236.406378,2802.995558,2215.696549,2493.347574,2802.995558,2018.479975,2598.919019,2802.995558,282.8198805,281.4522411,0.001001968,0.001005531,0.001008742,0.001011081,566.8291107,566.8291107,566.8291107,2252.058927,2252.058927,2252.058927,2252.058927,2252.058927
12/16/2001,1221.013581,1554.738352,1300.412327,1182.059484,1176.829866,1300.412327,2922.370089,3699.247191,3273.223701,2817.760763,4242.714514,3273.223701,2751.68964,3236.406378,3273.223701,2560.931948,2493.347574,3273.223701,401.734629,399.6721053,0.001001968,0.001005531,0.001008742,0.001011081,630.6520899,630.6520899,630.6520899,2304.602841,2304.602841,2304.602841,2304.602841,2304.602841
12/17/2001,1277.698069,1892.337092,1406.977822,1467.126873,1554.738352,1406.977822,2703.813976,4114.712263,3079.465126,2804.20751,3699.247191,3079.465126,2860.742241,4242.714514,3079.465126,2510.433609,3236.406378,3079.465126,644.9445385,641.3736441,0.001001968,0.001005531,0.001008742,0.001011081,745.9615252,745.9615252,745.9615252,2300.345287,2300.345287,2300.345287,2300.345287,2300.345287
12/18/2001,2150.923776,2321.178547,2287.356206,1930.992564,1892.337092,2287.356206,4244.269828,4011.140077,4717.663188,3946.870908,4114.712263,4717.663188,3536.806099,3699.247191,4717.663188,3354.896644,4242.714514,4717.663188,530.7855915,527.9347498,0.001001968,0.001005531,0.001008742,0.001011081,882.3177236,882.3177236,882.3177236,2443.392197,2443.392197,2443.392197,2443.392197,2443.392197
12/19/2001,2545.540761,2631.407271,2710.748567,2355.208958,2321.178547,2710.748567,5028.469524,3751.74669,5624.941982,4718.242779,4011.140077,5624.941982,4561.190521,4114.712263,5624.941982,4076.091598,3699.247191,5624.941982,735.9368967,731.7795361,0.001001968,0.001005531,0.001008742,0.001011081,1122.62846,1122.62846,1122.62846,2883.271356,2883.271356,2883.271356,2883.271356,2883.271356
12/20/2001,2338.66465,1991.211629,2565.425512,2628.245211,2631.407271,2565.425512,4057.585008,4337.419048,4619.286292,4194.772621,3751.74669,4619.286292,4406.931858,4011.140077,4619.286292,3955.271091,4114.712263,4619.286292,1065.825168,1059.468214,0.001001968,0.001005531,0.001008742,0.001011081,1436.966759,1436.966759,1436.966759,3255.08118,3255.08118,3255.08118,3255.08118,3255.08118
12/21/2001,1762.867509,1716.993726,1878.330861,1991.279901,1991.211629,1878.330861,3400.206666,4131.113587,3789.412283,3544.06885,4337.419048,3789.412283,3762.161105,3751.74669,3789.412283,4351.024149,4011.140077,3789.412283,567.0250692,563.947723,0.001001968,0.001005531,0.001008742,0.001011081,1654.272482,1654.272482,1654.272482,3591.374394,3591.374394,3591.374394,3591.374394,3591.374394
12/22/2001,1510.102829,1565.610111,1599.431539,1717.779233,1716.993726,1599.431539,2630.837888,3329.278693,2891.969015,2777.823077,4131.113587,2891.969015,3004.570907,4337.419048,2891.969015,3310.232826,3751.74669,2891.969015,454.4482325,452.0674244,0.001001968,0.001005531,0.001008742,0.001011081,1814.935599,1814.935599,1814.935599,3812.456962,3812.456962,3812.456962,3812.456962,3812.456962
12/23/2001,1376.99122,1633.939481,1457.987808,1539.848778,1565.610111,1457.987808,2737.178488,3009.308901,3035.274898,2838.773989,3329.278693,3035.274898,3032.250986,4131.113587,3035.274898,3266.7975,4337.419048,3035.274898,418.3705307,416.2081618,0.001001968,0.001005531,0.001008742,0.001011081,1901.346748,1901.346748,1901.346748,3881.881818,3881.881818,3881.881818,3881.881818,3881.881818
12/24/2001,1481.857953,1452.868105,1593.259087,1644.11504,1633.939481,1593.259087,3621.902897,2777.442227,4098.284195,3692.534941,3009.308901,4098.284195,3805.347201,3329.278693,4098.284195,3808.069072,4131.113587,4098.284195,545.7986181,542.8541897,0.001001968,0.001005531,0.001008742,0.001011081,1940.416988,1940.416988,1940.416988,4069.289177,4069.289177,4069.289177,4069.289177,4069.289177
12/25/2001,1333.467198,1350.825133,1420.521702,1458.609004,1452.868105,1420.521702,3430.472398,2633.861787,3868.375499,3476.204509,2777.442227,3868.375499,3590.764419,3009.308901,3868.375499,3838.222492,3329.278693,3868.375499,444.344672,442.0252926,0.001001968,0.001005531,0.001008742,0.001011081,1950.221228,1950.221228,1950.221228,4120.59444,4120.59444,4120.59444,4120.59444,4120.59444
12/26/2001,1245.153881,1297.743798,1326.403882,1350.595034,1350.825133,1326.403882,2585.93352,2527.778531,2882.271488,2629.120302,2633.861787,2882.271488,2762.425228,2777.442227,2882.271488,2912.988874,3009.308901,2882.271488,422.6553402,420.4671626,0.001001968,0.001005531,0.001008742,0.001011081,1853.72229,1853.72229,1853.72229,3864.16683,3864.16683,3864.16683,3864.16683,3864.16683
12/27/2001,1181.850116,1216.106794,1260.598051,1297.509583,1297.743798,1260.598051,2450.325271,2399.775333,2727.276611,2506.690336,2527.778531,2727.276611,2603.189349,2633.861787,2727.276611,2705.006135,2777.442227,2727.276611,412.9723729,410.8424655,0.001001968,0.001005531,0.001008742,0.001011081,1668.585041,1668.585041,1668.585041,3655.304745,3655.304745,3655.304745,3655.304745,3655.304745
12/28/2001,1110.124284,1156.135794,1181.81734,1215.882571,1216.106794,1181.81734,2284.626777,2297.244724,2534.374321,2336.774643,2399.775333,2534.374321,2433.902642,2527.778531,2534.374321,2537.256577,2633.861787,2534.374321,380.0518665,378.1185927,0.001001968,0.001005531,0.001008742,0.001011081,1545.166807,1545.166807,1545.166807,3431.772212,3431.772212,3431.772212,3431.772212,3431.772212
12/29/2001,1057.468162,1104.320365,1125.673572,1155.922511,1156.135794,1125.673572,2147.261243,2289.990427,2382.058186,2194.725599,2297.244724,2382.058186,2285.22313,2399.775333,2382.058186,2399.974326,2527.778531,2382.058186,364.2573596,362.4175757,0.001001968,0.001005531,0.001008742,0.001011081,1448.612789,1448.612789,1448.612789,3248.445495,3248.445495,3248.445495,3248.445495,3248.445495
12/30/2001,1011.325889,1057.117603,1076.779283,1104.118435,1104.320365,1076.779283,2066.248157,2244.121265,2293.962662,2109.749833,2289.990427,2293.962662,2193.303868,2297.244724,2293.962662,2284.476667,2399.775333,2293.962662,351.8506324,350.0838774,0.001001968,0.001005531,0.001008742,0.001011081,1372.149578,1372.149578,1372.149578,3102.753005,3102.753005,3102.753005,3102.753005,3102.753005
12/31/2001,969.0566561,1013.839403,1031.9902,1056.928041,1057.117603,1031.9902,2066.419193,2157.101919,2287.105229,2107.685242,2244.121265,2287.105229,2186.468035,2289.990427,2287.105229,2184.957872,2297.244724,2287.105229,340.3978649,338.6981929,0.001001968,0.001005531,0.001008742,0.001011081,1286.300146,1286.300146,1286.300146,2859.602269,2859.602269,2859.602269,2859.602269,2859.602269
1/1/2002,930.1373506,973.8843685,990.7645387,1013.662539,1013.839403,990.7645387,2026.982897,2070.765752,2240.58002,2065.940111,2157.101919,2240.58002,2140.380405,2244.121265,2240.58002,2179.30986,2289.990427,2240.58002,329.8483612,328.2101912,0.001001968,0.001005531,0.001008742,0.001011081,1216.973465,1216.973465,1216.973465,2625.517934,2625.517934,2625.517934,2625.517934,2625.517934
1/2/2002,894.0794928,936.7635235,952.5790135,973.7205976,973.8843685,952.5790135,1947.131427,2312.261333,2153.429558,1983.531885,2070.765752,2153.429558,2053.788317,2157.101919,2153.429558,2135.311848,2244.121265,2153.429558,320.0596711,318.4783105,0.001001968,0.001005531,0.001008742,0.001011081,1156.130148,1156.130148,1156.130148,2493.274292,2493.274292,2493.274292,2493.274292,2493.274292
1/3/2002,860.4811199,902.0903093,917.0008543,936.6130375,936.7635235,917.0008543,1867.282118,2746.377496,2066.761549,1901.33592,2312.261333,2066.761549,1967.815863,2070.765752,2066.761549,2050.217429,2157.101919,2066.761549,310.9010465,309.3726078,0.001001968,0.001005531,0.001008742,0.001011081,1102.412201,1102.412201,1102.412201,2391.662372,2391.662372,2391.662372,2391.662372,2391.662372
1/4/2002,829.0214242,870.7570652,883.6855119,901.9532231,902.0903093,883.6855119,1775.230309,3053.01053,1968.055706,1806.97128,2746.377496,1968.055706,1869.907921,2312.261333,1968.055706,1965.415906,2070.765752,1968.055706,302.2711725,300.79239,0.001001968,0.001005531,0.001008742,0.001011081,1054.37106,1054.37106,1054.37106,2300.967395,2300.967395,2300.967395,2300.967395,2300.967395
1/5/2002,800.6123703,962.1279246,853.7552857,870.6041825,870.7570652,853.7552857,1713.833814,2659.833376,1901.334351,1743.609553,3053.01053,1901.334351,1803.759389,2746.377496,1901.334351,1868.772714,2312.261333,1901.334351,295.2609508,293.8223508,0.001001968,0.001005531,0.001008742,0.001011081,1010.807994,1010.807994,1010.807994,2222.130559,2222.130559,2222.130559,2222.130559,2222.130559
1/6/2002,816.3487497,1573.84144,877.7371049,890.6516445,962.1279246,877.7371049,1985.439308,2994.034327,2234.83081,2009.194699,2659.833376,2234.83081,2069.310236,3053.01053,2234.83081,2085.376064,2746.377496,2234.83081,337.7124991,336.0285091,0.001001968,0.001005531,0.001008742,0.001011081,977.9360398,977.9360398,977.9360398,2199.439243,2199.439243,2199.439243,2199.439243,2199.439243
1/7/2002,2044.321059,2850.599996,2213.380045,1602.007455,1573.84144,2213.380045,3680.588024,4052.573614,4150.877893,3124.678006,2994.034327,4150.877893,3051.581949,2659.833376,4150.877893,2513.379064,3053.01053,4150.877893,779.1894997,774.7499256,0.001001968,0.001005531,0.001008742,0.001011081,1023.039671,1023.039671,1023.039671,2264.477337,2264.477337,2264.477337,2264.477337,2264.477337
1/8/2002,2197.80952,1253.492579,2520.449041,2869.480966,2850.599996,2520.449041,4001.676602,3741.457598,4730.713231,4456.568886,4052.573614,4730.713231,4141.344608,2994.034327,4730.713231,3324.700707,2659.833376,4730.713231,1479.677144,1470.438507,0.001001968,0.001005531,0.001008742,0.001011081,1199.044407,1199.044407,1199.044407,2411.048298,2411.048298,2411.048298,2411.048298,2411.048298
1/9/2002,1017.398185,1213.793931,1085.45472,1247.428779,1253.492579,1085.45472,2077.057253,3122.612415,2300.221589,2258.172382,3741.457598,2300.221589,2778.675741,4052.573614,2300.221589,3365.932244,2994.034327,2300.221589,356.0449367,354.2535341,0.001001968,0.001005531,0.001008742,0.001011081,1301.407789,1301.407789,1301.407789,2578.273513,2578.273513,2578.273513,2578.273513,2578.273513
1/10/2002,1095.324596,1421.374824,1184.475582,1196.610124,1213.793931,1184.475582,1715.405029,3044.240707,1893.680388,1764.085387,3122.612415,1893.680388,1995.96095,3741.457598,1893.680388,2373.172146,4052.573614,1893.680388,454.4214991,452.0408538,0.001001968,0.001005531,0.001008742,0.001011081,1356.857266,1356.857266,1356.857266,2713.449028,2713.449028,2713.449028,2713.449028,2713.449028
1/11/2002,1340.613283,1627.173769,1464.178337,1415.244485,1421.374824,1464.178337,3375.0066,3200.520288,3864.200259,3352.623666,3044.240707,3864.200259,3381.981096,3122.612415,3864.200259,3376.401823,3741.457598,3864.200259,605.0239426,601.7069762,0.001001968,0.001005531,0.001008742,0.001011081,1419.598264,1419.598264,1419.598264,2914.737356,2914.737356,2914.737356,2914.737356,2914.737356
1/12/2002,1597.801336,1867.066258,1745.55108,1629.385203,1627.173769,1745.55108,3655.108441,3253.176161,4173.389363,3575.236065,3200.520288,4173.389363,3571.395985,3044.240707,4173.389363,3478.144829,3122.612415,4173.389363,708.184841,704.2074231,0.001001968,0.001005531,0.001008742,0.001011081,1510.000478,1510.000478,1510.000478,3159.060144,3159.060144,3159.060144,3159.060144,3159.060144
1/13/2002,1731.157004,1838.277519,1908.461346,1867.810844,1867.066258,1908.461346,3171.382035,3194.93188,3623.113791,3189.416859,3253.176161,3623.113791,3234.127738,3200.520288,3623.113791,3034.728881,3044.240707,3623.113791,848.1805478,843.2866316,0.001001968,0.001005531,0.001008742,0.001011081,1632.181082,1632.181082,1632.181082,3307.7833,3307.7833,3307.7833,3307.7833,3307.7833
1/14/2002,1682.493974,1812.452369,1846.800182,1838.19292,1838.277519,1846.800182,2944.981384,3149.648027,3345.712023,2993.317941,3194.93188,3345.712023,3103.18697,3253.176161,3345.712023,3085.273097,3200.520288,3345.712023,792.9343237,788.4046339,0.001001968,0.001005531,0.001008742,0.001011081,1689.680147,1689.680147,1689.680147,3365.261816,3365.261816,3365.261816,3365.261816,3365.261816
1/15/2002,1650.350452,1762.233963,1808.938337,1811.953349,1812.452369,1808.938337,2830.162874,3165.695258,3211.025323,2888.177586,3149.648027,3211.025323,3022.26301,3194.93188,3211.025323,3071.342807,3253.176161,3211.025323,769.021886,764.6488415,0.001001968,0.001005531,0.001008742,0.001011081,1623.309596,1623.309596,1623.309596,3358.576313,3358.576313,3358.576313,3358.576313,3358.576313
1/16/2002,1598.452882,1733.552165,1747.583316,1758.568759,1762.233963,1747.583316,2765.705992,3043.86293,3134.631092,2827.215234,3165.695258,3134.631092,2961.372544,3149.648027,3134.631092,3053.185323,3194.93188,3134.631092,727.4603248,723.3580219,0.001001968,0.001005531,0.001008742,0.001011081,1630.500456,1630.500456,1630.500456,3335.504388,3335.504388,3335.504388,3335.504388,3335.504388
1/17/2002,1578.580884,1714.25703,1724.96384,1735.394486,1733.552165,1724.96384,2715.623676,2985.996515,3075.142662,2775.897406,3043.86293,3075.142662,2909.56315,3165.695258,3075.142662,2957.986346,3149.648027,3075.142662,714.7337989,710.7140002,0.001001968,0.001005531,0.001008742,0.001011081,1687.19157,1687.19157,1687.19157,3347.221652,3347.221652,3347.221652,3347.221652,3347.221652
1/18/2002,1557.695139,1645.763085,1702.728447,1714.997402,1714.25703,1702.728447,2707.680055,2935.825978,3069.232177,2768.479481,2985.996515,3069.232177,2900.616946,3043.86293,3069.232177,2950.531052,3165.695258,3069.232177,710.4205119,706.4286319,0.001001968,0.001005531,0.001008742,0.001011081,1738.891206,1738.891206,1738.891206,3301.626053,3301.626053,3301.626053,3301.626053,3301.626053
1/19/2002,1485.085483,1570.434451,1622.031592,1645.560046,1645.763085,1622.031592,2677.816719,2883.793956,3034.566767,2745.549431,2935.825978,3034.566767,2889.003867,2985.996515,3034.566767,2958.736078,3043.86293,3034.566767,676.0139814,672.2439951,0.001001968,0.001005531,0.001008742,0.001011081,1760.554272,1760.554272,1760.554272,3225.965393,3225.965393,3225.965393,3225.965393,3225.965393
1/20/2002,1415.508193,1502.503491,1544.690932,1570.23928,1570.434451,1544.690932,2565.280902,3332.931006,2896.720818,2633.539339,2883.793956,2896.720818,2779.276025,2935.825978,2896.720818,2834.733035,2985.996515,2896.720818,642.2025245,638.6491403,0.001001968,0.001005531,0.001008742,0.001011081,1738.120747,1738.120747,1738.120747,3192.402579,3192.402579,3192.402579,3192.402579,3192.402579
1/21/2002,1355.560801,1450.657967,1478.783343,1502.31692,1502.503491,1478.783343,2498.160637,3722.083934,2820.103622,2561.949493,3332.931006,2820.103622,2702.746597,2883.793956,2820.103622,2790.050591,2935.825978,2820.103622,616.3871712,612.9981475,0.001001968,0.001005531,0.001008742,0.001011081,1700.043658,1700.043658,1700.043658,3152.321948,3152.321948,3152.321948,3152.321948,3152.321948
1/22/2002,1315.620177,1463.203246,1435.088615,1449.346064,1450.657967,1435.088615,2442.550153,3691.713813,2757.08435,2495.637555,3722.083934,2757.08435,2628.176741,3332.931006,2757.08435,2710.685042,2883.793956,2757.08435,600.2712047,596.984323,0.001001968,0.001005531,0.001008742,0.001011081,1653.260582,1653.260582,1653.260582,3088.540167,3088.540167,3088.540167,3088.540167,3088.540167
1/23/2002,1338.376481,1545.038825,1458.316632,1436.401107,1463.203246,1458.316632,2480.973256,3547.463049,2799.446322,2498.100374,3691.713813,2799.446322,2610.65326,3722.083934,2799.446322,2662.354349,3332.931006,2799.446322,602.2596101,598.9601458,0.001001968,0.001005531,0.001008742,0.001011081,1607.962222,1607.962222,1607.962222,3026.482459,3026.482459,3026.482459,3026.482459,3026.482459
1/24/2002,1411.463615,1469.543507,1537.076709,1530.647785,1545.038825,1537.076709,3048.980501,3724.576769,3460.884988,3078.158458,3547.463049,3460.884988,3117.033058,3691.713813,3460.884988,3095.412863,3722.083934,3460.884988,615.7491232,612.3641503,0.001001968,0.001005531,0.001008742,0.001011081,1569.243304,1569.243304,1569.243304,3050.053961,3050.053961,3050.053961,3050.053961,3050.053961
1/25/2002,1715.852944,2416.171735,1801.88248,1470.375743,1469.543507,1801.88248,3775.717578,4029.337843,4194.232296,3463.020192,3724.576769,4194.232296,3361.135011,3547.463049,4194.232296,3486.637669,3691.713813,4194.232296,397.1305767,395.0955827,0.001001968,0.001005531,0.001008742,0.001011081,1512.216296,1512.216296,1512.216296,3157.481036,3157.481036,3157.481036,3157.481036,3157.481036
1/26/2002,2509.383432,3028.070611,2723.429258,2412.438832,2416.171735,2723.429258,4373.77514,4139.622602,4948.25226,4131.723872,4029.337843,4948.25226,3959.479755,3724.576769,4948.25226,3291.009946,3547.463049,4948.25226,994.6983299,988.8240886,0.001001968,0.001005531,0.001008742,0.001011081,1568.032419,1568.032419,1568.032419,3271.876612,3271.876612,3271.876612,3271.876612,3271.876612
1/27/2002,2806.146925,2795.990098,3091.346589,3016.914882,3028.070611,3091.346589,4594.057022,4463.223721,5260.29982,4616.427393,4139.622602,5260.29982,4569.978082,4029.337843,5260.29982,3959.927476,3724.576769,5260.29982,1305.549332,1297.53707,0.001001968,0.001005531,0.001008742,0.001011081,1727.165025,1727.165025,1727.165025,3411.8093,3411.8093,3411.8093,3411.8093,3411.8093
1/28/2002,2683.788743,2946.183948,2896.219029,2786.123662,2795.990098,2896.219029,4057.379367,5144.240956,4541.268068,4024.968779,4463.223721,4541.268068,4126.27687,4139.622602,4541.268068,4176.29907,4029.337843,4541.268068,987.4264752,981.6013464,0.001001968,0.001005531,0.001008742,0.001011081,1893.469081,1893.469081,1893.469081,3614.736991,3614.736991,3614.736991,3614.736991,3614.736991
1/29/2002,2786.360131,2898.313049,3005.351556,2921.007389,2946.183948,3005.351556,3872.586131,5701.346155,4310.202388,3874.028131,5144.240956,4310.202388,3970.859928,4463.223721,4310.202388,3866.766619,4139.622602,4310.202388,1016.936133,1010.911423,0.001001968,0.001005531,0.001008742,0.001011081,2084.777557,2084.777557,2084.777557,3840.77371,3840.77371,3840.77371,3840.77371,3840.77371
1/30/2002,2860.759474,3405.593692,3043.66147,2885.755971,2898.313049,3043.66147,4173.249997,6042.478963,4585.907382,4087.590415,5701.346155,4585.907382,4129.802801,5144.240956,4585.907382,4098.194885,4463.223721,4585.907382,846.6729779,841.7890424,0.001001968,0.001005531,0.001008742,0.001011081,2273.775265,2273.775265,2273.775265,4077.55364,4077.55364,4077.55364,4077.55364,4077.55364
1/31/2002,3393.837082,4079.526879,3652.254556,3408.641482,3405.593692,3652.254556,4911.303922,6255.725307,5461.279251,4767.944117,6042.478963,5461.279251,4810.201216,5701.346155,5461.279251,4329.790179,5144.240956,5461.279251,1174.004644,1166.905842,0.001001968,0.001005531,0.001008742,0.001011081,2523.808406,2523.808406,2523.808406,4297.041012,4297.041012,4297.041012,4297.041012,4297.041012
2/1/2002,3670.7503,3671.502868,4020.308547,4071.997595,4079.526879,4020.308547,5707.941056,6176.974342,6482.896336,5885.920946,6255.725307,6482.896336,5910.911969,6042.478963,6482.896336,5370.68882,5701.346155,6482.896336,1559.362938,1549.557121,0.001001968,0.001005531,0.001008742,0.001011081,2875.847277,2875.847277,2875.847277,4530.62033,4530.62033,4530.62033,4530.62033,4530.62033
2/2/2002,3436.736155,3752.631285,3688.850665,3668.318015,3671.502868,3688.850665,5620.255089,5760.896892,6270.780206,5691.007347,6176.974342,6270.780206,5879.910239,6255.725307,6270.780206,6011.804399,6042.478963,6270.780206,1131.366039,1124.560693,0.001001968,0.001005531,0.001008742,0.001011081,3101.68582,3101.68582,3101.68582,4854.475929,4854.475929,4854.475929,4854.475929,4854.475929
2/3/2002,3491.349354,3861.400607,3769.209892,3754.496653,3752.631285,3769.209892,5295.637236,5373.510486,5929.961074,5382.1324,5760.896892,5929.961074,5658.068977,6176.974342,5929.961074,5672.987179,6255.725307,5929.961074,1254.459112,1246.803033,0.001001968,0.001005531,0.001008742,0.001011081,3254.249975,3254.249975,3254.249975,5182.6959,5182.6959,5182.6959,5182.6959,5182.6959
2/4/2002,3327.301574,3182.139121,3652.171756,3861.983185,3861.400607,3652.171756,5308.818027,4925.879219,6054.787189,5629.505258,5373.510486,6054.787189,6009.672057,5760.896892,6054.787189,5936.961336,6176.974342,6054.787189,1467.013621,1457.864786,0.001001968,0.001005531,0.001008742,0.001011081,3433.645815,3433.645815,3433.645815,5431.72542,5431.72542,5431.72542,5431.72542,5431.72542
2/5/2002,2746.081556,2799.027847,2972.104908,3182.574498,3182.139121,2972.104908,4660.635399,4507.751113,5256.650279,4943.131123,4925.879219,5256.650279,5379.974946,5373.510486,5256.650279,5992.987173,5760.896892,5256.650279,1047.495238,1041.263081,0.001001968,0.001005531,0.001008742,0.001011081,3521.399092,3521.399092,3521.399092,5646.829334,5646.829334,5646.829334,5646.829334,5646.829334
2/6/2002,2489.689646,2651.617099,2683.028006,2799.409758,2799.027847,2683.028006,3959.779882,4362.761871,4428.627702,4144.113074,4507.751113,4428.627702,4544.027737,4925.879219,4428.627702,4979.122176,5373.510486,4428.627702,907.0562047,901.7707621,0.001001968,0.001005531,0.001008742,0.001011081,3559.135982,3559.135982,3559.135982,5775.40677,5775.40677,5775.40677,5775.40677,5775.40677
2/7/2002,2391.364161,2542.151622,2583.085369,2650.645998,2651.617099,2583.085369,4011.327986,2989.120703,4505.580732,4142.247824,4362.761871,4505.580732,4440.560011,4507.751113,4505.580732,4726.774879,4925.879219,4505.580732,903.3508577,898.0901542,0.001001968,0.001005531,0.001008742,0.001011081,3497.193668,3497.193668,3497.193668,5776.266707,5776.266707,5776.266707,5776.266707,5776.266707
2/8/2002,2306.752711,2462.260889,2493.947327,2540.835927,2542.151622,2493.947327,3883.871487,2993.812157,4365.156067,3992.533809,2989.120703,4365.156067,4236.349261,4362.761871,4365.156067,4439.444555,4507.751113,4365.156067,886.025982,880.8807767,0.001001968,0.001005531,0.001008742,0.001011081,3331.469668,3331.469668,3331.469668,5637.019191,5637.019191,5637.019191,5637.019191,5637.019191
2/9/2002,2228.433505,2562.074331,2411.77939,2456.650935,2462.260889,2411.77939,3656.845652,5249.409744,4107.26488,3764.705171,2993.812157,4107.26488,3985.328247,2989.120703,4107.26488,4130.93432,4362.761871,4107.26488,871.298017,866.2507706,0.001001968,0.001005531,0.001008742,0.001011081,3170.915054,3170.915054,3170.915054,5359.319949,5359.319949,5359.319949,5359.319949,5359.319949
2/10/2002,2211.442334,2222.197505,2407.740081,2453.454318,2562.074331,2407.740081,3659.412998,6539.650698,4131.700342,3772.566061,5249.409744,4131.700342,4002.935253,2993.812157,4131.700342,4035.370223,2989.120703,4131.700342,930.0047714,924.5658256,0.001001968,0.001005531,0.001008742,0.001011081,2989.14228,2989.14228,2989.14228,5058.131563,5058.131563,5058.131563,5058.131563,5058.131563
2/11/2002,3107.322527,4822.707336,3177.283652,2240.402577,2222.197505,3177.283652,3826.899689,6661.830201,3939.941171,2947.640289,6539.650698,3939.941171,2593.646376,5249.409744,3939.941171,3002.371037,2993.812157,3939.941171,211.3776142,210.4077082,0.001001968,0.001005531,0.001008742,0.001011081,2688.760306,2688.760306,2688.760306,4641.20701,4641.20701,4641.20701,4641.20701,4641.20701
2/12/2002,4817.575694,5802.624697,5259.524598,4847.94973,4822.707336,5259.524598,5251.820768,5986.027596,5885.934192,5037.399917,6661.830201,5885.934192,4520.240834,6539.650698,5885.934192,2567.166228,5249.409744,5885.934192,1896.044292,1883.80569,0.001001968,0.001005531,0.001008742,0.001011081,2757.061496,2757.061496,2757.061496,4302.116222,4302.116222,4302.116222,4302.116222,4302.116222
2/13/2002,4676.213355,3615.565148,5333.333735,5806.096992,5802.624697,5333.333735,7197.26628,5016.027376,8539.051496,7896.982541,5986.027596,8539.051496,8419.848418,6661.830201,8539.051496,6726.999991,6539.650698,8539.051496,2810.182949,2791.102232,0.001001968,0.001005531,0.001008742,0.001011081,3140.419037,3140.419037,3140.419037,4450.779989,4450.779989,4450.779989,4450.779989,4450.779989
2/14/2002,2865.722109,2613.615637,3125.626727,3617.990362,3615.565148,3125.626727,4945.724892,4323.344291,5619.4656,5520.230628,5016.027376,5619.4656,6282.903774,5986.027596,5619.4656,7958.919791,6661.830201,5619.4656,1189.160156,1181.956727,0.001001968,0.001005531,0.001008742,0.001011081,3337.268061,3337.268061,3337.268061,4809.903374,4809.903374,4809.903374,4809.903374,4809.903374
2/15/2002,2296.381594,2558.003683,2449.707834,2615.484984,2613.615637,2449.707834,3019.605014,4035.531095,3292.243516,3252.127613,4323.344291,3292.243516,3917.971627,5016.027376,3292.243516,4971.817096,5986.027596,3292.243516,722.7060872,718.6346277,0.001001968,0.001005531,0.001008742,0.001011081,3410.356528,3410.356528,3410.356528,5032.52252,5032.52252,5032.52252,5032.52252,5032.52252
2/16/2002,2289.075719,2450.393329,2472.877129,2559.407855,2558.003683,2472.877129,3789.199625,3864.928174,4260.043933,3938.161136,4035.531095,4260.043933,4282.343345,4323.344291,4260.043933,4711.848436,5016.027376,4260.043933,865.3125497,860.3050536,0.001001968,0.001005531,0.001008742,0.001011081,3443.070581,3443.070581,3443.070581,5118.613709,5118.613709,5118.613709,5118.613709,5118.613709
2/17/2002,2198.594452,2339.961123,2383.302123,2451.670841,2450.393329,2383.302123,3760.866829,3932.620012,4236.204304,3889.906576,3864.928174,4236.204304,4150.996889,4035.531095,4236.204304,4383.924695,4323.344291,4236.204304,873.365235,868.3042518,0.001001968,0.001005531,0.001008742,0.001011081,3449.395585,3449.395585,3449.395585,5127.829639,5127.829639,5127.829639,5127.829639,5127.829639
2/18/2002,2102.08569,2232.177198,2282.490117,2341.062387,2339.961123,2282.490117,3405.056003,3859.960007,3828.409554,3527.328919,3932.620012,3828.409554,3769.506701,3864.928174,3828.409554,3938.291586,4035.531095,3828.409554,857.5923415,852.6360641,0.001001968,0.001005531,0.001008742,0.001011081,3531.175913,3531.175913,3531.175913,5241.62218,5241.62218,5241.62218,5241.62218,5241.62218
2/19/2002,2000.924422,2221.153356,2174.603226,2231.271881,2232.177198,2174.603226,3227.792524,3624.264322,3627.732789,3346.469789,3859.960007,3627.732789,3572.328192,3932.620012,3627.732789,3720.552087,3864.928174,3627.732789,830.505783,825.7287362,0.001001968,0.001005531,0.001008742,0.001011081,3301.810314,3301.810314,3301.810314,5276.850865,5276.850865,5276.850865,5276.850865,5276.850865
2/20/2002,1962.69802,2105.258882,2145.155239,2196.094356,2221.153356,2145.155239,3159.370059,3499.16781,3567.611351,3275.865097,3624.264322,3567.611351,3507.80948,3859.960007,3567.611351,3572.164884,3932.620012,3567.611351,872.1143965,867.0617257,0.001001968,0.001005531,0.001008742,0.001011081,2808.846818,2808.846818,2808.846818,4889.289987,4889.289987,4889.289987,4889.289987,4889.289987
2/21/2002,1940.553383,2160.633645,2110.811495,2116.612519,2105.258882,2110.811495,3355.748448,3342.192309,3781.011619,3421.312032,3499.16781,3781.011619,3600.042565,3624.264322,3781.011619,3700.852786,3859.960007,3781.011619,808.6137048,803.9809679,0.001001968,0.001005531,0.001008742,0.001011081,2520.967637,2520.967637,2520.967637,4381.366758,4381.366758,4381.366758,4381.366758,4381.366758
2/22/2002,1956.89755,1987.3467,2141.251532,2167.099056,2160.633645,2141.251532,3325.617463,3144.714566,3762.123414,3416.210062,3342.192309,3762.123414,3576.141011,3499.16781,3762.123414,3594.500791,3624.264322,3762.123414,877.3868877,872.2991685,0.001001968,0.001005531,0.001008742,0.001011081,2382.154757,2382.154757,2382.154757,4053.399065,4053.399065,4053.399065,4053.399065,4053.399065
2/23/2002,1773.19326,1850.092864,1936.556014,1987.613109,1987.3467,1936.556014,2982.934709,3071.94063,3363.282442,3091.646875,3144.714566,3363.282442,3313.354821,3342.192309,3363.282442,3458.359233,3499.16781,3363.282442,790.4280413,785.9147987,0.001001968,0.001005531,0.001008742,0.001011081,2284.452524,2284.452524,2284.452524,3865.195775,3865.195775,3865.195775,3865.195775,3865.195775
2/24/2002,1654.813935,1735.737049,1804.118712,1850.300913,1850.092864,1804.118712,2750.333187,3125.866863,3092.01769,2850.101994,3071.94063,3092.01769,3050.468263,3144.714566,3092.01769,3231.361969,3342.192309,3092.01769,729.1158613,725.0028118,0.001001968,0.001005531,0.001008742,0.001011081,2193.07013,2193.07013,2193.07013,3735.748525,3735.748525,3735.748525,3735.748525,3735.748525
2/25/2002,1558.000799,1677.210771,1695.677969,1735.913049,1735.737049,1695.677969,2618.403618,2933.303733,2940.039891,2707.776422,3125.866863,2940.039891,2884.624359,3071.94063,2940.039891,3040.348429,3144.714566,2940.039891,677.7452354,673.9641189,0.001001968,0.001005531,0.001008742,0.001011081,2102.269238,2102.269238,2102.269238,3616.443588,3616.443588,3616.443588,3616.443588,3616.443588
2/26/2002,1506.358652,1646.921101,1641.659758,1671.265872,1677.210771,1641.659758,2531.793529,2990.850287,2844.986201,2609.856985,2933.303733,2844.986201,2778.015384,3125.866863,2844.986201,2872.997549,3071.94063,2844.986201,668.5882652,664.8659754,0.001001968,0.001005531,0.001008742,0.001011081,2018.573286,2018.573286,2018.573286,3499.041717,3499.041717,3499.041717,3499.041717,3499.041717
2/27/2002,1506.012032,1635.788294,1641.455536,1648.74064,1646.921101,1641.455536,2605.545011,4510.489358,2930.991831,2660.990019,2990.850287,2930.991831,2801.351523,2933.303733,2930.991831,2850.139297,3125.866863,2930.991831,667.9941366,664.27566,0.001001968,0.001005531,0.001008742,0.001011081,1933.405806,1933.405806,1933.405806,3395.785727,3395.785727,3395.785727,3395.785727,3395.785727
2/28/2002,1486.055681,1568.136437,1622.016719,1639.810162,1635.788294,1622.016719,2674.837845,5800.813526,3019.177519,2738.113617,4510.489358,3019.177519,2858.62999,2990.850287,3019.177519,2928.278412,2933.303733,3019.177519,671.8450964,668.1018961,0.001001968,0.001005531,0.001008742,0.001011081,1860.943342,1860.943342,1860.943342,3284.094144,3284.094144,3284.094144,3284.094144,3284.094144
3/1/2002,1404.023723,1772.280425,1535.899272,1568.399113,1568.136437,1535.899272,2449.083025,4477.583481,2760.565772,2527.383238,5800.813526,2760.565772,2689.50926,4510.489358,2760.565772,2745.783857,2990.850287,2760.565772,657.1749975,653.5258796,0.001001968,0.001005531,0.001008742,0.001011081,1781.812388,1781.812388,1781.812388,3152.391268,3152.391268,3152.391268,3152.391268,3152.391268
3/2/2002,1432.853744,2677.620825,1587.049509,1623.85375,1772.280425,1587.049509,2555.062881,4086.986108,2916.528296,2644.568979,4477.583481,2916.528296,2823.171344,5800.813526,2916.528296,2794.346093,4510.489358,2916.528296,761.1419175,756.8203553,0.001001968,0.001005531,0.001008742,0.001011081,1724.703284,1724.703284,1724.703284,3061.836554,3061.836554,3061.836554,3061.836554,3061.836554
3/3/2002,2505.989788,2537.896429,2840.437701,2716.54466,2677.620825,2840.437701,5335.55639,3610.75304,6211.43802,5328.941491,4086.986108,6211.43802,5362.424508,4477.583481,6211.43802,4205.310563,5800.813526,6211.43802,1461.884252,1452.771767,0.001001968,0.001005531,0.001008742,0.001011081,1803.514451,1803.514451,1803.514451,3275.992447,3275.992447,3275.992447,3275.992447,3275.992447
3/4/2002,2346.751211,1757.890333,2619.569429,2613.943933,2537.896429,2619.569429,6092.339575,3004.477174,7060.742559,6149.741213,3610.75304,7060.742559,6162.154302,4086.986108,7060.742559,6373.78957,4477.583481,7060.742559,1228.768414,1221.290776,0.001001968,0.001005531,0.001008742,0.001011081,1895.761001,1895.761001,1895.761001,3744.130698,3744.130698,3744.130698,3744.130698,3744.130698
3/5/2002,1555.353314,1556.335919,1709.161137,1761.317701,1757.890333,1709.161137,3068.475909,2741.77551,3463.219656,3173.621867,3004.477174,3463.219656,3594.888799,3610.75304,3463.219656,4117.478885,4086.986108,3463.219656,750.2393478,745.9889005,0.001001968,0.001005531,0.001008742,0.001011081,1942.872286,1942.872286,1942.872286,3986.361395,3986.361395,3986.361395,3986.361395,3986.361395
3/6/2002,1345.889701,1351.299075,1480.772462,1556.450541,1556.335919,1480.772462,2614.822052,2669.584507,2946.991195,2737.88066,2741.77551,2946.991195,2970.414673,3004.477174,2946.991195,3436.49568,3610.75304,2946.991195,670.081819,666.3499415,0.001001968,0.001005531,0.001008742,0.001011081,1942.821388,1942.821388,1942.821388,4092.902285,4092.902285,4092.902285,4092.902285,4092.902285
3/7/2002,1199.367872,1284.737753,1309.592237,1351.382624,1351.299075,1309.592237,2446.30973,3183.416317,2747.898097,2524.4741,2669.584507,2747.898097,2702.217151,2741.77551,2747.898097,3006.503577,3004.477174,2747.898097,556.9004864,553.8866253,0.001001968,0.001005531,0.001008742,0.001011081,1913.109409,1913.109409,1913.109409,4097.35522,4097.35522,4097.35522,4097.35522,4097.35522
3/8/2002,1155.830671,1325.464677,1262.88053,1284.798768,1284.737753,1262.88053,2249.868262,3204.039217,2521.377867,2309.061661,3183.416317,2521.377867,2448.500079,2669.584507,2521.377867,2590.328334,2741.77551,2521.377867,543.3108169,540.3819213,0.001001968,0.001005531,0.001008742,0.001011081,1872.760183,1872.760183,1872.760183,4076.319146,4076.319146,4076.319146,4076.319146,4076.319146
3/9/2002,1148.92645,1549.726539,1261.403822,1279.425759,1325.464677,1261.403822,2259.240544,3204.085161,2543.684626,2316.26111,3204.039217,2543.684626,2440.444145,3183.416317,2543.684626,2481.3046,2669.584507,2543.684626,570.1966878,567.0994225,0.001001968,0.001005531,0.001008742,0.001011081,1821.230787,1821.230787,1821.230787,4028.811909,4028.811909,4028.811909,4028.811909,4028.811909
3/10/2002,1454.371317,1556.256476,1604.656004,1559.269888,1549.726539,1604.656004,2854.185503,2948.522659,3206.909496,2871.411531,3204.085161,3206.909496,2900.945783,3204.039217,3206.909496,2517.141601,3183.416317,3206.909496,706.8446596,702.8759082,0.001001968,0.001005531,0.001008742,0.001011081,1676.533947,1676.533947,1676.533947,3740.26651,3740.26651,3740.26651,3740.26651,3740.26651
3/11/2002,1456.835874,1462.918427,1604.425219,1586.214117,1556.256476,1604.425219,3213.321927,2707.044095,3639.411007,3242.716271,2948.522659,3639.411007,3328.578489,3204.085161,3639.411007,3350.400555,3204.039217,3639.411007,715.4768014,711.4521911,0.001001968,0.001005531,0.001008742,0.001011081,1550.024557,1550.024557,1550.024557,3314.332045,3314.332045,3314.332045,3314.332045,3314.332045
3/12/2002,1298.253219,1351.849899,1439.2084,1454.45376,1462.918427,1439.2084,2664.603395,2411.499268,3018.546419,2728.189372,2707.044095,3018.546419,2933.741157,2948.522659,3018.546419,3037.723019,3204.085161,3018.546419,702.2394485,698.3004609,0.001001968,0.001005531,0.001008742,0.001011081,1476.482407,1476.482407,1476.482407,3099.24206,3099.24206,3099.24206,3099.24206,3099.24206
3/13/2002,1174.080139,1124.085926,1291.595081,1344.480247,1351.849899,1291.595081,2500.248115,2535.878801,2819.056156,2594.029365,2411.499268,2819.056156,2672.496105,2707.044095,2819.056156,2954.310815,2948.522659,2819.056156,573.8756509,570.7552613,0.001001968,0.001005531,0.001008742,0.001011081,1427.582779,1427.582779,1427.582779,2999.02817,2999.02817,2999.02817,2999.02817,2999.02817
3/14/2002,1049.220411,1201.946743,1138.495366,1133.01438,1124.085926,1138.495366,2226.556905,3472.494391,2479.999934,2251.380509,2535.878801,2479.999934,2418.489879,2411.499268,2479.999934,2554.679213,2707.044095,2479.999934,455.0459848,452.6615364,0.001001968,0.001005531,0.001008742,0.001011081,1397.581249,1397.581249,1397.581249,2962.287009,2962.287009,2962.287009,2962.287009,2962.287009
3/15/2002,1059.219727,1354.896509,1160.134677,1178.206731,1201.946743,1160.134677,2224.960666,3928.584608,2499.068164,2276.9172,3472.494391,2499.068164,2363.665712,2535.878801,2499.068164,2447.058473,2411.499268,2499.068164,515.9677436,513.2089173,0.001001968,0.001005531,0.001008742,0.001011081,1375.741583,1375.741583,1375.741583,2941.811034,2941.811034,2941.811034,2941.811034,2941.811034
3/16/2002,1318.877865,1555.889944,1446.0616,1360.326828,1354.896509,1446.0616,2357.715446,4478.408929,2640.485939,2322.711177,3928.584608,2640.485939,2371.147861,3472.494391,2640.485939,2234.028249,2535.878801,2640.485939,616.8225623,613.4307742,0.001001968,0.001005531,0.001008742,0.001011081,1374.674335,1374.674335,1374.674335,2906.049469,2906.049469,2906.049469,2906.049469,2906.049469
3/17/2002,1374.381475,1417.179864,1526.409048,1565.472983,1555.889944,1526.409048,2552.644701,6232.948913,2901.674701,2647.442858,4478.408929,2901.674701,2692.007756,3928.584608,2901.674701,2541.52018,3472.494391,2901.674701,743.0310316,738.8275285,0.001001968,0.001005531,0.001008742,0.001011081,1377.157221,1377.157221,1377.157221,2874.904455,2874.904455,2874.904455,2874.904455,2874.904455
3/18/2002,1241.159385,1446.359791,1372.527172,1413.756543,1417.179864,1372.527172,3145.494154,5776.684566,3591.597565,3222.264836,6232.948913,3591.597565,3365.133303,4478.408929,3591.597565,3376.04668,3928.584608,3591.597565,648.3518982,644.7592307,0.001001968,0.001005531,0.001008742,0.001011081,1363.132612,1363.132612,1363.132612,2896.298027,2896.298027,2896.298027,2896.298027,2896.298027
3/19/2002,1279.696229,1720.975027,1415.65778,1434.556575,1446.359791,1415.65778,3391.794737,4274.462934,3881.661585,3442.06258,5776.684566,3881.661585,3537.437659,6232.948913,3881.661585,3642.903666,4478.408929,3881.661585,669.1441472,665.4182893,0.001001968,0.001005531,0.001008742,0.001011081,1348.43095,1348.43095,1348.43095,3007.992335,3007.992335,3007.992335,3007.992335,3007.992335
3/20/2002,1456.318626,2680.976111,1638.749768,1636.465543,1720.975027,1638.749768,4037.049297,4178.771713,4676.897413,4078.180033,4274.462934,4676.897413,4216.10045,5776.684566,4676.897413,4020.522263,6232.948913,4676.897413,868.8460842,863.8151256,0.001001968,0.001005531,0.001008742,0.001011081,1393.150673,1393.150673,1393.150673,3215.850745,3215.850745,3215.850745,3215.850745,3215.850745
3/21/2002,2561.204438,2416.348177,2899.225336,2657.347713,2680.976111,2899.225336,6804.984812,3723.269524,7960.911247,6658.607218,4178.771713,7960.911247,6474.367748,4274.462934,7960.911247,5826.174493,5776.684566,7960.911247,1400.902363,1392.220827,0.001001968,0.001005531,0.001008742,0.001011081,1539.855608,1539.855608,1539.855608,3733.822745,3733.822745,3733.822745,3733.822745,3733.822745
3/22/2002,2284.089384,1819.485329,2540.097871,2468.324438,2416.348177,2540.097871,5823.247776,3274.749452,6729.180811,5815.428782,3723.269524,6729.180811,5917.406664,4178.771713,6729.180811,5903.829868,4274.462934,6729.180811,1127.311122,1120.533614,0.001001968,0.001005531,0.001008742,0.001011081,1714.659298,1714.659298,1714.659298,4281.285727,4281.285727,4281.285727,4281.285727,4281.285727
3/23/2002,1650.039162,1540.774685,1804.004922,1840.209528,1819.485329,1804.004922,3271.928775,1942.022002,3680.063633,3363.288852,3274.749452,3680.063633,3655.363268,3723.269524,3680.063633,4117.488239,4178.771713,3680.063633,726.4214684,722.3259074,0.001001968,0.001005531,0.001008742,0.001011081,1815.632687,1815.632687,1815.632687,4619.748841,4619.748841,4619.748841,4619.748841,4619.748841
3/24/2002,1416.308907,1495.639136,1534.060168,1540.062247,1540.774685,1534.060168,2897.122532,3648.903746,3232.051076,2943.581425,1942.022002,3232.051076,3160.215258,3274.749452,3232.051076,3563.147052,3723.269524,3232.051076,575.7376512,572.6055503,0.001001968,0.001005531,0.001008742,0.001011081,1842.166303,1842.166303,1842.166303,4805.068423,4805.068423,4805.068423,4805.068423,4805.068423
3/25/2002,1395.814215,2418.197109,1504.137389,1468.723506,1495.639136,1504.137389,2843.851474,7904.374216,3162.090381,2844.626686,3648.903746,3162.090381,2957.117227,1942.022002,3162.090381,3166.276371,3274.749452,3162.090381,536.0466742,533.1630771,0.001001968,0.001005531,0.001008742,0.001011081,1848.037667,1848.037667,1848.037667,4769.625633,4769.625633,4769.625633,4769.625633,4769.625633
3/26/2002,2044.456405,4534.813257,2245.230044,2127.544123,2418.197109,2245.230044,3503.936654,10391.46365,3946.523822,3469.698078,7904.374216,3946.523822,3386.390982,3648.903746,3946.523822,2931.65632,1942.022002,3946.523822,912.5202454,907.1982982,0.001001968,0.001005531,0.001008742,0.001011081,1910.55471,1910.55471,1910.55471,4656.639848,4656.639848,4656.639848,4656.639848,4656.639848
3/27/2002,6234.466805,7291.660778,6627.001769,4564.73719,4534.813257,6627.001769,7511.456174,10316.23634,8065.257719,5726.845822,10391.46365,8065.257719,4091.417051,7904.374216,8065.257719,2470.221247,3648.903746,8065.257719,1149.260677,1142.332337,0.001001968,0.001005531,0.001008742,0.001011081,2062.64646,2062.64646,2062.64646,4482.432734,4482.432734,4482.432734,4482.432734,4482.432734
3/28/2002,7702.822299,8836.645906,8359.857565,7429.87298,7291.660778,8359.857565,9478.76055,9602.664065,10565.82702,8843.903372,10316.23634,10565.82702,8008.829204,10391.46365,10565.82702,5063.106823,7904.374216,10565.82702,2618.973615,2601.348318,0.001001968,0.001005531,0.001008742,0.001011081,2599.538,2599.538,2599.538,4496.745385,4496.745385,4496.745385,4496.745385,4496.745385
3/29/2002,7262.106878,5248.913699,8287.107083,8832.551759,8836.645906,8287.107083,10912.0333,8359.872286,12922.87728,11818.24179,9602.664065,12922.87728,12789.97969,10316.23634,12922.87728,10212.42444,10391.46365,12922.87728,4196.590191,4166.663138,0.001001968,0.001005531,0.001008742,0.001011081,3516.917887,3516.917887,3516.917887,5099.391058,5099.391058,5099.391058,5099.391058,5099.391058
3/30/2002,4411.102814,4283.866608,4719.600696,5260.227698,5248.913699,4719.600696,7843.947634,7238.748247,8785.255666,8473.729659,8359.872286,8785.255666,9425.58562,9602.664065,8785.255666,12508.07886,10316.23634,8785.255666,1361.34226,1352.939085,0.001001968,0.001005531,0.001008742,0.001011081,4084.679239,4084.679239,4084.679239,6046.788883,6046.788883,6046.788883,6046.788883,6046.788883
3/31/2002,3844.691473,4359.461729,4069.949843,4286.881311,4283.866608,4069.949843,4932.450027,6748.389146,5325.405648,5250.550812,7238.748247,5325.405648,6070.368492,8359.872286,5325.405648,7233.269502,9602.664065,5325.405648,1018.974408,1012.935886,0.001001968,0.001005531,0.001008742,0.001011081,4546.553195,4546.553195,4546.553195,6823.460779,6823.460779,6823.460779,6823.460779,6823.460779
4/1/2002,3648.317526,3544.211366,3943.064534,4369.714074,4359.461729,3943.064534,6704.591492,6076.451988,7564.940501,7221.495289,6748.389146,7564.940501,7666.407775,7238.748247,7564.940501,7980.751783,8359.872286,7564.940501,1321.585853,1313.461435,0.001001968,0.001005531,0.001008742,0.001011081,4987.232512,4987.232512,4987.232512,7517.147528,7517.147528,7517.147528,7517.147528,7517.147528
4/2/2002,3077.77316,3123.474874,3288.545376,3556.024905,3544.211366,3288.545376,6012.485466,5362.25696,6728.714871,6335.527863,6076.451988,6728.714871,6925.892222,6748.389146,6728.714871,7659.227321,7238.748247,6728.714871,966.5029739,960.8189021,0.001001968,0.001005531,0.001008742,0.001011081,5290.918533,5290.918533,5290.918533,8135.936716,8135.936716,8135.936716,8135.936716,8135.936716
4/3/2002,2697.426711,2913.889531,2888.229023,3114.153439,3123.474874,2888.229023,4862.122757,4883.133271,5411.55595,5149.072725,5362.25696,5411.55595,5646.648352,6076.451988,5411.55595,6264.26069,6748.389146,5411.55595,889.9167669,884.7456482,0.001001968,0.001005531,0.001008742,0.001011081,5398.509937,5398.509937,5398.509937,8596.757776,8596.757776,8596.757776,8596.757776,8596.757776
4/4/2002,2598.950438,2804.437508,2792.247077,2920.4174,2913.889531,2792.247077,4936.718332,4484.840547,5520.584019,5124.968562,4883.133271,5520.584019,5477.778768,5362.25696,5520.584019,5853.131144,6076.451988,5520.584019,896.1380785,890.9254944,0.001001968,0.001005531,0.001008742,0.001011081,4985.875137,4985.875137,4985.875137,8505.551277,8505.551277,8505.551277,8505.551277,8505.551277
4/5/2002,2505.768333,2479.96213,2704.374149,2814.681782,2804.437508,2704.374149,4687.896167,4138.9166,5259.587777,4860.342286,4484.840547,5259.587777,5139.47312,4883.133271,5259.587777,5433.983584,5362.25696,5259.587777,925.3772804,919.9693271,0.001001968,0.001005531,0.001008742,0.001011081,4144.806994,4144.806994,4144.806994,7767.938211,7767.938211,7767.938211,7767.938211,7767.938211
4/6/2002,2194.200835,2237.502285,2362.814628,2482.259902,2479.96213,2362.814628,4002.902822,4161.383943,4471.817887,4177.015443,4138.9166,4471.817887,4505.272014,4484.840547,4471.817887,4854.674962,4883.133271,4471.817887,801.9053693,797.3167525,0.001001968,0.001005531,0.001008742,0.001011081,3672.442989,3672.442989,3672.442989,6851.209125,6851.209125,6851.209125,6851.209125,6851.209125
4/7/2002,1996.646637,2090.725081,2144.572934,2239.163133,2237.502285,2144.572934,3592.347678,4093.753322,3998.535592,3736.418823,4161.383943,3998.535592,4000.862181,4138.9166,3998.535592,4357.197222,4484.840547,3998.535592,711.7459374,707.7454806,0.001001968,0.001005531,0.001008742,0.001011081,3313.64523,3313.64523,3313.64523,6151.452664,6151.452664,6151.452664,6151.452664,6151.452664
4/8/2002,1879.45196,2079.072503,2019.787616,2092.09391,2090.725081,2019.787616,3390.626963,3903.695844,3772.525291,3510.369627,4093.753322,3772.525291,3732.013858,4161.383943,3772.525291,3960.797209,4138.9166,3772.525291,679.6174002,675.8242435,0.001001968,0.001005531,0.001008742,0.001011081,2973.463822,2973.463822,2973.463822,5562.168723,5562.168723,5562.168723,5562.168723,5562.168723
4/9/2002,1926.376899,2120.913164,2081.544809,2076.324962,2079.072503,2081.544809,3421.16089,3770.843939,3821.98781,3469.70181,3903.695844,3821.98781,3679.306892,4093.753322,3821.98781,3742.912153,4161.383943,3821.98781,749.4978137,745.2521984,0.001001968,0.001005531,0.001008742,0.001011081,2710.593394,2710.593394,2710.593394,5041.059951,5041.059951,5041.059951,5041.059951,5041.059951
4/10/2002,1938.118354,2091.771865,2094.220695,2123.119497,2120.913164,2094.220695,3702.182253,3664.755488,4143.123491,3783.118413,3770.843939,4143.123491,3862.771181,3903.695844,4143.123491,3902.562522,4093.753322,4143.123491,749.7812,745.5337382,0.001001968,0.001005531,0.001008742,0.001011081,2512.771937,2512.771937,2512.771937,4691.389553,4691.389553,4691.389553,4691.389553,4691.389553
4/11/2002,1903.32384,1971.749898,2057.932046,2095.503791,2091.771865,2057.932046,3565.061813,4424.648311,3993.141592,3652.894963,3664.755488,3993.141592,3793.018451,3770.843939,3993.141592,3861.253812,3903.695844,3993.141592,744.5045529,740.2914583,0.001001968,0.001005531,0.001008742,0.001011081,2367.748624,2367.748624,2367.748624,4429.30625,4429.30625,4429.30625,4429.30625,4429.30625
4/12/2002,1741.633442,1895.733456,1893.876091,1969.131894,1971.749898,1893.876091,3226.459711,6336.820227,3622.131668,3353.088531,4424.648311,3622.131668,3595.011571,3664.755488,3622.131668,3664.912322,3770.843939,3622.131668,741.6613525,737.4667628,0.001001968,0.001005531,0.001008742,0.001011081,2245.543161,2245.543161,2245.543161,4200.63832,4200.63832,4200.63832,4200.63832,4200.63832
4/13/2002,1621.266365,1954.558026,1765.496798,1862.868145,1895.733456,1765.496798,3069.51224,5969.423883,3441.797601,3217.42282,6336.820227,3441.797601,3405.721734,4424.648311,3441.797601,3549.956731,3664.755488,3441.797601,704.1498525,700.198521,0.001001968,0.001005531,0.001008742,0.001011081,2139.139007,2139.139007,2139.139007,4018.488204,4018.488204,4018.488204,4018.488204,4018.488204
4/14/2002,1826.193727,2812.272934,1977.16354,1920.563958,1954.558026,1977.16354,3470.998912,5697.38025,3851.295672,3476.227625,5969.423883,3851.295672,3584.760054,6336.820227,3851.295672,3392.123765,4424.648311,3851.295672,711.5424866,707.5433465,0.001001968,0.001005531,0.001008742,0.001011081,2070.013569,2070.013569,2070.013569,3916.200773,3916.200773,3916.200773,3916.200773,3916.200773
4/15/2002,2800.954804,2858.870674,3079.73749,2848.563151,2812.272934,3079.73749,5705.842959,4848.45321,6439.181174,5595.263358,5697.38025,6439.181174,5463.129179,5969.423883,6439.181174,4355.856783,6336.820227,6439.181174,1219.806699,1212.391199,0.001001968,0.001005531,0.001008742,0.001011081,2107.823727,2107.823727,2107.823727,4051.98328,4051.98328,4051.98328,4051.98328,4051.98328
4/16/2002,2912.069586,3318.192819,3166.882093,2889.219932,2858.870674,3166.882093,6862.546912,4524.038088,7791.071506,6647.045229,4848.45321,7791.071506,6672.5942,5697.38025,7791.071506,6862.400489,5969.423883,7791.071506,1152.163591,1145.215276,0.001001968,0.001005531,0.001008742,0.001011081,2190.846956,2190.846956,2190.846956,4498.91666,4498.91666,4498.91666,4498.91666,4498.91666
4/17/2002,2853.231116,2303.513589,3218.364365,3319.999394,3318.192819,3218.364365,5282.32297,4215.044204,6116.408576,5507.968561,4524.038088,6116.408576,5874.324355,4848.45321,6116.408576,5496.618362,5697.38025,6116.408576,1658.416537,1647.90087,0.001001968,0.001005531,0.001008742,0.001011081,2374.042124,2374.042124,2374.042124,4796.436248,4796.436248,4796.436248,4796.436248,4796.436248
4/18/2002,1807.75425,1601.421187,1976.908556,2303.922436,2303.513589,1976.908556,4082.641745,3901.950273,4619.491974,4456.794952,4215.044204,4619.491974,4755.501967,4524.038088,4619.491974,5805.447206,4848.45321,4619.491974,819.975241,815.2676724,0.001001968,0.001005531,0.001008742,0.001011081,2425.734115,2425.734115,2425.734115,4994.604966,4994.604966,4994.604966,4994.604966,4994.604966
4/19/2002,1423.544867,1702.327957,1516.067331,1601.825397,1601.421187,1516.067331,2581.02778,3770.353766,2811.147938,2703.94734,3901.950273,2811.147938,3127.121658,4215.044204,2811.147938,3740.905469,4524.038088,2811.147938,467.126434,464.6682733,0.001001968,0.001005531,0.001008742,0.001011081,2406.028869,2406.028869,2406.028869,5077.125698,5077.125698,5077.125698,5077.125698,5077.125698
4/20/2002,1513.429847,1642.663748,1645.142023,1702.277477,1702.327957,1645.142023,3263.306254,3409.11155,3662.839942,3362.460897,3770.353766,3662.839942,3551.052393,3901.950273,3662.839942,3716.12492,4215.044204,3662.839942,652.8272568,649.2059685,0.001001968,0.001005531,0.001008742,0.001011081,2385.135058,2385.135058,2385.135058,5121.397917,5121.397917,5121.397917,5121.397917,5121.397917
4/21/2002,1483.571279,1623.94876,1611.880566,1642.718294,1642.663748,1611.880566,3432.2619,3228.326827,3862.960509,3498.373736,3409.11155,3862.960509,3634.93308,3770.353766,3862.960509,3818.008059,3901.950273,3862.960509,636.6880089,633.16981,0.001001968,0.001005531,0.001008742,0.001011081,2353.853416,2353.853416,2353.853416,5123.926841,5123.926841,5123.926841,5123.926841,5123.926841
4/22/2002,1474.688609,1570.999601,1606.007057,1622.431828,1623.94876,1606.007057,3257.851582,3217.141603,3665.960553,3313.883135,3228.326827,3665.960553,3450.02284,3409.11155,3665.960553,3517.270257,3770.353766,3665.960553,651.7109028,648.0967563,0.001001968,0.001005531,0.001008742,0.001011081,2237.886647,2237.886647,2237.886647,4935.505726,4935.505726,4935.505726,4935.505726,4935.505726
4/23/2002,1416.119031,1422.98504,1540.916123,1572.343033,1570.999601,1540.916123,3198.982537,3516.632444,3599.295147,3266.431545,3217.141603,3599.295147,3381.014876,3228.326827,3599.295147,3501.623127,3409.11155,3599.295147,621.9663651,618.5418967,0.001001968,0.001005531,0.001008742,0.001011081,2073.761686,2073.761686,2073.761686,4461.778133,4461.778133,4461.778133,4461.778133,4461.778133
4/24/2002,1299.889373,1490.381764,1408.781402,1425.154668,1422.98504,1408.781402,2758.867474,4592.739888,3083.60941,2809.41697,3516.632444,3083.60941,2967.933467,3217.141603,3083.60941,3135.671402,3228.326827,3083.60941,551.8561054,548.8738162,0.001001968,0.001005531,0.001008742,0.001011081,1807.671394,1807.671394,1807.671394,4062.186247,4062.186247,4062.186247,4062.186247,4062.186247
4/25/2002,1313.619081,1624.156413,1442.461028,1477.428972,1490.381764,1442.461028,2702.0015,6939.739666,3040.268242,2780.355052,4592.739888,3040.268242,2927.639241,3516.632444,3040.268242,2911.647939,3217.141603,3040.268242,647.905809,644.3159929,0.001001968,0.001005531,0.001008742,0.001011081,1670.986336,1670.986336,1670.986336,3726.397898,3726.397898,3726.397898,3726.397898,3726.397898
4/26/2002,1488.571913,1748.754592,1642.502258,1627.619679,1624.156413,1642.502258,3061.85997,7428.800725,3462.142416,3101.446573,6939.739666,3462.142416,3196.40266,4592.739888,3462.142416,3071.612392,3516.632444,3462.142416,751.3497339,747.09205,0.001001968,0.001005531,0.001008742,0.001011081,1620.406056,1620.406056,1620.406056,3544.95726,3544.95726,3544.95726,3544.95726,3544.95726
4/27/2002,1674.163084,2903.953354,1842.060065,1748.287108,1748.754592,1842.060065,3376.241392,7480.471037,3830.07483,3335.806839,7428.800725,3830.07483,3410.642533,6939.739666,3830.07483,3434.275446,4592.739888,3830.07483,815.6023969,810.9236456,0.001001968,0.001005531,0.001008742,0.001011081,1606.257553,1606.257553,1606.257553,3482.701169,3482.701169,3482.701169,3482.701169,3482.701169
4/28/2002,2648.244487,4701.326261,2990.950135,2845.769431,2903.953354,2990.950135,5667.273098,8475.42281,6541.677074,5648.060926,7480.471037,6541.677074,5563.746888,7428.800725,6541.677074,4247.852045,6939.739666,6541.677074,1524.857679,1515.297896,0.001001968,0.001005531,0.001008742,0.001011081,1717.202967,1717.202967,1717.202967,3669.744237,3669.744237,3669.744237,3669.744237,3669.744237
4/29/2002,4514.763369,4187.442126,5099.971472,4721.758398,4701.326261,5099.971472,9900.853593,8957.040115,11515.81712,9735.892031,8475.42281,11515.81712,9244.024229,7480.471037,11515.81712,7537.549227,7428.800725,11515.81712,2369.758599,2354.012249,0.001001968,0.001005531,0.001008742,0.001011081,2017.745883,2017.745883,2017.745883,4321.338354,4321.338354,4321.338354,4321.338354,4321.338354
4/30/2002,4085.587246,4289.821415,4521.124061,4177.687707,4187.442126,4521.124061,8265.025415,8257.054021,9474.197895,8062.804271,8957.040115,9474.197895,8408.774154,8475.42281,9474.197895,8573.946336,7480.471037,9474.197895,1856.417881,1844.468446,0.001001968,0.001005531,0.001008742,0.001011081,2388.003959,2388.003959,2388.003959,5078.179077,5078.179077,5078.179077,5078.179077,5078.179077
5/1/2002,3606.851816,3548.251303,4084.83666,4235.141051,4289.821415,4084.83666,6188.40357,7368.906176,7175.328437,6518.951091,8257.054021,7175.328437,7123.705775,8957.040115,7175.328437,7049.67586,8475.42281,7175.328437,2079.189926,2065.605906,0.001001968,0.001005531,0.001008742,0.001011081,2803.094125,2803.094125,2803.094125,5758.953673,5758.953673,5758.953673,5758.953673,5758.953673
5/2/2002,3088.714286,3875.351901,3386.911526,3450.917972,3548.251303,3386.911526,6762.977002,6271.094137,7684.068971,6925.284087,7368.906176,7684.068971,7205.488443,8257.054021,7684.068971,8090.89885,8957.040115,7684.068971,1299.039655,1291.072872,0.001001968,0.001005531,0.001008742,0.001011081,3087.302802,3087.302802,3087.302802,6497.169232,6497.169232,6497.169232,6497.169232,6497.169232
5/3/2002,3672.206698,3522.668878,4085.04151,3958.149509,3875.351901,4085.04151,7550.229136,5359.29333,8678.546672,7562.723752,6271.094137,8678.546672,7924.964722,7368.906176,8678.546672,7576.577202,8257.054021,8678.546672,1749.170179,1737.999709,0.001001968,0.001005531,0.001008742,0.001011081,3431.10277,3431.10277,3431.10277,7313.51543,7313.51543,7313.51543,7313.51543,7313.51543
5/4/2002,3147.074825,3026.524873,3508.3552,3588.37926,3522.668878,3508.3552,6900.13904,4774.667068,7966.948554,7083.110312,5359.29333,7966.948554,7499.686969,6271.094137,7966.948554,8064.06083,7368.906176,7966.948554,1603.517405,1593.395805,0.001001968,0.001005531,0.001008742,0.001011081,3722.284113,3722.284113,3722.284113,7954.374239,7954.374239,7954.374239,7954.374239,7954.374239
5/5/2002,2537.619311,2346.030107,2820.818043,3029.253778,3026.524873,2820.818043,5121.105244,4662.94742,5867.795201,5419.78603,4774.667068,5867.795201,5843.782829,5359.29333,5867.795201,6504.72686,6271.094137,5867.795201,1303.441601,1295.444067,0.001001968,0.001005531,0.001008742,0.001011081,3830.313231,3830.313231,3830.313231,8198.983187,8198.983187,8198.983187,8198.983187,8198.983187
5/6/2002,1985.468828,2009.729952,2167.768417,2341.580321,2346.030107,2167.768417,4023.713949,4857.111781,4533.923166,4256.767467,4662.94742,4533.923166,4650.699859,4774.667068,4533.923166,5394.929267,5359.29333,4533.923166,869.586513,864.5506365,0.001001968,0.001005531,0.001008742,0.001011081,3663.005968,3663.005968,3663.005968,7831.157335,7831.157335,7831.157335,7831.157335,7831.157335
5/7/2002,1806.446547,2042.833402,1955.805222,2010.991056,2009.729952,1955.805222,3564.967819,4798.594831,3982.790016,3670.908048,4857.111781,3982.790016,3977.223483,4662.94742,3982.790016,4436.856094,4774.667068,3982.790016,722.9448071,718.8717995,0.001001968,0.001005531,0.001008742,0.001011081,3379.220934,3379.220934,3379.220934,7237.3946,7237.3946,7237.3946,7237.3946,7237.3946
5/8/2002,1825.052563,2186.954977,1991.29464,2022.114405,2042.833402,1991.29464,3638.013074,4513.485025,4096.168989,3723.063902,4798.594831,4096.168989,3923.408573,4857.111781,4096.168989,4108.55683,4662.94742,4096.168989,802.7978395,798.2033558,0.001001968,0.001005531,0.001008742,0.001011081,3048.365774,3048.365774,3048.365774,6694.208136,6694.208136,6694.208136,6694.208136,6694.208136
5/9/2002,2013.271656,2413.806519,2208.409308,2168.532177,2186.954977,2208.409308,4155.23712,4969.729527,4708.721209,4178.823086,4513.485025,4708.721209,4333.21932,4798.594831,4708.721209,4223.296819,4857.111781,4708.721209,924.6354807,919.2324938,0.001001968,0.001005531,0.001008742,0.001011081,2856.561873,2856.561873,2856.561873,6143.810918,6143.810918,6143.810918,6143.810918,6143.810918
5/10/2002,2212.361756,2212.77529,2438.528746,2437.173984,2413.806519,2438.528746,4685.953419,7482.013566,5339.397889,4756.99439,4969.729527,5339.397889,4815.719404,4513.485025,5339.397889,4662.52798,4798.594831,5339.397889,1051.445131,1045.186104,0.001001968,0.001005531,0.001008742,0.001011081,2615.68652,2615.68652,2615.68652,5573.415044,5573.415044,5573.415044,5573.415044,5573.415044
5/11/2002,1975.029384,2962.308331,2169.831849,2203.289212,2212.77529,2169.831849,4154.319548,12536.7593,4720.77208,4245.761001,7482.013566,4720.77208,4483.421258,4969.729527,4720.77208,4686.832455,4513.485025,4720.77208,928.205587,922.7786935,0.001001968,0.001005531,0.001008742,0.001011081,2410.108683,2410.108683,2410.108683,5129.611616,5129.611616,5129.611616,5129.611616,5129.611616
5/12/2002,2172.009691,4791.830221,2432.450225,2486.808263,2962.308331,2432.450225,4074.586667,14742.81137,4669.803097,4226.514186,12536.7593,4669.803097,4467.967232,7482.013566,4669.803097,4127.102456,4969.729527,4669.803097,1209.013842,1201.673104,0.001001968,0.001005531,0.001008742,0.001011081,2306.537323,2306.537323,2306.537323,4813.241331,4813.241331,4813.241331,4813.241331,4813.241331
5/13/2002,4422.031155,7642.723641,4860.212869,4165.792088,4791.830221,4860.212869,7544.760325,13381.64768,8493.004294,7060.266718,14742.81137,8493.004294,6695.192673,12536.7593,8493.004294,5058.237561,7482.013566,8493.004294,1690.668604,1679.920706,0.001001968,0.001005531,0.001008742,0.001011081,2431.360107,2431.360107,2431.360107,4869.91037,4869.91037,4869.91037,4869.91037,4869.91037
5/14/2002,8532.626312,9365.422444,9481.898956,8005.54976,7642.723641,9481.898956,13918.95011,12811.18842,15909.40383,12878.0625,13381.64768,15909.40383,12071.08542,14742.81137,15909.40383,8740.74709,12536.7593,15909.40383,3354.000698,3330.722355,0.001001968,0.001005531,0.001008742,0.001011081,3045.051626,3045.051626,3045.051626,5665.460255,5665.460255,5665.460255,5665.460255,5665.460255
5/15/2002,8811.716727,8601.204895,10026.30198,9704.772641,9365.422444,10026.30198,15895.71448,15742.43411,18766.1364,15991.03646,12811.18842,18766.1364,16212.42545,13381.64768,18766.1364,14457.42967,14742.81137,18766.1364,4653.982333,4620.383617,0.001001968,0.001005531,0.001008742,0.001011081,4023.930776,4023.930776,4023.930776,7207.777451,7207.777451,7207.777451,7207.777451,7207.777451
5/16/2002,6878.443441,5455.528801,7965.843688,8667.571236,8601.204895,7965.843688,12747.27651,13910.61575,15267.85613,13797.6244,15742.43411,15267.85613,15134.88315,12811.18842,15267.85613,15489.12579,13381.64768,15267.85613,4375.851878,4344.490636,0.001001968,0.001005531,0.001008742,0.001011081,5008.756132,5008.756132,5008.756132,8802.706535,8802.706535,8802.706535,8802.706535,8802.706535
5/17/2002,3725.695232,5330.158169,4135.855233,5038.392986,5455.528801,4135.855233,7029.195937,13235.51928,8069.879846,8071.812095,13910.61575,8069.879846,9327.826092,15742.43411,8069.879846,12677.34288,12811.18842,8069.879846,1756.131222,1744.910359,0.001001968,0.001005531,0.001008742,0.001011081,5530.41605,5530.41605,5530.41605,9938.664674,9938.664674,9938.664674,9938.664674,9938.664674
5/18/2002,5644.614996,8221.944167,6180.779985,5452.537694,5330.158169,6180.779985,9750.094363,11467.1835,10960.7365,9279.606871,13235.51928,10960.7365,10003.9061,13910.61575,10960.7365,9296.418925,15742.43411,10960.7365,2030.456433,2017.231811,0.001001968,0.001005531,0.001008742,0.001011081,6024.340441,6024.340441,6024.340441,11011.36457,11011.36457,11011.36457,11011.36457,11011.36457
5/19/2002,7567.527374,6768.04142,8621.875898,8410.672826,8221.944167,8621.875898,16194.55695,9501.088204,19121.51996,16304.04517,11467.1835,19121.51996,16144.94195,13235.51928,19121.51996,14834.30613,13910.61575,19121.51996,4128.895971,4099.508827,0.001001968,0.001005531,0.001008742,0.001011081,6730.885666,6730.885666,6730.885666,12585.30635,12585.30635,12585.30635,12585.30635,12585.30635
5/20/2002,5659.472024,5044.448155,6427.882081,6813.372141,6768.04142,6427.882081,12013.45403,7918.73523,14132.99553,12641.64733,9501.088204,14132.99553,13708.66782,11467.1835,14132.99553,14291.14377,13235.51928,14132.99553,3155.459019,3133.722585,0.001001968,0.001005531,0.001008742,0.001011081,7268.78452,7268.78452,7268.78452,13700.2096,13700.2096,13700.2096,13700.2096,13700.2096
5/21/2002,4159.692602,3937.471595,4659.123792,5060.60292,5044.448155,4659.123792,8446.494645,6886.726876,9787.607267,9007.379299,7918.73523,9787.607267,10080.4539,9501.088204,9787.607267,12110.03806,11467.1835,9787.607267,2126.631395,2112.696571,0.001001968,0.001005531,0.001008742,0.001011081,7159.481656,7159.481656,7159.481656,14063.14639,14063.14639,14063.14639,14063.14639,14063.14639
5/22/2002,3339.088602,3450.661625,3691.78555,3948.127993,3937.471595,3691.78555,6417.253033,6209.399444,7332.622276,6795.523967,6886.726876,7332.622276,7584.195987,7918.73523,7332.622276,9088.758552,9501.088204,7332.622276,1537.763671,1528.111942,0.001001968,0.001005531,0.001008742,0.001011081,6517.879436,6517.879436,6517.879436,13330.79023,13330.79023,13330.79023,13330.79023,13330.79023
5/23/2002,3020.719281,3235.385338,3333.155067,3458.26195,3450.661625,3333.155067,6007.943083,5898.827922,6859.279669,6236.64839,6209.399444,6859.279669,6801.342644,6886.726876,6859.279669,7620.236105,7918.73523,6859.279669,1379.07069,1370.54289,0.001001968,0.001005531,0.001008742,0.001011081,5763.135125,5763.135125,5763.135125,12258.36983,12258.36983,12258.36983,12258.36983,12258.36983
5/24/2002,2852.086867,3017.33354,3154.868294,3240.942091,3235.385338,3154.868294,5648.580615,5161.451855,6461.886334,5834.491357,5898.827922,6461.886334,6250.897068,6209.399444,6461.886334,6747.558495,6886.726876,6461.886334,1346.931799,1338.629781,0.001001968,0.001005531,0.001008742,0.001011081,5398.864017,5398.864017,5398.864017,11414.17343,11414.17343,11414.17343,11414.17343,11414.17343
5/25/2002,2646.095379,2840.014481,2925.820973,3012.81811,3017.33354,2925.820973,5156.431411,5795.599071,5892.237073,5337.157452,5161.451855,5892.237073,5690.357126,5898.827922,5892.237073,6082.383636,6209.399444,5892.237073,1255.482497,1247.8193,0.001001968,0.001005531,0.001008742,0.001011081,5027.052054,5027.052054,5027.052054,10535.34895,10535.34895,10535.34895,10535.34895,10535.34895
5/26/2002,2523.405345,2733.454174,2785.543631,2834.8286,2840.014481,2785.543631,4821.236923,8677.749043,5496.561083,4961.612754,5795.599071,5496.561083,5281.938251,5161.451855,5496.561083,5544.608517,5898.827922,5496.561083,1181.780804,1174.628339,0.001001968,0.001005531,0.001008742,0.001011081,4384.604336,4384.604336,4384.604336,9138.631603,9138.631603,9138.631603,9138.631603,9138.631603
5/27/2002,2412.799181,3305.451665,2662.579172,2725.502073,2733.454174,2662.579172,4690.819811,9002.545925,5349.501992,4837.887297,8677.749043,5349.501992,5096.476687,5795.599071,5349.501992,5352.268302,5161.451855,5349.501992,1129.552561,1122.759666,0.001001968,0.001005531,0.001008742,0.001011081,3749.975544,3749.975544,3749.975544,7953.988893,7953.988893,7953.988893,7953.988893,7953.988893
5/28/2002,2684.612442,5015.640668,3010.566092,3007.060918,3305.451665,3010.566092,5169.65337,7162.166983,5873.701326,5300.326171,9002.545925,5873.701326,5643.968088,8677.749043,5873.701326,4712.239561,5795.599071,5873.701326,1452.841311,1443.792869,0.001001968,0.001005531,0.001008742,0.001011081,3368.802912,3368.802912,3368.802912,6915.505968,6915.505968,6915.505968,6915.505968,6915.505968
5/29/2002,4578.654157,5021.220198,5298.708251,5144.85502,5015.640668,5298.708251,8636.459289,6813.289435,10040.39043,8791.168925,7162.166983,10040.39043,9086.909725,9002.545925,10040.39043,6377.828969,8677.749043,10040.39043,2927.221513,2907.244422,0.001001968,0.001005531,0.001008742,0.001011081,3416.815806,3416.815806,3416.815806,6586.893312,6586.893312,6586.893312,6586.893312,6586.893312
5/30/2002,4372.301795,2963.643578,5062.681526,5147.606327,5021.220198,5062.681526,8941.457724,6196.332593,10582.01396,9261.049687,6813.289435,10582.01396,9629.085892,7162.166983,10582.01396,10710.3309,9002.545925,10582.01396,2855.341404,2835.91531,0.001001968,0.001005531,0.001008742,0.001011081,3582.893273,3582.893273,3582.893273,6730.727517,6730.727517,6730.727517,6730.727517,6730.727517
5/31/2002,2659.334709,3227.658673,2954.047988,2900.500415,2963.643578,2954.047988,5075.302307,5795.364397,5771.061737,5132.430991,6196.332593,5771.061737,5954.397502,6813.289435,5771.061737,7727.245927,7162.166983,5771.061737,1316.624566,1308.534864,0.001001968,0.001005531,0.001008742,0.001011081,3591.716606,3591.716606,3591.716606,6883.85356,6883.85356,6883.85356,6883.85356,6883.85356
6/1/2002,3057.871044,3389.168843,3407.82613,3250.006503,3227.658673,3407.82613,4600.108436,4959.791599,5230.892053,4597.111069,5795.364397,5230.892053,4785.576302,6196.332593,5230.892053,5289.140168,6813.289435,5230.892053,1486.828142,1477.538752,0.001001968,0.001005531,0.001008742,0.001011081,3591.38698,3591.38698,3591.38698,6895.009233,6895.009233,6895.009233,6895.009233,6895.009233
6/2/2002,3079.112036,3091.267347,3453.374418,3435.86844,3389.168843,3453.374418,5652.137254,4000.572048,6534.164562,5764.635456,4959.791599,6534.164562,6028.420903,5795.364397,6534.164562,5942.474981,6196.332593,6534.164562,1646.651197,1636.220114,0.001001968,0.001005531,0.001008742,0.001011081,3654.545892,3654.545892,3654.545892,6941.954337,6941.954337,6941.954337,6941.954337,6941.954337
6/3/2002,2574.57858,2472.23915,2896.267855,3094.92805,3091.267347,2896.267855,4944.465585,6158.183545,5729.980857,5249.87596,4000.572048,5729.980857,5612.526137,4959.791599,5729.980857,5969.565456,5795.364397,5729.980857,1449.87283,1440.845401,0.001001968,0.001005531,0.001008742,0.001011081,3711.528588,3711.528588,3711.528588,7008.512418,7008.512418,7008.512418,7008.512418,7008.512418
6/4/2002,2044.806464,2963.660835,2259.611143,2394.675027,2472.23915,2259.611143,3945.485897,14638.26629,4497.820997,4153.164251,6158.183545,4497.820997,4564.48756,4000.572048,4497.820997,5220.129927,4959.791599,4497.820997,995.1330742,989.2558953,0.001001968,0.001005531,0.001008742,0.001011081,3650.371549,3650.371549,3650.371549,6991.636454,6991.636454,6991.636454,6991.636454,6991.636454
6/5/2002,2697.151603,4931.363309,3012.247988,2850.686997,2963.660835,3012.247988,4098.208079,16903.79629,4702.226804,4067.267483,14638.26629,4702.226804,4325.195046,6158.183545,4702.226804,4160.949931,4000.572048,4702.226804,1362.814718,1354.4012,0.001001968,0.001005531,0.001008742,0.001011081,3373.047283,3373.047283,3373.047283,6560.908237,6560.908237,6560.908237,6560.908237,6560.908237
6/6/2002,3450.687778,9251.617194,3868.28564,3788.324592,4931.363309,3868.28564,4734.035537,13819.44936,5429.499064,4846.630695,16903.79629,5429.499064,4732.39882,14638.26629,5429.499064,4077.092518,6158.183545,5429.499064,1709.014463,1698.13423,0.001001968,0.001005531,0.001008742,0.001011081,3144.204378,3144.204378,3144.204378,5851.784969,5851.784969,5851.784969,5851.784969,5851.784969
6/7/2002,9786.67303,12204.25963,11340.76376,9860.66617,9251.617194,11340.76376,13572.12477,11291.22877,16148.39874,12819.88708,13819.44936,16148.39874,12956.31538,16903.79629,16148.39874,6431.800704,14638.26629,16148.39874,5438.454706,5398.471457,0.001001968,0.001005531,0.001008742,0.001011081,3891.056227,3891.056227,3891.056227,6007.484614,6007.484614,6007.484614,6007.484614,6007.484614
6/8/2002,11138.60005,9023.28462,13220.54228,12618.99138,12204.25963,13220.54228,20465.26843,9476.004891,25111.18709,20543.01963,11291.22877,25111.18709,21333.25183,13819.44936,25111.18709,19280.18851,16903.79629,25111.18709,7827.615522,7767.641069,0.001001968,0.001005531,0.001008742,0.001011081,5104.680398,5104.680398,5104.680398,7594.983005,7594.983005,7594.983005,7594.983005,7594.983005
6/9/2002,7002.599432,4937.334308,8250.164289,9053.427651,9023.28462,8250.164289,12697.0344,8446.669993,15430.03386,13906.48828,9476.004891,15430.03386,15289.3751,11291.22877,15430.03386,18080.9115,13819.44936,15430.03386,4993.080542,4956.73482,0.001001968,0.001005531,0.001008742,0.001011081,5953.855645,5953.855645,5953.855645,9185.096456,9185.096456,9185.096456,9185.096456,9185.096456
6/10/2002,3788.577501,3484.175016,4250.858191,4952.643796,4937.334308,4250.858191,5109.577576,7990.610765,5874.790388,6007.681516,8446.669993,5874.790388,7467.224387,9476.004891,5874.790388,11050.93173,11291.22877,5874.790388,1974.308483,1961.496702,0.001001968,0.001005531,0.001008742,0.001011081,6353.964923,6353.964923,6353.964923,10245.32737,10245.32737,10245.32737,10245.32737,10245.32737
6/11/2002,2958.919762,3393.09194,3261.039699,3494.324056,3484.175016,3261.039699,4276.5399,8421.634993,4837.65312,4637.263084,7990.610765,4837.65312,5688.765852,8446.669993,4837.65312,7573.320688,9476.004891,4837.65312,1323.290316,1315.153968,0.001001968,0.001005531,0.001008742,0.001011081,6589.296621,6589.296621,6589.296621,10818.74736,10818.74736,10818.74736,10818.74736,10818.74736
6/12/2002,2911.906649,3450.81454,3253.606481,3369.627783,3393.09194,3253.606481,5706.992376,8577.208125,6597.97754,5933.299306,8421.634993,6597.97754,6497.199737,7990.610765,6597.97754,7162.061414,8446.669993,6597.97754,1503.85226,1494.441928,0.001001968,0.001005531,0.001008742,0.001011081,6706.14203,6706.14203,6706.14203,11227.25567,11227.25567,11227.25567,11227.25567,11227.25567
6/13/2002,3043.72138,4482.723342,3422.39171,3440.629721,3450.81454,3422.39171,6582.715555,8406.275444,7665.374523,6713.147086,8577.208125,7665.374523,7103.624363,8421.634993,7665.374523,7251.15719,7990.610765,7665.374523,1652.329663,1641.857765,0.001001968,0.001005531,0.001008742,0.001011081,6735.534199,6735.534199,6735.534199,11697.22353,11697.22353,11697.22353,11697.22353,11697.22353
6/14/2002,3711.713544,5617.504915,4278.07017,4322.468254,4482.723342,4278.07017,7373.548428,9218.357843,8741.711628,7602.70039,8406.275444,8741.711628,7964.217785,8577.208125,8741.711628,7311.369441,8421.634993,8741.711628,2410.055306,2394.006594,0.001001968,0.001005531,0.001008742,0.001011081,6093.249789,6093.249789,6093.249789,11499.47462,11499.47462,11499.47462,11499.47462,11499.47462
6/15/2002,4977.791091,6139.314397,5772.567999,5601.861484,5617.504915,5772.567999,9112.815408,9813.988612,10875.69569,9226.692498,9218.357843,10875.69569,9561.756414,8406.275444,10875.69569,8475.551506,8577.208125,10875.69569,3196.515845,3174.461408,0.001001968,0.001005531,0.001008742,0.001011081,5184.809597,5184.809597,5184.809597,10262.97811,10262.97811,10262.97811,10262.97811,10262.97811
6/16/2002,5481.686705,5239.602968,6362.237944,6196.61111,6139.314397,6362.237944,9001.907168,8703.574425,10772.64674,9166.193292,9813.988612,10772.64674,9654.684556,9218.357843,10772.64674,9164.486471,8406.275444,10772.64674,3508.975087,3484.486202,0.001001968,0.001005531,0.001008742,0.001011081,4700.281835,4700.281835,4700.281835,9119.664781,9119.664781,9119.664781,9119.664781,9119.664781
6/17/2002,4668.94136,4809.816739,5353.91049,5294.745713,5239.602968,5353.91049,7069.057333,7020.908568,8362.604004,7280.370889,8703.574425,8362.604004,8037.893051,9813.988612,8362.604004,8607.046253,9218.357843,8362.604004,2813.391496,2794.28626,0.001001968,0.001005531,0.001008742,0.001011081,4621.803601,4621.803601,4621.803601,8451.091785,8451.091785,8451.091785,8451.091785,8451.091785
6/18/2002,4069.862322,4087.313722,4656.235644,4801.835359,4809.816739,4656.235644,6549.620046,5961.254619,7736.446844,6910.883559,7020.908568,7736.446844,7511.54932,8703.574425,7736.446844,8297.270911,9813.988612,7736.446844,2468.006748,2451.522201,0.001001968,0.001005531,0.001008742,0.001011081,4708.469632,4708.469632,4708.469632,8377.420858,8377.420858,8377.420858,8377.420858,8377.420858
6/19/2002,3486.595536,3320.236675,3963.585961,4101.026823,4087.313722,3963.585961,6914.383127,5132.731198,8131.563759,7204.722838,5961.254619,8131.563759,7844.245276,7020.908568,8131.563759,8493.100158,8703.574425,8131.563759,2024.672248,2011.490217,0.001001968,0.001005531,0.001008742,0.001011081,4808.191506,4808.191506,4808.191506,8650.695582,8650.695582,8650.695582,8650.695582,8650.695582
6/20/2002,2882.361597,2986.338454,3247.73214,3342.092466,3320.236675,3247.73214,5980.029772,4731.907783,6978.524925,6185.121897,5132.731198,6978.524925,6782.30188,5961.254619,6978.524925,7604.584425,7020.908568,6978.524925,1598.225226,1588.14153,0.001001968,0.001005531,0.001008742,0.001011081,4824.661702,4824.661702,4824.661702,8773.47826,8773.47826,8773.47826,8773.47826,8773.47826
6/21/2002,2568.808251,2739.424682,2889.920328,2987.322841,2986.338454,2889.920328,4685.126282,4677.479051,5440.77962,4892.926009,4731.907783,5440.77962,5315.915686,5132.731198,5440.77962,5923.642195,5961.254619,5440.77962,1426.849285,1417.984657,0.001001968,0.001005531,0.001008742,0.001011081,4672.742043,4672.742043,4672.742043,8576.16816,8576.16816,8576.16816,8576.16816,8576.16816
6/22/2002,2375.911255,2570.008666,2666.026548,2720.234354,2739.424682,2666.026548,4212.369598,4551.04497,4878.109639,4368.644462,4677.479051,4878.109639,4747.303456,4731.907783,4878.109639,5115.07329,5132.731198,4878.109639,1301.341087,1293.358228,0.001001968,0.001005531,0.001008742,0.001011081,4327.481904,4327.481904,4327.481904,8090.40316,8090.40316,8090.40316,8090.40316,8090.40316
6/23/2002,2228.06519,2375.966545,2496.097453,2561.754204,2570.008666,2496.097453,3825.628915,4628.640643,4418.93773,3989.52094,4551.04497,4418.93773,4289.647699,4677.479051,4418.93773,4566.095847,4731.907783,4418.93773,1203.097174,1195.797384,0.001001968,0.001005531,0.001008742,0.001011081,3856.50207,3856.50207,3856.50207,7450.965144,7450.965144,7450.965144,7450.965144,7450.965144
6/24/2002,2238.460964,2690.306892,2489.124223,2391.55368,2375.966545,2489.124223,3760.376007,7983.174859,4318.202183,3754.698076,4628.640643,4318.202183,4067.41334,4551.04497,4318.202183,4262.53427,4677.479051,4318.202183,1131.713072,1124.905343,0.001001968,0.001005531,0.001008742,0.001011081,3436.915471,3436.915471,3436.915471,6834.479316,6834.479316,6834.479316,6834.479316,6834.479316
6/25/2002,2355.239499,2611.363336,2663.998541,2696.302783,2690.306892,2663.998541,3994.855205,7774.624783,4662.613282,4136.88687,7983.174859,4662.613282,4339.791712,4628.640643,4662.613282,4256.451447,4551.04497,4662.613282,1391.561625,1382.945901,0.001001968,0.001005531,0.001008742,0.001011081,3115.326523,3115.326523,3115.326523,6180.145818,6180.145818,6180.145818,6180.145818,6180.145818
6/26/2002,2269.972379,2741.984556,2557.94568,2582.684344,2611.363336,2557.94568,4109.062914,5790.273998,4757.059271,4236.463664,7774.624783,4757.059271,4500.089886,7983.174859,4757.059271,4406.76461,4628.640643,4757.059271,1305.247845,1297.237689,0.001001968,0.001005531,0.001008742,0.001011081,2864.161369,2864.161369,2864.161369,5499.606611,5499.606611,5499.606611,5499.606611,5499.606611
6/27/2002,2446.099001,2908.341396,2751.642405,2723.179357,2741.984556,2751.642405,4509.496941,4981.164355,5181.976385,4597.446195,5790.273998,5181.976385,4807.482989,7774.624783,5181.976385,4507.873106,7983.174859,5181.976385,1365.365423,1356.933984,0.001001968,0.001005531,0.001008742,0.001011081,2723.771053,2723.771053,2723.771053,5048.604173,5048.604173,5048.604173,5048.604173,5048.604173
6/28/2002,2555.812473,2745.828806,2896.40829,2931.966685,2908.341396,2896.40829,7298.223329,4325.828088,8549.753608,7406.850062,4981.164355,8549.753608,7587.554299,5790.273998,8549.753608,7492.709599,7774.624783,8549.753608,1507.833232,1498.394596,0.001001968,0.001005531,0.001008742,0.001011081,2686.160059,2686.160059,2686.160059,5324.786758,5324.786758,5324.786758,5324.786758,5324.786758
6/29/2002,2396.569295,2307.270568,2718.648271,2760.055973,2745.828806,2718.648271,6473.78606,3879.476549,7595.235921,6584.746428,4325.828088,7595.235921,6886.545938,4981.164355,7595.235921,7251.544555,5790.273998,7595.235921,1443.965802,1434.980172,0.001001968,0.001005531,0.001008742,0.001011081,2683.323199,2683.323199,2683.323199,5649.913186,5649.913186,5649.913186,5649.913186,5649.913186
6/30/2002,2004.995208,2050.28328,2266.304835,2306.413245,2307.270568,2266.304835,4149.39429,3658.288282,4826.582849,4271.69674,3879.476549,4826.582849,4675.452988,4325.828088,4826.582849,5184.246683,4981.164355,4826.582849,1200.972707,1193.687615,0.001001968,0.001005531,0.001008742,0.001011081,2663.226275,2663.226275,2663.226275,5742.481412,5742.481412,5742.481412,5742.481412,5742.481412
7/1/2002,1765.975796,1863.587243,1986.495997,2048.768143,2050.28328,1986.495997,3420.95228,3476.105693,3956.813084,3557.71685,3658.288282,3956.813084,3821.590279,3879.476549,3956.813084,4274.056389,4325.828088,3956.813084,1027.487521,1021.391271,0.001001968,0.001005531,0.001008742,0.001011081,2610.754622,2610.754622,2610.754622,5745.564745,5745.564745,5745.564745,5745.564745,5745.564745
7/2/2002,1641.296005,1816.65903,1837.687865,1862.154751,1863.587243,1837.687865,3110.561441,3356.089185,3582.843777,3202.751151,3476.105693,3582.843777,3445.623771,3658.288282,3582.843777,3694.517551,3879.476549,3582.843777,923.0309161,917.63867,0.001001968,0.001005531,0.001008742,0.001011081,2511.99573,2511.99573,2511.99573,5677.4646,5677.4646,5677.4646,5677.4646,5677.4646
7/3/2002,1604.611343,1763.460464,1799.404764,1815.3139,1816.65903,1799.404764,3017.178458,3237.419164,3482.291805,3100.326031,3356.089185,3482.291805,3301.821759,3476.105693,3482.291805,3451.95405,3658.288282,3482.291805,917.8607656,912.503112,0.001001968,0.001005531,0.001008742,0.001011081,2405.514576,2405.514576,2405.514576,5537.809919,5537.809919,5537.809919,5537.809919,5537.809919
7/4/2002,1558.181942,1708.881531,1747.929923,1762.201429,1763.460464,1747.929923,2938.398589,3139.753338,3395.473204,3017.328477,3237.419164,3395.473204,3204.609858,3356.089185,3395.473204,3329.322396,3476.105693,3395.473204,897.2491262,892.0291331,0.001001968,0.001005531,0.001008742,0.001011081,2279.841175,2279.841175,2279.841175,5302.961454,5302.961454,5302.961454,5302.961454,5302.961454
7/5/2002,1510.470245,1656.523467,1694.397984,1707.689106,1708.881531,1694.397984,2814.105465,3060.914848,3252.63736,2890.234474,3139.753338,3252.63736,3070.855012,3237.419164,3252.63736,3182.656778,3356.089185,3252.63736,873.048308,867.9894311,0.001001968,0.001005531,0.001008742,0.001011081,2116.240359,2116.240359,2116.240359,4599.501553,4599.501553,4599.501553,4599.501553,4599.501553
7/6/2002,1464.660062,1606.440065,1642.952418,1655.397776,1656.523467,1642.952418,2737.475301,2980.654031,3163.968653,2810.575744,3060.914848,3163.968653,2984.741891,3139.753338,3163.968653,3077.46536,3237.419164,3163.968653,849.5302104,844.627357,0.001001968,0.001005531,0.001008742,0.001011081,1951.273365,1951.273365,1951.273365,3970.57182,3970.57182,3970.57182,3970.57182,3970.57182
7/7/2002,1420.811571,1558.415461,1593.70106,1605.391435,1606.440065,1593.70106,2659.097692,2939.171506,3072.458912,2729.562399,2980.654031,3072.458912,2897.883757,3060.914848,3072.458912,2982.599151,3139.753338,3072.458912,826.9192265,822.1658558,0.001001968,0.001005531,0.001008742,0.001011081,1827.565012,1827.565012,1827.565012,3645.182082,3645.182082,3645.182082,3645.182082,3645.182082
7/8/2002,1378.735835,1533.944861,1546.432738,1557.44625,1558.415461,1546.432738,2586.9695,2907.416965,2987.998368,2654.943546,2939.171506,2987.998368,2817.703658,2980.654031,2987.998368,2896.896728,3060.914848,2987.998368,805.1303155,800.5204944,0.001001968,0.001005531,0.001008742,0.001011081,1749.219304,1749.219304,1749.219304,3437.874617,3437.874617,3437.874617,3437.874617,3437.874617
7/9/2002,1354.425427,1532.285838,1521.684487,1532.086994,1533.944861,1521.684487,2546.369507,2890.689529,2943.737025,2613.670837,2907.416965,2943.737025,2775.518067,2939.171506,2943.737025,2825.659743,2980.654031,2943.737025,804.7206514,800.1135246,0.001001968,0.001005531,0.001008742,0.001011081,1693.887832,1693.887832,1693.887832,3299.674983,3299.674983,3299.674983,3299.674983,3299.674983
7/10/2002,1363.060169,1563.061967,1528.267921,1531.722756,1532.285838,1528.267921,2553.486176,2815.811447,2944.186757,2613.83051,2890.689529,2944.186757,2739.821621,2907.416965,2944.186757,2777.951959,2939.171506,2944.186757,794.2326143,789.6944018,0.001001968,0.001005531,0.001008742,0.001011081,1646.062761,1646.062761,1646.062761,3199.431379,3199.431379,3199.431379,3199.431379,3199.431379
7/11/2002,1383.928146,1400.905776,1552.777594,1562.842229,1563.061967,1552.777594,2542.798269,2668.657132,2935.667858,2611.342872,2815.811447,2935.667858,2734.340178,2890.689529,2935.667858,2750.011358,2907.416965,2935.667858,809.8613151,805.2203675,0.001001968,0.001005531,0.001008742,0.001011081,1610.645166,1610.645166,1610.645166,3121.753407,3121.753407,3121.753407,3121.753407,3121.753407
7/12/2002,1241.032896,1360.595971,1390.915738,1400.198144,1400.905776,1390.915738,2386.544069,2596.583948,2750.735686,2446.177571,2668.657132,2750.735686,2649.136893,2815.811447,2750.735686,2743.112725,2890.689529,2750.735686,729.795066,725.6776067,0.001001968,0.001005531,0.001008742,0.001011081,1573.993667,1573.993667,1573.993667,3059.625075,3059.625075,3059.625075,3059.625075,3059.625075
7/13/2002,1201.730043,1310.49187,1348.392551,1359.928317,1360.595971,1348.392551,2324.102379,2534.528545,2680.304996,2384.808705,2596.583948,2680.304996,2530.899781,2668.657132,2680.304996,2651.673515,2815.811447,2680.304996,716.8793713,712.8456766,0.001001968,0.001005531,0.001008742,0.001011081,1531.526066,1531.526066,1531.526066,2996.564967,2996.564967,2996.564967,2996.564967,2996.564967
7/14/2002,1160.636265,1273.811358,1301.267935,1309.892304,1310.49187,1301.267935,2280.736297,2470.101007,2628.368107,2335.981266,2534.528545,2628.368107,2472.672463,2596.583948,2628.368107,2549.750739,2668.657132,2628.368107,690.5955478,686.7317003,0.001001968,0.001005531,0.001008742,0.001011081,1488.731451,1488.731451,1488.731451,2930.991237,2930.991237,2930.991237,2930.991237,2930.991237
7/15/2002,1128.792704,1238.043781,1265.562533,1273.280438,1273.811358,1265.562533,2208.427586,2381.080783,2543.161362,2261.822407,2470.101007,2543.161362,2392.262483,2534.528545,2543.161362,2454.562702,2596.583948,2543.161362,674.1393235,670.381385,0.001001968,0.001005531,0.001008742,0.001011081,1447.224899,1447.224899,1447.224899,2865.698875,2865.698875,2865.698875,2865.698875,2865.698875
7/16/2002,1097.409703,1203.156104,1230.265702,1237.580279,1238.043781,1230.265702,2154.712316,2259.739501,2481.808104,2206.142348,2381.080783,2481.808104,2331.866995,2470.101007,2481.808104,2398.60335,2534.528545,2481.808104,657.3600627,653.7097597,0.001001968,0.001005531,0.001008742,0.001011081,1404.225796,1404.225796,1404.225796,2799.701098,2799.701098,2799.701098,2799.701098,2799.701098
7/17/2002,1066.758048,1169.272171,1195.755732,1202.761992,1203.156104,1195.755732,2089.962725,2734.585773,2408.355345,2139.51891,2259.739501,2408.355345,2261.080976,2381.080783,2408.355345,2335.062815,2470.101007,2408.355345,640.7542889,637.2101491,0.001001968,0.001005531,0.001008742,0.001011081,1361.063366,1361.063366,1361.063366,2730.554014,2730.554014,2730.554014,2730.554014,2730.554014
7/18/2002,1036.995579,1148.539437,1162.239377,1168.94608,1169.272171,1162.239377,2049.363606,2506.415954,2360.135249,2097.286981,2734.585773,2360.135249,2215.125829,2259.739501,2360.135249,2265.830707,2381.080783,2360.135249,624.5520568,621.111147,0.001001968,0.001005531,0.001008742,0.001011081,1309.485109,1309.485109,1309.485109,2657.671262,2657.671262,2657.671262,2657.671262,2657.671262
7/19/2002,1015.420204,1033.832136,1138.544431,1147.476004,1148.539437,1138.544431,1990.872752,2368.909525,2294.022506,2040.709188,2506.415954,2294.022506,2152.567108,2734.585773,2294.022506,2206.444967,2259.739501,2294.022506,615.5615428,612.1777608,0.001001968,0.001005531,0.001008742,0.001011081,1263.447986,1263.447986,1263.447986,2575.386258,2575.386258,2575.386258,2575.386258,2575.386258
7/20/2002,916.8190057,1058.516894,1015.353136,1033.788293,1033.832136,1015.353136,1840.778369,2245.408259,2097.746858,1892.43506,2368.909525,2097.746858,1967.587128,2506.415954,2097.746858,2099.127001,2734.585773,2097.746858,498.8222189,496.1694089,0.001001968,0.001005531,0.001008742,0.001011081,1212.547548,1212.547548,1212.547548,2489.706831,2489.706831,2489.706831,2489.706831,2489.706831
7/21/2002,1077.215683,1370.846391,1185.370295,1058.885518,1058.516894,1185.370295,2397.819215,3890.265862,2746.664418,2298.980191,2245.408259,2746.664418,2395.793091,2368.909525,2746.664418,2401.597136,2506.415954,2746.664418,545.4444781,542.5022613,0.001001968,0.001005531,0.001008742,0.001011081,1176.338789,1176.338789,1176.338789,2492.129849,2492.129849,2492.129849,2492.129849,2492.129849
7/22/2002,1198.94261,1245.573929,1354.560889,1370.756793,1370.846391,1354.560889,2405.07133,3058.42315,2799.389228,2469.276106,3890.265862,2799.389228,2505.987586,2245.408259,2799.389228,2335.01176,2368.909525,2799.389228,768.2467997,763.8788222,0.001001968,0.001005531,0.001008742,0.001011081,1174.635855,1174.635855,1174.635855,2472.774646,2472.774646,2472.774646,2472.774646,2472.774646
7/23/2002,1055.35145,1339.444234,1189.363685,1243.601139,1245.573929,1189.363685,2199.170609,2790.326509,2539.161947,2295.991481,3058.42315,2539.161947,2433.32726,3890.265862,2539.161947,2398.96428,2245.408259,2539.161947,670.7587012,667.0224776,0.001001968,0.001005531,0.001008742,0.001011081,1176.926303,1176.926303,1176.926303,2466.507061,2466.507061,2466.507061,2466.507061,2466.507061
7/24/2002,1192.597313,1426.483362,1332.508715,1339.843429,1339.444234,1332.508715,2250.675239,2538.630859,2557.899371,2313.456346,2790.326509,2557.899371,2357.908915,3058.42315,2557.899371,2192.860219,3890.265862,2557.899371,685.7743098,681.9415258,0.001001968,0.001005531,0.001008742,0.001011081,1182.595864,1182.595864,1182.595864,2473.379163,2473.379163,2473.379163,2473.379163,2473.379163
7/25/2002,1342.350895,1192.345306,1481.631553,1427.72731,1426.483362,1481.631553,3614.320922,2283.963125,4162.408952,3586.188964,2538.630859,4162.408952,3570.30987,2790.326509,4162.408952,3683.811779,3058.42315,4162.408952,675.2319472,671.4669873,0.001001968,0.001005531,0.001008742,0.001011081,1202.898203,1202.898203,1202.898203,2699.934099,2699.934099,2699.934099,2699.934099,2699.934099
7/26/2002,1058.489412,1081.312169,1178.936742,1192.410958,1192.345306,1178.936742,2404.400327,2193.430508,2765.281836,2450.808273,2283.963125,2765.281836,2704.479823,2538.630859,2765.281836,2787.218364,2790.326509,2765.281836,606.6127042,603.2856739,0.001001968,0.001005531,0.001008742,0.001011081,1231.061788,1231.061788,1231.061788,2806.210886,2806.210886,2806.210886,2806.210886,2806.210886
7/27/2002,932.9865132,969.485876,1039.38651,1081.334604,1081.312169,1039.38651,2089.187963,2066.942854,2397.138674,2161.269838,2193.430508,2397.138674,2288.217911,2283.963125,2397.138674,2561.682201,2538.630859,2397.138674,543.5990977,540.6684026,0.001001968,0.001005531,0.001008742,0.001011081,1245.005779,1245.005779,1245.005779,2864.162502,2864.162502,2864.162502,2864.162502,2864.162502
7/28/2002,869.4412327,980.3821699,963.2006852,969.5181002,969.485876,963.2006852,1863.823595,2019.840304,2123.121342,1898.381221,2066.942854,2123.121342,2022.195732,2193.430508,2123.121342,2146.724637,2283.963125,2123.121342,484.6862135,482.1204339,0.001001968,0.001005531,0.001008742,0.001011081,1236.639485,1236.639485,1236.639485,2804.745173,2804.745173,2804.745173,2804.745173,2804.745173
7/29/2002,868.6560936,930.5115056,967.2601072,980.4453186,980.3821699,967.2601072,1850.176308,1970.762108,2118.22933,1893.565933,2019.840304,2118.22933,1983.294687,2066.942854,2118.22933,2035.240424,2193.430508,2118.22933,508.8117768,506.097258,0.001001968,0.001005531,0.001008742,0.001011081,1195.440478,1195.440478,1195.440478,2760.651063,2760.651063,2760.651063,2760.651063,2760.651063
7/30/2002,827.2811999,897.3289233,919.501921,930.5955274,930.5115056,919.501921,1819.333414,2078.700054,2080.134578,1857.485323,1970.762108,2080.134578,1946.873282,2019.840304,2080.134578,2014.409576,2066.942854,2080.134578,479.2094555,476.6773005,0.001001968,0.001005531,0.001008742,0.001011081,1149.398753,1149.398753,1149.398753,2706.353698,2706.353698,2706.353698,2706.353698,2706.353698
7/31/2002,799.4433548,866.9791858,889.0775668,897.4262862,897.3289233,889.0775668,1698.646908,2063.969869,1941.003725,1734.201588,2078.700054,1941.003725,1824.758235,1970.762108,1941.003725,1888.811732,2019.840304,1941.003725,467.9537081,465.4904897,0.001001968,0.001005531,0.001008742,0.001011081,1100.566287,1100.566287,1100.566287,2635.169091,2635.169091,2635.169091,2635.169091,2635.169091
8/1/2002,771.3169339,862.5045635,857.8534091,867.086209,866.9791858,857.8534091,1667.395579,1914.720997,1906.832389,1702.414029,2063.969869,1906.832389,1784.494441,2078.700054,1906.832389,1841.929525,1970.762108,1906.832389,453.9669158,451.5890384,0.001001968,0.001005531,0.001008742,0.001011081,1036.89737,1036.89737,1036.89737,2342.507821,2342.507821,2342.507821,2342.507821,2342.507821
8/2/2002,763.7839267,915.2679636,849.9526583,857.4663954,862.5045635,849.9526583,1658.9286,2029.066874,1897.672496,1692.067374,1914.720997,1897.672496,1765.770545,2063.969869,1897.672496,1801.883615,2078.700054,1897.672496,452.4875584,450.1186861,0.001001968,0.001005531,0.001008742,0.001011081,966.6309588,966.6309588,966.6309588,2177.669037,2177.669037,2177.669037,2177.669037,2177.669037
8/3/2002,822.9143702,904.678951,917.3500739,916.8056562,915.2679636,917.3500739,1856.416902,2146.912524,2130.132075,1882.854856,2029.066874,2130.132075,1936.531143,1914.720997,2130.132075,1920.455943,2063.969869,2130.132075,489.6194153,487.0233031,0.001001968,0.001005531,0.001008742,0.001011081,933.8741443,933.8741443,933.8741443,2097.178125,2097.178125,2097.178125,2097.178125,2097.178125
8/4/2002,806.4860834,817.2129536,898.7908504,900.3577696,904.678951,898.7908504,1816.94778,1912.12704,2083.434001,1844.586036,2146.912524,2083.434001,1919.064855,2029.066874,2083.434001,1935.347584,1914.720997,2083.434001,480.5081026,477.9679794,0.001001968,0.001005531,0.001008742,0.001011081,917.3031037,917.3031037,917.3031037,2064.613204,2064.613204,2064.613204,2064.613204,2064.613204
8/5/2002,742.5633784,821.3133715,824.4549375,813.1709276,817.2129536,824.4549375,1613.787506,1779.770809,1839.085512,1626.922659,1912.12704,1839.085512,1732.759516,2146.912524,1839.085512,1790.219762,2029.066874,1839.085512,432.6978073,430.4489964,0.001001968,0.001005531,0.001008742,0.001011081,897.7519241,897.7519241,897.7519241,2030.551157,2030.551157,2030.551157,2030.551157,2030.551157
8/6/2002,730.937039,780.9871088,814.0875556,828.1224592,821.3133715,814.0875556,1742.748583,1699.766173,1992.393203,1780.755689,1779.770809,1992.393203,1838.649937,1912.12704,1992.393203,1843.331204,2146.912524,1992.393203,438.6947218,436.4096084,0.001001968,0.001005531,0.001008742,0.001011081,879.5551342,879.5551342,879.5551342,2016.674818,2016.674818,2016.674818,2016.674818,2016.674818
8/7/2002,706.4838204,757.6378953,786.7122674,785.3533973,780.9871088,786.7122674,1807.373106,1657.03675,2074.147124,1824.9896,1699.766173,2074.147124,1904.316087,1779.770809,2074.147124,1989.962829,1912.12704,2074.147124,426.8276302,424.6142861,0.001001968,0.001005531,0.001008742,0.001011081,863.8548995,863.8548995,863.8548995,2028.564495,2028.564495,2028.564495,2028.564495,2028.564495
8/8/2002,669.1943582,703.591663,745.5653608,757.9578522,757.6378953,745.5653608,1558.194378,1610.677039,1778.828612,1591.726118,1657.03675,1778.828612,1654.623331,1699.766173,1778.828612,1722.427763,1779.770809,1778.828612,409.8467453,407.7356062,0.001001968,0.001005531,0.001008742,0.001011081,846.8063579,846.8063579,846.8063579,2012.914257,2012.914257,2012.914257,2012.914257,2012.914257
8/9/2002,626.580213,679.8687864,695.5482398,703.7501929,703.591663,695.5482398,1452.802699,1572.023429,1655.406808,1480.166932,1610.677039,1655.406808,1549.217128,1657.03675,1655.406808,1611.636168,1699.766173,1655.406808,374.1149333,372.2168679,0.001001968,0.001005531,0.001008742,0.001011081,826.2772118,826.2772118,826.2772118,1985.439423,1985.439423,1985.439423,1985.439423,1985.439423
8/10/2002,608.1325355,661.7184233,674.9612924,680.0550248,679.8687864,674.9612924,1407.131403,1514.177291,1603.172556,1430.890676,1572.023429,1603.172556,1494.014079,1610.677039,1603.172556,1539.612261,1657.03675,1603.172556,364.150965,362.3118089,0.001001968,0.001005531,0.001008742,0.001011081,796.8088587,796.8088587,796.8088587,1929.159929,1929.159929,1929.159929,1929.159929,1929.159929
8/11/2002,592.380677,643.1922268,657.5421218,661.9238801,661.7184233,657.5421218,1392.68308,1481.012996,1587.44391,1414.886199,1514.177291,1587.44391,1473.105868,1572.023429,1587.44391,1512.004219,1610.677039,1587.44391,356.4864441,354.6924445,0.001001968,0.001005531,0.001008742,0.001011081,763.3895268,763.3895268,763.3895268,1863.438911,1863.438911,1863.438911,1863.438911,1863.438911
8/12/2002,576.0406176,625.0837903,639.2973859,643.4136592,643.1922268,639.2973859,1338.129399,1449.970843,1527.331576,1359.214068,1481.012996,1527.331576,1414.809871,1514.177291,1527.331576,1475.073626,1572.023429,1527.331576,347.5932798,345.8514994,0.001001968,0.001005531,0.001008742,0.001011081,734.2559074,734.2559074,734.2559074,1809.092818,1809.092818,1809.092818,1809.092818,1809.092818
8/13/2002,560.0394336,607.8176979,621.4037193,625.317769,625.0837903,621.4037193,1307.290792,1353.994594,1491.868692,1327.537573,1449.970843,1491.868692,1381.276992,1481.012996,1491.868692,1417.008459,1514.177291,1491.868692,338.7120417,337.0222167,0.001001968,0.001005531,0.001008742,0.001011081,707.2582352,707.2582352,707.2582352,1737.123135,1737.123135,1737.123135,1737.123135,1737.123135
8/14/2002,544.5320899,594.3837099,604.0613895,607.7979181,607.8176979,604.0613895,1279.465041,1394.194411,1459.789196,1298.88856,1353.994594,1459.789196,1350.759824,1449.970843,1459.789196,1385.24886,1481.012996,1459.789196,330.070603,328.4311402,0.001001968,0.001005531,0.001008742,0.001011081,679.7074294,679.7074294,679.7074294,1649.070895,1649.070895,1649.070895,1649.070895,1649.070895
8/15/2002,545.5345455,648.8358182,603.92233,594.4847431,594.3837099,603.92233,1269.753591,1485.950474,1446.889286,1275.653078,1394.194411,1446.889286,1326.165805,1353.994594,1446.889286,1354.883277,1449.970843,1446.889286,324.8197951,323.2108401,0.001001968,0.001005531,0.001008742,0.001011081,656.6537429,656.6537429,656.6537429,1593.162731,1593.162731,1593.162731,1593.162731,1593.162731
8/16/2002,561.2994381,568.4280637,626.3981548,637.3121237,648.8358182,626.3981548,1277.768699,1442.01826,1463.310871,1306.988876,1485.950474,1463.310871,1347.723792,1394.194411,1463.310871,1330.993621,1353.994594,1463.310871,358.6542077,356.8474506,0.001001968,0.001005531,0.001008742,0.001011081,643.3072819,643.3072819,643.3072819,1549.684195,1549.684195,1549.684195,1549.684195,1549.684195
8/17/2002,486.0138512,477.2100116,538.2722217,571.1163832,568.4280637,538.2722217,1135.761865,1740.1799,1290.616001,1183.138567,1442.01826,1290.616001,1231.246022,1485.950474,1290.616001,1293.601429,1394.194411,1290.616001,291.5508355,290.1334447,0.001001968,0.001005531,0.001008742,0.001011081,627.3041299,627.3041299,627.3041299,1506.55117,1506.55117,1506.55117,1506.55117,1506.55117
8/18/2002,504.0311229,742.5728958,548.9393787,485.9697348,477.2100116,548.9393787,1163.335643,1686.903473,1310.375449,1111.588346,1740.1799,1310.375449,1187.86609,1442.01826,1310.375449,1250.50688,1485.950474,1310.375449,255.0659065,253.8548551,0.001001968,0.001005531,0.001008742,0.001011081,607.254982,607.254982,607.254982,1474.988818,1474.988818,1474.988818,1474.988818,1474.988818
8/19/2002,620.7014429,710.9957855,694.9100159,685.9686723,742.5728958,694.9100159,1386.386159,1550.217512,1596.193284,1397.974507,1686.903473,1596.193284,1397.455821,1740.1799,1596.193284,1318.443514,1442.01826,1596.193284,405.3933424,403.3089094,0.001001968,0.001005531,0.001008742,0.001011081,603.7155428,603.7155428,603.7155428,1454.334104,1454.334104,1454.334104,1454.334104,1454.334104
8/20/2002,630.4634918,576.1479376,700.7623951,720.3695293,710.9957855,700.7623951,1434.816337,1520.658644,1639.121152,1475.317363,1550.217512,1639.121152,1516.193497,1686.903473,1639.121152,1427.65209,1740.1799,1639.121152,372.4164001,370.528393,0.001001968,0.001005531,0.001008742,0.001011081,614.4741249,614.4741249,614.4741249,1452.677745,1452.677745,1452.677745,1452.677745,1452.677745
8/21/2002,566.3233333,581.8259953,623.2709137,618.6201076,576.1479376,623.2709137,1532.311906,1573.404274,1746.832353,1539.377277,1520.658644,1746.832353,1601.287284,1550.217512,1746.832353,1688.606861,1686.903473,1746.832353,308.3447631,306.8310548,0.001001968,0.001005531,0.001008742,0.001011081,618.8079246,618.8079246,618.8079246,1507.561472,1507.561472,1507.561472,1507.561472,1507.561472
8/22/2002,514.7025603,584.1114636,570.445564,577.1478082,581.8259953,570.445564,1345.085164,1681.229083,1532.776187,1363.976225,1573.404274,1532.776187,1406.424303,1520.658644,1532.776187,1494.447568,1550.217512,1532.776187,313.868611,312.3230494,0.001001968,0.001005531,0.001008742,0.001011081,615.8182676,615.8182676,615.8182676,1530.521481,1530.521481,1530.521481,1530.521481,1530.521481
8/23/2002,500.4342456,680.6158022,552.0607108,553.5468619,584.1114636,552.0607108,1281.485211,1873.636046,1455.898788,1294.827017,1681.229083,1455.898788,1337.13712,1573.404274,1455.898788,1370.240247,1520.658644,1455.898788,292.3487251,290.9267764,0.001001968,0.001005531,0.001008742,0.001011081,606.0984465,606.0984465,606.0984465,1535.778275,1535.778275,1535.778275,1535.778275,1535.778275
8/24/2002,637.0208085,603.0359374,694.3434978,646.4566703,680.6158022,694.3434978,1477.996542,1887.243273,1668.760522,1445.827636,1873.636046,1668.760522,1440.453222,1681.229083,1668.760522,1385.532136,1573.404274,1668.760522,309.2188588,307.7001156,0.001001968,0.001005531,0.001008742,0.001011081,609.1921205,609.1921205,609.1921205,1562.353088,1562.353088,1562.353088,1562.353088,1562.353088
8/25/2002,609.6929217,593.7201033,643.8935054,641.9524261,603.0359374,643.8935054,1539.863715,1724.790712,1707.845069,1545.209396,1887.243273,1707.845069,1458.016704,1873.636046,1707.845069,1521.212799,1681.229083,1707.845069,170.8921964,170.1388764,0.001001968,0.001005531,0.001008742,0.001011081,611.5612078,611.5612078,611.5612078,1605.758094,1605.758094,1605.758094,1605.758094,1605.758094
8/26/2002,709.0832949,1111.06686,748.5666688,619.4709773,593.7201033,748.5666688,1611.260922,1524.404066,1786.719444,1488.391551,1724.790712,1786.719444,1532.17518,1887.243273,1786.719444,1489.577562,1873.636046,1786.719444,214.119386,213.1345575,0.001001968,0.001005531,0.001008742,0.001011081,614.2321664,614.2321664,614.2321664,1663.866329,1663.866329,1663.866329,1663.866329,1663.866329
8/27/2002,970.5245058,935.5860016,1098.922353,1111.808784,1111.06686,1098.922353,2037.530034,2757.12271,2377.775768,2086.911592,1524.404066,2377.775768,2119.974522,1724.790712,2377.775768,1751.60236,1887.243273,2377.775768,660.2422322,656.5734663,0.001001968,0.001005531,0.001008742,0.001011081,660.9937898,660.9937898,660.9937898,1714.141004,1714.141004,1714.141004,1714.141004,1714.141004
8/28/2002,657.617772,1818.785622,727.8554171,811.0569201,935.5860016,727.8554171,1713.627211,4464.37141,1962.809152,1810.474395,2757.12271,1962.809152,1880.302568,1524.404066,1962.809152,2110.572107,1724.790712,1962.809152,384.7804224,382.8190498,0.001001968,0.001005531,0.001008742,0.001011081,687.7303102,687.7303102,687.7303102,1718.334881,1718.334881,1718.334881,1718.334881,1718.334881
8/29/2002,968.5345845,1511.43813,1084.786461,1108.363757,1818.785622,1084.786461,1795.457575,4736.476135,2038.920465,1867.953439,4464.37141,2038.920465,1981.917745,2757.12271,2038.920465,1620.539453,1524.404066,2038.920465,566.1696038,563.0976277,0.001001968,0.001005531,0.001008742,0.001011081,764.2759443,764.2759443,764.2759443,1764.74626,1764.74626,1764.74626,1764.74626,1764.74626
8/30/2002,1655.197241,834.6448786,1819.01463,1876.50458,1511.43813,1819.01463,2507.211837,3721.921144,2784.903129,2672.828302,4736.476135,2784.903129,2645.725509,4464.37141,2784.903129,2027.305756,2757.12271,2784.903129,500.0211566,497.3609493,0.001001968,0.001005531,0.001008742,0.001011081,935.8084647,935.8084647,935.8084647,1897.973454,1897.973454,1897.973454,1897.973454,1897.973454
8/31/2002,1389.690607,2042.139596,1485.250245,1116.747806,834.6448786,1485.250245,2545.898164,1676.641753,2825.10301,2222.68912,3721.921144,2825.10301,2507.045671,4736.476135,2825.10301,2968.806399,4464.37141,2825.10301,347.9183222,346.1746365,0.001001968,0.001005531,0.001008742,0.001011081,1044.028933,1044.028933,1044.028933,2136.213595,2136.213595,2136.213595,2136.213595,2136.213595
9/1/2002,1922.195389,1571.164659,2216.740658,2060.828282,2042.139596,2216.740658,4049.96292,1166.090082,4813.77973,3979.672658,1676.641753,4813.77973,4008.427249,3721.921144,4813.77973,3560.98831,4736.476135,4813.77973,1360.359404,1351.963133,0.001001968,0.001005531,0.001008742,0.001011081,1229.092008,1229.092008,1229.092008,2416.773069,2416.773069,2416.773069,2416.773069,2416.773069
9/2/2002,1189.242692,803.4739191,1342.833257,1580.294681,1571.164659,1342.833257,4119.235524,2132.664198,4826.421571,4375.229827,1166.090082,4826.421571,4314.102666,1676.641753,4826.421571,4717.661821,3721.921144,4826.421571,749.281703,745.0374958,0.001001968,0.001005531,0.001008742,0.001011081,1340.622099,1340.622099,1340.622099,2784.414919,2784.414919,2784.414919,2784.414919,2784.414919
9/3/2002,703.3394342,516.8496745,743.4195638,793.9091255,803.4739191,743.4195638,2307.572875,2701.280969,2601.829101,2353.976337,2132.664198,2601.829101,2585.241777,1166.090082,2601.829101,3133.185853,1676.641753,2601.829101,203.2918938,202.3658172,0.001001968,0.001005531,0.001008742,0.001011081,1338.541936,1338.541936,1338.541936,3096.227419,3096.227419,3096.227419,3096.227419,3096.227419
9/4/2002,227.810644,203.4664823,235.9048269,525.1432005,516.8496745,235.9048269,337.3235415,1989.573474,347.7208843,635.4583615,2701.280969,347.7208843,710.9976199,2132.664198,347.7208843,1166.091229,1166.090082,347.7208843,0.001000564,0.001006515,0.001001968,0.001005531,0.001008742,0.001011081,1305.320106,1305.320106,1305.320106,3048.294037,3048.294037,3048.294037,3048.294037,3048.294037
9/5/2002,666.759498,2312.523292,673.7811476,216.9924728,203.4664823,673.7811476,765.7488725,2114.801167,774.8500798,316.687516,1989.573474,774.8500798,617.5061841,2701.280969,774.8500798,710.2485136,2132.664198,774.8500798,0.001000564,0.001006515,0.001001968,0.001005531,0.001008742,0.001011081,1219.531873,1219.531873,1219.531873,2889.633043,2889.633043,2889.633043,2889.633043,2889.633043
9/6/2002,2247.840199,1891.594994,2615.31114,2315.141031,2312.523292,2615.31114,3411.692464,2176.72357,4131.176653,3240.242547,2114.801167,4131.176653,3157.442645,1989.573474,4131.176653,1814.934428,2701.280969,4131.176653,1686.128998,1675.413819,0.001001968,0.001005531,0.001008742,0.001011081,1238.475817,1238.475817,1238.475817,2790.191876,2790.191876,2790.191876,2790.191876,2790.191876
9/7/2002,1349.352125,657.171573,1550.984131,1893.137332,1891.594994,1550.984131,3148.213851,1717.40012,3723.83321,3541.73974,2176.72357,3723.83321,3408.465171,2114.801167,3723.83321,3752.132517,1989.573474,3723.83321,980.1016456,974.325941,0.001001968,0.001005531,0.001008742,0.001011081,1273.020853,1273.020853,1273.020853,2729.777983,2729.777983,2729.777983,2729.777983,2729.777983
9/8/2002,544.6950475,694.5389906,563.4232256,658.3222772,657.171573,563.4232256,623.0909917,1567.337963,649.618867,729.3065832,1717.40012,649.618867,1093.942855,2176.72357,649.618867,1691.885954,2114.801167,649.618867,99.90887236,99.51384932,0.001001968,0.001005531,0.001008742,0.001011081,1153.577472,1153.577472,1153.577472,2588.032887,2588.032887,2588.032887,2588.032887,2588.032887
9/9/2002,621.5247363,684.6925605,665.1747952,695.411854,694.5389906,665.1747952,1057.11811,1493.775156,1171.456233,1103.336503,1567.337963,1171.456233,1238.424607,1717.40012,1171.456233,1458.959001,2176.72357,1171.456233,239.6921317,238.5667278,0.001001968,0.001005531,0.001008742,0.001011081,1063.530205,1063.530205,1063.530205,2251.089491,2251.089491,2251.089491,2251.089491,2251.089491
9/10/2002,616.41512,648.5086548,665.1275383,685.3651104,684.6925605,665.1275383,1612.643491,1443.33847,1828.39497,1640.352948,1493.775156,1828.39497,1702.549507,1567.337963,1828.39497,1800.374053,1717.40012,1828.39497,267.3335551,266.0535914,0.001001968,0.001005531,0.001008742,0.001011081,1020.625853,1020.625853,1020.625853,1917.657137,1917.657137,1917.657137,1917.657137,1917.657137
9/11/2002,585.9087245,614.6240223,632.6632773,649.0263005,648.5086548,632.6632773,1380.239331,739.0315132,1547.064916,1406.932372,1443.33847,1547.064916,1461.787417,1493.775156,1547.064916,1526.797635,1567.337963,1547.064916,258.2538,257.0248883,0.001001968,0.001005531,0.001008742,0.001011081,1031.201483,1031.201483,1031.201483,1918.711096,1918.711096,1918.711096,1918.711096,1918.711096
9/12/2002,556.6678753,585.3226571,601.1117556,615.026468,614.6240223,601.1117556,1283.097494,4591.851105,1438.568168,1307.44058,739.0315132,1438.568168,1357.508438,1443.33847,1438.568168,1414.131781,1493.775156,1438.568168,247.1777908,246.010786,0.001001968,0.001005531,0.001008742,0.001011081,1048.388698,1048.388698,1048.388698,2013.177468,2013.177468,2013.177468,2013.177468,2013.177468
9/13/2002,531.9276388,562.6371781,574.4261374,585.6464811,585.3226571,574.4261374,1237.197414,8086.276895,1387.269136,1258.330245,4591.851105,1387.269136,1304.350623,739.0315132,1387.269136,1350.521688,1443.33847,1387.269136,237.8706355,236.7553246,0.001001968,0.001005531,0.001008742,0.001011081,864.3184015,864.3184015,864.3184015,1974.94377,1974.94377,1974.94377,1974.94377,1974.94377
9/14/2002,511.3602137,1021.81321,552.5489704,562.5437905,562.6371781,552.5489704,1211.613605,4850.21678,1359.058242,1231.021919,8086.276895,1359.058242,1273.083495,4591.851105,1359.058242,1310.995204,739.0315132,1359.058242,231.8053704,230.7235809,0.001001968,0.001005531,0.001008742,0.001011081,718.1095526,718.1095526,718.1095526,1775.323091,1775.323091,1775.323091,1775.323091,1775.323091
9/15/2002,831.3632764,3102.712558,926.2639368,950.7125879,1021.81321,926.2639368,1081.727235,4221.112763,1234.744333,1155.152809,4850.21678,1234.744333,1131.919934,8086.276895,1234.744333,722.3530483,4591.851105,1234.744333,489.8917169,487.2939292,0.001001968,0.001005531,0.001008742,0.001011081,691.5222507,691.5222507,691.5222507,1499.122527,1499.122527,1499.122527,1499.122527,1499.122527
9/16/2002,2746.924915,2090.055761,3192.272198,3117.82803,3102.712558,3192.272198,6703.498658,3415.665805,7988.161676,6780.587123,4221.112763,7988.161676,6478.126262,4850.21678,7988.161676,4346.92217,8086.276895,7988.161676,1900.075764,1887.807702,0.001001968,0.001005531,0.001008742,0.001011081,926.0628445,926.0628445,926.0628445,1946.857946,1946.857946,1946.857946,1946.857946,1946.857946
9/17/2002,2239.007448,1527.244315,2440.693801,2130.730288,2090.055761,2440.693801,8469.375658,2616.455119,9874.663682,8132.45034,3415.665805,9874.663682,8133.252401,4221.112763,9874.663682,9073.936804,4850.21678,9874.663682,902.7311845,897.474617,0.001001968,0.001005531,0.001008742,0.001011081,1123.115569,1123.115569,1123.115569,3022.389317,3022.389317,3022.389317,3022.389317,3022.389317
9/18/2002,1249.831537,889.9081702,1387.70421,1533.600479,1527.244315,1387.70421,2822.61228,1527.350787,3232.345871,3007.440629,2616.455119,3232.345871,3450.069655,3415.665805,3232.345871,3843.886117,4221.112763,3232.345871,685.1982755,681.369201,0.001001968,0.001005531,0.001008742,0.001011081,1293.902039,1293.902039,1293.902039,3554.489441,3554.489441,3554.489441,3554.489441,3554.489441
9/19/2002,712.2407913,703.2909602,772.4527121,889.8991357,889.9081702,772.4527121,2356.964164,859.2710302,2679.354613,2477.17197,1527.350787,2679.354613,2779.554935,2616.455119,2679.354613,3603.059283,3415.665805,2679.354613,325.7187055,324.1045328,0.001001968,0.001005531,0.001008742,0.001011081,1369.481,1369.481,1369.481,3864.359335,3864.359335,3864.359335,3864.359335,3864.359335
9/20/2002,617.6453418,694.8037046,666.9547805,703.0712717,703.2909602,666.9547805,1837.795518,536.5405134,2074.989043,1879.363933,859.2710302,2074.989043,2035.663186,1527.350787,2074.989043,2445.488331,2616.455119,2074.989043,271.7881599,270.4830529,0.001001968,0.001005531,0.001008742,0.001011081,1402.416424,1402.416424,1402.416424,4040.211914,4040.211914,4040.211914,4040.211914,4040.211914
9/21/2002,612.2988948,500.3345579,666.343951,686.4862857,694.8037046,666.343951,1801.869199,3044.498539,2043.325464,1829.26578,536.5405134,2043.325464,1899.905077,859.2710302,2043.325464,2049.729022,1527.350787,2043.325464,297.0379869,295.5892143,0.001001968,0.001005531,0.001008742,0.001011081,1423.763296,1423.763296,1423.763296,4146.425242,4146.425242,4146.425242,4146.425242,4146.425242
9/22/2002,582.1520653,984.9128859,589.7152402,502.7041468,500.3345579,589.7152402,1204.518482,4287.553532,1271.946702,1119.299173,3044.498539,1271.946702,1007.08553,536.5405134,1271.946702,1339.228792,859.2710302,1271.946702,0.001000564,0.001006515,0.001001968,0.001005531,0.001008742,0.001011081,1364.26712,1364.26712,1364.26712,4234.0275,4234.0275,4234.0275,4234.0275,4234.0275
9/23/2002,2032.370989,3299.166842,2053.249925,989.6559038,984.9128859,2053.249925,2195.772243,5494.994625,2225.664192,1155.954041,4287.553532,2225.664192,672.4457496,3044.498539,2225.664192,536.5416609,536.5405134,2225.664192,0.001000564,0.001006515,0.001001968,0.001005531,0.001008742,0.001011081,1095.759903,1095.759903,1095.759903,3635.105023,3635.105023,3635.105023,3635.105023,3635.105023
9/24/2002,3657.593652,4739.175445,3968.863554,3299.258123,3299.166842,3968.863554,3657.078689,6605.898043,4089.652692,3121.66519,5494.994625,4089.652692,2522.549206,4287.553532,4089.652692,672.4686301,3044.498539,4089.652692,1411.586385,1402.829507,0.001001968,0.001005531,0.001008742,0.001011081,1138.785349,1138.785349,1138.785349,2473.733428,2473.733428,2473.733428,2473.733428,2473.733428
9/25/2002,3191.023255,1340.745632,3743.480443,4739.044599,4739.175445,3743.480443,5106.784,6447.608099,6229.936945,6287.077924,6605.898043,6229.936945,6376.347247,5494.994625,6229.936945,4509.050932,4287.553532,6229.936945,2436.233564,2419.988119,0.001001968,0.001005531,0.001008742,0.001011081,1482.375725,1482.375725,1482.375725,2338.06525,2338.06525,2338.06525,2338.06525,2338.06525
9/26/2002,855.4280059,2085.09948,864.4000292,1304.318603,1340.745632,864.4000292,2504.917645,7912.460866,2763.996182,2926.192449,6447.608099,2763.996182,3914.5402,6605.898043,2763.996182,5940.023771,5494.994625,2763.996182,27.66264072,27.5837981,0.001001968,0.001005531,0.001008742,0.001011081,1646.758333,1646.758333,1646.758333,2613.582384,2613.582384,2613.582384,2613.582384,2613.582384
9/27/2002,1955.372079,4546.49575,2041.644965,1851.817689,2085.09948,2041.644965,3443.553061,9519.964632,3758.57698,3314.411532,7912.460866,3758.57698,3186.095998,6447.608099,3758.57698,3371.988795,6605.898043,3758.57698,322.9821545,321.3838593,0.001001968,0.001005531,0.001008742,0.001011081,1762.913651,1762.913651,1762.913651,2956.557777,2956.557777,2956.557777,2956.557777,2956.557777
9/28/2002,5617.448511,6444.692117,6045.613309,4657.371585,4546.49575,6045.613309,9636.858454,7956.820498,10876.74721,8429.522266,9519.964632,10876.74721,7333.850723,7912.460866,10876.74721,5750.707799,6447.608099,10876.74721,1522.705865,1513.161404,0.001001968,0.001005531,0.001008742,0.001011081,2133.913873,2133.913873,2133.913873,3562.493206,3562.493206,3562.493206,3562.493206,3562.493206
9/29/2002,6720.265977,7155.735063,7430.146032,6549.658802,6444.692117,7430.146032,10307.05421,6798.004751,11919.33721,9666.644187,7956.820498,11919.33721,9641.961606,9519.964632,11919.33721,7429.848471,7912.460866,11919.33721,2909.165218,2889.326681,0.001001968,0.001005531,0.001008742,0.001011081,2923.511353,2923.511353,2923.511353,4539.306842,4539.306842,4539.306842,4539.306842,4539.306842
9/30/2002,5299.845623,3059.750776,6123.366122,7160.981907,7155.735063,6123.366122,8695.045101,5035.35465,10458.60711,10009.09226,6798.004751,10458.60711,10586.63617,7956.820498,10458.60711,9567.923583,9519.964632,10458.60711,3456.64894,3432.569452,0.001001968,0.001005531,0.001008742,0.001011081,3838.196997,3838.196997,3838.196997,5754.477519,5754.477519,5754.477519,5754.477519,5754.477519
10/1/2002,2116.89767,1680.525727,2229.127563,3061.085683,3059.750776,2229.127563,5075.561817,4263.426151,5716.537752,5911.644179,5035.35465,5716.537752,7102.685355,6798.004751,5716.537752,10106.11911,7956.820498,5716.537752,528.2444883,525.4094516,0.001001968,0.001005531,0.001008742,0.001011081,4096.372944,4096.372944,4096.372944,7038.743608,7038.743608,7038.743608,7038.743608,7038.743608
10/2/2002,1385.221142,1624.838865,1411.180959,1678.278017,1680.525727,1411.180959,2090.512202,4096.948084,2190.148731,2370.551273,4263.426151,2190.148731,3336.41657,5035.35465,2190.148731,4961.363834,6798.004751,2190.148731,103.8965364,103.4823111,0.001001968,0.001005531,0.001008742,0.001011081,3861.346762,3861.346762,3861.346762,7405.225836,7405.225836,7405.225836,7405.225836,7405.225836
10/3/2002,1471.904417,1740.634168,1543.073632,1613.1612,1624.838865,1543.073632,3623.672323,3709.917149,4067.976654,3694.072494,4096.948084,4067.976654,4028.108588,4263.426151,4067.976654,4810.255458,5035.35465,4067.976654,350.4129746,348.6546581,0.001001968,0.001005531,0.001008742,0.001011081,3805.812308,3805.812308,3805.812308,7270.082556,7270.082556,7270.082556,7270.082556,7270.082556
10/4/2002,1531.718119,1815.711676,1632.998595,1711.765918,1740.634168,1632.998595,3587.317297,3408.731632,4046.38653,3682.410348,3709.917149,4046.38653,3795.179459,4096.948084,4046.38653,3966.47252,4263.426151,4046.38653,495.1036475,492.4737649,0.001001968,0.001005531,0.001008742,0.001011081,3822.959687,3822.959687,3822.959687,7085.659585,7085.659585,7085.659585,7085.659585,7085.659585
10/5/2002,1634.912146,1542.976242,1761.83503,1838.797343,1815.711676,1761.83503,3664.424147,2948.225303,4151.641267,3770.986734,3408.731632,4151.641267,3855.425268,3709.917149,4151.641267,3810.386506,4096.948084,4151.641267,599.6185146,596.3357619,0.001001968,0.001005531,0.001008742,0.001011081,3611.087853,3611.087853,3611.087853,6739.5962,6739.5962,6739.5962,6739.5962,6739.5962
10/6/2002,1453.397841,1527.103289,1551.297428,1561.143855,1542.976242,1551.297428,3406.194167,3123.384028,3841.552643,3430.733551,2948.225303,3841.552643,3616.509951,3408.731632,3841.552643,3862.729882,3709.917149,3841.552643,481.528374,478.9819885,0.001001968,0.001005531,0.001008742,0.001011081,3005.875088,3005.875088,3005.875088,6147.181162,6147.181162,6147.181162,6147.181162,6147.181162
10/7/2002,1361.779447,1296.957363,1476.672597,1527.618261,1527.103289,1476.672597,2883.402432,8153.931191,3270.321757,2962.309642,3123.384028,3270.321757,3153.410772,2948.225303,3270.321757,3265.234021,3408.731632,3270.321757,576.6662714,573.5283279,0.001001968,0.001005531,0.001008742,0.001011081,2245.147931,2245.147931,2245.147931,5291.495259,5291.495259,5291.495259,5291.495259,5291.495259
10/8/2002,1125.741825,1104.233373,1208.879019,1296.815365,1296.957363,1208.879019,2556.353916,13073.38301,2882.537842,2660.367221,8153.931191,2882.537842,2792.128814,3123.384028,2882.537842,3104.725922,2948.225303,2882.537842,428.2837188,426.0615835,0.001001968,0.001005531,0.001008742,0.001011081,1840.538949,1840.538949,1840.538949,4293.644423,4293.644423,4293.644423,4293.644423,4293.644423
10/9/2002,989.2468189,1872.785378,1051.685719,1094.228154,1104.233373,1051.685719,2093.791652,18752.08082,2330.283295,2150.467323,13073.38301,2330.283295,2289.682899,8153.931191,2330.283295,2504.649174,3123.384028,2330.283295,327.7001385,326.0744573,0.001001968,0.001005531,0.001008742,0.001011081,1635.490349,1635.490349,1635.490349,3697.394266,3697.394266,3697.394266,3697.394266,3697.394266
10/10/2002,1096.875496,6304.315012,1173.065757,1201.767446,1872.785378,1173.065757,2625.85701,21830.41048,2959.454045,2669.65152,18752.08082,2959.454045,2673.142781,13073.38301,2959.454045,2690.301052,8153.931191,2959.454045,384.0767466,382.1195587,0.001001968,0.001005531,0.001008742,0.001011081,1525.797738,1525.797738,1525.797738,3455.094549,3455.094549,3455.094549,3455.094549,3455.094549
10/11/2002,3702.721123,9599.42199,4184.591626,4025.376717,6304.315012,4184.591626,10572.95385,19625.25459,12419.26769,10573.02776,21830.41048,12419.26769,10191.23626,18752.08082,12419.26769,7072.586887,13073.38301,12419.26769,1824.294054,1812.578509,0.001001968,0.001005531,0.001008742,0.001011081,1747.830139,1747.830139,1747.830139,4259.693082,4259.693082,4259.693082,4259.693082,4259.693082
10/12/2002,11396.96878,11288.73516,12778.3828,11198.04439,9599.42199,12778.3828,23293.24214,14941.91822,27182.82517,22361.0617,19625.25459,27182.82517,20403.40589,21830.41048,27182.82517,14628.25062,18752.08082,27182.82517,3968.862213,3940.747668,0.001001968,0.001005531,0.001008742,0.001011081,2700.59168,2700.59168,2700.59168,6315.885812,6315.885812,6315.885812,6315.885812,6315.885812
10/13/2002,11210.12489,9571.544067,12801.81096,12117.63168,11288.73516,12801.81096,23631.0448,8800.958436,28200.2872,23459.4517,14941.91822,28200.2872,23819.17488,19625.25459,28200.2872,22056.29953,21830.41048,28200.2872,5690.301459,5648.247379,0.001001968,0.001005531,0.001008742,0.001011081,4077.459904,4077.459904,4077.459904,9061.271249,9061.271249,9061.271249,9061.271249,9061.271249
10/14/2002,7946.963822,6150.896045,9319.470848,9623.678991,9571.544067,9319.470848,17379.18615,13789.41124,21114.62017,18057.55222,8800.958436,21114.62017,20550.63299,14941.91822,21114.62017,21774.04622,19625.25459,21114.62017,5420.010612,5380.178637,0.001001968,0.001005531,0.001008742,0.001011081,5410.850642,5410.850642,5410.850642,11702.17948,11702.17948,11702.17948,11702.17948,11702.17948
10/15/2002,4536.353173,6034.172485,5169.21044,6035.29887,6150.896045,5169.21044,10605.79876,21462.64518,12570.98074,11632.29653,13789.41124,12570.98074,12849.83541,8800.958436,12570.98074,17485.46056,14941.91822,12570.98074,2646.340086,2628.507194,0.001001968,0.001005531,0.001008742,0.001011081,6182.643164,6182.643164,6182.643164,13766.14172,13766.14172,13766.14172,13766.14172,13766.14172
10/16/2002,3259.883544,6549.836695,3575.930306,4071.604891,6034.172485,3575.930306,7116.85591,21399.86324,8057.463208,7747.308832,21462.64518,8057.463208,8712.535214,13789.41124,8057.463208,10071.22492,8800.958436,8057.463208,1285.251878,1277.38133,0.001001968,0.001005531,0.001008742,0.001011081,6696.029387,6696.029387,6696.029387,15262.20649,15262.20649,15262.20649,15262.20649,15262.20649
10/17/2002,8734.787398,11728.22408,9347.672451,7640.488642,6549.836695,9347.672451,12289.66357,16953.15545,13371.1343,11081.59128,21399.86324,13371.1343,9858.896807,21462.64518,13371.1343,7443.519638,13789.41124,13371.1343,1300.66274,1292.68462,0.001001968,0.001005531,0.001008742,0.001011081,7404.995737,7404.995737,7404.995737,16377.00117,16377.00117,16377.00117,16377.00117,16377.00117
10/18/2002,12449.15767,15184.60674,14003.75329,12371.56633,11728.22408,14003.75329,19588.97481,13886.28124,22941.21499,18558.03768,16953.15545,22941.21499,18337.64405,21399.86324,22941.21499,14866.24065,21462.64518,22941.21499,5626.643643,5585.113907,0.001001968,0.001005531,0.001008742,0.001011081,8487.200655,8487.200655,8487.200655,17265.50557,17265.50557,17265.50557,17265.50557,17265.50557
10/19/2002,12630.44958,9341.681972,15063.3888,15221.01067,15184.60674,15063.3888,23277.81852,11418.04305,28815.2276,24177.89445,13886.28124,28815.2276,26413.04636,16953.15545,28815.2276,22687.10803,21399.86324,28815.2276,9230.222228,9158.206429,0.001001968,0.001005531,0.001008742,0.001011081,9454.381491,9454.381491,9454.381491,17750.21878,17750.21878,17750.21878,17750.21878,17750.21878
10/20/2002,6533.480902,3895.199477,7540.207883,9362.765587,9341.681972,7540.207883,14511.5633,8413.476101,17411.78861,16600.10516,11418.04305,17411.78861,17999.9189,13886.28124,17411.78861,23805.1187,16953.15545,17411.78861,4057.222107,4028.405584,0.001001968,0.001005531,0.001008742,0.001011081,9260.915464,9260.915464,9260.915464,17504.4762,17504.4762,17504.4762,17504.4762,17504.4762
10/21/2002,3222.83551,3988.396893,3385.713873,3909.766191,3895.199477,3385.713873,4328.495224,7748.300606,4628.680803,4944.246681,8413.476101,4628.680803,7085.006372,11418.04305,4628.680803,11308.06005,13886.28124,4628.680803,652.1520689,648.5351002,0.001001968,0.001005531,0.001008742,0.001011081,8539.047398,8539.047398,8539.047398,16628.42685,16628.42685,16628.42685,16628.42685,16628.42685
10/22/2002,3485.535677,3640.520996,3816.295276,3995.690317,3988.396893,3816.295276,6543.322849,8781.528267,7476.107718,6832.258126,7748.300606,7476.107718,7743.496775,8413.476101,7476.107718,9168.482058,11418.04305,7476.107718,1413.425561,1404.655707,0.001001968,0.001005531,0.001008742,0.001011081,8235.594658,8235.594658,8235.594658,15692.53134,15692.53134,15692.53134,15692.53134,15692.53134
10/23/2002,3154.036959,3187.01285,3467.325592,3644.959007,3640.520996,3467.325592,7598.363521,10075.78388,8788.178464,7842.231604,8781.528267,8788.178464,8317.733293,7748.300606,8788.178464,9248.275112,8413.476101,8788.178464,1354.054616,1345.702615,0.001001968,0.001005531,0.001008742,0.001011081,8112.492146,8112.492146,8112.492146,15030.0726,15030.0726,15030.0726,15030.0726,15030.0726
10/24/2002,2827.940459,3818.3684,3092.212162,3178.793491,3187.01285,3092.212162,5876.483844,9903.749337,6721.843737,6038.688018,10075.78388,6721.843737,6482.177979,8781.528267,6721.843737,7084.572727,7748.300606,6721.843737,1154.962919,1147.995336,0.001001968,0.001005531,0.001008742,0.001011081,7729.073372,7729.073372,7729.073372,14544.487,14544.487,14544.487,14544.487,14544.487
10/25/2002,3029.893587,5282.439297,3329.296664,3251.851892,3818.3684,3329.296664,6221.716698,10061.49248,7144.976353,6232.55028,9903.749337,7144.976353,6531.575115,10075.78388,7144.976353,6699.730897,8781.528267,7144.976353,1302.629131,1294.637274,0.001001968,0.001005531,0.001008742,0.001011081,6648.372342,6648.372342,6648.372342,13336.48734,13336.48734,13336.48734,13336.48734,13336.48734
10/26/2002,5160.890917,5571.938618,5799.217063,5485.00991,5282.439297,5799.217063,10108.65855,10050.57201,11787.89397,10041.36185,10061.49248,11787.89397,9980.911876,9903.749337,11787.89397,8068.781033,10075.78388,11787.89397,2421.179222,2405.046942,0.001001968,0.001005531,0.001008742,0.001011081,5172.799468,5172.799468,5172.799468,11554.0964,11554.0964,11554.0964,11554.0964,11554.0964
10/27/2002,5300.689,5199.498912,5947.995159,5759.612439,5571.938618,5947.995159,10975.93054,9444.754477,12845.41121,10990.87165,10050.57201,12845.41121,11113.97697,10061.49248,12845.41121,10969.99963,9903.749337,12845.41121,2555.235804,2538.093058,0.001001968,0.001005531,0.001008742,0.001011081,4521.450686,4521.450686,4521.450686,10071.05655,10071.05655,10071.05655,10071.05655,10071.05655
10/28/2002,4642.943032,4416.959868,5242.729325,5232.69998,5199.498912,5242.729325,8383.708539,7997.725312,9821.928471,8576.419649,9444.754477,9821.928471,9338.143429,10050.57201,9821.928471,9445.719884,10061.49248,9821.928471,2488.516433,2471.87736,0.001001968,0.001005531,0.001008742,0.001011081,4461.034888,4461.034888,4461.034888,9280.532946,9280.532946,9280.532946,9280.532946,9280.532946
10/29/2002,3673.219546,3465.504828,4120.965966,4426.019233,4416.959868,4120.965966,7364.153398,6756.975368,8584.970812,7807.729894,7997.725312,8584.970812,8337.684694,9444.754477,8584.970812,9395.005114,10050.57201,8584.970812,1903.436688,1891.144062,0.001001968,0.001005531,0.001008742,0.001011081,4454.412194,4454.412194,4454.412194,9102.54708,9102.54708,9102.54708,9102.54708,9102.54708
10/30/2002,3019.654487,3226.37917,3329.471898,3470.489363,3465.504828,3329.471898,6780.937568,6272.548748,7819.400112,7006.388365,6756.975368,7819.400112,7599.307983,7997.725312,7819.400112,8443.277803,9444.754477,7819.400112,1338.775688,1330.530865,0.001001968,0.001005531,0.001008742,0.001011081,4443.152645,4443.152645,4443.152645,9228.298552,9228.298552,9228.298552,9228.298552,9228.298552
10/31/2002,2840.17641,2977.162079,3133.176383,3229.13011,3226.37917,3133.176383,6856.960088,5844.105904,7927.08758,7021.454045,6272.548748,7927.08758,7379.724919,6756.975368,7927.08758,7982.79109,7997.725312,7927.08758,1273.936544,1266.14488,0.001001968,0.001005531,0.001008742,0.001011081,4437.472729,4437.472729,4437.472729,9437.09553,9437.09553,9437.09553,9437.09553,9437.09553
11/1/2002,2648.966827,2797.887734,2918.158775,2976.182122,2977.162079,2918.158775,6060.798422,5664.27247,6979.223994,6188.79762,5844.105904,6979.223994,6524.388238,6272.548748,6979.223994,6908.446128,6756.975368,6979.223994,1180.640037,1173.495447,0.001001968,0.001005531,0.001008742,0.001011081,4408.681017,4408.681017,4408.681017,9471.022875,9471.022875,9471.022875,9471.022875,9471.022875
11/2/2002,2512.570419,2717.015135,2768.049472,2798.395874,2797.887734,2768.049472,5291.857302,5138.781714,6071.541078,5399.031339,5664.27247,6071.541078,5708.587546,5844.105904,6071.541078,6012.850386,6272.548748,6071.541078,1128.386557,1121.601666,0.001001968,0.001005531,0.001008742,0.001011081,4118.929921,4118.929921,4118.929921,9060.011965,9060.011965,9060.011965,9060.011965,9060.011965
11/3/2002,2423.746872,2510.978596,2675.087328,2718.209844,2717.015135,2675.087328,5027.081657,6124.549295,5769.508148,5147.916463,5138.781714,5769.508148,5398.473172,5664.27247,5769.508148,5615.189787,5844.105904,5769.508148,1115.33696,1108.641582,0.001001968,0.001005531,0.001008742,0.001011081,3742.454874,3742.454874,3742.454874,8317.201372,8317.201372,8317.201372,8317.201372,8317.201372
11/4/2002,2242.392473,2859.899784,2470.357801,2507.344334,2510.978596,2470.357801,4657.882821,6894.159183,5335.974222,4764.859309,6124.549295,5335.974222,5047.108101,5138.781714,5335.974222,5293.484723,5664.27247,5335.974222,1022.512091,1016.449587,0.001001968,0.001005531,0.001008742,0.001011081,3332.170809,3332.170809,3332.170809,7646.513902,7646.513902,7646.513902,7646.513902,7646.513902
11/5/2002,2235.204255,3042.975205,2452.838829,2433.513602,2859.899784,2452.838829,4631.370046,7138.109967,5291.68762,4678.303054,6894.159183,5291.68762,4862.438621,6124.549295,5291.68762,5090.048506,5138.781714,5291.68762,974.6179371,968.8792032,0.001001968,0.001005531,0.001008742,0.001011081,3025.667105,3025.667105,3025.667105,7031.164403,7031.164403,7031.164403,7031.164403,7031.164403
11/6/2002,3405.350165,3914.311617,3665.720144,3208.301308,3042.975205,3665.720144,5763.33783,6986.419013,6434.569688,5431.337368,7138.109967,6434.569688,5221.687156,6894.159183,6434.569688,4714.291759,6124.549295,6434.569688,944.8161231,939.277847,0.001001968,0.001005531,0.001008742,0.001011081,2881.229473,2881.229473,2881.229473,6472.121213,6472.121213,6472.121213,6472.121213,6472.121213
11/7/2002,4241.11076,4861.51444,4610.507658,4062.765886,3914.311617,4610.507658,7390.459456,6924.536896,8386.20507,6975.328026,6986.419013,8386.20507,6788.929209,7138.109967,8386.20507,6164.796925,6894.159183,8386.20507,1507.220697,1497.786416,0.001001968,0.001005531,0.001008742,0.001011081,2911.164243,2911.164243,2911.164243,6190.945008,6190.945008,6190.945008,6190.945008,6190.945008
11/8/2002,4179.945592,3655.709859,4702.391,4867.901558,4861.51444,4702.391,7324.892746,6790.90174,8563.822748,7663.579363,6924.536896,8563.822748,7858.402565,6986.419013,8563.822748,6980.583796,7138.109967,8563.822748,2221.290055,2206.652608,0.001001968,0.001005531,0.001008742,0.001011081,3124.577426,3124.577426,3124.577426,6182.380486,6182.380486,6182.380486,6182.380486,6182.380486
11/9/2002,3064.292986,2965.875447,3364.482372,3658.404783,3655.709859,3364.482372,5932.569249,7177.788657,6798.176485,6317.757501,6790.90174,6798.176485,6831.20464,6924.536896,6798.176485,7609.696881,6986.419013,6798.176485,1314.747715,1306.671142,0.001001968,0.001005531,0.001008742,0.001011081,3270.95091,3270.95091,3270.95091,6354.3649,6354.3649,6354.3649,6354.3649,6354.3649
11/10/2002,2628.820474,2886.849068,2848.433062,2964.813004,2965.875447,2848.433062,4574.346135,8107.201603,5151.827613,4768.767148,7177.788657,5151.827613,5281.912902,6790.90174,5151.827613,5986.411433,6924.536896,5151.827613,972.7007279,966.9749135,0.001001968,0.001005531,0.001008742,0.001011081,3346.172977,3346.172977,3346.172977,6485.816661,6485.816661,6485.816661,6485.816661,6485.816661
11/11/2002,2557.066599,2908.627142,2785.841612,2875.615372,2886.849068,2785.841612,5060.430206,7661.802198,5753.986378,5220.24413,8107.201603,5753.986378,5516.845129,7177.788657,5753.986378,5860.945138,6790.90174,5753.986378,1016.474723,1010.453139,0.001001968,0.001005531,0.001008742,0.001011081,3401.373361,3401.373361,3401.373361,6580.182469,6580.182469,6580.182469,6580.182469,6580.182469
11/12/2002,2406.439539,3007.60747,2631.171847,2843.068877,2908.627142,2631.171847,5463.509766,8330.949149,6246.218379,5738.536038,7661.802198,6246.218379,5905.460414,8107.201603,6246.218379,6037.446119,7177.788657,6246.218379,989.0379328,983.2019245,0.001001968,0.001005531,0.001008742,0.001011081,3458.267584,3458.267584,3458.267584,6713.734636,6713.734636,6713.734636,6713.734636,6713.734636
11/13/2002,3184.732126,4440.97411,3420.784416,3029.905549,3007.60747,3420.784416,7069.93774,13613.78619,7992.96541,6751.130201,8330.949149,7992.96541,6757.892637,7661.802198,7992.96541,6571.749832,8107.201603,7992.96541,971.2169161,965.5010983,0.001001968,0.001005531,0.001008742,0.001011081,3466.621932,3466.621932,3466.621932,6971.214638,6971.214638,6971.214638,6971.214638,6971.214638
11/14/2002,4270.669165,4359.987827,4756.089347,4475.720845,4440.97411,4756.089347,8647.648432,18683.43555,10052.70854,8509.576565,13613.78619,10052.70854,8488.326978,8330.949149,10052.70854,7576.492307,7661.802198,10052.70854,2047.579204,2034.228417,0.001001968,0.001005531,0.001008742,0.001011081,3534.798557,3534.798557,3534.798557,7191.924427,7191.924427,7191.924427,7191.924427,7191.924427
11/15/2002,3684.304782,3756.534196,4156.314756,4343.688325,4359.987827,4156.314756,7364.286995,16862.37171,8626.988706,7692.831169,18683.43555,8626.988706,8153.446795,13613.78619,8626.988706,7978.491852,8330.949149,8626.988706,2036.869557,2023.597695,0.001001968,0.001005531,0.001008742,0.001011081,3506.148052,3506.148052,3506.148052,7284.853962,7284.853962,7284.853962,7284.853962,7284.853962
11/16/2002,3098.281041,6420.695099,3450.757119,3708.197563,3756.534196,3450.757119,6709.003622,13712.34034,7778.070258,7073.813396,16862.37171,7778.070258,7489.897641,18683.43555,7778.070258,8072.466386,13613.78619,7778.070258,1531.142602,1521.538055,0.001001968,0.001005531,0.001008742,0.001011081,3492.485177,3492.485177,3492.485177,7422.286391,7422.286391,7422.286391,7422.286391,7422.286391
11/17/2002,6097.786556,8715.266903,6962.577549,6382.400321,6420.695099,6962.577549,14589.29776,12846.19907,17338.50215,14275.25127,13712.34034,17338.50215,14232.1184,16862.37171,17338.50215,11990.27038,18683.43555,17338.50215,3413.459386,3389.717303,0.001001968,0.001005531,0.001008742,0.001011081,3827.858427,3827.858427,3827.858427,8435.291633,8435.291633,8435.291633,8435.291633,8435.291633
11/18/2002,7711.363708,6352.856543,8863.748746,8738.783789,8715.266903,8863.748746,20670.3123,10724.47586,24792.58779,20837.45028,12846.19907,24792.58779,20422.93188,13712.34034,24792.58779,18642.43968,16862.37171,24792.58779,4453.668197,4421.682422,0.001001968,0.001005531,0.001008742,0.001011081,4465.369432,4465.369432,4465.369432,10408.71093,10408.71093,10408.71093,10408.71093,10408.71093
11/19/2002,5414.342832,4713.754855,6083.95537,6345.877406,6352.856543,6083.95537,14222.3784,9399.704091,16746.66746,14628.07978,10724.47586,16746.66746,15685.27774,12846.19907,16746.66746,16961.82458,13712.34034,16746.66746,2712.143471,2693.81043,0.001001968,0.001005531,0.001008742,0.001011081,5050.406745,5050.406745,5050.406745,12195.93764,12195.93764,12195.93764,12195.93764,12195.93764
11/20/2002,4127.397367,4164.084343,4570.105506,4698.924463,4713.754855,4570.105506,8699.220907,9198.121409,10022.97632,8970.352006,9399.704091,10022.97632,10063.60144,10724.47586,10022.97632,11860.49252,12846.19907,10022.97632,1829.393826,1817.641182,0.001001968,0.001005531,0.001008742,0.001011081,5416.887882,5416.887882,5416.887882,13144.43522,13144.43522,13144.43522,13144.43522,13144.43522
11/21/2002,3752.824559,4136.797541,4118.092066,4108.723568,4164.084343,4118.092066,8474.696748,9435.095241,9730.370659,8567.107271,9198.121409,9730.370659,9125.499438,9399.704091,9730.370659,10367.42172,10724.47586,9730.370659,1536.052438,1526.412905,0.001001968,0.001005531,0.001008742,0.001011081,5464.372138,5464.372138,5464.372138,13553.20343,13553.20343,13553.20343,13553.20343,13553.20343
11/22/2002,3805.578787,4346.680592,4142.259895,4040.884784,4136.797541,4142.259895,8230.18147,9618.983167,9378.633221,8232.960984,9435.095241,9378.633221,8437.808021,9198.121409,9378.633221,8918.434085,9399.704091,9378.633221,1390.509308,1381.900995,0.001001968,0.001005531,0.001008742,0.001011081,5406.738873,5406.738873,5406.738873,13791.19859,13791.19859,13791.19859,13791.19859,13791.19859
11/23/2002,4448.369143,4982.811249,4792.358165,4367.423968,4346.680592,4792.358165,8770.577467,9948.488897,9897.525942,8469.766452,9618.983167,9897.525942,8433.805393,9435.095241,9897.525942,8395.765617,9198.121409,9897.525942,1353.768329,1345.418337,0.001001968,0.001005531,0.001008742,0.001011081,5443.278644,5443.278644,5443.278644,13897.72286,13897.72286,13897.72286,13897.72286,13897.72286
11/24/2002,4698.831528,5257.037631,5131.900889,5010.166743,4982.811249,5131.900889,8922.818094,9471.106495,10184.59038,8944.629914,9948.488897,10184.59038,9029.772291,9618.983167,10184.59038,8628.324346,9435.095241,10184.59038,1780.466793,1769.069573,0.001001968,0.001005531,0.001008742,0.001011081,5316.759486,5316.759486,5316.759486,13257.69298,13257.69298,13257.69298,13257.69298,13257.69298
11/25/2002,4694.308426,4615.242567,5205.920823,5263.284574,5257.037631,5205.920823,8882.568185,8526.427995,10267.49888,9104.603397,9471.106495,10267.49888,9582.091011,9948.488897,10267.49888,9197.616284,9618.983167,10267.49888,2136.516723,2122.508688,0.001001968,0.001005531,0.001008742,0.001011081,5011.080039,5011.080039,5011.080039,11776.62498,11776.62498,11776.62498,11776.62498,11776.62498
11/26/2002,3998.16789,4020.98559,4390.090989,4619.270806,4615.242567,4390.090989,7931.131995,7795.77355,9099.560483,8280.717724,8526.427995,9099.560483,8728.065311,9471.106495,9099.560483,9447.617458,9948.488897,9099.560483,1658.851122,1648.332329,0.001001968,0.001005531,0.001008742,0.001011081,4699.400324,4699.400324,4699.400324,10451.99131,10451.99131,10451.99131,10451.99131,10451.99131
11/27/2002,3609.87711,3913.735782,3928.011853,4023.721871,4020.98559,3928.011853,7461.609062,7359.97189,8508.076125,7651.865959,7795.77355,8508.076125,8163.913048,8526.427995,8508.076125,8724.845364,9471.106495,8508.076125,1356.210142,1347.843008,0.001001968,0.001005531,0.001008742,0.001011081,4534.976766,4534.976766,4534.976766,9832.222693,9832.222693,9832.222693,9832.222693,9832.222693
11/28/2002,3508.097423,3634.265274,3835.20082,3915.514152,3913.735782,3835.20082,7380.029978,6951.559633,8454.979995,7553.128121,7359.97189,8454.979995,7937.81542,7795.77355,8454.979995,8356.034072,8526.427995,8454.979995,1404.640473,1395.932585,0.001001968,0.001005531,0.001008742,0.001011081,4484.931718,4484.931718,4484.931718,9504.334061,9504.334061,9504.334061,9504.334061,9504.334061
11/29/2002,3252.977964,3417.619919,3552.926543,3635.33139,3634.265274,3552.926543,6671.232443,6669.784386,7622.619052,6841.717561,6951.559633,7622.619052,7228.382983,7359.97189,7622.619052,7610.793251,7795.77355,7622.619052,1299.812173,1291.839994,0.001001968,0.001005531,0.001008742,0.001011081,4454.24319,4454.24319,4454.24319,9266.287113,9266.287113,9266.287113,9266.287113,9266.287113
11/30/2002,3072.741505,3246.515718,3353.472429,3418.187962,3417.619919,3353.472429,6165.695919,6365.901394,7027.532137,6316.71497,6669.784386,7027.532137,6660.068517,6951.559633,7027.532137,6997.490032,7359.97189,7027.532137,1223.76289,1216.319966,0.001001968,0.001005531,0.001008742,0.001011081,4375.422593,4375.422593,4375.422593,8998.431451,8998.431451,8998.431451,8998.431451,8998.431451
12/1/2002,2938.91115,3100.413073,3204.269285,3246.720559,3246.515718,3204.269285,5935.130289,6124.726544,6753.484038,6059.81347,6365.901394,6753.484038,6359.037572,6669.784386,6753.484038,6621.899717,6951.559633,6753.484038,1160.740985,1153.733612,0.001001968,0.001005531,0.001008742,0.001011081,4172.802859,4172.802859,4172.802859,8650.854492,8650.854492,8650.854492,8650.854492,8650.854492
12/2/2002,2803.795964,2986.210046,3056.676483,3100.350153,3100.413073,3056.676483,5627.730364,5906.215864,6404.518029,5749.235745,6124.726544,6404.518029,6033.688196,6365.901394,6404.518029,6309.950565,6669.784386,6404.518029,1115.715295,1109.017324,0.001001968,0.001005531,0.001008742,0.001011081,3868.314982,3868.314982,3868.314982,8214.623713,8214.623713,8214.623713,8214.623713,8214.623713
12/3/2002,2697.409078,2860.443259,2943.618574,2985.948903,2986.210046,2943.618574,5426.41464,5737.585334,6179.111814,5544.330898,5906.215864,6179.111814,5814.787096,6124.726544,6179.111814,6026.566702,6365.901394,6179.111814,1092.376552,1085.838351,0.001001968,0.001005531,0.001008742,0.001011081,3625.424513,3625.424513,3625.424513,7752.06788,7752.06788,7752.06788,7752.06788,7752.06788
12/4/2002,2581.245099,2735.019559,2817.066068,2860.035747,2860.443259,2817.066068,5246.232944,5493.159531,5969.650973,5361.693324,5737.585334,5969.650973,5619.434488,5906.215864,5969.650973,5801.188966,6124.726544,5969.650973,1052.142184,1045.878414,0.001001968,0.001005531,0.001008742,0.001011081,3430.388211,3430.388211,3430.388211,7256.18842,7256.18842,7256.18842,7256.18842,7256.18842
12/5/2002,2469.452158,2621.267082,2694.594638,2734.504887,2735.019559,2694.594638,5096.228912,5278.168046,5790.657144,5205.792076,5493.159531,5790.657144,5453.823997,5737.585334,5790.657144,5603.806976,5906.215864,5790.657144,1010.035007,1004.057037,0.001001968,0.001005531,0.001008742,0.001011081,3251.723277,3251.723277,3251.723277,6834.787167,6834.787167,6834.787167,6834.787167,6834.787167
12/6/2002,2368.184533,2516.209988,2584.156912,2620.675235,2621.267082,2584.156912,4865.198824,5090.183169,5530.083626,4968.145541,5278.168046,5530.083626,5203.878729,5493.159531,5530.083626,5431.669419,5737.585334,5530.083626,974.0376088,968.3027858,0.001001968,0.001005531,0.001008742,0.001011081,3093.337961,3093.337961,3093.337961,6511.051849,6511.051849,6511.051849,6511.051849,6511.051849
12/7/2002,2274.372586,2418.081511,2481.974774,2515.564329,2516.209988,2481.974774,4673.074285,5004.37338,5313.173875,4770.058574,5090.183169,5313.173875,4993.847704,5278.168046,5313.173875,5196.105684,5493.159531,5313.173875,941.126938,935.6134216,0.001001968,0.001005531,0.001008742,0.001011081,2954.770505,2954.770505,2954.770505,6235.206207,6235.206207,6235.206207,6235.206207,6235.206207
12/8/2002,2186.562611,2326.0011,2386.336728,2417.400006,2418.081511,2386.336728,4505.343333,6530.816883,5122.488353,4597.12533,5004.37338,5122.488353,4810.17466,5090.183169,5122.488353,4987.781945,5278.168046,5122.488353,910.2260408,904.9194242,0.001001968,0.001005531,0.001008742,0.001011081,2830.442657,2830.442657,2830.442657,5983.41298,5983.41298,5983.41298,5983.41298,5983.41298
12/9/2002,2104.045644,2239.449989,2296.457273,2325.297852,2326.0011,2296.457273,4350.846657,9066.825602,4946.721186,4437.888424,6530.816883,4946.721186,4641.096996,5004.37338,4946.721186,4807.080163,5090.183169,4946.721186,881.0433359,875.9312948,0.001001968,0.001005531,0.001008742,0.001011081,2714.418994,2714.418994,2714.418994,5760.413486,5760.413486,5760.413486,5760.413486,5760.413486
12/10/2002,2026.38265,2387.679459,2211.875138,2238.736338,2239.449989,2211.875138,4224.918374,9244.219648,4801.264508,4307.843378,9066.825602,4801.264508,4502.157433,6530.816883,4801.264508,4639.75482,5004.37338,4801.264508,853.520534,848.5912467,0.001001968,0.001005531,0.001008742,0.001011081,2603.34528,2603.34528,2603.34528,5554.994273,5554.994273,5554.994273,5554.994273,5554.994273
12/11/2002,1953.721106,3075.653536,2132.883514,2158.031418,2387.679459,2132.883514,4250.563774,10423.02371,4824.166844,4329.089766,9244.219648,4824.166844,4514.090462,9066.825602,4824.166844,4575.595186,6530.816883,4824.166844,828.3505492,823.5877314,0.001001968,0.001005531,0.001008742,0.001011081,2498.867632,2498.867632,2498.867632,5382.610887,5382.610887,5382.610887,5382.610887,5382.610887
12/12/2002,2784.260623,2551.078836,3137.432958,3152.445774,3075.653536,3137.432958,7053.673088,10191.62112,8170.568772,7198.133688,10423.02371,8170.568772,7283.209808,9244.219648,8170.568772,6088.216353,9066.825602,8170.568772,1420.83999,1412.017802,0.001001968,0.001005531,0.001008742,0.001011081,2522.434742,2522.434742,2522.434742,5554.455791,5554.455791,5554.455791,5554.455791,5554.455791
12/13/2002,2275.771995,3281.653165,2501.247579,2485.292313,2551.078836,2501.247579,8485.039296,9911.011111,9831.019302,8488.394966,10191.62112,9831.019302,8715.431225,10423.02371,9831.019302,9313.079358,9244.219648,9831.019302,966.2444963,960.5621647,0.001001968,0.001005531,0.001008742,0.001011081,2511.15735,2511.15735,2511.15735,6133.398298,6133.398298,6133.398298,6133.398298,6133.398298
12/14/2002,2958.283754,3794.790199,3311.08892,3171.877007,3281.653165,3311.08892,8461.076004,8933.196234,9784.916393,8425.882377,9911.011111,9784.916393,8537.87122,10191.62112,9784.916393,7869.964363,10423.02371,9784.916393,1459.52287,1450.427113,0.001001968,0.001005531,0.001008742,0.001011081,2577.489844,2577.489844,2577.489844,6708.336047,6708.336047,6708.336047,6708.336047,6708.336047
12/15/2002,3641.905651,3828.604114,4089.344618,3859.134326,3794.790199,4089.344618,10650.67514,8197.713457,12406.34111,10536.56723,8933.196234,12406.34111,10602.3832,9911.011111,12406.34111,10091.90055,10191.62112,12406.34111,1814.93263,1803.285155,0.001001968,0.001005531,0.001008742,0.001011081,2743.307536,2743.307536,2743.307536,7522.303606,7522.303606,7522.303606,7522.303606,7522.303606
12/16/2002,3530.471336,3635.663748,3961.698919,3874.98783,3828.604114,3961.698919,9384.935306,8727.606367,10919.24377,9416.263672,8197.713457,10919.24377,9622.816498,8933.196234,10919.24377,9847.278755,9911.011111,10919.24377,1800.688206,1789.144227,0.001001968,0.001005531,0.001008742,0.001011081,2941.925273,2941.925273,2941.925273,8287.464199,8287.464199,8287.464199,8287.464199,8287.464199
12/17/2002,3205.560268,3176.27815,3581.938801,3652.216047,3635.663748,3581.938801,8050.63667,13099.92404,9339.752679,8224.594386,8727.606367,9339.752679,8468.864443,8197.713457,9339.752679,9003.06038,8933.196234,9339.752679,1603.68285,1593.560065,0.001001968,0.001005531,0.001008742,0.001011081,3131.751513,3131.751513,3131.751513,8960.010418,8960.010418,8960.010418,8960.010418,8960.010418
12/18/2002,2832.869025,2996.789061,3131.847758,3187.05337,3176.27815,3131.847758,6831.703386,12810.42171,7861.437563,6971.679405,13099.92404,7861.437563,7316.542359,8727.606367,7861.437563,7868.098697,8197.713457,7861.437563,1292.72308,1284.8004,0.001001968,0.001005531,0.001008742,0.001011081,3290.054897,3290.054897,3290.054897,9483.609805,9483.609805,9483.609805,9483.609805,9483.609805
12/19/2002,2650.88423,3660.922846,2922.848862,2957.161104,2996.789061,2922.848862,6322.53643,12065.50328,7260.705017,6433.558374,12810.42171,7260.705017,6738.285257,13099.92404,7260.705017,7155.103826,8727.606367,7260.705017,1189.279732,1182.075476,0.001001968,0.001005531,0.001008742,0.001011081,3302.746519,3302.746519,3302.746519,9576.136269,9576.136269,9576.136269,9576.136269,9576.136269
12/20/2002,3228.445844,4175.945174,3582.183308,3432.489907,3660.922846,3582.183308,8300.273286,11571.79091,9573.437654,8263.600417,12065.50328,9573.437654,8414.231871,12810.42171,9573.437654,7743.170967,13099.92404,9573.437654,1500.070942,1490.687488,0.001001968,0.001005531,0.001008742,0.001011081,3402.169347,3402.169347,3402.169347,9436.074727,9436.074727,9436.074727,9436.074727,9436.074727
12/21/2002,4270.138918,4752.21423,4669.999025,4242.963577,4175.945174,4669.999025,13723.17122,11634.02963,15938.3148,13371.02862,11571.79091,15938.3148,13076.32767,12065.50328,15938.3148,12634.12233,12810.42171,15938.3148,1569.303317,1559.4265,0.001001968,0.001005531,0.001008742,0.001011081,3499.695426,3499.695426,3499.695426,10087.39782,10087.39782,10087.39782,10087.39782,10087.39782
12/22/2002,4812.128194,5739.835606,5286.397394,4817.720508,4752.21423,5286.397394,12666.10025,12325.17849,14692.86543,12311.55479,11634.02963,14692.86543,12368.96562,11571.79091,14692.86543,12090.94069,12065.50328,14692.86543,1941.955368,1929.380855,0.001001968,0.001005531,0.001008742,0.001011081,3628.365274,3628.365274,3628.365274,10474.69159,10474.69159,10474.69159,10474.69159,10474.69159
12/23/2002,5210.335699,5040.582391,5849.716162,5755.227291,5739.835606,5849.716162,11387.46598,11594.1188,13320.64838,11476.12067,12325.17849,13320.64838,11682.03065,11634.02963,13320.64838,11118.66374,11571.79091,13320.64838,2652.198264,2634.320902,0.001001968,0.001005531,0.001008742,0.001011081,3869.021949,3869.021949,3869.021949,10736.43272,10736.43272,10736.43272,10736.43272,10736.43272
12/24/2002,4316.022797,4129.874523,4782.603636,5051.761314,5040.582391,4782.603636,9857.363193,9846.912861,11431.42347,10248.97918,11594.1188,11431.42347,10589.93247,12325.17849,11431.42347,11314.28709,11634.02963,11431.42347,1972.064232,1959.268924,0.001001968,0.001005531,0.001008742,0.001011081,4073.066544,4073.066544,4073.066544,11033.16545,11033.16545,11033.16545,11033.16545,11033.16545
12/25/2002,3626.338901,3800.084216,3958.386121,4137.46599,4129.874523,3958.386121,8615.662994,8883.406431,9889.015526,8873.858686,9846.912861,9889.015526,9446.683205,11594.1188,9889.015526,10206.73622,12325.17849,9889.015526,1426.159668,1417.299911,0.001001968,0.001005531,0.001008742,0.001011081,4240.079214,4240.079214,4240.079214,11472.11045,11472.11045,11472.11045,11472.11045,11472.11045
12/26/2002,3368.014292,3530.281939,3680.709004,3805.408793,3800.084216,3680.709004,9463.075489,8310.44958,10934.73913,9634.163572,8883.406431,10934.73913,10061.64201,9846.912861,10934.73913,10628.78169,11594.1188,10934.73913,1355.562272,1347.199686,0.001001968,0.001005531,0.001008742,0.001011081,4381.01417,4381.01417,4381.01417,12053.58154,12053.58154,12053.58154,12053.58154,12053.58154
12/27/2002,3144.060731,3303.660393,3436.73082,3534.062832,3530.281939,3436.73082,9084.161211,7843.795944,10503.76386,9219.719911,8310.44958,10503.76386,9566.306086,8883.406431,10503.76386,10122.73626,9846.912861,10503.76386,1279.611649,1271.780432,0.001001968,0.001005531,0.001008742,0.001011081,4439.239773,4439.239773,4439.239773,12361.36517,12361.36517,12361.36517,12361.36517,12361.36517
12/28/2002,2951.717587,3109.077821,3226.537069,3306.356112,3303.660393,3226.537069,7707.381248,8428.020808,8865.043932,7841.293132,7843.795944,8865.043932,8164.96661,8310.44958,8865.043932,8612.033758,8883.406431,8865.043932,1211.037825,1203.683073,0.001001968,0.001005531,0.001008742,0.001011081,4400.086474,4400.086474,4400.086474,11677.93563,11677.93563,11677.93563,11677.93563,11677.93563
12/29/2002,2784.431584,2939.610869,3043.587315,3110.994862,3109.077821,3043.587315,7067.446797,14359.41356,8110.150917,7191.386551,8428.020808,8110.150917,7488.85803,7843.795944,8110.150917,7840.815727,8310.44958,8110.150917,1150.388987,1143.452883,0.001001968,0.001005531,0.001008742,0.001011081,4213.797441,4213.797441,4213.797441,10929.34652,10929.34652,10929.34652,10929.34652,10929.34652
12/30/2002,2638.087,3059.10495,2883.559391,2940.956731,2939.610869,2883.559391,6659.134647,17800.4704,7639.911832,6770.293196,14359.41356,7639.911832,7042.547465,8428.020808,7639.911832,7394.103313,7843.795944,7639.911832,1097.143749,1090.572948,0.001001968,0.001005531,0.001008742,0.001011081,3869.767708,3869.767708,3869.767708,10307.79007,10307.79007,10307.79007,10307.79007,10307.79007
12/31/2002,2654.428239,3654.664663,2905.506674,2920.1194,3059.10495,2905.506674,6490.539874,14814.00821,7444.073849,6565.798414,17800.4704,7444.073849,6777.044527,14359.41356,7444.073849,6965.211596,8428.020808,7444.073849,1119.958127,1113.231065,0.001001968,0.001005531,0.001008742,0.001011081,3571.009467,3571.009467,3571.009467,9706.655153,9706.655153,9706.655153,9706.655153,9706.655153
1/1/2003,3317.405442,5023.173097,3610.157101,3399.374989,3654.664663,3610.157101,8146.82108,13230.626,9317.446883,8017.735574,14814.00821,9317.446883,7954.666028,17800.4704,9317.446883,7617.246825,14359.41356,9317.446883,1210.772391,1203.419476,0.001001968,0.001005531,0.001008742,0.001011081,3382.447057,3382.447057,3382.447057,9264.847039,9264.847039,9264.847039,9264.847039,9264.847039
1/2/2003,5399.575701,7128.597043,5939.090236,5160.291294,5023.173097,5939.090236,16031.00678,12421.4185,18712.7214,15363.11824,13230.626,18712.7214,15074.07541,14814.00821,18712.7214,13254.78696,17800.4704,18712.7214,2100.930237,2087.185572,0.001001968,0.001005531,0.001008742,0.001011081,3453.182539,3453.182539,3453.182539,9800.718195,9800.718195,9800.718195,9800.718195,9800.718195
1/3/2003,6027.562564,4609.752451,6909.920107,7222.521339,7128.597043,6909.920107,18298.34616,10698.00395,21899.93783,18774.74404,12421.4185,21899.93783,18608.18613,13230.626,21899.93783,17441.84299,14814.00821,21899.93783,3535.120572,3510.426877,0.001001968,0.001005531,0.001008742,0.001011081,3842.415905,3842.415905,3842.415905,10966.88998,10966.88998,10966.88998,10966.88998,10966.88998
1/4/2003,3915.725712,3819.090893,4321.733674,4630.836927,4609.752451,4321.733674,11766.36329,9551.092284,13705.4599,12134.0386,10698.00395,13705.4599,13009.26863,12421.4185,13705.4599,14582.83442,13230.626,13705.4599,1700.705688,1689.88541,0.001001968,0.001005531,0.001008742,0.001011081,4102.767108,4102.767108,4102.767108,11872.76683,11872.76683,11872.76683,11872.76683,11872.76683
1/5/2003,3381.331276,3564.101092,3707.132822,3832.451947,3819.090893,3707.132822,8797.208622,8847.72624,10127.70152,8997.831652,9551.092284,10127.70152,9669.157059,10698.00395,10127.70152,10948.34022,12421.4185,10127.70152,1388.603568,1380.008675,0.001001968,0.001005531,0.001008742,0.001011081,4253.087449,4253.087449,4253.087449,12512.5182,12512.5182,12512.5182,12512.5182,12512.5182
1/6/2003,3172.089273,3311.675077,3490.087421,3573.130131,3564.101092,3490.087421,8955.546098,8434.836817,10368.4649,9095.447438,8847.72624,10368.4649,9512.478963,9551.092284,10368.4649,10259.18534,10698.00395,10368.4649,1372.340464,1363.859999,0.001001968,0.001005531,0.001008742,0.001011081,4359.68606,4359.68606,4359.68606,12956.94455,12956.94455,12956.94455,12956.94455,12956.94455
1/7/2003,2954.467631,3094.435397,3250.927768,3317.958179,3311.675077,3250.927768,8191.426779,8094.787522,9471.842343,8314.654005,8434.836817,9471.842343,8661.370762,8847.72624,9471.842343,9191.85758,9551.092284,9471.842343,1293.256568,1285.330165,0.001001968,0.001005531,0.001008742,0.001011081,4433.932065,4433.932065,4433.932065,13286.51299,13286.51299,13286.51299,13286.51299,13286.51299
1/8/2003,2765.862449,2912.921124,3042.451454,3098.901188,3094.435397,3042.451454,7506.904769,7661.702954,8663.937062,7619.732483,8094.787522,8663.937062,7930.518628,8434.836817,8663.937062,8348.069791,8847.72624,8663.937062,1218.171689,1210.76752,0.001001968,0.001005531,0.001008742,0.001011081,4443.103815,4443.103815,4443.103815,13347.97163,13347.97163,13347.97163,13347.97163,13347.97163
1/9/2003,2607.190888,2772.110218,2867.721227,2916.14247,2912.921124,2867.721227,7079.171014,7279.407624,8161.520867,7181.727465,7661.702954,8161.520867,7464.250236,8094.787522,8161.520867,7803.968206,8434.836817,8161.520867,1157.265873,1150.282434,0.001001968,0.001005531,0.001008742,0.001011081,4225.875576,4225.875576,4225.875576,12320.07364,12320.07364,12320.07364,12320.07364,12320.07364
1/10/2003,2486.845841,2641.357127,2735.967696,2774.455677,2772.110218,2735.967696,6858.308923,6942.392431,7905.374692,6947.704178,7279.407624,7905.374692,7200.21374,7661.702954,7905.374692,7484.464649,8094.787522,7905.374692,1113.642241,1106.958478,0.001001968,0.001005531,0.001008742,0.001011081,3714.591465,3714.591465,3714.591465,10753.19367,10753.19367,10753.19367,10753.19367,10753.19367
1/11/2003,2369.217635,2508.914367,2605.779238,2643.072579,2641.357127,2605.779238,6596.908712,6636.950137,7604.694454,6680.546479,6942.392431,7604.694454,6908.305349,7279.407624,7604.694454,7212.581029,7661.702954,7604.694454,1064.780595,1058.430759,0.001001968,0.001005531,0.001008742,0.001011081,3348.794862,3348.794862,3348.794862,9637.873749,9637.873749,9637.873749,9637.873749,9637.873749
1/12/2003,2252.266706,2392.050318,2476.074248,2510.168614,2508.914367,2476.074248,6217.015069,6361.165325,7162.033052,6295.524558,6636.950137,7162.033052,6516.920059,6942.392431,7162.033052,6802.345988,7279.407624,7162.033052,1014.418921,1008.411264,0.001001968,0.001005531,0.001008742,0.001011081,3105.344919,3105.344919,3105.344919,8845.753174,8845.753174,8845.753174,8845.753174,8845.753174
1/13/2003,2148.956898,2286.052207,2362.225419,2392.962264,2392.050318,2362.225419,5922.276156,6127.842389,6820.628055,5995.185834,6361.165325,6820.628055,6203.869329,6636.950137,6820.628055,6465.254714,6942.392431,6820.628055,972.9931391,967.2653544,0.001001968,0.001005531,0.001008742,0.001011081,2914.708677,2914.708677,2914.708677,8271.20726,8271.20726,8271.20726,8271.20726,8271.20726
1/14/2003,2054.871723,2188.385551,2258.671709,2286.707379,2286.052207,2258.671709,5669.604352,5911.030328,6528.581964,5737.531275,6127.842389,6528.581964,5933.528083,6361.165325,6528.581964,6174.319434,6636.950137,6528.581964,935.6053381,930.1288563,0.001001968,0.001005531,0.001008742,0.001011081,2753.360526,2753.360526,2753.360526,7825.763065,7825.763065,7825.763065,7825.763065,7825.763065
1/15/2003,1968.033961,2097.940922,2163.098185,2188.846583,2188.385551,2163.098185,5455.242126,5713.144017,6278.51617,5518.998481,5911.030328,6278.51617,5704.006039,6127.842389,6278.51617,5910.045428,6361.165325,6278.51617,900.887162,895.6429004,0.001001968,0.001005531,0.001008742,0.001011081,2612.715036,2612.715036,2612.715036,7455.971977,7455.971977,7455.971977,7455.971977,7455.971977
1/16/2003,1887.49434,2013.736367,2074.470774,2098.254492,2097.940922,2074.470774,5256.894332,5529.460225,6047.612849,5316.860901,5713.144017,6047.612849,5491.964883,5911.030328,6047.612849,5687.492526,6127.842389,6047.612849,868.5575947,863.5285522,0.001001968,0.001005531,0.001008742,0.001011081,2487.437265,2487.437265,2487.437265,7131.112746,7131.112746,7131.112746,7131.112746,7131.112746
1/17/2003,1812.415559,1934.983186,1991.860553,2013.937572,2013.736367,1991.860553,5077.31049,5356.352684,5838.301803,5133.854222,5529.460225,5838.301803,5299.973616,5713.144017,5838.301803,5481.404442,5911.030328,5838.301803,838.2850153,833.4565696,0.001001968,0.001005531,0.001008742,0.001011081,2372.952136,2372.952136,2372.952136,6821.80865,6821.80865,6821.80865,6821.80865,6821.80865
1/18/2003,1742.122557,1861.043866,1914.519433,1935.098923,1934.983186,1914.519433,4911.541491,5194.98259,5645.119104,4964.95144,5356.352684,5645.119104,5122.839171,5529.460225,5645.119104,5293.995047,5713.144017,5645.119104,809.8017387,805.1611833,0.001001968,0.001005531,0.001008742,0.001011081,2267.559542,2267.559542,2267.559542,6529.684101,6529.684101,6529.684101,6529.684101,6529.684101
1/19/2003,1676.066876,1791.394935,1841.84073,1861.0948,1861.043866,1841.84073,4755.913351,5042.559159,5464.008997,4806.408835,5194.98259,5464.008997,4956.693871,5356.352684,5464.008997,5120.494269,5529.460225,5464.008997,782.8946349,778.4307888,0.001001968,0.001005531,0.001008742,0.001011081,2170.051014,2170.051014,2170.051014,6272.648996,6272.648996,6272.648996,6272.648996,6272.648996
1/20/2003,1613.797589,1725.601973,1773.325797,1791.397153,1791.394935,1773.325797,4611.485042,4901.185219,5295.820132,4659.28965,5042.559159,5295.820132,4802.533418,5194.98259,5295.820132,4957.25706,5356.352684,5295.820132,757.3904736,753.0933962,0.001001968,0.001005531,0.001008742,0.001011081,2079.812716,2079.812716,2079.812716,6042.215419,6042.215419,6042.215419,6042.215419,6042.215419
1/21/2003,1554.938671,1663.299828,1708.559551,1725.568115,1725.601973,1708.559551,4475.476891,4752.376853,5137.529244,4520.784483,4901.185219,5137.529244,4657.452525,5042.559159,5137.529244,4805.438689,5194.98259,5137.529244,733.1467005,729.0074722,0.001001968,0.001005531,0.001008742,0.001011081,1995.916583,1995.916583,1995.916583,5833.303448,5833.303448,5833.303448,5833.303448,5833.303448
1/22/2003,1499.172759,1604.178012,1647.192118,1663.239618,1663.299828,1647.192118,4349.926777,4625.888092,4991.05915,4392.930397,4752.376853,4991.05915,4523.471238,4901.185219,4991.05915,4662.253374,5042.559159,4991.05915,710.0448178,706.0553685,0.001001968,0.001005531,0.001008742,0.001011081,1917.541328,1917.541328,1917.541328,5640.545905,5640.545905,5640.545905,5640.545905,5640.545905
1/23/2003,1446.229858,1547.970435,1588.926126,1604.099421,1604.178012,1588.926126,4216.737553,4500.326048,4837.795483,4257.397126,4625.888092,4837.795483,4382.055321,4752.376853,4837.795483,4529.809718,4901.185219,4837.795483,687.9850353,684.138011,0.001001968,0.001005531,0.001008742,0.001011081,1844.022083,1844.022083,1844.022083,5459.891974,5459.891974,5459.891974,5459.891974,5459.891974
1/24/2003,1395.877284,1494.446535,1533.505496,1547.879661,1547.970435,1533.505496,4105.01811,4375.42928,4707.371871,4143.657908,4500.326048,4707.371871,4262.904923,4625.888092,4707.371871,4389.643907,4752.376853,4707.371871,666.8821406,663.1707996,0.001001968,0.001005531,0.001008742,0.001011081,1774.817379,1774.817379,1774.817379,5291.353947,5291.353947,5291.353947,5291.353947,5291.353947
1/25/2003,1347.913335,1443.405151,1480.708491,1494.348543,1494.446535,1480.708491,3993.803326,4271.697063,4578.278533,4030.472832,4375.42928,4578.278533,4144.568981,4500.326048,4578.278533,4271.502427,4625.888092,4578.278533,646.6633398,643.0814641,0.001001968,0.001005531,0.001008742,0.001011081,1709.480422,1709.480422,1709.480422,5132.673222,5132.673222,5132.673222,5132.673222,5132.673222
1/26/2003,1302.161066,1394.669222,1430.340707,1443.30384,1443.405151,1430.340707,3882.84204,4191.086671,4450.193761,3917.598031,4271.697063,4450.193761,4026.771421,4375.42928,4450.193761,4153.993141,4500.326048,4450.193761,627.2651698,623.8069986,0.001001968,0.001005531,0.001008742,0.001011081,1647.637662,1647.637662,1647.637662,4982.155854,4982.155854,4982.155854,4982.155854,4982.155854
1/27/2003,1258.464623,1348.081963,1382.231,1394.567572,1394.669222,1382.231,3792.232396,4068.976357,4343.578788,3825.369139,4191.086671,4343.578788,3930.010698,4271.697063,4343.578788,4036.882028,4375.42928,4343.578788,608.6321127,605.2922855,0.001001968,0.001005531,0.001008742,0.001011081,1588.973221,1588.973221,1588.973221,4840.933709,4840.933709,4840.933709,4840.933709,4840.933709
1/28/2003,1216.686129,1303.502965,1336.228069,1347.982541,1348.081963,1336.228069,3723.89798,3986.483988,4260.34413,3755.727911,4068.976357,4260.34413,3856.232297,4191.086671,4260.34413,3940.679303,4271.697063,4260.34413,590.7154481,587.4889567,0.001001968,0.001005531,0.001008742,0.001011081,1533.217175,1533.217175,1533.217175,4710.861398,4710.861398,4710.861398,4710.861398,4710.861398
1/29/2003,1176.701418,1260.807045,1292.195667,1303.407826,1303.502965,1292.195667,3614.594233,4021.933555,4135.833681,3644.630919,3986.483988,4135.833681,3740.810799,4068.976357,4135.833681,3867.353286,4191.086671,4135.833681,573.4714168,570.353569,0.001001968,0.001005531,0.001008742,0.001011081,1480.136526,1480.136526,1480.136526,4584.295914,4584.295914,4584.295914,4584.295914,4584.295914
1/30/2003,1138.399466,1219.879807,1250.012114,1260.717718,1260.807045,1250.012114,3511.862746,3999.806506,4018.585541,3540.233303,4021.933555,4018.585541,3632.310868,3986.483988,4018.585541,3752.296262,4068.976357,4018.585541,556.8614762,553.8478594,0.001001968,0.001005531,0.001008742,0.001011081,1429.528379,1429.528379,1429.528379,4463.198193,4463.198193,4463.198193,4463.198193,4463.198193
1/31/2003,1101.678892,1180.665645,1209.566149,1219.797394,1219.879807,1209.566149,3413.397222,4299.543162,3906.195979,3440.182279,3999.806506,3906.195979,3528.353029,4021.933555,3906.195979,3644.08496,3986.483988,3906.195979,540.8496664,537.9361276,0.001001968,0.001005531,0.001008742,0.001011081,1381.214588,1381.214588,1381.214588,4344.96067,4344.96067,4344.96067,4344.96067,4344.96067
2/1/2003,1066.48595,1146.453,1170.805256,1180.591292,1180.665645,1170.805256,3365.16196,4939.98387,3850.127043,3390.08894,4299.543162,3850.127043,3474.003271,3999.806506,3850.127043,3567.277756,4021.933555,3850.127043,525.4517033,522.6340249,0.001001968,0.001005531,0.001008742,0.001011081,1335.044291,1335.044291,1335.044291,4237.400187,4237.400187,4237.400187,4237.400187,4237.400187
2/2/2003,1035.90653,1128.390607,1137.076071,1146.387491,1146.453,1137.076071,3416.178614,4679.328605,3912.161611,3437.38401,4939.98387,3912.161611,3512.69822,4299.543162,3912.161611,3607.54338,3999.806506,3912.161611,511.6586334,508.926498,0.001001968,0.001005531,0.001008742,0.001011081,1291.030267,1291.030267,1291.030267,4156.486489,4156.486489,4156.486489,4156.486489,4156.486489
2/3/2003,1025.656426,1352.974889,1125.770371,1128.069561,1128.390607,1125.770371,3423.122289,4663.316682,3920.815307,3436.520655,4679.328605,3920.815307,3504.058293,4939.98387,3920.815307,3583.380991,4299.543162,3920.815307,507.2059311,504.5013436,0.001001968,0.001005531,0.001008742,0.001011081,1250.671738,1250.671738,1250.671738,4088.415201,4088.415201,4088.415201,4088.415201,4088.415201
2/4/2003,1433.497915,1841.138663,1565.915571,1352.630874,1352.974889,1565.915571,4250.849872,4819.078366,4858.283494,4060.369149,4663.316682,4858.283494,4062.552184,4679.328605,4858.283494,3847.447706,4939.98387,4858.283494,649.5461212,645.945819,0.001001968,0.001005531,0.001008742,0.001011081,1237.003124,1237.003124,1237.003124,4090.919824,4090.919824,4090.919824,4090.919824,4090.919824
2/5/2003,1626.902687,1475.363834,1801.027858,1841.322705,1841.138663,1801.027858,4975.87243,4548.317503,5743.336945,5043.570759,4819.078366,5743.336945,4841.813587,4663.316682,5743.336945,4670.399022,4679.328605,5743.336945,830.1232423,825.3487213,0.001001968,0.001005531,0.001008742,0.001011081,1266.607835,1266.607835,1266.607835,4221.251131,4221.251131,4221.251131,4221.251131,4221.251131
2/6/2003,1325.443059,1438.193977,1440.647604,1475.584179,1475.363834,1440.647604,4204.122599,4337.807254,4799.620648,4251.464719,4548.317503,4799.620648,4411.488295,4819.078366,4799.620648,4474.76133,4663.316682,4799.620648,566.5449584,563.4706262,0.001001968,0.001005531,0.001008742,0.001011081,1307.07454,1307.07454,1307.07454,4359.183436,4359.183436,4359.183436,4359.183436,4359.183436
2/7/2003,1301.232477,1390.259631,1421.404317,1438.174691,1438.193977,1421.404317,3921.246022,4191.382378,4479.54006,3956.263175,4337.807254,4479.54006,4090.053244,4548.317503,4479.54006,4256.593336,4819.078366,4479.54006,593.2180405,589.9757459,0.001001968,0.001005531,0.001008742,0.001011081,1343.70453,1343.70453,1343.70453,4478.039848,4478.039848,4478.039848,4478.039848,4478.039848
2/8/2003,1251.94632,1322.201175,1369.514902,1390.236318,1390.259631,1369.514902,3967.274274,4047.1049,4545.342434,4001.547544,4191.382378,4545.342434,4103.280197,4337.807254,4545.342434,4275.811005,4548.317503,4545.342434,583.42634,580.2458256,0.001001968,0.001005531,0.001008742,0.001011081,1375.601472,1375.601472,1375.601472,4574.760597,4574.760597,4574.760597,4574.760597,4574.760597
2/9/2003,1193.21885,1268.163636,1304.386137,1322.187604,1322.201175,1304.386137,3767.240578,3909.781946,4309.613485,3798.522864,4047.1049,4309.613485,3899.338431,4191.382378,4309.613485,4031.455393,4337.807254,4309.613485,555.4755377,552.470599,0.001001968,0.001005531,0.001008742,0.001011081,1403.438298,1403.438298,1403.438298,4637.580128,4637.580128,4637.580128,4637.580128,4637.580128
2/10/2003,1145.363132,1218.093396,1252.210523,1268.159735,1268.163636,1252.210523,3620.342968,3788.502234,4139.880761,3649.317073,3909.781946,4139.880761,3743.446765,4047.1049,4139.880761,3874.862419,4191.382378,4139.880761,537.0200798,534.1304175,0.001001968,0.001005531,0.001008742,0.001011081,1426.454472,1426.454472,1426.454472,4679.309938,4679.309938,4679.309938,4679.309938,4679.309938
2/11/2003,1100.780591,1171.450271,1203.525341,1218.098857,1218.093396,1203.525341,3495.32397,3676.391696,3996.738808,3522.02587,3788.502234,3996.738808,3610.34903,3909.781946,3996.738808,3739.303524,4047.1049,3996.738808,519.3540943,516.5742711,0.001001968,0.001005531,0.001008742,0.001011081,1422.044097,1422.044097,1422.044097,4640.203477,4640.203477,4640.203477,4640.203477,4640.203477
2/12/2003,1059.151608,1127.842575,1158.029411,1171.464689,1171.450271,1158.029411,3383.589792,3576.177876,3868.057083,3408.391347,3676.391696,3868.057083,3491.776748,3788.502234,3868.057083,3607.61471,3909.781946,3868.057083,502.5988921,499.9227722,0.001001968,0.001005531,0.001008742,0.001011081,1373.904737,1373.904737,1373.904737,4472.31814,4472.31814,4472.31814,4472.31814,4472.31814
2/13/2003,1020.159947,1086.886792,1115.398677,1127.86582,1127.842575,1115.398677,3281.692168,3485.770002,3750.626674,3304.781156,3576.177876,3750.626674,3383.715427,3676.391696,3750.626674,3492.510599,3788.502234,3750.626674,486.7457091,484.1672715,0.001001968,0.001005531,0.001008742,0.001011081,1314.652891,1314.652891,1314.652891,4296.49677,4296.49677,4296.49677,4296.49677,4296.49677
2/14/2003,983.4858961,1048.271502,1075.288223,1086.918437,1086.886792,1075.288223,3191.598023,3392.865185,3646.187138,3213.193641,3485.770002,3646.187138,3288.107903,3576.177876,3646.187138,3386.703854,3676.391696,3646.187138,471.697869,469.2117445,0.001001968,0.001005531,0.001008742,0.001011081,1259.141878,1259.141878,1259.141878,4140.636643,4140.636643,4140.636643,4140.636643,4140.636643
2/15/2003,948.8677647,1011.744234,1037.414503,1048.311259,1048.271502,1037.414503,3110.980759,3380.251158,3552.184713,3131.250873,3392.865185,3552.184713,3202.506972,3485.770002,3552.184713,3292.679718,3576.177876,3552.184713,457.3699138,454.9713062,0.001001968,0.001005531,0.001008742,0.001011081,1208.378755,1208.378755,1208.378755,4001.306407,4001.306407,4001.306407,4001.306407,4001.306407
2/16/2003,916.0913308,977.0963924,1001.545244,1011.791749,1011.744234,1001.545244,3027.711662,3432.742614,3456.156884,3046.691987,3380.251158,3456.156884,3114.498182,3392.865185,3456.156884,3208.307706,3485.770002,3456.156884,443.6912612,441.3758477,0.001001968,0.001005531,0.001008742,0.001011081,1161.627088,1161.627088,1161.627088,3873.885681,3873.885681,3873.885681,3873.885681,3873.885681
2/17/2003,884.9779459,944.1544524,967.4865735,977.1514028,977.0963924,967.4865735,3022.91038,3266.146456,3440.792124,3041.527598,3432.742614,3440.792124,3106.806463,3380.251158,3440.792124,3121.272822,3392.865185,3440.792124,430.6021651,428.3660236,0.001001968,0.001005531,0.001008742,0.001011081,1118.090758,1118.090758,1118.090758,3767.835009,3767.835009,3767.835009,3767.835009,3767.835009
2/18/2003,855.3786433,912.7706472,935.0769113,944.2168016,944.1544524,935.0769113,3081.191491,4779.893141,3490.504231,3100.377748,3266.146456,3490.504231,3163.87568,3432.742614,3490.504231,3114.359619,3380.251158,3490.504231,418.0532753,415.8928159,0.001001968,0.001005531,0.001008742,0.001011081,1077.279888,1077.279888,1077.279888,3691.131356,3691.131356,3691.131356,3691.131356,3691.131356
2/19/2003,827.1652694,882.6648942,904.1771732,912.8403329,912.7706472,904.1771732,2909.788564,8348.345361,3305.966513,2926.68541,4779.893141,3305.966513,2986.405354,3266.146456,3305.966513,3172.054534,3432.742614,3305.966513,406.0018235,403.913744,0.001001968,0.001005531,0.001008742,0.001011081,1038.850116,1038.850116,1038.850116,3606.90307,3606.90307,3606.90307,3606.90307,3606.90307
2/20/2003,801.1788114,844.9780262,875.5878328,882.7416567,882.6648942,875.5878328,2793.621927,9549.940512,3178.311062,2807.834743,8348.345361,3178.311062,2864.412446,4779.893141,3178.311062,2995.361114,3266.146456,3178.311062,394.2579484,392.2401083,0.001001968,0.001005531,0.001008742,0.001011081,1002.510426,1002.510426,1002.510426,3521.492768,3521.492768,3521.492768,3521.492768,3521.492768
2/21/2003,784.3824627,975.7458865,854.2792336,845.0612105,844.9780262,854.2792336,2745.467183,7565.407546,3119.603458,2741.609789,9549.940512,3119.603458,2792.127489,8348.345361,3119.603458,2886.576925,4779.893141,3119.603458,372.9637476,371.0725,0.001001968,0.001005531,0.001008742,0.001011081,966.7013383,966.7013383,966.7013383,3442.065439,3442.065439,3442.065439,3442.065439,3442.065439
2/22/2003,934.1120364,2496.120353,1022.712528,974.5841963,975.7458865,1022.712528,4332.673484,7315.015138,4995.151812,4271.418191,7565.407546,4995.151812,4246.072576,9549.940512,4995.151812,4160.025581,8348.345361,4995.151812,456.9520702,454.5560092,0.001001968,0.001005531,0.001008742,0.001011081,946.7870172,946.7870172,946.7870172,3610.812289,3610.812289,3610.812289,3610.812289,3610.812289
2/23/2003,2909.14379,3388.40346,3242.241588,2496.347133,2496.120353,3242.241588,9617.078894,7498.952925,11274.81734,8907.091852,7315.015138,11274.81734,8586.932658,7565.407546,11274.81734,7379.436529,9549.940512,11274.81734,1466.716978,1457.570246,0.001001968,0.001005531,0.001008742,0.001011081,1085.522564,1085.522564,1085.522564,4345.021077,4345.021077,4345.021077,4345.021077,4345.021077
2/24/2003,3469.801154,3749.833519,3806.891584,3389.483619,3388.40346,3806.891584,10891.71163,6984.233733,12711.60735,10488.32044,7498.952925,12711.60735,9795.226885,7315.015138,12711.60735,9526.194183,7565.407546,12711.60735,1500.658825,1491.271193,0.001001968,0.001005531,0.001008742,0.001011081,1304.670967,1304.670967,1304.670967,5318.796533,5318.796533,5318.796533,5318.796533,5318.796533
2/25/2003,3107.866283,2620.399738,3491.147288,3749.981112,3749.833519,3491.147288,7560.745623,6170.583215,8834.955271,7908.74324,6984.233733,8834.955271,8059.979602,7498.952925,8834.955271,7169.079589,7315.015138,8834.955271,1724.108822,1713.119584,0.001001968,0.001005531,0.001008742,0.001011081,1681.344624,1681.344624,1681.344624,6080.868744,6080.868744,6080.868744,6080.868744,6080.868744
2/26/2003,2165.018649,2071.834972,2360.326366,2620.498214,2620.399738,2360.326366,6083.749574,6242.580152,6985.914137,6368.906229,6170.583215,6985.914137,6813.028609,6984.233733,6985.914137,7648.59222,7498.952925,6985.914137,927.6917223,922.2682706,0.001001968,0.001005531,0.001008742,0.001011081,1969.360664,1969.360664,1969.360664,6771.890593,6771.890593,6771.890593,6771.890593,6771.890593
2/27/2003,1797.899774,1896.774069,1938.163762,2071.939303,2071.834972,1938.163762,4988.133369,6537.660271,5676.324894,5138.329119,6242.580152,5676.324894,5520.067506,6170.583215,5676.324894,6240.451446,6984.233733,5676.324894,684.4623479,680.6380119,0.001001968,0.001005531,0.001008742,0.001011081,2179.915506,2179.915506,2179.915506,7336.214649,7336.214649,7336.214649,7336.214649,7336.214649
2/28/2003,1677.299404,1761.237315,1815.29369,1896.884274,1896.774069,1815.29369,5015.081083,6024.36682,5735.485195,5106.692319,6537.660271,5735.485195,5345.244949,6242.580152,5735.485195,5779.763207,6170.583215,5735.485195,678.1680517,674.3842164,0.001001968,0.001005531,0.001008742,0.001011081,2351.715847,2351.715847,2351.715847,7777.658646,7777.658646,7777.658646,7777.658646,7777.658646
3/1/2003,1568.847529,1731.650836,1700.734962,1761.35269,1761.237315,1700.734962,4756.116725,5903.301537,5439.62824,4826.642356,6024.36682,5439.62824,5004.70011,6537.660271,5439.62824,5287.692969,6242.580152,5439.62824,653.3263464,649.7018648,0.001001968,0.001005531,0.001008742,0.001011081,2485.736148,2485.736148,2485.736148,7899.573891,7899.573891,7899.573891,7899.573891,7899.573891
3/2/2003,1536.764018,2148.958757,1673.967407,1722.029542,1731.650836,1673.967407,5143.297346,7275.179089,5905.449414,5196.25843,5903.301537,5905.449414,5322.645298,6024.36682,5905.449414,5434.949247,6537.660271,5905.449414,676.9522009,673.1761832,0.001001968,0.001005531,0.001008742,0.001011081,2454.157481,2454.157481,2454.157481,7522.579356,7522.579356,7522.579356,7522.579356,7522.579356
3/3/2003,1883.858775,1516.720104,2102.806785,2145.479009,2148.958757,2102.806785,5993.698531,6239.318732,6948.43792,6076.173263,7275.179089,6948.43792,6070.00998,5903.301537,6948.43792,5831.159755,6024.36682,6948.43792,966.2225985,960.5404142,0.001001968,0.001005531,0.001008742,0.001011081,2381.182595,2381.182595,2381.182595,6983.62491,6983.62491,6983.62491,6983.62491,6983.62491
3/4/2003,1373.012598,1514.740302,1484.620082,1520.592511,1516.720104,1484.620082,5040.508546,5421.997107,5765.714831,5073.354058,6239.318732,5765.714831,5314.104869,7275.179089,5765.714831,5756.470687,5903.301537,5765.714831,544.9372983,541.9982487,0.001001968,0.001005531,0.001008742,0.001011081,2113.251065,2113.251065,2113.251065,6593.199439,6593.199439,6593.199439,6593.199439,6593.199439
3/5/2003,1358.83593,1454.145711,1482.856135,1515.148697,1514.740302,1482.856135,4555.870683,5042.753434,5221.396977,4596.299529,5421.997107,5221.396977,4722.979703,6239.318732,5221.396977,5023.372459,7275.179089,5221.396977,611.2130403,607.8568496,0.001001968,0.001005531,0.001008742,0.001011081,1918.226951,1918.226951,1918.226951,6234.470706,6234.470706,6234.470706,6234.470706,6234.470706
3/6/2003,1325.889269,1393.271461,1448.241291,1454.336436,1454.145711,1448.241291,6031.696707,4828.410114,6985.933416,6012.730465,5042.753434,6985.933416,6089.396677,5421.997107,6985.933416,6224.015207,6239.318732,6985.933416,608.3836124,605.0453602,0.001001968,0.001005531,0.001008742,0.001011081,1795.188073,1795.188073,1795.188073,6205.936575,6205.936575,6205.936575,6205.936575,6205.936575
3/7/2003,1250.57941,1301.892983,1365.019072,1393.462681,1393.271461,1365.019072,5241.602806,4586.210863,6044.631257,5256.538398,4828.410114,6044.631257,5313.895452,5042.753434,6044.631257,5534.410691,5421.997107,6044.631257,574.9572209,571.8300292,0.001001968,0.001005531,0.001008742,0.001011081,1703.289019,1703.289019,1703.289019,6190.685206,6190.685206,6190.685206,6190.685206,6190.685206
3/8/2003,1173.138749,1233.69052,1277.568086,1302.085298,1301.892983,1277.568086,4464.44586,4372.972646,5119.996987,4485.48184,4586.210863,5119.996987,4570.324365,4828.410114,5119.996987,4756.376059,5042.753434,5119.996987,530.5394426,527.6901324,0.001001968,0.001005531,0.001008742,0.001011081,1628.461098,1628.461098,1628.461098,6136.332504,6136.332504,6136.332504,6136.332504,6136.332504
3/9/2003,1114.559342,1176.044475,1212.74056,1233.883753,1233.69052,1212.74056,4192.562079,4442.581092,4797.498044,4212.025657,4372.972646,4797.498044,4290.422804,4586.210863,4797.498044,4438.687106,4828.410114,4797.498044,503.1106023,500.4313222,0.001001968,0.001005531,0.001008742,0.001011081,1555.543537,1555.543537,1555.543537,5981.210603,5981.210603,5981.210603,5981.210603,5981.210603
3/10/2003,1065.406362,1131.286935,1158.598996,1176.238085,1176.044475,1158.598996,4038.183571,4639.084225,4618.335834,4053.549637,4442.581092,4618.335834,4124.28005,4372.972646,4618.335834,4274.496453,4586.210863,4618.335834,481.1658146,478.6216546,0.001001968,0.001005531,0.001008742,0.001011081,1439.793356,1439.793356,1439.793356,5721.075314,5721.075314,5721.075314,5721.075314,5721.075314
3/11/2003,1024.552967,1085.272706,1114.503574,1131.481439,1131.286935,1114.503574,3841.134229,4745.484303,4389.45642,3857.064774,4639.084225,4389.45642,3923.332316,4442.581092,4389.45642,4056.865572,4372.972646,4389.45642,467.2437686,464.7848907,0.001001968,0.001005531,0.001008742,0.001011081,1359.251576,1359.251576,1359.251576,5481.975084,5481.975084,5481.975084,5481.975084,5481.975084
3/12/2003,984.1612529,1015.150238,1070.304182,1085.468546,1085.272706,1070.304182,3667.333484,5076.595121,4188.463381,3681.771534,4745.484303,4188.463381,3745.272224,4639.084225,4188.463381,3879.300193,4442.581092,4188.463381,450.3270018,447.9712737,0.001001968,0.001005531,0.001008742,0.001011081,1292.284136,1292.284136,1292.284136,5279.019727,5279.019727,5279.019727,5279.019727,5279.019727
3/13/2003,1013.263244,1118.77315,1090.123776,1015.346674,1015.150238,1090.123776,3836.872781,7287.405654,4367.662624,3755.138293,5076.595121,4367.662624,3803.646544,4745.484303,4367.662624,3922.877592,4639.084225,4367.662624,406.4125907,404.3220491,0.001001968,0.001005531,0.001008742,0.001011081,1225.383478,1225.383478,1225.383478,4908.122778,4908.122778,4908.122778,4908.122778,4908.122778
3/14/2003,998.1612888,1036.248106,1082.745327,1118.970422,1118.77315,1082.745327,4048.50516,6529.887923,4633.673256,4075.882463,7287.405654,4633.673256,4035.802233,5076.595121,4633.673256,4092.398497,4745.484303,4633.673256,445.2373669,442.9125678,0.001001968,0.001005531,0.001008742,0.001011081,1173.13977,1173.13977,1173.13977,4688.368805,4688.368805,4688.368805,4688.368805,4688.368805
3/15/2003,947.0593614,967.5440163,1023.979331,1036.446752,1036.248106,1023.979331,4150.124041,7184.784605,4751.918066,4148.192443,6529.887923,4751.918066,4209.172417,7287.405654,4751.918066,4237.976917,5076.595121,4751.918066,409.0059242,406.8998305,0.001001968,0.001005531,0.001008742,0.001011081,1134.875995,1134.875995,1134.875995,4618.851527,4618.851527,4618.851527,4618.851527,4618.851527
3/16/2003,1075.684864,1145.23556,1141.890125,967.5697283,967.5440163,1141.890125,4739.761496,9660.745061,5387.063125,4544.338388,7184.784605,5387.063125,4563.003154,6529.887923,5387.063125,4551.682103,7287.405654,5387.063125,356.6470122,354.852068,0.001001968,0.001005531,0.001008742,0.001011081,1094.38948,1094.38948,1094.38948,4665.589161,4665.589161,4665.589161,4665.589161,4665.589161
3/17/2003,1559.194408,1641.87912,1616.64713,1143.44636,1145.23556,1616.64713,7438.474438,15202.80944,8457.463282,6909.153299,9660.745061,8457.463282,6632.204083,7184.784605,8457.463282,6414.087016,6529.887923,8457.463282,301.9121864,300.4354651,0.001001968,0.001005531,0.001008742,0.001011081,1054.032464,1054.032464,1054.032464,5097.645717,5097.645717,5097.645717,5097.645717,5097.645717
3/18/2003,2554.466918,3348.653751,2592.377234,1639.392469,1641.87912,2592.377234,8310.161577,24917.53585,9185.110063,7325.737907,15202.80944,9185.110063,6668.356114,9660.745061,9185.110063,6102.225438,7184.784605,9185.110063,170.6170069,169.8651332,0.001001968,0.001005531,0.001008742,0.001011081,1034.919623,1034.919623,1034.919623,5541.911067,5541.911067,5541.911067,5541.911067,5541.911067
3/19/2003,4025.009957,7972.574481,4187.725922,3301.130888,3348.653751,4187.725922,10226.86674,31522.74157,11331.299,9359.682332,24917.53585,11331.299,8388.965234,15202.80944,11331.299,7028.613573,9660.745061,11331.299,767.531673,763.1683698,0.001001968,0.001005531,0.001008742,0.001011081,1196.272803,1196.272803,1196.272803,6187.231804,6187.231804,6187.231804,6187.231804,6187.231804
3/20/2003,6588.005143,12912.43442,7203.520874,6513.077584,7972.574481,7203.520874,14283.69481,34213.39678,16349.09356,13778.32512,31522.74157,16349.09356,12919.95172,24917.53585,16349.09356,10017.06356,15202.80944,16349.09356,2567.275032,2550.041241,0.001001968,0.001005531,0.001008742,0.001011081,1784.538925,1784.538925,1784.538925,7233.624664,7233.624664,7233.624664,7233.624664,7233.624664
3/21/2003,15479.82297,18992.563,16908.64148,13035.91441,12912.43442,16908.64148,28952.16005,35411.50616,33088.09275,25755.49623,34213.39678,33088.09275,23898.32514,31522.74157,33088.09275,17090.02252,24917.53585,33088.09275,4642.682397,4609.174866,0.001001968,0.001005531,0.001008742,0.001011081,3083.53691,3083.53691,3083.53691,9555.759143,9555.759143,9555.759143,9555.759143,9555.759143
3/22/2003,19155.02957,19802.97349,21328.29788,19619.0349,18992.563,21328.29788,37594.46775,32018.68081,43935.35679,36660.66811,35411.50616,43935.35679,34960.03722,34213.39678,43935.35679,29175.13004,31522.74157,43935.35679,7790.652873,7730.993008,0.001001968,0.001005531,0.001008742,0.001011081,5227.40905,5227.40905,5227.40905,13540.52026,13540.52026,13540.52026,13540.52026,13540.52026
3/23/2003,17658.41164,18222.84162,19772.5764,19943.44677,19802.97349,19772.5764,33953.45157,31395.48367,39852.7822,34783.24081,32018.68081,39852.7822,35726.85215,35411.50616,39852.7822,34176.71126,34213.39678,39852.7822,7910.037929,7849.36145,0.001001968,0.001005531,0.001008742,0.001011081,7809.004182,7809.004182,7809.004182,18075.86166,18075.86166,18075.86166,18075.86166,18075.86166
3/24/2003,15634.85624,16752.88153,17463.02361,18204.85785,18222.84162,17463.02361,28559.28825,32132.6171,33429.2512,29871.63689,31395.48367,33429.2512,32083.47935,32018.68081,33429.2512,33543.67514,35411.50616,33429.2512,6978.6489,6925.861011,0.001001968,0.001005531,0.001008742,0.001011081,10369.80277,10369.80277,10369.80277,22150.41709,22150.41709,22150.41709,22150.41709,22150.41709
3/25/2003,14234.84997,15183.76694,15865.14764,16598.05052,16752.88153,15865.14764,26291.53764,29227.23669,30770.56721,27520.37799,32132.6171,30770.56721,29780.61256,31395.48367,30770.56721,32009.07852,32018.68081,30770.56721,6261.628206,6214.841804,0.001001968,0.001005531,0.001008742,0.001011081,12718.78777,12718.78777,12718.78777,25940.38615,25940.38615,25940.38615,25940.38615,25940.38615
3/26/2003,13956.59339,17738.22123,15321.6892,14938.29442,15183.76694,15321.6892,24033.97257,29401.7606,27715.218,24096.41664,29227.23669,27715.218,26003.72353,32132.6171,27715.218,28310.16537,31395.48367,27715.218,5230.989562,5192.704777,0.001001968,0.001005531,0.001008742,0.001011081,14643.32588,14643.32588,14643.32588,28960.74863,28960.74863,28960.74863,28960.74863,28960.74863
3/27/2003,16179.47625,18511.34633,18153.11454,17812.58976,17738.22123,18153.11454,27161.71262,33421.71376,31946.88907,27497.22423,29401.7606,31946.88907,28712.94444,29227.23669,31946.88907,27455.26027,32132.6171,31946.88907,7361.801982,7305.780953,0.001001968,0.001005531,0.001008742,0.001011081,16380.29254,16380.29254,16380.29254,31544.16648,31544.16648,31544.16648,31544.16648,31544.16648
3/28/2003,15514.79709,18885.20014,17549.37078,18238.70998,18511.34633,17549.37078,28147.16242,34615.92432,33455.30775,29454.56022,33421.71376,33455.30775,30927.55295,29401.7606,33455.30775,31088.4963,29227.23669,33455.30775,7648.146324,7589.697922,0.001001968,0.001005531,0.001008742,0.001011081,17504.68253,17504.68253,17504.68253,33086.90389,33086.90389,33086.90389,33086.90389,33086.90389
3/29/2003,15285.09035,19247.49119,17330.09259,17539.12347,18885.20014,17330.09259,24324.2008,30080.17971,28801.41858,25258.40683,34615.92432,28801.41858,27990.21279,33421.71376,28801.41858,27602.72312,29401.7606,28801.41858,7622.403807,7564.174006,0.001001968,0.001005531,0.001008742,0.001011081,17846.3067,17846.3067,17846.3067,32703.83606,32703.83606,32703.83606,32703.83606,32703.83606
3/30/2003,18839.77588,20364.40788,21187.73039,19932.21685,19247.49119,21187.73039,28483.93678,26194.02204,33342.42806,28204.46151,30080.17971,33342.42806,29389.38884,34615.92432,33342.42806,28431.42021,33421.71376,33342.42806,7964.225772,7903.087353,0.001001968,0.001005531,0.001008742,0.001011081,17871.35808,17871.35808,17871.35808,31832.93931,31832.93931,31832.93931,31832.93931,31832.93931
3/31/2003,18336.46929,17438.03788,20943.26189,20993.69315,20364.40788,20943.26189,30113.54629,21320.35075,35966.60985,31062.69405,26194.02204,35966.60985,33032.26865,30080.17971,35966.60985,32244.76235,34615.92432,35966.60985,9457.195369,9383.213185,0.001001968,0.001005531,0.001008742,0.001011081,18141.16655,18141.16655,18141.16655,31510.31692,31510.31692,31510.31692,31510.31692,31510.31692
4/1/2003,12468.47596,9285.399594,14415.86847,17544.5229,17438.03788,14415.86847,23987.78134,17261.13805,28918.57744,27702.64812,21320.35075,28918.57744,30065.38423,26194.02204,28918.57744,33283.80736,30080.17971,28918.57744,7396.321188,7340.00803,0.001001968,0.001005531,0.001008742,0.001011081,18256.11796,18256.11796,18256.11796,31439.56601,31439.56601,31439.56601,31439.56601,31439.56601
4/2/2003,7371.289884,7918.247754,8014.871872,9348.751005,9285.399594,8014.871872,14887.87012,16740.80807,17019.35701,16424.07042,17261.13805,17019.35701,20070.42769,21320.35075,17019.35701,25943.45967,26194.02204,17019.35701,2515.523871,2498.681096,0.001001968,0.001005531,0.001008742,0.001011081,17801.19033,17801.19033,17801.19033,31248.0436,31248.0436,31248.0436,31248.0436,31248.0436
4/3/2003,6756.643657,6509.646779,7393.836233,7951.54948,7918.247754,7393.836233,13380.55964,15520.73969,15311.91931,14150.63507,16740.80807,15311.91931,15957.54598,17261.13805,15311.91931,19430.30564,21320.35075,15311.91931,2513.274536,2496.448737,0.001001968,0.001005531,0.001008742,0.001011081,16652.9521,16652.9521,16652.9521,30156.96929,30156.96929,30156.96929,30156.96929,30156.96929
4/4/2003,5753.416231,7193.808355,6250.947241,6527.547221,6509.646779,6250.947241,12888.75558,15145.4715,14762.4153,13295.26474,15520.73969,14762.4153,14496.80843,16740.80807,14762.4153,16762.27527,17261.13805,14762.4153,2002.761007,1989.740189,0.001001968,0.001005531,0.001008742,0.001011081,15137.18665,15137.18665,15137.18665,27999.11132,27999.11132,27999.11132,27999.11132,27999.11132
4/5/2003,6812.871501,8865.674901,7562.221842,7217.253789,7193.808355,7562.221842,13203.50384,14670.02718,15300.24154,13098.76169,15145.4715,15300.24154,14007.11363,15520.73969,15300.24154,14098.46024,16740.80807,15300.24154,3017.970599,2997.295731,0.001001968,0.001005531,0.001008742,0.001011081,13573.73026,13573.73026,13573.73026,25821.90996,25821.90996,25821.90996,25821.90996,25821.90996
4/6/2003,7577.267158,7286.178928,8687.747577,8887.907956,8865.674901,8687.747577,14995.44164,13236.52837,17857.83333,15536.29249,14670.02718,17857.83333,16185.43387,15145.4715,17857.83333,15422.19484,15520.73969,17857.83333,4433.578397,4401.753969,0.001001968,0.001005531,0.001008742,0.001011081,12056.11775,12056.11775,12056.11775,23601.36576,23601.36576,23601.36576,23601.36576,23601.36576
4/7/2003,6074.35121,6061.39658,6880.556056,7302.223911,7286.178928,6880.556056,12443.24075,12804.10616,14653.67428,13108.12838,13236.52837,14653.67428,14179.64121,14670.02718,14653.67428,15333.63671,15145.4715,14653.67428,3295.213644,3272.392922,0.001001968,0.001005531,0.001008742,0.001011081,10195.05765,10195.05765,10195.05765,20925.16667,20925.16667,20925.16667,20925.16667,20925.16667
4/8/2003,5211.962119,5637.84667,5840.444683,6073.740843,6061.39658,5840.444683,10509.25234,13015.8437,12245.39665,10939.85489,12804.10616,12245.39665,11975.73924,13236.52837,12245.39665,13303.76558,14670.02718,12245.39665,2612.227005,2594.652849,0.001001968,0.001005531,0.001008742,0.001011081,8526.852748,8526.852748,8526.852748,18238.79536,18238.79536,18238.79536,18238.79536,18238.79536
4/9/2003,4899.597652,5066.983462,5496.834092,5647.579264,5637.84667,5496.834092,10545.46334,14293.11037,12319.95194,10869.4945,13015.8437,12319.95194,11639.58539,12804.10616,12319.95194,12498.81787,13236.52837,12319.95194,2499.7531,2483.029306,0.001001968,0.001005531,0.001008742,0.001011081,7586.388416,7586.388416,7586.388416,16095.85857,16095.85857,16095.85857,16095.85857,16095.85857
4/10/2003,4578.108748,5800.936913,5086.870846,5063.785141,5066.983462,5086.870846,10044.56169,15521.26332,11654.47122,10163.21301,14293.11037,11654.47122,10779.11878,13015.8437,11654.47122,11587.35734,12804.10616,11654.47122,2154.607423,2140.465308,0.001001968,0.001005531,0.001008742,0.001011081,7016.248502,7016.248502,7016.248502,14693.5661,14693.5661,14693.5661,14693.5661,14693.5661
4/11/2003,5181.728962,7664.438373,5752.706599,5410.652452,5800.936913,5752.706599,11074.24118,15911.59411,12846.66648,10904.2094,15521.26332,12846.66648,11250.4531,14293.11037,12846.66648,11181.27313,13015.8437,12846.66648,2385.597381,2369.732256,0.001001968,0.001005531,0.001008742,0.001011081,6714.949154,6714.949154,6714.949154,14091.47407,14091.47407,14091.47407,14091.47407,14091.47407
4/12/2003,7803.946187,10410.62888,8696.655895,7683.168963,7664.438373,8696.655895,14419.6495,16116.39559,16775.71064,13718.2762,15911.59411,16775.71064,13628.59859,15521.26332,16775.71064,12146.23665,14293.11037,16775.71064,3458.427186,3434.333796,0.001001968,0.001005531,0.001008742,0.001011081,6621.20977,6621.20977,6621.20977,13901.35249,13901.35249,13901.35249,13901.35249,13901.35249
4/13/2003,10123.78646,11611.13169,11484.67469,10449.33481,10410.62888,11484.67469,17152.51425,17506.39964,20306.61961,16573.02575,16116.39559,20306.61961,16768.22758,15911.59411,20306.61961,14566.22202,15521.26332,20306.61961,5277.372984,5238.709067,0.001001968,0.001005531,0.001008742,0.001011081,6746.559184,6746.559184,6746.559184,13928.41467,13928.41467,13928.41467,13928.41467,13928.41467
4/14/2003,9771.158751,10656.29493,11213.75189,11432.20432,11611.13169,11213.75189,16297.36734,17882.44582,19489.4744,16996.77182,17506.39964,19489.4744,17595.7989,16116.39559,19489.4744,16611.46205,15911.59411,19489.4744,5642.555153,5600.894413,0.001001968,0.001005531,0.001008742,0.001011081,7183.67102,7183.67102,7183.67102,14180.70084,14180.70084,14180.70084,14180.70084,14180.70084
4/15/2003,8711.759447,10706.50771,9871.959795,10132.99013,10656.29493,9871.959795,13644.1749,16364.80771,16096.92843,14321.39099,17882.44582,16096.92843,15710.67948,17506.39964,16096.92843,16185.42568,16116.39559,16096.92843,4552.645466,4519.863657,0.001001968,0.001005531,0.001008742,0.001011081,7743.239699,7743.239699,7743.239699,14564.15136,14564.15136,14564.15136,14564.15136,14564.15136
4/16/2003,9286.589245,10376.82275,10595.61332,10647.41441,10706.50771,10595.61332,13326.81129,14560.46489,15803.31118,13893.39898,16364.80771,15803.31118,15449.33087,17882.44582,15803.31118,15059.65664,17506.39964,15803.31118,4962.112436,4926.018418,0.001001968,0.001005531,0.001008742,0.001011081,8474.600867,8474.600867,8474.600867,15049.47534,15049.47534,15049.47534,15049.47534,15049.47534
4/17/2003,8943.096363,8677.770159,10295.75709,10655.81141,10376.82275,10295.75709,14364.23965,13463.8434,17195.58156,15219.78828,14560.46489,17195.58156,16585.51539,16364.80771,17195.58156,16964.28457,17882.44582,17195.58156,5135.976195,5098.466939,0.001001968,0.001005531,0.001008742,0.001011081,9272.815852,9272.815852,9272.815852,15745.85615,15745.85615,15745.85615,15745.85615,15745.85615
4/18/2003,7142.414761,7205.866446,8174.385003,8768.976437,8677.770159,8174.385003,12543.16777,12598.34258,14921.07883,13494.51683,13463.8434,14921.07883,14850.85367,14560.46489,14921.07883,16639.9238,16364.80771,14921.07883,4037.977315,4009.313823,0.001001968,0.001005531,0.001008742,0.001011081,9840.424548,9840.424548,9840.424548,16405.56567,16405.56567,16405.56567,16405.56567,16405.56567
4/19/2003,6042.618877,7469.185657,6809.748986,6998.39087,7205.866446,6809.748986,10464.33667,12928.19706,12258.9054,10925.48234,12598.34258,12258.9054,12252.10351,13463.8434,12258.9054,13950.26304,14560.46489,12258.9054,3060.904576,3039.89877,0.001001968,0.001005531,0.001008742,0.001011081,9957.350577,9957.350577,9957.350577,16663.80677,16663.80677,16663.80677,16663.80677,16663.80677
4/20/2003,6309.35758,7647.712749,7181.826636,7275.444575,7469.185657,7181.826636,10502.75639,13068.19722,12406.70135,10919.16307,12928.19706,12406.70135,11934.09131,12598.34258,12406.70135,12232.5919,13463.8434,12406.70135,3420.906111,3397.105885,0.001001968,0.001005531,0.001008742,0.001011081,9682.474135,9682.474135,9682.474135,16359.71136,16359.71136,16359.71136,16359.71136,16359.71136
4/21/2003,6191.279369,7385.35866,7059.273648,7177.3992,7647.712749,7059.273648,10763.49626,12222.33528,12737.42564,11200.1696,13068.19722,12737.42564,12121.79981,12928.19706,12737.42564,12440.87139,12598.34258,12737.42564,3356.961382,3333.65997,0.001001968,0.001005531,0.001008742,0.001011081,9200.859475,9200.859475,9200.859475,15754.09104,15754.09104,15754.09104,15754.09104,15754.09104
4/22/2003,6581.550241,7337.049653,7482.023153,7383.207012,7385.35866,7482.023153,10630.08042,10850.43924,12523.65927,10899.66425,12222.33528,12523.65927,11848.09987,13068.19722,12523.65927,11706.8539,12928.19706,12523.65927,3334.927087,3311.797317,0.001001968,0.001005531,0.001008742,0.001011081,8788.196229,8788.196229,8788.196229,15073.37918,15073.37918,15073.37918,15073.37918,15073.37918
4/23/2003,6617.154254,6449.363242,7597.324628,7685.102939,7337.049653,7597.324628,11015.4166,10288.65564,13104.50618,11486.98401,10850.43924,13104.50618,12302.11761,12222.33528,13104.50618,12370.47288,13068.19722,13104.50618,3669.8386,3644.08701,0.001001968,0.001005531,0.001008742,0.001011081,8310.400168,8310.400168,8310.400168,14493.84318,14493.84318,14493.84318,14493.84318,14493.84318
4/24/2003,5564.856988,6197.161814,6366.261225,6518.158476,6449.363242,6366.261225,9867.386431,11181.54517,11701.48764,10311.75663,10288.65564,11701.48764,11221.02294,10850.43924,11701.48764,12320.75179,12222.33528,11701.48764,3124.487744,3102.990896,0.001001968,0.001005531,0.001008742,0.001011081,7725.799401,7725.799401,7725.799401,13802.36286,13802.36286,13802.36286,13802.36286,13802.36286
4/25/2003,5029.262944,6284.143849,5741.709828,5863.013819,6197.161814,5741.709828,8588.301062,11820.31329,10153.57123,8977.271755,11181.54517,10153.57123,9834.066424,10288.65564,10153.57123,10614.71009,10850.43924,10153.57123,2816.959381,2797.826876,0.001001968,0.001005531,0.001008742,0.001011081,7278.118259,7278.118259,7278.118259,13010.57203,13010.57203,13010.57203,13010.57203,13010.57203
4/26/2003,5290.98528,6665.526769,6028.268121,6020.382929,6284.143849,6028.268121,8617.741332,11601.03125,10150.86888,8914.160511,11820.31329,10150.86888,9668.255673,11181.54517,10150.86888,9616.47889,10288.65564,10150.86888,2804.26011,2785.224645,0.001001968,0.001005531,0.001008742,0.001011081,7062.45573,7062.45573,7062.45573,12345.8161,12345.8161,12345.8161,12345.8161,12345.8161
4/27/2003,6729.029533,8155.089304,7598.740192,6905.617887,6665.526769,7598.740192,10187.77761,11090.19282,11913.55335,9868.658241,11601.03125,11913.55335,10330.38085,11820.31329,11913.55335,9851.619432,11181.54517,11913.55335,3197.273251,3175.212944,0.001001968,0.001005531,0.001008742,0.001011081,6937.089197,6937.089197,6937.089197,11937.36448,11937.36448,11937.36448,11937.36448,11937.36448
4/28/2003,7067.396366,6712.670461,8196.432204,8233.041032,8155.089304,8196.432204,10930.68053,9364.794638,13141.99001,11402.34116,11090.19282,13141.99001,11921.28275,11601.03125,13141.99001,11027.21198,11820.31329,13141.99001,4322.041369,4291.111308,0.001001968,0.001005531,0.001008742,0.001011081,6992.827939,6992.827939,6992.827939,11719.02841,11719.02841,11719.02841,11719.02841,11719.02841
4/29/2003,5559.96087,5188.824503,6425.611086,6816.759805,6712.670461,6425.611086,9530.618219,8102.073993,11396.104,10242.87351,9364.794638,11396.104,11341.49948,11090.19282,11396.104,12087.90103,11601.03125,11396.104,3379.070756,3355.596991,0.001001968,0.001005531,0.001008742,0.001011081,6931.654192,6931.654192,6931.654192,11621.46394,11621.46394,11621.46394,11621.46394,11621.46394
4/30/2003,4452.027891,4810.954372,5073.317608,5273.871454,5188.824503,5073.317608,7472.619075,8623.753165,8803.115378,7913.863193,8102.073993,8803.115378,8946.292079,9364.794638,8803.115378,10454.1096,11090.19282,8803.115378,2472.201815,2455.685673,0.001001968,0.001005531,0.001008742,0.001011081,6657.151853,6657.151853,6657.151853,11402.74708,11402.74708,11402.74708,11402.74708,11402.74708
5/1/2003,4083.882978,4417.856746,4653.737789,4741.874306,4810.954372,4653.737789,7199.367874,8857.25931,8482.52658,7498.732876,8623.753165,8482.52658,8242.750208,8102.073993,8482.52658,9127.198192,9364.794638,8482.52658,2309.425172,2294.130434,0.001001968,0.001005531,0.001008742,0.001011081,6405.207599,6405.207599,6405.207599,11054.3137,11054.3137,11054.3137,11054.3137,11054.3137
5/2/2003,4028.279165,4687.956117,4536.775187,4422.925214,4417.856746,4536.775187,6913.025666,8319.164223,8061.373672,6994.296655,8857.25931,8061.373672,7517.66808,8623.753165,8061.373672,8080.303021,8102.073993,8061.373672,2044.439572,2031.111928,0.001001968,0.001005531,0.001008742,0.001011081,6178.065254,6178.065254,6178.065254,10638.71454,10638.71454,10638.71454,10638.71454,10638.71454
5/3/2003,4264.013531,4930.445651,4847.550669,4780.940416,4687.956117,4847.550669,6715.194688,7861.572144,7894.050816,6878.828146,8319.164223,7894.050816,7321.627074,8857.25931,7894.050816,7212.615857,8623.753165,7894.050816,2360.202772,2344.528037,0.001001968,0.001005531,0.001008742,0.001011081,5970.95403,5970.95403,5970.95403,10232.23852,10232.23852,10232.23852,10232.23852,10232.23852
5/4/2003,4294.461085,4457.925308,4954.400559,4998.239334,4930.445651,4954.400559,7529.26227,7850.697327,8981.556959,7806.749549,7861.572144,8981.556959,8402.005843,8319.164223,8981.556959,8213.738232,8857.25931,8981.556959,2710.866179,2692.542859,0.001001968,0.001005531,0.001008742,0.001011081,5734.615112,5734.615112,5734.615112,9922.196631,9922.196631,9922.196631,9922.196631,9922.196631
5/5/2003,3778.14167,3917.865374,4341.598472,4456.186916,4457.925308,4341.598472,7098.076838,7851.061042,8429.904101,7403.008268,7850.697327,8429.904101,7983.678312,7861.572144,8429.904101,8539.851152,8319.164223,8429.904101,2356.201614,2340.556857,0.001001968,0.001005531,0.001008742,0.001011081,5274.295642,5274.295642,5274.295642,9549.672427,9549.672427,9549.672427,9549.672427,9549.672427
5/6/2003,3373.196289,3810.260376,3843.739261,3930.489842,3917.865374,3843.739261,6022.191685,7312.886206,7092.676877,6276.867864,7851.061042,7092.676877,6821.615683,7850.697327,7092.676877,7403.900233,7861.572144,7092.676877,1985.975688,1973.078231,0.001001968,0.001005531,0.001008742,0.001011081,4829.753982,4829.753982,4829.753982,8980.24687,8980.24687,8980.24687,8980.24687,8980.24687
5/7/2003,3284.973532,3738.873978,3753.916924,3807.904777,3810.260376,3753.916924,5967.335466,7017.504101,7038.791037,6187.290667,7312.886206,7038.791037,6689.490891,7851.061042,7038.791037,6898.490011,7850.697327,7038.791037,1988.55378,1975.637383,0.001001968,0.001005531,0.001008742,0.001011081,4561.108261,4561.108261,4561.108261,8434.451238,8434.451238,8434.451238,8434.451238,8434.451238
5/8/2003,3301.83225,3788.411535,3768.350629,3738.311894,3738.873978,3768.350629,6485.504299,6234.233812,7641.790392,6612.612944,7017.504101,7641.790392,7058.784107,7312.886206,7641.790392,7178.46174,7851.061042,7641.790392,1982.220624,1969.350749,0.001001968,0.001005531,0.001008742,0.001011081,4386.719143,4386.719143,4386.719143,8106.387019,8106.387019,8106.387019,8106.387019,8106.387019
5/9/2003,3270.812074,3269.326817,3748.629544,3806.082839,3788.411535,3748.629544,6534.611579,5933.51403,7724.16312,6749.189542,6234.233812,7724.16312,7118.260327,7017.504101,7724.16312,7244.769743,7312.886206,7724.16312,2031.956517,2018.720846,0.001001968,0.001005531,0.001008742,0.001011081,4278.170117,4278.170117,4278.170117,7994.362524,7994.362524,7994.362524,7994.362524,7994.362524
5/10/2003,2861.780528,3268.065175,3254.868902,3280.384354,3269.326817,3254.868902,5712.233762,6534.776751,6702.80684,5867.974808,5933.51403,6702.80684,6356.79609,6234.233812,6702.80684,6789.421297,7017.504101,6702.80684,1699.019253,1688.21114,0.001001968,0.001005531,0.001008742,0.001011081,4094.780851,4094.780851,4094.780851,7922.717927,7922.717927,7922.717927,7922.717927,7922.717927
5/11/2003,2807.156732,2915.146274,3209.544293,3223.206727,3268.065175,3209.544293,5432.187447,6585.280205,6396.581755,5582.421091,6534.776751,6396.581755,6010.315394,5933.51403,6396.581755,6222.803022,6234.233812,6396.581755,1748.309747,1737.145505,0.001001968,0.001005531,0.001008742,0.001011081,3849.42894,3849.42894,3849.42894,7694.203772,7694.203772,7694.203772,7694.203772,7694.203772
5/12/2003,2608.017934,3067.779791,2933.108151,2919.655163,2915.146274,2933.108151,4983.130442,6199.470259,5774.878301,5086.690102,6585.280205,5774.878301,5359.069466,6534.776751,5774.878301,5731.114055,5933.51403,5774.878301,1411.230394,1402.476028,0.001001968,0.001005531,0.001008742,0.001011081,3615.335816,3615.335816,3615.335816,7319.823003,7319.823003,7319.823003,7319.823003,7319.823003
5/13/2003,2822.061224,3547.787993,3188.206485,3098.78587,3067.779791,3188.206485,5004.11543,6122.572283,5826.403301,5048.721085,6199.470259,5826.403301,5351.287613,6585.280205,5826.403301,5281.131795,6534.776751,5826.403301,1590.040735,1580.015628,0.001001968,0.001005531,0.001008742,0.001011081,3473.746577,3473.746577,3473.746577,7009.997255,7009.997255,7009.997255,7009.997255,7009.997255
5/14/2003,3167.634306,3302.933216,3641.521801,3553.509795,3547.787993,3641.521801,6045.625537,5996.216966,7164.916749,6113.856241,6122.572283,7164.916749,6488.465408,6199.470259,7164.916749,6160.153185,6585.280205,7164.916749,2051.216969,2037.839363,0.001001968,0.001005531,0.001008742,0.001011081,3417.625955,3417.625955,3417.625955,6846.337275,6846.337275,6846.337275,6846.337275,6846.337275
5/15/2003,2729.641369,2685.781062,3136.621549,3305.448368,3302.933216,3136.621549,5548.835129,5416.511186,6564.152614,5847.61468,5996.216966,6564.152614,6154.710667,6122.572283,6564.152614,6504.448935,6199.470259,6564.152614,1784.015324,1772.592363,0.001001968,0.001005531,0.001008742,0.001011081,3342.573364,3342.573364,3342.573364,6686.369234,6686.369234,6686.369234,6686.369234,6686.369234
5/16/2003,2298.009481,2543.811695,2605.752381,2685.601081,2685.781062,2605.752381,4502.796968,5149.27527,5255.273959,4687.490524,5416.511186,5255.273959,5144.265282,5996.216966,5255.273959,5576.446584,6122.572283,5255.273959,1372.834368,1364.35043,0.001001968,0.001005531,0.001008742,0.001011081,3213.968949,3213.968949,3213.968949,6471.530347,6471.530347,6471.530347,6471.530347,6471.530347
5/17/2003,2212.348537,2466.990888,2511.353862,2543.405683,2543.811695,2511.353862,4599.100911,5135.778329,5373.547365,4728.905176,5149.27527,5373.547365,5079.127572,5416.511186,5373.547365,5362.459325,5996.216966,5373.547365,1339.434966,1331.185522,0.001001968,0.001005531,0.001008742,0.001011081,3099.585806,3099.585806,3099.585806,6286.907006,6286.907006,6286.907006,6286.907006,6286.907006
5/18/2003,2153.261255,2389.140343,2447.314638,2466.537662,2466.990888,2447.314638,4724.953235,5344.520325,5530.498431,4833.884712,5135.778329,5530.498431,5123.119341,5149.27527,5530.498431,5345.091629,5416.511186,5530.498431,1321.853785,1313.727492,0.001001968,0.001005531,0.001008742,0.001011081,2986.486657,2986.486657,2986.486657,6124.762508,6124.762508,6124.762508,6124.762508,6124.762508
5/19/2003,2086.733516,2344.701453,2372.371325,2388.669249,2389.140343,2372.371325,4352.036013,5127.1707,5089.65475,4460.386614,5344.520325,5089.65475,4735.285575,5135.778329,5089.65475,4894.235673,5149.27527,5089.65475,1289.218347,1281.320127,0.001001968,0.001005531,0.001008742,0.001011081,2915.150527,2915.150527,2915.150527,6007.035906,6007.035906,6007.035906,6007.035906,6007.035906
5/20/2003,2018.893854,2332.76307,2295.085501,2310.172366,2344.701453,2295.085501,4167.349924,5229.847721,4874.403983,4271.82455,5127.1707,4874.403983,4535.818527,5344.520325,4874.403983,4699.705146,5135.778329,4874.403983,1251.889737,1244.251524,0.001001968,0.001005531,0.001008742,0.001011081,2808.906788,2808.906788,2808.906788,5879.381109,5879.381109,5879.381109,5879.381109,5879.381109
5/21/2003,2066.726509,2383.86006,2344.159561,2329.957809,2332.76307,2344.159561,4322.26111,5406.830549,5048.305216,4398.251448,5229.847721,5048.305216,4633.792667,5127.1707,5048.305216,4665.888779,5344.520325,5048.305216,1250.339766,1242.712329,0.001001968,0.001005531,0.001008742,0.001011081,2639.79404,2639.79404,2639.79404,5683.997912,5683.997912,5683.997912,5683.997912,5683.997912
5/22/2003,2092.901176,2246.285193,2382.661495,2401.101384,2383.86006,2382.661495,4588.32977,6503.195283,5379.037585,4695.134532,5406.830549,5379.037585,4905.142991,5229.847721,5379.037585,4947.898942,5127.1707,5379.037585,1302.994952,1295.000538,0.001001968,0.001005531,0.001008742,0.001011081,2512.200355,2512.200355,2512.200355,5514.395251,5514.395251,5514.395251,5514.395251,5514.395251
5/23/2003,1946.582514,2281.698648,2215.483579,2228.888422,2246.285193,2215.483579,4245.454452,8624.327705,4970.723011,4341.914489,6503.195283,4970.723011,4629.478191,5406.830549,4970.723011,4770.201183,5229.847721,4970.723011,1223.570701,1216.12911,0.001001968,0.001005531,0.001008742,0.001011081,2428.509455,2428.509455,2428.509455,5354.951444,5354.951444,5354.951444,5354.951444,5354.951444
5/24/2003,2030.239273,2680.646233,2301.718711,2263.981808,2281.698648,2301.718711,4443.642656,7643.649635,5188.714379,4490.115793,8624.327705,5188.714379,4692.789414,6503.195283,5188.714379,4758.071657,5406.830549,5188.714379,1230.002132,1222.515935,0.001001968,0.001005531,0.001008742,0.001011081,2371.56455,2371.56455,2371.56455,5246.725032,5246.725032,5246.725032,5246.725032,5246.725032
5/25/2003,2203.39356,3414.954143,2506.078478,2476.810761,2680.646233,2506.078478,4856.309401,7188.478216,5684.991554,4919.854109,7643.649635,5684.991554,5089.069381,8624.327705,5684.991554,4961.069874,6503.195283,5684.991554,1356.71589,1348.345205,0.001001968,0.001005531,0.001008742,0.001011081,2355.047813,2355.047813,2355.047813,5215.676015,5215.676015,5215.676015,5215.676015,5215.676015
5/26/2003,2957.849969,3618.480455,3410.017402,3328.129233,3414.954143,3410.017402,6842.219284,6624.356016,8078.897995,6911.270655,7188.478216,8078.897995,7172.955711,7643.649635,8078.897995,6084.853267,8624.327705,8078.897995,1903.74371,1891.44884,0.001001968,0.001005531,0.001008742,0.001011081,2468.968389,2468.968389,2468.968389,5479.730308,5479.730308,5479.730308,5479.730308,5479.730308
5/27/2003,3206.599483,2690.974354,3700.557121,3728.139141,3618.480455,3700.557121,8611.382106,5595.135735,10207.56847,8770.65564,6624.356016,10207.56847,8923.157563,7188.478216,10207.56847,8820.683269,7643.649635,10207.56847,2034.409231,2021.155494,0.001001968,0.001005531,0.001008742,0.001011081,2639.554062,2639.554062,2639.554062,6102.825227,6102.825227,6102.825227,6102.825227,6102.825227
5/28/2003,2395.133675,2534.610049,2730.561109,2733.689829,2690.974354,2730.561109,5948.458081,6243.983352,6960.467494,6050.458165,5595.135735,6960.467494,6585.101449,6624.356016,6960.467494,7308.50403,7188.478216,6960.467494,1446.486974,1437.483506,0.001001968,0.001005531,0.001008742,0.001011081,2737.018071,2737.018071,2737.018071,6502.696617,6502.696617,6502.696617,6502.696617,6502.696617
5/29/2003,2231.343512,2445.612778,2549.138206,2552.210148,2534.610049,2549.138206,5151.15211,12221.96633,6027.355039,5256.185846,6243.983352,6027.355039,5590.221444,5595.135735,6027.355039,6075.762714,6624.356016,6027.355039,1395.810551,1387.164897,0.001001968,0.001005531,0.001008742,0.001011081,2773.295672,2773.295672,2773.295672,6706.285569,6706.285569,6706.285569,6706.285569,6706.285569
5/30/2003,2136.091457,3285.441532,2434.997076,2444.088275,2445.612778,2434.997076,5010.824272,16301.3584,5868.414695,5108.495809,12221.96633,5868.414695,5354.12657,6243.983352,5868.414695,5713.641998,5595.135735,5868.414695,1327.694729,1319.527544,0.001001968,0.001005531,0.001008742,0.001011081,2796.55963,2796.55963,2796.55963,6840.133603,6840.133603,6840.133603,6840.133603,6840.133603
5/31/2003,2226.915262,6522.240642,2568.95533,2664.422419,3285.441532,2568.95533,4653.22452,24001.26807,5476.631858,4866.137439,16301.3584,5476.631858,5107.808588,12221.96633,5476.631858,4932.237172,6243.983352,5476.631858,1507.84506,1498.406339,0.001001968,0.001005531,0.001008742,0.001011081,2849.854344,2849.854344,2849.854344,6879.803357,6879.803357,6879.803357,6879.803357,6879.803357
6/1/2003,6370.837414,7093.194115,7312.809853,6695.152351,6522.240642,7312.809853,12001.74738,20440.14235,13895.93287,11863.9151,24001.26807,13895.93287,11080.15211,16301.3584,13895.93287,6025.738703,12221.96633,13895.93287,3330.265988,3307.172512,0.001001968,0.001005531,0.001008742,0.001011081,3238.582641,3238.582641,3238.582641,7405.047962,7405.047962,7405.047962,7405.047962,7405.047962
6/2/2003,7158.717232,7741.794906,8191.940205,7343.975172,7093.194115,8191.940205,16626.15912,13805.27277,19590.15481,16117.52207,20440.14235,19590.15481,16700.98869,24001.26807,19590.15481,15711.38648,16301.3584,19590.15481,3949.327628,3921.368052,0.001001968,0.001005531,0.001008742,0.001011081,3798.192089,3798.192089,3798.192089,8664.629202,8664.629202,8664.629202,8664.629202,8664.629202
6/3/2003,6447.717425,6139.151728,7584.150985,7706.6676,7741.794906,7584.150985,14086.41844,12298.63924,16977.98039,14555.61573,13805.27277,16977.98039,15465.78992,20440.14235,16977.98039,16071.29707,24001.26807,16977.98039,4537.218911,4504.561293,0.001001968,0.001005531,0.001008742,0.001011081,4387.456608,4387.456608,4387.456608,9657.384529,9657.384529,9657.384529,9657.384529,9657.384529
6/4/2003,4847.697289,3694.239662,5590.808332,6165.067522,6139.151728,5590.808332,18091.54388,15580.84817,21673.75924,18740.61011,12298.63924,21673.75924,19175.09033,13805.27277,21673.75924,21024.30417,20440.14235,21673.75924,3004.014946,2983.447537,0.001001968,0.001005531,0.001008742,0.001011081,4840.759263,4840.759263,4840.759263,11836.88828,11836.88828,11836.88828,11836.88828,11836.88828
6/5/2003,3172.793943,3118.430752,3532.110678,3734.722388,3694.239662,3532.110678,13592.53018,15387.77379,16018.98477,13774.1453,15580.84817,16018.98477,14769.203,12298.63924,16018.98477,16972.03887,13805.27277,16018.98477,1503.164198,1493.758758,0.001001968,0.001005531,0.001008742,0.001011081,5125.452659,5125.452659,5125.452659,13745.26687,13745.26687,13745.26687,13745.26687,13745.26687
6/6/2003,2708.920315,4030.882302,3031.338624,3111.579363,3118.430752,3031.338624,8572.553425,11982.67961,9990.054727,8708.755437,15387.77379,9990.054727,9361.3027,15580.84817,9990.054727,10758.40568,12298.63924,9990.054727,1389.779159,1381.175988,0.001001968,0.001005531,0.001008742,0.001011081,5284.644893,5284.644893,5284.644893,14658.32189,14658.32189,14658.32189,14658.32189,14658.32189
6/7/2003,3323.91437,4968.959116,3826.292135,3867.140589,4030.882302,3826.292135,9675.642921,10029.78922,11436.01178,9836.966085,11982.67961,11436.01178,10183.30036,15387.77379,11436.01178,9877.203857,15580.84817,11436.01178,2127.864186,2113.920233,0.001001968,0.001005531,0.001008742,0.001011081,5460.649086,5460.649086,5460.649086,15428.10196,15428.10196,15428.10196,15428.10196,15428.10196
6/8/2003,4433.958758,4447.021674,5122.988205,5023.773888,4968.959116,5122.988205,15098.14222,9852.914688,17996.74542,15133.57262,10029.78922,17996.74542,15220.56927,11982.67961,17996.74542,14269.89487,15387.77379,17996.74542,2766.43771,2747.690972,0.001001968,0.001005531,0.001008742,0.001011081,5395.220957,5395.220957,5395.220957,16369.70907,16369.70907,16369.70907,16369.70907,16369.70907
6/9/2003,3936.839395,3601.708448,4528.921255,4514.118637,4447.021674,4528.921255,13536.93899,10103.83142,16115.0521,13618.11726,9852.914688,16115.0521,14107.75427,10029.78922,16115.0521,14799.3323,11982.67961,16115.0521,2442.061476,2425.7722,0.001001968,0.001005531,0.001008742,0.001011081,5037.25629,5037.25629,5037.25629,16377.16149,16377.16149,16377.16149,16377.16149,16377.16149
6/10/2003,3079.98732,2987.668019,3521.247479,3614.431317,3601.708448,3521.247479,8516.263023,9458.729576,10014.03299,8721.208553,10103.83142,10014.03299,9304.881989,9852.914688,10014.03299,10405.32402,10029.78922,10014.03299,1883.741983,1871.593231,0.001001968,0.001005531,0.001008742,0.001011081,4496.302595,4496.302595,4496.302595,15714.93234,15714.93234,15714.93234,15714.93234,15714.93234
6/11/2003,2537.546967,3364.406247,2867.812543,2956.242522,2987.668019,2867.812543,6775.319703,10763.20979,7888.979106,6952.178273,9458.729576,7888.979106,7379.263611,10103.83142,7888.979106,8352.427679,9852.914688,7888.979106,1436.5028,1427.569949,0.001001968,0.001005531,0.001008742,0.001011081,4061.22863,4061.22863,4061.22863,13732.39363,13732.39363,13732.39363,13732.39363,13732.39363
6/12/2003,2912.013036,4055.656515,3289.992961,3163.475772,3364.406247,3289.992961,8065.376585,10650.6748,9408.861108,8040.664232,10763.20979,9408.861108,8314.989297,9458.729576,9408.861108,8245.781042,10103.83142,9408.861108,1615.810922,1605.601216,0.001001968,0.001005531,0.001008742,0.001011081,3852.50842,3852.50842,3852.50842,12203.0257,12203.0257,12203.0257,12203.0257,12203.0257
6/13/2003,3788.254771,4051.683684,4270.559933,4089.307995,4055.656515,4270.559933,10483.99876,9943.703263,12163.43795,10462.65842,10650.6748,12163.43795,10324.24012,10763.20979,12163.43795,9356.605141,9458.729576,12163.43795,1877.361948,1865.259766,0.001001968,0.001005531,0.001008742,0.001011081,3860.750682,3860.750682,3860.750682,11992.32171,11992.32171,11992.32171,11992.32171,11992.32171
6/14/2003,4534.815502,6236.549521,5017.927417,4153.485349,4051.683684,5017.927417,9947.22408,10910.09148,11445.46019,9239.058391,9943.703263,11445.46019,9575.963916,10650.6748,11445.46019,9662.45092,10763.20979,11445.46019,1960.770075,1948.057636,0.001001968,0.001005531,0.001008742,0.001011081,3902.192564,3902.192564,3902.192564,11920.29065,11920.29065,11920.29065,11920.29065,11920.29065
6/15/2003,5158.921973,4539.928229,6000.44318,6261.96613,6236.549521,6000.44318,10602.72069,10311.80227,12642.08927,11142.65113,10910.09148,12642.08927,11149.35711,9943.703263,12642.08927,9907.632232,10650.6748,12642.08927,3452.264143,3428.218931,0.001001968,0.001005531,0.001008742,0.001011081,4026.240591,4026.240591,4026.240591,11194.5234,11194.5234,11194.5234,11194.5234,11194.5234
6/16/2003,3699.629763,3412.730246,4228.615086,4543.07211,4539.928229,4228.615086,8851.167294,11930.06181,10418.68486,9316.742643,10311.80227,10418.68486,10213.53878,10910.09148,10418.68486,11110.68251,9943.703263,10418.68486,2250.300967,2235.447486,0.001001968,0.001005531,0.001008742,0.001011081,4080.022603,4080.022603,4080.022603,10487.46945,10487.46945,10487.46945,10487.46945,10487.46945
6/17/2003,2825.189445,3201.577497,3175.315418,3402.591206,3412.730246,3175.315418,6139.098964,20959.70365,7104.307,6480.73959,11930.06181,7104.307,7166.505738,10311.80227,7104.307,8618.047594,10910.09148,7104.307,1526.640761,1517.068281,0.001001968,0.001005531,0.001008742,0.001011081,4069.725064,4069.725064,4069.725064,10213.83228,10213.83228,10213.83228,10213.83228,10213.83228
6/18/2003,2811.080497,3443.791459,3161.329553,3187.682454,3201.577497,3161.329553,7720.341544,28490.39296,8998.811036,7831.281037,20959.70365,8998.811036,8298.934988,11930.06181,8998.811036,8740.544054,10311.80227,8998.811036,1526.247345,1516.677667,0.001001968,0.001005531,0.001008742,0.001011081,4106.804999,4106.804999,4106.804999,10306.07934,10306.07934,10306.07934,10306.07934,10306.07934
6/19/2003,2967.82994,4098.294386,3368.980248,3402.213067,3443.791459,3368.980248,8430.362434,31883.75965,9906.018879,8552.585621,28490.39296,9906.018879,8837.356846,20959.70365,9906.018879,9063.269145,11930.06181,9906.018879,1736.809384,1725.72834,0.001001968,0.001005531,0.001008742,0.001011081,4141.326038,4141.326038,4141.326038,10346.35744,10346.35744,10346.35744,10346.35744,10346.35744
6/20/2003,3085.617855,9007.021878,3504.281848,3605.559764,4098.294386,3504.281848,10660.45598,30666.01382,12529.84026,10837.97172,31883.75965,12529.84026,10979.5685,28490.39296,12529.84026,10579.48957,20959.70365,12529.84026,1778.568514,1767.185061,0.001001968,0.001005531,0.001008742,0.001011081,4119.542107,4119.542107,4119.542107,10513.77799,10513.77799,10513.77799,10513.77799,10513.77799
6/21/2003,8285.865715,16773.59911,9539.743593,8492.041845,9007.021878,9539.743593,26586.78466,24371.30545,31551.3707,25913.19102,30666.01382,31551.3707,25362.42587,31883.75965,31551.3707,18810.89652,28490.39296,31551.3707,4659.22423,4625.583205,0.001001968,0.001005531,0.001008742,0.001011081,4529.131835,4529.131835,4529.131835,12570.7121,12570.7121,12570.7121,12570.7121,12570.7121
6/22/2003,14607.70651,13594.03668,17505.52625,17038.62163,16773.59911,17505.52625,38793.78844,17950.24654,47281.49438,39250.21029,24371.30545,47281.49438,39195.78375,30666.01382,47281.49438,31386.99057,31883.75965,47281.49438,10277.62111,10196.4933,0.001001968,0.001005531,0.001008742,0.001011081,5832.212341,5832.212341,5832.212341,16058.96987,16058.96987,16058.96987,16058.96987,16058.96987
6/23/2003,11600.01558,8402.309059,13796.15734,13931.59294,13594.03668,13796.15734,30427.71538,13786.09677,37003.99892,31198.8531,17950.24654,37003.99892,33527.12732,24371.30545,37003.99892,36316.86149,30666.01382,37003.99892,8066.42955,8004.419016,0.001001968,0.001005531,0.001008742,0.001011081,7191.130713,7191.130713,7191.130713,19549.81451,19549.81451,19549.81451,19549.81451,19549.81451
6/24/2003,7055.12775,5887.075231,8185.152457,8505.07332,8402.309059,8185.152457,17005.99121,11526.18735,20261.10796,17669.23023,13786.09677,20261.10796,19967.88939,17950.24654,20261.10796,26279.98824,24371.30545,20261.10796,4409.335589,4377.705758,0.001001968,0.001005531,0.001008742,0.001011081,8062.372815,8062.372815,8062.372815,22259.22586,22259.22586,22259.22586,22259.22586,22259.22586
6/25/2003,4864.407608,4649.785655,5551.11214,5912.090252,5887.075231,5551.11214,11293.36718,10103.28912,13261.36336,11874.60539,11526.18735,13261.36336,13272.03022,13786.09677,13261.36336,17221.75529,17950.24654,13261.36336,2785.10127,2766.212114,0.001001968,0.001005531,0.001008742,0.001011081,8541.554896,8541.554896,8541.554896,23701.14698,23701.14698,23701.14698,23701.14698,23701.14698
6/26/2003,3982.558295,4200.069089,4499.536292,4664.204111,4649.785655,4499.536292,9886.506836,9211.877396,11554.73704,10201.46436,10103.28912,11554.73704,11153.92072,11526.18735,11554.73704,13162.8913,13786.09677,11554.73704,2138.300812,2124.27956,0.001001968,0.001005531,0.001008742,0.001011081,8801.964774,8801.964774,8801.964774,24406.64623,24406.64623,24406.64623,24406.64623,24406.64623
6/27/2003,3649.260643,3879.375709,4126.059002,4208.989579,4200.069089,4126.059002,9066.833088,8572.710628,10610.6821,9284.913622,9211.877396,10610.6821,9931.816879,10103.28912,10610.6821,11001.30077,11526.18735,10610.6821,1995.970897,1982.999997,0.001001968,0.001005531,0.001008742,0.001011081,8947.685289,8947.685289,8947.685289,24362.88382,24362.88382,24362.88382,24362.88382,24362.88382
6/28/2003,3383.398124,3604.61883,3825.311216,3884.872666,3879.375709,3825.311216,8350.527591,8069.729916,9774.344393,8534.590062,8572.710628,9774.344393,9046.295342,9211.877396,9774.344393,9745.049178,10103.28912,9774.344393,1868.633635,1856.595133,0.001001968,0.001005531,0.001008742,0.001011081,8527.036334,8527.036334,8527.036334,22302.20006,22302.20006,22302.20006,22302.20006,22302.20006
6/29/2003,3151.051101,3377.016653,3559.774142,3607.884499,3604.61883,3559.774142,7630.346352,7655.457908,8922.373164,7795.869125,8069.729916,8922.373164,8245.361323,8572.710628,8922.373164,8772.950636,9211.877396,8922.373164,1743.836582,1732.704708,0.001001968,0.001005531,0.001008742,0.001011081,6968.447923,6968.447923,6968.447923,18636.33627,18636.33627,18636.33627,18636.33627,18636.33627
6/30/2003,2957.306715,3187.331237,3338.637008,3378.778264,3377.016653,3338.637008,7119.474845,7283.226971,8318.057174,7269.729224,7655.457908,8318.057174,7675.106123,8069.729916,8318.057174,8098.134361,8572.710628,8318.057174,1639.841726,1629.459566,0.001001968,0.001005531,0.001008742,0.001011081,5392.391074,5392.391074,5392.391074,14821.9618,14821.9618,14821.9618,14821.9618,14821.9618
7/1/2003,2795.07473,3023.508311,3153.912251,3188.061897,3187.331237,3153.912251,6729.416151,6967.696245,7857.732027,6866.973257,7283.226971,7857.732027,7236.797445,7655.457908,7857.732027,7595.909722,8069.729916,7857.732027,1553.905529,1544.138669,0.001001968,0.001005531,0.001008742,0.001011081,4446.643109,4446.643109,4446.643109,11889.33627,11889.33627,11889.33627,11889.33627,11889.33627
7/2/2003,2654.401361,2879.347037,2994.015178,3023.524987,3023.508311,2994.015178,6390.998471,6645.624311,7460.425672,6517.906276,6967.696245,7460.425672,6860.016965,7283.226971,7460.425672,7184.200409,7655.457908,7460.425672,1480.017358,1470.776307,0.001001968,0.001005531,0.001008742,0.001011081,3924.523757,3924.523757,3924.523757,10143.05848,10143.05848,10143.05848,10143.05848,10143.05848
7/3/2003,2530.16933,2750.523736,2853.031723,2878.870407,2879.347037,2853.031723,6099.639944,6332.081141,7119.005278,6217.487032,6645.624311,7119.005278,6536.661614,6967.696245,7119.005278,6827.555548,7283.226971,7119.005278,1415.299324,1406.516247,0.001001968,0.001005531,0.001008742,0.001011081,3599.138109,3599.138109,3599.138109,9106.747156,9106.747156,9106.747156,9106.747156,9106.747156
7/4/2003,2418.825814,2634.983855,2726.830798,2749.709539,2750.523736,2726.830798,5836.351529,6038.028514,6810.527148,5946.559826,6332.081141,6810.527148,6246.397342,6645.624311,6810.527148,6509.85075,6967.696245,6810.527148,1357.623876,1349.246816,0.001001968,0.001005531,0.001008742,0.001011081,3358.482666,3358.482666,3358.482666,8423.22984,8423.22984,8423.22984,8423.22984,8423.22984
7/5/2003,2337.620891,2530.465909,2632.496211,2633.941092,2634.983855,2632.496211,5632.280675,6479.421579,6568.447911,5716.717961,6038.028514,6568.447911,5999.780821,6332.081141,6568.447911,6238.28678,6645.624311,6568.447911,1306.517442,1298.498414,0.001001968,0.001005531,0.001008742,0.001011081,3162.448684,3162.448684,3162.448684,7913.54419,7913.54419,7913.54419,7913.54419,7913.54419
7/6/2003,2205.498513,2388.692688,2484.275648,2529.270671,2530.465909,2484.275648,5360.574954,5673.451068,6249.900458,5483.782257,6479.421579,6249.900458,5729.888093,6038.028514,6249.900458,5963.76026,6332.081141,6249.900458,1241.983162,1234.413794,0.001001968,0.001005531,0.001008742,0.001011081,2993.420705,2993.420705,2993.420705,7494.58893,7494.58893,7494.58893,7494.58893,7494.58893
7/7/2003,2116.523338,2307.703977,2377.359317,2383.766461,2388.692688,2377.359317,5165.341445,4707.990592,6005.403161,5245.743634,5673.451068,6005.403161,5510.320775,6479.421579,6005.403161,5679.043169,6038.028514,6005.403161,1167.967753,1160.910581,0.001001968,0.001005531,0.001008742,0.001011081,2844.308791,2844.308791,2844.308791,7136.217876,7136.217876,7136.217876,7136.217876,7136.217876
7/8/2003,2076.941844,2409.739468,2317.347229,2306.918573,2307.703977,2317.347229,5044.698394,4679.930734,5834.568857,5103.466433,4707.990592,5834.568857,5269.199112,5673.451068,5834.568857,5470.596618,6479.421579,5834.568857,1077.365549,1070.929886,0.001001968,0.001005531,0.001008742,0.001011081,2702.700785,2702.700785,2702.700785,6817.332231,6817.332231,6817.332231,6817.332231,6817.332231
7/9/2003,2352.34642,2372.751507,2616.257486,2405.625041,2409.739468,2616.257486,5707.644919,6295.669844,6614.596526,5563.87674,4679.930734,6614.596526,5756.868933,4707.990592,6614.596526,5779.498288,5673.451068,6614.596526,1182.807847,1175.648291,0.001001968,0.001005531,0.001008742,0.001011081,2602.885997,2602.885997,2602.885997,6625.491543,6625.491543,6625.491543,6625.491543,6625.491543
7/10/2003,1921.310166,1445.977985,2143.131125,2368.615755,2372.751507,2143.131125,4707.054447,6853.410013,5444.938551,4994.387723,6295.669844,5444.938551,5013.750136,4679.930734,5444.938551,5285.934835,4707.990592,5444.938551,1003.272818,997.3406086,0.001001968,0.001005531,0.001008742,0.001011081,2499.474519,2499.474519,2499.474519,6376.01709,6376.01709,6376.01709,6376.01709,6376.01709
7/11/2003,1690.343448,2664.011319,1731.282401,1445.381941,1445.977985,1731.282401,3723.967442,6615.388081,4045.477992,3450.699225,6853.410013,4045.477992,3464.395127,6295.669844,4045.477992,4231.66889,4679.930734,4045.477992,99.08581023,98.69473387,0.001001968,0.001005531,0.001008742,0.001011081,2308.288883,2308.288883,2308.288883,6066.876461,6066.876461,6066.876461,6066.876461,6066.876461
7/12/2003,2782.567177,4144.148434,3011.540454,2665.924905,2664.011319,3011.540454,4866.316448,6081.243263,5476.270063,4604.256972,6615.388081,5476.270063,4473.398492,6853.410013,5476.270063,3652.915507,6295.669844,5476.270063,1007.571616,1001.61032,0.001001968,0.001005531,0.001008742,0.001011081,2259.360291,2259.360291,2259.360291,5791.085621,5791.085621,5791.085621,5791.085621,5791.085621
7/13/2003,3572.506605,3059.665448,4110.18461,4145.508521,4144.148434,4110.18461,7450.124045,5594.230252,8869.453191,7642.133259,6081.243263,8869.453191,7917.994537,6615.388081,8869.453191,6443.216639,6853.410013,8869.453191,2321.263713,2305.880465,0.001001968,0.001005531,0.001008742,0.001011081,2459.133451,2459.133451,2459.133451,5799.871325,5799.871325,5799.871325,5799.871325,5799.871325
7/14/2003,2415.474816,2117.002328,2727.381945,3058.392425,3059.665448,2727.381945,6084.903714,4939.516659,7138.984916,6488.430683,5594.230252,7138.984916,6871.534821,6081.243263,7138.984916,7770.253933,6615.388081,7138.984916,1401.273436,1392.589284,0.001001968,0.001005531,0.001008742,0.001011081,2567.944764,2567.944764,2567.944764,5946.320184,5946.320184,5946.320184,5946.320184,5946.320184
7/15/2003,1827.93117,1976.681058,2008.646747,2115.186886,2117.002328,2008.646747,4002.823481,4747.079749,4578.455513,4162.572825,4939.516659,4578.455513,4669.253532,5594.230252,4578.455513,5474.130232,6081.243263,4578.455513,834.6441153,829.8397334,0.001001968,0.001005531,0.001008742,0.001011081,2595.163086,2595.163086,2595.163086,6030.304512,6030.304512,6030.304512,6030.304512,6030.304512
7/16/2003,1827.969157,2189.22577,2004.644087,1975.465766,1976.681058,2004.644087,4211.21319,5476.608796,4822.997294,4228.18734,4747.079749,4822.997294,4475.367361,4939.516659,4822.997294,4941.759753,5594.230252,4822.997294,818.9473326,814.2465398,0.001001968,0.001005531,0.001008742,0.001011081,2550.944971,2550.944971,2550.944971,5901.894903,5901.894903,5901.894903,5901.894903,5901.894903
7/17/2003,1943.292953,1806.233252,2164.055731,2188.369971,2189.22577,2164.055731,4520.566061,4422.904802,5236.087634,4603.038558,5476.608796,5236.087634,4750.588791,4747.079749,5236.087634,4752.764149,4939.516659,5236.087634,1017.582337,1011.553248,0.001001968,0.001005531,0.001008742,0.001011081,2542.557019,2542.557019,2542.557019,5821.726675,5821.726675,5821.726675,5821.726675,5821.726675
7/18/2003,1491.033827,1496.947546,1640.502524,1804.557696,1806.233252,1640.502524,3887.982238,4540.720668,4464.716739,4085.698707,4422.904802,4464.716739,4248.598602,5476.608796,4464.716739,4611.647609,4747.079749,4464.716739,702.4892786,698.548677,0.001001968,0.001005531,0.001008742,0.001011081,2598.575555,2598.575555,2598.575555,5813.939157,5813.939157,5813.939157,5813.939157,5813.939157
7/19/2003,1596.141563,2525.396568,1711.730733,1496.014811,1496.947546,1711.730733,3818.212383,11041.10277,4310.288516,3628.156545,4540.720668,4310.288516,3847.989021,4422.904802,4310.288516,4097.088687,5476.608796,4310.288516,544.5631627,541.6264491,0.001001968,0.001005531,0.001008742,0.001011081,2497.78616,2497.78616,2497.78616,5796.60967,5796.60967,5796.60967,5796.60967,5796.60967
7/20/2003,2229.329888,1466.715571,2523.461047,2524.689269,2525.396568,2523.461047,5208.001481,11235.08542,6111.332354,5285.406945,11041.10277,6111.332354,5276.597028,4540.720668,6111.332354,4750.818945,4422.904802,6111.332354,1339.004568,1330.75814,0.001001968,0.001005531,0.001008742,0.001011081,2257.833356,2257.833356,2257.833356,5613.664865,5613.664865,5613.664865,5613.664865,5613.664865
7/21/2003,950.0702043,1116.086124,1023.982627,1442.987872,1466.715571,1023.982627,3314.355819,9583.988077,3773.257939,3736.896227,11235.08542,3773.257939,3848.713022,11041.10277,3773.257939,4653.949942,4540.720668,3773.257939,350.6541596,348.8944279,0.001001968,0.001005531,0.001008742,0.001011081,2018.720403,2018.720403,2018.720403,5223.102033,5223.102033,5223.102033,5223.102033,5223.102033
7/22/2003,1989.217954,4369.352075,2018.187673,1104.447545,1116.086124,2018.187673,4570.514637,8886.540259,4936.229801,3677.781001,9583.988077,4936.229801,3694.72431,11235.08542,4936.229801,3514.192805,11041.10277,4936.229801,0.001000564,0.001006515,0.001001968,0.001005531,0.001008742,0.001011081,1827.235591,1827.235591,1827.235591,5016.730436,5016.730436,5016.730436,5016.730436,5016.730436
7/23/2003,4940.478972,6813.628214,5427.802611,4378.521409,4369.352075,5427.802611,13220.76134,8288.088793,15428.08061,12228.1827,8886.540259,15428.08061,11309.04502,9583.988077,15428.08061,9633.376327,11235.08542,15428.08061,2065.561929,2052.078511,0.001001968,0.001005531,0.001008742,0.001011081,1981.587226,1981.587226,1981.587226,5855.32109,5855.32109,5855.32109,5855.32109,5855.32109
7/24/2003,5525.810313,3898.047854,6451.474443,6817.279251,6813.628214,6451.474443,13518.7599,7184.216507,16324.47147,14102.1153,8288.088793,16324.47147,14152.80404,8886.540259,16324.47147,11500.7065,9583.988077,16324.47147,3839.106397,3812.019656,0.001001968,0.001005531,0.001008742,0.001011081,2545.320235,2545.320235,2545.320235,6900.008118,6900.008118,6900.008118,6900.008118,6900.008118
7/25/2003,2922.261113,2272.088052,3254.07504,3904.825889,3898.047854,3254.07504,7999.143477,6933.172876,9343.504095,8702.09615,7184.216507,9343.504095,9449.367827,8288.088793,9343.504095,11497.66744,8886.540259,9343.504095,1483.780069,1474.512316,0.001001968,0.001005531,0.001008742,0.001011081,2912.28073,2912.28073,2912.28073,7811.84694,7811.84694,7811.84694,7811.84694,7811.84694
7/26/2003,1956.265645,2422.850356,2093.334773,2277.808482,2272.088052,2093.334773,4031.210098,5950.991011,4513.505809,4253.584027,6933.172876,4513.505809,5126.504082,7184.216507,4513.505809,6660.710746,8288.088793,4513.505809,647.2720657,643.6862999,0.001001968,0.001005531,0.001008742,0.001011081,3112.892046,3112.892046,3112.892046,8388.426638,8388.426638,8388.426638,8388.426638,8388.426638
7/27/2003,2044.798681,2610.140574,2253.574518,2416.407184,2422.850356,2253.574518,5157.540752,5594.463909,5950.780602,5361.816217,5950.991011,5950.780602,5680.735002,6933.172876,5950.780602,6263.465807,7184.216507,5950.780602,973.7303521,967.9975997,0.001001968,0.001005531,0.001008742,0.001011081,3156.962301,3156.962301,3156.962301,8612.196731,8612.196731,8612.196731,8612.196731,8612.196731
7/28/2003,2325.108488,2637.489433,2576.308973,2610.799545,2610.140574,2576.308973,5860.229696,4628.790941,6786.426042,5951.840486,5594.463909,6786.426042,6108.424381,5950.991011,6786.426042,6074.679176,6933.172876,6786.426042,1143.812234,1136.921368,0.001001968,0.001005531,0.001008742,0.001011081,3306.966217,3306.966217,3306.966217,8857.576919,8857.576919,8857.576919,8857.576919,8857.576919
7/29/2003,2300.277258,1868.958716,2563.576113,2641.156197,2637.489433,2563.576113,5928.404147,3244.014139,6900.930478,6058.841841,4628.790941,6900.930478,6254.863188,5594.463909,6900.930478,6399.19201,5950.991011,6900.930478,1198.398707,1191.131418,0.001001968,0.001005531,0.001008742,0.001011081,3523.329136,3523.329136,3523.329136,9095.901135,9095.901135,9095.901135,9095.901135,9095.901135
7/30/2003,1622.061795,1696.651403,1782.66651,1868.553355,1868.958716,1782.66651,4322.521737,4465.085603,4971.745764,4437.33767,3244.014139,4971.745764,4872.789525,4628.790941,4971.745764,5443.845651,5594.463909,4971.745764,767.9167195,763.5508995,0.001001968,0.001005531,0.001008742,0.001011081,3383.089713,3383.089713,3383.089713,8305.803369,8305.803369,8305.803369,8305.803369,8305.803369
7/31/2003,1475.576066,1452.801681,1623.434735,1669.621911,1696.651403,1623.434735,3890.838925,5395.546761,4473.013829,3965.221494,4465.085603,4473.013829,4205.220436,3244.014139,4473.013829,4687.886969,4628.790941,4473.013829,715.3529491,711.3291409,0.001001968,0.001005531,0.001008742,0.001011081,2767.933818,2767.933818,2767.933818,7273.209776,7273.209776,7273.209776,7273.209776,7273.209776
8/1/2003,1267.570981,1502.616364,1340.790327,1301.676656,1452.801681,1340.790327,3341.271363,9643.156855,3747.335823,3310.263567,5395.546761,3747.335823,3369.298424,4465.085603,3747.335823,3885.794913,3244.014139,3747.335823,352.5317158,350.7609613,0.001001968,0.001005531,0.001008742,0.001011081,2325.025904,2325.025904,2325.025904,6265.86004,6265.86004,6265.86004,6265.86004,6265.86004
8/2/2003,1761.061753,3246.461714,1832.371122,1550.825491,1502.616364,1832.371122,3085.549488,14758.26054,3335.974777,2838.912871,9643.156855,3335.974777,2680.092706,5395.546761,3335.974777,2627.449856,4465.085603,3335.974777,260.2569689,259.0168172,0.001001968,0.001005531,0.001008742,0.001011081,2085.134056,2085.134056,2085.134056,5488.405276,5488.405276,5488.405276,5488.405276,5488.405276
8/3/2003,2840.016967,5071.414657,3109.016501,2670.392454,3246.461714,3109.016501,5491.196289,15610.90203,6285.129641,5131.078096,14758.26054,6285.129641,5117.735337,9643.156855,6285.129641,4106.914173,5395.546761,6285.129641,1209.059973,1201.718915,0.001001968,0.001005531,0.001008742,0.001011081,2063.83831,2063.83831,2063.83831,5193.78548,5193.78548,5193.78548,5193.78548,5193.78548
8/4/2003,4329.357164,4078.176557,4952.324769,4981.615747,5071.414657,4952.324769,8289.566533,12514.79237,9743.897954,8565.141357,15610.90203,9743.897954,8574.48948,14758.26054,9743.897954,6286.334125,9643.156855,9743.897954,2440.092083,2423.81762,0.001001968,0.001005531,0.001008742,0.001011081,2333.019144,2333.019144,2333.019144,5241.715108,5241.715108,5241.715108,5241.715108,5241.715108
8/5/2003,4191.283683,5636.8212,4584.05341,4137.972518,4078.176557,4584.05341,10895.03722,10348.24199,12515.8287,10560.97613,12514.79237,12515.8287,10760.64194,15610.90203,12515.8287,10901.92612,14758.26054,12515.8287,1490.430994,1481.116023,0.001001968,0.001005531,0.001008742,0.001011081,2542.064098,2542.064098,2542.064098,5941.875485,5941.875485,5941.875485,5941.875485,5941.875485
8/6/2003,5702.920594,5909.159016,6382.081576,5852.048057,5636.8212,6382.081576,15288.69676,9872.212641,17870.96782,14944.04517,10348.24199,17870.96782,14839.05574,12514.79237,17870.96782,13447.58006,15610.90203,17870.96782,2670.142361,2652.128715,0.001001968,0.001005531,0.001008742,0.001011081,2979.448827,2979.448827,2979.448827,7398.307251,7398.307251,7398.307251,7398.307251,7398.307251
8/7/2003,4895.065319,3671.607764,5564.050692,6015.833534,5909.159016,5564.050692,14163.91876,9493.247512,16773.03737,14755.97511,9872.212641,16773.03737,14898.64792,10348.24199,16773.03737,15164.26693,12514.79237,16773.03737,2736.134654,2717.618924,0.001001968,0.001005531,0.001008742,0.001011081,3533.645928,3533.645928,3533.645928,8942.65378,8942.65378,8942.65378,8942.65378,8942.65378
8/8/2003,3066.239425,3620.79419,3362.450493,3723.026097,3671.607764,3362.450493,8245.693471,11119.42631,9505.783837,8663.957861,9493.247512,9505.783837,9549.970402,9872.212641,9505.783837,11395.75985,10348.24199,9505.783837,1271.544609,1263.769609,0.001001968,0.001005531,0.001008742,0.001011081,3974.749386,3974.749386,3974.749386,10130.77784,10130.77784,10130.77784,10130.77784,10130.77784
8/9/2003,3524.02604,5387.65508,3845.687777,3344.857262,3620.79419,3845.687777,6904.624437,13129.67346,7867.178117,6502.842838,11119.42631,7867.178117,7203.83685,9493.247512,7867.178117,8034.324806,9872.212641,7867.178117,1402.424727,1393.732459,0.001001968,0.001005531,0.001008742,0.001011081,4322.772942,4322.772942,4322.772942,10997.6451,10997.6451,10997.6451,10997.6451,10997.6451
8/10/2003,4083.498609,4623.66756,4620.296849,4995.625153,5387.65508,4620.296849,9126.269775,11329.56135,10640.66634,9684.436839,13129.67346,10640.66634,9534.979733,11119.42631,10640.66634,8648.67631,9493.247512,10640.66634,2197.548923,2183.088028,0.001001968,0.001005531,0.001008742,0.001011081,4604.518021,4604.518021,4604.518021,11627.79265,11627.79265,11627.79265,11627.79265,11627.79265
8/11/2003,4206.664621,5799.1685,4601.260356,4467.287186,4623.66756,4601.260356,9473.546649,9857.400028,10799.82691,9495.215092,11329.56135,10799.82691,9921.72458,13129.67346,10799.82691,9613.371721,11119.42631,10799.82691,1452.603617,1443.556858,0.001001968,0.001005531,0.001008742,0.001011081,4627.214571,4627.214571,4627.214571,12228.7703,12228.7703,12228.7703,12228.7703,12228.7703
8/12/2003,5807.891852,4992.462546,6519.330803,6137.611594,5799.1685,6519.330803,11748.26957,8394.668798,13639.32427,11644.05898,9857.400028,13639.32427,11910.95231,11329.56135,13639.32427,10657.46405,13129.67346,13639.32427,2683.834034,2665.716332,0.001001968,0.001005531,0.001008742,0.001011081,4875.045725,4875.045725,4875.045725,12325.93089,12325.93089,12325.93089,12325.93089,12325.93089
8/13/2003,4358.219675,3461.078342,4875.660453,5198.78055,4992.462546,4875.660453,11023.9041,7212.828616,12886.17218,11479.76295,8394.668798,12886.17218,11790.32081,9857.400028,12886.17218,13207.35772,11329.56135,12886.17218,2068.540009,2055.034613,0.001001968,0.001005531,0.001008742,0.001011081,4862.459779,4862.459779,4862.459779,11861.849,11861.849,11861.849,11861.849,11861.849
8/14/2003,3145.740348,3305.738945,3444.547537,3497.328796,3461.078342,3444.547537,7033.60316,7335.240827,8048.627047,7171.695979,7212.828616,8048.627047,8061.105729,8394.668798,8048.627047,9344.903702,9857.400028,8048.627047,1268.166074,1260.414606,0.001001968,0.001005531,0.001008742,0.001011081,4646.746964,4646.746964,4646.746964,11079.5362,11079.5362,11079.5362,11079.5362,11079.5362
8/15/2003,2804.313513,2623.031394,3103.324116,3325.703262,3305.738945,3103.324116,6506.373817,6699.157852,7500.222035,6811.523514,7335.240827,7500.222035,7178.86476,7212.828616,7500.222035,8050.171364,8394.668798,7500.222035,1294.561583,1286.62607,0.001001968,0.001005531,0.001008742,0.001011081,4511.372336,4511.372336,4511.372336,10537.69764,10537.69764,10537.69764,10537.69764,10537.69764
8/16/2003,2263.17443,2370.751699,2462.116077,2605.857359,2623.031394,2462.116077,5842.062305,5962.531815,6654.012932,6032.770066,6699.157852,6654.012932,6423.530569,7335.240827,6654.012932,7047.197167,7212.828616,6654.012932,872.1083729,867.0557422,0.001001968,0.001005531,0.001008742,0.001011081,4378.211595,4378.211595,4378.211595,10268.86639,10268.86639,10268.86639,10268.86639,10268.86639
8/17/2003,2114.972983,2321.444926,2291.480087,2359.626501,2370.751699,2291.480087,5630.080471,5632.791443,6357.27405,5748.487087,5962.531815,6357.27405,6020.595237,6699.157852,6357.27405,6178.371153,7335.240827,6357.27405,772.4319443,768.0365995,0.001001968,0.001005531,0.001008742,0.001011081,4106.985939,4106.985939,4106.985939,9971.366822,9971.366822,9971.366822,9971.366822,9971.366822
8/18/2003,2123.956999,2300.600644,2307.113994,2324.661598,2321.444926,2307.113994,5881.704234,5328.888181,6713.149797,5934.02458,5632.791443,6713.149797,6102.703316,5962.531815,6713.149797,6638.542861,6699.157852,6713.149797,802.5083682,797.9157875,0.001001968,0.001005531,0.001008742,0.001011081,3787.456188,3787.456188,3787.456188,9415.845542,9415.845542,9415.845542,9415.845542,9415.845542
8/19/2003,2098.684171,2101.426315,2296.373805,2324.634345,2300.600644,2296.373805,5314.835396,5048.661848,6074.066991,5391.646038,5328.888181,6074.066991,5582.797429,5632.791443,6074.066991,5737.949429,5962.531815,6074.066991,876.4757543,871.3940937,0.001001968,0.001005531,0.001008742,0.001011081,3292.20921,3292.20921,3292.20921,8524.672346,8524.672346,8524.672346,8524.672346,8524.672346
8/20/2003,1900.649118,1955.346168,2077.813666,2127.314567,2101.426315,2077.813666,4844.288076,4852.806867,5527.486348,4937.088736,5048.661848,5527.486348,5139.571924,5328.888181,5527.486348,5417.927357,5632.791443,5527.486348,797.8407134,793.2788062,0.001001968,0.001005531,0.001008742,0.001011081,2869.962283,2869.962283,2869.962283,7508.413439,7508.413439,7508.413439,7508.413439,7508.413439
8/21/2003,1756.77025,1867.282866,1918.144538,1957.660721,1955.346168,1918.144538,4454.877424,4665.258707,5075.918106,4533.624156,4852.806867,5075.918106,4718.011809,5048.661848,5075.918106,5003.146441,5328.888181,5075.918106,738.8217197,734.6456023,0.001001968,0.001005531,0.001008742,0.001011081,2563.782136,2563.782136,2563.782136,6773.634174,6773.634174,6773.634174,6773.634174,6773.634174
8/22/2003,1685.258031,1801.349123,1840.644025,1867.64595,1867.282866,1840.644025,4276.556315,4498.361883,4873.690688,4341.028695,4665.258707,4873.690688,4502.251743,4852.806867,4873.690688,4702.522469,5048.661848,4873.690688,716.0731768,712.0447041,0.001001968,0.001005531,0.001008742,0.001011081,2342.168788,2342.168788,2342.168788,6256.063397,6256.063397,6256.063397,6256.063397,6256.063397
8/23/2003,1627.14429,1736.904069,1778.326493,1801.219496,1801.349123,1778.326493,4151.032975,4367.761457,4732.840703,4209.921824,4498.361883,4732.840703,4354.055112,4665.258707,4732.840703,4515.89221,4852.806867,4732.840703,700.458054,696.5305728,0.001001968,0.001005531,0.001008742,0.001011081,2195.192888,2195.192888,2195.192888,5879.711356,5879.711356,5879.711356,5879.711356,5879.711356
8/24/2003,1569.648503,1676.443949,1715.812793,1736.418274,1736.904069,1715.812793,4010.268494,4255.50304,4575.280342,4064.930023,4367.761457,4575.280342,4200.061991,4498.361883,4575.280342,4364.447802,4665.258707,4575.280342,680.6784718,676.8784892,0.001001968,0.001005531,0.001008742,0.001011081,2089.37433,2089.37433,2089.37433,5537.915346,5537.915346,5537.915346,5537.915346,5537.915346
8/25/2003,1515.604202,1619.969736,1656.920667,1675.710069,1676.443949,1656.920667,3871.50792,4145.340611,4416.256459,3923.246742,4255.50304,4416.256459,4052.262211,4367.761457,4416.256459,4187.737971,4498.361883,4416.256459,661.3161164,657.6404686,0.001001968,0.001005531,0.001008742,0.001011081,1991.80995,1991.80995,1991.80995,5200.453265,5200.453265,5200.453265,5200.453265,5200.453265
8/26/2003,1465.044127,1566.564793,1601.814664,1619.066292,1619.969736,1601.814664,3758.844687,4031.140147,4287.660492,3807.68643,4145.340611,4287.660492,3930.95028,4255.50304,4287.660492,4058.044276,4367.761457,4287.660492,643.044359,639.4856,0.001001968,0.001005531,0.001008742,0.001011081,1886.498738,1886.498738,1886.498738,4952.10936,4952.10936,4952.10936,4952.10936,4952.10936
8/27/2003,1416.879647,1515.48098,1549.290634,1565.547209,1566.564793,1549.290634,3653.419206,4199.648788,4167.969714,3699.812789,4031.140147,4167.969714,3817.635286,4145.340611,4167.969714,3942.774996,4255.50304,4167.969714,625.3801399,621.9339627,0.001001968,0.001005531,0.001008742,0.001011081,1798.055096,1798.055096,1798.055096,4748.716749,4748.716749,4748.716749,4748.716749,4748.716749
8/28/2003,1371.443292,1484.189356,1499.652837,1514.385554,1515.48098,1499.652837,3559.723662,3601.782017,4062.036618,3603.018438,4199.648788,4062.036618,3715.894004,4031.140147,4062.036618,3837.658974,4145.340611,4062.036618,608.2287308,604.8914603,0.001001968,0.001005531,0.001008742,0.001011081,1727.686925,1727.686925,1727.686925,4578.185066,4578.185066,4578.185066,4578.185066,4578.185066
8/29/2003,1330.136444,1422.496409,1454.745362,1468.122954,1484.189356,1454.745362,3474.155383,1788.085523,3965.367163,3514.790064,3601.782017,3965.367163,3622.826096,4199.648788,3965.367163,3736.092889,4031.140147,3965.367163,593.6886766,590.443409,0.001001968,0.001005531,0.001008742,0.001011081,1666.056024,1666.056024,1666.056024,4434.439497,4434.439497,4434.439497,4434.439497,4434.439497
8/30/2003,1297.251994,1443.081461,1411.216952,1423.296007,1422.496409,1411.216952,3459.642687,3144.496756,3931.970112,3496.942899,1788.085523,3931.970112,3571.493914,3601.782017,3931.970112,3637.159157,4199.648788,3931.970112,540.7396902,537.8268375,0.001001968,0.001005531,0.001008742,0.001011081,1606.037056,1606.037056,1606.037056,4313.735654,4313.735654,4313.735654,4313.735654,4313.735654
8/31/2003,1318.056529,2116.194953,1433.683563,1432.231016,1443.081461,1433.683563,3648.461171,10834.56222,4158.126841,3668.302158,3144.496756,4158.126841,3728.148112,1788.085523,4158.126841,3811.858798,3601.782017,4158.126841,547.9101348,544.9525153,0.001001968,0.001005531,0.001008742,0.001011081,1555.803882,1555.803882,1555.803882,4243.455998,4243.455998,4243.455998,4243.455998,4243.455998
9/1/2003,1322.282403,3889.038106,1445.073115,1563.392114,2116.194953,1445.073115,3348.62299,14088.67516,3794.495688,3508.643037,10834.56222,3794.495688,3502.998283,3144.496756,3794.495688,3303.849185,1788.085523,3794.495688,570.9639234,567.8618373,0.001001968,0.001005531,0.001008742,0.001011081,1520.643095,1520.643095,1520.643095,4125.502353,4125.502353,4125.502353,4125.502353,4125.502353
9/2/2003,5910.853211,8988.167958,6158.379062,3951.985772,3889.038106,6158.379062,6829.340756,16625.9285,7158.163611,4851.619887,14088.67516,7158.163611,2909.247205,10834.56222,7158.163611,2032.90935,3144.496756,7158.163611,368.1990002,366.3359389,0.001001968,0.001005531,0.001008742,0.001011081,1574.224177,1574.224177,1574.224177,3927.392909,3927.392909,3927.392909,3927.392909,3927.392909
9/3/2003,11610.48879,17150.83152,12651.60216,9147.297483,8988.167958,12651.60216,13091.19351,18181.25942,14689.74002,10059.20155,16625.9285,14689.74002,9316.14064,14088.67516,14689.74002,3846.710609,10834.56222,14689.74002,3937.524666,3909.658683,0.001001968,0.001005531,0.001008742,0.001011081,2414.853021,2414.853021,2414.853021,4195.103457,4195.103457,4195.103457,4195.103457,4195.103457
9/4/2003,14299.86265,10367.36033,16725.38633,17235.21355,17150.83152,16725.38633,20908.07992,14194.46154,25546.80362,22272.156,18181.25942,25546.80362,21374.61855,16625.9285,25546.80362,14914.53236,14088.67516,25546.80362,9084.126945,9013.374341,0.001001968,0.001005531,0.001008742,0.001011081,4208.376191,4208.376191,4208.376191,5639.474303,5639.474303,5639.474303,5639.474303,5639.474303
9/5/2003,8440.080509,8903.601454,9294.097299,10422.16778,10367.36033,9294.097299,13581.64157,10677.31762,15660.97762,14986.1368,14194.46154,15660.97762,16714.46946,18181.25942,15660.97762,19766.58087,16625.9285,15660.97762,3426.796328,3402.950104,0.001001968,0.001005531,0.001008742,0.001011081,5631.505432,5631.505432,5631.505432,7693.918013,7693.918013,7693.918013,7693.918013,7693.918013
9/6/2003,6764.659339,5418.782503,7673.785939,8914.645109,8903.601454,7673.785939,8322.852868,8309.123351,9807.584324,9920.720571,10677.31762,9807.584324,12539.22905,14194.46154,9807.584324,13475.27639,18181.25942,9807.584324,3735.056306,3708.791063,0.001001968,0.001005531,0.001008742,0.001011081,6944.949734,6944.949734,6944.949734,9726.210447,9726.210447,9726.210447,9726.210447,9726.210447
9/7/2003,3909.707029,3326.94176,4288.826707,5423.131761,5418.782503,4288.826707,9331.323943,6604.973603,10819.94124,10530.97029,8309.123351,10819.94124,12142.07562,10677.31762,10819.94124,16235.2956,14194.46154,10819.94124,1645.399252,1634.977166,0.001001968,0.001005531,0.001008742,0.001011081,7711.821178,7711.821178,7711.821178,11288.73208,11288.73208,11288.73208,11288.73208,11288.73208
9/8/2003,2742.403308,3141.589928,2915.113711,3329.456325,3326.94176,2915.113711,5623.870309,5839.764425,6304.763998,6078.347802,6604.973603,6304.763998,7380.761372,8309.123351,6304.763998,9774.088443,10677.31762,6304.763998,765.6552353,761.3041946,0.001001968,0.001005531,0.001008742,0.001011081,8148.899362,8148.899362,8148.899362,12319.5381,12319.5381,12319.5381,12319.5381,12319.5381
9/9/2003,2707.210388,2899.785275,2941.454212,3142.941362,3141.589928,2941.454212,5879.083849,5650.89339,6715.315898,6135.187745,5839.764425,6715.315898,6754.375745,6604.973603,6715.315898,7800.680813,8309.123351,6715.315898,1049.640119,1043.393372,0.001001968,0.001005531,0.001008742,0.001011081,8374.073088,8374.073088,8374.073088,13032.23238,13032.23238,13032.23238,13032.23238,13032.23238
9/10/2003,2528.328953,2656.540477,2762.229391,2900.334992,2899.785275,2762.229391,5634.448349,6245.576302,6462.882049,5826.377984,5650.89339,6462.882049,6225.497703,5839.764425,6462.882049,6797.909841,6604.973603,6462.882049,1055.59777,1049.31048,0.001001968,0.001005531,0.001008742,0.001011081,7753.936209,7753.936209,7753.936209,13093.07442,13093.07442,13093.07442,13093.07442,13093.07442
9/11/2003,2334.563401,2456.816321,2552.236396,2656.532483,2656.540477,2552.236396,4810.463664,8297.081909,5496.751872,4974.570737,6245.576302,5496.751872,5305.258204,5650.89339,5496.751872,5697.368228,5839.764425,5496.751872,990.3145898,984.4699608,0.001001968,0.001005531,0.001008742,0.001011081,6143.771308,6143.771308,6143.771308,11890.33731,11890.33731,11890.33731,11890.33731,11890.33731
9/12/2003,2171.492457,2397.617153,2374.320165,2456.182254,2456.816321,2374.320165,4410.620853,12386.40778,5033.060167,4550.390922,8297.081909,5033.060167,4834.719635,6245.576302,5033.060167,5141.220035,5650.89339,5033.060167,929.665178,924.2285072,0.001001968,0.001005531,0.001008742,0.001011081,4876.888272,4876.888272,4876.888272,10026.93756,10026.93756,10026.93756,10026.93756,10026.93756
9/13/2003,2119.570384,2589.671459,2325.026704,2391.067562,2397.617153,2325.026704,4506.968615,14261.46157,5158.583226,4630.022816,12386.40778,5158.583226,4855.231758,8297.081909,5158.583226,5007.442931,6245.576302,5158.583226,942.7051537,937.1810468,0.001001968,0.001005531,0.001008742,0.001011081,3711.702563,3711.702563,3711.702563,8184.747273,8184.747273,8184.747273,8184.747273,8184.747273
9/14/2003,2302.321547,3211.469861,2532.086496,2573.519545,2589.671459,2532.086496,5509.881965,12818.80783,6344.41418,5608.487071,14261.46157,6344.41418,5684.088371,12386.40778,6344.41418,5616.165449,8297.081909,6344.41418,1036.139708,1029.984727,0.001001968,0.001005531,0.001008742,0.001011081,3096.48382,3096.48382,3096.48382,6893.295616,6893.295616,6893.295616,6893.295616,6893.295616
9/15/2003,3142.421287,4196.449181,3419.930191,3212.029901,3211.469861,3419.930191,9849.258265,12514.95041,11173.97979,9716.633193,12818.80783,11173.97979,9423.639375,14261.46157,11173.97979,7512.320262,12386.40778,11173.97979,1185.030148,1177.855247,0.001001968,0.001005531,0.001008742,0.001011081,2841.423677,2841.423677,2841.423677,6762.624977,6762.624977,6762.624977,6762.624977,6762.624977
9/16/2003,4778.773588,5979.611972,5090.965503,4210.134104,4196.449181,5090.965503,16476.45278,12092.76818,18651.47377,15664.87888,12514.95041,18651.47377,14895.24882,12818.80783,18651.47377,12730.11335,14261.46157,18651.47377,1245.658567,1238.063665,0.001001968,0.001005531,0.001008742,0.001011081,2797.324045,2797.324045,2797.324045,7918.049646,7918.049646,7918.049646,7918.049646,7918.049646
9/17/2003,5380.012736,4345.21686,5996.80153,5981.062804,5979.611972,5996.80153,14844.68792,9065.396146,17271.02826,14955.55224,12092.76818,17271.02826,14889.96709,12514.95041,17271.02826,14990.78276,12818.80783,17271.02826,2558.866391,2541.696195,0.001001968,0.001005531,0.001008742,0.001011081,3135.695388,3135.695388,3135.695388,9209.307549,9209.307549,9209.307549,9209.307549,9209.307549
9/18/2003,3290.174582,2924.835434,3663.030265,4330.202076,4345.21686,3663.030265,8978.801815,7833.421299,10374.71105,9730.937865,9065.396146,10374.71105,10713.283,12092.76818,10374.71105,12025.8087,12514.95041,10374.71105,1639.980624,1629.597465,0.001001968,0.001005531,0.001008742,0.001011081,3449.831078,3449.831078,3449.831078,10083.63267,10083.63267,10083.63267,10083.63267,10083.63267
9/19/2003,2465.061735,2810.312873,2649.440031,2904.524341,2924.835434,2649.440031,7931.833592,8286.898803,9018.336928,8215.363852,7833.421299,9018.336928,8922.6504,9065.396146,9018.336928,10510.17036,12092.76818,9018.336928,814.8376371,810.1639236,0.001001968,0.001005531,0.001008742,0.001011081,3581.494573,3581.494573,3581.494573,10951.17727,10951.17727,10951.17727,10951.17727,10951.17727
9/20/2003,2797.043781,3082.839941,2986.004718,2823.603574,2810.312873,2986.004718,8581.424592,18703.39218,9768.491706,8427.503112,8286.898803,9768.491706,8586.324838,7833.421299,9768.491706,9634.177085,9065.396146,9768.491706,815.011932,810.3370704,0.001001968,0.001005531,0.001008742,0.001011081,3647.231945,3647.231945,3647.231945,11693.4608,11693.4608,11693.4608,11693.4608,11693.4608
9/21/2003,3058.991403,3614.574773,3332.171049,3096.151266,3082.839941,3332.171049,7354.48874,19778.49286,8388.511425,7181.156123,18703.39218,8388.511425,7483.803565,8286.898803,8388.511425,7455.024408,7833.421299,8388.511425,1221.868327,1214.438538,0.001001968,0.001005531,0.001008742,0.001011081,3750.904104,3750.904104,3750.904104,11977.8306,11977.8306,11977.8306,11977.8306,11977.8306
9/22/2003,4088.804864,8286.828198,4408.95848,3489.531669,3614.574773,4408.95848,8041.441798,21989.74447,9085.568203,7207.929116,19778.49286,9085.568203,7234.30523,18703.39218,9085.568203,7324.863499,8286.898803,9085.568203,1421.798056,1412.969103,0.001001968,0.001005531,0.001008742,0.001011081,3829.35684,3829.35684,3829.35684,11608.76487,11608.76487,11608.76487,11608.76487,11608.76487
9/23/2003,8717.311634,12764.13414,9529.403259,8137.627554,8286.828198,9529.403259,16830.65243,18981.58695,18853.35645,15866.38908,21989.74447,18853.35645,13805.08853,19778.49286,18853.35645,7619.099329,18703.39218,18853.35645,3075.98859,3054.866394,0.001001968,0.001005531,0.001008742,0.001011081,4119.025742,4119.025742,4119.025742,10995.43761,10995.43761,10995.43761,10995.43761,10995.43761
9/24/2003,11702.12673,10045.62133,13152.89598,12884.66289,12764.13414,13152.89598,26872.85705,11926.09698,31465.60795,27023.22863,18981.58695,31465.60795,25839.88784,21989.74447,31465.60795,22297.9916,19778.49286,31465.60795,5429.327122,5389.418742,0.001001968,0.001005531,0.001008742,0.001011081,4853.045803,4853.045803,4853.045803,12299.31944,12299.31944,12299.31944,12299.31944,12299.31944
9/25/2003,8486.4115,7664.519758,9631.877879,10098.27637,10045.62133,9631.877879,17932.66723,10847.0497,21106.25081,18734.13527,11926.09698,21106.25081,21463.63615,18981.58695,21106.25081,21987.946,21989.74447,21106.25081,4573.961572,4541.008085,0.001001968,0.001005531,0.001008742,0.001011081,5828.427868,5828.427868,5828.427868,13845.38906,13845.38906,13845.38906,13845.38906,13845.38906
9/26/2003,5753.63875,4084.712522,6510.268014,7678.583481,7664.519758,6510.268014,13338.4165,12610.58169,15659.32317,14707.56009,10847.0497,15659.32317,16209.02537,11926.09698,15659.32317,20336.56975,18981.58695,15659.32317,3135.729489,3114.145709,0.001001968,0.001005531,0.001008742,0.001011081,6553.108702,6553.108702,6553.108702,15090.03078,15090.03078,15090.03078,15090.03078,15090.03078
9/27/2003,3399.52063,3288.173958,3580.777279,3993.347183,4084.712522,3580.777279,8652.049491,12996.21227,9695.180558,9085.524743,12610.58169,9695.180558,10463.17817,10847.0497,9695.180558,14225.9036,11926.09698,9695.180558,784.0327279,779.5614233,0.001001968,0.001005531,0.001008742,0.001011081,6893.79672,6893.79672,6893.79672,15766.32979,15766.32979,15766.32979,15766.32979,15766.32979
9/28/2003,2856.557325,2786.422186,2925.998825,3274.12339,3288.173958,2925.998825,5857.072893,10438.5323,6250.429134,6270.763607,12996.21227,6250.429134,6351.712215,12610.58169,6250.429134,8038.755154,10847.0497,6250.429134,44.32108003,44.17686898,0.001001968,0.001005531,0.001008742,0.001011081,6914.312897,6914.312897,6914.312897,15985.98824,15985.98824,15985.98824,15985.98824,15985.98824
9/29/2003,4175.067645,9382.432582,4229.984818,2847.947941,2786.422186,4229.984818,8996.047272,10331.12615,9753.942675,7607.286037,10438.5323,9753.942675,7994.951162,12996.21227,9753.942675,8449.821885,12610.58169,9753.942675,54.53118242,54.3440725,0.001001968,0.001005531,0.001008742,0.001011081,6913.254693,6913.254693,6913.254693,16294.03485,16294.03485,16294.03485,16294.03485,16294.03485
9/30/2003,8532.385209,7395.447662,9927.775453,9397.241533,9382.432582,9927.775453,15428.00879,9740.464324,18635.83649,15327.12068,10331.12615,18635.83649,15470.93118,10438.5323,18635.83649,10857.02257,12996.21227,18635.83649,5576.172192,5535.05775,0.001001968,0.001005531,0.001008742,0.001011081,7339.984856,7339.984856,7339.984856,16278.95198,16278.95198,16278.95198,16278.95198,16278.95198
10/1/2003,5335.128817,3458.098881,6092.656967,7383.463003,7395.447662,6092.656967,12973.1639,6855.105244,15434.70204,14431.48831,9740.464324,15434.70204,14564.43147,10331.12615,15434.70204,16276.64148,10438.5323,15434.70204,3167.718816,3145.887473,0.001001968,0.001005531,0.001008742,0.001011081,6812.354623,6812.354623,6812.354623,14632.15943,14632.15943,14632.15943,14632.15943,14632.15943
10/2/2003,2834.773366,3227.456917,2973.613141,3470.075165,3458.098881,2973.613141,4540.390497,6951.495858,4901.57872,5101.294333,6855.105244,4901.57872,6557.56264,9740.464324,4901.57872,8772.075807,10331.12615,4901.57872,604.8172278,601.5015706,0.001001968,0.001005531,0.001008742,0.001011081,5806.452923,5806.452923,5806.452923,13055.4255,13055.4255,13055.4255,13055.4255,13055.4255
10/3/2003,2829.529093,3405.920328,3033.16384,3210.64534,3227.456917,3033.16384,5615.652638,8298.875794,6282.73222,5855.491703,6951.495858,6282.73222,6554.321037,6855.105244,6282.73222,7734.171323,9740.464324,6282.73222,913.3026047,907.9754283,0.001001968,0.001005531,0.001008742,0.001011081,5117.586319,5117.586319,5117.586319,11502.38837,11502.38837,11502.38837,11502.38837,11502.38837
10/4/2003,2762.044449,2941.900703,2987.815349,3140.859466,3405.920328,2987.815349,6933.34688,8075.336421,7897.661835,7130.151088,8298.875794,7897.661835,7439.272883,6951.495858,7897.661835,7931.188157,6855.105244,7897.661835,1005.767865,999.8187758,0.001001968,0.001005531,0.001008742,0.001011081,4832.846752,4832.846752,4832.846752,10437.93359,10437.93359,10437.93359,10437.93359,10437.93359
10/5/2003,3119.670835,3866.496488,3285.434379,3047.685964,2941.900703,3285.434379,5906.183595,7474.700177,6488.437106,5742.023915,8075.336421,6488.437106,5757.98623,8298.875794,6488.437106,6091.856393,6951.495858,6488.437106,586.4727917,583.2730708,0.001001968,0.001005531,0.001008742,0.001011081,4781.333101,4781.333101,4781.333101,9990.861378,9990.861378,9990.861378,9990.861378,9990.861378
10/6/2003,4123.287808,5174.713406,4475.830162,3952.605014,3866.496488,4475.830162,7127.495893,7263.126957,8046.264576,6728.278901,7474.700177,8046.264576,6894.71166,8075.336421,8046.264576,6205.971902,8298.875794,8046.264576,1491.879058,1482.553803,0.001001968,0.001005531,0.001008742,0.001011081,4862.106623,4862.106623,4862.106623,9620.079101,9620.079101,9620.079101,9620.079101,9620.079101
10/7/2003,4316.525829,3518.288306,4895.808083,5180.073283,5174.713406,4895.808083,8529.825951,6534.047535,10035.88528,8987.295413,7263.126957,10035.88528,9125.749289,7474.700177,10035.88528,8292.697718,8075.336421,10035.88528,2470.787072,2454.281585,0.001001968,0.001005531,0.001008742,0.001011081,4364.987768,4364.987768,4364.987768,9114.558631,9114.558631,9114.558631,9114.558631,9114.558631
10/8/2003,2902.592069,2768.11655,3167.139374,3520.420289,3518.288306,3167.139374,6376.348557,5917.067824,7282.298547,6796.525144,6534.047535,7282.298547,7330.556016,7263.126957,7282.298547,8437.196365,7474.700177,7282.298547,1178.213978,1171.086133,0.001001968,0.001005531,0.001008742,0.001011081,3924.35122,3924.35122,3924.35122,8416.254701,8416.254701,8416.254701,8416.254701,8416.254701
10/9/2003,2449.339619,2673.386337,2632.786997,2769.185728,2768.11655,2632.786997,4619.535113,5575.637599,5164.246757,4817.245949,5917.067824,5164.246757,5346.672658,6534.047535,5164.246757,6143.431188,7263.126957,5164.246757,828.138355,823.3769379,0.001001968,0.001005531,0.001008742,0.001011081,3688.239388,3688.239388,3688.239388,7788.342198,7788.342198,7788.342198,7788.342198,7788.342198
10/10/2003,2393.274198,2541.999118,2593.30608,2673.736795,2673.386337,2593.30608,5215.284584,5542.966943,5911.695523,5347.796435,5575.637599,5911.695523,5654.332262,5917.067824,5911.695523,6062.328664,6534.047535,5911.695523,908.3471365,903.0530719,0.001001968,0.001005531,0.001008742,0.001011081,3556.901503,3556.901503,3556.901503,7380.279117,7380.279117,7380.279117,7380.279117,7380.279117
10/11/2003,2282.658695,2412.194793,2477.841091,2541.856725,2541.999118,2477.841091,5099.661401,7291.248873,5792.732699,5212.339843,5542.966943,5792.732699,5454.13738,5575.637599,5792.732699,5737.700588,5917.067824,5792.732699,891.7384934,886.5552366,0.001001968,0.001005531,0.001008742,0.001011081,3461.896188,3461.896188,3461.896188,7108.587526,7108.587526,7108.587526,7108.587526,7108.587526
10/12/2003,2171.380931,2296.855032,2357.608915,2411.712482,2412.194793,2357.608915,4732.302687,9842.356469,5368.572499,4835.476081,7291.248873,5368.572499,5054.317524,5542.966943,5368.572499,5293.677428,5575.637599,5368.572499,855.9432969,850.9979523,0.001001968,0.001005531,0.001008742,0.001011081,3391.236129,3391.236129,3391.236129,6978.089166,6978.089166,6978.089166,6978.089166,6978.089166
10/13/2003,2071.509429,3204.408517,2249.355859,2296.064347,2296.855032,2249.355859,4515.503842,10243.73279,5120.349014,4609.406388,9842.356469,5120.349014,4810.8054,7291.248873,5120.349014,5011.03923,5542.966943,5120.349014,822.0399061,817.3187244,0.001001968,0.001005531,0.001008742,0.001011081,3180.533504,3180.533504,3180.533504,6742.180031,6742.180031,6742.180031,6742.180031,6742.180031
10/14/2003,2128.290951,4374.932898,2340.645235,2381.662978,3204.408517,2340.645235,4680.838124,9851.085196,5358.314572,4779.490493,10243.73279,5358.314572,5003.914163,9842.356469,5358.314572,4998.836782,7291.248873,5358.314572,979.1783612,973.4088831,0.001001968,0.001005531,0.001008742,0.001011081,2840.336825,2840.336825,2840.336825,6342.545918,6342.545918,6342.545918,6342.545918,6342.545918
10/15/2003,4792.451695,5645.291849,5336.394304,4767.10175,4374.932898,5336.394304,10144.75161,8602.365054,11621.0663,9812.627319,9851.085196,11621.0663,9629.589894,10243.73279,11621.0663,6669.820124,9842.356469,11621.0663,1973.699769,1960.892456,0.001001968,0.001005531,0.001008742,0.001011081,2888.971185,2888.971185,2888.971185,6450.541289,6450.541289,6450.541289,6450.541289,6450.541289
10/16/2003,5304.155796,4028.641804,6032.762943,5910.472952,5645.291849,6032.762943,12093.72346,6631.174041,14219.49091,12190.58445,8602.365054,14219.49091,12113.07081,9851.085196,14219.49091,11668.62888,10243.73279,14219.49091,2899.617073,2879.851764,0.001001968,0.001005531,0.001008742,0.001011081,3195.101548,3195.101548,3195.101548,7057.094188,7057.094188,7057.094188,7057.094188,7057.094188
10/17/2003,3325.915466,2826.624806,3746.422216,4046.107616,4028.641804,3746.422216,7696.469448,6019.038734,8945.771328,8117.711567,6631.174041,8945.771328,8945.496908,8602.365054,8945.771328,10118.29231,9851.085196,8945.771328,1817.408028,1805.742558,0.001001968,0.001005531,0.001008742,0.001011081,3437.941916,3437.941916,3437.941916,7586.317753,7586.317753,7586.317753,7586.317753,7586.317753
10/18/2003,2361.437651,2376.179302,2595.503836,2812.796912,2826.624806,2595.503836,5903.626221,5826.189266,6740.287085,6185.932569,6019.038734,6740.287085,6790.661744,6631.174041,6740.287085,8249.86788,8602.365054,6740.287085,1047.437125,1041.205362,0.001001968,0.001005531,0.001008742,0.001011081,3523.272423,3523.272423,3523.272423,8053.346003,8053.346003,8053.346003,8053.346003,8053.346003
10/19/2003,2105.283305,2343.037306,2287.493412,2350.76472,2376.179302,2287.493412,5360.753564,5374.819034,6083.144265,5467.515632,5826.189266,6083.144265,5818.240467,6019.038734,6083.144265,6717.310968,6631.174041,6083.144265,816.9781306,812.2903153,0.001001968,0.001005531,0.001008742,0.001011081,3536.321345,3536.321345,3536.321345,8313.694236,8313.694236,8313.694236,8313.694236,8313.694236
10/20/2003,2234.102996,2578.101942,2436.636468,2362.771195,2343.037306,2436.636468,4921.76907,5096.245251,5575.408534,4909.839616,5374.819034,5575.408534,5147.054777,5826.189266,5575.408534,5401.178823,6019.038734,5575.408534,903.0144367,897.7559786,0.001001968,0.001005531,0.001008742,0.001011081,3548.637635,3548.637635,3548.637635,8385.956423,8385.956423,8385.956423,8385.956423,8385.956423
10/21/2003,2341.008205,2384.691998,2593.155609,2589.949942,2578.101942,2593.155609,5151.084323,4928.509927,5909.596834,5222.317301,5096.245251,5909.596834,5397.773524,5374.819034,5909.596834,5384.84231,5826.189266,5909.596834,1138.792339,1131.93598,0.001001968,0.001005531,0.001008742,0.001011081,3566.344151,3566.344151,3566.344151,8419.570048,8419.570048,8419.570048,8419.570048,8419.570048
10/22/2003,2076.105527,2047.954496,2288.67475,2385.18338,2384.691998,2288.67475,4880.258421,4659.122005,5584.613114,5034.062381,4928.509927,5584.613114,5208.089413,5096.245251,5584.613114,5468.013132,5374.819034,5584.613114,973.2028846,967.4736866,0.001001968,0.001005531,0.001008742,0.001011081,3308.639711,3308.639711,3308.639711,7929.406043,7929.406043,7929.406043,7929.406043,7929.406043
10/23/2003,1832.475077,1943.697906,1996.973892,2050.329666,2047.954496,1996.973892,4173.477283,5928.447684,4725.55744,4273.700895,4659.122005,4725.55744,4506.370356,4928.509927,4725.55744,4829.558206,5096.245251,4725.55744,761.3126773,756.9900002,0.001001968,0.001005531,0.001008742,0.001011081,2860.605635,2860.605635,2860.605635,7027.702013,7027.702013,7027.702013,7027.702013,7027.702013
10/24/2003,1759.632974,1940.242966,1918.191816,1943.63274,1943.697906,1918.191816,4005.008887,10727.56177,4536.172707,4075.145144,5928.447684,4536.172707,4265.634851,4659.122005,4536.172707,4490.063804,4928.509927,4536.172707,739.9753443,735.7917234,0.001001968,0.001005531,0.001008742,0.001011081,2500.377845,2500.377845,2500.377845,6275.719736,6275.719736,6275.719736,6275.719736,6275.719736
10/25/2003,1739.876027,2986.520022,1906.481975,1934.665181,1940.242966,1906.481975,4048.269934,18663.66128,4607.1742,4121.64252,10727.56177,4607.1742,4284.492131,5928.447684,4607.1742,4401.905175,4659.122005,4607.1742,779.9132393,775.4689252,0.001001968,0.001005531,0.001008742,0.001011081,2318.966058,2318.966058,2318.966058,5631.072877,5631.072877,5631.072877,5631.072877,5631.072877
10/26/2003,1559.726402,5257.154163,1719.602408,1868.309513,2986.520022,1719.602408,3795.127376,28888.82394,4330.905361,3988.077755,18663.66128,4330.905361,4139.24072,10727.56177,4330.905361,4263.176579,5928.447684,4330.905361,749.7460994,745.4988663,0.001001968,0.001005531,0.001008742,0.001011081,2220.834482,2220.834482,2220.834482,5217.966855,5217.966855,5217.966855,5217.966855,5217.966855
10/27/2003,3584.236184,7781.721743,3927.723815,3748.980153,5257.154163,3927.723815,8481.609119,30409.81176,9547.743496,8509.928004,28888.82394,9547.743496,8154.167166,18663.66128,9547.743496,5733.709372,10727.56177,9547.743496,965.2470618,959.5714446,0.001001968,0.001005531,0.001008742,0.001011081,2330.117669,2330.117669,2330.117669,5514.77895,5514.77895,5514.77895,5514.77895,5514.77895
10/28/2003,8393.490573,15301.08868,9019.829547,6795.730627,7781.721743,9019.829547,17772.98651,26282.02038,19965.28964,15925.48993,30409.81176,19965.28964,14894.0355,28888.82394,19965.28964,11997.91536,18663.66128,19965.28964,1285.937295,1278.061966,0.001001968,0.001005531,0.001008742,0.001011081,2767.246295,2767.246295,2767.246295,6939.343692,6939.343692,6939.343692,6939.343692,6939.343692
10/29/2003,16468.40267,17882.31222,18979.20362,16731.53293,15301.08868,18979.20362,29801.11305,21513.05663,35565.28896,28607.06022,26282.02038,35565.28896,28386.85781,30409.81176,35565.28896,19534.16975,28888.82394,35565.28896,8110.778956,8048.38964,0.001001968,0.001005531,0.001008742,0.001011081,4516.2151,4516.2151,4516.2151,9526.888586,9526.888586,9526.888586,9526.888586,9526.888586
10/30/2003,16988.44553,15978.21613,19826.9285,18879.43458,17882.31222,19826.9285,35002.52884,17577.56539,42518.77272,34933.51252,21513.05663,42518.77272,35474.92036,26282.02038,42518.77272,33856.58298,30409.81176,42518.77272,10032.20232,9953.218072,0.001001968,0.001005531,0.001008742,0.001011081,6663.254114,6663.254114,6663.254114,13292.54477,13292.54477,13292.54477,13292.54477,13292.54477
10/31/2003,12765.67642,9707.046914,15032.45052,16199.17908,15978.21613,15032.45052,24078.38837,13903.41046,29397.07103,25952.04539,17577.56539,29397.07103,28026.57365,21513.05663,29397.07103,29904.50016,26282.02038,29397.07103,8521.043574,8455.140611,0.001001968,0.001005531,0.001008742,0.001011081,8707.483283,8707.483283,8707.483283,17013.18566,17013.18566,17013.18566,17013.18566,17013.18566
11/1/2003,7152.951153,5642.943598,8149.622918,9756.876348,9707.046914,8149.622918,13689.06937,11468.18885,16172.90422,15617.18561,13903.41046,16172.90422,18081.65965,17577.56539,16172.90422,23528.00646,21513.05663,16172.90422,3972.667754,3944.52301,0.001001968,0.001005531,0.001008742,0.001011081,10051.10365,10051.10365,10051.10365,20009.88154,20009.88154,20009.88154,20009.88154,20009.88154
11/2/2003,4528.904446,4856.604545,4950.100217,5665.370626,5642.943598,4950.100217,8468.587744,10537.08674,9608.135177,9335.304808,11468.18885,9608.135177,11449.46838,13903.41046,9608.135177,15652.03346,17577.56539,9608.135177,1735.052271,1723.983933,0.001001968,0.001005531,0.001008742,0.001011081,10843.13904,10843.13904,10843.13904,22076.26583,22076.26583,22076.26583,22076.26583,22076.26583
11/3/2003,4163.232181,4514.523975,4593.236418,4878.208711,4856.604545,4593.236418,9131.198685,10381.12022,10508.15895,9540.788716,10537.08674,10508.15895,10669.71504,11468.18885,10508.15895,12632.0759,13903.41046,10508.15895,1795.785815,1784.277434,0.001001968,0.001005531,0.001008742,0.001011081,11196.30605,11196.30605,11196.30605,22921.34044,22921.34044,22921.34044,22921.34044,22921.34044
11/4/2003,3903.207845,4321.516519,4338.374899,4523.989471,4514.523975,4338.374899,9145.030137,9774.870582,10602.56741,9444.009571,10381.12022,10602.56741,10119.08017,10537.08674,10602.56741,11149.22691,11468.18885,10602.56741,1837.456498,1825.645177,0.001001968,0.001005531,0.001008742,0.001011081,11090.32412,11090.32412,11090.32412,22282.58629,22282.58629,22282.58629,22282.58629,22282.58629
11/5/2003,3706.103922,4444.995346,4135.852826,4274.388571,4321.516519,4135.852826,8463.683369,8780.105799,9816.97176,8724.227381,9774.870582,9816.97176,9263.994265,10381.12022,9816.97176,9782.175017,10537.08674,9816.97176,1823.938685,1812.225725,0.001001968,0.001005531,0.001008742,0.001011081,9639.64081,9639.64081,9639.64081,20338.53671,20338.53671,20338.53671,20338.53671,20338.53671
11/6/2003,4037.500007,4682.754628,4510.85502,4442.843327,4444.995346,4510.85502,8855.383446,8063.611707,10269.20816,8934.638684,8780.105799,10269.20816,9319.151555,9774.870582,10269.20816,9375.307161,10381.12022,10269.20816,1972.897979,1960.096551,0.001001968,0.001005531,0.001008742,0.001011081,7821.3959,7821.3959,7821.3959,17249.73636,17249.73636,17249.73636,17249.73636,17249.73636
11/7/2003,4200.976946,4137.654016,4736.98807,4726.21075,4682.754628,4736.98807,9103.843253,7428.555229,10635.57039,9256.065167,8063.611707,10635.57039,9661.097041,8780.105799,10635.57039,9598.860795,9774.870582,10635.57039,2244.12417,2229.316713,0.001001968,0.001005531,0.001008742,0.001011081,6161.634856,6161.634856,6161.634856,14289.60465,14289.60465,14289.60465,14289.60465,14289.60465
11/8/2003,3531.117957,3283.54425,3967.18718,4154.086583,4137.654016,3967.18718,7791.137745,7484.874873,9064.548871,8106.930502,7428.555229,9064.548871,8587.12649,8063.611707,9064.548871,9213.402996,8780.105799,9064.548871,1867.065871,1855.038804,0.001001968,0.001005531,0.001008742,0.001011081,5148.996922,5148.996922,5148.996922,11996.92622,11996.92622,11996.92622,11996.92622,11996.92622
11/9/2003,2850.487478,3022.642399,3155.807674,3284.386543,3283.54425,3155.807674,6126.619398,7183.269508,7027.376687,6350.486616,7484.874873,7027.376687,6900.580409,7428.555229,7027.376687,7745.923345,8063.611707,7027.376687,1337.987148,1329.747853,0.001001968,0.001005531,0.001008742,0.001011081,4599.204326,4599.204326,4599.204326,10491.20197,10491.20197,10491.20197,10491.20197,10491.20197
11/10/2003,2670.751417,2947.929567,2957.667948,3021.959536,3022.642399,2957.667948,5740.197297,6687.27988,6584.031944,5894.012,7183.269508,6584.031944,6298.744128,7484.874873,6584.031944,6820.565003,7428.555229,6584.031944,1266.705864,1258.964563,0.001001968,0.001005531,0.001008742,0.001011081,4243.543442,4243.543442,4243.543442,9580.877161,9580.877161,9580.877161,9580.877161,9580.877161
11/11/2003,2583.31357,2907.208979,2869.711378,2917.44212,2947.929567,2869.711378,5740.844923,6405.549825,6606.134586,5874.191751,6687.27988,6606.134586,6194.548454,7183.269508,6606.134586,6483.106037,7484.874873,6606.134586,1269.838937,1262.075818,0.001001968,0.001005531,0.001008742,0.001011081,3976.278052,3976.278052,3976.278052,8974.747974,8974.747974,8974.747974,8974.747974,8974.747974
11/12/2003,2614.139305,2933.589671,2899.250325,2899.608315,2907.208979,2899.250325,6232.229649,6157.905349,7182.764019,6311.575261,6405.549825,7182.764019,6538.746487,6687.27988,7182.764019,6702.176463,7183.269508,7182.764019,1249.861502,1242.237389,0.001001968,0.001005531,0.001008742,0.001011081,3752.057558,3752.057558,3752.057558,8554.245802,8554.245802,8554.245802,8554.245802,8554.245802
11/13/2003,2729.850448,2969.224508,3025.448228,2946.270296,2933.589671,3025.448228,6240.44354,5807.203289,7187.598308,6245.398081,6157.905349,7187.598308,6465.846205,6405.549825,7187.598308,6546.344966,6687.27988,7187.598308,1297.670314,1289.713094,0.001001968,0.001005531,0.001008742,0.001011081,3535.324637,3535.324637,3535.324637,8133.842238,8133.842238,8133.842238,8133.842238,8133.842238
11/14/2003,2655.232018,2751.413768,2958.621181,2975.304914,2969.224508,2958.621181,5738.681657,5319.896224,6623.047033,5846.956837,5807.203289,6623.047033,6082.679079,6157.905349,6623.047033,6179.928666,6405.549825,6623.047033,1345.370716,1337.079649,0.001001968,0.001005531,0.001008742,0.001011081,3287.308516,3287.308516,3287.308516,7617.637134,7617.637134,7617.637134,7617.637134,7617.637134
11/15/2003,2410.487735,2532.549234,2679.602987,2752.0591,2751.413768,2679.602987,5239.336596,4614.590756,6031.191306,5392.743801,5319.896224,6031.191306,5673.066798,5807.203289,6031.191306,5925.036342,6157.905349,6031.191306,1207.223351,1199.895007,0.001001968,0.001005531,0.001008742,0.001011081,3077.24728,3077.24728,3077.24728,7145.951589,7145.951589,7145.951589,7145.951589,7145.951589
11/16/2003,2212.302988,2228.673417,2454.073812,2529.207436,2532.549234,2454.073812,4852.809816,6239.400893,5572.356411,5001.018857,4614.590756,5572.356411,5288.315637,5319.896224,5572.356411,5563.020599,5807.203289,5572.356411,1093.023429,1086.480806,0.001001968,0.001005531,0.001008742,0.001011081,2938.672999,2938.672999,2938.672999,6800.754963,6800.754963,6800.754963,6800.754963,6800.754963
11/17/2003,1929.859067,2194.618423,2121.641084,2215.139564,2228.673417,2121.641084,4435.740691,14559.89339,5059.238051,4584.98428,6239.400893,5059.238051,4816.204372,4614.590756,5059.238051,5212.930347,5319.896224,5059.238051,874.3123372,869.2450591,0.001001968,0.001005531,0.001008742,0.001011081,2810.273973,2810.273973,2810.273973,6534.966204,6534.966204,6534.966204,6534.966204,6534.966204
11/18/2003,2040.547677,3126.248349,2224.583132,2091.505792,2194.618423,2224.583132,4315.579748,19041.50302,4884.8005,4240.34566,14559.89339,4884.8005,4470.005439,6239.400893,4884.8005,4646.472767,4614.590756,4884.8005,836.3661633,831.5504016,0.001001968,0.001005531,0.001008742,0.001011081,2691.13887,2691.13887,2691.13887,6289.103946,6289.103946,6289.103946,6289.103946,6289.103946
11/19/2003,1910.51854,6628.077803,2052.895106,2326.442791,3126.248349,2052.895106,4262.173724,18695.6839,4755.701124,4603.010879,19041.50302,4755.701124,4314.579317,14559.89339,4755.701124,4386.441507,6239.400893,4755.701124,575.5815175,572.4503988,0.001001968,0.001005531,0.001008742,0.001011081,2552.692348,2552.692348,2552.692348,5932.824038,5932.824038,5932.824038,5932.824038,5932.824038
11/20/2003,10297.54184,17149.34994,11138.77619,6929.490158,6628.077803,11138.77619,15208.04233,18001.36732,16985.0059,11446.60549,18695.6839,16985.0059,10551.74773,19041.50302,16985.0059,6038.672253,14559.89339,16985.0059,2808.36465,2789.297826,0.001001968,0.001005531,0.001008742,0.001011081,2909.203474,2909.203474,2909.203474,6158.568642,6158.568642,6158.568642,6158.568642,6158.568642
11/21/2003,15890.49018,15193.42002,18555.01931,17452.19643,17149.34994,18555.01931,25913.92001,15641.34317,31554.19176,25709.19854,18001.36732,31554.19176,24332.30818,18695.6839,31554.19176,16912.74578,19041.50302,31554.19176,9876.91632,9799.285755,0.001001968,0.001005531,0.001008742,0.001011081,4443.052664,4443.052664,4443.052664,7733.938996,7733.938996,7733.938996,7733.938996,7733.938996
11/22/2003,11281.33352,7265.843527,13379.85772,15222.0502,15193.42002,13379.85772,20989.95947,12346.35592,25819.82703,23466.05052,15641.34317,25819.82703,25392.56925,18001.36732,25819.82703,24388.50532,18695.6839,25819.82703,8077.68872,8015.582043,0.001001968,0.001005531,0.001008742,0.001011081,6219.689943,6219.689943,6219.689943,10116.03593,10116.03593,10116.03593,10116.03593,10116.03593
11/23/2003,5071.470388,4366.066017,5621.691782,7279.461543,7265.843527,5621.691782,8783.068439,9867.485111,10102.86032,10632.90328,12346.35592,10102.86032,13187.03329,15641.34317,10102.86032,19395.23446,18001.36732,10102.86032,2294.936945,2279.750456,0.001001968,0.001005531,0.001008742,0.001011081,7182.65281,7182.65281,7182.65281,12329.14827,12329.14827,12329.14827,12329.14827,12329.14827
11/24/2003,3551.63987,4287.579506,3815.103984,4347.162704,4366.066017,3815.103984,5646.92686,9631.153374,6253.803948,6292.307122,9867.485111,6253.803948,8236.981068,12346.35592,6253.803948,11653.98544,15641.34317,6253.803948,1114.385884,1107.697025,0.001001968,0.001005531,0.001008742,0.001011081,7720.33417,7720.33417,7720.33417,13746.07938,13746.07938,13746.07938,13746.07938,13746.07938
11/25/2003,3743.666064,4114.406544,4106.543035,4302.549268,4287.579506,4106.543035,9039.839823,13615.56013,10409.98078,9323.974131,9631.153374,10409.98078,10033.22219,9867.485111,10409.98078,11382.51208,12346.35592,10409.98078,1526.803874,1517.230232,0.001001968,0.001005531,0.001008742,0.001011081,8090.173996,8090.173996,8090.173996,14698.74231,14698.74231,14698.74231,14698.74231,14698.74231
11/26/2003,3733.811026,4258.895627,4116.538121,4134.45965,4114.406544,4116.538121,8935.746805,16776.91098,10331.49578,9042.196245,13615.56013,10331.49578,9546.076983,9631.153374,10331.49578,10184.85451,9867.485111,10331.49578,1629.451933,1619.144371,0.001001968,0.001005531,0.001008742,0.001011081,8437.15724,8437.15724,8437.15724,15472.05011,15472.05011,15472.05011,15472.05011,15472.05011
11/27/2003,3660.897395,6091.403452,4108.625758,4208.69591,4258.895627,4108.625758,7728.304132,15813.32513,8999.265828,7960.711893,16776.91098,8999.265828,8505.299727,13615.56013,8999.265828,8639.795356,9631.153374,8999.265828,1922.937909,1910.502652,0.001001968,0.001005531,0.001008742,0.001011081,8287.667645,8287.667645,8287.667645,15517.92063,15517.92063,15517.92063,15517.92063,15517.92063
11/28/2003,4573.999091,7110.493536,5316.310833,5573.286404,6091.403452,5316.310833,9278.638223,14413.68736,11047.50832,9795.08321,15813.32513,11047.50832,10264.75627,16776.91098,11047.50832,8981.498799,13615.56013,11047.50832,3057.781034,3036.799322,0.001001968,0.001005531,0.001008742,0.001011081,7099.61983,7099.61983,7099.61983,14353.11141,14353.11141,14353.11141,14353.11141,14353.11141
11/29/2003,7084.168365,7577.287128,8016.992834,7288.064382,7110.493536,8016.992834,16404.39924,13172.27526,19172.78206,16019.88904,14413.68736,19172.78206,15915.67128,15813.32513,19172.78206,13718.7331,16776.91098,19172.78206,3446.485172,3422.485126,0.001001968,0.001005531,0.001008742,0.001011081,5847.10485,5847.10485,5847.10485,13302.40757,13302.40757,13302.40757,13302.40757,13302.40757
11/30/2003,7445.65925,7578.113932,8407.041825,7767.732585,7577.287128,8407.041825,17099.41912,11299.8606,20122.93001,16728.74016,13172.27526,20122.93001,17058.02975,14413.68736,20122.93001,17234.34535,15813.32513,20122.93001,3740.554583,3714.245991,0.001001968,0.001005531,0.001008742,0.001011081,5565.891209,5565.891209,5565.891209,12896.44,12896.44,12896.44,12896.44,12896.44
12/1/2003,6354.380038,5491.821064,7310.753502,7592.949913,7578.113932,7310.753502,13004.03192,9961.186029,15450.03478,13592.63789,11299.8606,15450.03478,14496.29884,13172.27526,15450.03478,14614.3402,14413.68736,15450.03478,3858.9446,3831.700959,0.001001968,0.001005531,0.001008742,0.001011081,5795.338701,5795.338701,5795.338701,12922.16357,12922.16357,12922.16357,12922.16357,12922.16357
12/2/2003,4448.497316,4189.626926,4993.465727,5506.78496,5491.821064,4993.465727,10013.43196,8959.811225,11666.55474,10700.8745,9961.186029,11666.55474,11606.78072,11299.8606,11666.55474,13552.45026,13172.27526,11666.55474,2264.414654,2249.455958,0.001001968,0.001005531,0.001008742,0.001011081,5965.774122,5965.774122,5965.774122,13226.35072,13226.35072,13226.35072,13226.35072,13226.35072
12/3/2003,3630.622005,3934.44713,4007.769417,4199.178214,4189.626926,4007.769417,7851.789308,8132.155083,9018.095342,8161.255192,8959.811225,9018.095342,9061.31768,9961.186029,9018.095342,10686.78965,11299.8606,9018.095342,1596.096872,1586.028415,0.001001968,0.001005531,0.001008742,0.001011081,6027.187049,6027.187049,6027.187049,13522.16379,13522.16379,13522.16379,13522.16379,13522.16379
12/4/2003,3447.388014,3670.718491,3829.767897,3939.375025,3934.44713,3829.767897,7533.035452,7586.531366,8693.458824,7759.784784,8132.155083,8693.458824,8332.744573,8959.811225,8693.458824,9110.009997,9961.186029,8693.458824,1632.814323,1622.482625,0.001001968,0.001005531,0.001008742,0.001011081,6001.419377,6001.419377,6001.419377,13659.56021,13659.56021,13659.56021,13659.56021,13659.56021
12/5/2003,3231.587967,3444.667004,3593.044567,3673.887279,3670.718491,3593.044567,7433.78584,7177.754771,8594.962658,7617.295648,7586.531366,8594.962658,8061.729632,8132.155083,8594.962658,8584.298117,8959.811225,8594.962658,1555.851815,1546.071064,0.001001968,0.001005531,0.001008742,0.001011081,5780.648959,5780.648959,5780.648959,13583.21528,13583.21528,13583.21528,13583.21528,13583.21528
12/6/2003,3041.409245,3253.234231,3381.928979,3446.595537,3444.667004,3381.928979,6978.26101,6874.313174,8057.06736,7141.813453,7177.754771,8057.06736,7535.117403,7586.531366,8057.06736,7906.994519,8132.155083,8057.06736,1476.498918,1467.282827,0.001001968,0.001005531,0.001008742,0.001011081,5365.178217,5365.178217,5365.178217,12558.52821,12558.52821,12558.52821,12558.52821,12558.52821
12/7/2003,2877.646233,3086.422508,3200.163335,3254.262194,3253.234231,3200.163335,6436.588253,15500.85398,7420.912136,6588.314481,6874.313174,7420.912136,6950.443204,7177.754771,7420.912136,7291.055287,7586.531366,7420.912136,1407.806527,1399.076311,0.001001968,0.001005531,0.001008742,0.001011081,4789.089135,4789.089135,4789.089135,11001.58698,11001.58698,11001.58698,11001.58698,11001.58698
12/8/2003,2733.757759,2939.561418,3040.480628,3086.788323,3086.422508,3040.480628,6028.941962,25975.90945,6945.326983,6169.76036,15500.85398,6945.326983,6506.19616,6874.313174,6945.326983,6807.928198,7177.754771,6945.326983,1347.164925,1338.861272,0.001001968,0.001005531,0.001008742,0.001011081,4147.576801,4147.576801,4147.576801,9795.957573,9795.957573,9795.957573,9795.957573,9795.957573
12/9/2003,2606.383911,3496.841549,2899.192665,2939.435675,2939.561418,2899.192665,5752.167623,24919.29276,6624.587538,5882.680855,25975.90945,6624.587538,6196.3674,15500.85398,6624.587538,6462.048989,6874.313174,6624.587538,1293.468075,1285.540195,0.001001968,0.001005531,0.001008742,0.001011081,3727.41151,3727.41151,3727.41151,8792.267204,8792.267204,8792.267204,8792.267204,8792.267204
12/10/2003,2522.82701,8778.9522,2803.711877,2810.887516,3496.841549,2803.711877,5623.96845,24944.19655,6468.190561,5717.559137,24919.29276,6468.190561,6011.551133,25975.90945,6468.190561,6208.022238,15500.85398,6468.190561,1247.385108,1239.778208,0.001001968,0.001005531,0.001008742,0.001011081,3452.293625,3452.293625,3452.293625,8003.261022,8003.261022,8003.261022,8003.261022,8003.261022
12/11/2003,7924.237077,14617.97794,9209.572969,8196.729592,8778.9522,9209.572969,22211.12048,24446.37617,26326.0117,21665.99658,24944.19655,26326.0117,21656.29877,24919.29276,26326.0117,14184.43876,25975.90945,26326.0117,4822.014477,4787.057082,0.001001968,0.001005531,0.001008742,0.001011081,3865.550019,3865.550019,3865.550019,9306.958656,9306.958656,9306.958656,9306.958656,9306.958656
12/12/2003,15251.00843,16264.65576,17491.31645,15116.75991,14617.97794,17491.31645,37360.92573,21198.73184,44552.97493,35692.00172,24446.37617,44552.97493,34055.82391,24944.19655,44552.97493,29680.14613,24919.29276,44552.97493,7849.089445,7788.932161,0.001001968,0.001005531,0.001008742,0.001011081,5008.567445,5008.567445,5008.567445,12591.82256,12591.82256,12591.82256,12591.82256,12591.82256
12/13/2003,14035.65812,11381.35851,16325.54375,16550.8589,16264.65576,16325.54375,26022.82847,17942.03514,31359.66525,27021.14848,21198.73184,31359.66525,27566.37154,24446.37617,31359.66525,26834.9626,24944.19655,31359.66525,8411.237732,8346.276865,0.001001968,0.001005531,0.001008742,0.001011081,6661.926162,6661.926162,6661.926162,15375.52292,15375.52292,15375.52292,15375.52292,15375.52292
12/14/2003,9180.929198,7747.953529,10557.70034,11436.03746,11381.35851,10557.70034,17211.59981,17123.06461,20504.19849,18545.07887,17942.03514,20504.19849,21429.84176,21198.73184,20504.19849,24409.16313,24446.37617,20504.19849,5333.212217,5294.091419,0.001001968,0.001005531,0.001008742,0.001011081,8057.287692,8057.287692,8057.287692,17981.32472,17981.32472,17981.32472,17981.32472,17981.32472
12/15/2003,6176.944682,5758.159233,6942.734519,7781.569858,7747.953529,6942.734519,13000.60176,15569.60713,15195.65868,14076.23532,17123.06461,15195.65868,15986.56072,17942.03514,15195.65868,20491.19538,21198.73184,15195.65868,3067.135341,3046.081465,0.001001968,0.001005531,0.001008742,0.001011081,8901.254993,8901.254993,8901.254993,20195.86856,20195.86856,20195.86856,20195.86856,20195.86856
12/16/2003,4850.112509,5665.825761,5365.050741,5718.387355,5758.159233,5365.050741,11180.19976,13904.78117,12938.42356,11674.04999,15569.60713,12938.42356,13087.88461,17123.06461,12938.42356,15771.34718,17942.03514,12938.42356,2102.670456,2088.912923,0.001001968,0.001005531,0.001008742,0.001011081,9436.093193,9436.093193,9436.093193,21729.3147,21729.3147,21729.3147,21729.3147,21729.3147
12/17/2003,4607.998595,5111.356491,5164.398204,5502.72136,5665.825761,5164.398204,11963.40954,12378.92031,13993.92409,12445.62191,13904.78117,13993.92409,13235.68304,15569.60713,13993.92409,14211.0739,17123.06461,13993.92409,2256.010065,2241.114033,0.001001968,0.001005531,0.001008742,0.001011081,9867.648724,9867.648724,9867.648724,22981.99864,22981.99864,22981.99864,22981.99864,22981.99864
12/18/2003,4830.068526,5488.4326,5351.316361,5185.568552,5111.356491,5351.316361,13641.20456,11326.46464,15914.1992,13591.86781,12378.92031,15914.1992,14111.80956,13904.78117,15914.1992,14804.28507,15569.60713,15914.1992,2009.761105,1996.688806,0.001001968,0.001005531,0.001008742,0.001011081,9624.96878,9624.96878,9624.96878,22537.82283,22537.82283,22537.82283,22537.82283,22537.82283
12/19/2003,5122.881651,5625.010817,5753.019827,5549.130983,5488.4326,5753.019827,12939.98655,10392.97346,15192.66507,12891.03074,11326.46464,15192.66507,13415.76993,12378.92031,15192.66507,13582.91254,13904.78117,15192.66507,2543.371922,2526.318847,0.001001968,0.001005531,0.001008742,0.001011081,8737.338109,8737.338109,8737.338109,20110.78174,20110.78174,20110.78174,20110.78174,20110.78174
12/20/2003,4886.437058,4787.631635,5529.59968,5644.9467,5625.010817,5529.59968,11579.28227,11096.263,13634.42819,11866.16203,10392.97346,13634.42819,12270.81524,11326.46464,13634.42819,12649.68408,12378.92031,13634.42819,2636.307372,2618.550614,0.001001968,0.001005531,0.001008742,0.001011081,7368.235875,7368.235875,7368.235875,18003.16489,18003.16489,18003.16489,18003.16489,18003.16489
12/21/2003,4131.828891,4223.698525,4622.116789,4801.014449,4787.631635,4622.116789,9538.081233,16888.9073,11116.46265,9853.676524,11096.263,11116.46265,10433.6993,10392.97346,11116.46265,11228.63253,11326.46464,11116.46265,2041.817999,2028.509676,0.001001968,0.001005531,0.001008742,0.001011081,6208.809746,6208.809746,6208.809746,16010.60665,16010.60665,16010.60665,16010.60665,16010.60665
12/22/2003,3706.639305,4170.630167,4124.230342,4231.273224,4223.698525,4124.230342,8369.094804,19033.53677,9699.811519,8597.171727,16888.9073,9699.811519,9172.405543,11096.263,9699.811519,9880.698576,10392.97346,9699.811519,1759.431638,1748.186874,0.001001968,0.001005531,0.001008742,0.001011081,5552.167681,5552.167681,5552.167681,14329.62784,14329.62784,14329.62784,14329.62784,14329.62784
12/23/2003,3373.359278,7036.701019,3700.637001,3681.89493,4170.630167,3700.637001,7846.678497,22239.38249,9008.101364,7918.062602,19033.53677,9008.101364,8311.943693,16888.9073,9008.101364,9065.926556,11096.263,9008.101364,1390.737128,1382.127211,0.001001968,0.001005531,0.001008742,0.001011081,5135.421178,5135.421178,5135.421178,13214.27445,13214.27445,13214.27445,13214.27445,13214.27445
12/24/2003,7026.357644,10159.45508,7814.568968,6599.089981,7036.701019,7814.568968,14061.16834,21527.21315,16189.73361,13179.63502,22239.38249,16189.73361,12967.43898,19033.53677,16189.73361,9728.561663,16888.9073,16189.73361,2948.711539,2928.569424,0.001001968,0.001005531,0.001008742,0.001011081,5115.588664,5115.588664,5115.588664,12771.66424,12771.66424,12771.66424,12771.66424,12771.66424
12/25/2003,10789.06522,12600.87632,11977.91105,10483.73213,10159.45508,11977.91105,23366.58158,18764.28992,27162.65346,22285.74862,21527.21315,27162.65346,20965.21928,22239.38249,27162.65346,18321.42485,19033.53677,27162.65346,4229.921824,4199.728585,0.001001968,0.001005531,0.001008742,0.001011081,5533.520592,5533.520592,5533.520592,13389.00472,13389.00472,13389.00472,13389.00472,13389.00472
12/26/2003,11721.99411,12594.06394,13393.95657,12811.37307,12600.87632,13393.95657,21867.58745,16699.76845,26000.54067,21839.54938,18764.28992,26000.54067,22679.20748,21527.21315,26000.54067,19900.95478,22239.38249,26000.54067,6318.387252,6271.128221,0.001001968,0.001005531,0.001008742,0.001011081,6474.479953,6474.479953,6474.479953,14391.21517,14391.21517,14391.21517,14391.21517,14391.21517
12/27/2003,10209.31155,8440.922846,11839.05677,12644.04413,12594.06394,11839.05677,20118.01945,14373.96368,24234.05229,21416.85442,16699.76845,24234.05229,22698.26287,18764.28992,24234.05229,23138.36448,21527.21315,24234.05229,6292.860607,6245.814189,0.001001968,0.001005531,0.001008742,0.001011081,7471.21131,7471.21131,7471.21131,15820.64985,15820.64985,15820.64985,15820.64985,15820.64985
12/28/2003,6680.767847,6148.814218,7481.850863,8468.656167,8440.922846,7481.850863,13746.37959,12813.10501,16067.67414,14974.05855,14373.96368,16067.67414,16615.38721,16699.76845,16067.67414,20090.43141,18764.28992,16067.67414,3208.291991,3186.146259,0.001001968,0.001005531,0.001008742,0.001011081,8108.714429,8108.714429,8108.714429,17133.82276,17133.82276,17133.82276,17133.82276,17133.82276
12/29/2003,5327.24398,5858.17249,5831.896889,6157.168655,6148.814218,5831.896889,10215.18039,12341.61853,11673.20161,10711.50652,12813.10501,11673.20161,12219.41125,14373.96368,11673.20161,14691.62654,16699.76845,11673.20161,2053.009886,2039.619059,0.001001968,0.001005531,0.001008742,0.001011081,8505.100699,8505.100699,8505.100699,18050.85199,18050.85199,18050.85199,18050.85199,18050.85199
12/30/2003,5198.876181,5546.32398,5721.639158,5867.069091,5858.17249,5721.639158,11092.10126,11159.19839,12789.89938,11391.98278,12341.61853,12789.89938,12133.94189,12813.10501,12789.89938,13334.02217,14373.96368,12789.89938,2133.836234,2119.848054,0.001001968,0.001005531,0.001008742,0.001011081,8843.896566,8843.896566,8843.896566,18699.44818,18699.44818,18699.44818,18699.44818,18699.44818
12/31/2003,5028.841308,5736.993427,5527.340807,5556.621752,5546.32398,5527.340807,10870.45259,10426.00229,12531.83818,11039.82745,11159.19839,12531.83818,11604.4346,12341.61853,12531.83818,12303.39272,12813.10501,12531.83818,2046.027508,2032.688159,0.001001968,0.001005531,0.001008742,0.001011081,8843.257854,8843.257854,8843.257854,18765.88872,18765.88872,18765.88872,18765.88872,18765.88872
1/1/2004,5134.560144,5728.502278,5714.68449,5737.592479,5736.993427,5714.68449,10442.88514,14186.72246,12127.59994,10642.42693,10426.00229,12127.59994,11252.90352,11159.19839,12127.59994,11337.1513,12341.61853,12127.59994,2398.330223,2382.369549,0.001001968,0.001005531,0.001008742,0.001011081,8493.682525,8493.682525,8493.682525,17597.46723,17597.46723,17597.46723,17597.46723,17597.46723
1/2/2004,5006.15605,5439.392531,5583.047265,5655.649117,5728.502278,5583.047265,10329.03093,17894.39428,12021.8902,10574.1694,14186.72246,12021.8902,11088.0039,10426.00229,12021.8902,11453.82616,11159.19839,12021.8902,2388.267825,2372.382665,0.001001968,0.001005531,0.001008742,0.001011081,7564.454202,7564.454202,7564.454202,16151.87682,16151.87682,16151.87682,16151.87682,16151.87682
1/3/2004,4917.257219,6291.811694,5414.528267,5345.416564,5439.392531,5414.528267,9284.823615,17881.54068,10660.84934,9388.57747,17894.39428,10660.84934,9796.405637,14186.72246,10660.84934,10231.43389,10426.00229,10660.84934,2027.959354,2014.75312,0.001001968,0.001005531,0.001008742,0.001011081,6537.824994,6537.824994,6537.824994,14403.64014,14403.64014,14403.64014,14403.64014,14403.64014
1/4/2004,6152.454363,11167.76468,6729.679743,5926.64264,6291.811694,6729.679743,10378.31942,17723.65431,11805.2975,9803.963338,17881.54068,11805.2975,10083.60232,17894.39428,11805.2975,9560.678944,14186.72246,11805.2975,2308.635054,2293.34622,0.001001968,0.001005531,0.001008742,0.001011081,6001.122272,6001.122272,6001.122272,12893.27648,12893.27648,12893.27648,12893.27648,12893.27648
1/5/2004,11230.84458,13382.72616,12791.62227,11309.1322,11167.76468,12791.62227,19053.40377,16585.53036,22545.75041,18148.27248,17723.65431,22545.75041,18004.57774,17881.54068,22545.75041,13575.8661,17894.39428,22545.75041,5834.829946,5791.583158,0.001001968,0.001005531,0.001008742,0.001011081,6367.434488,6367.434488,6367.434488,12618.83678,12618.83678,12618.83678,12618.83678,12618.83678
1/6/2004,10810.51576,8274.597425,12645.37515,13519.67961,13382.72616,12645.37515,20595.35899,13668.66645,24970.80261,22058.35131,16585.53036,24970.80261,22390.18491,17723.65431,24970.80261,20486.72903,17881.54068,24970.80261,6968.726917,6916.022518,0.001001968,0.001005531,0.001008742,0.001011081,7234.461323,7234.461323,7234.461323,13445.71848,13445.71848,13445.71848,13445.71848,13445.71848
1/7/2004,6670.835037,6456.918453,7529.713025,8306.090184,8274.597425,7529.713025,12685.38052,11918.81229,14886.60043,13744.04126,13668.66645,14886.60043,15969.2436,16585.53036,14886.60043,18918.14157,17723.65431,14886.60043,3436.79352,3412.869203,0.001001968,0.001005531,0.001008742,0.001011081,7813.594793,7813.594793,7813.594793,14455.55709,14455.55709,14455.55709,14455.55709,14455.55709
1/8/2004,5493.957617,5886.466021,6134.671316,6476.709232,6456.918453,6134.671316,9549.334361,10928.81732,11058.73868,10124.57445,11918.81229,11058.73868,11631.38872,13668.66645,11058.73868,14278.10053,16585.53036,11058.73868,2613.366945,2595.784149,0.001001968,0.001005531,0.001008742,0.001011081,8034.591003,8034.591003,8034.591003,15126.86694,15126.86694,15126.86694,15126.86694,15126.86694
1/9/2004,5089.616434,5451.675297,5700.313715,5900.075406,5886.466021,5700.313715,10429.90533,10254.43689,12177.4445,10814.1666,10928.81732,12177.4445,11743.15916,11918.81229,12177.4445,13083.25609,13668.66645,12177.4445,2515.362342,2498.520786,0.001001968,0.001005531,0.001008742,0.001011081,8124.668309,8124.668309,8124.668309,15406.81167,15406.81167,15406.81167,15406.81167,15406.81167
1/10/2004,4741.77561,5084.788201,5315.9231,5461.23205,5451.675297,5315.9231,9707.741236,9715.441364,11339.77621,10026.39478,10254.43689,11339.77621,10765.75732,10928.81732,11339.77621,11584.68009,11918.81229,11339.77621,2385.441517,2369.577561,0.001001968,0.001005531,0.001008742,0.001011081,8179.487297,8179.487297,8179.487297,15562.65028,15562.65028,15562.65028,15562.65028,15562.65028
1/11/2004,4437.366861,4772.703351,4975.445874,5091.585865,5084.788201,4975.445874,8907.62495,9242.688714,10394.93106,9190.572738,9715.441364,10394.93106,9841.071472,10254.43689,10394.93106,10448.3102,10928.81732,10394.93106,2253.426492,2238.549717,0.001001968,0.001005531,0.001008742,0.001011081,8120.303207,8120.303207,8120.303207,15612.02148,15612.02148,15612.02148,15612.02148,15612.02148
1/12/2004,4175.128691,4504.840572,4681.405253,4777.566432,4772.703351,4681.405253,8379.091805,8817.219244,9770.865296,8633.095495,9242.688714,9770.865296,9221.72829,9715.441364,9770.865296,9710.83841,10254.43689,9770.865296,2135.664445,2121.662724,0.001001968,0.001005531,0.001008742,0.001011081,7423.672668,7423.672668,7423.672668,14875.23972,14875.23972,14875.23972,14875.23972,14875.23972
1/13/2004,3947.968085,4270.119138,4426.816122,4508.315057,4504.840572,4426.816122,8000.647789,8441.881312,9323.629675,8230.995018,8817.219244,9323.629675,8770.652424,9242.688714,9323.629675,9180.725675,9715.441364,9323.629675,2033.434701,2020.188143,0.001001968,0.001005531,0.001008742,0.001011081,6333.641817,6333.641817,6333.641817,13398.21275,13398.21275,13398.21275,13398.21275,13398.21275
1/14/2004,3747.524958,4061.500579,4202.20828,4272.578236,4270.119138,4202.20828,7642.516991,8237.069401,8904.693834,7853.399678,8441.881312,8904.693834,8352.999255,8817.219244,8904.693834,8743.810715,9242.688714,8904.693834,1942.80919,1930.228421,0.001001968,0.001005531,0.001008742,0.001011081,5560.560054,5560.560054,5560.560054,11891.65075,11891.65075,11891.65075,11891.65075,11891.65075
1/15/2004,3568.368642,3873.601924,4001.510259,4063.206225,4061.500579,4001.510259,7301.098629,7856.391304,8504.934058,7496.291783,8237.069401,8504.934058,7962.960971,8441.881312,8504.934058,8315.169228,8817.219244,8504.934058,1861.577252,1849.590208,0.001001968,0.001005531,0.001008742,0.001011081,5095.319371,5095.319371,5095.319371,10759.33189,10759.33189,10759.33189,10759.33189,10759.33189
1/16/2004,3406.291965,3702.574911,3819.960973,3874.742394,3873.601924,3819.960973,7028.496774,7565.704968,8183.133154,7210.407197,7856.391304,8183.133154,7648.81942,8237.069401,8183.133154,7948.446692,8441.881312,8183.133154,1787.75806,1776.307945,0.001001968,0.001005531,0.001008742,0.001011081,4756.797978,4756.797978,4756.797978,10005.5153,10005.5153,10005.5153,10005.5153,10005.5153
1/17/2004,3258.248311,3545.569758,3654.127004,3703.287814,3702.574911,3654.127004,6789.367618,7301.4629,7899.878179,6959.845138,7565.704968,7899.878179,7373.629126,7856.391304,7899.878179,7643.149557,8237.069401,7899.878179,1719.972709,1709.013352,0.001001968,0.001005531,0.001008742,0.001011081,4478.315461,4478.315461,4478.315461,9458.299685,9458.299685,9458.299685,9458.299685,9458.299685
1/18/2004,3121.957451,3400.416583,3501.444632,3545.957549,3545.569758,3501.444632,6637.496403,7048.425152,7725.338813,6795.562299,7301.4629,7725.338813,7184.770357,7565.704968,7725.338813,7464.287134,7856.391304,7725.338813,1657.211012,1646.704015,0.001001968,0.001005531,0.001008742,0.001011081,4238.496743,4238.496743,4238.496743,9027.099101,9027.099101,9027.099101,9027.099101,9027.099101
1/19/2004,2995.665935,3265.430556,3359.945005,3400.556577,3400.416583,3359.945005,6325.674919,6825.670728,7359.069322,6476.383631,7048.425152,7359.069322,6848.006634,7301.4629,7359.069322,7109.178508,7565.704968,7359.069322,1598.704556,1588.617428,0.001001968,0.001005531,0.001008742,0.001011081,4027.200302,4027.200302,4027.200302,8640.273254,8640.273254,8640.273254,8640.273254,8640.273254
1/20/2004,2878.002226,3139.280321,3228.089866,3265.381712,3265.430556,3228.089866,6100.491503,6623.179664,7097.281064,6242.950346,6825.670728,7097.281064,6596.671878,7048.425152,7097.281064,6849.162015,7301.4629,7097.281064,1543.858258,1534.163076,0.001001968,0.001005531,0.001008742,0.001011081,3838.029057,3838.029057,3838.029057,8288.07178,8288.07178,8288.07178,8288.07178,8288.07178
1/21/2004,2767.873402,3020.895488,3104.654668,3139.088226,3139.280321,3104.654668,5909.36452,6433.684268,6873.335104,6044.389432,6623.179664,6873.335104,6381.698105,6825.670728,6873.335104,6606.056086,7048.425152,6873.335104,1492.202071,1482.874522,0.001001968,0.001005531,0.001008742,0.001011081,3666.619365,3666.619365,3666.619365,7970.02618,7970.02618,7970.02618,7970.02618,7970.02618
1/22/2004,2664.395508,2909.404472,2988.649711,3020.595514,3020.895488,2988.649711,5736.593715,6254.457968,6669.864082,5864.902832,6433.684268,6669.864082,6187.141946,6623.179664,6669.864082,6393.002858,6825.670728,6669.864082,1443.358433,1434.3771,0.001001968,0.001005531,0.001008742,0.001011081,3509.765584,3509.765584,3509.765584,7684.65768,7684.65768,7684.65768,7684.65768,7684.65768
1/23/2004,2566.84428,2804.089345,2879.264479,2909.024371,2909.404472,2879.264479,5575.174786,6069.446672,6479.502013,5697.331189,6254.457968,6479.502013,6005.600121,6433.684268,6479.502013,6199.923533,6623.179664,6479.502013,1397.020347,1388.366169,0.001001968,0.001005531,0.001008742,0.001011081,3365.090605,3365.090605,3365.090605,7421.811913,7421.811913,7421.811913,7421.811913,7421.811913
1/24/2004,2474.618901,2704.346852,2775.828342,2803.65094,2804.089345,2775.828342,5422.583088,5907.952609,6299.500133,5539.042829,6069.446672,6299.500133,5834.289794,6254.457968,6299.500133,6019.552382,6433.684268,6299.500133,1352.936111,1344.591961,0.001001968,0.001005531,0.001008742,0.001011081,3230.782715,3230.782715,3230.782715,7176.503868,7176.503868,7176.503868,7176.503868,7176.503868
1/25/2004,2387.213158,2609.669811,2677.775246,2703.867566,2704.346852,2677.775246,5263.217935,5752.328305,6113.783216,5374.193222,5907.952609,6113.783216,5657.114609,6069.446672,6113.783216,5849.170246,6254.457968,6113.783216,1310.893606,1302.843986,0.001001968,0.001005531,0.001008742,0.001011081,3105.429705,3105.429705,3105.429705,6931.78693,6931.78693,6931.78693,6931.78693,6931.78693
1/26/2004,2304.19871,2519.624869,2584.627064,2609.163382,2609.669811,2584.627064,5125.858761,5595.121251,5951.642103,5231.890226,5752.328305,5951.642103,5503.350802,5907.952609,5951.642103,5672.727903,6069.446672,5951.642103,1270.715489,1262.946265,0.001001968,0.001005531,0.001008742,0.001011081,2987.910281,2987.910281,2987.910281,6717.981552,6717.981552,6717.981552,6717.981552,6717.981552
1/27/2004,2225.208057,2433.837985,2495.973836,2519.102302,2519.624869,2495.973836,4993.318497,5446.606553,5795.421974,5094.69861,5595.121251,5795.421974,5355.335303,5752.328305,5795.421974,5519.542551,5907.952609,5795.421974,1232.25071,1224.748911,0.001001968,0.001005531,0.001008742,0.001011081,2877.319349,2877.319349,2877.319349,6520.679398,6520.679398,6520.679398,6520.679398,6520.679398
1/28/2004,2149.923188,2351.98432,2411.4608,2433.308059,2433.837985,2411.4608,4858.369754,5309.592855,5637.656023,4955.271289,5446.606553,5637.656023,5205.597194,5595.121251,5637.656023,5371.975057,5752.328305,5637.656023,1195.368545,1188.122209,0.001001968,0.001005531,0.001008742,0.001011081,2772.915428,2772.915428,2772.915428,6334.00333,6334.00333,6334.00333,6334.00333,6334.00333
1/29/2004,2078.066406,2273.779444,2330.778368,2351.454012,2351.98432,2330.778368,4731.130705,5187.418306,5488.606896,4823.827362,5309.592855,5488.606896,5064.397968,5446.606553,5488.606896,5222.579451,5595.121251,5488.606896,1159.955691,1152.953728,0.001001968,0.001005531,0.001008742,0.001011081,2674.082862,2674.082862,2674.082862,6156.079475,6156.079475,6156.079475,6156.079475,6156.079475
1/30/2004,2009.393734,2198.972012,2253.65468,2273.254262,2273.779444,2253.65468,4614.404712,5123.911562,5351.080423,4703.195178,5187.418306,5351.080423,4934.543741,5309.592855,5351.080423,5081.639106,5446.606553,5351.080423,1125.913331,1119.145416,0.001001968,0.001005531,0.001008742,0.001011081,2580.304394,2580.304394,2580.304394,5986.528741,5986.528741,5986.528741,5986.528741,5986.528741
1/31/2004,1943.689692,2127.339003,2179.849657,2198.456489,2198.972012,2179.849657,4511.517329,6158.372537,5228.415933,4596.718637,5123.911562,5228.415933,4819.374562,5187.418306,5228.415933,4951.975317,5309.592855,5228.415933,1093.15433,1086.610811,0.001001968,0.001005531,0.001008742,0.001011081,2491.140385,2491.140385,2491.140385,5825.873236,5825.873236,5825.873236,5825.873236,5825.873236
2/1/2004,1880.761419,2058.679378,2109.148501,2126.836581,2127.339003,2109.148501,4395.865712,5599.81227,5093.394996,4477.453367,6158.372537,5093.394996,4691.674792,5123.911562,5093.394996,4836.937919,5187.418306,5093.394996,1061.601077,1055.272906,0.001001968,0.001005531,0.001008742,0.001011081,2406.213427,2406.213427,2406.213427,5673.06639,5673.06639,5673.06639,5673.06639,5673.06639
2/2/2004,1820.435496,1993.025348,2041.358034,2058.193071,2058.679378,2041.358034,4285.661969,5771.284371,4964.576229,4363.82588,5599.81227,4964.576229,4570.007646,6158.372537,4964.576229,4709.31869,5123.911562,4964.576229,1031.183647,1025.062315,0.001001968,0.001005531,0.001008742,0.001011081,2325.196471,2325.196471,2325.196471,5525.54698,5525.54698,5525.54698,5525.54698,5525.54698
2/3/2004,1772.375829,1984.651541,1986.172362,1992.556955,1993.025348,1986.172362,4265.300519,10592.06072,4937.993675,4329.479569,5771.284371,4937.993675,4526.624092,5599.81227,4937.993675,4646.346052,6158.372537,4937.993675,1002.050509,996.1265672,0.001001968,0.001005531,0.001008742,0.001011081,2247.841287,2247.841287,2247.841287,5395.607229,5395.607229,5395.607229,5395.607229,5395.607229
2/4/2004,1756.64419,1908.402095,1973.462914,1984.202768,1984.651541,1973.462914,5176.185323,8311.861066,6034.501682,5225.015574,10592.06072,6034.501682,5388.024196,5771.284371,6034.501682,5503.224018,5599.81227,6034.501682,1017.346572,1011.319081,0.001001968,0.001005531,0.001008742,0.001011081,2180.115754,2180.115754,2180.115754,5437.709175,5437.709175,5437.709175,5437.709175,5437.709175
2/5/2004,1687.836139,1856.388881,1892.96192,1907.973832,1908.402095,1892.96192,4655.154866,6079.92048,5414.395703,4712.058981,8311.861066,5414.395703,4876.89492,10592.06072,5414.395703,5064.506972,5771.284371,5414.395703,967.6330903,961.9414095,0.001001968,0.001005531,0.001008742,0.001011081,2113.904437,2113.904437,2113.904437,5417.806027,5417.806027,5417.806027,5417.806027,5417.806027
2/6/2004,1641.221706,1909.057334,1841.523892,1855.982064,1856.388881,1841.523892,4849.338231,5410.949123,5636.183943,4900.575306,6079.92048,5636.183943,5063.121032,8311.861066,5636.183943,5114.999278,10592.06072,5636.183943,948.2338101,942.6725856,0.001001968,0.001005531,0.001008742,0.001011081,2052.644533,2052.644533,2052.644533,5456.138714,5456.138714,5456.138714,5456.138714,5456.138714
2/7/2004,1676.393586,1789.854043,1894.925844,1908.672466,1909.057334,1894.925844,9189.169681,5233.376024,10884.26886,9157.128458,5410.949123,10884.26886,9234.545019,6079.92048,10884.26886,9307.462087,8311.861066,10884.26886,1030.38682,1024.270896,0.001001968,0.001005531,0.001008742,0.001011081,2009.510848,2009.510848,2009.510848,6219.224275,6219.224275,6219.224275,6219.224275,6219.224275
2/8/2004,1578.806406,1721.950329,1776.258643,1789.491411,1789.854043,1776.258643,6996.581858,5158.054541,8228.936996,7003.524221,5233.376024,8228.936996,7116.895006,5410.949123,8228.936996,7475.402758,6079.92048,8228.936996,938.9688641,933.4698257,0.001001968,0.001005531,0.001008742,0.001011081,1959.516715,1959.516715,1959.516715,6654.295892,6654.295892,6654.295892,6654.295892,6654.295892
2/9/2004,1520.631542,1668.102177,1708.955289,1721.610202,1721.950329,1708.955289,4790.440608,5005.822558,5576.888279,4833.401956,5158.054541,5576.888279,4981.302372,5233.376024,5576.888279,5174.554716,5410.949123,5576.888279,900.1070023,894.8679459,0.001001968,0.001005531,0.001008742,0.001011081,1910.100199,1910.100199,1910.100199,6770.720888,6770.720888,6770.720888,6770.720888,6770.720888
2/10/2004,1478.373173,1624.253687,1660.495129,1667.784644,1668.102177,1660.495129,4477.112495,4950.002137,5201.757051,4517.665392,5005.822558,5201.757051,4665.010455,5158.054541,5201.757051,4796.093879,5233.376024,5201.757051,874.0817161,869.0159708,0.001001968,0.001005531,0.001008742,0.001011081,1862.455638,1862.455638,1862.455638,6808.778904,6808.778904,6808.778904,6808.778904,6808.778904
2/11/2004,1444.733588,1586.501605,1621.580849,1623.958246,1624.253687,1621.580849,4373.674273,4856.909638,5080.859693,4407.8528,4950.002137,5080.859693,4545.461311,5005.822558,5080.859693,4690.479664,5158.054541,5080.859693,852.0547945,847.1352189,0.001001968,0.001005531,0.001008742,0.001011081,1810.721114,1810.721114,1810.721114,6675.548734,6675.548734,6675.548734,6675.548734,6675.548734
2/12/2004,1408.190598,1541.651317,1579.931099,1586.228117,1586.501605,1579.931099,4296.930283,4656.36216,4992.865465,4332.749507,4856.909638,4992.865465,4459.935487,4950.002137,4992.865465,4598.974588,5005.822558,4992.865465,830.6517808,825.8737699,0.001001968,0.001005531,0.001008742,0.001011081,1763.324362,1763.324362,1763.324362,6613.916055,6613.916055,6613.916055,6613.916055,6613.916055
2/13/2004,1364.754637,1493.203519,1530.607951,1541.399337,1541.651317,1530.607951,4193.384376,4515.36574,4868.531202,4232.543088,4656.36216,4868.531202,4359.116592,4856.909638,4868.531202,4467.311479,4950.002137,4868.531202,805.6039817,800.9910454,0.001001968,0.001005531,0.001008742,0.001011081,1716.539958,1716.539958,1716.539958,6498.587538,6498.587538,6498.587538,6498.587538,6498.587538
2/14/2004,1329.650567,1460.376716,1489.721591,1492.972501,1493.203519,1489.721591,4152.356317,4418.628312,4821.079022,4180.981583,4515.36574,4821.079022,4305.442477,4656.36216,4821.079022,4440.565666,4856.909638,4821.079022,780.8761211,776.4255,0.001001968,0.001005531,0.001008742,0.001011081,1656.280954,1656.280954,1656.280954,5669.30484,5669.30484,5669.30484,5669.30484,5669.30484
2/15/2004,1297.934742,1418.030135,1453.920114,1460.165799,1460.376716,1453.920114,4072.591388,4394.07223,4726.152721,4103.332866,4418.628312,4726.152721,4216.878195,4515.36574,4726.152721,4326.544433,4656.36216,4726.152721,763.7095087,759.3711792,0.001001968,0.001005531,0.001008742,0.001011081,1607.545228,1607.545228,1607.545228,5173.486668,5173.486668,5173.486668,5173.486668,5173.486668
2/16/2004,1257.246268,1372.197208,1407.65391,1417.838904,1418.030135,1407.65391,3925.52373,4503.274528,4549.713586,3960.213499,4394.07223,4549.713586,4073.767617,4418.628312,4549.713586,4174.02266,4515.36574,4549.713586,739.6495964,735.4680944,0.001001968,0.001005531,0.001008742,0.001011081,1562.597299,1562.597299,1562.597299,4991.156153,4991.156153,4991.156153,4991.156153,4991.156153
2/17/2004,1217.051874,1331.606493,1361.906126,1372.025176,1372.197208,1361.906126,3802.641199,4848.236287,4403.105459,3836.57473,4503.274528,4403.105459,3950.198934,4394.07223,4403.105459,4056.755177,4418.628312,4403.105459,715.5534964,711.5283895,0.001001968,0.001005531,0.001008742,0.001011081,1519.442651,1519.442651,1519.442651,4873.427519,4873.427519,4873.427519,4873.427519,4873.427519
2/18/2004,1181.381508,1293.885406,1321.743909,1331.453306,1331.606493,1321.743909,3696.551583,5234.637895,4280.473613,3728.901186,4848.236287,4280.473613,3838.718212,4503.274528,4280.473613,3961.732463,4394.07223,4280.473613,696.1865947,692.2866879,0.001001968,0.001005531,0.001008742,0.001011081,1477.514361,1477.514361,1477.514361,4760.196246,4760.196246,4760.196246,4760.196246,4760.196246
2/19/2004,1148.080524,1261.075115,1284.417995,1293.750506,1293.885406,1284.417995,3661.3183,5331.674564,4242.448913,3690.856015,5234.637895,4242.448913,3795.293309,4848.236287,4242.448913,3917.356217,4503.274528,4242.448913,678.8575825,675.0693129,0.001001968,0.001005531,0.001008742,0.001011081,1436.2711,1436.2711,1436.2711,4652.718888,4652.718888,4652.718888,4652.718888,4652.718888
2/20/2004,1128.008086,1277.535254,1261.209383,1260.957333,1261.075115,1261.209383,3802.812964,5552.127448,4408.412693,3818.664065,5331.674564,4408.412693,3916.379103,5234.637895,4408.412693,4001.367725,4848.236287,4408.412693,665.5234887,661.820864,0.001001968,0.001005531,0.001008742,0.001011081,1396.175829,1396.175829,1396.175829,4580.48193,4580.48193,4580.48193,4580.48193,4580.48193
2/21/2004,1144.167084,1305.759423,1281.860613,1277.178908,1277.535254,1281.860613,4204.841849,5210.43436,4887.118358,4212.047752,5552.127448,4887.118358,4294.670266,5331.674564,4887.118358,4325.566212,5234.637895,4887.118358,686.9961418,683.1554882,0.001001968,0.001005531,0.001008742,0.001011081,1362.76907,1362.76907,1362.76907,4570.174593,4570.174593,4570.174593,4570.174593,4570.174593
2/22/2004,1168.012056,1330.73119,1309.544176,1305.692609,1305.759423,1309.544176,4586.343855,4992.242488,5342.382782,4589.705267,5210.43436,5342.382782,4653.754883,5552.127448,5342.382782,4702.120102,5331.674564,5342.382782,704.5217754,700.5680402,0.001001968,0.001005531,0.001008742,0.001011081,1336.992576,1336.992576,1336.992576,4632.145904,4632.145904,4632.145904,4632.145904,4632.145904
2/23/2004,1182.025308,1299.394445,1325.202699,1330.85004,1330.73119,1325.202699,4641.753038,4825.656827,5410.898515,4655.640079,4992.242488,5410.898515,4714.993195,5210.43436,5410.898515,4777.257758,5552.127448,5410.898515,711.1104585,707.1141141,0.001001968,0.001005531,0.001008742,0.001011081,1319.327345,1319.327345,1319.327345,4732.013843,4732.013843,4732.013843,4732.013843,4732.013843
2/24/2004,1158.755862,1276.431258,1295.255807,1299.342541,1299.394445,1295.255807,4776.065789,4831.656136,5560.136408,4780.942892,4825.656827,5560.136408,4844.446886,4992.242488,5560.136408,4950.235152,5210.43436,5560.136408,680.3617476,676.5638027,0.001001968,0.001005531,0.001008742,0.001011081,1305.903994,1305.903994,1305.903994,4891.726154,4891.726154,4891.726154,4891.726154,4891.726154
2/25/2004,1135.576456,1236.179983,1268.704694,1276.383619,1276.431258,1268.704694,4385.008052,4769.031788,5100.86698,4397.831942,4831.656136,5100.86698,4472.328179,4825.656827,5100.86698,4632.027196,4992.242488,5100.86698,665.4538615,661.7516834,0.001001968,0.001005531,0.001008742,0.001011081,1296.147938,1296.147938,1296.147938,5014.910473,5014.910473,5014.910473,5014.910473,5014.910473
2/26/2004,1099.387422,1198.07721,1227.75434,1236.147136,1236.179983,1227.75434,4213.155165,4621.549905,4889.037325,4228.487904,4769.031788,4889.037325,4313.828118,4831.656136,4889.037325,4387.74352,4825.656827,4889.037325,644.6288119,641.0599341,0.001001968,0.001005531,0.001008742,0.001011081,1287.759742,1287.759742,1287.759742,5109.561682,5109.561682,5109.561682,5109.561682,5109.561682
2/27/2004,1073.194501,1172.410282,1197.392833,1198.058592,1198.07721,1197.392833,4112.798881,4701.577802,4768.987415,4120.237353,4621.549905,4768.987415,4204.322901,4769.031788,4768.987415,4321.003863,4831.656136,4768.987415,626.4461213,622.993162,0.001001968,0.001005531,0.001008742,0.001011081,1278.78686,1278.78686,1278.78686,5164.646178,5164.646178,5164.646178,5164.646178,5164.646178
2/28/2004,1084.075442,1177.54198,1204.958619,1172.202405,1172.410282,1204.958619,4136.194293,4342.824739,4790.359037,4109.413512,4701.577802,4790.359037,4183.698956,4621.549905,4790.359037,4280.257105,4769.031788,4790.359037,612.115446,608.7535316,0.001001968,0.001005531,0.001008742,0.001011081,1264.643429,1264.643429,1264.643429,5157.970453,5157.970453,5157.970453,5157.970453,5157.970453
2/29/2004,1191.548792,1203.600835,1305.549762,1176.334221,1177.54198,1305.549762,4250.180732,5261.928551,4895.687641,4125.920832,4342.824739,4895.687641,4148.821049,4701.577802,4895.687641,4242.120145,4621.549905,4895.687641,579.6180126,576.461489,0.001001968,0.001005531,0.001008742,0.001011081,1242.785907,1242.785907,1242.785907,5086.255098,5086.255098,5086.255098,5086.255098,5086.255098
3/1/2004,1450.712504,1625.984971,1535.114488,1197.886812,1203.600835,1535.114488,4444.323723,7831.9435,5030.078908,4103.804147,5261.928551,5030.078908,3971.944965,4342.824739,5030.078908,4120.169943,4701.577802,5030.078908,434.9826298,432.719996,0.001001968,0.001005531,0.001008742,0.001011081,1203.691745,1203.691745,1203.691745,4991.75777,4991.75777,4991.75777,4991.75777,4991.75777
3/2/2004,1964.952144,1862.16817,2046.85296,1606.830841,1625.984971,2046.85296,5208.568364,8739.38344,5822.767987,4770.159907,7831.9435,5822.767987,4374.872921,5261.928551,5822.767987,4128.410508,4342.824739,5822.767987,405.9853025,403.897322,0.001001968,0.001005531,0.001008742,0.001011081,1187.637944,1187.637944,1187.637944,4908.2356,4908.2356,4908.2356,4908.2356,4908.2356
3/3/2004,2896.798964,5881.357558,2909.915058,1739.194008,1862.16817,2909.915058,6074.05665,12436.4545,6537.588667,4883.145761,8739.38344,6537.588667,4328.682792,7831.9435,6537.588667,4216.142057,5261.928551,6537.588667,0.001000564,0.001006515,0.001001968,0.001005531,0.001008742,0.001011081,1180.795722,1180.795722,1180.795722,4915.401614,4915.401614,4915.401614,4915.401614,4915.401614
3/4/2004,6294.989655,8471.155021,6889.130288,5787.52509,5881.357558,6889.130288,9979.06862,16073.8081,11354.71692,9090.560132,12436.4545,11354.71692,8205.490635,8739.38344,11354.71692,4901.621682,7831.9435,11354.71692,2506.924165,2490.14628,0.001001968,0.001005531,0.001008742,0.001011081,1627.50333,1627.50333,1627.50333,5169.668242,5169.668242,5169.668242,5169.668242,5169.668242
3/5/2004,7379.343224,8538.371825,8195.146705,8074.261134,8471.155021,8195.146705,13035.2601,17139.80717,15108.98528,13178.15958,16073.8081,15108.98528,12464.17133,12436.4545,15108.98528,10221.5557,8739.38344,15108.98528,3313.092925,3290.133118,0.001001968,0.001005531,0.001008742,0.001011081,2408.603422,2408.603422,2408.603422,5947.954127,5947.954127,5947.954127,5947.954127,5947.954127
3/6/2004,8491.001339,10793.78244,9269.612004,8528.123985,8538.371825,9269.612004,12396.22232,17075.18056,13990.88187,11986.25027,17139.80717,13990.88187,12233.20585,16073.8081,13990.88187,10602.44209,12436.4545,13990.88187,2974.313454,2953.974563,0.001001968,0.001005531,0.001008742,0.001011081,3401.575472,3401.575472,3401.575472,7037.357418,7037.357418,7037.357418,7037.357418,7037.357418
3/7/2004,9655.50643,10903.24057,10814.83923,10743.95309,10793.78244,10814.83923,14454.08952,15331.08361,16791.47626,14825.37805,17075.18056,16791.47626,15156.15966,17139.80717,16791.47626,13368.78269,16073.8081,16791.47626,4496.86397,4464.531017,0.001001968,0.001005531,0.001008742,0.001011081,4675.914696,4675.914696,4675.914696,8486.656746,8486.656746,8486.656746,8486.656746,8486.656746
3/8/2004,8965.244969,8038.467399,10190.59854,11027.31028,10903.24057,10190.59854,15162.83923,12686.57554,17916.56998,16428.92195,15331.08361,17916.56998,17447.79134,17075.18056,17916.56998,16868.46166,17139.80717,17916.56998,4728.512558,4694.31183,0.001001968,0.001005531,0.001008742,0.001011081,6101.141681,6101.141681,6101.141681,10248.73254,10248.73254,10248.73254,10248.73254,10248.73254
3/9/2004,6631.141162,6626.992284,7387.002697,8127.685835,8038.467399,7387.002697,12097.59952,10908.94823,14055.4749,13086.88042,12686.57554,14055.4749,14741.26347,15331.08361,14055.4749,16898.80023,17075.18056,14055.4749,3022.715264,3002.003849,0.001001968,0.001005531,0.001008742,0.001011081,7243.665868,7243.665868,7243.665868,12014.19449,12014.19449,12014.19449,12014.19449,12014.19449
3/10/2004,5591.166017,5781.000555,6210.697742,6659.740347,6626.992284,6210.697742,10329.50079,9886.905724,11960.63109,10979.78571,10908.94823,11960.63109,12352.84824,12686.57554,11960.63109,14221.54846,15331.08361,11960.63109,2534.455423,2517.469711,0.001001968,0.001005531,0.001008742,0.001011081,8144.786649,8144.786649,8144.786649,13480.67608,13480.67608,13480.67608,13480.67608,13480.67608
3/11/2004,4969.348822,5134.079723,5512.411894,5798.420568,5781.000555,5512.411894,9876.69962,9114.320035,11447.78889,10323.22188,9886.905724,11447.78889,11275.26512,10908.94823,11447.78889,12685.34895,12686.57554,11447.78889,2253.581551,2238.70362,0.001001968,0.001005531,0.001008742,0.001011081,8424.724068,8424.724068,8424.724068,14386.73383,14386.73383,14386.73383,14386.73383,14386.73383
3/12/2004,4508.069811,4791.025194,4984.047175,5148.288072,5134.079723,4984.047175,8666.841659,8720.566388,9994.94585,8979.266019,9114.320035,9994.94585,9714.140699,9886.905724,9994.94585,10676.05073,10908.94823,9994.94585,1995.780434,1982.810933,0.001001968,0.001005531,0.001008742,0.001011081,8258.315244,8258.315244,8258.315244,14504.2975,14504.2975,14504.2975,14504.2975,14504.2975
3/13/2004,4211.235675,4480.786636,4663.606619,4803.992469,4791.025194,4663.606619,7917.944908,8420.773927,9131.635331,8202.775627,8720.566388,9131.635331,8803.795765,9114.320035,9131.635331,9422.178817,9886.905724,9131.635331,1915.992266,1903.607828,0.001001968,0.001005531,0.001008742,0.001011081,7818.00447,7818.00447,7818.00447,14142.78814,14142.78814,14142.78814,14142.78814,14142.78814
3/14/2004,3931.2484,4131.524598,4359.606259,4490.353789,4480.786636,4359.606259,7451.990249,7937.650114,8604.673107,7717.949562,8420.773927,8604.673107,8265.532842,8720.566388,8604.673107,8761.00684,9114.320035,8604.673107,1830.416535,1818.65645,0.001001968,0.001005531,0.001008742,0.001011081,7052.396093,7052.396093,7052.396093,13322.5392,13322.5392,13322.5392,13322.5392,13322.5392
3/15/2004,3649.18955,3932.155632,4040.112147,4138.726731,4131.524598,4040.112147,6961.98414,8010.654723,8022.456493,7183.802325,7937.650114,8022.456493,7683.89422,8420.773927,8022.456493,8151.200035,8720.566388,8022.456493,1686.138396,1675.423149,0.001001968,0.001005531,0.001008742,0.001011081,6098.068167,6098.068167,6098.068167,12117.04879,12117.04879,12117.04879,12117.04879,12117.04879
3/16/2004,3485.500733,3704.477402,3865.789963,3938.230636,3932.155632,3865.789963,6817.826633,7661.069908,7866.547601,7007.603007,8010.654723,7866.547601,7459.404239,7937.650114,7866.547601,7776.472246,8420.773927,7866.547601,1651.006994,1640.544604,0.001001968,0.001005531,0.001008742,0.001011081,5370.999417,5370.999417,5370.999417,10817.98771,10817.98771,10817.98771,10817.98771,10817.98771
3/17/2004,3285.990013,3531.411674,3640.126898,3709.543166,3704.477402,3640.126898,6696.327508,7535.12124,7723.474899,6869.951394,7661.069908,7723.474899,7257.272494,8010.654723,7723.474899,7615.981985,7937.650114,7723.474899,1549.020011,1539.288012,0.001001968,0.001005531,0.001008742,0.001011081,4840.260088,4840.260088,4840.260088,9748.943601,9748.943601,9748.943601,9748.943601,9748.943601
3/18/2004,3124.164717,3316.756533,3463.535005,3535.34917,3531.411674,3463.535005,6311.944674,7148.916418,7277.143753,6485.560655,7535.12124,7277.143753,6858.041885,7661.069908,7277.143753,7131.869891,8010.654723,7277.143753,1493.54742,1484.210315,0.001001968,0.001005531,0.001008742,0.001011081,4455.448765,4455.448765,4455.448765,8968.059102,8968.059102,8968.059102,8968.059102,8968.059102
3/19/2004,2939.562274,3160.86913,3257.478863,3319.978328,3316.756533,3257.478863,6430.853876,6817.151496,7424.696952,6579.125081,7148.916418,7424.696952,6937.788083,7535.12124,7424.696952,7230.36829,7661.069908,7424.696952,1409.849629,1401.105003,0.001001968,0.001005531,0.001008742,0.001011081,4159.195216,4159.195216,4159.195216,8489.513793,8489.513793,8489.513793,8489.513793,8489.513793
3/20/2004,2801.394198,3093.917923,3105.547805,3158.928988,3160.86913,3105.547805,6142.998013,6523.314283,7091.115344,6278.590293,6817.151496,7091.115344,6605.348118,7148.916418,7091.115344,6892.284,7535.12124,7091.115344,1356.969002,1348.59654,0.001001968,0.001005531,0.001008742,0.001011081,3903.560891,3903.560891,3903.560891,8134.786853,8134.786853,8134.786853,8134.786853,8134.786853
3/21/2004,2771.299875,2983.439229,3074.505734,3093.512933,3093.917923,3074.505734,6279.053969,6096.956714,7241.468468,6380.105225,6523.314283,7241.468468,6659.167183,6817.151496,7241.468468,6763.662925,7148.916418,7241.468468,1349.249864,1340.931583,0.001001968,0.001005531,0.001008742,0.001011081,3682.033946,3682.033946,3682.033946,7883.833366,7883.833366,7883.833366,7883.833366,7883.833366
3/22/2004,2660.080974,2858.832776,2950.21248,2986.27,2983.439229,2950.21248,5991.556259,6061.236752,6904.242189,6106.899459,6096.956714,6904.242189,6377.158211,6523.314283,6904.242189,6579.727327,6817.151496,6904.242189,1300.180289,1292.205539,0.001001968,0.001005531,0.001008742,0.001011081,3497.664238,3497.664238,3497.664238,7670.355544,7670.355544,7670.355544,7670.355544,7670.355544
3/23/2004,2539.879598,2736.698848,2817.191884,2858.967353,2858.832776,2817.191884,5549.306774,6586.978741,6392.82866,5669.185309,6061.236752,6392.82866,5950.128768,6096.956714,6392.82866,6201.711016,6523.314283,6392.82866,1250.70202,1243.072065,0.001001968,0.001005531,0.001008742,0.001011081,3331.639986,3331.639986,3331.639986,7431.843773,7431.843773,7431.843773,7431.843773,7431.843773
3/24/2004,2615.54813,2791.977303,2872.404164,2715.232644,2736.698848,2872.404164,5500.013974,7872.546125,6289.925194,5416.13317,6586.978741,6289.925194,5663.882715,6061.236752,6289.925194,5885.15708,6096.956714,6289.925194,1164.305906,1157.273972,0.001001968,0.001005531,0.001008742,0.001011081,3181.034903,3181.034903,3181.034903,7183.777081,7183.777081,7183.777081,7183.777081,7183.777081
3/25/2004,3126.143123,4457.74181,3322.054173,2735.256906,2791.977303,3322.054173,5977.482454,8795.77086,6652.129885,5451.214101,7872.546125,6652.129885,5297.20279,6586.978741,6652.129885,5548.047122,6061.236752,6652.129885,873.3121548,868.2515243,0.001001968,0.001005531,0.001008742,0.001011081,3010.334905,3010.334905,3010.334905,6963.159312,6963.159312,6963.159312,6963.159312,6963.159312
3/26/2004,4374.163392,5444.994695,4773.387012,4334.259684,4457.74181,4773.387012,7274.322195,8684.753356,8244.227686,6977.225888,8795.77086,8244.227686,6613.882511,7872.546125,8244.227686,5453.941332,6586.978741,8244.227686,1718.651162,1707.70135,0.001001968,0.001005531,0.001008742,0.001011081,3038.120963,3038.120963,3038.120963,6788.457104,6788.457104,6788.457104,6788.457104,6788.457104
3/27/2004,4842.475211,4823.39527,5419.538133,5482.245016,5444.994695,5419.538133,8274.574017,8674.987455,9599.661723,8539.857179,8684.753356,9599.661723,8694.842944,8795.77086,9599.661723,7245.20939,7872.546125,9599.661723,2412.154486,2396.090007,0.001001968,0.001005531,0.001008742,0.001011081,3307.541797,3307.541797,3307.541797,6851.793875,6851.793875,6851.793875,6851.793875,6851.793875
3/28/2004,4085.925383,3937.336892,4558.158997,4861.275987,4823.39527,4558.158997,7567.313281,8296.207001,8757.581122,8025.290516,8674.987455,8757.581122,8595.893701,8684.753356,8757.581122,8821.613278,8795.77086,8757.581122,2018.8643,2005.725021,0.001001968,0.001005531,0.001008742,0.001011081,3578.31257,3578.31257,3578.31257,7081.766357,7081.766357,7081.766357,7081.766357,7081.766357
3/29/2004,3365.195099,3541.159946,3714.657625,3947.566612,3937.336892,3714.657625,6323.122315,7332.142359,7244.767373,6669.784604,8296.207001,7244.767373,7333.037093,8674.987455,7244.767373,8181.061552,8684.753356,7244.767373,1532.05143,1522.440408,0.001001968,0.001005531,0.001008742,0.001011081,3762.287777,3762.287777,3762.287777,7325.751394,7325.751394,7325.751394,7325.751394,7325.751394
3/30/2004,3041.857022,3700.008265,3350.87019,3493.544728,3541.159946,3350.87019,5989.603874,7472.370141,6860.650617,6227.255377,7332.142359,6860.650617,6745.184039,8296.207001,6860.650617,7432.496672,8674.987455,6860.650617,1370.434844,1361.967776,0.001001968,0.001005531,0.001008742,0.001011081,3882.422439,3882.422439,3882.422439,7515.147598,7515.147598,7515.147598,7515.147598,7515.147598
3/31/2004,3238.891225,3588.726559,3620.339393,3702.993565,3700.008265,3620.339393,6831.545849,7624.438784,7932.534381,7026.940038,7472.370141,7932.534381,7439.226412,7332.142359,7932.534381,7480.687993,8296.207001,7932.534381,1654.532669,1644.044931,0.001001968,0.001005531,0.001008742,0.001011081,4032.568968,4032.568968,4032.568968,7752.878724,7752.878724,7752.878724,7752.878724,7752.878724
4/1/2004,3138.607356,3675.58693,3506.448808,3551.25185,3588.726559,3506.448808,6917.427343,7317.865889,8036.912863,7064.810125,7624.438784,8036.912863,7439.154731,7472.370141,8036.912863,7713.610917,7332.142359,8036.912863,1606.683609,1596.539325,0.001001968,0.001005531,0.001008742,0.001011081,4203.833083,4203.833083,4203.833083,8016.265241,8016.265241,8016.265241,8016.265241,8016.265241
4/2/2004,3439.236913,3839.259687,3825.143029,3685.338264,3675.58693,3825.143029,6337.76618,6734.386976,7309.066485,6332.419009,7317.865889,7309.066485,6577.81733,7624.438784,7309.066485,6673.513782,7472.370141,7309.066485,1642.9466,1632.542136,0.001001968,0.001005531,0.001008742,0.001011081,4201.94142,4201.94142,4201.94142,8101.395153,8101.395153,8101.395153,8101.395153,8101.395153
4/3/2004,3489.054207,3807.732067,3896.764178,3863.439254,3839.259687,3896.764178,6606.520558,6308.246513,7659.913351,6704.40831,6734.386976,7659.913351,6958.404877,7317.865889,7659.913351,6909.41967,7624.438784,7659.913351,1761.102161,1749.845297,0.001001968,0.001005531,0.001008742,0.001011081,4008.25986,4008.25986,4008.25986,8042.813487,8042.813487,8042.813487,8042.813487,8042.813487
4/4/2004,3371.694801,3375.625407,3797.046647,3816.898597,3807.732067,3797.046647,6625.720123,6031.701359,7735.864877,6776.404712,6308.246513,7735.864877,7236.029507,6734.386976,7735.864877,7184.36967,7317.865889,7735.864877,1856.658426,1844.707238,0.001001968,0.001005531,0.001008742,0.001011081,3848.799124,3848.799124,3848.799124,7858.252944,7858.252944,7858.252944,7858.252944,7858.252944
4/5/2004,2841.683037,2773.857734,3178.676458,3382.160159,3375.625407,3178.676458,5746.000098,6021.083231,6663.463586,6051.98709,6031.701359,6663.463586,6379.548404,6308.246513,6663.463586,6964.102184,6734.386976,6663.463586,1496.697877,1487.338392,0.001001968,0.001005531,0.001008742,0.001011081,3722.211309,3722.211309,3722.211309,7634.330979,7634.330979,7634.330979,7634.330979,7634.330979
4/6/2004,2426.099656,2660.020382,2682.545026,2776.753201,2773.857734,2682.545026,4719.435981,5682.441296,5410.238663,4895.617168,6021.083231,5410.238663,5357.392417,6031.701359,5410.238663,5859.309597,6308.246513,5410.238663,1161.200448,1154.18991,0.001001968,0.001005531,0.001008742,0.001011081,3617.023002,3617.023002,3617.023002,7424.643892,7424.643892,7424.643892,7424.643892,7424.643892
4/7/2004,2339.713346,2520.827372,2599.036572,2662.184087,2660.020382,2599.036572,4693.633385,5136.331989,5402.999845,4837.228323,5682.441296,5402.999845,5168.432758,6021.083231,5402.999845,5485.216304,6031.701359,5402.999845,1179.028344,1171.894879,0.001001968,0.001005531,0.001008742,0.001011081,3469.207005,3469.207005,3469.207005,7129.885298,7129.885298,7129.885298,7129.885298,7129.885298
4/8/2004,2226.022942,2409.731412,2473.922,2522.547456,2520.827372,2473.922,4723.200757,5407.193625,5444.383539,4843.903037,5136.331989,5444.383539,5123.306857,5682.441296,5444.383539,5365.838349,6021.083231,5444.383539,1133.929614,1127.106663,0.001001968,0.001005531,0.001008742,0.001011081,3320.961963,3320.961963,3320.961963,6799.470948,6799.470948,6799.470948,6799.470948,6799.470948
4/9/2004,2135.093713,2313.018794,2374.236396,2411.125069,2409.731412,2374.236396,4859.763874,7677.744353,5612.449533,4960.866573,5407.193625,5612.449533,5211.916238,5136.331989,5612.449533,5395.626612,5682.441296,5612.449533,1099.764417,1093.175686,0.001001968,0.001005531,0.001008742,0.001011081,3157.839933,3157.839933,3157.839933,6607.414808,6607.414808,6607.414808,6607.414808,6607.414808
4/10/2004,2048.486326,2218.675834,2279.14434,2314.168947,2313.018794,2279.14434,4608.75634,9799.939521,5321.304241,4706.127319,7677.744353,5321.304241,4937.668846,5407.193625,5321.304241,5144.278607,5136.331989,5321.304241,1066.28416,1059.924078,0.001001968,0.001005531,0.001008742,0.001011081,2955.330457,2955.330457,2955.330457,6330.937307,6330.937307,6330.937307,6330.937307,6330.937307
4/11/2004,1969.090011,2280.018074,2191.095414,2219.642487,2218.675834,2191.095414,4154.688222,9858.515142,4786.358941,4249.061474,9799.939521,4786.358941,4477.995149,7677.744353,4786.358941,4639.301875,5407.193625,4786.358941,1031.634895,1025.5105,0.001001968,0.001005531,0.001008742,0.001011081,2719.025003,2719.025003,2719.025003,5942.322731,5942.322731,5942.322731,5942.322731,5942.322731
4/12/2004,1966.229971,3197.085889,2202.165766,2232.10925,2280.018074,2202.165766,4510.26362,9025.071668,5228.791736,4603.559545,9858.515142,5228.791736,4830.025889,9799.939521,5228.791736,4877.058205,7677.744353,5228.791736,1095.577242,1089.017155,0.001001968,0.001005531,0.001008742,0.001011081,2552.812729,2552.812729,2552.812729,5667.733309,5667.733309,5667.733309,5667.733309,5667.733309
4/13/2004,2992.940224,4568.181133,3389.058886,3168.87539,3197.085889,3389.058886,7837.011825,8329.019094,9197.969726,7714.53729,9025.071668,9197.969726,7745.480656,9858.515142,9197.969726,6893.836223,9799.939521,9197.969726,1725.536903,1714.537346,0.001001968,0.001005531,0.001008742,0.001011081,2535.564939,2535.564939,2535.564939,5865.030246,5865.030246,5865.030246,5865.030246,5865.030246
4/14/2004,4609.624317,5204.244957,5197.032598,4599.034262,4568.181133,5197.032598,11278.68134,7445.342788,13266.39904,10826.0374,8329.019094,13266.39904,10548.18177,9025.071668,13266.39904,9631.137108,9858.515142,13266.39904,2431.206198,2414.998553,0.001001968,0.001005531,0.001008742,0.001011081,2696.094181,2696.094181,2696.094181,6515.908511,6515.908511,6515.908511,6515.908511,6515.908511
4/15/2004,4478.315834,4013.154304,5132.034624,5236.270866,5204.244957,5132.034624,10183.30135,6265.456273,12081.19633,10467.62878,7445.342788,12081.19633,10627.69439,8329.019094,12081.19633,9912.085167,9025.071668,12081.19633,2745.510903,2726.923726,0.001001968,0.001005531,0.001008742,0.001011081,3019.862,3019.862,3019.862,7271.535976,7271.535976,7271.535976,7271.535976,7271.535976
4/16/2004,3239.917819,2619.517497,3683.585537,4020.785389,4013.154304,3683.585537,7206.861957,5444.974816,8468.474072,7668.89226,6265.456273,8468.474072,8396.307245,7445.342788,8468.474072,9118.696865,8329.019094,8468.474072,1943.890404,1931.301713,0.001001968,0.001005531,0.001008742,0.001011081,3292.011609,3292.011609,3292.011609,7850.025843,7850.025843,7850.025843,7850.025843,7850.025843
4/17/2004,2191.700987,2246.855304,2429.954539,2619.782023,2619.517497,2429.954539,4904.76336,5205.85487,5633.571046,5161.664138,5444.974816,5633.571046,5886.033284,6265.456273,5633.571046,7249.076515,7445.342788,5633.571046,1099.700542,1093.112248,0.001001968,0.001005531,0.001008742,0.001011081,3404.714656,3404.714656,3404.714656,8220.508211,8220.508211,8220.508211,8220.508211,8220.508211
4/18/2004,1924.551626,2104.111357,2133.135916,2246.91311,2246.855304,2133.135916,4377.412209,4958.024695,5027.376643,4548.540696,5205.85487,5027.376643,4952.011492,5444.974816,5027.376643,5759.703013,6265.456273,5027.376643,976.4653554,970.7141692,0.001001968,0.001005531,0.001008742,0.001011081,3435.765825,3435.765825,3435.765825,8419.805242,8419.805242,8419.805242,8419.805242,8419.805242
4/19/2004,1879.586767,2218.410768,2086.957932,2104.194122,2104.111357,2086.957932,4421.516262,4861.160035,5089.36972,4492.60899,4958.024695,5089.36972,4785.169965,5205.85487,5089.36972,5109.685036,5444.974816,5089.36972,975.0816703,969.3398109,0.001001968,0.001005531,0.001008742,0.001011081,3430.396895,3430.396895,3430.396895,8433.093354,8433.093354,8433.093354,8433.093354,8433.093354
4/20/2004,1980.827594,2223.595815,2222.30291,2217.733544,2218.410768,2222.30291,4443.263529,5129.714096,5147.71661,4506.625685,4861.160035,5147.71661,4733.590048,4958.024695,5147.71661,4787.246541,5205.85487,5147.71661,1127.660247,1120.880343,0.001001968,0.001005531,0.001008742,0.001011081,3336.062963,3336.062963,3336.062963,8030.017907,8030.017907,8030.017907,8030.017907,8030.017907
4/21/2004,1960.112865,2184.751036,2205.514503,2223.584054,2223.595815,2205.514503,4409.527685,5135.358802,5123.46302,4495.895587,5129.714096,5123.46302,4701.285463,4861.160035,5123.46302,4812.487149,4958.024695,5123.46302,1147.042215,1140.129136,0.001001968,0.001005531,0.001008742,0.001011081,3096.45652,3096.45652,3096.45652,7245.376804,7245.376804,7245.376804,7245.376804,7245.376804
4/22/2004,1885.114826,2351.326946,2122.034758,2169.439939,2184.751036,2122.034758,4136.173661,5715.763898,4798.601166,4252.910537,5135.358802,4798.601166,4459.273932,5129.714096,4798.601166,4553.747252,4861.160035,4798.601166,1111.273159,1104.60563,0.001001968,0.001005531,0.001008742,0.001011081,2711.724017,2711.724017,2711.724017,6384.805603,6384.805603,6384.805603,6384.805603,6384.805603
4/23/2004,2092.731989,2650.915453,2367.185661,2340.482279,2351.326946,2367.185661,4347.216863,7470.862397,5058.293135,4407.675931,5715.763898,5058.293135,4635.274846,5135.358802,5058.293135,4481.050894,5129.714096,5058.293135,1266.501111,1258.761236,0.001001968,0.001005531,0.001008742,0.001011081,2418.888011,2418.888011,2418.888011,5679.079527,5679.079527,5679.079527,5679.079527,5679.079527
4/24/2004,2363.103177,2357.608181,2686.456961,2665.07338,2650.915453,2686.456961,4832.485595,8057.952401,5656.452616,4913.066037,7470.862397,5656.452616,5060.919436,5715.763898,5656.452616,4938.435522,5135.358802,5656.452616,1461.978913,1452.865756,0.001001968,0.001005531,0.001008742,0.001011081,2330.809548,2330.809548,2330.809548,5261.859245,5261.859245,5261.859245,5261.859245,5261.859245
4/25/2004,2008.322671,2822.460775,2275.548304,2331.316697,2357.608181,2275.548304,4301.268707,7519.835288,5014.425853,4437.971701,8057.952401,5014.425853,4747.651134,7470.862397,5014.425853,4945.383794,5715.763898,5014.425853,1237.225041,1229.688716,0.001001968,0.001005531,0.001008742,0.001011081,2320.588619,2320.588619,2320.588619,5098.645399,5098.645399,5098.645399,5098.645399,5098.645399
4/26/2004,2665.006264,3713.572299,2981.683645,2799.518574,2822.460775,2981.683645,5651.194034,6483.27505,6518.277185,5581.003045,7519.835288,6518.277185,5535.620104,8057.952401,6518.277185,5169.369814,7470.862397,6518.277185,1377.408131,1368.892027,0.001001968,0.001005531,0.001008742,0.001011081,2357.345522,2357.345522,2357.345522,5184.211584,5184.211584,5184.211584,5184.211584,5184.211584
4/27/2004,3420.477529,3642.269271,3887.327227,3747.175574,3713.572299,3887.327227,8087.959422,5487.079042,9477.005825,8086.701269,6483.27505,9477.005825,8145.156057,7519.835288,9477.005825,7163.736796,8057.952401,9477.005825,1994.878343,1981.915473,0.001001968,0.001005531,0.001008742,0.001011081,2526.747702,2526.747702,2526.747702,5628.395596,5628.395596,5628.395596,5628.395596,5628.395596
4/28/2004,3154.498787,2739.090137,3640.655823,3663.899424,3642.269271,3640.655823,7683.867748,4899.297296,9107.72742,7837.181497,5487.079042,9107.72742,8403.965638,6483.27505,9107.72742,8328.864797,7519.835288,9107.72742,2128.832983,2114.881857,0.001001968,0.001005531,0.001008742,0.001011081,2756.068362,2756.068362,2756.068362,6157.668368,6157.668368,6157.668368,6157.668368,6157.668368
4/29/2004,2232.164808,1969.021833,2543.392403,2739.984405,2739.090137,2543.392403,5339.169441,5491.198226,6244.555188,5621.611646,4899.297296,6244.555188,6061.267826,5487.079042,6244.555188,7172.439908,6483.27505,6244.555188,1425.430545,1416.575938,0.001001968,0.001005531,0.001008742,0.001011081,2862.905124,2862.905124,2862.905124,6508.992227,6508.992227,6508.992227,6508.992227,6508.992227
4/30/2004,1673.965728,1799.762864,1868.787927,1968.963917,1969.021833,1868.787927,3750.632358,7307.286759,4302.178285,3910.212712,5491.198226,4302.178285,4336.37686,4899.297296,4302.178285,5142.366522,5487.079042,4302.178285,929.4152085,923.9802123,0.001001968,0.001005531,0.001008742,0.001011081,2848.528818,2848.528818,2848.528818,6654.816184,6654.816184,6654.816184,6654.816184,6654.816184
5/1/2004,1570.370709,1892.167539,1755.220694,1799.775252,1799.762864,1755.220694,3614.034856,7225.045587,4157.890241,3711.59074,7307.286759,4157.890241,3983.308984,5491.198226,4157.890241,4420.252392,4899.297296,4157.890241,888.9265706,883.7620482,0.001001968,0.001005531,0.001008742,0.001011081,2759.953458,2759.953458,2759.953458,6613.420126,6613.420126,6613.420126,6613.420126,6613.420126
5/2/2004,1722.283105,2918.008643,1918.063556,1853.212445,1892.167539,1918.063556,4042.618289,6572.874615,4638.256626,4035.739567,7225.045587,4638.256626,4183.705858,7307.286759,4638.256626,4172.98205,5491.198226,4638.256626,934.5756927,929.1061139,0.001001968,0.001005531,0.001008742,0.001011081,2677.555999,2677.555999,2677.555999,6510.916459,6510.916459,6510.916459,6510.916459,6510.916459
5/3/2004,2814.533957,3633.343027,3160.77805,2899.210804,2918.008643,3160.77805,6676.317383,6556.748709,7671.632417,6535.243347,6572.874615,7671.632417,6431.461626,7225.045587,7671.632417,5052.42889,7307.286759,7671.632417,1540.004067,1530.336367,0.001001968,0.001005531,0.001008742,0.001011081,2678.073083,2678.073083,2678.073083,6538.424113,6538.424113,6538.424113,6538.424113,6538.424113
5/4/2004,3108.982298,2344.861592,3563.655632,3666.006788,3633.343027,3563.655632,8085.409638,6353.582622,9494.048205,8308.286071,6556.748709,9494.048205,8350.818603,6572.874615,9494.048205,7945.546452,7225.045587,9494.048205,1984.906307,1972.016705,0.001001968,0.001005531,0.001008742,0.001011081,2666.785789,2666.785789,2666.785789,6556.58882,6556.58882,6556.58882,6556.58882,6556.58882
5/5/2004,1910.699834,1797.691062,2155.559,2334.722086,2344.861592,2155.559,5436.514635,5281.413252,6290.71486,5673.921639,6353.582622,6290.71486,6302.059669,6556.748709,6290.71486,7195.053377,6572.874615,6290.71486,1143.133066,1136.246869,0.001001968,0.001005531,0.001008742,0.001011081,2515.308594,2515.308594,2515.308594,6389.015241,6389.015241,6389.015241,6389.015241,6389.015241
5/6/2004,1614.838285,2305.650318,1791.943924,1782.405351,1797.691062,1791.943924,4096.305213,5150.918961,4666.954108,4137.864786,5281.413252,4666.954108,4535.977044,6353.582622,4666.954108,5416.722073,6556.748709,4666.954108,847.1929298,842.3055523,0.001001968,0.001005531,0.001008742,0.001011081,2388.773325,2388.773325,2388.773325,6208.227756,6208.227756,6208.227756,6208.227756,6208.227756
5/7/2004,2159.416348,2608.511313,2433.298357,2332.324264,2305.650318,2433.298357,5430.064079,4758.834964,6274.166241,5409.536223,5150.918961,6274.166241,5503.019084,5281.413252,6274.166241,5264.636902,6353.582622,6274.166241,1257.59405,1249.916165,0.001001968,0.001005531,0.001008742,0.001011081,2384.481738,2384.481738,2384.481738,6199.666309,6199.666309,6199.666309,6199.666309,6199.666309
5/8/2004,2215.688131,2090.678025,2524.270638,2598.7666,2608.511313,2524.270638,5881.028246,5362.699852,6863.25482,6033.999757,4758.834964,6863.25482,6127.935724,5150.918961,6863.25482,6060.361259,5281.413252,6863.25482,1412.475815,1403.712662,0.001001968,0.001005531,0.001008742,0.001011081,2460.331137,2460.331137,2460.331137,6397.083221,6397.083221,6397.083221,6397.083221,6397.083221
5/9/2004,1811.291859,2319.929112,2041.715351,2088.12643,2090.678025,2041.715351,4312.669029,6553.136353,4965.187018,4430.413209,5362.699852,4965.187018,4805.416847,4758.834964,4965.187018,5081.655913,5150.918961,4965.187018,1083.294432,1076.81829,0.001001968,0.001005531,0.001008742,0.001011081,2521.816747,2521.816747,2521.816747,6530.655974,6530.655974,6530.655974,6530.655974,6530.655974
5/10/2004,1929.610236,2583.70219,2183.293816,2218.004085,2319.929112,2183.293816,4184.58232,6854.270994,4829.153205,4306.431274,6553.136353,4829.153205,4488.568044,5362.699852,4829.153205,4632.433001,4758.834964,4829.153205,1177.11102,1169.990786,0.001001968,0.001005531,0.001008742,0.001011081,2476.011905,2476.011905,2476.011905,6366.999251,6366.999251,6366.999251,6366.999251,6366.999251
5/11/2004,2855.457942,3784.704566,3132.879018,2626.608169,2583.70219,3132.879018,5597.193956,6426.907996,6263.343233,5211.354725,6854.270994,6263.343233,5158.531001,6553.136353,6263.343233,4479.631852,5362.699852,6263.343233,1196.945814,1189.688573,0.001001968,0.001005531,0.001008742,0.001011081,2330.652851,2330.652851,2330.652851,5931.433484,5931.433484,5931.433484,5931.433484,5931.433484
5/12/2004,3319.060149,2977.397375,3789.265546,3826.654009,3784.704566,3789.265546,6204.559449,6617.091483,7220.28034,6415.378513,6426.907996,7220.28034,6433.964036,6854.270994,7220.28034,5642.098079,6553.136353,7220.28034,2042.131323,2028.820691,0.001001968,0.001005531,0.001008742,0.001011081,2423.590803,2423.590803,2423.590803,5729.864474,5729.864474,5729.864474,5729.864474,5729.864474
5/13/2004,2555.194047,2579.502588,2882.103922,2986.67573,2977.397375,2882.103922,5816.00266,5987.128347,6717.797953,6022.005424,6617.091483,6717.797953,6518.844265,6426.907996,6717.797953,6919.096693,6854.270994,6717.797953,1479.785058,1470.545655,0.001001968,0.001005531,0.001008742,0.001011081,2590.212133,2590.212133,2590.212133,5839.503409,5839.503409,5839.503409,5839.503409,5839.503409
5/14/2004,2103.67196,1701.999628,2363.441183,2593.323303,2579.502588,2363.441183,4791.813433,4793.361429,5511.195189,5103.487852,5987.128347,5511.195189,5414.442509,6617.091483,5511.195189,6136.327748,6426.907996,5511.195189,1199.872026,1192.594548,0.001001968,0.001005531,0.001008742,0.001011081,2659.488718,2659.488718,2659.488718,5961.169968,5961.169968,5961.169968,5961.169968,5961.169968
5/15/2004,1452.327577,1761.967086,1600.961333,1696.664413,1701.999628,1600.961333,4058.60462,4346.079846,4616.864969,4192.202119,4793.361429,4616.864969,4707.845702,5987.128347,4616.864969,5392.219905,6617.091483,4616.864969,726.9207491,722.821948,0.001001968,0.001005531,0.001008742,0.001011081,2608.429974,2608.429974,2608.429974,5898.223941,5898.223941,5898.223941,5898.223941,5898.223941
5/16/2004,1710.06653,2157.734072,1893.832139,1762.900903,1761.967086,1893.832139,5068.601072,4456.707311,5814.26359,4973.746874,4346.079846,5814.26359,5195.047782,4793.361429,5814.26359,5481.755762,5987.128347,5814.26359,885.5248593,880.3829905,0.001001968,0.001005531,0.001008742,0.001011081,2549.34896,2549.34896,2549.34896,5983.471721,5983.471721,5983.471721,5983.471721,5983.471721
5/17/2004,1817.018133,1654.227133,2060.022035,2161.730883,2157.734072,2060.022035,5013.069784,4222.475733,5831.336127,5171.042582,4456.707311,5831.336127,5211.095391,4346.079846,5831.336127,5256.099229,4793.361429,5831.336127,1147.2404,1140.325958,0.001001968,0.001005531,0.001008742,0.001011081,2526.372475,2526.372475,2526.372475,6044.798803,6044.798803,6044.798803,6044.798803,6044.798803
5/18/2004,1387.973931,1418.191853,1552.652782,1641.866876,1654.227133,1552.652782,3724.617367,3888.3347,4276.189375,3854.926329,4222.475733,4276.189375,4151.190283,4456.707311,4276.189375,4477.217211,4346.079846,4276.189375,808.1941317,803.5641557,0.001001968,0.001005531,0.001008742,0.001011081,2450.373144,2450.373144,2450.373144,5966.760637,5966.760637,5966.760637,5966.760637,5966.760637
5/19/2004,1271.330831,1464.606605,1406.852135,1419.954659,1418.191853,1406.852135,3218.200054,3674.212768,3656.143095,3269.508368,3888.3347,3656.143095,3469.670505,4222.475733,3656.143095,3808.869237,4456.707311,3656.143095,673.0027661,669.2521297,0.001001968,0.001005531,0.001008742,0.001011081,2177.01367,2177.01367,2177.01367,5700.697792,5700.697792,5700.697792,5700.697792,5700.697792
5/20/2004,1318.96356,1546.154299,1467.779689,1469.464241,1464.606605,1467.779689,3574.644329,3353.131709,4091.82126,3612.751248,3674.212768,4091.82126,3732.033573,3888.3347,4091.82126,3830.352909,4222.475733,4091.82126,735.8458424,731.6890736,0.001001968,0.001005531,0.001008742,0.001011081,1929.152226,1929.152226,1929.152226,5317.883403,5317.883403,5317.883403,5317.883403,5317.883403
5/21/2004,1420.934263,1591.619726,1589.305667,1547.381293,1546.154299,1589.305667,3672.361782,3012.892299,4225.003144,3672.202664,3353.131709,4225.003144,3805.066856,3674.212768,4225.003144,3832.538193,3888.3347,4225.003144,826.4871909,821.7366713,0.001001968,0.001005531,0.001008742,0.001011081,1766.214851,1766.214851,1766.214851,4937.965079,4937.965079,4937.965079,4937.965079,4937.965079
5/22/2004,1359.223686,1296.546855,1529.665055,1594.299396,1591.619726,1529.665055,3357.399673,2839.666088,3868.983402,3469.283778,3012.892299,3868.983402,3564.812788,3353.131709,3868.983402,3619.425188,3674.212768,3868.983402,837.1148283,832.2941182,0.001001968,0.001005531,0.001008742,0.001011081,1688.347536,1688.347536,1688.347536,4651.315722,4651.315722,4651.315722,4651.315722,4651.315722
5/23/2004,1133.690571,1221.435859,1258.415578,1290.919125,1296.546855,1258.415578,2923.358581,2442.348736,3334.113562,2988.153438,2839.666088,3334.113562,3174.580434,3012.892299,3334.113562,3411.322441,3353.131709,3334.113562,631.4407269,627.9559703,0.001001968,0.001005531,0.001008742,0.001011081,1619.879584,1619.879584,1619.879584,4311.681847,4311.681847,4311.681847,4311.681847,4311.681847
5/24/2004,1041.971239,1042.871459,1153.734465,1217.496846,1221.435859,1153.734465,2506.279573,2956.932031,2849.873486,2602.212821,2442.348736,2849.873486,2702.197901,2839.666088,2849.873486,2954.166199,3012.892299,2849.873486,568.5391584,565.4523049,0.001001968,0.001005531,0.001008742,0.001011081,1506.936076,1506.936076,1506.936076,3990.915977,3990.915977,3990.915977,3990.915977,3990.915977
5/25/2004,935.6951045,932.4111524,1016.818635,1041.390675,1042.871459,1016.818635,2327.30968,6325.610064,2605.842832,2374.940804,2956.932031,2605.842832,2459.943851,2442.348736,2605.842832,2612.349287,2839.666088,2605.842832,418.229517,416.0679968,0.001001968,0.001005531,0.001008742,0.001011081,1400.711012,1400.711012,1400.711012,3733.905571,3733.905571,3733.905571,3733.905571,3733.905571
5/26/2004,722.7819067,841.0221157,779.2957331,861.4892351,932.4111524,779.2957331,2268.562014,6739.597807,2532.249833,2366.171607,6325.610064,2532.249833,2466.093922,2956.932031,2532.249833,2530.761718,2442.348736,2532.249833,298.7930546,297.3342263,0.001001968,0.001005531,0.001008742,0.001011081,1315.390861,1315.390861,1315.390861,3537.599638,3537.599638,3537.599638,3537.599638,3537.599638
5/27/2004,672.8367478,627.7150624,694.4824324,841.5091727,841.0221157,694.4824324,2906.421899,5124.466002,3099.134135,3081.673126,6739.597807,3099.134135,2879.724929,6325.610064,3099.134135,2300.974697,2956.932031,3099.134135,0.001000564,0.001006515,0.001001968,0.001005531,0.001008742,0.001011081,1195.344637,1195.344637,1195.344637,3416.459935,3416.459935,3416.459935,3416.459935,3416.459935
5/28/2004,1596.894083,4525.217126,1613.89068,675.2165499,627.7150624,1613.89068,3912.884247,5185.464508,4165.258782,2981.043383,5124.466002,4165.258782,3131.510344,6739.597807,4165.258782,3318.971787,6325.610064,4165.258782,0.001000564,0.001006515,0.001001968,0.001005531,0.001008742,0.001011081,1093.808841,1093.808841,1093.808841,3374.29178,3374.29178,3374.29178,3374.29178,3374.29178
5/29/2004,4123.202736,3464.478278,4866.221573,4543.902123,4525.217126,4866.221573,8193.62648,5402.099548,9893.644029,8102.08264,5185.464508,9893.644029,8033.217704,5124.466002,9893.644029,5445.938181,6739.597807,9893.644029,3181.910626,3159.969365,0.001001968,0.001005531,0.001008742,0.001011081,1416.447315,1416.447315,1416.447315,3655.282825,3655.282825,3655.282825,3655.282825,3655.282825
5/30/2004,2502.166789,1403.70319,2919.32208,3472.753431,3464.478278,2919.32208,7006.53692,4735.436541,8349.583307,7650.255718,5402.099548,8349.583307,7718.686332,5185.464508,8349.583307,8591.523956,5124.466002,8349.583307,1890.416488,1878.218997,0.001001968,0.001005531,0.001008742,0.001011081,1679.358504,1679.358504,1679.358504,4104.347754,4104.347754,4104.347754,4104.347754,4104.347754
5/31/2004,1037.474868,1527.950646,1111.951374,1369.84371,1403.70319,1111.951374,2016.473384,4586.772024,2191.140118,2305.373841,4735.436541,2191.140118,2962.023891,5402.099548,2191.140118,4295.704238,5185.464508,2191.140118,394.0335419,392.0170411,0.001001968,0.001005531,0.001008742,0.001011081,1783.300698,1783.300698,1783.300698,4481.484246,4481.484246,4481.484246,4481.484246,4481.484246
6/1/2004,1364.656323,2007.25628,1501.360842,1518.159444,1527.950646,1501.360842,3010.171474,4666.40497,3409.836065,3076.049949,4586.772024,3409.836065,3326.570801,4735.436541,3409.836065,3654.762949,5402.099548,3409.836065,651.5167902,647.9038853,0.001001968,0.001005531,0.001008742,0.001011081,1868.242842,1868.242842,1868.242842,4749.334035,4749.334035,4749.334035,4749.334035,4749.334035
6/2/2004,1846.136714,2110.479028,2074.170875,2022.580574,2007.25628,2074.170875,4728.076595,4983.078001,5484.406009,4732.638175,4666.40497,5484.406009,4813.749629,4586.772024,5484.406009,4634.41686,4735.436541,5484.406009,1062.759532,1056.423469,0.001001968,0.001005531,0.001008742,0.001011081,2013.850969,2013.850969,2013.850969,5005.214032,5005.214032,5005.214032,5005.214032,5005.214032
6/3/2004,2104.422494,2405.761052,2340.538641,2125.225318,2110.479028,2340.538641,4639.406231,5105.578899,5345.979054,4489.735236,4983.078001,5345.979054,4583.193963,4666.40497,5345.979054,4576.292537,4586.772024,5345.979054,1096.303335,1089.738282,0.001001968,0.001005531,0.001008742,0.001011081,2214.072329,2214.072329,2214.072329,5194.034594,5194.034594,5194.034594,5194.034594,5194.034594
6/4/2004,2080.589843,1860.473534,2358.221591,2414.579293,2405.761052,2358.221591,4155.400783,4351.888378,4854.570724,4296.381136,5105.578899,4854.570724,4420.3306,4983.078001,4854.570724,4310.052929,4666.40497,4854.570724,1293.941537,1286.010352,0.001001968,0.001005531,0.001008742,0.001011081,2423.179917,2423.179917,2423.179917,5316.09145,5316.09145,5316.09145,5316.09145,5316.09145
6/5/2004,1526.00273,1682.040923,1710.450517,1844.891362,1860.473534,1710.450517,3705.7908,3770.01101,4282.451434,3887.278795,4351.888378,4282.451434,4193.226735,5105.578899,4282.451434,4483.122634,4983.078001,4282.451434,899.8752108,894.6377009,0.001001968,0.001005531,0.001008742,0.001011081,2164.622548,2164.622548,2164.622548,5173.379208,5173.379208,5173.379208,5173.379208,5173.379208
6/6/2004,1464.406609,1725.750492,1625.696676,1686.653395,1682.040923,1625.696676,3936.782954,3225.084683,4516.569856,4038.465239,3770.01101,4516.569856,4213.491162,4351.888378,4516.569856,4374.971796,5105.578899,4516.569856,782.923685,778.4596486,0.001001968,0.001005531,0.001008742,0.001011081,1953.037819,1953.037819,1953.037819,4923.621321,4923.621321,4923.621321,4923.621321,4923.621321
6/7/2004,1520.829171,1343.039496,1704.074958,1735.292467,1725.750492,1704.074958,4184.75812,3760.822033,4841.702752,4254.292766,3225.084683,4841.702752,4431.585114,3770.01101,4841.702752,4565.35731,4351.888378,4841.702752,887.2345153,882.0812625,0.001001968,0.001005531,0.001008742,0.001011081,1928.051612,1928.051612,1928.051612,4795.830264,4795.830264,4795.830264,4795.830264,4795.830264
6/8/2004,1178.844472,1148.744794,1308.575165,1343.409615,1343.039496,1308.575165,3244.788549,3814.816174,3723.586714,3305.622995,3760.822033,3723.586714,3543.581106,3225.084683,3723.586714,3959.707788,3770.01101,3723.586714,656.0470037,652.4051084,0.001001968,0.001005531,0.001008742,0.001011081,1903.365542,1903.365542,1903.365542,4706.800626,4706.800626,4706.800626,4706.800626,4706.800626
6/9/2004,971.8539513,1071.964057,1071.052336,1140.623487,1148.744794,1071.052336,2590.717458,3207.339625,2948.052841,2682.297441,3814.816174,2948.052841,2811.950525,3760.822033,2948.052841,3166.195708,3225.084683,2948.052841,515.5649929,512.8086625,0.001001968,0.001005531,0.001008742,0.001011081,1797.681143,1797.681143,1797.681143,4535.826204,4535.826204,4535.826204,4535.826204,4535.826204
6/10/2004,998.1838867,1321.780848,1094.406961,1072.317475,1071.964057,1094.406961,2450.601864,2905.571125,2776.617606,2452.869181,3207.339625,2776.617606,2579.66026,3814.816174,2776.617606,2700.255337,3760.822033,2776.617606,498.2253449,495.5762166,0.001001968,0.001005531,0.001008742,0.001011081,1667.72481,1667.72481,1667.72481,4298.032513,4298.032513,4298.032513,4298.032513,4298.032513
6/11/2004,1191.427612,1204.927361,1334.330545,1327.159956,1321.780848,1334.330545,3383.950447,2952.584424,3909.013133,3404.96549,2905.571125,3909.013133,3466.982557,3207.339625,3909.013133,3321.653407,3814.816174,3909.013133,716.8047503,712.7715389,0.001001968,0.001005531,0.001008742,0.001011081,1522.451709,1522.451709,1522.451709,4162.168135,4162.168135,4162.168135,4162.168135,4162.168135
6/12/2004,1051.882487,1016.144734,1174.24476,1206.871573,1204.927361,1174.24476,3315.607265,3170.844344,3832.823539,3364.194351,2952.584424,3832.823539,3461.706496,2905.571125,3832.823539,3635.46406,3207.339625,3832.823539,626.0858228,622.6351561,0.001001968,0.001005531,0.001008742,0.001011081,1411.57754,1411.57754,1411.57754,4017.606446,4017.606446,4017.606446,4017.606446,4017.606446
6/13/2004,889.5883371,942.0650997,982.7987053,1016.350347,1016.144734,982.7987053,2471.947059,3199.820158,2823.523651,2523.474463,3170.844344,2823.523651,2638.246368,2952.584424,2823.523651,2848.546934,2905.571125,2823.523651,490.8529651,488.2492615,0.001001968,0.001005531,0.001008742,0.001011081,1315.176177,1315.176177,1315.176177,3745.48941,3745.48941,3745.48941,3745.48941,3745.48941
6/14/2004,839.8722747,959.6607946,925.491095,941.9428955,942.0650997,925.491095,2268.523765,3283.627152,2582.163892,2303.253225,3199.820158,2582.163892,2399.391299,3170.844344,2582.163892,2521.894228,2952.584424,2582.163892,455.0816202,452.6969547,0.001001968,0.001005531,0.001008742,0.001011081,1199.962647,1199.962647,1199.962647,3439.344311,3439.344311,3439.344311,3439.344311,3439.344311
6/15/2004,860.6498824,947.1021552,952.1417681,959.987506,959.6607946,952.1417681,2490.628364,3855.875108,2847.527283,2515.300717,3283.627152,2847.527283,2585.877126,3199.820158,2847.527283,2615.189287,3170.844344,2847.527283,483.2445131,480.6875899,0.001001968,0.001005531,0.001008742,0.001011081,1125.386205,1125.386205,1125.386205,3258.634196,3258.634196,3258.634196,3258.634196,3258.634196
6/16/2004,840.871816,1148.433091,930.8983927,945.3785939,947.1021552,930.8983927,2728.317466,3324.558274,3130.368334,2753.349783,3855.875108,3130.368334,2812.730364,3283.627152,3130.368334,2879.594267,3199.820158,3130.368334,476.5662769,474.0503307,0.001001968,0.001005531,0.001008742,0.001011081,1089.819982,1089.819982,1089.819982,3210.919023,3210.919023,3210.919023,3210.919023,3210.919023
6/17/2004,981.8233185,1636.361604,1114.804418,1118.792414,1148.433091,1114.804418,2868.601867,3054.054552,3333.861177,2899.602839,3324.558274,3333.861177,3025.360612,3855.875108,3333.861177,2874.434297,3283.627152,3333.861177,679.2191227,675.4285278,0.001001968,0.001005531,0.001008742,0.001011081,1092.381431,1092.381431,1092.381431,3241.459709,3241.459709,3241.459709,3241.459709,3241.459709
6/18/2004,1503.754067,1701.604224,1725.888131,1644.377123,1636.361604,1725.888131,3505.006103,2718.572496,4114.545705,3488.708421,3054.054552,4114.545705,3549.029011,3324.558274,4114.545705,3159.18884,3855.875108,4114.545705,1054.997897,1048.714692,0.001001968,0.001005531,0.001008742,0.001011081,1126.160824,1126.160824,1126.160824,3191.3869,3191.3869,3191.3869,3191.3869,3191.3869
6/19/2004,1499.748988,1127.601329,1711.636939,1721.688415,1701.604224,1711.636939,3775.012521,3015.463252,4424.981738,3837.668904,2718.572496,4424.981738,3866.93571,3054.054552,4424.981738,3906.201104,3324.558274,4424.981738,1012.10352,1006.111545,0.001001968,0.001005531,0.001008742,0.001011081,1178.127683,1178.127683,1178.127683,3221.446471,3221.446471,3221.446471,3221.446471,3221.446471
6/20/2004,972.3212842,912.065768,1086.922963,1129.90489,1127.601329,1086.922963,2445.98115,3466.538567,2811.244831,2517.386134,3015.463252,2811.244831,2749.795519,2718.572496,2811.244831,3119.153668,3054.054552,2811.244831,589.7935115,586.5728395,0.001001968,0.001005531,0.001008742,0.001011081,1207.615339,1207.615339,1207.615339,3272.645829,3272.645829,3272.645829,3272.645829,3272.645829
6/21/2004,796.0059345,848.3980303,879.9351762,912.2905537,912.065768,879.9351762,2026.466057,2751.721245,2303.563928,2079.548634,3466.538567,2303.563928,2211.561207,3015.463252,2303.563928,2542.687713,2718.572496,2303.563928,446.9727996,444.6374601,0.001001968,0.001005531,0.001008742,0.001011081,1208.193292,1208.193292,1208.193292,3296.615594,3296.615594,3296.615594,3296.615594,3296.615594
6/22/2004,752.3553937,1065.656842,827.8532091,844.1689846,848.3980303,827.8532091,2025.798734,2790.130253,2292.740665,2059.918306,2751.721245,2292.740665,2139.063341,3466.538567,2292.740665,2235.85061,3015.463252,2292.740665,406.1058484,404.0171454,0.001001968,0.001005531,0.001008742,0.001011081,1193.999067,1193.999067,1193.999067,3247.115977,3247.115977,3247.115977,3247.115977,3247.115977
6/23/2004,950.8848419,1017.69387,1061.55977,1067.427999,1065.656842,1061.55977,2788.852122,2919.990837,3205.16177,2818.860345,2790.130253,3205.16177,2841.154911,2751.721245,3205.16177,2669.555121,3466.538567,3205.16177,568.4513653,565.3650632,0.001001968,0.001005531,0.001008742,0.001011081,1202.377983,1202.377983,1202.377983,3225.993084,3225.993084,3225.993084,3225.993084,3225.993084
6/24/2004,909.7324195,759.5221895,1008.046176,1020.447213,1017.69387,1008.046176,3096.892586,2566.532167,3569.637708,3116.651451,2919.990837,3569.637708,3152.431922,2790.130253,3569.637708,3312.675966,2751.721245,3569.637708,509.6373833,506.917757,0.001001968,0.001005531,0.001008742,0.001011081,1181.794022,1181.794022,1181.794022,3266.725498,3266.725498,3266.725498,3266.725498,3266.725498
6/25/2004,669.7013478,881.7252304,735.2183904,752.3552535,759.5221895,735.2183904,2071.896658,2695.24966,2356.132492,2098.526838,2566.532167,2356.132492,2250.046918,2919.990837,2356.132492,2434.496605,2790.130253,2356.132492,358.7449133,356.9376221,0.001001968,0.001005531,0.001008742,0.001011081,1087.272089,1087.272089,1087.272089,3188.419891,3188.419891,3188.419891,3188.419891,3188.419891
6/26/2004,847.3680949,1169.82395,938.1488349,883.9731208,881.7252304,938.1488349,2392.520611,2731.246596,2735.791769,2356.375323,2695.24966,2735.791769,2409.626983,2566.532167,2735.791769,2406.366884,2919.990837,2735.791769,476.0799715,473.5670061,0.001001968,0.001005531,0.001008742,0.001011081,985.2149715,985.2149715,985.2149715,3005.925052,3005.925052,3005.925052,3005.925052,3005.925052
6/27/2004,1077.394414,952.7915471,1210.447502,1174.952562,1169.82395,1210.447502,2809.804865,2399.591683,3253.680183,2803.657658,2731.246596,3253.680183,2805.608589,2695.24966,3253.680183,2676.264758,2566.532167,3253.680183,675.1668854,671.4023436,0.001001968,0.001005531,0.001008742,0.001011081,957.5150056,957.5150056,957.5150056,2905.859024,2905.859024,2905.859024,2905.859024,2905.859024
6/28/2004,824.7063988,783.0722261,918.8828159,952.3184567,952.7915471,918.8828159,2225.363071,2214.353998,2555.768656,2278.345277,2399.591683,2555.768656,2385.640367,2731.246596,2555.768656,2519.904728,2695.24966,2555.768656,499.8136096,497.154683,0.001001968,0.001005531,0.001008742,0.001011081,958.7222484,958.7222484,958.7222484,2854.990051,2854.990051,2854.990051,2854.990051,2854.990051
6/29/2004,680.9529532,746.6958389,748.9313372,783.6811045,783.0722261,748.9313372,2095.856551,2101.400811,2385.63112,2141.260726,2214.353998,2385.63112,2224.271612,2399.591683,2385.63112,2385.782832,2731.246596,2385.63112,372.7824992,370.8923247,0.001001968,0.001005531,0.001008742,0.001011081,952.3205896,952.3205896,952.3205896,2888.314977,2888.314977,2888.314977,2888.314977,2888.314977
6/30/2004,685.0381443,758.2018675,751.0419094,747.5082758,746.6958389,751.0419094,2197.472058,2034.43219,2503.656467,2200.506233,2101.400811,2503.656467,2262.163113,2214.353998,2503.656467,2368.191955,2399.591683,2503.656467,363.0626533,361.2299175,0.001001968,0.001005531,0.001008742,0.001011081,918.2853257,918.2853257,918.2853257,2843.464322,2843.464322,2843.464322,2843.464322,2843.464322
7/1/2004,676.6049891,689.3225373,748.7165511,758.4118372,758.2018675,748.7165511,2005.339692,1994.103532,2289.168177,2027.441745,2034.43219,2289.168177,2094.078099,2101.400811,2289.168177,2127.706848,2214.353998,2289.168177,395.3446913,393.3203638,0.001001968,0.001005531,0.001008742,0.001011081,885.6504902,885.6504902,885.6504902,2678.134614,2678.134614,2678.134614,2678.134614,2678.134614
7/2/2004,604.602779,625.9151507,666.1787915,689.6295139,689.3225373,666.1787915,1839.877366,1773.075037,2091.050675,1873.211738,1994.103532,2091.050675,1927.5966,2034.43219,2091.050675,2028.548707,2101.400811,2091.050675,343.5598468,341.8416863,0.001001968,0.001005531,0.001008742,0.001011081,862.8123889,862.8123889,862.8123889,2592.254908,2592.254908,2592.254908,2592.254908,2592.254908
7/3/2004,564.4776293,631.6822979,618.9740295,626.2865778,625.9151507,618.9740295,1719.076622,1857.220701,1943.501104,1735.146131,1773.075037,1943.501104,1796.166793,1994.103532,1943.501104,1862.690972,2034.43219,1943.501104,308.577965,307.0629136,0.001001968,0.001005531,0.001008742,0.001011081,830.765926,830.765926,830.765926,2502.339267,2502.339267,2502.339267,2502.339267,2502.339267
7/4/2004,569.0856666,622.9468664,626.7495956,631.934884,631.6822979,626.7495956,1682.601566,1761.983849,1913.172133,1697.099649,1857.220701,1913.172133,1743.387077,1773.075037,1913.172133,1824.80784,1994.103532,1913.172133,325.0763836,323.4659395,0.001001968,0.001005531,0.001008742,0.001011081,768.0303197,768.0303197,768.0303197,2379.173866,2379.173866,2379.173866,2379.173866,2379.173866
7/5/2004,552.7660278,630.1388787,608.3906066,620.1100141,622.9468664,608.3906066,1656.361183,2072.12792,1884.576319,1676.357032,1761.983849,1884.576319,1710.989061,1857.220701,1884.576319,1769.078683,1773.075037,1884.576319,314.6601697,313.1100368,0.001001968,0.001005531,0.001008742,0.001011081,714.9739777,714.9739777,714.9739777,2274.79577,2274.79577,2274.79577,2274.79577,2274.79577
7/6/2004,597.1868399,664.8080478,654.5475915,631.0091028,630.1388787,654.5475915,1558.111767,1963.482973,1763.033484,1546.343262,2072.12792,1763.033484,1582.830239,1761.983849,1763.033484,1599.276539,1857.220701,1763.033484,321.2047368,319.6167437,0.001001968,0.001005531,0.001008742,0.001011081,686.991618,686.991618,686.991618,2130.949257,2130.949257,2130.949257,2130.949257,2130.949257
7/7/2004,615.0243892,647.9103174,678.3605337,663.9210587,664.8080478,678.3605337,1674.597874,1867.885626,1909.061329,1672.098866,1963.482973,1909.061329,1713.258913,2072.12792,1909.061329,1698.967085,1761.983849,1909.061329,353.9535009,352.1743938,0.001001968,0.001005531,0.001008742,0.001011081,671.248878,671.248878,671.248878,2015.055766,2015.055766,2015.055766,2015.055766,2015.055766
7/8/2004,603.0367822,658.0945397,659.916733,648.9249163,647.9103174,659.916733,1594.013337,2807.285234,1803.19658,1594.352926,1867.885626,1803.19658,1612.983965,1963.482973,1803.19658,1655.193963,2072.12792,1803.19658,319.3099772,317.7329571,0.001001968,0.001005531,0.001008742,0.001011081,650.2592837,650.2592837,650.2592837,1937.277071,1937.277071,1937.277071,1937.277071,1937.277071
7/9/2004,672.0633733,822.4534232,729.7640774,660.9325178,658.0945397,729.7640774,1878.619163,6993.60814,2133.130614,1816.432548,2807.285234,2133.130614,1842.447584,1867.885626,2133.130614,1858.569035,1963.482973,2133.130614,325.6693706,324.0554844,0.001001968,0.001005531,0.001008742,0.001011081,642.8955488,642.8955488,642.8955488,1927.669542,1927.669542,1927.669542,1927.669542,1927.669542
7/10/2004,704.6863029,622.721169,782.6781482,822.8502204,822.4534232,782.6781482,1829.931158,6988.464286,2096.98319,1886.131496,6993.60814,2096.98319,1878.143677,2807.285234,2096.98319,1798.867732,1867.885626,2096.98319,427.2483104,425.0324269,0.001001968,0.001005531,0.001008742,0.001011081,657.7982629,657.7982629,657.7982629,1914.061954,1914.061954,1914.061954,1914.061954,1914.061954
7/11/2004,535.1458774,599.6256959,582.6865632,622.9776141,622.721169,582.6865632,1582.060745,4534.963438,1789.875419,1627.669979,6988.464286,1789.875419,1701.639832,6993.60814,1789.875419,1814.182116,2807.285234,1789.875419,275.6485609,274.3216142,0.001001968,0.001005531,0.001008742,0.001011081,661.7679014,661.7679014,661.7679014,1911.35028,1911.35028,1911.35028,1911.35028,1911.35028
7/12/2004,525.4170671,912.7064006,570.9124231,594.2583348,599.6256959,570.9124231,2477.422544,4006.221398,2830.111052,2496.249937,4534.963438,2830.111052,2530.673243,6988.464286,2830.111052,2418.932439,6993.60814,2830.111052,263.5105003,262.2520647,0.001001968,0.001005531,0.001008742,0.001011081,660.2279319,660.2279319,660.2279319,2058.391705,2058.391705,2058.391705,2058.391705,2058.391705
7/13/2004,868.3753866,970.7996494,948.5452712,913.6216493,912.7064006,948.5452712,6537.792737,3607.061436,7667.575335,6440.737039,4006.221398,7667.575335,6245.518232,4534.963438,7667.575335,6089.919596,6988.464286,7667.575335,416.9443758,414.7905888,0.001001968,0.001005531,0.001008742,0.001011081,678.3034902,678.3034902,678.3034902,2822.080582,2822.080582,2822.080582,2822.080582,2822.080582
7/14/2004,951.5115297,877.3253275,1025.765584,964.2438552,970.7996494,1025.765584,6228.790558,4384.407113,7287.349073,6096.518678,3607.061436,7287.349073,5953.881929,4006.221398,7287.349073,6246.824102,4534.963438,7287.349073,385.2762437,383.3119218,0.001001968,0.001005531,0.001008742,0.001011081,709.6400339,709.6400339,709.6400339,3574.8851,3574.8851,3574.8851,3574.8851,3574.8851
7/15/2004,1318.116262,2007.779084,1341.848161,870.068351,877.3253275,1341.848161,4378.770501,7270.464401,4898.576677,3876.21394,4384.407113,4898.576677,3578.721298,3607.061436,4898.576677,3852.450808,4006.221398,4898.576677,44.74731967,44.60135507,0.001001968,0.001005531,0.001008742,0.001011081,711.7788566,711.7788566,711.7788566,4002.944919,4002.944919,4002.944919,4002.944919,4002.944919
7/16/2004,2413.088565,3241.774907,2559.483559,2011.654064,2007.779084,2559.483559,5082.621972,8067.718469,5711.509888,4560.07095,7270.464401,5711.509888,4126.630403,4384.407113,5711.509888,3341.798111,3607.061436,5711.509888,669.8695518,666.1390371,0.001001968,0.001005531,0.001008742,0.001011081,834.2907384,834.2907384,834.2907384,4329.227491,4329.227491,4329.227491,4329.227491,4329.227491
7/17/2004,2691.177657,2214.623995,3023.126579,3233.970498,3241.774907,3023.126579,5125.484812,5347.799638,5984.942293,5434.19974,8067.718469,5984.942293,5327.508354,7270.464401,5984.942293,4025.627457,4384.407113,5984.942293,1514.504201,1505.018113,0.001001968,0.001005531,0.001008742,0.001011081,1131.727579,1131.727579,1131.727579,4666.342464,4666.342464,4666.342464,4666.342464,4666.342464
7/18/2004,1728.929776,1986.886561,1882.468189,2203.334981,2214.623995,1882.468189,4218.804848,4895.123999,4823.025686,4570.292125,5347.799638,4823.025686,4924.624331,8067.718469,4823.025686,5330.630499,7270.464401,4823.025686,736.0713398,731.9131052,0.001001968,0.001005531,0.001008742,0.001011081,1387.017986,1387.017986,1387.017986,5146.497892,5146.497892,5146.497892,5146.497892,5146.497892
7/19/2004,1972.584307,2595.829731,2108.204777,1999.584579,1986.886561,2108.204777,6032.323599,4702.376525,6878.23003,5928.658255,4895.123999,6878.23003,6089.591124,5347.799638,6878.23003,6251.627602,8067.718469,6878.23003,630.3197242,626.8421072,0.001001968,0.001005531,0.001008742,0.001011081,1601.496988,1601.496988,1601.496988,5819.36682,5819.36682,5819.36682,5819.36682,5819.36682
7/20/2004,2387.781864,1669.891458,2622.447376,2610.487701,2595.829731,2622.447376,7160.713558,3398.489551,8314.700379,7164.538506,4702.376525,8314.700379,7100.299808,4895.123999,8314.700379,7097.900881,5347.799638,8314.700379,1076.693696,1070.262618,0.001001968,0.001005531,0.001008742,0.001011081,1841.356134,1841.356134,1841.356134,5926.828169,5926.828169,5926.828169,5926.828169,5926.828169
7/21/2004,1370.192192,1512.908325,1466.249372,1673.617445,1669.891458,1466.249372,3847.782913,5802.465023,4366.395135,4058.763187,3398.489551,4366.395135,4425.994102,4702.376525,4366.395135,5047.554223,4895.123999,4366.395135,484.8637067,482.2968365,0.001001968,0.001005531,0.001008742,0.001011081,2000.636845,2000.636845,2000.636845,5652.005933,5652.005933,5652.005933,5652.005933,5652.005933
7/22/2004,1330.209897,1270.732648,1453.691886,1504.018543,1512.908325,1453.691886,3268.232534,5351.302972,3735.147159,3341.092476,5802.465023,3735.147159,3730.800228,3398.489551,3735.147159,4014.608201,4702.376525,3735.147159,627.0498189,623.5930181,0.001001968,0.001005531,0.001008742,0.001011081,2166.820258,2166.820258,2166.820258,5620.941269,5620.941269,5620.941269,5620.941269,5620.941269
7/23/2004,1015.740906,2174.87493,1077.411328,1185.356371,1270.732648,1077.411328,3353.654366,4155.715703,3795.59687,3454.902411,5351.302972,3795.59687,3488.545039,5802.465023,3795.59687,4090.650152,3398.489551,3795.59687,322.0537015,320.4607888,0.001001968,0.001005531,0.001008742,0.001011081,2123.898478,2123.898478,2123.898478,5577.835365,5577.835365,5577.835365,5577.835365,5577.835365
7/24/2004,2723.119869,3160.609618,2932.123715,2205.151938,2174.87493,2932.123715,4259.243714,6336.546184,4741.974859,3633.675627,4155.715703,4741.974859,3344.382324,5351.302972,4741.974859,2729.462061,5802.465023,4741.974859,815.8555278,811.1751089,0.001001968,0.001005531,0.001008742,0.001011081,1972.505769,1972.505769,1972.505769,5422.656728,5422.656728,5422.656728,5422.656728,5422.656728
7/25/2004,3691.53618,4337.313102,3986.014314,3216.274214,3160.609618,3986.014314,7450.826815,10103.7176,8512.744588,6739.692785,6336.546184,8512.744588,6412.756305,4155.715703,8512.744588,5723.302046,5351.302972,8512.744588,1332.370763,1324.170825,0.001001968,0.001005531,0.001008742,0.001011081,2005.868598,2005.868598,2005.868598,5560.011534,5560.011534,5560.011534,5560.011534,5560.011534
7/26/2004,3251.173793,1786.125921,3711.588958,4334.87248,4337.313102,3711.588958,5957.038964,10394.52625,7066.110804,6715.857615,10103.7176,7066.110804,6668.715122,6336.546184,7066.110804,5572.962087,4155.715703,7066.110804,2064.48644,2051.010958,0.001001968,0.001005531,0.001008742,0.001011081,2258.914698,2258.914698,2258.914698,5345.796962,5345.796962,5345.796962,5345.796962,5345.796962
7/27/2004,1009.230254,2304.59801,1017.76031,1702.779989,1786.125921,1017.76031,2473.98941,11934.37916,2660.57764,3155.164902,10394.52625,2660.57764,3703.603797,10103.7176,2660.57764,5176.972757,6336.546184,2660.57764,0.001000564,0.001006515,0.001001968,0.001005531,0.001008742,0.001011081,2239.431464,2239.431464,2239.431464,4968.979112,4968.979112,4968.979112,4968.979112,4968.979112
7/28/2004,5028.974138,8939.386476,5095.850932,2288.809164,2304.59801,5095.850932,7708.073467,13490.07413,8156.04858,4950.477147,11934.37916,8156.04858,4442.092122,10394.52625,8156.04858,4706.156622,10103.7176,8156.04858,0.001000564,0.001006515,0.001001968,0.001005531,0.001008742,0.001011081,2222.018214,2222.018214,2222.018214,5178.326163,5178.326163,5178.326163,5178.326163,5178.326163
7/29/2004,9109.630591,10446.80764,10108.79402,8999.257036,8939.386476,10108.79402,15421.36497,12781.52868,17999.6628,14612.32855,13490.07413,17999.6628,12747.36142,11934.37916,17999.6628,8610.670143,10394.52625,17999.6628,4003.368118,3974.979637,0.001001968,0.001005531,0.001008742,0.001011081,2865.266232,2865.266232,2865.266232,5984.981084,5984.981084,5984.981084,5984.981084,5984.981084
7/30/2004,8233.541164,6057.006833,9535.982377,10474.90136,10446.80764,9535.982377,14603.01751,9813.518547,17671.41662,15918.78156,12781.52868,17671.41662,16792.18175,13490.07413,17671.41662,13201.85777,11934.37916,17671.41662,5285.68559,5246.953691,0.001001968,0.001005531,0.001008742,0.001011081,4141.856589,4141.856589,4141.856589,7302.96872,7302.96872,7302.96872,7302.96872,7302.96872
7/31/2004,4113.368093,3045.428646,4562.359157,6020.519624,6057.006833,4562.359157,8586.087773,7688.782734,10015.17365,10142.38809,9813.518547,10015.17365,11608.8072,12781.52868,10015.17365,14833.49142,13490.07413,10015.17365,2005.096961,1992.058966,0.001001968,0.001005531,0.001008742,0.001011081,4906.674707,4906.674707,4906.674707,8929.401379,8929.401379,8929.401379,8929.401379,8929.401379
8/1/2004,2470.802705,3266.294311,2535.322204,3016.921912,3045.428646,2535.322204,5512.495255,6350.891642,6055.163992,5991.32973,7688.782734,6055.163992,7327.234705,9813.518547,6055.163992,9962.679789,12781.52868,6055.163992,297.8330447,296.3797179,0.001001968,0.001005531,0.001008742,0.001011081,5142.188461,5142.188461,5142.188461,9854.534663,9854.534663,9854.534663,9854.534663,9854.534663
8/2/2004,2869.663916,2811.553515,3073.137718,3305.626941,3266.294311,3073.137718,8103.971193,6353.3408,9232.479649,8348.245917,6350.891642,9232.479649,8824.074931,7688.782734,9232.479649,9304.557315,9813.518547,9232.479649,940.2776281,934.7698099,0.001001968,0.001005531,0.001008742,0.001011081,5114.185365,5114.185365,5114.185365,10535.41338,10535.41338,10535.41338,10535.41338,10535.41338
8/3/2004,2388.214078,2240.922304,2582.662725,2831.86895,2811.553515,2582.662725,7017.779317,5939.446738,8053.828993,7272.866868,6353.3408,8053.828993,7785.671495,6350.891642,8053.828993,8605.497005,7688.782734,8053.828993,929.7967644,924.3592121,0.001001968,0.001005531,0.001008742,0.001011081,5250.098302,5250.098302,5250.098302,10967.1676,10967.1676,10967.1676,10967.1676,10967.1676
8/4/2004,1804.664495,2297.324442,1917.421086,2127.814485,2240.922304,1917.421086,4948.997141,5243.975349,5579.995886,5163.31663,5939.446738,5579.995886,5532.279593,6353.3408,5579.995886,6478.598166,6350.891642,5579.995886,567.890284,564.8075054,0.001001968,0.001005531,0.001008742,0.001011081,5331.628695,5331.628695,5331.628695,10948.66142,10948.66142,10948.66142,10948.66142,10948.66142
8/5/2004,2201.087125,2626.975436,2357.237634,2302.605793,2297.324442,2357.237634,4793.972002,4567.746687,5387.281211,4778.585908,5243.975349,5387.281211,4984.952899,5939.446738,5387.281211,5084.166989,6353.3408,5387.281211,732.1096336,727.9771425,0.001001968,0.001005531,0.001008742,0.001011081,4774.326282,4774.326282,4774.326282,10288.27117,10288.27117,10288.27117,10288.27117,10288.27117
8/6/2004,2430.940756,2251.08846,2669.561563,2694.066544,2626.975436,2669.561563,5587.459626,4079.50007,6427.55403,5663.044496,4567.746687,6427.55403,5803.642887,5243.975349,6427.55403,5761.298688,5939.446738,6427.55403,1106.824395,1100.187337,0.001001968,0.001005531,0.001008742,0.001011081,3706.435738,3706.435738,3706.435738,9231.664196,9231.664196,9231.664196,9231.664196,9231.664196
8/7/2004,1941.544432,1712.972452,2137.697994,2263.913616,2251.08846,2137.697994,4718.015183,3678.882452,5439.078724,4880.008557,4079.50007,5439.078724,5220.633476,4567.746687,5439.078724,5574.997983,5243.975349,5439.078724,951.8415089,946.2560487,0.001001968,0.001005531,0.001008742,0.001011081,3039.326098,3039.326098,3039.326098,7944.372142,7944.372142,7944.372142,7944.372142,7944.372142
8/8/2004,1453.831209,1429.153753,1566.681792,1714.016669,1712.972452,1566.681792,3536.940699,3831.201851,4010.816612,3700.351059,3678.882452,4010.816612,3931.864687,4079.50007,4010.816612,4615.134634,4567.746687,4010.816612,579.2756834,576.1213153,0.001001968,0.001005531,0.001008742,0.001011081,2687.410009,2687.410009,2687.410009,6819.851928,6819.851928,6819.851928,6819.851928,6819.851928
8/9/2004,1296.961754,1545.895249,1383.915476,1433.877722,1429.153753,1383.915476,3046.941293,2472.223038,3423.928741,3109.044135,3831.201851,3423.928741,3317.055476,3678.882452,3423.928741,3658.666142,4079.50007,3423.928741,457.6498709,455.2495569,0.001001968,0.001005531,0.001008742,0.001011081,2387.812173,2387.812173,2387.812173,5853.132018,5853.132018,5853.132018,5853.132018,5853.132018
8/10/2004,1304.990677,2003.26521,1409.332208,1458.414517,1545.895249,1409.332208,3153.89873,15807.35441,3577.617204,3219.052086,2472.223038,3577.617204,3340.600653,3831.201851,3577.617204,3477.935626,3678.882452,3577.617204,542.6859796,539.7609837,0.001001968,0.001005531,0.001008742,0.001011081,2139.621124,2139.621124,2139.621124,5209.637511,5209.637511,5209.637511,5209.637511,5209.637511
8/11/2004,1805.527846,8397.970919,1993.763611,1900.502195,2003.26521,1993.763611,3604.244897,26190.6741,4129.401458,3566.16917,15807.35441,4129.401458,3719.189933,2472.223038,4129.401458,3301.737289,3831.201851,4129.401458,902.1101666,896.8577437,0.001001968,0.001005531,0.001008742,0.001011081,2062.608951,2062.608951,2062.608951,4789.596523,4789.596523,4789.596523,4789.596523,4789.596523
8/12/2004,2370.226223,10592.66845,2579.691211,2838.388145,8397.970919,2579.691211,4860.899588,22633.81682,5518.268026,5217.288811,26190.6741,5518.268026,4547.041445,15807.35441,5518.268026,3998.384734,2472.223038,5518.268026,879.5275928,874.4256357,0.001001968,0.001005531,0.001008742,0.001011081,2002.780733,2002.780733,2002.780733,4584.356234,4584.356234,4584.356234,4584.356234,4584.356234
8/13/2004,13634.08152,14785.79343,15028.31943,13057.07611,10592.66845,15028.31943,16105.20811,15077.68435,18017.95751,15192.11561,22633.81682,18017.95751,13450.13563,26190.6741,18017.95751,3181.313135,15807.35441,18017.95751,2959.9801,2939.751399,0.001001968,0.001005531,0.001008742,0.001011081,3126.38406,3126.38406,3126.38406,5210.203307,5210.203307,5210.203307,5210.203307,5210.203307
8/14/2004,16190.35903,12113.10664,18496.45727,16912.96984,14785.79343,18496.45727,27775.31957,11975.693,33082.08424,27086.47471,15077.68435,33082.08424,27169.98922,22633.81682,33082.08424,23659.93973,26190.6741,33082.08424,7667.646991,7609.032944,0.001001968,0.001005531,0.001008742,0.001011081,4963.349316,4963.349316,4963.349316,7748.776097,7748.776097,7748.776097,7748.776097,7748.776097
8/15/2004,10330.17755,7084.982274,12057.94808,12286.71539,12113.10664,12057.94808,21502.23502,10616.11704,26115.39742,22210.8576,11975.693,26115.39742,25048.88398,15077.68435,26115.39742,27606.66271,22633.81682,26115.39742,6636.807412,6586.888984,0.001001968,0.001005531,0.001008742,0.001011081,6653.02808,6653.02808,6653.02808,10631.98623,10631.98623,10631.98623,10631.98623,10631.98623
8/16/2004,5292.085798,3457.87111,5864.867821,7032.351994,7084.982274,5864.867821,10610.24762,7961.019892,12298.43175,11946.05681,10616.11704,12298.43175,13140.36315,11975.693,12298.43175,19435.91889,15077.68435,12298.43175,2350.000196,2334.401888,0.001001968,0.001005531,0.001008742,0.001011081,7542.197896,7542.197896,7542.197896,12852.20406,12852.20406,12852.20406,12852.20406,12852.20406
8/17/2004,3169.053359,4287.189842,3246.360278,3531.397801,3457.87111,3246.360278,4018.87554,5643.321199,4149.430355,4368.762629,7961.019892,4149.430355,5793.109893,10616.11704,4149.430355,8840.55808,11975.693,4149.430355,191.9223297,191.0574167,0.001001968,0.001005531,0.001008742,0.001011081,8028.77148,8028.77148,8028.77148,14091.2983,14091.2983,14091.2983,14091.2983,14091.2983
8/18/2004,3920.137928,4146.897994,4278.318157,4351.731302,4287.189842,4278.318157,7140.708994,13642.88599,8158.55243,7328.801609,5643.321199,8158.55243,8025.688772,7961.019892,8158.55243,8349.973989,10616.11704,8158.55243,1516.22014,1506.721843,0.001001968,0.001005531,0.001008742,0.001011081,8437.919916,8437.919916,8437.919916,14938.32394,14938.32394,14938.32394,14938.32394,14938.32394
8/19/2004,3500.890611,5124.974079,3859.253119,4157.058314,4146.897994,3859.253119,8098.986157,16719.43321,9392.424661,8473.939266,13642.88599,9392.424661,8862.97985,5643.321199,9392.424661,9503.058773,7961.019892,9392.424661,1546.909558,1537.192614,0.001001968,0.001005531,0.001008742,0.001011081,8769.604601,8769.604601,8769.604601,15563.11969,15563.11969,15563.11969,15563.11969,15563.11969
8/20/2004,2705.31622,6243.383965,2937.238957,3268.123515,5124.974079,2937.238957,5356.370802,14053.58467,6078.541221,5759.898589,16719.43321,6078.541221,6263.456602,13642.88599,6078.541221,7016.026104,5643.321199,6078.541221,1012.821095,1006.82426,0.001001968,0.001005531,0.001008742,0.001011081,7779.78896,7779.78896,7779.78896,15128.49417,15128.49417,15128.49417,15128.49417,15128.49417
8/21/2004,5948.754172,5297.810111,6713.159313,6552.406212,6243.383965,6713.159313,8612.564294,10129.10881,9844.392326,8904.343552,14053.58467,9844.392326,9534.859569,16719.43321,9844.392326,5645.368785,13642.88599,9844.392326,2457.755745,2441.348377,0.001001968,0.001005531,0.001008742,0.001011081,6532.212893,6532.212893,6532.212893,12898.50957,12898.50957,12898.50957,12898.50957,12898.50957
8/22/2004,6422.265892,6453.402013,7111.978701,6172.544848,5297.810111,7111.978701,15238.28478,8900.230223,17672.94051,14538.13043,10129.10881,17672.94051,14867.17927,14053.58467,17672.94051,15705.23994,16719.43321,17672.94051,2342.028617,2326.489997,0.001001968,0.001005531,0.001008742,0.001011081,5451.032308,5451.032308,5451.032308,11555.94504,11555.94504,11555.94504,11555.94504,11555.94504
8/23/2004,5949.575217,5335.216765,6777.578257,6685.178307,6453.402013,6777.578257,13486.09469,7933.180653,15985.46854,13623.03919,8900.230223,15985.46854,13774.88539,10129.10881,15985.46854,14295.89692,14053.58467,15985.46854,3280.648166,3257.94069,0.001001968,0.001005531,0.001008742,0.001011081,5224.458297,5224.458297,5224.458297,10917.81359,10917.81359,10917.81359,10917.81359,10917.81359
8/24/2004,4384.064489,3469.139825,4926.935312,5381.862053,5335.216765,4926.935312,10333.0461,6687.027804,12126.88913,10921.11443,7933.180653,12126.88913,11322.63244,8900.230223,12126.88913,12515.59038,10129.10881,12126.88913,2247.60574,2232.772343,0.001001968,0.001005531,0.001008742,0.001011081,5294.282762,5294.282762,5294.282762,10985.36433,10985.36433,10985.36433,10985.36433,10985.36433
8/25/2004,2934.628272,2948.242228,3184.338432,3498.461246,3469.139825,3184.338432,5947.61871,5750.477098,6738.295033,6340.606675,6687.027804,6738.295033,7144.358966,7933.180653,6738.295033,8615.22271,8900.230223,6738.295033,1057.16249,1050.864548,0.001001968,0.001005531,0.001008742,0.001011081,5203.776344,5203.776344,5203.776344,11044.19358,11044.19358,11044.19358,11044.19358,11044.19358
8/26/2004,2614.664612,2754.786771,2837.88182,2967.592729,2948.242228,2837.88182,5405.830538,5635.566592,6128.119018,5603.720015,5750.477098,6128.119018,6153.029586,6687.027804,6128.119018,7053.422385,7933.180653,6128.119018,961.1396395,955.4916631,0.001001968,0.001005531,0.001008742,0.001011081,5069.037944,5069.037944,5069.037944,10965.86537,10965.86537,10965.86537,10965.86537,10965.86537
8/27/2004,2464.680418,2694.345618,2685.148013,2767.93166,2754.786771,2685.148013,5563.257457,3162.919951,6351.883461,5702.547132,5635.566592,6351.883461,6018.029329,5750.477098,6351.883461,6574.599405,6687.027804,6351.883461,962.2890039,956.6332944,0.001001968,0.001005531,0.001008742,0.001011081,4974.63339,4974.63339,4974.63339,10891.90295,10891.90295,10891.90295,10891.90295,10891.90295
8/28/2004,2300.078717,2619.768499,2504.393507,2566.664761,2694.345618,2504.393507,5028.450443,9430.459307,5727.915783,5146.525333,3162.919951,5727.915783,5401.467651,5635.566592,5727.915783,5755.927868,5750.477098,5727.915783,900.6348582,895.39228,0.001001968,0.001005531,0.001008742,0.001011081,4417.719388,4417.719388,4417.719388,10635.22262,10635.22262,10635.22262,10635.22262,10635.22262
8/29/2004,2460.044562,7373.668143,2684.82674,2653.685218,2619.768499,2684.82674,4804.295671,14855.18816,5456.742445,4849.360233,9430.459307,5456.742445,5103.193875,3162.919951,5456.742445,5090.839972,5635.566592,5456.742445,961.3660075,955.7165081,0.001001968,0.001005531,0.001008742,0.001011081,3934.874341,3934.874341,3934.874341,9191.54023,9191.54023,9191.54023,9191.54023,9191.54023
8/30/2004,2706.296159,7351.623481,3045.85103,3112.486161,7373.668143,3045.85103,5139.760989,9810.199186,5980.522765,5322.439356,14855.18816,5980.522765,5606.2257,9430.459307,5980.522765,5300.974946,3162.919951,5980.522765,1469.816321,1460.647619,0.001001968,0.001005531,0.001008742,0.001011081,3492.265522,3492.265522,3492.265522,7805.083628,7805.083628,7805.083628,7805.083628,7805.083628
8/31/2004,8973.417708,6842.573094,10196.57087,9325.442617,7351.623481,10196.57087,9089.086729,7080.019198,10623.05893,8987.455151,9810.199186,10623.05893,9598.376728,14855.18816,10623.05893,3530.529901,9430.459307,10623.05893,3261.891943,3239.330215,0.001001968,0.001005531,0.001008742,0.001011081,4032.311339,4032.311339,4032.311339,7004.971371,7004.971371,7004.971371,7004.971371,7004.971371
9/1/2004,7720.923997,4985.771826,8894.853245,8461.607657,6842.573094,8894.853245,12672.90909,6316.822281,15173.13949,12729.01831,7080.019198,15173.13949,13240.18062,9810.199186,15173.13949,14466.03124,14855.18816,15173.13949,4043.379835,4014.673391,0.001001968,0.001005531,0.001008742,0.001011081,4603.992563,4603.992563,4603.992563,7274.30717,7274.30717,7274.30717,7274.30717,7274.30717
9/2/2004,4004.933307,2871.952445,4570.529556,5078.729411,4985.771826,4570.529556,8579.344923,5334.78395,10176.49304,9251.782773,6316.822281,10176.49304,9693.448521,7080.019198,10176.49304,12874.34511,9810.199186,10176.49304,2319.575081,2304.204461,0.001001968,0.001005531,0.001008742,0.001011081,4850.50913,4850.50913,4850.50913,7805.007073,7805.007073,7805.007073,7805.007073,7805.007073
9/3/2004,2446.853189,2520.702196,2657.128687,2911.987697,2871.952445,2657.128687,3835.137319,4816.751436,4297.194496,4182.162059,5334.78395,4297.194496,4952.010065,6316.822281,4297.194496,6565.770868,7080.019198,4297.194496,869.5206463,864.4852073,0.001001968,0.001005531,0.001008742,0.001011081,4933.316295,4933.316295,4933.316295,8039.731842,8039.731842,8039.731842,8039.731842,8039.731842
9/4/2004,2268.913901,2439.201307,2471.817696,2548.60509,2520.702196,2471.817696,3900.668107,4273.19405,4403.700905,4057.475457,4816.751436,4403.700905,4512.576047,5334.78395,4403.700905,5248.987532,6316.822281,4403.700905,858.1955011,853.2352243,0.001001968,0.001005531,0.001008742,0.001011081,4957.238983,4957.238983,4957.238983,8079.78187,8079.78187,8079.78187,8079.78187,8079.78187
9/5/2004,2202.744307,2310.418265,2415.761393,2459.234216,2439.201307,2415.761393,4499.287393,4635.036244,5145.530392,4609.740846,4273.19405,5145.530392,4871.191934,4816.751436,5145.530392,5231.282002,5334.78395,5145.530392,919.1466335,913.7803788,0.001001968,0.001005531,0.001008742,0.001011081,4932.321442,4932.321442,4932.321442,8041.300805,8041.300805,8041.300805,8041.300805,8041.300805
9/6/2004,2087.366592,2191.757853,2290.906563,2325.177271,2310.418265,2290.906563,4149.155834,10332.81584,4738.723675,4249.992477,4635.036244,4738.723675,4471.91165,4273.19405,4738.723675,4693.988834,4816.751436,4738.723675,889.1409179,883.9749676,0.001001968,0.001005531,0.001008742,0.001011081,4829.270015,4829.270015,4829.270015,7945.663801,7945.663801,7945.663801,7945.663801,7945.663801
9/7/2004,1980.274992,2105.919516,2173.309794,2202.136269,2191.757853,2173.309794,3859.342831,10298.41604,4401.598199,3952.930058,10332.81584,4401.598199,4157.994856,4635.036244,4401.598199,4343.540085,4273.19405,4401.598199,851.9485627,847.0296909,0.001001968,0.001005531,0.001008742,0.001011081,3841.256116,3841.256116,3841.256116,7560.641917,7560.641917,7560.641917,7560.641917,7560.641917
9/8/2004,1880.849861,4808.007875,2035.695403,2009.795041,2105.919516,2035.695403,3611.380336,11785.18853,4046.818556,3643.007365,10298.41604,4046.818556,3758.512336,10332.81584,4046.818556,3895.063306,4635.036244,4046.818556,680.6383201,676.8385957,0.001001968,0.001005531,0.001008742,0.001011081,2967.458237,2967.458237,2967.458237,6478.272536,6478.272536,6478.272536,6478.272536,6478.272536
9/9/2004,5309.72882,7683.330607,5834.188124,4797.015239,4808.007875,5834.188124,8963.902742,11185.94748,10037.2312,8184.883123,11785.18853,10037.2312,7286.547703,10298.41604,10037.2312,4224.346751,10332.81584,10037.2312,2022.342395,2009.177516,0.001001968,0.001005531,0.001008742,0.001011081,2737.722254,2737.722254,2737.722254,5709.968287,5709.968287,5709.968287,5709.968287,5709.968287
9/10/2004,7415.063076,6234.566775,8322.436147,7764.611167,7683.330607,8322.436147,15626.9936,8645.979504,18186.23155,15358.48768,11185.94748,18186.23155,14598.1489,11785.18853,18186.23155,12039.56109,10298.41604,18186.23155,3535.211972,3510.51756,0.001001968,0.001005531,0.001008742,0.001011081,3139.714898,3139.714898,3139.714898,6415.157745,6415.157745,6415.157745,6415.157745,6415.157745
9/11/2004,5071.25861,4333.84588,5726.751165,6261.950002,6234.566775,5726.751165,9992.423919,6839.715006,11646.6858,10742.62352,8645.979504,11646.6858,11864.21193,11185.94748,11646.6858,12247.84874,11785.18853,11646.6858,2711.765295,2693.435132,0.001001968,0.001005531,0.001008742,0.001011081,3706.518076,3706.518076,3706.518076,7273.019338,7273.019338,7273.019338,7273.019338,7273.019338
9/12/2004,3574.191098,3272.861215,3986.322823,4335.932223,4333.84588,3986.322823,7124.747065,6250.275499,8225.054574,7605.450571,6839.715006,8225.054574,8885.861154,8645.979504,8225.054574,10945.92688,11185.94748,8225.054574,1776.872786,1765.501629,0.001001968,0.001005531,0.001008742,0.001011081,4092.453114,4092.453114,4092.453114,8140.698387,8140.698387,8140.698387,8140.698387,8140.698387
9/13/2004,2664.149902,2547.066852,2929.829607,3273.450396,3272.861215,2929.829607,5832.53781,3160.349092,6672.85351,6251.957479,6250.275499,6672.85351,6886.88291,6839.715006,6672.85351,8698.170156,8645.979504,6672.85351,1170.877994,1163.800756,0.001001968,0.001005531,0.001008742,0.001011081,4280.182382,4280.182382,4280.182382,8738.922457,8738.922457,8738.922457,8738.922457,8738.922457
9/14/2004,2230.001771,2449.517734,2419.843082,2547.197587,2547.066852,2419.843082,4877.585206,2962.769859,5520.464825,5058.899705,3160.349092,5520.464825,5577.995061,6250.275499,5520.464825,6497.948894,6839.715006,5520.464825,844.9905502,840.1177504,0.001001968,0.001005531,0.001008742,0.001011081,4376.067056,4376.067056,4376.067056,9083.407302,9083.407302,9083.407302,9083.407302,9083.407302
9/15/2004,2175.688362,2466.579657,2379.087821,2447.434251,2449.517734,2379.087821,4699.529893,28010.37499,5349.622612,4826.847787,2962.769859,5349.622612,5129.309931,3160.349092,5349.622612,5580.843525,6250.275499,5349.622612,911.2525547,905.9390792,0.001001968,0.001005531,0.001008742,0.001011081,4460.27205,4460.27205,4460.27205,9312.158312,9312.158312,9312.158312,9312.158312,9312.158312
9/16/2004,2173.145004,2906.845151,2390.223293,2462.401811,2466.579657,2390.223293,4923.509705,50590.4806,5639.69371,5056.09765,28010.37499,5639.69371,5249.807564,2962.769859,5639.69371,5413.152668,3160.349092,5639.69371,971.2354941,965.5195512,0.001001968,0.001005531,0.001008742,0.001011081,4320.331944,4320.331944,4320.331944,9212.502097,9212.502097,9212.502097,9212.502097,9212.502097
9/17/2004,2102.294881,13925.37264,2131.904765,1707.764375,2906.845151,2131.904765,2758.659108,53938.88595,2806.465783,2371.919202,50590.4806,2806.465783,2168.576948,28010.37499,2806.465783,3063.691361,2962.769859,2806.465783,0.001000564,0.001006515,0.001001968,0.001005531,0.001008742,0.001011081,3643.566004,3643.566004,3643.566004,7758.674539,7758.674539,7758.674539,7758.674539,7758.674539
9/18/2004,18923.62995,41723.19278,20030.3025,13633.25893,13925.37264,20030.3025,31928.56287,45030.42614,34043.06367,26563.25697,53938.88595,34043.06367,19782.40003,50590.4806,34043.06367,2145.795662,28010.37499,34043.06367,2854.769654,2835.347937,0.001001968,0.001005531,0.001008742,0.001011081,3529.717558,3529.717558,3529.717558,8307.926978,8307.926978,8307.926978,8307.926978,8307.926978
9/19/2004,40346.09901,35046.20121,46808.7661,42470.0539,41723.19278,46808.7661,65975.85636,30427.73869,79632.27064,63966.459,45030.42614,79632.27064,59676.56503,53938.88595,79632.27064,40587.17859,50590.4806,79632.27064,21532.07893,21348.56563,0.001001968,0.001005531,0.001008742,0.001011081,7436.435868,7436.435868,7436.435868,12879.68081,12879.68081,12879.68081,12879.68081,12879.68081
9/20/2004,27225.26687,17810.36085,32695.10685,35342.55599,35046.20121,32695.10685,53066.60412,20794.88951,66275.1982,57272.60125,30427.73869,66275.1982,66108.04664,45030.42614,66275.1982,64142.41941,53938.88595,66275.1982,19380.74514,19217.30228,0.001001968,0.001005531,0.001008742,0.001011081,12521.20018,12521.20018,12521.20018,19901.07081,19901.07081,19901.07081,19901.07081,19901.07081
9/21/2004,11164.43797,5668.178039,12924.78659,17851.7886,17810.36085,12924.78659,24093.50335,13278.63394,29022.86651,29491.21996,20794.88951,29022.86651,35401.4969,30427.73869,29022.86651,54002.24506,45030.42614,29022.86651,6777.831668,6726.731236,0.001001968,0.001005531,0.001008742,0.001011081,15292.52338,15292.52338,15292.52338,26570.50263,26570.50263,26570.50263,26570.50263,26570.50263
9/22/2004,3927.796884,4903.258359,3983.551349,5691.632236,5668.178039,3983.551349,7466.918761,10283.10426,7953.822876,9205.313375,13278.63394,7953.822876,14483.93712,20794.88951,7953.822876,26377.93684,30427.73869,7953.822876,0.001000564,0.001006515,0.001001968,0.001005531,0.001008742,0.001011081,16489.99029,16489.99029,16489.99029,30666.31692,30666.31692,30666.31692,30666.31692,30666.31692
9/23/2004,4139.835378,4770.295911,4420.625184,4918.462294,4903.258359,4420.625184,10348.51111,8980.589888,11754.98694,10889.48124,10283.10426,11754.98694,12894.71225,13278.63394,11754.98694,17500.0893,20794.88951,11754.98694,1137.302059,1130.45594,0.001001968,0.001005531,0.001008742,0.001011081,17103.78922,17103.78922,17103.78922,32702.7851,32702.7851,32702.7851,32702.7851,32702.7851
9/24/2004,4127.97112,4311.495557,4522.882888,4780.480589,4770.295911,4522.882888,11946.81716,9226.0148,13897.75298,12242.85615,8980.589888,13897.75298,13054.55995,10283.10426,13897.75298,14823.00253,13278.63394,13897.75298,1646.487948,1636.058038,0.001001968,0.001005531,0.001008742,0.001011081,17647.61911,17647.61911,17647.61911,34138.21203,34138.21203,34138.21203,34138.21203,34138.21203
9/25/2004,3767.923847,3864.578699,4138.698914,4318.425031,4311.495557,4138.698914,8965.417364,21167.82678,10341.80147,9230.238123,9226.0148,10341.80147,9826.428969,8980.589888,10341.80147,10792.81309,10283.10426,10341.80147,1562.586976,1552.758137,0.001001968,0.001005531,0.001008742,0.001011081,17455.28364,17455.28364,17455.28364,33334.36244,33334.36244,33334.36244,33334.36244,33334.36244
9/26/2004,3453.51563,3725.221954,3780.946541,3868.815953,3864.578699,3780.946541,7400.410735,24649.98816,8470.927174,7580.715723,21167.82678,8470.927174,8073.667194,9226.0148,8470.927174,8785.00141,8980.589888,8470.927174,1393.33863,1384.710389,0.001001968,0.001005531,0.001008742,0.001011081,13385.63,13385.63,13385.63,28443.74102,28443.74102,28443.74102,28443.74102,28443.74102
9/27/2004,3216.929941,5220.145958,3531.245112,3651.433257,3725.221954,3531.245112,6705.24783,17596.91179,7678.554533,6918.723679,24649.98816,7678.554533,7306.19696,21167.82678,7678.554533,7785.201527,9226.0148,7678.554533,1348.769456,1340.454546,0.001001968,0.001005531,0.001008742,0.001011081,8314.578445,8314.578445,8314.578445,21305.19389,21305.19389,21305.19389,21305.19389,21305.19389
9/28/2004,4738.113218,8470.984348,5303.432995,4946.575,5220.145958,5303.432995,9375.290785,15396.41941,10866.72979,9216.582996,17596.91179,10866.72979,9409.924035,24649.98816,10866.72979,8127.567332,21167.82678,10866.72979,2307.933788,2292.650196,0.001001968,0.001005531,0.001008742,0.001011081,5794.136144,5794.136144,5794.136144,14950.42565,14950.42565,14950.42565,14950.42565,14950.42565
9/29/2004,8297.409078,8192.221107,9471.714302,8623.416496,8470.984348,9471.714302,23980.76969,13602.30498,28629.81514,23388.18705,15396.41941,28629.81514,22868.08674,17596.91179,28629.81514,19588.54336,24649.98816,28629.81514,4424.553106,4392.801137,0.001001968,0.001005531,0.001008742,0.001011081,5276.205018,5276.205018,5276.205018,13268.70253,13268.70253,13268.70253,13268.70253,13268.70253
9/30/2004,7623.973987,7987.779337,8568.252338,8203.396096,8192.221107,8568.252338,24159.5623,11957.20188,28781.44185,23868.08353,13602.30498,28781.44185,23894.85222,15396.41941,28781.44185,24738.15596,17596.91179,28781.44185,3718.953697,3692.815368,0.001001968,0.001005531,0.001008742,0.001011081,5411.793745,5411.793745,5411.793745,14245.12483,14245.12483,14245.12483,14245.12483,14245.12483
10/1/2004,6574.026774,5258.916108,7517.460652,8028.464583,7987.779337,7517.460652,14031.42363,10203.59709,16637.2732,14819.67821,11957.20188,16637.2732,15774.74957,13602.30498,16637.2732,15719.19226,15396.41941,16637.2732,3774.810368,3748.231545,0.001001968,0.001005531,0.001008742,0.001011081,5814.71242,5814.71242,5814.71242,15017.42491,15017.42491,15017.42491,15017.42491,15017.42491
10/2/2004,4291.448,4314.824742,4727.060402,5267.507102,5258.916108,4727.060402,10277.87568,8715.705728,11871.98018,10922.30811,10203.59709,11871.98018,11938.99809,11957.20188,11871.98018,14576.24402,13602.30498,11871.98018,1806.20205,1794.61802,0.001001968,0.001005531,0.001008742,0.001011081,6003.677592,6003.677592,6003.677592,15680.24162,15680.24162,15680.24162,15680.24162,15680.24162
10/3/2004,3818.820137,4093.244773,4198.948036,4329.255312,4314.824742,4198.948036,7989.558288,7943.281577,9154.420102,8235.60951,8715.705728,9154.420102,9224.15281,10203.59709,9154.420102,10423.2437,11957.20188,9154.420102,1597.72146,1587.641371,0.001001968,0.001005531,0.001008742,0.001011081,6132.916522,6132.916522,6132.916522,16128.68658,16128.68658,16128.68658,16128.68658,16128.68658
10/4/2004,3543.63559,3597.799626,3928.205155,4106.512261,4093.244773,3928.205155,8278.222135,7348.428913,9590.808453,8552.551468,7943.281577,9590.808453,9057.476141,8715.705728,9590.808453,10014.04015,10203.59709,9590.808453,1637.894555,1627.526379,0.001001968,0.001005531,0.001008742,0.001011081,6209.321988,6209.321988,6209.321988,16415.82056,16415.82056,16415.82056,16415.82056,16415.82056
10/5/2004,3142.908838,3256.331898,3467.077943,3598.671278,3597.799626,3467.077943,7302.626506,6882.297859,8420.311523,7516.141169,7348.428913,8420.311523,7982.266623,7943.281577,8420.311523,8646.075845,8715.705728,8420.311523,1397.408475,1388.751562,0.001001968,0.001005531,0.001008742,0.001011081,6087.826971,6087.826971,6087.826971,16391.86579,16391.86579,16391.86579,16391.86579,16391.86579
10/6/2004,2872.026799,3027.698884,3159.724069,3255.701536,3256.331898,3159.724069,6478.096523,6499.85756,7436.18183,6652.259043,6882.297859,7436.18183,7039.116771,7348.428913,7436.18183,7552.984825,7943.281577,7436.18183,1250.084517,1242.458854,0.001001968,0.001005531,0.001008742,0.001011081,5527.795267,5527.795267,5527.795267,14303.48957,14303.48957,14303.48957,14303.48957,14303.48957
10/7/2004,2695.389482,2869.847914,2963.538118,3026.516058,3027.698884,2963.538118,6098.316256,6196.186973,6993.821493,6234.172844,6499.85756,6993.821493,6565.311015,6882.297859,6993.821493,6951.945605,7348.428913,6993.821493,1172.859901,1165.768995,0.001001968,0.001005531,0.001008742,0.001011081,4874.006779,4874.006779,4874.006779,11553.92241,11553.92241,11553.92241,11553.92241,11553.92241
10/8/2004,2562.005956,2726.707674,2818.44458,2868.353187,2869.847914,2818.44458,5790.108341,5925.244314,6641.265946,5909.898178,6196.186973,6641.265946,6196.143592,6499.85756,6641.265946,6508.887241,6882.297859,6641.265946,1128.292279,1121.508036,0.001001968,0.001005531,0.001008742,0.001011081,4124.061202,4124.061202,4124.061202,9891.310207,9891.310207,9891.310207,9891.310207,9891.310207
10/9/2004,2438.371807,2598.797619,2682.748629,2725.002762,2726.707674,2682.748629,5509.518458,5691.874383,6317.356436,5618.642879,5925.244314,6317.356436,5880.231244,6196.186973,6317.356436,6140.978607,6499.85756,6317.356436,1081.313096,1074.850485,0.001001968,0.001005531,0.001008742,0.001011081,3669.120119,3669.120119,3669.120119,8667.078725,8667.078725,8667.078725,8667.078725,8667.078725
10/10/2004,2327.034034,2484.215839,2560.461843,2596.948006,2598.797619,2560.461843,5248.28516,5720.120683,6016.660777,5348.830937,5691.874383,6016.660777,5592.380598,5925.244314,6016.660777,5832.423767,6196.186973,6016.660777,1038.441674,1032.271056,0.001001968,0.001005531,0.001008742,0.001011081,3331.452831,3331.452831,3331.452831,7808.584259,7808.584259,7808.584259,7808.584259,7808.584259
10/11/2004,2226.709844,2381.407218,2450.365293,2482.271554,2484.215839,2450.365293,5034.872684,5955.682403,5770.758694,5128.136027,5720.120683,5770.758694,5356.434857,5691.874383,5770.758694,5566.141829,5925.244314,5770.758694,1000.101708,994.1909443,0.001001968,0.001005531,0.001008742,0.001011081,3075.228107,3075.228107,3075.228107,7203.084067,7203.084067,7203.084067,7203.084067,7203.084067
10/12/2004,2136.341352,2289.263133,2351.217517,2379.413941,2381.407218,2351.217517,4845.055328,6412.279531,5552.440517,4932.082462,5955.682403,5552.440517,5146.457387,5720.120683,5552.440517,5340.155889,5691.874383,5552.440517,965.5451266,959.867503,0.001001968,0.001005531,0.001008742,0.001011081,2875.173954,2875.173954,2875.173954,6733.197046,6733.197046,6733.197046,6733.197046,6733.197046
10/13/2004,2055.1154,2208.792453,2262.101843,2287.255321,2289.263133,2262.101843,4677.331305,6704.148663,5359.223766,4759.072897,6412.279531,5359.223766,4960.828085,5955.682403,5359.223766,5135.974686,5720.120683,5359.223766,934.3762534,928.9080116,0.001001968,0.001005531,0.001008742,0.001011081,2718.170875,2718.170875,2718.170875,6360.552088,6360.552088,6360.552088,6360.552088,6360.552088
10/14/2004,1983.304935,2280.58967,2183.001374,2205.648263,2208.792453,2183.001374,4753.84125,6997.378209,5453.369371,4827.451667,6704.148663,5453.369371,5011.947138,6412.279531,5453.369371,5152.487793,5955.682403,5453.369371,905.1997973,899.9267507,0.001001968,0.001005531,0.001008742,0.001011081,2586.990671,2586.990671,2586.990671,6094.095709,6094.095709,6094.095709,6094.095709,6094.095709
10/15/2004,2022.77715,2623.619415,2225.792806,2251.488011,2280.58967,2225.792806,5158.573253,6585.047046,5924.689274,5232.718514,6997.378209,5924.689274,5327.901372,6704.148663,5924.689274,5367.335155,6412.279531,5924.689274,914.8634818,909.5258711,0.001001968,0.001005531,0.001008742,0.001011081,2477.968551,2477.968551,2477.968551,5944.78949,5944.78949,5944.78949,5944.78949,5944.78949
10/16/2004,2625.531599,3268.109445,2884.516099,2622.44868,2623.619415,2884.516099,6656.604955,8305.642111,7600.783491,6465.413264,6585.047046,7600.783491,6523.667076,6997.378209,7600.783491,5842.203582,6704.148663,7600.783491,1139.285565,1132.425815,0.001001968,0.001005531,0.001008742,0.001011081,2433.923616,2433.923616,2433.923616,5998.060689,5998.060689,5998.060689,5998.060689,5998.060689
10/17/2004,2844.077613,2863.968648,3207.034134,3284.928864,3268.109445,3207.034134,6913.302469,8950.183625,8034.042226,7093.910666,8305.642111,8034.042226,7149.379924,6585.047046,8034.042226,6813.25781,6997.378209,8034.042226,1586.723698,1576.722326,0.001001968,0.001005531,0.001008742,0.001011081,2489.671918,2489.671918,2489.671918,6143.746395,6143.746395,6143.746395,6143.746395,6143.746395
10/18/2004,2047.235263,3639.841595,2265.776738,2442.180245,2863.968648,2265.776738,5624.553426,9527.778416,6463.832336,5851.026039,8950.183625,6463.832336,6211.100601,8305.642111,6463.832336,6852.259699,6585.047046,6463.832336,986.8162484,980.9952389,0.001001968,0.001005531,0.001008742,0.001011081,2503.725654,2503.725654,2503.725654,6301.613384,6301.613384,6301.613384,6301.613384,6301.613384
10/19/2004,3527.587739,5303.841779,3903.123804,3521.340175,3639.841595,3903.123804,6631.869348,8752.09483,7558.314652,6415.579984,9527.778416,7558.314652,6497.813034,8950.183625,7558.314652,5637.234062,8305.642111,7558.314652,1446.94829,1437.941558,0.001001968,0.001005531,0.001008742,0.001011081,2631.136135,2631.136135,2631.136135,6480.343992,6480.343992,6480.343992,6480.343992,6480.343992
10/20/2004,5108.992313,4465.652391,5819.184903,5559.60506,5303.841779,5819.184903,9863.264979,7604.502573,11602.46688,9860.38239,8752.09483,11602.46688,9785.631356,9527.778416,11602.46688,8393.513621,8950.183625,11602.46688,2752.225366,2733.587008,0.001001968,0.001005531,0.001008742,0.001011081,3003.694083,3003.694083,3003.694083,6973.436997,6973.436997,6973.436997,6973.436997,6973.436997
10/21/2004,3875.911298,3287.355657,4399.015836,4546.838485,4465.652391,4399.015836,8397.157279,6745.075022,9848.711072,8712.050047,7604.502573,9848.711072,9263.078264,8752.09483,9848.711072,9661.493966,9527.778416,9848.711072,2154.520339,2140.37887,0.001001968,0.001005531,0.001008742,0.001011081,3351.305607,3351.305607,3351.305607,7537.120746,7537.120746,7537.120746,7537.120746,7537.120746
10/22/2004,2989.397961,3123.333026,3303.94798,3311.101238,3287.355657,3303.94798,6779.146938,6170.692353,7791.165962,6881.51483,6745.075022,7791.165962,7433.521268,7604.502573,7791.165962,8624.217958,8752.09483,7791.165962,1337.601326,1329.364735,0.001001968,0.001005531,0.001008742,0.001011081,3555.188036,3555.188036,3555.188036,8054.074103,8054.074103,8054.074103,8054.074103,8054.074103
10/23/2004,2794.384145,2955.709223,3097.906721,3138.979604,3123.333026,3097.906721,6054.159767,5710.889537,6963.413366,6188.113192,6170.692353,6963.413366,6531.06571,6745.075022,6963.413366,7119.734197,7604.502573,6963.413366,1315.147795,1307.068423,0.001001968,0.001005531,0.001008742,0.001011081,3662.260407,3662.260407,3662.260407,8211.94019,8211.94019,8211.94019,8211.94019,8211.94019
10/24/2004,2571.49649,2543.371759,2866.650545,2959.21487,2955.709223,2866.650545,5739.583326,5376.234722,6630.390892,5918.994251,5710.889537,6630.390892,6278.10199,6170.692353,6630.390892,6570.750401,6745.075022,6630.390892,1297.369054,1289.413938,0.001001968,0.001005531,0.001008742,0.001011081,3666.166876,3666.166876,3666.166876,8170.887064,8170.887064,8170.887064,8170.887064,8170.887064
10/25/2004,2218.904482,2297.947561,2451.943348,2544.760176,2543.371759,2451.943348,5058.424113,5133.495715,5806.046795,5217.787476,5376.234722,5806.046795,5527.04601,5710.889537,5806.046795,6069.764985,6170.692353,5806.046795,1037.250474,1031.087948,0.001001968,0.001005531,0.001008742,0.001011081,3671.181736,3671.181736,3671.181736,8065.459714,8065.459714,8065.459714,8065.459714,8065.459714
10/26/2004,2050.836164,2213.100518,2257.63813,2298.174906,2297.947561,2257.63813,4582.479189,5631.241974,5236.414801,4684.425824,5133.495715,5236.414801,4962.192928,5376.234722,5236.414801,5299.204251,5710.889537,5236.414801,928.0948577,922.6687058,0.001001968,0.001005531,0.001008742,0.001011081,3541.444227,3541.444227,3541.444227,7895.379485,7895.379485,7895.379485,7895.379485,7895.379485
10/27/2004,1981.676452,2126.45878,2185.656917,2212.579772,2213.100518,2185.656917,4538.538846,5490.470808,5191.836413,4624.749026,5631.241974,5191.836413,4843.111023,5133.495715,5191.836413,5033.173549,5376.234722,5191.836413,921.0442104,915.66526,0.001001968,0.001005531,0.001008742,0.001011081,3160.363177,3160.363177,3160.363177,7388.18594,7388.18594,7388.18594,7388.18594,7388.18594
10/28/2004,1905.538811,2052.95101,2102.630263,2125.44629,2126.45878,2102.630263,4381.520615,4936.054324,5015.992929,4460.692154,5490.470808,5015.992929,4657.155994,5631.241974,5015.992929,4855.272718,5133.495715,5015.992929,895.0717926,889.866318,0.001001968,0.001005531,0.001008742,0.001011081,2802.283323,2802.283323,2802.283323,6761.657727,6761.657727,6761.657727,6761.657727,6761.657727
10/29/2004,1832.806623,2064.23584,2022.587477,2042.78313,2052.95101,2022.587477,4188.215657,4900.559595,4794.63659,4262.838181,4936.054324,4794.63659,4448.308883,5490.470808,4794.63659,4622.139404,5631.241974,4794.63659,866.5421031,861.5264442,0.001001968,0.001005531,0.001008742,0.001011081,2580.999253,2580.999253,2580.999253,6107.327316,6107.327316,6107.327316,6107.327316,6107.327316
10/30/2004,1933.30654,2207.845269,2126.648419,2060.670595,2064.23584,2126.648419,4895.924725,4658.701454,5615.366583,4876.647671,4900.559595,5615.366583,5003.014049,4936.054324,5615.366583,5035.020319,5490.470808,5615.366583,877.9921668,872.9004223,0.001001968,0.001005531,0.001008742,0.001011081,2409.893965,2409.893965,2409.893965,5750.146385,5750.146385,5750.146385,5750.146385,5750.146385
10/31/2004,1940.975469,1938.214592,2151.827961,2212.836817,2207.845269,2151.827961,4842.764074,4588.363319,5577.779239,4956.266576,4658.701454,5577.779239,5024.066838,4900.559595,5577.779239,5053.66346,4936.054324,5577.779239,956.5963524,950.9789326,0.001001968,0.001005531,0.001008742,0.001011081,2273.275802,2273.275802,2273.275802,5537.610651,5537.610651,5537.610651,5537.610651,5537.610651
11/1/2004,1772.62752,1972.883136,1954.284005,1939.278569,1938.214592,1954.284005,4145.362306,5532.516991,4744.347141,4180.196908,4588.363319,4744.347141,4452.354092,4658.701454,4744.347141,4594.822723,4900.559595,4744.347141,837.2503361,832.4287303,0.001001968,0.001005531,0.001008742,0.001011081,2186.542712,2186.542712,2186.542712,5341.199502,5341.199502,5341.199502,5341.199502,5341.199502
11/2/2004,1708.548665,1847.376964,1901.008786,1967.913674,1972.883136,1901.008786,3995.271863,5902.909463,4598.049187,4116.382838,5532.516991,4598.049187,4276.10327,4588.363319,4598.049187,4448.785937,4658.701454,4598.049187,890.4222274,885.2477411,0.001001968,0.001005531,0.001008742,0.001011081,2123.240383,2123.240383,2123.240383,5193.917434,5193.917434,5193.917434,5193.917434,5193.917434
11/3/2004,1722.920803,2063.1851,1900.353173,1846.626393,1847.376964,1900.353173,3874.938718,5288.648937,4432.925744,3872.485996,5902.909463,4432.925744,4052.149494,5532.516991,4432.925744,4202.797984,4588.363319,4432.925744,820.2603503,815.5509021,0.001001968,0.001005531,0.001008742,0.001011081,2067.984899,2067.984899,2067.984899,5056.209643,5056.209643,5056.209643,5056.209643,5056.209643
11/4/2004,1635.85278,2147.242107,1817.49744,1914.176716,2063.1851,1817.49744,3842.235594,5111.344527,4413.902002,3990.602766,5288.648937,4413.902002,4072.423924,5902.909463,4413.902002,4142.053176,5532.516991,4413.902002,841.6814083,836.8305027,0.001001968,0.001005531,0.001008742,0.001011081,2022.632874,2022.632874,2022.632874,4967.504293,4967.504293,4967.504293,4967.504293,4967.504293
11/5/2004,2140.695702,2458.142423,2353.12796,2193.516033,2147.242107,2353.12796,5391.177833,4842.651169,6178.699451,5291.186848,5111.344527,6178.699451,5341.597001,5288.648937,6178.699451,5010.663137,5902.909463,6178.699451,898.4341494,893.2062527,0.001001968,0.001005531,0.001008742,0.001011081,2026.212287,2026.212287,2026.212287,5091.503654,5091.503654,5091.503654,5091.503654,5091.503654
11/6/2004,2310.152562,2158.262372,2564.325074,2509.806624,2458.142423,2564.325074,5756.853077,4379.16115,6657.154829,5764.519289,4842.651169,6657.154829,5778.199713,5111.344527,6657.154829,5711.129228,5288.648937,6657.154829,1114.58599,1107.895759,0.001001968,0.001005531,0.001008742,0.001011081,2068.957359,2068.957359,2068.957359,5185.452486,5185.452486,5185.452486,5185.452486,5185.452486
11/7/2004,1900.050474,1930.645608,2115.605101,2158.455713,2158.262372,2115.605101,4457.912018,4111.149792,5139.288525,4560.263465,4379.16115,5139.288525,4879.313014,4842.651169,5139.288525,5007.553084,5111.344527,5139.288525,983.952408,978.1507262,0.001001968,0.001005531,0.001008742,0.001011081,2094.627289,2094.627289,2094.627289,5165.328374,5165.328374,5165.328374,5165.328374,5165.328374
11/8/2004,1680.908763,1702.604389,1866.828691,1929.382089,1930.645608,1866.828691,3938.520901,4952.137361,4528.896142,4052.823664,4111.149792,4528.896142,4284.82754,4379.16115,4528.896142,4682.842983,4842.651169,4528.896142,858.9861472,854.0206272,0.001001968,0.001005531,0.001008742,0.001011081,2086.950457,2086.950457,2086.950457,5164.528483,5164.528483,5164.528483,5164.528483,5164.528483
11/9/2004,1513.714343,1618.404756,1668.699648,1702.190778,1702.604389,1668.699648,3593.118602,6689.673303,4108.825848,3668.841082,4952.137361,4108.825848,3863.024181,4111.149792,4108.825848,4171.444697,4379.16115,4108.825848,722.753809,718.6820401,0.001001968,0.001005531,0.001008742,0.001011081,2058.974862,2058.974862,2058.974862,5127.440218,5127.440218,5127.440218,5127.440218,5127.440218
11/10/2004,1443.700937,1551.313644,1592.419519,1617.916458,1618.404756,1592.419519,3403.499608,6003.245088,3892.027579,3470.010593,6689.673303,3892.027579,3628.856975,4952.137361,3892.027579,3812.957934,4111.149792,3892.027579,697.7370324,693.8271193,0.001001968,0.001005531,0.001008742,0.001011081,2026.67488,2026.67488,2026.67488,5082.550362,5082.550362,5082.550362,5082.550362,5082.550362
11/11/2004,1379.727221,1638.423652,1521.866557,1542.079975,1551.313644,1521.866557,3358.52524,4611.091946,3837.54155,3417.069172,6003.245088,3837.54155,3559.913459,6689.673303,3837.54155,3666.966816,4952.137361,3837.54155,670.7099638,666.9740531,0.001001968,0.001005531,0.001008742,0.001011081,1986.929666,1986.929666,1986.929666,5003.104475,5003.104475,5003.104475,5003.104475,5003.104475
11/12/2004,1483.509306,1801.825952,1642.975942,1639.669564,1638.423652,1642.975942,4402.643636,4227.440675,5070.209672,4430.469219,4611.091946,5070.209672,4509.446298,6003.245088,5070.209672,4432.538908,6689.673303,5070.209672,744.1679704,739.957067,0.001001968,0.001005531,0.001008742,0.001011081,1915.948261,1915.948261,1915.948261,4881.383941,4881.383941,4881.383941,4881.383941,4881.383941
11/13/2004,1629.415517,1609.774953,1815.612881,1804.928724,1801.825952,1815.612881,6023.125607,3965.822131,7024.115933,6020.88678,4227.440675,7024.115933,6053.653197,4611.091946,7024.115933,6039.434845,6003.245088,7024.115933,863.5149949,858.5194296,0.001001968,0.001005531,0.001008742,0.001011081,1829.325276,1829.325276,1829.325276,4958.505612,4958.505612,4958.505612,4958.505612,4958.505612
11/14/2004,1431.204227,1402.015039,1586.520775,1608.324122,1609.774953,1586.520775,5057.652958,3774.55185,5868.487534,5088.020004,3965.822131,5868.487534,5215.819434,4227.440675,5868.487534,5471.637806,4611.091946,5868.487534,733.1197945,728.980741,0.001001968,0.001005531,0.001008742,0.001011081,1735.913842,1735.913842,1735.913842,5056.003133,5056.003133,5056.003133,5056.003133,5056.003133
11/15/2004,1251.272582,1350.190904,1380.451196,1398.211188,1402.015039,1380.451196,3602.58431,3663.038193,4131.259021,3645.000664,3774.55185,4131.259021,3816.191872,3965.822131,4131.259021,4064.392858,4227.440675,4131.259021,619.4832958,616.0746077,0.001001968,0.001005531,0.001008742,0.001011081,1659.190927,1659.190927,1659.190927,4996.105753,4996.105753,4996.105753,4996.105753,4996.105753
11/16/2004,1218.806339,1343.529635,1344.97309,1346.632873,1350.190904,1344.97309,3392.734095,3876.53404,3883.771114,3421.443523,3663.038193,3883.771114,3540.318232,3774.55185,3883.771114,3694.683295,3965.822131,3883.771114,607.2752244,603.9439964,0.001001968,0.001005531,0.001008742,0.001011081,1601.448014,1601.448014,1601.448014,4932.280761,4932.280761,4932.280761,4932.280761,4932.280761
11/17/2004,1207.823513,1308.907833,1335.934695,1340.749735,1343.529635,1335.934695,3318.387582,4152.381863,3801.260376,3352.010912,3876.53404,3801.260376,3450.9621,3663.038193,3801.260376,3530.948026,3774.55185,3801.260376,617.5041836,614.108067,0.001001968,0.001005531,0.001008742,0.001011081,1556.170655,1556.170655,1556.170655,4888.00683,4888.00683,4888.00683,4888.00683,4888.00683
11/18/2004,1175.408864,1265.227857,1300.12564,1306.898214,1308.907833,1300.12564,3199.484971,4278.856693,3664.215851,3234.811598,4152.381863,3664.215851,3334.781143,3876.53404,3664.215851,3427.776597,3663.038193,3664.215851,603.1077651,599.8029319,0.001001968,0.001005531,0.001008742,0.001011081,1518.771694,1518.771694,1518.771694,4850.713161,4850.713161,4850.713161,4850.713161,4850.713161
11/19/2004,1138.478458,1239.163896,1257.999479,1263.343262,1265.227857,1257.999479,3095.32017,3964.002815,3540.547164,3128.250849,4278.856693,3540.547164,3225.383539,4152.381863,3540.547164,3314.667646,3876.53404,3540.547164,580.3175143,577.1565857,0.001001968,0.001005531,0.001008742,0.001011081,1470.274829,1470.274829,1470.274829,4659.799564,4659.799564,4659.799564,4659.799564,4659.799564
11/20/2004,1109.124242,1480.324345,1220.773111,1221.314123,1239.163896,1220.773111,3310.650799,3807.092225,3789.193772,3331.664101,3964.002815,3789.193772,3401.468932,4278.856693,3789.193772,3503.727757,4152.381863,3789.193772,543.4664468,540.5365797,0.001001968,0.001005531,0.001008742,0.001011081,1394.585831,1394.585831,1394.585831,4245.171017,4245.171017,4245.171017,4245.171017,4245.171017
11/21/2004,1370.350249,1511.773079,1526.608805,1484.087595,1480.324345,1526.608805,3882.527514,3988.309986,4478.040729,3875.772125,3807.092225,4478.040729,3930.354918,3964.002815,4478.040729,3742.728,4278.856693,4478.040729,739.9469084,735.7634726,0.001001968,0.001005531,0.001008742,0.001011081,1361.273228,1361.273228,1361.273228,3980.124203,3980.124203,3980.124203,3980.124203,3980.124203
11/22/2004,1356.344683,1288.594186,1515.49956,1520.243555,1511.773079,1515.49956,3915.364653,4252.608481,4531.55571,3952.061563,3988.309986,4531.55571,4031.729466,3807.092225,4531.55571,4084.389212,3964.002815,4531.55571,759.3632853,755.0533338,0.001001968,0.001005531,0.001008742,0.001011081,1361.840656,1361.840656,1361.840656,3951.208305,3951.208305,3951.208305,3951.208305,3951.208305
11/23/2004,1126.723371,1240.031294,1252.960146,1287.611641,1288.594186,1252.960146,3186.85506,4348.554408,3666.673075,3247.813123,4252.608481,3666.673075,3407.909592,3988.309986,3666.673075,3610.836456,3807.092225,3666.673075,617.2609497,613.8663777,0.001001968,0.001005531,0.001008742,0.001011081,1358.782503,1358.782503,1358.782503,3938.720615,3938.720615,3938.720615,3938.720615,3938.720615
11/24/2004,1031.179004,1630.305152,1129.2084,1179.683124,1240.031294,1129.2084,3095.734503,10133.95727,3526.110736,3167.709865,4348.554408,3526.110736,3193.665036,4252.608481,3526.110736,3368.794407,3988.309986,3526.110736,476.3511714,473.8365437,0.001001968,0.001005531,0.001008742,0.001011081,1328.409236,1328.409236,1328.409236,3927.552106,3927.552106,3927.552106,3927.552106,3927.552106
11/25/2004,1579.75724,1794.719868,1724.469328,1610.348116,1630.305152,1724.469328,4322.925225,18617.56861,4888.400478,4259.20642,10133.95727,4888.400478,4151.48738,4348.554408,4888.400478,3560.51803,4252.608481,4888.400478,638.5010717,634.9713091,0.001001968,0.001005531,0.001008742,0.001011081,1339.974889,1339.974889,1339.974889,4023.190455,4023.190455,4023.190455,4023.190455,4023.190455
11/26/2004,2176.82175,3171.302327,2301.51007,1837.495794,1794.719868,2301.51007,5134.132769,18212.06773,5707.192748,4705.388567,18617.56861,5707.192748,4437.152506,10133.95727,5707.192748,4463.694773,4348.554408,5707.192748,520.7822366,517.9935526,0.001001968,0.001005531,0.001008742,0.001011081,1373.738771,1373.738771,1373.738771,4211.562796,4211.562796,4211.562796,4211.562796,4211.562796
11/27/2004,2952.245668,5028.651675,3279.922308,3098.883273,3171.302327,3279.922308,5221.254333,23729.08529,5986.904358,5158.445833,18212.06773,5986.904358,5063.42565,18617.56861,5986.904358,4012.879691,10133.95727,5986.904358,1451.260316,1442.223066,0.001001968,0.001005531,0.001008742,0.001011081,1587.602676,1587.602676,1587.602676,4343.907363,4343.907363,4343.907363,4343.907363,4343.907363
11/28/2004,4637.999887,10637.56427,5041.097868,4691.497478,5028.651675,5041.097868,16208.38278,23781.86982,18345.03441,16038.69221,23729.08529,18345.03441,14980.34084,18212.06773,18345.03441,10016.48746,18617.56861,18345.03441,1566.42603,1556.56977,0.001001968,0.001005531,0.001008742,0.001011081,1854.983693,1854.983693,1854.983693,5811.673122,5811.673122,5811.673122,5811.673122,5811.673122
11/29/2004,10949.63755,11031.524,12333.43961,10768.72591,10637.56427,12333.43961,27255.60101,19888.31529,31901.74049,26111.79279,23781.86982,31901.74049,24807.65027,23729.08529,31901.74049,21130.78919,18212.06773,31901.74049,5032.277157,4995.612617,0.001001968,0.001005531,0.001008742,0.001011081,2861.800884,2861.800884,2861.800884,8654.199175,8654.199175,8654.199175,8654.199175,8654.199175
11/30/2004,10136.36762,11091.90214,11543.61703,10947.45015,11031.524,11543.61703,19608.09032,17776.55635,23157.67483,19468.98764,19888.31529,23157.67483,20725.36228,23781.86982,23157.67483,20439.00614,23729.08529,23157.67483,5435.034581,5395.079387,0.001001968,0.001005531,0.001008742,0.001011081,4241.000624,4241.000624,4241.000624,10918.90179,10918.90179,10918.90179,10918.90179,10918.90179
12/1/2004,9892.4905,9942.796507,11311.30319,11040.63297,11091.90214,11311.30319,20695.0745,15871.81383,24580.1165,20861.91817,17776.55635,24580.1165,22038.20652,19888.31529,24580.1165,22281.51272,23781.86982,24580.1165,5468.185396,5427.958192,0.001001968,0.001005531,0.001008742,0.001011081,5656.392532,5656.392532,5656.392532,13769.95026,13769.95026,13769.95026,13769.95026,13769.95026
12/2/2004,9162.664466,9193.507331,10212.86568,10044.7215,9942.796507,10212.86568,19490.21069,13701.54355,22766.33011,19625.01018,15871.81383,22766.33011,20053.05194,17776.55635,22766.33011,22023.90041,19888.31529,22766.33011,4071.33237,4042.403595,0.001001968,0.001005531,0.001008742,0.001011081,6839.977412,6839.977412,6839.977412,16497.40181,16497.40181,16497.40181,16497.40181,16497.40181
12/3/2004,7765.989118,7342.205669,8711.737528,9250.321372,9193.507331,8711.737528,14249.25005,11971.69458,16624.13874,15098.41983,13701.54355,16624.13874,16299.48125,15871.81383,16624.13874,16940.68715,17776.55635,16624.13874,3795.233199,3768.493143,0.001001968,0.001005531,0.001008742,0.001011081,8000.584657,8000.584657,8000.584657,18592.85785,18592.85785,18592.85785,18592.85785,18592.85785
12/4/2004,5696.215382,4965.719031,6373.595508,7353.521626,7342.205669,6373.595508,11726.15508,11432.99111,13661.91507,12904.40544,11971.69458,13661.91507,14270.43335,13701.54355,13661.91507,16145.45851,15871.81383,13661.91507,2800.414861,2781.408771,0.001001968,0.001005531,0.001008742,0.001011081,8780.312885,8780.312885,8780.312885,20332.2013,20332.2013,20332.2013,20332.2013,20332.2013
12/5/2004,4085.393139,4284.489834,4453.01567,4972.724117,4965.719031,4453.01567,8975.186133,12022.24311,10248.33716,9593.005129,11432.99111,10248.33716,10970.86927,11971.69458,10248.33716,13335.29139,13701.54355,10248.33716,1564.912178,1555.066733,0.001001968,0.001005531,0.001008742,0.001011081,9178.649815,9178.649815,9178.649815,20292.92165,20292.92165,20292.92165,20292.92165,20292.92165
12/6/2004,3674.758388,4148.442743,4025.214129,4288.773282,4284.489834,4025.214129,8118.162054,12428.50834,9290.743112,8477.802954,12022.24311,9290.743112,9342.172592,11432.99111,9290.743112,10725.71182,11971.69458,9290.743112,1508.26571,1498.823998,0.001001968,0.001005531,0.001008742,0.001011081,8658.499821,8658.499821,8658.499821,18473.2546,18473.2546,18473.2546,18473.2546,18473.2546
12/7/2004,3469.297393,5032.318801,3807.678873,3957.269162,4148.442743,3807.678873,8429.538551,12980.44155,9683.649281,8663.363173,12428.50834,9683.649281,9167.626993,12022.24311,9683.649281,9886.157711,11432.99111,9683.649281,1458.581538,1449.492448,0.001001968,0.001005531,0.001008742,0.001011081,7688.657415,7688.657415,7688.657415,17093.87098,17093.87098,17093.87098,17093.87098,17093.87098
12/8/2004,4879.353216,6014.4103,5428.091003,5065.228694,5032.318801,5428.091003,10608.99904,13001.68489,12288.46164,10420.86786,12980.44155,12288.46164,10663.16992,12428.50834,12288.46164,9955.269681,12022.24311,12288.46164,2211.378512,2196.814799,0.001001968,0.001005531,0.001008742,0.001011081,6810.536261,6810.536261,6810.536261,15262.62233,15262.62233,15262.62233,15262.62233,15262.62233
12/9/2004,5387.101831,5959.584287,6079.661065,5940.301835,6014.4103,6079.661065,11827.41372,14424.35082,13890.62731,11885.34467,13001.68489,13890.62731,12122.652,12980.44155,13890.62731,11703.45349,12428.50834,13890.62731,2830.876419,2811.637512,0.001001968,0.001005531,0.001008742,0.001011081,6233.285549,6233.285549,6233.285549,13643.77207,13643.77207,13643.77207,13643.77207,13643.77207
12/10/2004,5299.675211,6691.89745,5902.955617,5818.094403,5959.584287,5902.955617,11855.17378,14585.54784,13750.98014,11963.294,14424.35082,13750.98014,12199.48495,13001.68489,13750.98014,11982.61321,12980.44155,13750.98014,2418.743257,2402.629281,0.001001968,0.001005531,0.001008742,0.001011081,5656.687265,5656.687265,5656.687265,12720.75691,12720.75691,12720.75691,12720.75691,12720.75691
12/11/2004,7004.37766,8631.473924,7678.028234,6767.781873,6691.89745,7678.028234,13771.8618,13584.9017,15740.82174,13104.18622,14585.54784,15740.82174,12957.9427,14424.35082,15740.82174,12296.2306,13001.68489,15740.82174,2584.144247,2566.782804,0.001001968,0.001005531,0.001008742,0.001011081,5365.218613,5365.218613,5365.218613,12350.73844,12350.73844,12350.73844,12350.73844,12350.73844
12/12/2004,8032.545345,8664.711505,9040.419948,8707.784278,8631.473924,9040.419948,13984.31064,12218.6997,16331.23777,14005.66608,13584.9017,16331.23777,14235.14365,14585.54784,16331.23777,12762.37246,14424.35082,16331.23777,3977.922108,3949.735663,0.001001968,0.001005531,0.001008742,0.001011081,5649.131761,5649.131761,5649.131761,12327.06085,12327.06085,12327.06085,12327.06085,12327.06085
12/13/2004,7131.586755,6257.469541,8154.710562,8682.32942,8664.711505,8154.710562,13369.64868,10597.51927,15846.09112,14227.32367,12218.6997,15846.09112,15166.74465,13584.9017,15846.09112,14883.19103,14585.54784,15846.09112,4110.396011,4081.156254,0.001001968,0.001005531,0.001008742,0.001011081,6198.400414,6198.400414,6198.400414,12834.45148,12834.45148,12834.45148,12834.45148,12834.45148
12/14/2004,5063.603251,4794.677296,5651.542855,6269.539061,6257.469541,5651.542855,10126.88003,9280.201322,11751.4674,10928.58393,10597.51927,11751.4674,12103.8536,12218.6997,11751.4674,14168.38285,13584.9017,11751.4674,2439.381525,2423.112406,0.001001968,0.001005531,0.001008742,0.001011081,6590.985041,6590.985041,6590.985041,13477.81729,13477.81729,13477.81729,13477.81729,13477.81729
12/15/2004,4108.998289,4448.794999,4521.818345,4801.51161,4794.677296,4521.818345,7907.170324,8557.409527,9044.169592,8324.73748,9280.201322,9044.169592,9404.185453,10597.51927,9044.169592,11051.71728,12218.6997,9044.169592,1746.336738,1735.186774,0.001001968,0.001005531,0.001008742,0.001011081,6683.835996,6683.835996,6683.835996,13704.84652,13704.84652,13704.84652,13704.84652,13704.84652
12/16/2004,3882.336023,4150.436713,4299.377393,4453.492208,4448.794999,4299.377393,8080.038703,8015.247218,9317.078113,8359.546961,8557.409527,9317.078113,9044.645704,9280.201322,9317.078113,9960.376998,10597.51927,9317.078113,1777.536182,1766.160215,0.001001968,0.001005531,0.001008742,0.001011081,6565.248614,6565.248614,6565.248614,13475.35092,13475.35092,13475.35092,13475.35092,13475.35092
12/17/2004,3638.149651,3865.417891,4036.595303,4153.698971,4150.436713,4036.595303,7749.464984,7591.367847,8949.789984,7983.492349,8015.247218,8949.789984,8508.596586,8557.409527,8949.789984,9096.388443,9280.201322,8949.789984,1711.004024,1700.10943,0.001001968,0.001005531,0.001008742,0.001011081,6389.567559,6389.567559,6389.567559,12933.82629,12933.82629,12933.82629,12933.82629,12933.82629
12/18/2004,3406.592261,3648.0792,3778.874635,3867.643585,3865.417891,3778.874635,7060.283532,7190.776299,8139.641153,7263.066215,7591.367847,8139.641153,7728.354997,8015.247218,8139.641153,8196.82493,8557.409527,8139.641153,1610.784695,1600.611021,0.001001968,0.001005531,0.001008742,0.001011081,6090.320033,6090.320033,6090.320033,12112.22839,12112.22839,12112.22839,12112.22839,12112.22839
12/19/2004,3223.700408,3453.724495,3577.837131,3649.54251,3648.0792,3577.837131,6663.170326,6111.937864,7678.213422,6844.54964,7190.776299,7678.213422,7263.064066,7591.367847,7678.213422,7622.599271,8015.247218,7678.213422,1542.363887,1532.679361,0.001001968,0.001005531,0.001008742,0.001011081,5477.648746,5477.648746,5477.648746,11265.88438,11265.88438,11265.88438,11265.88438,11265.88438
12/20/2004,3053.871838,3272.970309,3390.177651,3454.620679,3453.724495,3390.177651,6301.912847,10693.83442,7264.531149,6470.060296,6111.937864,7264.531149,6852.452032,7190.776299,7264.531149,7211.95076,7591.367847,7264.531149,1473.968442,1464.770299,0.001001968,0.001005531,0.001008742,0.001011081,4738.742806,4738.742806,4738.742806,10202.40934,10202.40934,10202.40934,10202.40934,10202.40934
12/21/2004,2898.251006,3141.851435,3217.188559,3273.441551,3272.970309,3217.188559,5986.350554,17914.67828,6900.234665,6140.600989,10693.83442,6900.234665,6497.03631,6111.937864,6900.234665,6809.716031,7190.776299,6900.234665,1406.36851,1397.648436,0.001001968,0.001005531,0.001008742,0.001011081,4224.923732,4224.923732,4224.923732,9137.842198,9137.842198,9137.842198,9137.842198,9137.842198
12/22/2004,2761.986834,2892.349035,3066.046369,3115.340672,3141.851435,3066.046369,5750.161965,17867.87147,6624.158454,5892.82294,17914.67828,6624.158454,6224.724346,10693.83442,6624.158454,6472.984936,6111.937864,6624.158454,1348.328716,1340.016898,0.001001968,0.001005531,0.001008742,0.001011081,3890.004992,3890.004992,3890.004992,8341.515354,8341.515354,8341.515354,8341.515354,8341.515354
12/23/2004,1895.375392,6736.120982,2003.603146,2267.708019,2892.349035,2003.603146,5123.132163,16438.43446,5642.592476,5436.565312,17867.87147,5642.592476,5482.636253,17914.67828,5642.592476,5827.433912,10693.83442,5642.592476,449.4809932,447.1304096,0.001001968,0.001005531,0.001008742,0.001011081,3522.423794,3522.423794,3522.423794,7785.694694,7785.694694,7785.694694,7785.694694,7785.694694
12/24/2004,7765.991873,10770.16597,8693.545585,6946.608068,6736.120982,8693.545585,16151.09922,15067.53283,18684.87464,14795.68339,16438.43446,18684.87464,14466.11946,17867.87147,18684.87464,9746.727715,17914.67828,18684.87464,3401.661401,3378.011405,0.001001968,0.001005531,0.001008742,0.001011081,3737.974487,3737.974487,3737.974487,8320.452398,8320.452398,8320.452398,8320.452398,8320.452398
12/25/2004,10384.80681,10231.9809,11878.48365,10981.30043,10770.16597,11878.48365,23094.27913,12947.32422,27601.44717,22607.49817,15067.53283,27601.44717,21820.04463,16438.43446,27601.44717,20046.18604,17867.87147,27601.44717,5702.461226,5660.306918,0.001001968,0.001005531,0.001008742,0.001011081,4451.574533,4451.574533,4451.574533,9909.105569,9909.105569,9909.105569,9909.105569,9909.105569
12/26/2004,8397.843432,6662.630107,9771.74663,10255.81216,10231.9809,9771.74663,16537.82827,10979.45189,19937.42936,17435.66984,12947.32422,19937.42936,18826.58462,15067.53283,19937.42936,18026.68893,16438.43446,19937.42936,5431.988485,5392.058277,0.001001968,0.001005531,0.001008742,0.001011081,5405.291379,5405.291379,5405.291379,11500.62137,11500.62137,11500.62137,11500.62137,11500.62137
12/27/2004,5043.372386,4243.271346,5690.54891,6676.230996,6662.630107,5690.54891,10617.89075,9175.554414,12445.197,11794.19773,10979.45189,12445.197,13094.15321,12947.32422,12445.197,16467.42226,15067.53283,12445.197,2685.792689,2667.660096,0.001001968,0.001005531,0.001008742,0.001011081,5961.045007,5961.045007,5961.045007,12884.12367,12884.12367,12884.12367,12884.12367,12884.12367
12/28/2004,3596.934891,4077.674828,3923.236295,4252.849778,4243.271346,3923.236295,7192.147111,8419.604996,8168.921421,7628.793765,9175.554414,8168.921421,8978.249851,10979.45189,8168.921421,11289.4813,12947.32422,8168.921421,1391.044303,1382.432223,0.001001968,0.001005531,0.001008742,0.001011081,6243.104597,6243.104597,6243.104597,13808.01319,13808.01319,13808.01319,13808.01319,13808.01319
12/29/2004,3554.100136,3853.441298,3939.025614,4084.513126,4077.674828,3939.025614,7993.92022,8072.764268,9236.265573,8245.491597,8419.604996,9236.265573,8941.741838,9175.554414,9236.265573,9966.984004,10979.45189,9236.265573,1651.690127,1641.222827,0.001001968,0.001005531,0.001008742,0.001011081,6427.263222,6427.263222,6427.263222,14371.69756,14371.69756,14371.69756,14371.69756,14371.69756
12/30/2004,3371.040068,3706.499134,3748.777653,3838.652938,3853.441298,3748.777653,7985.475044,7610.01225,9261.550746,8171.2965,8072.764268,9261.550746,8655.052414,8419.604996,9261.550746,9264.606942,9175.554414,9261.550746,1632.392554,1622.063884,0.001001968,0.001005531,0.001008742,0.001011081,6685.278556,6685.278556,6685.278556,14758.19125,14758.19125,14758.19125,14758.19125,14758.19125
12/31/2004,3363.793905,3790.482618,3736.483671,3702.278724,3706.499134,3736.483671,7226.081792,8695.20577,8345.821453,7302.963057,7610.01225,8345.821453,7708.778256,8072.764268,8345.821453,8048.126223,8419.604996,8345.821453,1608.327457,1598.171394,0.001001968,0.001005531,0.001008742,0.001011081,6391.006396,6391.006396,6391.006396,14100.20771,14100.20771,14100.20771,14100.20771,14100.20771
1/1/2005,3485.806434,3854.261386,3884.362804,3802.704406,3790.482618,3884.362804,7141.199397,11558.99978,8255.400796,7185.113861,8695.20577,8255.400796,7518.081713,7610.01225,8255.400796,7586.469364,8072.764268,8255.400796,1723.636462,1712.650637,0.001001968,0.001005531,0.001008742,0.001011081,5645.058368,5645.058368,5645.058368,12439.90434,12439.90434,12439.90434,12439.90434,12439.90434
1/2/2005,3324.533205,4136.186355,3721.193352,3822.05479,3854.261386,3721.193352,6872.735194,16770.5946,7968.891273,7098.766543,11558.99978,7968.891273,7385.824964,8695.20577,7968.891273,7522.160045,7610.01225,7968.891273,1725.738093,1714.737082,0.001001968,0.001005531,0.001008742,0.001011081,4690.91292,4690.91292,4690.91292,10824.02871,10824.02871,10824.02871,10824.02871,10824.02871
1/3/2005,3611.792968,6546.210972,4028.85066,3926.36255,4136.186355,4028.85066,6876.793227,18708.61456,7945.416149,6926.412858,16770.5946,7945.416149,7268.263348,11558.99978,7945.416149,7133.809972,8695.20577,7945.416149,1783.196382,1771.779363,0.001001968,0.001005531,0.001008742,0.001011081,4183.448893,4183.448893,4183.448893,9441.984754,9441.984754,9441.984754,9441.984754,9441.984754
1/4/2005,7095.062166,9636.244146,7993.233273,6616.253124,6546.210972,7993.233273,11578.3966,19068.26619,13506.59331,10552.71263,18708.61456,13506.59331,10622.90155,16770.5946,13506.59331,8363.901326,11558.99978,13506.59331,3538.172758,3513.455143,0.001001968,0.001005531,0.001008742,0.001011081,4262.059222,4262.059222,4262.059222,8821.588965,8821.588965,8821.588965,8821.588965,8821.588965
1/5/2005,8284.612166,8574.130113,9604.314873,9550.393082,9636.244146,9604.314873,14579.08631,17298.61558,17511.73275,14974.51337,19068.26619,17511.73275,14795.81544,18708.61456,17511.73275,12744.06976,16770.5946,17511.73275,5199.100557,5161.076224,0.001001968,0.001005531,0.001008742,0.001011081,4792.946143,4792.946143,4792.946143,9095.274118,9095.274118,9095.274118,9095.274118,9095.274118
1/6/2005,6864.017431,7422.693574,7942.781113,8494.915204,8574.130113,7942.781113,15900.08372,14966.16655,19064.50958,16762.70688,17298.61558,19064.50958,17876.8207,19068.26619,19064.50958,17452.23569,18708.61456,19064.50958,4299.910531,4269.157638,0.001001968,0.001005531,0.001008742,0.001011081,5459.773533,5459.773533,5459.773533,10456.43602,10456.43602,10456.43602,10456.43602,10456.43602
1/7/2005,6220.887842,5950.565632,7184.87259,7522.431503,7422.693574,7184.87259,14809.38209,12617.51933,17706.61639,15421.24115,14966.16655,17706.61639,16757.25182,17298.61558,17706.61639,17714.50088,19068.26619,17706.61639,3835.38631,3808.328983,0.001001968,0.001005531,0.001008742,0.001011081,6070.037738,6070.037738,6070.037738,12107.57979,12107.57979,12107.57979,12107.57979,12107.57979
1/8/2005,5050.920581,5382.010277,5769.556184,5986.844249,5950.565632,5769.556184,13313.33424,12915.38147,15795.72684,13700.41123,12617.51933,15795.72684,14747.87627,14966.16655,15795.72684,16655.9109,17298.61558,15795.72684,2940.253808,2920.176656,0.001001968,0.001005531,0.001008742,0.001011081,6455.658519,6455.658519,6455.658519,13550.78666,13550.78666,13550.78666,13550.78666,13550.78666
1/9/2005,4637.201965,4914.134869,5294.691426,5395.03838,5382.010277,5294.691426,12217.04035,10801.79542,14468.33474,12480.7321,12915.38147,14468.33474,13306.41905,12617.51933,14468.33474,14315.35232,14966.16655,14468.33474,2724.660284,2706.231952,0.001001968,0.001005531,0.001008742,0.001011081,6732.791931,6732.791931,6732.791931,14702.42647,14702.42647,14702.42647,14702.42647,14702.42647
1/10/2005,4249.814485,4919.368587,4822.733227,4903.724313,4914.134869,4822.733227,11112.86749,14802.76147,13105.47222,11333.95427,10801.79542,13105.47222,11900.81457,12915.38147,13105.47222,12895.40862,12617.51933,13105.47222,2398.506011,2382.544017,0.001001968,0.001005531,0.001008742,0.001011081,6895.222359,6895.222359,6895.222359,15604.75387,15604.75387,15604.75387,15604.75387,15604.75387
1/11/2005,4246.778211,5821.586394,4847.068653,4891.545838,4919.368587,4847.068653,9802.343574,31431.74934,11561.1219,10024.69001,14802.76147,11561.1219,10643.03832,10801.79542,11561.1219,10831.82996,12915.38147,11561.1219,2515.793348,2498.94854,0.001001968,0.001005531,0.001008742,0.001011081,6769.786352,6769.786352,6769.786352,15987.8572,15987.8572,15987.8572,15987.8572,15987.8572
1/12/2005,4428.064876,6159.914888,5078.737831,5078.318181,5821.586394,5078.737831,11026.88978,31770.46743,13066.82186,11207.79937,31431.74934,13066.82186,11744.49131,14802.76147,13066.82186,11751.46929,10801.79542,13066.82186,2703.4012,2685.134685,0.001001968,0.001005531,0.001008742,0.001011081,6325.301666,6325.301666,6325.301666,15980.21284,15980.21284,15980.21284,15980.21284,15980.21284
1/13/2005,5033.215006,11709.37477,5652.357159,5547.347715,6159.914888,5652.357159,10144.26855,27797.76531,11761.62481,10301.80458,31770.46743,11761.62481,10598.70921,31431.74934,11761.62481,10233.03456,14802.76147,11761.62481,2270.477941,2255.474021,0.001001968,0.001005531,0.001008742,0.001011081,5851.317623,5851.317623,5851.317623,14949.43995,14949.43995,14949.43995,14949.43995,14949.43995
1/14/2005,14419.24563,21065.9736,16299.31901,12262.30361,11709.37477,16299.31901,27373.86515,25715.22715,31688.06556,24214.34923,27797.76531,31688.06556,24121.2591,31770.46743,31688.06556,14095.7551,31431.74934,31688.06556,6570.298764,6520.936901,0.001001968,0.001005531,0.001008742,0.001011081,6199.160289,6199.160289,6199.160289,15064.65536,15064.65536,15064.65536,15064.65536,15064.65536
1/15/2005,18528.68294,15613.89778,21798.22718,21408.67151,21065.9736,21798.22718,41621.86152,20727.21404,50690.43277,42176.65078,25715.22715,50690.43277,40388.56032,27797.76531,50690.43277,37034.39265,31770.46743,50690.43277,11808.52438,11713.91704,0.001001968,0.001005531,0.001008742,0.001011081,7691.167643,7691.167643,7691.167643,17622.83451,17622.83451,17622.83451,17622.83451,17622.83451
1/16/2005,12012.50441,9361.813754,14060.31889,15689.14868,15613.89778,14060.31889,25507.80927,16543.14797,30884.63048,27746.98818,20727.21404,30884.63048,30774.30009,25715.22715,30884.63048,32891.88869,27797.76531,30884.63048,7773.402801,7713.8897,0.001001968,0.001005531,0.001008742,0.001011081,9295.223594,9295.223594,9295.223594,20154.70439,20154.70439,20154.70439,20154.70439,20154.70439
1/17/2005,7211.459972,6787.220883,8127.427328,9401.283552,9361.813754,8127.427328,14100.0044,13871.64473,16469.67258,15687.86976,16543.14797,16469.67258,18507.33332,20727.21404,16469.67258,24847.60463,25715.22715,16469.67258,3638.911104,3613.402756,0.001001968,0.001005531,0.001008742,0.001011081,10209.40066,10209.40066,10209.40066,22196.76306,22196.76306,22196.76306,22196.76306,22196.76306
1/18/2005,5681.364745,6218.525419,6316.859432,6812.838502,6787.220883,6316.859432,12084.62925,12488.24706,14010.65113,12779.19552,13871.64473,14010.65113,14750.21863,16543.14797,14010.65113,18467.72514,20727.21404,14010.65113,2576.749568,2559.444093,0.001001968,0.001005531,0.001008742,0.001011081,10674.97128,10674.97128,10674.97128,23520.16949,23520.16949,23520.16949,23520.16949,23520.16949
1/19/2005,5323.147894,5689.901702,5976.485438,6235.782036,6218.525419,5976.485438,12502.9939,11468.90825,14655.92991,12936.65286,12488.24706,14655.92991,14067.09189,13871.64473,14655.92991,15869.31763,16543.14797,14655.92991,2674.467265,2656.420757,0.001001968,0.001005531,0.001008742,0.001011081,10928.49001,10928.49001,10928.49001,24073.16537,24073.16537,24073.16537,24073.16537,24073.16537
1/20/2005,4903.626676,5219.68762,5518.686818,5701.822208,5689.901702,5518.686818,11514.65324,10719.23347,13501.45078,11865.05708,11468.90825,13501.45078,12708.31488,12488.24706,13501.45078,13752.38634,13871.64473,13501.45078,2541.910019,2524.867991,0.001001968,0.001005531,0.001008742,0.001011081,11025.10156,11025.10156,11025.10156,24429.18025,24429.18025,24429.18025,24429.18025,24429.18025
1/21/2005,4519.789945,4835.110724,5087.577822,5228.054586,5219.68762,5087.577822,10147.52835,10138.37691,11880.12377,10453.00873,10719.23347,11880.12377,11178.67482,11468.90825,11880.12377,12023.76777,12488.24706,11880.12377,2368.155258,2352.420927,0.001001968,0.001005531,0.001008742,0.001011081,10307.59652,10307.59652,10307.59652,23258.07829,23258.07829,23258.07829,23258.07829,23258.07829
1/22/2005,4201.437153,4515.931611,4729.385484,4841.031062,4835.110724,4729.385484,9368.972522,9661.494004,10955.89289,9637.040233,10138.37691,10955.89289,10278.80462,10719.23347,10955.89289,10907.28915,11468.90825,10955.89289,2220.237878,2205.60826,0.001001968,0.001005531,0.001008742,0.001011081,8608.195567,8608.195567,8608.195567,19765.23767,19765.23767,19765.23767,19765.23767,19765.23767
1/23/2005,3934.299114,4244.928867,4429.004287,4520.12253,4515.931611,4429.004287,8842.586406,9181.251631,10327.75476,9081.260847,9661.494004,10327.75476,9658.700344,10138.37691,10327.75476,10150.28782,10719.23347,10327.75476,2096.046235,2082.337675,0.001001968,0.001005531,0.001008742,0.001011081,6857.948034,6857.948034,6857.948034,16510.23214,16510.23214,16510.23214,16510.23214,16510.23214
1/24/2005,3705.490975,4010.31964,4171.860003,4247.871331,4244.928867,4171.860003,8422.595655,8737.010535,9824.849205,8638.406444,9181.251631,9824.849205,9165.433556,9661.494004,9824.849205,9575.642333,10138.37691,9824.849205,1989.596425,1976.672368,0.001001968,0.001005531,0.001008742,0.001011081,5851.559705,5851.559705,5851.559705,13952.04984,13952.04984,13952.04984,13952.04984,13952.04984
1/25/2005,3506.021124,3803.913638,3947.760756,4012.345622,4010.31964,3947.760756,7996.029257,8322.251047,9325.971121,8192.558207,8737.010535,9325.971121,8678.183721,9181.251631,9325.971121,9108.368078,9661.494004,9325.971121,1896.585014,1884.342461,0.001001968,0.001005531,0.001008742,0.001011081,5260.130462,5260.130462,5260.130462,12304.08999,12304.08999,12304.08999,12304.08999,12304.08999
1/26/2005,3329.542074,3619.861789,3749.520339,3805.257931,3803.913638,3749.520339,7601.142789,7989.905883,8867.562743,7781.476018,8322.251047,8867.562743,8232.517227,8737.010535,8867.562743,8639.21909,9181.251631,8867.562743,1813.989985,1802.349362,0.001001968,0.001005531,0.001008742,0.001011081,4837.857097,4837.857097,4837.857097,11254.43083,11254.43083,11254.43083,11254.43083,11254.43083
1/27/2005,3171.462263,3453.882049,3571.947976,3620.693997,3619.861789,3571.947976,7231.947728,7706.157788,8441.682932,7398.395954,7989.905883,8441.682932,7819.896573,8322.251047,8441.682932,8206.7306,8737.010535,8441.682932,1739.644809,1728.543258,0.001001968,0.001005531,0.001008742,0.001011081,4501.481007,4501.481007,4501.481007,10487.03078,10487.03078,10487.03078,10487.03078,10487.03078
1/28/2005,3028.382302,3302.774925,3411.206033,3454.326806,3453.882049,3411.206033,6938.232949,7447.066151,8097.976571,7093.296314,7706.157788,8097.976571,7489.600088,7989.905883,8097.976571,7803.934954,8322.251047,8097.976571,1671.960744,1661.347617,0.001001968,0.001005531,0.001008742,0.001011081,4221.139562,4221.139562,4221.139562,9879.456602,9879.456602,9879.456602,9879.456602,9879.456602
1/29/2005,2897.737282,3164.102636,3264.403228,3302.925404,3302.774925,3264.403228,6693.369944,7169.529796,7808.224269,6838.795921,7447.066151,7808.224269,7213.184545,7706.157788,7808.224269,7481.095382,7989.905883,7808.224269,1609.752501,1599.586226,0.001001968,0.001005531,0.001008742,0.001011081,3981.299066,3981.299066,3981.299066,9369.550195,9369.550195,9369.550195,9369.550195,9369.550195
1/30/2005,2777.555994,3035.975008,3129.320702,3164.029349,3164.102636,3129.320702,6470.717593,6927.170328,7544.828585,6607.593985,7169.529796,7544.828585,6962.418964,7447.066151,7544.828585,7212.397329,7706.157788,7544.828585,1552.119743,1542.365627,0.001001968,0.001005531,0.001008742,0.001011081,3772.03627,3772.03627,3772.03627,8924.851682,8924.851682,8924.851682,8924.851682,8924.851682
1/31/2005,2666.297825,2916.904696,3004.226667,3035.732079,3035.975008,3004.226667,6225.259246,6762.921349,7260.321461,6354.104465,6927.170328,7260.321461,6691.033248,7169.529796,7260.321461,6963.088922,7447.066151,7260.321461,1498.367103,1488.995757,0.001001968,0.001005531,0.001008742,0.001011081,3586.551796,3586.551796,3586.551796,8521.339438,8521.339438,8521.339438,8521.339438,8521.339438
2/1/2005,2562.74221,2805.705064,2887.750823,2916.533785,2916.904696,2887.750823,6008.167347,6557.053809,7007.455956,6129.859436,6762.921349,7007.455956,6450.561509,6927.170328,7007.455956,6696.755445,7169.529796,7007.455956,1447.949915,1438.936095,0.001001968,0.001005531,0.001008742,0.001011081,3420.014377,3420.014377,3420.014377,8160.229004,8160.229004,8160.229004,8160.229004,8160.229004
2/2/2005,2465.908679,2701.622301,2778.793872,2805.238598,2805.705064,2778.793872,5812.69409,6222.679131,6778.694816,5927.978805,6557.053809,6778.694816,6233.874396,6762.921349,6778.694816,6458.947374,6927.170328,6778.694816,1400.436188,1391.757938,0.001001968,0.001005531,0.001008742,0.001011081,3268.894042,3268.894042,3268.894042,7837.299772,7837.299772,7837.299772,7837.299772,7837.299772
2/3/2005,2382.388652,2559.790031,2683.899875,2701.085986,2701.622301,2683.899875,5652.242011,5803.319609,6588.330475,5754.470907,6222.679131,6588.330475,6046.727053,6557.053809,6588.330475,6249.558689,6762.921349,6588.330475,1355.684267,1347.320826,0.001001968,0.001005531,0.001008742,0.001011081,3130.579498,3130.579498,3130.579498,7550.978994,7550.978994,7550.978994,7550.978994,7550.978994
2/4/2005,2326.287413,2443.372076,2605.149103,2559.20383,2559.790031,2605.149103,5587.859514,5691.618564,6490.430417,5618.309053,5803.319609,6490.430417,5878.9965,6222.679131,6490.430417,6112.928957,6557.053809,6490.430417,1262.213678,1254.503648,0.001001968,0.001005531,0.001008742,0.001011081,2995.847461,2995.847461,2995.847461,7297.501711,7297.501711,7297.501711,7297.501711,7297.501711
2/5/2005,2344.910125,2440.15691,2590.970819,2442.153327,2443.372076,2590.970819,5547.184152,6107.256012,6392.164825,5463.670707,5691.618564,6392.164825,5625.12336,5803.319609,6392.164825,5889.629997,6222.679131,6392.164825,1123.151517,1116.402551,0.001001968,0.001005531,0.001008742,0.001011081,2857.484658,2857.484658,2857.484658,7060.904291,7060.904291,7060.904291,7060.904291,7060.904291
2/6/2005,2556.284895,2826.983944,2766.738021,2438.024438,2440.15691,2766.738021,5636.362762,6957.502269,6403.661538,5362.850897,6107.256012,6403.661538,5364.230329,5691.618564,6403.661538,5556.894362,5803.319609,6403.661538,966.8260892,961.139842,0.001001968,0.001005531,0.001008742,0.001011081,2721.284192,2721.284192,2721.284192,6831.722707,6831.722707,6831.722707,6831.722707,6831.722707
2/7/2005,3114.907548,3683.016709,3327.653515,2820.803032,2826.983944,3327.653515,6011.612902,8544.205842,6745.232398,5566.663103,6957.502269,6745.232398,5350.034038,6107.256012,6745.232398,5246.627006,5691.618564,6745.232398,970.4885,964.7775891,0.001001968,0.001005531,0.001008742,0.001011081,2627.073915,2627.073915,2627.073915,6618.064098,6618.064098,6618.064098,6618.064098,6618.064098
2/8/2005,3993.691827,4915.239635,4267.089521,3666.572282,3683.016709,4267.089521,6873.35911,10859.40764,7690.630041,6359.848839,8544.205842,7690.630041,5992.819266,6957.502269,7690.630041,5426.599403,6107.256012,7690.630041,1224.109879,1216.664549,0.001001968,0.001005531,0.001008742,0.001011081,2641.485765,2641.485765,2641.485765,6478.384597,6478.384597,6478.384597,6478.384597,6478.384597
2/9/2005,4878.099901,5699.946006,5266.900291,4884.839128,4915.239635,5266.900291,7948.475202,11818.09982,8962.270489,7697.498774,10859.40764,8962.270489,7284.730709,8544.205842,8962.270489,6262.673674,6957.502269,8962.270489,1689.313056,1678.574929,0.001001968,0.001005531,0.001008742,0.001011081,2824.656284,2824.656284,2824.656284,6501.950176,6501.950176,6501.950176,6501.950176,6501.950176
2/10/2005,5565.63393,6282.872737,5998.921085,5692.962042,5699.946006,5998.921085,8922.022637,11880.06057,10033.39933,8770.103466,11818.09982,10033.39933,8478.606609,10859.40764,10033.39933,7556.499216,8544.205842,10033.39933,1822.749224,1811.044915,0.001001968,0.001005531,0.001008742,0.001011081,3153.65492,3153.65492,3153.65492,6747.356334,6747.356334,6747.356334,6747.356334,6747.356334
2/11/2005,5927.111819,7077.634787,6439.822246,6289.083656,6282.872737,6439.822246,9567.171016,12695.61791,10864.06967,9587.972247,11880.06057,10864.06967,9770.486361,11818.09982,10864.06967,8947.504999,10859.40764,10864.06967,2168.824887,2154.577307,0.001001968,0.001005531,0.001008742,0.001011081,3644.991654,3644.991654,3644.991654,7230.934846,7230.934846,7230.934846,7230.934846,7230.934846
2/12/2005,5905.397258,5465.049638,6613.569074,7078.320542,7077.634787,6613.569074,10503.66605,13531.52196,12289.30335,11185.9695,12695.61791,12289.30335,11790.8447,11880.06057,12289.30335,10917.69628,11818.09982,12289.30335,2972.120266,2951.79824,0.001001968,0.001005531,0.001008742,0.001011081,4309.445017,4309.445017,4309.445017,7975.829306,7975.829306,7975.829306,7975.829306,7975.829306
2/13/2005,4490.883997,4485.960653,4931.93941,5465.286728,5465.049638,4931.93941,9200.339599,11431.18233,10623.79303,9844.940753,13531.52196,10623.79303,10716.20063,12695.61791,10623.79303,11957.24203,11880.06057,10623.79303,1909.572802,1897.235315,0.001001968,0.001005531,0.001008742,0.001011081,4840.24236,4840.24236,4840.24236,8802.664472,8802.664472,8802.664472,8802.664472,8802.664472
2/14/2005,3822.304163,5239.56825,4160.739348,4446.289775,4485.960653,4160.739348,7805.346321,11712.37935,8928.200376,8178.733547,11431.18233,8928.200376,9023.080886,13531.52196,8928.200376,10079.59891,12695.61791,8928.200376,1490.438394,1481.12337,0.001001968,0.001005531,0.001008742,0.001011081,5210.429361,5210.429361,5210.429361,9562.41206,9562.41206,9562.41206,9562.41206,9562.41206
2/15/2005,5067.33151,5925.504224,5579.284765,5223.416203,5239.56825,5579.284765,11243.43667,12054.22403,12989.99069,11034.56613,11712.37935,12989.99069,11328.44021,11431.18233,12989.99069,10861.83219,13531.52196,12989.99069,2128.333652,2114.386223,0.001001968,0.001005531,0.001008742,0.001011081,5503.616371,5503.616371,5503.616371,10380.36378,10380.36378,10380.36378,10380.36378,10380.36378
2/16/2005,5799.383553,6780.701887,6354.142274,5921.426291,5925.504224,6354.142274,13137.74141,11993.115,15201.30159,12829.20163,12054.22403,15201.30159,12694.89604,11712.37935,15201.30159,12764.25044,11431.18233,15201.30159,2299.861049,2284.637778,0.001001968,0.001005531,0.001008742,0.001011081,5684.533595,5684.533595,5684.533595,11283.38591,11283.38591,11283.38591,11283.38591,11283.38591
2/17/2005,6290.516293,6690.006159,6982.332715,6779.539063,6780.701887,6982.332715,11268.75703,12129.95355,13042.07138,11291.33702,11993.115,13042.07138,11574.15656,12054.22403,13042.07138,10648.20995,11712.37935,13042.07138,2860.288574,2840.824607,0.001001968,0.001005531,0.001008742,0.001011081,5887.501068,5887.501068,5887.501068,11792.29572,11792.29572,11792.29572,11792.29572,11792.29572
2/18/2005,5766.107327,5920.497189,6408.347125,6691.652442,6690.006159,6408.347125,10800.32379,11049.42471,12536.35331,11280.03938,12129.95355,12536.35331,11708.86904,11993.115,12536.35331,11870.11936,12054.22403,12536.35331,2681.707621,2663.606083,0.001001968,0.001005531,0.001008742,0.001011081,5966.215094,5966.215094,5966.215094,12130.49187,12130.49187,12130.49187,12130.49187,12130.49187
2/19/2005,5009.363208,5074.529144,5560.25109,5921.187543,5920.497189,5560.25109,9367.065006,10204.3877,10853.30817,9897.750885,11049.42471,10853.30817,10762.98585,12129.95355,10853.30817,11259.14563,11993.115,10853.30817,2333.952567,2318.474394,0.001001968,0.001005531,0.001008742,0.001011081,5860.550625,5860.550625,5860.550625,12211.74275,12211.74275,12211.74275,12211.74275,12211.74275
2/20/2005,4343.693657,4552.825471,4795.171594,5075.015951,5074.529144,4795.171594,8670.794542,9292.203128,10014.09637,9079.727221,10204.3877,10014.09637,9878.53413,11049.42471,10014.09637,10856.23329,12129.95355,10014.09637,1940.829568,1928.263304,0.001001968,0.001005531,0.001008742,0.001011081,5791.491546,5791.491546,5791.491546,12144.43209,12144.43209,12144.43209,12144.43209,12144.43209
2/21/2005,3961.182829,4232.377781,4370.072506,4553.18897,4552.825471,4370.072506,8733.84912,8649.847226,10106.41666,9017.968205,9292.203128,10106.41666,9667.016716,10204.3877,10106.41666,10415.71098,11049.42471,10106.41666,1774.172256,1762.820678,0.001001968,0.001005531,0.001008742,0.001011081,5772.030088,5772.030088,5772.030088,12130.82781,12130.82781,12130.82781,12130.82781,12130.82781
2/22/2005,3705.196916,3961.818707,4094.634829,4232.642802,4232.377781,4094.634829,8271.793465,8157.241427,9579.428254,8505.577145,8649.847226,9579.428254,9033.500891,9292.203128,9579.428254,9614.120108,10204.3877,9579.428254,1700.920483,1690.098656,0.001001968,0.001005531,0.001008742,0.001011081,5677.696386,5677.696386,5677.696386,11880.93557,11880.93557,11880.93557,11880.93557,11880.93557
2/23/2005,3481.618951,3725.21192,3850.952526,3962.005343,3961.818707,3850.952526,7851.567428,7772.799754,9093.793708,8053.362049,8157.241427,9093.793708,8513.071594,8649.847226,9093.793708,8977.285596,9292.203128,9093.793708,1623.432378,1613.168011,0.001001968,0.001005531,0.001008742,0.001011081,5497.130129,5497.130129,5497.130129,11322.79736,11322.79736,11322.79736,11322.79736,11322.79736
2/24/2005,3283.222419,3517.2322,3632.880995,3725.33638,3725.21192,3632.880995,7247.856911,7449.123125,8385.424845,7430.565828,7772.799754,8385.424845,7848.157312,8157.241427,8385.424845,8255.594432,8649.847226,8385.424845,1546.517696,1536.803547,0.001001968,0.001005531,0.001008742,0.001011081,5125.628876,5125.628876,5125.628876,10859.19173,10859.19173,10859.19173,10859.19173,10859.19173
2/25/2005,3106.858267,3334.715642,3438.798587,3517.307899,3517.2322,3438.798587,6811.4283,7284.114156,7874.888786,6977.524262,7449.123125,7874.888786,7363.280851,7772.799754,7874.888786,7710.095515,8157.241427,7874.888786,1477.00646,1467.78677,0.001001968,0.001005531,0.001008742,0.001011081,4705.055947,4705.055947,4705.055947,10270.14416,10270.14416,10270.14416,10270.14416,10270.14416
2/26/2005,2950.705628,3171.476493,3266.926389,3334.753732,3334.715642,3266.926389,6481.231844,6985.780003,7491.248312,6632.815826,7284.114156,7491.248312,6989.619383,7449.123125,7491.248312,7304.680064,7772.799754,7491.248312,1415.125772,1406.343919,0.001001968,0.001005531,0.001008742,0.001011081,4293.693799,4293.693799,4293.693799,9643.814561,9643.814561,9643.814561,9643.814561,9643.814561
2/27/2005,2810.100012,3023.856179,3112.011608,3171.485958,3171.476493,3112.011608,6222.229412,6746.090218,7190.128685,6361.359354,6985.780003,7190.128685,6693.254703,7284.114156,7190.128685,6970.639986,7449.123125,7190.128685,1358.549141,1350.165583,0.001001968,0.001005531,0.001008742,0.001011081,3972.843651,3972.843651,3972.843651,9069.369777,9069.369777,9069.369777,9069.369777,9069.369777
2/28/2005,2682.26292,2889.187509,2971.047172,3023.844351,3023.856179,2971.047172,6009.734679,6492.207195,6942.936356,6138.040344,6746.090218,6942.936356,6448.241869,6985.780003,6942.936356,6698.500211,7284.114156,6942.936356,1306.42573,1298.407342,0.001001968,0.001005531,0.001008742,0.001011081,3717.593436,3717.593436,3717.593436,8496.796298,8496.796298,8496.796298,8496.796298,8496.796298
3/1/2005,2565.129264,2765.331076,2841.799998,2889.160285,2889.187509,2841.799998,5958.379667,6240.182543,6879.835371,6075.8271,6492.207195,6879.835371,6364.984418,6746.090218,6879.835371,6553.697845,6985.780003,6879.835371,1258.132856,1250.451223,0.001001968,0.001005531,0.001008742,0.001011081,3502.883265,3502.883265,3502.883265,8054.307336,8054.307336,8054.307336,8054.307336,8054.307336
3/2/2005,2457.019951,2650.60021,2722.431904,2765.293602,2765.331076,2722.431904,5734.568949,6077.681923,6618.397742,5844.791205,6240.182543,6618.397742,6118.373462,6492.207195,6618.397742,6342.062721,6746.090218,6618.397742,1213.0638,1205.695018,0.001001968,0.001005531,0.001008742,0.001011081,3315.737163,3315.737163,3315.737163,7666.12996,7666.12996,7666.12996,7666.12996,7666.12996
3/3/2005,2356.597082,2543.846117,2611.471468,2650.556458,2650.60021,2611.471468,5480.315775,6042.333896,6325.99736,5584.015744,6077.681923,6325.99736,5843.618155,6240.182543,6325.99736,6085.015272,6492.207195,6325.99736,1170.706187,1163.630134,0.001001968,0.001005531,0.001008742,0.001011081,3149.834298,3149.834298,3149.834298,7342.068965,7342.068965,7342.068965,7342.068965,7342.068965
3/4/2005,2262.93248,2444.040876,2507.925679,2543.799736,2543.846117,2507.925679,5288.028307,7846.171876,6101.769531,5385.961781,6042.333896,6101.769531,5632.815455,6077.681923,6101.769531,5829.878277,6240.182543,6101.769531,1130.826137,1124.024499,0.001001968,0.001005531,0.001008742,0.001011081,3000.634326,3000.634326,3000.634326,7062.74877,7062.74877,7062.74877,7062.74877,7062.74877
3/5/2005,2175.193355,2350.365595,2410.882453,2443.994836,2444.040876,2410.882453,5105.108736,8241.532541,5891.097361,5197.374406,7846.171876,5891.097361,5432.126776,6042.333896,5891.097361,5634.991388,6077.681923,5891.097361,1093.123717,1086.580407,0.001001968,0.001005531,0.001008742,0.001011081,2865.10024,2865.10024,2865.10024,6812.741519,6812.741519,6812.741519,6812.741519,6812.741519
3/6/2005,2092.710121,2272.295257,2319.610554,2350.322551,2350.365595,2319.610554,4983.650372,6822.89545,5750.807473,5070.153739,8241.532541,5750.807473,5293.018348,7846.171876,5750.807473,5473.674729,6042.333896,5750.807473,1057.366869,1051.067536,0.001001968,0.001005531,0.001008742,0.001011081,2740.891197,2740.891197,2740.891197,6588.893096,6588.893096,6588.893096,6588.893096,6588.893096
3/7/2005,2030.797809,2463.404592,2251.309572,2270.896852,2272.295257,2251.309572,5045.980994,6664.103604,5822.014336,5117.539339,6822.89545,5822.014336,5329.814911,8241.532541,5822.014336,5448.044008,7846.171876,5822.014336,1031.838962,1025.713182,0.001001968,0.001005531,0.001008742,0.001011081,2627.500653,2627.500653,2627.500653,6407.796841,6407.796841,6407.796841,6407.796841,6407.796841
3/8/2005,2511.666315,3017.075713,2761.557215,2463.341742,2463.404592,2761.557215,7324.561108,6920.02113,8480.775477,7061.75642,6664.103604,8480.775477,7143.090345,6822.89545,8480.775477,7021.468507,8241.532541,8480.775477,1148.709181,1141.784635,0.001001968,0.001005531,0.001008742,0.001011081,2545.39378,2545.39378,2545.39378,6513.622291,6513.622291,6513.622291,6513.622291,6513.622291
3/9/2005,2674.725631,2609.855562,2968.891694,3017.705227,3017.075713,2968.891694,7710.331883,6562.956553,8983.004398,7802.223595,6920.02113,8983.004398,7617.722347,6664.103604,8983.004398,7566.563831,6822.89545,8983.004398,1335.10218,1326.883104,0.001001968,0.001005531,0.001008742,0.001011081,2518.215935,2518.215935,2518.215935,6729.464395,6729.464395,6729.464395,6729.464395,6729.464395
3/10/2005,2279.909194,2397.673951,2508.825996,2609.825103,2609.855562,2508.825996,5888.017182,6177.516242,6784.182159,6035.053404,6562.956553,6784.182159,6321.582226,6920.02113,6784.182159,6369.968705,6664.103604,6784.182159,1061.730253,1055.401202,0.001001968,0.001005531,0.001008742,0.001011081,2519.91994,2519.91994,2519.91994,6826.207014,6826.207014,6826.207014,6826.207014,6826.207014
3/11/2005,2128.30816,2294.132454,2339.506925,2397.615899,2397.673951,2339.506925,5461.752514,5903.327158,6280.474454,5563.633496,6177.516242,6280.474454,5844.401059,6562.956553,6280.474454,6153.297528,6920.02113,6280.474454,987.6804368,981.8535936,0.001001968,0.001005531,0.001008742,0.001011081,2509.076306,2509.076306,2509.076306,6904.880423,6904.880423,6904.880423,6904.880423,6904.880423
3/12/2005,2043.047921,2196.056096,2250.11292,2294.085973,2294.132454,2250.11292,5543.50776,5698.186124,6391.663338,5624.701192,5903.327158,6391.663338,5847.089508,6177.516242,6391.663338,6110.506827,6562.956553,6391.663338,972.5985856,966.8734594,0.001001968,0.001005531,0.001008742,0.001011081,2491.353433,2491.353433,2491.353433,6983.463691,6983.463691,6983.463691,6983.463691,6983.463691
3/13/2005,1961.882666,2110.213492,2162.285993,2196.021324,2196.056096,2162.285993,5323.420812,5527.349144,6138.816123,5393.390498,5698.186124,6138.816123,5595.009175,5903.327158,6138.816123,5821.442566,6177.516242,6138.816123,945.9757567,940.4296954,0.001001968,0.001005531,0.001008742,0.001011081,2471.186385,2471.186385,2471.186385,7037.959391,7037.959391,7037.959391,7037.959391,7037.959391
3/14/2005,1883.62725,2023.190309,2077.382566,2110.190452,2110.213492,2077.382566,5051.209859,5336.937733,5822.184381,5120.698758,5527.349144,5822.184381,5307.67797,5698.186124,5822.184381,5505.284982,5903.327158,5822.184381,919.0792881,913.7134838,0.001001968,0.001005531,0.001008742,0.001011081,2448.839494,2448.839494,2448.839494,7043.546196,7043.546196,7043.546196,7043.546196,7043.546196
3/15/2005,1806.437616,1944.151213,1992.716855,2023.179169,2023.190309,1992.716855,4856.013081,4996.989731,5594.806256,4921.946101,5336.937733,5594.806256,5101.451985,5527.349144,5594.806256,5278.55064,5698.186124,5594.806256,888.1885174,883.0289109,0.001001968,0.001005531,0.001008742,0.001011081,2402.916126,2402.916126,2402.916126,6741.730741,6741.730741,6741.730741,6741.730741,6741.730741
3/16/2005,1745.929114,1880.99223,1925.688128,1944.151913,1944.151213,1925.688128,4726.616513,4993.600696,5442.302131,4779.097141,4996.989731,5442.302131,4950.105374,5336.937733,5442.302131,5106.258992,5527.349144,5442.302131,861.2778066,856.2970858,0.001001968,0.001005531,0.001008742,0.001011081,2309.016359,2309.016359,2309.016359,6345.883283,6345.883283,6345.883283,6345.883283,6345.883283
3/17/2005,1717.855076,1809.671584,1891.674841,1881.004825,1880.99223,1891.674841,4627.806226,5446.13922,5323.809758,4649.529791,4993.600696,5323.809758,4802.741426,4996.989731,5323.809758,4966.120991,5336.937733,5323.809758,836.7176264,831.8995416,0.001001968,0.001005531,0.001008742,0.001011081,2192.709018,2192.709018,2192.709018,6088.550553,6088.550553,6088.550553,6088.550553,6088.550553
3/18/2005,1714.621111,1731.108228,1873.989222,1809.695825,1809.671584,1873.989222,4554.866847,5495.711034,5214.025579,4519.13216,5446.13922,5214.025579,4630.10294,4993.600696,5214.025579,4785.006772,4996.989731,5214.025579,773.4057124,769.0039972,0.001001968,0.001005531,0.001008742,0.001011081,2090.488131,2090.488131,2090.488131,5860.354745,5860.354745,5860.354745,5860.354745,5860.354745
3/19/2005,1724.218236,2025.894641,1855.024781,1730.903993,1731.108228,1855.024781,4378.312533,6063.993189,4958.067192,4275.764243,5495.711034,4958.067192,4304.960478,5446.13922,4958.067192,4494.211917,4993.600696,4958.067192,643.9829809,640.418228,0.001001968,0.001005531,0.001008742,0.001011081,1990.466336,1990.466336,1990.466336,5625.739719,5625.739719,5625.739719,5625.739719,5625.739719
3/20/2005,2226.918177,2855.938781,2392.123041,2024.697956,2025.894641,2392.123041,4976.110725,10003.85447,5618.718948,4643.185987,6063.993189,5618.718948,4619.609168,5495.711034,5618.718948,4436.16481,5446.13922,5618.718948,800.0159147,795.4397161,0.001001968,0.001005531,0.001008742,0.001011081,1936.409113,1936.409113,1936.409113,5452.490427,5452.490427,5452.490427,5452.490427,5452.490427
3/21/2005,2612.70666,2555.914841,2868.094048,2855.529593,2855.938781,2868.094048,5866.80024,10886.51811,6731.312723,5915.513817,10003.85447,6731.312723,5667.825187,6063.993189,6731.312723,5174.956066,5495.711034,6731.312723,1190.20725,1182.996586,0.001001968,0.001005531,0.001008742,0.001011081,1972.225027,1972.225027,1972.225027,5414.711323,5414.711323,5414.711323,5414.711323,5414.711323
3/22/2005,2339.073642,2586.402439,2508.674937,2554.993235,2555.914841,2508.674937,5437.246412,8661.976769,6146.095859,5515.745186,10886.51811,6146.095859,5535.68859,10003.85447,6146.095859,5571.71669,6063.993189,6146.095859,804.0135831,799.4111059,0.001001968,0.001005531,0.001008742,0.001011081,2028.216037,2028.216037,2028.216037,5466.442461,5466.442461,5466.442461,5466.442461,5466.442461
3/23/2005,2653.670143,4627.508286,2821.309821,2572.626319,2586.402439,2821.309821,5853.185447,8834.373736,6561.875979,5639.172938,8661.976769,6561.875979,5704.510774,10886.51811,6561.875979,5620.312677,10003.85447,6561.875979,782.3779438,777.9174834,0.001001968,0.001005531,0.001008742,0.001011081,2106.387577,2106.387577,2106.387577,5625.118483,5625.118483,5625.118483,5625.118483,5625.118483
3/24/2005,4563.898884,5409.859637,5068.980514,4621.453129,4627.508286,5068.980514,11180.48994,8952.666596,13061.08193,10849.07303,8834.373736,13061.08193,10531.23205,8661.976769,13061.08193,9067.018951,10886.51811,13061.08193,2133.22195,2119.23832,0.001001968,0.001005531,0.001008742,0.001011081,2396.216163,2396.216163,2396.216163,6323.289381,6323.289381,6323.289381,6323.289381,6323.289381
3/25/2005,4833.297255,4347.866044,5385.40913,5413.31604,5409.859637,5385.40913,11740.37273,12507.00494,13767.62049,11880.50709,8952.666596,13767.62049,11683.07924,8834.373736,13767.62049,11170.28619,8661.976769,13767.62049,2340.444916,2324.918152,0.001001968,0.001005531,0.001008742,0.001011081,2826.30246,2826.30246,2826.30246,7235.800714,7235.800714,7235.800714,7235.800714,7235.800714
3/26/2005,3908.23211,4226.664343,4266.230658,4346.875988,4347.866044,4266.230658,7578.192948,25115.30048,8659.69315,7762.196972,12507.00494,8659.69315,8330.097287,8952.666596,8659.69315,8674.56876,8834.373736,8659.69315,1573.690246,1563.782079,0.001001968,0.001005531,0.001008742,0.001011081,3248.228,3248.228,3248.228,7929.378455,7929.378455,7929.378455,7929.378455,7929.378455
3/27/2005,3824.523019,8065.067103,4155.259666,4092.980719,4226.664343,4155.259666,7139.252381,34068.46213,8111.158302,7177.668091,25115.30048,8111.158302,7584.347586,12507.00494,8111.158302,8055.680261,8952.666596,8111.158302,1465.267363,1456.130905,0.001001968,0.001005531,0.001008742,0.001011081,3585.386859,3585.386859,3585.386859,8499.950836,8499.950836,8499.950836,8499.950836,8499.950836
3/28/2005,6423.984076,19251.70181,6849.336989,5345.734167,8065.067103,6849.336989,11339.02564,33583.64836,12605.72343,10034.57678,34068.46213,12605.72343,9426.077297,25115.30048,12605.72343,8379.697629,12507.00494,12605.72343,1618.918051,1608.686065,0.001001968,0.001005531,0.001008742,0.001011081,3872.877585,3872.877585,3872.877585,9034.649082,9034.649082,9034.649082,9034.649082,9034.649082
3/29/2005,23193.7804,28835.24591,26010.31108,19932.35062,19251.70181,26010.31108,33765.14078,32068.92519,38971.19434,29089.68528,33583.64836,38971.19434,26809.45465,34068.46213,38971.19434,12866.8133,25115.30048,38971.19434,8864.920202,8796.059182,0.001001968,0.001005531,0.001008742,0.001011081,5722.703736,5722.703736,5722.703736,11004.95113,11004.95113,11004.95113,11004.95113,11004.95113
3/30/2005,25696.56104,21942.21743,30093.19657,30046.02506,28835.24591,30093.19657,42535.42416,38619.4797,51845.89463,44024.83974,32068.92519,51845.89463,43476.3162,33583.64836,51845.89463,35342.34641,34068.46213,51845.89463,15302.14982,15176.17833,0.001001968,0.001005531,0.001008742,0.001011081,9028.776712,9028.776712,9028.776712,14953.76222,14953.76222,14953.76222,14953.76222,14953.76222
3/31/2005,16622.62053,14492.06885,19327.19294,21923.31401,21942.21743,19327.19294,29093.2727,56281.74659,35164.62647,32567.73364,38619.4797,35164.62647,36516.1767,32068.92519,35164.62647,39888.33697,33583.64836,35164.62647,10032.76938,9953.780181,0.001001968,0.001005531,0.001008742,0.001011081,11816.37045,11816.37045,11816.37045,19052.48527,19052.48527,19052.48527,19052.48527,19052.48527
4/1/2005,10494.10371,18242.55558,11692.13233,13464.45657,14492.06885,11692.13233,15919.02434,64458.0088,18329.14724,18167.62729,56281.74659,18329.14724,22218.70142,38619.4797,18329.14724,29798.48513,32068.92519,18329.14724,4590.846663,4557.757126,0.001001968,0.001005531,0.001008742,0.001011081,13478.69589,13478.69589,13478.69589,22237.62384,22237.62384,22237.62384,22237.62384,22237.62384
4/2/2005,13774.67562,32882.24661,15576.64185,15610.4606,18242.55558,15576.64185,23515.07032,53360.91235,27218.29143,24398.5343,64458.0088,27218.29143,26577.92057,56281.74659,27218.29143,24157.04987,38619.4797,27218.29143,6281.855062,6234.900282,0.001001968,0.001005531,0.001008742,0.001011081,15132.56684,15132.56684,15132.56684,25202.0733,25202.0733,25202.0733,25202.0733,25202.0733
4/3/2005,37034.2282,46967.96764,42852.24622,34541.41492,32882.24661,42852.24622,65516.81647,46545.70986,77542.91369,59802.67812,53360.91235,77542.91369,60814.01521,64458.0088,77542.91369,38116.39261,56281.74659,77542.91369,18489.42174,18334.23605,0.001001968,0.001005531,0.001008742,0.001011081,18896.69984,18896.69984,18896.69984,30972.8126,30972.8126,30972.8126,30972.8126,30972.8126
4/4/2005,40501.21969,35619.9048,48550.31012,48234.0461,46967.96764,48550.31012,71102.96681,37718.54252,88589.92276,73440.69047,46545.70986,88589.92276,73688.97052,53360.91235,88589.92276,72097.15652,64458.0088,88589.92276,27079.18381,26843.11528,0.001001968,0.001005531,0.001008742,0.001011081,24193.7196,24193.7196,24193.7196,38422.01953,38422.01953,38422.01953,38422.01953,38422.01953
4/5/2005,25700.00658,17133.09673,30900.90574,35710.8657,35619.9048,30900.90574,42711.64818,27269.73047,53351.47541,49242.42451,37718.54252,53351.47541,56434.38829,46545.70986,53351.47541,62791.30018,53360.91235,53351.47541,18422.23904,18267.67427,0.001001968,0.001005531,0.001008742,0.001011081,27445.72981,27445.72981,27445.72981,44485.96568,44485.96568,44485.96568,44485.96568,44485.96568
4/6/2005,12264.89471,11250.13888,13912.54811,17126.15903,17133.09673,13912.54811,19013.70203,20294.49334,22333.83891,22853.88555,27269.73047,22333.83891,30530.44232,37718.54252,22333.83891,46430.85379,46545.70986,22333.83891,6219.690598,6173.253127,0.001001968,0.001005531,0.001008742,0.001011081,27110.60133,27110.60133,27110.60133,47134.15006,47134.15006,47134.15006,47134.15006,47134.15006
4/7/2005,9211.575906,10823.55451,10254.92148,11251.3124,11250.13888,10254.92148,15016.71606,17088.00223,17330.06528,16414.79757,20294.49334,17330.06528,20948.14182,27269.73047,17330.06528,29918.83507,37718.54252,17330.06528,4005.904029,3977.495405,0.001001968,0.001005531,0.001008742,0.001011081,25887.8991,25887.8991,25887.8991,46782.57842,46782.57842,46782.57842,46782.57842,46782.57842
4/8/2005,9248.071737,9689.671164,10515.00652,10896.20088,10823.55451,10515.00652,20536.30782,15180.66978,24401.89184,21260.91909,17088.00223,24401.89184,23439.38076,20294.49334,24401.89184,26672.65044,27269.73047,24401.89184,4882.469774,4847.022321,0.001001968,0.001005531,0.001008742,0.001011081,25268.27211,25268.27211,25268.27211,45839.5919,45839.5919,45839.5919,45839.5919,45839.5919
4/9/2005,8209.025316,8101.673524,9336.460601,9763.164033,9689.671164,9336.460601,17934.16272,13632.10902,21291.22003,18671.85778,15180.66978,21291.22003,20095.63622,17088.00223,21291.22003,22419.9328,20294.49334,21291.22003,4400.800568,4369.239222,0.001001968,0.001005531,0.001008742,0.001011081,24428.97482,24428.97482,24428.97482,44606.70647,44606.70647,44606.70647,44606.70647,44606.70647
4/10/2005,6922.320163,7140.570842,7802.274405,8142.914633,8101.673524,7802.274405,13232.36388,12482.95132,15517.46988,13859.583,13632.10902,15517.46988,15202.3402,15180.66978,15517.46988,17093.52013,17088.00223,15517.46988,3497.356352,3472.958429,0.001001968,0.001005531,0.001008742,0.001011081,21312.09898,21312.09898,21312.09898,40107.36455,40107.36455,40107.36455,40107.36455,40107.36455
4/11/2005,6163.482811,6501.805157,6923.01503,7170.722821,7140.570842,6923.01503,11458.81864,11599.62277,13379.39984,11962.28398,12482.95132,13379.39984,13065.10582,13632.10902,13379.39984,14449.59907,15180.66978,13379.39984,3056.519581,3035.547599,0.001001968,0.001005531,0.001008742,0.001011081,16475.88989,16475.88989,16475.88989,33519.70635,33519.70635,33519.70635,33519.70635,33519.70635
4/12/2005,5631.900398,5986.240795,6322.79388,6524.326393,6501.805157,6322.79388,10708.66931,10861.94628,12501.73708,11137.93982,11599.62277,12501.73708,12058.95824,12482.95132,12501.73708,13052.92346,13632.10902,12501.73708,2808.422486,2789.35522,0.001001968,0.001005531,0.001008742,0.001011081,12005.41127,12005.41127,12005.41127,26581.23742,26581.23742,26581.23742,26581.23742,26581.23742
4/13/2005,5207.240088,5577.424223,5844.953572,6003.248205,5986.240795,5844.953572,9989.765813,10244.49094,11657.10372,10357.04094,10861.94628,11657.10372,11172.61372,11599.62277,11657.10372,11945.53314,12482.95132,11657.10372,2615.542608,2597.943321,0.001001968,0.001005531,0.001008742,0.001011081,9572.164643,9572.164643,9572.164643,20825.71745,20825.71745,20825.71745,20825.71745,20825.71745
4/14/2005,4871.756968,5244.292257,5469.227131,5590.472929,5577.424223,5469.227131,9375.013882,9701.659045,10937.1949,9691.784689,10244.49094,10937.1949,10420.87383,10861.94628,10937.1949,11062.13548,11599.62277,10937.1949,2470.00213,2453.502555,0.001001968,0.001005531,0.001008742,0.001011081,8277.30406,8277.30406,8277.30406,17273.78247,17273.78247,17273.78247,17273.78247,17273.78247
4/15/2005,4588.782518,4949.371469,5153.26905,5254.394353,5244.292257,5153.26905,8860.895398,9250.709304,10337.1873,9146.332403,9701.659045,10337.1873,9803.192438,10244.49094,10337.1873,10345.55473,10861.94628,10337.1873,2350.52059,2334.918385,0.001001968,0.001005531,0.001008742,0.001011081,7324.225075,7324.225075,7324.225075,14929.62946,14929.62946,14929.62946,14929.62946,14929.62946
4/16/2005,4336.224313,4688.718557,4870.320307,4957.247331,4949.371469,4870.320307,8380.254434,8849.455364,9777.664524,8640.951855,9250.709304,9777.664524,9245.848045,9701.659045,9777.664524,9739.100868,10244.49094,9777.664524,2239.123687,2224.353477,0.001001968,0.001005531,0.001008742,0.001011081,6580.629792,6580.629792,6580.629792,13262.44121,13262.44121,13262.44121,13262.44121,13262.44121
4/17/2005,4112.975066,4457.888611,4620.100657,4694.89446,4688.718557,4620.100657,7982.238662,8472.171937,9310.933878,8221.707087,8849.455364,9310.933878,8784.655268,9250.709304,9310.933878,9198.45974,9701.659045,9310.933878,2139.617591,2125.586583,0.001001968,0.001005531,0.001008742,0.001011081,6019.157762,6019.157762,6019.157762,12088.76618,12088.76618,12088.76618,12088.76618,12088.76618
4/18/2005,3914.348607,4249.976088,4397.572927,4462.753787,4457.888611,4397.572927,7637.772998,8146.079627,8907.359387,7859.359071,8472.171937,8907.359387,8385.587452,8849.455364,8907.359387,8757.709603,9250.709304,8907.359387,2051.026987,2037.650782,0.001001968,0.001005531,0.001008742,0.001011081,5582.298188,5582.298188,5582.298188,11205.90572,11205.90572,11205.90572,11205.90572,11205.90572
4/19/2005,3734.542523,4060.469154,4196.046665,4253.822762,4249.976088,4196.046665,7326.559405,8248.802699,8543.006995,7533.140421,8146.079627,8543.006995,8027.544899,8472.171937,8543.006995,8368.653873,8849.455364,8543.006995,1970.051622,1957.271085,0.001001968,0.001005531,0.001008742,0.001011081,5223.15487,5223.15487,5223.15487,10509.03514,10509.03514,10509.03514,10509.03514,10509.03514
4/20/2005,3569.890987,3892.494003,4011.375433,4063.245118,4060.469154,4011.375433,7036.115004,8849.474324,8203.742537,7229.688292,8248.802699,8203.742537,7696.322095,8146.079627,8203.742537,8016.821751,8472.171937,8203.742537,1894.958631,1882.72796,0.001001968,0.001005531,0.001008742,0.001011081,4918.458533,4918.458533,4918.458533,9930.878472,9930.878472,9930.878472,9930.878472,9930.878472
4/21/2005,3442.137289,3796.273147,3865.124399,3894.93881,3892.494003,3865.124399,6797.109616,10259.48761,7917.851188,6962.60982,8849.474324,7917.851188,7397.840512,8248.802699,7917.851188,7679.443266,8146.079627,7917.851188,1824.517389,1812.80022,0.001001968,0.001005531,0.001008742,0.001011081,4654.230514,4654.230514,4654.230514,9435.83007,9435.83007,9435.83007,9435.83007,9435.83007
4/22/2005,3326.797008,3814.83447,3741.392159,3792.975805,3796.273147,3741.392159,6580.903272,9809.884161,7674.113396,6765.313227,10259.48761,7674.113396,7170.298409,8849.474324,7674.113396,7405.347506,8248.802699,7674.113396,1795.368846,1783.863491,0.001001968,0.001005531,0.001008742,0.001011081,4426.545303,4426.545303,4426.545303,9004.862756,9004.862756,9004.862756,9004.862756,9004.862756
4/23/2005,3302.91532,4733.360499,3719.362544,3774.111655,3814.83447,3719.362544,6932.147063,9746.67868,8085.872615,7118.071138,9809.884161,8085.872615,7481.222439,10259.48761,8085.872615,7502.220141,8849.474324,8085.872615,1801.562973,1790.012641,0.001001968,0.001005531,0.001008742,0.001011081,4236.69398,4236.69398,4236.69398,8699.589025,8699.589025,8699.589025,8699.589025,8699.589025
4/24/2005,4376.043942,5143.555825,4925.817318,4745.219597,4733.360499,4925.817318,9026.54491,9512.915851,10501.42201,9038.296618,9746.67868,10501.42201,8991.51589,9809.884161,10501.42201,8192.285948,10259.48761,10501.42201,2245.421929,2230.604803,0.001001968,0.001005531,0.001008742,0.001011081,4153.442943,4153.442943,4153.442943,8628.456993,8628.456993,8628.456993,8628.456993,8628.456993
4/25/2005,4978.593808,5547.667463,5588.404164,5175.16547,5143.555825,5588.404164,10534.89419,9057.369645,12303.85831,10302.2904,9512.915851,12303.85831,10585.12809,9746.67868,12303.85831,10177.42343,9809.884161,12303.85831,2508.895161,2492.102405,0.001001968,0.001005531,0.001008742,0.001011081,4210.528297,4210.528297,4210.528297,8877.003597,8877.003597,8877.003597,8877.003597,8877.003597
4/26/2005,4697.759425,4281.502934,5380.370461,5529.66863,5547.667463,5380.370461,8923.581105,8653.976809,10561.06297,9296.053203,9057.369645,10561.06297,9829.702551,9512.915851,10561.06297,9620.301363,9746.67868,10561.06297,2852.742887,2833.336683,0.001001968,0.001005531,0.001008742,0.001011081,4368.96226,4368.96226,4368.96226,9060.078852,9060.078852,9060.078852,9060.078852,9060.078852
4/27/2005,3648.888273,4032.029214,4088.867659,4262.138123,4281.502934,4088.867659,7436.834534,8358.651148,8641.424729,7751.219808,8653.976809,8641.424729,8407.137852,9057.369645,8641.424729,9453.198394,9512.915851,8641.424729,1878.383215,1866.273579,0.001001968,0.001005531,0.001008742,0.001011081,4425.734972,4425.734972,4425.734972,9230.523867,9230.523867,9230.523867,9230.523867,9230.523867
4/28/2005,3670.32547,4149.588818,4097.924627,4043.574474,4032.029214,4097.924627,6936.332898,8227.927112,8026.486638,7026.840669,8358.651148,8026.486638,7559.975147,8653.976809,8026.486638,8044.709878,9057.369645,8026.486638,1827.764894,1816.024102,0.001001968,0.001005531,0.001008742,0.001011081,4460.37001,4460.37001,4460.37001,9372.347994,9372.347994,9372.347994,9372.347994,9372.347994
4/29/2005,3711.288677,4025.399425,4184.414102,4165.148764,4149.588818,4184.414102,7300.949685,7630.254882,8533.454078,7430.242579,8227.927112,8533.454078,7892.505386,8358.651148,8533.454078,8030.573032,8653.976809,8533.454078,2038.187812,2024.906238,0.001001968,0.001005531,0.001008742,0.001011081,4514.366418,4514.366418,4514.366418,9455.885464,9455.885464,9455.885464,9455.885464,9455.885464
4/30/2005,3396.665991,3645.797102,3847.130522,3997.541777,4025.399425,3847.130522,6976.53023,7111.731316,8180.628293,7263.806648,7630.254882,8180.628293,7702.09527,8227.927112,8180.628293,7992.832767,8358.651148,8180.628293,1960.396381,1947.686683,0.001001968,0.001005531,0.001008742,0.001011081,4552.48726,4552.48726,4552.48726,9474.669543,9474.669543,9474.669543,9474.669543,9474.669543
5/1/2005,3193.366198,3416.579824,3587.818573,3653.6389,3645.797102,3587.818573,6656.438579,6678.924538,7745.376852,6845.589982,7111.731316,7745.376852,7284.192106,7630.254882,7745.376852,7594.564516,8227.927112,7745.376852,1715.083011,1704.158967,0.001001968,0.001005531,0.001008742,0.001011081,4482.872372,4482.872372,4482.872372,9326.737114,9326.737114,9326.737114,9326.737114,9326.737114
5/2/2005,3029.469786,3208.020174,3397.415984,3431.766124,3416.579824,3397.415984,6477.042559,6422.910351,7535.651211,6619.04481,6678.924538,7535.651211,7022.295002,7111.731316,7535.651211,7416.415744,7630.254882,7535.651211,1619.491452,1609.255353,0.001001968,0.001005531,0.001008742,0.001011081,4275.801164,4275.801164,4275.801164,8897.18439,8897.18439,8897.18439,8897.18439,8897.18439
5/3/2005,2834.505838,2975.669362,3172.968827,3211.257305,3208.020174,3172.968827,5930.77415,6079.737464,6887.349897,6069.822826,6422.910351,6887.349897,6425.047292,6678.924538,6887.349897,6804.974621,7111.731316,6887.349897,1504.75899,1495.342212,0.001001968,0.001005531,0.001008742,0.001011081,3963.82965,3963.82965,3963.82965,8479.695454,8479.695454,8479.695454,8479.695454,8479.695454
5/4/2005,2672.807968,2988.42072,2979.259317,2981.801003,2975.669362,2979.259317,5613.725329,5871.580413,6492.067289,5707.011854,6079.737464,6492.067289,6044.317745,6422.910351,6492.067289,6329.552351,6678.924538,6492.067289,1377.383758,1368.867825,0.001001968,0.001005531,0.001008742,0.001011081,3750.810232,3750.810232,3750.810232,8068.474675,8068.474675,8068.474675,8068.474675,8068.474675
5/5/2005,2616.102254,2765.872129,2935.471316,2988.302677,2988.42072,2935.471316,5393.570542,5651.579028,6268.275701,5542.849744,5871.580413,6268.275701,5847.367087,6079.737464,6268.275701,6008.498514,6422.910351,6268.275701,1438.764167,1429.815327,0.001001968,0.001005531,0.001008742,0.001011081,3579.979148,3579.979148,3579.979148,7676.480083,7676.480083,7676.480083,7676.480083,7676.480083
5/6/2005,2407.664736,2563.403814,2693.299923,2765.453857,2765.872129,2693.299923,5161.231709,5438.210229,5982.453962,5316.751889,5651.579028,5982.453962,5622.16715,5871.580413,5982.453962,5881.045521,6079.737464,5982.453962,1298.629058,1290.665142,0.001001968,0.001005531,0.001008742,0.001011081,3380.835956,3380.835956,3380.835956,7352.376869,7352.376869,7352.376869,7352.376869,7352.376869
5/7/2005,2259.57108,2474.450811,2520.076953,2563.022927,2563.403814,2520.076953,4797.824152,5258.416037,5543.759975,4918.102866,5438.210229,5543.759975,5219.236274,5651.579028,5543.759975,5482.685516,5871.580413,5543.759975,1193.540741,1186.30704,0.001001968,0.001005531,0.001008742,0.001011081,3179.462544,3179.462544,3179.462544,7017.590289,7017.590289,7017.590289,7017.590289,7017.590289
5/8/2005,2188.918925,2395.734002,2443.549539,2474.115397,2474.450811,2443.549539,4697.157298,5121.095303,5432.039695,4802.317636,5258.416037,5432.039695,5067.371856,5438.210229,5432.039695,5266.240867,5651.579028,5432.039695,1170.909028,1163.831576,0.001001968,0.001005531,0.001008742,0.001011081,3002.547379,3002.547379,3002.547379,6650.741755,6650.741755,6650.741755,6650.741755,6650.741755
5/9/2005,2120.140201,2316.471426,2368.187375,2395.455058,2395.734002,2368.187375,4589.479783,4984.120738,5311.983224,4688.270838,5121.095303,5311.983224,4933.619848,5258.416037,5311.983224,5113.065219,5438.210229,5311.983224,1144.987943,1138.088992,0.001001968,0.001005531,0.001008742,0.001011081,2845.23651,2845.23651,2845.23651,6279.818124,6279.818124,6279.818124,6279.818124,6279.818124
5/10/2005,2050.472883,2240.362022,2290.871256,2316.2546,2316.471426,2290.871256,4456.957499,4815.843065,5156.950988,4551.724263,4984.120738,5156.950988,4786.960201,5121.095303,5156.950988,4931.374132,5258.416037,5156.950988,1114.223784,1107.536035,0.001001968,0.001005531,0.001008742,0.001011081,2711.415561,2711.415561,2711.415561,5998.31041,5998.31041,5998.31041,5998.31041,5998.31041
5/11/2005,1983.51289,2167.652848,2216.392317,2240.207468,2240.362022,2216.392317,4330.496637,4863.50172,5010.328486,4421.250682,4815.843065,5010.328486,4647.599712,4984.120738,5010.328486,4794.881776,5121.095303,5010.328486,1083.80924,1077.329582,0.001001968,0.001005531,0.001008742,0.001011081,2597.881595,2597.881595,2597.881595,5755.173902,5755.173902,5755.173902,5755.173902,5755.173902
5/12/2005,1919.482511,2098.099397,2145.111672,2167.542981,2167.652848,2145.111672,4214.925917,5156.153812,4876.482969,4301.810801,4863.50172,4876.482969,4519.723026,4815.843065,4876.482969,4661.689909,4984.120738,4876.482969,1054.366456,1048.087549,0.001001968,0.001005531,0.001008742,0.001011081,2479.931805,2479.931805,2479.931805,5549.453198,5549.453198,5549.453198,5549.453198,5549.453198
5/13/2005,1858.206732,2022.606703,2076.8504,2098.032755,2098.099397,2076.8504,4098.795762,5038.073672,4743.044836,4181.890611,5156.153812,4743.044836,4391.67421,4863.50172,4743.044836,4536.428014,4815.843065,4743.044836,1025.889816,1019.804404,0.001001968,0.001005531,0.001008742,0.001011081,2378.787945,2378.787945,2378.787945,5356.194828,5356.194828,5356.194828,5356.194828,5356.194828
5/14/2005,1781.928777,2009.157902,1990.940606,2020.227388,2022.606703,1990.940606,3958.503396,4740.417831,4577.376923,4047.210551,5038.073672,4577.376923,4246.136883,5156.153812,4577.376923,4378.055096,4863.50172,4577.376923,985.4334671,979.6217907,0.001001968,0.001005531,0.001008742,0.001011081,2292.687453,2292.687453,2292.687453,5181.283782,5181.283782,5181.283782,5181.283782,5181.283782
5/15/2005,1849.205654,2216.947864,2057.584889,2009.407685,2009.157902,2057.584889,4230.889647,4535.390759,4874.76803,4241.105754,4740.417831,4874.76803,4410.028693,5038.073672,4874.76803,4417.712551,5156.153812,4874.76803,981.1799797,975.397002,0.001001968,0.001005531,0.001008742,0.001011081,2218.183192,2218.183192,2218.183192,5065.504764,5065.504764,5065.504764,5065.504764,5065.504764
5/16/2005,1937.631599,1958.764872,2178.21376,2218.802863,2216.947864,2178.21376,4560.348057,4483.384958,5304.283393,4664.22064,4535.390759,5304.283393,4777.203052,4740.417831,5304.283393,4766.309748,5038.073672,5304.283393,1121.495592,1114.757986,0.001001968,0.001005531,0.001008742,0.001011081,2175.579882,2175.579882,2175.579882,5022.106169,5022.106169,5022.106169,5022.106169,5022.106169
5/17/2005,1723.775687,1831.715917,1928.432119,1959.022145,1958.764872,1928.432119,4158.69422,4614.825056,4824.448817,4239.505127,4483.384958,4824.448817,4494.706422,4535.390759,4824.448817,4702.918381,4740.417831,4824.448817,970.0810107,964.3728444,0.001001968,0.001005531,0.001008742,0.001011081,2132.646261,2132.646261,2132.646261,4981.221878,4981.221878,4981.221878,4981.221878,4981.221878
5/18/2005,1611.372818,1744.006607,1802.489352,1831.840585,1831.715917,1802.489352,3759.522379,4481.454593,4348.422414,3840.048256,4614.825056,4348.422414,4054.8309,4483.384958,4348.422414,4248.40607,4535.390759,4348.422414,913.6058666,908.2766631,0.001001968,0.001005531,0.001008742,0.001011081,2077.806428,2077.806428,2077.806428,4913.392674,4913.392674,4913.392674,4913.392674,4913.392674
5/19/2005,1541.526976,1685.079843,1722.809622,1744.166516,1744.006607,1722.809622,3628.771123,4062.023269,4194.879559,3697.893702,4481.454593,4194.879559,3879.203791,4614.825056,4194.879559,4059.008548,4483.384958,4194.879559,871.5304619,866.4816711,0.001001968,0.001005531,0.001008742,0.001011081,2017.625977,2017.625977,2017.625977,4821.622523,4821.622523,4821.622523,4821.622523,4821.622523
5/20/2005,1493.861727,1636.964729,1669.547017,1685.274265,1685.079843,1669.547017,3664.85083,3849.860615,4237.91672,3724.364654,4062.023269,4237.91672,3888.486648,4481.454593,4237.91672,4003.546067,4614.825056,4237.91672,848.084471,843.191191,0.001001968,0.001005531,0.001008742,0.001011081,1957.835425,1957.835425,1957.835425,4748.331458,4748.331458,4748.331458,4748.331458,4748.331458
5/21/2005,1451.515671,1586.921779,1622.603076,1637.033883,1636.964729,1622.603076,3852.243382,3948.608741,4462.040381,3904.102558,3849.860615,4462.040381,4052.90478,4062.023269,4462.040381,4158.253967,4481.454593,4462.040381,828.9869989,824.2199797,0.001001968,0.001005531,0.001008742,0.001011081,1901.896081,1901.896081,1901.896081,4722.838065,4722.838065,4722.838065,4722.838065,4722.838065
5/22/2005,1404.334154,1529.897857,1569.418213,1585.875076,1586.921779,1569.418213,3730.536479,4046.142695,4318.941095,3782.585981,3948.608741,4318.941095,3922.376345,3849.860615,4318.941095,4050.247876,4062.023269,4318.941095,803.2626862,798.6651463,0.001001968,0.001005531,0.001008742,0.001011081,1843.634844,1843.634844,1843.634844,4659.601744,4659.601744,4659.601744,4659.601744,4659.601744
5/23/2005,1351.855311,1485.301403,1509.111403,1528.652706,1529.897857,1509.111403,3359.024985,3864.180115,3877.43812,3417.297686,4046.142695,3877.43812,3554.959416,3948.608741,3877.43812,3671.705141,3849.860615,3877.43812,768.4950945,764.1254938,0.001001968,0.001005531,0.001008742,0.001011081,1758.212041,1758.212041,1758.212041,4496.661786,4496.661786,4496.661786,4496.661786,4496.661786
5/24/2005,1332.339766,1510.061642,1485.445398,1485.377947,1485.301403,1485.445398,3220.051567,3633.441084,3710.806625,3259.416514,3864.180115,3710.806625,3398.75985,4046.142695,3710.806625,3484.718051,3948.608741,3710.806625,750.2150441,745.9647551,0.001001968,0.001005531,0.001008742,0.001011081,1679.267806,1679.267806,1679.267806,4323.973667,4323.973667,4323.973667,4323.973667,4323.973667
5/25/2005,1357.412498,1498.396339,1517.716467,1510.298529,1510.061642,1517.716467,3394.935165,3863.735174,3923.594238,3427.045133,3633.441084,3923.594238,3553.948478,3864.180115,3923.594238,3583.786008,4046.142695,3923.594238,784.0656925,779.5941718,0.001001968,0.001005531,0.001008742,0.001011081,1624.597361,1624.597361,1624.597361,4213.340512,4213.340512,4213.340512,4213.340512,4213.340512
5/26/2005,1332.941017,1454.817468,1492.050004,1498.341836,1498.396339,1492.050004,3480.320056,4130.443722,4028.086118,3522.639004,3863.735174,4028.086118,3643.849119,3633.441084,4028.086118,3714.957134,3864.180115,4028.086118,780.3081731,775.8612722,0.001001968,0.001005531,0.001008742,0.001011081,1584.144606,1584.144606,1584.144606,4162.94368,4162.94368,4162.94368,4162.94368,4162.94368
5/27/2005,1284.641184,1462.978103,1435.37526,1450.094119,1454.817468,1435.37526,3256.724786,4081.312652,3760.892214,3307.273645,4130.443722,3760.892214,3426.839823,3863.735174,3760.892214,3528.805647,3633.441084,3760.892214,743.0221305,738.8186854,0.001001968,0.001005531,0.001008742,0.001011081,1547.081284,1547.081284,1547.081284,4090.355786,4090.355786,4090.355786,4090.355786,4090.355786
5/28/2005,1280.341495,1499.625409,1429.419075,1443.512431,1462.978103,1429.419075,3111.931247,3909.527664,3585.600823,3166.469866,4081.312652,3585.600823,3282.06652,4130.443722,3585.600823,3301.205244,3863.735174,3585.600823,733.3617224,729.2210971,0.001001968,0.001005531,0.001008742,0.001011081,1515.563882,1515.563882,1515.563882,3959.927234,3959.927234,3959.927234,3959.927234,3959.927234
5/29/2005,1332.610616,1398.134369,1487.970306,1510.141191,1499.625409,1487.970306,3431.61175,3616.466986,3957.81179,3493.334387,3909.527664,3957.81179,3576.562936,4081.312652,3957.81179,3561.119839,4130.443722,3957.81179,751.649635,747.3899963,0.001001968,0.001005531,0.001008742,0.001011081,1497.055536,1497.055536,1497.055536,3888.198131,3888.198131,3888.198131,3888.198131,3888.198131
5/30/2005,1321.898266,1504.38079,1466.343599,1413.428927,1398.134369,1466.343599,3611.213577,3492.04055,4157.830774,3587.339591,3616.466986,4157.830774,3726.058823,3909.527664,4157.830774,3821.098428,4081.312652,4157.830774,709.093048,705.1097558,0.001001968,0.001005531,0.001008742,0.001011081,1483.46738,1483.46738,1483.46738,3917.17719,3917.17719,3917.17719,3917.17719,3917.17719
5/31/2005,1370.450885,1490.412433,1539.639024,1505.377141,1504.38079,1539.639024,3558.294674,4121.625614,4122.722679,3563.498422,3492.04055,4122.722679,3702.269209,3616.466986,4122.722679,3688.321098,3909.527664,4122.722679,830.5945135,825.8168807,0.001001968,0.001005531,0.001008742,0.001011081,1484.683731,1484.683731,1484.683731,3953.974792,3953.974792,3953.974792,3953.974792,3953.974792
6/1/2005,1301.082105,1300.088454,1461.175559,1490.722843,1490.412433,1461.175559,3291.808127,4006.456963,3820.762329,3358.068259,4121.625614,3820.762329,3448.299828,3492.04055,3820.762329,3646.181362,3616.466986,3820.762329,790.7811709,786.2656114,0.001001968,0.001005531,0.001008742,0.001011081,1476.84683,1476.84683,1476.84683,3933.816899,3933.816899,3933.816899,3933.816899,3933.816899
6/2/2005,1141.598867,1212.070013,1272.479215,1300.425853,1300.088454,1272.479215,2827.37983,3662.754696,3259.92168,2886.215788,4006.456963,3259.92168,3039.927894,4121.625614,3259.92168,3198.864949,3492.04055,3259.92168,659.7365645,656.0710386,0.001001968,0.001005531,0.001008742,0.001011081,1455.779512,1455.779512,1455.779512,3864.946734,3864.946734,3864.946734,3864.946734,3864.946734
6/3/2005,1069.219206,1206.252884,1188.786767,1211.643475,1212.070013,1188.786767,2798.689963,4206.091863,3219.789291,2847.503077,3662.754696,3219.789291,2967.981643,4006.456963,3219.789291,3100.724884,4121.625614,3219.789291,608.2611226,604.9236467,0.001001968,0.001005531,0.001008742,0.001011081,1425.415742,1425.415742,1425.415742,3810.411618,3810.411618,3810.411618,3810.411618,3810.411618
6/4/2005,1076.890885,1200.846144,1197.682729,1206.920987,1206.252884,1197.682729,3479.836548,4773.245051,4023.92305,3503.500531,4206.091863,4023.92305,3584.711633,3662.754696,4023.92305,3630.67859,4006.456963,4023.92305,613.1754385,609.8067995,0.001001968,0.001005531,0.001008742,0.001011081,1392.81697,1392.81697,1392.81697,3873.330632,3873.330632,3873.330632,3873.330632,3873.330632
6/5/2005,1068.690929,1118.974619,1188.855281,1201.668898,1200.846144,1188.855281,3404.845311,3622.477592,3940.129963,3430.970418,4773.245051,3940.129963,3501.047147,4206.091863,3940.129963,3620.408416,3662.754696,3940.129963,610.3103552,606.9598887,0.001001968,0.001005531,0.001008742,0.001011081,1353.076344,1353.076344,1353.076344,3880.420269,3880.420269,3880.420269,3880.420269,3880.420269
6/6/2005,982.8196521,1285.411206,1090.621193,1102.253777,1118.974619,1090.621193,3060.780889,3764.4365,3523.59994,3087.156936,3622.477592,3523.59994,3194.654422,4773.245051,3523.59994,3264.769105,4206.091863,3523.59994,554.9945467,551.9926192,0.001001968,0.001005531,0.001008742,0.001011081,1308.562547,1308.562547,1308.562547,3804.072808,3804.072808,3804.072808,3804.072808,3804.072808
6/7/2005,1181.648766,1304.253022,1314.793232,1289.596598,1285.411206,1314.793232,3848.22061,3623.330384,4447.335558,3841.347244,3764.4365,4447.335558,3847.310368,3622.477592,4447.335558,3749.81702,4773.245051,4447.335558,654.8615964,651.2272895,0.001001968,0.001005531,0.001008742,0.001011081,1265.657535,1265.657535,1265.657535,3834.163021,3834.163021,3834.163021,3834.163021,3834.163021
6/8/2005,1248.021733,1263.054639,1381.320057,1314.737026,1304.253022,1381.320057,4350.673779,3341.581316,5040.397071,4288.937615,3623.330384,5040.397071,4331.993164,3764.4365,5040.397071,4386.459781,3622.477592,5040.397071,665.0741484,661.3744058,0.001001968,0.001005531,0.001008742,0.001011081,1241.555077,1241.555077,1241.555077,3990.475497,3990.475497,3990.475497,3990.475497,3990.475497
6/9/2005,1096.668377,1060.885149,1224.039631,1263.272253,1263.054639,1224.039631,3024.782328,3043.366367,3495.257718,3088.046321,3341.581316,3495.257718,3197.125439,3623.330384,3495.257718,3327.186064,3764.4365,3495.257718,647.1474554,643.562486,0.001001968,0.001005531,0.001008742,0.001011081,1231.138656,1231.138656,1231.138656,4001.877192,4001.877192,4001.877192,4001.877192,4001.877192
6/10/2005,913.0412803,1003.115115,1008.386753,1057.989496,1060.885149,1008.386753,2991.812511,2808.641796,3438.088387,3051.018947,3043.366367,3438.088387,3157.429985,3341.581316,3438.088387,3344.11599,3623.330384,3438.088387,496.7728585,494.132687,0.001001968,0.001005531,0.001008742,0.001011081,1211.676884,1211.676884,1211.676884,4036.056548,4036.056548,4036.056548,4036.056548,4036.056548
6/11/2005,904.8908421,1157.817335,996.2419098,1002.927446,1003.115115,996.2419098,2915.914794,2837.83244,3346.679045,2931.481872,2808.641796,3346.679045,3016.585444,3043.366367,3346.679045,3160.071586,3341.581316,3346.679045,475.4949689,472.9855887,0.001001968,0.001005531,0.001008742,0.001011081,1186.323783,1186.323783,1186.323783,3964.482375,3964.482375,3964.482375,3964.482375,3964.482375
6/12/2005,1053.757,1127.43035,1167.833267,1162.029457,1157.817335,1167.833267,2914.49408,2723.506269,3353.658749,2929.437486,2837.83244,3353.658749,2948.280965,2808.641796,3353.658749,2942.942274,3043.366367,3353.658749,579.6406937,576.4840273,0.001001968,0.001005531,0.001008742,0.001011081,1172.65264,1172.65264,1172.65264,3859.08681,3859.08681,3859.08681,3859.08681,3859.08681
6/13/2005,986.0862546,823.2050097,1094.506564,1129.601964,1127.43035,1094.506564,2662.354529,2503.607578,3062.180633,2718.755478,2723.506269,3062.180633,2795.914368,2837.83244,3062.180633,2823.827617,2808.641796,3062.180633,556.506008,553.4946173,0.001001968,0.001005531,0.001008742,0.001011081,1171.117668,1171.117668,1171.117668,3767.466824,3767.466824,3767.466824,3767.466824,3767.466824
6/14/2005,757.7140897,918.8594949,827.2591912,823.6792428,823.2050097,827.2591912,2192.254559,2571.837641,2494.816051,2198.148716,2503.607578,2494.816051,2361.534703,2723.506269,2494.816051,2598.889458,2837.83244,2494.816051,376.2817487,374.3708425,0.001001968,0.001005531,0.001008742,0.001011081,1132.092814,1132.092814,1132.092814,3561.443772,3561.443772,3561.443772,3561.443772,3561.443772
6/15/2005,845.5696428,951.8648047,936.0051692,919.256287,918.8594949,936.0051692,2279.934926,2517.933287,2614.489201,2280.5218,2571.837641,2614.489201,2348.823467,2503.607578,2614.489201,2408.880813,2723.506269,2614.489201,479.1403408,476.6086098,0.001001968,0.001005531,0.001008742,0.001011081,1079.354017,1079.354017,1079.354017,3252.165136,3252.165136,3252.165136,3252.165136,3252.165136
6/16/2005,828.9722958,838.1078472,921.7567546,945.1501466,951.8648047,921.7567546,2379.345855,2778.284307,2732.641776,2420.036192,2517.933287,2732.641776,2468.085275,2571.837641,2732.641776,2457.316618,2503.607578,2732.641776,490.8490208,488.2453415,0.001001968,0.001005531,0.001008742,0.001011081,1028.616815,1028.616815,1028.616815,3110.745131,3110.745131,3110.745131,3110.745131,3110.745131
6/17/2005,744.7573148,724.7910277,810.5552954,837.7896686,838.1078472,810.5552954,2133.29359,2731.462787,2419.306555,2172.3303,2778.284307,2419.306555,2178.272611,2517.933287,2419.306555,2344.052038,2571.837641,2419.306555,346.0474313,344.3147082,0.001001968,0.001005531,0.001008742,0.001011081,985.0016766,985.0016766,985.0016766,2942.914006,2942.914006,2942.914006,2942.914006,2942.914006
6/18/2005,794.0174756,1059.944594,841.1223478,730.586619,724.7910277,841.1223478,2180.124288,2619.919821,2440.741144,2072.521064,2731.462787,2440.741144,2101.613471,2778.284307,2440.741144,2224.164846,2517.933287,2440.741144,251.3623947,250.1720496,0.001001968,0.001005531,0.001008742,0.001011081,942.7271614,942.7271614,942.7271614,2805.383945,2805.383945,2805.383945,2805.383945,2805.383945
6/19/2005,1026.639772,1231.068518,1130.989663,1062.112251,1059.944594,1130.989663,2454.839875,2651.096902,2809.10583,2408.716102,2619.919821,2809.10583,2441.233765,2731.462787,2809.10583,2200.650641,2778.284307,2809.10583,545.4286006,542.486483,0.001001968,0.001005531,0.001008742,0.001011081,930.1719312,930.1719312,930.1719312,2705.618278,2705.618278,2705.618278,2705.618278,2705.618278
6/20/2005,1065.113749,976.9035053,1195.104707,1231.522274,1231.068518,1195.104707,2777.878477,2578.941442,3222.03983,2840.822611,2651.096902,3222.03983,2884.656526,2619.919821,3222.03983,2767.775722,2731.462787,3222.03983,667.1279871,663.4150686,0.001001968,0.001005531,0.001008742,0.001011081,936.9031073,936.9031073,936.9031073,2672.02689,2672.02689,2672.02689,2672.02689,2672.02689
6/21/2005,825.9633588,810.3441674,911.0549324,977.2772626,976.9035053,911.0549324,2279.260553,2418.586314,2611.58279,2359.437275,2578.941442,2611.58279,2456.635646,2651.096902,2611.58279,2659.179835,2619.919821,2611.58279,456.2077535,453.816228,0.001001968,0.001005531,0.001008742,0.001011081,947.3061709,947.3061709,947.3061709,2670.284243,2670.284243,2670.284243,2670.284243,2670.284243
6/22/2005,710.3774125,789.2934235,775.8848445,810.5532694,810.3441674,775.8848445,1940.630005,2279.568923,2203.445495,1986.175516,2418.586314,2203.445495,2097.626527,2578.941442,2203.445495,2265.338848,2651.096902,2203.445495,360.822532,359.0030029,0.001001968,0.001005531,0.001008742,0.001011081,940.8443263,940.8443263,940.8443263,2660.635039,2660.635039,2660.635039,2660.635039,2660.635039
6/23/2005,710.7346153,787.6069016,779.7903875,789.7459584,789.2934235,779.7903875,2108.034746,2176.419877,2407.582189,2126.468508,2279.568923,2407.582189,2205.960033,2418.586314,2407.582189,2292.85797,2578.941442,2407.582189,378.931942,377.005316,0.001001968,0.001005531,0.001008742,0.001011081,926.2617557,926.2617557,926.2617557,2648.305699,2648.305699,2648.305699,2648.305699,2648.305699
6/24/2005,707.1395598,751.6980063,778.6668958,788.0428173,787.6069016,778.6668958,2153.5898,2770.263863,2466.549951,2171.11447,2176.419877,2466.549951,2226.918343,2279.568923,2466.549951,2291.591261,2418.586314,2466.549951,391.7048301,389.7022208,0.001001968,0.001005531,0.001008742,0.001011081,925.5860274,925.5860274,925.5860274,2638.90272,2638.90272,2638.90272,2638.90272,2638.90272
6/25/2005,669.8783836,710.8083654,736.8122797,752.060509,751.6980063,736.8122797,2022.639595,2819.046648,2313.436134,2045.95841,2770.263863,2313.436134,2098.277012,2176.419877,2313.436134,2173.195307,2279.568923,2313.436134,369.5157556,367.6449101,0.001001968,0.001005531,0.001008742,0.001011081,928.686657,928.686657,928.686657,2604.333445,2604.333445,2604.333445,2604.333445,2604.333445
6/26/2005,637.6478035,680.5217139,700.1844856,711.1644382,710.8083654,700.1844856,1891.381013,3244.976555,2158.829696,1910.464657,2819.046648,2158.829696,1966.06904,2770.263863,2158.829696,2039.8647,2176.419877,2158.829696,348.0947022,346.3499826,0.001001968,0.001005531,0.001008742,0.001011081,887.3230192,887.3230192,887.3230192,2563.446151,2563.446151,2563.446151,2563.446151,2563.446151
6/27/2005,608.0939965,784.9670901,666.5672736,676.1881229,680.5217139,666.5672736,1816.859263,3995.035182,2069.252057,1833.877929,3244.976555,2069.252057,1882.321826,2819.046648,2069.252057,1944.041462,2770.263863,2069.252057,328.1587958,326.5304491,0.001001968,0.001005531,0.001008742,0.001011081,817.1992245,817.1992245,817.1992245,2469.618838,2469.618838,2469.618838,2469.618838,2469.618838
6/28/2005,705.9557917,1112.594899,785.2952495,778.546876,784.9670901,785.2952495,2446.669278,3198.899125,2827.401493,2444.655081,3995.035182,2827.401493,2489.144155,3244.976555,2827.401493,2444.987178,2819.046648,2827.401493,428.9470735,426.7209319,0.001001968,0.001005531,0.001008742,0.001011081,783.251393,783.251393,783.251393,2459.228726,2459.228726,2459.228726,2459.228726,2459.228726
6/29/2005,975.5685262,1178.001618,1110.356206,1089.593811,1112.594899,1110.356206,2775.511818,2781.903948,3246.424045,2781.069301,3198.899125,3246.424045,2827.356746,3995.035182,3246.424045,2600.792056,3244.976555,3246.424045,684.8771244,681.0501179,0.001001968,0.001005531,0.001008742,0.001011081,806.2256294,806.2256294,806.2256294,2487.946198,2487.946198,2487.946198,2487.946198,2487.946198
6/30/2005,1030.482404,972.5407373,1146.521892,1174.792873,1178.001618,1146.521892,3288.394209,2870.920079,3795.94559,3340.512976,2781.903948,3795.94559,3207.602045,3198.899125,3795.94559,3156.62707,3995.035182,3795.94559,548.0256614,545.0673201,0.001001968,0.001005531,0.001008742,0.001011081,827.6672414,827.6672414,827.6672414,2614.609425,2614.609425,2614.609425,2614.609425,2614.609425
7/1/2005,1451.761257,2002.790217,1537.175285,976.6615304,972.5407373,1537.175285,3973.444482,3029.15506,4501.863326,3407.974728,2870.920079,4501.863326,3511.578667,2781.903948,4501.863326,3643.304639,3198.899125,4501.863326,428.8271933,426.6017758,0.001001968,0.001005531,0.001008742,0.001011081,864.3911521,864.3911521,864.3911521,2875.718024,2875.718024,2875.718024,2875.718024,2875.718024
7/2/2005,1559.323508,824.0460546,1776.790908,2019.310806,2002.790217,1776.790908,3255.015551,2608.606247,3826.673392,3559.96863,3029.15506,3826.673392,3301.043965,2870.920079,3826.673392,2834.30191,2781.903948,3826.673392,1039.964041,1033.78308,0.001001968,0.001005531,0.001008742,0.001011081,981.467005,981.467005,981.467005,3001.235489,3001.235489,3001.235489,3001.235489,3001.235489
7/3/2005,866.9420784,1375.596395,897.3135158,836.9975984,824.0460546,897.3135158,2336.64892,2552.185692,2594.973618,2267.488758,2608.606247,2594.973618,2563.203218,3029.15506,2594.973618,3055.676417,2870.920079,2594.973618,174.7059379,173.9325372,0.001001968,0.001005531,0.001008742,0.001011081,1039.186056,1039.186056,1039.186056,3123.225081,3123.225081,3123.225081,3123.225081,3123.225081
7/4/2005,1173.455598,1013.566022,1304.013822,1376.318785,1375.596395,1304.013822,2242.128079,3279.88899,2575.536833,2352.828787,2552.185692,2575.536833,2407.331171,2608.606247,2575.536833,2246.723874,3029.15506,2575.536833,671.8550564,668.1117921,0.001001968,0.001005531,0.001008742,0.001011081,1129.308597,1129.308597,1129.308597,3241.441632,3241.441632,3241.441632,3241.441632,3241.441632
7/5/2005,809.4989601,750.862321,877.4065122,1001.32996,1013.566022,877.4065122,2433.524726,4984.833077,2777.370766,2560.185068,3279.88899,2777.370766,2670.241404,2552.185692,2777.370766,2942.776596,2608.606247,2777.370766,374.7585541,372.8566757,0.001001968,0.001005531,0.001008742,0.001011081,1171.535968,1171.535968,1171.535968,3245.131418,3245.131418,3245.131418,3245.131418,3245.131418
7/6/2005,610.2242431,689.1369212,640.8277902,729.7493859,750.862321,640.8277902,1794.322813,5406.472171,1995.231724,1884.242925,4984.833077,1995.231724,1971.989574,3279.88899,1995.231724,2208.416736,2552.185692,1995.231724,169.556589,168.8102845,0.001001968,0.001005531,0.001008742,0.001011081,1138.262529,1138.262529,1138.262529,3217.131311,3217.131311,3217.131311,3217.131311,3217.131311
7/7/2005,704.0405457,840.5226715,733.4314821,695.5033172,689.1369212,733.4314821,2027.148335,4719.848594,2249.246333,1987.969667,5406.472171,2249.246333,2013.396836,4984.833077,2249.246333,2139.020374,3279.88899,2249.246333,141.5725236,140.9710284,0.001001968,0.001005531,0.001008742,0.001011081,1102.273699,1102.273699,1102.273699,3082.585617,3082.585617,3082.585617,3082.585617,3082.585617
7/8/2005,1012.451869,2282.436325,1053.05417,829.1143015,840.5226715,1053.05417,3278.581791,4448.499149,3673.709122,3044.027747,4719.848594,3673.709122,2971.753165,5406.472171,3673.709122,2832.511046,4984.833077,3673.709122,210.6851783,209.7190362,0.001001968,0.001005531,0.001008742,0.001011081,1060.224927,1060.224927,1060.224927,2941.463145,2941.463145,2941.463145,2941.463145,2941.463145
7/9/2005,2241.37439,2077.108241,2495.136847,2295.431735,2282.436325,2495.136847,5964.391599,4747.590391,6944.438019,5814.223684,4448.499149,6944.438019,5449.243143,4719.848594,6944.438019,4510.352616,5406.472171,6944.438019,1140.144471,1133.278819,0.001001968,0.001005531,0.001008742,0.001011081,1088.257651,1088.257651,1088.257651,3216.816234,3216.816234,3216.816234,3216.816234,3216.816234
7/10/2005,2144.883827,2469.145546,2331.299753,2098.119468,2077.108241,2331.299753,6001.311388,4943.493627,6924.282048,5779.768438,4747.590391,6924.282048,5800.818459,4448.499149,6924.282048,5722.279034,4719.848594,6924.282048,886.0558983,880.9104938,0.001001968,0.001005531,0.001008742,0.001011081,1215.33108,1215.33108,1215.33108,3628.958735,3628.958735,3628.958735,3628.958735,3628.958735
7/11/2005,2022.378538,1563.729438,2285.314856,2470.226543,2469.145546,2285.314856,4299.963585,4066.150687,5041.261051,4552.641825,4943.493627,5041.261051,4727.654465,4747.590391,5041.261051,4479.259511,4448.499149,5041.261051,1245.206771,1237.615008,0.001001968,0.001005531,0.001008742,0.001011081,1373.577995,1373.577995,1373.577995,3942.966039,3942.966039,3942.966039,3942.966039,3942.966039
7/12/2005,1206.834748,1179.104877,1319.0051,1555.379059,1563.729438,1319.0051,3156.467049,3302.434519,3617.981802,3407.844091,4066.150687,3617.981802,3719.464525,4943.493627,3617.981802,4418.828377,4747.590391,3617.981802,578.3579049,575.2093147,0.001001968,0.001005531,0.001008742,0.001011081,1476.539224,1476.539224,1476.539224,4184.897143,4184.897143,4184.897143,4184.897143,4184.897143
7/13/2005,1024.695875,1160.206096,1098.897335,1180.975532,1179.104877,1098.897335,3010.160642,3408.032103,3420.049474,3093.180733,3302.434519,3420.049474,3319.643922,4066.150687,3420.049474,3764.323331,4943.493627,3420.049474,392.3796469,390.3730134,0.001001968,0.001005531,0.001008742,0.001011081,1557.69945,1557.69945,1557.69945,4458.945931,4458.945931,4458.945931,4458.945931,4458.945931
7/14/2005,1042.102999,946.1324004,1122.603194,1166.390073,1160.206096,1122.603194,3875.004098,3819.428181,4432.598762,3908.895069,3408.032103,4432.598762,3971.812491,3302.434519,4432.598762,4066.508169,4066.150687,4432.598762,422.7654464,420.5766052,0.001001968,0.001005531,0.001008742,0.001011081,1626.600037,1626.600037,1626.600037,4769.111616,4769.111616,4769.111616,4769.111616,4769.111616
7/15/2005,825.614067,821.0036617,890.7871904,946.6645219,946.1324004,890.7871904,3123.023896,3560.73242,3577.057064,3168.043311,3819.428181,3577.057064,3329.090998,3408.032103,3577.057064,3644.494103,3302.434519,3577.057064,356.9716387,355.1747847,0.001001968,0.001005531,0.001008742,0.001011081,1673.458362,1673.458362,1673.458362,4844.486533,4844.486533,4844.486533,4844.486533,4844.486533
7/16/2005,730.8653333,824.458163,785.0520275,821.2455549,821.0036617,785.0520275,2415.433652,3110.352893,2739.028069,2449.237806,3560.73242,2739.028069,2539.441527,3819.428181,2739.028069,2774.742723,3408.032103,2739.028069,303.4737583,301.9880687,0.001001968,0.001005531,0.001008742,0.001011081,1546.461166,1546.461166,1546.461166,4535.078632,4535.078632,4535.078632,4535.078632,4535.078632
7/17/2005,756.7468893,926.0818318,817.1493973,822.1136742,824.458163,817.1493973,2790.564397,2673.203161,3183.508241,2790.421117,3110.352893,3183.508241,2841.365561,3560.73242,3183.508241,2880.585486,3819.428181,3183.508241,335.1987063,333.5293799,0.001001968,0.001005531,0.001008742,0.001011081,1379.169291,1379.169291,1379.169291,4140.170544,4140.170544,4140.170544,4140.170544,4140.170544
7/18/2005,863.2154567,915.2392249,942.0938096,926.0244883,926.0818318,942.0938096,3378.904254,2421.923476,3892.193381,3353.832664,2673.203161,3892.193381,3365.696799,3110.352893,3892.193381,3392.800519,3560.73242,3892.193381,424.7143458,422.513753,0.001001968,0.001005531,0.001008742,0.001011081,1162.946517,1162.946517,1162.946517,3934.934782,3934.934782,3934.934782,3934.934782,3934.934782
7/19/2005,887.636605,963.0354758,962.9728286,917.5224235,915.2392249,962.9728286,3141.157412,2308.042342,3604.905543,3089.295235,2421.923476,3604.905543,3107.011164,2673.203161,3604.905543,3206.539818,3110.352893,3604.905543,408.8011106,406.6962457,0.001001968,0.001005531,0.001008742,0.001011081,1036.21585,1036.21585,1036.21585,3799.029147,3799.029147,3799.029147,3799.029147,3799.029147
7/20/2005,875.3410558,855.7757975,954.6960519,964.0260651,963.0354758,954.6960519,2694.688073,2209.695007,3086.752102,2707.244158,2308.042342,3086.752102,2719.857796,2421.923476,3086.752102,2759.737413,2673.203161,3086.752102,430.7230223,428.4861505,0.001001968,0.001005531,0.001008742,0.001011081,973.0793692,973.0793692,973.0793692,3590.575152,3590.575152,3590.575152,3590.575152,3590.575152
7/21/2005,742.2638971,714.9010001,804.271633,856.1105086,855.7757975,804.271633,2225.436154,2382.622875,2532.737764,2280.068848,2209.695007,2532.737764,2333.038361,2308.042342,2532.737764,2436.170935,2421.923476,2532.737764,346.5111624,344.7757228,0.001001968,0.001005531,0.001008742,0.001011081,925.6727455,925.6727455,925.6727455,3308.810466,3308.810466,3308.810466,3308.810466,3308.810466
7/22/2005,632.947886,686.0363627,679.3833109,715.0961262,714.9010001,679.3833109,1903.338484,2802.558784,2149.75038,1940.070167,2382.622875,2149.75038,2022.363532,2209.695007,2149.75038,2155.238837,2308.042342,2149.75038,268.3039802,267.0185444,0.001001968,0.001005531,0.001008742,0.001011081,880.5758814,880.5758814,880.5758814,3106.025665,3106.025665,3106.025665,3106.025665,3106.025665
7/23/2005,615.1689861,648.0715064,663.5754988,686.3624922,686.0363627,663.5754988,1843.589433,2484.576305,2085.51906,1868.848774,2802.558784,2085.51906,1931.139372,2382.622875,2085.51906,2012.304685,2209.695007,2085.51906,278.983945,277.6380916,0.001001968,0.001005531,0.001008742,0.001011081,856.7778605,856.7778605,856.7778605,2994.822877,2994.822877,2994.822877,2994.822877,2994.822877
7/24/2005,587.0729155,644.8360016,633.0833789,648.367787,648.0715064,633.0833789,1818.847559,2440.795238,2058.497685,1835.419138,2484.576305,2058.497685,1881.66613,2802.558784,2058.497685,1962.932619,2382.622875,2058.497685,267.0710902,265.792606,0.001001968,0.001005531,0.001008742,0.001011081,831.2439251,831.2439251,831.2439251,2836.594461,2836.594461,2836.594461,2836.594461,2836.594461
7/25/2005,584.6286768,645.3383766,631.036113,645.1006882,644.8360016,631.036113,2045.46316,2677.164129,2324.081887,2057.574326,2440.795238,2324.081887,2080.732562,2484.576305,2324.081887,2099.08819,2802.558784,2324.081887,268.6630938,267.3756323,0.001001968,0.001005531,0.001008742,0.001011081,793.2061181,793.2061181,793.2061181,2637.777414,2637.777414,2637.777414,2637.777414,2637.777414
7/26/2005,586.284793,605.6916459,632.8634401,645.526167,645.3383766,632.8634401,2437.020869,2131.815584,2787.759341,2439.496783,2677.164129,2787.759341,2446.639062,2440.795238,2787.759341,2507.945372,2484.576305,2787.759341,268.7356568,267.4477859,0.001001968,0.001005531,0.001008742,0.001011081,755.1997526,755.1997526,755.1997526,2533.875198,2533.875198,2533.875198,2533.875198,2533.875198
7/27/2005,548.0282607,599.3793461,590.6699615,604.4802144,605.6916459,590.6699615,2106.588822,1935.782148,2400.319857,2114.178818,2131.815584,2400.319857,2146.154502,2677.164129,2400.319857,2214.533975,2440.795238,2400.319857,249.0085892,247.8313802,0.001001968,0.001005531,0.001008742,0.001011081,710.9541204,710.9541204,710.9541204,2444.700578,2444.700578,2444.700578,2444.700578,2444.700578
7/28/2005,551.6696033,565.8480754,595.5656867,600.0035396,599.3793461,595.5656867,2127.020532,1638.626952,2423.295384,2127.732728,1935.782148,2423.295384,2155.544784,2131.815584,2423.295384,2161.112344,2677.164129,2423.295384,255.1202946,253.9089388,0.001001968,0.001005531,0.001008742,0.001011081,673.0467751,673.0467751,673.0467751,2408.217246,2408.217246,2408.217246,2408.217246,2408.217246
7/29/2005,521.8752334,563.1169486,565.4015349,567.1506445,565.8480754,565.4015349,2269.060965,1785.041275,2599.403238,2259.950964,1638.626952,2599.403238,2298.359725,1935.782148,2599.403238,2412.633297,2131.815584,2599.403238,255.5898129,254.3758286,0.001001968,0.001005531,0.001008742,0.001011081,647.6993995,647.6993995,647.6993995,2441.823828,2441.823828,2441.823828,2441.823828,2441.823828
7/30/2005,508.5680746,523.2907568,552.7649672,563.4124582,563.1169486,552.7649672,1765.269374,1805.109383,2008.360141,1775.513252,1785.041275,2008.360141,1800.354063,1638.626952,2008.360141,1861.254999,1935.782148,2008.360141,259.7651823,258.5277913,0.001001968,0.001005531,0.001008742,0.001011081,625.4699923,625.4699923,625.4699923,2421.493766,2421.493766,2421.493766,2421.493766,2421.493766
7/31/2005,470.3901179,458.6083515,508.9886404,521.1660758,523.2907568,508.9886404,1623.610314,1749.966326,1839.078621,1635.085057,1805.109383,1839.078621,1663.117149,1785.041275,1839.078621,1724.703977,1638.626952,1839.078621,230.7223822,229.646564,0.001001968,0.001005531,0.001008742,0.001011081,605.4638379,605.4638379,605.4638379,2391.228764,2391.228764,2391.228764,2391.228764,2391.228764
8/1/2005,418.8440003,459.8091503,447.6421783,459.1037242,458.6083515,447.6421783,1345.551184,1661.620957,1505.436244,1356.633173,1749.966326,1505.436244,1377.394901,1805.109383,1505.436244,1468.188074,1785.041275,1505.436244,176.9045515,176.1195419,0.001001968,0.001005531,0.001008742,0.001011081,579.7212139,579.7212139,579.7212139,2287.951134,2287.951134,2287.951134,2287.951134,2287.951134
8/2/2005,463.112556,590.2839702,495.1436309,461.9308232,459.8091503,495.1436309,1528.393979,1699.908144,1724.676436,1492.930703,1661.620957,1724.676436,1518.603936,1749.966326,1724.676436,1544.813058,1805.109383,1724.676436,195.6505212,194.7656138,0.001001968,0.001005531,0.001008742,0.001011081,555.7979975,555.7979975,555.7979975,2139.335685,2139.335685,2139.335685,2139.335685,2139.335685
8/3/2005,540.4955982,524.4020184,591.6339831,590.6129099,590.2839702,591.6339831,1679.453389,1656.499893,1915.403503,1682.324716,1699.908144,1915.403503,1680.274518,1661.620957,1915.403503,1619.326329,1749.966326,1915.403503,296.5828243,295.1366582,0.001001968,0.001005531,0.001008742,0.001011081,546.5687911,546.5687911,546.5687911,2040.32002,2040.32002,2040.32002,2040.32002,2040.32002
8/4/2005,458.8253598,453.4578571,497.4722499,524.6212424,524.4020184,497.4722499,1555.321583,1543.598882,1764.84679,1581.996241,1656.499893,1764.84679,1598.887652,1699.908144,1764.84679,1662.898539,1661.620957,1764.84679,232.0083072,230.9253982,0.001001968,0.001005531,0.001008742,0.001011081,534.2297481,534.2297481,534.2297481,1945.394882,1945.394882,1945.394882,1945.394882,1945.394882
8/5/2005,409.845512,449.3923423,440.3894397,452.2285603,453.4578571,440.3894397,1363.252679,1933.07751,1534.259841,1374.098355,1543.598882,1534.259841,1414.403623,1656.499893,1534.259841,1478.030317,1699.908144,1534.259841,188.8316747,187.9832904,0.001001968,0.001005531,0.001008742,0.001011081,517.2780395,517.2780395,517.2780395,1807.732853,1807.732853,1807.732853,1807.732853,1807.732853
8/6/2005,409.7580705,432.327277,442.0711701,449.8888453,449.3923423,442.0711701,1433.069906,2474.876771,1621.44599,1439.384756,1933.07751,1621.44599,1464.235059,1543.598882,1621.44599,1501.255041,1656.499893,1621.44599,198.354004,197.4545597,0.001001968,0.001005531,0.001008742,0.001011081,502.0072441,502.0072441,502.0072441,1750.011847,1750.011847,1750.011847,1750.011847,1750.011847
8/7/2005,395.2229052,423.961431,426.388427,433.5873088,432.327277,426.388427,1412.801337,1847.7528,1598.075622,1417.9819,2474.876771,1598.075622,1438.432025,1933.07751,1598.075622,1480.449583,1543.598882,1598.075622,192.454085,191.586324,0.001001968,0.001005531,0.001008742,0.001011081,489.0827751,489.0827751,489.0827751,1710.527996,1710.527996,1710.527996,1710.527996,1710.527996
8/8/2005,383.2032571,523.7701782,413.6776401,420.6025814,423.961431,413.6776401,1338.59656,1729.648517,1509.723435,1345.106877,1847.7528,1509.723435,1366.284545,2474.876771,1509.723435,1380.551873,1933.07751,1509.723435,189.0655142,188.2158808,0.001001968,0.001005531,0.001008742,0.001011081,483.3031558,483.3031558,483.3031558,1698.08826,1698.08826,1698.08826,1698.08826,1698.08826
8/9/2005,520.8349346,660.5748982,562.9172498,525.0290054,523.7701782,562.9172498,1839.454473,1740.540676,2095.057349,1800.094728,1729.648517,2095.057349,1773.242324,1847.7528,2095.057349,1730.53037,2474.876771,2095.057349,246.7927326,245.6278725,0.001001968,0.001005531,0.001008742,0.001011081,483.9521403,483.9521403,483.9521403,1725.135445,1725.135445,1725.135445,1725.135445,1725.135445
8/10/2005,569.7288014,364.9576063,624.2631196,662.9916202,660.5748982,624.2631196,2307.610702,1499.509425,2656.314476,2339.712232,1740.540676,2656.314476,2277.123053,1729.648517,2656.314476,2246.940889,1847.7528,2656.314476,308.184049,306.6712662,0.001001968,0.001005531,0.001008742,0.001011081,487.4426956,487.4426956,487.4426956,1831.881639,1831.881639,1831.881639,1831.881639,1831.881639
8/11/2005,329.6968583,403.9088221,350.7405706,365.2515621,364.9576063,350.7405706,1485.579761,2090.518794,1679.817442,1491.306602,1499.509425,1679.817442,1611.371141,1740.540676,1679.817442,1736.971221,1729.648517,1679.817442,136.3712979,135.7962234,0.001001968,0.001005531,0.001008742,0.001011081,482.1108799,482.1108799,482.1108799,1860.104965,1860.104965,1860.104965,1860.104965,1860.104965
8/12/2005,352.4536611,656.696144,381.4417915,386.8405642,403.9088221,381.4417915,1348.153096,3658.348161,1523.841523,1351.102064,2090.518794,1523.841523,1383.588203,1499.509425,1523.841523,1478.797275,1740.540676,1523.841523,181.3997696,180.5909528,0.001001968,0.001005531,0.001008742,0.001011081,471.9779538,471.9779538,471.9779538,1859.655388,1859.655388,1859.655388,1859.655388,1859.655388
8/13/2005,568.1074224,1763.580151,625.3807831,579.0936821,656.696144,625.3807831,1661.24666,3615.651491,1896.371033,1623.041917,3658.348161,1896.371033,1624.999666,2090.518794,1896.371033,1494.263322,1499.509425,1896.371033,323.5727944,321.971074,0.001001968,0.001005531,0.001008742,0.001011081,483.9318464,483.9318464,483.9318464,1853.701359,1853.701359,1853.701359,1853.701359,1853.701359
8/14/2005,1271.713037,2053.108483,1440.676963,1331.155442,1763.580151,1440.676963,2208.648832,2686.783978,2570.073169,2158.919815,3615.651491,2570.073169,2123.636766,3658.348161,2570.073169,1511.905042,2090.518794,2570.073169,818.3953854,813.6982304,0.001001968,0.001005531,0.001008742,0.001011081,585.4200162,585.4200162,585.4200162,1858.043627,1858.043627,1858.043627,1858.043627,1858.043627
8/15/2005,1957.570175,1174.151028,2253.629795,2299.662231,2053.108483,2253.629795,3249.929197,2058.818074,3848.28225,3419.943241,2686.783978,3848.28225,3518.438722,3615.651491,3848.28225,2513.802192,3658.348161,3848.28225,1223.974679,1216.530287,0.001001968,0.001005531,0.001008742,0.001011081,834.4170927,834.4170927,834.4170927,2045.719448,2045.719448,2045.719448,2045.719448,2045.719448
8/16/2005,1203.840873,846.9154366,1348.686069,1323.059172,1174.151028,1348.686069,3307.899478,2011.898759,3843.464694,3315.584411,2058.818074,3843.464694,3552.278661,2686.783978,3843.464694,4315.582225,3615.651491,3843.464694,654.9008424,651.2662843,0.001001968,0.001005531,0.001008742,0.001011081,977.2688446,977.2688446,977.2688446,2362.732446,2362.732446,2362.732446,2362.732446,2362.732446
8/17/2005,763.9978953,697.7482963,847.6717462,861.8465121,846.9154366,847.6717462,1973.59293,2172.980926,2262.459385,2007.612384,2011.898759,2262.459385,2144.977788,2058.818074,2262.459385,2711.88053,2686.783978,2262.459385,428.2552384,426.0332751,0.001001968,0.001005531,0.001008742,0.001011081,1028.844276,1028.844276,1028.844276,2457.778592,2457.778592,2457.778592,2457.778592,2457.778592
8/18/2005,618.5354586,605.0857319,678.6895838,710.2659674,697.7482963,678.6895838,1650.139379,1829.963689,1872.082994,1694.810503,2172.980926,1872.082994,1755.293116,2011.898759,1872.082994,1991.813067,2058.818074,1872.082994,317.8103075,316.2419655,0.001001968,0.001005531,0.001008742,0.001011081,1064.275787,1064.275787,1064.275787,2502.7506,2502.7506,2502.7506,2502.7506,2502.7506
8/19/2005,521.2039851,606.5048584,568.6561384,582.131978,605.0857319,568.6561384,1492.916924,1643.604911,1686.038303,1515.20687,1829.963689,1686.038303,1597.503901,2172.980926,1686.038303,1702.156199,2011.898759,1686.038303,259.1210817,257.8873052,0.001001968,0.001005531,0.001008742,0.001011081,1096.917262,1096.917262,1096.917262,2536.865006,2536.865006,2536.865006,2536.865006,2536.865006
8/20/2005,555.3149463,520.6036818,609.3778049,618.0862223,606.5048584,609.3778049,1692.427689,1545.23243,1924.435613,1710.951203,1643.604911,1924.435613,1757.729448,1829.963689,1924.435613,1761.966748,2172.980926,1924.435613,289.4101993,288.0050273,0.001001968,0.001005531,0.001008742,0.001011081,1109.599743,1109.599743,1109.599743,2582.361944,2582.361944,2582.361944,2582.361944,2582.361944
8/21/2005,488.7946561,464.8089988,531.7047817,537.4802906,520.6036818,531.7047817,1803.426964,1482.219164,2053.722313,1809.278385,1545.23243,2053.722313,1835.611491,1643.604911,2053.722313,1976.932469,1829.963689,2053.722313,234.9565886,233.8573997,0.001001968,0.001005531,0.001008742,0.001011081,1023.597099,1023.597099,1023.597099,2648.794531,2648.794531,2648.794531,2648.794531,2648.794531
8/22/2005,429.3832201,455.2673099,464.8607857,466.6147065,464.8089988,464.8607857,1440.371337,1437.155996,1623.375136,1444.241068,1482.219164,1623.375136,1478.092498,1545.23243,1623.375136,1567.918457,1643.604911,1623.375136,201.8766517,200.9582187,0.001001968,0.001005531,0.001008742,0.001011081,782.9518146,782.9518146,782.9518146,2494.675526,2494.675526,2494.675526,2494.675526,2494.675526
8/23/2005,416.9504309,433.0478527,452.0114033,456.0817403,455.2673099,452.0114033,1354.503781,1411.59099,1527.366726,1361.454337,1437.155996,1527.366726,1383.927593,1482.219164,1527.366726,1435.645224,1545.23243,1527.366726,201.2248292,200.3099138,0.001001968,0.001005531,0.001008742,0.001011081,637.5556576,637.5556576,637.5556576,2126.649459,2126.649459,2126.649459,2126.649459,2126.649459
8/24/2005,395.9348173,413.955181,428.5238136,433.6234345,433.0478527,428.5238136,1295.347685,1431.21873,1461.13233,1302.517117,1411.59099,1461.13233,1324.500043,1437.155996,1461.13233,1377.789312,1482.219164,1461.13233,188.9695326,188.1204119,0.001001968,0.001005531,0.001008742,0.001011081,565.6351872,565.6351872,565.6351872,1885.034044,1885.034044,1885.034044,1885.034044,1885.034044
8/25/2005,379.607547,400.0380604,410.4257952,414.3651095,413.955181,410.4257952,1251.296427,1985.376778,1410.432109,1256.917901,1431.21873,1410.432109,1278.500593,1411.59099,1410.432109,1317.272941,1437.155996,1410.432109,180.2744278,179.47158,0.001001968,0.001005531,0.001008742,0.001011081,521.0849808,521.0849808,521.0849808,1766.830047,1766.830047,1766.830047,1766.830047,1766.830047
8/26/2005,367.11278,429.9719138,396.8408136,400.3324849,400.0380604,396.8408136,1229.764747,1785.88653,1386.375283,1234.538474,1985.376778,1386.375283,1253.898431,1431.21873,1386.375283,1287.331282,1411.59099,1386.375283,175.1382357,174.3625543,0.001001968,0.001005531,0.001008742,0.001011081,488.2521605,488.2521605,488.2521605,1693.869186,1693.869186,1693.869186,1693.869186,1693.869186
8/27/2005,360.9799511,592.3468084,390.9098216,394.1578657,429.9719138,390.9098216,1222.438008,1024.042203,1379.04498,1227.047008,1785.88653,1379.04498,1246.157975,1985.376778,1379.04498,1267.407793,1431.21873,1379.04498,176.9968574,176.21136,0.001001968,0.001005531,0.001008742,0.001011081,454.8874993,454.8874993,454.8874993,1614.23519,1614.23519,1614.23519,1614.23519,1614.23519
8/28/2005,494.00291,886.5970445,539.2680507,521.3861453,592.3468084,539.2680507,1448.402009,1375.227448,1636.388135,1439.853416,1024.042203,1636.388135,1449.123717,1785.88653,1636.388135,1304.032355,1985.376778,1636.388135,249.9047393,248.7225314,0.001001968,0.001005531,0.001008742,0.001011081,447.9295927,447.9295927,447.9295927,1524.32865,1524.32865,1524.32865,1524.32865,1524.32865
8/29/2005,672.3372,1197.012548,735.3314273,719.9019478,886.5970445,735.3314273,2092.884797,2552.106997,2389.525487,2087.377685,1375.227448,2389.525487,2057.050199,1024.042203,2389.525487,1927.749656,1785.88653,2389.525487,317.6892577,316.1216159,0.001001968,0.001005531,0.001008742,0.001011081,472.6801883,472.6801883,472.6801883,1577.549723,1577.549723,1577.549723,1577.549723,1577.549723
8/30/2005,1185.774961,1686.321756,1274.612584,1028.330613,1197.012548,1274.612584,2242.631851,3504.102839,2504.410689,2030.300371,2552.106997,2504.410689,1993.609553,1375.227448,2504.410689,1773.6837,1024.042203,2504.410689,377.1384184,375.2224325,0.001001968,0.001005531,0.001008742,0.001011081,542.0012089,542.0012089,542.0012089,1652.253055,1652.253055,1652.253055,1652.253055,1652.253055
8/31/2005,1827.068967,1316.681054,1986.946615,1787.482762,1686.321756,1986.946615,2108.305319,3282.768818,2330.831565,1995.389731,3504.102839,2330.831565,1787.009546,2552.106997,2330.831565,1259.888868,1375.227448,2330.831565,639.1000461,635.5664622,0.001001968,0.001005531,0.001008742,0.001011081,688.4326765,688.4326765,688.4326765,1654.740586,1654.740586,1654.740586,1654.740586,1654.740586
9/1/2005,1535.069915,1467.587224,1607.396946,1467.056507,1316.681054,1607.396946,1928.999324,2813.479377,2056.33632,1835.56281,3282.768818,2056.33632,1689.446409,3504.102839,2056.33632,1860.934211,2552.106997,2056.33632,239.281188,238.1580622,0.001001968,0.001005531,0.001008742,0.001011081,812.4120343,812.4120343,812.4120343,1713.577381,1713.577381,1713.577381,1713.577381,1713.577381
9/2/2005,1822.62782,2712.742259,1919.025405,1507.409197,1467.587224,1919.025405,2721.349172,2865.610957,2983.169145,2344.588356,2813.479377,2983.169145,2433.592333,3282.768818,2983.169145,2235.316935,3504.102839,2983.169145,453.6890581,451.3128724,0.001001968,0.001005531,0.001008742,0.001011081,972.3262749,972.3262749,972.3262749,1910.001088,1910.001088,1910.001088,1910.001088,1910.001088
9/3/2005,2201.345954,1416.386889,2497.219809,2721.73373,2712.742259,2497.219809,3966.653181,2399.352889,4675.502381,4282.445719,2865.610957,4675.502381,4189.736418,2813.479377,4675.502381,3392.589143,3282.768818,4675.502381,1366.28414,1357.846246,0.001001968,0.001005531,0.001008742,0.001011081,1254.542545,1254.542545,1254.542545,2202.970208,2202.970208,2202.970208,2202.970208,2202.970208
9/4/2005,1022.652274,756.1987217,1088.099951,1422.018154,1416.386889,1088.099951,2508.189773,1950.944555,2825.420225,2848.728339,2399.352889,2825.420225,3124.503079,2865.610957,2825.420225,3876.332231,2813.479377,2825.420225,330.0940048,328.4544059,0.001001968,0.001005531,0.001008742,0.001011081,1421.381972,1421.381972,1421.381972,2496.274721,2496.274721,2496.274721,2496.274721,2496.274721
9/5/2005,645.853864,777.5208143,656.1834943,760.2549624,756.1987217,656.1834943,1040.283281,1781.641664,1079.74883,1149.252478,1950.944555,1079.74883,1498.010334,2399.352889,1079.74883,2065.71086,2865.610957,1079.74883,26.61931105,26.54431858,0.001001968,0.001005531,0.001008742,0.001011081,1485.693341,1485.693341,1485.693341,2603.13546,2603.13546,2603.13546,2603.13546,2603.13546
9/6/2005,700.9679366,740.0196533,734.1050435,780.4878167,777.5208143,734.1050435,1726.077136,1684.811044,1923.814203,1774.53749,1781.641664,1923.814203,1899.114678,1950.944555,1923.814203,2134.434421,2399.352889,1923.814203,168.809455,168.0670709,0.001001968,0.001005531,0.001008742,0.001011081,1478.389665,1478.389665,1478.389665,2623.595188,2623.595188,2623.595188,2623.595188,2623.595188
9/7/2005,672.7988837,689.2746824,709.511028,742.2168514,740.0196533,709.511028,1782.972053,1610.761377,1992.096794,1817.168947,1684.811044,1992.096794,1883.949826,1781.641664,1992.096794,2007.489599,1950.944555,1992.096794,192.5043438,191.6363135,0.001001968,0.001005531,0.001008742,0.001011081,1383.047831,1383.047831,1383.047831,2682.498236,2682.498236,2682.498236,2682.498236,2682.498236
9/8/2005,630.0659722,645.4916853,665.3132243,690.9172625,689.2746824,665.3132243,1543.132091,1547.721658,1712.329163,1573.119934,1610.761377,1712.329163,1628.48313,1684.811044,1712.329163,1714.898887,1781.641664,1712.329163,187.1434909,186.3041167,0.001001968,0.001005531,0.001008742,0.001011081,1303.341,1303.341,1303.341,2669.521893,2669.521893,2669.521893,2669.521893,2669.521893
9/9/2005,592.4801925,608.3840683,626.0358559,646.7273511,645.4916853,626.0358559,1444.91931,1494.631532,1604.033052,1470.213311,1547.721658,1604.033052,1517.486752,1610.761377,1604.033052,1586.954879,1684.811044,1604.033052,180.0835093,179.2816735,0.001001968,0.001005531,0.001008742,0.001011081,1182.436028,1182.436028,1182.436028,2510.357846,2510.357846,2510.357846,2510.357846,2510.357846
9/10/2005,560.1839363,576.3994028,592.2144351,609.3185872,608.3840683,592.2144351,1386.273966,1456.515013,1539.79835,1407.604419,1494.631532,1539.79835,1448.399624,1547.721658,1539.79835,1509.60056,1610.761377,1539.79835,173.5723116,172.8048873,0.001001968,0.001005531,0.001008742,0.001011081,934.0475593,934.0475593,934.0475593,2246.876057,2246.876057,2246.876057,2246.876057,2246.876057
9/11/2005,532.0450621,548.3786721,562.7068482,577.11384,576.3994028,562.7068482,1339.318581,1526.831221,1488.15053,1357.547291,1456.515013,1488.15053,1393.383935,1494.631532,1488.15053,1446.453564,1547.721658,1488.15053,167.6406649,166.9044082,0.001001968,0.001005531,0.001008742,0.001011081,781.3596475,781.3596475,781.3596475,1961.573315,1961.573315,1961.573315,1961.573315,1961.573315
9/12/2005,507.1813316,523.4775978,536.6054108,548.9351269,548.3786721,536.6054108,1299.780605,1735.983574,1444.54003,1315.557185,1526.831221,1444.54003,1347.497224,1456.515013,1444.54003,1393.860305,1494.631532,1444.54003,162.2127487,161.5048563,0.001001968,0.001005531,0.001008742,0.001011081,704.2109887,704.2109887,704.2109887,1762.382703,1762.382703,1762.382703,1762.382703,1762.382703
9/13/2005,484.9288982,504.9560643,513.2230138,523.9206744,523.4775978,513.2230138,1263.703045,2264.774095,1404.778829,1277.486434,1735.983574,1404.778829,1306.232518,1526.831221,1404.778829,1349.516067,1456.515013,1404.778829,157.2083057,156.5264275,0.001001968,0.001005531,0.001008742,0.001011081,653.4927306,653.4927306,653.4927306,1648.428212,1648.428212,1648.428212,1648.428212,1648.428212
9/14/2005,465.6156556,542.6520279,493.0453252,502.4394487,504.9560643,493.0453252,1240.365032,2098.605028,1379.557632,1252.49011,2264.774095,1379.557632,1278.741746,1735.983574,1379.557632,1315.139022,1526.831221,1379.557632,153.5486291,152.8856891,0.001001968,0.001005531,0.001008742,0.001011081,613.363969,613.363969,613.363969,1576.153114,1576.153114,1576.153114,1576.153114,1576.153114
9/15/2005,495.9908055,609.6944868,530.5180266,541.7697731,542.6520279,530.5180266,1366.364278,1652.792395,1531.817446,1382.047842,2098.605028,1531.817446,1398.26341,2264.774095,1531.817446,1377.305706,1735.983574,1531.817446,191.8766158,191.0119477,0.001001968,0.001005531,0.001008742,0.001011081,586.0945941,586.0945941,586.0945941,1537.561093,1537.561093,1537.561093,1537.561093,1537.561093
9/16/2005,560.7075649,623.4130979,604.7851371,608.6013845,609.6944868,604.7851371,1612.082051,1465.621528,1824.482839,1620.45129,1652.792395,1824.482839,1622.098855,2098.605028,1824.482839,1607.73332,2264.774095,1824.482839,241.0449104,239.9120031,0.001001968,0.001005531,0.001008742,0.001011081,573.2439452,573.2439452,573.2439452,1544.477871,1544.477871,1544.477871,1544.477871,1544.477871
9/17/2005,572.2424127,483.5034253,620.0443584,626.259781,623.4130979,620.0443584,2040.935581,1343.182347,2332.860168,2044.745431,1465.621528,2332.860168,2060.324659,1652.792395,2332.860168,2051.340385,2098.605028,2332.860168,260.4323662,259.1912297,0.001001968,0.001005531,0.001008742,0.001011081,571.869992,571.869992,571.869992,1641.421625,1641.421625,1641.421625,1641.421625,1641.421625
9/18/2005,454.820858,461.1495901,484.4843613,485.555639,483.5034253,484.4843613,1749.061303,1284.908054,1983.935436,1743.12677,1343.182347,1983.935436,1786.588486,1465.621528,1983.935436,1930.183931,1652.792395,1983.935436,167.671464,166.935046,0.001001968,0.001005531,0.001008742,0.001011081,561.5929974,561.5929974,561.5929974,1722.527259,1722.527259,1722.527259,1722.527259,1722.527259
9/19/2005,426.7635424,438.5912638,456.7063461,461.3113532,461.1495901,456.7063461,1305.245363,1258.090964,1463.082301,1310.957944,1284.908054,1463.082301,1346.791713,1343.182347,1463.082301,1408.230898,1465.621528,1463.082301,171.9390128,171.1801881,0.001001968,0.001005531,0.001008742,0.001011081,549.7252044,549.7252044,549.7252044,1738.148375,1738.148375,1738.148375,1738.148375,1738.148375
9/20/2005,402.5077701,410.6647851,430.2309599,438.6446916,438.5912638,430.2309599,1215.694309,1234.127602,1362.359529,1225.422988,1258.090964,1362.359529,1245.298361,1284.908054,1362.359529,1300.340627,1343.182347,1362.359529,160.4900922,159.7911696,0.001001968,0.001005531,0.001008742,0.001011081,536.3554438,536.3554438,536.3554438,1730.391717,1730.391717,1730.391717,1730.391717,1730.391717
9/21/2005,379.8689378,396.3276383,404.8588014,410.7784678,410.6647851,404.8588014,1129.56128,1208.400159,1261.456296,1136.867654,1234.127602,1261.456296,1157.841122,1258.090964,1261.456296,1195.488998,1284.908054,1261.456296,145.8583659,145.2349772,0.001001968,0.001005531,0.001008742,0.001011081,522.6701931,522.6701931,522.6701931,1715.025184,1715.025184,1715.025184,1715.025184,1715.025184
9/22/2005,368.1891843,385.4086725,392.3966786,396.4693276,396.3276383,392.3966786,1106.133751,1147.381576,1235.091444,1111.560154,1208.400159,1235.091444,1129.599501,1234.127602,1235.091444,1155.293105,1258.090964,1235.091444,142.1309245,141.526583,0.001001968,0.001005531,0.001008742,0.001011081,503.1789696,503.1789696,503.1789696,1682.060455,1682.060455,1682.060455,1682.060455,1682.060455
9/23/2005,357.6368708,371.7461968,381.3057683,385.5315234,385.4086725,381.3057683,1091.958818,618.1727251,1219.916807,1097.297146,1147.381576,1219.916807,1112.921178,1208.400159,1219.916807,1140.355658,1234.127602,1219.916807,139.7474611,139.1552555,0.001001968,0.001005531,0.001008742,0.001011081,474.8933227,474.8933227,474.8933227,1612.748584,1612.748584,1612.748584,1612.748584,1612.748584
9/24/2005,345.1366308,359.3880936,367.7949535,371.8763093,371.7461968,367.7949535,1069.201052,1350.299565,1193.985404,1074.098271,618.1727251,1193.985404,1089.052138,1147.381576,1193.985404,1116.556079,1208.400159,1193.985404,134.6279498,134.0616935,0.001001968,0.001005531,0.001008742,0.001011081,439.3476069,439.3476069,439.3476069,1460.36559,1460.36559,1460.36559,1460.36559,1460.36559
9/25/2005,334.0214039,343.2419035,355.8544832,359.5257065,359.3880936,355.8544832,1047.26636,1530.59128,1169.257468,1051.532509,1350.299565,1169.257468,1065.719745,618.1727251,1169.257468,1092.384952,1147.381576,1169.257468,130.5189826,129.9734337,0.001001968,0.001005531,0.001008742,0.001011081,416.109587,416.109587,416.109587,1329.007025,1329.007025,1329.007025,1329.007025,1329.007025
9/26/2005,311.9685674,290.010028,330.5934563,337.6689526,343.2419035,330.5934563,990.7534619,1310.079632,1101.45116,997.8325149,1530.59128,1101.45116,1005.179876,1350.299565,1101.45116,1039.68477,618.1727251,1101.45116,112.2101803,111.7555077,0.001001968,0.001005531,0.001008742,0.001011081,395.1693809,395.1693809,395.1693809,1262.323061,1262.323061,1262.323061,1262.323061,1262.323061
9/27/2005,320.2285377,480.8692803,324.6893536,291.7009404,290.010028,324.6893536,597.4197613,1479.596265,617.4934754,567.9219667,1310.079632,617.4934754,506.5509885,1530.59128,617.4934754,583.2270961,1350.299565,617.4934754,0.001000564,0.001006515,0.001001968,0.001005531,0.001008742,0.001011081,364.3811171,364.3811171,364.3811171,1153.309641,1153.309641,1153.309641,1153.309641,1153.309641
9/28/2005,864.3289755,1366.281789,890.1553391,484.5917805,480.8692803,890.1553391,1737.042513,1844.774931,1899.947305,1331.629599,1479.596265,1899.947305,1286.18145,1310.079632,1899.947305,1134.597936,1530.59128,1899.947305,143.6948507,143.0825276,0.001001968,0.001005531,0.001008742,0.001011081,365.9846247,365.9846247,365.9846247,1167.281208,1167.281208,1167.281208,1167.281208,1167.281208
9/29/2005,1075.088606,524.8824629,1212.354342,1364.329877,1366.281789,1212.354342,2125.688255,1599.532223,2476.959325,2317.703215,1844.774931,2476.959325,2106.337331,1479.596265,2476.959325,1522.082498,1310.079632,2476.959325,701.5539764,697.6194168,0.001001968,0.001005531,0.001008742,0.001011081,456.1274023,456.1274023,456.1274023,1218.612734,1218.612734,1218.612734,1218.612734,1218.612734
9/30/2005,330.9248662,340.5758805,334.1070896,525.710108,524.8824629,334.1070896,1122.771246,1325.450994,1222.549782,1306.732809,1599.532223,1222.549782,1429.878446,1844.774931,1222.549782,1810.553653,1479.596265,1222.549782,0.001000564,0.001006515,0.001001968,0.001005531,0.001008742,0.001011081,494.5731061,494.5731061,494.5731061,1282.821381,1282.821381,1282.821381,1282.821381,1282.821381
10/1/2005,429.7567103,719.503048,432.8156486,342.0134901,340.5758805,432.8156486,830.3265583,1331.787278,869.1931828,738.169781,1325.450994,869.1931828,915.245134,1599.532223,869.1931828,1073.279669,1844.774931,869.1931828,0.001000564,0.001006515,0.001001968,0.001005531,0.001008742,0.001011081,515.2125215,515.2125215,515.2125215,1347.398355,1347.398355,1347.398355,1347.398355,1347.398355
10/2/2005,641.7055657,518.8994938,699.6603893,719.702163,719.503048,699.6603893,1633.798346,1265.787186,1865.722839,1663.458887,1331.787278,1865.722839,1643.752431,1325.450994,1865.722839,1526.052589,1599.532223,1865.722839,322.7315574,321.1347152,0.001001968,0.001005531,0.001008742,0.001011081,557.440519,557.440519,557.440519,1393.516554,1393.516554,1393.516554,1393.516554,1393.516554
10/3/2005,440.8806337,398.3638856,465.7048552,519.0606748,518.8994938,465.7048552,1375.045479,1207.482823,1537.087357,1425.828975,1265.787186,1537.087357,1456.456292,1331.787278,1537.087357,1595.507239,1325.450994,1537.087357,149.5785453,148.9360657,0.001001968,0.001005531,0.001008742,0.001011081,586.6179589,586.6179589,586.6179589,1441.660715,1441.660715,1441.660715,1441.660715,1441.660715
10/4/2005,364.1785082,393.6612944,378.1164848,398.5449291,398.3638856,378.1164848,951.7362154,10805.68738,1036.616251,971.5126202,1207.482823,1036.616251,1030.177935,1265.787186,1036.616251,1131.32634,1331.787278,1036.616251,86.49694652,86.16547898,0.001001968,0.001005531,0.001008742,0.001011081,618.2449637,618.2449637,618.2449637,1545.284859,1545.284859,1545.284859,1545.284859,1545.284859
10/5/2005,363.6812063,378.2749904,380.7208736,393.8592999,393.6612944,380.7208736,1052.268607,40595.87588,1165.557842,1064.13318,10805.68738,1165.557842,1090.426188,1207.482823,1165.557842,1141.554787,1265.787186,1165.557842,105.8056552,105.3821903,0.001001968,0.001005531,0.001008742,0.001011081,615.7456428,615.7456428,615.7456428,1522.113147,1522.113147,1522.113147,1522.113147,1522.113147
10/6/2005,350.3436296,1875.718657,367.5000618,378.4874311,378.2749904,367.5000618,1061.322398,53371.86287,1177.108171,1070.613399,40595.87588,1177.108171,1089.158017,10805.68738,1177.108171,1125.218053,1207.482823,1177.108171,107.0520535,106.6225405,0.001001968,0.001005531,0.001008742,0.001011081,523.877206,523.877206,523.877206,1458.572701,1458.572701,1458.572701,1458.572701,1458.572701
10/7/2005,392.7427591,12790.58001,413.9969301,426.7467319,1875.718657,413.9969301,1172.569205,38557.68236,1298.960342,1188.406543,53371.86287,1298.960342,1173.425145,40595.87588,1298.960342,1087.424769,10805.68738,1298.960342,128.5395969,128.0039841,0.001001968,0.001005531,0.001008742,0.001011081,486.2661539,486.2661539,486.2661539,1388.793993,1388.793993,1388.793993,1388.793993,1388.793993
10/8/2005,6391.770011,15285.84412,7509.239927,7160.240682,12790.58001,7509.239927,17835.78952,28871.47623,21373.52079,17940.19492,38557.68236,21373.52079,17247.8475,53371.86287,21373.52079,10438.4716,40595.87588,21373.52079,3842.521138,3815.407396,0.001001968,0.001005531,0.001008742,0.001011081,1214.986844,1214.986844,1214.986844,3064.711473,3064.711473,3064.711473,3064.711473,3064.711473
10/9/2005,18503.4679,10170.00067,21667.32426,19347.64415,15285.84412,21667.32426,53711.0681,19826.75784,65536.74995,52528.25304,28871.47623,65536.74995,52346.09404,38557.68236,65536.74995,40536.28557,53371.86287,65536.74995,8635.254224,8568.370098,0.001001968,0.001005531,0.001008742,0.001011081,3639.661389,3639.661389,3639.661389,10140.60844,10140.60844,10140.60844,10140.60844,10140.60844
10/10/2005,11902.15514,11477.66237,13551.65348,12123.19198,10170.00067,13551.65348,48708.08332,28179.97562,59331.96664,47225.94935,19826.75784,59331.96664,47681.15255,28871.47623,59331.96664,56237.70208,38557.68236,59331.96664,5576.840259,5535.720323,0.001001968,0.001005531,0.001008742,0.001011081,5304.949869,5304.949869,5304.949869,18232.63778,18232.63778,18232.63778,18232.63778,18232.63778
10/11/2005,8439.547059,14490.04566,9951.514416,10598.33025,11477.66237,9951.514416,22776.06225,35562.72576,27848.83196,23721.94723,28179.97562,27848.83196,24792.16165,19826.75784,27848.83196,27346.75525,28871.47623,27848.83196,5967.780314,5923.433675,0.001001968,0.001005531,0.001008742,0.001011081,6745.917499,6745.917499,6745.917499,22751.7283,22751.7283,22751.7283,22751.7283,22751.7283
10/12/2005,7766.338008,17718.52582,8908.592909,9619.652122,14490.04566,8908.592909,21826.86966,29013.82155,26157.37867,22824.09436,35562.72576,26157.37867,23630.00586,28179.97562,26157.37867,24472.29714,19826.75784,26157.37867,4187.126183,4157.274668,0.001001968,0.001005531,0.001008742,0.001011081,8072.237778,8072.237778,8072.237778,26526.47624,26526.47624,26526.47624,26526.47624,26526.47624
10/13/2005,19631.20627,19101.99505,22770.80813,20334.56434,17718.52582,22770.80813,27327.81197,24419.79537,32800.83823,26491.90331,29013.82155,32800.83823,27857.38723,35562.72576,32800.83823,18346.58206,28179.97562,32800.83823,9104.884149,9033.952191,0.001001968,0.001005531,0.001008742,0.001011081,10801.06294,10801.06294,10801.06294,30077.09665,30077.09665,30077.09665,30077.09665,30077.09665
10/14/2005,17656.26325,15033.00277,20761.58724,20273.20799,19101.99505,20761.58724,31853.47202,20636.95855,38940.16473,32504.00707,24419.79537,38940.16473,33771.12136,29013.82155,38940.16473,34464.62667,35562.72576,38940.16473,10494.4354,10411.40971,0.001001968,0.001005531,0.001008742,0.001011081,13475.33574,13475.33574,13475.33574,34398.74243,34398.74243,34398.74243,34398.74243,34398.74243
10/15/2005,12469.96228,8030.300635,14630.94562,15696.97802,15033.00277,14630.94562,24976.12945,15836.08329,30423.94698,26751.41678,20636.95855,30423.94698,29078.85449,24419.79537,30423.94698,32536.73202,29013.82155,30423.94698,7748.968603,7689.663332,0.001001968,0.001005531,0.001008742,0.001011081,15000.03844,15000.03844,15000.03844,37296.68024,37296.68024,37296.68024,37296.68024,37296.68024
10/16/2005,6886.19334,7727.597837,7652.123776,8344.158645,8030.300635,7652.123776,14391.39946,12500.03127,16784.60534,15318.43886,15836.08329,16784.60534,17666.29206,20636.95855,16784.60534,24354.6123,24419.79537,16784.60534,2909.471231,2889.630346,0.001001968,0.001005531,0.001008742,0.001011081,13931.45482,13931.45482,13931.45482,33898.75009,33898.75009,33898.75009,33898.75009,33898.75009
10/17/2005,6935.57461,7996.214806,7880.400738,7773.009639,7727.597837,7880.400738,12989.02298,11169.78393,15386.04582,13180.18599,12500.03127,15386.04582,15071.72968,15836.08329,15386.04582,16703.49598,20636.95855,15386.04582,3772.894665,3746.330962,0.001001968,0.001005531,0.001008742,0.001011081,13456.98575,13456.98575,13456.98575,28530.12229,28530.12229,28530.12229,28530.12229,28530.12229
10/18/2005,6553.227911,5639.510938,7586.489274,8031.04282,7996.214806,7586.489274,14743.79836,10249.42036,17756.94068,15457.52563,11169.78393,17756.94068,16328.40102,12500.03127,17756.94068,17476.62048,15836.08329,17756.94068,4149.233177,4119.683928,0.001001968,0.001005531,0.001008742,0.001011081,13108.16856,13108.16856,13108.16856,26254.53004,26254.53004,26254.53004,26254.53004,26254.53004
10/19/2005,4525.013864,4095.594389,5100.419803,5666.06206,5639.510938,5100.419803,10026.96305,6431.42436,11812.05004,10746.29092,10249.42036,11812.05004,11731.19044,11169.78393,11812.05004,13880.23574,12500.03127,11812.05004,2389.400013,2373.506358,0.001001968,0.001005531,0.001008742,0.001011081,12611.40126,12611.40126,12611.40126,24353.53581,24353.53581,24353.53581,24353.53581,24353.53581
10/20/2005,3488.730967,3678.07072,3853.222436,4111.97473,4095.594389,3853.222436,6969.380406,10762.8985,8047.324667,7341.615847,6431.42436,8047.324667,8295.005253,10249.42036,8047.324667,9904.0759,11169.78393,8047.324667,1547.206494,1537.487432,0.001001968,0.001005531,0.001008742,0.001011081,10510.58826,10510.58826,10510.58826,22295.94307,22295.94307,22295.94307,22295.94307,22295.94307
10/21/2005,3160.44527,6181.888992,3496.902792,3651.006541,3678.07072,3496.902792,7203.278801,16700.51233,8355.766111,7445.23698,10762.8985,8355.766111,8020.180168,6431.42436,8355.766111,8932.903635,10249.42036,8355.766111,1445.072029,1436.078573,0.001001968,0.001005531,0.001008742,0.001011081,8349.396819,8349.396819,8349.396819,19203.94229,19203.94229,19203.94229,19203.94229,19203.94229
10/22/2005,3258.552944,7022.977973,3622.311696,3769.90699,6181.888992,3622.311696,7962.31447,19754.40696,9277.329651,8208.015902,16700.51233,9277.329651,8460.637392,10762.8985,9277.329651,8665.906436,6431.42436,9277.329651,1532.823555,1523.207031,0.001001968,0.001005531,0.001008742,0.001011081,6559.643812,6559.643812,6559.643812,15717.11165,15717.11165,15717.11165,15717.11165,15717.11165
10/23/2005,8926.722567,9110.919977,9902.041933,8338.177609,7022.977973,9902.041933,11417.78076,22463.7234,12990.48006,10436.1746,19754.40696,12990.48006,10209.16856,16700.51233,12990.48006,6177.484011,10762.8985,12990.48006,2805.743083,2786.696289,0.001001968,0.001005531,0.001008742,0.001011081,6180.933419,6180.933419,6180.933419,13105.60271,13105.60271,13105.60271,13105.60271,13105.60271
10/24/2005,8757.494205,14012.01058,9658.428484,8840.126284,9110.919977,9658.428484,14574.3219,23847.02683,16799.1771,14115.03556,22463.7234,16799.1771,13326.11854,19754.40696,16799.1771,13724.99628,16700.51233,16799.1771,3196.001708,3173.951256,0.001001968,0.001005531,0.001008742,0.001011081,5972.497919,5972.497919,5972.497919,12036.05945,12036.05945,12036.05945,12036.05945,12036.05945
10/25/2005,12716.94087,13381.91551,14611.98812,13636.30125,14012.01058,14611.98812,20546.77936,21896.09671,24528.34776,20312.83813,23847.02683,24528.34776,20981.3432,22463.7234,24528.34776,15177.61008,19754.40696,24528.34776,6788.346731,6737.158066,0.001001968,0.001005531,0.001008742,0.001011081,6630.235425,6630.235425,6630.235425,12225.20603,12225.20603,12225.20603,12225.20603,12225.20603
10/26/2005,13202.50359,13153.41303,14844.57391,14140.31348,13381.91551,14844.57391,23884.73203,18194.76657,28062.22278,23788.7639,21896.09671,28062.22278,23779.682,23847.02683,28062.22278,23670.90238,22463.7234,28062.22278,5708.015969,5665.815869,0.001001968,0.001005531,0.001008742,0.001011081,7591.942576,7591.942576,7591.942576,13541.58006,13541.58006,13541.58006,13541.58006,13541.58006
10/27/2005,11789.6268,11750.47,13388.60712,13467.46034,13153.41303,13388.60712,19206.78457,14992.98524,22732.93063,19854.81903,18194.76657,22732.93063,21390.56382,21896.09671,22732.93063,21354.09354,23847.02683,22732.93063,5992.249192,5947.699854,0.001001968,0.001005531,0.001008742,0.001011081,8857.780092,8857.780092,8857.780092,15326.48494,15326.48494,15326.48494,15326.48494,15326.48494
10/28/2005,9430.008938,8057.538938,10843.79156,11797.82664,11750.47,10843.79156,17501.4769,12346.59752,20971.60749,18893.40116,14992.98524,20971.60749,20937.16264,18194.76657,20971.60749,22431.96514,21896.09671,20971.60749,5510.889549,5470.311695,0.001001968,0.001005531,0.001008742,0.001011081,10092.65978,10092.65978,10092.65978,17232.40295,17232.40295,17232.40295,17232.40295,17232.40295
10/29/2005,6410.516995,5889.920138,7171.8831,8085.004452,8057.538938,7171.8831,12783.82766,10368.30436,14967.40117,13919.11365,12346.59752,14967.40117,15715.93293,14992.98524,14967.40117,19431.0505,18194.76657,14967.40117,3073.713958,3052.609318,0.001001968,0.001005531,0.001008742,0.001011081,10881.84946,10881.84946,10881.84946,18773.93202,18773.93202,18773.93202,18773.93202,18773.93202
10/30/2005,4955.388667,5196.515937,5440.662858,5907.455741,5889.920138,5440.662858,9318.740687,9558.382619,10698.22962,9942.231543,10368.30436,10698.22962,11379.10667,12346.59752,10698.22962,13912.14653,14992.98524,10698.22962,1998.944513,1985.951754,0.001001968,0.001005531,0.001008742,0.001011081,10805.98271,10805.98271,10805.98271,19747.70412,19747.70412,19747.70412,19747.70412,19747.70412
10/31/2005,4546.214698,4849.008424,5003.527757,5208.0065,5196.515937,5003.527757,9106.844369,9235.120684,10503.21791,9445.933689,9558.382619,10503.21791,10368.46394,10368.30436,10503.21791,11765.20007,12346.59752,10503.21791,1905.905425,1893.594752,0.001001968,0.001005531,0.001008742,0.001011081,10573.35665,10573.35665,10573.35665,19668.81851,19668.81851,19668.81851,19668.81851,19668.81851
11/1/2005,4321.757114,4836.521131,4764.78448,4850.194689,4849.008424,4764.78448,8650.260573,8853.920105,9988.011971,8865.624149,9235.120684,9988.011971,9496.920369,9558.382619,9988.011971,10305.00015,10368.30436,9988.011971,1863.518011,1851.516816,0.001001968,0.001005531,0.001008742,0.001011081,9494.559773,9494.559773,9494.559773,18548.14567,18548.14567,18548.14567,18548.14567,18548.14567
11/2/2005,4439.67728,4975.659375,4914.209881,4843.297108,4836.521131,4914.209881,8141.344204,8502.391171,9405.199912,8224.274672,8853.920105,9405.199912,8743.980282,9235.120684,9405.199912,9039.556095,9558.382619,9405.199912,2000.456513,1987.452639,0.001001968,0.001005531,0.001008742,0.001011081,8356.415105,8356.415105,8356.415105,16523.40936,16523.40936,16523.40936,16523.40936,16523.40936
11/3/2005,4405.545267,4708.269656,4910.422368,4982.104174,4975.659375,4910.422368,7956.165043,8387.076971,9241.238847,8193.04133,8502.391171,9241.238847,8593.507462,8853.920105,9241.238847,8743.612663,9235.120684,9241.238847,2135.329883,2121.330639,0.001001968,0.001005531,0.001008742,0.001011081,7116.278574,7116.278574,7116.278574,14369.27439,14369.27439,14369.27439,14369.27439,14369.27439
11/4/2005,4032.972354,4114.155828,4510.446541,4709.466055,4708.269656,4510.446541,7460.095066,8165.073162,8686.119198,7813.544766,8387.076971,8686.119198,8367.738273,8502.391171,8686.119198,8582.907324,8853.920105,8686.119198,2035.877384,2022.612832,0.001001968,0.001005531,0.001008742,0.001011081,6007.13566,6007.13566,6007.13566,12353.48999,12353.48999,12353.48999,12353.48999,12353.48999
11/5/2005,3555.298681,3879.044889,3951.357888,4114.293067,4114.155828,3951.357888,6726.111698,7638.571632,7785.780023,7016.231981,8165.073162,7785.780023,7596.20165,8387.076971,7785.780023,8192.649076,8502.391171,7785.780023,1708.42175,1697.545795,0.001001968,0.001005531,0.001008742,0.001011081,5304.786392,5304.786392,5304.786392,10724.06412,10724.06412,10724.06412,10724.06412,10724.06412
11/6/2005,3368.578164,3825.725105,3752.383046,3855.545881,3879.044889,3752.383046,6345.391752,7420.97724,7352.332284,6574.235114,7638.571632,7352.332284,7097.16702,8165.073162,7352.332284,7493.995276,8387.076971,7352.332284,1663.51778,1652.965417,0.001001968,0.001005531,0.001008742,0.001011081,4889.702337,4889.702337,4889.702337,9617.627414,9617.627414,9617.627414,9617.627414,9617.627414
11/7/2005,3432.298099,3880.644752,3827.206957,3832.234371,3825.725105,3827.206957,6787.483759,7929.103082,7876.729327,6917.193348,7420.97724,7876.729327,7312.701877,7638.571632,7876.729327,7507.604227,8165.073162,7876.729327,1701.308005,1690.483382,0.001001968,0.001005531,0.001008742,0.001011081,4621.958585,4621.958585,4621.958585,8970.491682,8970.491682,8970.491682,8970.491682,8970.491682
11/8/2005,3458.487128,3739.448345,3877.353676,3892.681192,3880.644752,3877.353676,6831.24957,7630.453615,7965.516049,6976.341353,7929.103082,7965.516049,7350.036766,7420.97724,7965.516049,7468.239149,7638.571632,7965.516049,1809.287266,1797.680821,0.001001968,0.001005531,0.001008742,0.001011081,4447.79287,4447.79287,4447.79287,8594.107861,8594.107861,8594.107861,8594.107861,8594.107861
11/9/2005,3176.941646,3788.989779,3574.86543,3678.395182,3739.448345,3574.86543,6209.351236,7498.862681,7247.114047,6439.779497,7630.453615,7247.114047,6892.89458,7929.103082,7247.114047,7095.425761,7420.97724,7247.114047,1737.116602,1726.033337,0.001001968,0.001005531,0.001008742,0.001011081,4278.566344,4278.566344,4278.566344,8319.220672,8319.220672,8319.220672,8319.220672,8319.220672
11/10/2005,3501.948625,4007.576344,3907.716399,3806.707843,3788.989779,3907.716399,6589.659346,7032.219042,7620.445235,6634.028,7498.862681,7620.445235,6885.858399,7630.453615,7620.445235,6842.845474,7929.103082,7620.445235,1722.740614,1711.761261,0.001001968,0.001005531,0.001008742,0.001011081,4101.54827,4101.54827,4101.54827,8091.083164,8091.083164,8091.083164,8091.083164,8091.083164
11/11/2005,3757.987701,4029.989973,4193.657266,4040.359255,4007.576344,4193.657266,7229.135633,6459.572553,8390.924576,7215.115778,7032.219042,8390.924576,7452.509041,7498.862681,8390.924576,7454.748418,7630.453615,8390.924576,1864.598404,1852.589331,0.001001968,0.001005531,0.001008742,0.001011081,3967.508158,3967.508158,3967.508158,7945.591319,7945.591319,7945.591319,7945.591319,7945.591319
11/12/2005,3490.171235,3478.606212,3948.579464,4029.347535,4029.989973,3948.579464,6506.305625,6505.669175,7629.109332,6735.92718,6459.572553,7629.109332,7225.350465,7032.219042,7629.109332,7181.036937,7498.862681,7629.109332,1991.789792,1978.849619,0.001001968,0.001005531,0.001008742,0.001011081,3931.93004,3931.93004,3931.93004,7800.476652,7800.476652,7800.476652,7800.476652,7800.476652
11/13/2005,2933.774919,3007.891163,3295.427564,3476.405555,3478.606212,3295.427564,5791.020888,8149.471881,6747.242978,6085.194166,6505.669175,6747.242978,6536.153449,6459.572553,6747.242978,7140.821047,7032.219042,6747.242978,1598.793259,1588.705495,0.001001968,0.001005531,0.001008742,0.001011081,3869.909795,3869.909795,3869.909795,7703.064512,7703.064512,7703.064512,7703.064512,7703.064512
11/14/2005,2586.7017,3176.924644,2878.874016,2967.835079,3007.891163,2878.874016,4969.610397,9236.339747,5734.889809,5154.493891,8149.471881,5734.889809,5609.991326,6505.669175,5734.889809,6123.792369,6459.572553,5734.889809,1308.754894,1300.720226,0.001001968,0.001005531,0.001008742,0.001011081,3765.224464,3765.224464,3765.224464,7528.271548,7528.271548,7528.271548,7528.271548,7528.271548
11/15/2005,2892.358944,3903.610012,3228.428061,3170.09669,3176.924644,3228.428061,5253.251693,10095.98365,6074.081665,5313.025897,9236.339747,6074.081665,5591.029982,8149.471881,6074.081665,5637.009408,6505.669175,6074.081665,1471.320323,1462.140959,0.001001968,0.001005531,0.001008742,0.001011081,3656.489537,3656.489537,3656.489537,7275.72592,7275.72592,7275.72592,7275.72592,7275.72592
11/16/2005,3415.388752,4493.459804,3836.726627,3743.847435,3903.610012,3836.726627,6293.314409,10312.35108,7326.068333,6348.201531,10095.98365,7326.068333,6479.371031,9236.339747,7326.068333,6118.988568,8149.471881,7326.068333,1812.76646,1801.13473,0.001001968,0.001005531,0.001008742,0.001011081,3616.304256,3616.304256,3616.304256,7123.812492,7123.812492,7123.812492,7123.812492,7123.812492
11/17/2005,4599.361128,5109.094258,5073.605896,4555.267771,4493.459804,5073.605896,9146.368343,9393.439963,10546.70302,8798.134397,10312.35108,10546.70302,8597.060945,10095.98365,10546.70302,7977.1657,9236.339747,10546.70302,1897.488169,1885.239017,0.001001968,0.001005531,0.001008742,0.001011081,3657.650842,3657.650842,3657.650842,7316.395983,7316.395983,7316.395983,7316.395983,7316.395983
11/18/2005,5445.135341,7442.804758,5972.765342,5177.368568,5109.094258,5972.765342,10140.60888,10637.0411,11673.25278,9506.531874,9393.439963,11673.25278,9510.467826,10312.35108,11673.25278,9075.945718,10095.98365,11673.25278,2182.446915,2168.098213,0.001001968,0.001005531,0.001008742,0.001011081,3779.01791,3779.01791,3779.01791,7630.455727,7630.455727,7630.455727,7630.455727,7630.455727
11/19/2005,6149.222849,5005.872175,7167.940527,7444.56638,7442.804758,7167.940527,10638.74264,11009.53638,12863.92295,11246.45938,10637.0411,12863.92295,11804.10911,9393.439963,12863.92295,9669.693261,10312.35108,12863.92295,4172.162327,4142.430211,0.001001968,0.001005531,0.001008742,0.001011081,4200.370952,4200.370952,4200.370952,8077.012429,8077.012429,8077.012429,8077.012429,8077.012429
11/20/2005,3855.439636,3481.447554,4352.478627,5005.017202,5005.872175,4352.478627,8316.039385,8970.759019,9779.803037,9101.431219,11009.53638,9779.803037,9877.026924,10637.0411,9779.803037,11740.8899,9393.439963,9779.803037,2139.607037,2125.576107,0.001001968,0.001005531,0.001008742,0.001011081,4452.317346,4452.317346,4452.317346,8579.966689,8579.966689,8579.966689,8579.966689,8579.966689
11/21/2005,2930.91703,4126.700437,3217.524061,3422.958576,3481.447554,3217.524061,4805.795671,8203.405235,5461.465788,5119.758074,8970.759019,5461.465788,6072.079317,11009.53638,5461.465788,7404.87445,10637.0411,5461.465788,1270.113351,1262.348321,0.001001968,0.001005531,0.001008742,0.001011081,4587.139441,4587.139441,4587.139441,8943.785129,8943.785129,8943.785129,8943.785129,8943.785129
11/22/2005,3680.461412,4217.19862,4140.251271,4129.886939,4126.700437,4140.251271,8346.300288,7481.040631,9760.886879,8473.60392,8203.405235,9760.886879,8869.738622,8970.759019,9760.886879,8672.637741,11009.53638,9760.886879,1951.654308,1939.008714,0.001001968,0.001005531,0.001008742,0.001011081,4728.972669,4728.972669,4728.972669,9463.752645,9463.752645,9463.752645,9463.752645,9463.752645
11/23/2005,3745.616278,3624.062282,4217.424863,4244.741739,4217.19862,4217.424863,9597.986026,6746.031324,11282.39834,9732.366548,7481.040631,11282.39834,10003.11278,8203.405235,11282.39834,10240.17049,8970.759019,11282.39834,2010.873051,1997.792572,0.001001968,0.001005531,0.001008742,0.001011081,4823.517757,4823.517757,4823.517757,10049.4568,10049.4568,10049.4568,10049.4568,10049.4568
11/24/2005,3144.617093,3246.648465,3528.041895,3625.703877,3624.062282,3528.041895,6908.303248,6325.704303,8048.327607,7114.706103,6746.031324,8048.327607,7662.006247,7481.040631,8048.327607,8145.843084,8203.405235,8048.327607,1676.251465,1665.607443,0.001001968,0.001005531,0.001008742,0.001011081,4803.217734,4803.217734,4803.217734,10061.63973,10061.63973,10061.63973,10061.63973,10061.63973
11/25/2005,2817.116252,3003.685846,3151.09546,3244.885065,3246.648465,3151.09546,6034.076233,5110.331841,7006.434654,6225.716545,6325.704303,7006.434654,6661.92042,6746.031324,7006.434654,7272.079358,7481.040631,7006.434654,1477.854791,1468.629082,0.001001968,0.001005531,0.001008742,0.001011081,4609.080084,4609.080084,4609.080084,9721.960375,9721.960375,9721.960375,9721.960375,9721.960375
11/26/2005,2638.88528,2890.564263,2946.571721,3001.795489,3003.685846,2946.571721,5565.006667,9610.033419,6446.464692,5712.701203,5110.331841,6446.464692,6088.14294,6325.704303,6446.464692,6470.033268,6746.031324,6446.464692,1371.171386,1362.69914,0.001001968,0.001005531,0.001008742,0.001011081,4046.235166,4046.235166,4046.235166,9177.982731,9177.982731,9177.982731,9177.982731,9177.982731
11/27/2005,2543.614237,3468.663167,2843.993045,2883.790215,2890.564263,2843.993045,5283.558805,15839.14722,6121.667177,5415.798103,9610.033419,6121.667177,5743.727722,5110.331841,6121.667177,5991.68665,6325.704303,6121.667177,1343.940036,1335.659003,0.001001968,0.001005531,0.001008742,0.001011081,3700.249245,3700.249245,3700.249245,8536.973059,8536.973059,8536.973059,8536.973059,8536.973059
11/28/2005,2829.795087,5003.190059,3158.538083,3112.515759,3468.663167,3158.538083,5485.931026,18850.72868,6345.188191,5550.736228,15839.14722,6345.188191,5676.934925,9610.033419,6345.188191,5722.539279,5110.331841,6345.188191,1431.850399,1422.950434,0.001001968,0.001005531,0.001008742,0.001011081,3535.833524,3535.833524,3535.833524,8081.345088,8081.345088,8081.345088,8081.345088,8081.345088
11/29/2005,4148.366273,8399.573608,4640.515497,4334.32095,5003.190059,4640.515497,6198.416806,18602.09587,7159.203985,6116.922293,18850.72868,7159.203985,6225.017447,15839.14722,7159.203985,5074.905492,9610.033419,7159.203985,1967.094213,1954.335379,0.001001968,0.001005531,0.001008742,0.001011081,3518.090765,3518.090765,3518.090765,7495.887635,7495.887635,7495.887635,7495.887635,7495.887635
11/30/2005,9480.254812,10333.87503,10702.02091,8779.001848,8399.573608,10702.02091,17157.08377,16421.67379,19944.67732,15786.06225,18602.09587,19944.67732,15420.05892,18850.72868,19944.67732,10137.04668,15839.14722,19944.67732,4340.197468,4309.121986,0.001001968,0.001005531,0.001008742,0.001011081,3982.293455,3982.293455,3982.293455,7862.272613,7862.272613,7862.272613,7862.272613,7862.272613
12/1/2005,10250.084,12411.3161,11526.63739,10610.42016,10333.87503,11526.63739,20699.51576,13943.30561,24322.23213,20181.72205,16421.67379,24322.23213,19474.20641,18602.09587,24322.23213,19173.54236,18850.72868,24322.23213,4852.771414,4817.564779,0.001001968,0.001005531,0.001008742,0.001011081,4698.362755,4698.362755,4698.362755,9309.758421,9309.758421,9309.758421,9309.758421,9309.758421
12/2/2005,10502.91814,8759.206756,12321.9364,12447.8426,12411.3161,12321.9364,18206.28023,12025.9601,22119.59342,18931.91663,13943.30561,22119.59342,20636.20828,16421.67379,22119.59342,17685.18206,18602.09587,22119.59342,7052.318151,6998.909982,0.001001968,0.001005531,0.001008742,0.001011081,5995.661361,5995.661361,5995.661361,11071.91172,11071.91172,11071.91172,11071.91172,11071.91172
12/3/2005,6316.037286,4500.70619,7255.730119,8779.574815,8759.206756,7255.730119,13593.8736,9532.510833,16186.72829,15385.28168,12025.9601,16186.72829,16508.33602,13943.30561,16186.72829,20379.32506,16421.67379,16186.72829,3812.40195,3785.526279,0.001001968,0.001005531,0.001008742,0.001011081,6854.331669,6854.331669,6854.331669,12815.59423,12815.59423,12815.59423,12815.59423,12815.59423
12/4/2005,3717.161367,4347.421267,4005.89425,4514.360187,4500.70619,4005.89425,6650.711259,8448.316173,7431.267292,7271.707109,9532.510833,7431.267292,9131.921505,12025.9601,7431.267292,12366.68906,13943.30561,7431.267292,1216.97754,1209.581646,0.001001968,0.001005531,0.001008742,0.001011081,7307.523274,7307.523274,7307.523274,14109.90187,14109.90187,14109.90187,14109.90187,14109.90187
12/5/2005,3762.590287,4124.809488,4153.548231,4356.776758,4347.421267,4153.548231,7535.967915,8135.925968,8649.825533,7865.564816,8448.316173,8649.825533,8760.972193,9532.510833,8649.825533,10170.89105,12025.9601,8649.825533,1666.292122,1655.719796,0.001001968,0.001005531,0.001008742,0.001011081,7588.940248,7588.940248,7588.940248,14899.29599,14899.29599,14899.29599,14899.29599,14899.29599
12/6/2005,3592.519644,3841.869467,3994.771996,4131.288542,4124.809488,3994.771996,8326.265449,7442.71626,9664.922699,8566.568257,8135.925968,9664.922699,9126.377942,8448.316173,9664.922699,9873.213329,9532.510833,9664.922699,1725.695302,1714.6946,0.001001968,0.001005531,0.001008742,0.001011081,7640.907127,7640.907127,7640.907127,15458.0818,15458.0818,15458.0818,15458.0818,15458.0818
12/7/2005,3359.743105,3597.205821,3740.465837,3846.357444,3841.869467,3740.465837,7060.885699,7022.775564,8171.690381,7281.753483,7442.71626,8171.690381,7770.397403,8135.925968,8171.690381,8292.898758,8448.316173,8171.690381,1645.902863,1635.477158,0.001001968,0.001005531,0.001008742,0.001011081,7156.403422,7156.403422,7156.403422,14806.04597,14806.04597,14806.04597,14806.04597,14806.04597
12/8/2005,3155.440459,3389.920574,3514.87033,3600.278687,3597.205821,3514.87033,6420.025184,6669.863755,7424.459746,6618.440493,7022.775564,7424.459746,7058.89664,7442.71626,7424.459746,7485.337094,8135.925968,7424.459746,1564.962184,1555.116381,0.001001968,0.001005531,0.001008742,0.001011081,6423.255737,6423.255737,6423.255737,13210.33267,13210.33267,13210.33267,13210.33267,13210.33267
12/9/2005,2980.387239,3210.508755,3321.372751,3391.966874,3389.920574,3321.372751,6366.189058,6353.070809,7365.289149,6539.43917,6669.863755,7365.289149,6934.247638,7022.775564,7365.289149,7237.809644,7442.71626,7365.289149,1494.341227,1484.998484,0.001001968,0.001005531,0.001008742,0.001011081,5140.468152,5140.468152,5140.468152,11433.26905,11433.26905,11433.26905,11433.26905,11433.26905
12/10/2005,2827.575487,3052.952052,3152.284935,3211.798306,3210.508755,3152.284935,5905.058111,6103.497738,6824.487029,6065.998763,6353.070809,6824.487029,6433.99634,6669.863755,6824.487029,6732.323774,7022.775564,6824.487029,1431.605825,1422.707588,0.001001968,0.001005531,0.001008742,0.001011081,4308.562825,4308.562825,4308.562825,9715.877221,9715.877221,9715.877221,9715.877221,9715.877221
12/11/2005,2692.44433,2912.645079,3002.669531,3053.677202,3052.952052,3002.669531,5565.795056,5891.852732,6431.654599,5714.781187,6103.497738,6431.654599,6058.489026,6353.070809,6431.654599,6342.010218,6669.863755,6431.654599,1375.466013,1366.963569,0.001001968,0.001005531,0.001008742,0.001011081,3880.758066,3880.758066,3880.758066,8466.725007,8466.725007,8466.725007,8466.725007,8466.725007
12/12/2005,2571.437679,2786.192813,2868.613332,2912.945562,2912.645079,2868.613332,5334.40049,10472.71263,6161.335457,5473.009992,5891.852732,6161.335457,5795.615822,6103.497738,6161.335457,6021.232602,6353.070809,6161.335457,1324.625604,1316.479908,0.001001968,0.001005531,0.001008742,0.001011081,3602.463361,3602.463361,3602.463361,7722.543118,7722.543118,7722.543118,7722.543118,7722.543118
12/13/2005,2461.895019,2671.085842,2747.180573,2786.172362,2786.192813,2747.180573,5097.788657,10839.59175,5890.860616,5226.908125,10472.71263,5890.860616,5530.82362,5891.852732,5890.860616,5776.673751,6103.497738,5890.860616,1278.074347,1270.253847,0.001001968,0.001005531,0.001008742,0.001011081,3382.493448,3382.493448,3382.493448,7227.166721,7227.166721,7227.166721,7227.166721,7227.166721
12/14/2005,2361.823785,2565.421889,2636.174983,2670.822221,2671.085842,2636.174983,4917.727067,7891.260797,5681.146803,5039.035317,10839.59175,5681.146803,5326.882881,10472.71263,5681.146803,5519.598501,5891.852732,5681.146803,1235.063968,1227.542644,0.001001968,0.001005531,0.001008742,0.001011081,3196.6866,3196.6866,3196.6866,6852.440709,6852.440709,6852.440709,6852.440709,6852.440709
12/15/2005,2269.697407,2551.423777,2533.915315,2564.974611,2565.421889,2533.915315,4806.777968,6823.288189,5551.589656,4920.412146,7891.260797,5551.589656,5192.974987,10839.59175,5551.589656,5363.495938,10472.71263,5551.589656,1195.022296,1187.778353,0.001001968,0.001005531,0.001008742,0.001011081,3035.410072,3035.410072,3035.410072,6551.949608,6551.949608,6551.949608,6551.949608,6551.949608
12/16/2005,2250.557613,2430.435874,2522.788298,2550.834954,2551.423777,2522.788298,9516.655123,6234.449961,11163.12846,9559.939187,6823.288189,11163.12846,9760.200759,7891.260797,11163.12846,9483.933629,10839.59175,11163.12846,1231.911711,1224.412265,0.001001968,0.001005531,0.001008742,0.001011081,2903.5212,2903.5212,2903.5212,6995.418626,6995.418626,6995.418626,6995.418626,6995.418626
12/17/2005,2150.40521,2333.206253,2404.224755,2429.747711,2430.435874,2404.224755,9555.634978,5851.952234,11193.47437,9587.94805,6234.449961,11193.47437,9760.681836,6823.288189,11193.47437,10046.18615,7891.260797,11193.47437,1154.451954,1147.487888,0.001001968,0.001005531,0.001008742,0.001011081,2781.690911,2781.690911,2781.690911,7588.558561,7588.558561,7588.558561,7588.558561,7588.558561
12/18/2005,2066.821923,2248.041222,2309.101713,2332.442836,2333.206253,2309.101713,6138.63927,5554.522554,7087.556333,6215.363413,5851.952234,7087.556333,6427.425804,6234.449961,7087.556333,6813.576397,6823.288189,7087.556333,1107.17921,1100.539723,0.001001968,0.001005531,0.001008742,0.001011081,2671.577869,2671.577869,2671.577869,7726.323507,7726.323507,7726.323507,7726.323507,7726.323507
12/19/2005,1992.398686,2169.087992,2225.766854,2247.224719,2248.041222,2225.766854,5404.980132,5339.414681,6233.179341,5485.472927,5554.522554,6233.179341,5700.511069,5851.952234,6233.179341,5999.48805,6234.449961,6233.179341,1071.20217,1064.808556,0.001001968,0.001005531,0.001008742,0.001011081,2570.933529,2570.933529,2570.933529,7725.405282,7725.405282,7725.405282,7725.405282,7725.405282
12/20/2005,1923.165266,2094.886488,2148.41871,2168.236199,2169.087992,2148.41871,5001.586691,5217.723562,5768.858218,5080.810384,5339.414681,5768.858218,5290.556607,5554.522554,5768.858218,5539.600278,5851.952234,5768.858218,1038.426917,1032.2564,0.001001968,0.001005531,0.001008742,0.001011081,2478.003085,2478.003085,2478.003085,7696.528501,7696.528501,7696.528501,7696.528501,7696.528501
12/21/2005,1857.996704,2024.91594,2075.637613,2094.013434,2094.886488,2075.637613,4752.002525,5028.803567,5481.248251,4828.575524,5217.723562,5481.248251,5031.227653,5339.414681,5481.248251,5228.023032,5554.522554,5481.248251,1007.592383,1001.630947,0.001001968,0.001005531,0.001008742,0.001011081,2391.622812,2391.622812,2391.622812,7657.982492,7657.982492,7657.982492,7657.982492,7657.982492
12/22/2005,1796.462434,1960.226265,2006.933473,2024.032638,2024.91594,2006.933473,4560.533066,6642.961212,5259.78537,4634.288021,5028.803567,5259.78537,4829.792451,5217.723562,5259.78537,4999.4339,5339.414681,5259.78537,978.4671278,972.7024457,0.001001968,0.001005531,0.001008742,0.001011081,2310.900913,2310.900913,2310.900913,7607.574478,7607.574478,7607.574478,7607.574478,7607.574478
12/23/2005,1742.390711,1880.869237,1946.356005,1959.058094,1960.226265,1946.356005,4420.65999,7654.487869,5096.77651,4488.334836,6642.961212,5096.77651,4676.981659,5028.803567,5096.77651,4823.409785,5217.723562,5096.77651,952.058886,946.4719652,0.001001968,0.001005531,0.001008742,0.001011081,2224.632086,2224.632086,2224.632086,6804.277756,6804.277756,6804.277756,6804.277756,6804.277756
12/24/2005,1719.896656,2000.261839,1910.538744,1879.680717,1880.869237,1910.538744,4386.864556,7922.350169,5042.932347,4406.010047,7654.487869,5042.932347,4565.162712,6642.961212,5042.932347,4728.612951,5028.803567,5042.932347,893.7694055,888.5726131,0.001001968,0.001005531,0.001008742,0.001011081,2143.301042,2143.301042,2143.301042,5921.555331,5921.555331,5921.555331,5921.555331,5921.555331
12/25/2005,1816.387031,2689.697287,1999.817385,1909.753297,2000.261839,1999.817385,4536.166676,8673.28963,5176.968479,4499.407822,7922.350169,5176.968479,4573.734935,7654.487869,5176.968479,4553.272188,6642.961212,5176.968479,858.2661604,853.305415,0.001001968,0.001005531,0.001008742,0.001011081,2066.920514,2066.920514,2066.920514,5545.868809,5545.868809,5545.868809,5545.868809,5545.868809
12/26/2005,2728.823248,3599.037817,2982.918358,2686.62549,2689.697287,2982.918358,7461.493453,9616.103059,8508.680431,7240.595314,8673.28963,8508.680431,6947.509181,7922.350169,8508.680431,6083.030356,7654.487869,8508.680431,1079.187348,1072.73925,0.001001968,0.001005531,0.001008742,0.001011081,2057.402114,2057.402114,2057.402114,5681.610377,5681.610377,5681.610377,5681.610377,5681.610377
12/27/2005,3523.019401,3990.568814,3880.031025,3613.311585,3599.037817,3880.031025,8789.979913,10395.75536,10112.94523,8616.734504,9616.103059,10112.94523,8379.824341,8673.28963,10112.94523,7771.777696,7922.350169,10112.94523,1520.569848,1511.040593,0.001001968,0.001005531,0.001008742,0.001011081,2188.849562,2188.849562,2188.849562,6077.280093,6077.280093,6077.280093,6077.280093,6077.280093
12/28/2005,3596.091628,3906.234442,4034.603657,3991.539275,3990.568814,4034.603657,8052.140294,10623.37155,9360.100697,8139.228612,10395.75536,9360.100697,8464.338265,9616.103059,9360.100697,7896.504221,8673.28963,9360.100697,1892.818467,1880.603431,0.001001968,0.001005531,0.001008742,0.001011081,2450.063473,2450.063473,2450.063473,6505.764406,6505.764406,6505.764406,6505.764406,6505.764406
12/29/2005,3058.571584,4246.133991,3416.976263,3624.561328,3906.234442,3416.976263,7579.342095,10183.44272,8789.338684,7884.372132,10623.37155,8789.338684,8190.083397,10395.75536,8789.338684,8631.993343,9616.103059,8789.338684,1567.518581,1557.654516,0.001001968,0.001005531,0.001008742,0.001011081,2678.523851,2678.523851,2678.523851,7017.873821,7017.873821,7017.873821,7017.873821,7017.873821
12/30/2005,3951.892612,3991.139944,4473.269506,4332.81199,4246.133991,4473.269506,8821.155529,15867.29604,10295.61174,8861.658428,10183.44272,10295.61174,9357.495677,10623.37155,10295.61174,8532.88858,10395.75536,10295.61174,2094.806665,2081.107268,0.001001968,0.001005531,0.001008742,0.001011081,3027.976278,3027.976278,3027.976278,7704.842894,7704.842894,7704.842894,7704.842894,7704.842894
12/31/2005,3751.179517,4225.762196,4212.978272,4063.945019,3991.139944,4212.978272,9421.906363,18680.68677,10999.05523,9394.801764,15867.29604,10999.05523,9740.045834,10183.44272,10999.05523,10348.23747,10623.37155,10999.05523,1934.58975,1922.069191,0.001001968,0.001005531,0.001008742,0.001011081,3339.672621,3339.672621,3339.672621,8479.548735,8479.548735,8479.548735,8479.548735,8479.548735
1/1/2006,3757.892191,4353.608773,4253.381923,4239.927932,4225.762196,4253.381923,8715.395039,15777.15809,10215.20889,8842.762804,18680.68677,10215.20889,9151.182268,15867.29604,10215.20889,9298.571037,10183.44272,10215.20889,2110.514974,2096.699424,0.001001968,0.001005531,0.001008742,0.001011081,3670.032767,3670.032767,3670.032767,9210.469725,9210.469725,9210.469725,9210.469725,9210.469725
1/2/2006,3258.356046,7826.763663,3651.748821,3777.672893,4353.608773,3651.748821,8294.155526,13122.22738,9673.553196,8520.46502,15777.15809,9673.553196,8847.441295,18680.68677,9673.553196,9384.141796,15867.29604,9673.553196,1703.78963,1692.947103,0.001001968,0.001005531,0.001008742,0.001011081,3896.492275,3896.492275,3896.492275,9588.781239,9588.781239,9588.781239,9588.781239,9588.781239
1/3/2006,7182.108831,7689.594002,8557.923252,8038.52418,7826.763663,8557.923252,17193.6072,11628.89276,20994.99515,17101.59454,13122.22738,20994.99515,18099.69498,15777.15809,20994.99515,13853.11325,18680.68677,20994.99515,5259.975617,5221.453945,0.001001968,0.001005531,0.001008742,0.001011081,4581.439183,4581.439183,4581.439183,10745.18041,10745.18041,10745.18041,10745.18041,10745.18041
1/4/2006,6351.484191,5234.372608,7583.956283,7848.41955,7689.594002,7583.956283,18559.32158,10156.79606,22684.78475,19110.61416,11628.89276,22684.78475,19593.98434,13122.22738,22684.78475,20659.99898,15777.15809,22684.78475,4850.358436,4815.171361,0.001001968,0.001005531,0.001008742,0.001011081,5074.27724,5074.27724,5074.27724,12283.95274,12283.95274,12283.95274,12283.95274,12283.95274
1/5/2006,4420.160476,4453.586903,5120.733554,5271.235526,5234.372608,5120.733554,10424.97982,9260.911742,12419.35473,10785.54151,10156.79606,12419.35473,11790.20013,11628.89276,12419.35473,13749.54142,13122.22738,12419.35473,2887.051661,2867.38268,0.001001968,0.001005531,0.001008742,0.001011081,5367.006058,5367.006058,5367.006058,13251.04234,13251.04234,13251.04234,13251.04234,13251.04234
1/6/2006,3858.121984,4038.407998,4422.50097,4477.295519,4453.586903,4422.50097,8438.269425,8711.282865,9949.058432,8677.125802,9260.911742,9949.058432,9378.975115,10156.79606,9949.058432,10563.57121,11628.89276,9949.058432,2370.035776,2354.287348,0.001001968,0.001005531,0.001008742,0.001011081,5405.550358,5405.550358,5405.550358,13642.62905,13642.62905,13642.62905,13642.62905,13642.62905
1/7/2006,3514.847837,3727.196995,4007.19439,4052.901214,4038.407998,4007.19439,8284.799397,8512.120605,9744.934171,8475.79783,8711.282865,9744.934171,8987.577656,9260.911742,9744.934171,9740.864484,10156.79606,9744.934171,2096.555197,2082.842875,0.001001968,0.001005531,0.001008742,0.001011081,5418.71479,5418.71479,5418.71479,13675.04319,13675.04319,13675.04319,13675.04319,13675.04319
1/8/2006,3250.4167,3485.103387,3692.457972,3737.012185,3727.196995,3692.457972,7639.940479,8328.594591,8961.985805,7814.314853,8512.120605,8961.985805,8267.840896,8711.282865,8961.985805,8788.599386,9260.911742,8961.985805,1903.852764,1891.557096,0.001001968,0.001005531,0.001008742,0.001011081,5373.464704,5373.464704,5373.464704,13596.10235,13596.10235,13596.10235,13596.10235,13596.10235
1/9/2006,3050.872771,3320.96899,3455.496045,3489.495086,3485.103387,3455.496045,7201.96477,10703.60623,8428.40042,7354.376573,8328.594591,8428.40042,7762.870972,8512.120605,8428.40042,8165.425427,8711.282865,8428.40042,1758.897376,1747.656481,0.001001968,0.001005531,0.001008742,0.001011081,5340.018205,5340.018205,5340.018205,13438.57811,13438.57811,13438.57811,13438.57811,13438.57811
1/10/2006,3003.836856,3534.246106,3381.452143,3322.945138,3320.96899,3381.452143,7059.753503,12762.30392,8228.301061,7111.979605,10703.60623,8228.301061,7460.273293,8328.594591,8228.301061,7756.385329,8512.120605,8228.301061,1650.220415,1639.763679,0.001001968,0.001005531,0.001008742,0.001011081,4689.655359,4689.655359,4689.655359,12249.09997,12249.09997,12249.09997,12249.09997,12249.09997
1/11/2006,3093.124296,4985.266885,3455.825515,3319.370757,3534.246106,3455.825515,7317.924933,19451.38161,8487.709583,7286.001596,12762.30392,8487.709583,7507.789107,10703.60623,8487.709583,7661.188889,8328.594591,8487.709583,1589.394791,1579.374307,0.001001968,0.001005531,0.001008742,0.001011081,4096.085733,4096.085733,4096.085733,10682.26204,10682.26204,10682.26204,10682.26204,10682.26204
1/12/2006,5103.173406,6636.688921,5706.307563,5024.228833,4985.266885,5706.307563,9986.900711,20531.15983,11538.67833,9549.056467,19451.38161,11538.67833,9390.60934,12762.30392,11538.67833,7726.128418,10703.60623,11538.67833,2400.028688,2384.055263,0.001001968,0.001005531,0.001008742,0.001011081,3903.282577,3903.282577,3903.282577,9736.096799,9736.096799,9736.096799,9736.096799,9736.096799
1/13/2006,6623.920782,10403.16777,7366.230091,6387.56131,6636.688921,7366.230091,13180.84242,20796.16185,15303.58662,12443.00934,20531.15983,15303.58662,12235.95875,19451.38161,15303.58662,11376.61941,12762.30392,15303.58662,2992.780489,2972.299546,0.001001968,0.001005531,0.001008742,0.001011081,4027.715606,4027.715606,4027.715606,9629.598287,9629.598287,9629.598287,9629.598287,9629.598287
1/14/2006,10176.25076,13575.10159,11565.26647,10360.45361,10403.16777,11565.26647,17851.61055,19707.0815,20994.53207,17189.37161,20796.16185,20994.53207,17027.37025,20531.15983,20994.53207,12695.30034,19451.38161,20994.53207,5289.939728,5251.173033,0.001001968,0.001005531,0.001008742,0.001011081,4709.842846,4709.842846,4709.842846,10258.10742,10258.10742,10258.10742,10258.10742,10258.10742
1/15/2006,12937.82355,13812.11302,14775.80851,13696.02039,13575.10159,14775.80851,24912.27713,26616.55676,29631.51674,24423.8353,19707.0815,29631.51674,24270.15608,20796.16185,29631.51674,21747.99341,20531.15983,29631.51674,6903.060395,6850.908257,0.001001968,0.001005531,0.001008742,0.001011081,5879.711392,5879.711392,5879.711392,12156.00812,12156.00812,12156.00812,12156.00812,12156.00812
1/16/2006,10904.18685,9066.438805,12677.33384,13874.1182,13812.11302,12677.33384,19356.74647,31395.70947,23319.34755,21151.78166,26616.55676,23319.34755,22314.66042,19707.0815,23319.34755,21711.74502,20796.16185,23319.34755,6810.272154,6758.899465,0.001001968,0.001005531,0.001008742,0.001011081,7291.606347,7291.606347,7291.606347,14182.7267,14182.7267,14182.7267,14182.7267,14182.7267
1/17/2006,6936.719969,11143.65061,7786.052272,8740.371238,9066.438805,7786.052272,13318.67854,32451.52342,15553.69365,14550.88521,31395.70947,15553.69365,16916.2475,26616.55676,15553.69365,20508.04884,19707.0815,15553.69365,3420.635611,3396.837498,0.001001968,0.001005531,0.001008742,0.001011081,8294.424411,8294.424411,8294.424411,16087.81438,16087.81438,16087.81438,16087.81438,16087.81438
1/18/2006,10452.63444,17538.64704,11668.00362,10471.1312,11143.65061,11668.00362,17789.30874,30579.63993,20350.34675,17163.63872,32451.52342,20350.34675,17976.01425,31395.70947,20350.34675,15667.13449,26616.55676,20350.34675,4503.59096,4471.203908,0.001001968,0.001005531,0.001008742,0.001011081,9284.009266,9284.009266,9284.009266,17823.22144,17823.22144,17823.22144,17823.22144,17823.22144
1/19/2006,18970.03363,22283.56067,21361.06767,17939.86332,17538.64704,21361.06767,34584.34624,30496.99426,40572.47025,32051.6186,30579.63993,40572.47025,31082.74106,32451.52342,40572.47025,26411.38623,31395.70947,40572.47025,8373.30277,8308.667089,0.001001968,0.001005531,0.001008742,0.001011081,10814.79009,10814.79009,10814.79009,20628.13504,20628.13504,20628.13504,20628.13504,20628.13504
1/20/2006,20127.83268,20008.84482,23251.61004,22535.86933,22283.56067,23251.61004,35502.7889,27940.92719,42844.97889,35788.59469,30496.99426,42844.97889,36452.60162,30579.63993,42844.97889,33179.96619,32451.52342,42844.97889,11358.33312,11267.70827,0.001001968,0.001005531,0.001008742,0.001011081,12947.22153,12947.22153,12947.22153,23724.89948,23724.89948,23724.89948,23724.89948,23724.89948
1/21/2006,14993.71843,11345.70218,17556.14091,20053.95245,20008.84482,17556.14091,26732.3594,22176.71609,32545.87245,30054.19708,27940.92719,32545.87245,32747.41686,30496.99426,32545.87245,33703.47921,30579.63993,32545.87245,9593.240246,9518.077208,0.001001968,0.001005531,0.001008742,0.001011081,14592.25974,14592.25974,14592.25974,26511.87595,26511.87595,26511.87595,26511.87595,26511.87595
1/22/2006,8889.37999,9982.260231,9840.43291,11297.66283,11345.70218,9840.43291,16352.15381,18587.84216,18928.85594,18122.21762,22176.71609,18928.85594,21708.64695,27940.92719,18928.85594,28663.83733,30496.99426,18928.85594,3734.250975,3707.99208,0.001001968,0.001005531,0.001008742,0.001011081,14889.78525,14889.78525,14889.78525,27667.30528,27667.30528,27667.30528,27667.30528,27667.30528
1/23/2006,8282.473638,9117.030443,9299.573971,10005.42072,9982.260231,9299.573971,16264.08016,16145.64274,19057.90161,17304.56476,18587.84216,19057.90161,19732.72472,22176.71609,19057.90161,22431.29655,27940.92719,19057.90161,3985.345837,3957.100463,0.001001968,0.001005531,0.001008742,0.001011081,14622.5352,14622.5352,14622.5352,28204.32657,28204.32657,28204.32657,28204.32657,28204.32657
1/24/2006,7651.730163,7803.001384,8653.711889,9161.46524,9117.030443,8653.711889,18825.57279,14361.11349,22328.54477,19569.18829,16145.64274,22328.54477,21069.16827,18587.84216,22328.54477,23241.00972,22176.71609,22328.54477,3950.891683,3922.919702,0.001001968,0.001005531,0.001008742,0.001011081,14557.81742,14557.81742,14557.81742,28435.09302,28435.09302,28435.09302,28435.09302,28435.09302
1/25/2006,6652.240158,6992.049688,7495.941696,7826.886649,7803.001384,7495.941696,15017.97752,13023.492,17688.35063,15579.60503,14361.11349,17688.35063,16935.16724,16145.64274,17688.35063,18705.95546,18587.84216,17688.35063,3381.986219,3358.489718,0.001001968,0.001005531,0.001008742,0.001011081,14322.76358,14322.76358,14322.76358,28289.19921,28289.19921,28289.19921,28289.19921,28289.19921
1/26/2006,6011.956744,6374.882148,6768.036109,7006.476489,6992.049688,6768.036109,12860.3991,12426.2981,15099.37609,13321.32058,13023.492,15099.37609,14389.12494,14361.11349,15099.37609,15789.35644,16145.64274,15099.37609,3065.538011,3044.49646,0.001001968,0.001005531,0.001008742,0.001011081,13237.57892,13237.57892,13237.57892,26580.33506,26580.33506,26580.33506,26580.33506,26580.33506
1/27/2006,5517.57524,5889.926633,6208.785896,6385.082205,6374.882148,6208.785896,11523.88105,12095.32571,13512.47986,11909.01187,12426.2981,13512.47986,12825.41477,13023.492,13512.47986,13851.93405,14361.11349,13512.47986,2830.163747,2810.93029,0.001001968,0.001005531,0.001008742,0.001011081,11272.11809,11272.11809,11272.11809,23863.85978,23863.85978,23863.85978,23863.85978,23863.85978
1/28/2006,5147.446004,5565.73811,5784.921949,5896.506969,5889.926633,5784.921949,10687.16139,13140.13327,12505.16081,10995.18779,12095.32571,12505.16081,11783.70963,12426.2981,12505.16081,12531.13524,13023.492,12505.16081,2632.181452,2614.455994,0.001001968,0.001005531,0.001008742,0.001011081,9230.316424,9230.316424,9230.316424,20817.86726,20817.86726,20817.86726,20817.86726,20817.86726
1/29/2006,4925.357164,6082.071655,5505.942324,5502.278118,5565.73811,5505.942324,10089.87038,14418.22566,11748.3771,10268.41641,13140.13327,11748.3771,10898.93938,12095.32571,11748.3771,11555.04273,12426.2981,11748.3771,2411.706447,2395.645334,0.001001968,0.001005531,0.001008742,0.001011081,8023.570112,8023.570112,8023.570112,18153.01212,18153.01212,18153.01212,18153.01212,18153.01212
1/30/2006,5652.300929,7914.304256,6283.037598,5900.39127,6082.071655,6283.037598,10922.30901,14587.02386,12655.71524,10753.24668,14418.22566,12655.71524,11069.26072,13140.13327,12655.71524,11063.46471,12095.32571,12655.71524,2555.236683,2538.09393,0.001001968,0.001005531,0.001008742,0.001011081,7183.508928,7183.508928,7183.508928,16048.58912,16048.58912,16048.58912,16048.58912,16048.58912
1/31/2006,7868.622127,10025.29051,8792.943375,7956.620751,7914.304256,8792.943375,13259.91051,16475.12373,15420.71035,12768.72129,14587.02386,15420.71035,12689.93051,14418.22566,15420.71035,11363.64029,13140.13327,15420.71035,3579.3565,3554.315909,0.001001968,0.001005531,0.001008742,0.001011081,6779.952918,6779.952918,6779.952918,14493.4621,14493.4621,14493.4621,14493.4621,14493.4621
2/1/2006,8952.298116,9091.725113,10235.49975,10081.9045,10025.29051,10235.49975,14825.91785,16185.56279,17625.02572,15125.1391,16475.12373,17625.02572,15492.00976,14587.02386,17625.02572,13517.75445,14418.22566,17625.02572,4996.025161,4959.655497,0.001001968,0.001005531,0.001008742,0.001011081,6893.409838,6893.409838,6893.409838,13750.28142,13750.28142,13750.28142,13750.28142,13750.28142
2/2/2006,7282.779257,7372.090331,8316.207012,8907.300018,9091.725113,8316.207012,12978.33359,19278.13758,15401.47579,13916.49795,16185.56279,15401.47579,15035.263,16475.12373,15401.47579,15491.05369,14587.02386,15401.47579,4121.842287,4092.511347,0.001001968,0.001005531,0.001008742,0.001011081,7130.523103,7130.523103,7130.523103,13604.98198,13604.98198,13604.98198,13604.98198,13604.98198
2/3/2006,6449.66188,7428.657531,7128.583084,7325.855732,7372.090331,7128.583084,11403.06329,21687.79069,13068.76253,11889.64598,19278.13758,13068.76253,12733.61415,16185.56279,13068.76253,13761.58208,16475.12373,13068.76253,2623.179548,2605.522362,0.001001968,0.001005531,0.001008742,0.001011081,7251.091318,7251.091318,7251.091318,13726.75798,13726.75798,13726.75798,13726.75798,13726.75798
2/4/2006,7144.258323,10128.00583,7702.957398,7081.960347,7428.657531,7702.957398,13941.17632,21259.11273,15776.50956,13530.40401,21687.79069,15776.50956,13676.038,19278.13758,15776.50956,14530.50182,16185.56279,15776.50956,2085.791977,2072.159192,0.001001968,0.001005531,0.001008742,0.001011081,7346.756381,7346.756381,7346.756381,14219.32942,14219.32942,14219.32942,14219.32942,14219.32942
2/5/2006,10033.75483,11675.90749,11198.87109,10311.74342,10128.00583,11198.87109,17319.24984,18889.02304,20087.93663,16892.16656,21259.11273,20087.93663,17190.1118,21687.79069,20087.93663,14288.77966,19278.13758,20087.93663,4304.0216,4273.235803,0.001001968,0.001005531,0.001008742,0.001011081,7917.05765,7917.05765,7917.05765,14879.91842,14879.91842,14879.91842,14879.91842,14879.91842
2/6/2006,10995.43618,13522.52406,12438.23297,11816.06807,11675.90749,12438.23297,20891.20919,17306.1772,24700.6504,20720.13706,18889.02304,24700.6504,21385.0501,21259.11273,24700.6504,20387.68083,21687.79069,24700.6504,5498.685781,5458.208163,0.001001968,0.001005531,0.001008742,0.001011081,8717.77385,8717.77385,8717.77385,16050.25422,16050.25422,16050.25422,16050.25422,16050.25422
2/7/2006,11455.76601,10273.26373,13337.32764,13557.54173,13522.52406,13337.32764,20379.55254,15507.9081,24671.75733,21204.93355,17306.1772,24671.75733,22673.31888,18889.02304,24671.75733,21120.31412,21259.11273,24671.75733,7214.597611,7159.820784,0.001001968,0.001005531,0.001008742,0.001011081,9613.188862,9613.188862,9613.188862,17410.41646,17410.41646,17410.41646,17410.41646,17410.41646
2/8/2006,7922.870976,6909.966935,9052.246277,10296.01923,10273.26373,9052.246277,15621.64751,13846.48313,18575.86298,17210.56297,15507.9081,18575.86298,18598.3675,17306.1772,18575.86298,21598.87779,18889.02304,18575.86298,4469.519547,4437.406411,0.001001968,0.001005531,0.001008742,0.001011081,9816.436115,9816.436115,9816.436115,18413.79623,18413.79623,18413.79623,18413.79623,18413.79623
2/9/2006,5820.313987,6512.537059,6442.790942,6925.771236,6909.966935,6442.790942,10126.25887,12451.1548,11650.96809,10835.31724,13846.48313,11650.96809,12748.33714,15507.9081,11650.96809,15425.59121,17306.1772,11650.96809,2529.027268,2512.082552,0.001001968,0.001005531,0.001008742,0.001011081,9699.011602,9699.011602,9699.011602,18771.2088,18771.2088,18771.2088,18771.2088,18771.2088
2/10/2006,5616.565936,6107.820995,6289.398263,6523.86045,6512.537059,6289.398263,10827.24945,11418.94875,12623.76094,11279.53108,12451.1548,12623.76094,12428.60548,13846.48313,12623.76094,13831.4854,15507.9081,12623.76094,2750.196705,2731.573812,0.001001968,0.001005531,0.001008742,0.001011081,9632.203565,9632.203565,9632.203565,18727.18048,18727.18048,18727.18048,18727.18048,18727.18048
2/11/2006,5295.083076,5701.000911,5950.162962,6116.115366,6107.820995,5950.162962,11110.30802,10654.9332,13015.61009,11468.73152,11418.94875,13015.61009,12318.62646,12451.1548,13015.61009,13195.47967,13846.48313,13015.61009,2696.298445,2678.085962,0.001001968,0.001005531,0.001008742,0.001011081,9576.740755,9576.740755,9576.740755,18238.31536,18238.31536,18238.31536,18238.31536,18238.31536
2/12/2006,4959.919207,5350.655723,5576.582447,5707.172821,5701.000911,5576.582447,10447.25312,10025.90984,12234.3569,10761.02295,10654.9332,12234.3569,11504.41644,11418.94875,12234.3569,12174.80266,12451.1548,12234.3569,2557.07431,2539.917664,0.001001968,0.001005531,0.001008742,0.001011081,9049.083566,9049.083566,9049.083566,17647.40519,17647.40519,17647.40519,17647.40519,17647.40519
2/13/2006,4667.088165,5049.236598,5248.383042,5355.298502,5350.655723,5248.383042,9534.237547,10852.27364,11150.72845,9821.140445,10025.90984,11150.72845,10500.97506,10654.9332,11150.72845,11080.488,11418.94875,11150.72845,2427.267274,2411.089239,0.001001968,0.001005531,0.001008742,0.001011081,8227.837813,8227.837813,8227.837813,16427.10893,16427.10893,16427.10893,16427.10893,16427.10893
2/14/2006,4412.346717,4733.731474,4962.777526,5052.753399,5049.236598,4962.777526,8824.202929,10589.54017,10307.18226,9088.895325,10852.27364,10307.18226,9717.013215,10025.90984,10307.18226,10194.64362,10654.9332,10307.18226,2313.366623,2298.042421,0.001001968,0.001005531,0.001008742,0.001011081,7063.353338,7063.353338,7063.353338,14830.99466,14830.99466,14830.99466,14830.99466,14830.99466
2/15/2006,4148.562759,4392.268771,4658.319166,4735.388191,4733.731474,4658.319166,8306.353422,10076.76461,9683.651632,8545.943917,10589.54017,9683.651632,9115.05803,10852.27364,9683.651632,9593.384788,10025.90984,9683.651632,2157.548734,2143.384806,0.001001968,0.001005531,0.001008742,0.001011081,6225.155876,6225.155876,6225.155876,13236.09917,13236.09917,13236.09917,13236.09917,13236.09917
2/16/2006,3894.807049,4338.896646,4342.388954,4381.942206,4392.268771,4342.388954,7876.191017,9826.778086,9126.611105,8059.836378,10076.76461,9126.611105,8516.111333,10589.54017,9126.611105,9008.451746,10852.27364,9126.611105,1904.974966,1892.671096,0.001001968,0.001005531,0.001008742,0.001011081,5676.653455,5676.653455,5676.653455,12004.41952,12004.41952,12004.41952,12004.41952,12004.41952
2/17/2006,4053.216911,4985.783785,4492.832403,4333.522028,4338.896646,4492.832403,9083.159022,9588.919832,10530.85659,9044.314684,9826.778086,10530.85659,9391.048536,10076.76461,10530.85659,9616.789349,10589.54017,10530.85659,1867.826537,1855.793922,0.001001968,0.001005531,0.001008742,0.001011081,5280.212824,5280.212824,5280.212824,11346.28157,11346.28157,11346.28157,11346.28157,11346.28157
2/18/2006,4507.768973,4918.275759,5073.491743,4987.817984,4985.783785,5073.491743,9569.307906,9251.471868,11205.70469,9649.182641,9588.919832,11205.70469,9965.705073,9826.778086,11205.70469,9607.854952,10076.76461,11205.70469,2384.456362,2368.599796,0.001001968,0.001005531,0.001008742,0.001011081,5051.660114,5051.660114,5051.660114,10939.5876,10939.5876,10939.5876,10939.5876,10939.5876
2/19/2006,4274.859823,4463.040131,4822.235597,4919.771895,4918.275759,4822.235597,8886.053204,8792.373647,10419.68814,9146.421333,9251.471868,10419.68814,9586.098694,9588.919832,10419.68814,9737.95628,9826.778086,10419.68814,2321.216369,2305.833474,0.001001968,0.001005531,0.001008742,0.001011081,4902.336426,4902.336426,4902.336426,10556.0038,10556.0038,10556.0038,10556.0038,10556.0038
2/20/2006,3885.80506,4179.778895,4360.78113,4463.799892,4463.040131,4360.78113,7881.524418,8388.214622,9191.37783,8130.969728,8792.373647,9191.37783,8680.48208,9251.471868,9191.37783,9115.082797,9588.919832,9191.37783,2035.570157,2022.307868,0.001001968,0.001005531,0.001008742,0.001011081,4768.099452,4768.099452,4768.099452,10279.64733,10279.64733,10279.64733,10279.64733,10279.64733
2/21/2006,3661.90669,3982.865722,4105.138519,4180.309094,4179.778895,4105.138519,7459.4972,8058.511056,8689.95656,7670.862026,8388.214622,8689.95656,8184.906523,8792.373647,8689.95656,8614.393111,9251.471868,8689.95656,1912.102419,1899.746433,0.001001968,0.001005531,0.001008742,0.001011081,4639.957558,4639.957558,4639.957558,10063.29164,10063.29164,10063.29164,10063.29164,10063.29164
2/22/2006,3496.824832,3803.475602,3921.522856,3983.235273,3982.865722,3921.522856,7269.778591,7766.408164,8472.878572,7459.082761,8058.511056,8472.878572,7922.317963,8388.214622,8472.878572,8277.119859,8792.373647,8472.878572,1841.740701,1829.898188,0.001001968,0.001005531,0.001008742,0.001011081,4527.973164,4527.973164,4527.973164,9872.865577,9872.865577,9872.865577,9872.865577,9872.865577
2/23/2006,3344.914367,3644.256322,3751.374028,3803.718717,3803.475602,3751.374028,7004.445614,7489.720354,8160.734342,7178.415321,7766.408164,8160.734342,7609.832883,8058.511056,8160.734342,7914.971824,8388.214622,8160.734342,1771.824223,1760.489667,0.001001968,0.001005531,0.001008742,0.001011081,4446.637106,4446.637106,4446.637106,9704.733456,9704.733456,9704.733456,9704.733456,9704.733456
2/24/2006,3220.679983,3522.289715,3610.259534,3644.400027,3644.256322,3610.259534,6745.191815,7250.574425,7853.271235,6895.961379,7489.720354,7853.271235,7298.46793,7766.408164,7853.271235,7583.123417,8058.511056,7853.271235,1706.349845,1695.488844,0.001001968,0.001005531,0.001008742,0.001011081,4358.403412,4358.403412,4358.403412,9349.589585,9349.589585,9349.589585,9349.589585,9349.589585
2/25/2006,3105.637692,3392.180489,3482.837081,3522.356362,3522.289715,3482.837081,6502.916792,7004.025815,7573.520234,6655.11549,7250.574425,7573.520234,7029.581516,7489.720354,7573.520234,7290.90252,7766.408164,7573.520234,1659.448867,1648.925774,0.001001968,0.001005531,0.001008742,0.001011081,4178.353997,4178.353997,4178.353997,8961.498596,8961.498596,8961.498596,8961.498596,8961.498596
2/26/2006,2988.599821,3254.774647,3352.536166,3392.186938,3392.180489,3352.536166,6294.35551,6959.586432,7330.178985,6442.263035,7004.025815,7330.178985,6810.159195,7250.574425,7330.178985,7036.034549,7489.720354,7330.178985,1608.519636,1598.362195,0.001001968,0.001005531,0.001008742,0.001011081,3971.054299,3971.054299,3971.054299,8593.723827,8593.723827,8593.723827,8593.723827,8593.723827
2/27/2006,2864.979817,3121.425899,3213.504258,3254.73505,3254.774647,3213.504258,6066.828682,6741.624011,7063.95414,6211.079635,6959.586432,7063.95414,6563.868859,7004.025815,7063.95414,6810.061457,7250.574425,7063.95414,1548.081141,1538.355839,0.001001968,0.001005531,0.001008742,0.001011081,3785.502592,3785.502592,3785.502592,8232.768915,8232.768915,8232.768915,8232.768915,8232.768915
2/28/2006,2751.192087,3005.376569,3085.270974,3121.352175,3121.425899,3085.270974,5873.370527,6464.587784,6834.404265,6007.820764,6741.624011,6834.404265,6348.275982,6959.586432,6834.404265,6564.880308,7004.025815,6834.404265,1491.205266,1481.884796,0.001001968,0.001005531,0.001008742,0.001011081,3622.487518,3622.487518,3622.487518,7907.645014,7907.645014,7907.645014,7907.645014,7907.645014
3/1/2006,2650.07959,2895.3759,2972.236632,3005.27881,3005.376569,2972.236632,5690.319156,6255.995014,6621.057698,5817.637715,6464.587784,6621.057698,6141.199036,6741.624011,6621.057698,6359.507397,6959.586432,6621.057698,1444.546454,1435.556717,0.001001968,0.001005531,0.001008742,0.001011081,3474.718225,3474.718225,3474.718225,7617.27634,7617.27634,7617.27634,7617.27634,7617.27634
3/2/2006,2553.730829,2790.12894,2864.353169,2895.261333,2895.3759,2864.353169,5694.26009,6116.581838,6624.791231,5812.799388,6255.995014,6624.791231,6118.633586,6464.587784,6624.791231,6294.629065,6741.624011,6624.791231,1399.150522,1390.481333,0.001001968,0.001005531,0.001008742,0.001011081,3338.610181,3338.610181,3338.610181,7380.672113,7380.672113,7380.672113,7380.672113,7380.672113
3/3/2006,2461.53561,2690.281201,2760.94331,2790.003921,2790.12894,2760.94331,5527.659204,5964.708019,6429.61788,5640.524564,6116.581838,6429.61788,5933.225806,6255.995014,6429.61788,6134.02497,6464.587784,6429.61788,1354.759179,1346.402231,0.001001968,0.001005531,0.001008742,0.001011081,3211.880179,3211.880179,3211.880179,7164.823593,7164.823593,7164.823593,7164.823593,7164.823593
3/4/2006,2373.9958,2596.238548,2662.747627,2690.151489,2690.281201,2662.747627,5275.328639,5784.529756,6132.748646,5384.829088,5964.708019,6132.748646,5667.638968,6116.581838,6132.748646,5861.18419,6255.995014,6132.748646,1312.41548,1304.355218,0.001001968,0.001005531,0.001008742,0.001011081,3090.533952,3090.533952,3090.533952,6950.943195,6950.943195,6950.943195,6950.943195,6950.943195
3/5/2006,2291.394762,2509.921378,2570.204492,2596.108823,2596.238548,2570.204492,5122.196939,5524.612935,5952.141422,5227.21078,5784.529756,5952.141422,5499.155728,5964.708019,5952.141422,5671.034049,6116.581838,5952.141422,1272.815313,1265.031461,0.001001968,0.001005531,0.001008742,0.001011081,2973.364467,2973.364467,2973.364467,6745.876492,6745.876492,6745.876492,6745.876492,6745.876492
3/6/2006,2218.143719,2429.62538,2488.208004,2509.795231,2509.921378,2488.208004,5031.40439,5188.890302,5846.14048,5128.396357,5524.612935,5846.14048,5389.416727,5784.529756,5846.14048,5555.253093,5964.708019,5846.14048,1238.067231,1230.525058,0.001001968,0.001005531,0.001008742,0.001011081,2863.362134,2863.362134,2863.362134,6559.546788,6559.546788,6559.546788,6559.546788,6559.546788
3/7/2006,2146.609184,2345.706012,2408.093896,2429.505389,2429.62538,2408.093896,4908.518115,4901.623093,5702.642491,5002.275188,5188.890302,5702.642491,5250.415748,5524.612935,5702.642491,5413.945734,5784.529756,5702.642491,1203.780338,1196.475822,0.001001968,0.001005531,0.001008742,0.001011081,2760.211214,2760.211214,2760.211214,6384.460535,6384.460535,6384.460535,6384.460535,6384.460535
3/8/2006,2076.724548,2247.902278,2328.437897,2345.257127,2345.706012,2328.437897,4768.019352,5628.823546,5535.274173,4854.300084,4901.623093,5535.274173,5093.191054,5188.890302,5535.274173,5250.050409,5524.612935,5535.274173,1164.070007,1157.039698,0.001001968,0.001005531,0.001008742,0.001011081,2662.406325,2662.406325,2662.406325,6218.988601,6218.988601,6218.988601,6218.988601,6218.988601
3/9/2006,1987.910115,2150.933372,2220.846339,2241.170013,2247.902278,2220.846339,4557.172099,5812.123324,5272.162617,4642.361249,5628.823546,5272.162617,4845.411818,4901.623093,5272.162617,5023.907673,5188.890302,5272.162617,1083.640291,1077.161788,0.001001968,0.001005531,0.001008742,0.001011081,2563.296425,2563.296425,2563.296425,6022.420147,6022.420147,6022.420147,6022.420147,6022.420147
3/10/2006,2114.65024,2735.272293,2314.669384,2122.780766,2150.933372,2314.669384,4516.767851,4791.031635,5147.029753,4382.369298,5812.123324,5147.029753,4505.744526,5628.823546,5147.029753,4704.664606,4901.623093,5147.029753,932.1553802,926.702024,0.001001968,0.001005531,0.001008742,0.001011081,2455.644999,2455.644999,2455.644999,5814.959975,5814.959975,5814.959975,5814.959975,5814.959975
3/11/2006,2483.045896,3041.988963,2771.337043,2717.035736,2735.272293,2771.337043,4697.625326,5669.336847,5422.91143,4739.103922,4791.031635,5422.91143,4793.310742,5812.123324,5422.91143,4420.29946,5628.823546,5422.91143,1310.443462,1302.396989,0.001001968,0.001005531,0.001008742,0.001011081,2424.663511,2424.663511,2424.663511,5621.355263,5621.355263,5621.355263,5621.355263,5621.355263
3/12/2006,2553.688077,3208.591927,2881.828493,2888.611368,3041.988963,2881.828493,5492.23314,8128.611007,6413.350982,5594.566129,5669.336847,6413.350982,5874.417109,4791.031635,6413.350982,5570.231547,5812.123324,6413.350982,1481.053883,1471.805477,0.001001968,0.001005531,0.001008742,0.001011081,2461.169511,2461.169511,2461.169511,5587.703834,5587.703834,5587.703834,5587.703834,5587.703834
3/13/2006,2410.405562,2855.329839,2679.899555,2758.61803,3208.591927,2679.899555,5260.279202,7952.61741,6064.030603,5426.569089,8128.611007,6064.030603,5603.73899,5669.336847,6064.030603,5767.826842,4791.031635,6064.030603,1175.087785,1167.981511,0.001001968,0.001005531,0.001008742,0.001011081,2486.223986,2486.223986,2486.223986,5616.513272,5616.513272,5616.513272,5616.513272,5616.513272
3/14/2006,3224.63425,4052.723452,3499.66289,3112.951378,2855.329839,3499.66289,4972.631351,7172.506326,5544.0229,4730.132679,7952.61741,5544.0229,4837.914948,8128.611007,5544.0229,4485.033849,5669.336847,5544.0229,997.4387934,991.5460318,0.001001968,0.001005531,0.001008742,0.001011081,2566.758372,2566.758372,2566.758372,5573.203387,5573.203387,5573.203387,5573.203387,5573.203387
3/15/2006,4257.217455,5435.878988,4762.530533,4211.669652,4052.723452,4762.530533,6616.143784,6874.124659,7663.527076,6258.375728,7172.506326,7663.527076,6447.120328,7952.61741,7663.527076,5669.95413,8128.611007,7663.527076,2109.026377,2095.221838,0.001001968,0.001005531,0.001008742,0.001011081,2792.922939,2792.922939,2792.922939,5618.25874,5618.25874,5618.25874,5618.25874,5618.25874
3/16/2006,4544.525514,3847.324007,5298.544617,5456.201548,5435.878988,5298.544617,8472.363331,6219.364575,10210.9618,8867.785004,6874.124659,10210.9618,9180.439321,7172.506326,10210.9618,8209.011881,7952.61741,10210.9618,3172.78355,3150.912986,0.001001968,0.001005531,0.001008742,0.001011081,3199.863677,3199.863677,3199.863677,5967.892252,5967.892252,5967.892252,5967.892252,5967.892252
3/17/2006,2987.514017,2645.994918,3401.498085,3859.668877,3847.324007,3401.498085,6174.166646,5489.586049,7274.864211,6755.376617,6219.364575,7274.864211,7307.578846,6874.124659,7274.864211,8468.782548,7172.506326,7274.864211,1822.26267,1810.5619,0.001001968,0.001005531,0.001008742,0.001011081,3482.826354,3482.826354,3482.826354,6407.857228,6407.857228,6407.857228,6407.857228,6407.857228
3/18/2006,2266.163132,2584.137866,2512.72331,2654.441061,2645.994918,2512.72331,3936.75907,5161.353136,4509.298981,4168.161853,5489.586049,4509.298981,4865.165983,6219.364575,4509.298981,5854.424752,6874.124659,4509.298981,1122.132122,1115.390149,0.001001968,0.001005531,0.001008742,0.001011081,3570.42243,3570.42243,3570.42243,6728.796566,6728.796566,6728.796566,6728.796566,6728.796566
3/19/2006,2257.479537,2472.843292,2528.577202,2590.193792,2584.137866,2528.577202,4561.144388,4942.159581,5289.114758,4707.178626,5161.353136,5289.114758,5091.848114,5489.586049,5289.114758,5549.231578,6219.364575,5289.114758,1234.395354,1226.878671,0.001001968,0.001005531,0.001008742,0.001011081,3549.344009,3549.344009,3549.344009,6761.483647,6761.483647,6761.483647,6761.483647,6761.483647
3/20/2006,2166.614441,2347.658607,2431.798275,2477.34627,2472.843292,2431.798275,4709.9281,4755.736871,5477.156514,4831.271312,4942.159581,5477.156514,5121.935128,5161.353136,5477.156514,5392.770981,5489.586049,5477.156514,1213.850659,1206.476426,0.001001968,0.001005531,0.001008742,0.001011081,3524.572497,3524.572497,3524.572497,6664.470335,6664.470335,6664.470335,6664.470335,6664.470335
3/21/2006,2060.93389,2234.73637,2312.84076,2351.108868,2347.658607,2312.84076,4325.018751,4410.639907,5021.608358,4439.008061,4755.736871,5021.608358,4706.33944,4942.159581,5021.608358,4913.802822,5161.353136,5021.608358,1160.624643,1153.618072,0.001001968,0.001005531,0.001008742,0.001011081,3436.003229,3436.003229,3436.003229,6616.193713,6616.193713,6616.193713,6616.193713,6616.193713
3/22/2006,1965.320255,2130.566661,2204.765206,2237.447002,2234.73637,2204.765206,4129.089507,3998.223911,4789.49129,4234.109294,4410.639907,4789.49129,4483.360256,4755.736871,4789.49129,4661.386764,4942.159581,4789.49129,1110.113755,1103.454168,0.001001968,0.001005531,0.001008742,0.001011081,3196.550687,3196.550687,3196.550687,6472.959802,6472.959802,6472.959802,6472.959802,6472.959802
3/23/2006,1879.706002,2053.911311,2107.146436,2132.743425,2130.566661,2107.146436,3985.144553,3956.191856,4618.423175,4078.930538,3998.223911,4618.423175,4311.176354,4410.639907,4618.423175,4479.857821,4755.736871,4618.423175,1060.923577,1054.600021,0.001001968,0.001005531,0.001008742,0.001011081,2778.083311,2778.083311,2778.083311,6031.637955,6031.637955,6031.637955,6031.637955,6031.637955
3/24/2006,1801.813733,1936.232508,2018.857997,2043.3168,2053.911311,2018.857997,3856.435257,4739.85818,4465.88154,3945.529955,3956.191856,4465.88154,4160.857026,3998.223911,4465.88154,4311.21317,4410.639907,4465.88154,1018.219337,1012.185932,0.001001968,0.001005531,0.001008742,0.001011081,2493.75517,2493.75517,2493.75517,5515.399611,5515.399611,5515.399611,5515.399611,5515.399611
3/25/2006,1740.251343,1870.69562,1935.021241,1929.233479,1936.232508,1935.021241,3610.236586,4981.269602,4152.813952,3664.957294,4739.85818,4152.813952,3837.17751,3956.191856,4152.813952,4021.770145,3998.223911,4152.813952,914.1241308,908.7914628,0.001001968,0.001005531,0.001008742,0.001011081,2323.296292,2323.296292,2323.296292,5103.142161,5103.142161,5103.142161,5103.142161,5103.142161
3/26/2006,1674.940852,1867.610716,1843.650889,1882.994797,1870.69562,1843.650889,3306.35806,4549.128248,3765.743655,3403.035992,4981.269602,3765.743655,3458.996199,4739.85818,3765.743655,3631.945756,3956.191856,3765.743655,786.4807218,781.9933695,0.001001968,0.001005531,0.001008742,0.001011081,2187.853416,2187.853416,2187.853416,4794.902961,4794.902961,4794.902961,4794.902961,4794.902961
3/27/2006,1883.719212,2741.689501,2062.360603,1876.482767,1867.610716,2062.360603,3587.425924,4448.927286,4074.77313,3459.780225,4549.128248,4074.77313,3650.383535,4981.269602,4074.77313,3568.005308,4739.85818,4074.77313,841.7351575,836.8838963,0.001001968,0.001005531,0.001008742,0.001011081,2096.747511,2096.747511,2096.747511,4579.797428,4579.797428,4579.797428,4579.797428,4579.797428
3/28/2006,2562.24618,2572.709643,2919.823858,2742.915013,2741.689501,2919.823858,4959.667836,4356.75335,5839.58023,4892.950319,4448.927286,5839.58023,5105.310659,4549.128248,5839.58023,4441.959259,4981.269602,5839.58023,1624.446471,1614.174827,0.001001968,0.001005531,0.001008742,0.001011081,2129.992207,2129.992207,2129.992207,4513.94107,4513.94107,4513.94107,4513.94107,4513.94107
3/29/2006,2103.387156,1898.654434,2385.553045,2573.446692,2572.709643,2385.553045,4615.394544,3988.134045,5411.053839,4880.863645,4356.75335,5411.053839,4955.759867,4448.927286,5411.053839,5272.454045,4549.128248,5411.053839,1308.74951,1300.71488,0.001001968,0.001005531,0.001008742,0.001011081,2148.240064,2148.240064,2148.240064,4513.21059,4513.21059,4513.21059,4513.21059,4513.21059
3/30/2006,1665.550988,1865.905365,1840.515896,1899.327222,1898.654434,1840.515896,3204.546513,3990.981407,3669.430262,3318.412698,3988.134045,3669.430262,3664.545727,4356.75335,3669.430262,4061.650931,4448.927286,3669.430262,842.0770522,837.2235294,0.001001968,0.001005531,0.001008742,0.001011081,2136.639905,2136.639905,2136.639905,4501.960122,4501.960122,4501.960122,4501.960122,4501.960122
3/31/2006,1641.361815,1760.487897,1824.847275,1865.012778,1865.905365,1824.847275,3303.327921,4067.084732,3803.499361,3398.888108,3990.981407,3803.499361,3619.777604,3988.134045,3803.499361,3827.284936,4356.75335,3803.499361,882.2574887,877.1373685,0.001001968,0.001005531,0.001008742,0.001011081,2115.40391,2115.40391,2115.40391,4461.71138,4461.71138,4461.71138,4461.71138,4461.71138
4/1/2006,1571.727537,1814.032494,1740.668811,1751.804699,1760.487897,1740.668811,3487.503502,4485.245491,4009.915337,3543.698484,4067.084732,4009.915337,3720.462161,3990.981407,4009.915337,3883.300146,3988.134045,4009.915337,817.9837845,813.2893422,0.001001968,0.001005531,0.001008742,0.001011081,2094.186476,2094.186476,2094.186476,4429.511905,4429.511905,4429.511905,4429.511905,4429.511905
4/2/2006,1629.855075,1911.510805,1812.21829,1818.048291,1814.032494,1812.21829,3395.314312,4715.199819,3905.854345,3455.716877,4485.245491,3905.854345,3600.175303,4067.084732,3905.854345,3598.926209,3990.981407,3905.854345,875.3068737,870.2329844,0.001001968,0.001005531,0.001008742,0.001011081,2095.475098,2095.475098,2095.475098,4423.66528,4423.66528,4423.66528,4423.66528,4423.66528
4/3/2006,1699.526255,2176.650676,1903.649402,1898.923115,1911.510805,1903.649402,3573.480117,4491.602776,4132.81471,3629.351233,4715.199819,4132.81471,3808.499323,4485.245491,4132.81471,3740.220822,4067.084732,4132.81471,975.0873277,969.3454301,0.001001968,0.001005531,0.001008742,0.001011081,2093.747763,2093.747763,2093.747763,4420.352432,4420.352432,4420.352432,4420.352432,4420.352432
4/4/2006,1911.79346,2093.057602,2172.726038,2181.976612,2176.650676,2172.726038,3841.901816,4380.60906,4488.22237,3935.640379,4491.602776,4488.22237,4125.421621,4715.199819,4488.22237,3886.700864,4485.245491,4488.22237,1214.534441,1207.155472,0.001001968,0.001005531,0.001008742,0.001011081,2022.415272,2022.415272,2022.415272,4330.20908,4330.20908,4330.20908,4330.20908,4330.20908
4/5/2006,1961.029025,2129.601373,2192.53779,2105.929858,2093.057602,2192.53779,4155.607473,5338.97752,4807.992253,4136.776399,4380.60906,4807.992253,4262.099246,4491.602776,4807.992253,4416.624731,4715.199819,4807.992253,1085.917562,1079.423503,0.001001968,0.001005531,0.001008742,0.001011081,1968.646324,1968.646324,1968.646324,4266.346704,4266.346704,4266.346704,4266.346704,4266.346704
4/6/2006,1853.415612,1706.870333,2087.920346,2130.813662,2129.601373,2087.920346,3992.567951,5121.399827,4640.4944,4103.644374,5338.97752,4640.4944,4277.044032,4380.60906,4640.4944,4268.598896,4491.602776,4640.4944,1108.038483,1101.393111,0.001001968,0.001005531,0.001008742,0.001011081,1970.053101,1970.053101,1970.053101,4275.049769,4275.049769,4275.049769,4275.049769,4275.049769
4/7/2006,1457.565161,1597.257454,1619.517208,1691.432733,1706.870333,1619.517208,3508.562113,4255.37302,4036.156387,3620.642725,5121.399827,4036.156387,3862.68522,5338.97752,4036.156387,4230.70305,4380.60906,4036.156387,793.6363924,789.1020941,0.001001968,0.001005531,0.001008742,0.001011081,1952.137589,1952.137589,1952.137589,4302.857299,4302.857299,4302.857299,4302.857299,4302.857299
4/8/2006,1469.6763,1552.92298,1618.101158,1601.425088,1597.257454,1618.101158,3700.519892,3809.503486,4195.862055,3729.243522,4255.37302,4195.862055,3872.927738,5121.399827,4195.862055,3782.890536,5338.97752,4195.862055,717.6936205,713.6546508,0.001001968,0.001005531,0.001008742,0.001011081,1927.95181,1927.95181,1927.95181,4367.679091,4367.679091,4367.679091,4367.679091,4367.679091
4/9/2006,1520.127229,1926.578447,1661.695509,1563.67796,1552.92298,1661.695509,4775.486588,3652.435241,5461.448688,4694.988277,3809.503486,5461.448688,4786.198379,4255.37302,5461.448688,4977.163366,5121.399827,5461.448688,695.2684854,691.3745026,0.001001968,0.001005531,0.001008742,0.001011081,1893.058391,1893.058391,1893.058391,4583.717622,4583.717622,4583.717622,4583.717622,4583.717622
4/10/2006,1668.976337,1561.911512,1877.98386,1927.358586,1926.578447,1877.98386,4441.197034,3438.18805,5153.648745,4537.796343,3652.435241,5153.648745,4626.428764,3809.503486,5153.648745,4538.460912,4255.37302,5153.648745,1004.562934,998.6219968,0.001001968,0.001005531,0.001008742,0.001011081,1885.611492,1885.611492,1885.611492,4717.226535,4717.226535,4717.226535,4717.226535,4717.226535
4/11/2006,1324.772586,1328.521333,1466.823486,1562.201672,1561.911512,1466.823486,3429.539653,3372.093582,3929.032787,3557.282207,3438.18805,3929.032787,3722.313364,3652.435241,3929.032787,4071.877542,3809.503486,3929.032787,706.2005246,702.2359378,0.001001968,0.001005531,0.001008742,0.001011081,1810.531513,1810.531513,1810.531513,4719.208828,4719.208828,4719.208828,4719.208828,4719.208828
4/12/2006,1177.934391,1300.844942,1292.52059,1328.834708,1328.521333,1292.52059,2744.633051,3527.636022,3115.078662,2811.615157,3372.093582,3115.078662,3003.267914,3438.18805,3115.078662,3284.007456,3652.435241,3115.078662,580.4479612,577.2862111,0.001001968,0.001005531,0.001008742,0.001011081,1723.039245,1723.039245,1723.039245,4597.618118,4597.618118,4597.618118,4597.618118,4597.618118
4/13/2006,1157.355758,1317.556149,1275.644896,1300.623489,1300.844942,1275.644896,2890.908258,3622.634004,3290.217707,2945.976505,3527.636022,3290.217707,3079.126591,3372.093582,3290.217707,3157.925643,3438.18805,3290.217707,599.1900371,595.9099947,0.001001968,0.001005531,0.001008742,0.001011081,1613.540499,1613.540499,1613.540499,4409.556393,4409.556393,4409.556393,4409.556393,4409.556393
4/14/2006,1175.894635,1552.496758,1297.780372,1307.1239,1317.556149,1297.780372,2894.259403,3521.335626,3303.458577,2934.222683,3622.634004,3303.458577,3033.309174,3527.636022,3303.458577,3145.373126,3372.093582,3303.458577,615.3003892,611.9182649,0.001001968,0.001005531,0.001008742,0.001011081,1542.732729,1542.732729,1542.732729,4228.78481,4228.78481,4228.78481,4228.78481,4228.78481
4/15/2006,1502.280646,1783.506839,1666.500337,1555.626085,1552.496758,1666.500337,3234.483399,3282.185759,3700.375327,3173.363717,3521.335626,3700.375327,3253.398011,3622.634004,3700.375327,3053.592284,3527.636022,3700.375327,801.2959165,796.7113057,0.001001968,0.001005531,0.001008742,0.001011081,1524.793112,1524.793112,1524.793112,4053.807487,4053.807487,4053.807487,4053.807487,4053.807487
4/16/2006,1581.080236,1487.596107,1778.00455,1791.429483,1783.506839,1778.00455,3475.63086,3061.055557,4019.825509,3546.57861,3282.185759,4019.825509,3617.336441,3521.335626,4019.825509,3473.838016,3622.634004,4019.825509,951.7643009,946.1793595,0.001001968,0.001005531,0.001008742,0.001011081,1543.038121,1543.038121,1543.038121,3795.997425,3795.997425,3795.997425,3795.997425,3795.997425
4/17/2006,1260.602048,1182.773182,1410.151865,1488.351604,1487.596107,1410.151865,2979.03806,2879.240461,3434.622314,3096.394715,3061.055557,3434.622314,3300.552011,3282.185759,3434.622314,3541.521022,3521.335626,3434.622314,746.6691591,742.4419701,0.001001968,0.001005531,0.001008742,0.001011081,1502.101929,1502.101929,1502.101929,3617.507813,3617.507813,3617.507813,3617.507813,3617.507813
4/18/2006,1018.383781,1067.924543,1122.531059,1183.166242,1182.773182,1122.531059,2521.229138,3122.717287,2870.523024,2607.655191,2879.240461,2870.523024,2778.204318,3061.055557,2870.523024,3102.561916,3282.185759,2870.523024,537.8060961,534.9115351,0.001001968,0.001005531,0.001008742,0.001011081,1452.239764,1452.239764,1452.239764,3519.705703,3519.705703,3519.705703,3519.705703,3519.705703
4/19/2006,952.1826126,1049.570147,1046.520566,1068.326125,1067.924543,1046.520566,2416.916461,3900.306493,2746.820745,2461.300685,3122.717287,2746.820745,2596.305219,2879.240461,2746.820745,2779.293215,3061.055557,2746.820745,492.1389865,489.5273659,0.001001968,0.001005531,0.001008742,0.001011081,1409.570167,1409.570167,1409.570167,3435.162977,3435.162977,3435.162977,3435.162977,3435.162977
4/20/2006,939.399459,1020.560175,1035.825729,1049.975082,1049.570147,1035.825729,2445.395341,4328.429749,2788.659108,2480.990278,3900.306493,2788.659108,2577.249423,3122.717287,2788.659108,2686.770243,2879.240461,2788.659108,503.0673456,500.3883326,0.001001968,0.001005531,0.001008742,0.001011081,1371.226796,1371.226796,1371.226796,3349.762338,3349.762338,3349.762338,3349.762338,3349.762338
4/21/2006,912.3699023,1214.958393,1006.677408,1019.367798,1020.560175,1006.677408,2390.927498,8553.286213,2726.746602,2424.547629,4328.429749,2726.746602,2511.409887,3900.306493,2726.746602,2584.877473,3122.717287,2726.746602,493.8402725,491.218174,0.001001968,0.001005531,0.001008742,0.001011081,1331.587279,1331.587279,1331.587279,3275.806956,3275.806956,3275.806956,3275.806956,3275.806956
4/22/2006,1079.872247,2459.837341,1192.586304,1178.226913,1214.958393,1192.586304,2979.671697,11065.72378,3401.738702,2993.006203,8553.286213,3401.738702,3000.240526,4328.429749,3401.738702,2815.45725,3900.306493,3401.738702,574.3271323,571.2039035,0.001001968,0.001005531,0.001008742,0.001011081,1273.804268,1273.804268,1273.804268,3252.562641,3252.562641,3252.562641,3252.562641,3252.562641
4/23/2006,2940.76532,6063.670828,3111.346809,2386.434271,2459.837341,3111.346809,6234.297337,10562.00098,6890.506526,5591.231179,11065.72378,6890.506526,4565.357605,8553.286213,6890.506526,3747.754515,4328.429749,6890.506526,617.1122057,613.7185783,0.001001968,0.001005531,0.001008742,0.001011081,1213.839984,1213.839984,1213.839984,3398.357892,3398.357892,3398.357892,3398.357892,3398.357892
4/24/2006,7195.146582,9913.355068,7982.700807,6105.1689,6063.670828,7982.700807,10700.91373,9438.916989,12222.10939,9154.82133,10562.00098,12222.10939,8681.473779,11065.72378,12222.10939,4776.162446,8553.286213,12222.10939,3095.014373,3073.745282,0.001001968,0.001005531,0.001008742,0.001011081,1696.984838,1696.984838,1696.984838,3818.346135,3818.346135,3818.346135,3818.346135,3818.346135
4/25/2006,8038.81095,5325.789175,9508.48772,9966.603262,9913.355068,9508.48772,13825.38646,6995.736375,16847.42912,14779.78211,9438.916989,16847.42912,14954.97887,10562.00098,16847.42912,11439.21814,11065.72378,16847.42912,5839.795565,5796.507744,0.001001968,0.001005531,0.001008742,0.001011081,2771.785869,2771.785869,2771.785869,4917.850175,4917.850175,4917.850175,4917.850175,4917.850175
4/26/2006,3822.989792,2619.32776,4359.505339,5333.700974,5325.789175,4359.505339,8441.945415,5200.081248,9926.012452,9566.111059,6995.736375,9926.012452,11069.29092,9438.916989,9926.012452,13926.83921,10562.00098,9926.012452,2344.796116,2329.236777,0.001001968,0.001005531,0.001008742,0.001011081,3523.111021,3523.111021,3523.111021,6307.020439,6307.020439,6307.020439,6307.020439,6307.020439
4/27/2006,1990.249606,2079.317947,2153.234473,2619.845135,2619.32776,2153.234473,3071.445363,4339.088771,3366.071561,3610.437619,5200.081248,3366.071561,4907.03276,6995.736375,3366.071561,7753.360222,9438.916989,3366.071561,789.456622,784.9497525,0.001001968,0.001005531,0.001008742,0.001011081,3906.455482,3906.455482,3906.455482,7338.04201,7338.04201,7338.04201,7338.04201,7338.04201
4/28/2006,1735.989528,1898.608928,1891.975833,2079.216425,2079.317947,1891.975833,4078.755785,3963.160001,4620.810749,4305.741605,4339.088771,4620.810749,4934.715116,5200.081248,4620.810749,6260.774929,6995.736375,4620.810749,765.2000859,760.852019,0.001001968,0.001005531,0.001008742,0.001011081,4128.38809,4128.38809,4128.38809,7932.255619,7932.255619,7932.255619,7932.255619,7932.255619
4/29/2006,1633.167384,1752.388148,1795.328367,1898.545637,1898.608928,1795.328367,4214.182485,3707.672311,4816.963896,4350.443935,3963.160001,4816.963896,4674.246509,4339.088771,4816.963896,5315.78421,5200.081248,4816.963896,797.5683575,793.0082394,0.001001968,0.001005531,0.001008742,0.001011081,4272.458759,4272.458759,4272.458759,8213.494724,8213.494724,8213.494724,8213.494724,8213.494724
4/30/2006,1528.315559,1640.39568,1684.548259,1752.382912,1752.388148,1684.548259,3655.630643,3509.195886,4168.267197,3762.698496,3707.672311,4168.267197,4001.334926,3963.160001,4168.267197,4303.878963,4339.088771,4168.267197,773.8722576,769.46749,0.001001968,0.001005531,0.001008742,0.001011081,4356.930455,4356.930455,4356.930455,8171.964912,8171.964912,8171.964912,8171.964912,8171.964912
5/1/2006,1438.08037,1542.302021,1587.47158,1640.444535,1640.39568,1587.47158,3304.121288,3337.506336,3763.843554,3397.751417,3509.195886,3763.843554,3596.289591,3707.672311,3763.843554,3816.182704,3963.160001,3763.843554,745.174277,740.9568222,0.001001968,0.001005531,0.001008742,0.001011081,3894.996707,3894.996707,3894.996707,7791.705787,7791.705787,7791.705787,7791.705787,7791.705787
5/2/2006,1356.678826,1458.492623,1498.58749,1542.399855,1542.302021,1498.58749,3094.446944,3219.632621,3525.053706,3177.332218,3337.506336,3525.053706,3353.39521,3509.195886,3525.053706,3536.038713,3707.672311,3525.053706,712.910363,708.9023695,0.001001968,0.001005531,0.001008742,0.001011081,2867.302739,2867.302739,2867.302739,6728.569662,6728.569662,6728.569662,6728.569662,6728.569662
5/3/2006,1286.253057,1386.196113,1421.500265,1458.638223,1458.492623,1421.500265,2930.475241,3111.669139,3339.906265,3004.667517,3219.632621,3339.906265,3164.514033,3337.506336,3339.906265,3327.240322,3509.195886,3339.906265,683.9061077,680.0853529,0.001001968,0.001005531,0.001008742,0.001011081,2169.688765,2169.688765,2169.688765,5396.639079,5396.639079,5396.639079,5396.639079,5396.639079
5/4/2006,1224.911388,1322.730604,1354.334181,1386.391861,1386.196113,1354.334181,2827.956194,2995.936763,3221.542191,2895.439648,3111.669139,3221.542191,3042.666125,3219.632621,3221.542191,3155.388198,3337.506336,3221.542191,658.3789396,654.722111,0.001001968,0.001005531,0.001008742,0.001011081,1836.879319,1836.879319,1836.879319,4435.394728,4435.394728,4435.394728,4435.394728,4435.394728
5/5/2006,1170.621829,1266.146851,1294.871391,1322.967834,1322.730604,1294.871391,2735.434278,2891.059895,3115.313196,2797.409442,2995.936763,3115.313196,2934.351541,3111.669139,3115.313196,3039.494615,3219.632621,3115.313196,635.5776295,632.0665103,0.001001968,0.001005531,0.001008742,0.001011081,1661.061795,1661.061795,1661.061795,3908.856963,3908.856963,3908.856963,3908.856963,3908.856963
5/6/2006,1121.891463,1214.71349,1241.472799,1266.411485,1266.146851,1241.472799,2634.083723,2806.576369,3001.340083,2691.518051,2891.059895,3001.340083,2819.483774,2995.936763,3001.340083,2934.349989,3111.669139,3001.340083,614.8963293,611.5167697,0.001001968,0.001005531,0.001008742,0.001011081,1545.442252,1545.442252,1545.442252,3620.117932,3620.117932,3620.117932,3620.117932,3620.117932
5/7/2006,1077.227405,1167.673269,1192.470298,1215.000092,1214.71349,1192.470298,2540.50096,2680.02035,2895.846792,2594.09663,2806.576369,2895.846792,2714.39937,2891.059895,2895.846792,2821.369713,2995.936763,2895.846792,595.5667279,592.3095937,0.001001968,0.001005531,0.001008742,0.001011081,1455.773611,1455.773611,1455.773611,3425.742909,3425.742909,3425.742909,3425.742909,3425.742909
5/8/2006,1036.678013,1126.307788,1147.92797,1167.981392,1167.673269,1147.92797,2467.527923,2364.744811,2812.08301,2517.363848,2680.02035,2812.08301,2631.435024,2806.576369,2812.08301,2717.607071,2891.059895,2812.08301,577.6974685,574.5530354,0.001001968,0.001005531,0.001008742,0.001011081,1380.561137,1380.561137,1380.561137,3275.005508,3275.005508,3275.005508,3275.005508,3275.005508
5/9/2006,1000.43376,1086.252088,1108.305378,1126.633718,1126.307788,1108.305378,2394.533753,4925.467845,2729.658745,2441.459696,2364.744811,2729.658745,2549.779906,2680.02035,2729.658745,2636.867705,2806.576369,2729.658745,562.5870347,559.5375358,0.001001968,0.001005531,0.001008742,0.001011081,1315.525946,1315.525946,1315.525946,3147.941303,3147.941303,3147.941303,3147.941303,3147.941303
5/10/2006,965.0947534,1338.779893,1069.436248,1086.538794,1086.252088,1069.436248,2335.377774,5666.916963,2661.230244,2379.972457,4925.467845,2661.230244,2483.296081,2364.744811,2661.230244,2554.825731,2680.02035,2661.230244,546.6530587,543.7032932,0.001001968,0.001005531,0.001008742,0.001011081,1258.002569,1258.002569,1258.002569,3039.304158,3039.304158,3039.304158,3039.304158,3039.304158
5/11/2006,894.7370399,2179.472467,990.7377621,1025.28347,1338.779893,990.7377621,2216.867181,6060.215065,2520.464936,2276.653701,5666.916963,2520.464936,2371.126828,4925.467845,2520.464936,2454.172268,2364.744811,2520.464936,507.5865768,504.8796356,0.001001968,0.001005531,0.001008742,0.001011081,1202.908934,1202.908934,1202.908934,2935.89919,2935.89919,2935.89919,2935.89919,2935.89919
5/12/2006,2058.461944,2085.458176,2336.379339,2255.316877,2179.472467,2336.379339,3614.479136,5412.080866,4137.231342,3664.78532,6060.215065,4137.231342,3649.857555,5666.916963,4137.231342,2225.062219,4925.467845,4137.231342,1169.627352,1162.558737,0.001001968,0.001005531,0.001008742,0.001011081,1294.523817,1294.523817,1294.523817,2909.779903,2909.779903,2909.779903,2909.779903,2909.779903
5/13/2006,2303.660591,2542.807784,2556.691609,2223.662452,2085.458176,2556.691609,5909.792489,5643.928018,6800.670704,5641.799332,5412.080866,6800.670704,5705.4195,6060.215065,6800.670704,5754.400129,5666.916963,6800.670704,1115.729364,1109.031296,0.001001968,0.001005531,0.001008742,0.001011081,1412.232356,1412.232356,1412.232356,3293.222637,3293.222637,3293.222637,3293.222637,3293.222637
5/14/2006,2226.399439,2543.13476,2538.886958,2565.341595,2542.807784,2538.886958,5201.9141,6344.453171,6072.915844,5321.788956,5643.928018,6072.915844,5408.586544,5412.080866,6072.915844,5226.327047,6060.215065,6072.915844,1427.960807,1419.088326,0.001001968,0.001005531,0.001008742,0.001011081,1576.820621,1576.820621,1576.820621,3681.117517,3681.117517,3681.117517,3681.117517,3681.117517
5/15/2006,1925.282518,2513.085034,2188.764996,2378.203236,2543.13476,2188.764996,5141.045665,5937.590061,5998.853631,5395.246462,6344.453171,5998.853631,5544.067919,5643.928018,5998.853631,5782.080782,5412.080866,5998.853631,1220.669337,1213.247859,0.001001968,0.001005531,0.001008742,0.001011081,1739.360622,1739.360622,1739.360622,4126.876779,4126.876779,4126.876779,4126.876779,4126.876779
5/16/2006,1858.788742,3124.262036,2081.117713,2110.245541,2513.085034,2081.117713,4439.986344,5204.98634,5099.965332,4545.794812,5937.590061,5099.965332,4891.633428,6344.453171,5099.965332,4934.229462,5643.928018,5099.965332,973.2313557,967.5019658,0.001001968,0.001005531,0.001008742,0.001011081,1902.52356,1902.52356,1902.52356,4540.252583,4540.252583,4540.252583,4540.252583,4540.252583
5/17/2006,2916.105539,2135.655982,3360.261821,3358.793868,3124.262036,3360.261821,5737.476092,4644.952018,6745.219647,5915.91321,5204.98634,6745.219647,6177.47151,5937.590061,6745.219647,5375.835403,6344.453171,6745.219647,1744.501701,1733.365015,0.001001968,0.001005531,0.001008742,0.001011081,2213.632521,2213.632521,2213.632521,5008.101759,5008.101759,5008.101759,5008.101759,5008.101759
5/18/2006,2164.518223,2577.61378,2427.479934,2288.974853,2135.655982,2427.479934,5305.469516,4272.073077,6150.105994,5244.059471,4644.952018,6150.105994,5617.173549,5204.98634,6150.105994,6549.561916,5937.590061,6150.105994,1117.382673,1110.673271,0.001001968,0.001005531,0.001008742,0.001011081,2420.407729,2420.407729,2420.407729,5529.9781,5529.9781,5529.9781,5529.9781,5529.9781
5/19/2006,2204.967882,2601.712176,2502.853399,2481.766595,2577.61378,2502.853399,4503.18053,3923.426692,5226.220479,4589.376795,4272.073077,5226.220479,4691.483452,4644.952018,5226.220479,4721.646242,5204.98634,5226.220479,1320.474741,1312.358099,0.001001968,0.001005531,0.001008742,0.001011081,2468.348553,2468.348553,2468.348553,5877.460429,5877.460429,5877.460429,5877.460429,5877.460429
5/20/2006,2357.542855,2193.224953,2646.589496,2638.320287,2601.712176,2646.589496,4801.22153,4241.371012,5529.535002,4899.918266,3923.426692,5529.535002,4971.964535,4272.073077,5529.535002,4871.186954,4644.952018,5529.535002,1235.023288,1227.502247,0.001001968,0.001005531,0.001008742,0.001011081,2520.788773,2520.788773,2520.788773,5797.920652,5797.920652,5797.920652,5797.920652,5797.920652
5/21/2006,1997.413756,1588.357367,2229.330128,2218.048294,2193.224953,2229.330128,3869.177775,3993.454305,4427.149394,3944.868484,4241.371012,4427.149394,4302.518791,3923.426692,4427.149394,4531.818664,4272.073077,4427.149394,1029.091225,1022.984094,0.001001968,0.001005531,0.001008742,0.001011081,2520.22991,2520.22991,2520.22991,5689.312879,5689.312879,5689.312879,5689.312879,5689.312879
5/22/2006,1432.059934,1427.097241,1556.510692,1622.688451,1588.357367,1556.510692,2847.763882,3599.470465,3175.8287,2964.198407,3993.454305,3175.8287,3150.789492,4241.371012,3175.8287,3907.92267,3923.426692,3175.8287,560.105736,557.0717935,0.001001968,0.001005531,0.001008742,0.001011081,2433.260987,2433.260987,2433.260987,5407.477682,5407.477682,5407.477682,5407.477682,5407.477682
5/23/2006,1573.648889,2370.816335,1690.440756,1454.257934,1427.097241,1690.440756,2774.911829,3019.867671,3068.587998,2584.130707,3599.470465,3068.587998,2793.395736,3993.454305,3068.587998,3046.145725,4241.371012,3068.587998,548.6662425,545.7038978,0.001001968,0.001005531,0.001008742,0.001011081,2330.868567,2330.868567,2330.868567,5084.315177,5084.315177,5084.315177,5084.315177,5084.315177
5/24/2006,2037.351125,1729.390222,2325.078564,2375.386137,2370.816335,2325.078564,4093.344574,3630.175738,4793.247871,4236.627765,3019.867671,4793.247871,4307.773763,3599.470465,4793.247871,3686.413957,3993.454305,4793.247871,1325.228273,1317.078358,0.001001968,0.001005531,0.001008742,0.001011081,2175.956472,2175.956472,2175.956472,4783.563302,4783.563302,4783.563302,4783.563302,4783.563302
5/25/2006,1409.084572,1467.331351,1568.351021,1732.046756,1729.390222,1568.351021,3401.798641,4035.268726,3916.369635,3606.032602,3630.175738,3916.369635,3795.796656,3019.867671,3916.369635,4343.951828,3599.470465,3916.369635,766.7524001,762.39419,0.001001968,0.001005531,0.001008742,0.001011081,2078.164025,2078.164025,2078.164025,4448.413832,4448.413832,4448.413832,4448.413832,4448.413832
5/26/2006,1147.977079,1900.327717,1253.510936,1302.287474,1467.331351,1253.510936,2306.053075,3701.8741,2581.584532,2392.408064,4035.268726,2581.584532,2654.28649,3630.175738,2581.584532,2958.6253,3019.867671,2581.584532,521.4789627,518.6859548,0.001001968,0.001005531,0.001008742,0.001011081,1955.74181,1955.74181,1955.74181,4182.064406,4182.064406,4182.064406,4182.064406,4182.064406
5/27/2006,1832.570376,2133.217749,2040.990636,1937.861267,1900.327717,2040.990636,2972.466429,2828.8657,3377.828902,2961.573219,3701.8741,3377.828902,3047.652919,4035.268726,3377.828902,2606.669146,3630.175738,3377.828902,908.1317339,902.839108,0.001001968,0.001005531,0.001008742,0.001011081,1864.819352,1864.819352,1864.819352,3868.355663,3868.355663,3868.355663,3868.355663,3868.355663
5/28/2006,2073.127096,1887.212693,2331.562161,2222.196249,2133.217749,2331.562161,3871.387864,3311.618423,4487.924383,3851.7475,2828.8657,4487.924383,3998.897265,3701.8741,4487.924383,3809.097254,4035.268726,4487.924383,1168.046933,1160.989215,0.001001968,0.001005531,0.001008742,0.001011081,1831.45338,1831.45338,1831.45338,3685.269128,3685.269128,3685.269128,3685.269128,3685.269128
5/29/2006,1581.057205,1413.586326,1779.837081,1892.984194,1887.212693,1779.837081,3328.26435,4699.270153,3852.590694,3503.136238,3311.618423,3852.590694,3674.537636,2828.8657,3852.590694,3997.866293,3701.8741,3852.590694,942.8119263,937.2871028,0.001001968,0.001005531,0.001008742,0.001011081,1857.216129,1857.216129,1857.216129,3672.180417,3672.180417,3672.180417,3672.180417,3672.180417
5/30/2006,1138.288096,1682.724412,1248.85187,1344.757982,1413.586326,1248.85187,2425.273616,6783.942756,2739.068301,2556.869283,4699.270153,2739.068301,2782.185817,3311.618423,2739.068301,3243.210869,2828.8657,2739.068301,545.7909585,542.8465779,0.001001968,0.001005531,0.001008742,0.001011081,1844.470129,1844.470129,1844.470129,3695.691297,3695.691297,3695.691297,3695.691297,3695.691297
5/31/2006,1515.955882,2030.358877,1691.111567,1699.903337,1682.724412,1691.111567,2309.917513,6085.065156,2621.657983,2394.950892,6783.942756,2621.657983,2520.765563,4699.270153,2621.657983,2316.882304,3311.618423,2621.657983,806.2551852,801.6379655,0.001001968,0.001005531,0.001008742,0.001011081,1769.061598,1769.061598,1769.061598,3528.569005,3528.569005,3528.569005,3528.569005,3528.569005
6/1/2006,1872.986581,1706.77394,2116.014699,2049.522345,2030.358877,2116.014699,3365.306217,5723.170303,3920.968019,3384.365343,6085.065156,3920.968019,3531.542586,6783.942756,3920.968019,3291.386754,4699.270153,3920.968019,1117.294936,1110.586136,0.001001968,0.001005531,0.001008742,0.001011081,1795.555121,1795.555121,1795.555121,3425.496483,3425.496483,3425.496483,3425.496483,3425.496483
6/2/2006,1471.258945,1361.426676,1651.346029,1686.326642,1706.77394,1651.346029,4003.250656,5487.260295,4649.101899,4077.226719,5723.170303,4649.101899,4266.530459,6085.065156,4649.101899,4547.389283,6783.942756,4649.101899,847.7525573,842.8614748,0.001001968,0.001005531,0.001008742,0.001011081,1835.274514,1835.274514,1835.274514,3582.126197,3582.126197,3582.126197,3582.126197,3582.126197
6/3/2006,1412.829345,2589.875682,1511.953069,1348.586273,1361.426676,1511.953069,5533.399049,5168.768244,6366.244316,5346.512367,5487.260295,6366.244316,5302.630244,5723.170303,6366.244316,5814.674029,6085.065156,6366.244316,454.6531662,452.2711101,0.001001968,0.001005531,0.001008742,0.001011081,1758.367915,1758.367915,1758.367915,4119.85866,4119.85866,4119.85866,4119.85866,4119.85866
6/4/2006,2606.03075,3126.139729,2928.374931,2589.011136,2589.875682,2928.374931,6268.110984,5235.561472,7328.561043,6004.327126,5168.768244,7328.561043,5985.834674,5487.260295,7328.561043,5013.282821,5723.170303,7328.561043,1436.848777,1427.913481,0.001001968,0.001005531,0.001008742,0.001011081,1785.161344,1785.161344,1785.161344,4475.581212,4475.581212,4475.581212,4475.581212,4475.581212
6/5/2006,2724.139995,2302.09212,3120.248096,3162.177233,3126.139729,3120.248096,6380.399526,5485.545847,7553.064103,6524.035365,5235.561472,7553.064103,6576.38819,5168.768244,7553.064103,6112.989325,5487.260295,7553.064103,1759.991792,1748.742971,0.001001968,0.001005531,0.001008742,0.001011081,1928.595317,1928.595317,1928.595317,4772.870071,4772.870071,4772.870071,4772.870071,4772.870071
6/6/2006,1938.396673,2250.592631,2180.286059,2319.122322,2302.09212,2180.286059,4465.564493,5564.453192,5207.630633,4664.383666,5485.545847,5207.630633,5019.654655,5235.561472,5207.630633,5600.894846,5168.768244,5207.630633,1132.672227,1125.857911,0.001001968,0.001005531,0.001008742,0.001011081,2072.166718,2072.166718,2072.166718,5092.601619,5092.601619,5092.601619,5092.601619,5092.601619
6/7/2006,1509.2759,3079.843369,1691.652468,1878.457602,2250.592631,1691.652468,3342.642153,5330.442265,3866.65557,3580.806009,5564.453192,3866.65557,3890.181686,5485.545847,3866.65557,4379.204678,5235.561472,3866.65557,878.9437547,873.8456811,0.001001968,0.001005531,0.001008742,0.001011081,2125.100703,2125.100703,2125.100703,5432.918662,5432.918662,5432.918662,5432.918662,5432.918662
6/8/2006,2600.792245,1870.586988,3020.309178,3166.198563,3079.843369,3020.309178,4972.637088,5037.778896,5906.887569,5287.843411,5330.442265,5906.887569,5485.217607,5564.453192,5906.887569,4458.418583,5485.545847,5906.887569,1670.186014,1659.585663,0.001001968,0.001005531,0.001008742,0.001011081,2275.588687,2275.588687,2275.588687,5732.414987,5732.414987,5732.414987,5732.414987,5732.414987
6/9/2006,2026.335321,2725.305369,2216.740765,1976.270973,1870.586988,2216.740765,4987.855896,5024.66963,5713.754153,4802.54958,5037.778896,5713.754153,5095.533116,5330.442265,5713.754153,6067.053772,5564.453192,5713.754153,767.9171198,763.5512972,0.001001968,0.001005531,0.001008742,0.001011081,2334.833665,2334.833665,2334.833665,5881.920984,5881.920984,5881.920984,5881.920984,5881.920984
6/10/2006,2776.362842,3171.112141,3118.71826,2764.853872,2725.305369,3118.71826,4792.826284,4675.753596,5566.014203,4565.29423,5024.66963,5566.014203,4649.289543,5037.778896,5566.014203,4300.854293,5330.442265,5566.014203,1468.841809,1459.680016,0.001001968,0.001005531,0.001008742,0.001011081,2514.343746,2514.343746,2514.343746,5663.758092,5663.758092,5663.758092,5663.758092,5663.758092
6/11/2006,2894.764355,3031.741071,3269.71505,3192.83957,3171.112141,3269.71505,5425.7039,3613.600848,6355.117095,5467.424115,4675.753596,6355.117095,5480.963803,5024.66963,6355.117095,5257.053635,5037.778896,6355.117095,1649.795892,1639.342208,0.001001968,0.001005531,0.001008742,0.001011081,2594.019012,2594.019012,2594.019012,5521.076549,5521.076549,5521.076549,5521.076549,5521.076549
6/12/2006,2587.262255,2361.343112,2946.809688,3035.177444,3031.741071,2946.809688,4503.983186,3436.779247,5306.53657,4712.588956,3613.600848,5306.53657,5112.516604,4675.753596,5306.53657,4986.71584,5024.66963,5306.53657,1610.322898,1600.152534,0.001001968,0.001005531,0.001008742,0.001011081,2625.314034,2625.314034,2625.314034,5426.096292,5426.096292,5426.096292,5426.096292,5426.096292
6/13/2006,1910.608713,1705.283298,2145.592997,2363.20639,2361.343112,2145.592997,3628.033759,3688.886037,4212.481261,3921.058886,3436.779247,4212.481261,4252.047477,3613.600848,4212.481261,4916.62762,4675.753596,4212.481261,1087.621525,1081.115824,0.001001968,0.001005531,0.001008742,0.001011081,2627.184768,2627.184768,2627.184768,5325.552104,5325.552104,5325.552104,5325.552104,5325.552104
6/14/2006,1400.274352,1461.83303,1537.28762,1683.166781,1705.283298,1537.28762,2705.245424,3476.580194,3073.016593,2896.274097,3688.886037,3073.016593,3240.53966,3436.779247,3073.016593,3858.44266,3613.600848,3073.016593,654.3427497,650.7117636,0.001001968,0.001005531,0.001008742,0.001011081,2610.039044,2610.039044,2610.039044,5226.203596,5226.203596,5226.203596,5226.203596,5226.203596
6/15/2006,1329.028289,1629.659639,1441.944744,1468.1705,1461.83303,1441.944744,2282.701722,3237.397257,2545.56908,2354.904886,3476.580194,2545.56908,2534.383462,3688.886037,2545.56908,2904.514302,3436.779247,2545.56908,516.4671041,513.7051827,0.001001968,0.001005531,0.001008742,0.001011081,2398.672367,2398.672367,2398.672367,4930.556052,4930.556052,4930.556052,4930.556052,4930.556052
6/16/2006,1670.257415,2154.350298,1834.79278,1645.591885,1629.659639,1834.79278,2923.094176,3856.57941,3328.505395,2790.341286,3237.397257,3328.505395,3000.243765,3476.580194,3328.505395,2886.971524,3688.886037,3328.505395,780.0850111,775.639572,0.001001968,0.001005531,0.001008742,0.001011081,2334.483736,2334.483736,2334.483736,4549.125459,4549.125459,4549.125459,4549.125459,4549.125459
6/17/2006,1838.66382,1644.377536,2086.716269,2155.281306,2154.350298,2086.716269,3563.470631,3911.090106,4175.829461,3709.123745,3856.57941,4175.829461,3765.601341,3237.397257,4175.829461,3536.398035,3476.580194,4175.829461,1158.613228,1151.620511,0.001001968,0.001005531,0.001008742,0.001011081,2253.457414,2253.457414,2253.457414,4288.711015,4288.711015,4288.711015,4288.711015,4288.711015
6/18/2006,1397.283188,1471.003189,1549.375139,1644.399403,1644.377536,1549.375139,2853.958909,3222.552894,3278.79948,2993.795096,3911.090106,3278.79948,3193.412137,3856.57941,3278.79948,3515.168439,3237.397257,3278.79948,735.9123287,731.7551278,0.001001968,0.001005531,0.001008742,0.001011081,2085.361748,2085.361748,2085.361748,4052.636732,4052.636732,4052.636732,4052.636732,4052.636732
6/19/2006,1301.883747,1355.096965,1438.727721,1467.619037,1471.003189,1438.727721,2331.794884,3423.320389,2655.409963,2408.002416,3222.552894,2655.409963,2626.463712,3911.090106,2655.409963,2802.630423,3856.57941,2655.409963,668.3245993,664.6040018,0.001001968,0.001005531,0.001008742,0.001011081,1863.563996,1863.563996,1863.563996,3754.55649,3754.55649,3754.55649,3754.55649,3754.55649
6/20/2006,1373.655847,1819.62964,1491.130799,1355.781762,1355.096965,1491.130799,3247.908472,4876.061175,3693.223529,3138.300409,3423.320389,3693.223529,3238.331531,3222.552894,3693.223529,3401.603902,3911.090106,3693.223529,578.004026,574.8576633,0.001001968,0.001005531,0.001008742,0.001011081,1703.790167,1703.790167,1703.790167,3548.912361,3548.912361,3548.912361,3548.912361,3548.912361
6/21/2006,1559.543222,1536.058279,1745.104048,1821.599298,1819.62964,1745.104048,3527.041452,5760.509755,4092.507416,3650.817089,4876.061175,4092.507416,3632.058583,3423.320389,4092.507416,3455.044268,3222.552894,4092.507416,889.2654021,884.0986226,0.001001968,0.001005531,0.001008742,0.001011081,1666.834428,1666.834428,1666.834428,3459.362259,3459.362259,3459.362259,3459.362259,3459.362259
6/22/2006,1286.030581,1361.741259,1434.691061,1533.250491,1536.058279,1434.691061,2774.494346,5221.405462,3201.131122,2914.960398,5760.509755,3201.131122,3150.312777,4876.061175,3201.131122,3206.301814,3423.320389,3201.131122,727.3521866,723.2505855,0.001001968,0.001005531,0.001008742,0.001011081,1678.258426,1678.258426,1678.258426,3468.522661,3468.522661,3468.522661,3468.522661,3468.522661
6/23/2006,1183.430642,1541.024901,1315.322564,1352.121949,1361.741259,1315.322564,2662.669851,10576.92523,3063.808488,2735.323553,5221.405462,3063.808488,2938.475629,5760.509755,3063.808488,3166.638108,4876.061175,3063.808488,650.6735725,647.0660608,0.001001968,0.001005531,0.001008742,0.001011081,1640.061269,1640.061269,1640.061269,3516.863199,3516.863199,3516.863199,3516.863199,3516.863199
6/24/2006,1452.711229,3193.965219,1614.314218,1505.5541,1541.024901,1614.314218,4320.814699,34937.9136,5007.889486,4238.318449,10576.92523,5007.889486,4325.861879,5221.405462,5007.889486,4197.64024,5760.509755,5007.889486,780.6774768,776.2281569,0.001001968,0.001005531,0.001008742,0.001011081,1567.111738,1567.111738,1567.111738,3700.834132,3700.834132,3700.834132,3700.834132,3700.834132
6/25/2006,1699.816701,9900.236789,1924.068417,2005.823271,3193.965219,1924.068417,5613.093728,63830.96953,6576.155273,5733.574862,34937.9136,6576.155273,5669.218565,10576.92523,6576.155273,5282.273338,5221.405462,6576.155273,1037.24995,1031.087427,0.001001968,0.001005531,0.001008742,0.001011081,1577.371653,1577.371653,1577.371653,4046.49699,4046.49699,4046.49699,4046.49699,4046.49699
6/26/2006,8243.926295,15399.37309,9637.517321,8730.749696,9900.236789,9637.517321,14071.18902,82108.45951,16600.4985,13885.33987,63830.96953,16600.4985,13216.67735,34937.9136,16600.4985,5195.485988,10576.92523,16600.4985,4709.261521,4675.216387,0.001001968,0.001005531,0.001008742,0.001011081,2339.673197,2339.673197,2339.673197,4904.79998,4904.79998,4904.79998,4904.79998,4904.79998
6/27/2006,17966.71119,41985.2103,19841.21668,14137.51094,15399.37309,19841.21668,34928.78006,75697.99767,39256.70645,30342.02078,82108.45951,39256.70645,28611.09131,63830.96953,39256.70645,17344.66479,34937.9136,39256.70645,5677.423847,5635.475888,0.001001968,0.001005531,0.001008742,0.001011081,3721.577094,3721.577094,3721.577094,7857.724722,7857.724722,7857.724722,7857.724722,7857.724722
6/28/2006,49244.51352,80880.61157,56263.48081,43483.21462,41985.2103,56263.48081,81293.39605,61084.69685,95855.59276,71534.94517,75697.99767,95855.59276,65982.98644,82108.45951,95855.59276,42356.08863,63830.96953,95855.59276,22105.81237,21916.9149,0.001001968,0.001005531,0.001008742,0.001011081,8074.732067,8074.732067,8074.732067,14826.07901,14826.07901,14826.07901,14826.07901,14826.07901
6/29/2006,64929.81981,46271.52284,80162.72628,81700.60677,80880.61157,80162.72628,98738.50527,37484.77616,127449.7395,105431.8373,61084.69685,127449.7395,107327.0403,75697.99767,127449.7395,79659.23259,82108.45951,127449.7395,49669.28315,49210.66652,0.001001968,0.001005531,0.001008742,0.001011081,17773.66442,17773.66442,17773.66442,24894.63673,24894.63673,24894.63673,24894.63673,24894.63673
6/30/2006,30803.96763,13707.53885,37908.15921,46536.83013,46271.52284,37908.15921,59199.38296,21163.64751,75505.14696,69893.26727,37484.77616,75505.14696,85328.67247,61084.69685,75505.14696,103184.021,75697.99767,75505.14696,24772.70338,24558.61737,0.001001968,0.001005531,0.001008742,0.001011081,25506.81135,25506.81135,25506.81135,37632.04484,37632.04484,37632.04484,37632.04484,37632.04484
7/1/2006,7877.872671,5250.620612,8607.805374,13844.22975,13707.53885,8607.805374,9683.539544,13781.89355,10779.1148,15274.77505,21163.64751,10779.1148,26372.83715,37484.77616,10779.1148,58740.12168,61084.69685,10779.1148,2875.312285,2855.733257,0.001001968,0.001005531,0.001008742,0.001011081,28756.59459,28756.59459,28756.59459,47481.54677,47481.54677,47481.54677,47481.54677,47481.54677
7/2/2006,3842.324469,5479.678984,3901.574513,5292.126556,5250.620612,3901.574513,7390.053804,13711.99888,7905.775485,8811.151252,13781.89355,7905.775485,14375.28926,21163.64751,7905.775485,28270.14877,37484.77616,7905.775485,56.75017451,56.55351322,0.001001968,0.001005531,0.001008742,0.001011081,30052.39729,30052.39729,30052.39729,52326.74691,52326.74691,52326.74691,52326.74691,52326.74691
7/3/2006,4593.885206,5125.343228,5038.242421,5504.202174,5479.678984,5038.242421,15023.37889,12137.13566,17598.30916,15491.67666,13711.99888,17598.30916,17195.11051,13781.89355,17598.30916,21536.83587,21163.64751,17598.30916,1846.13415,1834.259642,0.001001968,0.001005531,0.001008742,0.001011081,30071.17345,30071.17345,30071.17345,53957.62848,53957.62848,53957.62848,53957.62848,53957.62848
7/4/2006,4364.628038,4539.58552,4858.577906,5137.51255,5125.343228,4858.577906,12601.10625,9233.097605,14788.7318,12946.37432,12137.13566,14788.7318,13788.10921,13711.99888,14788.7318,15502.46348,13781.89355,14788.7318,2071.532631,2058.005146,0.001001968,0.001005531,0.001008742,0.001011081,29305.77628,29305.77628,29305.77628,52425.41205,52425.41205,52425.41205,52425.41205,52425.41205
7/5/2006,3975.871802,4347.190252,4417.532042,4549.071,4539.58552,4417.532042,9433.666506,8029.279534,10961.77128,9674.652868,9233.097605,10961.77128,10356.35894,12137.13566,10961.77128,11335.05576,13711.99888,10961.77128,1872.565443,1860.49826,0.001001968,0.001005531,0.001008742,0.001011081,25417.98129,25417.98129,25417.98129,46549.06104,46549.06104,46549.06104,46549.06104,46549.06104
7/6/2006,3749.362891,3800.013816,4188.458599,4358.471818,4347.190252,4188.458599,10380.12557,7734.654375,12157.12824,10630.82419,8029.279534,12157.12824,11087.41536,9233.097605,12157.12824,11657.91969,12137.13566,12157.12824,1872.29917,1860.233929,0.001001968,0.001005531,0.001008742,0.001011081,16131.76415,16131.76415,16131.76415,37815.18323,37815.18323,37815.18323,37815.18323,37815.18323
7/7/2006,3292.093778,3372.396801,3661.741572,3807.288227,3800.013816,3661.741572,9147.139962,7365.190145,10681.00224,9354.640656,7734.654375,10681.00224,9837.443797,8029.279534,10681.00224,10634.70306,9233.097605,10681.00224,1597.587117,1587.50799,0.001001968,0.001005531,0.001008742,0.001011081,8771.473872,8771.473872,8771.473872,26220.27002,26220.27002,26220.27002,26220.27002,26220.27002
7/8/2006,2950.389519,3124.438454,3271.116145,3375.971705,3372.396801,3271.116145,6648.117727,6299.083688,7681.649015,6840.037906,7365.190145,7681.649015,7294.76054,7734.654375,7681.649015,7935.145594,8029.279534,7681.649015,1402.362068,1393.670242,0.001001968,0.001005531,0.001008742,0.001011081,5822.612212,5822.612212,5822.612212,16920.51191,16920.51191,16920.51191,16920.51191,16920.51191
7/9/2006,2752.788478,2895.632475,3051.496156,3126.715419,3124.438454,3051.496156,5970.316247,6536.869575,6883.986047,6132.148746,6299.083688,6883.986047,6508.563912,7365.190145,6883.986047,6946.326808,7734.654375,6883.986047,1315.947591,1307.862625,0.001001968,0.001005531,0.001008742,0.001011081,4738.718895,4738.718895,4738.718895,12288.1246,12288.1246,12288.1246,12288.1246,12288.1246
7/10/2006,2541.060541,2608.706347,2812.675728,2896.226641,2895.632475,2812.675728,6074.258983,6745.723379,6999.673551,6230.306992,6536.869575,6999.673551,6537.234152,6299.083688,6999.673551,6811.921157,7365.190145,6999.673551,1205.376555,1198.060993,0.001001968,0.001005531,0.001008742,0.001011081,4162.847592,4162.847592,4162.847592,10381.85168,10381.85168,10381.85168,10381.85168,10381.85168
7/11/2006,2361.311202,2626.709374,2592.659229,2609.556516,2608.706347,2592.659229,5789.21469,6395.428394,6649.049015,5860.467949,6745.723379,6649.049015,6122.313822,6536.869575,6649.049015,6600.801934,6299.083688,6649.049015,1034.39673,1028.253585,0.001001968,0.001005531,0.001008742,0.001011081,3737.216209,3737.216209,3737.216209,9442.980868,9442.980868,9442.980868,9442.980868,9442.980868
7/12/2006,2394.915969,2554.228363,2637.117362,2625.425788,2626.709374,2637.117362,5050.110304,6698.646599,5782.396968,5112.306903,6395.428394,5782.396968,5325.138173,6745.723379,5782.396968,5484.792065,6536.869575,5782.396968,1085.277015,1078.787332,0.001001968,0.001005531,0.001008742,0.001011081,3413.6617,3413.6617,3413.6617,8659.256618,8659.256618,8659.256618,8659.256618,8659.256618
7/13/2006,2277.163023,2463.371196,2489.923866,2554.542875,2554.228363,2489.923866,5636.316182,6779.546385,6442.717134,5755.484281,6698.646599,6442.717134,5834.951761,6395.428394,6442.717134,5955.423233,6745.723379,6442.717134,952.5973772,947.0068378,0.001001968,0.001005531,0.001008742,0.001011081,3122.216097,3122.216097,3122.216097,7775.008634,7775.008634,7775.008634,7775.008634,7775.008634
7/14/2006,2400.786503,3057.601204,2616.863465,2464.638186,2463.371196,2616.863465,5889.85552,5764.511486,6736.960556,5785.803819,6779.546385,6736.960556,6030.852601,6698.646599,6736.960556,6112.45541,6395.428394,6736.960556,972.7895617,967.0631486,0.001001968,0.001005531,0.001008742,0.001011081,2908.716269,2908.716269,2908.716269,7118.145313,7118.145313,7118.145313,7118.145313,7118.145313
7/15/2006,2665.795794,2539.912301,3008.424979,3055.912636,3057.601204,3008.424979,5787.321043,5597.839168,6754.740914,5934.845987,5764.511486,6754.740914,6166.793289,6779.546385,6754.740914,5828.528807,6698.646599,6754.740914,1528.025831,1518.443486,0.001001968,0.001005531,0.001008742,0.001011081,2824.83307,2824.83307,2824.83307,6785.289565,6785.289565,6785.289565,6785.289565,6785.289565
7/16/2006,2144.093938,2134.66431,2381.210265,2539.466414,2539.912301,2381.210265,5602.775791,5173.207894,6481.852905,5813.482071,5597.839168,6481.852905,6035.110546,5764.511486,6481.852905,6525.856721,6779.546385,6481.852905,1078.262767,1071.820979,0.001001968,0.001005531,0.001008742,0.001011081,2727.834784,2727.834784,2727.834784,6667.629843,6667.629843,6667.629843,6667.629843,6667.629843
7/17/2006,1939.925712,2275.360499,2121.458271,2134.802999,2134.66431,2121.458271,5056.484824,4721.134003,5798.774597,5104.549004,5173.207894,5798.774597,5368.267596,5597.839168,5798.774597,5845.989332,5764.511486,5798.774597,833.3810943,828.585057,0.001001968,0.001005531,0.001008742,0.001011081,2625.081576,2625.081576,2625.081576,6569.698672,6569.698672,6569.698672,6569.698672,6569.698672
7/18/2006,2047.893577,2167.215108,2277.330959,2274.59943,2275.360499,2277.330959,4602.118593,5504.48952,5312.230577,4662.812257,4721.134003,5312.230577,4909.352065,5173.207894,5312.230577,4942.130074,5597.839168,5312.230577,1052.192563,1045.92845,0.001001968,0.001005531,0.001008742,0.001011081,2572.101791,2572.101791,2572.101791,6336.873527,6336.873527,6336.873527,6336.873527,6336.873527
7/19/2006,1897.382319,1960.479233,2107.545632,2166.376437,2167.215108,2107.545632,4697.442892,6574.232742,5419.764242,4807.781415,5504.48952,5419.764242,4977.973499,4721.134003,5419.764242,5165.708593,5173.207894,5419.764242,970.5105342,964.7994748,0.001001968,0.001005531,0.001008742,0.001011081,2505.373424,2505.373424,2505.373424,6253.7207,6253.7207,6253.7207,6253.7207,6253.7207
7/20/2006,1747.020908,2117.267099,1928.223687,1958.527323,1960.479233,1928.223687,4124.010754,7321.272124,4732.178459,4201.548276,6574.232742,4732.178459,4407.427671,5504.48952,4732.178459,4670.296064,4721.134003,4732.178459,844.0933815,839.2265187,0.001001968,0.001005531,0.001008742,0.001011081,2439.957739,2439.957739,2439.957739,6052.928596,6052.928596,6052.928596,6052.928596,6052.928596
7/21/2006,1919.089245,2515.322161,2119.605762,2114.318352,2117.267099,2119.605762,4022.842842,6442.142234,4607.064141,4080.023236,7321.272124,4607.064141,4154.718831,6574.232742,4607.064141,4188.520262,5504.48952,4607.064141,922.2327364,916.8458325,0.001001968,0.001005531,0.001008742,0.001011081,2363.491185,2363.491185,2363.491185,5729.28205,5729.28205,5729.28205,5729.28205,5729.28205
7/22/2006,2230.474843,2609.71837,2476.502427,2498.419266,2515.322161,2476.502427,5374.702907,6056.214214,6189.927598,5465.67299,6442.142234,6189.927598,5445.206507,7321.272124,6189.927598,5023.031987,6574.232742,6189.927598,1105.899593,1099.268868,0.001001968,0.001005531,0.001008742,0.001011081,2261.513167,2261.513167,2261.513167,5648.829306,5648.829306,5648.829306,5648.829306,5648.829306
7/23/2006,2686.650284,3106.488563,2935.724068,2614.175371,2609.71837,2935.724068,6832.948367,5715.450774,7829.39329,6569.319514,6056.214214,7829.39329,6599.501376,6442.142234,7829.39329,6384.208768,7321.272124,7829.39329,1084.095231,1077.61362,0.001001968,0.001005531,0.001008742,0.001011081,2247.950909,2247.950909,2247.950909,5732.669281,5732.669281,5732.669281,5732.669281,5732.669281
7/24/2006,3109.111316,3250.547653,3407.648459,3117.304418,3106.488563,3407.648459,7245.570144,5392.328609,8339.1693,7020.061349,5715.450774,8339.1693,6933.988421,6056.214214,8339.1693,6897.611322,6442.142234,8339.1693,1315.453452,1307.371943,0.001001968,0.001005531,0.001008742,0.001011081,2326.553874,2326.553874,2326.553874,5867.920623,5867.920623,5867.920623,5867.920623,5867.920623
7/25/2006,2630.042457,2120.711611,2973.859053,3250.191913,3250.547653,2973.859053,5658.110531,4828.571322,6617.664009,6032.455121,5392.328609,6617.664009,6388.380388,5715.450774,6617.664009,6059.352947,6056.214214,6617.664009,1545.116573,1535.412417,0.001001968,0.001005531,0.001008742,0.001011081,2464.737812,2464.737812,2464.737812,6031.496604,6031.496604,6031.496604,6031.496604,6031.496604
7/26/2006,1749.32579,1765.530775,1912.917895,2119.821064,2120.711611,1912.917895,4337.217073,4370.483323,4960.253217,4578.870015,4828.571322,4960.253217,5031.82859,5392.328609,4960.253217,6033.513486,5715.450774,4960.253217,769.4101712,765.0345881,0.001001968,0.001005531,0.001008742,0.001011081,2504.392186,2504.392186,2504.392186,6131.302637,6131.302637,6131.302637,6131.302637,6131.302637
7/27/2006,1563.790504,1713.31144,1700.439091,1764.138874,1765.530775,1700.439091,3542.939324,5057.0223,4011.225574,3643.577615,4370.483323,4011.225574,3970.772882,4828.571322,4011.225574,4477.830912,5392.328609,4011.225574,649.4427965,645.8431549,0.001001968,0.001005531,0.001008742,0.001011081,2498.607708,2498.607708,2498.607708,6153.469353,6153.469353,6153.469353,6153.469353,6153.469353
7/28/2006,1504.104488,1259.021416,1630.559957,1707.644498,1713.31144,1630.559957,4297.992865,5241.707188,4859.822908,4402.359464,5057.0223,4859.822908,4480.843587,4370.483323,4859.822908,4528.718495,4828.571322,4859.822908,597.7615517,594.490543,0.001001968,0.001005531,0.001008742,0.001011081,2452.825475,2452.825475,2452.825475,6227.56961,6227.56961,6227.56961,6227.56961,6227.56961
7/29/2006,1289.050006,1511.255734,1319.167358,1259.692795,1259.021416,1319.167358,4106.680382,4827.248837,4517.240614,4039.781562,5241.707188,4517.240614,3966.043549,5057.0223,4517.240614,4454.393369,4370.483323,4517.240614,95.66595186,95.29121121,0.001001968,0.001005531,0.001008742,0.001011081,2300.826542,2300.826542,2300.826542,6121.652649,6121.652649,6121.652649,6121.652649,6121.652649
7/30/2006,1965.571077,3244.828391,2053.726515,1514.050391,1511.255734,2053.726515,4153.952235,4828.11927,4564.111102,3633.358487,4827.248837,4564.111102,3741.679577,5241.707188,4564.111102,3629.242398,5057.0223,4564.111102,415.8830076,413.7356048,0.001001968,0.001005531,0.001008742,0.001011081,2169.001854,2169.001854,2169.001854,5713.92718,5713.92718,5713.92718,5713.92718,5713.92718
7/31/2006,2837.231857,2624.023276,3219.022252,3244.370445,3244.828391,3219.022252,5755.701659,4651.806272,6752.755127,5892.804522,4828.11927,6752.755127,5782.648128,4827.248837,6752.755127,4710.873724,5241.707188,6752.755127,1721.005047,1710.038232,0.001001968,0.001005531,0.001008742,0.001011081,2162.419976,2162.419976,2162.419976,5301.839416,5301.839416,5301.839416,5301.839416,5301.839416
8/1/2006,2105.453626,1782.759097,2354.365458,2623.457478,2624.023276,2354.365458,5043.391121,4415.43653,5859.436212,5370.574473,4651.806272,5859.436212,5608.643969,4828.11927,5859.436212,5878.547277,4827.248837,5859.436212,1161.06419,1154.05459,0.001001968,0.001005531,0.001008742,0.001011081,2069.768658,2069.768658,2069.768658,5136.658518,5136.658518,5136.658518,5136.658518,5136.658518
8/2/2006,1503.774967,1598.93029,1629.01147,1782.260929,1782.759097,1629.01147,3144.177063,3915.697045,3540.901892,3333.753856,4415.43653,3540.901892,3711.206054,4651.806272,3540.901892,4392.915018,4828.11927,3540.901892,609.7611094,606.4141252,0.001001968,0.001005531,0.001008742,0.001011081,2012.231283,2012.231283,2012.231283,4997.88796,4997.88796,4997.88796,4997.88796,4997.88796
8/3/2006,1413.623062,1582.83604,1533.630757,1590.512296,1598.93029,1533.630757,3217.565416,3685.587029,3637.233643,3304.887881,3915.697045,3637.233643,3554.557729,4415.43653,3637.233643,3910.80015,4651.806272,3637.233643,587.2052807,584.0009398,0.001001968,0.001005531,0.001008742,0.001011081,1977.785007,1977.785007,1977.785007,4887.572219,4887.572219,4887.572219,4887.572219,4887.572219
8/4/2006,1443.583825,1577.547051,1572.308493,1584.01436,1582.83604,1572.308493,3617.047941,3588.190339,4123.070007,3654.558559,3685.587029,4123.070007,3787.876629,3915.697045,4123.070007,3988.764674,4415.43653,4123.070007,626.2776173,622.8257302,0.001001968,0.001005531,0.001008742,0.001011081,1966.217342,1966.217342,1966.217342,4754.914536,4754.914536,4754.914536,4754.914536,4754.914536
8/5/2006,1423.999819,1522.584367,1555.310549,1582.669682,1577.547051,1555.310549,3617.672282,3537.271404,4136.965987,3669.507953,3588.190339,4136.965987,3761.470981,3685.587029,4136.965987,3898.059242,3915.697045,4136.965987,639.2507942,635.7162485,0.001001968,0.001005531,0.001008742,0.001011081,2017.192303,2017.192303,2017.192303,4637.095391,4637.095391,4637.095391,4637.095391,4637.095391
8/6/2006,1357.102849,1390.736992,1489.645291,1521.169396,1522.584367,1489.645291,3237.321786,3410.139828,3703.958406,3299.052041,3537.271404,3703.958406,3454.491096,3588.190339,3703.958406,3525.438064,3685.587029,3703.958406,650.0049545,646.4017184,0.001001968,0.001005531,0.001008742,0.001011081,2016.984742,2016.984742,2016.984742,4561.763801,4561.763801,4561.763801,4561.763801,4561.763801
8/7/2006,1213.947585,1320.44983,1326.436284,1384.828933,1390.736992,1326.436284,2976.689469,3311.766651,3393.275005,3059.670998,3410.139828,3393.275005,3176.436525,3537.271404,3393.275005,3378.661634,3588.190339,3393.275005,557.6582186,554.6396116,0.001001968,0.001005531,0.001008742,0.001011081,1821.515239,1821.515239,1821.515239,4395.247053,4395.247053,4395.247053,4395.247053,4395.247053
8/8/2006,1229.358992,1468.388504,1336.761328,1322.473793,1320.44983,1336.761328,2933.851764,3196.89384,3332.62008,2943.687765,3311.766651,3332.62008,3053.518476,3410.139828,3332.62008,3158.134512,3537.271404,3332.62008,531.4554623,528.6004525,0.001001968,0.001005531,0.001008742,0.001011081,1634.686776,1634.686776,1634.686776,4115.473398,4115.473398,4115.473398,4115.473398,4115.473398
8/9/2006,1333.393667,1331.064161,1467.893643,1471.97082,1468.388504,1467.893643,3100.8825,3047.585587,3553.503422,3137.495388,3196.89384,3553.503422,3205.298223,3311.766651,3553.503422,3184.287907,3410.139828,3553.503422,658.4312331,654.7740695,0.001001968,0.001005531,0.001008742,0.001011081,1546.070452,1546.070452,1546.070452,3878.213147,3878.213147,3878.213147,3878.213147,3878.213147
8/10/2006,1183.719087,1224.868018,1300.956546,1330.995199,1331.064161,1300.956546,2897.790253,2984.78054,3317.141827,2953.662894,3047.585587,3317.141827,3093.447586,3196.89384,3317.141827,3195.771182,3311.766651,3317.141827,584.0693328,580.8847657,0.001001968,0.001005531,0.001008742,0.001011081,1493.893981,1493.893981,1493.893981,3724.824963,3724.824963,3724.824963,3724.824963,3724.824963
8/11/2006,1096.70475,1167.120817,1200.561585,1224.651889,1224.868018,1200.561585,2678.139726,2891.354771,3054.182907,2725.263023,2984.78054,3054.182907,2837.209135,3047.585587,3054.182907,2999.545457,3196.89384,3054.182907,522.5300028,519.7304705,0.001001968,0.001005531,0.001008742,0.001011081,1441.213334,1441.213334,1441.213334,3597.125147,3597.125147,3597.125147,3597.125147,3597.125147
8/12/2006,1053.632957,1134.602729,1152.374789,1166.938442,1167.120817,1152.374789,2629.017872,3684.192612,2990.687351,2665.70501,2891.354771,2990.687351,2764.202368,2984.78054,2990.687351,2829.520633,3047.585587,2990.687351,499.4078808,496.7514575,0.001001968,0.001005531,0.001008742,0.001011081,1384.995563,1384.995563,1384.995563,3453.81965,3453.81965,3453.81965,3453.81965,3453.81965
8/13/2006,1025.342891,1110.587748,1122.17398,1134.457643,1134.602729,1122.17398,2504.672349,3313.366033,2858.699443,2537.670706,3684.192612,2858.699443,2624.230867,2891.354771,2858.699443,2779.756134,2984.78054,2858.699443,491.4705346,488.8630295,0.001001968,0.001005531,0.001008742,0.001011081,1323.872626,1323.872626,1323.872626,3329.935556,3329.935556,3329.935556,3329.935556,3329.935556
8/14/2006,995.2500813,1175.716345,1089.383941,1100.693712,1110.587748,1089.383941,2443.518722,2997.661637,2788.878894,2474.798997,3313.366033,2788.878894,2556.914251,3684.192612,2788.878894,2631.500176,2891.354771,2788.878894,479.7063443,477.1711408,0.001001968,0.001005531,0.001008742,0.001011081,1280.038989,1280.038989,1280.038989,3225.159983,3225.159983,3225.159983,3225.159983,3225.159983
8/15/2006,1074.287586,1198.353769,1179.602619,1177.796341,1175.716345,1179.602619,2663.537374,2828.606154,3038.481733,2689.422275,2997.661637,3038.481733,2747.859774,3313.366033,3038.481733,2624.197792,3684.192612,3038.481733,528.8653183,526.0264212,0.001001968,0.001005531,0.001008742,0.001011081,1250.830091,1250.830091,1250.830091,3144.514618,3144.514618,3144.514618,3144.514618,3144.514618
8/16/2006,1091.494198,1048.603798,1197.70934,1204.718752,1198.353769,1197.70934,3322.165993,1211.618949,3819.30556,3340.694359,2828.606154,3819.30556,3369.322217,2997.661637,3819.30556,3466.161922,3313.366033,3819.30556,531.9672166,529.1090221,0.001001968,0.001005531,0.001008742,0.001011081,1212.420543,1212.420543,1212.420543,3186.675915,3186.675915,3186.675915,3186.675915,3186.675915
8/17/2006,950.0057535,1012.310458,1040.491279,1048.906901,1048.603798,1040.491279,2710.859815,1152.879338,3101.160464,2732.209105,1211.618949,3101.160464,2864.416937,2828.606154,3101.160464,2975.402668,2997.661637,3101.160464,464.7365762,462.2930192,0.001001968,0.001005531,0.001008742,0.001011081,1174.911235,1174.911235,1174.911235,3181.431829,3181.431829,3181.431829,3181.431829,3181.431829
8/18/2006,908.8591821,1050.972446,996.3130493,1012.248995,1012.310458,996.3130493,2438.52392,3580.794958,2784.012103,2470.470653,1152.879338,2784.012103,2546.71208,1211.618949,2784.012103,2683.604855,2828.606154,2784.012103,451.6922116,449.328179,0.001001968,0.001005531,0.001008742,0.001011081,1141.53506,1141.53506,1141.53506,3133.245629,3133.245629,3133.245629,3133.245629,3133.245629
8/19/2006,868.6198095,651.2854233,950.1755997,959.973157,1050.972446,950.1755997,2311.049066,4222.070046,2633.535483,2335.92836,3580.794958,2633.535483,2409.752568,1152.879338,2633.535483,2500.756854,1211.618949,2633.535483,424.061661,421.8650046,0.001001968,0.001005531,0.001008742,0.001011081,1110.540901,1110.540901,1110.540901,3073.743462,3073.743462,3073.743462,3073.743462,3073.743462
8/20/2006,435.0089321,345.7164221,448.3390193,666.0273097,651.2854233,448.3390193,606.3500967,4139.829235,624.6357505,839.2017496,4222.070046,624.6357505,801.3628274,3580.794958,624.6357505,1152.880485,1152.879338,624.6357505,0.001000564,0.001006515,0.001001968,0.001005531,0.001008742,0.001011081,1043.233508,1043.233508,1043.233508,2840.73906,2840.73906,2840.73906,2840.73906,2840.73906
8/21/2006,1997.562222,5537.980544,2008.35437,412.2533552,345.7164221,2008.35437,2151.11404,4609.139397,2165.938318,567.3450496,4139.829235,2165.938318,808.3768748,4222.070046,2165.938318,801.3145594,3580.794958,2165.938318,0.001000564,0.001006515,0.001001968,0.001005531,0.001008742,0.001011081,977.5569837,977.5569837,977.5569837,2610.217204,2610.217204,2610.217204,2610.217204,2610.217204
8/22/2006,4680.352562,3046.935275,5536.207882,5541.196183,5537.980544,5536.207882,6853.574111,3869.367194,8462.981769,7152.01954,4609.139397,8462.981769,6400.201415,4139.829235,8462.981769,3130.795062,4222.070046,8462.981769,3631.724028,3606.272173,0.001001968,0.001005531,0.001008742,0.001011081,1374.093526,1374.093526,1374.093526,2652.228517,2652.228517,2652.228517,2652.228517,2652.228517
8/23/2006,1953.653154,1021.279048,2198.901137,3046.661725,3046.935275,2198.901137,4902.261448,4012.857503,5753.997674,5795.426434,3869.367194,5753.997674,5983.929661,4609.139397,5753.997674,6998.146755,4139.829235,5753.997674,1168.738386,1161.675901,0.001001968,0.001005531,0.001008742,0.001011081,1642.235535,1642.235535,1642.235535,2896.003607,2896.003607,2896.003607,2896.003607,2896.003607
8/24/2006,794.2402011,1266.67934,799.6252357,1017.877488,1021.279048,799.6252357,937.8027484,2470.540733,947.7872661,1163.002541,4012.857503,947.7872661,2021.597151,3869.367194,947.7872661,3206.599569,4609.139397,947.7872661,0.001000564,0.001006515,0.001001968,0.001005531,0.001008742,0.001011081,1748.056305,1748.056305,1748.056305,3226.107157,3226.107157,3226.107157,3226.107157,3226.107157
8/25/2006,973.9743877,1626.61117,1029.07018,1098.459163,1266.67934,1029.07018,2302.050375,9299.525344,2585.671598,2378.127024,2470.540733,2585.671598,2620.809143,4012.857503,2585.671598,3205.41757,3869.367194,2585.671598,292.7439924,291.3197852,0.001001968,0.001005531,0.001008742,0.001011081,1787.784431,1787.784431,1787.784431,3339.710012,3339.710012,3339.710012,3339.710012,3339.710012
8/26/2006,1661.508081,5228.684957,1747.230436,1447.14921,1626.61117,1747.230436,3573.220273,8601.61169,3961.876822,3296.347008,9299.525344,3961.876822,3243.812961,2470.540733,3961.876822,3098.144351,4012.857503,3961.876822,378.241539,376.3190096,0.001001968,0.001005531,0.001008742,0.001011081,1841.067563,1841.067563,1841.067563,3389.146197,3389.146197,3389.146197,3389.146197,3389.146197
8/27/2006,2577.579112,6407.233277,2798.063946,2588.329312,5228.684957,2798.063946,5310.920385,10988.57291,5996.872697,5178.711617,8601.61169,5996.872697,4927.606594,9299.525344,5996.872697,4006.302298,2470.540733,5996.872697,932.5491787,927.0931834,0.001001968,0.001005531,0.001008742,0.001011081,2055.801633,2055.801633,2055.801633,3845.433832,3845.433832,3845.433832,3845.433832,3845.433832
8/28/2006,7675.511145,8688.523728,8676.343012,7846.55774,6407.233277,8676.343012,9508.669179,18079.17239,10942.31117,9279.29994,10988.57291,10942.31117,9456.933866,8601.61169,10942.31117,3894.246073,9299.525344,10942.31117,2989.93014,2969.471129,0.001001968,0.001005531,0.001008742,0.001011081,3005.420552,3005.420552,3005.420552,4573.694753,4573.694753,4573.694753,4573.694753,4573.694753
8/29/2006,6227.102761,7289.643375,6992.185444,6841.630187,8688.523728,6992.185444,12360.59646,18513.53739,14372.55516,12514.54401,18079.17239,14372.55516,12353.56117,10988.57291,14372.55516,13473.25783,8601.61169,14372.55516,2736.731424,2718.211148,0.001001968,0.001005531,0.001008742,0.001011081,3323.194695,3323.194695,3323.194695,5843.380384,5843.380384,5843.380384,5843.380384,5843.380384
8/30/2006,10389.54114,11835.21115,11129.91948,8272.349987,7289.643375,11129.91948,12242.27003,19977.01657,13247.48755,9934.940008,18513.53739,13247.48755,9811.443485,18079.17239,13247.48755,7593.96014,10988.57291,13247.48755,1759.290331,1748.04659,0.001001968,0.001005531,0.001008742,0.001011081,3996.149847,3996.149847,3996.149847,6640.477307,6640.477307,6640.477307,6640.477307,6640.477307
8/31/2006,12014.1074,12548.66775,13552.55584,13001.92195,11835.21115,13552.55584,15466.67751,18546.02895,18083.31021,15595.42646,19977.01657,18083.31021,14893.36218,18513.53739,18083.31021,12486.73306,18079.17239,18083.31021,5464.998983,5424.797932,0.001001968,0.001005531,0.001008742,0.001011081,5301.529627,5301.529627,5301.529627,7687.975846,7687.975846,7687.975846,7687.975846,7687.975846
9/1/2006,9469.84022,6547.527262,11189.50381,12728.20559,12548.66775,11189.50381,16615.5889,13632.65826,20367.93882,18710.47025,18546.02895,20367.93882,20489.55439,19977.01657,20367.93882,18982.35483,18513.53739,20367.93882,6650.755119,6600.719901,0.001001968,0.001005531,0.001008742,0.001011081,6964.486462,6964.486462,6964.486462,9669.151613,9669.151613,9669.151613,9669.151613,9669.151613
9/2/2006,4463.8175,6252.97351,4930.719882,6262.148208,6547.527262,4930.719882,10700.10685,10774.09659,12405.03414,12147.22291,13632.65826,12405.03414,13987.74288,18546.02895,12405.03414,19162.44285,19977.01657,12405.03414,1921.721063,1909.294711,0.001001968,0.001005531,0.001008742,0.001011081,7883.793455,7883.793455,7883.793455,11904.16445,11904.16445,11904.16445,11904.16445,11904.16445
9/3/2006,5432.981816,4977.765296,6126.874023,6406.43483,6252.97351,6126.874023,11936.32636,8763.267451,13921.16556,12463.4611,10774.09659,13921.16556,13860.34925,13632.65826,13921.16556,14045.17242,18546.02895,13921.16556,2659.960342,2642.02404,0.001001968,0.001005531,0.001008742,0.001011081,8611.762876,8611.762876,8611.762876,13943.51177,13943.51177,13943.51177,13943.51177,13943.51177
9/4/2006,4681.606827,4521.566064,5200.60336,5122.876255,4977.765296,5200.60336,13650.86092,7475.686002,15976.2118,13654.50118,8763.267451,15976.2118,14465.5025,10774.09659,15976.2118,16683.73457,13632.65826,15976.2118,2079.841202,2066.252372,0.001001968,0.001005531,0.001008742,0.001011081,8377.066564,8377.066564,8377.066564,15394.08456,15394.08456,15394.08456,15394.08456,15394.08456
9/5/2006,3931.326535,3748.216766,4405.587564,4548.603864,4521.566064,4405.587564,8681.720169,6637.535964,10095.47712,8963.862496,7475.686002,10095.47712,9653.307692,8763.267451,10095.47712,10776.39226,10774.09659,10095.47712,1992.025798,1979.08389,0.001001968,0.001005531,0.001008742,0.001011081,8195.180415,8195.180415,8195.180415,15309.58133,15309.58133,15309.58133,15309.58133,15309.58133
9/6/2006,3175.709687,3122.432105,3519.583497,3772.01263,3748.216766,3519.583497,7215.981118,5781.925895,8313.984009,7568.689043,6637.535964,8313.984009,8034.674387,7475.686002,8313.984009,9117.060804,8763.267451,8313.984009,1468.902259,1459.740038,0.001001968,0.001005531,0.001008742,0.001011081,7656.361006,7656.361006,7656.361006,15077.29151,15077.29151,15077.29151,15077.29151,15077.29151
9/7/2006,2776.494487,2868.35276,3043.484405,3141.97009,3122.432105,3043.484405,5861.565845,5394.452494,6680.652381,6043.915787,5781.925895,6680.652381,6525.305533,6637.535964,6680.652381,7294.252085,7475.686002,6680.652381,1157.412245,1150.427798,0.001001968,0.001005531,0.001008742,0.001011081,6574.315871,6574.315871,6574.315871,14356.89943,14356.89943,14356.89943,14356.89943,14356.89943
9/8/2006,2530.587302,2605.130777,2782.716821,2879.648089,2868.35276,2782.716821,5256.170499,5231.40536,6004.277319,5432.282889,5394.452494,6004.277319,5809.680412,5781.925895,6004.277319,6342.249951,6637.535964,6004.277319,1110.536778,1103.874293,0.001001968,0.001005531,0.001008742,0.001011081,5162.859123,5162.859123,5162.859123,12801.18457,12801.18457,12801.18457,12801.18457,12801.18457
9/9/2006,2290.204711,2419.841345,2514.351262,2607.124617,2605.130777,2514.351262,4859.794063,4972.259409,5547.323895,5020.778167,5231.40536,5547.323895,5327.413804,5394.452494,5547.323895,5763.906578,5781.925895,5547.323895,998.4015772,992.5023076,0.001001968,0.001005531,0.001008742,0.001011081,4443.170243,4443.170243,4443.170243,10980.74791,10980.74791,10980.74791,10980.74791,10980.74791
9/10/2006,2187.203197,2516.407058,2389.165696,2426.553146,2419.841345,2389.165696,4456.738493,5146.805608,5052.63649,4560.429126,4972.259409,5052.63649,4785.812145,5231.40536,5052.63649,5068.00198,5394.452494,5052.63649,901.2893385,896.0423932,0.001001968,0.001005531,0.001008742,0.001011081,3760.615237,3760.615237,3760.615237,9069.856927,9069.856927,9069.856927,9069.856927,9069.856927
9/11/2006,2268.288935,2269.853864,2497.250308,2522.625264,2516.407058,2497.250308,4469.962107,6852.569602,5100.934943,4571.198116,5146.805608,5100.934943,4763.889725,4972.259409,5100.934943,4826.937696,5231.40536,5100.934943,1024.63875,1018.561824,0.001001968,0.001005531,0.001008742,0.001011081,3314.310976,3314.310976,3314.310976,7447.915768,7447.915768,7447.915768,7447.915768,7447.915768
9/12/2006,2016.273926,2016.420452,2218.464699,2272.244876,2269.853864,2218.464699,4226.214958,14915.92379,4830.447702,4341.486506,6852.569602,4830.447702,4624.960201,5146.805608,4830.447702,4870.599427,4972.259409,4830.447702,918.9641775,913.5991433,0.001001968,0.001005531,0.001008742,0.001011081,2960.202153,2960.202153,2960.202153,6520.876748,6520.876748,6520.876748,6520.876748,6520.876748
9/13/2006,1783.129863,2417.227558,1949.212916,2013.185764,2016.420452,1949.212916,3779.854989,15883.00566,4295.26325,3894.25141,14915.92379,4295.26325,4109.522157,6852.569602,4295.26325,4472.512355,5146.805608,4295.26325,762.6840544,758.3524223,0.001001968,0.001005531,0.001008742,0.001011081,2691.376912,2691.376912,2691.376912,5854.516635,5854.516635,5854.516635,5854.516635,5854.516635
9/14/2006,1881.970341,5978.974581,2036.266614,2033.925259,2417.227558,2036.266614,4484.608511,14786.77392,5057.674024,4529.872031,15883.00566,5057.674024,4544.911518,14915.92379,5057.674024,4471.564179,6852.569602,5057.674024,692.6027109,688.7259227,0.001001968,0.001005531,0.001008742,0.001011081,2479.117065,2479.117065,2479.117065,5450.884495,5450.884495,5450.884495,5450.884495,5450.884495
9/15/2006,5847.381525,7150.728046,6608.143725,6068.225221,5978.974581,6608.143725,10996.05729,12384.55089,12777.18922,10790.29463,14786.77392,12777.18922,9878.767878,15883.00566,12777.18922,6283.53451,14915.92379,12777.18922,2812.118081,2793.022577,0.001001968,0.001005531,0.001008742,0.001011081,2693.451202,2693.451202,2693.451202,5674.688545,5674.688545,5674.688545,5674.688545,5674.688545
9/16/2006,8145.260348,10211.72077,8996.812535,7322.934404,7150.728046,8996.812535,19751.34638,10850.16479,23060.88647,18268.2557,12384.55089,23060.88647,17918.75632,14786.77392,23060.88647,16351.20871,15883.00566,23060.88647,3276.909098,3254.230684,0.001001968,0.001005531,0.001008742,0.001011081,3221.612391,3221.612391,3221.612391,7353.771971,7353.771971,7353.771971,7353.771971,7353.771971
9/17/2006,8520.585226,5851.998438,9988.398771,10240.67762,10211.72077,9988.398771,17090.62771,8813.534835,20717.32401,17779.22304,10850.16479,20717.32401,18432.13125,12384.55089,20717.32401,16015.17831,14786.77392,20717.32401,5782.175201,5739.363299,0.001001968,0.001005531,0.001008742,0.001011081,4240.945389,4240.945389,4240.945389,9119.16224,9119.16224,9119.16224,9119.16224,9119.16224
9/18/2006,4204.341468,2943.473368,4740.702356,5855.708446,5851.998438,4740.702356,10432.28121,6932.215316,12242.91851,11672.78666,8813.534835,12242.91851,12876.36131,10850.16479,12242.91851,16283.27336,12384.55089,12242.91851,2270.478932,2255.475005,0.001001968,0.001005531,0.001008742,0.001011081,4831.595247,4831.595247,4831.595247,10593.6764,10593.6764,10593.6764,10593.6764,10593.6764
9/19/2006,2462.240572,2963.053344,2609.209274,2940.380313,2943.473368,2609.209274,4478.082092,6216.712556,4906.514812,4871.671295,6932.215316,4906.514812,6239.204166,8813.534835,4906.514812,8909.830658,10850.16479,4906.514812,630.7281985,627.2479801,0.001001968,0.001005531,0.001008742,0.001011081,5088.083103,5088.083103,5088.083103,11550.07789,11550.07789,11550.07789,11550.07789,11550.07789
9/20/2006,2625.380365,2878.855684,2860.069362,2964.95328,2963.053344,2860.069362,5960.805756,5843.394271,6780.364985,6130.114257,6216.712556,6780.364985,6664.567269,6932.215316,6780.364985,7687.160078,8813.534835,6780.364985,1031.716048,1025.591102,0.001001968,0.001005531,0.001008742,0.001011081,5264.162858,5264.162858,5264.162858,12092.7387,12092.7387,12092.7387,12092.7387,12092.7387
9/21/2006,2565.156249,2606.516134,2813.508228,2881.296693,2878.855684,2813.508228,6322.445725,5546.299978,7257.910377,6446.423094,5843.394271,7257.910377,6750.302227,6216.712556,7257.910377,7231.599796,6932.215316,7257.910377,1099.822684,1093.233554,0.001001968,0.001005531,0.001008742,0.001011081,5418.803833,5418.803833,5418.803833,12366.43944,12366.43944,12366.43944,12366.43944,12366.43944
9/22/2006,2300.867449,2366.793892,2518.601509,2599.962505,2606.516134,2518.601509,5214.777966,5346.608046,5952.992044,5355.013786,5546.299978,5952.992044,5654.766704,5843.394271,5952.992044,6074.742253,6216.712556,5952.992044,975.9145667,970.1670934,0.001001968,0.001005531,0.001008742,0.001011081,5158.61567,5158.61567,5158.61567,12080.24521,12080.24521,12080.24521,12080.24521,12080.24521
9/23/2006,2148.091754,2400.918639,2336.680534,2364.56389,2366.793892,2336.680534,4781.946871,5073.529409,5427.349177,4862.669622,5346.608046,5427.349177,5099.984534,5546.299978,5427.349177,5454.323004,5843.394271,5427.349177,848.0687524,843.1755765,0.001001968,0.001005531,0.001008742,0.001011081,4590.965709,4590.965709,4590.965709,10382.17901,10382.17901,10382.17901,10382.17901,10382.17901
9/24/2006,2199.856942,2390.112426,2407.177425,2400.572122,2400.918639,2407.177425,4790.674754,4833.011624,5457.991547,4843.715713,5073.529409,5457.991547,5040.454697,5346.608046,5457.991547,5142.022459,5546.299978,5457.991547,935.3590969,929.8842661,0.001001968,0.001005531,0.001008742,0.001011081,3563.815936,3563.815936,3563.815936,8639.916671,8639.916671,8639.916671,8639.916671,8639.916671
9/25/2006,2161.919517,2230.987671,2377.326308,2391.761761,2390.112426,2377.326308,4716.536045,4025.368396,5394.294591,4792.468573,4833.011624,5394.294591,4995.689717,5073.529409,5394.294591,5097.239254,5346.608046,5394.294591,977.478462,971.7204459,0.001001968,0.001005531,0.001008742,0.001011081,2958.722499,2958.722499,2958.722499,7196.060576,7196.060576,7196.060576,7196.060576,7196.060576
9/26/2006,1981.846704,2061.103637,2173.445832,2231.982882,2230.987671,2173.445832,4381.600672,4668.009288,5000.727726,4493.749703,4025.368396,5000.727726,4683.734789,4833.011624,5000.727726,4924.822917,5073.529409,5000.727726,877.6245008,872.5352013,0.001001968,0.001005531,0.001008742,0.001011081,2685.244441,2685.244441,2685.244441,6264.415776,6264.415776,6264.415776,6264.415776,6264.415776
9/27/2006,1828.266338,1935.587785,2002.059223,2059.674099,2061.103637,2002.059223,4015.200763,5862.911185,4572.829987,4122.479161,4668.009288,4572.829987,4338.06851,4025.368396,4572.829987,4548.101981,4833.011624,4572.829987,802.3034959,797.712262,0.001001968,0.001005531,0.001008742,0.001011081,2515.021207,2515.021207,2515.021207,5747.39926,5747.39926,5747.39926,5747.39926,5747.39926
9/28/2006,1698.641346,1756.903489,1855.070191,1896.774353,1935.587785,1855.070191,3843.164479,7622.664803,4368.172769,3928.057381,5862.911185,4368.172769,4120.849848,4668.009288,4368.172769,4342.945464,4025.368396,4368.172769,726.8072822,722.7092176,0.001001968,0.001005531,0.001008742,0.001011081,2365.541686,2365.541686,2365.541686,5409.287051,5409.287051,5409.287051,5409.287051,5409.287051
9/29/2006,2228.51661,4275.966711,2266.905564,1756.058539,1756.903489,2266.905564,4404.2182,8295.437959,4691.101213,3926.227701,7622.664803,4691.101213,3377.37074,5862.911185,4691.101213,3633.223741,4668.009288,4691.101213,0.001000564,0.001006515,0.001001968,0.001005531,0.001008742,0.001011081,2151.131809,2151.131809,2151.131809,5128.597684,5128.597684,5128.597684,5128.597684,5128.597684
9/30/2006,4549.219739,6065.149148,4967.296406,4229.313354,4275.966711,4967.296406,7046.292952,8443.2865,7960.454799,6468.728662,8295.437959,7960.454799,6105.471615,7622.664803,7960.454799,4084.545735,5862.911185,7960.454799,1758.903243,1747.662305,0.001001968,0.001005531,0.001008742,0.001011081,2301.685894,2301.685894,2301.685894,5080.394098,5080.394098,5080.394098,5080.394098,5080.394098
10/1/2006,5116.374179,4602.160537,5863.507905,6038.619184,6065.149148,5863.507905,8655.428302,9242.322536,10259.58249,9092.686864,8443.2865,10259.58249,9303.432959,8295.437959,10259.58249,7329.978437,7622.664803,10259.58249,3082.920337,3061.744634,0.001001968,0.001005531,0.001008742,0.001011081,2747.195031,2747.195031,2747.195031,5289.508358,5289.508358,5289.508358,5289.508358,5289.508358
10/2/2006,4030.497397,4005.362955,4459.337636,4655.304779,4602.160537,4459.337636,7355.438771,10060.76176,8459.192304,7696.26064,9242.322536,8459.192304,8137.48765,8443.2865,8459.192304,9126.605985,8295.437959,8459.192304,1794.060094,1782.564241,0.001001968,0.001005531,0.001008742,0.001011081,3079.79713,3079.79713,3079.79713,5774.834001,5774.834001,5774.834001,5774.834001,5774.834001
10/3/2006,3575.941848,3586.606739,3964.611105,4026.685326,4005.362955,3964.611105,5678.052986,7592.435563,6506.877595,5885.4234,10060.76176,6506.877595,6676.515223,9242.322536,6506.877595,7071.751746,8443.2865,6506.877595,1681.757825,1671.074141,0.001001968,0.001005531,0.001008742,0.001011081,3393.032261,3393.032261,3393.032261,6245.196628,6245.196628,6245.196628,6245.196628,6245.196628
10/4/2006,2962.618893,2898.613146,3305.234607,3575.498686,3586.606739,3305.234607,5966.132015,6370.061823,6902.719345,6340.127856,7592.435563,6902.719345,6872.273604,10060.76176,6902.719345,7597.829532,9242.322536,6902.719345,1518.664039,1509.14835,0.001001968,0.001005531,0.001008742,0.001011081,3633.428882,3633.428882,3633.428882,6646.464316,6646.464316,6646.464316,6646.464316,6646.464316
10/5/2006,2523.106105,2799.15366,2746.014444,2901.155028,2898.613146,2746.014444,7239.255495,5677.605945,8264.064998,7454.014733,6370.061823,8264.064998,7766.644678,7592.435563,8264.064998,7919.175521,10060.76176,8264.064998,988.1175154,982.2877214,0.001001968,0.001005531,0.001008742,0.001011081,3786.028468,3786.028468,3786.028468,7251.806035,7251.806035,7251.806035,7251.806035,7251.806035
10/6/2006,2537.651325,2446.600339,2757.052435,2800.777153,2799.15366,2757.052435,7986.825635,5048.689586,9194.259898,8042.980768,5677.605945,9194.259898,8211.269089,6370.061823,9194.259898,9013.507388,7592.435563,9194.259898,973.8055383,968.0722792,0.001001968,0.001005531,0.001008742,0.001011081,4018.980319,4018.980319,4018.980319,8047.76448,8047.76448,8047.76448,8047.76448,8047.76448
10/7/2006,2177.809578,2223.84499,2378.80479,2444.550876,2446.600339,2378.80479,5507.50793,4828.409157,6283.807896,5618.25501,5048.689586,6283.807896,6042.216777,5677.605945,6283.807896,6384.409698,6370.061823,6283.807896,918.3396466,912.9787899,0.001001968,0.001005531,0.001008742,0.001011081,3905.96252,3905.96252,3905.96252,8271.616905,8271.616905,8271.616905,8271.616905,8271.616905
10/8/2006,1965.643254,2040.43038,2148.594461,2221.786323,2223.84499,2148.594461,4770.866271,5660.135143,5432.225487,4889.69089,4828.409157,5432.225487,5161.539417,5048.689586,5432.225487,5670.49762,5677.605945,5432.225487,845.8282969,840.9499526,0.001001968,0.001005531,0.001008742,0.001011081,3448.851144,3448.851144,3448.851144,8097.182763,8097.182763,8097.182763,8097.182763,8097.182763
10/9/2006,1830.597456,1950.411598,1996.035851,2038.46008,2040.43038,1996.035851,4232.681812,5515.466129,4800.461107,4320.197656,5660.135143,4800.461107,4541.860858,4828.409157,4800.461107,4871.54786,5048.689586,4800.461107,770.6903437,766.3063899,0.001001968,0.001005531,0.001008742,0.001011081,3074.185694,3074.185694,3074.185694,7578.491014,7578.491014,7578.491014,7578.491014,7578.491014
10/10/2006,1755.3111,1944.547299,1915.879238,1948.528301,1950.411598,1915.879238,3955.52884,4782.417744,4486.702175,4033.414378,5515.466129,4486.702175,4217.105553,5660.135143,4486.702175,4442.061985,4828.409157,4486.702175,751.8088463,747.5481698,0.001001968,0.001005531,0.001008742,0.001011081,2722.617572,2722.617572,2722.617572,7038.307839,7038.307839,7038.307839,7038.307839,7038.307839
10/11/2006,1680.578544,2225.304705,1834.702315,1863.027984,1944.547299,1834.702315,3909.929004,4445.185503,4440.91554,3979.153575,4782.417744,4440.91554,4143.32452,5515.466129,4440.91554,4314.193508,5660.135143,4440.91554,725.3763881,721.2876081,0.001001968,0.001005531,0.001008742,0.001011081,2449.294191,2449.294191,2449.294191,6590.270114,6590.270114,6590.270114,6590.270114,6590.270114
10/12/2006,2034.263556,2075.322682,2266.224176,2259.654164,2225.304705,2266.224176,5222.378305,4176.343432,6031.441406,5275.337866,4445.185503,6031.441406,5437.705138,4782.417744,6031.441406,5113.888639,5515.466129,6031.441406,1043.645861,1037.439877,0.001001968,0.001005531,0.001008742,0.001011081,2336.594487,2336.594487,2336.594487,6122.814206,6122.814206,6122.814206,6122.814206,6122.814206
10/13/2006,1911.387489,1920.746693,2109.724777,2105.885081,2075.322682,2109.724777,4911.513292,4473.962871,5647.59433,4952.092569,4176.343432,5647.59433,5061.782491,4445.185503,5647.59433,5360.554491,4782.417744,5647.59433,909.4265637,904.1252884,0.001001968,0.001005531,0.001008742,0.001011081,2223.464034,2223.464034,2223.464034,5500.216148,5500.216148,5500.216148,5500.216148,5500.216148
10/14/2006,1731.508299,1768.96388,1907.035871,1920.297819,1920.746693,1907.035871,3773.192679,5912.71556,4305.275216,3838.168015,4473.962871,4305.275216,4036.205265,4176.343432,4305.275216,4221.726968,4445.185503,4305.275216,824.4888838,819.7515492,0.001001968,0.001005531,0.001008742,0.001011081,2116.025761,2116.025761,2116.025761,5159.450217,5159.450217,5159.450217,5159.450217,5159.450217
10/15/2006,1569.996345,1600.00873,1725.764148,1767.027668,1768.96388,1725.764148,3525.132138,7748.36836,4016.397723,3610.725553,5912.71556,4016.397723,3791.032789,4473.962871,4016.397723,4010.653226,4176.343432,4016.397723,740.2630743,736.0775818,0.001001968,0.001005531,0.001008742,0.001011081,2039.200716,2039.200716,2039.200716,4945.817937,4945.817937,4945.817937,4945.817937,4945.817937
10/16/2006,1431.402734,2174.254413,1563.615591,1598.11912,1600.00873,1563.615591,3268.233821,6730.255137,3706.533915,3339.368573,7748.36836,3706.533915,3494.126509,5912.71556,3706.533915,3727.301663,4473.962871,3706.533915,634.1117103,630.6099354,0.001001968,0.001005531,0.001008742,0.001011081,1969.835366,1969.835366,1969.835366,4787.35781,4787.35781,4787.35781,4787.35781,4787.35781
10/17/2006,1378.611433,2900.982718,1505.397344,1522.95298,2174.254413,1505.397344,3679.347336,4832.407176,4186.536304,3723.536792,6730.255137,4186.536304,3853.352388,7748.36836,4186.536304,3939.350068,5912.71556,4186.536304,610.7115265,607.3585161,0.001001968,0.001005531,0.001008742,0.001011081,1906.321754,1906.321754,1906.321754,4742.299972,4742.299972,4742.299972,4742.299972,4742.299972
10/18/2006,3082.101787,3186.470537,3453.726508,3210.945929,2900.982718,3453.726508,7192.64495,6097.418759,8314.70415,7097.125399,4832.407176,8314.70415,7076.241995,6730.255137,8314.70415,5338.768239,7748.36836,8314.70415,1385.675791,1377.101509,0.001001968,0.001005531,0.001008742,0.001011081,2054.019421,2054.019421,2054.019421,5060.867967,5060.867967,5060.867967,5060.867967,5060.867967
10/19/2006,2880.299877,2485.45768,3228.086357,3176.402915,3186.470537,3228.086357,8216.592424,8135.846646,9592.68573,8238.238348,6097.418759,9592.68573,8215.367936,4832.407176,9592.68573,8554.484896,6730.255137,9592.68573,1444.910969,1435.918653,0.001001968,0.001005531,0.001008742,0.001011081,2153.948989,2153.948989,2153.948989,5479.190225,5479.190225,5479.190225,5479.190225,5479.190225
10/20/2006,2428.785576,2756.674973,2572.768325,2301.143586,2485.45768,2572.768325,5641.101011,7966.760458,6271.560732,5423.094283,8135.846646,6271.560732,5417.839422,6097.418759,6271.560732,6078.635676,4832.407176,6271.560732,506.2665932,503.5678128,0.001001968,0.001005531,0.001008742,0.001011081,2178.342851,2178.342851,2178.342851,5682.321144,5682.321144,5682.321144,5682.321144,5682.321144
10/21/2006,3395.060389,4683.244895,3560.874097,2935.051811,2756.674973,3560.874097,5203.966978,6171.169197,5593.285621,4685.037244,7966.760458,5593.285621,4328.70085,8135.846646,5593.285621,4069.825766,6097.418759,5593.285621,508.2484851,505.5374505,0.001001968,0.001005531,0.001008742,0.001011081,2253.574478,2253.574478,2253.574478,5787.206226,5787.206226,5787.206226,5787.206226,5787.206226
10/22/2006,4738.645339,5376.394578,5268.963118,4783.932213,4683.244895,5268.963118,7766.51089,5165.486403,8950.024294,7473.970742,6171.169197,8950.024294,7586.916956,7966.760458,8950.024294,5849.84739,8135.846646,8950.024294,2205.705401,2191.183874,0.001001968,0.001005531,0.001008742,0.001011081,2626.791574,2626.791574,2626.791574,6104.629105,6104.629105,6104.629105,6104.629105,6104.629105
10/23/2006,4178.95383,2905.571365,4813.769866,5391.274754,5376.394578,4813.769866,8616.822485,5643.878187,10249.70952,9383.335811,5165.486403,10249.70952,9673.939452,6171.169197,10249.70952,9127.141501,7966.760458,10249.70952,2687.402075,2669.257246,0.001001968,0.001005531,0.001008742,0.001011081,3124.218567,3124.218567,3124.218567,6743.33066,6743.33066,6743.33066,6743.33066,6743.33066
10/24/2006,2352.286696,1605.820437,2551.387316,2911.512996,2905.571365,2551.387316,5247.05572,6750.087603,5946.199724,5660.150956,5643.878187,5946.199724,6447.490298,5165.486403,5946.199724,8174.460803,6171.169197,5946.199724,891.3864183,886.2055076,0.001001968,0.001005531,0.001008742,0.001011081,3408.960098,3408.960098,3408.960098,7301.891467,7301.891467,7301.891467,7301.891467,7301.891467
10/25/2006,1413.444895,1645.267524,1434.122003,1610.020982,1605.820437,1434.122003,2259.362989,10861.52504,2326.127119,2456.47525,6750.087603,2326.127119,2857.561202,5643.878187,2326.127119,4468.301921,5165.486403,2326.127119,0.001000564,0.001006515,0.001001968,0.001005531,0.001008742,0.001011081,3276.162525,3276.162525,3276.162525,7133.719793,7133.719793,7133.719793,7133.719793,7133.719793
10/26/2006,2475.962876,6032.104005,2537.202128,1648.965298,1645.267524,2537.202128,3809.470541,15277.11035,4041.985952,2947.501936,10861.52504,4041.985952,3189.941546,6750.087603,4041.985952,3404.558295,5643.878187,4041.985952,255.4216927,254.2086497,0.001001968,0.001005531,0.001008742,0.001011081,3119.000901,3119.000901,3119.000901,6483.936972,6483.936972,6483.936972,6483.936972,6483.936972
10/27/2006,3664.230329,7082.551027,4159.272793,4415.336837,6032.104005,4159.272793,6573.854466,19298.30951,7732.078957,6988.592642,15277.11035,7732.078957,6554.157884,10861.52504,7732.078957,4947.378605,6750.087603,7732.078957,2163.283355,2149.076891,0.001001968,0.001005531,0.001008742,0.001011081,3301.791617,3301.791617,3301.791617,6199.16447,6199.16447,6199.16447,6199.16447,6199.16447
10/28/2006,6827.864072,8592.468716,7492.114554,6661.6158,7082.551027,7492.114554,12528.19309,18071.01467,14219.56383,12071.89649,19298.30951,14219.56383,11720.69767,15277.11035,14219.56383,8224.592545,10861.52504,14219.56383,1995.08347,1982.119092,0.001001968,0.001005531,0.001008742,0.001011081,3784.127056,3784.127056,3784.127056,6826.27177,6826.27177,6826.27177,6826.27177,6826.27177
10/29/2006,10076.45261,10365.20123,11023.37934,9702.770827,8592.468716,11023.37934,17045.08196,15038.09332,19357.82443,16188.85487,18071.01467,19357.82443,15061.73514,19298.30951,19357.82443,13186.80406,15277.11035,19357.82443,2904.133038,2884.333098,0.001001968,0.001005531,0.001008742,0.001011081,4297.377446,4297.377446,4297.377446,8128.426633,8128.426633,8128.426633,8128.426633,8128.426633
10/30/2006,10383.00453,12030.7309,11650.93138,10779.12695,10365.20123,11650.93138,17265.55101,14103.77717,20195.84484,16840.92875,15038.09332,20195.84484,17555.4752,18071.01467,20195.84484,15744.41494,19298.30951,20195.84484,4784.330532,4749.678283,0.001001968,0.001005531,0.001008742,0.001011081,5056.819496,5056.819496,5056.819496,9342.190848,9342.190848,9342.190848,9342.190848,9342.190848
10/31/2006,9527.310109,7041.388225,11196.3244,12073.873,12030.7309,11196.3244,17852.28204,11680.55281,21756.37113,19238.56776,14103.77717,21756.37113,20689.56334,15038.09332,21756.37113,19539.33532,18071.01467,21756.37113,6515.871707,6466.964881,0.001001968,0.001005531,0.001008742,0.001011081,6270.570963,6270.570963,6270.570963,10894.95705,10894.95705,10894.95705,10894.95705,10894.95705
11/1/2006,5043.001221,4882.662791,5666.723037,6987.195906,7041.388225,5666.723037,11002.33833,9823.347693,12894.25653,12489.48181,11680.55281,12894.25653,14047.57532,14103.77717,12894.25653,18355.74797,15038.09332,12894.25653,2590.053093,2572.646915,0.001001968,0.001005531,0.001008742,0.001011081,7135.408067,7135.408067,7135.408067,12595.76157,12595.76157,12595.76157,12595.76157,12595.76157
11/2/2006,4422.322713,5616.89064,4798.009431,4922.765345,4882.662791,4798.009431,6995.103526,8724.373555,7820.880304,7289.262097,9823.347693,7820.880304,8635.309361,11680.55281,7820.880304,10639.2547,14103.77717,7820.880304,1512.745731,1503.272154,0.001001968,0.001005531,0.001008742,0.001011081,7721.105376,7721.105376,7721.105376,14008.39639,14008.39639,14008.39639,14008.39639,14008.39639
11/3/2006,4996.631477,4799.610137,5580.171891,5659.354437,5616.89064,5580.171891,9983.416122,7645.675085,11605.23935,10243.44772,8724.373555,11605.23935,10803.98277,9823.347693,11605.23935,11273.95656,11680.55281,11605.23935,2401.657537,2385.671885,0.001001968,0.001005531,0.001008742,0.001011081,8039.935109,8039.935109,8039.935109,15017.66198,15017.66198,15017.66198,15017.66198,15017.66198
11/4/2006,4067.831135,3847.269146,4550.079426,4806.969234,4799.610137,4550.079426,8566.87804,9808.271762,9964.670141,8963.356362,7645.675085,9964.670141,9778.89703,8724.373555,9964.670141,10506.63438,9823.347693,9964.670141,2046.298084,2032.956741,0.001001968,0.001005531,0.001008742,0.001011081,7948.463025,7948.463025,7948.463025,15087.02859,15087.02859,15087.02859,15087.02859,15087.02859
11/5/2006,3285.352731,3329.012969,3627.333115,3850.888208,3847.269146,3627.333115,6546.254106,14733.51754,7504.243117,6878.759941,9808.271762,7504.243117,7518.849555,7645.675085,7504.243117,8689.86372,8724.373555,7504.243117,1481.642049,1472.389469,0.001001968,0.001005531,0.001008742,0.001011081,7404.132795,7404.132795,7404.132795,14145.39597,14145.39597,14145.39597,14145.39597,14145.39597
11/6/2006,2925.025231,3120.647441,3212.747071,3330.91942,3329.012969,3212.747071,5757.664282,17158.68246,6561.635983,5970.109898,14733.51754,6561.635983,6481.875169,9808.271762,6561.635983,7196.715856,7645.675085,6561.635983,1261.402402,1253.698018,0.001001968,0.001005531,0.001008742,0.001011081,6427.577159,6427.577159,6427.577159,12831.84278,12831.84278,12831.84278,12831.84278,12831.84278
11/7/2006,2749.809433,3955.670129,3025.377242,3107.963544,3120.647441,3025.377242,5567.5009,14245.72327,6357.091078,5737.509414,17158.68246,6357.091078,6119.850584,14733.51754,6357.091078,6559.15802,9808.271762,6357.091078,1217.538553,1210.138772,0.001001968,0.001005531,0.001008742,0.001011081,5172.987244,5172.987244,5172.987244,11079.17516,11079.17516,11079.17516,11079.17516,11079.17516
11/8/2006,3003.121479,7717.431531,3343.622705,3399.391044,3955.670129,3343.622705,8607.906955,12322.97192,10013.75343,8738.229155,14245.72327,10013.75343,8953.8154,17158.68246,10013.75343,8726.884108,14733.51754,10013.75343,1479.478771,1470.241541,0.001001968,0.001005531,0.001008742,0.001011081,4501.872035,4501.872035,4501.872035,9932.674354,9932.674354,9932.674354,9932.674354,9932.674354
11/9/2006,7044.437666,6712.714323,8265.116153,7910.851218,7717.431531,8265.116153,17325.02134,11318.08511,20948.31973,17362.26835,12322.97192,20948.31973,17508.76186,14245.72327,20948.31973,13780.50506,17158.68246,20948.31973,4602.447134,4569.264096,0.001001968,0.001005531,0.001008742,0.001011081,4664.890688,4664.890688,4664.890688,10180.10027,10180.10027,10180.10027,10180.10027,10180.10027
11/10/2006,6587.650083,6535.050302,7493.566393,6910.13323,6712.714323,7493.566393,17653.50603,10237.64161,21049.21276,17270.18324,11318.08511,21049.21276,17650.22575,12322.97192,21049.21276,18701.67548,14245.72327,21049.21276,3562.533164,3537.624556,0.001001968,0.001005531,0.001008742,0.001011081,4793.603033,4793.603033,4793.603033,11107.11207,11107.11207,11107.11207,11107.11207,11107.11207
11/11/2006,5581.63038,4833.000077,6442.030328,6553.913541,6535.050302,6442.030328,10646.77319,9135.511207,12695.26685,11036.6089,10237.64161,12695.26685,11873.23135,11318.08511,12695.26685,12133.16669,12322.97192,12695.26685,3518.797699,3494.231888,0.001001968,0.001005531,0.001008742,0.001011081,4994.551557,4994.551557,4994.551557,11731.48595,11731.48595,11731.48595,11731.48595,11731.48595
11/12/2006,3891.783513,3710.948943,4384.192694,4828.857156,4833.000077,4384.192694,8405.5229,7278.721403,9820.842082,8996.103973,9135.511207,9820.842082,9635.973586,10237.64161,9820.842082,11402.25099,11318.08511,9820.842082,2083.210429,2069.596715,0.001001968,0.001005531,0.001008742,0.001011081,5117.72416,5117.72416,5117.72416,12156.95864,12156.95864,12156.95864,12156.95864,12156.95864
11/13/2006,3222.013697,3741.078419,3549.980829,3696.710609,3710.948943,3549.980829,7166.966295,8480.830339,8214.942616,7413.459576,7278.721403,8214.942616,8099.934294,9135.511207,8214.942616,9063.379181,10237.64161,8214.942616,1401.897545,1393.208994,0.001001968,0.001005531,0.001008742,0.001011081,5192.641282,5192.641282,5192.641282,12603.37242,12603.37242,12603.37242,12603.37242,12603.37242
11/14/2006,3383.940295,3633.090531,3760.537487,3754.945061,3741.078419,3760.537487,7765.556136,17041.83923,8973.444826,7868.457314,8480.830339,8973.444826,8296.532237,7278.721403,8973.444826,8658.820828,9135.511207,8973.444826,1603.703844,1593.580909,0.001001968,0.001005531,0.001008742,0.001011081,5282.504166,5282.504166,5282.504166,12989.80225,12989.80225,12989.80225,12989.80225,12989.80225
11/15/2006,3288.760983,3641.894458,3650.839944,3634.698659,3633.090531,3650.839944,7392.071828,19521.32872,8532.511139,7479.15869,17041.83923,8532.511139,7799.992906,8480.830339,8532.511139,8178.99796,7278.721403,8532.511139,1558.295637,1548.497441,0.001001968,0.001005531,0.001008742,0.001011081,5326.896998,5326.896998,5326.896998,12842.00461,12842.00461,12842.00461,12842.00461,12842.00461
11/16/2006,3038.164183,8107.942397,3262.562145,3229.680184,3641.894458,3262.562145,6756.907285,20264.75903,7498.874928,6824.850411,19521.32872,7498.874928,6794.54369,17041.83923,7498.874928,6667.610387,8480.830339,7498.874928,944.6194621,939.0825063,0.001001968,0.001005531,0.001008742,0.001011081,4744.147438,4744.147438,4744.147438,11716.40091,11716.40091,11716.40091,11716.40091,11716.40091
11/17/2006,11063.78437,17087.16319,11966.39971,8234.322913,8107.942397,11966.39971,18594.66456,20308.11612,20689.1217,15354.39704,20264.75903,20689.1217,13850.07878,19521.32872,20689.1217,8416.012706,17041.83923,20689.1217,3195.718115,3173.669861,0.001001968,0.001005531,0.001008742,0.001011081,4646.387853,4646.387853,4646.387853,10788.03955,10788.03955,10788.03955,10788.03955,10788.03955
11/18/2006,15468.19958,13036.25346,17743.03717,17242.02471,17087.16319,17743.03717,26994.19466,15886.7401,32241.48109,27259.55135,20308.11612,32241.48109,25349.11763,20264.75903,32241.48109,20306.99468,19521.32872,32241.48109,8445.038957,8379.788216,0.001001968,0.001005531,0.001008742,0.001011081,5607.909154,5607.909154,5607.909154,11624.0749,11624.0749,11624.0749,11624.0749,11624.0749
11/19/2006,9791.97711,6940.453497,11304.09899,13051.02349,13036.25346,11304.09899,18278.32082,14075.80369,21875.48222,20502.00347,15886.7401,21875.48222,23295.36003,20308.11612,21875.48222,22969.37833,20264.75903,21875.48222,5925.723259,5881.724818,0.001001968,0.001005531,0.001008742,0.001011081,6949.999951,6949.999951,6949.999951,13229.53962,13229.53962,13229.53962,13229.53962,13229.53962
11/20/2006,5454.585132,5443.286196,5939.060967,6946.868432,6940.453497,5939.060967,10418.2484,15936.36578,11832.42714,11581.9122,14075.80369,11832.42714,14114.03906,15886.7401,11832.42714,20031.7393,20308.11612,11832.42714,2018.374841,2005.239164,0.001001968,0.001005531,0.001008742,0.001011081,7657.846036,7657.846036,7657.846036,14746.25587,14746.25587,14746.25587,14746.25587,14746.25587
11/21/2006,4407.760761,4507.968252,4808.246682,5447.164295,5443.286196,4808.246682,8787.067888,14617.44288,9995.489752,9552.251741,15936.36578,9995.489752,11015.83884,14075.80369,9995.489752,13818.34444,15886.7401,9995.489752,1692.438377,1681.67772,0.001001968,0.001005531,0.001008742,0.001011081,8041.738125,8041.738125,8041.738125,15672.07197,15672.07197,15672.07197,15672.07197,15672.07197
11/22/2006,3802.535404,5840.158201,4145.983236,4466.577499,4507.968252,4145.983236,9226.362146,14667.56233,10587.50792,9620.273843,14617.44288,10587.50792,10581.31607,15936.36578,10587.50792,12241.86955,14075.80369,10587.50792,1467.953499,1458.798003,0.001001968,0.001005531,0.001008742,0.001011081,8258.755723,8258.755723,8258.755723,16208.539,16208.539,16208.539,16208.539,16208.539
11/23/2006,5502.77009,8680.159344,6032.958881,5749.934489,5840.158201,6032.958881,12166.81663,14148.48997,13995.16783,12053.95888,14667.56233,13995.16783,11812.58494,14617.44288,13995.16783,11567.14378,15936.36578,13995.16783,2087.680993,2074.034253,0.001001968,0.001005531,0.001008742,0.001011081,8559.914812,8559.914812,8559.914812,16867.93597,16867.93597,16867.93597,16867.93597,16867.93597
11/24/2006,7766.736135,7168.051269,8773.715257,8708.547395,8680.159344,8773.715257,16998.76645,11919.34198,20053.97973,17233.88746,14148.48997,20053.97973,16902.1528,14667.56233,20053.97973,14710.54983,14617.44288,20053.97973,3871.175239,3843.834822,0.001001968,0.001005531,0.001008742,0.001011081,8796.390368,8796.390368,8796.390368,17485.0526,17485.0526,17485.0526,17485.0526,17485.0526
11/25/2006,6730.191688,6754.60842,7499.252646,7200.456708,7168.051269,7499.252646,14187.95277,10463.96373,16555.29959,14107.25901,11919.34198,16555.29959,15334.6811,14148.48997,16555.29959,15554.05252,14667.56233,16555.29959,3062.78773,3041.767397,0.001001968,0.001005531,0.001008742,0.001011081,8007.231581,8007.231581,8007.231581,16882.4721,16882.4721,16882.4721,16882.4721,16882.4721
11/26/2006,5602.607397,4948.010797,6358.518448,6757.713806,6754.60842,6358.518448,10993.3082,9199.651562,12937.34806,11632.84961,10463.96373,12937.34806,12690.29304,11919.34198,12937.34806,13640.66281,14148.48997,12937.34806,3095.136867,3073.866829,0.001001968,0.001005531,0.001008742,0.001011081,6964.481547,6964.481547,6964.481547,15658.63499,15658.63499,15658.63499,15658.63499,15658.63499
11/27/2006,4168.738433,4219.24144,4623.21387,4949.298827,4948.010797,4623.21387,9210.108653,8260.278663,10658.82607,9663.42783,9199.651562,10658.82607,10606.81364,10463.96373,10658.82607,12466.41473,11919.34198,10658.82607,1911.451399,1899.100174,0.001001968,0.001005531,0.001008742,0.001011081,6458.641235,6458.641235,6458.641235,14411.11629,14411.11629,14411.11629,14411.11629,14411.11629
11/28/2006,3688.934833,3972.946009,4071.788429,4216.201468,4219.24144,4071.788429,7512.043933,7947.032377,8621.707788,7779.234632,8260.278663,8621.707788,8517.443808,9199.651562,8621.707788,9578.787115,10463.96373,8621.707788,1629.212015,1618.906174,0.001001968,0.001005531,0.001008742,0.001011081,6181.881121,6181.881121,6181.881121,13643.93429,13643.93429,13643.93429,13643.93429,13643.93429
11/29/2006,3491.676093,3716.269594,3868.139248,3962.804569,3972.946009,3868.139248,7496.109166,9590.934688,8641.96322,7703.341199,7947.032377,8641.96322,8221.889169,8260.278663,8641.96322,8834.26213,9199.651562,8641.96322,1612.993734,1602.804225,0.001001968,0.001005531,0.001008742,0.001011081,6037.291339,6037.291339,6037.291339,13223.62771,13223.62771,13223.62771,13223.62771,13223.62771
11/30/2006,3289.386196,3612.048426,3644.351144,3719.000263,3716.269594,3644.351144,7019.29209,9411.379257,8085.433178,7202.154678,9590.934688,8085.433178,7633.957388,7947.032377,8085.433178,8078.890464,8260.278663,8085.433178,1527.595909,1518.016626,0.001001968,0.001005531,0.001008742,0.001011081,5859.070947,5859.070947,5859.070947,12664.62346,12664.62346,12664.62346,12664.62346,12664.62346
12/1/2006,3127.154199,4309.393327,3452.032866,3494.065122,3612.048426,3452.032866,6624.562149,9247.249933,7590.089273,6773.446939,9411.379257,7590.089273,7121.750603,9590.934688,7590.089273,7395.953385,7947.032377,7590.089273,1404.25253,1395.547377,0.001001968,0.001005531,0.001008742,0.001011081,5280.187023,5280.187023,5280.187023,11462.06263,11462.06263,11462.06263,11462.06263,11462.06263
12/2/2006,4533.188719,5599.145474,4985.897151,4341.76742,4309.393327,4985.897151,8351.258212,9051.180729,9519.208186,7885.705457,9247.249933,9519.208186,7972.498962,9411.379257,9519.208186,7283.650648,9590.934688,9519.208186,1846.775456,1834.896277,0.001001968,0.001005531,0.001008742,0.001011081,4737.934548,4737.934548,4737.934548,10292.38931,10292.38931,10292.38931,10292.38931,10292.38931
12/3/2006,5339.967712,5535.501285,5960.529029,5650.874287,5599.145474,5960.529029,10338.56118,8349.219832,12013.6304,10225.43389,9051.180729,12013.6304,10096.20165,9247.249933,12013.6304,9475.213061,9411.379257,12013.6304,2564.042739,2546.833396,0.001001968,0.001005531,0.001008742,0.001011081,4429.870583,4429.870583,4429.870583,9618.803527,9618.803527,9618.803527,9618.803527,9618.803527
12/4/2006,4502.067664,3820.467804,5104.485926,5535.953974,5535.501285,5104.485926,8595.572339,7384.187726,10083.07844,9223.558461,8349.219832,10083.07844,9765.595085,9051.180729,10083.07844,9426.114119,9247.249933,10083.07844,2541.10333,2524.067396,0.001001968,0.001005531,0.001008742,0.001011081,4430.202036,4430.202036,4430.202036,9224.286904,9224.286904,9224.286904,9224.286904,9224.286904
12/5/2006,3170.929941,3254.375012,3487.170201,3818.784648,3820.467804,3487.170201,6570.14831,6751.796441,7515.218409,7000.298515,7384.187726,7515.218409,7785.250036,8349.219832,7515.218409,9155.195206,9051.180729,7515.218409,1377.763078,1369.244477,0.001001968,0.001005531,0.001008742,0.001011081,4387.770018,4387.770018,4387.770018,9066.374404,9066.374404,9066.374404,9066.374404,9066.374404
12/6/2006,2857.465887,3147.22866,3131.416839,3252.59399,3254.375012,3131.416839,5689.004846,6362.458484,6471.171798,5901.893091,6751.796441,6471.171798,6503.904145,7384.187726,6471.171798,7340.961005,8349.219832,6471.171798,1203.551669,1196.248735,0.001001968,0.001005531,0.001008742,0.001011081,4308.158096,4308.158096,4308.158096,8930.295848,8930.295848,8930.295848,8930.295848,8930.295848
12/7/2006,2779.782508,2987.432301,3067.303502,3145.329706,3147.22866,3067.303502,6065.313663,6040.386311,6960.980732,6228.122001,6362.458484,6960.980732,6611.886174,6751.796441,6960.980732,7051.192262,7384.187726,6960.980732,1267.863971,1260.114606,0.001001968,0.001005531,0.001008742,0.001011081,4227.024645,4227.024645,4227.024645,8771.590984,8771.590984,8771.590984,8771.590984,8771.590984
12/8/2006,2651.888034,2858.492935,2929.871174,2985.567707,2987.432301,2929.871174,5743.364059,5587.050761,6593.857759,5882.218316,6040.386311,6593.857759,6213.155052,6362.458484,6593.857759,6532.272375,6751.796441,6593.857759,1232.056062,1224.555614,0.001001968,0.001005531,0.001008742,0.001011081,4158.126109,4158.126109,4158.126109,8608.716366,8608.716366,8608.716366,8608.716366,8608.716366
12/9/2006,2541.679557,2707.888367,2811.434194,2856.645641,2858.492935,2811.434194,5378.546981,5340.407595,6173.221609,5507.400143,5587.050761,6173.221609,5810.797897,6040.386311,6173.221609,6062.871752,6362.458484,6173.221609,1201.396128,1194.108107,0.001001968,0.001005531,0.001008742,0.001011081,3999.097518,3999.097518,3999.097518,8365.350372,8365.350372,8365.350372,8365.350372,8365.350372
12/10/2006,2402.988096,2568.818397,2656.515943,2705.995406,2707.888367,2656.515943,5108.75349,5636.069454,5857.592471,5237.114056,5340.407595,5857.592471,5514.238622,5587.050761,5857.592471,5758.62263,6040.386311,5857.592471,1135.519463,1128.685591,0.001001968,0.001005531,0.001008742,0.001011081,3679.185135,3679.185135,3679.185135,7810.655699,7810.655699,7810.655699,7810.655699,7810.655699
12/11/2006,2304.354325,2291.329005,2544.360045,2566.964549,2568.818397,2544.360045,4892.264753,5979.365879,5600.449383,4990.104478,5636.069454,5600.449383,5256.460351,5340.407595,5600.449383,5464.133623,5587.050761,5600.449383,1080.501974,1074.0449,0.001001968,0.001005531,0.001008742,0.001011081,3263.080357,3263.080357,3263.080357,7213.023292,7213.023292,7213.023292,7213.023292,7213.023292
12/12/2006,2047.155456,2312.859808,2236.00438,2288.938226,2291.329005,2236.00438,4417.837548,5789.592139,5011.625111,4529.950963,5979.365879,5011.625111,4722.195094,5636.069454,5011.625111,5090.892635,5340.407595,5011.625111,857.9574041,852.9987061,0.001001968,0.001005531,0.001008742,0.001011081,2974.79177,2974.79177,2974.79177,6614.258796,6614.258796,6614.258796,6614.258796,6614.258796
12/13/2006,2256.818813,2984.135114,2455.616985,2273.037937,2312.859808,2455.616985,4577.384059,5822.884201,5172.599878,4460.268813,5789.592139,5172.599878,4673.754041,5979.365879,5172.599878,4701.336852,5636.069454,5172.599878,903.4785958,898.2170396,0.001001968,0.001005531,0.001008742,0.001011081,2788.236182,2788.236182,2788.236182,6168.794247,6168.794247,6168.794247,6168.794247,6168.794247
12/14/2006,2775.099693,2933.850409,3080.364032,2994.749292,2984.135114,3080.364032,5613.815763,5705.484586,6456.777879,5629.032339,5822.884201,6456.777879,5631.874193,5789.592139,6456.777879,5238.181819,5979.365879,6456.777879,1345.461752,1337.170046,0.001001968,0.001005531,0.001008742,0.001011081,2707.985915,2707.985915,2707.985915,5921.332387,5921.332387,5921.332387,5921.332387,5921.332387
12/15/2006,2721.773325,3020.715053,3006.515708,2945.770016,2933.850409,3006.515708,5773.965423,5471.572648,6634.065548,5796.774094,5705.484586,6634.065548,5975.055106,5822.884201,6634.065548,5945.063923,5789.592139,6634.065548,1272.086692,1264.307916,0.001001968,0.001005531,0.001008742,0.001011081,2679.300884,2679.300884,2679.300884,5839.752043,5839.752043,5839.752043,5839.752043,5839.752043
12/16/2006,2570.733408,2486.046736,2873.707546,3022.507147,3020.715053,2873.707546,5033.256,5101.026296,5813.051252,5282.482825,5471.572648,5813.051252,5527.229256,5705.484586,5813.051252,5503.929529,5822.884201,5813.051252,1358.517161,1350.133828,0.001001968,0.001005531,0.001008742,0.001011081,2688.341069,2688.341069,2688.341069,5782.782275,5782.782275,5782.782275,5782.782275,5782.782275
12/17/2006,2206.011847,2383.361835,2426.683201,2487.823552,2486.046736,2426.683201,4618.780737,4858.576543,5273.181325,4747.708954,5101.026296,5273.181325,5093.837789,5471.572648,5273.181325,5527.625407,5705.484586,5273.181325,1007.584772,1001.623387,0.001001968,0.001005531,0.001008742,0.001011081,2670.63045,2670.63045,2670.63045,5739.342691,5739.342691,5739.342691,5739.342691,5739.342691
12/18/2006,2127.724122,2281.559052,2348.457324,2381.817903,2383.361835,2348.457324,4365.986283,4911.728314,4990.646659,4469.48231,4858.576543,4990.646659,4750.268771,5101.026296,4990.646659,4991.313132,5471.572648,4990.646659,1013.455943,1007.454809,0.001001968,0.001005531,0.001008742,0.001011081,2647.626281,2647.626281,2647.626281,5689.140107,5689.140107,5689.140107,5689.140107,5689.140107
12/19/2006,2019.394723,2133.001228,2230.078288,2279.947768,2281.559052,2230.078288,4361.092543,7384.480627,4994.24522,4473.761196,4911.728314,4994.24522,4693.236506,4858.576543,4994.24522,4920.365083,5101.026296,4994.24522,972.0256771,966.3044108,0.001001968,0.001005531,0.001008742,0.001011081,2646.7472,2646.7472,2646.7472,5651.682226,5651.682226,5651.682226,5651.682226,5651.682226
12/20/2006,1903.589645,2057.674199,2097.093525,2131.454885,2133.001228,2097.093525,4073.382032,8840.308149,4653.875678,4166.16527,7384.480627,4653.875678,4386.8392,4911.728314,4653.875678,4597.923527,4858.576543,4653.875678,898.4230896,893.1952666,0.001001968,0.001005531,0.001008742,0.001011081,2628.034281,2628.034281,2628.034281,5603.613557,5603.613557,5603.613557,5603.613557,5603.613557
12/21/2006,1840.642011,2145.37483,2029.663735,2056.192516,2057.674199,2029.663735,3944.034166,6973.659777,4507.417311,4027.882503,8840.308149,4507.417311,4228.839405,7384.480627,4507.417311,4378.674098,4911.728314,4507.417311,880.9271252,875.8158573,0.001001968,0.001005531,0.001008742,0.001011081,2536.429814,2536.429814,2536.429814,5473.441985,5473.441985,5473.441985,5473.441985,5473.441985
12/22/2006,1792.03658,3146.320425,1979.630185,2003.481328,2145.37483,1979.630185,4089.597065,8119.873264,4686.240886,4166.244926,6973.659777,4686.240886,4353.0225,8840.308149,4686.240886,4462.262034,7384.480627,4686.240886,876.9284137,871.8437431,0.001001968,0.001005531,0.001008742,0.001011081,2414.090694,2414.090694,2414.090694,5272.569327,5272.569327,5272.569327,5272.569327,5272.569327
12/23/2006,3164.156699,3632.771126,3555.13672,3180.747182,3146.320425,3555.13672,7966.497318,8370.872272,9312.210197,7703.7907,8119.873264,9312.210197,7732.569162,6973.659777,9312.210197,6690.247753,8840.308149,9312.210197,1650.692675,1640.232545,0.001001968,0.001005531,0.001008742,0.001011081,2401.019538,2401.019538,2401.019538,5502.044441,5502.044441,5502.044441,5502.044441,5502.044441
12/24/2006,3386.733829,3215.387632,3805.9291,3694.000315,3632.771126,3805.9291,9140.510565,6925.070019,10739.36803,9113.927614,8370.872272,10739.36803,9005.199965,8119.873264,10739.36803,8925.530574,6973.659777,10739.36803,1808.124473,1796.526476,0.001001968,0.001005531,0.001008742,0.001011081,2492.180027,2492.180027,2492.180027,6004.781674,6004.781674,6004.781674,6004.781674,6004.781674
12/25/2006,2696.65821,3131.307888,3023.512126,3166.626985,3215.387632,3023.512126,5818.093076,6707.898963,6754.186798,6057.529918,6925.070019,6754.186798,6430.537209,8370.872272,6754.186798,6562.052726,8119.873264,6754.186798,1461.627085,1452.516421,0.001001968,0.001005531,0.001008742,0.001011081,2604.885442,2604.885442,2604.885442,6288.868692,6288.868692,6288.868692,6288.868692,6288.868692
12/26/2006,2891.821383,3657.843851,3197.509676,3129.035545,3131.307888,3197.509676,7089.403567,6574.696906,8184.776329,7102.359083,6707.898963,8184.776329,7255.397501,6925.070019,8184.776329,7411.525146,8370.872272,8184.776329,1319.543271,1311.433148,0.001001968,0.001005531,0.001008742,0.001011081,2709.629725,2709.629725,2709.629725,6758.186211,6758.186211,6758.186211,6758.186211,6758.186211
12/27/2006,3342.569321,3353.816017,3726.074394,3671.412186,3657.843851,3726.074394,7645.382248,6065.917433,8881.685041,7694.494997,6574.696906,8881.685041,7757.108325,6707.898963,8881.685041,7564.044889,6925.070019,8881.685041,1647.154989,1636.720286,0.001001968,0.001005531,0.001008742,0.001011081,2888.982873,2888.982873,2888.982873,7264.982541,7264.982541,7264.982541,7264.982541,7264.982541
12/28/2006,2957.593398,2907.547624,3294.445,3360.566095,3353.816017,3294.445,6024.86107,10953.11398,6959.594112,6196.587746,6065.917433,6959.594112,6583.395355,6574.696906,6959.594112,6691.069362,6707.898963,6959.594112,1477.221213,1467.999999,0.001001968,0.001005531,0.001008742,0.001011081,3084.835261,3084.835261,3084.835261,7611.089173,7611.089173,7611.089173,7611.089173,7611.089173
12/29/2006,2580.99792,2717.676049,2859.841085,2907.172696,2907.547624,2859.841085,5221.532784,13539.37818,5998.286432,5357.120544,10953.11398,5998.286432,5790.450904,6065.917433,5998.286432,6259.379441,6574.696906,5998.286432,1248.65716,1241.041419,0.001001968,0.001005531,0.001008742,0.001011081,3237.59399,3237.59399,3237.59399,7882.089425,7882.089425,7882.089425,7882.089425,7882.089425
12/30/2006,2415.989251,2685.822042,2673.56303,2716.353008,2717.676049,2673.56303,4951.029839,9643.033446,5682.363481,5073.971722,13539.37818,5682.363481,5377.936961,10953.11398,5682.363481,5771.205556,6065.917433,5682.363481,1163.752945,1156.724822,0.001001968,0.001005531,0.001008742,0.001011081,3222.425572,3222.425572,3222.425572,7675.263176,7675.263176,7675.263176,7675.263176,7675.263176
12/31/2006,2290.847436,3828.178624,2531.388584,2565.384205,2685.822042,2531.388584,4730.891638,8142.552412,5422.315564,4839.174937,9643.033446,5422.315564,5105.657723,13539.37818,5422.315564,5352.997756,10953.11398,5422.315564,1094.420316,1087.868141,0.001001968,0.001005531,0.001008742,0.001011081,3128.368257,3128.368257,3128.368257,7159.192744,7159.192744,7159.192744,7159.192744,7159.192744
1/1/2007,3636.533933,4298.701591,4107.845478,3839.379498,3828.178624,4107.845478,10978.66309,7139.665198,12951.48673,10805.47631,8142.552412,12951.48673,10859.51956,9643.033446,12951.48673,9781.298288,13539.37818,12951.48673,1980.033942,1967.180125,0.001001968,0.001005531,0.001008742,0.001011081,3170.740643,3170.740643,3170.740643,7666.425599,7666.425599,7666.425599,7666.425599,7666.425599
1/2/2007,3882.746456,3474.919159,4395.519921,4350.016872,4298.701591,4395.519921,13053.97013,5852.120932,15498.70941,13062.81536,7139.665198,15498.70941,13017.11419,8142.552412,15498.70941,12978.23586,9643.033446,15498.70941,2165.774141,2151.549198,0.001001968,0.001005531,0.001008742,0.001011081,3305.209884,3305.209884,3305.209884,8466.987412,8466.987412,8466.987412,8466.987412,8466.987412
1/3/2007,3039.363144,3115.122985,3404.837276,3482.652541,3474.919159,3404.837276,7731.916792,6934.395015,9022.275241,7894.546215,5852.120932,9022.275241,8404.309042,7139.665198,9022.275241,8884.945918,8142.552412,9022.275241,1605.272237,1595.138066,0.001001968,0.001005531,0.001008742,0.001011081,3343.972407,3343.972407,3343.972407,8715.304427,8715.304427,8715.304427,8715.304427,8715.304427
1/4/2007,2690.028155,2813.534239,3005.944342,3110.2531,3115.122985,3005.944342,6002.790114,12940.90421,6954.838232,6198.45707,6934.395015,6954.838232,6606.887976,5852.120932,6954.838232,7203.855083,7139.665198,6954.838232,1408.225461,1399.492291,0.001001968,0.001005531,0.001008742,0.001011081,3313.957405,3313.957405,3313.957405,8849.596437,8849.596437,8849.596437,8849.596437,8849.596437
1/5/2007,2397.196299,4560.74532,2628.450209,2645.482643,2813.534239,2628.450209,5269.332686,19315.51527,6010.256587,5357.081042,12940.90421,6010.256587,5632.917859,6934.395015,6010.256587,6191.304935,5852.120932,6010.256587,1042.634036,1036.434929,0.001001968,0.001005531,0.001008742,0.001011081,3261.021604,3261.021604,3261.021604,8850.208689,8850.208689,8850.208689,8850.208689,8850.208689
1/6/2007,6152.182806,9606.952281,6646.539532,4563.079969,4560.74532,6646.539532,8590.143305,18256.23091,9571.366619,6732.976351,19315.51527,9571.366619,6280.694588,12940.90421,9571.366619,5082.119555,6934.395015,9571.366619,1927.153558,1914.687445,0.001001968,0.001005531,0.001008742,0.001011081,3389.381154,3389.381154,3389.381154,8830.65766,8830.65766,8830.65766,8830.65766,8830.65766
1/7/2007,8040.15069,9327.229871,9269.097495,9446.47803,9606.952281,9269.097495,11489.62042,15673.44637,13739.08965,12136.37196,18256.23091,13739.08965,11305.95453,19315.51527,13739.08965,7627.568911,12940.90421,13739.08965,4847.66194,4812.496722,0.001001968,0.001005531,0.001008742,0.001011081,4082.510514,4082.510514,4082.510514,9175.783296,9175.783296,9175.783296,9175.783296,9175.783296
1/8/2007,8800.971362,10629.84742,9989.515943,9359.389413,9327.229871,9989.515943,17017.22507,14059.55318,20102.73001,16788.243,15673.44637,20102.73001,17758.26746,18256.23091,20102.73001,15559.45289,19315.51527,20102.73001,4585.811413,4552.762453,0.001001968,0.001005531,0.001008742,0.001011081,4905.890379,4905.890379,4905.890379,9931.734907,9931.734907,9931.734907,9931.734907,9931.734907
1/9/2007,9162.728901,7950.846994,10532.26436,10725.67561,10629.84742,10532.26436,19005.77656,10866.26956,22738.68778,19606.89345,14059.55318,22738.68778,20057.66285,15673.44637,22738.68778,19785.42279,18256.23091,22738.68778,5321.437177,5282.412765,0.001001968,0.001005531,0.001008742,0.001011081,5770.11142,5770.11142,5770.11142,11041.34673,11041.34673,11041.34673,11041.34673,11041.34673
1/10/2007,6362.92004,5691.115886,7233.414443,7977.817423,7950.846994,7233.414443,13109.8938,8647.675594,15495.70915,14111.3327,10866.26956,15495.70915,15678.17024,14059.55318,15495.70915,17362.91018,15673.44637,15495.70915,3544.216138,3519.451154,0.001001968,0.001005531,0.001008742,0.001011081,6498.709617,6498.709617,6498.709617,12240.62272,12240.62272,12240.62272,12240.62272,12240.62272
1/11/2007,4630.078158,4650.454136,5168.061568,5696.258646,5691.115886,5168.061568,8857.701256,7618.651272,10266.24041,9561.85343,8647.675594,10266.24041,10972.57521,10866.26956,10266.24041,13429.30049,14059.55318,10266.24041,2267.825977,2252.841839,0.001001968,0.001005531,0.001008742,0.001011081,6982.868718,6982.868718,6982.868718,13224.6775,13224.6775,13224.6775,13224.6775,13224.6775
1/12/2007,3950.22702,3836.249092,4380.970455,4638.482626,4650.454136,4380.970455,8076.813035,8322.733535,9324.286709,8465.869935,7618.651272,9324.286709,9429.251017,8647.675594,9324.286709,11024.09676,10866.26956,9324.286709,1846.010377,1834.13677,0.001001968,0.001005531,0.001008742,0.001011081,7342.044922,7342.044922,7342.044922,13976.09268,13976.09268,13976.09268,13976.09268,13976.09268
1/13/2007,3732.68338,4621.859675,4015.39285,3801.455794,3836.249092,4015.39285,7200.252429,11162.60769,8102.554716,7078.346611,8322.733535,8102.554716,7482.49172,7618.651272,8102.554716,8859.86868,8647.675594,8102.554716,1202.862526,1195.56436,0.001001968,0.001005531,0.001008742,0.001011081,7383.645982,7383.645982,7383.645982,14425.62217,14425.62217,14425.62217,14425.62217,14425.62217
1/14/2007,4940.210697,6926.918359,5323.085347,4542.336514,4621.859675,5323.085347,7772.904723,13643.95471,8697.688486,7141.308363,11162.60769,8697.688486,7152.780196,8322.733535,8697.688486,6974.524936,7618.651272,8697.688486,1604.146768,1594.02066,0.001001968,0.001005531,0.001008742,0.001011081,6918.677785,6918.677785,6918.677785,14384.63653,14384.63653,14384.63653,14384.63653,14384.63653
1/15/2007,7218.129895,9852.444348,7902.646506,6886.586617,6926.918359,7902.646506,10235.04193,14615.31009,11614.69056,9495.146109,13643.95471,11614.69056,8965.326238,11162.60769,11614.69056,7440.547572,8322.733535,11614.69056,2742.2031,2723.641131,0.001001968,0.001005531,0.001008742,0.001011081,6409.641881,6409.641881,6409.641881,13182.89578,13182.89578,13182.89578,13182.89578,13182.89578
1/16/2007,9604.630885,11087.4022,10726.05533,9907.16372,9852.444348,10726.05533,12816.68385,13492.74565,14863.77569,12440.81984,14615.31009,14863.77569,12109.37652,13643.95471,14863.77569,9388.427663,11162.60769,14863.77569,4380.105226,4348.709877,0.001001968,0.001005531,0.001008742,0.001011081,6197.245976,6197.245976,6197.245976,11489.16798,11489.16798,11489.16798,11489.16798,11489.16798
1/17/2007,8780.075768,7293.038661,10089.54521,11118.51419,11087.4022,10089.54521,12819.33792,10987.33601,15333.32978,14321.41392,13492.74565,15333.32978,15037.5818,14615.31009,15333.32978,13191.12369,13643.95471,15333.32978,5177.415375,5139.568061,0.001001968,0.001005531,0.001008742,0.001011081,6455.044772,6455.044772,6455.044772,10765.60816,10765.60816,10765.60816,10765.60816,10765.60816
1/18/2007,5811.70658,5664.324468,6497.785917,7294.76103,7293.038661,6497.785917,9765.646972,9459.286749,11371.37862,10792.41051,10987.33601,11371.37862,12826.40165,13492.74565,11371.37862,14897.33532,14615.31009,11371.37862,2851.316292,2831.921008,0.001001968,0.001005531,0.001008742,0.001011081,6751.637797,6751.637797,6751.637797,10801.50172,10801.50172,10801.50172,10801.50172,10801.50172
1/19/2007,4694.002202,4937.257019,5202.021569,5664.700734,5664.324468,5202.021569,7874.867492,8536.918982,9073.392138,8513.670531,9459.286749,9073.392138,9870.728,10987.33601,9073.392138,12132.79172,13492.74565,9073.392138,2156.594723,2142.437871,0.001001968,0.001005531,0.001008742,0.001011081,6941.06914,6941.06914,6941.06914,11025.39813,11025.39813,11025.39813,11025.39813,11025.39813
1/20/2007,4230.816862,4582.832862,4691.722097,4937.152707,4937.257019,4691.722097,8104.945261,7954.298997,9377.339224,8490.284149,8536.918982,9377.339224,9398.803433,9459.286749,9377.339224,10638.82244,10987.33601,9377.339224,1976.094177,1963.269287,0.001001968,0.001005531,0.001008742,0.001011081,7151.029212,7151.029212,7151.029212,11295.7729,11295.7729,11295.7729,11295.7729,11295.7729
1/21/2007,3967.611546,4270.966778,4416.037369,4582.287374,4582.832862,4416.037369,7542.616515,7500.321452,8742.999537,7847.932078,7954.298997,8742.999537,8519.079536,8536.918982,8742.999537,9230.09605,9459.286749,8742.999537,1933.912269,1921.396671,0.001001968,0.001005531,0.001008742,0.001011081,7243.683344,7243.683344,7243.683344,11528.39077,11528.39077,11528.39077,11528.39077,11528.39077
1/22/2007,3716.493143,4001.079329,4141.660446,4270.171482,4270.966778,4141.660446,6963.009078,7120.489704,8067.660996,7227.191292,7500.321452,8067.660996,7796.032562,7954.298997,8067.660996,8294.504645,8536.918982,8067.660996,1845.491228,1833.621403,0.001001968,0.001005531,0.001008742,0.001011081,7060.179386,7060.179386,7060.179386,11621.99803,11621.99803,11621.99803,11621.99803,11621.99803
1/23/2007,3494.699615,3771.160536,3896.337555,4000.10989,4001.079329,3896.337555,6476.096775,6796.240865,7498.635795,6710.591242,7120.489704,7498.635795,7218.935053,7500.321452,7498.635795,7629.290792,7954.298997,7498.635795,1754.345714,1743.137779,0.001001968,0.001005531,0.001008742,0.001011081,6431.572816,6431.572816,6431.572816,11339.49307,11339.49307,11339.49307,11339.49307,11339.49307
1/24/2007,3303.103882,3571.951442,3683.917476,3770.070394,3771.160536,3683.917476,6133.643033,6572.733567,7100.231276,6344.238054,6796.240865,7100.231276,6806.254549,7120.489704,7100.231276,7156.136243,7500.321452,7100.231276,1673.14584,1662.52418,0.001001968,0.001005531,0.001008742,0.001011081,5471.539859,5471.539859,5471.539859,10484.54232,10484.54232,10484.54232,10484.54232,10484.54232
1/25/2007,3135.307216,3395.981366,3497.684058,3570.78014,3571.951442,3497.684058,5859.359616,6341.011602,6781.276248,6050.81485,6572.733567,6781.276248,6475.953129,6796.240865,6781.276248,6778.762943,7120.489704,6781.276248,1600.90131,1590.798449,0.001001968,0.001005531,0.001008742,0.001011081,4751.057326,4751.057326,4751.057326,9334.718142,9334.718142,9334.718142,9334.718142,9334.718142
1/26/2007,2985.859868,3238.553153,3331.626432,3394.758812,3395.981366,3331.626432,5613.195505,6061.226361,6495.801747,5789.005465,6341.011602,6495.801747,6183.873133,6572.733567,6495.801747,6460.130768,6796.240865,6495.801747,1535.503752,1525.86813,0.001001968,0.001005531,0.001008742,0.001011081,4310.092757,4310.092757,4310.092757,8378.775484,8378.775484,8378.775484,8378.775484,8378.775484
1/27/2007,2851.2645,3096.062881,3181.960391,3237.302216,3238.553153,3181.960391,5398.584738,5837.766034,6246.059626,5561.451869,6061.226361,6246.059626,5930.968875,6341.011602,6246.059626,6174.9543,6572.733567,6246.059626,1475.920109,1466.708124,0.001001968,0.001005531,0.001008742,0.001011081,4003.605237,4003.605237,4003.605237,7732.570544,7732.570544,7732.570544,7732.570544,7732.570544
1/28/2007,2728.785709,2965.858236,3045.680777,3094.800962,3096.062881,3045.680777,5272.482683,5617.359784,6099.170089,5423.304196,5837.766034,6099.170089,5769.707729,6061.226361,6099.170089,5983.112157,6341.011602,6099.170089,1421.140843,1412.316531,0.001001968,0.001005531,0.001008742,0.001011081,3759.277782,3759.277782,3759.277782,7289.673219,7289.673219,7289.673219,7289.673219,7289.673219
1/29/2007,2616.378624,2845.944737,2920.539757,2964.598377,2965.858236,2920.539757,5104.139477,5488.893105,5905.080356,5244.979514,5617.359784,5905.080356,5571.850834,5837.766034,5905.080356,5790.928407,6061.226361,5905.080356,1370.403631,1361.936782,0.001001968,0.001005531,0.001008742,0.001011081,3552.403519,3552.403519,3552.403519,6944.001126,6944.001126,6944.001126,6944.001126,6944.001126
1/30/2007,2512.487943,2734.783079,2804.825968,2844.696993,2845.944737,2804.825968,4872.483986,5296.978786,5636.113604,5005.95925,5488.893105,5636.113604,5317.187655,5617.359784,5636.113604,5525.286761,5837.766034,5636.113604,1323.123231,1314.988053,0.001001968,0.001005531,0.001008742,0.001011081,3372.341724,3372.341724,3372.341724,6641.769911,6641.769911,6641.769911,6641.769911,6641.769911
1/31/2007,2415.897459,2631.160169,2697.199081,2733.555201,2734.783079,2697.199081,4726.549431,5164.397134,5464.592053,4852.799097,5296.978786,5464.592053,5148.944053,5488.893105,5464.592053,5319.452068,5617.359784,5464.592053,1278.831522,1271.005743,0.001001968,0.001005531,0.001008742,0.001011081,3212.688049,3212.688049,3212.688049,6377.672612,6377.672612,6377.672612,6377.672612,6377.672612
2/1/2007,2325.640794,2534.365717,2596.592229,2629.958304,2631.160169,2596.592229,4566.274769,4988.793894,5278.908012,4685.987344,5164.397134,5278.908012,4968.524736,5296.978786,5278.908012,5147.414503,5488.893105,5278.908012,1237.148271,1229.612478,0.001001968,0.001005531,0.001008742,0.001011081,3069.075601,3069.075601,3069.075601,6138.220973,6138.220973,6138.220973,6138.220973,6138.220973
2/2/2007,2241.137951,2454.86721,2502.402764,2533.194112,2534.365717,2502.402764,4482.739335,4814.125845,5180.104677,4595.934954,4988.793894,5180.104677,4865.181844,5164.397134,5180.104677,5010.817553,5296.978786,5180.104677,1198.018903,1190.754241,0.001001968,0.001005531,0.001008742,0.001011081,2938.492389,2938.492389,2938.492389,5929.744608,5929.744608,5929.744608,5929.744608,5929.744608
2/3/2007,2170.41636,2362.75076,2425.176873,2453.728923,2454.86721,2425.176873,4342.318047,4665.51267,5019.936682,4451.254215,4814.125845,5019.936682,4711.829983,4988.793894,5019.936682,4862.942043,5164.397134,5019.936682,1172.39029,1165.302623,0.001001968,0.001005531,0.001008742,0.001011081,2820.315002,2820.315002,2820.315002,5735.658129,5735.658129,5735.658129,5735.658129,5735.658129
2/4/2007,2090.410655,2280.253424,2335.058135,2361.648255,2362.75076,2335.058135,4202.505599,4551.244392,4859.244076,4305.428308,4665.51267,4859.244076,4553.436702,4814.125845,4859.244076,4729.80436,4988.793894,4859.244076,1130.900036,1124.09789,0.001001968,0.001005531,0.001008742,0.001011081,2710.299852,2710.299852,2710.299852,5543.095673,5543.095673,5543.095673,5543.095673,5543.095673
2/5/2007,2018.219231,2202.509174,2254.341387,2279.188213,2280.253424,2254.341387,4051.79913,4425.280411,4684.523949,4150.348796,4551.244392,4684.523949,4388.597024,4665.51267,4684.523949,4540.657315,4814.125845,4684.523949,1096.048949,1089.485635,0.001001968,0.001005531,0.001008742,0.001011081,2607.848886,2607.848886,2607.848886,5357.250421,5357.250421,5357.250421,5357.250421,5357.250421
2/6/2007,1950.065051,2128.666997,2178.190445,2201.482396,2202.509174,2178.190445,3953.323851,4306.988746,4567.572727,4047.732912,4425.280411,4567.572727,4276.650503,4551.244392,4567.572727,4396.458538,4665.51267,4567.572727,1063.278688,1056.939087,0.001001968,0.001005531,0.001008742,0.001011081,2512.012138,2512.012138,2512.012138,5193.726184,5193.726184,5193.726184,5193.726184,5193.726184
2/7/2007,1885.269528,2058.375103,2105.784365,2127.679205,2128.666997,2105.784365,3843.750124,4195.824308,4440.285267,3934.069294,4306.988746,4440.285267,4154.049378,4425.280411,4440.285267,4286.290357,4551.244392,4440.285267,1031.99044,1025.863632,0.001001968,0.001005531,0.001008742,0.001011081,2421.980484,2421.980484,2421.980484,5037.595727,5037.595727,5037.595727,5037.595727,5037.595727
2/8/2007,1823.540796,1991.336725,2036.795508,2057.426696,2058.375103,2036.795508,3742.344194,4090.610408,4322.233489,3828.83021,4195.824308,4322.233489,4040.370391,4306.988746,4322.233489,4165.299232,4425.280411,4322.233489,1002.045637,996.1217274,0.001001968,0.001005531,0.001008742,0.001011081,2337.096292,2337.096292,2337.096292,4892.309463,4892.309463,4892.309463,4892.309463,4892.309463
2/9/2007,1764.629824,1927.295881,1970.945196,1990.427523,1991.336725,1970.945196,3647.57509,4018.459838,4211.614344,3730.475327,4090.610408,4211.614344,3934.046085,4195.824308,4211.614344,4052.115622,4306.988746,4211.614344,973.3302003,967.6001444,0.001001968,0.001005531,0.001008742,0.001011081,2256.7816,2256.7816,2256.7816,4746.240261,4746.240261,4746.240261,4746.240261,4746.240261
2/10/2007,1708.322084,1866.031161,1907.993678,1926.425754,1927.295881,1907.993678,3558.055041,3913.211213,4106.916672,3637.589961,4018.459838,4106.916672,3833.61658,4090.610408,4106.916672,3945.953894,4195.824308,4106.916672,945.7472506,940.2027234,0.001001968,0.001005531,0.001008742,0.001011081,2178.94179,2178.94179,2178.94179,4610.503996,4610.503996,4610.503996,4610.503996,4610.503996
2/11/2007,1654.429929,1807.347645,1847.731705,1865.19965,1866.031161,1847.731705,3471.004851,3794.201195,4005.258225,3547.346594,3913.211213,4005.258225,3736.195854,4018.459838,4005.258225,3845.608382,4090.610408,4005.258225,919.214297,913.8475896,0.001001968,0.001005531,0.001008742,0.001011081,2105.734825,2105.734825,2105.734825,4482.924737,4482.924737,4482.924737,4482.924737,4482.924737
2/12/2007,1602.788199,1751.073885,1789.975224,1806.554247,1807.347645,1789.975224,3388.6961,3772.407196,3908.920562,3462.028829,3794.201195,3908.920562,3644.056628,3913.211213,3908.920562,3748.234058,4018.459838,3908.920562,893.6594021,888.463343,0.001001968,0.001005531,0.001008742,0.001011081,2036.121907,2036.121907,2036.121907,4365.249978,4365.249978,4365.249978,4365.249978,4365.249978
2/13/2007,1553.24994,1697.057147,1734.560777,1750.317804,1751.073885,1734.560777,3326.465087,3763.522481,3837.612322,3396.320463,3772.407196,3837.612322,3571.137578,3794.201195,3837.612322,3681.022035,3913.211213,3837.612322,869.019984,863.9878705,0.001001968,0.001005531,0.001008742,0.001011081,1969.74274,1969.74274,1969.74274,4255.352575,4255.352575,4255.352575,4255.352575,4255.352575
2/14/2007,1505.685068,1645.161814,1681.343706,1696.337514,1697.057147,1681.343706,3311.830251,3658.86634,3810.058298,3379.955266,3763.522481,3810.058298,3549.331272,3772.407196,3810.058298,3576.825326,3794.201195,3810.058298,845.2409151,840.3664583,0.001001968,0.001005531,0.001008742,0.001011081,1906.340654,1906.340654,1906.340654,4160.200642,4160.200642,4160.200642,4160.200642,4160.200642
2/15/2007,1459.977189,1595.264672,1630.194734,1644.47774,1645.161814,1630.194734,3299.653182,3533.165792,3784.246301,3366.418356,3658.86634,3784.246301,3530.904795,3763.522481,3784.246301,3547.390221,3772.407196,3784.246301,822.2737025,817.5509789,0.001001968,0.001005531,0.001008742,0.001011081,1845.693691,1845.693691,1845.693691,4078.60301,4078.60301,4078.60301,4078.60301,4078.60301
2/16/2007,1416.019923,1547.254089,1580.995797,1594.615364,1595.264672,1580.995797,3205.747724,3433.888698,3677.377717,3269.837264,3533.165792,3677.377717,3428.493272,3658.86634,3677.377717,3540.930066,3763.522481,3677.377717,800.0744736,795.4978901,0.001001968,0.001005531,0.001008742,0.001011081,1787.607896,1787.607896,1787.607896,3997.870787,3997.870787,3997.870787,3997.870787,3997.870787
2/17/2007,1373.716818,1501.027951,1533.639809,1546.638564,1547.254089,1533.639809,3092.757325,3603.499195,3551.671302,3153.944292,3433.888698,3551.671302,3306.75295,3533.165792,3551.671302,3440.269959,3658.86634,3551.671302,778.6033503,774.1676146,0.001001968,0.001005531,0.001008742,0.001011081,1731.912201,1731.912201,1731.912201,3914.428055,3914.428055,3914.428055,3914.428055,3914.428055
2/18/2007,1332.979387,1456.493834,1488.02858,1500.445211,1501.027951,1488.02858,3004.595901,3585.702332,3451.694399,3063.261054,3603.499195,3451.694399,3210.644431,3433.888698,3451.694399,3318.610449,3533.165792,3451.694399,757.824028,753.5241218,0.001001968,0.001005531,0.001008742,0.001011081,1678.454588,1678.454588,1678.454588,3831.48408,3831.48408,3831.48408,3831.48408,3831.48408
2/19/2007,1293.72748,1413.565026,1444.073277,1455.942929,1456.493834,1444.073277,2932.198446,3721.094161,3368.14055,2988.608574,3585.702332,3368.14055,3130.894814,3603.499195,3368.14055,3222.425762,3433.888698,3368.14055,737.7041444,733.5352945,0.001001968,0.001005531,0.001008742,0.001011081,1627.099097,1627.099097,1627.099097,3750.59772,3750.59772,3750.59772,3750.59772,3750.59772
2/20/2007,1255.886057,1373.635711,1401.69061,1413.045248,1413.565026,1401.69061,2867.92334,3651.397863,3293.295898,2922.215184,3721.094161,3293.295898,3059.629656,3585.702332,3293.295898,3143.297543,3603.499195,3293.295898,718.2129317,714.1705973,0.001001968,0.001005531,0.001008742,0.001011081,1577.723353,1577.723353,1577.723353,3669.414567,3669.414567,3669.414567,3669.414567,3669.414567
2/21/2007,1222.862476,1342.295673,1364.590038,1373.136264,1373.635711,1364.590038,3009.523367,3504.913585,3463.371647,3055.030197,3651.397863,3463.371647,3182.618936,3721.094161,3463.371647,3283.696526,3585.702332,3463.371647,700.7387475,696.8094535,0.001001968,0.001005531,0.001008742,0.001011081,1530.421903,1530.421903,1530.421903,3615.89254,3615.89254,3615.89254,3615.89254,3615.89254
2/22/2007,1249.335772,1597.604167,1388.111242,1341.835083,1342.295673,1388.111242,3071.034662,3499.787901,3525.858358,3059.981066,3504.913585,3525.858358,3180.838803,3651.397863,3525.858358,3249.829317,3721.094161,3525.858358,688.3102544,684.4611348,0.001001968,0.001005531,0.001008742,0.001011081,1485.813335,1485.813335,1485.813335,3565.71356,3565.71356,3565.71356,3565.71356,3565.71356
2/23/2007,1419.98412,1428.785075,1606.789421,1597.177815,1597.604167,1606.789421,3377.250915,3452.849254,3929.205859,3418.205272,3499.787901,3929.205859,3528.005391,3504.913585,3929.205859,3385.228411,3651.397863,3929.205859,906.5306492,901.2487162,0.001001968,0.001005531,0.001008742,0.001011081,1477.087559,1477.087559,1477.087559,3552.23701,3552.23701,3552.23701,3552.23701,3552.23701
2/24/2007,1261.230351,1341.602809,1410.623412,1428.379208,1428.785075,1410.623412,3187.923282,3456.759779,3680.404082,3241.911331,3452.849254,3680.404082,3352.11419,3499.787901,3680.404082,3534.04843,3504.913585,3680.404082,739.1249523,734.9468627,0.001001968,0.001005531,0.001008742,0.001011081,1456.47191,1456.47191,1456.47191,3554.350494,3554.350494,3554.350494,3554.350494,3554.350494
2/25/2007,1191.697016,1306.203607,1327.879281,1341.222783,1341.602809,1327.879281,2825.404457,3603.300367,3247.931527,2875.159153,3456.759779,3247.931527,3005.844688,3452.849254,3247.931527,3119.232555,3499.787901,3247.931527,679.6524419,675.8590598,0.001001968,0.001005531,0.001008742,0.001011081,1433.998815,1433.998815,1433.998815,3552.454116,3552.454116,3552.454116,3552.454116,3552.454116
2/26/2007,1160.611422,1264.653536,1293.812448,1305.848866,1306.203607,1293.812448,2916.70007,13128.50877,3355.659858,2961.562258,3603.300367,3355.659858,3081.736227,3456.759779,3355.659858,3153.165443,3452.849254,3355.659858,666.9172366,663.2056704,0.001001968,0.001005531,0.001008742,0.001011081,1412.283445,1412.283445,1412.283445,3554.907721,3554.907721,3554.907721,3554.907721,3554.907721
2/27/2007,1124.419442,1230.064084,1252.977514,1264.323494,1264.653536,1252.977514,2905.173944,17696.93185,3342.247666,2946.777345,13128.50877,3342.247666,3060.093856,3603.300367,3342.247666,3146.18944,3456.759779,3342.247666,646.4259931,642.845634,0.001001968,0.001005531,0.001008742,0.001011081,1390.670769,1390.670769,1390.670769,3560.596163,3560.596163,3560.596163,3560.596163,3560.596163
2/28/2007,1095.972508,1231.070979,1221.162917,1229.757915,1230.064084,1221.162917,2905.317149,11758.76872,3343.414127,2942.057031,17696.93185,3343.414127,3050.338515,13128.50877,3343.414127,3130.843181,3603.300367,3343.414127,631.735794,628.2491578,0.001001968,0.001005531,0.001008742,0.001011081,1369.796373,1369.796373,1369.796373,3542.471356,3542.471356,3542.471356,3542.471356,3542.471356
3/1/2007,1079.844758,2933.540842,1201.248276,1196.192066,1231.070979,1201.248276,3076.347614,9409.050043,3540.310231,3094.54666,11758.76872,3540.310231,3192.579828,17696.93185,3540.310231,3274.501592,13128.50877,3540.310231,615.0231816,611.6428168,0.001001968,0.001005531,0.001008742,0.001011081,1348.621912,1348.621912,1348.621912,3547.271483,3547.271483,3547.271483,3547.271483,3547.271483
3/2/2007,2611.883871,4104.013849,3039.435834,2886.350157,2933.540842,3039.435834,13453.89936,8564.356936,16170.04196,13309.94174,9409.050043,16170.04196,13099.14981,11758.76872,16170.04196,11633.37786,17696.93185,16170.04196,1829.251365,1817.499758,0.001001968,0.001005531,0.001008742,0.001011081,1476.382018,1476.382018,1476.382018,4947.70788,4947.70788,4947.70788,4947.70788,4947.70788
3/3/2007,3842.66994,3897.574527,4448.498981,4104.361819,4104.013849,4448.498981,17954.91575,7872.148289,21661.973,17613.21817,8564.356936,21661.973,17445.62499,9409.050043,21661.973,16654.95067,11758.76872,21661.973,2527.187848,2510.257023,0.001001968,0.001005531,0.001008742,0.001011081,1793.142647,1793.142647,1793.142647,7094.943712,7094.943712,7094.943712,7094.943712,7094.943712
3/4/2007,3623.423635,3691.783735,4122.996151,3909.677304,3897.574527,4122.996151,10714.32569,7240.742135,12692.40803,10589.30788,7872.148289,12692.40803,10728.6374,8564.356936,12692.40803,11059.66214,9409.050043,12692.40803,2143.792577,2129.730632,0.001001968,0.001005531,0.001008742,0.001011081,2128.939629,2128.939629,2128.939629,8408.951769,8408.951769,8408.951769,8408.951769,8408.951769
3/5/2007,3120.660748,2922.271548,3558.060057,3695.213495,3691.783735,3558.060057,7609.15808,6561.207147,8967.290848,7862.198438,7240.742135,8967.290848,8176.4673,7872.148289,8967.290848,8425.801099,8564.356936,8967.290848,1917.07549,1904.683129,0.001001968,0.001005531,0.001008742,0.001011081,2462.311015,2462.311015,2462.311015,9318.901773,9318.901773,9318.901773,9318.901773,9318.901773
3/6/2007,2508.377981,2604.280543,2812.312672,2924.377284,2922.271548,2812.312672,6389.0966,6091.339762,7446.726346,6572.912943,6561.207147,7446.726346,7012.061276,7240.742135,7446.726346,7759.423294,7872.148289,7446.726346,1371.623857,1363.14843,0.001001968,0.001005531,0.001008742,0.001011081,2727.447806,2727.447806,2727.447806,10057.77348,10057.77348,10057.77348,10057.77348,10057.77348
3/7/2007,2277.892449,2436.366379,2545.583861,2605.994842,2604.280543,2545.583861,5640.295675,6475.998835,6552.891017,5766.135747,6091.339762,6552.891017,6130.41712,6561.207147,6552.891017,6655.433409,7240.742135,6552.891017,1224.519244,1217.071076,0.001001968,0.001005531,0.001008742,0.001011081,2945.076638,2945.076638,2945.076638,10646.02977,10646.02977,10646.02977,10646.02977,10646.02977
3/8/2007,2139.760923,2285.812531,2391.912201,2437.79042,2436.366379,2391.912201,5484.759507,6278.726259,6377.121238,5587.927606,6475.998835,6377.121238,5872.957463,6091.339762,6377.121238,6228.707425,6561.207147,6377.121238,1163.516933,1156.490436,0.001001968,0.001005531,0.001008742,0.001011081,3134.886224,3134.886224,3134.886224,11103.52017,11103.52017,11103.52017,11103.52017,11103.52017
3/9/2007,2012.23805,2156.784413,2248.042549,2287.00718,2285.812531,2248.042549,5127.910909,5360.498645,5957.05725,5220.739761,6278.726259,5957.05725,5472.391268,6475.998835,5957.05725,5761.362536,6091.339762,5957.05725,1097.340883,1090.768733,0.001001968,0.001005531,0.001008742,0.001011081,3122.483122,3122.483122,3122.483122,10067.85077,10067.85077,10067.85077,10067.85077,10067.85077
3/10/2007,1906.003998,2161.891361,2127.670272,2157.310564,2156.784413,2127.670272,4838.78247,4648.735227,5615.226617,4919.340605,5360.498645,5615.226617,5148.979414,6278.726259,5615.226617,5388.895248,6475.998835,5615.226617,1039.51753,1033.339603,0.001001968,0.001005531,0.001008742,0.001011081,2919.718876,2919.718876,2919.718876,8234.877131,8234.877131,8234.877131,8234.877131,8234.877131
3/11/2007,2015.670227,2104.924084,2237.259203,2161.331928,2161.891361,2237.259203,5590.895615,2715.599523,6473.160527,5560.82192,4648.735227,6473.160527,5682.946069,5360.498645,6473.160527,5727.51911,6278.726259,6473.160527,1019.171832,1013.131972,0.001001968,0.001005531,0.001008742,0.001011081,2694.321638,2694.321638,2694.321638,7332.450948,7332.450948,7332.450948,7332.450948,7332.450948
3/12/2007,2086.026588,2289.951401,2277.270507,2098.177731,2104.924084,2277.270507,5658.188467,6853.271785,6492.569291,5513.447493,2715.599523,6492.569291,5569.992534,4648.735227,6492.569291,5734.438305,5360.498645,6492.569291,892.078492,886.8929694,0.001001968,0.001005531,0.001008742,0.001011081,2462.639042,2462.639042,2462.639042,6835.239449,6835.239449,6835.239449,6835.239449,6835.239449
3/13/2007,2660.565088,3562.69603,2830.946626,2264.287747,2289.951401,2830.946626,5534.815819,16945.62613,6191.858028,5017.863282,6853.271785,6191.858028,4872.593356,2715.599523,6191.858028,4854.040491,4648.735227,6191.858028,781.9006905,777.4433571,0.001001968,0.001005531,0.001008742,0.001011081,2299.970479,2299.970479,2299.970479,6399.601318,6399.601318,6399.601318,6399.601318,6399.601318
3/14/2007,3871.72467,5169.366556,4074.813552,3162.308685,3562.69603,4074.813552,6437.903335,19522.75913,7053.671188,5609.61766,16945.62613,7053.671188,5020.380569,6853.271785,7053.671188,4422.704479,2715.599523,7053.671188,892.5525843,887.3639023,0.001001968,0.001005531,0.001008742,0.001011081,2248.873557,2248.873557,2248.873557,6074.992627,6074.992627,6074.992627,6074.992627,6074.992627
3/15/2007,7148.725536,11574.65993,7392.490644,5253.470104,5169.366556,7392.490644,8757.843773,18636.66836,9169.720501,6814.907403,19522.75913,9169.720501,5183.987348,16945.62613,9169.720501,3387.732515,6853.271785,9169.720501,743.8741189,739.6651283,0.001001968,0.001005531,0.001008742,0.001011081,2380.301257,2380.301257,2380.301257,5819.778539,5819.778539,5819.778539,5819.778539,5819.778539
3/16/2007,11896.97649,15809.1655,13154.02464,11682.51408,11574.65993,13154.02464,16092.83223,16685.19052,18422.92897,15141.27249,18636.66836,18422.92897,13847.11821,19522.75913,18422.92897,8235.918329,16945.62613,18422.92897,4808.270233,4773.424161,0.001001968,0.001005531,0.001008742,0.001011081,3363.007227,3363.007227,3363.007227,6422.576009,6422.576009,6422.576009,6422.576009,6422.576009
3/17/2007,12527.60669,9355.239267,14715.2938,15839.39001,15809.1655,14715.2938,22698.55984,13811.9607,27727.47709,24493.6198,16685.19052,27727.47709,25753.29331,18636.66836,27727.47709,20460.97396,19522.75913,27727.47709,8402.125803,8337.243059,0.001001968,0.001005531,0.001008742,0.001011081,5207.048395,5207.048395,5207.048395,8557.568128,8557.568128,8557.568128,8557.568128,8557.568128
3/18/2007,6659.952348,5047.843289,7479.980728,9369.519122,9355.239267,7479.980728,14570.21208,11090.92692,17136.67572,16663.96741,13811.9607,17136.67572,18667.10627,16685.19052,17136.67572,23504.80827,18636.66836,17136.67572,3372.141065,3348.721334,0.001001968,0.001005531,0.001008742,0.001011081,6436.250913,6436.250913,6436.250913,10789.98022,10789.98022,10789.98022,10789.98022,10789.98022
3/19/2007,4099.552795,4950.939331,4358.391813,5058.394872,5047.843289,4358.391813,6772.185955,11329.83044,7466.443344,7575.408374,11090.92692,7466.443344,9811.371913,13811.9607,7466.443344,13685.60451,16685.19052,7466.443344,1113.91604,1107.230401,0.001001968,0.001005531,0.001008742,0.001011081,7156.487413,7156.487413,7156.487413,12391.41134,12391.41134,12391.41134,12391.41134,12391.41134
3/20/2007,4203.691392,4460.572825,4626.234567,4959.275822,4950.939331,4626.234567,8951.830665,12014.80331,10309.37994,9398.422762,11329.83044,10309.37994,10512.06575,11090.92692,10309.37994,12054.90317,13811.9607,10309.37994,1822.977527,1811.271558,0.001001968,0.001005531,0.001008742,0.001011081,7692.767909,7692.767909,7692.767909,13462.17576,13462.17576,13462.17576,13462.17576,13462.17576
3/21/2007,3839.106888,4241.115549,4241.533994,4467.277684,4460.572825,4241.533994,9324.347473,10581.21603,10815.6165,9634.906915,12014.80331,10815.6165,10320.01137,11329.83044,10815.6165,11403.95349,11090.92692,10815.6165,1751.869836,1740.679825,0.001001968,0.001005531,0.001008742,0.001011081,8044.438271,8044.438271,8044.438271,14258.57251,14258.57251,14258.57251,14258.57251,14258.57251
3/22/2007,3665.452202,4507.680746,4057.880662,4152.849599,4241.115549,4057.880662,8164.803343,10797.15757,9428.803862,8367.104463,10581.21603,9428.803862,8941.114066,12014.80331,9428.803862,9414.824414,11329.83044,9428.803862,1718.21602,1707.269351,0.001001968,0.001005531,0.001008742,0.001011081,8182.347278,8182.347278,8182.347278,14955.93918,14955.93918,14955.93918,14955.93918,14955.93918
3/23/2007,5264.427194,6816.939928,5644.317609,4503.605196,4507.680746,5644.317609,11543.118,10402.77084,13040.58831,10521.67641,10797.15757,13040.58831,10347.46422,10581.21603,13040.58831,10079.72633,12014.80331,13040.58831,1539.777163,1530.11108,0.001001968,0.001005531,0.001008742,0.001011081,7446.110255,7446.110255,7446.110255,15086.38528,15086.38528,15086.38528,15086.38528,15086.38528
3/24/2007,6906.486855,9389.890818,7445.774343,6517.012203,6816.939928,7445.774343,13985.83025,13789.93733,15865.41083,13215.56634,10402.77084,15865.41083,12273.99839,10797.15757,15865.41083,11301.19149,10581.21603,15865.41083,2206.372424,2191.845938,0.001001968,0.001005531,0.001008742,0.001011081,6025.116833,6025.116833,6025.116833,13967.39404,13967.39404,13967.39404,13967.39404,13967.39404
3/25/2007,9510.237979,8953.042238,10518.37663,9449.371349,9389.890818,10518.37663,14893.54513,19831.44826,17068.24596,14221.27403,13789.93733,17068.24596,14141.51865,10402.77084,17068.24596,10882.83951,10797.15757,17068.24596,3890.58154,3863.087502,0.001001968,0.001005531,0.001008742,0.001011081,5706.259798,5706.259798,5706.259798,12664.13019,12664.13019,12664.13019,12664.13019,12664.13019
3/26/2007,8486.676455,10319.11184,9080.811955,8684.463033,8953.042238,9080.811955,13334.97998,22115.08984,14789.53661,13175.23366,19831.44826,14789.53661,12842.38778,13789.93733,14789.53661,13522.99018,10402.77084,14789.53661,2372.845596,2357.076103,0.001001968,0.001005531,0.001008742,0.001011081,5819.725702,5819.725702,5819.725702,12092.68453,12092.68453,12092.68453,12092.68453,12092.68453
3/27/2007,11358.64442,16098.04551,12136.00345,10254.02253,10319.11184,12136.00345,13050.22456,21846.15899,14157.13729,11564.42336,22115.08984,14157.13729,11546.1729,19831.44826,14157.13729,9815.940053,13789.93733,14157.13729,2945.907194,2925.786622,0.001001968,0.001005531,0.001008742,0.001011081,6356.842719,6356.842719,6356.842719,12029.14078,12029.14078,12029.14078,12029.14078,12029.14078
3/28/2007,15218.91709,16892.96994,17063.09624,16238.17725,16098.04551,17063.09624,19987.20203,20214.49895,23203.74882,19893.06697,21846.15899,23203.74882,19721.67547,22115.08984,23203.74882,14839.36672,19831.44826,23203.74882,6978.356311,6925.570884,0.001001968,0.001005531,0.001008742,0.001011081,7711.045905,7711.045905,7711.045905,12753.34996,12753.34996,12753.34996,12753.34996,12753.34996
3/29/2007,13844.07708,12336.64556,15804.75814,16953.40869,16892.96994,15804.75814,21760.27256,17545.03479,25870.41513,23574.28652,20214.49895,25870.41513,24988.42113,21846.15899,25870.41513,23314.61923,22115.08984,25870.41513,7510.535241,7453.254543,0.001001968,0.001005531,0.001008742,0.001011081,9451.959893,9451.959893,9451.959893,14506.52124,14506.52124,14506.52124,14506.52124,14506.52124
3/30/2007,9713.460741,9148.942509,10806.23343,12332.34556,12336.64556,10806.23343,15412.93095,15111.59249,17848.6279,17316.63514,17545.03479,17848.6279,19639.45087,20214.49895,17848.6279,23025.44587,21846.15899,17848.6279,4349.454583,4318.304932,0.001001968,0.001005531,0.001008742,0.001011081,10825.71504,10825.71504,10825.71504,16229.66391,16229.66391,16229.66391,16229.66391,16229.66391
3/31/2007,7545.204914,8314.047696,8245.715011,9156.933526,9148.942509,8245.715011,11417.92588,14375.91485,12943.07424,12592.00885,15111.59249,12943.07424,14863.35815,17545.03479,12943.07424,18024.05989,20214.49895,12943.07424,2850.052138,2830.666529,0.001001968,0.001005531,0.001008742,0.001011081,11631.14577,11631.14577,11631.14577,17267.22776,17267.22776,17267.22776,17267.22776,17267.22776
4/1/2007,6811.005823,7985.182154,7513.047537,8141.176037,8314.047696,7513.047537,11928.33942,14739.89781,13726.89878,12785.32929,14375.91485,13726.89878,14383.63678,15111.59249,13726.89878,16268.94527,17545.03479,13726.89878,2873.879433,2854.311382,0.001001968,0.001005531,0.001008742,0.001011081,11724.89399,11724.89399,11724.89399,17833.52148,17833.52148,17833.52148,17833.52148,17833.52148
4/2/2007,6729.961882,7813.11043,7483.824627,7874.971807,7985.182154,7483.824627,12216.43593,13960.39512,14153.12842,12860.40898,14739.89781,14153.12842,14030.86011,14375.91485,14153.12842,14845.73338,15111.59249,14153.12842,3010.478992,2989.861816,0.001001968,0.001005531,0.001008742,0.001011081,11806.92965,11806.92965,11806.92965,18029.20037,18029.20037,18029.20037,18029.20037,18029.20037
4/3/2007,6741.732757,7364.817289,7575.134689,7815.030862,7813.11043,7575.134689,11541.39714,12369.63439,13462.10391,12078.54514,13960.39512,13462.10391,13221.35354,14739.89781,13462.10391,13608.44802,14375.91485,13462.10391,3301.622884,3278.752313,0.001001968,0.001005531,0.001008742,0.001011081,11629.74475,11629.74475,11629.74475,18196.9963,18196.9963,18196.9963,18196.9963,18196.9963
4/4/2007,6197.773075,7340.340039,6999.739451,7281.51017,7364.817289,6999.739451,10945.6427,10930.36993,12814.17029,11509.51765,12369.63439,12814.17029,12596.7663,13960.39512,12814.17029,13288.91493,14739.89781,12814.17029,3202.574394,3180.472992,0.001001968,0.001005531,0.001008742,0.001011081,10680.40174,10680.40174,10680.40174,17837.13687,17837.13687,17837.13687,17837.13687,17837.13687
4/5/2007,6322.243869,6569.944621,7220.569362,7428.660204,7340.340039,7220.569362,11610.2069,9703.629628,13726.12218,12131.90961,10930.36993,13726.12218,13143.37547,12369.63439,13726.12218,13272.02137,13960.39512,13726.12218,3543.901147,3519.138632,0.001001968,0.001005531,0.001008742,0.001011081,9408.276261,9408.276261,9408.276261,16663.58097,16663.58097,16663.58097,16663.58097,16663.58097
4/6/2007,5634.4344,5513.653729,6434.278588,6649.664328,6569.944621,6434.278588,10633.34549,8792.761053,12571.49589,11117.86417,9703.629628,12571.49589,12132.11495,10930.36993,12571.49589,13084.62576,12369.63439,12571.49589,3218.198295,3195.975736,0.001001968,0.001005531,0.001008742,0.001011081,8451.367687,8451.367687,8451.367687,15195.40614,15195.40614,15195.40614,15195.40614,15195.40614
4/7/2007,4755.007642,4977.822561,5385.153001,5544.432537,5513.653729,5385.153001,8369.138112,8142.126783,9797.944342,8753.141895,8792.761053,9797.944342,9677.767143,9703.629628,9797.944342,10916.06552,10930.36993,9797.944342,2595.01725,2577.573481,0.001001968,0.001005531,0.001008742,0.001011081,7753.451472,7753.451472,7753.451472,13931.88644,13931.88644,13931.88644,13931.88644,13931.88644
4/8/2007,4321.32083,4615.318084,4879.860122,4998.796886,4977.822561,4879.860122,7418.263403,8842.929723,8653.069935,7740.739721,8142.126783,8653.069935,8459.136416,8792.761053,8653.069935,9287.801875,9703.629628,8653.069935,2329.155675,2313.713394,0.001001968,0.001005531,0.001008742,0.001011081,7192.82499,7192.82499,7192.82499,12939.31822,12939.31822,12939.31822,12939.31822,12939.31822
4/9/2007,4022.472709,4322.087843,4537.281554,4630.538688,4615.318084,4537.281554,7031.046889,9324.905235,8193.590125,7309.226347,8842.929723,8193.590125,7925.785602,8142.126783,8193.590125,8471.532516,8792.761053,8193.590125,2167.655315,2153.416414,0.001001968,0.001005531,0.001008742,0.001011081,6673.458807,6673.458807,6673.458807,12078.36522,12078.36522,12078.36522,12078.36522,12078.36522
4/10/2007,3774.598304,4065.231907,4254.553727,4333.413656,4322.087843,4254.553727,6630.248718,9046.828671,7719.534573,6880.906046,9324.905235,7719.534573,7435.044523,8842.929723,7719.534573,7868.847078,8142.126783,7719.534573,2038.06326,2024.782603,0.001001968,0.001005531,0.001008742,0.001011081,6131.808585,6131.808585,6131.808585,11291.27139,11291.27139,11291.27139,11291.27139,11291.27139
4/11/2007,3519.700341,4642.297809,3958.188658,4029.685045,4065.231907,3958.188658,6210.022515,13738.49237,7213.528409,6438.336982,9046.828671,7213.528409,6936.847989,9324.905235,7213.528409,7356.858949,8842.929723,7213.528409,1878.232162,1866.123629,0.001001968,0.001005531,0.001008742,0.001011081,5624.65458,5624.65458,5624.65458,10482.23432,10482.23432,10482.23432,10482.23432,10482.23432
4/12/2007,4171.376889,5406.928911,4677.12078,4483.338452,4642.297809,4677.12078,7929.543266,25257.17475,9214.346477,7913.23403,13738.49237,9214.346477,8121.007458,9046.828671,9214.346477,7912.057528,9324.905235,9214.346477,2095.732026,2082.025789,0.001001968,0.001005531,0.001008742,0.001011081,5135.59169,5135.59169,5135.59169,9729.607654,9729.607654,9729.607654,9729.607654,9729.607654
4/13/2007,5180.989069,6027.762673,5809.94754,5449.638067,5406.928911,5809.94754,9653.307994,37872.05413,11245.0115,9512.976684,25257.17475,11245.0115,9642.866333,13738.49237,11245.0115,8949.219529,9046.828671,11245.0115,2531.86262,2514.896492,0.001001968,0.001005531,0.001008742,0.001011081,4860.056827,4860.056827,4860.056827,9242.422182,9242.422182,9242.422182,9242.422182,9242.422182
4/14/2007,5109.169364,9669.44943,5769.7118,5712.703708,6027.762673,5769.7118,8886.182809,39302.17984,10403.09457,9062.376467,37872.05413,10403.09457,9485.024741,25257.17475,10403.09457,9179.321535,13738.49237,10403.09457,2708.61917,2690.31295,0.001001968,0.001005531,0.001008742,0.001011081,4809.033288,4809.033288,4809.033288,9006.774903,9006.774903,9006.774903,9006.774903,9006.774903
4/15/2007,5000.633013,21642.04765,5499.410519,5504.075326,9669.44943,5499.410519,13762.25581,33920.53351,15936.36974,13933.61947,39302.17984,15936.36974,14017.32898,37872.05413,15936.36974,13611.1324,25257.17475,15936.36974,1900.385088,1888.114766,0.001001968,0.001005531,0.001008742,0.001011081,4810.652813,4810.652813,4810.652813,9754.480249,9754.480249,9754.480249,9754.480249,9754.480249
4/16/2007,22781.5531,23656.7625,27008.82082,23384.33152,21642.04765,27008.82082,41212.41539,28217.27709,50485.74611,39397.53568,33920.53351,50485.74611,40476.82129,39302.17984,50485.74611,23505.41151,37872.05413,50485.74611,13265.37187,13157.77961,0.001001968,0.001005531,0.001008742,0.001011081,7148.563046,7148.563046,7148.563046,13109.65078,13109.65078,13109.65078,13109.65078,13109.65078
4/17/2007,23449.70212,22557.21041,27531.46831,25152.56218,23656.7625,27531.46831,48849.82876,23859.71196,59922.85285,47717.92071,28217.27709,59922.85285,48056.41409,33920.53351,59922.85285,48760.80968,39302.17984,59922.85285,13955.16108,13841.37228,0.001001968,0.001005531,0.001008742,0.001011081,9696.299247,9696.299247,9696.299247,18175.01232,18175.01232,18175.01232,18175.01232,18175.01232
4/18/2007,18265.82982,14722.51435,21711.10894,22729.68855,22557.21041,21711.10894,30292.13322,20092.50434,37424.1554,32469.68283,23859.71196,37424.1554,34998.9979,28217.27709,37424.1554,36048.15228,33920.53351,37424.1554,12525.53181,12424.55177,0.001001968,0.001005531,0.001008742,0.001011081,12265.24941,12265.24941,12265.24941,22782.32033,22782.32033,22782.32033,22782.32033,22782.32033
4/19/2007,11997.90728,10894.42301,13644.48816,14717.2357,14722.51435,13644.48816,20696.01291,17410.93735,24498.55801,22330.22624,20092.50434,24498.55801,25233.67376,23859.71196,24498.55801,31578.22173,28217.27709,24498.55801,6238.423743,6191.830437,0.001001968,0.001005531,0.001008742,0.001011081,13969.97248,13969.97248,13969.97248,26538.60571,26538.60571,26538.60571,26538.60571,26538.60571
4/20/2007,9664.054928,10258.75511,10627.73918,10877.93573,10894.42301,10627.73918,14430.54021,15932.37414,16420.70073,15073.56741,17410.93735,16420.70073,17197.07975,20092.50434,16420.70073,21436.31814,23859.71196,16420.70073,3705.927981,3679.892273,0.001001968,0.001005531,0.001008742,0.001011081,14982.42449,14982.42449,14982.42449,28982.46957,28982.46957,28982.46957,28982.46957,28982.46957
4/21/2007,9203.177112,9777.834257,10125.07797,10206.3028,10258.75511,10125.07797,15261.54637,15195.75206,17485.719,15676.80364,15932.37414,17485.719,16980.86888,17410.93735,17485.719,18722.85866,20092.50434,17485.719,3578.069508,3553.039016,0.001001968,0.001005531,0.001008742,0.001011081,15722.17817,15722.17817,15722.17817,30571.29251,30571.29251,30571.29251,30571.29251,30571.29251
4/22/2007,8692.336956,8923.295705,9555.015641,9751.577338,9777.834257,9555.015641,14851.82097,14735.07849,17050.91138,15347.54379,15195.75206,17050.91138,16303.28205,15932.37414,17050.91138,17429.16804,17410.93735,17050.91138,3354.142267,3330.862822,0.001001968,0.001005531,0.001008742,0.001011081,16404.15215,16404.15215,16404.15215,30968.23113,30968.23113,30968.23113,30968.23113,30968.23113
4/23/2007,7851.394834,7911.57578,8592.876372,8956.605576,8923.295705,8592.876372,12987.87404,17769.92882,14827.06412,13620.48013,14735.07849,14827.06412,14554.35449,15195.75206,14827.06412,15578.21085,15932.37414,14827.06412,2891.35314,2871.651189,0.001001968,0.001005531,0.001008742,0.001011081,14708.50491,14708.50491,14708.50491,28664.37819,28664.37819,28664.37819,28664.37819,28664.37819
4/24/2007,6953.261248,7205.694012,7585.769233,8017.814906,7911.57578,7585.769233,11602.98762,15987.43564,13204.06963,12264.80802,17769.92882,13204.06963,13254.80448,14735.07849,13204.06963,14267.39637,15195.75206,13204.06963,2491.144404,2474.485521,0.001001968,0.001005531,0.001008742,0.001011081,12737.31016,12737.31016,12737.31016,24567.67428,24567.67428,24567.67428,24567.67428,24567.67428
4/25/2007,6135.40586,6781.690366,6714.904388,7206.116463,7205.694012,6714.904388,10887.66706,12850.06815,12445.28656,11575.41484,15987.43564,12445.28656,12567.00496,17769.92882,12445.28656,13498.78671,14735.07849,12445.28656,2335.421092,2319.93193,0.001001968,0.001005531,0.001008742,0.001011081,10681.62135,10681.62135,10681.62135,20867.44465,20867.44465,20867.44465,20867.44465,20867.44465
4/26/2007,5812.924931,6531.541647,6413.382262,6783.999338,6781.690366,6413.382262,11112.23502,11170.03675,12788.38217,11682.64152,12850.06815,12788.38217,12661.75212,15987.43564,12788.38217,13052.22477,17769.92882,12788.38217,2428.473827,2412.286723,0.001001968,0.001005531,0.001008742,0.001011081,9407.536354,9407.536354,9407.536354,17829.50569,17829.50569,17829.50569,17829.50569,17829.50569
4/27/2007,5628.620303,5699.684145,6263.66699,6574.314854,6531.541647,6263.66699,14033.50617,10219.39556,16432.95614,14479.98662,11170.03675,16432.95614,15235.11398,12850.06815,16432.95614,15930.81977,15987.43564,16432.95614,2569.302284,2552.053157,0.001001968,0.001005531,0.001008742,0.001011081,8657.771926,8657.771926,8657.771926,16394.07744,16394.07744,16394.07744,16394.07744,16394.07744
4/28/2007,4982.577102,5096.636449,5530.944058,5731.939176,5699.684145,5530.944058,12033.97958,10268.14957,14030.35862,12360.6893,10219.39556,14030.35862,13206.77249,11170.03675,14030.35862,14209.90004,12850.06815,14030.35862,2255.86154,2240.966615,0.001001968,0.001005531,0.001008742,0.001011081,8008.015174,8008.015174,8008.015174,15553.09167,15553.09167,15553.09167,15553.09167,15553.09167
4/29/2007,4442.067029,4894.173453,4918.69413,5105.546213,5096.636449,4918.69413,9199.485018,10024.02099,10624.59446,9530.447139,10268.14957,10624.59446,10208.80967,10219.39556,10624.59446,11194.62393,11170.03675,10624.59446,1987.475641,1974.567166,0.001001968,0.001005531,0.001008742,0.001011081,7350.702996,7350.702996,7350.702996,14677.09883,14677.09883,14677.09883,14677.09883,14677.09883
4/30/2007,4278.832696,4735.758929,4752.107648,4898.820723,4894.173453,4752.107648,8272.217282,8904.985347,9549.639919,8575.377239,10024.02099,9549.639919,9134.249712,10268.14957,9549.639919,9638.53849,10219.39556,9549.639919,1979.4029,1966.553716,0.001001968,0.001005531,0.001008742,0.001011081,6747.402514,6747.402514,6747.402514,13807.3244,13807.3244,13807.3244,13807.3244,13807.3244
5/1/2007,4122.140536,4270.931733,4590.805317,4723.559837,4735.758929,4590.805317,7995.36688,8160.44336,9252.483074,8282.011501,8904.985347,9252.483074,8806.226901,10024.02099,9252.483074,9175.514236,10268.14957,9252.483074,1966.867303,1954.110134,0.001001968,0.001005531,0.001008742,0.001011081,6227.427755,6227.427755,6227.427755,13027.80748,13027.80748,13027.80748,13027.80748,13027.80748
5/2/2007,3794.454674,4193.170761,4212.543947,4276.73809,4270.931733,4212.543947,8232.063513,7669.081923,9507.673294,8424.739368,8160.44336,9507.673294,8999.326095,8904.985347,9507.673294,9279.1093,10024.02099,9507.673294,1768.267557,1756.958779,0.001001968,0.001005531,0.001008742,0.001011081,5767.804486,5767.804486,5767.804486,12445.89709,12445.89709,12445.89709,12445.89709,12445.89709
5/3/2007,3705.616722,3900.251497,4128.588643,4201.533122,4193.170761,4128.588643,8028.089499,7231.619146,9302.846126,8226.003248,7669.081923,9302.846126,8636.612552,8160.44336,9302.846126,9117.958448,8904.985347,9302.846126,1795.845503,1784.336689,0.001001968,0.001005531,0.001008742,0.001011081,5339.00003,5339.00003,5339.00003,11872.06545,11872.06545,11872.06545,11872.06545,11872.06545
5/4/2007,3441.877997,3651.418452,3834.359368,3899.805918,3900.251497,3834.359368,6911.78903,6909.578763,7985.536886,7104.638388,7231.619146,7985.536886,7590.595358,7669.081923,7985.536886,7967.384501,8160.44336,7985.536886,1682.963031,1672.270665,0.001001968,0.001005531,0.001008742,0.001011081,4932.736438,4932.736438,4932.736438,10672.23811,10672.23811,10672.23811,10672.23811,10672.23811
5/5/2007,3208.858763,3430.020495,3570.083151,3650.147961,3651.418452,3570.083151,6332.863955,6587.815961,7302.733024,6532.953732,6909.578763,7302.733024,6942.682088,7231.619146,7302.733024,7374.638265,7669.081923,7302.733024,1559.489103,1549.682386,0.001001968,0.001005531,0.001008742,0.001011081,4584.448547,4584.448547,4584.448547,9641.501492,9641.501492,9641.501492,9641.501492,9641.501492
5/6/2007,3037.967977,3301.528218,3375.072262,3428.424729,3430.020495,3375.072262,5963.850744,6407.306519,6867.395132,6129.917081,6587.815961,6867.395132,6521.131159,6909.578763,6867.395132,6853.803398,7231.619146,6867.395132,1463.647184,1454.522207,0.001001968,0.001005531,0.001008742,0.001011081,4316.581192,4316.581192,4316.581192,8994.473533,8994.473533,8994.473533,8994.473533,8994.473533
5/7/2007,2927.962201,3177.569108,3255.931693,3299.714365,3301.528218,3255.931693,5723.946682,5829.743801,6600.623511,5876.56549,6407.306519,6600.623511,6230.693463,6587.815961,6600.623511,6524.35268,6909.578763,6600.623511,1430.26513,1421.376368,0.001001968,0.001005531,0.001008742,0.001011081,4074.925484,4074.925484,4074.925484,8522.852555,8522.852555,8522.852555,8522.852555,8522.852555
5/8/2007,2819.166709,3059.201059,3136.387137,3175.618369,3177.569108,3136.387137,5600.358462,5843.38289,6453.506585,5744.853089,5829.743801,6453.506585,6078.840217,6407.306519,6453.506585,6249.247959,6587.815961,6453.506585,1389.556524,1380.954921,0.001001968,0.001005531,0.001008742,0.001011081,3843.459316,3843.459316,3843.459316,8106.501653,8106.501653,8106.501653,8106.501653,8106.501653
5/9/2007,2715.098564,2962.334915,3021.445912,3057.171625,3059.201059,3021.445912,5361.475333,6289.704025,6183.071612,5498.392358,5843.38289,6183.071612,5817.289396,5829.743801,6183.071612,6065.611193,6407.306519,6183.071612,1347.867648,1339.559065,0.001001968,0.001005531,0.001008742,0.001011081,3643.299051,3643.299051,3643.299051,7591.686112,7591.686112,7591.686112,7591.686112,7591.686112
5/10/2007,2616.945116,2883.976702,2912.879066,2945.64132,2962.334915,2912.879066,5234.715814,6310.04252,6030.557851,5365.630511,6289.704025,6030.557851,5671.451352,5843.38289,6030.557851,5817.692021,5829.743801,6030.557851,1307.727112,1299.699629,0.001001968,0.001005531,0.001008742,0.001011081,3460.500458,3460.500458,3460.500458,7101.134746,7101.134746,7101.134746,7101.134746,7101.134746
5/11/2007,2631.724484,3174.226075,2908.992825,2884.93897,2883.976702,2908.992825,4920.812129,5952.202928,5627.940944,4995.527179,6310.04252,5627.940944,5206.091303,6289.704025,5627.940944,5408.038957,5843.38289,5627.940944,1220.561368,1213.140637,0.001001968,0.001005531,0.001008742,0.001011081,3288.773435,3288.773435,3288.773435,6719.93772,6719.93772,6719.93772,6719.93772,6719.93772
5/12/2007,2908.060289,3153.727922,3237.41013,3181.391557,3174.226075,3237.41013,5271.422007,5661.643944,6066.020724,5332.973925,5952.202928,6066.020724,5527.025594,6310.04252,6066.020724,5338.994209,6289.704025,6066.020724,1441.321998,1432.355069,0.001001968,0.001005531,0.001008742,0.001011081,3193.067219,3193.067219,3193.067219,6441.714838,6441.714838,6441.714838,6441.714838,6441.714838
5/13/2007,2799.197487,2834.169716,3143.803881,3152.52153,3153.727922,3143.803881,5582.413869,5549.49712,6493.162427,5700.505338,5661.643944,6493.162427,6077.761454,5952.202928,6493.162427,6073.733659,6310.04252,6493.162427,1521.720962,1512.183513,0.001001968,0.001005531,0.001008742,0.001011081,3150.035716,3150.035716,3150.035716,6303.660233,6303.660233,6303.660233,6303.660233,6303.660233
5/14/2007,2445.283156,2566.190721,2727.997545,2832.286734,2834.169716,2727.997545,5046.69686,5782.782885,5835.447573,5239.074208,5549.49712,5835.447573,5520.469135,5661.643944,5835.447573,5962.189679,5952.202928,5835.447573,1264.169731,1256.446087,0.001001968,0.001005531,0.001008742,0.001011081,3078.414215,3078.414215,3078.414215,6204.883776,6204.883776,6204.883776,6204.883776,6204.883776
5/15/2007,2281.630554,2497.262037,2534.146859,2564.163812,2566.190721,2534.146859,4553.147422,5608.385771,5232.23987,4666.703314,5782.782885,5232.23987,5008.512383,5549.49712,5232.23987,5227.818749,5661.643944,5232.23987,1137.891032,1131.040866,0.001001968,0.001005531,0.001008742,0.001011081,2999.345062,2999.345062,2999.345062,6081.702695,6081.702695,6081.702695,6081.702695,6081.702695
5/16/2007,2200.79688,2494.282474,2449.20486,2491.164968,2497.262037,2449.20486,4502.339592,5374.272777,5188.803182,4623.495164,5608.385771,5188.803182,4876.653701,5782.782885,5188.803182,5133.762757,5549.49712,5188.803182,1123.403652,1116.652957,0.001001968,0.001005531,0.001008742,0.001011081,2915.909129,2915.909129,2915.909129,5946.162798,5946.162798,5946.162798,5946.162798,5946.162798
5/17/2007,2249.320062,2790.837017,2491.271751,2492.917671,2494.282474,2491.271751,4650.55973,5193.133824,5340.687403,4730.053088,5374.272777,5340.687403,4886.993536,5608.385771,5340.687403,4980.59484,5782.782885,5340.687403,1089.625056,1083.105663,0.001001968,0.001005531,0.001008742,0.001011081,2836.599518,2836.599518,2836.599518,5818.869456,5818.869456,5818.869456,5818.869456,5818.869456
5/18/2007,2487.044112,2403.469599,2768.67539,2791.992152,2790.837017,2768.67539,5251.487333,4993.446724,6062.650192,5361.241762,5193.133824,6062.650192,5438.893215,5374.272777,6062.650192,5299.21553,5608.385771,6062.650192,1251.743184,1244.10599,0.001001968,0.001005531,0.001008742,0.001011081,2805.2333,2805.2333,2805.2333,5831.923055,5831.923055,5831.923055,5831.923055,5831.923055
5/19/2007,2149.436582,2203.201416,2392.323311,2399.53882,2403.469599,2392.323311,4730.504529,4719.522234,5464.410512,4807.455251,4993.446724,5464.410512,5228.974357,5193.133824,5464.410512,5387.692356,5374.272777,5464.410512,1103.080072,1096.46865,0.001001968,0.001005531,0.001008742,0.001011081,2738.807277,2738.807277,2738.807277,5821.978495,5821.978495,5821.978495,5821.978495,5821.978495
5/20/2007,1899.023064,1937.072635,2114.523142,2202.110185,2203.201416,2114.523142,4129.918621,4419.342281,4757.146483,4283.433636,4719.522234,4757.146483,4533.321078,4993.446724,4757.146483,4934.86389,5193.133824,4757.146483,989.146726,983.3099831,0.001001968,0.001005531,0.001008742,0.001011081,2600.999241,2600.999241,2600.999241,5664.310734,5664.310734,5664.310734,5664.310734,5664.310734
5/21/2007,1773.60604,2152.88728,1953.458299,1936.905463,1937.072635,1953.458299,3934.693133,4284.929661,4498.073174,3970.992145,4419.342281,4498.073174,4210.284333,4719.522234,4498.073174,4508.596564,4993.446724,4498.073174,833.3110025,828.5154281,0.001001968,0.001005531,0.001008742,0.001011081,2479.814632,2479.814632,2479.814632,5476.186935,5476.186935,5476.186935,5476.186935,5476.186935
5/22/2007,1948.386373,2089.19378,2180.28178,2151.382873,2152.88728,2180.28178,4199.391594,4193.493935,4859.198475,4240.306803,4284.929661,4859.198475,4440.325023,4419.342281,4859.198475,4385.220164,4719.522234,4859.198475,1067.988243,1061.616544,0.001001968,0.001005531,0.001008742,0.001011081,2403.463547,2403.463547,2403.463547,5330.756271,5330.756271,5330.756271,5330.756271,5330.756271
5/23/2007,1823.239569,1891.735033,2038.783994,2087.712402,2089.19378,2038.783994,4041.305986,4073.632392,4674.239906,4153.371137,4193.493935,4674.239906,4312.216257,4284.929661,4674.239906,4473.501729,4419.342281,4674.239906,998.8543263,992.951996,0.001001968,0.001005531,0.001008742,0.001011081,2336.591543,2336.591543,2336.591543,5204.995741,5204.995741,5204.995741,5204.995741,5204.995741
5/24/2007,1681.139379,1840.548529,1867.332292,1890.351733,1891.735033,1867.332292,3551.821946,4162.680534,4079.850164,3633.060231,4073.632392,4079.850164,3846.20847,4193.493935,4079.850164,4026.019728,4284.929661,4079.850164,870.9583777,865.9133879,0.001001968,0.001005531,0.001008742,0.001011081,2264.753787,2264.753787,2264.753787,5068.060064,5068.060064,5068.060064,5068.060064,5068.060064
5/25/2007,1639.963771,1787.420055,1823.66702,1839.264438,1840.548529,1823.66702,3477.773403,3976.662943,3998.1912,3550.534061,4162.680534,3998.1912,3735.135179,4073.632392,3998.1912,3867.335052,4193.493935,3998.1912,862.1245989,857.1382599,0.001001968,0.001005531,0.001008742,0.001011081,2154.160692,2154.160692,2154.160692,4836.825502,4836.825502,4836.825502,4836.825502,4836.825502
5/26/2007,1593.018328,1738.437171,1772.033594,1786.231729,1787.420055,1772.033594,3463.126166,3826.923621,3983.965817,3531.366474,3976.662943,3983.965817,3702.407027,4162.680534,3983.965817,3814.919521,4073.632392,3983.965817,843.3398907,838.4780135,0.001001968,0.001005531,0.001008742,0.001011081,2037.097857,2037.097857,2037.097857,4598.049226,4598.049226,4598.049226,4598.049226,4598.049226
5/27/2007,1546.942016,1702.617506,1720.964051,1734.278406,1738.437171,1720.964051,3385.007891,3752.140815,3894.186138,3450.453678,3826.923621,3894.186138,3614.624921,3976.662943,3894.186138,3720.628272,4162.680534,3894.186138,823.0118637,818.2842719,0.001001968,0.001005531,0.001008742,0.001011081,1962.511011,1962.511011,1962.511011,4423.555225,4423.555225,4423.555225,4423.555225,4423.555225
5/28/2007,1525.412337,1686.057563,1695.191568,1702.198749,1702.617506,1695.191568,3492.43985,4691.161211,4020.044342,3546.939837,3752.140815,4020.044342,3687.815768,3826.923621,4020.044342,3788.306897,3976.662943,4020.044342,804.0974343,799.4944058,0.001001968,0.001005531,0.001008742,0.001011081,1915.77807,1915.77807,1915.77807,4311.85623,4311.85623,4311.85623,4311.85623,4311.85623
5/29/2007,1509.040183,1643.755784,1677.667629,1687.247139,1686.057563,1677.667629,3361.782207,5845.497881,3868.578963,3420.193606,4691.161211,3868.578963,3556.714591,3752.140815,3868.578963,3632.185765,3826.923621,3868.578963,800.1606727,795.5835228,0.001001968,0.001005531,0.001008742,0.001011081,1848.078369,1848.078369,1848.078369,4188.68186,4188.68186,4188.68186,4188.68186,4188.68186
5/30/2007,1471.931235,1580.944083,1641.522702,1642.989883,1643.755784,1641.522702,3235.46881,4519.393942,3729.039075,3287.088624,5845.497881,3729.039075,3467.727434,4691.161211,3729.039075,3520.429176,3752.140815,3729.039075,808.8707561,804.2363277,0.001001968,0.001005531,0.001008742,0.001011081,1792.544369,1792.544369,1792.544369,4077.78905,4077.78905,4077.78905,4077.78905,4077.78905
5/31/2007,1396.739657,1479.386544,1556.609131,1580.146916,1580.944083,1556.609131,3100.329633,5254.226777,3573.368468,3170.239446,4519.393942,3573.368468,3311.970418,5845.497881,3573.368468,3473.074415,4691.161211,3573.368468,767.0593645,762.6991483,0.001001968,0.001005531,0.001008742,0.001011081,1741.264134,1741.264134,1741.264134,3974.94413,3974.94413,3974.94413,3974.94413,3974.94413
6/1/2007,1319.383728,1429.115944,1464.713478,1478.667243,1479.386544,1464.713478,3819.858427,5880.960145,4423.374168,3857.394704,5254.226777,4423.374168,3980.934899,4519.393942,4423.374168,4138.957591,5845.497881,4423.374168,702.4284981,698.4882892,0.001001968,0.001005531,0.001008742,0.001011081,1688.884518,1688.884518,1688.884518,4028.088754,4028.088754,4028.088754,4028.088754,4028.088754
6/2/2007,1276.610868,1466.408747,1416.381544,1428.004104,1429.115944,1416.381544,4828.350755,4665.508058,5631.581821,4836.955284,5880.960145,5631.581821,4915.5155,5254.226777,5631.581821,5089.751457,4519.393942,5631.581821,678.5574354,674.7710961,0.001001968,0.001005531,0.001008742,0.001011081,1636.570217,1636.570217,1636.570217,4270.597659,4270.597659,4270.597659,4270.597659,4270.597659
6/3/2007,1300.432618,1658.98796,1446.269017,1449.993775,1466.408747,1446.269017,3870.430304,4047.41514,4481.067522,3896.817681,4665.508058,4481.067522,3989.015709,5880.960145,4481.067522,4000.215779,5254.226777,4481.067522,706.4923567,702.5258832,0.001001968,0.001005531,0.001008742,0.001011081,1592.321954,1592.321954,1592.321954,4345.204905,4345.204905,4345.204905,4345.204905,4345.204905
6/4/2007,1508.039672,1565.464935,1681.856173,1656.929664,1658.98796,1681.856173,4801.378275,3729.208495,5586.938153,4799.487593,4047.41514,5586.938153,4808.175765,4665.508058,5586.938153,4730.252617,5880.960145,5586.938153,812.1142763,807.4584976,0.001001968,0.001005531,0.001008742,0.001011081,1571.334717,1571.334717,1571.334717,4519.070878,4519.070878,4519.070878,4519.070878,4519.070878
6/5/2007,1655.573969,1902.998826,1807.894929,1575.912252,1565.464935,1807.894929,5489.945469,3718.410479,6339.973826,5261.774308,3729.208495,6339.973826,5310.116495,4047.41514,6339.973826,5353.448692,4665.508058,6339.973826,718.4832923,714.439206,0.001001968,0.001005531,0.001008742,0.001011081,1552.223481,1552.223481,1552.223481,4826.519695,4826.519695,4826.519695,4826.519695,4826.519695
6/6/2007,1692.891392,1642.713257,1890.377464,1906.975325,1902.998826,1890.377464,4222.320561,3439.202348,4905.428408,4281.332993,3718.410479,4905.428408,4299.805164,3729.208495,4905.428408,4274.853285,4047.41514,4905.428408,941.0402894,935.5273544,0.001001968,0.001005531,0.001008742,0.001011081,1565.679127,1565.679127,1565.679127,4960.104505,4960.104505,4960.104505,4960.104505,4960.104505
6/7/2007,1427.703261,1514.942848,1577.703974,1642.405686,1642.713257,1577.703974,3462.893506,3553.127541,3974.801334,3563.126855,3439.202348,3974.801334,3718.53847,3718.410479,3974.801334,3810.283132,3729.208495,3974.801334,731.9479422,727.8165014,0.001001968,0.001005531,0.001008742,0.001011081,1578.720756,1578.720756,1578.720756,5023.953427,5023.953427,5023.953427,5023.953427,5023.953427
6/8/2007,1323.609402,1400.714295,1462.496334,1514.422116,1514.942848,1462.496334,2934.416309,3936.058574,3366.504759,3023.322643,3553.127541,3366.504759,3204.146575,3439.202348,3366.504759,3429.006989,3718.410479,3366.504759,682.8233843,679.009599,0.001001968,0.001005531,0.001008742,0.001011081,1589.741435,1589.741435,1589.741435,4908.150498,4908.150498,4908.150498,4908.150498,4908.150498
6/9/2007,1232.737902,1370.562544,1356.634169,1400.272417,1400.714295,1356.634169,2866.53084,4271.715864,3282.535815,2940.40165,3936.058574,3282.535815,3071.563207,3553.127541,3282.535815,3269.649527,3439.202348,3282.535815,613.6075016,610.2361212,0.001001968,0.001005531,0.001008742,0.001011081,1588.365273,1588.365273,1588.365273,4583.942231,4583.942231,4583.942231,4583.942231,4583.942231
6/10/2007,1211.603535,1289.904068,1335.555421,1369.848558,1370.562544,1335.555421,2784.383641,4136.87949,3186.673108,2850.706023,4271.715864,3186.673108,2969.50926,3936.058574,3186.673108,3033.276756,3553.127541,3186.673108,613.5954197,610.224116,0.001001968,0.001005531,0.001008742,0.001011081,1580.290651,1580.290651,1580.290651,4415.160081,4415.160081,4415.160081,4415.160081,4415.160081
6/11/2007,1147.96258,1435.076038,1262.271895,1288.7302,1289.904068,1262.271895,2980.428493,3679.584683,3413.21973,3030.857424,4136.87949,3413.21973,3141.621738,4271.715864,3413.21973,3233.237945,3936.058574,3413.21973,568.877636,565.7886567,0.001001968,0.001005531,0.001008742,0.001011081,1544.964833,1544.964833,1544.964833,4158.313438,4158.313438,4158.313438,4158.313438,4158.313438
6/12/2007,1284.793361,1416.977091,1415.403443,1435.342307,1435.076038,1415.403443,3458.895406,3254.502734,3977.28019,3502.859459,3679.584683,3977.28019,3504.652764,4136.87949,3977.28019,3524.195077,4271.715864,3977.28019,636.9113779,633.3917545,0.001001968,0.001005531,0.001008742,0.001011081,1515.444546,1515.444546,1515.444546,3847.286438,3847.286438,3847.286438,3847.286438,3847.286438
6/13/2007,1285.689319,1228.213003,1408.758574,1417.275035,1416.977091,1408.758574,3901.787498,2957.58983,4475.759762,3926.707166,3254.502734,4475.759762,3972.50126,3679.584683,4475.759762,3874.395493,4136.87949,4475.759762,599.595985,596.3133748,0.001001968,0.001005531,0.001008742,0.001011081,1459.559911,1459.559911,1459.559911,3804.690794,3804.690794,3804.690794,3804.690794,3804.690794
6/14/2007,1111.141913,1079.226589,1217.568067,1228.016042,1228.213003,1217.568067,3464.722126,3177.193494,3984.497545,3484.59074,2957.58983,3984.497545,3656.485189,3254.502734,3984.497545,3895.986222,3679.584683,3984.497545,531.0808582,528.2281794,0.001001968,0.001005531,0.001008742,0.001011081,1410.298892,1410.298892,1410.298892,3821.219471,3821.219471,3821.219471,3821.219471,3821.219471
6/15/2007,966.4760581,1045.931955,1064.195657,1079.035689,1079.226589,1064.195657,2798.492532,3055.726139,3208.241155,2828.789714,3177.193494,3208.241155,3001.932116,2957.58983,3208.241155,3203.312475,3254.502734,3208.241155,498.1393181,495.4907203,0.001001968,0.001005531,0.001008742,0.001011081,1353.420398,1353.420398,1353.420398,3781.095538,3781.095538,3781.095538,3781.095538,3781.095538
6/16/2007,932.4791895,1036.881345,1030.304749,1041.881988,1045.931955,1030.304749,2547.912453,3830.174317,2920.320402,2578.811885,3055.726139,2920.320402,2681.508572,3177.193494,2920.320402,2842.330206,2957.58983,2920.320402,500.8858492,498.2203053,0.001001968,0.001005531,0.001008742,0.001011081,1301.448861,1301.448861,1301.448861,3713.317023,3713.317023,3713.317023,3713.317023,3713.317023
6/17/2007,914.7674422,1074.460875,1010.131393,1037.920377,1036.881345,1010.131393,2428.933904,4959.866509,2779.355196,2478.583391,3830.174317,2779.355196,2536.188876,3055.726139,2779.355196,2603.55721,3177.193494,2779.355196,486.2349371,483.6596395,0.001001968,0.001005531,0.001008742,0.001011081,1248.716915,1248.716915,1248.716915,3636.695371,3636.695371,3636.695371,3636.695371,3636.695371
6/18/2007,1091.135799,1273.086137,1194.897004,1076.696378,1074.460875,1194.897004,2864.769198,4596.498418,3277.278562,2765.119601,4959.866509,3277.278562,2829.152734,3830.174317,3277.278562,2855.145499,3055.726139,3277.278562,526.008284,523.1871473,0.001001968,0.001005531,0.001008742,0.001011081,1213.239664,1213.239664,1213.239664,3582.290093,3582.290093,3582.290093,3582.290093,3582.290093
6/19/2007,1101.728736,940.069751,1227.150269,1261.42859,1273.086137,1227.150269,2781.147077,3818.186312,3209.631843,2843.313343,4596.498418,3209.631843,2849.594608,4959.866509,3209.631843,2797.748871,3830.174317,3209.631843,631.4315359,627.9468378,0.001001968,0.001005531,0.001008742,0.001011081,1187.800978,1187.800978,1187.800978,3461.599124,3461.599124,3461.599124,3461.599124,3461.599124
6/20/2007,689.0540017,839.2235089,743.2025973,943.3596052,940.069751,743.2025973,3317.001362,3174.957623,3783.685319,3512.238165,3818.186312,3783.685319,3484.958907,4596.498418,3783.685319,3522.148687,4959.866509,3783.685319,266.5062308,265.2309298,0.001001968,0.001005531,0.001008742,0.001011081,1117.841589,1117.841589,1117.841589,3414.496587,3414.496587,3414.496587,3414.496587,3414.496587
6/21/2007,1329.109319,2265.110614,1393.643732,842.2649053,839.2235089,1393.643732,4679.625876,3351.757272,5312.092618,4102.139471,3174.957623,5312.092618,4247.325229,3818.186312,5312.092618,4392.650934,4596.498418,5312.092618,327.5137917,325.8891932,0.001001968,0.001005531,0.001008742,0.001011081,1068.338941,1068.338941,1068.338941,3558.507604,3558.507604,3558.507604,3558.507604,3558.507604
6/22/2007,1848.214827,1305.669671,2126.032386,2266.581944,2265.110614,2126.032386,4699.384564,2981.435564,5565.746034,4904.046175,3351.757272,5565.746034,4662.86963,3174.957623,5565.746034,4015.949531,3818.186312,5565.746034,1301.136364,1293.154935,0.001001968,0.001005531,0.001008742,0.001011081,1157.065855,1157.065855,1157.065855,3681.2938,3681.2938,3681.2938,3681.2938,3681.2938
6/23/2007,1102.520249,1106.390104,1201.898751,1308.048792,1305.669671,1201.898751,3405.589762,2844.329915,3906.635862,3517.077819,2981.435564,3906.635862,3726.516725,3351.757272,3906.635862,4143.908832,3174.957623,3906.635862,509.9206085,507.1992297,0.001001968,0.001005531,0.001008742,0.001011081,1212.592461,1212.592461,1212.592461,3821.057379,3821.057379,3821.057379,3821.057379,3821.057379
6/24/2007,978.9785141,1032.697287,1069.34498,1106.472005,1106.390104,1069.34498,2107.981021,4483.025982,2383.645583,2169.936442,2844.329915,2383.645583,2397.710954,2981.435564,2383.645583,2649.909063,3351.757272,2383.645583,471.7049387,469.218771,0.001001968,0.001005531,0.001008742,0.001011081,1246.232296,1246.232296,1246.232296,3912.262818,3912.262818,3912.262818,3912.262818,3912.262818
6/25/2007,894.1139811,911.7914563,978.6678298,1032.705596,1032.697287,978.6678298,2472.56819,5973.179129,2825.064104,2539.380501,4483.025982,2825.064104,2636.394322,2844.329915,2825.064104,2868.26277,2981.435564,2825.064104,444.7267679,442.4050689,0.001001968,0.001005531,0.001008742,0.001011081,1246.561755,1246.561755,1246.561755,3893.154569,3893.154569,3893.154569,3893.154569,3893.154569
6/26/2007,813.7998491,892.1026401,885.8811437,911.8279093,911.7914563,885.8811437,2275.244598,4341.947544,2588.109775,2311.172001,5973.179129,2588.109775,2412.615292,4483.025982,2588.109775,2557.243523,2844.329915,2588.109775,384.5792993,382.6191228,0.001001968,0.001005531,0.001008742,0.001011081,1216.873753,1216.873753,1216.873753,3852.771703,3852.771703,3852.771703,3852.771703,3852.771703
6/27/2007,794.2317934,1104.97834,867.3555737,885.6541968,892.1026401,867.3555737,2298.544851,3162.303849,2621.618672,2326.047441,4341.947544,2621.618672,2398.969274,5973.179129,2621.618672,2494.454469,4483.025982,2621.618672,390.541849,388.546173,0.001001968,0.001005531,0.001008742,0.001011081,1218.279558,1218.279558,1218.279558,3658.494577,3658.494577,3658.494577,3658.494577,3658.494577
6/28/2007,974.6827195,1308.668067,1087.810679,1104.7898,1104.97834,1087.810679,4140.707907,2827.070847,4823.389716,4160.698184,3162.303849,4823.389716,4192.004262,4341.947544,4823.389716,3884.641877,5973.179129,4823.389716,574.6866154,571.5611257,0.001001968,0.001005531,0.001008742,0.001011081,1229.096884,1229.096884,1229.096884,3545.710614,3545.710614,3545.710614,3545.710614,3545.710614
6/29/2007,1195.619145,1313.436187,1339.106884,1314.091938,1308.668067,1339.106884,5529.716919,2608.066454,6494.362686,5485.393092,2827.070847,6494.362686,5454.485504,3162.303849,6494.362686,5535.698222,4341.947544,6494.362686,711.9705779,707.9686673,0.001001968,0.001005531,0.001008742,0.001011081,1147.177552,1147.177552,1147.177552,3785.904021,3785.904021,3785.904021,3785.904021,3785.904021
6/30/2007,1161.206133,856.5874655,1299.878191,1314.138,1313.436187,1299.878191,3739.392905,2380.391587,4354.790471,3767.855623,2608.066454,4354.790471,3818.872391,2827.070847,4354.790471,3915.740035,3162.303849,4354.790471,691.4562488,687.5868527,0.001001968,0.001005531,0.001008742,0.001011081,1121.021209,1121.021209,1121.021209,3844.937572,3844.937572,3844.937572,3844.937572,3844.937572
7/1/2007,753.743651,771.4201946,824.7944122,856.7291053,856.5874655,824.7944122,2311.456623,3374.073725,2641.478466,2350.541751,2380.391587,2641.478466,2533.013891,2608.066454,2641.478466,2876.747216,2827.070847,2641.478466,380.9502839,379.0116752,0.001001968,0.001005531,0.001008742,0.001011081,1083.131291,1083.131291,1083.131291,3813.767338,3813.767338,3813.767338,3813.767338,3813.767338
7/2/2007,699.7844802,770.188018,764.649604,771.6171493,771.4201946,764.649604,1994.728213,5324.744442,2270.031838,2011.45299,3374.073725,2270.031838,2104.917541,2380.391587,2270.031838,2318.437045,2608.066454,2270.031838,352.2662347,350.4970394,0.001001968,0.001005531,0.001008742,0.001011081,1047.204711,1047.204711,1047.204711,3768.657926,3768.657926,3768.657926,3768.657926,3768.657926
7/3/2007,692.5210354,744.9236848,759.6845512,770.311811,770.188018,759.6845512,2057.38967,4297.408622,2350.045775,2076.69818,5324.744442,2350.045775,2128.255614,3374.073725,2350.045775,2208.0687,2380.391587,2350.045775,364.5093217,362.6680509,0.001001968,0.001005531,0.001008742,0.001011081,1020.253232,1020.253232,1020.253232,3715.594827,3715.594827,3715.594827,3715.594827,3715.594827
7/4/2007,660.1802214,960.909678,723.1803756,734.331033,744.9236848,723.1803756,1985.0429,3592.853475,2265.346806,2004.091851,4297.408622,2265.346806,2054.389539,5324.744442,2265.346806,2123.822541,3374.073725,2265.346806,344.4005404,342.6774601,0.001001968,0.001005531,0.001008742,0.001011081,996.2891232,996.2891232,996.2891232,3654.654851,3654.654851,3654.654851,3654.654851,3654.654851
7/5/2007,904.8540917,1898.10397,986.9454829,949.8491132,960.909678,986.9454829,3166.483792,3585.415584,3637.985544,3131.542837,3592.853475,3637.985544,3020.762218,4297.408622,3637.985544,2954.677041,5324.744442,3637.985544,408.9315302,406.8258829,0.001001968,0.001005531,0.001008742,0.001011081,958.4803896,958.4803896,958.4803896,3503.266223,3503.266223,3503.266223,3503.266223,3503.266223
7/6/2007,2016.817529,2498.430042,2223.470197,1907.681817,1898.10397,2223.470197,5860.463157,3270.245188,6822.633105,5566.471067,3585.415584,6822.633105,5229.442555,3592.853475,6822.633105,4701.921881,4297.408622,6822.633105,923.6393224,918.243004,0.001001968,0.001005531,0.001008742,0.001011081,992.4109661,992.4109661,992.4109661,3428.413784,3428.413784,3428.413784,3428.413784,3428.413784
7/7/2007,2203.770509,1470.697348,2494.876234,2508.042084,2498.430042,2494.876234,5051.3054,3267.61629,5942.38685,5136.70895,3270.245188,5942.38685,5134.713878,3585.415584,5942.38685,4394.000968,3592.853475,5942.38685,1320.225547,1312.11065,0.001001968,0.001005531,0.001008742,0.001011081,1136.266392,1136.266392,1136.266392,3494.165818,3494.165818,3494.165818,3494.165818,3494.165818
7/8/2007,1182.329055,905.971989,1309.763322,1472.113762,1470.697348,1309.763322,2943.877322,3176.082877,3396.20112,3132.275646,3267.61629,3396.20112,3554.962224,3270.245188,3396.20112,4109.762185,3585.415584,3396.20112,635.6325408,632.1210716,0.001001968,0.001005531,0.001008742,0.001011081,1251.640448,1251.640448,1251.640448,3634.795719,3634.795719,3634.795719,3634.795719,3634.795719
7/9/2007,780.5367807,877.0479906,834.1051852,906.1758841,905.971989,834.1051852,1876.448321,3066.931685,2098.017,1958.509989,3176.082877,2098.017,2198.992214,3267.61629,2098.017,2911.550757,3270.245188,2098.017,284.6081883,283.2303771,0.001001968,0.001005531,0.001008742,0.001011081,1293.272984,1293.272984,1293.272984,3741.666671,3741.666671,3741.666671,3741.666671,3741.666671
7/10/2007,812.6009135,967.6416885,877.6741351,877.215041,877.0479906,877.6741351,2064.334179,2640.25498,2334.594294,2074.801929,3066.931685,2334.594294,2202.25663,3176.082877,2334.594294,2383.169896,3267.61629,2334.594294,346.681568,344.94513,0.001001968,0.001005531,0.001008742,0.001011081,1319.660743,1319.660743,1319.660743,3787.872017,3787.872017,3787.872017,3787.872017,3787.872017
7/11/2007,857.6655371,998.5250291,941.277236,964.5529935,967.6416885,941.277236,2697.788308,2396.958495,3100.807522,2727.249273,2640.25498,3100.807522,2775.583191,3066.931685,3100.807522,2805.056253,3176.082877,3100.807522,440.0153633,437.7222459,0.001001968,0.001005531,0.001008742,0.001011081,1351.009922,1351.009922,1351.009922,3882.526069,3882.526069,3882.526069,3882.526069,3882.526069
7/12/2007,836.8276828,854.4322121,924.8905135,999.6735393,998.5250291,924.8905135,2733.999262,2176.226919,3153.593624,2816.303669,2396.958495,3153.593624,2848.584156,2640.25498,3153.593624,2874.811428,3066.931685,3153.593624,458.8914618,456.4835784,0.001001968,0.001005531,0.001008742,0.001011081,1375.891128,1375.891128,1375.891128,3840.112116,3840.112116,3840.112116,3840.112116,3840.112116
7/13/2007,854.951659,909.6046677,930.5200401,856.7395698,854.4322121,930.5200401,2619.117497,2192.0473,2998.7508,2549.072485,2176.226919,2998.7508,2666.198833,2396.958495,2998.7508,2784.26743,2640.25498,2998.7508,400.1562423,398.1031616,0.001001968,0.001005531,0.001008742,0.001011081,1298.65809,1298.65809,1298.65809,3492.332227,3492.332227,3492.332227,3492.332227,3492.332227
7/14/2007,779.9555078,725.7987864,864.3944122,909.9104312,909.6046677,864.3944122,2163.971866,2079.198443,2488.682511,2223.73751,2192.0473,2488.682511,2271.445494,2176.226919,2488.682511,2338.686066,2396.958495,2488.682511,449.4305458,447.0802689,0.001001968,0.001005531,0.001008742,0.001011081,1099.920723,1099.920723,1099.920723,3162.285864,3162.285864,3162.285864,3162.285864,3162.285864
7/15/2007,667.5090376,788.089653,726.3163905,725.559927,725.7987864,726.3163905,1911.310619,2615.614348,2174.176,1917.362752,2079.198443,2174.176,2007.309112,2192.0473,2174.176,2164.83032,2176.226919,2174.176,324.4084489,322.8018809,0.001001968,0.001005531,0.001008742,0.001011081,953.423255,953.423255,953.423255,2893.218171,2893.218171,2893.218171,2893.218171,2893.218171
7/16/2007,678.4034739,672.7854636,748.8917256,788.4274548,788.089653,748.8917256,1770.464019,2055.711511,2020.231784,1824.683203,2615.614348,2020.231784,1867.576073,2079.198443,2020.231784,1879.902407,2192.0473,2020.231784,382.7511123,380.8018047,0.001001968,0.001005531,0.001008742,0.001011081,905.5485675,905.5485675,905.5485675,2707.352518,2707.352518,2707.352518,2707.352518,2707.352518
7/17/2007,623.2524541,776.4386379,677.6894957,669.3105836,672.7854636,677.6894957,1830.825674,1932.952529,2081.662682,1828.023201,2055.711511,2081.662682,1894.499452,2615.614348,2081.662682,2010.181597,2079.198443,2081.662682,302.8954649,301.4130972,0.001001968,0.001005531,0.001008742,0.001011081,868.3400402,868.3400402,868.3400402,2624.223298,2624.223298,2624.223298,2624.223298,2624.223298
7/18/2007,679.5222493,790.0227097,747.6887957,777.3335677,776.4386379,747.6887957,1898.951373,1863.438109,2155.228652,1944.280991,1932.952529,2155.228652,1952.894463,2055.711511,2155.228652,1825.752309,2615.614348,2155.228652,368.2003508,366.3372814,0.001001968,0.001005531,0.001008742,0.001011081,835.4067295,835.4067295,835.4067295,2503.701955,2503.701955,2503.701955,2503.701955,2503.701955
7/19/2007,761.8646242,788.7381546,829.9889463,790.2560852,790.0227097,829.9889463,2418.499401,2896.401749,2765.543991,2382.144975,1863.438109,2765.543991,2396.77072,1932.952529,2765.543991,2488.434378,2055.711511,2765.543991,365.8276507,363.9785977,0.001001968,0.001005531,0.001008742,0.001011081,805.042514,805.042514,805.042514,2441.308486,2441.308486,2441.308486,2441.308486,2441.308486
7/20/2007,649.0067192,468.1364288,700.9966377,789.8948356,788.7381546,700.9966377,1718.925655,2901.952318,1934.237751,1818.427242,2896.401749,1934.237751,1757.176884,1863.438109,1934.237751,1845.779981,1932.952529,1934.237751,275.9850473,274.6561948,0.001001968,0.001005531,0.001008742,0.001011081,770.9523595,770.9523595,770.9523595,2295.406202,2295.406202,2295.406202,2295.406202,2295.406202
7/21/2007,464.6172751,631.4106365,470.9988682,470.2782319,468.1364288,470.9988682,1464.181663,6889.706948,1602.390211,1455.591819,2901.952318,1602.390211,1479.334134,2896.401749,1602.390211,1718.867784,1863.438109,1602.390211,0.001000564,0.001006515,0.001001968,0.001005531,0.001008742,0.001011081,715.1113293,715.1113293,715.1113293,2218.12117,2218.12117,2218.12117,2218.12117,2218.12117
7/22/2007,874.387828,1626.78896,934.4124095,631.7219897,631.4106365,934.4124095,1851.245774,5926.412411,2067.372887,1561.023975,6889.706948,2067.372887,1766.589074,2901.952318,2067.372887,1496.765781,2896.401749,2067.372887,329.013267,327.3799532,0.001001968,0.001005531,0.001008742,0.001011081,716.9966806,716.9966806,716.9966806,2159.685617,2159.685617,2159.685617,2159.685617,2159.685617
7/23/2007,1365.223039,3252.12091,1575.227005,1608.150513,1626.78896,1575.227005,3377.09837,6067.737206,4000.201075,3460.435779,5926.412411,4000.201075,3348.536455,6889.706948,4000.201075,2840.751126,2901.952318,4000.201075,1027.134357,1021.040503,0.001001968,0.001005531,0.001008742,0.001011081,795.2160371,795.2160371,795.2160371,2243.585504,2243.585504,2243.585504,2243.585504,2243.585504
7/24/2007,2938.756335,3157.139931,3331.424184,3257.499783,3252.12091,3331.424184,4995.584407,4449.02591,5834.82218,5081.806723,6067.737206,5834.82218,4375.816687,5926.412411,5834.82218,3287.343105,6889.706948,5834.82218,1624.716562,1614.442981,0.001001968,0.001005531,0.001008742,0.001011081,1014.438215,1014.438215,1014.438215,2402.430346,2402.430346,2402.430346,2402.430346,2402.430346
7/25/2007,3275.060091,3148.821434,3614.390678,3169.27518,3157.139931,3614.390678,7897.257174,4674.263937,9197.041417,7519.277072,4449.02591,9197.041417,7625.132931,6067.737206,9197.041417,7091.290363,5926.412411,9197.041417,1448.163012,1439.147685,0.001001968,0.001005531,0.001008742,0.001011081,1348.4218,1348.4218,1348.4218,3281.291087,3281.291087,3281.291087,3281.291087,3281.291087
7/26/2007,2615.472055,1861.253328,3034.901206,3149.541379,3148.821434,3034.901206,5431.180411,4705.718782,6493.718853,5665.128575,4674.263937,6493.718853,6467.884287,4449.02591,6493.718853,5978.465694,6067.737206,6493.718853,1892.903865,1880.688205,0.001001968,0.001005531,0.001008742,0.001011081,1750.631825,1750.631825,1750.631825,3895.566276,3895.566276,3895.566276,3895.566276,3895.566276
7/27/2007,1358.910058,2120.084038,1526.771891,1846.39579,1861.253328,1526.771891,3842.737237,6133.518974,4485.194751,4188.678727,4705.718782,4485.194751,4531.953785,4674.263937,4485.194751,6185.316932,4449.02591,4485.194751,829.4057383,824.6359546,0.001001968,0.001005531,0.001008742,0.001011081,1947.646117,1947.646117,1947.646117,4413.416698,4413.416698,4413.416698,4413.416698,4413.416698
7/28/2007,2416.318986,3744.739257,2583.681089,2123.907469,2120.084038,2583.681089,3375.140522,5494.452283,3677.494764,2997.913897,6133.518974,3677.494764,2760.297949,4705.718782,3677.494764,2805.840792,4674.263937,3677.494764,719.8289314,715.7761247,0.001001968,0.001005531,0.001008742,0.001011081,2127.690649,2127.690649,2127.690649,4696.173644,4696.173644,4696.173644,4696.173644,4696.173644
7/29/2007,3542.276945,2968.781803,3943.050416,3744.948054,3744.739257,3943.050416,5832.380352,4120.261272,6742.06029,5774.44555,5494.452283,6742.06029,5506.085876,6133.518974,6742.06029,4252.520266,4705.718782,6742.06029,1740.569942,1729.4617,0.001001968,0.001005531,0.001008742,0.001011081,2463.582804,2463.582804,2463.582804,5143.265844,5143.265844,5143.265844,5143.265844,5143.265844
7/30/2007,2368.619184,1717.400365,2675.160378,2971.076475,2968.781803,2675.160378,4710.922095,3280.456098,5498.735711,5099.126145,4120.261272,5498.735711,5790.742733,5494.452283,5498.735711,5615.692373,6133.518974,5498.735711,1409.006148,1400.267472,0.001001968,0.001005531,0.001008742,0.001011081,2757.956725,2757.956725,2757.956725,5548.901463,5548.901463,5548.901463,5548.901463,5548.901463
7/31/2007,1474.396591,1452.189027,1591.389601,1725.137544,1717.400365,1591.389601,3952.649016,2911.243049,4498.267042,4098.946213,3280.456098,4498.267042,4581.930324,4120.261272,4498.267042,5951.831245,5494.452283,4498.267042,588.9469641,585.7316347,0.001001968,0.001005531,0.001008742,0.001011081,2743.870327,2743.870327,2743.870327,5968.436725,5968.436725,5968.436725,5968.436725,5968.436725
8/1/2007,1195.269749,1166.905658,1298.646841,1452.77909,1452.189027,1298.646841,2803.216061,2813.057769,3188.81192,2976.369247,2911.243049,3188.81192,3253.085604,3280.456098,3188.81192,3915.895875,4120.261272,3188.81192,534.4235672,531.5500804,0.001001968,0.001005531,0.001008742,0.001011081,2541.691957,2541.691957,2541.691957,5422.051475,5422.051475,5422.051475,5422.051475,5422.051475
8/2/2007,991.194879,1062.016086,1072.991194,1167.098888,1166.905658,1072.991194,2562.08057,2612.454092,2909.08265,2667.06747,2813.057769,2909.08265,2899.748843,2911.243049,2909.08265,3242.48737,3280.456098,2909.08265,434.9956836,432.7329708,0.001001968,0.001005531,0.001008742,0.001011081,2221.936259,2221.936259,2221.936259,4911.689418,4911.689418,4911.689418,4911.689418,4911.689418
8/3/2007,926.3392735,1097.494573,1007.45012,1058.789361,1062.016086,1007.45012,2308.34786,2744.177592,2621.944864,2373.62766,2612.454092,2621.944864,2532.251661,2813.057769,2621.944864,2757.13319,2911.243049,2621.944864,433.9253695,431.6691333,0.001001968,0.001005531,0.001008742,0.001011081,2091.226246,2091.226246,2091.226246,4513.997453,4513.997453,4513.997453,4513.997453,4513.997453
8/4/2007,999.1937149,1165.708255,1096.149602,1098.760516,1097.494573,1096.149602,2340.57136,3258.700178,2668.548902,2365.352123,2744.177592,2668.548902,2474.194516,2612.454092,2668.548902,2519.622029,2813.057769,2668.548902,509.7644094,507.0439972,0.001001968,0.001005531,0.001008742,0.001011081,2000.548429,2000.548429,2000.548429,4316.454255,4316.454255,4316.454255,4316.454255,4316.454255
8/5/2007,1019.25526,999.3501271,1129.536961,1167.971899,1165.708255,1129.536961,2391.274071,7660.662538,2748.891159,2454.727283,3258.700178,2748.891159,2527.604299,2744.177592,2748.891159,2570.930456,2612.454092,2748.891159,573.0663007,569.9510001,0.001001968,0.001005531,0.001008742,0.001011081,1716.577932,1716.577932,1716.577932,3976.082214,3976.082214,3976.082214,3976.082214,3976.082214
8/6/2007,894.4743538,1111.196783,980.3927633,999.6689769,999.3501271,980.3927633,2124.94732,4024.914603,2421.760755,2162.949643,7660.662538,2421.760755,2274.746182,3258.700178,2421.760755,2406.616633,2744.177592,2421.760755,458.998058,456.5895246,0.001001968,0.001005531,0.001008742,0.001011081,1382.049009,1382.049009,1382.049009,3546.554581,3546.554581,3546.554581,3546.554581,3546.554581
8/7/2007,932.809405,1529.957128,1030.881951,1065.743862,1111.196783,1030.881951,2282.47435,4566.941822,2619.306162,2338.311898,4024.914603,2619.306162,2397.954947,7660.662538,2619.306162,2422.994291,3258.700178,2619.306162,515.4628821,512.7071845,0.001001968,0.001005531,0.001008742,0.001011081,1226.601621,1226.601621,1226.601621,3047.554482,3047.554482,3047.554482,3047.554482,3047.554482
8/8/2007,1542.170868,2744.529642,1705.148409,1539.138696,1529.957128,1705.148409,5136.375599,6800.695839,5816.473047,5042.522866,4566.941822,5816.473047,5084.362219,4024.914603,5816.473047,3993.577996,7660.662538,5816.473047,784.7345011,780.2585967,0.001001968,0.001005531,0.001008742,0.001011081,1187.487884,1187.487884,1187.487884,2944.303685,2944.303685,2944.303685,2944.303685,2944.303685
8/9/2007,2287.475086,3350.859801,2568.575552,2402.022909,2744.529642,2568.575552,7592.265459,7088.320014,8863.131939,7458.912326,6800.695839,8863.131939,7267.081842,4566.941822,8863.131939,7192.632879,4024.914603,8863.131939,1293.650685,1285.721531,0.001001968,0.001005531,0.001008742,0.001011081,1286.197234,1286.197234,1286.197234,3644.562146,3644.562146,3644.562146,3644.562146,3644.562146
8/10/2007,2663.128184,3363.396898,2975.503064,2935.242645,3350.859801,2975.503064,4603.568065,5642.038859,5248.291709,4704.346668,7088.320014,5248.291709,4791.214516,6800.695839,5248.291709,4088.203364,4566.941822,5248.291709,1302.884406,1294.890765,0.001001968,0.001005531,0.001008742,0.001011081,1515.276772,1515.276772,1515.276772,3922.001609,3922.001609,3922.001609,3922.001609,3922.001609
8/11/2007,3956.604619,4090.133099,4348.482882,3718.050863,3363.396898,4348.482882,6058.46414,4734.104721,6838.094024,5615.509642,5642.038859,6838.094024,5730.382975,7088.320014,6838.094024,5084.225963,6800.695839,6838.094024,1482.751352,1473.4909,0.001001968,0.001005531,0.001008742,0.001011081,1858.304738,1858.304738,1858.304738,4379.299899,4379.299899,4379.299899,4379.299899,4379.299899
8/12/2007,3698.682616,2602.356445,4229.520502,4305.57102,4090.133099,4229.520502,6602.64035,3962.201632,7797.320523,6863.175072,4734.104721,7797.320523,7113.722599,5642.038859,7797.320523,6726.998425,7088.320014,7797.320523,2233.161335,2218.435526,0.001001968,0.001005531,0.001008742,0.001011081,2278.218786,2278.218786,2278.218786,5010.390341,5010.390341,5010.390341,5010.390341,5010.390341
8/13/2007,1941.455224,1335.739892,2174.207626,2624.018538,2602.356445,2174.207626,4640.501671,2595.086891,5399.954095,5145.861977,3962.201632,5399.954095,5612.421258,4734.104721,5399.954095,7011.617665,5642.038859,5399.954095,1076.304944,1069.876518,0.001001968,0.001005531,0.001008742,0.001011081,2545.60945,2545.60945,2545.60945,5595.135934,5595.135934,5595.135934,5595.135934,5595.135934
8/14/2007,1118.386399,1293.343219,1186.095924,1346.646049,1335.739892,1186.095924,2323.116228,2681.94177,2563.134846,2504.347184,2595.086891,2563.134846,3048.76722,3962.201632,2563.134846,4152.65315,4734.104721,2563.134846,328.6623079,327.0310345,0.001001968,0.001005531,0.001008742,0.001011081,2659.066745,2659.066745,2659.066745,5945.587413,5945.587413,5945.587413,5945.587413,5945.587413
8/15/2007,1146.096639,1304.029073,1242.371962,1300.818638,1293.343219,1242.371962,2658.385441,3639.287434,3006.170353,2740.211394,2681.94177,3006.170353,2984.426277,2595.086891,3006.170353,3421.821138,3962.201632,3006.170353,476.7169543,474.2000844,0.001001968,0.001005531,0.001008742,0.001011081,2672.661574,2672.661574,2672.661574,5963.437268,5963.437268,5963.437268,5963.437268,5963.437268
8/16/2007,1076.740473,941.3192502,1173.130092,1224.154633,1304.029073,1173.130092,2834.397569,3425.059212,3228.650522,2902.530797,3639.287434,3228.650522,3032.798375,2681.94177,3228.650522,3277.697122,2595.086891,3228.650522,482.6248963,480.0717784,0.001001968,0.001005531,0.001008742,0.001011081,2566.347881,2566.347881,2566.347881,5239.058851,5239.058851,5239.058851,5239.058851,5239.058851
8/17/2007,837.3930352,855.1575784,877.2143208,941.3684711,941.3192502,877.2143208,1795.190479,4579.421524,1958.260206,1872.625362,3425.059212,1958.260206,1938.401633,3639.287434,1958.260206,2274.241326,2681.94177,1958.260206,173.0773107,172.3124941,0.001001968,0.001005531,0.001008742,0.001011081,2313.235796,2313.235796,2313.235796,4890.423904,4890.423904,4890.423904,4890.423904,4890.423904
8/18/2007,1080.163683,1715.993961,1129.098631,918.6233774,855.1575784,1129.098631,2359.390254,7128.20886,2597.530784,2164.692609,4579.421524,2597.530784,2266.211556,3425.059212,2597.530784,2202.861392,3639.287434,2597.530784,225.3326581,224.2864927,0.001001968,0.001005531,0.001008742,0.001011081,1949.778111,1949.778111,1949.778111,4432.584526,4432.584526,4432.584526,4432.584526,4432.584526
8/19/2007,1560.12562,1544.995014,1743.439452,1733.405093,1715.993961,1743.439452,3747.519695,7655.134765,4355.213054,3778.24269,7128.20886,4355.213054,3689.771008,4579.421524,4355.213054,3332.22711,3425.059212,4355.213054,883.8304556,878.6998665,0.001001968,0.001005531,0.001008742,0.001011081,1580.162455,1580.162455,1580.162455,3912.435545,3912.435545,3912.435545,3912.435545,3912.435545
8/20/2007,1192.647263,2084.299205,1321.477408,1441.861321,1544.995014,1321.477408,3214.020761,6015.653997,3707.082042,3359.607498,7655.134765,3707.082042,3481.175777,7128.20886,3707.082042,3504.057301,4579.421524,3707.082042,644.838265,641.2680494,0.001001968,0.001005531,0.001008742,0.001011081,1373.389925,1373.389925,1373.389925,3462.630007,3462.630007,3462.630007,3462.630007,3462.630007
8/21/2007,1492.52412,2734.955803,1654.598689,1660.130161,2084.299205,1654.598689,4595.006845,4735.266372,5290.495097,4642.647166,6015.653997,5290.495097,4763.602697,7655.134765,5290.495097,4241.928756,7128.20886,5290.495097,759.037858,754.7300304,0.001001968,0.001005531,0.001008742,0.001011081,1346.191684,1346.191684,1346.191684,3454.035342,3454.035342,3454.035342,3454.035342,3454.035342
8/22/2007,2689.260958,2130.293234,3021.350415,2942.775963,2734.955803,3021.350415,7882.604814,5252.780022,9206.642965,7892.79075,4735.266372,9206.642965,7798.495457,6015.653997,9206.642965,6870.527695,7655.134765,9206.642965,1326.011159,1317.855763,0.001001968,0.001005531,0.001008742,0.001011081,1513.801154,1513.801154,1513.801154,4038.672825,4038.672825,4038.672825,4038.672825,4038.672825
8/23/2007,2113.133964,1576.46883,2341.909036,2291.42702,2130.293234,2341.909036,6918.888482,6209.139304,8052.939424,6895.621573,5252.780022,8052.939424,7083.81771,4735.266372,8052.939424,7741.511307,6015.653997,8052.939424,976.3591274,970.6086573,0.001001968,0.001005531,0.001008742,0.001011081,1668.907285,1668.907285,1668.907285,4747.753207,4747.753207,4747.753207,4747.753207,4747.753207
8/24/2007,1425.193089,1182.187509,1570.382791,1595.540444,1576.46883,1570.382791,3933.258483,4155.821324,4515.789815,3987.868015,6209.139304,4515.789815,4313.566656,5252.780022,4515.789815,5027.404736,4735.266372,4515.789815,683.0193163,679.20427,0.001001968,0.001005531,0.001008742,0.001011081,1788.432203,1788.432203,1788.432203,5214.570157,5214.570157,5214.570157,5214.570157,5214.570157
8/25/2007,1050.82579,1011.879815,1134.14583,1191.295156,1182.187509,1134.14583,2975.366568,3381.77167,3361.218483,3047.517026,4155.821324,3361.218483,3193.96049,6209.139304,3361.218483,3791.342573,5252.780022,3361.218483,404.2686332,402.1909382,0.001001968,0.001005531,0.001008742,0.001011081,1831.524285,1831.524285,1831.524285,5429.774724,5429.774724,5429.774724,5429.774724,5429.774724
8/26/2007,887.8921829,1011.917747,950.3923301,1018.091847,1011.879815,950.3923301,4215.570804,3049.111901,4826.654674,4287.136292,3381.77167,4826.654674,4392.840705,4155.821324,4826.654674,4298.719524,6209.139304,4826.654674,305.576498,304.0787212,0.001001968,0.001005531,0.001008742,0.001011081,1770.061232,1770.061232,1770.061232,5637.596896,5637.596896,5637.596896,5637.596896,5637.596896
8/27/2007,948.6824376,1103.240133,1025.944005,1016.241691,1011.917747,1025.944005,5044.251452,2845.577412,5852.283144,4999.56371,3049.111901,5852.283144,5057.379391,3381.77167,5852.283144,5586.497693,4155.821324,5852.283144,383.5852359,381.6309703,0.001001968,0.001005531,0.001008742,0.001011081,1714.963778,1714.963778,1714.963778,5988.772912,5988.772912,5988.772912,5988.772912,5988.772912
8/28/2007,985.1261801,957.0846117,1084.629241,1106.280074,1103.240133,1084.629241,3197.606188,2724.536768,3673.181471,3231.755141,2845.577412,3673.181471,3302.887608,3049.111901,3673.181471,3331.334032,3381.77167,3673.181471,496.170906,493.5344455,0.001001968,0.001005531,0.001008742,0.001011081,1638.545456,1638.545456,1638.545456,5822.898318,5822.898318,5822.898318,5822.898318,5822.898318
8/29/2007,846.5093764,856.812275,923.3941302,959.2335269,957.0846117,923.3941302,2774.85695,2627.015125,3169.086531,2818.563005,2724.536768,3169.086531,2891.596992,2845.577412,3169.086531,3099.128716,3049.111901,3169.086531,389.4864879,387.4971009,0.001001968,0.001005531,0.001008742,0.001011081,1401.363049,1401.363049,1401.363049,5153.703015,5153.703015,5153.703015,5153.703015,5153.703015
8/30/2007,778.2996764,834.2748897,844.2593818,858.3294593,856.812275,844.2593818,2394.669729,2492.818015,2718.041255,2417.763592,2627.015125,2718.041255,2496.907835,2724.536768,2718.041255,2640.444305,2845.577412,2718.041255,337.5391062,335.8561282,0.001001968,0.001005531,0.001008742,0.001011081,1190.03204,1190.03204,1190.03204,4409.277162,4409.277162,4409.277162,4409.277162,4409.277162
8/31/2007,760.2006987,810.5988248,826.2431724,835.334226,834.2748897,826.2431724,2361.961334,2415.643328,2679.461804,2380.617025,2492.818015,2679.461804,2438.228506,2627.015125,2679.461804,2502.521894,2724.536768,2679.461804,340.0041397,338.3067682,0.001001968,0.001005531,0.001008742,0.001011081,1050.816176,1050.816176,1050.816176,3997.955002,3997.955002,3997.955002,3997.955002,3997.955002
9/1/2007,738.5348631,784.5516533,803.3296323,811.3222711,810.5988248,803.3296323,2271.480068,2348.371968,2583.238856,2287.930579,2415.643328,2583.238856,2338.647786,2492.818015,2583.238856,2456.66323,2627.015125,2583.238856,335.5278895,333.8566439,0.001001968,0.001005531,0.001008742,0.001011081,984.0875321,984.0875321,984.0875321,3784.520015,3784.520015,3784.520015,3784.520015,3784.520015
9/2/2007,715.0115107,760.5074732,777.7810202,785.0310025,784.5516533,777.7810202,2181.906838,2289.219889,2480.459734,2197.528472,2348.371968,2480.459734,2246.043969,2415.643328,2480.459734,2317.38836,2492.818015,2480.459734,326.9237165,325.3025461,0.001001968,0.001005531,0.001008742,0.001011081,943.998303,943.998303,943.998303,3448.648053,3448.648053,3448.648053,3448.648053,3448.648053
9/3/2007,693.1356655,737.6442001,754.0579154,760.813361,760.5074732,754.0579154,2111.650002,2239.651923,2399.821537,2126.570004,2289.219889,2399.821537,2173.159874,2348.371968,2399.821537,2237.367389,2415.643328,2399.821537,319.0318364,317.4564262,0.001001968,0.001005531,0.001008742,0.001011081,899.3277005,899.3277005,899.3277005,2948.6294,2948.6294,2948.6294,2948.6294,2948.6294
9/4/2007,672.4244243,716.057846,731.5752586,737.8242944,737.6442001,731.5752586,2055.226364,2179.04789,2334.874703,2069.657949,2239.651923,2334.874703,2114.147071,2289.219889,2334.874703,2172.485957,2348.371968,2334.874703,311.3743293,309.8431614,0.001001968,0.001005531,0.001008742,0.001011081,846.2000449,846.2000449,846.2000449,2728.146506,2728.146506,2728.146506,2728.146506,2728.146506
9/5/2007,652.8617423,695.4981208,710.3419227,716.1469446,716.057846,710.3419227,2009.298157,2124.874485,2281.01322,2023.074147,2179.04789,2281.01322,2065.851285,2239.651923,2281.01322,2115.835448,2289.219889,2281.01322,304.1036605,302.6143513,0.001001968,0.001005531,0.001008742,0.001011081,808.248198,808.248198,808.248198,2594.302288,2594.302288,2594.302288,2594.302288,2594.302288
9/6/2007,634.2278732,675.8182186,690.1077864,695.5250594,695.4981208,690.1077864,1953.05541,2255.964783,2217.130927,1966.029542,2124.874485,2217.130927,2007.135675,2179.04789,2217.130927,2069.045126,2239.651923,2217.130927,297.0855188,295.636474,0.001001968,0.001005531,0.001008742,0.001011081,780.2753333,780.2753333,780.2753333,2494.417334,2494.417334,2494.417334,2494.417334,2494.417334
9/7/2007,616.396554,658.6220985,670.7345754,675.8066687,675.8182186,670.7345754,1908.888672,1373.792509,2166.007168,1921.19121,2255.964783,2166.007168,1960.817129,2124.874485,2166.007168,2011.1705,2179.04789,2166.007168,290.2750067,288.8649,0.001001968,0.001005531,0.001008742,0.001011081,755.9158623,755.9158623,755.9158623,2413.060686,2413.060686,2413.060686,2413.060686,2413.060686
9/8/2007,599.2681514,561.927818,652.1144888,656.8772199,658.6220985,652.1144888,1878.522297,752.1335059,2129.474057,1890.295747,1373.792509,2129.474057,1928.777085,2255.964783,2129.474057,1965.487572,2124.874485,2129.474057,283.643605,282.2712815,0.001001968,0.001005531,0.001008742,0.001011081,732.9831653,732.9831653,732.9831653,2347.242162,2347.242162,2347.242162,2347.242162,2347.242162
9/9/2007,505.7332617,560.4013301,538.2237766,562.2393281,561.927818,538.2237766,1851.71534,602.3507409,2076.576229,1877.69375,752.1335059,2076.576229,1875.577754,1373.792509,2076.576229,1929.049528,2255.964783,2076.576229,174.1881225,173.4174525,0.001001968,0.001005531,0.001008742,0.001011081,696.8941245,696.8941245,696.8941245,2293.208542,2293.208542,2293.208542,2293.208542,2293.208542
9/10/2007,606.0952025,432.7017356,640.5235487,561.5228483,560.4013301,640.5235487,1988.412678,4235.482973,2231.423322,1907.499636,602.3507409,2231.423322,1923.469764,752.1335059,2231.423322,2019.144256,1373.792509,2231.423322,184.4456168,183.6206147,0.001001968,0.001005531,0.001008742,0.001011081,667.7487989,667.7487989,667.7487989,2266.083836,2266.083836,2266.083836,2266.083836,2266.083836
9/11/2007,186.4063136,402.0641436,191.4494189,422.2615326,432.7017356,191.4494189,906.1549306,4149.241587,976.172029,1136.56252,4235.482973,976.172029,1084.21824,602.3507409,976.172029,1245.583268,752.1335059,976.172029,0.001000564,0.001006515,0.001001968,0.001005531,0.001008742,0.001011081,614.7694765,614.7694765,614.7694765,2125.243402,2125.243402,2125.243402,2125.243402,2125.243402
9/12/2007,685.0817763,862.4576948,696.9682976,404.3170661,402.0641436,696.9682976,965.542955,4984.355698,994.1130222,689.8469904,4149.241587,994.1130222,728.5006576,4235.482973,994.1130222,602.3518883,602.3507409,994.1130222,0.001000564,0.001006515,0.001001968,0.001005531,0.001008742,0.001011081,577.6925143,577.6925143,577.6925143,1917.738379,1917.738379,1917.738379,1917.738379,1917.738379
9/13/2007,2516.941823,6316.296731,2554.785209,869.3759888,862.4576948,2554.785209,2691.792255,4867.498519,2747.055368,1029.664214,4984.355698,2747.055368,772.21141,4149.241587,2747.055368,726.4054525,4235.482973,2747.055368,178.3972176,177.6043133,0.001001968,0.001005531,0.001008742,0.001011081,559.3058722,559.3058722,559.3058722,1679.670246,1679.670246,1679.670246,1679.670246,1679.670246
9/14/2007,5048.488738,2586.609267,6027.784434,6314.857296,6316.296731,6027.784434,7813.259681,4447.861896,9713.748317,8427.535796,4867.498519,9713.748317,7825.470747,4984.355698,9713.748317,3693.187428,4149.241587,9713.748317,4107.34591,4078.130446,0.001001968,0.001005531,0.001008742,0.001011081,1143.043417,1143.043417,1143.043417,1993.447798,1993.447798,1993.447798,1993.447798,1993.447798
9/15/2007,1579.165177,1076.569755,1705.776434,2586.313211,2586.609267,1705.776434,4586.323198,3230.601064,5268.514962,5467.855113,4447.861896,5268.514962,5757.100176,4867.498519,5268.514962,7813.267565,4984.355698,5268.514962,629.137592,625.6675021,0.001001968,0.001005531,0.001008742,0.001011081,1450.965913,1450.965913,1450.965913,2531.093899,2531.093899,2531.093899,2531.093899,2531.093899
9/16/2007,1004.982996,1626.052283,1012.340867,1077.684396,1076.569755,1012.340867,1160.228483,2847.7453,1172.610161,1234.297797,3230.601064,1172.610161,2114.511815,4447.861896,1172.610161,3006.202249,4867.498519,1172.610161,0.001000564,0.001006515,0.001001968,0.001005531,0.001008742,0.001011081,1651.683332,1651.683332,1651.683332,3113.319786,3113.319786,3113.319786,3113.319786,3113.319786
9/17/2007,1454.02849,1441.358909,1590.239146,1626.328495,1626.052283,1590.239146,3140.889035,2638.328205,3608.057754,3207.60856,2847.7453,3608.057754,3440.094517,3230.601064,3608.057754,3678.01495,4447.861896,3608.057754,682.2989843,678.4885742,0.001001968,0.001005531,0.001008742,0.001011081,1820.724052,1820.724052,1820.724052,3321.658283,3321.658283,3321.658283,3321.658283,3321.658283
9/18/2007,1185.454795,1012.010762,1292.937479,1441.271357,1441.358909,1292.937479,3286.036361,2396.302114,3772.042019,3444.552231,2638.328205,3772.042019,3556.744286,2847.7453,3772.042019,3885.831952,3230.601064,3772.042019,551.9408099,548.9579909,0.001001968,0.001005531,0.001008742,0.001011081,1979.543379,1979.543379,1979.543379,3611.461595,3611.461595,3611.461595,3611.461595,3611.461595
9/19/2007,866.9593724,890.8815031,919.2164524,1011.936112,1012.010762,919.2164524,2125.554172,2266.143533,2375.998226,2224.138154,2396.302114,2375.998226,2408.599529,2638.328205,2375.998226,2761.221075,2847.7453,2375.998226,283.1565559,281.7870022,0.001001968,0.001005531,0.001008742,0.001011081,2079.55637,2079.55637,2079.55637,3920.207802,3920.207802,3920.207802,3920.207802,3920.207802
9/20/2007,795.286008,844.5526896,843.6266026,890.8396476,890.8815031,843.6266026,1970.667404,2130.416947,2198.810281,2023.770103,2266.143533,2198.810281,2149.500376,2396.302114,2198.810281,2346.511585,2638.328205,2198.810281,264.3991695,263.1357339,0.001001968,0.001005531,0.001008742,0.001011081,2138.462216,2138.462216,2138.462216,4212.985166,4212.985166,4212.985166,4212.985166,4212.985166
9/21/2007,761.469991,795.8155384,811.3786788,844.5435158,844.5526896,811.3786788,2021.713412,2044.69,2270.524727,2059.196951,2130.416947,2270.524727,2137.574546,2266.143533,2270.524727,2270.049168,2396.302114,2270.524727,273.7889965,272.4725759,0.001001968,0.001005531,0.001008742,0.001011081,1584.897777,1584.897777,1584.897777,3923.207945,3923.207945,3923.207945,3923.207945,3923.207945
9/22/2007,720.8274977,745.4745572,769.0108606,795.8368425,795.8155384,769.0108606,1925.664113,1971.553112,2161.215323,1957.106721,2044.69,2161.215323,2020.501424,2130.416947,2161.215323,2107.677972,2266.143533,2161.215323,265.9893336,264.7169447,0.001001968,0.001005531,0.001008742,0.001011081,1300.863347,1300.863347,1300.863347,3394.807418,3394.807418,3394.807418,3394.807418,3394.807418
9/23/2007,673.7100081,694.5146917,718.5598057,745.5239078,745.4745572,718.5598057,1859.527791,1780.260092,2086.420829,1890.037399,1971.553112,2086.420829,1943.727344,2044.69,2086.420829,2024.465556,2130.416947,2086.420829,249.6549931,248.4741786,0.001001968,0.001005531,0.001008742,0.001011081,1132.985719,1132.985719,1132.985719,2815.971586,2815.971586,2815.971586,2815.971586,2815.971586
9/24/2007,637.7067844,692.158013,679.0833925,694.5931034,694.5146917,679.0833925,1755.31435,1202.287589,1965.550086,1773.969506,1780.260092,1965.550086,1825.388768,1971.553112,1965.550086,1906.707417,2044.69,1965.550086,232.3445671,231.259803,0.001001968,0.001005531,0.001008742,0.001011081,986.1337124,986.1337124,986.1337124,2578.102218,2578.102218,2578.102218,2578.102218,2578.102218
9/25/2007,635.8554339,661.9140387,680.7427039,692.2656751,692.158013,680.7427039,1724.219817,1023.718437,1935.43693,1740.669671,1202.287589,1935.43693,1784.47245,1780.260092,1935.43693,1822.983659,1971.553112,1935.43693,251.6524932,250.460528,0.001001968,0.001005531,0.001008742,0.001011081,874.7111085,874.7111085,874.7111085,2370.44547,2370.44547,2370.44547,2370.44547,2370.44547
9/26/2007,601.7815436,604.7615793,644.0714403,662.0394802,661.9140387,644.0714403,1686.391683,2165.196139,1892.285516,1708.423998,1023.718437,1892.285516,1745.747374,1202.287589,1892.285516,1794.0841,1780.260092,1892.285516,238.846714,237.7259961,0.001001968,0.001005531,0.001008742,0.001011081,804.4666957,804.4666957,804.4666957,2212.014009,2212.014009,2212.014009,2212.014009,2212.014009
9/27/2007,539.2056443,430.7210123,571.1317097,604.0955267,604.7615793,571.1317097,1533.71045,2417.121875,1700.87689,1570.501695,2165.196139,1700.87689,1586.791605,1023.718437,1700.87689,1622.59035,1202.287589,1700.87689,182.4663376,181.651858,0.001001968,0.001005531,0.001008742,0.001011081,749.2488484,749.2488484,749.2488484,2090.136988,2090.136988,2090.136988,2090.136988,2090.136988
9/28/2007,202.2381056,198.0658887,206.4340906,430.7637433,430.7210123,206.4340906,762.1460237,1999.785761,811.4703579,988.2320418,2417.121875,811.4703579,977.7897643,2165.196139,811.4703579,1142.1619,1023.718437,811.4703579,0.001000564,0.001006515,0.001001968,0.001005531,0.001008742,0.001011081,681.9115801,681.9115801,681.9115801,1928.254132,1928.254132,1928.254132,1928.254132,1928.254132
9/29/2007,777.5488068,2079.161142,781.562971,198.8793731,198.0658887,781.562971,1139.992968,2329.332013,1169.452301,559.7801099,1999.785761,1169.452301,790.0370136,2417.121875,1169.452301,841.7625205,2165.196139,1169.452301,0.001000564,0.001006515,0.001001968,0.001005531,0.001008742,0.001011081,624.225018,624.225018,624.225018,1754.66603,1754.66603,1754.66603,1754.66603,1754.66603
9/30/2007,1853.982883,1320.881013,2135.282917,2079.592902,2079.161142,2135.282917,3196.141717,2170.150705,3812.179931,3232.364253,2329.332013,3812.179931,2939.722166,1999.785761,3812.179931,1877.197871,2417.121875,3812.179931,1332.565203,1324.363903,0.001001968,0.001005531,0.001008742,0.001011081,731.3798561,731.3798561,731.3798561,1714.17476,1714.17476,1714.17476,1714.17476,1714.17476
10/1/2007,969.4516393,590.9297825,1075.33848,1321.096889,1320.881013,1075.33848,2628.438931,1844.386639,3033.564464,2890.94904,2170.150705,3033.564464,2938.165877,2329.332013,3033.564464,3233.670302,1999.785761,3033.564464,555.6909758,552.6846883,0.001001968,0.001005531,0.001008742,0.001011081,812.5976837,812.5976837,812.5976837,1806.794062,1806.794062,1806.794062,1806.794062,1806.794062
10/2/2007,499.4638677,596.4995235,512.680425,591.1521198,590.9297825,512.680425,906.2104126,1716.046024,950.2995957,988.512911,1844.386639,950.2995957,1247.683737,2170.150705,950.2995957,1716.894729,2329.332013,950.2995957,79.78885866,79.48909351,0.001001968,0.001005531,0.001008742,0.001011081,831.0818026,831.0818026,831.0818026,1888.531817,1888.531817,1888.531817,1888.531817,1888.531817
10/3/2007,540.8591497,590.5856628,569.1139774,596.7392567,596.4995235,569.1139774,1437.374822,1590.228854,1600.026311,1466.374318,1716.046024,1600.026311,1560.101388,1844.386639,1600.026311,1732.398916,2170.150705,1600.026311,167.8224816,167.0852722,0.001001968,0.001005531,0.001008742,0.001011081,831.0645504,831.0645504,831.0645504,1912.196672,1912.196672,1912.196672,1912.196672,1912.196672
10/4/2007,538.9210372,564.346142,571.7588774,590.8420624,590.5856628,571.7588774,1687.360401,1541.6209,1897.072259,1704.43903,1590.228854,1897.072259,1745.141524,1716.046024,1897.072259,1835.059741,1844.386639,1897.072259,193.4852933,192.6120056,0.001001968,0.001005531,0.001008742,0.001011081,833.3479524,833.3479524,833.3479524,1918.601253,1918.601253,1918.601253,1918.601253,1918.601253
10/5/2007,516.4095336,539.3154776,548.5528923,564.6090589,564.346142,548.5528923,1524.805998,1457.862775,1702.943589,1541.211802,1541.6209,1702.943589,1576.024529,1590.228854,1702.943589,1631.341832,1716.046024,1702.943589,190.2443943,189.3884602,0.001001968,0.001005531,0.001008742,0.001011081,856.0207029,856.0207029,856.0207029,1987.718885,1987.718885,1987.718885,1987.718885,1987.718885
10/6/2007,493.9267653,489.4009711,524.8899066,538.8308158,539.3154776,524.8899066,1448.095029,1201.27874,1617.034421,1462.859408,1457.862775,1617.034421,1494.74275,1541.6209,1617.034421,1542.801373,1590.228854,1617.034421,184.3260926,183.5017264,0.001001968,0.001005531,0.001008742,0.001011081,873.9838259,873.9838259,873.9838259,2079.809621,2079.809621,2079.809621,2079.809621,2079.809621
10/7/2007,440.4606567,445.3947234,465.1416332,489.9601431,489.4009711,465.1416332,1319.06893,2107.439165,1465.872722,1343.575029,1201.27874,1465.872722,1365.651928,1457.862775,1465.872722,1437.566473,1541.6209,1465.872722,149.4013758,148.7598071,0.001001968,0.001005531,0.001008742,0.001011081,727.669936,727.669936,727.669936,2030.524041,2030.524041,2030.524041,2030.524041,2030.524041
10/8/2007,429.6006708,523.2436337,451.1223853,444.2691485,445.3947234,451.1223853,1290.667106,5117.03549,1431.217622,1282.410189,2107.439165,1431.217622,1315.380096,1201.27874,1431.217622,1365.351811,1457.862775,1431.217622,132.2100677,131.6560096,0.001001968,0.001005531,0.001008742,0.001011081,609.9756413,609.9756413,609.9756413,1859.55523,1859.55523,1859.55523,1859.55523,1859.55523
10/9/2007,380.382878,1345.822716,404.4512836,460.9182316,523.2436337,404.4512836,1235.027566,10953.60337,1375.665392,1291.746783,5117.03549,1375.665392,1299.560745,2107.439165,1375.665392,1307.723983,1201.27874,1375.665392,146.9002964,146.2715689,0.001001968,0.001005531,0.001008742,0.001011081,555.3516548,555.3516548,555.3516548,1701.12932,1701.12932,1701.12932,1701.12932,1701.12932
10/10/2007,1232.423295,3956.799616,1277.585086,1050.460862,1345.822716,1277.585086,2142.656703,11248.82583,2282.826286,1948.035071,10953.60337,2282.826286,1408.538948,5117.03549,2282.826286,1146.249823,2107.439165,2282.826286,118.1657924,117.6818197,0.001001968,0.001005531,0.001008742,0.001011081,530.8055396,530.8055396,530.8055396,1607.362073,1607.362073,1607.362073,1607.362073,1607.362073
10/11/2007,2540.858268,6387.226482,2759.991922,2554.359997,3956.799616,2759.991922,4411.793303,9094.984928,4942.685336,4317.793751,11248.82583,4942.685336,3977.974834,10953.60337,4942.685336,2160.893032,5117.03549,4942.685336,828.384058,823.621019,0.001001968,0.001005531,0.001008742,0.001011081,737.2969874,737.2969874,737.2969874,1829.073904,1829.073904,1829.073904,1829.073904,1829.073904
10/12/2007,7198.412661,6360.015823,8184.285015,7290.093959,6387.226482,8184.285015,12030.80516,6774.443774,14049.21861,11624.06551,9094.984928,14049.21861,11461.96622,11248.82583,14049.21861,6333.583202,10953.60337,14049.21861,3264.390906,3241.809764,0.001001968,0.001005531,0.001008742,0.001011081,1569.121232,1569.121232,1569.121232,2828.260291,2828.260291,2828.260291,2828.260291,2828.260291
10/13/2007,5694.116533,2961.408438,6586.124641,6847.872685,6360.015823,6586.124641,13040.90007,4454.625856,15587.49518,13575.18836,6774.443774,15587.49518,13873.0592,9094.984928,15587.49518,14670.75464,11248.82583,15587.49518,3401.425108,3377.776956,0.001001968,0.001005531,0.001008742,0.001011081,2420.935288,2420.935288,2420.935288,4467.007488,4467.007488,4467.007488,4467.007488,4467.007488
10/14/2007,2407.27354,1882.90806,2711.494758,2998.301278,2961.408438,2711.494758,5643.727622,3473.461736,6558.516596,6019.02315,4454.625856,6558.516596,7529.575763,6774.443774,6558.516596,10098.41972,9094.984928,6558.516596,1339.457319,1331.207718,0.001001968,0.001005531,0.001008742,0.001011081,2959.414102,2959.414102,2959.414102,5739.734146,5739.734146,5739.734146,5739.734146,5739.734146
10/15/2007,1543.315178,1362.913688,1705.779249,1898.022691,1882.90806,1705.779249,3413.885437,2958.771395,3886.740596,3659.908497,3473.461736,3886.740596,4250.102443,4454.625856,3886.740596,6338.332651,6774.443774,3886.740596,750.7911102,746.5370671,0.001001968,0.001005531,0.001008742,0.001011081,3230.251396,3230.251396,3230.251396,6557.50614,6557.50614,6557.50614,6557.50614,6557.50614
10/16/2007,1191.38302,1243.279963,1294.059726,1372.61018,1362.913688,1294.059726,3132.28103,2619.277629,3546.861322,3234.499027,2958.771395,3546.861322,3536.059363,3473.461736,3546.861322,4431.752179,4454.625856,3546.861322,486.7208877,484.1426027,0.001001968,0.001005531,0.001008742,0.001011081,3395.359054,3395.359054,3395.359054,7029.745072,7029.745072,7029.745072,7029.745072,7029.745072
10/17/2007,1110.075385,1091.999724,1210.32813,1249.643518,1243.279963,1210.32813,2760.656672,5164.503385,3129.618041,2825.312692,2619.277629,3129.618041,2997.525741,2958.771395,3129.618041,3353.96305,3473.461736,3129.618041,484.8265729,482.2599308,0.001001968,0.001005531,0.001008742,0.001011081,3517.183283,3517.183283,3517.183283,7333.215568,7333.215568,7333.215568,7333.215568,7333.215568
10/18/2007,940.5213165,1707.337482,1022.375111,1096.190111,1091.999724,1022.375111,2462.430206,6043.199191,2785.988411,2555.141348,5164.503385,2785.988411,2665.761382,2619.277629,2785.988411,2926.815182,2958.771395,2785.988411,402.588113,400.5204809,0.001001968,0.001005531,0.001008742,0.001011081,3387.538598,3387.538598,3387.538598,7280.805604,7280.805604,7280.805604,7280.805604,7280.805604
10/19/2007,894.8056422,2431.193138,964.64767,943.2784005,1707.337482,964.64767,2260.573224,5476.375387,2537.443583,2256.259055,6043.199191,2537.443583,2389.2775,5164.503385,2537.443583,2536.460327,2619.277629,2537.443583,348.3830832,346.6366729,0.001001968,0.001005531,0.001008742,0.001011081,2619.965036,2619.965036,2619.965036,6428.983794,6428.983794,6428.983794,6428.983794,6428.983794
10/20/2007,2572.731797,2160.395196,2877.320467,2804.548789,2431.193138,2877.320467,4255.72238,3890.576257,4836.588445,4354.829736,5476.375387,4836.588445,4160.324931,6043.199191,4836.588445,2425.295264,5164.503385,4836.588445,1041.682281,1035.489643,0.001001968,0.001005531,0.001008742,0.001011081,2033.706628,2033.706628,2033.706628,5057.966199,5057.966199,5057.966199,5057.966199,5057.966199
10/21/2007,2478.277913,2723.556684,2715.849207,2397.358532,2160.395196,2715.849207,6094.14084,4365.564371,6987.546007,5840.733613,3890.576257,6987.546007,5901.772501,5476.375387,6987.546007,6240.180446,6043.199191,6987.546007,951.379474,945.7971184,0.001001968,0.001005531,0.001008742,0.001011081,1757.785875,1757.785875,1757.785875,4432.873786,4432.873786,4432.873786,4432.873786,4432.873786
10/22/2007,2537.364009,2275.072258,2903.022828,2741.80848,2723.556684,2903.022828,5282.568612,6277.394234,6227.447522,5232.201193,4365.564371,6227.447522,5622.9313,3890.576257,6227.447522,5289.263008,5476.375387,6227.447522,1628.530825,1618.229874,0.001001968,0.001005531,0.001008742,0.001011081,1823.428698,1823.428698,1823.428698,4215.2875,4215.2875,4215.2875,4215.2875,4215.2875
10/23/2007,1682.363999,1790.715587,1909.824036,2206.337378,2275.072258,1909.824036,4181.42187,13045.88679,4888.056618,4536.852526,6277.394234,4888.056618,4641.39563,4365.564371,4888.056618,5453.945097,3890.576257,4888.056618,1054.694905,1048.413761,0.001001968,0.001005531,0.001008742,0.001011081,1899.093405,1899.093405,1899.093405,4256.474816,4256.474816,4256.474816,4256.474816,4256.474816
10/24/2007,1548.068323,2758.881046,1641.862073,1631.725312,1790.715587,1641.862073,2656.49824,13018.7934,2875.729021,2701.478637,13045.88679,2875.729021,2720.772577,6277.394234,2875.729021,3055.975396,4365.564371,2875.729021,367.6221109,365.7624587,0.001001968,0.001005531,0.001008742,0.001011081,1932.486966,1932.486966,1932.486966,4321.047797,4321.047797,4321.047797,4321.047797,4321.047797
10/25/2007,2780.75999,3718.657314,3071.022352,2864.216409,2758.881046,3071.022352,4921.236562,14923.26032,5604.204576,4838.62181,13018.7934,5604.204576,4799.38138,13045.88679,5604.204576,3753.20187,6277.394234,5604.204576,1179.895296,1172.755847,0.001001968,0.001005531,0.001008742,0.001011081,2139.372752,2139.372752,2139.372752,4593.314939,4593.314939,4593.314939,4593.314939,4593.314939
10/26/2007,2615.562435,5811.94515,2971.107355,2982.705795,3718.657314,2971.107355,6484.131232,15540.74106,7608.985619,6588.413223,14923.26032,7608.985619,6978.75555,13018.7934,7608.985619,6681.099769,13045.88679,7608.985619,1545.059011,1535.355266,0.001001968,0.001005531,0.001008742,0.001011081,2436.573776,2436.573776,2436.573776,5150.733175,5150.733175,5150.733175,5150.733175,5150.733175
10/27/2007,4233.304479,6528.040545,4791.483284,4593.961196,5811.94515,4791.483284,14365.20731,12356.10447,16852.24785,14314.19428,15540.74106,16852.24785,14193.13418,14923.26032,16852.24785,12276.85402,13018.7934,16852.24785,2008.662679,1995.598459,0.001001968,0.001005531,0.001008742,0.001011081,2691.38678,2691.38678,2691.38678,6730.364276,6730.364276,6730.364276,6730.364276,6730.364276
10/28/2007,7284.859255,5677.412301,8262.005076,7614.431364,6528.040545,8262.005076,16393.32564,9197.401136,19210.47548,16169.14968,12356.10447,19210.47548,16022.51997,15540.74106,19210.47548,13462.7616,14923.26032,19210.47548,3080.030099,3058.876707,0.001001968,0.001005531,0.001008742,0.001011081,3345.290302,3345.290302,3345.290302,8177.628261,8177.628261,8177.628261,8177.628261,8177.628261
10/29/2007,6263.737312,7443.435038,7037.718812,6196.66901,5677.412301,7037.718812,14356.67863,8097.198812,16855.73333,13740.58925,9197.401136,16855.73333,14414.82126,12356.10447,16855.73333,15870.48317,15540.74106,16855.73333,2925.04287,2905.082502,0.001001968,0.001005531,0.001008742,0.001011081,3850.187565,3850.187565,3850.187565,9620.620438,9620.620438,9620.620438,9620.620438,9620.620438
10/30/2007,6159.777598,4608.966992,7258.969749,7484.212138,7443.435038,7258.969749,12240.4688,6839.041187,14859.23316,12805.28812,8097.198812,14859.23316,13443.31792,9197.401136,14859.23316,13015.24179,12356.10447,14859.23316,4437.138445,4405.285431,0.001001968,0.001005531,0.001008742,0.001011081,4567.892666,4567.892666,4567.892666,10868.42547,10868.42547,10868.42547,10868.42547,10868.42547
10/31/2007,3395.29067,2534.211549,3866.220961,4631.3677,4608.966992,3866.220961,8067.876474,5526.163996,9497.315601,8960.407509,6839.041187,9497.315601,9681.588066,8097.198812,9497.315601,12112.77528,9197.401136,9497.315601,2010.879835,1997.799306,0.001001968,0.001005531,0.001008742,0.001011081,5054.749698,5054.749698,5054.749698,11950.32216,11950.32216,11950.32216,11950.32216,11950.32216
11/1/2007,2127.963985,2428.287692,2308.253607,2547.97399,2534.211549,2308.253607,3677.979193,4928.499286,4093.756125,3995.798844,5526.163996,4093.756125,4974.846011,6839.041187,4093.756125,6713.011908,8097.198812,4093.756125,792.314465,787.7888435,0.001001968,0.001005531,0.001008742,0.001011081,5165.357232,5165.357232,5165.357232,12511.44642,12511.44642,12511.44642,12511.44642,12511.44642
11/2/2007,2118.649836,2270.733626,2339.498226,2436.833226,2428.287692,2339.498226,4608.766514,4541.402464,5269.211249,4775.812123,4928.499286,5269.211249,5228.441599,5526.163996,5269.211249,6005.74158,6839.041187,5269.211249,987.6414984,981.814918,0.001001968,0.001005531,0.001008742,0.001011081,5109.800165,5109.800165,5109.800165,12518.0776,12518.0776,12518.0776,12518.0776,12518.0776
11/3/2007,1995.013929,2102.482978,2211.134579,2275.987062,2270.733626,2211.134579,4825.552302,4543.743841,5551.687309,4947.869283,4541.402464,5551.687309,5235.341506,4928.499286,5551.687309,5659.665381,5526.163996,5551.687309,976.9902338,971.2355093,0.001001968,0.001005531,0.001008742,0.001011081,4854.83576,4854.83576,4854.83576,11231.47557,11231.47557,11231.47557,11231.47557,11231.47557
11/4/2007,1853.252802,1991.873921,2053.587102,2105.571832,2102.482978,2053.587102,4161.093647,4660.177006,4770.588366,4273.393881,4543.743841,4770.588366,4520.212836,4541.402464,4770.588366,4814.171031,4928.499286,4770.588366,914.7868812,909.4497826,0.001001968,0.001005531,0.001008742,0.001011081,4181.521746,4181.521746,4181.521746,9631.289925,9631.289925,9631.289925,9631.289925,9631.289925
11/5/2007,1725.37567,2017.510217,1909.568952,1951.030684,1991.873921,1909.568952,3815.42368,4611.89037,4364.642945,3913.871301,4660.177006,4364.642945,4133.118349,4543.743841,4364.642945,4373.354571,4541.402464,4364.642945,848.8275145,843.9293145,0.001001968,0.001005531,0.001008742,0.001011081,3563.408102,3563.408102,3563.408102,8034.759076,8034.759076,8034.759076,8034.759076,8034.759076
11/6/2007,1828.534346,1901.222437,2015.769205,2023.441195,2017.510217,2015.769205,3855.204795,4174.059877,4389.004521,3929.189491,4611.89037,4389.004521,4017.675183,4660.177006,4389.004521,4073.578513,4543.743841,4389.004521,832.3254923,827.5364278,0.001001968,0.001005531,0.001008742,0.001011081,2821.572648,2821.572648,2821.572648,6697.481401,6697.481401,6697.481401,6697.481401,6697.481401
11/7/2007,1922.115737,2374.907193,2091.778571,1929.686406,1901.222437,2091.778571,4057.186434,4220.422531,4592.316892,3947.445501,4174.059877,4592.316892,4089.555922,4611.89037,4592.316892,4213.627316,4660.177006,4592.316892,770.5576591,766.1745729,0.001001968,0.001005531,0.001008742,0.001011081,2386.348975,2386.348975,2386.348975,5691.562576,5691.562576,5691.562576,5691.562576,5691.562576
11/8/2007,2119.013012,2033.382906,2385.144708,2378.994811,2374.907193,2385.144708,4276.56281,3941.285507,4965.354215,4354.897008,4220.422531,4965.354215,4539.186036,4174.059877,4965.354215,4227.681726,4611.89037,4965.354215,1217.288911,1209.890859,0.001001968,0.001005531,0.001008742,0.001011081,2238.416552,2238.416552,2238.416552,5082.981956,5082.981956,5082.981956,5082.981956,5082.981956
11/9/2007,1673.587715,1802.293421,1865.323063,2013.933128,2033.382906,1865.323063,3869.579828,3450.64405,4461.063431,4071.367831,3941.285507,4461.063431,4250.37991,4220.422531,4461.063431,4621.863636,4174.059877,4461.063431,897.5826213,892.360404,0.001001968,0.001005531,0.001008742,0.001011081,2141.989317,2141.989317,2141.989317,4772.801765,4772.801765,4772.801765,4772.801765,4772.801765
11/10/2007,1604.310602,1713.182712,1771.079345,1806.342122,1802.293421,1771.079345,3139.342654,3695.801265,3573.601113,3234.116222,3450.64405,3573.601113,3462.445194,3941.285507,3573.601113,3649.726187,4220.422531,3573.601113,770.8408793,766.455941,0.001001968,0.001005531,0.001008742,0.001011081,2069.232572,2069.232572,2069.232572,4567.418254,4567.418254,4567.418254,4567.418254,4567.418254
11/11/2007,1533.000204,1548.411157,1689.456725,1722.223835,1713.182712,1689.456725,3374.692135,3014.630385,3849.259547,3455.33494,3695.801265,3849.259547,3609.223726,3450.64405,3849.259547,3795.155241,3941.285507,3849.259547,732.4766589,728.3417835,0.001001968,0.001005531,0.001008742,0.001011081,2005.882343,2005.882343,2005.882343,4436.354163,4436.354163,4436.354163,4436.354163,4436.354163
11/12/2007,1312.334652,1692.101431,1440.937023,1475.070514,1548.411157,1440.937023,3027.985831,7125.051619,3443.657952,3099.237163,3014.630385,3443.657952,3308.456045,3695.801265,3443.657952,3537.871512,3450.64405,3443.657952,615.1440055,611.7628738,0.001001968,0.001005531,0.001008742,0.001011081,1942.889212,1942.889212,1942.889212,4313.706485,4313.706485,4313.706485,4313.706485,4313.706485
11/13/2007,1808.785845,2900.475171,1949.999482,1682.034844,1692.101431,1949.999482,3310.585095,9346.833586,3692.824488,3099.987327,7125.051619,3692.824488,3067.127704,3014.630385,3692.824488,3084.233173,3695.801265,3692.824488,616.67568,613.2848245,0.001001968,0.001005531,0.001008742,0.001011081,1882.737357,1882.737357,1882.737357,4167.387985,4167.387985,4167.387985,4167.387985,4167.387985
11/14/2007,2473.367169,5221.486357,2747.190174,2537.470181,2900.475171,2747.190174,4253.140443,10851.71278,4884.574508,4143.359851,9346.833586,4884.574508,4130.020531,7125.051619,4884.574508,3452.20069,3014.630385,4884.574508,1220.71857,1213.29675,0.001001968,0.001005531,0.001008742,0.001011081,1931.984405,1931.984405,1931.984405,4064.461412,4064.461412,4064.461412,4064.461412,4064.461412
11/15/2007,5055.667708,5859.950311,5674.099665,5116.110259,5221.486357,5674.099665,6799.020962,11205.53202,7826.200506,6555.382581,10851.71278,7826.200506,5969.976944,9346.833586,7826.200506,3684.680409,7125.051619,7826.200506,2309.717207,2294.420286,0.001001968,0.001005531,0.001008742,0.001011081,2169.426131,2169.426131,2169.426131,4005.458124,4005.458124,4005.458124,4005.458124,4005.458124
11/16/2007,6499.88246,7212.471563,7115.299621,6078.31779,5859.950311,7115.299621,11117.97074,10741.70603,12675.56683,10330.14807,11205.53202,12675.56683,9949.407565,10851.71278,12675.56683,8794.702459,9346.833586,12675.56683,2321.533403,2306.148137,0.001001968,0.001005531,0.001008742,0.001011081,2625.941921,2625.941921,2625.941921,4716.939438,4716.939438,4716.939438,4716.939438,4716.939438
11/17/2007,6563.274192,6262.124513,7428.673119,7307.60911,7212.471563,7428.673119,10558.22952,9362.47254,12409.51976,10746.68465,10741.70603,12409.51976,11219.3903,11205.53202,12409.51976,9810.256248,10851.71278,12409.51976,3492.565491,3468.205066,0.001001968,0.001005531,0.001008742,0.001011081,3356.932804,3356.932804,3356.932804,5713.297949,5713.297949,5713.297949,5713.297949,5713.297949
11/18/2007,4912.890286,4207.385157,5569.851153,6274.508572,6262.124513,5569.851153,9119.785172,8568.683368,10733.99782,10034.2304,9362.47254,10733.99782,10754.34185,10741.70603,10733.99782,11534.24732,11205.53202,10733.99782,2740.323028,2721.775386,0.001001968,0.001005531,0.001008742,0.001011081,4025.794498,4025.794498,4025.794498,6750.412577,6750.412577,6750.412577,6750.412577,6750.412577
11/19/2007,3474.869175,3754.468498,3782.40941,4213.084582,4207.385157,3782.40941,6903.520622,8266.049182,7858.232733,7430.433498,8568.683368,7858.232733,8259.294067,9362.47254,7858.232733,9980.448828,10741.70603,7858.232733,1308.707428,1300.673092,0.001001968,0.001005531,0.001008742,0.001011081,4486.94845,4486.94845,4486.94845,7787.793568,7787.793568,7787.793568,7787.793568,7787.793568
11/20/2007,3323.681777,3604.61028,3600.275845,3704.23749,3754.468498,3600.275845,6980.802188,8325.764926,7927.124425,7166.92102,8266.049182,7927.124425,7709.351904,8568.683368,7927.124425,8516.157972,9362.47254,7927.124425,1167.326133,1160.273383,0.001001968,0.001005531,0.001008742,0.001011081,4845.773181,4845.773181,4845.773181,8722.392089,8722.392089,8722.392089,8722.392089,8722.392089
11/21/2007,3453.663163,3837.455792,3706.199546,3596.971309,3604.61028,3706.199546,7527.831042,7907.368369,8497.711176,7495.507131,8325.764926,8497.711176,7674.204115,8266.049182,8497.711176,8058.090047,8568.683368,8497.711176,1034.131293,1027.98995,0.001001968,0.001005531,0.001008742,0.001011081,5034.522067,5034.522067,5034.522067,9403.496353,9403.496353,9403.496353,9403.496353,9403.496353
11/22/2007,3843.845633,4748.261093,4142.814802,3843.284859,3837.455792,4142.814802,7745.185544,9186.989072,8750.029664,7538.498787,7907.368369,8750.029664,7719.752403,8325.764926,8750.029664,7650.365425,8266.049182,8750.029664,1251.577445,1243.941403,0.001001968,0.001005531,0.001008742,0.001011081,5007.51011,5007.51011,5007.51011,10002.20042,10002.20042,10002.20042,10002.20042,10002.20042
11/23/2007,4276.188937,4326.355319,4752.033747,4750.561198,4748.261093,4752.033747,7977.185961,11511.37716,9217.757532,8131.161358,9186.989072,9217.757532,8361.974523,7907.368369,9217.757532,7763.053172,8325.764926,9217.757532,2014.235287,2001.130071,0.001001968,0.001005531,0.001008742,0.001011081,4914.90149,4914.90149,4914.90149,9816.010866,9816.010866,9816.010866,9816.010866,9816.010866
11/24/2007,3663.778619,3595.335276,4057.685204,4327.737908,4326.355319,4057.685204,7258.298214,11337.85517,8373.375458,7649.432788,11511.37716,8373.375458,8041.827276,9186.989072,8373.375458,8403.27274,7907.368369,8373.375458,1689.272081,1678.534249,0.001001968,0.001005531,0.001008742,0.001011081,4542.983914,4542.983914,4542.983914,9417.314523,9417.314523,9417.314523,9417.314523,9417.314523
11/25/2007,3024.99153,4800.329903,3297.467815,3472.118269,3595.335276,3297.467815,5680.404089,12257.62282,6445.361211,5946.40936,11337.85517,6445.361211,6496.919554,11511.37716,6445.361211,7222.407245,9186.989072,6445.361211,1185.180586,1178.004646,0.001001968,0.001005531,0.001008742,0.001011081,4167.783839,4167.783839,4167.783839,8913.168771,8913.168771,8913.168771,8913.168771,8913.168771
11/26/2007,3859.420256,5652.806773,4286.144204,4301.625976,4800.329903,4286.144204,8341.255051,12355.19186,9625.238544,8507.393969,12257.62282,9625.238544,8704.333925,11337.85517,9625.238544,7997.972989,11511.37716,9625.238544,1752.346021,1741.152563,0.001001968,0.001005531,0.001008742,0.001011081,4074.381036,4074.381036,4074.381036,8642.742945,8642.742945,8642.742945,8642.742945,8642.742945
11/27/2007,6540.781338,7235.730478,7115.779244,5875.552622,5652.806773,7115.779244,13751.12174,11548.73133,15729.49238,12719.14231,12355.19186,15729.49238,12302.04983,12257.62282,15729.49238,11216.71376,11337.85517,15729.49238,2053.586078,2040.191002,0.001001968,0.001005531,0.001008742,0.001011081,4226.698304,4226.698304,4226.698304,9025.631453,9025.631453,9025.631453,9025.631453,9025.631453
11/28/2007,7307.815331,8263.632572,8080.354451,7417.647072,7235.730478,8080.354451,13080.12095,10475.27009,15105.02737,12681.56284,11548.73133,15105.02737,12490.5408,12355.19186,15105.02737,11460.46858,12257.62282,15105.02737,3027.009093,3006.264598,0.001001968,0.001005531,0.001008742,0.001011081,4656.976841,4656.976841,4656.976841,9604.979805,9604.979805,9604.979805,9604.979805,9604.979805
11/29/2007,6661.441689,5319.267106,7645.718603,8284.037735,8263.632572,7645.718603,11932.66525,9885.195348,14204.19479,12895.13219,10475.27009,14204.19479,13632.02048,11548.73133,14204.19479,12378.96363,12355.19186,14204.19479,3972.810431,3944.664554,0.001001968,0.001005531,0.001008742,0.001011081,5276.908896,5276.908896,5276.908896,10271.67324,10271.67324,10271.67324,10271.67324,10271.67324
11/30/2007,4223.171327,3911.206053,4665.089579,5330.828273,5319.267106,4665.089579,8754.878141,8584.264755,10104.04073,9549.59822,9885.195348,10104.04073,10675.43785,10475.27009,10104.04073,12959.46699,11548.73133,10104.04073,1855.319695,1843.378263,0.001001968,0.001005531,0.001008742,0.001011081,5495.815645,5495.815645,5495.815645,10923.72227,10923.72227,10923.72227,10923.72227,10923.72227
12/1/2007,3392.052812,3776.764266,3680.145541,3919.081333,3911.206053,3680.145541,6071.040566,7625.576129,6842.519693,6415.647698,8584.264755,6842.519693,7402.049481,9885.195348,6842.519693,8988.472693,10475.27009,6842.519693,1226.174126,1218.714482,0.001001968,0.001005531,0.001008742,0.001011081,5533.646147,5533.646147,5533.646147,11251.98076,11251.98076,11251.98076,11251.98076,11251.98076
12/2/2007,3282.710052,3593.715865,3601.803588,3737.307962,3776.764266,3601.803588,6818.227443,7012.53393,7810.490212,7048.647201,7625.576129,7810.490212,7596.373101,8584.264755,7810.490212,8363.681118,9885.195348,7810.490212,1372.483882,1364.002408,0.001001968,0.001005531,0.001008742,0.001011081,5567.536267,5567.536267,5567.536267,11387.73763,11387.73763,11387.73763,11387.73763,11387.73763
12/3/2007,3183.753361,3354.104454,3510.619682,3603.958517,3593.715865,3510.619682,7601.574952,6534.464642,8764.648476,7777.797986,7012.53393,8764.648476,8190.744261,7625.576129,8764.648476,8456.006676,8584.264755,8764.648476,1398.882581,1390.21528,0.001001968,0.001005531,0.001008742,0.001011081,5515.169516,5515.169516,5515.169516,11350.44053,11350.44053,11350.44053,11350.44053,11350.44053
12/4/2007,2983.076338,3139.075038,3289.410132,3364.684713,3354.104454,3289.410132,6866.508639,6219.231678,7896.231438,7026.271298,6534.464642,7896.231438,7389.568829,7012.53393,7896.231438,7793.798867,7625.576129,7896.231438,1323.79525,1315.655368,0.001001968,0.001005531,0.001008742,0.001011081,5284.210495,5284.210495,5284.210495,10718.68851,10718.68851,10718.68851,10718.68851,10718.68851
12/5/2007,2793.680632,2957.625409,3078.922336,3142.268002,3139.075038,3078.922336,5944.790823,6032.310459,6810.254352,6096.686291,6219.231678,6810.254352,6437.128847,6534.464642,6810.254352,6815.523043,7012.53393,6810.254352,1244.758029,1237.169384,0.001001968,0.001005531,0.001008742,0.001011081,4804.328339,4804.328339,4804.328339,9938.570479,9938.570479,9938.570479,9938.570479,9938.570479
12/6/2007,2637.011267,2799.736293,2905.685509,2959.516436,2957.625409,2905.685509,5481.572829,6616.770768,6273.980545,5620.76156,6032.310459,6273.980545,5935.107553,6219.231678,6273.980545,6261.27121,6534.464642,6273.980545,1181.238668,1174.089946,0.001001968,0.001005531,0.001008742,0.001011081,4077.919711,4077.919711,4077.919711,9019.502728,9019.502728,9019.502728,9019.502728,9019.502728
12/7/2007,2499.946788,2659.845825,2754.389428,2800.720353,2799.736293,2754.389428,5161.859866,6829.033751,5906.348883,5289.344528,6616.770768,5906.348883,5579.929958,6032.310459,5906.348883,5860.300716,6219.231678,5906.348883,1126.36508,1119.594064,0.001001968,0.001005531,0.001008742,0.001011081,3616.316629,3616.316629,3616.316629,8078.325151,8078.325151,8078.325151,8078.325151,8078.325151
12/8/2007,2377.933653,2534.662505,2619.808134,2660.185924,2659.845825,2619.808134,4996.080466,6069.138447,5714.490496,5112.661707,6829.033751,5714.490496,5381.638074,6616.770768,5714.490496,5595.867978,6032.310459,5714.490496,1077.596566,1071.159326,0.001001968,0.001005531,0.001008742,0.001011081,3339.904939,3339.904939,3339.904939,7411.196713,7411.196713,7411.196713,7411.196713,7411.196713
12/9/2007,2268.266339,2473.781835,2498.951724,2534.54065,2534.662505,2498.951724,4909.402893,6467.52717,5617.490788,5015.250807,6069.138447,5617.490788,5264.097722,6829.033751,5617.490788,5468.786678,6616.770768,5617.490788,1033.956765,1027.816607,0.001001968,0.001005531,0.001008742,0.001011081,3134.071925,3134.071925,3134.071925,6991.51513,6991.51513,6991.51513,6991.51513,6991.51513
12/10/2007,2212.4878,2453.605105,2442.023755,2473.321875,2473.781835,2442.023755,5595.428224,8364.182848,6428.828187,5684.909589,6467.52717,6428.828187,5898.709645,6069.138447,6428.828187,5946.851802,6829.033751,6428.828187,1032.172596,1026.044551,0.001001968,0.001005531,0.001008742,0.001011081,2952.707596,2952.707596,2952.707596,6656.829973,6656.829973,6656.829973,6656.829973,6656.829973
12/11/2007,2165.728704,2712.799919,2388.849046,2406.770671,2453.605105,2388.849046,5836.739979,9700.544286,6717.746391,5903.53775,8364.182848,6717.746391,6084.45147,6467.52717,6717.746391,6267.056582,6069.138447,6717.746391,1005.929363,999.9791809,0.001001968,0.001005531,0.001008742,0.001011081,2799.836482,2799.836482,2799.836482,6458.800291,6458.800291,6458.800291,6458.800291,6458.800291
12/12/2007,2880.90843,3848.581548,3125.667647,2678.215456,2712.799919,3125.667647,6008.890233,9461.332754,6794.72331,5644.218883,9700.544286,6794.72331,5638.684688,8364.182848,6794.72331,5518.025501,6467.52717,6794.72331,1050.089667,1043.839862,0.001001968,0.001005531,0.001008742,0.001011081,2690.922238,2690.922238,2690.922238,6306.239234,6306.239234,6306.239234,6306.239234,6306.239234
12/13/2007,3489.750629,3667.074981,3883.572491,3858.830131,3848.581548,3883.572491,7017.877502,8532.818833,8090.676203,7126.589013,9461.332754,8090.676203,6919.167794,9700.544286,8090.676203,6130.66916,8364.182848,8090.676203,1676.22241,1665.578597,0.001001968,0.001005531,0.001008742,0.001011081,2729.666267,2729.666267,2729.666267,6339.238158,6339.238158,6339.238158,6339.238158,6339.238158
12/14/2007,3241.243088,3328.586665,3614.089795,3673.269128,3667.074981,3614.089795,8304.37234,7660.205423,9670.216405,8459.995661,8532.818833,9670.216405,8843.790049,9461.332754,9670.216405,8548.92404,9700.544286,9670.216405,1611.107087,1600.931102,0.001001968,0.001005531,0.001008742,0.001011081,2854.102127,2854.102127,2854.102127,6754.821068,6754.821068,6754.821068,6754.821068,6754.821068
12/15/2007,2887.696194,2921.300013,3203.409067,3330.117635,3328.586665,3203.409067,8118.482743,6865.44202,9448.142761,8309.68701,7660.205423,9448.142761,8620.715738,8532.818833,9448.142761,9215.567105,9461.332754,9448.142761,1379.101397,1370.573381,0.001001968,0.001005531,0.001008742,0.001011081,2951.563249,2951.563249,2951.563249,7330.108215,7330.108215,7330.108215,7330.108215,7330.108215
12/16/2007,2588.475762,2750.48729,2850.171277,2922.083954,2921.300013,2850.171277,7155.846058,6383.830414,8267.936609,7277.71128,6865.44202,8267.936609,7615.800621,7660.205423,8267.936609,8082.918285,8532.818833,8267.936609,1155.049015,1148.080839,0.001001968,0.001005531,0.001008742,0.001011081,3021.093697,3021.093697,3021.093697,7806.349998,7806.349998,7806.349998,7806.349998,7806.349998
12/17/2007,2449.966558,2599.449972,2699.629099,2750.755382,2750.48729,2699.629099,6709.382321,6091.428189,7746.606282,6810.479893,6383.830414,7746.606282,7088.427833,6865.44202,7746.606282,7458.172522,7660.205423,7746.606282,1109.802969,1103.145511,0.001001968,0.001005531,0.001008742,0.001011081,3069.998284,3069.998284,3069.998284,8045.911356,8045.911356,8045.911356,8045.911356,8045.911356
12/18/2007,2320.369696,2462.111184,2556.786327,2599.351979,2599.449972,2556.786327,6081.621444,6022.954607,7008.607156,6176.567555,6091.428189,7008.607156,6426.271072,6383.830414,7008.607156,6754.194074,6865.44202,7008.607156,1058.095683,1051.791386,0.001001968,0.001005531,0.001008742,0.001011081,3105.779231,3105.779231,3105.779231,8116.075205,8116.075205,8116.075205,8116.075205,8116.075205
12/19/2007,2201.532592,2341.646415,2425.090384,2461.7519,2462.111184,2425.090384,5485.265579,6231.46845,6307.065331,5577.263546,6022.954607,6307.065331,5813.07038,6091.428189,6307.065331,6092.772012,6383.830414,6307.065331,1007.076559,1001.118614,0.001001968,0.001005531,0.001008742,0.001011081,3110.933736,3110.933736,3110.933736,8178.426309,8178.426309,8178.426309,8178.426309,8178.426309
12/20/2007,2096.502483,2232.850566,2309.046395,2341.101162,2341.646415,2309.046395,5153.94998,11922.62688,5919.467053,5240.33113,6231.46845,5919.467053,5461.517346,6022.954607,5919.467053,5690.717696,6091.428189,5919.467053,963.3519987,957.6891362,0.001001968,0.001005531,0.001008742,0.001011081,2978.34473,2978.34473,2978.34473,8079.192464,8079.192464,8079.192464,8079.192464,8079.192464
12/21/2007,2003.480543,2139.10267,2206.065399,2232.174014,2232.850566,2206.065399,4969.105206,14980.39621,5705.280766,5046.31846,11922.62688,5705.280766,5252.4749,6231.46845,5705.280766,5459.236031,6022.954607,5705.280766,923.6236217,918.2274084,0.001001968,0.001005531,0.001008742,0.001011081,2768.112721,2768.112721,2768.112721,7622.431328,7622.431328,7622.431328,7622.431328,7622.431328
12/22/2007,1927.213742,2858.748116,2121.00001,2136.440431,2139.10267,2121.00001,4957.893331,15573.4431,5695.652967,5018.563025,14980.39621,5695.652967,5206.025757,11922.62688,5695.652967,5394.83463,6231.46845,5695.652967,888.4963314,883.3346747,0.001001968,0.001005531,0.001008742,0.001011081,2591.677525,2591.677525,2591.677525,7032.455683,7032.455683,7032.455683,7032.455683,7032.455683
12/23/2007,2144.127749,6187.709285,2332.477832,2312.418312,2858.748116,2332.477832,6167.588621,16377.3942,7027.098682,6207.531262,15573.4431,7027.098682,6136.563599,14980.39621,7027.098682,5743.338043,11922.62688,7027.098682,841.2675459,836.4193778,0.001001968,0.001005531,0.001008742,0.001011081,2448.261036,2448.261036,2448.261036,6651.248003,6651.248003,6651.248003,6651.248003,6651.248003
12/24/2007,6749.935281,7942.266477,7543.486472,6371.483082,6187.709285,7543.486472,17053.76545,15281.06038,19847.35147,16169.8273,16377.3942,19847.35147,15368.93653,15573.4431,19847.35147,11245.06544,14980.39621,19847.35147,2943.711672,2923.607964,0.001001968,0.001005531,0.001008742,0.001011081,2753.81227,2753.81227,2753.81227,7543.275227,7543.275227,7543.275227,7543.275227,7543.275227
12/25/2007,7990.903445,8689.811186,8870.603759,8093.873633,7942.266477,8870.603759,18970.53538,15165.40642,22190.62366,18427.14302,15281.06038,22190.62366,17587.03114,16377.3942,22190.62366,17202.40699,15573.4431,22190.62366,3392.65587,3369.076142,0.001001968,0.001005531,0.001008742,0.001011081,3317.24382,3317.24382,3317.24382,9020.471539,9020.471539,9020.471539,9020.471539,9020.471539
12/26/2007,7536.859426,6418.524165,8653.776914,8710.519219,8689.811186,8653.776914,14672.55549,15028.99537,17473.7934,15081.3614,15165.40642,17473.7934,16320.50093,15281.06038,17473.7934,14563.01588,16377.3942,17473.7934,4458.31087,4426.287798,0.001001968,0.001005531,0.001008742,0.001011081,4235.748238,4235.748238,4235.748238,10502.31528,10502.31528,10502.31528,10502.31528,10502.31528
12/27/2007,5010.93847,4538.129755,5639.893115,6415.577978,6418.524165,5639.893115,12544.29305,14832.12913,14756.18966,13465.82722,15028.99537,14756.18966,14323.93806,15165.40642,14756.18966,16914.99709,15281.06038,14756.18966,2607.484514,2589.946298,0.001001968,0.001005531,0.001008742,0.001011081,4865.592206,4865.592206,4865.592206,12021.17747,12021.17747,12021.17747,12021.17747,12021.17747
12/28/2007,3819.242884,5526.956154,4145.232849,4325.817352,4538.129755,4145.232849,8859.919444,14992.97639,10119.06337,9127.207595,14832.12913,10119.06337,10185.62757,15028.99537,10119.06337,12072.85293,15165.40642,10119.06337,1365.908159,1357.472907,0.001001968,0.001005531,0.001008742,0.001011081,5275.726913,5275.726913,5275.726913,13216.25812,13216.25812,13216.25812,13216.25812,13216.25812
12/29/2007,5381.318523,6183.045198,5962.727447,5590.428099,5526.956154,5962.727447,12502.69417,14081.31227,14531.49149,12304.19064,14992.97639,14531.49149,12562.67242,14832.12913,14531.49149,12229.84534,15028.99537,14531.49149,2272.893595,2257.871654,0.001001968,0.001005531,0.001008742,0.001011081,5741.564017,5741.564017,5741.564017,14403.34854,14403.34854,14403.34854,14403.34854,14403.34854
12/30/2007,5683.868973,6573.276729,6313.238264,6107.364421,6183.045198,6313.238264,13968.10594,12721.0624,16328.49685,13908.30819,14081.31227,16328.49685,14009.99974,14992.97639,16328.49685,14000.55191,14832.12913,16328.49685,2536.537348,2519.535911,0.001001968,0.001005531,0.001008742,0.001011081,6269.186372,6269.186372,6269.186372,15563.97314,15563.97314,15563.97314,15563.97314,15563.97314
12/31/2007,5673.648762,5701.103169,6426.610407,6604.702721,6573.276729,6426.610407,13268.74928,11484.91601,15664.04997,13654.4005,12721.0624,15664.04997,14280.02928,14081.31227,15664.04997,13618.41548,14992.97639,15664.04997,3025.179808,3004.449406,0.001001968,0.001005531,0.001008742,0.001011081,6505.27022,6505.27022,6505.27022,15681.20383,15681.20383,15681.20383,15681.20383,15681.20383
1/1/2008,4892.180441,5259.445449,5488.316279,5707.97368,5701.103169,5488.316279,12458.41186,10356.4086,14631.13519,12820.38268,11484.91601,14631.13519,13498.78967,12721.0624,14631.13519,14474.2865,14081.31227,14631.13519,2433.583101,2417.357585,0.001001968,0.001005531,0.001008742,0.001011081,6410.292549,6410.292549,6410.292549,15336.41854,15336.41854,15336.41854,15336.41854,15336.41854
1/2/2008,4593.710691,4482.851243,5145.947513,5295.038341,5259.445449,5145.947513,10577.45156,9667.554302,12361.08343,10882.57349,10356.4086,12361.08343,11523.51817,11484.91601,12361.08343,12234.50276,12721.0624,12361.08343,2266.814549,2251.837955,0.001001968,0.001005531,0.001008742,0.001011081,5918.01005,5918.01005,5918.01005,14859.33913,14859.33913,14859.33913,14859.33913,14859.33913
1/3/2008,3948.776033,4072.486774,4391.993902,4507.759024,4482.851243,4391.993902,9341.124784,9089.135625,10868.37391,9573.937056,9667.554302,10868.37391,10222.88799,10356.4086,10868.37391,11200.6658,11484.91601,10868.37391,1855.253738,1843.312788,0.001001968,0.001005531,0.001008742,0.001011081,5634.830125,5634.830125,5634.830125,14173.67633,14173.67633,14173.67633,14173.67633,14173.67633
1/4/2008,3596.435511,3747.697531,3993.096769,4084.598734,4072.486774,3993.096769,8395.680476,8193.176983,9741.782297,8594.551599,9089.135625,9741.782297,9103.644219,9667.554302,9741.782297,9817.030105,10356.4086,9741.782297,1684.108807,1673.408186,0.001001968,0.001005531,0.001008742,0.001011081,5511.584991,5511.584991,5511.584991,13662.19529,13662.19529,13662.19529,13662.19529,13662.19529
1/5/2008,3320.009155,3511.711357,3680.594694,3755.887672,3747.697531,3680.594694,7859.420528,7254.525874,9104.981597,8030.579301,8193.176983,9104.981597,8465.517393,9089.135625,9104.981597,8990.409181,9667.554302,9104.981597,1547.799253,1538.075962,0.001001968,0.001005531,0.001008742,0.001011081,5293.898505,5293.898505,5293.898505,13023.70128,13023.70128,13023.70128,13023.70128,13023.70128
1/6/2008,3111.660665,3430.300432,3447.44905,3505.565327,3511.711357,3447.44905,7597.823485,7723.180127,8796.715961,7743.219891,7254.525874,8796.715961,8129.505501,8193.176983,8796.715961,8509.786537,9089.135625,8796.715961,1454.76393,1445.701876,0.001001968,0.001005531,0.001008742,0.001011081,4988.429459,4988.429459,4988.429459,12251.33749,12251.33749,12251.33749,12251.33749,12251.33749
1/7/2008,3090.758427,3551.332395,3416.005772,3382.861362,3430.300432,3416.005772,7518.853045,10285.73974,8676.851841,7573.732253,7723.180127,8676.851841,7891.182278,7254.525874,8676.851841,8104.008823,8193.176983,8676.851841,1410.387513,1401.639092,0.001001968,0.001005531,0.001008742,0.001011081,4531.655855,4531.655855,4531.655855,11330.82522,11330.82522,11330.82522,11330.82522,11330.82522
1/8/2008,3392.642976,4409.102739,3695.244533,3413.859229,3551.332395,3695.244533,7482.652206,13201.16614,8511.486109,7301.524019,10285.73974,8511.486109,7411.74443,7723.180127,8511.486109,7483.933155,7254.525874,8511.486109,1280.42954,1272.592621,0.001001968,0.001005531,0.001008742,0.001011081,4150.166626,4150.166626,4150.166626,10334.32256,10334.32256,10334.32256,10334.32256,10334.32256
1/9/2008,4937.001394,6971.589385,5313.843583,4333.545766,4409.102739,5313.843583,8616.290128,16207.23748,9626.925542,7801.848447,13201.16614,9626.925542,7554.439598,10285.73974,9626.925542,6860.846588,7723.180127,9626.925542,1504.163282,1494.75074,0.001001968,0.001005531,0.001008742,0.001011081,3901.856362,3901.856362,3901.856362,9510.703038,9510.703038,9510.703038,9510.703038,9510.703038
1/10/2008,7305.019732,10655.77808,8023.460273,6942.34004,6971.589385,8023.460273,11133.19692,19482.50835,12662.74784,10347.34122,16207.23748,12662.74784,9769.284636,13201.16614,12662.74784,7941.808101,10285.73974,12662.74784,2835.320221,2816.047327,0.001001968,0.001005531,0.001008742,0.001011081,4031.768641,4031.768641,4031.768641,9065.061091,9065.061091,9065.061091,9065.061091,9065.061091
1/11/2008,10971.92288,14329.97425,12257.88404,10566.65175,10655.77808,12257.88404,16150.86609,20491.58888,18772.67954,14952.82229,19482.50835,18772.67954,14599.58855,16207.23748,18772.67954,11373.64224,13201.16614,18772.67954,4935.810132,4899.929766,0.001001968,0.001005531,0.001008742,0.001011081,4714.368415,4714.368415,4714.368415,9276.236998,9276.236998,9276.236998,9276.236998,9276.236998
1/12/2008,12580.802,11982.17429,14390.11805,14382.79783,14329.97425,14390.11805,18319.2378,17635.02177,21817.46933,18989.65281,20491.58888,21817.46933,18773.86166,19482.50835,21817.46933,15533.8506,16207.23748,21817.46933,6823.281349,6771.799443,0.001001968,0.001005531,0.001008742,0.001011081,5946.323223,5946.323223,5946.323223,10171.11351,10171.11351,10171.11351,10171.11351,10171.11351
1/13/2008,9927.358021,10396.46941,11231.789,11996.26787,11982.17429,11231.789,15314.41836,15089.20259,18049.75584,16546.49997,17635.02177,18049.75584,18279.64092,20491.58888,18049.75584,18593.44349,19482.50835,18049.75584,5087.580786,5050.465975,0.001001968,0.001005531,0.001008742,0.001011081,7220.131663,7220.131663,7220.131663,11622.97333,11622.97333,11622.97333,11622.97333,11622.97333
1/14/2008,8393.132924,8060.671091,9536.680002,10423.06249,10396.46941,9536.680002,13751.14128,14542.41205,16259.62213,15041.09546,15089.20259,16259.62213,17025.08401,17635.02177,16259.62213,18384.92839,20491.58888,16259.62213,4516.632145,4484.14019,0.001001968,0.001005531,0.001008742,0.001011081,8352.587331,8352.587331,8352.587331,13278.4482,13278.4482,13278.4482,13278.4482,13278.4482
1/15/2008,6601.115571,6588.649517,7397.72556,8084.394537,8060.671091,7397.72556,12931.31739,12668.31214,15153.97796,13858.1872,14542.41205,15153.97796,15492.33388,15089.20259,15153.97796,18094.84699,17635.02177,15153.97796,3217.956297,3195.735616,0.001001968,0.001005531,0.001008742,0.001011081,9178.484365,9178.484365,9178.484365,14780.60561,14780.60561,14780.60561,14780.60561,14780.60561
1/16/2008,5591.723385,5923.828682,6223.823234,6601.362775,6588.649517,6223.823234,10528.31909,10972.1082,12233.89247,11108.10376,12668.31214,12233.89247,12446.85615,14542.41205,12233.89247,14311.16353,15089.20259,12233.89247,2596.751001,2579.2941,0.001001968,0.001005531,0.001008742,0.001011081,9698.564326,9698.564326,9698.564326,15875.25143,15875.25143,15875.25143,15875.25143,15875.25143
1/17/2008,5094.648348,5448.009438,5681.397696,5932.611271,5923.828682,5681.397696,9906.593559,10035.61543,11530.96274,10339.82053,10972.1082,11530.96274,11295.34042,12668.31214,11530.96274,12493.60313,14542.41205,11530.96274,2434.609424,2418.376191,0.001001968,0.001005531,0.001008742,0.001011081,9794.278047,9794.278047,9794.278047,16482.85651,16482.85651,16482.85651,16482.85651,16482.85651
1/18/2008,4715.815421,5005.737575,5268.061449,5454.351783,5448.009438,5268.061449,10567.75911,9350.357625,12359.65922,10898.37025,10035.61543,12359.65922,11649.78837,10972.1082,12359.65922,12441.80816,12668.31214,12359.65922,2310.532689,2295.229672,0.001001968,0.001005531,0.001008742,0.001011081,9324.257108,9324.257108,9324.257108,16624.6313,16624.6313,16624.6313,16624.6313,16624.6313
1/19/2008,4359.064771,4639.867143,4866.121716,5010.351456,5005.737575,4866.121716,9486.730196,8782.960991,11068.50814,9771.74686,9350.357625,11068.50814,10420.90789,10035.61543,11068.50814,11125.7209,10972.1082,11068.50814,2139.557653,2125.527089,0.001001968,0.001005531,0.001008742,0.001011081,8283.808385,8283.808385,8283.808385,16028.84403,16028.84403,16028.84403,16028.84403,16028.84403
1/20/2008,4055.792191,4336.139195,4525.1122,4643.215443,4639.867143,4525.1122,8219.597734,8336.045694,9557.777636,8480.467082,8782.960991,9557.777636,9066.686851,9350.357625,9557.777636,9646.967125,10035.61543,9557.777636,1996.092333,1983.12054,0.001001968,0.001005531,0.001008742,0.001011081,7182.44649,7182.44649,7182.44649,14727.48423,14727.48423,14727.48423,14727.48423,14727.48423
1/21/2008,3803.947227,4080.299921,4242.926648,4338.564094,4336.139195,4242.926648,7644.278836,7951.114633,8883.365148,7874.69101,8336.045694,8883.365148,8405.664832,8782.960991,8883.365148,8903.265451,9350.357625,8883.365148,1880.596698,1868.470906,0.001001968,0.001005531,0.001008742,0.001011081,6200.576925,6200.576925,6200.576925,13159.01924,13159.01924,13159.01924,13159.01924,13159.01924
1/22/2008,3587.117969,3853.142157,4000.695577,4082.040108,4080.299921,4000.695577,7243.110051,7591.989064,8411.132103,7451.645305,7951.114633,8411.132103,7934.432268,8336.045694,8411.132103,8331.054236,8782.960991,8411.132103,1783.679593,1772.259068,0.001001968,0.001005531,0.001008742,0.001011081,5507.758877,5507.758877,5507.758877,11749.22979,11749.22979,11749.22979,11749.22979,11749.22979
1/23/2008,3393.642827,3651.782392,3784.274986,3854.368308,3853.142157,3784.274986,6910.461295,7278.693103,8018.345732,7100.578053,7591.989064,8018.345732,7545.771387,7951.114633,8018.345732,7889.269337,8336.045694,8018.345732,1695.531651,1684.74869,0.001001968,0.001005531,0.001008742,0.001011081,5015.992899,5015.992899,5015.992899,10741.39103,10741.39103,10741.39103,10741.39103,10741.39103
1/24/2008,3221.192043,3471.230341,3591.516461,3652.618778,3651.782392,3591.516461,6602.232157,7001.825008,7657.529695,6776.648242,7278.693103,7657.529695,7189.848779,7591.989064,7657.529695,7516.578132,7951.114633,7657.529695,1617.204094,1606.984399,0.001001968,0.001005531,0.001008742,0.001011081,4637.455524,4637.455524,4637.455524,10015.26158,10015.26158,10015.26158,10015.26158,10015.26158
1/25/2008,3065.730587,3307.537873,3417.838878,3471.769345,3471.230341,3417.838878,6323.502187,6763.754424,7331.449579,6484.7229,7001.825008,7331.449579,6870.4892,7278.693103,7331.449579,7167.690522,7591.989064,7331.449579,1546.660423,1536.945256,0.001001968,0.001005531,0.001008742,0.001011081,4320.716358,4320.716358,4320.716358,9230.245146,9230.245146,9230.245146,9230.245146,9230.245146
1/26/2008,2924.167852,3157.86685,3259.729416,3307.849265,3307.537873,3259.729416,6068.022471,7229.598487,7033.107471,6217.89029,6763.754424,7033.107471,6579.792392,7001.825008,7033.107471,6855.349241,7278.693103,7033.107471,1482.312269,1473.054933,0.001001968,0.001005531,0.001008742,0.001011081,4053.7375,4053.7375,4053.7375,8592.733018,8592.733018,8592.733018,8592.733018,8592.733018
1/27/2008,2794.264564,3020.108459,3114.666649,3158.003767,3157.86685,3114.666649,5860.897981,7041.49486,6788.784553,6000.942618,7229.598487,6788.784553,6341.77397,6763.754424,6788.784553,6577.708023,7001.825008,6788.784553,1423.111318,1414.273091,0.001001968,0.001005531,0.001008742,0.001011081,3823.322851,3823.322851,3823.322851,8133.616274,8133.616274,8133.616274,8133.616274,8133.616274
1/28/2008,2675.389786,2890.469581,2981.819584,3020.111794,3020.108459,2981.819584,5667.783382,7649.69082,6562.856895,5797.795431,7041.49486,6562.856895,6119.528917,7229.598487,6562.856895,6351.757401,6763.754424,6562.856895,1368.322659,1359.870438,0.001001968,0.001005531,0.001008742,0.001011081,3620.399715,3620.399715,3620.399715,7757.33628,7757.33628,7757.33628,7757.33628,7757.33628
1/29/2008,2576.801985,2890.620571,2869.332145,2889.488788,2890.469581,2869.332145,5505.847413,11872.55372,6369.072307,5612.972324,7649.69082,6369.072307,5915.865398,7041.49486,6369.072307,6129.61202,7229.598487,6369.072307,1313.273437,1305.207175,0.001001968,0.001005531,0.001008742,0.001011081,3438.489437,3438.489437,3438.489437,7429.187846,7429.187846,7429.187846,7429.187846,7429.187846
1/30/2008,2664.790241,3006.702696,2954.742868,2890.185123,2890.620571,2954.742868,6207.501038,14304.51114,7174.052517,6219.828878,11872.55372,7174.052517,6415.433604,7649.69082,7174.052517,6517.199618,7041.49486,7174.052517,1296.393578,1288.445273,0.001001968,0.001005531,0.001008742,0.001011081,3278.852289,3278.852289,3278.852289,7245.514109,7245.514109,7245.514109,7245.514109,7245.514109
1/31/2008,2665.913949,2822.974558,2966.199472,3006.466779,3006.702696,2966.199472,6126.566692,10253.44074,7095.324459,6248.10172,14304.51114,7095.324459,6401.050221,11872.55372,7095.324459,6452.917432,7649.69082,7095.324459,1341.855092,1333.58868,0.001001968,0.001005531,0.001008742,0.001011081,3159.197058,3159.197058,3159.197058,7104.917162,7104.917162,7104.917162,7104.917162,7104.917162
2/1/2008,2507.275805,5013.570053,2784.056503,2822.671072,2822.974558,2784.056503,6591.019963,8434.36589,7633.526964,6690.447528,10253.44074,7633.526964,6967.374935,14304.51114,7633.526964,7000.910626,11872.55372,7633.526964,1247.107085,1239.502117,0.001001968,0.001005531,0.001008742,0.001011081,3063.607403,3063.607403,3063.607403,7128.283791,7128.283791,7128.283791,7128.283791,7128.283791
2/2/2008,4160.999787,3418.856063,4966.070826,5013.237992,5013.570053,4966.070826,12159.64764,4836.104713,14755.74522,12411.47601,8434.36589,14755.74522,13025.11186,10253.44074,14755.74522,10824.89324,14304.51114,14755.74522,3378.623688,3355.15341,0.001001968,0.001005531,0.001008742,0.001011081,3286.359914,3286.359914,3286.359914,7829.43434,7829.43434,7829.43434,7829.43434,7829.43434
2/3/2008,3023.967987,3088.803255,3422.648245,3418.506552,3418.856063,3422.648245,12612.41444,6995.405094,14991.169,12612.12316,4836.104713,14991.169,12766.3562,8434.36589,14991.169,14858.8565,10253.44074,14991.169,1747.468353,1736.3102,0.001001968,0.001005531,0.001008742,0.001011081,3304.679644,3304.679644,3304.679644,8879.334901,8879.334901,8879.334901,8879.334901,8879.334901
2/4/2008,2821.8945,3767.506588,3163.806739,3088.444003,3088.803255,3163.806739,6768.895674,18107.98218,7864.290728,6790.473286,6995.405094,7864.290728,7159.56859,4836.104713,7864.290728,7493.2848,8434.36589,7864.290728,1519.507505,1509.985811,0.001001968,0.001005531,0.001008742,0.001011081,3317.20682,3317.20682,3317.20682,9354.67731,9354.67731,9354.67731,9354.67731,9354.67731
2/5/2008,2866.228529,5108.818473,3223.164527,3290.762588,3767.506588,3223.164527,7165.997966,22537.73253,8344.264079,7334.849141,18107.98218,8344.264079,7470.936665,6995.405094,8344.264079,7527.360042,4836.104713,8344.264079,1576.156651,1566.230853,0.001001968,0.001005531,0.001008742,0.001011081,3343.553699,3343.553699,3343.553699,9607.484507,9607.484507,9607.484507,9607.484507,9607.484507
2/6/2008,5749.976497,13626.81106,6186.189492,4755.931105,5108.818473,6186.189492,7802.021565,23216.2018,8577.053805,6633.862852,22537.73253,8577.053805,6019.872293,18107.98218,8577.053805,4827.445623,6995.405094,8577.053805,1562.581074,1552.752278,0.001001968,0.001005531,0.001008742,0.001011081,3476.01259,3476.01259,3476.01259,9415.966459,9415.966459,9415.966459,9415.966459,9415.966459
2/7/2008,15073.66949,20941.5825,17132.61855,13935.07908,13626.81106,17132.61855,18956.2814,21988.55177,22294.81687,16663.2074,23216.2018,22294.81687,15653.34629,22537.73253,22294.81687,7764.638454,18107.98218,22294.81687,7450.832607,7394.057853,0.001001968,0.001005531,0.001008742,0.001011081,4636.562996,4636.562996,4636.562996,9843.790529,9843.790529,9843.790529,9843.790529,9843.790529
2/8/2008,17745.45643,13828.27008,21024.72127,21117.79134,20941.5825,21024.72127,28723.81646,17564.36014,35448.04215,29925.56477,21988.55177,35448.04215,29910.20026,23216.2018,35448.04215,23680.922,22537.73253,35448.04215,11989.36351,11893.1523,0.001001968,0.001005531,0.001008742,0.001011081,6814.162606,6814.162606,6814.162606,11914.37587,11914.37587,11914.37587,11914.37587,11914.37587
2/9/2008,10476.17331,8036.062904,12151.21715,13864.76843,13828.27008,12151.21715,18787.50038,17486.23785,22662.68712,21038.57249,17564.36014,22662.68712,24011.82323,21988.55177,22662.68712,27410.69251,23216.2018,22662.68712,6477.373263,6428.78807,0.001001968,0.001005531,0.001008742,0.001011081,8300.801684,8300.801684,8300.801684,14047.82845,14047.82845,14047.82845,14047.82845,14047.82845
2/10/2008,6344.954283,6308.484647,7051.710967,8059.067751,8036.062904,7051.710967,10003.80172,19146.56809,11523.57934,11282.05704,17486.23785,11523.57934,14043.36195,17564.36014,11523.57934,19515.59666,21988.55177,11523.57934,2870.783751,2851.239412,0.001001968,0.001005531,0.001008742,0.001011081,9275.393668,9275.393668,9275.393668,15408.95885,15408.95885,15408.95885,15408.95885,15408.95885
2/11/2008,5324.302013,5712.863597,5900.737621,6324.316183,6308.484647,5900.737621,10460.38089,16986.17685,12118.88979,11060.12585,19146.56809,12118.88979,12727.99156,17486.23785,12118.88979,15696.73584,17564.36014,12118.88979,2383.434637,2367.585735,0.001001968,0.001005531,0.001008742,0.001011081,9897.159204,9897.159204,9897.159204,16523.51775,16523.51775,16523.51775,16523.51775,16523.51775
2/12/2008,4904.174308,5261.263444,5473.469814,5724.165952,5712.863597,5473.469814,10761.92626,13842.76381,12573.87907,11162.03307,16986.17685,12573.87907,12158.44898,19146.56809,12573.87907,13634.16236,17486.23785,12573.87907,2377.272967,2361.470277,0.001001968,0.001005531,0.001008742,0.001011081,10347.21717,10347.21717,10347.21717,17323.40254,17323.40254,17323.40254,17323.40254,17323.40254
2/13/2008,4540.431236,5735.541863,5086.615027,5269.560795,5261.263444,5086.615027,13293.92973,11735.47551,15617.3958,13572.70572,13842.76381,15617.3958,14295.33259,16986.17685,15617.3958,14746.56461,19146.56809,15617.3958,2300.671658,2285.442331,0.001001968,0.001005531,0.001008742,0.001011081,10609.07397,10609.07397,10609.07397,18789.80686,18789.80686,18789.80686,18789.80686,18789.80686
2/14/2008,4876.606829,5438.938781,5600.922043,5741.766983,5735.541863,5600.922043,16425.53905,13869.17267,19569.50124,16688.95221,11735.47551,19569.50124,17414.21543,13842.76381,19569.50124,17052.41405,16986.17685,19569.50124,3007.65536,2987.059924,0.001001968,0.001005531,0.001008742,0.001011081,9881.912232,9881.912232,9881.912232,20076.41524,20076.41524,20076.41524,20076.41524,20076.41524
2/15/2008,4623.043025,4433.422414,5330.667315,5443.69001,5438.938781,5330.667315,13907.67736,21097.69361,16572.70663,14168.41093,13869.17267,16572.70663,14932.13478,11735.47551,16572.70663,15793.4922,13842.76381,16572.70663,2962.639262,2942.390122,0.001001968,0.001005531,0.001008742,0.001011081,8101.151006,8101.151006,8101.151006,19241.77375,19241.77375,19241.77375,19241.77375,19241.77375
2/16/2008,3841.635406,4064.991167,4344.101525,4437.09857,4433.422414,4344.101525,9772.082236,17065.8421,11446.39013,9993.996058,21097.69361,11446.39013,10560.09255,13869.17267,11446.39013,12007.94639,11735.47551,11446.39013,2153.136142,2139.004935,0.001001968,0.001005531,0.001008742,0.001011081,6565.838689,6565.838689,6565.838689,17194.27024,17194.27024,17194.27024,17194.27024,17194.27024
2/17/2008,3539.284869,4954.494023,3988.404335,4066.992379,4064.991167,3988.404335,8275.948933,16097.22173,9650.839409,8483.9048,17065.8421,9650.839409,8993.272779,21097.69361,9650.839409,9657.147273,13869.17267,9650.839409,1943.608534,1931.021909,0.001001968,0.001005531,0.001008742,0.001011081,5712.133523,5712.133523,5712.133523,15336.41874,15336.41874,15336.41874,15336.41874,15336.41874
2/18/2008,4830.060227,5149.270285,5431.289998,4944.880112,4954.494023,5431.289998,14066.74057,15204.34024,16419.33648,13764.34777,16097.22173,16419.33648,13937.66457,17065.8421,16419.33648,12182.93836,21097.69361,16419.33648,2486.713577,2470.088093,0.001001968,0.001005531,0.001008742,0.001011081,5297.0235,5297.0235,5297.0235,14840.36911,14840.36911,14840.36911,14840.36911,14840.36911
2/19/2008,5283.100507,6800.129808,5747.756792,5146.199666,5149.270285,5747.756792,20581.73723,14007.9673,24077.46783,19945.4395,15204.34024,24077.46783,19337.00207,16097.22173,24077.46783,20204.49982,17065.8421,24077.46783,1923.912183,1911.469795,0.001001968,0.001005531,0.001008742,0.001011081,5027.162879,5027.162879,5027.162879,16061.85731,16061.85731,16061.85731,16061.85731,16061.85731
2/20/2008,6497.072478,7682.232623,7294.813757,6803.903083,6800.129808,7294.813757,15803.55251,13091.56,18550.53082,15501.99239,14007.9673,18550.53082,15817.49377,15204.34024,18550.53082,14675.15279,16097.22173,18550.53082,3290.301726,3267.5192,0.001001968,0.001005531,0.001008742,0.001011081,5151.425089,5151.425089,5151.425089,16289.54776,16289.54776,16289.54776,16289.54776,16289.54776
2/21/2008,6354.312836,5656.007867,7288.993239,7683.732148,7682.232623,7288.993239,14979.93187,11668.82194,17843.44162,15610.92836,13091.56,17843.44162,16014.37804,14007.9673,17843.44162,15791.8676,15204.34024,17843.44162,3840.006975,3812.913114,0.001001968,0.001005531,0.001008742,0.001011081,5346.703918,5346.703918,5346.703918,15878.79658,15878.79658,15878.79658,15878.79658,15878.79658
2/22/2008,4610.300016,4535.656184,5153.796512,5657.120019,5656.007867,5153.796512,11392.29796,10585.62046,13312.5695,12021.85082,11668.82194,13312.5695,12912.85616,13091.56,13312.5695,14468.26601,14007.9673,13312.5695,2315.555087,2300.214525,0.001001968,0.001005531,0.001008742,0.001011081,5412.025481,5412.025481,5412.025481,15715.78984,15715.78984,15715.78984,15715.78984,15715.78984
2/23/2008,3880.95082,4217.831678,4291.510585,4536.560734,4535.656184,4291.510585,9252.472404,11336.96372,10696.44541,9601.990339,10585.62046,10696.44541,10490.51217,11668.82194,10696.44541,11750.74592,13091.56,10696.44541,1782.260005,1770.849778,0.001001968,0.001005531,0.001008742,0.001011081,5482.412452,5482.412452,5482.412452,15827.77188,15827.77188,15827.77188,15827.77188,15827.77188
2/24/2008,3655.935293,3924.950396,4063.723645,4218.570054,4217.831678,4063.723645,9302.681652,10573.88046,10812.39238,9548.961589,11336.96372,10812.39238,10152.19659,10585.62046,10812.39238,10968.14559,11668.82194,10812.39238,1778.882848,1767.497115,0.001001968,0.001005531,0.001008742,0.001011081,5526.416887,5526.416887,5526.416887,15962.44784,15962.44784,15962.44784,15962.44784,15962.44784
2/25/2008,3419.729442,3644.374178,3807.262878,3925.555125,3924.950396,3807.262878,8746.974131,9624.084336,10174.52527,8951.185596,10573.88046,10174.52527,9440.062767,11336.96372,10174.52527,10056.76309,10585.62046,10174.52527,1701.722745,1690.89513,0.001001968,0.001005531,0.001008742,0.001011081,5455.266296,5455.266296,5455.266296,15414.47791,15414.47791,15414.47791,15414.47791,15414.47791
2/26/2008,3183.706697,3460.330677,3543.321831,3644.87096,3644.374178,3543.321831,8242.737364,8996.213895,9564.921584,8426.816345,9624.084336,9564.921584,8853.066398,10573.88046,9564.921584,9255.409805,11336.96372,9564.921584,1591.011466,1580.979412,0.001001968,0.001005531,0.001008742,0.001011081,5369.87413,5369.87413,5369.87413,13633.34433,13633.34433,13633.34433,13633.34433,13633.34433
2/27/2008,3049.600035,3321.54545,3397.8539,3460.740089,3460.330677,3397.8539,9392.325732,8475.965175,10921.73291,9512.871859,8996.213895,10921.73291,9876.223799,9624.084336,10921.73291,10010.71735,10573.88046,10921.73291,1548.023707,1538.298815,0.001001968,0.001005531,0.001008742,0.001011081,4955.11652,4955.11652,4955.11652,12717.55993,12717.55993,12717.55993,12717.55993,12717.55993
2/28/2008,2920.482896,3134.031963,3258.38533,3321.884274,3321.54545,3258.38533,8669.402134,8232.478349,10088.14719,8793.293396,8475.965175,10088.14719,9114.892352,8996.213895,10088.14719,9611.490225,9624.084336,10088.14719,1508.729972,1499.284958,0.001001968,0.001005531,0.001008742,0.001011081,4395.548543,4395.548543,4395.548543,11887.98582,11887.98582,11887.98582,11887.98582,11887.98582
2/29/2008,2756.870897,2969.704565,3074.144771,3134.313964,3134.031963,3074.144771,7566.274589,6744.137911,8780.636056,7694.129158,8232.478349,8780.636056,8019.500909,8475.965175,8780.636056,8441.469064,8996.213895,8780.636056,1426.021376,1417.162596,0.001001968,0.001005531,0.001008742,0.001011081,3980.02819,3980.02819,3980.02819,11000.85868,11000.85868,11000.85868,11000.85868,11000.85868
3/1/2008,2617.473506,2830.242409,2918.260811,2969.94111,2969.704565,2918.260811,7213.836285,9109.799711,8362.503096,7330.495581,6744.137911,8362.503096,7639.054635,8232.478349,8362.503096,7940.580738,8475.965175,8362.503096,1360.074033,1351.679766,0.001001968,0.001005531,0.001008742,0.001011081,3687.14059,3687.14059,3687.14059,10294.10034,10294.10034,10294.10034,10294.10034,10294.10034
3/2/2008,2497.400864,2709.865138,2785.018552,2830.443322,2830.242409,2785.018552,6847.863435,31047.70822,7938.646061,6955.646282,9109.799711,7938.646061,7244.442758,6744.137911,7938.646061,7573.043349,8232.478349,7938.646061,1307.638432,1299.611568,0.001001968,0.001005531,0.001008742,0.001011081,3456.622903,3456.622903,3456.622903,9769.756038,9769.756038,9769.756038,9769.756038,9769.756038
3/3/2008,2431.05386,3266.803564,2708.025205,2710.038286,2709.865138,2708.025205,6719.788776,36574.3438,7785.46308,6780.18969,31047.70822,7785.46308,7051.204138,9109.799711,7785.46308,7306.38953,6744.137911,7785.46308,1265.515608,1257.782595,0.001001968,0.001005531,0.001008742,0.001011081,3263.646837,3263.646837,3263.646837,9389.712443,9389.712443,9389.712443,9389.712443,9389.712443
3/4/2008,1058.31525,8233.115995,1077.00149,1649.218741,3266.803564,1077.00149,4723.003513,33984.45548,5230.237151,5282.163541,36574.3438,5230.237151,5040.161933,31047.70822,5230.237151,6122.266077,9109.799711,5230.237151,0.001000564,0.001006515,0.001001968,0.001005531,0.001008742,0.001011081,2927.639803,2927.639803,2927.639803,8939.007731,8939.007731,8939.007731,8939.007731,8939.007731
3/5/2008,12135.35149,18157.31921,13059.5599,8647.563449,8233.115995,13059.5599,24174.23762,40504.71495,26748.12914,20461.70942,33984.45548,26748.12914,18171.37917,36574.3438,26748.12914,8145.865699,31047.70822,26748.12914,2350.571223,2334.968638,0.001001968,0.001005531,0.001008742,0.001011081,3231.360946,3231.360946,3231.360946,9625.135517,9625.135517,9625.135517,9625.135517,9625.135517
3/6/2008,18849.93024,22429.71058,21302.57676,18806.70986,18157.31921,21302.57676,45625.15897,43991.7299,54294.65928,43762.42184,40504.71495,54294.65928,41322.92866,33984.45548,54294.65928,35746.63179,36574.3438,54294.65928,8713.278027,8645.722871,0.001001968,0.001005531,0.001008742,0.001011081,4832.648437,4832.648437,4832.648437,13662.44096,13662.44096,13662.44096,13662.44096,13662.44096
3/7/2008,17078.47826,15669.22226,20370.98533,21803.66445,22429.71058,20370.98533,37426.07084,38409.99187,46178.53111,39761.78493,43991.7299,46178.53111,42320.05692,40504.71495,46178.53111,37808.79781,33984.45548,46178.53111,12158.32087,12060.60906,0.001001968,0.001005531,0.001008742,0.001011081,7446.693464,7446.693464,7446.693464,17962.37147,17962.37147,17962.37147,17962.37147,17962.37147
3/8/2008,12490.89629,17169.83186,14153.11069,15546.99986,15669.22226,14153.11069,27703.0017,31436.33162,32720.05188,29675.85272,38409.99187,32720.05188,31540.76118,43991.7299,32720.05188,36899.62593,40504.71495,32720.05188,5898.043901,5854.274485,0.001001968,0.001005531,0.001008742,0.001011081,9317.848354,9317.848354,9317.848354,21987.19167,21987.19167,21987.19167,21987.19167,21987.19167
3/9/2008,16883.19706,19542.84688,19188.01749,17403.52628,17169.83186,19188.01749,33347.47076,26444.35803,39501.38494,32414.59654,31436.33162,39501.38494,34720.12602,38409.99187,39501.38494,33298.34118,43991.7299,39501.38494,8045.122661,7983.294032,0.001001968,0.001005531,0.001008742,0.001011081,11449.06536,11449.06536,11449.06536,26747.46971,26747.46971,26747.46971,26747.46971,26747.46971
3/10/2008,16408.23771,14459.55374,19231.36774,19779.12371,19542.84688,19231.36774,37325.75483,21765.37152,45572.66786,38632.02987,26444.35803,45572.66786,40596.45504,31436.33162,45572.66786,40750.99273,38409.99187,45572.66786,10354.30729,10272.50865,0.001001968,0.001005531,0.001008742,0.001011081,13829.71458,13829.71458,13829.71458,31652.36122,31652.36122,31652.36122,31652.36122,31652.36122
3/11/2008,11342.31629,9570.906066,13124.63701,14540.2074,14459.55374,13124.63701,26056.91027,18092.04403,31426.98426,27930.54594,21765.37152,31426.98426,30726.54159,26444.35803,31426.98426,35270.66238,31436.33162,31426.98426,6795.860737,6744.609013,0.001001968,0.001005531,0.001008742,0.001011081,15900.00128,15900.00128,15900.00128,35857.3412,35857.3412,35857.3412,35857.3412,35857.3412
3/12/2008,7630.969188,7383.241749,8571.935265,9622.792583,9570.906066,8571.935265,16714.48022,17711.47919,19629.95235,18031.48372,18092.04403,19629.95235,20478.89059,21765.37152,19629.95235,25632.34347,26444.35803,19629.95235,3712.220151,3686.134876,0.001001968,0.001005531,0.001008742,0.001011081,16704.26973,16704.26973,16704.26973,37735.22664,37735.22664,37735.22664,37735.22664,37735.22664
3/13/2008,6281.658461,7086.315697,6980.377331,7420.244787,7383.241749,6980.377331,14527.21333,18300.83558,16942.12637,15147.41903,17711.47919,16942.12637,16879.01351,18092.04403,16942.12637,20018.28666,21765.37152,16942.12637,2805.571363,2786.525882,0.001001968,0.001005531,0.001008742,0.001011081,15851.26947,15851.26947,15851.26947,35462.98199,35462.98199,35462.98199,35462.98199,35462.98199
3/14/2008,6252.303772,9335.736345,6965.161181,6963.356201,7086.315697,6965.161181,14585.795,18991.13678,17059.77253,14761.14062,18300.83558,17059.77253,15756.40101,17711.47919,17059.77253,17283.85631,18092.04403,17059.77253,2877.658919,2858.061914,0.001001968,0.001005531,0.001008742,0.001011081,13839.80857,13839.80857,13839.80857,32493.92458,32493.92458,32493.92458,32493.92458,32493.92458
3/15/2008,8324.053595,10791.83562,9453.077417,9139.907886,9335.736345,9453.077417,16056.66493,18348.09534,18970.76738,16121.60475,18991.13678,18970.76738,16452.20149,18300.83558,18970.76738,15399.94618,17711.47919,18970.76738,4345.921939,4314.800593,0.001001968,0.001005531,0.001008742,0.001011081,12754.74467,12754.74467,12754.74467,29583.60402,29583.60402,29583.60402,29583.60402,29583.60402
3/16/2008,10051.92727,10970.71645,11436.08532,10886.56782,10791.83562,11436.08532,18366.15017,19266.94838,21775.08686,18283.2524,18348.09534,21775.08686,18734.73599,18991.13678,21775.08686,17387.47586,18300.83558,21775.08686,5229.013616,5190.744973,0.001001968,0.001005531,0.001008742,0.001011081,11667.77075,11667.77075,11667.77075,26253.82717,26253.82717,26253.82717,26253.82717,26253.82717
3/17/2008,9472.351551,9076.454149,10887.23553,11056.4926,10970.71645,10887.23553,17054.83498,25172.59668,20383.62963,17696.63057,19266.94838,20383.62963,18823.82564,18348.09534,20383.62963,18404.36758,18991.13678,20383.62963,5438.218186,5398.236877,0.001001968,0.001005531,0.001008742,0.001011081,10459.5907,10459.5907,10459.5907,22996.85263,22996.85263,22996.85263,22996.85263,22996.85263
3/18/2008,7682.809042,12016.56398,8687.269763,9026.465021,9076.454149,8687.269763,14575.78733,29054.41016,17182.40855,15236.00603,25172.59668,17182.40855,16493.07965,19266.94838,17182.40855,18321.36945,18348.09534,17182.40855,3953.498257,3925.505602,0.001001968,0.001005531,0.001008742,0.001011081,9534.270383,9534.270383,9534.270383,20568.35497,20568.35497,20568.35497,20568.35497,20568.35497
3/19/2008,9223.026558,18798.72928,10491.15194,10347.35155,12016.56398,10491.15194,15241.03253,28763.52854,17997.07102,15570.57283,29054.41016,17997.07102,16246.85239,25172.59668,17997.07102,15726.06179,19266.94838,17997.07102,4822.045247,4787.087603,0.001001968,0.001005531,0.001008742,0.001011081,9333.920352,9333.920352,9333.920352,18967.29817,18967.29817,18967.29817,18967.29817,18967.29817
3/20/2008,19602.89399,20993.51729,22508.7584,19486.20014,18798.72928,22508.7584,27940.29518,25619.5204,33352.88918,26166.06067,28763.52854,33352.88918,25955.62492,29054.41016,33352.88918,18723.02777,25172.59668,33352.88918,9668.905438,9593.084923,0.001001968,0.001005531,0.001008742,0.001011081,10516.86468,10516.86468,10516.86468,18803.85383,18803.85383,18803.85383,18803.85383,18803.85383
3/21/2008,18696.25768,16659.70463,21699.56753,21601.95177,20993.51729,21699.56753,30481.7694,20926.37594,36958.39915,31431.13065,25619.5204,36958.39915,32213.98663,28763.52854,36958.39915,30007.54411,29054.41016,36958.39915,10713.22785,10628.28311,0.001001968,0.001005531,0.001008742,0.001011081,12287.48483,12287.48483,12287.48483,20364.08053,20364.08053,20364.08053,20364.08053,20364.08053
3/22/2008,13119.50188,10825.35392,15254.84998,16734.48357,16659.70463,15254.84998,21966.20033,17156.18636,26604.21884,24162.78875,20926.37594,26604.21884,27545.23446,25619.5204,26604.21884,29600.35001,28763.52854,26604.21884,8011.587232,7950.044811,0.001001968,0.001005531,0.001008742,0.001011081,13667.62252,13667.62252,13667.62252,22531.48965,22531.48965,22531.48965,22531.48965,22531.48965
3/23/2008,8675.694216,8317.592656,9761.937353,10870.36786,10825.35392,9761.937353,15565.3138,14550.58111,18282.45863,17032.40971,17156.18636,18282.45863,19877.986,20926.37594,18282.45863,25667.29927,25619.5204,18282.45863,4216.3861,4186.300984,0.001001968,0.001005531,0.001008742,0.001011081,14041.09909,14041.09909,14041.09909,23920.07124,23920.07124,23920.07124,23920.07124,23920.07124
3/24/2008,7159.376883,7706.918689,7950.657642,8348.714543,8317.592656,7950.657642,12954.89369,13551.96798,15029.1757,13616.3936,14550.58111,15029.1757,15610.9429,17156.18636,15029.1757,18979.73361,20926.37594,15029.1757,3122.854404,3101.370185,0.001001968,0.001005531,0.001008742,0.001011081,13859.46916,13859.46916,13859.46916,24240.50561,24240.50561,24240.50561,24240.50561,24240.50561
3/25/2008,6836.072903,7588.976764,7616.619967,7715.227514,7706.918689,7616.619967,13314.09728,13842.54046,15531.98974,13647.89784,13551.96798,15531.98974,14830.89993,14550.58111,15531.98974,16497.24665,17156.18636,15531.98974,3112.810621,3091.404037,0.001001968,0.001005531,0.001008742,0.001011081,13692.44651,13692.44651,13692.44651,23961.01674,23961.01674,23961.01674,23961.01674,23961.01674
3/26/2008,6771.67978,7508.221157,7570.630422,7573.602484,7588.976764,7570.630422,12731.63513,13956.83029,14877.04549,12984.04974,13842.54046,14877.04549,13831.41816,13551.96798,14877.04549,14559.34085,14550.58111,14877.04549,3201.469057,3179.376225,0.001001968,0.001005531,0.001008742,0.001011081,13384.19962,13384.19962,13384.19962,23540.58685,23540.58685,23540.58685,23540.58685,23540.58685
3/27/2008,6802.478082,8355.185476,7582.029134,7478.389421,7508.221157,7582.029134,11814.4839,13969.42763,13737.77481,11974.23013,13956.83029,13737.77481,12635.06262,13842.54046,13737.77481,13088.25979,13551.96798,13737.77481,3122.442519,3100.961484,0.001001968,0.001005531,0.001008742,0.001011081,12037.66946,12037.66946,12037.66946,22413.68906,22413.68906,22413.68906,22413.68906,22413.68906
3/28/2008,8163.510776,9640.999821,9112.508081,8358.935316,8355.185476,9112.508081,12767.64001,11505.95104,14847.94621,12357.35293,13969.42763,14847.94621,12924.68762,13956.83029,14847.94621,12417.21631,13842.54046,14847.94621,3738.900981,3712.605427,0.001001968,0.001005531,0.001008742,0.001011081,10363.74662,10363.74662,10363.74662,20124.70012,20124.70012,20124.70012,20124.70012,20124.70012
3/29/2008,8025.901182,7609.590048,9155.945465,9666.7532,9640.999821,9155.945465,13038.88905,10209.19454,15475.86821,13944.28948,11505.95104,15475.86821,14334.66861,13969.42763,15475.86821,13544.6056,13956.83029,15475.86821,4463.731162,4431.664539,0.001001968,0.001005531,0.001008742,0.001011081,9056.399016,9056.399016,9056.399016,17611.32246,17611.32246,17611.32246,17611.32246,17611.32246
3/30/2008,6532.935498,7111.679374,7317.757025,7613.689674,7609.590048,7317.757025,11187.69468,15519.26141,13059.05379,11749.45181,10209.19454,13059.05379,13125.88952,11505.95104,13059.05379,14048.50036,13969.42763,13059.05379,3171.664707,3149.802807,0.001001968,0.001005531,0.001008742,0.001011081,8412.880266,8412.880266,8412.880266,15716.65023,15716.65023,15716.65023,15716.65023,15716.65023
3/31/2008,6104.096619,7293.13578,6814.093721,6919.366947,7111.679374,6814.093721,9990.488669,18779.5,11603.72893,10346.88305,15519.26141,11603.72893,11354.30269,10209.19454,11603.72893,12500.95964,11505.95104,11603.72893,2893.848897,2874.127813,0.001001968,0.001005531,0.001008742,0.001011081,8071.000885,8071.000885,8071.000885,14570.69464,14570.69464,14570.69464,14570.69464,14570.69464
4/1/2008,7630.972307,11894.76206,8249.862253,6944.587271,7293.13578,8249.862253,10356.01382,17771.94153,11570.6031,9328.414807,18779.5,11570.6031,9465.917061,15519.26141,11570.6031,10112.65207,10209.19454,11570.6031,2359.089092,2343.422702,0.001001968,0.001005531,0.001008742,0.001011081,7827.796047,7827.796047,7827.796047,13614.82964,13614.82964,13614.82964,13614.82964,13614.82964
4/2/2008,12742.86532,17234.83554,14263.77469,12034.82513,11894.76206,14263.77469,14929.25048,18940.38702,17334.27854,13342.96395,17771.94153,17334.27854,13355.53987,18779.5,17334.27854,9320.717841,15519.26141,17334.27854,5712.104219,5669.870413,0.001001968,0.001005531,0.001008742,0.001011081,8239.747118,8239.747118,8239.747118,13020.48376,13020.48376,13020.48376,13020.48376,13020.48376
4/3/2008,14724.77108,14208.87115,17208.43241,17278.28823,17234.83554,17208.43241,21298.81048,19091.13712,26028.31391,22234.98653,18940.38702,26028.31391,22731.50133,17771.94153,26028.31391,18171.99389,18779.5,26028.31391,9329.915505,9257.03659,0.001001968,0.001005531,0.001008742,0.001011081,9381.76111,9381.76111,9381.76111,13555.03384,13555.03384,13555.03384,13555.03384,13555.03384
4/4/2008,11005.62144,10752.52968,12624.00091,13948.7063,14208.87115,12624.00091,17338.38292,17085.78815,20743.37466,19222.76498,19091.13712,20743.37466,20778.42824,18940.38702,20743.37466,22286.77793,17771.94153,20743.37466,6211.699343,6165.328334,0.001001968,0.001005531,0.001008742,0.001011081,10233.82107,10233.82107,10233.82107,14749.82438,14749.82438,14749.82438,14749.82438,14749.82438
4/5/2008,10181.02967,12240.31284,11237.03547,10839.50547,10752.52968,11237.03547,12013.59009,15947.47852,13671.41876,12090.80523,17085.78815,13671.41876,14171.33096,19091.13712,13671.41876,16248.87247,18940.38702,13671.41876,3992.290445,3963.989936,0.001001968,0.001005531,0.001008742,0.001011081,10649.95707,10649.95707,10649.95707,15565.18475,15565.18475,15565.18475,15565.18475,15565.18475
4/6/2008,11167.26837,11982.22625,12581.07553,12310.92479,12240.31284,12581.07553,14822.312,15221.10915,17369.14429,15099.37236,15947.47852,17369.14429,16251.98727,17085.78815,17369.14429,16235.89341,19091.13712,17369.14429,5432.646228,5392.710625,0.001001968,0.001005531,0.001008742,0.001011081,11201.03482,11201.03482,11201.03482,16018.26723,16018.26723,16018.26723,16018.26723,16018.26723
4/7/2008,10324.28329,10430.31452,11671.5982,11975.17564,11982.22625,11671.5982,15739.47732,14367.79611,18574.77233,16509.871,15221.10915,18574.77233,17755.42316,15947.47852,18574.77233,18140.25406,17085.78815,18574.77233,5252.088913,5213.631708,0.001001968,0.001005531,0.001008742,0.001011081,11874.78516,11874.78516,11874.78516,16590.81723,16590.81723,16590.81723,16590.81723,16590.81723
4/8/2008,9219.722978,10176.97998,10249.44216,10334.47392,10430.31452,10249.44216,12950.06965,14241.46308,14988.10623,13417.42899,14367.79611,14988.10623,14779.17429,15221.10915,14988.10623,16192.72581,15947.47852,14988.10623,4074.192453,4045.24092,0.001001968,0.001005531,0.001008742,0.001011081,12473.42711,12473.42711,12473.42711,17482.68793,17482.68793,17482.68793,17482.68793,17482.68793
4/9/2008,9372.481605,11526.94602,10357.92748,10043.82974,10176.97998,10357.92748,12300.51651,17843.78925,14125.08073,12369.72862,14241.46308,14125.08073,13442.86778,14367.79611,14125.08073,14134.44512,15221.10915,14125.08073,3892.238534,3864.731374,0.001001968,0.001005531,0.001008742,0.001011081,12410.98141,12410.98141,12410.98141,18125.65865,18125.65865,18125.65865,18125.65865,18125.65865
4/10/2008,10240.56767,13421.65102,11384.73508,10954.35927,11526.94602,11384.73508,13596.26922,20402.83117,15734.64922,13602.54287,17843.78925,15734.64922,14418.01835,14241.46308,15734.64922,14000.70129,14367.79611,15734.64922,4473.400589,4441.256263,0.001001968,0.001005531,0.001008742,0.001011081,11732.51262,11732.51262,11732.51262,17738.1392,17738.1392,17738.1392,17738.1392,17738.1392
4/11/2008,11498.88153,14236.565,12892.97375,12593.90869,13421.65102,12892.97375,14560.11759,19253.48683,16985.41464,14824.45089,20402.83117,16985.41464,15747.88536,17843.78925,16985.41464,14313.4478,14241.46308,16985.41464,5242.452114,5204.073668,0.001001968,0.001005531,0.001008742,0.001011081,11475.50433,11475.50433,11475.50433,16787.19196,16787.19196,16787.19196,16787.19196,16787.19196
4/12/2008,13311.36739,14384.10701,15023.03924,14577.95747,14236.565,15023.03924,15945.06401,17391.42122,18685.69152,16247.34865,19253.48683,18685.69152,17459.93362,20402.83117,18685.69152,15325.3743,17843.78925,18685.69152,6130.215621,6084.521797,0.001001968,0.001005531,0.001008742,0.001011081,11807.24799,11807.24799,11807.24799,16289.61584,16289.61584,16289.61584,16289.61584,16289.61584
4/13/2008,13387.0892,13308.96538,15138.65026,14813.9397,14384.10701,15138.65026,17685.89185,15900.24596,20837.9221,18053.43647,17391.42122,20837.9221,19313.75612,19253.48683,20837.9221,19220.20611,20402.83117,20837.9221,6452.586814,6404.208595,0.001001968,0.001005531,0.001008742,0.001011081,12145.23994,12145.23994,12145.23994,16462.18047,16462.18047,16462.18047,16462.18047,16462.18047
4/14/2008,10939.12901,9891.649822,12411.2137,13495.06663,13308.96538,12411.2137,15540.76665,13638.17336,18385.31333,17171.42838,15900.24596,18385.31333,18491.40551,17391.42122,18385.31333,19711.70151,19253.48683,18385.31333,5611.619223,5570.213153,0.001001968,0.001005531,0.001008742,0.001011081,12358.00169,12358.00169,12358.00169,16797.22773,16797.22773,16797.22773,16797.22773,16797.22773
4/15/2008,7702.211903,7537.054749,8583.85087,9900.211994,9891.649822,8583.85087,11321.19581,11855.08085,13128.08995,12970.76315,13638.17336,13128.08995,14953.06104,15900.24596,13128.08995,17519.29309,17391.42122,13128.08995,3458.815896,3434.719467,0.001001968,0.001005531,0.001008742,0.001011081,12408.00816,12408.00816,12408.00816,17053.95514,17053.95514,17053.95514,17053.95514,17053.95514
4/16/2008,6444.519681,7764.733114,7067.347106,7456.059299,7537.054749,7067.347106,9475.541892,11587.91705,10797.9587,10108.93669,11855.08085,10797.9587,12037.64691,13638.17336,10797.9587,14415.53426,15900.24596,10797.9587,2457.329185,2440.925029,0.001001968,0.001005531,0.001008742,0.001011081,12213.95049,12213.95049,12213.95049,17113.43146,17113.43146,17113.43146,17113.43146,17113.43146
4/17/2008,6704.097036,7965.397925,7457.660559,7545.517429,7764.733114,7457.660559,10475.24463,11887.64839,12138.23373,10841.82105,11587.91705,12138.23373,11941.97618,11855.08085,12138.23373,12915.33565,13638.17336,12138.23373,2960.391522,2940.159658,0.001001968,0.001005531,0.001008742,0.001011081,11825.96233,11825.96233,11825.96233,16902.44515,16902.44515,16902.44515,16902.44515,16902.44515
4/18/2008,6711.605065,7671.966265,7515.491468,7684.344596,7965.397925,7515.491468,10484.42461,11395.52691,12216.55125,10960.97632,11887.64839,12216.55125,11805.39891,11587.91705,12216.55125,12074.73569,11855.08085,12216.55125,3089.225366,3068.000982,0.001001968,0.001005531,0.001008742,0.001011081,11196.75051,11196.75051,11196.75051,16463.16114,16463.16114,16463.16114,16463.16114,16463.16114
4/19/2008,6473.847927,6845.10099,7273.800189,7539.131918,7671.966265,7273.800189,9474.933917,10244.56878,11041.4895,10077.33771,11395.52691,11041.4895,11023.92947,11887.64839,11041.4895,11161.32324,11587.91705,11041.4895,2982.570802,2962.168406,0.001001968,0.001005531,0.001008742,0.001011081,10274.35536,10274.35536,10274.35536,15796.43659,15796.43659,15796.43659,15796.43659,15796.43659
4/20/2008,6047.18906,6226.758321,6811.356416,7066.500184,6845.10099,6811.356416,8958.951299,9468.044076,10456.6188,9543.05706,10244.56878,10456.6188,10566.1188,11395.52691,10456.6188,11020.2795,11887.64839,10456.6188,2814.390599,2795.277728,0.001001968,0.001005531,0.001008742,0.001011081,9266.233827,9266.233827,9266.233827,14707.69913,14707.69913,14707.69913,14707.69913,14707.69913
4/21/2008,5454.901933,5866.176915,6158.669721,6311.896131,6226.758321,6158.669721,8675.427513,9128.345611,10159.53425,9109.404247,9468.044076,10159.53425,10067.10385,10244.56878,10159.53425,10935.83767,11395.52691,10159.53425,2692.095065,2673.914551,0.001001968,0.001005531,0.001008742,0.001011081,8292.7535,8292.7535,8292.7535,13413.71766,13413.71766,13413.71766,13413.71766,13413.71766
4/22/2008,5064.771449,5520.426209,5723.943727,5824.522258,5866.176915,5723.943727,8184.249303,8699.629899,9592.714766,8541.820825,9128.345611,9592.714766,9338.453279,9468.044076,9592.714766,10058.19801,10244.56878,9592.714766,2568.605195,2551.361342,0.001001968,0.001005531,0.001008742,0.001011081,7572.460427,7572.460427,7572.460427,12202.19564,12202.19564,12202.19564,12202.19564,12202.19564
4/23/2008,4828.915733,5100.855956,5457.459819,5529.025582,5520.426209,5457.459819,7639.66005,8299.965572,8945.62488,7962.65459,8699.629899,8945.62488,8674.31741,9128.345611,8945.62488,9118.580349,9468.044076,8945.62488,2447.650293,2431.318974,0.001001968,0.001005531,0.001008742,0.001011081,7123.898602,7123.898602,7123.898602,11299.71807,11299.71807,11299.71807,11299.71807,11299.71807
4/24/2008,4577.492673,4781.688418,5174.230043,5230.935392,5100.855956,5174.230043,7274.738193,8134.960655,8516.069453,7569.673275,8299.965572,8516.069453,8224.469785,8699.629899,8516.069453,8632.498091,9128.345611,8516.069453,2341.165868,2325.633707,0.001001968,0.001005531,0.001008742,0.001011081,6748.379696,6748.379696,6748.379696,10693.89023,10693.89023,10693.89023,10693.89023,10693.89023
4/25/2008,4257.802319,4532.651168,4818.719291,4869.91264,4781.688418,4818.719291,6972.171082,9116.967051,8174.98298,7236.762031,8134.960655,8174.98298,7840.887636,8299.965572,8174.98298,8319.477466,8699.629899,8174.98298,2262.945128,2247.997391,0.001001968,0.001005531,0.001008742,0.001011081,6338.149145,6338.149145,6338.149145,10208.60473,10208.60473,10208.60473,10208.60473,10208.60473
4/26/2008,3984.437729,4382.569523,4511.888277,4563.153994,4532.651168,4511.888277,6599.194714,10514.77898,7744.707378,6845.244119,9116.967051,7744.707378,7403.614645,8134.960655,7744.707378,7836.464662,8299.965572,7744.707378,2172.352924,2158.07916,0.001001968,0.001005531,0.001008742,0.001011081,5885.670962,5885.670962,5885.670962,9707.012975,9707.012975,9707.012975,9707.012975,9707.012975
4/27/2008,3842.815009,4641.784457,4353.634975,4387.020291,4382.569523,4353.634975,6548.016281,9251.629017,7676.793991,6767.884109,10514.77898,7676.793991,7285.163228,9116.967051,7676.793991,7478.830712,8134.960655,7676.793991,2124.023284,2110.107769,0.001001968,0.001005531,0.001008742,0.001011081,5454.442322,5454.442322,5454.442322,9208.263968,9208.263968,9208.263968,9208.263968,9208.263968
4/28/2008,3901.270293,5450.027194,4440.797219,4480.09162,4641.784457,4440.797219,6798.015413,8117.774389,8001.73773,7031.120966,9251.629017,8001.73773,7502.647352,10514.77898,8001.73773,7520.17462,9116.967051,8001.73773,2245.613306,2230.794754,0.001001968,0.001005531,0.001008742,0.001011081,5137.690688,5137.690688,5137.690688,8772.582196,8772.582196,8772.582196,8772.582196,8772.582196
4/29/2008,4833.125724,4931.755809,5588.500308,5529.32894,5450.027194,5588.500308,8839.959414,7507.019311,10536.77929,9055.241925,8117.774389,10536.77929,9586.315848,9251.629017,10536.77929,8494.214012,10514.77898,10536.77929,3030.046444,3009.278546,0.001001968,0.001005531,0.001008742,0.001011081,5041.672375,5041.672375,5041.672375,8647.62621,8647.62621,8647.62621,8647.62621,8647.62621
4/30/2008,4575.658456,4632.297121,5214.399512,5000.278714,4931.755809,5214.399512,9531.258827,6681.446147,11277.61143,9507.358848,7507.019311,11277.61143,10025.7966,8117.774389,11277.61143,10758.42696,9251.629017,11277.61143,2618.024584,2600.406482,0.001001968,0.001005531,0.001008742,0.001011081,4940.479261,4940.479261,4940.479261,8830.303362,8830.303362,8830.303362,8830.303362,8830.303362
5/1/2008,3923.242643,4069.042088,4484.247626,4620.624706,4632.297121,4484.247626,6797.878861,6754.428615,8028.379685,7132.438122,6681.446147,8028.379685,7649.338544,7507.019311,8028.379685,8155.497874,8117.774389,8028.379685,2353.719341,2338.093177,0.001001968,0.001005531,0.001008742,0.001011081,4833.673432,4833.673432,4833.673432,8835.328099,8835.328099,8835.328099,8835.328099,8835.328099
5/2/2008,3480.819443,4020.090022,3943.628523,4054.71472,4069.042088,3943.628523,5932.95369,7492.256927,6942.515335,6213.153325,6754.428615,6942.515335,6778.413629,6681.446147,6942.515335,7287.646142,7507.019311,6942.515335,1957.824176,1945.133343,0.001001968,0.001005531,0.001008742,0.001011081,4721.188621,4721.188621,4721.188621,8739.287685,8739.287685,8739.287685,8739.287685,8739.287685
5/3/2008,3458.318667,3489.09125,3921.218687,3958.692928,4020.090022,3921.218687,5734.986763,7169.178872,6715.408658,5944.672425,7492.256927,6715.408658,6441.588882,6754.428615,6715.408658,6689.135367,6681.446147,6715.408658,1956.154507,1943.475918,0.001001968,0.001005531,0.001008742,0.001011081,4632.238628,4632.238628,4632.238628,8620.343725,8620.343725,8620.343725,8620.343725,8620.343725
5/4/2008,3299.896489,4117.604326,3653.967031,3532.499764,3489.09125,3653.967031,5367.377556,6800.370722,6140.100717,5388.315593,7169.178872,6140.100717,5675.340077,7492.256927,6140.100717,6188.181338,6754.428615,6140.100717,1474.247121,1465.047002,0.001001968,0.001005531,0.001008742,0.001011081,4498.869566,4498.869566,4498.869566,8413.719297,8413.719297,8413.719297,8413.719297,8413.719297
5/5/2008,4196.869789,5171.34342,4687.381855,4153.890347,4117.604326,4687.381855,6380.749946,7296.675263,7382.061079,6032.30111,6800.370722,7382.061079,6381.541837,7169.178872,7382.061079,5936.505685,7492.256927,7382.061079,2067.990828,2054.489485,0.001001968,0.001005531,0.001008742,0.001011081,4439.352062,4439.352062,4439.352062,8229.015902,8229.015902,8229.015902,8229.015902,8229.015902
5/6/2008,4225.720067,3637.215024,4876.944563,5172.479414,5171.34342,4876.944563,7301.143248,8130.239659,8721.099674,7816.797091,7296.675263,8721.099674,7995.802454,6800.370722,8721.099674,7426.080395,7169.178872,8721.099674,2741.043889,2722.490754,0.001001968,0.001005531,0.001008742,0.001011081,4346.682334,4346.682334,4346.682334,7949.543949,7949.543949,7949.543949,7949.543949,7949.543949
5/7/2008,3010.299317,3235.121357,3370.078538,3631.611815,3637.215024,3370.078538,5517.177885,9188.26713,6400.934227,5899.886123,8130.239659,6400.934227,6543.002902,7296.675263,6400.934227,7404.142816,6800.370722,6400.934227,1563.374809,1553.540343,0.001001968,0.001005531,0.001008742,0.001011081,4196.850107,4196.850107,4196.850107,7487.573218,7487.573218,7487.573218,7487.573218,7487.573218
5/8/2008,2826.731125,3558.103408,3156.208448,3223.090984,3235.121357,3156.208448,4447.447163,7868.554693,5129.555019,4640.845047,9188.26713,5129.555019,5208.77416,8130.239659,5129.555019,5758.687359,7296.675263,5129.555019,1439.11179,1430.160492,0.001001968,0.001005531,0.001008742,0.001011081,4032.010611,4032.010611,4032.010611,7168.815092,7168.815092,7168.815092,7168.815092,7168.815092
5/9/2008,3044.662021,4011.97674,3447.837926,3483.510019,3558.103408,3447.837926,5851.116041,7504.975173,6843.483866,6020.798678,7868.554693,6843.483866,6407.254204,9188.26713,6843.483866,6323.796242,8130.239659,6843.483866,1746.696487,1735.543919,0.001001968,0.001005531,0.001008742,0.001011081,3933.272376,3933.272376,3933.272376,7003.27135,7003.27135,7003.27135,7003.27135,7003.27135
5/10/2008,3546.549659,3944.281602,4062.405118,4045.692256,4011.97674,4062.405118,7675.570516,6638.507392,9060.186921,7821.831727,7504.975173,9060.186921,8179.87845,7868.554693,9060.186921,7602.916792,9188.26713,9060.186921,2178.743063,2164.421863,0.001001968,0.001005531,0.001008742,0.001011081,3922.42373,3922.42373,3922.42373,7125.599313,7125.599313,7125.599313,7125.599313,7125.599313
5/11/2008,3425.751697,3063.135634,3926.307512,3983.317719,3944.281602,3926.307512,8106.884108,5665.033016,9603.023453,8296.732176,6638.507392,9603.023453,8645.151509,7504.975173,9603.023453,8972.878524,7868.554693,9603.023453,2130.467098,2116.503871,0.001001968,0.001005531,0.001008742,0.001011081,3981.35968,3981.35968,3981.35968,7526.236683,7526.236683,7526.236683,7526.236683,7526.236683
5/12/2008,2650.830491,2774.865944,2996.711326,3062.87457,3063.135634,2996.711326,5711.274958,5594.921099,6664.925005,5882.640944,5665.033016,6664.925005,6418.787646,6638.507392,6664.925005,7151.062853,7504.975173,6664.925005,1521.761326,1512.223589,0.001001968,0.001005531,0.001008742,0.001011081,3873.37147,3873.37147,3873.37147,7681.038706,7681.038706,7681.038706,7681.038706,7681.038706
5/13/2008,2418.704947,2640.635704,2724.786139,2773.006069,2774.865944,2724.786139,5333.544204,7246.127831,6206.990303,5472.873532,5594.921099,6206.990303,5831.765179,5665.033016,6206.990303,6370.423224,6638.507392,6206.990303,1359.994313,1351.600606,0.001001968,0.001005531,0.001008742,0.001011081,3604.631869,3604.631869,3604.631869,7645.054611,7645.054611,7645.054611,7645.054611,7645.054611
5/14/2008,2308.903554,2690.842029,2600.052042,2628.645832,2640.635704,2600.052042,4984.639498,9417.201301,5800.202036,5100.626489,7246.127831,5800.202036,5407.548346,5594.921099,5800.202036,5717.778003,5665.033016,5800.202036,1300.688803,1292.710501,0.001001968,0.001005531,0.001008742,0.001011081,3422.897281,3422.897281,3422.897281,7449.506479,7449.506479,7449.506479,7449.506479,7449.506479
5/15/2008,2357.501356,3257.975742,2666.257828,2674.980966,2690.842029,2666.257828,4581.845603,8832.327376,5342.2961,4693.571752,9417.201301,5342.2961,4982.911581,7246.127831,5342.2961,5059.129822,5594.921099,5342.2961,1375.564597,1367.061459,0.001001968,0.001005531,0.001008742,0.001011081,3309.176556,3309.176556,3309.176556,7249.431407,7249.431407,7249.431407,7249.431407,7249.431407
5/16/2008,2548.816019,4002.591659,2915.748983,2945.788831,3257.975742,2915.748983,5041.594873,8341.93827,5917.092971,5197.070635,8832.327376,5917.092971,5489.43343,9417.201301,5917.092971,5196.702542,7246.127831,5917.092971,1616.654297,1606.438544,0.001001968,0.001005531,0.001008742,0.001011081,3221.956398,3221.956398,3221.956398,7083.788973,7083.788973,7083.788973,7083.788973,7083.788973
5/17/2008,3742.667495,4226.228574,4300.01883,4120.9116,4002.591659,4300.01883,8080.434337,8140.44772,9509.938807,8099.980716,8341.93827,9509.938807,8327.871797,8832.327376,9509.938807,7027.256378,9417.201301,9509.938807,2262.206482,2247.264253,0.001001968,0.001005531,0.001008742,0.001011081,3209.943203,3209.943203,3209.943203,7063.181037,7063.181037,7063.181037,7063.181037,7063.181037
5/18/2008,3747.145034,3136.385226,4323.750538,4333.014644,4226.228574,4323.750538,9269.871495,7388.45887,10997.49523,9438.655696,8140.44772,10997.49523,9657.410461,8341.93827,10997.49523,9730.991856,8832.327376,10997.49523,2390.762646,2374.858767,0.001001968,0.001005531,0.001008742,0.001011081,3234.327984,3234.327984,3234.327984,7181.852733,7181.852733,7181.852733,7181.852733,7181.852733
5/19/2008,2860.18798,3197.415841,3231.830089,3139.962563,3136.385226,3231.830089,6790.646942,6407.182014,7915.277765,6805.3839,7388.45887,7915.277765,7385.506856,8140.44772,7915.277765,8230.606971,8341.93827,7915.277765,1613.578697,1603.384996,0.001001968,0.001005531,0.001008742,0.001011081,3250.503243,3250.503243,3250.503243,7345.105521,7345.105521,7345.105521,7345.105521,7345.105521
5/20/2008,2784.630187,2845.342566,3169.438059,3207.664559,3197.415841,3169.438059,6138.282933,6123.311825,7186.603078,6294.182281,6407.182014,7186.603078,6588.501664,7388.45887,7186.603078,7025.71666,8140.44772,7186.603078,1680.169703,1669.49746,0.001001968,0.001005531,0.001008742,0.001011081,3293.624241,3293.624241,3293.624241,7461.999978,7461.999978,7461.999978,7461.999978,7461.999978
5/21/2008,2402.360943,2653.106727,2721.095104,2829.264286,2845.342566,2721.095104,6297.645141,5837.679749,7354.8838,6487.207448,6123.311825,7354.8838,6813.574221,6407.182014,7354.8838,7158.78772,7388.45887,7354.8838,1412.909437,1404.143224,0.001001968,0.001005531,0.001008742,0.001011081,3324.127186,3324.127186,3324.127186,7685.658119,7685.658119,7685.658119,7685.658119,7685.658119
5/22/2008,2409.862371,2934.788367,2701.674334,2642.211584,2653.106727,2701.674334,5903.905784,5506.622635,6848.250859,5922.885727,5837.679749,6848.250859,6208.606663,6123.311825,6848.250859,6549.524546,6407.182014,6848.250859,1291.086948,1283.175688,0.001001968,0.001005531,0.001008742,0.001011081,3325.256989,3325.256989,3325.256989,7951.85316,7951.85316,7951.85316,7951.85316,7951.85316
5/23/2008,2638.131193,2723.418766,2988.256725,2955.245552,2934.788367,2988.256725,5456.142498,5306.01521,6361.433949,5536.742286,5506.622635,6361.433949,5760.33983,5837.679749,6361.433949,5691.546265,6123.311825,6361.433949,1538.151056,1528.496565,0.001001968,0.001005531,0.001008742,0.001011081,3320.832745,3320.832745,3320.832745,8040.083378,8040.083378,8040.083378,8040.083378,8040.083378
5/24/2008,2405.805803,2490.412797,2721.328517,2735.175241,2723.418766,2721.328517,5157.816341,5412.683313,6010.930504,5268.4246,5306.01521,6010.930504,5584.965092,5506.622635,6010.930504,5802.925576,5837.679749,6010.930504,1409.737478,1400.993643,0.001001968,0.001005531,0.001008742,0.001011081,3163.358762,3163.358762,3163.358762,7758.930557,7758.930557,7758.930557,7758.930557,7758.930557
5/25/2008,2144.485163,2220.230093,2420.797902,2489.575259,2490.412797,2420.797902,4514.292041,5354.626212,5246.790608,4669.837647,5412.683313,5246.790608,4962.890727,5306.01521,5246.790608,5307.989268,5506.622635,5246.790608,1252.205809,1244.565399,0.001001968,0.001005531,0.001008742,0.001011081,2939.185627,2939.185627,2939.185627,7125.699008,7125.699008,7125.699008,7125.699008,7125.699008
5/26/2008,1927.693072,2103.282097,2163.571623,2218.796257,2220.230093,2163.571623,4134.87954,4781.458784,4783.033922,4263.173508,5354.626212,4783.033922,4544.152723,5412.683313,4783.033922,4871.922105,5306.01521,4783.033922,1080.971771,1074.51149,0.001001968,0.001005531,0.001008742,0.001011081,2778.134809,2778.134809,2778.134809,6606.639876,6606.639876,6606.639876,6606.639876,6606.639876
5/27/2008,1845.874441,2229.653621,2071.213521,2097.728545,2103.282097,2071.213521,4127.90029,4589.082309,4776.047688,4221.27322,4781.458784,4776.047688,4470.202322,5354.626212,4776.047688,4669.155285,5412.683313,4776.047688,1037.950746,1031.783463,0.001001968,0.001005531,0.001008742,0.001011081,2631.655685,2631.655685,2631.655685,6197.595011,6197.595011,6197.595011,6197.595011,6197.595011
5/28/2008,1958.259529,2272.058349,2213.057252,2229.549159,2229.653621,2213.057252,4572.245734,5239.148968,5324.31941,4661.028799,4589.082309,5324.31941,4853.694229,4781.458784,5324.31941,4842.309572,5354.626212,5324.31941,1164.846096,1157.81044,0.001001968,0.001005531,0.001008742,0.001011081,2531.939659,2531.939659,2531.939659,5842.739887,5842.739887,5842.739887,5842.739887,5842.739887
5/29/2008,1999.957801,1929.579541,2258.277194,2273.126914,2272.058349,2258.277194,4633.067747,5331.533013,5400.759513,4719.218753,5239.148968,5400.759513,4880.115497,4589.082309,5400.759513,4983.136863,4781.458784,5400.759513,1178.263969,1171.135779,0.001001968,0.001005531,0.001008742,0.001011081,2463.288109,2463.288109,2463.288109,5556.79131,5556.79131,5556.79131,5556.79131,5556.79131
5/30/2008,1704.071998,1876.699338,1911.608751,1928.354342,1929.579541,1911.608751,3788.044203,4688.070036,4383.010671,3865.946491,5331.533013,4383.010671,4152.86554,5239.148968,4383.010671,4411.286979,4589.082309,4383.010671,966.2598406,960.5774056,0.001001968,0.001005531,0.001008742,0.001011081,2342.87353,2342.87353,2342.87353,5350.191179,5350.191179,5350.191179,5350.191179,5350.191179
5/31/2008,1638.631182,2130.658098,1841.117984,1855.964984,1876.699338,1841.117984,3596.24459,6138.32491,4160.747763,3672.428754,4688.070036,4160.747763,3882.294257,5331.533013,4160.747763,4074.561405,5239.148968,4160.747763,947.5372267,941.9806803,0.001001968,0.001005531,0.001008742,0.001011081,2215.050871,2215.050871,2215.050871,5129.538715,5129.538715,5129.538715,5129.538715,5129.538715
6/1/2008,1883.45375,2326.649897,2136.855451,2133.12051,2130.658098,2136.855451,4547.436245,6812.783506,5319.043732,4611.081167,6138.32491,5319.043732,4754.209777,4688.070036,5319.043732,4638.671619,5331.533013,5319.043732,1160.857643,1153.849466,0.001001968,0.001005531,0.001008742,0.001011081,2147.434083,2147.434083,2147.434083,5040.948183,5040.948183,5040.948183,5040.948183,5040.948183
6/2/2008,2087.05249,1932.451203,2374.614888,2339.193121,2326.649897,2374.614888,4899.71052,5349.691589,5756.272245,4940.221337,6812.783506,5756.272245,5091.681262,6138.32491,5756.272245,5015.890648,4688.070036,5756.272245,1307.00448,1298.982047,0.001001968,0.001005531,0.001008742,0.001011081,2141.633952,2141.633952,2141.633952,5045.302422,5045.302422,5045.302422,5045.302422,5045.302422
6/3/2008,1680.637086,1951.428055,1897.798312,1922.776271,1932.451203,1897.798312,3812.43067,4260.032792,4439.852479,3898.307321,5349.691589,4439.852479,4175.096621,6812.783506,4439.852479,4482.483119,6138.32491,4439.852479,1016.970882,1010.945936,0.001001968,0.001005531,0.001008742,0.001011081,2121.368054,2121.368054,2121.368054,4993.079826,4993.079826,4993.079826,4993.079826,4993.079826
6/4/2008,1700.11375,2086.334357,1924.956238,1948.976021,1951.428055,1924.956238,4999.48007,4054.434045,5853.165345,5065.742097,4260.032792,5853.165345,5225.441055,5349.691589,5853.165345,5303.003554,6812.783506,5853.165345,1047.608696,1041.375767,0.001001968,0.001005531,0.001008742,0.001011081,2083.187968,2083.187968,2083.187968,5118.212488,5118.212488,5118.212488,5118.212488,5118.212488
6/5/2008,1820.183607,1705.1597,2067.657353,2084.98512,2086.334357,2067.657353,5893.131994,3783.178861,6932.977927,5944.768276,4054.434045,6932.977927,6052.937381,4260.032792,6932.977927,6064.973111,5349.691589,6932.977927,1142.781257,1135.897479,0.001001968,0.001005531,0.001008742,0.001011081,2055.184558,2055.184558,2055.184558,5332.809008,5332.809008,5332.809008,5332.809008,5332.809008
6/6/2008,1475.565407,1441.254604,1657.29646,1705.014081,1705.1597,1657.29646,4296.107388,3939.451274,4996.971636,4377.393624,3783.178861,4996.971636,4585.221853,4054.434045,4996.971636,4956.329126,4260.032792,4996.971636,858.6081658,853.6451525,0.001001968,0.001005531,0.001008742,0.001011081,2018.297595,2018.297595,2018.297595,5421.129481,5421.129481,5421.129481,5421.129481,5421.129481
6/7/2008,1347.750707,1665.095333,1496.073397,1445.460396,1441.254604,1496.073397,3164.985746,4451.149907,3631.689884,3154.828999,3939.451274,3631.689884,3374.001943,3783.178861,3631.689884,3677.894302,4054.434045,3631.689884,713.4513759,709.4398803,0.001001968,0.001005531,0.001008742,0.001011081,1968.109088,1968.109088,1968.109088,5377.947728,5377.947728,5377.947728,5377.947728,5377.947728
6/8/2008,1461.78267,1812.418301,1649.15805,1651.319567,1665.095333,1649.15805,3330.277543,4940.205046,3866.501984,3385.91905,4451.149907,3866.501984,3500.343836,3939.451274,3866.501984,3494.795786,3783.178861,3866.501984,894.2089574,889.009235,0.001001968,0.001005531,0.001008742,0.001011081,1901.194091,1901.194091,1901.194091,5196.882417,5196.882417,5196.882417,5196.882417,5196.882417
6/9/2008,1613.799941,1861.580791,1831.544902,1815.326158,1812.418301,1831.544902,3467.692868,4181.259826,4045.338342,3518.264848,4940.205046,4045.338342,3668.821457,4451.149907,4045.338342,3537.101222,3939.451274,4045.338342,1021.824741,1015.766897,0.001001968,0.001005531,0.001008742,0.001011081,1832.070976,1832.070976,1832.070976,4966.781947,4966.781947,4966.781947,4966.781947,4966.781947
6/10/2008,1613.73738,1779.804687,1837.226228,1852.911829,1861.580791,1837.226228,3531.053188,3668.854352,4132.322182,3612.774134,4181.259826,4132.322182,3778.219117,4940.205046,4132.322182,3799.473221,4451.149907,4132.322182,1051.453312,1045.194229,0.001001968,0.001005531,0.001008742,0.001011081,1804.505364,1804.505364,1804.505364,4859.969063,4859.969063,4859.969063,4859.969063,4859.969063
6/11/2008,1537.282683,1761.935357,1750.963951,1783.403779,1779.804687,1750.963951,3765.668172,3837.205452,4407.657884,3855.573266,3668.854352,4407.657884,4043.741708,4181.259826,4407.657884,4106.099237,4940.205046,4407.657884,1002.763948,996.8351801,0.001001968,0.001005531,0.001008742,0.001011081,1782.958977,1782.958977,1782.958977,4626.899428,4626.899428,4626.899428,4626.899428,4626.899428
6/12/2008,1555.930922,1464.025489,1775.764945,1774.068517,1761.935357,1775.764945,4145.982458,4011.482972,4869.366155,4194.233582,3837.205452,4869.366155,4389.724403,3668.854352,4869.366155,4476.996242,4181.259826,4869.366155,1036.997377,1030.83657,0.001001968,0.001005531,0.001008742,0.001011081,1749.699979,1749.699979,1749.699979,4365.477246,4365.477246,4365.477246,4365.477246,4365.477246
6/13/2008,1282.602952,1330.108174,1445.724476,1463.996255,1464.025489,1445.724476,3246.242528,3436.290331,3771.672903,3304.254574,4011.482972,3771.672903,3472.936521,3837.205452,3771.672903,3834.345916,3668.854352,3771.672903,792.2770459,787.75167,0.001001968,0.001005531,0.001008742,0.001011081,1709.019208,1709.019208,1709.019208,4179.840003,4179.840003,4179.840003,4179.840003,4179.840003
6/14/2008,1160.582465,1446.516637,1300.156628,1316.841322,1330.108174,1300.156628,2753.784489,3766.152161,3171.87161,2809.432336,3436.290331,3171.87161,2955.24325,4011.482972,3171.87161,3113.657932,3837.205452,3171.87161,687.2820391,683.4395438,0.001001968,0.001005531,0.001008742,0.001011081,1680.339244,1680.339244,1680.339244,4097.164138,4097.164138,4097.164138,4097.164138,4097.164138
6/15/2008,1301.103248,1481.86039,1466.623704,1448.66848,1446.516637,1466.623704,3498.415714,4005.783272,4034.193601,3526.002867,3766.152161,4034.193601,3636.620916,3436.290331,4034.193601,3396.380472,4011.482972,4034.193601,794.3574987,789.8184664,0.001001968,0.001005531,0.001008742,0.001011081,1653.925093,1653.925093,1653.925093,4119.862618,4119.862618,4119.862618,4119.862618,4119.862618
6/16/2008,1322.087555,1872.214014,1488.144722,1460.615785,1481.86039,1488.144722,3634.245454,4035.08174,4211.437658,3643.706308,4005.783272,4211.437658,3754.459388,3766.152161,4211.437658,3923.723524,3436.290331,4211.437658,805.2257109,800.6152625,0.001001968,0.001005531,0.001008742,0.001011081,1605.930574,1605.930574,1605.930574,4173.596208,4173.596208,4173.596208,4173.596208,4173.596208
6/17/2008,1679.680098,1817.816254,1910.97781,1876.959153,1872.214014,1910.97781,3215.425725,3728.437425,3744.907385,3267.38511,4035.08174,3744.907385,3286.766253,4005.783272,3744.907385,3092.194995,3766.152161,3744.907385,1034.70018,1028.554974,0.001001968,0.001005531,0.001008742,0.001011081,1587.428998,1587.428998,1587.428998,4081.198965,4081.198965,4081.198965,4081.198965,4081.198965
6/18/2008,1675.038995,1878.51769,1896.376417,1831.599463,1817.816254,1896.376417,3546.726179,3714.763655,4133.999049,3548.748417,3728.437425,4133.999049,3770.311598,4035.08174,4133.999049,3691.30784,4005.783272,4133.999049,1040.457262,1034.272949,0.001001968,0.001005531,0.001008742,0.001011081,1596.788206,1596.788206,1596.788206,3994.512366,3994.512366,3994.512366,3994.512366,3994.512366
6/19/2008,1613.578443,1666.039407,1839.560994,1881.230734,1878.51769,1839.560994,3481.877326,3251.468522,4078.096098,3591.621501,3714.763655,4078.096098,3730.94451,3728.437425,4078.096098,3826.52837,4035.08174,4078.096098,1062.8537,1056.516995,0.001001968,0.001005531,0.001008742,0.001011081,1600.479087,1600.479087,1600.479087,3869.379858,3869.379858,3869.379858,3869.379858,3869.379858
6/20/2008,1435.94071,1364.027297,1625.346115,1665.852569,1666.039407,1625.346115,3211.895463,3828.86807,3741.639145,3306.325959,3251.468522,3741.639145,3510.095765,3714.763655,3741.639145,3694.471839,3728.437425,3741.639145,908.185527,902.8925418,0.001001968,0.001005531,0.001008742,0.001011081,1630.068117,1630.068117,1630.068117,3856.517406,3856.517406,3856.517406,3856.517406,3856.517406
6/21/2008,1200.53383,1333.295025,1342.156754,1364.265242,1364.027297,1342.156754,2838.22312,4007.282263,3265.735446,2900.555792,3828.86807,3265.735446,3094.773514,3251.468522,3265.735446,3341.238373,3714.763655,3265.735446,694.9255266,691.0337564,0.001001968,0.001005531,0.001008742,0.001011081,1643.443103,1643.443103,1643.443103,3878.209599,3878.209599,3878.209599,3878.209599,3878.209599
6/22/2008,1105.441311,1910.94417,1235.420087,1283.699494,1333.295025,1235.420087,2834.280298,3631.990677,3265.271383,2915.300767,4007.282263,3265.271383,3038.03278,3828.86807,3265.271383,3236.452946,3251.468522,3265.271383,644.6053461,641.0366183,0.001001968,0.001005531,0.001008742,0.001011081,1625.788592,1625.788592,1625.788592,3824.248888,3824.248888,3824.248888,3824.248888,3824.248888
6/23/2008,1738.493687,2020.676279,1988.34773,1923.501116,1910.94417,1988.34773,3250.629208,3299.149692,3803.923121,3280.175901,3631.990677,3803.923121,3358.187993,4007.282263,3803.923121,2865.881928,3828.86807,3803.923121,1109.417139,1102.762324,0.001001968,0.001005531,0.001008742,0.001011081,1674.842473,1674.842473,1674.842473,3701.692425,3701.692425,3701.692425,3701.692425,3701.692425
6/24/2008,1851.263639,1585.396933,2117.45359,2049.736135,2020.676279,2117.45359,3949.291003,3045.057889,4642.406355,3962.324163,3299.149692,4642.406355,4154.194664,3631.990677,4642.406355,4003.234284,4007.282263,4642.406355,1227.284801,1219.817453,0.001001968,0.001005531,0.001008742,0.001011081,1720.062273,1720.062273,1720.062273,3794.54959,3794.54959,3794.54959,3794.54959,3794.54959
6/25/2008,1362.272598,1290.245006,1543.935981,1588.915661,1585.396933,1543.935981,3162.344005,2945.903313,3683.916392,3257.591684,3045.057889,3683.916392,3475.698676,3299.149692,3683.916392,3917.567754,3631.990677,3683.916392,876.3299534,871.2492622,0.001001968,0.001005531,0.001008742,0.001011081,1689.93802,1689.93802,1689.93802,3819.993468,3819.993468,3819.993468,3819.993468,3819.993468
6/26/2008,1123.339444,1187.772933,1255.826344,1291.480133,1290.245006,1255.826344,2415.492906,2880.815351,2779.391011,2491.064008,2945.903313,2779.391011,2668.144982,3045.057889,2779.391011,3037.134412,3299.149692,2779.391011,658.2901064,654.6338467,0.001001968,0.001005531,0.001008742,0.001011081,1622.261522,1622.261522,1622.261522,3737.429506,3737.429506,3737.429506,3737.429506,3737.429506
6/27/2008,1044.408578,1152.975735,1165.174531,1185.681551,1187.772933,1165.174531,2390.047891,3181.5372,2748.550746,2444.287905,2880.815351,2748.550746,2586.071726,2945.903313,2748.550746,2751.552248,3045.057889,2748.550746,606.2881723,602.9631981,0.001001968,0.001005531,0.001008742,0.001011081,1552.974064,1552.974064,1552.974064,3610.991095,3610.991095,3610.991095,3610.991095,3610.991095
6/28/2008,1016.162573,1163.065885,1134.803323,1148.517226,1152.975735,1134.803323,2423.837999,3143.258958,2792.623821,2468.22815,3181.5372,2792.623821,2584.76479,2880.815351,2792.623821,2688.830219,2945.903313,2792.623821,597.6338582,594.3636569,0.001001968,0.001005531,0.001008742,0.001011081,1513.952159,1513.952159,1513.952159,3491.562358,3491.562358,3491.562358,3491.562358,3491.562358
6/29/2008,1001.539776,1400.385558,1121.746371,1148.046327,1163.065885,1121.746371,2448.718962,2976.304607,2826.950727,2506.287778,3143.258958,2826.950727,2605.6295,3181.5372,2826.950727,2647.351158,2880.815351,2826.950727,604.1983136,600.8865757,0.001001968,0.001005531,0.001008742,0.001011081,1491.836737,1491.836737,1491.836737,3386.700755,3386.700755,3386.700755,3386.700755,3386.700755
6/30/2008,1250.598059,1609.766789,1415.894065,1408.198708,1400.385558,1415.894065,2703.997547,2824.281587,3146.219508,2747.099322,2976.304607,3146.219508,2829.750344,3143.258958,3146.219508,2644.186643,3181.5372,3146.219508,800.309156,795.7310303,0.001001968,0.001005531,0.001008742,0.001011081,1428.894512,1428.894512,1428.894512,3337.91311,3337.91311,3337.91311,3337.91311,3337.91311
7/1/2008,1452.980408,1240.387967,1657.577855,1620.914385,1609.766789,1657.577855,3125.218709,2990.947312,3667.302715,3148.298981,2824.281587,3667.302715,3269.36478,2976.304607,3667.302715,3120.300678,3143.258958,3667.302715,978.6031631,972.8375637,0.001001968,0.001005531,0.001008742,0.001011081,1364.662301,1364.662301,1364.662301,3229.842301,3229.842301,3229.842301,3229.842301,3229.842301
7/2/2008,1077.976373,1027.544737,1217.512363,1240.760699,1240.387967,1217.512363,2552.551962,2880.782146,2965.430112,2612.521342,2990.947312,2965.430112,2805.536793,2824.281587,2965.430112,3095.925892,2976.304607,2965.430112,698.2560227,694.3427595,0.001001968,0.001005531,0.001008742,0.001011081,1316.205681,1316.205681,1316.205681,3107.700538,3107.700538,3107.700538,3107.700538,3107.700538
7/3/2008,889.7415805,1055.208584,993.4633869,1023.335182,1027.544737,993.4633869,2069.752623,2729.392893,2376.947197,2128.03433,2880.782146,2376.947197,2257.21658,2990.947312,2376.947197,2541.896928,2824.281587,2376.947197,533.9080948,531.0378179,0.001001968,0.001005531,0.001008742,0.001011081,1274.651822,1274.651822,1274.651822,3027.167145,3027.167145,3027.167145,3027.167145,3027.167145
7/4/2008,934.4034311,1138.015052,1046.765951,1056.200135,1055.208584,1046.765951,2213.268775,2599.007995,2550.244541,2253.444502,2729.392893,2550.244541,2347.469566,2880.782146,2550.244541,2369.961776,2990.947312,2550.244541,572.5769231,569.464699,0.001001968,0.001005531,0.001008742,0.001011081,1250.146633,1250.146633,1250.146633,2969.020527,2969.020527,2969.020527,2969.020527,2969.020527
7/5/2008,1011.029577,961.162684,1138.851082,1140.669671,1138.015052,1138.851082,2648.022274,2526.238826,3072.272906,2679.193794,2599.007995,3072.272906,2756.29347,2729.392893,3072.272906,2731.085962,2880.782146,3072.272906,644.0781184,640.512758,0.001001968,0.001005531,0.001008742,0.001011081,1242.709484,1242.709484,1242.709484,2974.72074,2974.72074,2974.72074,2974.72074,2974.72074
7/6/2008,846.1651498,886.2976386,947.8198947,961.3232166,961.162684,947.8198947,2379.94142,2349.863329,2749.030948,2413.335482,2526.238826,2749.030948,2539.176961,2599.007995,2749.030948,2696.824912,2729.392893,2749.030948,526.390777,523.5672633,0.001001968,0.001005531,0.001008742,0.001011081,1222.73723,1222.73723,1222.73723,2978.326473,2978.326473,2978.326473,2978.326473,2978.326473
7/7/2008,783.4306693,857.9929332,874.7980609,886.3680972,886.2976386,874.7980609,2134.749596,2318.244725,2457.086772,2165.850651,2349.863329,2457.086772,2254.034914,2526.238826,2457.086772,2395.046214,2599.007995,2457.086772,478.6042002,476.0757579,0.001001968,0.001005531,0.001008742,0.001011081,1158.869575,1158.869575,1158.869575,2950.93123,2950.93123,2950.93123,2950.93123,2950.93123
7/8/2008,761.7149777,839.6137322,850.754677,858.1240981,857.9929332,850.754677,2114.818289,2220.259204,2433.32076,2141.018915,2318.244725,2433.32076,2218.309308,2349.863329,2433.32076,2277.811596,2526.238826,2433.32076,468.2416968,465.7767174,0.001001968,0.001005531,0.001008742,0.001011081,1058.36591,1058.36591,1058.36591,2848.869862,2848.869862,2848.869862,2848.869862,2848.869862
7/9/2008,745.055415,804.0724143,832.6937239,839.7606712,839.6137322,832.6937239,2128.156088,1946.852061,2450.147761,2152.230495,2220.259204,2450.147761,2221.965646,2318.244725,2450.147761,2280.724407,2349.863329,2450.147761,462.2260814,459.7978541,0.001001968,0.001005531,0.001008742,0.001011081,990.3749211,990.3749211,990.3749211,2746.801407,2746.801407,2746.801407,2746.801407,2746.801407
7/10/2008,710.8697013,790.0655838,793.3200401,804.2356826,804.0724143,793.3200401,1989.05806,939.274617,2282.20767,2018.203489,1946.852061,2282.20767,2085.233833,2220.259204,2282.20767,2130.11295,2318.244725,2282.20767,437.7429835,435.4636362,0.001001968,0.001005531,0.001008742,0.001011081,953.1998029,953.1998029,953.1998029,2663.520725,2663.520725,2663.520725,2663.520725,2663.520725
7/11/2008,711.3474088,792.7306443,793.867939,790.2439849,790.0655838,793.867939,1959.716198,1919.782778,2250.447263,1973.691496,939.274617,2250.447263,2043.733381,1946.852061,2250.447263,2108.332511,2220.259204,2250.447263,438.7569572,436.4714667,0.001001968,0.001005531,0.001008742,0.001011081,915.8372782,915.8372782,915.8372782,2606.416756,2606.416756,2606.416756,2606.416756,2606.416756
7/12/2008,701.3053984,552.6312563,785.28336,792.9214378,792.7306443,785.28336,1874.516622,3369.577569,2154.57507,1901.459236,1919.782778,2154.57507,1965.145146,939.274617,2154.57507,2003.382554,1946.852061,2154.57507,446.7721432,444.4380226,0.001001968,0.001005531,0.001008742,0.001011081,868.8441561,868.8441561,868.8441561,2497.198723,2497.198723,2497.198723,2497.198723,2497.198723
7/13/2008,436.4139044,610.5199268,474.2870821,547.0113635,552.6312563,474.2870821,1430.660783,3509.721007,1608.946405,1507.76376,3369.577569,1608.946405,1537.986558,1919.782778,1608.946405,1794.195392,939.274617,1608.946405,214.6777253,213.6898544,0.001001968,0.001005531,0.001008742,0.001011081,804.0423459,804.0423459,804.0423459,2361.104485,2361.104485,2361.104485,2361.104485,2361.104485
7/14/2008,873.3697078,1673.292966,889.0306786,611.8986857,610.5199268,889.0306786,1120.499594,3715.501206,1149.044207,863.2359848,3509.721007,1149.044207,596.7980331,3369.577569,1149.044207,705.0795145,1919.782778,1149.044207,0.001000564,0.001006515,0.001001968,0.001005531,0.001008742,0.001011081,728.652539,728.652539,728.652539,2121.79243,2121.79243,2121.79243,2121.79243,2121.79243
7/15/2008,2727.83601,4412.923518,2895.555167,1677.612678,1673.292966,2895.555167,3860.702461,4338.039754,4267.046674,2701.675305,3715.501206,4267.046674,2563.592875,3509.721007,4267.046674,1619.100065,3369.577569,4267.046674,792.3636537,787.8377095,0.001001968,0.001005531,0.001008742,0.001011081,804.316357,804.316357,804.316357,2074.368554,2074.368554,2074.368554,2074.368554,2074.368554
7/16/2008,3070.406015,1161.202731,3656.078777,4413.354749,4412.923518,3656.078777,5352.199993,2824.930872,6571.572862,6298.606781,4338.039754,6571.572862,5873.779661,3715.501206,6571.572862,3892.800578,3509.721007,6571.572862,2574.666987,2557.377271,0.001001968,0.001005531,0.001008742,0.001011081,1171.083036,1171.083036,1171.083036,2265.663197,2265.663197,2265.663197,2265.663197,2265.663197
7/17/2008,766.0730358,777.9688737,788.966003,1161.414588,1161.202731,788.966003,2584.555027,1598.998421,2890.060801,2939.447921,2824.930872,2890.060801,3712.079077,4338.039754,2890.060801,5254.799512,3715.501206,2890.060801,124.4193514,123.9043377,0.001001968,0.001005531,0.001008742,0.001011081,1333.214825,1333.214825,1333.214825,2608.174133,2608.174133,2608.174133,2608.174133,2608.174133
7/18/2008,666.7977227,822.6781274,689.9701287,778.202292,777.9688737,689.9701287,989.1882369,1146.234973,1027.0033,1091.938261,1598.998421,1027.0033,1503.202694,2824.930872,1027.0033,2218.091316,4338.039754,1027.0033,128.8662074,128.3289569,0.001001968,0.001005531,0.001008742,0.001011081,1384.669643,1384.669643,1384.669643,2837.751439,2837.751439,2837.751439,2837.751439,2837.751439
7/19/2008,724.4926945,781.0513425,773.9515903,822.9203132,822.6781274,773.9515903,2772.046389,811.5287357,3173.26168,2809.230807,1146.234973,3173.26168,2912.241804,1598.998421,3173.26168,3264.617518,2824.930872,3173.26168,273.0888679,271.7764075,0.001001968,0.001005531,0.001008742,0.001011081,1402.393156,1402.393156,1402.393156,2978.153202,2978.153202,2978.153202,2978.153202,2978.153202
7/20/2008,695.4585627,468.5753879,747.3348567,778.2154516,781.0513425,747.3348567,2065.440218,611.336896,2333.53495,2099.121765,811.5287357,2333.53495,2179.952712,1146.234973,2333.53495,2309.314825,1598.998421,2333.53495,287.1026242,285.7106088,0.001001968,0.001005531,0.001008742,0.001011081,1440.902939,1440.902939,1440.902939,3035.74436,3035.74436,3035.74436,3035.74436,3035.74436
7/21/2008,453.0501894,459.5546033,456.9363178,469.3685298,468.5753879,456.9363178,1058.978864,3440.792399,1116.974596,1069.630141,611.336896,1116.974596,1086.456496,811.5287357,1116.974596,1442.607406,1146.234973,1116.974596,0.001000564,0.001006515,0.001001968,0.001005531,0.001008742,0.001011081,1457.955251,1457.955251,1457.955251,3097.058381,3097.058381,3097.058381,3097.058381,3097.058381
7/22/2008,790.8595537,969.8154097,794.50239,458.2450067,459.5546033,794.50239,1076.283242,9512.338593,1093.450193,743.020101,3440.792399,1093.450193,752.6078079,611.336896,1093.450193,786.6570643,811.5287357,1093.450193,0.001000564,0.001006515,0.001001968,0.001005531,0.001008742,0.001011081,1325.486651,1325.486651,1325.486651,2935.316712,2935.316712,2935.316712,2935.316712,2935.316712
7/23/2008,953.5206285,2324.701385,960.8438785,907.8027833,969.8154097,960.8438785,1355.449628,11510.25201,1393.78506,1312.291363,9512.338593,1393.78506,877.7696262,3440.792399,1393.78506,763.7726145,611.336896,1393.78506,6.562880348,6.552266556,0.001001968,0.001005531,0.001008742,0.001011081,906.3447813,906.3447813,906.3447813,2506.843366,2506.843366,2506.843366,2506.843366,2506.843366
7/24/2008,3390.273307,5677.951332,3460.238545,2244.92054,2324.701385,3460.238545,3865.001063,10468.88192,3978.811533,2733.55229,11510.25201,3978.811533,1481.088796,9512.338593,3978.811533,738.2263986,3440.792399,3978.811533,0.001000564,0.001006515,0.001001968,0.001005531,0.001008742,0.001011081,775.1526699,775.1526699,775.1526699,2015.455697,2015.455697,2015.455697,2015.455697,2015.455697
7/25/2008,7497.225524,11450.43773,8059.783296,5743.574601,5677.951332,8059.783296,9832.250648,10475.20995,11001.31219,7737.330895,10468.88192,11001.31219,7001.198359,11510.25201,11001.31219,3735.965617,9512.338593,11001.31219,2230.188975,2215.485295,0.001001968,0.001005531,0.001008742,0.001011081,1259.823867,1259.823867,1259.823867,2219.974932,2219.974932,2219.974932,2219.974932,2219.974932
7/26/2008,9945.631554,7942.007993,11661.99429,11515.63957,11450.43773,11661.99429,16206.15652,8915.57936,19882.94368,16584.41677,10475.20995,19882.94368,16876.18824,10468.88192,19882.94368,11403.29625,11510.25201,19882.94368,6813.548332,6762.148141,0.001001968,0.001005531,0.001008742,0.001011081,2587.330283,2587.330283,2587.330283,3459.963729,3459.963729,3459.963729,3459.963729,3459.963729
7/27/2008,5012.720391,2485.900182,5784.816875,7935.94331,7942.007993,5784.816875,10548.24577,5767.347627,12695.33276,12888.61636,8915.57936,12695.33276,13489.59531,10475.20995,12695.33276,16011.76413,10468.88192,12695.33276,3296.500449,3273.66972,0.001001968,0.001005531,0.001008742,0.001011081,3596.480128,3596.480128,3596.480128,5085.880124,5085.880124,5085.880124,5085.880124,5085.880124
7/28/2008,1740.06215,2487.984154,1748.747954,2487.712153,2485.900182,1748.747954,1918.354323,4476.994448,1931.982458,2667.881175,5767.347627,1931.982458,4814.515776,8915.57936,1931.982458,8110.956802,10475.20995,1931.982458,0.001000564,0.001006515,0.001001968,0.001005531,0.001008742,0.001011081,4185.314553,4185.314553,4185.314553,6542.709734,6542.709734,6542.709734,6542.709734,6542.709734
7/29/2008,2220.403568,2612.76625,2380.616821,2493.808317,2487.984154,2380.616821,4319.803895,3966.413636,4897.056125,4464.853924,4476.994448,4897.056125,5355.572816,5767.347627,4897.056125,6793.44784,8915.57936,4897.056125,786.9937567,782.5030404,0.001001968,0.001005531,0.001008742,0.001011081,4584.17755,4584.17755,4584.17755,7581.604577,7581.604577,7581.604577,7581.604577,7581.604577
7/30/2008,2113.52331,1860.307472,2337.612527,2612.938196,2612.76625,2337.612527,5650.797383,3557.761646,6586.736339,5949.958282,3966.413636,6586.736339,6252.534975,4476.994448,6586.736339,6848.892821,5767.347627,6586.736339,1078.708435,1072.263605,0.001001968,0.001005531,0.001008742,0.001011081,4911.759813,4911.759813,4911.759813,8314.829248,8314.829248,8314.829248,8314.829248,8314.829248
7/31/2008,1526.657295,1542.27059,1648.784499,1860.258406,1860.307472,1648.784499,3625.341994,3885.007827,4131.648594,3852.331739,3557.761646,4131.648594,4220.869951,3966.413636,4131.648594,4901.579868,4476.994448,4131.648594,623.6625515,620.2272988,0.001001968,0.001005531,0.001008742,0.001011081,5072.130639,5072.130639,5072.130639,8817.370297,8817.370297,8817.370297,8817.370297,8817.370297
8/1/2008,1330.542761,1474.40986,1431.975397,1542.291844,1542.27059,1431.975397,2760.750743,3437.631077,3115.461511,2891.838113,3885.007827,3115.461511,3183.614189,3557.761646,3115.461511,3617.015114,3966.413636,3115.461511,528.4827639,525.6462457,0.001001968,0.001005531,0.001008742,0.001011081,4672.928529,4672.928529,4672.928529,8628.235625,8628.235625,8628.235625,8628.235625,8628.235625
8/2/2008,1256.186846,1611.692709,1359.462747,1433.614679,1474.40986,1359.462747,2819.536082,2896.506382,3195.546312,2913.301389,3437.631077,3195.546312,3101.595987,3885.007827,3195.546312,3315.102888,3557.761646,3195.546312,538.7967782,535.8960416,0.001001968,0.001005531,0.001008742,0.001011081,3435.363781,3435.363781,3435.363781,7433.794094,7433.794094,7433.794094,7433.794094,7433.794094
8/3/2008,1536.617826,1746.654142,1681.57424,1611.46444,1611.692709,1681.57424,3105.820153,4179.610306,3540.900281,3074.156193,2896.506382,3540.900281,3232.177842,3437.631077,3540.900281,3143.736476,3885.007827,3540.900281,722.3505625,718.2814084,0.001001968,0.001005531,0.001008742,0.001011081,2543.851286,2543.851286,2543.851286,5944.808967,5944.808967,5944.808967,5944.808967,5944.808967
8/4/2008,1525.80967,1446.409242,1686.867988,1778.339609,1746.654142,1686.867988,3460.024193,3846.589595,3990.407255,3586.899526,4179.610306,3990.407255,3606.68465,2896.506382,3990.407255,3667.754853,3437.631077,3990.407255,794.3376807,789.7987785,0.001001968,0.001005531,0.001008742,0.001011081,2123.407992,2123.407992,2123.407992,4818.197269,4818.197269,4818.197269,4818.197269,4818.197269
8/5/2008,1163.861076,2025.684486,1267.167202,1336.196986,1446.409242,1267.167202,2629.304264,3593.949081,2992.619574,2718.906145,3846.589595,2992.619574,2944.678724,4179.610306,2992.619574,3181.880118,2896.506382,2992.619574,539.810406,536.903349,0.001001968,0.001005531,0.001008742,0.001011081,1869.022676,1869.022676,1869.022676,4118.892113,4118.892113,4118.892113,4118.892113,4118.892113
8/6/2008,1928.851422,2573.066446,2158.523994,2064.725591,2025.684486,2158.523994,2987.650024,3438.098625,3447.232729,2980.078266,3593.949081,3447.232729,3098.427561,3846.589595,3447.232729,2586.826729,4179.610306,3447.232729,1072.415527,1066.013638,0.001001968,0.001005531,0.001008742,0.001011081,1755.333874,1755.333874,1755.333874,3685.91922,3685.91922,3685.91922,3685.91922,3685.91922
8/7/2008,2212.195151,1370.936799,2517.09023,2612.22152,2573.066446,2517.09023,4403.12323,2679.074484,5189.781135,4587.918916,3438.098625,5189.781135,4568.282467,3593.949081,5189.781135,4286.428735,3846.589595,5189.781135,1394.053202,1385.419928,0.001001968,0.001005531,0.001008742,0.001011081,1783.141968,1783.141968,1783.141968,3599.028448,3599.028448,3599.028448,3599.028448,3599.028448
8/8/2008,1196.827401,1373.310705,1305.074201,1356.81406,1370.936799,1305.074201,2733.821307,3164.117291,3116.010095,2807.812714,2679.074484,3116.010095,3252.971441,3438.098625,3116.010095,3921.195165,3593.949081,3116.010095,554.2464666,551.2492214,0.001001968,0.001005531,0.001008742,0.001011081,1778.082395,1778.082395,1778.082395,3611.945121,3611.945121,3611.945121,3611.945121,3611.945121
8/9/2008,1313.558397,1498.528174,1441.665854,1391.617799,1373.310705,1441.665854,2361.311858,4009.481953,2681.350367,2352.023626,3164.117291,2681.350367,2525.906868,2679.074484,2681.350367,2808.385798,3438.098625,2681.350367,644.8956669,641.3250846,0.001001968,0.001005531,0.001008742,0.001011081,1765.274428,1765.274428,1765.274428,3607.580799,3607.580799,3607.580799,3607.580799,3607.580799
8/10/2008,1277.674785,1052.478584,1419.13042,1473.589319,1498.528174,1419.13042,2718.127607,4238.585261,3132.81492,2809.474965,4009.481953,3132.81492,2885.222271,3164.117291,3132.81492,2939.075875,2679.074484,3132.81492,712.1376619,708.1346699,0.001001968,0.001005531,0.001008742,0.001011081,1734.103406,1734.103406,1734.103406,3566.157893,3566.157893,3566.157893,3566.157893,3566.157893
8/11/2008,1344.018271,2459.588149,1377.101242,923.8012193,1052.478584,1377.101242,2533.542665,4749.248273,2727.235913,2087.090857,4238.585261,2727.235913,2132.97286,4009.481953,2727.235913,2513.002806,3164.117291,2727.235913,170.1623032,169.4128182,0.001001968,0.001005531,0.001008742,0.001011081,1632.315751,1632.315751,1632.315751,3419.705994,3419.705994,3419.705994,3419.705994,3419.705994
8/12/2008,2569.837743,3147.365456,2788.606395,2513.300678,2459.588149,2788.606395,4261.44774,4404.022296,4801.777196,4067.940662,4749.248273,4801.777196,3619.385979,4238.585261,4801.777196,2681.716568,4009.481953,4801.777196,994.5973956,988.7238363,0.001001968,0.001005531,0.001008742,0.001011081,1689.656197,1689.656197,1689.656197,3414.465925,3414.465925,3414.465925,3414.465925,3414.465925
8/13/2008,2816.601284,2482.618657,3136.319171,3206.57199,3147.365456,3136.319171,5195.766486,4424.429906,6027.389755,5360.804791,4404.022296,6027.389755,5320.748298,4749.248273,6027.389755,4480.04449,4238.585261,6027.389755,1445.887422,1436.888196,0.001001968,0.001005531,0.001008742,0.001011081,1820.753488,1820.753488,1820.753488,3663.74031,3663.74031,3663.74031,3663.74031,3663.74031
8/14/2008,1940.985458,1830.784728,2154.402203,2452.593964,2482.618657,2154.402203,3759.146664,4244.755086,4339.536592,4117.564271,4424.429906,4339.536592,4554.266891,4404.022296,4339.536592,4802.087776,4749.248273,4339.536592,1020.628146,1014.578414,0.001001968,0.001005531,0.001008742,0.001011081,1872.615937,1872.615937,1872.615937,3780.172882,3780.172882,3780.172882,3780.172882,3780.172882
8/15/2008,1471.746524,1880.390816,1573.41974,1700.080887,1830.784728,1573.41974,3045.263272,3509.229232,3415.193222,3195.406021,4244.755086,3415.193222,3523.264274,4424.429906,3415.193222,4317.84695,4404.022296,3415.193222,503.8387931,501.1550152,0.001001968,0.001005531,0.001008742,0.001011081,1906.223325,1906.223325,1906.223325,3869.54994,3869.54994,3869.54994,3869.54994,3869.54994
8/16/2008,1736.484295,1600.94893,1891.351685,1929.783433,1880.390816,1891.351685,3204.664261,2775.820205,3622.356386,3295.866477,3509.229232,3622.356386,3519.36654,4244.755086,3622.356386,3443.670307,4424.429906,3622.356386,713.045591,709.0367222,0.001001968,0.001005531,0.001008742,0.001011081,1989.140389,1989.140389,1989.140389,3957.470885,3957.470885,3957.470885,3957.470885,3957.470885
8/17/2008,1600.657968,1786.992558,1736.164071,1668.855264,1600.94893,1736.164071,3686.170868,2855.673073,4193.787421,3647.108241,2775.820205,4193.787421,3873.443919,3509.229232,4193.787421,4158.028515,4244.755086,4193.787421,647.3943882,643.8078407,0.001001968,0.001005531,0.001008742,0.001011081,2042.311427,2042.311427,2042.311427,4124.943377,4124.943377,4124.943377,4124.943377,4124.943377
8/18/2008,1643.521942,1448.766581,1814.595339,1795.087689,1786.992558,1814.595339,3453.143512,2955.329577,3970.659712,3477.012709,2855.673073,3970.659712,3597.292005,2775.820205,3970.659712,3698.480781,3509.229232,3970.659712,834.1881599,829.3867906,0.001001968,0.001005531,0.001008742,0.001011081,2158.716029,2158.716029,2158.716029,4285.520154,4285.520154,4285.520154,4285.520154,4285.520154
8/19/2008,1196.359176,958.6793245,1293.490366,1450.918014,1448.766581,1293.490366,2597.250868,2672.188112,2935.838253,2776.411923,2955.329577,2935.838253,2837.740837,2855.673073,2935.838253,3230.6332,2775.820205,2935.838253,496.6812791,494.0416722,0.001001968,0.001005531,0.001008742,0.001011081,2095.468502,2095.468502,2095.468502,4264.437332,4264.437332,4264.437332,4264.437332,4264.437332
8/20/2008,896.1653901,1289.923077,929.4265478,960.1296552,958.6793245,929.4265478,1736.202144,2516.49495,1878.795334,1773.802695,2672.188112,1878.795334,1954.739193,2955.329577,1878.795334,2307.838965,2855.673073,1878.795334,176.1902629,175.4090274,0.001001968,0.001005531,0.001008742,0.001011081,1842.119689,1842.119689,1842.119689,3987.878841,3987.878841,3987.878841,3987.878841,3987.878841
8/21/2008,1219.816695,1365.894677,1326.616076,1290.995981,1289.923077,1326.616076,2389.663948,2449.295822,2709.38195,2383.341976,2516.49495,2709.38195,2501.380596,2672.188112,2709.38195,2330.163524,2955.329577,2709.38195,546.3157739,543.3681154,0.001001968,0.001005531,0.001008742,0.001011081,1644.515163,1644.515163,1644.515163,3652.093208,3652.093208,3652.093208,3652.093208,3652.093208
8/22/2008,1188.689762,1106.884094,1305.564156,1366.703713,1365.894677,1305.564156,2725.409689,2313.322432,3122.41729,2811.717752,2449.295822,3122.41729,2864.279735,2516.49495,3122.41729,2895.961748,2672.188112,3122.41729,595.0870616,591.8329587,0.001001968,0.001005531,0.001008742,0.001011081,1555.214197,1555.214197,1555.214197,3369.00703,3369.00703,3369.00703,3369.00703,3369.00703
8/23/2008,978.1067614,1011.046477,1055.129211,1107.504498,1106.884094,1055.129211,2122.782536,2237.077527,2389.612752,2192.651676,2313.322432,2389.612752,2311.407074,2449.295822,2389.612752,2501.125593,2516.49495,2389.612752,405.8500884,403.7629183,0.001001968,0.001005531,0.001008742,0.001011081,1431.364133,1431.364133,1431.364133,3167.653541,3167.653541,3167.653541,3167.653541,3167.653541
8/24/2008,916.2196098,989.8885237,985.7174935,1011.535512,1011.046477,985.7174935,1927.011191,2226.002091,2158.019718,1969.757734,2237.077527,2158.019718,2075.403602,2313.322432,2158.019718,2201.744426,2449.295822,2158.019718,369.9055754,368.0324246,0.001001968,0.001005531,0.001008742,0.001011081,1325.280449,1325.280449,1325.280449,2924.644533,2924.644533,2924.644533,2924.644533,2924.644533
8/25/2008,926.2726506,1041.465647,996.5720376,983.9327257,989.8885237,996.5720376,2000.546792,2177.803013,2249.967992,2003.265814,2226.002091,2249.967992,2080.603918,2237.077527,2249.967992,2175.364327,2313.322432,2249.967992,374.9261002,373.023229,0.001001968,0.001005531,0.001008742,0.001011081,1215.268403,1215.268403,1215.268403,2704.511075,2704.511075,2704.511075,2704.511075,2704.511075
8/26/2008,921.9788376,936.9756436,1001.300983,1042.485037,1041.465647,1001.300983,1983.786584,2136.915419,2240.346083,2044.616425,2177.803013,2240.346083,2091.018544,2226.002091,2240.346083,2079.191566,2237.077527,2240.346083,418.9209376,416.7552555,0.001001968,0.001005531,0.001008742,0.001011081,1156.055371,1156.055371,1156.055371,2558.731376,2558.731376,2558.731376,2558.731376,2558.731376
8/27/2008,853.390211,897.2940686,921.9233283,942.245517,936.9756436,921.9233283,1913.120381,2178.219445,2154.285213,1948.656661,2136.915419,2154.285213,2039.373846,2177.803013,2154.285213,2109.148408,2226.002091,2154.285213,366.4649675,364.6121509,0.001001968,0.001005531,0.001008742,0.001011081,1136.298152,1136.298152,1136.298152,2486.066477,2486.066477,2486.066477,2486.066477,2486.066477
8/28/2008,815.8633751,863.1282021,881.8824467,897.7778139,897.2940686,881.8824467,1832.363537,2069.823844,2063.218496,1862.822554,2178.219445,2063.218496,1934.776429,2136.915419,2063.218496,2023.983178,2177.803013,2063.218496,356.2879773,354.4951452,0.001001968,0.001005531,0.001008742,0.001011081,1078.836134,1078.836134,1078.836134,2416.598542,2416.598542,2416.598542,2416.598542,2416.598542
8/29/2008,767.0791755,816.8805965,827.8879006,850.2112481,863.1282021,827.8879006,1777.219016,2033.29866,2001.434843,1811.820429,2069.823844,2001.434843,1871.590381,2178.219445,2001.434843,1954.802958,2136.915419,2001.434843,331.0944864,329.4490664,0.001001968,0.001005531,0.001008742,0.001011081,1012.201998,1012.201998,1012.201998,2322.723359,2322.723359,2322.723359,2322.723359,2322.723359
8/30/2008,842.8174021,997.9987436,900.1973595,818.9581618,816.8805965,900.1973595,1888.14836,2023.442213,2112.446021,1817.706376,2033.29866,2112.446021,1876.216065,2069.823844,2112.446021,1920.460633,2178.219445,2112.446021,311.6060092,310.073505,0.001001968,0.001005531,0.001008742,0.001011081,964.7962524,964.7962524,964.7962524,2242.39079,2242.39079,2242.39079,2242.39079,2242.39079
8/31/2008,862.9290042,812.2442583,943.1889497,1008.04179,997.9987436,943.1889497,1973.163622,1895.897392,2244.185733,2056.208282,2023.442213,2244.185733,2033.93097,2033.29866,2244.185733,1975.040626,2069.823844,2244.185733,425.8100233,423.6028204,0.001001968,0.001005531,0.001008742,0.001011081,944.9322681,944.9322681,944.9322681,2195.500518,2195.500518,2195.500518,2195.500518,2195.500518
9/1/2008,726.4295961,780.1611041,783.6832319,812.9103515,812.2442583,783.6832319,1772.343927,1826.467283,1997.152213,1811.304549,1895.897392,1997.152213,1918.796768,2023.442213,1997.152213,1989.357128,2033.29866,1997.152213,315.087135,313.5345356,0.001001968,0.001005531,0.001008742,0.001011081,926.4643736,926.4643736,926.4643736,2167.56328,2167.56328,2167.56328,2167.56328,2167.56328
9/2/2008,703.4889085,739.393633,761.04514,780.3143147,780.1611041,761.04514,1649.464696,1740.872834,1857.456656,1680.401394,1826.467283,1857.456656,1751.143432,1895.897392,1857.456656,1842.57023,2023.442213,1857.456656,317.4561259,315.8898325,0.001001968,0.001005531,0.001008742,0.001011081,895.1357948,895.1357948,895.1357948,2138.431989,2138.431989,2138.431989,2138.431989,2138.431989
9/3/2008,671.4150659,713.1662623,725.5685169,739.5721881,739.393633,725.5685169,1647.194988,4175.762926,1857.948175,1670.75981,1740.872834,1857.948175,1726.904811,1826.467283,1857.948175,1801.183837,1895.897392,1857.948175,300.8061563,299.3357829,0.001001968,0.001005531,0.001008742,0.001011081,862.9642604,862.9642604,862.9642604,2092.457936,2092.457936,2092.457936,2092.457936,2092.457936
9/4/2008,650.8166502,704.1081896,703.3722296,713.3716779,713.1662623,703.3722296,1580.16522,8453.744874,1779.791503,1599.865707,4175.762926,1779.791503,1650.306092,1740.872834,1779.791503,1701.443227,1826.467283,1779.791503,293.2654228,291.8382354,0.001001968,0.001005531,0.001008742,0.001011081,835.1320273,835.1320273,835.1320273,2043.801767,2043.801767,2043.801767,2043.801767,2043.801767
9/5/2008,633.5640015,825.0088339,685.0776474,694.1075582,704.1081896,685.0776474,1548.302046,4738.973179,1744.821292,1566.76505,8453.744874,1744.821292,1612.377513,4175.762926,1744.821292,1655.899,1740.872834,1744.821292,288.5328477,287.1326798,0.001001968,0.001005531,0.001008742,0.001011081,811.7684344,811.7684344,811.7684344,2000.796548,2000.796548,2000.796548,2000.796548,2000.796548
9/6/2008,695.5744176,1982.767206,758.207924,777.144254,825.0088339,758.207924,1615.11198,4053.5423,1824.10531,1650.781007,4738.973179,1824.10531,1675.62325,8453.744874,1824.10531,1591.573135,4175.762926,1824.10531,339.9400828,338.2430855,0.001001968,0.001005531,0.001008742,0.001011081,799.2003413,799.2003413,799.2003413,1950.345757,1950.345757,1950.345757,1950.345757,1950.345757
9/7/2008,1808.200385,1614.575071,2090.906422,2005.037243,1982.767206,2090.906422,5009.093419,6437.547272,5947.453356,5002.665048,4053.5423,5947.453356,4992.209239,4738.973179,5947.453356,3801.508503,8453.744874,5947.453356,1279.961885,1272.128226,0.001001968,0.001005531,0.001008742,0.001011081,919.2283504,919.2283504,919.2283504,2258.152598,2258.152598,2258.152598,2258.152598,2258.152598
9/8/2008,1955.725562,2341.311948,2138.676865,1645.817118,1614.575071,2138.676865,8293.667883,5570.011928,9753.880697,7745.44446,6437.547272,9753.880697,7688.187765,4053.5423,9753.880697,8354.86586,4738.973179,9753.880697,877.454632,872.3664623,0.001001968,0.001005531,0.001008742,0.001011081,1018.210843,1018.210843,1018.210843,3205.009606,3205.009606,3205.009606,3205.009606,3205.009606
9/9/2008,1874.255043,2217.794847,2144.141584,2270.61996,2341.311948,2144.141584,4185.020455,6104.82682,4939.434052,4384.081654,5570.011928,4939.434052,4358.094482,6437.547272,4939.434052,3831.831834,4053.5423,4939.434052,1282.51761,1274.666131,0.001001968,0.001005531,0.001008742,0.001011081,1190.313909,1190.313909,1190.313909,3634.287964,3634.287964,3634.287964,3634.287964,3634.287964
9/10/2008,1727.131497,1671.240708,1932.398226,2247.482052,2217.794847,1932.398226,4089.34053,5464.47562,4740.678906,4473.027514,6104.82682,4740.678906,4361.002132,5570.011928,4740.678906,4300.724288,6437.547272,4740.678906,919.1616261,913.795271,0.001001968,0.001005531,0.001008742,0.001011081,1364.932534,1364.932534,1364.932534,4007.502107,4007.502107,4007.502107,4007.502107,4007.502107
9/11/2008,2348.430613,3490.589861,2473.352253,1703.415571,1671.240708,2473.352253,6019.032595,4740.575885,6819.261467,5241.158731,5464.47562,6819.261467,5437.475426,6104.82682,6819.261467,5846.182496,5570.011928,6819.261467,578.1025202,574.9555376,0.001001968,0.001005531,0.001008742,0.001011081,1528.607855,1528.607855,1528.607855,4746.265135,4746.265135,4746.265135,4746.265135,4746.265135
9/12/2008,2872.527746,2311.110831,3329.402679,3464.008019,3490.589861,3329.402679,5570.331865,4295.817342,6676.915833,5838.041496,4740.575885,6676.915833,5915.406767,5464.47562,6676.915833,4733.708756,6104.82682,6676.915833,2053.221713,2039.829324,0.001001968,0.001005531,0.001008742,0.001011081,1876.661859,1876.661859,1876.661859,5285.988476,5285.988476,5285.988476,5285.988476,5285.988476
9/13/2008,1785.74245,1779.959705,1981.699328,2297.227003,2311.110831,1981.699328,5401.814799,3659.578068,6297.763261,5739.186274,4295.817342,6297.763261,5915.506022,4740.575885,6297.763261,6701.297747,5464.47562,6297.763261,929.1136109,923.6806351,0.001001968,0.001005531,0.001008742,0.001011081,2106.257349,2106.257349,2106.257349,5928.26852,5928.26852,5928.26852,5928.26852,5928.26852
9/14/2008,1701.07442,1634.185899,1837.275574,1803.238536,1779.959705,1837.275574,3670.498527,3155.964653,4163.559892,3668.411451,3659.578068,4163.559892,3977.699672,4295.817342,4163.559892,4439.921546,4740.575885,4163.559892,646.2547295,642.6754647,0.001001968,0.001005531,0.001008742,0.001011081,2143.308895,2143.308895,2143.308895,6135.665019,6135.665019,6135.665019,6135.665019,6135.665019
9/15/2008,1476.8109,1557.42311,1612.028085,1646.63763,1634.185899,1612.028085,3372.560693,2862.855434,3858.908527,3433.709424,3155.964653,3858.908527,3685.213838,3659.578068,3858.908527,3997.167976,4295.817342,3858.908527,674.6944344,670.9329289,0.001001968,0.001005531,0.001008742,0.001011081,2175.750118,2175.750118,2175.750118,5517.154422,5517.154422,5517.154422,5517.154422,5517.154422
9/16/2008,1307.962236,1179.79331,1445.878188,1557.637028,1557.42311,1445.878188,3166.537996,2612.355127,3653.170847,3305.061848,2862.855434,3653.170847,3497.26121,3155.964653,3653.170847,3710.399213,3659.578068,3653.170847,695.6780356,691.7814103,0.001001968,0.001005531,0.001008742,0.001011081,2123.146085,2123.146085,2123.146085,5347.772397,5347.772397,5347.772397,5347.772397,5347.772397
9/17/2008,991.2504387,985.1023797,1075.438056,1179.605325,1179.79331,1075.438056,2549.859254,2421.888465,2904.067229,2665.439572,2612.355127,2904.067229,2840.666648,2862.855434,2904.067229,3235.403578,3155.964653,2904.067229,444.9125772,442.5897501,0.001001968,0.001005531,0.001008742,0.001011081,2025.945522,2025.945522,2025.945522,5183.106836,5183.106836,5183.106836,5183.106836,5183.106836
9/18/2008,874.3275806,950.7645469,941.3859483,984.9574208,985.1023797,941.3859483,2147.277263,2285.572119,2425.934994,2201.2418,2421.888465,2425.934994,2351.870273,2612.355127,2425.934994,2597.057606,2862.855434,2425.934994,362.2091336,360.3814311,0.001001968,0.001005531,0.001008742,0.001011081,1914.371085,1914.371085,1914.371085,4599.728642,4599.728642,4599.728642,4599.728642,4599.728642
9/19/2008,853.0950043,907.5419779,923.0489183,950.65464,950.7645469,923.0489183,2173.930695,2224.511629,2466.910255,2211.663272,2285.572119,2466.910255,2302.310052,2421.888465,2466.910255,2434.361635,2612.355127,2466.910255,377.7156044,375.7961951,0.001001968,0.001005531,0.001008742,0.001011081,1608.037165,1608.037165,1608.037165,4179.442388,4179.442388,4179.442388,4179.442388,4179.442388
9/20/2008,816.8664617,864.9741043,884.6266188,907.4697434,907.5419779,884.6266188,2104.874671,2162.466727,2389.426761,2137.480267,2224.511629,2389.426761,2209.924032,2285.572119,2389.426761,2304.599216,2421.888465,2389.426761,367.8126089,365.951831,0.001001968,0.001005531,0.001008742,0.001011081,1404.851926,1404.851926,1404.851926,3637.885035,3637.885035,3637.885035,3637.885035,3637.885035
9/21/2008,780.4110685,821.4556648,845.0925262,864.9429349,864.9741043,845.0925262,1992.458278,2100.79789,2258.376094,2022.167771,2162.466727,2258.376094,2088.240522,2224.511629,2258.376094,2165.028056,2285.572119,2258.376094,353.3404436,351.5649386,0.001001968,0.001005531,0.001008742,0.001011081,1242.258167,1242.258167,1242.258167,3149.927128,3149.927128,3149.927128,3149.927128,3149.927128
9/22/2008,739.7435022,781.6768404,800.5245283,821.4606195,821.4556648,800.5245283,1891.576912,2256.361856,2140.590804,1921.848499,2100.79789,2140.590804,1982.168292,2162.466727,2140.590804,2055.009484,2224.511629,2140.590804,334.5728015,332.9071237,0.001001968,0.001005531,0.001008742,0.001011081,1105.034541,1105.034541,1105.034541,2838.40768,2838.40768,2838.40768,2838.40768,2838.40768
9/23/2008,710.7670312,771.5289302,768.5816552,781.7142511,781.6768404,768.5816552,1853.625083,3489.013044,2096.810641,1874.957613,2256.361856,2096.810641,1933.415425,2100.79789,2096.810641,1997.103792,2162.466727,2096.810641,320.3229151,318.74003,0.001001968,0.001005531,0.001008742,0.001011081,984.4649083,984.4649083,984.4649083,2600.045163,2600.045163,2600.045163,2600.045163,2600.045163
9/24/2008,702.2651653,756.3048174,761.3894476,771.5963723,771.5289302,761.3894476,1831.34667,4566.05377,2074.218796,1850.390597,3489.013044,2074.218796,1902.373492,2256.361856,2074.218796,1945.932335,2100.79789,2074.218796,327.5865564,325.9615351,0.001001968,0.001005531,0.001008742,0.001011081,910.68682,910.68682,910.68682,2420.413593,2420.413593,2420.413593,2420.413593,2420.413593
9/25/2008,673.1367913,1083.968693,729.7350593,745.1085717,756.3048174,729.7350593,1820.038513,8436.60537,2056.682777,1843.839477,4566.05377,2056.682777,1891.047413,3489.013044,2056.682777,1907.570807,2256.361856,2056.682777,315.4270552,313.8724919,0.001001968,0.001005531,0.001008742,0.001011081,862.5107318,862.5107318,862.5107318,2302.423718,2302.423718,2302.423718,2302.423718,2302.423718
9/26/2008,967.6387634,1897.052338,1067.988624,1070.097862,1083.968693,1067.988624,2448.863784,12413.03811,2784.724016,2479.581039,8436.60537,2784.724016,2443.501466,4566.05377,2784.724016,2071.2468,3489.013044,2784.724016,515.5913475,512.8348538,0.001001968,0.001005531,0.001008742,0.001011081,856.3713469,856.3713469,856.3713469,2274.676516,2274.676516,2274.676516,2274.676516,2274.676516
9/27/2008,1890.226365,2361.515606,2080.649854,1905.45073,1897.052338,2080.649854,4398.147078,7672.903646,5046.749356,4274.22681,12413.03811,5046.749356,3941.163217,8436.60537,5046.749356,3478.899909,4566.05377,5046.749356,872.0987052,867.0461387,0.001001968,0.001005531,0.001008742,0.001011081,928.2781682,928.2781682,928.2781682,2465.424901,2465.424901,2465.424901,2465.424901,2465.424901
9/28/2008,2214.061502,2333.158365,2441.516102,2337.159463,2361.515606,2441.516102,5443.152292,7243.075027,6265.738456,5397.007673,7672.903646,6265.738456,5280.750442,12413.03811,6265.738456,4553.554022,8436.60537,6265.738456,1034.879164,1028.732743,0.001001968,0.001005531,0.001008742,0.001011081,1095.431443,1095.431443,1095.431443,2887.650139,2887.650139,2887.650139,2887.650139,2887.650139
9/29/2008,2038.041319,1978.180646,2202.967419,2352.159589,2333.158365,2202.967419,8818.475724,6209.319276,10241.14026,8980.380994,7243.075027,10241.14026,8758.838401,7672.903646,10241.14026,8093.946523,12413.03811,10241.14026,711.3933275,707.3951527,0.001001968,0.001005531,0.001008742,0.001011081,1266.542547,1266.542547,1266.542547,3931.179905,3931.179905,3931.179905,3931.179905,3931.179905
9/30/2008,2333.468625,3315.963726,2434.398138,1936.110908,1978.180646,2434.398138,11082.76843,5600.463417,12858.09164,10468.04392,6209.319276,12858.09164,10456.04347,7243.075027,12858.09164,11461.19653,7672.903646,12858.09164,431.6682748,429.4256892,0.001001968,0.001005531,0.001008742,0.001011081,1444.404938,1444.404938,1444.404938,5495.711469,5495.711469,5495.711469,5495.711469,5495.711469
10/1/2008,2960.12026,2658.857317,3350.103304,3318.103722,3315.963726,3350.103304,6998.81362,5119.65915,8205.337629,7071.46399,5600.463417,8205.337629,7328.071016,6209.319276,8205.337629,6209.15739,7243.075027,8205.337629,1723.681251,1712.695103,0.001001968,0.001005531,0.001008742,0.001011081,1798.837036,1798.837036,1798.837036,6304.412086,6304.412086,6304.412086,6304.412086,6304.412086
10/2/2008,2256.302186,1889.108473,2500.949203,2686.84545,2658.857317,2500.949203,6526.850292,4405.72157,7578.285952,6748.852306,5119.65915,7578.285952,6916.81195,5600.463417,7578.285952,7696.852195,6209.319276,7578.285952,1122.00211,1115.261029,0.001001968,0.001005531,0.001008742,0.001011081,2077.819928,2077.819928,2077.819928,7024.777346,7024.777346,7024.777346,7024.777346,7024.777346
10/3/2008,1657.007053,1670.381918,1805.856987,1898.552712,1889.108473,1805.856987,3975.099564,3764.825811,4521.364039,4102.419782,4405.72157,4521.364039,4561.456571,5119.65915,4521.364039,5176.819641,5600.463417,4521.364039,721.2818663,717.2196413,0.001001968,0.001005531,0.001008742,0.001011081,2263.214347,2263.214347,2263.214347,7544.264618,7544.264618,7544.264618,7544.264618,7544.264618
10/4/2008,1433.172956,1404.600162,1569.556662,1675.982259,1670.381918,1569.556662,3740.232115,3341.736874,4277.686002,3872.68278,3764.825811,4277.686002,4126.951154,4405.72157,4277.686002,4665.525401,5119.65915,4277.686002,674.4834875,670.7233375,0.001001968,0.001005531,0.001008742,0.001011081,2319.99338,2319.99338,2319.99338,7722.628286,7722.628286,7722.628286,7722.628286,7722.628286
10/5/2008,1236.246182,1229.453972,1343.183611,1405.884583,1404.600162,1343.183611,3621.924722,3025.273895,4132.452732,3696.935834,3341.736874,4132.452732,3885.891765,3764.825811,4132.452732,4253.278786,4405.72157,4132.452732,541.2511366,538.3350935,0.001001968,0.001005531,0.001008742,0.001011081,2244.717815,2244.717815,2244.717815,7610.83309,7610.83309,7610.83309,7610.83309,7610.83309
10/6/2008,1092.275867,1099.945209,1180.189,1229.048531,1229.453972,1180.189,3218.74881,2850.835531,3662.721328,3274.733323,3025.273895,3662.721328,3405.097302,3341.736874,3662.721328,3745.745986,3764.825811,3662.721328,453.5235385,451.1483604,0.001001968,0.001005531,0.001008742,0.001011081,2140.735525,2140.735525,2140.735525,6826.526247,6826.526247,6826.526247,6826.526247,6826.526247
10/7/2008,988.4838806,1040.642123,1063.72387,1099.55765,1099.945209,1063.72387,2798.292725,2802.061808,3172.505212,2840.979623,2850.835531,3172.505212,2948.167983,3025.273895,3172.505212,3182.798448,3341.736874,3172.505212,394.0829775,392.0661817,0.001001968,0.001005531,0.001008742,0.001011081,2014.665443,2014.665443,2014.665443,5444.880922,5444.880922,5444.880922,5444.880922,5444.880922
10/8/2008,937.9326605,967.6719651,1009.433875,1033.794658,1040.642123,1009.433875,2614.990912,2711.168771,2963.209695,2646.42416,2802.061808,2963.209695,2731.419429,2850.835531,2963.209695,2881.272749,3025.273895,2963.209695,377.1797708,375.2635397,0.001001968,0.001005531,0.001008742,0.001011081,1702.224588,1702.224588,1702.224588,4780.686554,4780.686554,4780.686554,4780.686554,4780.686554
10/9/2008,877.3631638,929.0831738,940.9127611,970.5762007,967.6719651,940.9127611,2430.269009,2581.553852,2747.871273,2465.834229,2711.168771,2747.871273,2524.444695,2802.061808,2747.871273,2667.27587,2850.835531,2747.871273,335.9711707,334.2973401,0.001001968,0.001005531,0.001008742,0.001011081,1457.612241,1457.612241,1457.612241,4171.47053,4171.47053,4171.47053,4171.47053,4171.47053
10/10/2008,877.3135292,1009.160927,940.9754611,931.6353135,929.0831738,940.9754611,2368.798608,2505.732092,2676.577058,2365.987769,2581.553852,2676.577058,2436.670578,2711.168771,2676.577058,2507.269097,2802.061808,2676.577058,339.2063295,337.5136181,0.001001968,0.001005531,0.001008742,0.001011081,1274.12693,1274.12693,1274.12693,3699.247507,3699.247507,3699.247507,3699.247507,3699.247507
10/11/2008,914.5582077,916.8810064,994.6966001,1008.986779,1009.160927,994.6966001,2445.698415,2420.398192,2785.461118,2471.815594,2505.732092,2785.461118,2522.649292,2581.553852,2785.461118,2519.457965,2711.168771,2785.461118,422.7621498,420.5733284,0.001001968,0.001005531,0.001008742,0.001011081,1155.658936,1155.658936,1155.658936,3370.253669,3370.253669,3370.253669,3370.253669,3370.253669
10/12/2008,821.3435169,840.5925045,887.2508506,916.6642238,916.8810064,887.2508506,2306.457253,2312.402678,2617.897059,2342.664442,2420.398192,2617.897059,2399.571204,2505.732092,2617.897059,2512.76546,2581.553852,2617.897059,353.5547314,351.7779674,0.001001968,0.001005531,0.001008742,0.001011081,1070.46329,1070.46329,1070.46329,3106.668485,3106.668485,3106.668485,3106.668485,3106.668485
10/13/2008,766.7234611,816.836782,824.6242884,840.4123985,840.5925045,824.6242884,2104.981889,2176.030698,2379.867244,2127.376864,2312.402678,2379.867244,2193.511543,2420.398192,2379.867244,2293.2676,2505.732092,2379.867244,314.1475821,312.6004097,0.001001968,0.001005531,0.001008742,0.001011081,1007.801487,1007.801487,1007.801487,2893.781272,2893.781272,2893.781272,2893.781272,2893.781272
10/14/2008,746.9362226,790.9796623,804.4708556,816.6882864,816.836782,804.4708556,2072.694472,2128.660933,2346.867388,2091.019911,2176.030698,2346.867388,2142.211186,2312.402678,2346.867388,2226.367795,2420.398192,2346.867388,313.1017554,311.5606209,0.001001968,0.001005531,0.001008742,0.001011081,960.6449549,960.6449549,960.6449549,2747.513643,2747.513643,2747.513643,2747.513643,2747.513643
10/15/2008,723.7540598,756.4610244,779.7577581,790.8570873,790.9796623,779.7577581,2030.491858,2191.593914,2299.918296,2047.155754,2128.660933,2299.918296,2093.286388,2176.030698,2299.918296,2159.257752,2312.402678,2299.918296,306.0938176,304.5930652,0.001001968,0.001005531,0.001008742,0.001011081,921.638351,921.638351,921.638351,2636.026486,2636.026486,2636.026486,2636.026486,2636.026486
10/16/2008,686.5191666,685.2530878,738.787246,755.0353725,756.4610244,738.787246,1946.616119,2153.345844,2202.098799,1967.672425,2191.593914,2202.098799,2009.918465,2128.660933,2202.098799,2077.763348,2176.030698,2202.098799,287.7466808,286.3509949,0.001001968,0.001005531,0.001008742,0.001011081,889.1798884,889.1798884,889.1798884,2549.431673,2549.431673,2549.431673,2549.431673,2549.431673
10/17/2008,635.3669083,713.1011472,678.0362673,685.6296135,685.2530878,678.0362673,1812.380061,2070.169466,2038.150706,1822.478941,2153.345844,2038.150706,1860.363447,2191.593914,2038.150706,1953.891295,2128.660933,2038.150706,237.8960918,236.7806398,0.001001968,0.001005531,0.001008742,0.001011081,851.4961354,851.4961354,851.4961354,2461.943003,2461.943003,2461.943003,2461.943003,2461.943003
10/18/2008,677.6375685,803.101546,728.2913772,713.7903595,713.1011472,728.2913772,1843.618969,1999.281969,2079.532704,1834.831154,2070.169466,2079.532704,1874.520209,2153.345844,2079.532704,1878.489101,2191.593914,2079.532704,280.5644033,279.2095792,0.001001968,0.001005531,0.001008742,0.001011081,810.8974665,810.8974665,810.8974665,2371.390366,2371.390366,2371.390366,2371.390366,2371.390366
10/19/2008,730.6685541,721.6859042,797.2788734,803.0727199,803.101546,797.2788734,1998.876643,1930.807113,2278.330049,2014.508908,1999.281969,2278.330049,2044.966167,2070.169466,2278.330049,2009.153066,2153.345844,2278.330049,362.0947664,360.2677383,0.001001968,0.001005531,0.001008742,0.001011081,790.138372,790.138372,790.138372,2298.906191,2298.906191,2298.906191,2298.906191,2298.906191
10/20/2008,645.7784489,653.6967928,698.449175,721.639689,721.6859042,698.449175,1868.792051,1950.015771,2119.293,1897.030595,1930.807113,2119.293,1934.568213,1999.281969,2119.293,2024.827482,2070.169466,2119.293,292.420838,290.9984774,0.001001968,0.001005531,0.001008742,0.001011081,769.5541226,769.5541226,769.5541226,2241.572813,2241.572813,2241.572813,2241.572813,2241.572813
10/21/2008,598.0691916,622.5412658,642.9048981,653.151697,653.6967928,642.9048981,1699.61686,1782.706144,1915.565975,1714.073789,1950.015771,1915.565975,1763.91214,1930.807113,1915.565975,1837.964469,1999.281969,1915.565975,252.5237942,251.3269607,0.001001968,0.001005531,0.001008742,0.001011081,747.0062773,747.0062773,747.0062773,2190.123626,2190.123626,2190.123626,2190.123626,2190.123626
10/22/2008,566.4552583,601.2501027,607.703883,622.737892,622.5412658,607.703883,1662.182793,793.2750318,1872.401355,1680.069583,1782.706144,1872.401355,1710.208214,1950.015771,1872.401355,1779.465357,1930.807113,1872.401355,233.8418735,232.7488436,0.001001968,0.001005531,0.001008742,0.001011081,722.0620812,722.0620812,722.0620812,2135.505763,2135.505763,2135.505763,2135.505763,2135.505763
10/23/2008,566.4919879,681.3494771,606.9488075,601.4849509,601.2501027,606.9488075,1654.393595,9626.40791,1861.1007,1651.71633,793.2750318,1861.1007,1686.615572,1782.706144,1861.1007,1718.366477,1950.015771,1861.1007,230.1272356,229.0546971,0.001001968,0.001005531,0.001008742,0.001011081,700.090031,700.090031,700.090031,2082.83648,2082.83648,2082.83648,2082.83648,2082.83648
10/24/2008,615.7846856,3326.961387,669.4166139,666.4042069,681.3494771,669.4166139,1762.211348,15586.69923,1998.326631,1766.185784,9626.40791,1998.326631,1800.1239,793.2750318,1998.326631,1762.91552,1782.706144,1998.326631,299.4853588,298.0225614,0.001001968,0.001005531,0.001008742,0.001011081,694.8978086,694.8978086,694.8978086,2053.861264,2053.861264,2053.861264,2053.861264,2053.861264
10/25/2008,364.3967596,3047.336266,388.6388928,556.095265,3326.961387,388.6388928,1680.571618,21605.49646,1857.968797,1850.241379,15586.69923,1857.968797,1816.981169,9626.40791,1857.968797,1700.149347,793.2750318,1857.968797,134.7531998,134.1863106,0.001001968,0.001005531,0.001008742,0.001011081,664.9278722,664.9278722,664.9278722,2049.512697,2049.512697,2049.512697,2049.512697,2049.512697
10/26/2008,4492.879855,3314.926181,4922.620242,4660.469325,3047.336266,4922.620242,5926.602891,21335.38856,6532.89691,6085.450662,21605.49646,6532.89691,5300.33751,15586.69923,6532.89691,1020.286633,9626.40791,6532.89691,499.3919258,496.735601,0.001001968,0.001005531,0.001008742,0.001011081,1087.386193,1087.386193,1087.386193,2368.609102,2368.609102,2368.609102,2368.609102,2368.609102
10/27/2008,5370.105182,10904.46322,5688.073336,3560.300271,3314.926181,5688.073336,13139.16072,16432.85579,14974.86475,11064.13919,21335.38856,14974.86475,11037.5428,21605.49646,14974.86475,12294.38978,15586.69923,14974.86475,970.3753252,964.6651766,0.001001968,0.001005531,0.001008742,0.001011081,1486.792728,1486.792728,1486.792728,3775.928891,3775.928891,3775.928891,3775.928891,3775.928891
10/28/2008,9338.649391,10278.22399,11132.31944,10795.04385,10904.46322,11132.31944,18608.17815,12418.2939,22864.125,18851.52478,16432.85579,22864.125,18775.05334,21335.38856,22864.125,12818.00874,21605.49646,22864.125,6823.675573,6772.190358,0.001001968,0.001005531,0.001008742,0.001011081,2698.703836,2698.703836,2698.703836,5581.192937,5581.192937,5581.192937,5581.192937,5581.192937
10/29/2008,8929.29853,7383.286084,10441.34561,10599.0463,10278.22399,10441.34561,24116.45406,9132.631462,29294.50488,24631.80001,12418.2939,29294.50488,24821.13272,16432.85579,29294.50488,24778.28821,21335.38856,29294.50488,5662.576183,5620.750549,0.001001968,0.001005531,0.001008742,0.001011081,4000.835812,4000.835812,4000.835812,8629.690346,8629.690346,8629.690346,8629.690346,8629.690346
10/30/2008,5949.018007,3994.871009,6855.568072,7541.905018,7383.286084,6855.568072,15268.8513,7140.501054,18314.67631,16165.52848,9132.631462,18314.67631,17490.66421,12418.2939,18314.67631,19722.09195,16432.85579,18314.67631,3620.965862,3595.598548,0.001001968,0.001005531,0.001008742,0.001011081,5085.377223,5085.377223,5085.377223,11688.33521,11688.33521,11688.33521,11688.33521,11688.33521
10/31/2008,3135.444536,2584.783334,3491.425185,3990.751906,3994.871009,3491.425185,8096.810374,6360.014113,9435.142096,8673.834823,7140.501054,9435.142096,10194.83243,9132.631462,9435.142096,13395.79718,12418.2939,9435.142096,1531.113487,1521.509147,0.001001968,0.001005531,0.001008742,0.001011081,5742.380715,5742.380715,5742.380715,13673.29111,13673.29111,13673.29111,13673.29111,13673.29111
11/1/2008,2351.058728,2464.871551,2523.311111,2598.560974,2584.783334,2523.311111,5815.423188,5870.298945,6579.975804,5929.591061,6360.014113,6579.975804,6623.034856,7140.501054,6579.975804,8781.89229,9132.631462,6579.975804,743.1517884,738.9474994,0.001001968,0.001005531,0.001008742,0.001011081,6125.892961,6125.892961,6125.892961,14837.44141,14837.44141,14837.44141,14837.44141,14837.44141
11/2/2008,2504.643852,3161.97466,2675.475551,2479.261465,2464.871551,2675.475551,5829.741829,6227.37282,6557.508599,5673.580299,5870.298945,6557.508599,5879.391852,6360.014113,6557.508599,6532.762706,7140.501054,6557.508599,750.6252239,746.372262,0.001001968,0.001005531,0.001008742,0.001011081,5960.201034,5960.201034,5960.201034,15252.76589,15252.76589,15252.76589,15252.76589,15252.76589
11/3/2008,2909.076115,3004.562817,3203.472597,3165.727042,3161.97466,3203.472597,6214.023455,6559.635353,7127.333718,6260.518427,6227.37282,7127.333718,6335.669821,5870.298945,7127.333718,6027.157605,6360.014113,7127.333718,1308.132083,1300.101769,0.001001968,0.001005531,0.001008742,0.001011081,5887.669275,5887.669275,5887.669275,14455.01033,14455.01033,14455.01033,14455.01033,14455.01033
11/4/2008,2591.359187,2675.077607,2831.74676,2925.674489,3004.562817,2831.74676,5732.177354,6249.720971,6536.572069,5891.308961,6559.635353,6536.572069,6069.346913,6227.37282,6536.572069,6245.184619,5870.298945,6536.572069,1083.02574,1076.551434,0.001001968,0.001005531,0.001008742,0.001011081,4997.510136,4997.510136,4997.510136,13258.16889,13258.16889,13258.16889,13258.16889,13258.16889
11/5/2008,2386.831994,2983.494942,2574.736948,2608.741155,2675.077607,2574.736948,4786.290122,5785.621577,5373.750974,4882.946463,6249.720971,5373.750974,5151.832459,6559.635353,5373.750974,5422.408989,6227.37282,5373.750974,828.6671189,823.9022114,0.001001968,0.001005531,0.001008742,0.001011081,3997.197298,3997.197298,3997.197298,10793.4123,10793.4123,10793.4123,10793.4123,10793.4123
11/6/2008,2745.124183,3043.308614,3027.731855,3009.33583,2983.494942,3027.731855,5489.864199,5444.237871,6282.122852,5565.959113,5785.621577,6282.122852,5839.360629,6249.720971,6282.122852,5598.088173,6559.635353,6282.122852,1225.217209,1217.764201,0.001001968,0.001005531,0.001008742,0.001011081,3263.133076,3263.133076,3263.133076,8346.319326,8346.319326,8346.319326,8346.319326,8346.319326
11/7/2008,2752.062012,2707.799299,3052.242237,3070.588803,3043.308614,3052.242237,5898.291471,5083.577635,6801.991244,6005.426263,5444.237871,6801.991244,6227.364518,5785.621577,6801.991244,6344.750499,6249.720971,6801.991244,1315.833675,1307.749506,0.001001968,0.001005531,0.001008742,0.001011081,2949.405463,2949.405463,2949.405463,6990.160147,6990.160147,6990.160147,6990.160147,6990.160147
11/8/2008,2391.140732,2427.468188,2627.794325,2712.141863,2707.799299,2627.794325,4980.659525,4733.283852,5693.680393,5136.403725,5083.577635,5693.680393,5379.523015,5444.237871,5693.680393,5779.722263,5785.621577,5693.680393,1058.819619,1052.510393,0.001001968,0.001005531,0.001008742,0.001011081,2889.654692,2889.654692,2889.654692,6396.412404,6396.412404,6396.412404,6396.412404,6396.412404
11/9/2008,2182.295201,2278.09897,2387.8014,2439.043523,2427.468188,2387.8014,4413.139837,4616.274251,5017.836558,4529.157575,4733.283852,5017.836558,4817.580863,5083.577635,5017.836558,5100.218149,5444.237871,5017.836558,930.002144,924.5632158,0.001001968,0.001005531,0.001008742,0.001011081,2887.764858,2887.764858,2887.764858,6156.199251,6156.199251,6156.199251,6156.199251,6156.199251
11/10/2008,2035.76896,2129.579484,2227.954235,2286.681185,2278.09897,2227.954235,4241.080045,5319.010589,4827.297746,4357.482472,4616.274251,4827.297746,4585.355134,4733.283852,4827.297746,4867.911502,5083.577635,4827.297746,880.152301,875.0461881,0.001001968,0.001005531,0.001008742,0.001011081,2795.711782,2795.711782,2795.711782,5978.063849,5978.063849,5978.063849,5978.063849,5978.063849
11/11/2008,1911.032754,2038.174281,2088.899255,2131.239298,2129.579484,2088.899255,3956.7451,6723.118849,4501.859983,4051.590325,5319.010589,4501.859983,4267.00396,4616.274251,4501.859983,4524.814832,4733.283852,4501.859983,822.7990561,818.0728679,0.001001968,0.001005531,0.001008742,0.001011081,2693.671762,2693.671762,2693.671762,5753.493342,5753.493342,5753.493342,5753.493342,5753.493342
11/12/2008,1827.165692,2040.993584,1998.61786,2035.221998,2038.174281,1998.61786,3770.356529,7283.126448,4289.038095,3858.129036,6723.118849,4289.038095,4050.656167,5319.010589,4289.038095,4220.094675,4616.274251,4289.038095,798.2545699,793.689944,0.001001968,0.001005531,0.001008742,0.001011081,2601.769323,2601.769323,2601.769323,5530.367694,5530.367694,5530.367694,5530.367694,5530.367694
11/13/2008,1801.039651,2349.982042,1972.668425,1998.721279,2040.993584,1972.668425,3834.134889,7695.466065,4368.881389,3909.934049,7283.126448,4368.881389,4072.179778,6723.118849,4368.881389,4177.683359,5319.010589,4368.881389,799.4485226,794.8760523,0.001001968,0.001005531,0.001008742,0.001011081,2454.222697,2454.222697,2454.222697,5284.252893,5284.252893,5284.252893,5284.252893,5284.252893
11/14/2008,2157.146906,2863.297735,2390.601927,2342.276499,2349.982042,2390.601927,4963.89881,7470.419331,5724.337283,4980.51629,7695.466065,5724.337283,5098.558653,7283.126448,5724.337283,4844.894969,6723.118849,5724.337283,1051.740094,1045.47906,0.001001968,0.001005531,0.001008742,0.001011081,2343.112791,2343.112791,2343.112791,5135.683153,5135.683153,5135.683153,5135.683153,5135.683153
11/15/2008,2486.497866,3647.082516,2783.099348,2697.157813,2863.297735,2783.099348,6588.702838,6979.318014,7685.740666,6569.208746,7470.419331,7685.740666,6700.580967,7695.466065,7685.740666,6402.844809,7283.126448,7685.740666,1324.938611,1316.790724,0.001001968,0.001005531,0.001008742,0.001011081,2320.361922,2320.361922,2320.361922,5255.727794,5255.727794,5255.727794,5255.727794,5255.727794
11/16/2008,3423.417131,3173.422263,3877.103263,3719.498237,3647.082516,3877.103263,7931.167677,6153.611042,9289.651951,7920.053786,6979.318014,9289.651951,7971.225238,7470.419331,9289.651951,7009.350792,7695.466065,9289.651951,1882.822683,1870.680642,0.001001968,0.001005531,0.001008742,0.001011081,2442.727463,2442.727463,2442.727463,5579.222037,5579.222037,5579.222037,5579.222037,5579.222037
11/17/2008,3365.62367,4316.492364,3692.132872,3240.914782,3173.422263,3692.132872,7661.925766,5837.450552,8811.21726,7293.220931,6153.611042,8811.21726,7445.396575,6979.318014,8811.21726,7958.952735,7470.419331,8811.21726,1411.305212,1402.550318,0.001001968,0.001005531,0.001008742,0.001011081,2556.808426,2556.808426,2556.808426,6030.609338,6030.609338,6030.609338,6030.609338,6030.609338
11/18/2008,3670.113374,3113.63373,4209.109576,4320.527672,4316.492364,4209.109576,6696.347229,5275.437235,7924.587396,6985.863542,5837.450552,7924.587396,7223.9626,6153.611042,7924.587396,6462.954231,6979.318014,7924.587396,2330.07083,2314.621702,0.001001968,0.001005531,0.001008742,0.001011081,2823.420338,2823.420338,2823.420338,6429.72215,6429.72215,6429.72215,6429.72215,6429.72215
11/19/2008,2480.086731,2156.176469,2768.417199,3115.970463,3113.63373,2768.417199,5537.251802,4615.50967,6416.404034,5963.318952,5275.437235,6416.404034,6341.841878,5837.450552,6416.404034,7296.61692,6153.611042,6416.404034,1300.149041,1292.174509,0.001001968,0.001005531,0.001008742,0.001011081,2991.437278,2991.437278,2991.437278,6796.446581,6796.446581,6796.446581,6796.446581,6796.446581
11/20/2008,1876.460514,2107.04965,2039.001755,2155.937567,2156.176469,2039.001755,3546.269642,4367.393148,3987.927994,3720.169932,4615.50967,3987.927994,4253.749508,5275.437235,3987.927994,5044.836753,5837.450552,3987.927994,754.5302959,750.2518757,0.001001968,0.001005531,0.001008742,0.001011081,3066.474256,3066.474256,3066.474256,7031.939604,7031.939604,7031.939604,7031.939604,7031.939604
11/21/2008,1867.401905,2021.844224,2050.514145,2106.243177,2107.04965,2050.514145,3947.492567,5287.022691,4503.706565,4057.086401,4367.393148,4503.706565,4337.106236,4615.50967,4503.706565,4756.638183,5275.437235,4503.706565,851.6724319,846.7553894,0.001001968,0.001005531,0.001008742,0.001011081,3060.358877,3060.358877,3060.358877,7012.677405,7012.677405,7012.677405,7012.677405,7012.677405
11/22/2008,1799.251721,1931.803793,1980.523069,2020.711456,2021.844224,1980.523069,4061.364968,5620.435201,4646.249145,4150.891456,5287.022691,4646.249145,4359.631746,4367.393148,4646.249145,4545.816398,4615.50967,4646.249145,846.862865,841.9776726,0.001001968,0.001005531,0.001008742,0.001011081,2985.563478,2985.563478,2985.563478,6696.724322,6696.724322,6696.724322,6696.724322,6696.724322
11/23/2008,1722.490976,1874.346297,1897.06106,1930.446123,1931.803793,1897.06106,3688.394637,4939.908357,4217.861943,3772.412415,5620.435201,4217.861943,3963.35073,5287.022691,4217.861943,4173.211853,4367.393148,4217.861943,819.7721121,815.0658826,0.001001968,0.001005531,0.001008742,0.001011081,2779.733707,2779.733707,2779.733707,6193.136858,6193.136858,6193.136858,6193.136858,6193.136858
11/24/2008,1651.13997,2478.916671,1818.929271,1847.80735,1874.346297,1818.929271,3526.127214,4656.586855,4028.693399,3604.561225,4939.908357,4028.693399,3783.433558,5620.435201,4028.693399,3913.657187,5287.022691,4028.693399,791.8992366,787.3763402,0.001001968,0.001005531,0.001008742,0.001011081,2598.012191,2598.012191,2598.012191,5600.132613,5600.132613,5600.132613,5600.132613,5600.132613
11/25/2008,2181.721043,2451.298595,2473.862424,2472.52459,2478.916671,2473.862424,5036.144415,4361.529448,5896.420249,5120.43014,4656.586855,5896.420249,5270.926658,4939.908357,5896.420249,4783.694287,5620.435201,5896.420249,1312.785716,1304.722865,0.001001968,0.001005531,0.001008742,0.001011081,2356.795239,2356.795239,2356.795239,5268.974876,5268.974876,5268.974876,5268.974876,5268.974876
11/26/2008,2184.810654,2111.441079,2461.739555,2461.692247,2451.298595,2461.739555,5359.824461,4569.422371,6256.961104,5432.222124,4361.529448,6256.961104,5586.589795,4656.586855,6256.961104,5652.698301,4939.908357,6256.961104,1248.817737,1241.200879,0.001001968,0.001005531,0.001008742,0.001011081,2233.144723,2233.144723,2233.144723,5080.725133,5080.725133,5080.725133,5080.725133,5080.725133
11/27/2008,1876.749934,1937.592776,2097.091155,2111.165973,2111.441079,2097.091155,3918.260182,5478.962633,4525.436232,4001.041583,4569.422371,4525.436232,4278.128882,4361.529448,4525.436232,4576.260343,4656.586855,4525.436232,1016.530777,1010.508814,0.001001968,0.001005531,0.001008742,0.001011081,2183.65778,2183.65778,2183.65778,4929.119641,4929.119641,4929.119641,4929.119641,4929.119641
11/28/2008,1730.212718,1844.449654,1923.387378,1935.881168,1937.592776,1923.387378,3561.553729,6662.640188,4092.252597,3635.173319,5478.962633,4092.252597,3843.90809,4569.422371,4092.252597,4115.414747,4361.529448,4092.252597,901.63114,896.3819138,0.001001968,0.001005531,0.001008742,0.001011081,2146.91911,2146.91911,2146.91911,4839.131807,4839.131807,4839.131807,4839.131807,4839.131807
11/29/2008,1656.492686,1924.366862,1836.45407,1842.702,1844.449654,1836.45407,3455.279848,5931.169224,3962.215173,3517.450197,6662.640188,3962.215173,3692.660886,5478.962633,3962.215173,3855.802215,4569.422371,3962.215173,845.6576103,840.7803957,0.001001968,0.001005531,0.001008742,0.001011081,2115.427773,2115.427773,2115.427773,4768.155782,4768.155782,4768.155782,4768.155782,4768.155782
11/30/2008,1605.978989,2385.724584,1778.30862,1782.959136,1924.366862,1778.30862,3788.187978,6524.34763,4353.559933,3837.760211,5931.169224,4353.559933,3987.789256,6662.640188,4353.559933,4097.467742,5478.962633,4353.559933,814.0311401,809.3627386,0.001001968,0.001005531,0.001008742,0.001011081,2089.480865,2089.480865,2089.480865,4785.870068,4785.870068,4785.870068,4785.870068,4785.870068
12/1/2008,2461.45314,2805.985077,2678.036512,2389.209419,2385.724584,2678.036512,5917.359116,6682.300232,6737.784922,5699.902399,6524.34763,6737.784922,5449.653652,5931.169224,6737.784922,4972.459941,6662.640188,6737.784922,890.5416346,885.3663527,0.001001968,0.001005531,0.001008742,0.001011081,2105.45863,2105.45863,2105.45863,5014.265558,5014.265558,5014.265558,5014.265558,5014.265558
12/2/2008,2975.822572,3635.446204,3188.641813,2830.325656,2805.985077,3188.641813,7351.149035,6278.260725,8344.858275,7035.972453,6682.300232,8344.858275,6679.723764,6524.34763,8344.858275,6466.138582,5931.169224,8344.858275,880.5665049,875.4576363,0.001001968,0.001005531,0.001008742,0.001011081,2103.359047,2103.359047,2103.359047,5327.853801,5327.853801,5327.853801,5327.853801,5327.853801
12/3/2008,3419.375312,3587.557109,3801.196785,3641.799803,3635.446204,3801.196785,6535.453937,5971.634668,7544.735069,6499.372739,6278.260725,7544.735069,6744.796507,6682.300232,7544.735069,5690.061803,6524.34763,7544.735069,1656.930126,1646.425149,0.001001968,0.001005531,0.001008742,0.001011081,2269.183278,2269.183278,2269.183278,5471.951977,5471.951977,5471.951977,5471.951977,5471.951977
12/4/2008,3087.532426,2905.950353,3449.932236,3589.03459,3587.557109,3449.932236,6417.145366,5538.937103,7450.950416,6662.169611,5971.634668,7450.950416,6923.074616,6278.260725,7450.950416,7075.89783,6682.300232,7450.950416,1594.095967,1584.041835,0.001001968,0.001005531,0.001008742,0.001011081,2462.162769,2462.162769,2462.162769,5736.58472,5736.58472,5736.58472,5736.58472,5736.58472
12/5/2008,2543.26039,2634.468142,2789.813441,2907.395458,2905.950353,2789.813441,5086.185556,5184.144423,5802.56699,5280.624541,5538.937103,5802.56699,5655.055998,5971.634668,5802.56699,6215.74653,6278.260725,5802.56699,1106.348681,1099.714881,0.001001968,0.001005531,0.001008742,0.001011081,2619.454033,2619.454033,2619.454033,6042.435976,6042.435976,6042.435976,6042.435976,6042.435976
12/6/2008,2350.562277,2549.970143,2570.220674,2635.4634,2634.468142,2570.220674,4578.839135,4207.569972,5203.647548,4714.572395,5184.144423,5203.647548,5039.437743,5538.937103,5203.647548,5435.264353,5971.634668,5203.647548,996.0071296,990.1240442,0.001001968,0.001005531,0.001008742,0.001011081,2749.905907,2749.905907,2749.905907,6307.999923,6307.999923,6307.999923,6307.999923,6307.999923
12/7/2008,2284.369957,2431.324393,2507.353383,2550.431959,2549.970143,2507.353383,4649.734641,6717.071966,5309.401668,4759.787098,4207.569972,5309.401668,5029.284043,5184.144423,5309.401668,5248.709146,5538.937103,5309.401668,1016.562391,1010.540213,0.001001968,0.001005531,0.001008742,0.001011081,2870.116105,2870.116105,2870.116105,6463.154439,6463.154439,6463.154439,6463.154439,6463.154439
12/8/2008,2164.169728,2375.050462,2376.832932,2431.415311,2431.324393,2376.832932,4434.235445,23710.62786,5065.747874,4552.082793,6717.071966,5065.747874,4786.786138,4207.569972,5065.747874,5013.934199,5184.144423,5065.747874,976.0211484,970.2729566,0.001001968,0.001005531,0.001008742,0.001011081,2940.580969,2940.580969,2940.580969,6385.333199,6385.333199,6385.333199,6385.333199,6385.333199
12/9/2008,2035.448084,3156.767335,2232.192032,2278.551516,2375.050462,2232.192032,4152.204855,31654.25383,4731.827486,4258.238566,23710.62786,4731.827486,4490.146038,6717.071966,4731.827486,4681.769242,4207.569972,4731.827486,909.7173816,904.4141634,0.001001968,0.001005531,0.001008742,0.001011081,2937.93168,2937.93168,2937.93168,6036.09717,6036.09717,6036.09717,6036.09717,6036.09717
12/10/2008,2473.22167,6938.247331,2687.663534,2647.111854,3156.767335,2687.663534,4300.526748,24805.77244,4800.062821,4362.482068,31654.25383,4800.062821,4254.273169,23710.62786,4800.062821,3898.782446,6717.071966,4800.062821,897.7189002,892.495774,0.001001968,0.001005531,0.001008742,0.001011081,2765.715896,2765.715896,2765.715896,5703.874695,5703.874695,5703.874695,5703.874695,5703.874695
12/11/2008,6639.306859,13979.27093,7498.149535,6316.142775,6938.247331,7498.149535,11455.47449,19352.95077,13350.43387,10646.73802,24805.77244,13350.43387,10629.72334,31654.25383,13350.43387,6750.947761,23710.62786,13350.43387,3272.593576,3249.948701,0.001001968,0.001005531,0.001008742,0.001011081,3049.332887,3049.332887,3049.332887,5914.635899,5914.635899,5914.635899,5914.635899,5914.635899
12/12/2008,13048.96995,10913.59883,15497.79571,14560.07972,13979.27093,15497.79571,34480.89637,15725.18842,41817.80303,34360.29359,19352.95077,41817.80303,34130.68335,24805.77244,41817.80303,24484.46245,31654.25383,41817.80303,8670.540682,8603.353155,0.001001968,0.001005531,0.001008742,0.001011081,4373.907297,4373.907297,4373.907297,9187.351589,9187.351589,9187.351589,9187.351589,9187.351589
12/13/2008,9209.940264,7234.810865,10704.23066,11172.50821,10913.59883,10704.23066,31186.5529,14536.37447,37692.14819,31892.46974,15725.18842,37692.14819,32655.74388,19352.95077,37692.14819,37097.14834,24805.77244,37692.14819,5692.279243,5650.208862,0.001001968,0.001005531,0.001008742,0.001011081,5543.156265,5543.156265,5543.156265,13463.37356,13463.37356,13463.37356,13463.37356,13463.37356
12/14/2008,6081.666957,5835.734848,6906.244954,7185.982043,7234.810865,6906.244954,13009.15025,14012.80378,15252.33135,13552.17591,14536.37447,15252.33135,15574.97905,15725.18842,15252.33135,19193.45776,19352.95077,15252.33135,3334.562786,3311.435854,0.001001968,0.001005531,0.001008742,0.001011081,6383.331362,6383.331362,6383.331362,16037.31048,16037.31048,16037.31048,16037.31048,16037.31048
12/15/2008,4788.241432,4838.301785,5389.964437,5799.329917,5835.734848,5389.964437,10631.39702,13082.71745,12383.68793,11230.44391,14012.80378,12383.68793,12256.41713,14536.37447,12383.68793,14922.66059,15725.18842,12383.68793,2466.316746,2449.844925,0.001001968,0.001005531,0.001008742,0.001011081,6933.800563,6933.800563,6933.800563,17669.31364,17669.31364,17669.31364,17669.31364,17669.31364
12/16/2008,4634.071697,5650.504967,5068.69211,4884.498946,4838.301785,5068.69211,10461.35933,12406.9262,11973.12269,10416.87204,13082.71745,11973.12269,10941.48528,14012.80378,11973.12269,12327.12144,14536.37447,11973.12269,1740.56818,1729.45995,0.001001968,0.001005531,0.001008742,0.001011081,7327.766915,7327.766915,7327.766915,18882.36462,18882.36462,18882.36462,18882.36462,18882.36462
12/17/2008,5585.710016,7081.37122,6159.762303,5687.566742,5650.504967,6159.762303,12260.31622,11335.76366,14178.89923,11947.27124,12406.9262,14178.89923,12112.52989,13082.71745,14178.89923,12141.8447,14012.80378,14178.89923,2341.770626,2326.233938,0.001001968,0.001005531,0.001008742,0.001011081,7766.958535,7766.958535,7766.958535,20188.61393,20188.61393,20188.61393,20188.61393,20188.61393
12/18/2008,6099.916484,5659.249946,6976.70177,7095.796406,7081.37122,6976.70177,13099.79567,10124.61391,15551.36031,13470.34838,11335.76366,15551.36031,13966.60232,12406.9262,15551.36031,12816.97931,13082.71745,15551.36031,3577.029192,3552.006863,0.001001968,0.001005531,0.001008742,0.001011081,7956.086739,7956.086739,7956.086739,20959.0968,20959.0968,20959.0968,20959.0968,20959.0968
12/19/2008,4686.229902,4452.985278,5264.989476,5668.932434,5659.249946,5264.989476,10817.20656,9041.096092,12665.77805,11372.804,10124.61391,12665.77805,12054.53645,11335.76366,12665.77805,13292.76405,12406.9262,12665.77805,2424.327434,2408.171495,0.001001968,0.001005531,0.001008742,0.001011081,7034.933651,7034.933651,7034.933651,18635.18873,18635.18873,18635.18873,18635.18873,18635.18873
12/20/2008,3856.22098,4117.015783,4261.445756,4459.662993,4452.985278,4261.445756,8340.324671,8923.613597,9604.784838,8657.959816,9041.096092,9604.784838,9463.595532,10124.61391,9604.784838,10600.57034,11335.76366,9604.784838,1731.232145,1720.191426,0.001001968,0.001005531,0.001008742,0.001011081,6175.192792,6175.192792,6175.192792,15237.66895,15237.66895,15237.66895,15237.66895,15237.66895
12/21/2008,3599.715811,3809.117606,3990.027077,4121.669347,4117.015783,3990.027077,8026.887073,13090.01241,9269.120326,8269.1359,8923.613597,9269.120326,8838.47004,9041.096092,9269.120326,9573.567055,10124.61391,9269.120326,1681.041239,1670.362718,0.001001968,0.001005531,0.001008742,0.001011081,5584.580549,5584.580549,5584.580549,13362.51037,13362.51037,13362.51037,13362.51037,13362.51037
12/22/2008,3344.949227,3541.273455,3708.526537,3812.358499,3809.117606,3708.526537,7541.551675,17035.29581,8712.062876,7745.956853,13090.01241,8712.062876,8213.851367,8923.613597,8712.062876,8787.999841,9041.096092,8712.062876,1578.977852,1569.031884,0.001001968,0.001005531,0.001008742,0.001011081,5249.076511,5249.076511,5249.076511,12298.18672,12298.18672,12298.18672,12298.18672,12298.18672
12/23/2008,3121.027622,3515.401623,3458.90727,3543.50187,3541.273455,3458.90727,6901.637694,13591.45426,7960.162901,7083.03531,17035.29581,7960.162901,7499.017701,13090.01241,7960.162901,7949.629834,8923.613597,7960.162901,1478.975712,1469.742051,0.001001968,0.001005531,0.001008742,0.001011081,5047.048601,5047.048601,5047.048601,11578.22502,11578.22502,11578.22502,11578.22502,11578.22502
12/24/2008,2947.134085,4449.820941,3265.631989,3336.108084,3515.401623,3265.631989,7233.971937,12518.2972,8336.460272,7389.550288,13591.45426,8336.460272,7747.503448,17035.29581,8336.460272,7924.39423,13090.01241,8336.460272,1402.632547,1393.938815,0.001001968,0.001005531,0.001008742,0.001011081,4764.062507,4764.062507,4764.062507,10881.47889,10881.47889,10881.47889,10881.47889,10881.47889
12/25/2008,4109.962331,4645.217704,4625.426788,4480.351427,4449.820941,4625.426788,13441.40715,12060.94005,15722.79501,13428.1312,12518.2972,15722.79501,13501.32811,13591.45426,15722.79501,11863.52089,17035.29581,15722.79501,2080.205779,2066.614256,0.001001968,0.001005531,0.001008742,0.001011081,4382.421851,4382.421851,4382.421851,10929.37639,10929.37639,10929.37639,10929.37639,10929.37639
12/26/2008,4565.292658,5183.159378,5060.625028,4692.478471,4645.217704,5060.625028,16379.63844,12229.25432,19259.73031,16041.28715,12060.94005,19259.73031,15995.17921,12518.2972,19259.73031,16640.31856,13591.45426,19259.73031,2041.97687,2028.667376,0.001001968,0.001005531,0.001008742,0.001011081,4167.304195,4167.304195,4167.304195,11588.8253,11588.8253,11588.8253,11588.8253,11588.8253
12/27/2008,4513.816504,3888.019982,5094.083374,5147.217286,5183.159378,5094.083374,11425.36133,12310.51618,13390.57142,11627.4324,12229.25432,13390.57142,11939.40813,12060.94005,13390.57142,11735.98436,12518.2972,13390.57142,2428.08136,2411.897206,0.001001968,0.001005531,0.001008742,0.001011081,4176.492758,4176.492758,4176.492758,11769.748,11769.748,11769.748,11769.748,11769.748
12/28/2008,3279.760765,2950.012798,3566.524391,3879.469279,3888.019982,3566.524391,10164.49856,11113.30333,11666.11285,10531.75177,12310.51618,11666.11285,10740.45789,12229.25432,11666.11285,11768.80826,12060.94005,11666.11285,1187.309376,1180.118733,0.001001968,0.001005531,0.001008742,0.001011081,4111.088967,4111.088967,4111.088967,12098.85882,12098.85882,12098.85882,12098.85882,12098.85882
12/29/2008,3377.235086,5472.803699,3536.802325,2959.251028,2950.012798,3536.802325,9714.056548,10832.32651,10882.9246,9152.894616,11113.30333,10882.9246,9562.907236,12310.51618,10882.9246,10232.76628,12229.25432,10882.9246,633.2014502,629.7054761,0.001001968,0.001005531,0.001008742,0.001011081,4014.374469,4014.374469,4014.374469,12564.59418,12564.59418,12564.59418,12564.59418,12564.59418
12/30/2008,5195.856574,5525.778669,5829.296854,5480.215235,5472.803699,5829.296854,11943.43283,10350.20258,13939.9593,11768.27598,10832.32651,13939.9593,11743.04732,11113.30333,13939.9593,10535.62453,12310.51618,13939.9593,2644.326683,2626.509073,0.001001968,0.001005531,0.001008742,0.001011081,4193.963424,4193.963424,4193.963424,13038.32107,13038.32107,13038.32107,13038.32107,13038.32107
12/31/2008,4655.729096,4270.797747,5231.774882,5530.10067,5525.778669,5231.774882,11707.26928,9424.721488,13722.92132,12139.33296,10350.20258,13722.92132,12275.038,10832.32651,13722.92132,12401.38128,11113.30333,13722.92132,2427.238731,2411.06091,0.001001968,0.001005531,0.001008742,0.001011081,4449.189223,4449.189223,4449.189223,13512.91588,13512.91588,13512.91588,13512.91588,13512.91588
1/1/2009,3686.300568,3845.45351,4045.512171,4273.823916,4270.797747,4045.512171,8520.399998,8717.984248,9783.309274,8843.725742,9424.721488,9783.309274,9466.862383,10350.20258,9783.309274,10375.13885,10832.32651,9783.309274,1548.830706,1539.100057,0.001001968,0.001005531,0.001008742,0.001011081,4511.29377,4511.29377,4511.29377,13145.94417,13145.94417,13145.94417,13145.94417,13145.94417
1/2/2009,3382.12652,3598.788239,3708.421089,3847.596455,3845.45351,3708.421089,7868.081931,8198.787244,9024.906175,8092.980022,8717.984248,9024.906175,8613.875929,9424.721488,9024.906175,9306.734896,10350.20258,9024.906175,1418.860647,1410.052433,0.001001968,0.001005531,0.001008742,0.001011081,4471.839127,4471.839127,4471.839127,12084.65389,12084.65389,12084.65389,12084.65389,12084.65389
1/3/2009,3183.388576,3375.834924,3496.580961,3600.277404,3598.788239,3496.580961,7861.952778,8990.468691,9050.386081,8037.902343,8198.787244,9050.386081,8442.87335,8717.984248,9050.386081,8973.531491,9424.721488,9050.386081,1370.928189,1362.457653,0.001001968,0.001005531,0.001008742,0.001011081,4296.25917,4296.25917,4296.25917,11527.14559,11527.14559,11527.14559,11527.14559,11527.14559
1/4/2009,2996.505274,3182.959067,3292.787636,3376.832961,3375.834924,3292.787636,7334.694627,9128.541469,8439.986976,7488.674169,8990.468691,8439.986976,7843.773781,8198.787244,8439.986976,8280.804995,8717.984248,8439.986976,1305.548203,1297.535948,0.001001968,0.001005531,0.001008742,0.001011081,4237.55931,4237.55931,4237.55931,10963.98921,10963.98921,10963.98921,10963.98921,10963.98921
1/5/2009,2833.505916,3018.121006,3114.030807,3183.584462,3182.959067,3114.030807,6906.965086,8161.452029,7940.306498,7044.307654,9128.541469,7940.306498,7364.590032,8990.468691,7940.306498,7712.107939,8198.787244,7940.306498,1243.835411,1236.253176,0.001001968,0.001005531,0.001008742,0.001011081,4234.251726,4234.251726,4234.251726,10367.40376,10367.40376,10367.40376,10367.40376,10367.40376
1/6/2009,2691.689141,2865.675365,2958.569437,3018.461408,3018.121006,2958.569437,6580.828304,7430.664995,7562.472627,6705.291331,8161.452029,7562.472627,6996.687025,9128.541469,7562.472627,7309.106994,8990.468691,7562.472627,1190.182973,1182.972476,0.001001968,0.001005531,0.001008742,0.001011081,3971.913841,3971.913841,3971.913841,9812.622178,9812.622178,9812.622178,9812.622178,9812.622178
1/7/2009,2559.132065,2767.144719,2813.029766,2865.046437,2865.675365,2813.029766,7375.29456,6977.269145,8515.501048,7466.958519,7430.664995,8515.501048,7713.823431,8161.452029,8515.501048,7941.678935,9128.541469,8515.501048,1138.938415,1132.081052,0.001001968,0.001005531,0.001008742,0.001011081,3645.592128,3645.592128,3645.592128,9352.711411,9352.711411,9352.711411,9352.711411,9352.711411
1/8/2009,2471.689573,2629.126795,2722.090039,2766.85995,2767.144719,2722.090039,7595.514236,6644.786586,8792.484554,7671.517089,6977.269145,8792.484554,7892.310627,7430.664995,8792.484554,8130.48866,8161.452029,8792.484554,1126.588142,1119.815595,0.001001968,0.001005531,0.001008742,0.001011081,3390.077436,3390.077436,3390.077436,8990.184526,8990.184526,8990.184526,8990.184526,8990.184526
1/9/2009,2351.675812,2514.082047,2588.336964,2628.929771,2629.126795,2588.336964,6681.248612,6394.709631,7709.944091,6762.446184,6644.786586,7709.944091,6986.132661,6977.269145,7709.944091,7319.430145,7430.664995,7709.944091,1071.526771,1065.130943,0.001001968,0.001005531,0.001008742,0.001011081,3186.178318,3186.178318,3186.178318,8619.653782,8619.653782,8619.653782,8619.653782,8619.653782
1/10/2009,2251.227701,2408.61873,2477.91869,2513.782483,2514.082047,2477.91869,6010.77036,6128.013973,6918.923869,6093.667673,6394.709631,6918.923869,6314.097405,6644.786586,6918.923869,6579.863666,6977.269145,6918.923869,1031.929952,1025.803554,0.001001968,0.001005531,0.001008742,0.001011081,3013.724263,3013.724263,3013.724263,8274.246704,8274.246704,8274.246704,8274.246704,8274.246704
1/11/2009,2157.805453,2309.256397,2375.25436,2408.24552,2408.61873,2375.25436,5723.607541,5923.651039,6580.958493,5803.414664,6128.013973,6580.958493,6013.211595,6394.709631,6580.958493,6220.096622,6644.786586,6580.958493,995.0635289,989.18682,0.001001968,0.001005531,0.001008742,0.001011081,2862.941689,2862.941689,2862.941689,7981.997063,7981.997063,7981.997063,7981.997063,7981.997063
1/12/2009,2070.093144,2217.176532,2278.694915,2308.828627,2309.256397,2278.694915,5456.660916,5712.23894,6274.247322,5531.761744,5923.651039,6274.247322,5731.401013,6128.013973,6274.247322,5968.997974,6394.709631,6274.247322,959.5249033,953.8877892,0.001001968,0.001005531,0.001008742,0.001011081,2728.589165,2728.589165,2728.589165,7719.927551,7719.927551,7719.927551,7719.927551,7719.927551
1/13/2009,1988.617353,2131.129456,2189.066571,2216.709448,2217.176532,2189.066571,5262.817579,5506.564151,6047.504402,5333.896331,5712.23894,6047.504402,5523.969437,5923.651039,6047.504402,5707.025591,6128.013973,6047.504402,926.6890782,921.2723412,0.001001968,0.001005531,0.001008742,0.001011081,2606.813799,2606.813799,2606.813799,7483.972173,7483.972173,7483.972173,7483.972173,7483.972173
1/14/2009,1912.320566,2050.340903,2105.137439,2130.63518,2131.129456,2105.137439,5068.374446,5324.406196,5823.490953,5135.403745,5506.564151,5823.490953,5316.313055,5712.23894,5823.490953,5511.110697,5923.651039,5823.490953,895.8308748,890.6203391,0.001001968,0.001005531,0.001008742,0.001011081,2495.360949,2495.360949,2495.360949,7082.747257,7082.747257,7082.747257,7082.747257,7082.747257
1/15/2009,1840.570759,1974.233267,2026.199992,2049.829149,2050.340903,2026.199992,4880.09461,5199.151993,5607.990954,4943.25684,5324.406196,5607.990954,5115.573454,5506.564151,5607.990954,5309.674762,5712.23894,5607.990954,866.6544509,861.6380461,0.001001968,0.001005531,0.001008742,0.001011081,2388.038909,2388.038909,2388.038909,6619.982299,6619.982299,6619.982299,6619.982299,6619.982299
1/16/2009,1772.889555,1902.329577,1951.726819,1973.711894,1974.233267,1951.726819,4714.162999,5053.436808,5416.954205,4773.884039,5199.151993,5416.954205,4938.3066,5324.406196,5416.954205,5112.526105,5506.564151,5416.954205,838.9733661,834.1403694,0.001001968,0.001005531,0.001008742,0.001011081,2289.588173,2289.588173,2289.588173,6283.384179,6283.384179,6283.384179,6283.384179,6283.384179
1/17/2009,1708.876749,1834.226814,1881.277401,1901.804984,1902.329577,1881.277401,4604.476374,4900.935427,5284.954144,4661.544114,5053.436808,5284.954144,4818.983337,5199.151993,5284.954144,4939.107257,5324.406196,5284.954144,812.6347416,807.975536,0.001001968,0.001005531,0.001008742,0.001011081,2197.960883,2197.960883,2197.960883,6036.963371,6036.963371,6036.963371,6036.963371,6036.963371
1/18/2009,1648.192992,1769.584882,1814.478394,1833.704081,1834.226814,1814.478394,4474.78386,4765.025096,5133.803028,4529.034501,4900.935427,5133.803028,4679.671962,5053.436808,5133.803028,4822.519258,5199.151993,5133.803028,787.5098121,783.0157116,0.001001968,0.001005531,0.001008742,0.001011081,2112.27494,2112.27494,2112.27494,5820.595283,5820.595283,5820.595283,5820.595283,5820.595283
1/19/2009,1590.549645,1708.112194,1751.012858,1769.068361,1769.584882,1751.012858,4338.24425,4639.236462,4976.758328,4389.679237,4765.025096,4976.758328,4533.781256,4900.935427,4976.758328,4685.263287,5053.436808,4976.758328,763.4920005,759.1550917,0.001001968,0.001005531,0.001008742,0.001011081,2031.891679,2031.891679,2031.891679,5626.498584,5626.498584,5626.498584,5626.498584,5626.498584
1/20/2009,1535.697793,1649.556355,1690.607717,1707.604937,1708.112194,1690.607717,4217.65699,4524.527918,4836.981269,4266.560849,4639.236462,4836.981269,4404.569522,4765.025096,4836.981269,4540.985332,4900.935427,4836.981269,740.4906296,736.3036567,0.001001968,0.001005531,0.001008742,0.001011081,1956.224203,1956.224203,1956.224203,5445.686358,5445.686358,5445.686358,5445.686358,5445.686358
1/21/2009,1483.421116,1593.697618,1633.025863,1649.061133,1649.556355,1633.025863,4104.784465,4434.324937,4705.946778,4151.325041,4524.527918,4705.946778,4283.584992,4639.236462,4705.946778,4413.054492,4765.025096,4705.946778,718.4278626,714.3841355,0.001001968,0.001005531,0.001008742,0.001011081,1884.778211,1884.778211,1884.778211,5279.043093,5279.043093,5279.043093,5279.043093,5279.043093
1/22/2009,1433.530489,1540.343616,1578.060212,1593.216544,1593.697618,1578.060212,3986.063805,4302.31655,4569.711667,4030.229884,4434.324937,4569.711667,4156.942254,4524.527918,4569.711667,4293.093389,4639.236462,4569.711667,697.2368472,693.3301625,0.001001968,0.001005531,0.001008742,0.001011081,1817.141767,1817.141767,1817.141767,5124.40523,5124.40523,5124.40523,5124.40523,5124.40523
1/23/2009,1385.85905,1489.096083,1525.528218,1539.878457,1540.343616,1525.528218,3896.949879,4180.784924,4464.690178,3939.120811,4302.31655,4464.690178,4060.722344,4434.324937,4464.690178,4168.846178,4524.527918,4464.690178,676.859378,673.0839572,0.001001968,0.001005531,0.001008742,0.001011081,1752.967599,1752.967599,1752.967599,4982.623656,4982.623656,4982.623656,4982.623656,4982.623656
1/24/2009,1355.459056,1466.828409,1490.419306,1488.647805,1489.096083,1490.419306,3832.022862,4245.717108,4386.979291,3856.493531,4180.784924,4386.979291,3972.745419,4302.31655,4386.979291,4087.124638,4434.324937,4386.979291,657.017999,653.3698864,0.001001968,0.001005531,0.001008742,0.001011081,1691.935797,1691.935797,1691.935797,4846.913951,4846.913951,4846.913951,4846.913951,4846.913951
1/25/2009,1320.445412,1408.456811,1453.340188,1466.397916,1466.828409,1453.340188,3742.962117,4214.381893,4288.153474,3781.578336,4245.717108,4288.153474,3879.727273,4180.784924,4288.153474,3996.458112,4302.31655,4288.153474,649.2680581,645.6695337,0.001001968,0.001005531,0.001008742,0.001011081,1635.412333,1635.412333,1635.412333,4717.520609,4717.520609,4717.520609,4717.520609,4717.520609
1/26/2009,1268.036037,1361.201484,1394.176824,1408.044748,1408.456811,1394.176824,3636.178165,4027.909668,4160.165828,3674.014871,4214.381893,4160.165828,3781.348911,4245.717108,4160.165828,3873.836731,4180.784924,4160.165828,619.6480626,616.2383276,0.001001968,0.001005531,0.001008742,0.001011081,1582.131769,1582.131769,1582.131769,4596.672515,4596.672515,4596.672515,4596.672515,4596.672515
1/27/2009,1226.479327,1318.040178,1348.322225,1360.808261,1361.201484,1348.322225,3534.604817,3905.501766,4042.704853,3570.005966,4027.909668,4042.704853,3674.541691,4214.381893,4042.704853,3785.013643,4245.717108,4042.704853,601.2668772,597.9736955,0.001001968,0.001005531,0.001008742,0.001011081,1531.213449,1531.213449,1531.213449,4481.136655,4481.136655,4481.136655,4481.136655,4481.136655
1/28/2009,1187.757507,1277.276612,1305.779273,1317.666141,1318.040178,1305.779273,3609.141242,3796.700427,4128.717752,3640.584745,3905.501766,4128.717752,3737.39109,4027.909668,4128.717752,3812.336008,4214.381893,4128.717752,584.9798624,581.7895554,0.001001968,0.001005531,0.001008742,0.001011081,1482.491243,1482.491243,1482.491243,4395.036222,4395.036222,4395.036222,4395.036222,4395.036222
1/29/2009,1151.139913,1236.867693,1265.625094,1276.921874,1277.276612,1265.625094,3603.549922,3720.962636,4122.510672,3632.333194,3796.700427,4122.510672,3724.0067,3905.501766,4122.510672,3814.204807,4027.909668,4122.510672,569.9062607,566.81082,0.001001968,0.001005531,0.001008742,0.001011081,1436.016675,1436.016675,1436.016675,4327.439388,4327.439388,4327.439388,4327.439388,4327.439388
1/30/2009,1114.971115,1198.047514,1225.778579,1236.532198,1236.867693,1225.778579,3412.338989,3864.18858,3899.433921,3441.636306,3720.962636,3899.433921,3532.053097,3796.700427,3899.433921,3641.789277,3905.501766,3899.433921,554.0539809,551.0579404,0.001001968,0.001005531,0.001008742,0.001011081,1391.469727,1391.469727,1391.469727,4243.282225,4243.282225,4243.282225,4243.282225,4243.282225
1/31/2009,1080.217678,1160.733063,1187.482136,1197.731096,1198.047514,1187.482136,3288.190868,3787.725735,3756.128017,3316.679993,3864.18858,3756.128017,3404.318053,3720.962636,3756.128017,3510.71627,3796.700427,3756.128017,538.7212884,535.8210223,0.001001968,0.001005531,0.001008742,0.001011081,1348.760647,1348.760647,1348.760647,4152.300718,4152.300718,4152.300718,4152.300718,4152.300718
2/1/2009,1046.807129,1125.258447,1150.658125,1160.43599,1160.733063,1150.658125,3214.193262,3609.765671,3669.411942,3241.517529,3787.725735,3669.411942,3325.917469,3864.18858,3669.411942,3411.614608,3720.962636,3669.411942,523.891252,521.083267,0.001001968,0.001005531,0.001008742,0.001011081,1306.166049,1306.166049,1306.166049,4064.795918,4064.795918,4064.795918,4064.795918,4064.795918
2/2/2009,1023.734442,1109.144315,1124.381929,1124.980217,1125.258447,1124.381929,3171.621586,3495.203185,3619.309724,3188.526026,3609.765671,3619.309724,3269.223401,3787.725735,3619.309724,3358.367666,3864.18858,3619.309724,509.9540105,507.2324251,0.001001968,0.001005531,0.001008742,0.001011081,1264.710083,1264.710083,1264.710083,3983.227559,3983.227559,3983.227559,3983.227559,3983.227559
2/3/2009,1002.523502,1071.256329,1102.009838,1108.88442,1109.144315,1102.009838,3302.069593,3435.243182,3776.538178,3321.328692,3495.203185,3776.538178,3387.381052,3609.765671,3776.538178,3467.236389,3787.725735,3776.538178,505.6675438,502.9724661,0.001001968,0.001005531,0.001008742,0.001011081,1226.296853,1226.296853,1226.296853,3937.392972,3937.392972,3937.392972,3937.392972,3937.392972
2/4/2009,967.0570894,1037.405242,1062.078552,1071.01426,1071.256329,1062.078552,3216.006288,3456.76647,3678.063993,3235.695209,3435.243182,3678.063993,3303.764024,3495.203185,3678.063993,3408.989584,3609.765671,3678.063993,485.5178158,482.9469259,0.001001968,0.001005531,0.001008742,0.001011081,1189.740594,1189.740594,1189.740594,3869.748764,3869.748764,3869.748764,3869.748764,3869.748764
2/5/2009,937.1910347,1006.895381,1028.976683,1037.180701,1037.405242,1028.976683,3076.131401,3508.690899,3510.492821,3096.439461,3456.76647,3510.492821,3166.444467,3435.243182,3510.492821,3230.674869,3495.203185,3510.492821,471.1423438,468.6596196,0.001001968,0.001005531,0.001008742,0.001011081,1154.589494,1154.589494,1154.589494,3781.37296,3781.37296,3781.37296,3781.37296,3781.37296
2/6/2009,909.4534795,976.3262464,998.4690157,1006.687948,1006.895381,998.4690157,3008.10655,3524.055381,3429.37918,3028.2988,3508.690899,3429.37918,3095.781702,3456.76647,3429.37918,3163.860089,3435.243182,3429.37918,458.9094335,456.5014405,0.001001968,0.001005531,0.001008742,0.001011081,1120.845153,1120.845153,1120.845153,3712.228781,3712.228781,3712.228781,3712.228781,3712.228781
2/7/2009,882.0661775,946.3842961,968.2426148,976.1357824,976.3262464,968.2426148,2849.883272,3665.725378,3258.46084,2868.022092,3524.055381,3258.46084,2932.459647,3508.690899,3258.46084,3105.802545,3456.76647,3258.46084,446.2564749,443.9254868,0.001001968,0.001005531,0.001008742,0.001011081,1088.379998,1088.379998,1088.379998,3638.986301,3638.986301,3638.986301,3638.986301,3638.986301
2/8/2009,892.2402329,948.0423113,975.5784221,946.2104504,946.3842961,975.5784221,2963.739413,4502.426133,3376.777851,2943.366372,3665.725378,3376.777851,3004.158917,3524.055381,3376.777851,3014.097433,3508.690899,3376.777851,433.5175714,431.2638023,0.001001968,0.001005531,0.001008742,0.001011081,1057.077899,1057.077899,1057.077899,3589.547595,3589.547595,3589.547595,3589.547595,3589.547595
2/9/2009,955.6761509,973.42058,1034.747007,947.8846455,948.0423113,1034.747007,3214.164187,5446.304114,3650.500289,3131.698168,4502.426133,3650.500289,3146.205768,3665.725378,3650.500289,3201.736147,3524.055381,3650.500289,413.6200787,411.4862795,0.001001968,0.001005531,0.001008742,0.001011081,1025.929756,1025.929756,1025.929756,3574.726731,3574.726731,3574.726731,3574.726731,3574.726731
2/10/2009,1031.909986,948.7880589,1099.148441,973.2785371,973.42058,1099.148441,3271.209538,7392.923637,3689.6754,3145.822504,5446.304114,3689.6754,3089.012105,4502.426133,3689.6754,3179.880675,3665.725378,3689.6754,355.7787814,353.9889441,0.001001968,0.001005531,0.001008742,0.001011081,993.4071799,993.4071799,993.4071799,3534.427317,3534.427317,3534.427317,3534.427317,3534.427317
2/11/2009,1191.490271,1408.172912,1224.884443,940.4685103,948.7880589,1224.884443,3677.998764,8994.231405,4080.112498,3380.776898,7392.923637,4080.112498,3230.286166,5446.304114,4080.112498,3265.826344,4502.426133,4080.112498,178.2510836,177.4589527,0.001001968,0.001005531,0.001008742,0.001011081,952.2509941,952.2509941,952.2509941,3545.617569,3545.617569,3545.617569,3545.617569,3545.617569
2/12/2009,2241.037981,3588.924195,2257.526346,1390.453239,1408.172912,2257.526346,6125.540773,9705.850101,6705.736563,5248.927124,8994.231405,6705.736563,4616.581838,7392.923637,6705.736563,4106.821002,5446.304114,6705.736563,0.001000564,0.001006515,0.001001968,0.001005531,0.001008742,0.001011081,914.8308818,914.8308818,914.8308818,3775.777778,3775.777778,3775.777778,3775.777778,3775.777778
2/13/2009,4564.324434,7199.286435,4776.291849,3585.322182,3588.924195,4776.291849,8997.372664,9775.219984,9961.757592,7860.051325,9705.850101,9961.757592,6753.58983,8994.231405,9961.757592,5386.646114,7392.923637,9961.757592,928.5847686,923.1553353,0.001001968,0.001005531,0.001008742,0.001011081,1103.861377,1103.861377,1103.861377,4229.394994,4229.394994,4229.394994,4229.394994,4229.394994
2/14/2009,5951.184357,4549.027969,6792.295738,7200.561366,7199.286435,6792.295738,10983.29387,8460.060174,13022.2542,11652.36643,9775.219984,13022.2542,11370.37358,9705.850101,13022.2542,7866.778409,8994.231405,13022.2542,3518.554794,3493.990886,0.001001968,0.001005531,0.001008742,0.001011081,1843.399689,1843.399689,1843.399689,5064.93622,5064.93622,5064.93622,5064.93622,5064.93622
2/15/2009,3488.975448,2924.601475,3810.3645,4548.922812,4549.027969,3810.3645,8784.731145,7652.242442,10134.58983,9573.960934,8460.060174,10134.58983,10351.41103,9775.219984,10134.58983,11668.05003,9705.850101,10134.58983,1450.618616,1441.585908,0.001001968,0.001005531,0.001008742,0.001011081,2436.189538,2436.189538,2436.189538,6153.351403,6153.351403,6153.351403,6153.351403,6153.351403
2/16/2009,2480.133418,2714.903957,2614.006523,2924.436555,2924.601475,2614.006523,5347.968056,6890.169173,5945.023384,5687.328766,7652.242442,5945.023384,6574.062332,8460.060174,5945.023384,8104.056115,9775.219984,5945.023384,633.7393698,630.2399679,0.001001968,0.001005531,0.001008742,0.001011081,2835.747311,2835.747311,2835.747311,7072.673459,7072.673459,7072.673459,7072.673459,7072.673459
2/17/2009,2374.822462,2499.935952,2540.069987,2714.75697,2714.903957,2540.069987,6165.474988,6240.397937,7006.874229,6355.815148,6890.169173,7006.874229,6800.776967,7652.242442,7006.874229,7661.057855,8460.060174,7006.874229,783.521527,779.0535728,0.001001968,0.001005531,0.001008742,0.001011081,3147.087999,3147.087999,3147.087999,7745.853587,7745.853587,7745.853587,7745.853587,7745.853587
2/18/2009,2207.438573,2315.675852,2371.737987,2499.806138,2499.935952,2371.737987,6116.892793,5864.206143,6981.271368,6256.303431,6240.397937,6981.271368,6552.128856,6890.169173,6981.271368,7018.199496,7652.242442,6981.271368,783.941345,779.4706394,0.001001968,0.001005531,0.001008742,0.001011081,3420.363051,3420.363051,3420.363051,8229.679051,8229.679051,8229.679051,8229.679051,8229.679051
2/19/2009,2058.4735,2163.073139,2215.059705,2315.562462,2315.675852,2215.059705,5945.178451,5687.780767,6792.099098,6054.233896,5864.206143,6792.099098,6280.422231,6240.397937,6792.099098,6621.850873,6890.169173,6792.099098,751.9872054,747.7253663,0.001001968,0.001005531,0.001008742,0.001011081,3659.191103,3659.191103,3659.191103,8500.813067,8500.813067,8500.813067,8500.813067,8500.813067
2/20/2009,1933.730168,2003.117871,2081.625165,2162.975336,2163.073139,2081.625165,5443.927075,5290.50945,6210.655384,5536.732819,5687.780767,6210.655384,5725.241974,5864.206143,6210.655384,6051.075741,6240.397937,6210.655384,714.3918261,710.3742417,0.001001968,0.001005531,0.001008742,0.001011081,3649.002377,3649.002377,3649.002377,8476.26428,8476.26428,8476.26428,8476.26428,8476.26428
2/21/2009,1798.479673,1881.916989,1935.635666,2003.035462,2003.117871,1935.635666,4966.143389,4964.318423,5650.464448,5047.518484,5290.50945,5650.464448,5233.374569,5687.780767,5650.464448,5476.890999,5864.206143,5650.464448,668.4376842,664.7163609,0.001001968,0.001005531,0.001008742,0.001011081,3069.752128,3069.752128,3069.752128,8014.95267,8014.95267,8014.95267,8014.95267,8014.95267
2/22/2009,1694.399406,1773.135155,1824.953218,1881.849116,1881.916989,1824.953218,4728.045403,4780.747392,5380.400915,4797.916566,4964.318423,5380.400915,4959.58534,5290.50945,5380.400915,5202.041914,5687.780767,5380.400915,640.6515019,637.1080181,0.001001968,0.001005531,0.001008742,0.001011081,2621.335255,2621.335255,2621.335255,7244.043241,7244.043241,7244.043241,7244.043241,7244.043241
2/23/2009,1600.406749,1676.883659,1724.256098,1773.08103,1773.135155,1724.256098,4563.264146,4811.103176,5202.545663,4621.397414,4780.747392,5202.545663,4762.775594,4964.318423,5202.545663,5020.406044,5290.50945,5202.545663,611.9153141,608.5546691,0.001001968,0.001005531,0.001008742,0.001011081,2353.747541,2353.747541,2353.747541,6585.966986,6585.966986,6585.966986,6585.966986,6585.966986
2/24/2009,1516.627606,1591.367906,1634.356186,1676.842749,1676.883659,1634.356186,4292.219971,4769.427984,4886.02889,4345.304515,4811.103176,4886.02889,4475.439323,4780.747392,4886.02889,4647.959426,4964.318423,4886.02889,585.5042261,582.3106131,0.001001968,0.001005531,0.001008742,0.001011081,2164.23812,2164.23812,2164.23812,6131.22149,6131.22149,6131.22149,6131.22149,6131.22149
2/25/2009,1441.684727,1517.836104,1553.925473,1591.339829,1591.367906,1553.925473,4090.540887,4807.181346,4653.712344,4138.395778,4769.427984,4653.712344,4258.01027,4811.103176,4653.712344,4426.46705,4780.747392,4653.712344,561.7273605,558.6832524,0.001001968,0.001005531,0.001008742,0.001011081,2012.657296,2012.657296,2012.657296,5790.141029,5790.141029,5790.141029,5790.141029,5790.141029
2/26/2009,1378.120616,1511.054843,1485.989405,1517.820287,1517.836104,1485.989405,3980.690702,5484.40715,4525.707422,4022.523201,4807.181346,4525.707422,4132.782683,4769.427984,4525.707422,4257.817675,4811.103176,4525.707422,542.9015373,539.9751961,0.001001968,0.001005531,0.001008742,0.001011081,1884.889397,1884.889397,1884.889397,5443.615646,5443.615646,5443.615646,5443.615646,5443.615646
2/27/2009,1469.336371,1692.043728,1582.802184,1510.3697,1511.054843,1582.802184,4277.866993,5984.214569,4865.617511,4217.756489,5484.40715,4865.617511,4317.030085,4807.181346,4865.617511,4370.423036,4769.427984,4865.617511,569.8985576,566.8031653,0.001001968,0.001005531,0.001008742,0.001011081,1780.662439,1780.662439,1780.662439,5194.365906,5194.365906,5194.365906,5194.365906,5194.365906
2/28/2009,1624.223759,1687.100257,1729.313426,1692.131907,1692.043728,1729.313426,4660.11767,5821.708896,5254.20407,4641.860191,5984.214569,5254.20407,4464.418414,5484.40715,5254.20407,4451.51559,4807.181346,5254.20407,507.933309,505.2242236,0.001001968,0.001005531,0.001008742,0.001011081,1687.371741,1687.371741,1687.371741,5042.547234,5042.547234,5042.547234,5042.547234,5042.547234
3/1/2009,2014.043176,3189.852301,2090.212625,1687.620853,1687.100257,2090.212625,4937.169848,5725.691689,5464.788351,4541.380223,5821.708896,5464.788351,4429.42573,5984.214569,5464.788351,4428.706047,5484.40715,5464.788351,361.5245999,359.700933,0.001001968,0.001005531,0.001008742,0.001011081,1626.341204,1626.341204,1626.341204,4979.411359,4979.411359,4979.411359,4979.411359,4979.411359
3/2/2009,2890.915567,2637.690041,3237.809378,3189.894164,3189.852301,3237.809378,6132.363666,5569.847497,7125.083863,6181.83366,5725.691689,7125.083863,6185.009103,5821.708896,7125.083863,4939.098085,5984.214569,7125.083863,1580.447122,1570.490646,0.001001968,0.001005531,0.001008742,0.001011081,1776.037368,1776.037368,1776.037368,5041.331271,5041.331271,5041.331271,5041.331271,5041.331271
3/3/2009,2183.555965,1933.210788,2400.314398,2637.713851,2637.690041,2400.314398,5779.885789,4982.026881,6672.189068,6051.760002,5569.847497,6672.189068,6187.841408,5725.691689,6672.189068,6678.336164,5821.708896,6672.189068,1027.265548,1021.170804,0.001001968,0.001005531,0.001008742,0.001011081,1902.651249,1902.651249,1902.651249,5211.624522,5211.624522,5211.624522,5211.624522,5211.624522
3/4/2009,1706.691968,1834.542982,1826.813424,1933.244415,1933.210788,1826.813424,4129.708913,2685.489466,4646.487996,4259.304566,4982.026881,4646.487996,4604.92979,5569.847497,4646.487996,5058.907686,5725.691689,4646.487996,593.9497196,590.7028029,0.001001968,0.001005531,0.001008742,0.001011081,1981.020548,1981.020548,1981.020548,5384.970701,5384.970701,5384.970701,5384.970701,5384.970701
3/5/2009,1642.195085,1726.791115,1769.190391,1834.586568,1834.542982,1769.190391,4249.916984,1933.070359,4822.864322,4334.385061,2685.489466,4822.864322,4543.962541,4982.026881,4822.864322,4909.32292,5569.847497,4822.864322,628.7774055,625.3096087,0.001001968,0.001005531,0.001008742,0.001011081,2037.425493,2037.425493,2037.425493,5495.187997,5495.187997,5495.187997,5495.187997,5495.187997
3/6/2009,1608.109591,1434.222808,1730.379618,1726.844552,1726.791115,1730.379618,4441.868712,3376.194898,5048.912484,4451.13953,1933.070359,5048.912484,4606.112474,2685.489466,5048.912484,4810.213986,4982.026881,5048.912484,609.0934181,605.7506668,0.001001968,0.001005531,0.001008742,0.001011081,2075.740132,2075.740132,2075.740132,5547.935809,5547.935809,5547.935809,5547.935809,5547.935809
3/7/2009,1513.205544,2052.471762,1565.361761,1427.7509,1434.222808,1565.361761,4224.15062,12488.22054,4698.212085,4080.525938,3376.194898,4698.212085,4040.829988,1933.070359,4698.212085,4447.770033,2685.489466,4698.212085,261.6585802,260.4105561,0.001001968,0.001005531,0.001008742,0.001011081,2064.22814,2064.22814,2064.22814,5537.037764,5537.037764,5537.037764,5537.037764,5537.037764
3/8/2009,2291.439104,4399.127751,2310.442969,1539.481798,2052.471762,2310.442969,3389.254032,17275.11431,3489.938713,2646.221538,12488.22054,3489.938713,2297.97451,3376.194898,3489.938713,2303.580356,1933.070359,3489.938713,0.001000564,0.001006515,0.001001968,0.001005531,0.001008742,0.001011081,2013.863372,2013.863372,2013.863372,5205.364401,5205.364401,5205.364401,5205.364401,5205.364401
3/9/2009,6550.36665,13274.79997,6735.380944,4437.692615,4399.127751,6735.380944,7507.09772,18266.75126,7785.231211,5380.320687,17275.11431,7785.231211,3446.482897,12488.22054,7785.231211,1972.659333,3376.194898,7785.231211,349.2514714,347.4999689,0.001001968,0.001005531,0.001008742,0.001011081,1950.796603,1950.796603,1950.796603,4832.331937,4832.331937,4832.331937,4832.331937,4832.331937
3/10/2009,13605.80771,17342.84932,15342.90877,13303.79874,13274.79997,15342.90877,15094.34712,18620.99011,17712.82303,13796.80829,18266.75126,17712.82303,12688.2578,17275.11431,17712.82303,4638.970748,12488.22054,17712.82303,6497.814387,6449.058444,0.001001968,0.001005531,0.001008742,0.001011081,3085.135107,3085.135107,3085.135107,4850.241815,4850.241815,4850.241815,4850.241815,4850.241815
3/11/2009,14779.55238,12915.72825,17249.90896,17384.37522,17342.84932,17249.90896,22239.23144,16114.13839,27149.03204,23226.37025,18620.99011,27149.03204,24069.81688,18266.75126,27149.03204,18930.72626,17275.11431,27149.03204,9235.535291,9163.473516,0.001001968,0.001005531,0.001008742,0.001011081,5054.969594,5054.969594,5054.969594,6426.277105,6426.277105,6426.277105,6426.277105,6426.277105
3/12/2009,9893.543605,8084.063033,11261.99422,12966.02987,12915.72825,11261.99422,14962.09395,11858.11039,17780.6456,17149.22076,16114.13839,17780.6456,18813.72569,18620.99011,17780.6456,21646.5788,18266.75126,17780.6456,5340.544989,5301.364157,0.001001968,0.001005531,0.001008742,0.001011081,6691.959046,6691.959046,6691.959046,8670.954742,8670.954742,8670.954742,8670.954742,8670.954742
3/13/2009,6826.724269,7815.870107,7455.73469,8112.249055,8084.063033,7455.73469,8395.377403,9744.238455,9471.895699,9319.128905,11858.11039,9471.895699,11912.35573,16114.13839,9471.895699,15370.13918,18620.99011,9471.895699,2572.090496,2554.820276,0.001001968,0.001005531,0.001008742,0.001011081,7878.307932,7878.307932,7878.307932,10643.88631,10643.88631,10643.88631,10643.88631,10643.88631
3/14/2009,6427.693563,6110.423033,7198.289364,7834.021499,7815.870107,7198.289364,10481.43532,9059.311167,12248.37254,11377.16284,9744.238455,12248.37254,12883.02423,11858.11039,12248.37254,14452.20571,16114.13839,12248.37254,3168.885822,3147.045442,0.001001968,0.001005531,0.001008742,0.001011081,8919.60664,8919.60664,8919.60664,12239.40991,12239.40991,12239.40991,12239.40991,12239.40991
3/15/2009,5156.858808,5087.794512,5664.83374,6114.441151,6110.423033,5664.83374,10077.34752,7898.171725,11640.54331,10668.09555,9059.311167,11640.54331,11701.08937,9744.238455,11640.54331,13738.01559,11858.11039,11640.54331,2129.232247,2115.278164,0.001001968,0.001005531,0.001008742,0.001011081,9715.829886,9715.829886,9715.829886,13712.67442,13712.67442,13712.67442,13712.67442,13712.67442
3/16/2009,4818.867564,5850.994099,5173.910837,5076.223114,5087.794512,5173.910837,7438.692945,9485.568781,8320.163114,7475.868239,7898.171725,8320.163114,8142.767064,9059.311167,8320.163114,9547.251965,9744.238455,8320.163114,1483.684509,1474.417433,0.001001968,0.001005531,0.001008742,0.001011081,10144.93481,10144.93481,10144.93481,14724.00705,14724.00705,14724.00705,14724.00705,14724.00705
3/17/2009,5750.183397,7485.396232,6257.273138,5822.796348,5850.994099,6257.273138,8094.774509,13824.17139,9150.326409,7857.43734,9485.568781,9150.326409,8184.207908,7898.171725,9150.326409,8030.557234,9059.311167,9150.326409,2108.533915,2094.733019,0.001001968,0.001005531,0.001008742,0.001011081,9451.15861,9451.15861,9451.15861,15051.41333,15051.41333,15051.41333,15051.41333,15051.41333
3/18/2009,6916.718369,8307.918613,7660.318635,7253.700977,7485.396232,7660.318635,9713.4166,14498.07571,11198.96732,9584.853836,13824.17139,11198.96732,9766.338481,9485.568781,11198.96732,8782.421888,7898.171725,11198.96732,3037.552139,3016.726399,0.001001968,0.001005531,0.001008742,0.001011081,8136.180439,8136.180439,8136.180439,13871.68346,13871.68346,13871.68346,13871.68346,13871.68346
3/19/2009,8346.13931,11034.41614,9155.29294,8284.109637,8307.918613,9155.29294,9983.460316,13918.15844,11329.083,9460.883528,14498.07571,11329.083,9495.38642,13824.17139,11329.083,8704.556034,9485.568781,11329.083,3159.525711,3137.757799,0.001001968,0.001005531,0.001008742,0.001011081,7306.536622,7306.536622,7306.536622,12102.73677,12102.73677,12102.73677,12102.73677,12102.73677
3/20/2009,10575.92518,12312.27985,11936.64,11110.69686,11034.41614,11936.64,12454.35238,13308.38474,14649.44257,12170.93909,13918.15844,14649.44257,12784.9245,14498.07571,14649.44257,9984.397943,13824.17139,14649.44257,5303.452511,5264.575272,0.001001968,0.001005531,0.001008742,0.001011081,7355.476056,7355.476056,7355.476056,10956.22557,10956.22557,10956.22557,10956.22557,10956.22557
3/21/2009,9926.157792,8497.843792,11471.56545,12343.89973,12312.27985,11471.56545,14598.62437,11408.32416,17633.03065,16004.52741,13308.38474,17633.03065,16839.03919,13918.15844,17633.03065,15699.04828,14498.07571,17633.03065,6059.131753,6014.027931,0.001001968,0.001005531,0.001008742,0.001011081,7799.768525,7799.768525,7799.768525,10825.98636,10825.98636,10825.98636,10825.98636,10825.98636
3/22/2009,6978.040583,7014.912092,7780.33686,8512.963048,8497.843792,7780.33686,10083.5723,9937.009865,11725.044,11103.51853,11408.32416,11725.044,12807.78349,13308.38474,11725.044,15195.59896,13918.15844,11725.044,3280.029568,3257.326901,0.001001968,0.001005531,0.001008742,0.001011081,8192.291597,8192.291597,8192.291597,11164.46243,11164.46243,11164.46243,11164.46243,11164.46243
3/23/2009,6070.135527,6573.366267,6706.066183,7030.951567,7014.912092,6706.066183,7662.560404,9619.189614,8779.277096,8240.973424,9937.009865,8779.277096,9643.338476,11408.32416,8779.277096,11362.81363,13308.38474,8779.277096,2643.018447,2625.210765,0.001001968,0.001005531,0.001008742,0.001011081,8534.225679,8534.225679,8534.225679,11603.76366,11603.76366,11603.76366,11603.76366,11603.76366
3/24/2009,5555.098359,5744.115764,6181.526887,6584.383679,6573.366267,6181.526887,8561.846794,9894.407898,9935.502142,9181.264142,9619.189614,9935.502142,10121.9193,9937.009865,9935.502142,11080.6281,11408.32416,9935.502142,2620.953273,2603.312967,0.001001968,0.001005531,0.001008742,0.001011081,8716.287866,8716.287866,8716.287866,11996.26182,11996.26182,11996.26182,11996.26182,11996.26182
3/25/2009,4903.492562,5531.130808,5436.836645,5736.396934,5744.115764,5436.836645,7750.487061,9959.638197,8959.952075,8232.546769,9894.407898,8959.952075,9153.247758,9619.189614,8959.952075,10021.7097,9937.009865,8959.952075,2259.742331,2244.818475,0.001001968,0.001005531,0.001008742,0.001011081,8634.027233,8634.027233,8634.027233,12186.16359,12186.16359,12186.16359,12186.16359,12186.16359
3/26/2009,5014.778645,7261.341153,5561.702605,5446.234352,5531.130808,5561.702605,7357.429636,12685.28425,8490.403522,7439.4173,9959.638197,8490.403522,8272.669368,9894.407898,8490.403522,8739.532222,9619.189614,8490.403522,2320.535668,2305.157864,0.001001968,0.001005531,0.001008742,0.001011081,8375.058477,8375.058477,8375.058477,12226.63514,12226.63514,12226.63514,12226.63514,12226.63514
3/27/2009,6518.377563,9465.003697,7404.588716,7032.951212,7261.341153,7404.588716,9217.74017,17044.40388,10901.23808,9173.198388,12685.28425,10901.23808,9774.904279,9959.638197,10901.23808,8739.915844,9894.407898,10901.23808,3619.784156,3594.426126,0.001001968,0.001005531,0.001008742,0.001011081,7857.227888,7857.227888,7857.227888,11943.90527,11943.90527,11943.90527,11943.90527,11943.90527
3/28/2009,8104.980919,12113.1241,9326.654722,8836.523797,9465.003697,9326.654722,11208.69359,17111.30561,13454.12903,11169.24606,17044.40388,13454.12903,11917.10572,12685.28425,13454.12903,10393.2211,9959.638197,13454.12903,4837.374241,4802.292398,0.001001968,0.001005531,0.001008742,0.001011081,7386.296822,7386.296822,7386.296822,11234.44227,11234.44227,11234.44227,11234.44227,11234.44227
3/29/2009,10650.99865,14850.66863,12404.93373,11584.12923,12113.1241,12404.93373,12737.46202,15516.13961,15528.45238,12620.1349,17111.30561,15528.45238,13896.3999,17044.40388,15528.45238,11148.00144,12685.28425,15528.45238,6619.396371,6569.6237,0.001001968,0.001005531,0.001008742,0.001011081,7634.73648,7634.73648,7634.73648,10643.28067,10643.28067,10643.28067,10643.28067,10643.28067
3/30/2009,13262.16343,13135.66115,15704.54555,15344.35807,14850.66863,15704.54555,16199.41394,14446.58329,20106.89554,16820.88911,15516.13961,20106.89554,18084.22997,17111.30561,20106.89554,14894.22827,17044.40388,20106.89554,8888.345504,8819.282561,0.001001968,0.001005531,0.001008742,0.001011081,8568.941415,8568.941415,8568.941415,10826.57115,10826.57115,10826.57115,10826.57115,10826.57115
3/31/2009,10779.22496,9537.910956,12727.86407,13421.56602,13135.66115,12727.86407,15049.86037,13584.96831,18551.55312,16466.17145,14446.58329,18551.55312,18098.94471,15516.13961,18551.55312,19408.18394,17111.30561,18551.55312,7354.710931,7298.749894,0.001001968,0.001005531,0.001008742,0.001011081,9471.505225,9471.505225,9471.505225,11828.24612,11828.24612,11828.24612,11828.24612,11828.24612
4/1/2009,7315.757899,8148.720292,8494.140106,9396.955597,9537.910956,8494.140106,9126.752316,15381.69407,11048.61047,10497.76009,13584.96831,11048.61047,12591.82986,14446.58329,11048.61047,15587.55863,15516.13961,11048.61047,4642.706097,4609.198375,0.001001968,0.001005531,0.001008742,0.001011081,10071.1188,10071.1188,10071.1188,12854.69786,12854.69786,12854.69786,12854.69786,12854.69786
4/2/2009,6501.411633,8972.647679,7517.909091,7896.432523,8148.720292,7517.909091,8074.881329,14758.70521,9713.236453,8875.178414,15381.69407,9713.236453,10775.99679,13584.96831,9713.236453,12324.77272,14446.58329,9713.236453,3985.386676,3957.140978,0.001001968,0.001005531,0.001008742,0.001011081,10509.84742,10509.84742,10509.84742,13622.0897,13622.0897,13622.0897,13622.0897,13622.0897
4/3/2009,7147.602368,10600.2505,8366.025707,8422.006504,8972.647679,8366.025707,10408.29526,13731.07032,12622.17429,10943.81839,14758.70521,12622.17429,12433.52501,15381.69407,12622.17429,12356.01658,13584.96831,12622.17429,4680.070674,4646.261345,0.001001968,0.001005531,0.001008742,0.001011081,10796.76246,10796.76246,10796.76246,14208.083,14208.083,14208.083,14208.083,14208.083
4/4/2009,9577.55322,10050.92311,11326.32661,11054.64662,10600.2505,11326.32661,13760.30762,12653.5601,16821.73712,14213.72564,13731.07032,16821.73712,15382.12154,14758.70521,16821.73712,13061.79952,15381.69407,16821.73712,6389.828608,6341.974074,0.001001968,0.001005531,0.001008742,0.001011081,11112.38912,11112.38912,11112.38912,14708.70357,14708.70357,14708.70357,14708.70357,14708.70357
4/5/2009,8862.209884,8640.637056,10385.64252,10120.58633,10050.92311,10385.64252,14149.47998,10956.7267,17166.93124,14445.38045,12653.5601,17166.93124,15622.07897,13731.07032,17166.93124,16790.44249,14758.70521,17166.93124,5781.796113,5738.98734,0.001001968,0.001005531,0.001008742,0.001011081,10931.70177,10931.70177,10931.70177,15324.52465,15324.52465,15324.52465,15324.52465,15324.52465
4/6/2009,7164.42855,7216.304357,8403.233944,8732.098667,8640.637056,8403.233944,9851.583059,9435.093183,11968.84465,10674.38006,10956.7267,11968.84465,12123.02229,12653.5601,11968.84465,13261.73583,13731.07032,11968.84465,4803.973008,4769.161735,0.001001968,0.001005531,0.001008742,0.001011081,10170.07653,10170.07653,10170.07653,15292.65998,15292.65998,15292.65998,15292.65998,15292.65998
4/7/2009,6109.82076,6200.604958,7116.095416,7358.824186,7216.304357,7116.095416,8847.722655,8408.046706,10653.8939,9488.560637,9435.093183,10653.8939,10817.51217,10956.7267,10653.8939,12218.57118,12653.5601,10653.8939,3963.284743,3935.214453,0.001001968,0.001005531,0.001008742,0.001011081,9382.5265,9382.5265,9382.5265,14535.2572,14535.2572,14535.2572,14535.2572,14535.2572
4/8/2009,5382.46066,5691.650403,6209.021042,6272.164615,6200.604958,6209.021042,8077.52057,8498.074191,9634.174852,8458.229743,8408.046706,9634.174852,9495.37302,9435.093183,9634.174852,10869.56281,10956.7267,9634.174852,3333.323686,3310.206402,0.001001968,0.001005531,0.001008742,0.001011081,8836.299863,8836.299863,8836.299863,13704.55234,13704.55234,13704.55234,13704.55234,13704.55234
4/9/2009,4782.909806,5215.582678,5523.549234,5687.666626,5691.650403,5523.549234,7136.715532,8207.947884,8516.857961,7584.520597,8498.074191,8516.857961,8455.80632,8408.046706,8516.857961,9250.502149,9435.093183,8516.857961,3036.9512,3016.130092,0.001001968,0.001005531,0.001008742,0.001011081,8411.230488,8411.230488,8411.230488,13055.45054,13055.45054,13055.45054,13055.45054,13055.45054
4/10/2009,4353.535564,5043.192065,5012.407142,5119.020001,5215.582678,5012.407142,6512.69775,7683.842315,7747.451781,6872.784115,8207.947884,7747.451781,7711.769737,8498.074191,7747.451781,8345.294481,8408.046706,7747.451781,2724.271001,2705.845634,0.001001968,0.001005531,0.001008742,0.001011081,7915.662878,7915.662878,7915.662878,12443.06924,12443.06924,12443.06924,12443.06924,12443.06924
4/11/2009,4405.820793,4996.500881,5078.122487,5096.556107,5043.192065,5078.122487,6292.857856,8058.876485,7497.582778,6579.266901,7683.842315,7497.582778,7313.79616,8207.947884,7497.582778,7524.341448,8498.074191,7497.582778,2747.562787,2728.959971,0.001001968,0.001005531,0.001008742,0.001011081,7136.492263,7136.492263,7136.492263,11638.39743,11638.39743,11638.39743,11638.39743,11638.39743
4/12/2009,4353.702048,4777.070098,5038.165642,5047.139315,4996.500881,5038.165642,6786.228779,7871.94126,8116.830201,7051.094017,8058.876485,8116.830201,7721.93927,7683.842315,8116.830201,7918.076676,8207.947884,8116.830201,2824.982049,2805.788215,0.001001968,0.001005531,0.001008742,0.001011081,6440.861292,6440.861292,6440.861292,10551.90438,10551.90438,10551.90438,10551.90438,10551.90438
4/13/2009,4084.606008,4379.792543,4733.299758,4793.116645,4777.070098,4733.299758,6383.868946,7004.235101,7646.033721,6683.629325,7871.94126,7646.033721,7340.199181,8058.876485,7646.033721,7676.233666,7683.842315,7646.033721,2708.769737,2690.462372,0.001001968,0.001005531,0.001008742,0.001011081,5842.826369,5842.826369,5842.826369,9608.893543,9608.893543,9608.893543,9608.893543,9608.893543
4/14/2009,3713.642473,4234.025401,4289.692497,4370.338981,4379.792543,4289.692497,5713.559861,6557.550079,6814.622487,6011.063982,7004.235101,6814.622487,6647.934401,7871.94126,6814.622487,7072.901278,8058.876485,6814.622487,2431.577891,2415.367452,0.001001968,0.001005531,0.001008742,0.001011081,5371.74939,5371.74939,5371.74939,8794.130842,8794.130842,8794.130842,8794.130842,8794.130842
4/15/2009,3631.320864,4180.205236,4200.26286,4242.750671,4234.025401,4200.26286,6282.91393,6290.010854,7488.078,6530.310607,6557.550079,7488.078,7132.509219,7004.235101,7488.078,7256.126426,7871.94126,7488.078,2403.807545,2387.80575,0.001001968,0.001005531,0.001008742,0.001011081,5052.97922,5052.97922,5052.97922,8277.34334,8277.34334,8277.34334,8277.34334,8277.34334
4/16/2009,3581.707029,3995.922776,4155.723396,4188.077233,4180.205236,4155.723396,6320.244363,6017.25394,7555.378,6553.212764,6290.010854,7555.378,7119.88046,6557.550079,7555.378,7338.290705,7004.235101,7555.378,2432.082981,2415.868744,0.001001968,0.001005531,0.001008742,0.001011081,4818.824628,4818.824628,4818.824628,7960.557852,7960.557852,7960.557852,7960.557852,7960.557852
4/17/2009,3418.285958,3873.982086,3970.608906,3999.869262,3995.922776,3970.608906,5438.79102,6536.996065,6511.93869,5672.276252,6017.25394,6511.93869,6263.575289,6290.010854,6511.93869,6505.744217,6557.550079,6511.93869,2354.85002,2339.215387,0.001001968,0.001005531,0.001008742,0.001011081,4636.71564,4636.71564,4636.71564,7678.995562,7678.995562,7678.995562,7678.995562,7678.995562
4/18/2009,3310.667913,3747.123617,3850.147046,3877.156255,3873.982086,3850.147046,5077.636408,7450.400571,6089.339289,5307.578297,6536.996065,6089.339289,5863.829821,6017.25394,6089.339289,6078.176653,6290.010854,6089.339289,2309.554282,2294.258578,0.001001968,0.001005531,0.001008742,0.001011081,4452.416781,4452.416781,4452.416781,7446.359919,7446.359919,7446.359919,7446.359919,7446.359919
4/19/2009,3201.481672,3651.117348,3724.76374,3749.894402,3747.123617,3724.76374,4896.50529,7240.198057,5874.648005,5118.498943,7450.400571,5874.648005,5651.976441,6536.996065,5874.648005,5844.406769,6017.25394,5874.648005,2249.74459,2234.895255,0.001001968,0.001005531,0.001008742,0.001011081,4265.682367,4265.682367,4265.682367,7156.963633,7156.963633,7156.963633,7156.963633,7156.963633
4/20/2009,3085.321308,4201.457137,3588.238351,3611.762993,3651.117348,3588.238351,4722.848032,6894.139126,5658.298364,4936.54653,7240.198057,5658.298364,5446.527111,7450.400571,5658.298364,5608.483348,6536.996065,5658.298364,2172.2059,2157.933228,0.001001968,0.001005531,0.001008742,0.001011081,4092.977354,4092.977354,4092.977354,6877.735379,6877.735379,6877.735379,6877.735379,6877.735379
4/21/2009,3637.424885,4696.055366,4256.749651,4189.669697,4201.457137,4256.749651,6021.07566,6421.33034,7237.905881,6186.085005,6894.139126,7237.905881,6657.174435,7240.198057,7237.905881,6055.417101,7450.400571,7237.905881,2619.617102,2601.986926,0.001001968,0.001005531,0.001008742,0.001011081,4036.205679,4036.205679,4036.205679,6759.921158,6759.921158,6759.921158,6759.921158,6759.921158
4/22/2009,4098.424397,4111.845065,4806.06263,4724.49888,4696.055366,4806.06263,7347.600788,5809.420704,8847.441238,7514.440751,6421.33034,8847.441238,7949.989105,6894.139126,8847.441238,7564.611805,7240.198057,8847.441238,2957.125208,2936.918446,0.001001968,0.001005531,0.001008742,0.001011081,4063.220162,4063.220162,4063.220162,6738.870959,6738.870959,6738.870959,6738.870959,6738.870959
4/23/2009,3556.992599,3718.809638,4144.214378,4127.331372,4111.845065,4144.214378,6023.075082,5384.501453,7208.460373,6217.522715,5809.420704,7208.460373,6853.332404,6421.33034,7208.460373,7296.631104,6894.139126,7208.460373,2506.259071,2489.486203,0.001001968,0.001005531,0.001008742,0.001011081,4060.418833,4060.418833,4060.418833,6720.671834,6720.671834,6720.671834,6720.671834,6720.671834
4/24/2009,3142.993671,3286.509475,3651.389751,3719.558693,3718.809638,3651.389751,4871.340408,5053.816678,5820.201898,5131.069133,5384.501453,5820.201898,5678.542863,5809.420704,5820.201898,6237.349365,6421.33034,5820.201898,2202.698272,2188.199102,0.001001968,0.001005531,0.001008742,0.001011081,4018.148945,4018.148945,4018.148945,6725.351656,6725.351656,6725.351656,6725.351656,6725.351656
4/25/2009,2791.228054,3060.42636,3223.569011,3286.488795,3286.509475,3223.569011,4429.536636,4814.815501,5260.517063,4654.217294,5053.816678,5260.517063,5167.255339,5384.501453,5260.517063,5651.882851,5809.420704,5260.517063,1898.274622,1886.019723,0.001001968,0.001005531,0.001008742,0.001011081,3941.369438,3941.369438,3941.369438,6688.145292,6688.145292,6688.145292,6688.145292,6688.145292
4/26/2009,2612.098442,2882.669998,3011.997473,3060.316499,3060.42636,3011.997473,4169.547082,4599.257577,4941.824341,4367.741075,4814.815501,4941.824341,4820.00508,5053.816678,4941.824341,5128.288582,5384.501453,4941.824341,1768.273247,1756.964428,0.001001968,0.001005531,0.001008742,0.001011081,3847.371995,3847.371995,3847.371995,6609.935651,6609.935651,6609.935651,6609.935651,6609.935651
4/27/2009,2471.033678,2753.328877,2845.571979,2882.505079,2882.669998,2845.571979,4038.938015,4514.963026,4779.475632,4214.686383,4599.257577,4779.475632,4621.561848,4814.815501,4779.475632,4873.56271,5053.816678,4779.475632,1666.320485,1655.747954,0.001001968,0.001005531,0.001008742,0.001011081,3745.777388,3745.777388,3745.777388,6502.433704,6502.433704,6502.433704,6502.433704,6502.433704
4/28/2009,2371.34639,2655.390041,2729.137272,2753.130092,2753.328877,2729.137272,3863.513134,4961.413859,4571.825254,4019.839004,4514.963026,4571.825254,4398.528901,4599.257577,4571.825254,4608.949845,4814.815501,4571.825254,1599.59263,1589.499142,0.001001968,0.001005531,0.001008742,0.001011081,3562.144148,3562.144148,3562.144148,6249.383969,6249.383969,6249.383969,6249.383969,6249.383969
4/29/2009,2290.693812,2569.517582,2635.842962,2655.170122,2655.390041,2635.842962,3759.734732,5259.512786,4447.307307,3906.243651,4961.413859,4447.307307,4258.727224,4514.963026,4447.307307,4413.654288,4599.257577,4447.307307,1549.609607,1539.873401,0.001001968,0.001005531,0.001008742,0.001011081,3299.608176,3299.608176,3299.608176,5806.696061,5806.696061,5806.696061,5806.696061,5806.696061
4/30/2009,2216.155937,2481.662239,2550.067906,2568.725363,2569.517582,2550.067906,3630.737509,5449.032973,4296.6458,3772.086221,5259.512786,4296.6458,4108.618493,4961.413859,4296.6458,4259.285858,4514.963026,4296.6458,1505.207654,1495.787686,0.001001968,0.001005531,0.001008742,0.001011081,3066.476641,3066.476641,3066.476641,5367.605605,5367.605605,5367.605605,5367.605605,5367.605605
5/1/2009,2142.243251,2475.969687,2463.673357,2478.291719,2481.662239,2463.673357,3589.561882,6282.439771,4244.279763,3720.944009,5449.032973,4244.279763,4043.843005,5259.512786,4244.279763,4172.037119,4961.413859,4244.279763,1455.178842,1446.11385,0.001001968,0.001005531,0.001008742,0.001011081,2882.569179,2882.569179,2882.569179,5024.279645,5024.279645,5024.279645,5024.279645,5024.279645
5/2/2009,2143.922664,2488.314424,2464.846982,2476.830367,2475.969687,2464.846982,4206.483556,6549.522052,4954.921474,4328.010833,6282.439771,4954.921474,4604.145717,5449.032973,4954.921474,4551.158732,5259.512786,4954.921474,1452.566084,1443.51959,0.001001968,0.001005531,0.001008742,0.001011081,2749.181325,2749.181325,2749.181325,4867.969293,4867.969293,4867.969293,4867.969293,4867.969293
5/3/2009,2161.85141,2305.847863,2482.235202,2489.986816,2488.314424,2482.235202,4489.373601,8149.21122,5292.02392,4597.560226,6549.522052,5292.02392,4841.225188,6282.439771,5292.02392,4968.998739,5449.032973,5292.02392,1449.718426,1440.69209,0.001001968,0.001005531,0.001008742,0.001011081,2651.647567,2651.647567,2651.647567,4835.384272,4835.384272,4835.384272,4835.384272,4835.384272
5/4/2009,1992.712552,2280.94825,2289.429235,2304.34882,2305.847863,2289.429235,4422.87426,8448.450151,5209.961105,4526.787843,8149.21122,5209.961105,4854.810609,6549.522052,5209.961105,4974.305521,6282.439771,5209.961105,1356.455182,1348.086328,0.001001968,0.001005531,0.001008742,0.001011081,2571.153492,2571.153492,2571.153492,4880.554006,4880.554006,4880.554006,4880.554006,4880.554006
5/5/2009,1960.385494,2462.580117,2255.419188,2272.914736,2280.94825,2255.419188,5186.607901,6139.281149,6121.398575,5276.626269,8448.450151,6121.398575,5522.128945,8149.21122,6121.398575,5659.601418,6549.522052,6121.398575,1350.791905,1342.462804,0.001001968,0.001005531,0.001008742,0.001011081,2497.525896,2497.525896,2497.525896,5080.136895,5080.136895,5080.136895,5080.136895,5080.136895
5/6/2009,2039.665835,3038.310037,2352.531724,2363.22542,2462.580117,2352.531724,5592.727712,5452.017053,6607.686613,5678.035016,6139.281149,6607.686613,5897.646797,8448.450151,6607.686613,5876.368373,8149.21122,6607.686613,1423.595263,1414.753618,0.001001968,0.001005531,0.001008742,0.001011081,2447.693542,2447.693542,2447.693542,5348.89459,5348.89459,5348.89459,5348.89459,5348.89459
5/7/2009,2645.695702,2802.420742,3091.389471,3072.820761,3038.310037,3091.389471,7989.419195,5150.800795,9492.937053,8081.380194,5452.017053,9492.937053,8315.206267,6139.281149,9492.937053,7417.474577,8448.450151,9492.937053,1935.017747,1922.494053,0.001001968,0.001005531,0.001008742,0.001011081,2499.962156,2499.962156,2499.962156,5939.012519,5939.012519,5939.012519,5939.012519,5939.012519
5/8/2009,2434.326428,2762.719431,2810.065068,2739.992577,2802.420742,2810.065068,7668.549585,4926.14317,9068.842511,7669.724249,5150.800795,9068.842511,7944.511626,5452.017053,9068.842511,8466.068223,6139.281149,9068.842511,1666.207941,1655.63622,0.001001968,0.001005531,0.001008742,0.001011081,2535.553789,2535.553789,2535.553789,6579.866967,6579.866967,6579.866967,6579.866967,6579.866967
5/9/2009,2477.77905,2712.739274,2852.194079,2786.067026,2762.719431,2852.194079,4900.079595,4478.996429,5751.398325,4968.544647,4926.14317,5751.398325,5268.146758,5150.800795,5751.398325,5397.075517,5452.017053,5751.398325,1636.411205,1626.053682,0.001001968,0.001005531,0.001008742,0.001011081,2577.52061,2577.52061,2577.52061,6743.155085,6743.155085,6743.155085,6743.155085,6743.155085
5/10/2009,2370.65826,2190.446849,2731.866776,2776.306235,2712.739274,2731.866776,4434.600441,4125.816127,5218.233952,4609.862075,4478.996429,5218.233952,4864.192621,4926.14317,5218.233952,5056.551029,5150.800795,5218.233952,1596.631181,1586.558899,0.001001968,0.001005531,0.001008742,0.001011081,2613.339437,2613.339437,2613.339437,6743.661865,6743.661865,6743.661865,6743.661865,6743.661865
5/11/2009,1965.45867,2242.29531,2240.522857,2203.478602,2190.446849,2240.522857,3809.71506,4199.569617,4442.572624,3867.850942,4125.816127,4442.572624,4275.882686,4478.996429,4442.572624,4728.820399,4926.14317,4442.572624,1263.932458,1256.210465,0.001001968,0.001005531,0.001008742,0.001011081,2611.051078,2611.051078,2611.051078,6676.785342,6676.785342,6676.785342,6676.785342,6676.785342
5/12/2009,1919.018352,1963.158947,2203.557087,2242.345354,2242.29531,2203.557087,3654.216471,5424.838044,4289.276042,3791.458087,4199.569617,4289.276042,4032.65885,4125.816127,4289.276042,4256.621979,4478.996429,4289.276042,1311.800205,1303.744245,0.001001968,0.001005531,0.001008742,0.001011081,2602.158595,2602.158595,2602.158595,6446.065278,6446.065278,6446.065278,6446.065278,6446.065278
5/13/2009,1668.129455,2014.276202,1900.663949,1962.674653,1963.158947,1900.663949,3357.386496,3662.589191,3914.425472,3497.144391,5424.838044,3914.425472,3747.710744,4199.569617,3914.425472,4042.224617,4125.816127,3914.425472,1089.796383,1083.27582,0.001001968,0.001005531,0.001008742,0.001011081,2554.309943,2554.309943,2554.309943,6116.757503,6116.757503,6116.757503,6116.757503,6116.757503
5/14/2009,1604.287988,2750.794801,1825.499687,1846.79616,2014.276202,1825.499687,3194.891088,6952.641079,3712.597139,3292.75434,3662.589191,3712.597139,3548.061782,5424.838044,3712.597139,3645.272114,4199.569617,3712.597139,1041.760502,1035.567333,0.001001968,0.001005531,0.001008742,0.001011081,2402.646643,2402.646643,2402.646643,5471.426346,5471.426346,5471.426346,5471.426346,5471.426346
5/15/2009,2461.412764,3691.349368,2827.410625,2791.126435,2750.794801,2827.410625,4511.833873,8870.969437,5287.092585,4622.340869,6952.641079,5287.092585,4680.197941,3662.589191,5287.092585,3860.537321,5424.838044,5287.092585,1563.314881,1553.480843,0.001001968,0.001005531,0.001008742,0.001011081,2370.033705,2370.033705,2370.033705,4836.35541,4836.35541,4836.35541,4836.35541,4836.35541
5/16/2009,2747.120308,4593.00016,3152.26819,2983.759519,3691.349368,3152.26819,5749.611995,8533.569622,6774.576156,5710.489283,8870.969437,6774.576156,6001.674441,6952.641079,6774.576156,5780.408234,3662.589191,6774.576156,1764.097084,1752.818525,0.001001968,0.001005531,0.001008742,0.001011081,2395.777114,2395.777114,2395.777114,4800.128545,4800.128545,4800.128545,4800.128545,4800.128545
5/17/2009,5002.269372,5379.688352,5597.688922,4850.133487,4593.00016,5597.688922,6167.60306,7090.151917,7050.460945,5750.161885,8533.569622,7050.460945,5414.130136,8870.969437,7050.460945,3923.45847,6952.641079,7050.460945,2096.556068,2082.84374,0.001001968,0.001005531,0.001008742,0.001011081,2584.161654,2584.161654,2584.161654,4721.727931,4721.727931,4721.727931,4721.727931,4721.727931
5/18/2009,5788.314438,6338.823604,6503.767842,5699.50786,5379.688352,6503.767842,9078.325001,6399.27125,10585.84207,8547.539749,7090.151917,10585.84207,8754.956231,8533.569622,10585.84207,7862.847739,8870.969437,10585.84207,2827.195874,2807.985113,0.001001968,0.001005531,0.001008742,0.001011081,3005.884701,3005.884701,3005.884701,5201.867684,5201.867684,5201.867684,5201.867684,5201.867684
5/19/2009,4910.103588,3223.992475,5774.465733,6368.043047,6338.823604,5774.465733,8372.752663,5162.647828,10162.87575,9260.015124,6399.27125,10162.87575,9788.146046,7090.151917,10162.87575,9190.867431,8533.569622,10162.87575,3579.348096,3554.307571,0.001001968,0.001005531,0.001008742,0.001011081,3560.402405,3560.402405,3560.402405,5870.158733,5870.158733,5870.158733,5870.158733,5870.158733
5/20/2009,2355.579381,2053.938544,2624.879842,3237.612263,3223.992475,2624.879842,4907.310712,4645.255836,5660.836925,5603.645251,5162.647828,5660.836925,6514.288691,6399.27125,5660.836925,8810.780119,7090.151917,5660.836925,1199.521508,1192.246454,0.001001968,0.001005531,0.001008742,0.001011081,3835.765506,3835.765506,3835.765506,6500.558981,6500.558981,6500.558981,6500.558981,6500.558981
5/21/2009,1754.284956,2128.470192,1908.793123,2063.591321,2053.938544,1908.793123,2502.133973,5253.482005,2765.161482,2729.222196,4645.255836,2765.161482,3523.478187,5162.647828,2765.161482,4801.446881,6399.27125,2765.161482,703.7143255,699.7658084,0.001001968,0.001005531,0.001008742,0.001011081,3951.509433,3951.509433,3951.509433,6844.35134,6844.35134,6844.35134,6844.35134,6844.35134
5/22/2009,1862.337249,2055.921614,2075.169745,2135.507142,2128.470192,2075.169745,3860.279497,4537.173103,4451.8542,3988.527405,5253.482005,4451.8542,4340.616549,4645.255836,4451.8542,4810.705857,5162.647828,4451.8542,975.5527034,969.8076692,0.001001968,0.001005531,0.001008742,0.001011081,3920.945523,3920.945523,3920.945523,6913.940341,6913.940341,6913.940341,6913.940341,6913.940341
5/23/2009,1799.763426,1923.572094,2015.721728,2059.170618,2055.921614,2015.721728,3824.790767,3139.973152,4417.382321,3935.487267,4537.173103,4417.382321,4190.286632,5253.482005,4417.382321,4420.899186,4645.255836,4417.382321,996.5846742,990.6976856,0.001001968,0.001005531,0.001008742,0.001011081,3806.08005,3806.08005,3806.08005,6685.132654,6685.132654,6685.132654,6685.132654,6685.132654
5/24/2009,1762.724447,1978.856913,1963.497863,1927.754497,1923.572094,1963.497863,3681.46074,3231.633975,4239.098181,3707.825898,3139.973152,4239.098181,3924.565293,4537.173103,4239.098181,4162.036189,5253.482005,4239.098181,933.144985,927.6849964,0.001001968,0.001005531,0.001008742,0.001011081,3513.250392,3513.250392,3513.250392,6621.019806,6621.019806,6621.019806,6621.019806,6621.019806
5/25/2009,1722.676647,1915.835435,1932.818537,1983.478053,1978.856913,1932.818537,4333.826276,3583.578118,5032.319383,4435.999463,3231.633975,5032.319383,4570.866179,3139.973152,5032.319383,4624.126306,4537.173103,5032.319383,980.6246057,974.8453739,0.001001968,0.001005531,0.001008742,0.001011081,3033.301348,3033.301348,3033.301348,6153.454956,6153.454956,6153.454956,6153.454956,6153.454956
5/26/2009,1620.608521,1383.953513,1818.484184,1873.758552,1915.835435,1818.484184,3754.182675,4226.243811,4349.10883,3864.034629,3583.578118,4349.10883,4062.77956,3231.633975,4349.10883,4197.135641,3139.973152,4349.10883,929.6259289,924.1895211,0.001001968,0.001005531,0.001008742,0.001011081,2434.288308,2434.288308,2434.288308,5465.619558,5465.619558,5465.619558,5465.619558,5465.619558
5/27/2009,1356.361263,2111.917294,1447.953598,1379.603977,1383.953513,1447.953598,2373.426367,5843.058498,2602.050086,2344.775905,4226.243811,2602.050086,2433.896055,3583.578118,2602.050086,2944.615249,3231.633975,2602.050086,419.5678744,417.3982973,0.001001968,0.001005531,0.001008742,0.001011081,2072.349565,2072.349565,2072.349565,4682.103727,4682.103727,4682.103727,4682.103727,4682.103727
5/28/2009,2249.016714,3760.933303,2459.158151,2022.146767,2111.917294,2459.158151,3391.440472,7054.092285,3817.530272,3038.237081,5843.058498,3817.530272,3130.858415,4226.243811,3817.530272,2591.704383,3583.578118,3817.530272,968.3749155,962.6782395,0.001001968,0.001005531,0.001008742,0.001011081,1959.815582,1959.815582,1959.815582,4220.944887,4220.944887,4220.944887,4220.944887,4220.944887
5/29/2009,3609.904149,4368.074671,4017.984471,3709.416481,3760.933303,4017.984471,5612.811654,6426.93691,6448.401245,5475.483233,7054.092285,6448.401245,4933.681497,5843.058498,6448.401245,3861.439736,4226.243811,6448.401245,1681.21771,1670.537917,0.001001968,0.001005531,0.001008742,0.001011081,2033.061828,2033.061828,2033.061828,4076.527792,4076.527792,4076.527792,4076.527792,4076.527792
5/30/2009,4580.616656,5328.670534,5084.25487,4462.310365,4368.074671,5084.25487,6583.082504,6160.758236,7550.396002,6162.159599,6426.93691,7550.396002,6301.252059,7054.092285,7550.396002,5040.843248,5843.058498,7550.396002,2091.25749,2077.584323,0.001001968,0.001005531,0.001008742,0.001011081,2322.949463,2322.949463,2322.949463,4256.449487,4256.449487,4256.449487,4256.449487,4256.449487
5/31/2009,4308.110348,3182.794959,4984.562909,5381.782982,5328.670534,4984.562909,6588.614813,7661.106313,7880.670877,7230.024216,6160.758236,7880.670877,7609.527671,6426.93691,7880.670877,6761.332835,7054.092285,7880.670877,2870.232722,2850.692605,0.001001968,0.001005531,0.001008742,0.001011081,2771.732048,2771.732048,2771.732048,4634.020594,4634.020594,4634.020594,4634.020594,4634.020594
6/1/2009,2432.985366,2135.734071,2707.421744,3186.223961,3182.794959,2707.421744,4671.89449,6988.383073,5392.003905,5235.117132,7661.106313,5392.003905,5969.146276,6160.758236,5392.003905,7589.64774,6426.93691,5392.003905,1252.754085,1245.109862,0.001001968,0.001005531,0.001008742,0.001011081,3018.667452,3018.667452,3018.667452,4944.319751,4944.319751,4944.319751,4944.319751,4944.319751
6/2/2009,1796.265351,2102.726247,1949.723618,2132.692976,2135.734071,1949.723618,2719.927065,6374.850785,3032.42805,2964.207441,6988.383073,3032.42805,3613.842933,7661.106313,3032.42805,4750.630533,6160.758236,3032.42805,726.2584489,722.1639458,0.001001968,0.001005531,0.001008742,0.001011081,3122.390456,3122.390456,3122.390456,5146.011133,5146.011133,5146.011133,5146.011133,5146.011133
6/3/2009,1836.342718,2035.172641,2022.666174,2097.685823,2102.726247,2022.666174,3901.07081,5139.226791,4469.894162,4030.53054,6374.850785,4469.894162,4345.175558,6988.383073,4469.894162,4707.20385,7661.106313,4469.894162,867.0150878,861.9962884,0.001001968,0.001005531,0.001008742,0.001011081,3245.629389,3245.629389,3245.629389,5422.78347,5422.78347,5422.78347,5422.78347,5422.78347
6/4/2009,1801.823081,2016.403688,1995.104486,2039.72306,2035.172641,1995.104486,6214.82707,3982.370173,7229.218474,6270.051129,5139.226791,7229.218474,6466.392176,6374.850785,7229.218474,6556.709408,6988.383073,7229.218474,908.5033831,903.2082748,0.001001968,0.001005531,0.001008742,0.001011081,3275.123933,3275.123933,3275.123933,5974.165259,5974.165259,5974.165259,5974.165259,5974.165259
6/5/2009,1750.975582,1770.868378,1950.443027,2020.763264,2016.403688,1950.443027,5699.337687,4267.697672,6648.719538,5784.803758,3982.370173,6648.719538,5931.895489,5139.226791,6648.719538,6276.707241,6374.850785,6648.719538,941.367106,935.8519781,0.001001968,0.001005531,0.001008742,0.001011081,3164.914576,3164.914576,3164.914576,6375.926245,6375.926245,6375.926245,6375.926245,6375.926245
6/6/2009,1555.484475,1695.546299,1724.127266,1771.690693,1770.868378,1724.127266,4989.994913,5839.246613,5793.246539,5052.237038,4267.697672,5793.246539,5250.051969,3982.370173,5793.246539,5519.63712,5139.226791,5793.246539,808.9411302,804.3062387,0.001001968,0.001005531,0.001008742,0.001011081,2836.974606,2836.974606,2836.974606,6460.009363,6460.009363,6460.009363,6460.009363,6460.009363
6/7/2009,1501.511529,1690.38343,1665.56325,1695.943086,1695.546299,1665.56325,4119.528247,6767.181754,4751.560478,4180.415986,5839.246613,4751.560478,4339.039858,4267.697672,4751.560478,4517.318811,3982.370173,4751.560478,790.3401066,785.827441,0.001001968,0.001005531,0.001008742,0.001011081,2353.783956,2353.783956,2353.783956,6181.752793,6181.752793,6181.752793,6181.752793,6181.752793
6/8/2009,1437.196668,3049.520791,1598.735814,1626.964533,1690.38343,1598.735814,3123.913092,7990.153306,3597.354113,3197.28094,6767.181754,3597.354113,3378.341308,5839.246613,3597.354113,3591.956011,4267.697672,3597.354113,782.1652055,777.7061391,0.001001968,0.001005531,0.001008742,0.001011081,2066.296359,2066.296359,2066.296359,5682.639257,5682.639257,5682.639257,5682.639257,5682.639257
6/9/2009,2708.702734,4211.156094,3113.26594,3000.601865,3049.520791,3113.26594,4827.150196,9022.883469,5709.433405,4861.870705,7990.153306,5709.433405,4878.792311,6767.181754,5709.433405,3785.361936,5839.246613,5709.433405,1758.07584,1746.840895,0.001001968,0.001005531,0.001008742,0.001011081,2069.634467,2069.634467,2069.634467,5441.096181,5441.096181,5441.096181,5441.096181,5441.096181
6/10/2009,3631.148275,3280.491007,4221.583849,4243.631357,4211.156094,4221.583849,7136.428834,12979.46761,8547.556594,7349.922004,9022.883469,8547.556594,7366.350605,7990.153306,8547.556594,6355.562019,6767.181754,8547.556594,2482.362259,2465.769568,0.001001968,0.001005531,0.001008742,0.001011081,2284.223564,2284.223564,2284.223564,5626.344892,5626.344892,5626.344892,5626.344892,5626.344892
6/11/2009,2653.418616,4491.154824,3057.090097,3018.428961,3280.491007,3057.090097,6065.263139,11681.43439,7194.373098,6145.329144,12979.46761,7194.373098,6947.448139,9022.883469,7194.373098,7272.415387,7990.153306,7194.373098,1773.420269,1762.074143,0.001001968,0.001005531,0.001008742,0.001011081,2477.034786,2477.034786,2477.034786,5696.334956,5696.334956,5696.334956,5696.334956,5696.334956
6/12/2009,3983.27406,4225.60702,4699.664904,4590.783813,4491.154824,4699.664904,7753.829416,10424.64168,9335.783124,7910.738086,11681.43439,9335.783124,8317.672355,12979.46761,9335.783124,7167.633183,9022.883469,9335.783124,2884.706596,2865.055587,0.001001968,0.001005531,0.001008742,0.001011081,2810.363127,2810.363127,2810.363127,5951.26813,5951.26813,5951.26813,5951.26813,5951.26813
6/13/2009,3590.564151,4656.702439,4181.653028,4053.573152,4225.60702,4181.653028,8332.013992,10271.00196,9949.657426,8380.863226,10424.64168,9949.657426,8880.551409,11681.43439,9949.657426,9408.671529,12979.46761,9949.657426,2482.179592,2465.588278,0.001001968,0.001005531,0.001008742,0.001011081,3125.21325,3125.21325,3125.21325,6391.92915,6391.92915,6391.92915,6391.92915,6391.92915
6/14/2009,3933.296186,4005.509673,4607.112155,4736.617031,4656.702439,4607.112155,11367.13713,9056.812364,13607.21158,11690.73704,10271.00196,13607.21158,11841.63602,10424.64168,13607.21158,11225.42369,11681.43439,13607.21158,2664.19467,2646.226208,0.001001968,0.001005531,0.001008742,0.001011081,3504.741609,3504.741609,3504.741609,7592.098133,7592.098133,7592.098133,7592.098133,7592.098133
6/15/2009,4086.146544,5774.574817,4621.196355,4022.784082,4005.509673,4621.196355,10657.63459,13878.74195,12524.52037,10196.50651,9056.812364,12524.52037,10711.02993,10271.00196,12524.52037,11344.17237,10424.64168,12524.52037,2185.849948,2171.475973,0.001001968,0.001005531,0.001008742,0.001011081,3860.529119,3860.529119,3860.529119,8813.944223,8813.944223,8813.944223,8813.944223,8813.944223
6/16/2009,5008.008857,5100.805693,5879.814475,5836.574334,5774.574817,5879.814475,9560.264598,17224.22638,11520.00243,9821.841123,13878.74195,11520.00243,10074.16575,9056.812364,11520.00243,9139.172183,10271.00196,11520.00243,3519.149985,3494.581415,0.001001968,0.001005531,0.001008742,0.001011081,4241.440642,4241.440642,4241.440642,9696.088896,9696.088896,9696.088896,9696.088896,9696.088896
6/17/2009,3743.55802,7989.524135,4316.681504,4404.883039,5100.805693,4316.681504,8433.515867,13273.12887,10025.74104,8685.201994,17224.22638,10025.74104,9412.103754,13878.74195,10025.74104,10419.28523,9056.812364,10025.74104,2432.831316,2416.611452,0.001001968,0.001005531,0.001008742,0.001011081,4370.62893,4370.62893,4370.62893,10250.52626,10250.52626,10250.52626,10250.52626,10250.52626
6/18/2009,6589.789788,9955.637987,7790.875921,7695.47441,7989.524135,7790.875921,9529.922903,12054.10133,11613.3113,9961.208871,13273.12887,11613.3113,10399.96438,17224.22638,11613.3113,7804.256485,13878.74195,11613.3113,4423.909808,4392.163003,0.001001968,0.001005531,0.001008742,0.001011081,4886.943461,4886.943461,4886.943461,10574.18494,10574.18494,10574.18494,10574.18494,10574.18494
6/19/2009,9410.552774,9081.597955,11204.34186,10414.26766,9955.637987,11204.34186,17048.16803,15731.74379,20933.72094,16929.84066,12054.10133,20933.72094,18053.98694,13273.12887,20933.72094,15225.98117,17224.22638,20933.72094,6490.749948,6442.053022,0.001001968,0.001005531,0.001008742,0.001011081,5697.25332,5697.25332,5697.25332,11558.89269,11558.89269,11558.89269,11558.89269,11558.89269
6/20/2009,7399.08661,7678.805149,8747.102771,8645.274364,9081.597955,8747.102771,15334.27178,15388.26293,18698.31739,15651.51377,15731.74379,18698.31739,16801.61388,12054.10133,18698.31739,18569.5549,13273.12887,18698.31739,5236.153524,5197.826546,0.001001968,0.001005531,0.001008742,0.001011081,6354.745855,6354.745855,6354.745855,12825.46164,12825.46164,12825.46164,12825.46164,12825.46164
6/21/2009,7007.306146,6393.803336,7999.052801,7933.928911,7678.805149,7999.052801,9461.383231,12340.72533,11119.91081,9874.341459,15388.26293,11119.91081,10110.76768,15731.74379,11119.91081,11358.03167,12054.10133,11119.91081,3520.055553,3495.479889,0.001001968,0.001005531,0.001008742,0.001011081,6783.411756,6783.411756,6783.411756,12853.56684,12853.56684,12853.56684,12853.56684,12853.56684
6/22/2009,7343.213865,11896.41731,8111.454534,6676.427889,6393.803336,8111.454534,10009.61412,11499.38329,11441.53606,8903.014691,12340.72533,11441.53606,10025.33875,15388.26293,11441.53606,10492.04005,15731.74379,11441.53606,2982.669999,2962.26684,0.001001968,0.001005531,0.001008742,0.001011081,7207.652521,7207.652521,7207.652521,12911.84017,12911.84017,12911.84017,12911.84017,12911.84017
6/23/2009,9601.098195,7309.530539,11524.16062,11951.23005,11896.41731,11524.16062,15656.55533,10180.51515,19497.53429,16728.37753,11499.38329,19497.53429,17392.57812,12340.72533,19497.53429,13972.2492,15388.26293,19497.53429,7451.834886,7395.051642,0.001001968,0.001005531,0.001008742,0.001011081,7992.244728,7992.244728,7992.244728,13579.04553,13579.04553,13579.04553,13579.04553,13579.04553
6/24/2009,5251.225971,4238.241103,6096.46058,7298.778825,7309.530539,6096.46058,11734.39564,9344.503296,14113.78848,13163.13991,10180.51515,14113.78848,14419.87414,11499.38329,14113.78848,17676.67318,12340.72533,14113.78848,3472.751905,3448.5465,0.001001968,0.001005531,0.001008742,0.001011081,8450.87635,8450.87635,8450.87635,14323.68923,14323.68923,14323.68923,14323.68923,14323.68923
6/25/2009,3418.719364,4061.501217,3810.745529,4232.165298,4238.241103,3810.745529,4485.474143,8830.933562,5134.485271,5081.441421,9344.503296,5134.485271,6695.038348,10180.51515,5134.485271,9186.009788,11499.38329,5134.485271,1662.344906,1651.800981,0.001001968,0.001005531,0.001008742,0.001011081,8219.523506,8219.523506,8219.523506,14718.63764,14718.63764,14718.63764,14718.63764,14718.63764
6/26/2009,3423.722526,4779.634498,3875.348325,4019.136492,4061.501217,3875.348325,6288.91662,7931.611903,7372.724073,6589.682711,8830.933562,7372.724073,7435.986263,9344.503296,7372.724073,8542.387916,10180.51515,7372.724073,1918.724178,1906.319755,0.001001968,0.001005531,0.001008742,0.001011081,7422.699358,7422.699358,7422.699358,13884.00933,13884.00933,13884.00933,13884.00933,13884.00933
6/27/2009,4161.907027,4932.610344,4821.501067,4815.03867,4779.634498,4821.501067,8076.12619,7289.077958,9639.305463,8292.670409,7931.611903,9639.305463,8903.103539,8830.933562,9639.305463,8472.295742,9344.503296,9639.305463,2729.680171,2711.213608,0.001001968,0.001005531,0.001008742,0.001011081,6878.033021,6878.033021,6878.033021,12530.60704,12530.60704,12530.60704,12530.60704,12530.60704
6/28/2009,4188.38616,3762.969736,4889.355885,4980.60039,4932.610344,4889.355885,8146.295805,9206.856898,9793.528919,8466.818034,7289.077958,9793.528919,9044.492791,7931.611903,9793.528919,9149.791441,8830.933562,9793.528919,2918.64164,2898.730398,0.001001968,0.001005531,0.001008742,0.001011081,6529.198112,6529.198112,6529.198112,11856.97331,11856.97331,11856.97331,11856.97331,11856.97331
6/29/2009,3219.156976,3538.326649,3693.943876,3763.154668,3762.969736,3693.943876,6340.129087,9101.411376,7502.274498,6565.132995,9206.856898,7502.274498,7254.710019,7289.077958,7502.274498,8270.51267,7931.611903,7502.274498,2047.796443,2034.444055,0.001001968,0.001005531,0.001008742,0.001011081,6087.521913,6087.521913,6087.521913,11269.04567,11269.04567,11269.04567,11269.04567,11269.04567
6/30/2009,3051.040622,3732.235784,3494.545569,3518.323476,3538.326649,3494.545569,5418.078542,7381.430794,6392.477954,5599.278492,9101.411376,6392.477954,6103.723205,9206.856898,6392.477954,6605.000376,7289.077958,6392.477954,1926.175471,1913.716518,0.001001968,0.001005531,0.001008742,0.001011081,5059.876386,5059.876386,5059.876386,10196.82274,10196.82274,10196.82274,10196.82274,10196.82274
7/1/2009,3185.843485,3824.795676,3669.468714,3731.555297,3732.235784,3669.468714,5805.673487,6940.519076,6887.524748,6038.413786,7381.430794,6887.524748,6408.391202,9101.411376,6887.524748,6430.39182,9206.856898,6887.524748,2074.630706,2061.08035,0.001001968,0.001005531,0.001008742,0.001011081,4459.474995,4459.474995,4459.474995,8967.622141,8967.622141,8967.622141,8967.622141,8967.622141
7/2/2009,3484.838742,4070.90925,3980.901256,3837.754035,3824.795676,3980.901256,8249.204527,6721.476233,9761.083238,8244.384103,6940.519076,9761.083238,8564.267323,7381.430794,9761.083238,8486.687684,9101.411376,9761.083238,2116.370423,2102.51155,0.001001968,0.001005531,0.001008742,0.001011081,4214.637745,4214.637745,4214.637745,8479.591273,8479.591273,8479.591273,8479.591273,8479.591273
7/3/2009,3490.718863,3461.049155,4010.024716,4078.673702,4070.90925,4010.024716,7972.394622,5894.865039,9465.293834,8189.704969,6721.476233,9465.293834,8439.951038,6940.519076,9465.293834,8486.967535,7381.430794,9465.293834,2213.619563,2199.039181,0.001001968,0.001005531,0.001008742,0.001011081,4132.678296,4132.678296,4132.678296,8438.425788,8438.425788,8438.425788,8438.425788,8438.425788
7/4/2009,3036.675354,3317.934041,3444.029607,3469.6108,3461.049155,3444.029607,5840.949174,4601.712777,6843.727047,6002.308961,5894.865039,6843.727047,6491.816182,6721.476233,6843.727047,6901.361574,6940.519076,6843.727047,1770.088634,1758.766658,0.001001968,0.001005531,0.001008742,0.001011081,3954.031747,3954.031747,3954.031747,8287.752152,8287.752152,8287.752152,8287.752152,8287.752152
7/5/2009,2838.759239,2889.079686,3253.750587,3320.193028,3317.934041,3253.750587,5197.756828,4568.20319,6139.201475,5406.109929,4601.712777,6139.201475,5950.121939,5894.865039,6139.201475,6197.099307,6721.476233,6139.201475,1820.74716,1809.057411,0.001001968,0.001005531,0.001008742,0.001011081,3745.774829,3745.774829,3745.774829,7993.624411,7993.624411,7993.624411,7993.624411,7993.624411
7/6/2009,2424.626983,2438.916928,2769.76067,2882.815358,2889.079686,2769.76067,4879.467739,5325.07652,5744.682919,5102.769724,4568.20319,5744.682919,5536.154206,4601.712777,5744.682919,6115.126871,5894.865039,5744.682919,1539.231679,1529.569485,0.001001968,0.001005531,0.001008742,0.001011081,3599.706608,3599.706608,3599.706608,7661.701132,7661.701132,7661.701132,7661.701132,7661.701132
7/7/2009,2094.451861,2234.956188,2361.573228,2410.599993,2438.916928,2361.573228,4022.912645,5440.996404,4679.185884,4162.279618,5325.07652,4679.185884,4527.050039,4568.20319,4679.185884,5072.030502,4601.712777,4679.185884,1209.927354,1202.580291,0.001001968,0.001005531,0.001008742,0.001011081,3445.2012,3445.2012,3445.2012,7369.9799,7369.9799,7369.9799,7369.9799,7369.9799
7/8/2009,2192.983092,2880.498036,2415.827095,2239.387883,2234.956188,2415.827095,3468.738995,5554.825657,3941.988929,3381.000605,5440.996404,3941.988929,3555.236527,5325.07652,3941.988929,3931.161189,4568.20319,3941.988929,1000.662357,994.7478021,0.001001968,0.001005531,0.001008742,0.001011081,3238.276286,3238.276286,3238.276286,7004.881044,7004.881044,7004.881044,7004.881044,7004.881044
7/9/2009,2942.602451,3769.539519,3273.05634,2898.25273,2880.498036,3273.05634,4545.488372,6817.747185,5240.554021,4292.024654,5554.825657,5240.554021,4386.357289,5440.996404,5240.554021,3965.19584,5325.07652,5240.554021,1471.668983,1462.487146,0.001001968,0.001005531,0.001008742,0.001011081,3086.137275,3086.137275,3086.137275,6320.230773,6320.230773,6320.230773,6320.230773,6320.230773
7/10/2009,3110.047225,2770.635706,3592.772679,3770.709604,3769.539519,3592.772679,5576.770825,6262.647096,6657.93665,5912.910663,6817.747185,6657.93665,6088.060273,5554.825657,6657.93665,5336.496918,5440.996404,6657.93665,2117.927251,2104.056857,0.001001968,0.001005531,0.001008742,0.001011081,3028.606389,3028.606389,3028.606389,5777.573936,5777.573936,5777.573936,5777.573936,5777.573936
7/11/2009,2225.612367,1814.491972,2513.955827,2746.677864,2770.635706,2513.955827,4474.120095,6055.1575,5231.269266,4794.72207,6262.647096,5231.269266,5239.625462,6817.747185,5231.269266,5873.048687,5554.825657,5231.269266,1313.395299,1305.328185,0.001001968,0.001005531,0.001008742,0.001011081,2933.515881,2933.515881,2933.515881,5536.103311,5536.103311,5536.103311,5536.103311,5536.103311
7/12/2009,1661.724552,2257.949371,1761.600076,1816.933998,1814.491972,1761.600076,3691.499502,5349.82878,4106.609691,3787.681987,6055.1575,4106.609691,3926.947026,6262.647096,4106.609691,4730.076438,6817.747185,4106.609691,431.2516851,429.0116178,0.001001968,0.001005531,0.001008742,0.001011081,2703.596482,2703.596482,2703.596482,5379.402824,5379.402824,5379.402824,5379.402824,5379.402824
7/13/2009,2690.799452,4440.566848,2890.254755,2271.661132,2257.949371,2890.254755,5996.670413,5029.495467,6813.664956,5415.021288,5349.82878,6813.664956,5542.125751,6055.1575,6813.664956,5470.889756,6262.647096,6813.664956,901.3920422,896.1444116,0.001001968,0.001005531,0.001008742,0.001011081,2597.333101,2597.333101,2597.333101,5431.106579,5431.106579,5431.106579,5431.106579,5431.106579
7/14/2009,3769.3844,3160.957853,4385.132884,4439.523413,4440.566848,4385.132884,7010.088451,4068.623944,8438.144528,7255.090494,5029.495467,8438.144528,7362.821383,5349.82878,8438.144528,5782.041263,6055.1575,8438.144528,2655.61881,2637.715477,0.001001968,0.001005531,0.001008742,0.001011081,2804.016915,2804.016915,2804.016915,5509.199531,5509.199531,5509.199531,5509.199531,5509.199531
7/15/2009,2451.437739,2252.273773,2780.236098,3158.889901,3160.957853,2780.236098,5490.734706,4711.216674,6463.118559,5954.264716,4068.623944,6463.118559,6313.257598,5029.495467,6463.118559,7166.258854,5349.82878,6463.118559,1488.940113,1479.635728,0.001001968,0.001005531,0.001008742,0.001011081,2950.53525,2950.53525,2950.53525,5803.113294,5803.113294,5803.113294,5803.113294,5803.113294
7/16/2009,1975.703856,2484.421936,2180.81909,2241.964261,2252.273773,2180.81909,3072.712533,6054.784695,3497.917835,3212.752113,4711.216674,3497.917835,3774.999096,4068.623944,3497.917835,4428.527552,5029.495467,3497.917835,957.0464314,951.4259853,0.001001968,0.001005531,0.001008742,0.001011081,2938.7712,2938.7712,2938.7712,5978.286266,5978.286266,5978.286266,5978.286266,5978.286266
7/17/2009,2070.418215,2260.915713,2325.040359,2451.112201,2484.421936,2325.040359,3534.429673,6159.632553,4102.638075,3752.280321,6054.784695,4102.638075,3981.709594,4711.216674,4102.638075,4170.660824,4068.623944,4102.638075,1167.116259,1160.064956,0.001001968,0.001005531,0.001008742,0.001011081,2788.304334,2788.304334,2788.304334,5846.100292,5846.100292,5846.100292,5846.100292,5846.100292
7/18/2009,2181.179733,2934.490098,2377.861836,2271.408168,2260.915713,2377.861836,3422.934932,5614.791619,3853.558139,3397.976525,6159.632553,3853.558139,3463.506139,6054.784695,3853.558139,3750.866292,4711.216674,3853.558139,865.4307898,860.4225088,0.001001968,0.001005531,0.001008742,0.001011081,2678.89517,2678.89517,2678.89517,5546.85805,5546.85805,5546.85805,5546.85805,5546.85805
7/19/2009,3257.474598,4684.662451,3594.943302,2957.343985,2934.490098,3594.943302,5064.85433,6101.690037,5813.716345,4545.413519,5614.791619,5813.716345,4771.20067,6159.632553,5813.716345,4143.203637,6054.784695,5813.716345,1500.976967,1491.587073,0.001001968,0.001005531,0.001008742,0.001011081,2821.601689,2821.601689,2821.601689,5415.849983,5415.849983,5415.849983,5415.849983,5415.849983
7/20/2009,3952.673529,3229.644685,4613.081565,4684.403307,4684.662451,4613.081565,6961.455325,6708.500719,8417.459964,7242.455741,6101.690037,8417.459964,7413.791845,5614.791619,8417.459964,6134.689159,6159.632553,8417.459964,2839.199178,2819.896613,0.001001968,0.001005531,0.001008742,0.001011081,3104.012066,3104.012066,3104.012066,5343.328562,5343.328562,5343.328562,5343.328562,5343.328562
7/21/2009,2461.425292,2325.363747,2795.621464,3222.645492,3229.644685,2795.621464,5128.785269,5639.722967,6041.087576,5648.764776,6708.500719,6041.087576,6049.511419,6101.690037,6041.087576,7037.510397,5614.791619,6041.087576,1519.199187,1509.679688,0.001001968,0.001005531,0.001008742,0.001011081,3011.288966,3011.288966,3011.288966,5421.295662,5421.295662,5421.295662,5421.295662,5421.295662
7/22/2009,1961.295336,2229.997446,2183.781221,2324.907411,2325.363747,2183.781221,3089.120568,5165.76254,3547.086353,3314.038702,5639.722967,3547.086353,3929.969338,6708.500719,3547.086353,4542.32484,6101.690037,3547.086353,1038.458731,1032.287997,0.001001968,0.001005531,0.001008742,0.001011081,2936.821048,2936.821048,2936.821048,5356.133316,5356.133316,5356.133316,5356.133316,5356.133316
7/23/2009,1954.013671,2106.92781,2185.782125,2232.545209,2229.997446,2185.782125,4240.102751,5678.873266,4931.324067,4349.347041,5165.76254,4931.324067,4659.168942,5639.722967,4931.324067,5112.607754,6708.500719,4931.324067,1080.648783,1074.190707,0.001001968,0.001005531,0.001008742,0.001011081,2899.635896,2899.635896,2899.635896,5341.113953,5341.113953,5341.113953,5341.113953,5341.113953
7/24/2009,1818.045369,2297.422586,2039.347086,2083.241818,2106.92781,2039.347086,5157.861604,5214.335238,6035.33333,5239.19117,5678.873266,6035.33333,5489.382887,5165.76254,6035.33333,5700.646618,5639.722967,6035.33333,1040.98313,1034.795244,0.001001968,0.001005531,0.001008742,0.001011081,2860.194237,2860.194237,2860.194237,5567.169984,5567.169984,5567.169984,5567.169984,5567.169984
7/25/2009,2017.981055,2368.454984,2290.901381,2294.672936,2297.422586,2290.901381,4724.312677,4638.993005,5555.236279,4797.301261,5214.335238,5555.236279,5026.756995,5678.873266,5555.236279,5026.479082,5165.76254,5555.236279,1254.898684,1247.239547,0.001001968,0.001005531,0.001008742,0.001011081,2878.558342,2878.558342,2878.558342,5806.631219,5806.631219,5806.631219,5806.631219,5806.631219
7/26/2009,2058.534105,2090.176919,2346.924546,2384.340284,2368.454984,2346.924546,4543.105419,2420.988765,5345.64361,4664.184235,4638.993005,5345.64361,4875.075527,5214.335238,5345.64361,4808.681313,5678.873266,5345.64361,1322.286812,1314.157488,0.001001968,0.001005531,0.001008742,0.001011081,2802.219077,2802.219077,2802.219077,5847.646175,5847.646175,5847.646175,5847.646175,5847.646175
7/27/2009,1853.887013,2011.221191,2091.88981,2093.800247,2090.176919,2091.88981,4649.527666,6708.342191,5447.279378,4703.718156,2420.988765,5447.279378,4935.515018,4638.993005,5447.279378,5303.120233,5214.335238,5447.279378,1113.244188,1106.563153,0.001001968,0.001005531,0.001008742,0.001011081,2500.913861,2500.913861,2500.913861,5782.071917,5782.071917,5782.071917,5782.071917,5782.071917
7/28/2009,1740.615795,2524.142696,1971.655905,1998.410655,2011.221191,1971.655905,4037.242685,9221.305959,4730.948516,4123.765028,6708.342191,4730.948516,4366.867313,2420.988765,4730.948516,4516.648701,4638.993005,4730.948516,1089.246612,1082.729805,0.001001968,0.001005531,0.001008742,0.001011081,2316.435264,2316.435264,2316.435264,5569.874821,5569.874821,5569.874821,5569.874821,5569.874821
7/29/2009,2017.168981,5614.329475,2322.135326,2362.086724,2524.142696,2322.135326,4239.941456,14203.56479,4997.630272,4377.240075,9221.305959,4997.630272,4595.678341,6708.342191,4997.630272,4197.561372,2420.988765,4997.630272,1400.376851,1391.699018,0.001001968,0.001005531,0.001008742,0.001011081,2256.009596,2256.009596,2256.009596,5395.548294,5395.548294,5395.548294,5395.548294,5395.548294
7/30/2009,5692.866047,6729.795203,6435.573654,5647.129457,5614.329475,6435.573654,6682.93866,20781.7235,7734.148004,6284.272399,14203.56479,7734.148004,5152.818276,9221.305959,7734.148004,2875.964275,6708.342191,7734.148004,2728.384424,2709.927731,0.001001968,0.001005531,0.001008742,0.001011081,2479.053061,2479.053061,2479.053061,5077.398856,5077.398856,5077.398856,5077.398856,5077.398856
7/31/2009,7764.742527,12265.96468,8576.878294,6333.325478,6729.795203,8576.878294,11396.08303,21913.98422,13129.30108,9447.392142,20781.7235,13129.30108,9926.176297,14203.56479,13129.30108,8316.472367,9221.305959,13129.30108,3247.25871,3224.810626,0.001001968,0.001005531,0.001008742,0.001011081,3044.223388,3044.223388,3044.223388,5465.753695,5465.753695,5465.753695,5465.753695,5465.753695
8/1/2009,10809.61116,10680.96865,12646.22998,12395.54522,12265.96468,12646.22998,14251.54974,16465.1266,17415.30876,14700.70376,21913.98422,17415.30876,14433.96499,20781.7235,17415.30876,10240.72318,14203.56479,17415.30876,6963.503784,6910.843332,0.001001968,0.001005531,0.001008742,0.001011081,4204.53164,4204.53164,4204.53164,6287.152599,6287.152599,6287.152599,6287.152599,6287.152599
8/2/2009,8837.975859,11186.20805,10123.00707,10390.87425,10680.96865,10123.00707,15431.08191,12747.05986,18424.0907,16112.77133,16465.1266,18424.0907,17133.03294,21913.98422,18424.0907,17205.72871,20781.7235,18424.0907,5043.164059,5006.410921,0.001001968,0.001005531,0.001008742,0.001011081,5343.446912,5343.446912,5343.446912,7947.898052,7947.898052,7947.898052,7947.898052,7947.898052
8/3/2009,9211.402786,7530.938221,10828.90977,11389.72697,11186.20805,10828.90977,18250.5762,10075.29429,22166.37184,19327.3471,12747.05986,22166.37184,21166.64842,16465.1266,22166.37184,19674.10704,21913.98422,22166.37184,6215.977579,6169.570989,0.001001968,0.001005531,0.001008742,0.001011081,6723.582221,6723.582221,6723.582221,10455.4897,10455.4897,10455.4897,10455.4897,10455.4897
8/4/2009,5830.588811,4315.526892,6702.012317,7727.89005,7530.938221,6702.012317,14814.76855,7668.212353,17737.29865,16033.45448,10075.29429,17737.29865,17377.37134,12747.05986,17737.29865,21450.483,16465.1266,17737.29865,3509.607361,3485.113525,0.001001968,0.001005531,0.001008742,0.001011081,7637.28694,7637.28694,7637.28694,12795.22146,12795.22146,12795.22146,12795.22146,12795.22146
8/5/2009,3543.632857,3813.511428,3944.198578,4338.422081,4315.526892,3944.198578,6757.290558,6991.550745,7819.728707,7277.561525,7668.212353,7819.728707,8991.652291,10075.29429,7819.728707,11915.42904,12747.05986,7819.728707,1728.371559,1717.351517,0.001001968,0.001005531,0.001008742,0.001011081,8125.057314,8125.057314,8125.057314,14197.83608,14197.83608,14197.83608,14197.83608,14197.83608
8/6/2009,3175.820031,3332.770027,3576.822445,3825.250611,3813.511428,3576.822445,6566.691143,3563.471279,7679.838748,6932.207639,6991.550745,7679.838748,7755.44122,7668.212353,7679.838748,9345.885627,10075.29429,7679.838748,1750.805403,1739.623098,0.001001968,0.001005531,0.001008742,0.001011081,8183.319391,8183.319391,8183.319391,15177.86587,15177.86587,15177.86587,15177.86587,15177.86587
8/7/2009,2849.328096,3090.834365,3207.088138,3340.512258,3332.770027,3207.088138,6268.365234,4653.575731,7341.244789,6496.864524,3563.471279,7341.244789,7065.272587,6991.550745,7341.244789,7932.109137,7668.212353,7341.244789,1581.480904,1571.517036,0.001001968,0.001005531,0.001008742,0.001011081,7825.667827,7825.667827,7825.667827,15049.58082,15049.58082,15049.58082,15049.58082,15049.58082
8/8/2009,2652.797606,5340.757531,2990.758419,3081.127049,3090.834365,2990.758419,5290.59246,11940.58148,6187.697158,5482.683994,4653.575731,6187.697158,5924.591963,3563.471279,6187.697158,6403.578109,6991.550745,6187.697158,1506.419053,1496.990473,0.001001968,0.001005531,0.001008742,0.001011081,6798.690235,6798.690235,6798.690235,14415.05776,14415.05776,14415.05776,14415.05776,14415.05776
8/9/2009,3221.747039,5739.538519,3559.715555,2982.225553,5340.757531,3559.715555,6067.949693,13608.93702,6995.266944,5593.004005,11940.58148,6995.266944,5971.807582,4653.575731,6995.266944,6097.980069,3563.471279,6995.266944,1507.048653,1497.615596,0.001001968,0.001005531,0.001008742,0.001011081,5764.917156,5764.917156,5764.917156,12961.71106,12961.71106,12961.71106,12961.71106,12961.71106
8/10/2009,7075.079365,9421.579223,7604.229251,5863.937892,5739.538519,7604.229251,7409.72203,16572.79823,8074.349481,6034.998758,13608.93702,8074.349481,5662.158785,11940.58148,8074.349481,3531.602206,4653.575731,8074.349481,1361.108941,1352.707405,0.001001968,0.001005531,0.001008742,0.001011081,4830.52116,4830.52116,4830.52116,10473.00523,10473.00523,10473.00523,10473.00523,10473.00523
8/11/2009,11877.28937,13757.83531,13218.4358,10706.65522,9421.579223,13218.4358,12747.01305,16322.36723,14691.65868,10879.19853,16572.79823,14691.65868,10330.35988,13608.93702,14691.65868,6592.339788,11940.58148,14691.65868,4660.060508,4626.412733,0.001001968,0.001005531,0.001008742,0.001011081,4917.335435,4917.335435,4917.335435,8468.165305,8468.165305,8468.165305,8468.165305,8468.165305
8/12/2009,10051.31412,5770.016373,11894.0748,14020.72207,13757.83531,11894.0748,15101.00571,11148.05648,18635.45338,17880.19069,16322.36723,18635.45338,17301.24448,16572.79823,18635.45338,14596.44335,13608.93702,18635.45338,7033.871835,6980.619042,0.001001968,0.001005531,0.001008742,0.001011081,5773.893039,5773.893039,5773.893039,8224.702138,8224.702138,8224.702138,8224.702138,8224.702138
8/13/2009,4267.23276,4538.608268,4608.412297,5835.079408,5770.016373,4608.412297,8734.393702,8314.512528,9886.736251,10076.75203,11148.05648,9886.736251,12550.02746,16322.36723,9886.736251,15799.0391,16572.79823,9886.736251,1377.550593,1369.033487,0.001001968,0.001005531,0.001008742,0.001011081,6305.523815,6305.523815,6305.523815,9111.904376,9111.904376,9111.904376,9111.904376,9111.904376
8/14/2009,4025.323786,4428.129699,4371.95788,4621.667392,4538.608268,4371.95788,8725.350586,7067.190173,9912.062106,9081.247258,8314.512528,9912.062106,10524.54326,11148.05648,9912.062106,13213.55779,16322.36723,9912.062106,1430.616722,1421.725475,0.001001968,0.001005531,0.001008742,0.001011081,6616.613622,6616.613622,6616.613622,10335.78498,10335.78498,10335.78498,10335.78498,10335.78498
8/15/2009,3783.993855,3516.638238,4209.353023,4457.700389,4428.129699,4209.353023,10002.6708,6154.076932,11687.831,10330.54593,7067.190173,11687.831,11057.82744,8314.512528,11687.831,12279.23271,11148.05648,11687.831,1810.091766,1798.479474,0.001001968,0.001005531,0.001008742,0.001011081,6853.603059,6853.603059,6853.603059,11155.75969,11155.75969,11155.75969,11155.75969,11155.75969
8/16/2009,2987.998652,3076.826639,3299.659846,3530.845342,3516.638238,3299.659846,7043.580074,6014.194677,8151.12885,7345.172172,6154.076932,8151.12885,7990.623589,7067.190173,8151.12885,9164.648435,8314.512528,8151.12885,1360.957588,1352.557115,0.001001968,0.001005531,0.001008742,0.001011081,6978.473879,6978.473879,6978.473879,11523.01733,11523.01733,11523.01733,11523.01733,11523.01733
8/17/2009,2678.827333,2908.309225,2956.843519,3086.535178,3076.826639,2956.843519,5350.412248,6684.486074,6148.975455,5564.057584,6014.194677,6148.975455,6064.903626,6154.076932,6148.975455,6796.640609,7067.190173,6148.975455,1229.080322,1221.60052,0.001001968,0.001005531,0.001008742,0.001011081,6707.82179,6707.82179,6707.82179,11721.58596,11721.58596,11721.58596,11721.58596,11721.58596
8/18/2009,2535.189242,2566.709548,2809.306133,2899.04677,2908.309225,2809.306133,5000.655234,4953.965466,5764.871473,5174.070497,6684.486074,5764.871473,5547.922502,6014.194677,5764.871473,5984.102542,6154.076932,5764.871473,1220.730444,1213.308542,0.001001968,0.001005531,0.001008742,0.001011081,5850.36136,5850.36136,5850.36136,11539.04207,11539.04207,11539.04207,11539.04207,11539.04207
8/19/2009,2202.438873,2483.187627,2424.160101,2566.807775,2566.709548,2424.160101,4540.848849,4858.404577,5198.008543,4752.264249,4953.965466,5198.008543,5027.53547,6684.486074,5198.008543,5411.498525,6014.194677,5198.008543,994.4498068,988.5772447,0.001001968,0.001005531,0.001008742,0.001011081,4557.27888,4557.27888,4557.27888,10518.6844,10518.6844,10518.6844,10518.6844,10518.6844
8/20/2009,2393.542828,4627.309201,2617.962433,2498.638399,2483.187627,2617.962433,4973.24758,13693.15063,5673.515068,4921.139918,4858.404577,5673.515068,5157.09834,4953.965466,5673.515068,5277.170916,6684.486074,5673.515068,1002.648847,996.7208581,0.001001968,0.001005531,0.001008742,0.001011081,3774.084641,3774.084641,3774.084641,9006.966225,9006.966225,9006.966225,9006.966225,9006.966225
8/21/2009,3041.246646,8208.69899,3455.990575,3482.624113,4627.309201,3455.990575,6357.328608,17240.99843,7478.092407,6505.463657,13693.15063,7478.092407,6644.089938,4858.404577,7478.092407,6026.06392,4953.965466,7478.092407,1813.318981,1801.683236,0.001001968,0.001005531,0.001008742,0.001011081,3413.508502,3413.508502,3413.508502,7581.337311,7581.337311,7581.337311,7581.337311,7581.337311
8/22/2009,4729.537495,9359.466966,5386.326544,5312.129885,8208.69899,5386.326544,6936.467096,11493.12619,8111.783373,7177.29794,17240.99843,8111.783373,7580.112941,13693.15063,8111.783373,5473.264576,4858.404577,8111.783373,2383.231797,2367.384417,0.001001968,0.001005531,0.001008742,0.001011081,3456.810038,3456.810038,3456.810038,6712.192854,6712.192854,6712.192854,6712.192854,6712.192854
8/23/2009,10390.96293,8442.325948,12135.84598,11477.01644,9359.466966,12135.84598,11549.72859,8020.962758,13966.71647,11825.81158,11493.12619,13966.71647,12872.33672,17240.99843,13966.71647,7012.061538,13693.15063,13966.71647,5375.953126,5336.482282,0.001001968,0.001005531,0.001008742,0.001011081,4492.291228,4492.291228,4492.291228,6740.060958,6740.060958,6740.060958,6740.060958,6740.060958
8/24/2009,8267.947513,5449.910239,9854.20973,9633.112355,8442.325948,9854.20973,14621.59092,7810.395763,17996.37669,14985.79799,8020.962758,17996.37669,16366.26012,11493.12619,17996.37669,18084.68302,17240.99843,17996.37669,5769.507945,5726.800603,0.001001968,0.001005531,0.001008742,0.001011081,5400.389789,5400.389789,5400.389789,7820.644075,7820.644075,7820.644075,7820.644075,7820.644075
8/25/2009,4550.181363,3860.603758,5320.325399,5512.415906,5449.910239,5320.325399,9225.047122,8240.910849,11130.75469,9654.112502,7810.395763,11130.75469,10577.7451,8020.962758,11130.75469,14713.2458,11493.12619,11130.75469,3157.763734,3136.009462,0.001001968,0.001005531,0.001008742,0.001011081,5792.615954,5792.615954,5792.615954,8933.325161,8933.325161,8933.325161,8933.325161,8933.325161
8/26/2009,3198.605115,3044.437828,3648.722076,3891.040818,3860.603758,3648.722076,4447.406121,8203.089233,5235.636518,4873.789404,8240.910849,5235.636518,5575.669122,7810.395763,5235.636518,7301.975907,8020.962758,5235.636518,1909.44417,1897.107624,0.001001968,0.001005531,0.001008742,0.001011081,6008.646603,6008.646603,6008.646603,9505.871532,9505.871532,9505.871532,9505.871532,9505.871532
8/27/2009,2646.68026,3034.714337,2970.835267,3064.781478,3044.437828,2970.835267,4389.72149,6794.832061,5087.81964,4606.744617,8203.089233,5087.81964,5155.023162,8240.910849,5087.81964,6049.443346,7810.395763,5087.81964,1399.806935,1391.13312,0.001001968,0.001005531,0.001008742,0.001011081,6119.019515,6119.019515,6119.019515,9709.860566,9709.860566,9709.860566,9709.860566,9709.860566
8/28/2009,2520.715986,3493.937834,2837.54499,2908.685313,3034.714337,2837.54499,5554.612108,7254.996101,6482.491402,5717.964689,6794.832061,6482.491402,6061.290557,8203.089233,6482.491402,6439.585323,8240.910849,6482.491402,1379.66094,1371.128987,0.001001968,0.001005531,0.001008742,0.001011081,6080.122925,6080.122925,6080.122925,9801.968243,9801.968243,9801.968243,9801.968243,9801.968243
8/29/2009,3153.103451,3313.888862,3559.506259,3469.179432,3493.937834,3559.506259,7557.753043,6862.368206,8849.256428,7585.182647,7254.996101,8849.256428,7766.997215,6794.832061,8849.256428,7409.271071,8203.089233,8849.256428,1701.430478,1690.604971,0.001001968,0.001005531,0.001008742,0.001011081,5814.60538,5814.60538,5814.60538,10034.34986,10034.34986,10034.34986,10034.34986,10034.34986
8/30/2009,3219.989252,3260.46482,3564.426203,3403.484253,3313.888862,3564.426203,7583.388523,6048.3005,8776.224318,7514.131527,6862.368206,8776.224318,7549.794024,7254.996101,8776.224318,7800.698859,6794.832061,8776.224318,1430.165517,1421.277459,0.001001968,0.001005531,0.001008742,0.001011081,4673.775269,4673.775269,4673.775269,9916.794526,9916.794526,9916.794526,9916.794526,9916.794526
8/31/2009,3228.911945,4197.852885,3591.976906,3307.227052,3260.46482,3591.976906,5882.2543,5694.446291,6798.211982,5718.003854,6048.3005,6798.211982,6143.503299,6862.368206,6798.211982,6108.048747,7254.996101,6798.211982,1565.745436,1555.894038,0.001001968,0.001005531,0.001008742,0.001011081,3775.422984,3775.422984,3775.422984,8811.333512,8811.333512,8811.333512,8811.333512,8811.333512
9/1/2009,3509.237345,3102.491958,4056.326054,4203.94579,4197.852885,4056.326054,6654.844972,5204.376669,7940.36989,6977.289573,5694.446291,7940.36989,7274.281379,6048.3005,7940.36989,6762.574809,6862.368206,7940.36989,2346.561454,2330.988897,0.001001968,0.001005531,0.001008742,0.001011081,3520.869004,3520.869004,3520.869004,7823.94562,7823.94562,7823.94562,7823.94562,7823.94562
9/2/2009,2521.590749,2437.94511,2849.890654,3105.249564,3102.491958,2849.890654,5282.217786,4745.169565,6185.887737,5634.238886,5204.376669,6185.887737,6078.099706,5694.446291,6185.887737,6968.525451,6048.3005,6185.887737,1452.778986,1443.730985,0.001001968,0.001005531,0.001008742,0.001011081,3392.919399,3392.919399,3392.919399,7407.329992,7407.329992,7407.329992,7407.329992,7407.329992
9/3/2009,2107.798103,2353.566595,2348.091171,2439.530561,2437.94511,2348.091171,3701.917448,4498.071028,4261.07856,3879.75795,4745.169565,4261.07856,4361.073664,5204.376669,4261.07856,4984.123458,5694.446291,4261.07856,1080.165655,1073.710878,0.001001968,0.001005531,0.001008742,0.001011081,3304.253055,3304.253055,3304.253055,7219.644019,7219.644019,7219.644019,7219.644019,7219.644019
9/4/2009,2061.570164,2261.559583,2309.519027,2354.309197,2353.566595,2309.519027,4037.383579,4321.523748,4679.357118,4162.63971,4498.071028,4679.357118,4475.634693,4745.169565,4679.357118,4784.335427,5204.376669,4679.357118,1118.174322,1111.459493,0.001001968,0.001005531,0.001008742,0.001011081,3225.953,3225.953,3225.953,6934.269351,6934.269351,6934.269351,6934.269351,6934.269351
9/5/2009,1985.410483,2166.188952,2227.956037,2261.679614,2261.559583,2227.956037,4033.358338,4172.075271,4683.100336,4142.988204,4321.523748,4683.100336,4399.744646,4498.071028,4683.100336,4602.962872,4745.169565,4683.100336,1098.672333,1092.091075,0.001001968,0.001005531,0.001008742,0.001011081,3079.32567,3079.32567,3079.32567,6471.419186,6471.419186,6471.419186,6471.419186,6471.419186
9/6/2009,1904.284167,2078.74049,2137.521904,2165.845149,2166.188952,2137.521904,3778.6797,4078.261547,4384.649839,3882.124697,4172.075271,4384.649839,4120.61277,4321.523748,4384.649839,4285.329427,4498.071028,4384.649839,1061.559452,1055.231564,0.001001968,0.001005531,0.001008742,0.001011081,2934.527294,2934.527294,2934.527294,5905.811651,5905.811651,5905.811651,5905.811651,5905.811651
9/7/2009,1830.04668,2000.717365,2054.294146,2078.049661,2078.74049,2054.294146,3620.537443,4672.538901,4199.598592,3716.958718,4078.261547,4199.598592,3942.38776,4172.075271,4199.598592,4087.715969,4321.523748,4199.598592,1025.36457,1019.282721,0.001001968,0.001005531,0.001008742,0.001011081,2745.762946,2745.762946,2745.762946,5526.334468,5526.334468,5526.334468,5526.334468,5526.334468
9/8/2009,1763.188381,1929.293222,1979.346491,1999.774747,2000.717365,1979.346491,3504.52382,6591.753914,4063.735143,3594.94217,4672.538901,4063.735143,3808.451243,4078.261547,4063.735143,3937.772963,4172.075271,4063.735143,992.7313238,986.8703717,0.001001968,0.001005531,0.001008742,0.001011081,2462.154579,2462.154579,2462.154579,5120.133607,5120.133607,5120.133607,5120.133607,5120.133607
9/9/2009,1701.513618,1863.060188,1910.149558,1928.17029,1929.293222,1910.149558,3400.811744,8274.130707,3942.482784,3486.210467,6591.753914,3942.482784,3689.448311,4672.538901,3942.482784,3810.728536,4078.261547,3942.482784,962.2667376,956.6111779,0.001001968,0.001005531,0.001008742,0.001011081,2272.388375,2272.388375,2272.388375,4736.94023,4736.94023,4736.94023,4736.94023,4736.94023
9/10/2009,1644.096654,1839.598817,1845.678835,1861.772589,1863.060188,1845.678835,3337.9804,5816.65995,3869.102589,3418.353642,8274.130707,3869.102589,3611.902774,6591.753914,3869.102589,3724.671986,4672.538901,3869.102589,933.5886559,928.1256936,0.001001968,0.001005531,0.001008742,0.001011081,2154.282823,2154.282823,2154.282823,4461.382895,4461.382895,4461.382895,4461.382895,4461.382895
9/11/2009,1617.765596,2139.484366,1815.634408,1830.124461,1839.598817,1815.634408,3906.349947,5066.494997,4540.570562,3972.239905,5816.65995,4540.570562,4128.182713,8274.130707,4540.570562,4211.610971,6591.753914,4540.570562,918.2476033,912.8873623,0.001001968,0.001005531,0.001008742,0.001011081,2064.610003,2064.610003,2064.610003,4377.726937,4377.726937,4377.726937,4377.726937,4377.726937
9/12/2009,1896.485757,2367.783655,2135.255685,2138.170347,2139.484366,2135.255685,6262.142423,4719.689456,7317.334182,6310.159975,5066.494997,7317.334182,6335.627045,5816.65995,7317.334182,5824.032652,8274.130707,7317.334182,1085.190821,1078.701726,0.001001968,0.001005531,0.001008742,0.001011081,2018.029261,2018.029261,2018.029261,4666.97803,4666.97803,4666.97803,4666.97803,4666.97803
9/13/2009,2113.422821,1958.200092,2371.841859,2371.988311,2367.783655,2371.841859,7815.619751,4391.016056,9162.926475,7830.124574,4719.689456,9162.926475,7786.475948,5066.494997,9162.926475,7823.338349,5816.65995,9162.926475,1158.887569,1151.892962,0.001001968,0.001005531,0.001008742,0.001011081,2016.545888,2016.545888,2016.545888,5267.390055,5267.390055,5267.390055,5267.390055,5267.390055
9/14/2009,1743.469552,1685.010186,1955.240455,1958.160696,1958.200092,1955.240455,4771.108516,4389.062016,5527.863705,4822.551098,4391.016056,5527.863705,5186.813762,4719.689456,5527.863705,5428.468723,5066.494997,5527.863705,975.6651659,969.9193736,0.001001968,0.001005531,0.001008742,0.001011081,2024.278278,2024.278278,2024.278278,5517.029798,5517.029798,5517.029798,5517.029798,5517.029798
9/15/2009,1481.134502,1579.18389,1663.20569,1683.543857,1685.010186,1663.20569,3716.089058,4049.530012,4292.804819,3786.051066,4389.062016,4292.804819,4070.153198,4391.016056,4292.804819,4548.167575,4719.689456,4292.804819,855.9057357,850.96064,0.001001968,0.001005531,0.001008742,0.001011081,1994.595759,1994.595759,1994.595759,5605.418659,5605.418659,5605.418659,5605.418659,5605.418659
9/16/2009,1390.127351,1678.171431,1559.821199,1576.786892,1579.18389,1559.821199,3403.367914,3919.123431,3933.84326,3466.768393,4049.530012,3933.84326,3643.23847,4389.062016,3933.84326,3974.794781,4391.016056,3933.84326,803.3599542,798.7617748,0.001001968,0.001005531,0.001008742,0.001011081,1946.357137,1946.357137,1946.357137,5621.83132,5621.83132,5621.83132,5621.83132,5621.83132
9/17/2009,1490.26591,1923.737916,1671.916987,1674.489822,1678.171431,1671.916987,3677.080021,3774.754598,4248.122113,3732.553014,3919.123431,4248.122113,3822.378634,4049.530012,4248.122113,3771.387097,4389.062016,4248.122113,852.6648578,847.7412403,0.001001968,0.001005531,0.001008742,0.001011081,1907.559471,1907.559471,1907.559471,5645.064682,5645.064682,5645.064682,5645.064682,5645.064682
9/18/2009,1712.293908,1690.20985,1931.571362,1923.46704,1923.737916,1931.571362,4018.59229,3464.94071,4677.983732,4071.18684,3774.754598,4677.983732,4147.198699,3919.123431,4677.983732,4105.29226,4049.530012,4677.983732,1013.1852,1007.185899,0.001001968,0.001005531,0.001008742,0.001011081,1906.399976,1906.399976,1906.399976,5612.448062,5612.448062,5612.448062,5612.448062,5612.448062
9/19/2009,1478.49317,1451.071659,1669.01349,1690.310981,1690.20985,1669.01349,3394.312003,3266.363448,3944.078482,3470.773419,3464.94071,3944.078482,3729.298532,3774.754598,3944.078482,3838.806857,3919.123431,3944.078482,896.4095966,891.195202,0.001001968,0.001005531,0.001008742,0.001011081,1877.708781,1877.708781,1877.708781,5227.668604,5227.668604,5227.668604,5227.668604,5227.668604
9/20/2009,1277.355973,1370.200385,1434.93812,1449.740973,1451.071659,1434.93812,2998.975107,3388.479923,3467.840634,3058.830105,3266.363448,3467.840634,3272.415739,3464.94071,3467.840634,3584.814208,3774.754598,3467.840634,754.6049996,750.3260923,0.001001968,0.001005531,0.001008742,0.001011081,1782.61998,1782.61998,1782.61998,4530.270428,4530.270428,4530.270428,4530.270428,4530.270428
9/21/2009,1213.103256,1329.197927,1360.392848,1368.855702,1370.200385,1360.392848,2851.820497,3261.667749,3293.932042,2902.101529,3388.479923,3293.932042,3046.412169,3266.363448,3293.932042,3245.503722,3464.94071,3293.932042,709.7698386,705.7821683,0.001001968,0.001005531,0.001008742,0.001011081,1671.546916,1671.546916,1671.546916,4163.309164,4163.309164,4163.309164,4163.309164,4163.309164
9/22/2009,1178.476459,1294.044966,1321.116088,1327.909719,1329.197927,1321.116088,2779.78223,3086.782419,3209.765678,2826.863623,3261.667749,3209.765678,2952.708432,3388.479923,3209.765678,3053.151348,3266.363448,3209.765678,689.9763704,686.1165139,0.001001968,0.001005531,0.001008742,0.001011081,1601.897728,1601.897728,1601.897728,3947.031357,3947.031357,3947.031357,3947.031357,3947.031357
9/23/2009,1147.648806,1236.291855,1286.348053,1292.602626,1294.044966,1286.348053,2715.859147,3837.331598,3134.776874,2761.217712,3086.782419,3134.776874,2881.560745,3261.667749,3134.776874,2958.409264,3388.479923,3134.776874,673.3099096,669.5573,0.001001968,0.001005531,0.001008742,0.001011081,1556.222557,1556.222557,1556.222557,3806.61429,3806.61429,3806.61429,3806.61429,3806.61429
9/24/2009,1090.497433,1199.419735,1220.269578,1235.219283,1236.291855,1220.269578,2829.937282,3489.293858,3266.252828,2877.388557,3837.331598,3266.252828,2984.859133,3086.782419,3266.252828,3071.981592,3261.667749,3266.252828,633.3674247,629.870393,0.001001968,0.001005531,0.001008742,0.001011081,1502.703425,1502.703425,1502.703425,3692.188755,3692.188755,3692.188755,3692.188755,3692.188755
9/25/2009,1082.688419,1246.40608,1209.862586,1198.401208,1199.419735,1209.862586,2729.786471,3190.082091,3147.954272,2750.569803,3489.293858,3147.954272,2864.995848,3837.331598,3147.954272,2953.548604,3086.782419,3147.954272,622.7240491,619.2947639,0.001001968,0.001005531,0.001008742,0.001011081,1415.025743,1415.025743,1415.025743,3527.500817,3527.500817,3527.500817,3527.500817,3527.500817
9/26/2009,1098.269048,1360.021999,1233.593664,1237.826757,1246.40608,1233.593664,2624.896617,4239.760264,3034.930835,2666.539414,3190.082091,3034.930835,2765.7009,3489.293858,3034.930835,2796.444486,3837.331598,3034.930835,661.9129803,658.2335069,0.001001968,0.001005531,0.001008742,0.001011081,1333.921977,1333.921977,1333.921977,3373.504446,3373.504446,3373.504446,3373.504446,3373.504446
9/27/2009,1259.846157,1621.307023,1401.451273,1344.827786,1360.021999,1401.451273,3639.076176,4343.667691,4195.990707,3614.157101,4239.760264,4195.990707,3630.626789,3190.082091,4195.990707,3469.704554,3489.293858,4195.990707,681.9518932,678.1437167,0.001001968,0.001005531,0.001008742,0.001011081,1293.959777,1293.959777,1293.959777,3381.244528,3381.244528,3381.244528,3381.244528,3381.244528
9/28/2009,1722.546868,2300.221555,1863.624469,1624.1989,1621.307023,1863.624469,3786.132534,4143.454263,4274.395792,3587.916847,4343.667691,4274.395792,3364.986415,4239.760264,4274.395792,3387.484744,3190.082091,4274.395792,636.6009903,633.0833463,0.001001968,0.001005531,0.001008742,0.001011081,1282.489046,1282.489046,1282.489046,3410.633989,3410.633989,3410.633989,3410.633989,3410.633989
9/29/2009,2673.14989,3455.30233,2942.376267,2310.267614,2300.221555,2942.376267,4202.225321,4094.334254,4790.114382,3666.760093,4143.454263,4790.114382,3803.134577,4343.667691,4790.114382,2982.424907,4239.760264,4790.114382,1230.049753,1222.563225,0.001001968,0.001005531,0.001008742,0.001011081,1406.68473,1406.68473,1406.68473,3452.502583,3452.502583,3452.502583,3452.502583,3452.502583
9/30/2009,2795.891703,2131.825698,3218.295281,3457.873713,3455.30233,3218.295281,5135.891088,3789.943185,6098.005489,5511.038464,4094.334254,6098.005489,5381.372405,4143.454263,6098.005489,4689.087274,4343.667691,6098.005489,1890.940542,1878.739223,0.001001968,0.001005531,0.001008742,0.001011081,1641.456342,1641.456342,1641.456342,3652.274111,3652.274111,3652.274111,3652.274111,3652.274111
10/1/2009,1712.926569,1622.210263,1887.768378,2131.553349,2131.825698,1887.768378,3459.849972,3625.630384,3958.398947,3754.176172,3789.943185,3958.398947,4153.359022,4094.334254,3958.398947,4818.501215,4143.454263,3958.398947,838.0158661,833.1891997,0.001001968,0.001005531,0.001008742,0.001011081,1804.719919,1804.719919,1804.719919,3870.810938,3870.810938,3870.810938,3870.810938,3870.810938
10/2/2009,1383.800613,1583.223811,1504.412764,1609.021758,1622.210263,1504.412764,2337.13272,3513.81364,2612.118111,2486.478688,3625.630384,2612.118111,2861.806453,3789.943185,2612.118111,3402.611293,4094.334254,2612.118111,592.9798672,589.7390769,0.001001968,0.001005531,0.001008742,0.001011081,1898.976184,1898.976184,1898.976184,4026.259534,4026.259534,4026.259534,4026.259534,4026.259534
10/3/2009,1451.419867,1654.80162,1580.550243,1584.076421,1583.223811,1580.550243,2893.04349,3238.569909,3274.894237,2937.061163,3513.81364,3274.894237,3095.517033,3625.630384,3274.894237,3355.005067,3789.943185,3274.894237,619.912876,616.5014585,0.001001968,0.001005531,0.001008742,0.001011081,1957.73695,1957.73695,1957.73695,4101.096429,4101.096429,4101.096429,4101.096429,4101.096429
10/4/2009,1575.505285,1780.293649,1726.341806,1662.187729,1654.80162,1726.341806,3183.690883,3345.237782,3624.469005,3163.078576,3238.569909,3624.469005,3305.32237,3513.81364,3624.469005,3313.821422,3625.630384,3624.469005,728.8951056,724.7834893,0.001001968,0.001005531,0.001008742,0.001011081,2018.361954,2018.361954,2018.361954,4036.831012,4036.831012,4036.831012,4036.831012,4036.831012
10/5/2009,1557.373908,1546.960052,1731.782803,1780.508862,1780.293649,1731.782803,3189.752092,3222.587281,3673.147079,3289.117573,3345.237782,3673.147079,3413.162423,3238.569909,3673.147079,3390.221851,3513.81364,3673.147079,842.8031557,837.9448295,0.001001968,0.001005531,0.001008742,0.001011081,2081.493142,2081.493142,2081.493142,4003.115491,4003.115491,4003.115491,4003.115491,4003.115491
10/6/2009,1322.470262,1328.917746,1457.816741,1535.860904,1546.960052,1457.816741,2830.504412,3532.352647,3238.274541,2945.440258,3222.587281,3238.274541,3113.408291,3345.237782,3238.274541,3336.228401,3238.569909,3238.274541,667.5578818,663.8422048,0.001001968,0.001005531,0.001008742,0.001011081,1993.575988,1993.575988,1993.575988,3981.664551,3981.664551,3981.664551,3981.664551,3981.664551
10/7/2009,1147.646965,1242.708447,1251.268864,1329.961587,1328.917746,1251.268864,2429.317689,4120.963891,2743.410712,2540.44196,3532.352647,2743.410712,2675.166862,3222.587281,2743.410712,2870.470611,3345.237782,2743.410712,510.9392123,508.2115301,0.001001968,0.001005531,0.001008742,0.001011081,1769.982597,1769.982597,1769.982597,3780.036823,3780.036823,3780.036823,3780.036823,3780.036823
10/8/2009,1230.145089,1725.040245,1331.831032,1244.606045,1242.708447,1331.831032,2732.098825,3799.894724,3086.471407,2669.531047,4120.963891,3086.471407,2816.161918,3532.352647,3086.471407,2942.748639,3222.587281,3086.471407,507.1048431,504.4008806,0.001001968,0.001005531,0.001008742,0.001011081,1616.961882,1616.961882,1616.961882,3546.891189,3546.891189,3546.891189,3546.891189,3546.891189
10/9/2009,1506.010415,1926.552602,1682.975153,1664.762143,1725.040245,1682.975153,3022.587455,3391.035785,3490.313422,3057.883536,3799.894724,3490.313422,3128.099489,4120.963891,3490.313422,2889.959814,3532.352647,3490.313422,856.786654,851.8357185,0.001001968,0.001005531,0.001008742,0.001011081,1575.201038,1575.201038,1575.201038,3371.954839,3371.954839,3371.954839,3371.954839,3371.954839
10/10/2009,1734.562175,1849.111255,1947.203952,1958.618961,1926.552602,1947.203952,3711.674366,3037.124296,4296.059052,3790.459327,3391.035785,4296.059052,3851.813156,3799.894724,4296.059052,3502.392828,4120.963891,4296.059052,985.0488301,979.2397495,0.001001968,0.001005531,0.001008742,0.001011081,1604.5035,1604.5035,1604.5035,3389.475832,3389.475832,3389.475832,3389.475832,3389.475832
10/11/2009,1689.815012,1492.327194,1884.263289,1870.89506,1849.111255,1884.263289,3845.005741,2890.933275,4447.319842,3881.792432,3037.124296,4447.319842,4012.322047,3391.035785,4447.319842,4151.775469,3799.894724,4447.319842,920.0436031,914.6713476,0.001001968,0.001005531,0.001008742,0.001011081,1628.585711,1628.585711,1628.585711,3519.889841,3519.889841,3519.889841,3519.889841,3519.889841
10/12/2009,1282.387015,1189.357602,1422.197585,1487.151089,1492.327194,1422.197585,2831.670057,3768.830127,3248.281661,2934.954067,2890.933275,3248.281661,3171.913457,3037.124296,3248.281661,3471.293868,3391.035785,3248.281661,691.4943225,687.624681,0.001001968,0.001005531,0.001008742,0.001011081,1607.129133,1607.129133,1607.129133,3561.577449,3561.577449,3561.577449,3561.577449,3561.577449
10/13/2009,1036.14073,1072.635986,1132.797738,1190.395233,1189.357602,1132.797738,2321.065248,4613.366961,2627.434818,2405.371414,3768.830127,2627.434818,2572.23757,2890.933275,2627.434818,2939.488904,3037.124296,2627.434818,489.703928,487.1072958,0.001001968,0.001005531,0.001008742,0.001011081,1562.261164,1562.261164,1562.261164,3528.618306,3528.618306,3528.618306,3528.618306,3528.618306
10/14/2009,988.401958,1226.047042,1075.998162,1073.827661,1072.635986,1075.998162,2200.369055,4705.87305,2480.07927,2222.301621,4613.366961,2480.07927,2358.320237,3768.830127,2480.07927,2523.266433,2890.933275,2480.07927,449.4130522,447.0628817,0.001001968,0.001005531,0.001008742,0.001011081,1527.77583,1527.77583,1527.77583,3473.058087,3473.058087,3473.058087,3473.058087,3473.058087
10/15/2009,1095.326011,1436.105377,1211.600719,1203.81121,1226.047042,1211.600719,2476.773861,4111.534681,2828.677368,2501.297212,4705.87305,2828.677368,2594.777757,4613.366961,2828.677368,2544.191593,3768.830127,2828.677368,587.557311,584.3507494,0.001001968,0.001005531,0.001008742,0.001011081,1511.346237,1511.346237,1511.346237,3399.644037,3399.644037,3399.644037,3399.644037,3399.644037
10/16/2009,1311.845441,1561.37605,1457.577791,1444.410307,1436.105377,1457.577791,3697.548545,3348.904671,4263.608306,3717.552608,4111.534681,4263.608306,3720.583079,4705.87305,4263.608306,3481.219247,4613.366961,4263.608306,706.8788588,702.9098863,0.001001968,0.001005531,0.001008742,0.001011081,1476.260348,1476.260348,1476.260348,3498.203422,3498.203422,3498.203422,3498.203422,3498.203422
10/17/2009,1419.600308,1371.0209,1578.945894,1569.30939,1561.37605,1578.945894,4402.024083,2974.436461,5098.648721,4414.20141,3348.904671,5098.648721,4436.455314,4111.534681,5098.648721,4393.036404,4705.87305,5098.648721,770.420785,766.0385939,0.001001968,0.001005531,0.001008742,0.001011081,1425.630864,1425.630864,1425.630864,3659.724873,3659.724873,3659.724873,3659.724873,3659.724873
10/18/2009,1219.543474,1223.926123,1348.145253,1365.143728,1371.0209,1348.145253,4067.828737,2782.524008,4691.033153,4097.376335,2974.436461,4691.033153,4227.7857,3348.904671,4691.033153,4345.539156,4111.534681,4691.033153,637.4962295,633.9728762,0.001001968,0.001005531,0.001008742,0.001011081,1363.508225,1363.508225,1363.508225,3737.404502,3737.404502,3737.404502,3737.404502,3737.404502
10/19/2009,1088.55795,1081.742823,1195.343407,1219.191341,1223.926123,1195.343407,3282.215362,2638.806347,3756.474177,3320.770398,2782.524008,3756.474177,3429.83665,2974.436461,3756.474177,3708.934073,3348.904671,3756.474177,536.8318598,533.9433704,0.001001968,0.001005531,0.001008742,0.001011081,1313.789168,1313.789168,1313.789168,3781.333104,3781.333104,3781.333104,3781.333104,3781.333104
10/20/2009,974.4286805,1061.449138,1065.5534,1075.609128,1081.742823,1065.5534,2549.946322,3070.018969,2891.978369,2580.251278,2638.806347,2891.978369,2714.618365,2782.524008,2891.978369,2887.398652,2974.436461,2891.978369,465.0561109,462.610602,0.001001968,0.001005531,0.001008742,0.001011081,1294.021901,1294.021901,1294.021901,3777.649901,3777.649901,3777.649901,3777.649901,3777.649901
10/21/2009,957.4458854,1031.771424,1049.673731,1059.126299,1061.449138,1049.673731,2375.921309,5033.892134,2696.918092,2408.477447,3070.018969,2696.918092,2497.760433,2638.806347,2696.918092,2627.549231,2782.524008,2696.918092,470.3235257,467.8458122,0.001001968,0.001005531,0.001008742,0.001011081,1285.117029,1285.117029,1285.117029,3778.514943,3778.514943,3778.514943,3778.514943,3778.514943
10/22/2009,931.2403619,1481.959971,1021.112669,1030.872741,1031.771424,1021.112669,2291.308737,9084.233725,2600.354716,2323.801271,5033.892134,2600.354716,2403.790064,3070.018969,2600.354716,2484.070123,2638.806347,2600.354716,459.7027755,457.2899443,0.001001968,0.001005531,0.001008742,0.001011081,1262.258659,1262.258659,1262.258659,3765.201219,3765.201219,3765.201219,3765.201219,3765.201219
10/23/2009,903.2291455,3328.707204,990.2144908,999.5437439,1481.959971,990.2144908,2230.526617,13569.35021,2528.630028,2262.02866,9084.233725,2528.630028,2339.671612,5033.892134,2528.630028,2395.161209,3070.018969,2528.630028,446.8684723,444.5337666,0.001001968,0.001005531,0.001008742,0.001011081,1215.311641,1215.311641,1215.311641,3595.597749,3595.597749,3595.597749,3595.597749,3595.597749
10/24/2009,2121.956125,3920.346123,2328.826807,2133.02717,3328.707204,2328.826807,4505.545748,17804.30675,5071.73644,4419.54457,13569.35021,5071.73644,4227.862868,9084.233725,5071.73644,2791.986402,5033.892134,5071.73644,759.8547795,755.5416199,0.001001968,0.001005531,0.001008742,0.001011081,1258.85179,1258.85179,1258.85179,3479.739033,3479.739033,3479.739033,3479.739033,3479.739033
10/25/2009,5654.857679,5812.200444,6099.593998,4806.129504,3920.346123,6099.593998,10508.46726,14883.73488,11701.34131,9503.019031,17804.30675,11701.34131,8502.537165,13569.35021,11701.34131,6104.98282,9084.233725,11701.34131,1045.339335,1039.121838,0.001001968,0.001005531,0.001008742,0.001011081,1582.240512,1582.240512,1582.240512,3942.188491,3942.188491,3942.188491,3942.188491,3942.188491
10/26/2009,6991.804002,9479.074279,7706.191461,6260.410437,5812.200444,7706.191461,12959.50778,15178.027,14920.62168,11754.58052,14883.73488,14920.62168,11635.71099,17804.30675,14920.62168,10378.11511,13569.35021,14920.62168,2749.907381,2731.286694,0.001001968,0.001005531,0.001008742,0.001011081,2205.680786,2205.680786,2205.680786,4952.764682,4952.764682,4952.764682,4952.764682,4952.764682
10/27/2009,6929.672493,6959.621734,8245.558933,9061.809349,9479.074279,8245.558933,14201.27647,15899.86876,17388.47311,15405.39995,15178.027,17388.47311,15833.37271,14883.73488,17388.47311,13442.25241,17804.30675,17388.47311,5293.494456,5254.698684,0.001001968,0.001005531,0.001008742,0.001011081,3227.060674,3227.060674,3227.060674,6422.112611,6422.112611,6422.112611,6422.112611,6422.112611
10/28/2009,4561.480301,6388.342525,5177.72808,6001.668346,6959.621734,5177.72808,15359.91814,14105.00857,18168.39279,16297.16391,15899.86876,18168.39279,17246.26677,15178.027,18168.39279,18629.89504,14883.73488,18168.39279,2425.544841,2409.379752,0.001001968,0.001005531,0.001008742,0.001011081,4014.419037,4014.419037,4014.419037,8783.666328,8783.666328,8783.666328,8783.666328,8783.666328
10/29/2009,6984.613065,7393.675539,7779.618715,7091.575535,6388.342525,7779.618715,12988.92885,11724.50291,14946.68281,12675.56891,14105.00857,14946.68281,13263.02944,15899.86876,14946.68281,12838.56098,15178.027,14946.68281,2615.72094,2598.120301,0.001001968,0.001005531,0.001008742,0.001011081,4891.740096,4891.740096,4891.740096,10827.46494,10827.46494,10827.46494,10827.46494,10827.46494
10/30/2009,7442.502573,8658.678024,8443.728482,7755.584849,7393.675539,8443.728482,13985.93986,9993.394819,16475.81835,13644.51804,11724.50291,16475.81835,14303.56214,14105.00857,16475.81835,14396.08446,15899.86876,16475.81835,3848.538544,3821.377215,0.001001968,0.001005531,0.001008742,0.001011081,5835.879547,5835.879547,5835.879547,12545.50636,12545.50636,12545.50636,12545.50636,12545.50636
10/31/2009,6861.259463,4934.693633,8113.932255,8688.224492,8658.678024,8113.932255,13298.19777,8077.84106,16188.80806,14274.89637,9993.394819,16188.80806,15174.04602,11724.50291,16188.80806,14681.42113,14105.00857,16188.80806,4971.420882,4935.251224,0.001001968,0.001005531,0.001008742,0.001011081,6789.708432,6789.708432,6789.708432,14030.49776,14030.49776,14030.49776,14030.49776,14030.49776
11/1/2009,3808.289161,3336.834007,4307.925219,4977.085486,4934.693633,4307.925219,8952.970789,6719.077691,10491.28622,9762.601647,8077.84106,10491.28622,10930.65805,9993.394819,10491.28622,13898.74426,11724.50291,10491.28622,2102.212503,2088.458357,0.001001968,0.001005531,0.001008742,0.001011081,7087.182083,7087.182083,7087.182083,14828.68145,14828.68145,14828.68145,14828.68145,14828.68145
11/2/2009,2894.134223,3274.92511,3188.720454,3358.796292,3336.834007,3188.720454,5420.755039,6024.569249,6162.106564,5701.35771,6719.077691,6162.106564,6688.664039,8077.84106,6162.106564,8536.638882,9993.394819,6162.106564,1279.990478,1272.15662,0.001001968,0.001005531,0.001008742,0.001011081,6868.956162,6868.956162,6868.956162,14779.38654,14779.38654,14779.38654,14779.38654,14779.38654
11/3/2009,2813.88636,2890.81896,3152.393516,3283.14907,3274.92511,3152.393516,6156.879518,5609.321663,7133.338655,6390.047926,6024.569249,7133.338655,6909.346019,6719.077691,7133.338655,7634.930059,8077.84106,7133.338655,1487.087544,1477.796313,0.001001968,0.001005531,0.001008742,0.001011081,6188.99976,6188.99976,6188.99976,14026.6085,14026.6085,14026.6085,14026.6085,14026.6085
11/4/2009,2495.92814,2622.470152,2785.784138,2895.569445,2890.81896,2785.784138,5718.205423,5280.676119,6610.034008,5910.556026,5609.321663,6610.034008,6305.841182,6024.569249,6610.034008,6907.152026,6719.077691,6610.034008,1291.387819,1283.474459,0.001001968,0.001005531,0.001008742,0.001011081,5685.910032,5685.910032,5685.910032,12252.26798,12252.26798,12252.26798,12252.26798,12252.26798
11/5/2009,2281.736976,2420.418357,2540.505068,2616.978224,2622.470152,2540.505068,4881.608298,4984.636277,5615.020882,5039.655556,5280.676119,5615.020882,5385.092361,5609.321663,5615.020882,5798.495648,6024.569249,5615.020882,1165.361698,1158.322488,0.001001968,0.001005531,0.001008742,0.001011081,5053.201094,5053.201094,5053.201094,10713.36187,10713.36187,10713.36187,10713.36187,10713.36187
11/6/2009,2153.212912,2374.915219,2387.890375,2424.359998,2420.418357,2387.890375,4599.427267,4727.474739,5272.595567,4710.483417,4984.636277,5272.595567,4984.172369,5280.676119,5272.595567,5307.867137,5609.321663,5272.595567,1062.997617,1056.659931,0.001001968,0.001005531,0.001008742,0.001011081,4323.367493,4323.367493,4323.367493,9431.11294,9431.11294,9431.11294,9431.11294,9431.11294
11/7/2009,2124.314075,2291.321974,2362.54885,2380.00375,2374.915219,2362.54885,4473.182666,4534.922083,5139.343843,4566.172103,4727.474739,5139.343843,4811.521467,4984.636277,5139.343843,4980.145246,5280.676119,5139.343843,1084.44814,1077.964118,0.001001968,0.001005531,0.001008742,0.001011081,3460.355124,3460.355124,3460.355124,8134.838424,8134.838424,8134.838424,8134.838424,8134.838424
11/8/2009,1995.498774,2066.801716,2227.230203,2291.169963,2291.321974,2227.230203,4274.431471,4320.789961,4922.06365,4410.897877,4534.922083,4922.06365,4651.972705,4727.474739,4922.06365,4812.325329,4984.636277,4922.06365,1062.975224,1056.637691,0.001001968,0.001005531,0.001008742,0.001011081,2971.814828,2971.814828,2971.814828,6896.100346,6896.100346,6896.100346,6896.100346,6896.100346
11/9/2009,1815.341153,1946.628692,2016.269705,2065.97404,2066.801716,2016.269705,3940.194858,4148.074652,4517.285029,4052.495176,4320.789961,4517.285029,4297.819463,4534.922083,4517.285029,4557.821089,4727.474739,4517.285029,931.2005352,925.7535776,0.001001968,0.001005531,0.001008742,0.001011081,2693.61043,2693.61043,2693.61043,6037.98291,6037.98291,6037.98291,6037.98291,6037.98291
11/10/2009,1725.36738,1869.069269,1914.872574,1945.47371,1946.628692,1914.872574,3715.471992,3976.689538,4253.543037,3806.046715,4148.074652,4253.543037,4023.860538,4320.789961,4253.543037,4221.808933,4534.922083,4253.543037,883.5210348,878.3925052,0.001001968,0.001005531,0.001008742,0.001011081,2476.000274,2476.000274,2476.000274,5514.408056,5514.408056,5514.408056,5514.408056,5514.408056
11/11/2009,1659.889333,1793.711631,1842.912376,1867.682752,1869.069269,1842.912376,3656.928728,3953.548751,4189.13916,3738.131995,3976.689538,4189.13916,3928.567,4148.074652,4189.13916,4084.014169,4320.789961,4189.13916,857.3369248,852.382341,0.001001968,0.001005531,0.001008742,0.001011081,2310.733745,2310.733745,2310.733745,5147.361215,5147.361215,5147.361215,5147.361215,5147.361215
11/12/2009,1594.835321,1739.77138,1770.355189,1792.165428,1793.711631,1770.355189,3523.674773,3958.10599,4035.877661,3599.286339,3953.548751,4035.877661,3776.559415,3976.689538,4035.877661,3922.726686,4148.074652,4035.877661,826.1771331,821.4286596,0.001001968,0.001005531,0.001008742,0.001011081,2178.514264,2178.514264,2178.514264,4860.751013,4860.751013,4860.751013,4860.751013,4860.751013
11/13/2009,1534.243876,1762.082721,1702.638122,1722.142301,1739.77138,1702.638122,3402.48749,3869.806641,3895.271424,3473.504498,3958.10599,3895.271424,3641.180756,3953.548751,3895.271424,3767.95583,3976.689538,3895.271424,796.3574294,791.8052648,0.001001968,0.001005531,0.001008742,0.001011081,2070.590289,2070.590289,2070.590289,4630.656634,4630.656634,4630.656634,4630.656634,4630.656634
11/14/2009,1579.204181,1743.246074,1755.400518,1756.344551,1762.082721,1755.400518,3397.25795,3724.403731,3891.224941,3455.098799,3869.806641,3891.224941,3601.451644,3958.10599,3891.224941,3631.949674,3953.548751,3891.224941,824.8142702,820.0747889,0.001001968,0.001005531,0.001008742,0.001011081,1974.439304,1974.439304,1974.439304,4428.484249,4428.484249,4428.484249,4428.484249,4428.484249
11/15/2009,1614.346403,1760.837262,1789.33416,1754.43837,1743.246074,1789.33416,3494.255293,3593.568121,3995.706881,3514.795493,3724.403731,3995.706881,3650.105192,3869.806641,3995.706881,3687.607624,3958.10599,3995.706881,820.3148811,815.6050734,0.001001968,0.001005531,0.001008742,0.001011081,1889.443389,1889.443389,1889.443389,4267.324286,4267.324286,4267.324286,4267.324286,4267.324286
11/16/2009,1584.031481,1661.75375,1761.217997,1764.307019,1760.837262,1761.217997,3437.60921,4194.743772,3940.88025,3495.582559,3593.568121,3940.88025,3627.588265,3724.403731,3940.88025,3682.123181,3869.806641,3940.88025,837.9642728,833.1379476,0.001001968,0.001005531,0.001008742,0.001011081,1832.629487,1832.629487,1832.629487,4141.467028,4141.467028,4141.467028,4141.467028,4141.467028
11/17/2009,1467.198273,1522.167916,1630.94327,1660.116665,1661.75375,1630.94327,3221.479577,7034.401693,3692.196099,3300.525522,4194.743772,3692.196099,3469.813736,3593.568121,3692.196099,3594.651064,3724.403731,3692.196099,782.500824,778.0395585,0.001001968,0.001005531,0.001008742,0.001011081,1787.844012,1787.844012,1787.844012,4037.41518,4037.41518,4037.41518,4037.41518,4037.41518
11/18/2009,1335.914111,1616.020751,1479.269168,1520.334647,1522.167916,1479.269168,2990.482837,6173.062847,3413.137794,3075.279439,7034.401693,3413.137794,3232.35288,4194.743772,3413.137794,3399.574976,3593.568121,3413.137794,691.5722321,687.7020883,0.001001968,0.001005531,0.001008742,0.001011081,1737.895632,1737.895632,1737.895632,3939.048497,3939.048497,3939.048497,3939.048497,3939.048497
11/19/2009,1287.46432,3295.812435,1420.171361,1439.483165,1616.020751,1420.171361,2867.743159,5826.7061,3267.89391,2926.895178,6173.062847,3267.89391,3055.743545,7034.401693,3267.89391,3230.474787,4194.743772,3267.89391,641.4052939,637.856999,0.001001968,0.001005531,0.001008742,0.001011081,1685.640872,1685.640872,1685.640872,3838.835543,3838.835543,3838.835543,3838.835543,3838.835543
11/20/2009,3197.44405,3291.847321,3662.27358,3355.905695,3295.812435,3662.27358,5804.480695,5321.967234,6803.869854,5685.282502,5826.7061,6803.869854,5657.463195,6173.062847,6803.869854,3741.847809,7034.401693,6803.869854,1943.679447,1931.092302,0.001001968,0.001005531,0.001008742,0.001011081,1852.908817,1852.908817,1852.908817,3925.115339,3925.115339,3925.115339,3925.115339,3925.115339
11/21/2009,3279.807636,3105.018275,3662.766602,3370.883142,3291.847321,3662.766602,8241.251618,4725.553073,9595.683955,8036.601989,5321.967234,9595.683955,7921.102814,5826.7061,9595.683955,8109.187156,6173.062847,9595.683955,1652.106788,1641.636492,0.001001968,0.001005531,0.001008742,0.001011081,2029.547174,2029.547174,2029.547174,4500.828731,4500.828731,4500.828731,4500.828731,4500.828731
11/22/2009,2609.953754,2129.340102,2969.672913,3106.385774,3105.018275,2969.672913,5081.334591,4391.580007,5934.009815,5337.713911,4725.553073,5934.009815,5791.837167,5321.967234,5934.009815,5701.305008,5826.7061,5934.009815,1616.538235,1606.323314,0.001001968,0.001005531,0.001008742,0.001011081,2242.322537,2242.322537,2242.322537,4899.24324,4899.24324,4899.24324,4899.24324,4899.24324
11/23/2009,1673.173201,1518.941064,1859.873638,2127.66833,2129.340102,1859.873638,3926.581644,3942.290931,4498.056743,4248.271483,4391.580007,4498.056743,4625.006054,4725.553073,4498.056743,5638.544326,5321.967234,4498.056743,880.9210133,875.809786,0.001001968,0.001005531,0.001008742,0.001011081,2328.754025,2328.754025,2328.754025,5162.539538,5162.539538,5162.539538,5162.539538,5162.539538
11/24/2009,1323.828397,1531.054905,1440.391869,1517.234343,1518.941064,1440.391869,3005.635466,3581.621976,3378.478412,3118.7986,3942.290931,3378.478412,3493.356837,4391.580007,3378.478412,4134.528521,4725.553073,3378.478412,562.7742787,559.7236055,0.001001968,0.001005531,0.001008742,0.001011081,2343.690255,2343.690255,2343.690255,5304.23783,5304.23783,5304.23783,5304.23783,5304.23783
11/25/2009,1358.830176,1543.123464,1496.539071,1526.259497,1531.054905,1496.539071,3314.506643,3358.223623,3772.754529,3381.924761,3581.621976,3772.754529,3571.027503,3942.290931,3772.754529,3832.441465,4391.580007,3772.754529,663.4238575,659.7346981,0.001001968,0.001005531,0.001008742,0.001011081,2350.73653,2350.73653,2350.73653,5369.766322,5369.766322,5369.766322,5369.766322,5369.766322
11/26/2009,1386.719261,1511.770149,1534.389751,1542.161489,1543.123464,1534.389751,3573.038613,3289.796927,4089.951954,3618.074464,3358.223623,4089.951954,3752.704325,3581.621976,4089.951954,3849.747767,3942.290931,4089.951954,708.4836142,704.5042639,0.001001968,0.001005531,0.001008742,0.001011081,2365.692402,2365.692402,2365.692402,5441.453385,5441.453385,5441.453385,5441.453385,5441.453385
11/27/2009,1357.535547,1393.379776,1502.486117,1511.17399,1511.770149,1502.486117,3328.846813,3544.042436,3804.885628,3377.426473,3289.796927,3804.885628,3503.099988,3358.223623,3804.885628,3602.340954,3581.621976,3804.885628,698.8016899,694.8849039,0.001001968,0.001005531,0.001008742,0.001011081,2165.591344,2165.591344,2165.591344,5322.007094,5322.007094,5322.007094,5322.007094,5322.007094
11/28/2009,1257.678763,1367.261523,1382.844683,1391.919698,1393.379776,1382.844683,2920.858671,3904.095589,3318.401894,2966.117968,3544.042436,3318.401894,3084.397109,3289.796927,3318.401894,3276.636355,3358.223623,3318.401894,608.8457762,605.5045947,0.001001968,0.001005531,0.001008742,0.001011081,1939.477103,1939.477103,1939.477103,4686.508174,4686.508174,4686.508174,4686.508174,4686.508174
11/29/2009,1238.364779,1431.386884,1363.832681,1364.194786,1367.261523,1363.832681,2754.90265,6303.070665,3128.813428,2793.779479,3904.095589,3128.813428,2920.002986,3544.042436,3128.813428,2987.920744,3289.796927,3128.813428,613.5370339,610.1661007,0.001001968,0.001005531,0.001008742,0.001011081,1675.295581,1675.295581,1675.295581,4192.095927,4192.095927,4192.095927,4192.095927,4192.095927
11/30/2009,1246.20645,1411.740302,1385.24427,1416.180761,1431.386884,1385.24427,2851.497825,13266.71798,3259.916157,2925.110365,6303.070665,3259.916157,3045.92901,3904.095589,3259.916157,3025.475683,3544.042436,3259.916157,677.2892296,673.5110451,0.001001968,0.001005531,0.001008742,0.001011081,1541.681116,1541.681116,1541.681116,3827.313029,3827.313029,3827.313029,3827.313029,3827.313029
12/1/2009,1257.736484,1875.2208,1392.386052,1416.727807,1411.740302,1392.386052,3169.024783,10218.78544,3619.230171,3231.661204,13266.71798,3619.230171,3312.79871,6303.070665,3619.230171,3333.600808,3904.095589,3619.230171,648.160661,644.5692159,0.001001968,0.001005531,0.001008742,0.001011081,1483.602537,1483.602537,1483.602537,3647.722378,3647.722378,3647.722378,3647.722378,3647.722378
12/2/2009,1296.232453,5165.151155,1431.054709,1406.200043,1875.2208,1431.054709,3437.322486,9410.459946,3930.002975,3444.182319,10218.78544,3930.002975,3540.970144,13266.71798,3930.002975,3596.036132,6303.070665,3930.002975,651.8444192,648.2294186,0.001001968,0.001005531,0.001008742,0.001011081,1454.423018,1454.423018,1454.423018,3624.563783,3624.563783,3624.563783,3624.563783,3624.563783
12/3/2009,4759.779883,3728.766229,5652.481126,5323.503779,5165.151155,5652.481126,9869.991181,7723.685727,11886.30217,9901.82498,9410.459946,11886.30217,10070.44075,10218.78544,11886.30217,5741.240034,13266.71798,11886.30217,3471.444514,3447.249334,0.001001968,0.001005531,0.001008742,0.001011081,1902.931491,1902.931491,1902.931491,4134.973755,4134.973755,4134.973755,4134.973755,4134.973755
12/4/2009,4075.109684,4809.917326,4541.021794,3900.729348,3728.766229,4541.021794,14613.58987,6621.440387,17194.96694,13995.22328,7723.685727,17194.96694,13895.08513,9410.459946,17194.96694,15617.34719,10218.78544,17194.96694,1922.408232,1909.976851,0.001001968,0.001005531,0.001008742,0.001011081,2199.753692,2199.753692,2199.753692,5732.183537,5732.183537,5732.183537,5732.183537,5732.183537
12/5/2009,4197.032998,3483.053786,4867.890019,4821.94368,4809.917326,4867.890019,8097.193989,10788.08929,9620.088697,8276.08589,6621.440387,9620.088697,8694.137268,7723.685727,9620.088697,8006.855827,9410.459946,9620.088697,2846.197194,2826.841086,0.001001968,0.001005531,0.001008742,0.001011081,2660.826615,2660.826615,2660.826615,6744.603674,6744.603674,6744.603674,6744.603674,6744.603674
12/6/2009,2575.31392,1897.750138,2936.133607,3488.024323,3483.053786,2936.133607,7091.010439,13577.97452,8313.595055,7728.763097,10788.08929,8313.595055,8061.856359,6621.440387,8313.595055,9432.540511,7723.685727,8313.595055,1604.767157,1594.636604,0.001001968,0.001005531,0.001008742,0.001011081,2970.059967,2970.059967,2970.059967,7600.779015,7600.779015,7600.779015,7600.779015,7600.779015
12/7/2009,1600.647968,2027.768587,1734.331604,1900.998278,1897.750138,1734.331604,4006.434826,9477.941013,4504.145204,4212.212014,13577.97452,4504.145204,4891.955381,10788.08929,4504.145204,6139.925883,6621.440387,4504.145204,620.2177436,616.8043888,0.001001968,0.001005531,0.001008742,0.001011081,3121.973692,3121.973692,3121.973692,8212.599585,8212.599585,8212.599585,8212.599585,8212.599585
12/8/2009,1653.727966,2853.093441,1826.607474,1882.544262,2027.768587,1826.607474,4092.816004,7901.084276,4666.236456,4198.408635,9477.941013,4666.236456,4521.573261,13577.97452,4666.236456,5053.689683,10788.08929,4666.236456,806.022122,801.4064354,0.001001968,0.001005531,0.001008742,0.001011081,3219.236027,3219.236027,3219.236027,8527.892916,8527.892916,8527.892916,8527.892916,8527.892916
12/9/2009,2485.401875,3601.357611,2827.705502,2844.133889,2853.093441,2827.705502,9781.180699,7092.451233,11561.41653,9836.51008,7901.084276,11561.41653,9873.035065,9477.941013,11561.41653,9168.640058,13577.97452,11561.41653,1470.751794,1461.576461,0.001001968,0.001005531,0.001008742,0.001011081,3402.091002,3402.091002,3402.091002,9421.372396,9421.372396,9421.372396,9421.372396,9421.372396
12/10/2009,3161.245859,2658.04337,3637.170032,3647.717928,3601.357611,3637.170032,12960.63241,8460.817388,15471.66627,13003.44041,7092.451233,15471.66627,12967.17593,7901.084276,15471.66627,12578.31155,9477.941013,15471.66627,1994.612123,1981.651209,0.001001968,0.001005531,0.001008742,0.001011081,3211.447177,3211.447177,3211.447177,10331.8324,10331.8324,10331.8324,10331.8324,10331.8324
12/11/2009,2405.565787,2560.855452,2714.821807,2678.132011,2658.04337,2714.821807,7805.338913,9459.122928,9143.637161,7820.563684,8460.817388,9143.637161,8272.176113,7092.451233,9143.637161,8992.325147,7901.084276,9143.637161,1348.265783,1339.954407,0.001001968,0.001005531,0.001008742,0.001011081,3117.385134,3117.385134,3117.385134,9596.396444,9596.396444,9596.396444,9596.396444,9596.396444
12/12/2009,2265.111756,2459.247754,2563.463964,2569.200989,2560.855452,2563.463964,5873.091915,7891.600054,6841.218772,5960.970435,9459.122928,6841.218772,6235.773948,8460.817388,6841.218772,6699.154394,7092.451233,6841.218772,1320.239903,1312.124905,0.001001968,0.001005531,0.001008742,0.001011081,2828.713506,2828.713506,2828.713506,9180.799638,9180.799638,9180.799638,9180.799638,9180.799638
12/13/2009,2035.223377,2959.958953,2289.999612,2316.416845,2459.247754,2289.999612,5505.581427,7270.43746,6381.075137,5598.965677,7891.600054,6381.075137,5842.071566,9459.122928,6381.075137,6159.962569,8460.817388,6381.075137,1143.111673,1136.225624,0.001001968,0.001005531,0.001008742,0.001011081,2660.198407,2660.198407,2660.198407,8815.765313,8815.765313,8815.765313,8815.765313,8815.765313
12/14/2009,2621.600066,2626.694945,2988.234444,3002.93325,2959.958953,2988.234444,7950.934547,6710.511717,9313.467811,8072.722347,7270.43746,9313.467811,8138.036219,7891.600054,9313.467811,7490.512621,9459.122928,9313.467811,1503.349215,1493.942459,0.001001968,0.001005531,0.001008742,0.001011081,2707.184883,2707.184883,2707.184883,8986.688916,8986.688916,8986.688916,8986.688916,8986.688916
12/15/2009,2437.937716,2511.714198,2727.70563,2663.671815,2626.694945,2727.70563,8652.51143,6219.193457,10094.26828,8632.871714,6710.511717,10094.26828,8811.900781,7270.43746,10094.26828,9178.084766,7891.600054,10094.26828,1235.267557,1227.74482,0.001001968,0.001005531,0.001008742,0.001011081,2794.125894,2794.125894,2794.125894,9579.011527,9579.011527,9579.011527,9579.011527,9579.011527
12/16/2009,2343.876603,2513.345767,2620.179359,2521.237536,2511.714198,2620.179359,6448.089427,5935.31552,7440.704696,6424.499901,6219.193457,7440.704696,6684.22868,6710.511717,7440.704696,6912.766011,7270.43746,7440.704696,1204.083557,1196.776942,0.001001968,0.001005531,0.001008742,0.001011081,2779.787617,2779.787617,2779.787617,9257.129077,9257.129077,9257.129077,9257.129077,9257.129077
12/17/2009,2257.645875,2328.260527,2528.117253,2519.636759,2513.345767,2528.117253,6001.29866,5600.423623,6935.39914,6066.361161,5935.31552,6935.39914,6238.520362,6219.193457,6935.39914,6540.504751,6710.511717,6935.39914,1196.796448,1189.540238,0.001001968,0.001005531,0.001008742,0.001011081,2654.442389,2654.442389,2654.442389,8268.432562,8268.432562,8268.432562,8268.432562,8268.432562
12/18/2009,2076.993499,2172.613345,2314.996961,2332.368672,2328.260527,2314.996961,5399.160946,5299.459673,6217.182818,5482.086747,5600.423623,6217.182818,5697.234028,5935.31552,6217.182818,5979.918825,6219.193457,6217.182818,1066.505775,1060.144182,0.001001968,0.001005531,0.001008742,0.001011081,2572.868205,2572.868205,2572.868205,7786.077474,7786.077474,7786.077474,7786.077474,7786.077474
12/19/2009,1939.899904,2052.559807,2156.357289,2175.273963,2172.613345,2156.357289,4989.100066,5042.06741,5731.256706,5068.011298,5299.459673,5731.256706,5284.511507,5600.423623,5731.256706,5546.169437,5935.31552,5731.256706,980.1844094,974.4081466,0.001001968,0.001005531,0.001008742,0.001011081,2517.521569,2517.521569,2517.521569,7556.8741,7556.8741,7556.8741,7556.8741,7556.8741
12/20/2009,1834.538203,1950.094584,2036.61828,2054.221736,2052.559807,2036.61828,4793.978295,4818.871679,5503.28668,4865.757084,5042.06741,5503.28668,5065.134535,5299.459673,5503.28668,5291.316724,5600.423623,5503.28668,923.218764,917.8252607,0.001001968,0.001005531,0.001008742,0.001011081,2479.307702,2479.307702,2479.307702,7419.124535,7419.124535,7419.124535,7419.124535,7419.124535
12/21/2009,1744.453735,1859.738806,1934.885478,1951.053539,1950.094584,1934.885478,4551.335987,4624.567901,5220.567588,4618.244482,4818.871679,5220.567588,4803.266945,5042.06741,5220.567588,5013.347366,5299.459673,5220.567588,876.8765392,871.7922137,0.001001968,0.001005531,0.001008742,0.001011081,2362.581816,2362.581816,2362.581816,6947.58854,6947.58854,6947.58854,6947.58854,6947.58854
12/22/2009,1664.819685,1778.677295,1845.276659,1860.196112,1859.738806,1845.276659,4323.64673,6803.638088,4955.454425,4386.650927,4624.567901,4955.454425,4559.773499,4818.871679,4955.454425,4747.732943,5042.06741,4955.454425,836.9169518,832.0975496,0.001001968,0.001005531,0.001008742,0.001011081,2250.76616,2250.76616,2250.76616,6264.081416,6264.081416,6264.081416,6264.081416,6264.081416
12/23/2009,1593.229117,1705.079345,1764.938604,1778.773157,1778.677295,1764.938604,4128.85461,10138.58336,4730.461818,4188.106011,6803.638088,4730.461818,4350.795408,4624.567901,4730.461818,4529.136339,4818.871679,4730.461818,801.6371986,797.0503445,0.001001968,0.001005531,0.001008742,0.001011081,2140.633603,2140.633603,2140.633603,5824.079201,5824.079201,5824.079201,5824.079201,5824.079201
12/24/2009,1528.113379,1637.982042,1692.032325,1704.913875,1705.079345,1692.032325,3971.205027,11164.46007,4546.697332,4027.284635,10138.58336,4546.697332,4181.01835,6803.638088,4546.697332,4329.043184,4624.567901,4546.697332,770.0240436,765.6444468,0.001001968,0.001005531,0.001008742,0.001011081,2032.450996,2032.450996,2032.450996,5493.419197,5493.419197,5493.419197,5493.419197,5493.419197
12/25/2009,1468.873939,2314.222473,1625.847837,1637.627258,1637.982042,1625.847837,3840.977403,10125.54675,4395.196736,3893.793552,11164.46007,4395.196736,4039.496,10138.58336,4395.196736,4175.017059,6803.638088,4395.196736,741.7212951,737.5263153,0.001001968,0.001005531,0.001008742,0.001011081,1931.667781,1931.667781,1931.667781,5217.128228,5217.128228,5217.128228,5217.128228,5217.128228
12/26/2009,1534.815977,4401.874317,1703.872034,1709.475503,2314.222473,1703.872034,6104.786667,9897.912976,7080.087171,6123.884868,10125.54675,7080.087171,6191.304025,11164.46007,7080.087171,5999.744136,10138.58336,7080.087171,793.8418527,789.3062056,0.001001968,0.001005531,0.001008742,0.001011081,1853.013887,1853.013887,1853.013887,5332.158888,5332.158888,5332.158888,5332.158888,5332.158888
12/27/2009,4111.151266,3065.659232,4768.743886,4624.093753,4401.874317,4768.743886,12372.52876,8858.678352,14660.91684,12441.89781,9897.912976,14660.91684,12274.44613,10125.54675,14660.91684,9292.48113,11164.46007,14660.91684,2480.826029,2464.244915,0.001001968,0.001005531,0.001008742,0.001011081,2124.737439,2124.737439,2124.737439,6180.761699,6180.761699,6180.761699,6180.761699,6180.761699
12/28/2009,3490.096416,4273.600151,3768.583792,3232.607777,3065.659232,3768.583792,12027.00899,8513.981048,13859.28073,11515.53823,8858.678352,13859.28073,11345.01091,9897.912976,13859.28073,12855.036,10125.54675,13859.28073,1068.459279,1062.084368,0.001001968,0.001005531,0.001008742,0.001011081,2265.043043,2265.043043,2265.043043,7248.15179,7248.15179,7248.15179,7248.15179,7248.15179
12/29/2009,4085.903783,4247.505308,4600.911956,4296.476468,4273.600151,4600.911956,8479.456309,7996.265929,9858.531776,8345.293601,8513.981048,9858.531776,8631.343435,8858.678352,9858.531776,7926.091368,9897.912976,9858.531776,2166.597597,2152.366544,0.001001968,0.001005531,0.001008742,0.001011081,2586.992272,2586.992272,2586.992272,7964.349993,7964.349993,7964.349993,7964.349993,7964.349993
12/30/2009,3589.084847,3117.358806,4058.207218,4261.995217,4247.505308,4058.207218,8848.499604,7062.343834,10374.98391,9172.981719,7996.265929,10374.98391,9362.164011,8513.981048,10374.98391,9764.419194,8858.678352,10374.98391,2004.562799,1991.528732,0.001001968,0.001005531,0.001008742,0.001011081,2913.378224,2913.378224,2913.378224,8630.00672,8630.00672,8630.00672,8630.00672,8630.00672
12/31/2009,2663.752207,2654.225611,2931.990701,3127.318722,3117.358806,2931.990701,6383.098151,6406.925473,7318.04776,6651.780534,7062.343834,7318.04776,7124.429942,7996.265929,7318.04776,7997.994546,8513.981048,7318.04776,1177.357347,1170.235414,0.001001968,0.001005531,0.001008742,0.001011081,3151.808836,3151.808836,3151.808836,9222.569796,9222.569796,9222.569796,9222.569796,9222.569796
1/1/2010,2348.750658,2477.730848,2570.168434,2661.238233,2654.225611,2570.168434,5993.830016,5922.548075,6852.581558,6139.176396,6406.925473,6852.581558,6542.872337,7062.343834,6852.581558,7161.047292,7996.265929,6852.581558,984.8748802,979.0669735,0.001001968,0.001005531,0.001008742,0.001011081,3329.928359,3329.928359,3329.928359,9754.471001,9754.471001,9754.471001,9754.471001,9754.471001
1/2/2010,2209.168037,2311.545746,2423.139579,2482.748185,2477.730848,2423.139579,6023.873131,5603.444833,6913.914959,6127.844025,5922.548075,6913.914959,6404.504862,6406.925473,6913.914959,6841.454684,7062.343834,6913.914959,961.5154527,955.8649479,0.001001968,0.001005531,0.001008742,0.001011081,3464.153849,3464.153849,3464.153849,9824.8705,9824.8705,9824.8705,9824.8705,9824.8705
1/3/2010,2067.647596,2165.202657,2267.824433,2315.171961,2311.545746,2267.824433,5450.412195,5336.498801,6250.615125,5541.447271,5603.444833,6250.615125,5773.744191,5922.548075,6250.615125,6155.154697,6406.925473,6250.615125,908.0624278,902.7702649,0.001001968,0.001005531,0.001008742,0.001011081,3236.502436,3236.502436,3236.502436,9086.382799,9086.382799,9086.382799,9086.382799,9086.382799
1/4/2010,1941.533728,2039.662411,2128.444561,2167.835327,2165.202657,2128.444561,5062.892719,5190.496819,5794.988271,5144.999708,5336.498801,5794.988271,5353.30571,5603.444833,5794.988271,5607.219423,5922.548075,5794.988271,855.3042327,850.3631242,0.001001968,0.001005531,0.001008742,0.001011081,3132.259232,3132.259232,3132.259232,8109.984981,8109.984981,8109.984981,8109.984981,8109.984981
1/5/2010,1832.46023,1930.47741,2008.058998,2041.571655,2039.662411,2008.058998,4791.221286,4927.050588,5477.407257,4865.242008,5190.496819,5477.407257,5054.322594,5336.498801,5477.407257,5275.317449,5603.444833,5477.407257,810.0068997,805.364994,0.001001968,0.001005531,0.001008742,0.001011081,2840.262299,2840.262299,2840.262299,7476.582631,7476.582631,7476.582631,7476.582631,7476.582631
1/6/2010,1736.965943,1834.067877,1902.846799,1931.851496,1930.47741,1902.846799,4563.190194,4708.629408,5212.998298,4630.309018,4927.050588,5212.998298,4803.552183,5190.496819,5212.998298,5008.722174,5336.498801,5212.998298,770.898565,766.5132495,0.001001968,0.001005531,0.001008742,0.001011081,2539.02143,2539.02143,2539.02143,6886.704842,6886.704842,6886.704842,6886.704842,6886.704842
1/7/2010,1652.192148,1747.844491,1809.583824,1835.041126,1834.067877,1809.583824,4372.13425,4520.348514,4991.373826,4433.535041,4708.629408,4991.373826,4593.642339,4927.050588,4991.373826,4774.027682,5190.496819,4991.373826,736.5722974,732.4108063,0.001001968,0.001005531,0.001008742,0.001011081,2321.880287,2321.880287,2321.880287,6363.197682,6363.197682,6363.197682,6363.197682,6363.197682
1/8/2010,1576.04337,1669.901319,1725.909461,1748.514462,1747.844491,1725.909461,4281.359749,4348.737079,4888.85568,4336.229616,4520.348514,4888.85568,4483.182467,4708.629408,4888.85568,4650.79327,4927.050588,4888.85568,705.9997818,702.0364928,0.001001968,0.001005531,0.001008742,0.001011081,2161.855801,2161.855801,2161.855801,5906.49869,5906.49869,5906.49869,5906.49869,5906.49869
1/9/2010,1506.960704,1598.805325,1650.070964,1670.340314,1669.901319,1650.070964,4068.494368,4200.833723,4642.793855,4120.088645,4348.737079,4642.793855,4258.620665,4520.348514,4642.793855,4425.086723,4708.629408,4642.793855,678.428642,674.643131,0.001001968,0.001005531,0.001008742,0.001011081,2031.828088,2031.828088,2031.828088,5539.04097,5539.04097,5539.04097,5539.04097,5539.04097
1/10/2010,1443.7606,1533.459206,1580.740961,1599.067488,1598.805325,1580.740961,3886.761849,4084.56006,4433.98918,3935.152237,4200.833723,4433.98918,4065.922494,4348.737079,4433.98918,4223.555764,4520.348514,4433.98918,653.2983877,649.6740849,0.001001968,0.001005531,0.001008742,0.001011081,1920.533603,1920.533603,1920.533603,5260.088382,5260.088382,5260.088382,5260.088382,5260.088382
1/11/2010,1385.530297,1473.007898,1516.898175,1533.585735,1533.459206,1516.898175,3748.234675,4001.659398,4274.613027,3793.516331,4084.56006,4274.613027,3917.02615,4200.833723,4274.613027,4055.044603,4348.737079,4274.613027,630.1854637,626.7087017,0.001001968,0.001005531,0.001008742,0.001011081,1823.003898,1823.003898,1823.003898,5023.37209,5023.37209,5023.37209,5023.37209,5023.37209
1/12/2010,1331.552917,1416.773738,1457.742296,1473.030547,1473.007898,1457.742296,3634.355159,3970.594779,4142.457711,3676.929949,4001.659398,4142.457711,3793.947291,4084.56006,4142.457711,3912.866701,4200.833723,4142.457711,608.7638065,605.4231446,0.001001968,0.001005531,0.001008742,0.001011081,1736.210711,1736.210711,1736.210711,4816.010467,4816.010467,4816.010467,4816.010467,4816.010467
1/13/2010,1281.256637,1364.214609,1402.636353,1416.717135,1416.773738,1402.636353,3519.814121,3970.259935,4010.952522,3559.82312,3970.594779,4010.952522,3670.870109,4001.659398,4010.952522,3793.064496,4084.56006,4010.952522,588.7787273,585.5644595,0.001001968,0.001005531,0.001008742,0.001011081,1658.02904,1658.02904,1658.02904,4630.749978,4630.749978,4630.749978,4630.749978,4630.749978
1/14/2010,1234.181754,1315.515962,1351.06954,1364.097956,1364.214609,1351.06954,3426.667652,6087.696737,3903.687866,3464.240375,3970.259935,3903.687866,3569.681216,3970.594779,3903.687866,3680.195646,4001.659398,3903.687866,570.0306588,566.9344365,0.001001968,0.001005531,0.001008742,0.001011081,1586.899245,1586.899245,1586.899245,4464.225944,4464.225944,4464.225944,4464.225944,4464.225944
1/15/2010,1196.776865,1272.65825,1309.578771,1315.346406,1315.515962,1309.578771,3372.37096,7220.269607,3841.958648,3400.81318,6087.696737,3841.958648,3500.574554,3970.259935,3841.958648,3609.434792,3970.594779,3841.958648,552.9692911,549.980038,0.001001968,0.001005531,0.001008742,0.001011081,1521.741803,1521.741803,1521.741803,4304.131696,4304.131696,4304.131696,4304.131696,4304.131696
1/16/2010,1201.475508,1354.054129,1308.007564,1272.451012,1272.65825,1308.007564,3418.888433,5978.097598,3886.423313,3403.326364,7220.269607,3886.423313,3480.123189,6087.696737,3886.423313,3576.21458,3970.259935,3886.423313,524.3277973,521.517101,0.001001968,0.001005531,0.001008742,0.001011081,1460.012894,1460.012894,1460.012894,4178.226234,4178.226234,4178.226234,4178.226234,4178.226234
1/17/2010,1231.350237,2595.826644,1328.097421,1266.09026,1354.054129,1328.097421,3532.290052,6085.931066,3996.589342,3485.849958,5978.097598,3996.589342,3497.299164,7220.269607,3996.589342,3579.159178,6087.696737,3996.589342,477.3002815,474.7798354,0.001001968,0.001005531,0.001008742,0.001011081,1400.355646,1400.355646,1400.355646,4091.527532,4091.527532,4091.527532,4091.527532,4091.527532
1/18/2010,2805.164563,3784.132345,3126.647845,2611.241092,2595.826644,3126.647845,7114.595985,6367.16993,8275.787517,6682.213067,6085.931066,8275.787517,6598.749189,5978.097598,8275.787517,5403.836012,7220.269607,8275.787517,1412.359224,1403.596893,0.001001968,0.001005531,0.001008742,0.001011081,1503.415613,1503.415613,1503.415613,4368.019242,4368.019242,4368.019242,4368.019242,4368.019242
1/19/2010,3226.918822,2561.493782,3671.457955,3799.930002,3784.132345,3671.457955,8355.909909,5724.293743,9863.398371,8591.263324,6367.16993,9863.398371,8229.146765,6085.931066,9863.398371,7611.580328,5978.097598,9863.398371,1926.603984,1914.141894,0.001001968,0.001005531,0.001008742,0.001011081,1732.39384,1732.39384,1732.39384,4872.028839,4872.028839,4872.028839,4872.028839,4872.028839
1/20/2010,2255.03026,2424.201619,2479.113948,2563.939722,2561.493782,2479.113948,5231.496621,5317.284412,5989.577363,5379.314439,5724.293743,5989.577363,5845.697939,6367.16993,5989.577363,6205.235611,6085.931066,5989.577363,1015.374357,1009.360228,0.001001968,0.001005531,0.001008742,0.001011081,1934.437191,1934.437191,1934.437191,5278.270678,5278.270678,5278.270678,5278.270678,5278.270678
1/21/2010,2171.976417,2310.442004,2396.018872,2426.592148,2424.201619,2396.018872,4594.414153,7226.508468,5255.757485,4696.100455,5317.284412,5255.757485,5011.906075,5724.293743,5255.757485,5427.401387,6367.16993,5255.757485,1022.778845,1016.714533,0.001001968,0.001005531,0.001008742,0.001011081,2101.593313,2101.593313,2101.593313,5618.525198,5618.525198,5618.525198,5618.525198,5618.525198
1/22/2010,2080.260312,2178.438952,2294.957955,2312.190074,2310.442004,2294.957955,4950.837729,13026.4761,5690.007212,5023.397842,7226.508468,5690.007212,5252.016137,5317.284412,5690.007212,5540.907439,5724.293743,5690.007212,987.8665201,982.0384206,0.001001968,0.001005531,0.001008742,0.001011081,2250.404951,2250.404951,2250.404951,5892.703392,5892.703392,5892.703392,5892.703392,5892.703392
1/23/2010,1991.568761,2249.375442,2188.55076,2179.726857,2178.438952,2188.55076,4598.057339,17415.04762,5266.158271,4641.264432,13026.4761,5266.158271,4838.640606,7226.508468,5266.158271,5088.440004,5317.284412,5266.158271,914.590988,909.2551991,0.001001968,0.001005531,0.001008742,0.001011081,2386.001083,2386.001083,2386.001083,6113.278373,6113.278373,6113.278373,6113.278373,6113.278373
1/24/2010,1933.583072,5015.395261,2113.185175,2080.864775,2249.375442,2113.185175,4384.54363,22908.78907,4999.534885,4400.200602,17415.04762,4999.534885,4552.12981,13026.4761,4999.534885,4746.34732,7226.508468,4999.534885,841.1091616,836.262041,0.001001968,0.001005531,0.001008742,0.001011081,2511.457496,2511.457496,2511.457496,6283.534836,6283.534836,6283.534836,6283.534836,6283.534836
1/25/2010,4435.400218,8507.048601,4976.718347,4239.378948,5015.395261,4976.718347,11390.35637,21982.45029,13073.58043,10905.5006,22908.78907,13073.58043,10847.80651,17415.04762,13073.58043,6511.565911,13026.4761,13073.58043,2218.623726,2204.006118,0.001001968,0.001005531,0.001008742,0.001011081,2705.024315,2705.024315,2705.024315,6725.763516,6725.763516,6725.763516,6725.763516,6725.763516
1/26/2010,10994.35455,13957.9632,12087.35372,8852.03032,8507.048601,12087.35372,23531.34531,20058.60413,27000.32569,20742.06595,21982.45029,27000.32569,19379.07592,22908.78907,27000.32569,16103.99421,17415.04762,27000.32569,3848.671731,3821.509349,0.001001968,0.001005531,0.001008742,0.001011081,3219.668013,3219.668013,3219.668013,8132.031302,8132.031302,8132.031302,8132.031302,8132.031302
1/27/2010,14945.68161,19541.92222,16768.55864,14212.09395,13957.9632,16768.55864,24755.55083,18299.29754,29026.17861,22832.14722,20058.60413,29026.17861,21763.01324,21982.45029,29026.17861,19116.17185,22908.78907,29026.17861,6881.701783,6829.729158,0.001001968,0.001005531,0.001008742,0.001011081,4459.728272,4459.728272,4459.728272,9986.792816,9986.792816,9986.792816,9986.792816,9986.792816
1/28/2010,14466.39165,8964.613565,17345.68774,19584.43114,19541.92222,17345.68774,24574.09643,13741.38837,30577.84117,27742.07528,18299.29754,30577.84117,28687.0186,20058.60413,30577.84117,23268.12891,21982.45029,30577.84117,10837.38129,10751.34589,0.001001968,0.001005531,0.001008742,0.001011081,6646.87792,6646.87792,6646.87792,12632.61356,12632.61356,12632.61356,12632.61356,12632.61356
1/29/2010,6037.154625,4572.015034,6719.316064,8991.227445,8964.613565,6719.316064,13813.44741,10297.76456,16154.19421,16244.35956,13741.38837,16154.19421,19217.32082,18299.29754,16154.19421,26213.5292,20058.60413,16154.19421,2815.088475,2795.97027,0.001001968,0.001005531,0.001008742,0.001011081,7944.686888,7944.686888,7944.686888,15383.68722,15383.68722,15383.68722,15383.68722,15383.68722
1/30/2010,3701.442724,4530.295102,3907.372652,4590.33951,4572.015034,3907.372652,5143.934688,8985.879878,5540.711693,5936.646937,10297.76456,5540.711693,8537.210857,13741.38837,5540.711693,13184.98172,18299.29754,5540.711693,866.1161875,861.1033563,0.001001968,0.001005531,0.001008742,0.001011081,8625.599001,8625.599001,8625.599001,17280.87965,17280.87965,17280.87965,17280.87965,17280.87965
1/31/2010,3884.724673,4196.613191,4262.267122,4543.371171,4530.295102,4262.267122,9356.946362,8152.386925,10814.6403,9718.661038,8985.879878,10814.6403,10756.54955,10297.76456,10814.6403,12681.704,13741.38837,10814.6403,1625.430687,1615.151982,0.001001968,0.001005531,0.001008742,0.001011081,9086.582298,9086.582298,9086.582298,18419.69442,18419.69442,18419.69442,18419.69442,18419.69442
2/1/2010,3633.600312,3808.48382,4017.979794,4206.205938,4196.613191,4017.979794,9114.53512,7542.219315,10586.3218,9381.141786,8152.386925,10586.3218,10001.71218,8985.879878,10586.3218,10964.0179,10297.76456,10586.3218,1668.499428,1657.911216,0.001001968,0.001005531,0.001008742,0.001011081,9217.990282,9217.990282,9217.990282,18555.0704,18555.0704,18555.0704,18555.0704,18555.0704
2/2/2010,3319.968523,3487.645138,3672.734989,3815.677158,3808.48382,3672.734989,7382.636751,7101.636713,8526.130083,7620.698701,7542.219315,8526.130083,8141.235134,8152.386925,8526.130083,8794.739545,8985.879878,8526.130083,1547.516309,1537.795037,0.001001968,0.001005531,0.001008742,0.001011081,8840.351275,8840.351275,8840.351275,17328.20468,17328.20468,17328.20468,17328.20468,17328.20468
2/3/2010,3056.140837,3224.553593,3380.283195,3493.135613,3487.645138,3380.283195,6688.353759,6663.759737,7708.897359,6892.381929,7101.636713,7708.897359,7340.320623,7542.219315,7708.897359,7838.095989,8152.386925,7708.897359,1435.947089,1427.018167,0.001001968,0.001005531,0.001008742,0.001011081,7718.607119,7718.607119,7718.607119,15662.96192,15662.96192,15662.96192,15662.96192,15662.96192
2/4/2010,2836.898349,3004.243636,3137.281822,3228.805147,3224.553593,3137.281822,6206.892954,6303.927814,7147.018482,6383.686088,6663.759737,7147.018482,6776.62124,7101.636713,7147.018482,7198.049764,7542.219315,7147.018482,1342.597952,1334.326331,0.001001968,0.001005531,0.001008742,0.001011081,5649.327164,5649.327164,5649.327164,13195.70369,13195.70369,13195.70369,13195.70369,13195.70369
2/5/2010,2651.313877,2816.144047,2931.68853,3007.575445,3004.243636,2931.68853,5835.222949,5967.19123,6713.866089,5990.76179,6303.927814,6713.866089,6341.147706,6663.759737,6713.866089,6692.70816,7101.636713,6713.866089,1263.452544,1255.733892,0.001001968,0.001005531,0.001008742,0.001011081,4459.466484,4459.466484,4459.466484,10627.0838,10627.0838,10627.0838,10627.0838,10627.0838
2/6/2010,2491.455357,2652.886344,2754.673777,2818.781075,2816.144047,2754.673777,5584.699927,6040.600625,6422.628163,5722.404683,5967.19123,6422.628163,6037.819802,6303.927814,6422.628163,6334.46157,6663.759737,6422.628163,1195.172296,1187.927316,0.001001968,0.001005531,0.001008742,0.001011081,3878.276471,3878.276471,3878.276471,8918.943361,8918.943361,8918.943361,8918.943361,8918.943361
2/7/2010,2351.691056,2509.199525,2599.966482,2654.991017,2652.886344,2599.966482,5261.017882,6146.128103,6050.460872,5385.18701,6040.600625,6050.460872,5673.52894,5967.19123,6050.460872,5977.454383,6303.927814,6050.460872,1135.358869,1128.5261,0.001001968,0.001005531,0.001008742,0.001011081,3510.221641,3510.221641,3510.221641,7952.163265,7952.163265,7952.163265,7952.163265,7952.163265
2/8/2010,2227.931588,2381.224186,2463.013452,2510.89146,2509.199525,2463.013452,5022.229047,5654.106206,5770.977732,5135.70891,6146.128103,5770.977732,5401.900833,6040.600625,5770.977732,5630.071316,5967.19123,5770.977732,1082.26316,1075.794062,0.001001968,0.001005531,0.001008742,0.001011081,3228.430811,3228.430811,3228.430811,7332.83629,7332.83629,7332.83629,7332.83629,7332.83629
2/9/2010,2117.142125,2267.492978,2340.438813,2382.592783,2381.224186,2340.438813,4814.963378,5309.455253,5530.412578,4919.043357,5654.106206,5530.412578,5166.035552,6146.128103,5530.412578,5383.312199,6040.600625,5530.412578,1034.586922,1028.442485,0.001001968,0.001005531,0.001008742,0.001011081,2998.041276,2998.041276,2998.041276,6865.832594,6865.832594,6865.832594,6865.832594,6865.832594
2/10/2010,2018.127685,2164.708262,2231.110199,2268.606143,2267.492978,2231.110199,4932.154226,5074.060362,5671.369452,5022.762743,5309.455253,5671.369452,5246.651563,5654.106206,5671.369452,5423.872758,6146.128103,5671.369452,992.7619419,986.900783,0.001001968,0.001005531,0.001008742,0.001011081,2804.26699,2804.26699,2804.26699,6522.811771,6522.811771,6522.811771,6522.811771,6522.811771
2/11/2010,1928.276487,2067.90703,2131.967432,2165.61826,2164.708262,2131.967432,5055.601958,4884.104672,5823.598984,5133.291218,5074.060362,5823.598984,5335.674242,5309.455253,5823.598984,5527.814565,5654.106206,5823.598984,954.940133,949.3338477,0.001001968,0.001005531,0.001008742,0.001011081,2638.013108,2638.013108,2638.013108,6291.868099,6291.868099,6291.868099,6291.868099,6291.868099
2/12/2010,1843.679891,1979.64765,2038.218019,2068.654515,2067.90703,2038.218019,4631.86874,4775.159191,5324.398233,4708.954037,4884.104672,5324.398233,4905.112902,5074.060362,5324.398233,5095.179777,5309.455253,5324.398233,917.2874101,911.9335912,0.001001968,0.001005531,0.001008742,0.001011081,2492.62778,2492.62778,2492.62778,6060.692092,6060.692092,6060.692092,6060.692092,6060.692092
2/13/2010,1766.265755,1898.037823,1952.547017,1980.264343,1979.64765,1952.547017,4347.193356,4637.035398,4991.211245,4421.689717,4775.159191,4991.211245,4609.861489,4884.104672,4991.211245,4782.937423,5074.060362,4991.211245,883.222001,878.0954618,0.001001968,0.001005531,0.001008742,0.001011081,2363.828559,2363.828559,2363.828559,5830.285246,5830.285246,5830.285246,5830.285246,5830.285246
2/14/2010,1694.518472,1822.595992,1873.156496,1898.54918,1898.037823,1873.156496,4169.589776,4494.679341,4784.843641,4240.091036,4637.035398,4784.843641,4418.995606,4775.159191,4784.843641,4578.015519,4884.104672,4784.843641,851.5503306,846.6340969,0.001001968,0.001005531,0.001008742,0.001011081,2248.410647,2248.410647,2248.410647,5628.246742,5628.246742,5628.246742,5628.246742,5628.246742
2/15/2010,1628.021878,1753.546082,1799.636164,1823.022012,1822.595992,1799.636164,4023.610914,4447.19512,4616.404184,4090.06475,4494.679341,4616.404184,4260.071205,4637.035398,4616.404184,4412.461822,4775.159191,4616.404184,822.3501464,817.6269187,0.001001968,0.001005531,0.001008742,0.001011081,2144.039692,2144.039692,2144.039692,5445.652189,5445.652189,5445.652189,5445.652189,5445.652189
2/16/2010,1567.020989,1687.817405,1732.37049,1753.903092,1753.546082,1732.37049,3958.135285,4465.714322,4540.945275,4019.973714,4447.19512,4540.945275,4180.890893,4494.679341,4540.945275,4309.217938,4637.035398,4540.945275,796.2988434,791.7470635,0.001001968,0.001005531,0.001008742,0.001011081,2049.086351,2049.086351,2049.086351,5289.184596,5289.184596,5289.184596,5289.184596,5289.184596
2/17/2010,1508.807374,1624.495929,1668.025255,1688.11861,1687.817405,1668.025255,3860.160771,4454.239486,4427.684644,3918.398226,4465.714322,4427.684644,4071.27377,4447.19512,4427.684644,4201.810427,4494.679341,4427.684644,770.6078327,766.2244184,0.001001968,0.001005531,0.001008742,0.001011081,1961.758437,1961.758437,1961.758437,5098.884891,5098.884891,5098.884891,5098.884891,5098.884891
2/18/2010,1452.805483,1567.842583,1605.933951,1624.752278,1624.495929,1605.933951,3741.948734,4428.075725,4289.867895,3797.299536,4454.239486,4289.867895,3943.28246,4465.714322,4289.867895,4067.92917,4447.19512,4289.867895,744.8788245,740.6632933,0.001001968,0.001005531,0.001008742,0.001011081,1880.704478,1880.704478,1880.704478,4869.394488,4869.394488,4869.394488,4869.394488,4869.394488
2/19/2010,1402.850655,1516.981965,1550.912821,1568.062862,1567.842583,1550.912821,3706.04385,5482.207166,4251.191833,3756.710303,4428.075725,4251.191833,3894.898237,4454.239486,4251.191833,4020.226787,4465.714322,4251.191833,723.6053491,719.5280577,0.001001968,0.001005531,0.001008742,0.001011081,1805.900435,1805.900435,1805.900435,4706.312739,4706.312739,4706.312739,4706.312739,4706.312739
2/20/2010,1360.079135,1474.458512,1503.802693,1517.173413,1516.981965,1503.802693,3722.491792,8629.147911,4275.624044,3765.526023,5482.207166,4275.624044,3894.911973,4428.075725,4275.624044,4024.585484,4454.239486,4275.624044,705.4756033,701.5157029,0.001001968,0.001005531,0.001008742,0.001011081,1736.770905,1736.770905,1736.770905,4593.718789,4593.718789,4593.718789,4593.718789,4593.718789
2/21/2010,1351.760073,1473.526359,1491.963033,1474.626869,1474.458512,1491.963033,3787.939825,8862.274724,4346.733563,3797.96487,8629.147911,4346.733563,3918.729777,5482.207166,4346.733563,4001.965615,4428.075725,4346.733563,690.9384316,687.0723738,0.001001968,0.001005531,0.001008742,0.001011081,1673.211374,1673.211374,1673.211374,4515.589429,4515.589429,4515.589429,4515.589429,4515.589429
2/22/2010,1347.374071,1454.571109,1486.321333,1473.676333,1473.526359,1486.321333,3804.757997,7607.042039,4369.26966,3817.851983,8862.274724,4369.26966,3905.682585,8629.147911,4369.26966,4014.398729,5482.207166,4369.26966,686.7185478,682.8796823,0.001001968,0.001005531,0.001008742,0.001011081,1616.369983,1616.369983,1616.369983,4459.849769,4459.849769,4459.849769,4459.849769,4459.849769
2/23/2010,1320.042399,1927.185023,1454.72829,1454.706466,1454.571109,1454.72829,4702.15584,6919.451389,5436.099101,4706.291673,7607.042039,5436.099101,4770.245964,8862.274724,5436.099101,4857.148863,8629.147911,5436.099101,668.5660169,664.8438699,0.001001968,0.001005531,0.001008742,0.001011081,1567.849728,1567.849728,1567.849728,4572.340987,4572.340987,4572.340987,4572.340987,4572.340987
2/24/2010,1747.406312,2663.377285,1970.88379,1927.309151,1927.185023,1970.88379,7897.75113,6251.553777,9321.169467,7837.797567,6919.451389,9321.169467,7846.024831,7607.042039,9321.169467,7537.409953,8862.274724,9321.169467,1060.107032,1053.789038,0.001001968,0.001005531,0.001008742,0.001011081,1585.361815,1585.361815,1585.361815,5164.874299,5164.874299,5164.874299,5164.874299,5164.874299
2/25/2010,2305.797468,2160.161453,2669.925341,2663.492863,2663.377285,2669.925341,8518.452366,6146.495546,10163.99935,8548.313173,6251.553777,10163.99935,8629.77971,6919.451389,10163.99935,8173.394558,7607.042039,10163.99935,1652.627068,1642.153032,0.001001968,0.001005531,0.001008742,0.001011081,1708.367394,1708.367394,1708.367394,5818.644617,5818.644617,5818.644617,5818.644617,5818.644617
2/26/2010,1894.0851,1889.604424,2155.899566,2160.270766,2160.161453,2155.899566,6723.268343,5875.820608,7926.634486,6758.830016,6146.495546,7926.634486,6998.737897,6251.553777,7926.634486,7407.818379,6919.451389,7926.634486,1224.882054,1217.43137,0.001001968,0.001005531,0.001008742,0.001011081,1798.47708,1798.47708,1798.47708,6317.337781,6317.337781,6317.337781,6317.337781,6317.337781
2/27/2010,1669.017634,1962.222186,1875.736894,1889.709434,1889.604424,1875.736894,5385.033651,6089.925067,6281.807701,5433.607199,5875.820608,6281.807701,5608.433947,6146.495546,6281.807701,6022.383422,6251.553777,6281.807701,987.8586976,982.030651,0.001001968,0.001005531,0.001008742,0.001011081,1851.665219,1851.665219,1851.665219,6695.662134,6695.662134,6695.662134,6695.662134,6695.662134
2/28/2010,1725.883112,1900.644944,1954.727456,1961.563504,1962.222186,1954.727456,5005.845108,6143.051583,5851.026948,5059.831762,6089.925067,5851.026948,5251.974114,5875.820608,5851.026948,5298.208542,6146.495546,5851.026948,1086.346555,1079.849565,0.001001968,0.001005531,0.001008742,0.001011081,1921.05063,1921.05063,1921.05063,6943.948855,6943.948855,6943.948855,6943.948855,6943.948855
3/1/2010,1693.938922,1870.166035,1910.378781,1900.273676,1900.644944,1910.378781,5212.026925,6076.972657,6087.886121,5238.142142,6143.051583,6087.886121,5391.305055,6089.925067,6087.886121,5578.657262,5875.820608,6087.886121,1032.416206,1026.286507,0.001001968,0.001005531,0.001008742,0.001011081,1983.765289,1983.765289,1983.765289,7185.090321,7185.090321,7185.090321,7185.090321,7185.090321
3/2/2010,1710.148388,2043.257429,1916.238295,1870.332861,1870.166035,1916.238295,4953.092607,6142.551105,5764.490807,4944.90119,6076.972657,5764.490807,5071.351103,6143.051583,5764.490807,5236.138253,6089.925067,5764.490807,986.5614764,980.7421866,0.001001968,0.001005531,0.001008742,0.001011081,2040.745167,2040.745167,2040.745167,7233.868232,7233.868232,7233.868232,7233.868232,7233.868232
3/3/2010,1880.495692,2235.609038,2110.36075,2043.217548,2043.257429,2110.36075,5422.843559,6330.393668,6320.621742,5398.524692,6142.551105,6320.621742,5486.988611,6076.972657,6320.621742,5413.534575,6143.051583,6320.621742,1087.633883,1081.128098,0.001001968,0.001005531,0.001008742,0.001011081,2058.272503,2058.272503,2058.272503,6863.636954,6863.636954,6863.636954,6863.636954,6863.636954
3/4/2010,2036.880428,2217.227705,2288.246692,2235.322688,2235.609038,2288.246692,5640.502059,6250.937501,6588.363504,5636.235508,6330.393668,6588.363504,5713.804501,6142.551105,6588.363504,5686.583798,6076.972657,6588.363504,1179.097784,1171.96384,0.001001968,0.001005531,0.001008742,0.001011081,2002.923724,2002.923724,2002.923724,6470.889128,6470.889128,6470.889128,6470.889128,6470.889128
3/5/2010,2043.072589,2242.839883,2280.684057,2217.15939,2217.227705,2280.684057,5496.290487,6120.851681,6387.91398,5481.060071,6250.937501,6387.91398,5611.015852,6330.393668,6387.91398,5616.536163,6142.551105,6387.91398,1120.219228,1113.490375,0.001001968,0.001005531,0.001008742,0.001011081,1994.63448,1994.63448,1994.63448,6242.111507,6242.111507,6242.111507,6242.111507,6242.111507
3/6/2010,2095.75389,2305.00474,2327.188157,2242.595689,2242.839883,2327.188157,5454.064306,6094.648684,6327.75071,5415.828923,6120.851681,6327.75071,5531.113355,6250.937501,6327.75071,5655.41615,6330.393668,6327.75071,1094.690947,1088.136921,0.001001968,0.001005531,0.001008742,0.001011081,2033.191032,2033.191032,2033.191032,6134.617001,6134.617001,6134.617001,6134.617001,6134.617001
3/7/2010,2257.455778,2403.094674,2482.133682,2304.193963,2305.00474,2482.133682,5793.698301,6359.694636,6680.927141,5659.919428,6094.648684,6680.927141,5728.472457,6120.851681,6680.927141,5704.857593,6250.937501,6680.927141,1063.894745,1057.550946,0.001001968,0.001005531,0.001008742,0.001011081,2065.253677,2065.253677,2065.253677,6177.978889,6177.978889,6177.978889,6177.978889,6177.978889
3/8/2010,2470.240039,2647.354903,2667.168781,2401.230437,2403.094674,2667.168781,6038.656639,7096.98407,6885.907162,5809.718072,6359.694636,6885.907162,5721.615956,6094.648684,6885.907162,5785.461324,6120.851681,6885.907162,935.4582493,929.9827537,0.001001968,0.001005531,0.001008742,0.001011081,2103.678627,2103.678627,2103.678627,6239.900938,6239.900938,6239.900938,6239.900938,6239.900938
3/9/2010,2843.992671,3335.009872,3018.366275,2642.121607,2647.354903,3018.366275,6291.651687,11254.59255,7071.084917,5951.423276,7096.98407,7071.084917,5721.061007,6359.694636,7071.084917,5611.351024,6094.648684,7071.084917,823.6992229,818.9670973,0.001001968,0.001005531,0.001008742,0.001011081,2166.409141,2166.409141,2166.409141,6344.464847,6344.464847,6344.464847,6344.464847,6344.464847
3/10/2010,3573.694721,4218.127632,3793.748143,3323.363254,3335.009872,3793.748143,7016.557758,21551.11036,7851.263328,6604.056444,11254.59255,7851.263328,6282.854086,7096.98407,7851.263328,5762.143287,6359.694636,7851.263328,1012.410918,1006.416861,0.001001968,0.001005531,0.001008742,0.001011081,2290.267225,2290.267225,2290.267225,6443.997147,6443.997147,6443.997147,6443.997147,6443.997147
3/11/2010,4340.612544,5162.446653,4625.404091,4197.294859,4218.127632,4625.404091,7903.310558,28392.21437,8838.967248,7560.843884,21551.11036,8838.967248,7185.785627,11254.59255,8838.967248,6423.386736,7096.98407,8838.967248,1274.271422,1266.477425,0.001001968,0.001005531,0.001008742,0.001011081,2499.529299,2499.529299,2499.529299,6607.092721,6607.092721,6607.092721,6607.092721,6607.092721
3/12/2010,5248.326934,9457.09066,5594.243786,5009.333926,5162.446653,5594.243786,9157.245602,31675.21715,10204.06168,8686.354299,28392.21437,10204.06168,8413.089816,21551.11036,10204.06168,7378.230159,11254.59255,10204.06168,1511.343216,1501.879616,0.001001968,0.001005531,0.001008742,0.001011081,2825.694427,2825.694427,2825.694427,6940.245237,6940.245237,6940.245237,6940.245237,6940.245237
3/13/2010,8181.272978,16358.73572,9104.399705,8311.191195,9457.09066,9104.399705,15610.04275,29316.51574,18067.01478,15127.75781,31675.21715,18067.01478,14947.97185,28392.21437,18067.01478,11390.81752,21551.11036,18067.01478,3693.433492,3667.496183,0.001001968,0.001005531,0.001008742,0.001011081,3563.624304,3563.624304,3563.624304,7992.27406,7992.27406,7992.27406,7992.27406,7992.27406
3/14/2010,14107.32509,10802.24415,16530.31911,16603.04015,16358.73572,16530.31911,32556.86167,23529.76364,38960.86258,33563.14639,29316.51574,38960.86258,33048.21305,31675.21715,38960.86258,23666.09493,28392.21437,38960.86258,8335.808955,8271.494535,0.001001968,0.001005531,0.001008742,0.001011081,5267.095941,5267.095941,5267.095941,11083.59127,11083.59127,11083.59127,11083.59127,11083.59127
3/15/2010,11309.5965,16068.49354,12332.95142,11126.5363,10802.24415,12332.95142,29648.68908,21603.78906,34381.81421,28688.38403,23529.76364,34381.81421,29815.11267,29316.51574,34381.81421,34419.13302,31675.21715,34381.81421,3659.225629,3633.557535,0.001001968,0.001005531,0.001008742,0.001011081,6621.795428,6621.795428,6621.795428,15051.02866,15051.02866,15051.02866,15051.02866,15051.02866
3/16/2010,14612.98911,15057.46994,16840.22308,16123.7126,16068.49354,16840.22308,25738.49972,20088.55506,30806.65838,25773.18458,21603.78906,30806.65838,27022.45403,23529.76364,30806.65838,24683.55559,29316.51574,30806.65838,8298.010168,8234.019477,0.001001968,0.001005531,0.001008742,0.001011081,8501.158249,8501.158249,8501.158249,18486.62652,18486.62652,18486.62652,18486.62652,18486.62652
3/17/2010,12298.3347,11123.72473,14113.16427,15052.21677,15057.46994,14113.16427,25006.13305,17781.73252,29954.66546,26464.83099,20088.55506,29954.66546,27496.50624,21603.78906,29954.66546,29287.93385,23529.76364,29954.66546,6881.475423,6829.5047,0.001001968,0.001005531,0.001008742,0.001011081,10187.01328,10187.01328,10187.01328,21433.13237,21433.13237,21433.13237,21433.13237,21433.13237
3/18/2010,9655.167569,10645.88108,10731.26817,11110.56232,11123.72473,10731.26817,15436.26855,16899.48461,17842.34829,16212.63043,17781.73252,17842.34829,18339.06947,20088.55506,17842.34829,21141.21249,21603.78906,17842.34829,4168.223789,4138.523091,0.001001968,0.001005531,0.001008742,0.001011081,11433.87429,11433.87429,11433.87429,23759.92286,23759.92286,23759.92286,23759.92286,23759.92286
3/19/2010,9328.933779,10430.52361,10400.91243,10562.78711,10645.88108,10400.91243,14492.52877,12384.99958,16802.37636,15051.98877,16899.48461,16802.37636,16535.51724,17781.73252,16802.37636,18079.86736,20088.55506,16802.37636,4175.35736,4145.599754,0.001001968,0.001005531,0.001008742,0.001011081,12386.38108,12386.38108,12386.38108,25433.29854,25433.29854,25433.29854,25433.29854,25433.29854
3/20/2010,9183.36236,10348.45484,10253.82944,10297.47128,10430.52361,10253.82944,15154.54056,21961.8454,17653.76028,15570.80322,12384.99958,17653.76028,16794.86283,16899.48461,17653.76028,17592.64519,17781.73252,17653.76028,4167.588205,4137.892578,0.001001968,0.001005531,0.001008742,0.001011081,12854.6625,12854.6625,12854.6625,26068.51096,26068.51096,26068.51096,26068.51096,26068.51096
3/21/2010,9096.406365,13566.185,10177.38,10219.30548,10348.45484,10177.38,14228.04994,31535.24413,16581.84783,14664.45026,21961.8454,16581.84783,15809.58556,12384.99958,16581.84783,16230.68666,16899.48461,16581.84783,4192.815251,4162.918331,0.001001968,0.001005531,0.001008742,0.001011081,12328.53482,12328.53482,12328.53482,24468.94374,24468.94374,24468.94374,24468.94374,24468.94374
3/22/2010,8948.667609,18221.38525,10035.46455,10105.78137,13566.185,10035.46455,13900.30806,27351.13191,16218.34528,14373.6977,31535.24413,16218.34528,15543.99537,21961.8454,16218.34528,15746.71133,12384.99958,16218.34528,4204.106538,4174.119479,0.001001968,0.001005531,0.001008742,0.001011081,12142.40026,12142.40026,12142.40026,21936.31164,21936.31164,21936.31164,21936.31164,21936.31164
3/23/2010,17879.60713,15945.48297,20559.17419,19370.10406,18221.38525,20559.17419,20187.16028,22762.82082,23908.08371,20423.63911,27351.13191,23908.08371,20757.78346,31535.24413,23908.08371,12511.99452,21961.8454,23908.08371,8187.667736,8124.621235,0.001001968,0.001005531,0.001008742,0.001011081,12449.08665,12449.08665,12449.08665,19920.52776,19920.52776,19920.52776,19920.52776,19920.52776
3/24/2010,17256.91029,19527.90603,19503.03023,17519.55344,15945.48297,19503.03023,26889.15998,21831.95333,31670.1369,25815.8056,22762.82082,31670.1369,27623.3451,27351.13191,31670.1369,28293.18528,31535.24413,31670.1369,7569.926018,7512.141618,0.001001968,0.001005531,0.001008742,0.001011081,12872.59594,12872.59594,12872.59594,19786.87092,19786.87092,19786.87092,19786.87092,19786.87092
3/25/2010,15224.54468,12862.03761,17940.29652,19088.27463,19527.90603,17940.29652,25227.13082,19286.97329,30940.95837,27284.28162,21831.95333,30940.95837,28977.86391,22762.82082,30940.95837,28819.47099,27351.13191,30940.95837,10031.23494,9952.259129,0.001001968,0.001005531,0.001008742,0.001011081,13739.19344,13739.19344,13739.19344,20679.79226,20679.79226,20679.79226,20679.79226,20679.79226
3/26/2010,9986.458592,7961.53418,11361.02628,13185.06731,12862.03761,11361.02628,17503.66553,19207.71585,20704.55251,19834.90769,19286.97329,20704.55251,22190.31582,21831.95333,20704.55251,26401.13142,22762.82082,20704.55251,5004.831427,4968.390152,0.001001968,0.001005531,0.001008742,0.001011081,14217.50032,14217.50032,14217.50032,21549.0009,21549.0009,21549.0009,21549.0009,21549.0009
3/27/2010,7062.694074,8918.202152,7748.25797,8255.770846,7961.53418,7748.25797,10447.8034,18686.92326,11840.63018,11260.52841,19207.71585,11840.63018,13942.1915,19286.97329,11840.63018,18284.11494,21831.95333,11840.63018,2551.67466,2534.558835,0.001001968,0.001005531,0.001008742,0.001011081,14183.2852,14183.2852,14183.2852,22113.72121,22113.72121,22113.72121,22113.72121,22113.72121
3/28/2010,6711.296285,10458.96679,7566.927108,7983.892719,8918.202152,7566.927108,12461.38199,21750.00382,14615.3765,13166.71223,18686.92326,14615.3765,14629.56197,19207.71585,14615.3765,16511.48434,19286.97329,14615.3765,3360.779542,3337.448374,0.001001968,0.001005531,0.001008742,0.001011081,13942.8154,13942.8154,13942.8154,22208.31879,22208.31879,22208.31879,22208.31879,22208.31879
3/29/2010,9026.786928,11220.00263,10330.45435,10214.63652,10458.96679,10330.45435,16815.16487,24017.82817,19893.61001,17224.02014,21750.00382,19893.61001,18092.65412,18686.92326,19893.61001,16401.49387,19207.71585,19893.61001,4551.253988,4518.483383,0.001001968,0.001005531,0.001008742,0.001011081,13908.26178,13908.26178,13908.26178,22325.92499,22325.92499,22325.92499,22325.92499,22325.92499
3/30/2010,8939.258424,12372.11786,10207.43085,10123.46749,11220.00263,10207.43085,17995.15732,23282.19814,21287.6146,18381.2186,24017.82817,21287.6146,19575.87066,21750.00382,21287.6146,19444.38532,18686.92326,21287.6146,4494.843176,4462.526472,0.001001968,0.001005531,0.001008742,0.001011081,12880.45853,12880.45853,12880.45853,22877.37923,22877.37923,22877.37923,22877.37923,22877.37923
3/31/2010,12674.78058,10988.27152,14408.69669,13399.76926,12372.11786,14408.69669,20901.00395,19451.10764,24452.83446,20740.13529,23282.19814,24452.83446,20863.92718,24017.82817,24452.83446,18416.75615,21750.00382,24452.83446,5491.479295,5451.060857,0.001001968,0.001005531,0.001008742,0.001011081,12114.84479,12114.84479,12114.84479,22047.47627,22047.47627,22047.47627,22047.47627,22047.47627
4/1/2010,11311.35476,14154.15587,12543.92393,11572.05887,10988.27152,12543.92393,20691.74489,16996.21609,23942.31344,20194.21622,19451.10764,23942.31344,20762.61348,23282.19814,23942.31344,22533.15546,24017.82817,23942.31344,4355.782308,4324.581949,0.001001968,0.001005531,0.001008742,0.001011081,11092.11851,11092.11851,11092.11851,21068.36154,21068.36154,21068.36154,21068.36154,21068.36154
4/2/2010,12258.37737,10971.91476,14324.83576,14268.82367,14154.15587,14324.83576,20445.42265,15163.02952,24774.71369,21107.07762,16996.21609,24774.71369,23052.87979,19451.10764,24774.71369,20536.76353,23282.19814,24774.71369,7765.868204,7706.419197,0.001001968,0.001005531,0.001008742,0.001011081,11080.20155,11080.20155,11080.20155,20612.29787,20612.29787,20612.29787,20612.29787,20612.29787
4/3/2010,8450.69831,6883.12159,9732.945638,11060.72955,10971.91476,9732.945638,17611.69567,12741.63344,21069.55499,19321.18444,15163.02952,21069.55499,20595.79714,16996.21609,21069.55499,24207.04568,19451.10764,21069.55499,4959.277699,4923.206713,0.001001968,0.001005531,0.001008742,0.001011081,11213.77001,11213.77001,11213.77001,20622.46223,20622.46223,20622.46223,20622.46223,20622.46223
4/4/2010,5718.263305,6264.660972,6333.608406,6937.200917,6883.12159,6333.608406,9542.48024,11453.73506,10932.30227,10390.53361,12741.63344,10932.30227,12389.68254,15163.02952,10932.30227,15543.78988,16996.21609,10932.30227,2434.846843,2418.611825,0.001001968,0.001005531,0.001008742,0.001011081,11165.567,11165.567,11165.567,20747.83214,20747.83214,20747.83214,20747.83214,20747.83214
4/5/2010,5397.905218,5941.556965,6041.297697,6296.180114,6264.660972,6041.297697,9842.000717,11214.07452,11419.20858,10328.06673,11453.73506,11419.20858,11578.69495,12741.63344,11419.20858,13207.94652,15163.02952,11419.20858,2582.407954,2565.059655,0.001001968,0.001005531,0.001008742,0.001011081,10724.60405,10724.60405,10724.60405,20385.21682,20385.21682,20385.21682,20385.21682,20385.21682
4/6/2010,5153.474136,5617.476881,5806.929441,5966.644865,5941.556965,5806.929441,10545.52762,11214.23221,12346.55875,10911.76728,11214.07452,12346.55875,11775.43502,11453.73506,12346.55875,12691.44281,12741.63344,12346.55875,2646.342315,2628.509406,0.001001968,0.001005531,0.001008742,0.001011081,10142.53068,10142.53068,10142.53068,19291.44039,19291.44039,19291.44039,19291.44039,19291.44039
4/7/2010,4899.510796,5353.6981,5533.999674,5641.088256,5617.476881,5533.999674,9489.907845,10473.48879,11110.3664,9809.501678,11214.23221,11110.3664,10559.98925,11214.07452,11110.3664,11183.31506,11453.73506,11110.3664,2589.815672,2572.411292,0.001001968,0.001005531,0.001008742,0.001011081,9233.730565,9233.730565,9233.730565,17975.48003,17975.48003,17975.48003,17975.48003,17975.48003
4/8/2010,4626.289505,5511.54745,5233.617163,5337.265875,5353.6981,5233.617163,8745.616309,9767.356736,10241.83725,9057.32945,10473.48879,10241.83725,9741.056851,11214.23221,10241.83725,10258.57252,11214.07452,10241.83725,2499.104208,2482.385307,0.001001968,0.001005531,0.001008742,0.001011081,8418.0515,8418.0515,8418.0515,16209.48204,16209.48204,16209.48204,16209.48204,16209.48204
4/9/2010,4838.274867,5469.979178,5513.253973,5535.441866,5511.54745,5513.253973,9261.49974,9104.484402,10905.01895,9516.211646,9767.356736,10905.01895,10160.46645,10473.48879,10905.01895,10080.84105,11214.23221,10905.01895,2763.729901,2745.003817,0.001001968,0.001005531,0.001008742,0.001011081,7165.284421,7165.284421,7165.284421,14439.26008,14439.26008,14439.26008,14439.26008,14439.26008
4/10/2010,4787.350447,4780.155718,5460.063003,5496.630763,5469.979178,5460.063003,9452.675138,8473.417894,11153.85146,9709.076571,9104.484402,11153.85146,10273.60061,9767.356736,11153.85146,10592.35011,10473.48879,11153.85146,2766.429209,2747.682536,0.001001968,0.001005531,0.001008742,0.001011081,6334.290953,6334.290953,6334.290953,12847.36065,12847.36065,12847.36065,12847.36065,12847.36065
4/11/2010,4138.742667,4343.378463,4700.989427,4786.99586,4780.155718,4700.989427,7987.456472,8049.446695,9376.59817,8262.27226,8473.417894,9376.59817,8993.783894,9104.484402,9376.59817,9618.135895,9767.356736,9376.59817,2354.438746,2338.807195,0.001001968,0.001005531,0.001008742,0.001011081,5851.241217,5851.241217,5851.241217,11675.64701,11675.64701,11675.64701,11675.64701,11675.64701
4/12/2010,3742.571199,4016.92793,4237.346509,4347.927596,4343.378463,4237.346509,7153.863386,7686.444531,8367.406608,7433.7942,8049.446695,8367.406608,8010.229967,8473.417894,8367.406608,8686.660014,9104.484402,8367.406608,2092.170751,2078.490835,0.001001968,0.001005531,0.001008742,0.001011081,5492.15337,5492.15337,5492.15337,10892.91849,10892.91849,10892.91849,10892.91849,10892.91849
4/13/2010,3506.101635,3863.318139,3960.879048,4020.293755,4016.92793,3960.879048,6783.793955,8183.708387,7919.287252,6997.689771,7686.444531,7919.287252,7536.425372,8049.446695,7919.287252,7983.304636,8473.417894,7919.287252,1936.697097,1924.161104,0.001001968,0.001005531,0.001008742,0.001011081,5186.308116,5186.308116,5186.308116,10307.79539,10307.79539,10307.79539,10307.79539,10307.79539
4/14/2010,3377.450083,3709.427978,3820.674452,3865.775137,3863.318139,3820.674452,6604.029237,8730.422196,7717.41244,6798.429231,8183.708387,7717.41244,7271.67752,7686.444531,7717.41244,7584.769134,8049.446695,7717.41244,1896.426152,1884.184759,0.001001968,0.001005531,0.001008742,0.001011081,4913.688509,4913.688509,4913.688509,9823.028787,9823.028787,9823.028787,9823.028787,9823.028787
4/15/2010,3243.829502,3601.925454,3671.147714,3710.831933,3709.427978,3671.147714,6397.921904,8253.347759,7478.890383,6580.143293,8730.422196,7478.890383,7021.762238,8183.708387,7478.890383,7303.368972,7686.444531,7478.890383,1837.422899,1825.611822,0.001001968,0.001005531,0.001008742,0.001011081,4667.71032,4667.71032,4667.71032,9398.096343,9398.096343,9398.096343,9398.096343,9398.096343
4/16/2010,3157.653273,4159.184856,3572.438819,3592.504456,3601.925454,3572.438819,6225.170448,7878.799925,7269.662199,6385.03501,8253.347759,7269.662199,6795.330145,8730.422196,7269.662199,6993.164183,8183.708387,7269.662199,1790.301802,1778.833227,0.001001968,0.001005531,0.001008742,0.001011081,4387.874504,4387.874504,4387.874504,8923.231561,8923.231561,8923.231561,8923.231561,8923.231561
4/17/2010,3665.344096,4444.137697,4187.429947,4162.882741,4159.184856,4187.429947,7678.18084,7347.135301,9009.085815,7833.696173,7878.799925,9009.085815,8138.94886,8253.347759,9009.085815,7450.176872,8730.422196,9009.085815,2212.098376,2197.529309,0.001001968,0.001005531,0.001008742,0.001011081,4175.497965,4175.497965,4175.497965,8551.578467,8551.578467,8551.578467,8551.578467,8551.578467
4/18/2010,3893.444516,3616.780892,4467.050849,4450.82384,4444.137697,4467.050849,8251.028023,6787.612818,9743.683555,8415.557072,7347.135301,9743.683555,8796.91304,7878.799925,9743.683555,8771.760071,8253.347759,9743.683555,2419.401825,2403.282901,0.001001968,0.001005531,0.001008742,0.001011081,4077.522827,4077.522827,4077.522827,8383.755216,8383.755216,8383.755216,8383.755216,8383.755216
4/19/2010,3122.20229,3228.047959,3553.266916,3617.643912,3616.780892,3553.266916,6377.318934,6406.303475,7462.956886,6585.009878,6787.612818,7462.956886,7212.431153,7347.135301,7462.956886,7872.939371,7878.799925,7462.956886,1867.201155,1855.173102,0.001001968,0.001005531,0.001008742,0.001011081,3987.694727,3987.694727,3987.694727,8233.204289,8233.204289,8233.204289,8233.204289,8233.204289
4/20/2010,2791.311665,3025.082721,3160.697822,3227.982844,3228.047959,3160.697822,5580.200752,6111.312417,6497.566325,5773.842081,6406.303475,6497.566325,6219.325657,6787.612818,6497.566325,6873.818531,7347.135301,6497.566325,1619.023068,1608.790328,0.001001968,0.001005531,0.001008742,0.001011081,3870.585102,3870.585102,3870.585102,8081.908225,8081.908225,8081.908225,8081.908225,8081.908225
4/21/2010,2647.050162,2919.433223,2992.634972,3024.861311,3025.082721,2992.634972,5439.914825,6636.792387,6331.646573,5586.790773,6111.312417,6331.646573,5975.929477,6406.303475,6331.646573,6326.12536,6787.612818,6331.646573,1524.040949,1514.486982,0.001001968,0.001005531,0.001008742,0.001011081,3750.058556,3750.058556,3750.058556,7903.231473,7903.231473,7903.231473,7903.231473,7903.231473
4/22/2010,2554.147513,2807.043645,2889.73567,2919.110521,2919.433223,2889.73567,5347.324683,9251.719897,6229.614187,5485.755556,6636.792387,6229.614187,5824.885437,6111.312417,6229.614187,6066.318227,6406.303475,6229.614187,1486.274965,1476.989502,0.001001968,0.001005531,0.001008742,0.001011081,3633.375602,3633.375602,3633.375602,7724.239096,7724.239096,7724.239096,7724.239096,7724.239096
4/23/2010,2460.098732,2720.136982,2782.984915,2806.648218,2807.043645,2782.984915,5162.150767,9949.814871,6011.348647,5290.825508,9251.719897,6011.348647,5614.911481,6636.792387,6011.348647,5811.13289,6111.312417,6011.348647,1436.630718,1427.696964,0.001001968,0.001005531,0.001008742,0.001011081,3520.016225,3520.016225,3520.016225,7541.841024,7541.841024,7541.841024,7541.841024,7541.841024
4/24/2010,2378.269993,3385.911179,2690.910408,2712.160143,2720.136982,2690.910408,4952.142258,9393.29375,5767.190675,5075.447077,9949.814871,5767.190675,5384.127471,9251.719897,5767.190675,5579.3796,6636.792387,5767.190675,1396.953465,1388.299759,0.001001968,0.001005531,0.001008742,0.001011081,3340.008249,3340.008249,3340.008249,7197.559529,7197.559529,7197.559529,7197.559529,7197.559529
4/25/2010,2952.445034,3918.893713,3403.250262,3383.086274,3385.911179,3403.250262,6307.525515,8684.035518,7438.011129,6439.616888,9393.29375,7438.011129,6727.57453,9949.814871,7438.011129,5998.447456,9251.719897,7438.011129,1959.986875,1947.280181,0.001001968,0.001005531,0.001008742,0.001011081,3185.68027,3185.68027,3185.68027,6863.632971,6863.632971,6863.632971,6863.632971,6863.632971
4/26/2010,3355.674431,4652.764315,3888.645495,3901.806182,3918.893713,3888.645495,9376.004175,8115.321587,11101.31974,9531.503984,8684.035518,11101.31974,9748.874544,9393.29375,11101.31974,9055.559059,9949.814871,11101.31974,2279.730888,2264.657927,0.001001968,0.001005531,0.001008742,0.001011081,3159.968593,3159.968593,3159.968593,7089.565132,7089.565132,7089.565132,7089.565132,7089.565132
4/27/2010,4203.827374,4410.944852,4866.888101,4662.631978,4652.764315,4866.888101,10165.51322,7206.408969,12039.89219,10165.06864,8115.321587,12039.89219,10408.72767,8684.035518,12039.89219,9814.709072,9393.29375,12039.89219,2739.145136,2720.60647,0.001001968,0.001005531,0.001008742,0.001011081,3305.385237,3305.385237,3305.385237,7552.753547,7552.753547,7552.753547,7552.753547,7552.753547
4/28/2010,3958.228202,3688.673451,4542.694259,4422.79851,4410.944852,4542.694259,8469.59973,6350.543623,9975.657145,8538.284719,7206.408969,9975.657145,8963.263247,8115.321587,9975.657145,9372.42049,8684.035518,9975.657145,2458.934076,2442.517839,0.001001968,0.001005531,0.001008742,0.001011081,3482.402787,3482.402787,3482.402787,7978.430672,7978.430672,7978.430672,7978.430672,7978.430672
4/29/2010,3090.196496,2920.752654,3557.232367,3688.442563,3688.673451,3557.232367,6266.937015,7801.246925,7371.852692,6557.203705,6350.543623,7371.852692,7252.280621,7206.408969,7371.852692,7883.302972,8115.321587,7371.852692,2033.666521,2020.418255,0.001001968,0.001005531,0.001008742,0.001011081,3624.125859,3624.125859,3624.125859,8285.744459,8285.744459,8285.744459,8285.744459,8285.744459
4/30/2010,2461.369699,2550.533889,2794.220309,2920.033544,2920.752654,2794.220309,5379.273605,8835.645177,6256.54888,5613.379781,7801.246925,6256.54888,6104.653751,6350.543623,6256.54888,7121.364583,7206.408969,6256.54888,1486.835752,1477.546309,0.001001968,0.001005531,0.001008742,0.001011081,3662.629956,3662.629956,3662.629956,8485.248967,8485.248967,8485.248967,8485.248967,8485.248967
5/1/2010,2210.638233,2439.577405,2494.687315,2549.876168,2550.533889,2494.687315,4797.18474,6810.244414,5550.030428,4946.171007,8835.645177,5550.030428,5345.410716,7801.246925,5550.030428,5881.880931,6350.543623,5550.030428,1284.946777,1277.078357,0.001001968,0.001005531,0.001008742,0.001011081,3655.595683,3655.595683,3655.595683,8570.004617,8570.004617,8570.004617,8570.004617,8570.004617
5/2/2010,2129.146848,2494.160609,2406.264669,2436.05196,2439.577405,2406.264669,4755.171744,5987.847104,5512.849883,4872.987447,6810.244414,5512.849883,5184.521877,8835.645177,5512.849883,5480.629079,7801.246925,5512.849883,1259.694945,1252.002444,0.001001968,0.001005531,0.001008742,0.001011081,3546.875153,3546.875153,3546.875153,8451.677117,8451.677117,8451.677117,8451.677117,8451.677117
5/3/2010,2171.100634,2441.422853,2469.986321,2491.426321,2494.160609,2469.986321,6611.480145,5467.662356,7736.537325,6699.154218,5987.847104,7736.537325,6955.863924,6810.244414,7736.537325,6874.289242,8835.645177,7736.537325,1354.4162,1346.06166,0.001001968,0.001005531,0.001008742,0.001011081,3379.312135,3379.312135,3379.312135,8126.202713,8126.202713,8126.202713,8126.202713,8126.202713
5/4/2010,2164.578058,2449.45687,2455.101976,2440.785351,2441.422853,2455.101976,7509.691928,4875.422596,8817.896752,7530.506515,5467.662356,8817.896752,7715.730146,5987.847104,8817.896752,8047.398187,6810.244414,8817.896752,1319.251333,1311.143253,0.001001968,0.001005531,0.001008742,0.001011081,3104.218191,3104.218191,3104.218191,7841.889881,7841.889881,7841.889881,7841.889881,7841.889881
5/5/2010,2141.184366,2260.653305,2437.990673,2451.736018,2449.45687,2437.990673,5574.194769,4628.233001,6515.606314,5665.583517,4875.422596,6515.606314,5908.902935,5467.662356,6515.606314,6035.669523,5987.847104,6515.606314,1349.938937,1341.615821,0.001001968,0.001005531,0.001008742,0.001011081,2832.908748,2832.908748,2832.908748,7396.184928,7396.184928,7396.184928,7396.184928,7396.184928
5/6/2010,1977.557981,2130.175971,2241.537175,2261.871176,2260.653305,2241.537175,4824.279182,4933.116922,5618.083354,4918.42135,4628.233001,5618.083354,5172.170725,4875.422596,5618.083354,5484.440207,5467.662356,5618.083354,1213.961441,1206.586441,0.001001968,0.001005531,0.001008742,0.001011081,2594.816795,2594.816795,2594.816795,6996.492345,6996.492345,6996.492345,6996.492345,6996.492345
5/7/2010,1852.462205,2055.898689,2096.25587,2119.79393,2130.175971,2096.25587,4277.747066,5108.174669,4967.883386,4374.470092,4933.116922,4967.883386,4624.760991,4628.233001,4967.883386,4850.998358,4875.422596,4967.883386,1130.716527,1123.915641,0.001001968,0.001005531,0.001008742,0.001011081,2457.354653,2457.354653,2457.354653,6667.372202,6667.372202,6667.372202,6667.372202,6667.372202
5/8/2010,1921.350466,2399.803018,2150.697645,2046.759313,2055.898689,2150.697645,4045.693682,5534.094797,4661.24592,4015.610131,5108.174669,4661.24592,4218.292389,4933.116922,4661.24592,4393.986165,4628.233001,4661.24592,1064.938343,1058.587433,0.001001968,0.001005531,0.001008742,0.001011081,2364.372511,2364.372511,2364.372511,6409.718754,6409.718754,6409.718754,6409.718754,6409.718754
5/9/2010,2200.449669,2597.325809,2480.912162,2408.881809,2399.803018,2480.912162,4217.807371,6260.284177,4891.476276,4241.229024,5534.094797,4891.476276,4342.419441,5108.174669,4891.476276,4201.844263,4933.116922,4891.476276,1281.78967,1273.943267,0.001001968,0.001005531,0.001008742,0.001011081,2328.66411,2328.66411,2328.66411,6219.798025,6219.798025,6219.798025,6219.798025,6219.798025
5/10/2010,2255.391527,2313.724576,2576.115611,2604.708289,2597.325809,2576.115611,4605.346266,5545.460416,5403.131816,4736.024971,6260.284177,5403.131816,4979.540082,5534.094797,5403.131816,4746.065953,5108.174669,5403.131816,1460.78512,1451.680421,0.001001968,0.001005531,0.001008742,0.001011081,2334.670084,2334.670084,2334.670084,5852.86513,5852.86513,5852.86513,5852.86513,5852.86513
5/11/2010,1881.503527,2325.339079,2137.40434,2235.92998,2313.724576,2137.40434,4236.399902,5633.124214,4942.697146,4410.58653,5545.460416,4942.697146,4706.475295,6260.284177,4942.697146,5026.050386,5534.094797,4942.697146,1190.99048,1183.774404,0.001001968,0.001005531,0.001008742,0.001011081,2315.478346,2315.478346,2315.478346,5347.220285,5347.220285,5347.220285,5347.220285,5347.220285
5/12/2010,2262.704098,3078.328375,2517.134903,2314.041223,2325.339079,2517.134903,4980.564747,6045.147318,5718.237606,4862.393546,5633.124214,5718.237606,5007.322641,5545.460416,5718.237606,4885.48602,6260.284177,5718.237606,1136.717318,1129.875217,0.001001968,0.001005531,0.001008742,0.001011081,2285.87144,2285.87144,2285.87144,5206.337962,5206.337962,5206.337962,5206.337962,5206.337962
5/13/2010,2826.051659,2725.699335,3207.811887,3116.428969,3078.328375,3207.811887,6232.987081,5387.429871,7294.945911,6254.403669,6045.147318,7294.945911,6306.447903,5633.124214,7294.945911,5866.685142,5545.460416,7294.945911,1679.950701,1669.280036,0.001001968,0.001005531,0.001008742,0.001011081,2365.872063,2365.872063,2365.872063,5299.8767,5299.8767,5299.8767,5299.8767,5299.8767
5/14/2010,2268.650485,2074.618893,2572.650708,2737.628055,2725.699335,2572.650708,4906.313463,4930.00804,5716.417581,5166.542307,5387.429871,5716.417581,5442.853838,6045.147318,5716.417581,5651.936512,5633.124214,5716.417581,1372.926636,1364.442049,0.001001968,0.001005531,0.001008742,0.001011081,2450.204448,2450.204448,2450.204448,5368.745519,5368.745519,5368.745519,5368.745519,5368.745519
5/15/2010,1944.89834,2573.660411,2150.982647,2093.850085,2074.618893,2150.982647,4240.664955,5343.113341,4848.406408,4246.48466,4930.00804,4848.406408,4622.864256,5387.429871,4848.406408,5147.861548,6045.147318,4848.406408,960.3175602,954.6751142,0.001001968,0.001005531,0.001008742,0.001011081,2485.17731,2485.17731,2485.17731,5509.771116,5509.771116,5509.771116,5509.771116,5509.771116
5/16/2010,2240.553794,2082.957935,2550.457481,2580.984303,2573.660411,2550.457481,4901.916045,5972.935592,5740.290508,5023.536278,5343.113341,5740.290508,5225.687513,4930.00804,5740.290508,5135.062482,5387.429871,5740.290508,1417.098092,1408.302319,0.001001968,0.001005531,0.001008742,0.001011081,2521.804851,2521.804851,2521.804851,5674.209865,5674.209865,5674.209865,5674.209865,5674.209865
5/17/2010,1753.687229,1929.375909,1971.855527,2082.706302,2082.957935,1971.855527,4279.694321,5378.843209,4961.518621,4447.501657,5972.935592,4961.518621,4713.348127,5343.113341,4961.518621,5138.744727,4930.00804,4961.518621,1029.940351,1023.827457,0.001001968,0.001005531,0.001008742,0.001011081,2465.724063,2465.724063,2465.724063,5690.703288,5690.703288,5690.703288,5690.703288,5690.703288
5/18/2010,1548.445883,2373.874519,1725.092422,1763.642518,1929.375909,1725.092422,3552.901162,4857.565621,4080.347871,3642.186155,5378.843209,4080.347871,3915.187836,5972.935592,4080.347871,4266.296247,5343.113341,4080.347871,848.6500531,843.7530282,0.001001968,0.001005531,0.001008742,0.001011081,2405.102447,2405.102447,2405.102447,5633.913677,5633.913677,5633.913677,5633.913677,5633.913677
5/19/2010,2180.743758,2443.484346,2475.679,2431.462835,2373.874519,2475.679,4923.635948,4427.716785,5740.183091,4973.338975,4857.565621,5740.183091,5156.792554,5378.843209,5740.183091,4621.78503,5972.935592,5740.183091,1305.399753,1297.388536,0.001001968,0.001005531,0.001008742,0.001011081,2422.957799,2422.957799,2422.957799,5581.87093,5581.87093,5581.87093,5581.87093,5581.87093
5/20/2010,2220.243372,1978.436618,2526.502159,2519.514023,2443.484346,2526.502159,5667.636027,4224.594919,6646.906256,5737.382841,4427.716785,6646.906256,5882.622497,4857.565621,6646.906256,5962.267618,5378.843209,6646.906256,1376.200241,1367.692633,0.001001968,0.001005531,0.001008742,0.001011081,2361.869423,2361.869423,2361.869423,5521.432428,5521.432428,5521.432428,5521.432428,5521.432428
5/21/2010,1736.633506,1773.208899,1961.783209,1981.791671,1978.436618,1961.783209,4174.220489,4071.189795,4850.596003,4255.335004,4224.594919,4850.596003,4572.099533,4427.716785,4850.596003,4992.730813,4857.565621,4850.596003,1060.535428,1054.214515,0.001001968,0.001005531,0.001008742,0.001011081,2269.993389,2269.993389,2269.993389,5454.922598,5454.922598,5454.922598,5454.922598,5454.922598
5/22/2010,1516.897253,1593.07251,1705.498315,1763.886245,1773.208899,1705.498315,3481.542942,3784.52252,4024.302327,3594.664016,4071.189795,4024.302327,3799.092987,4224.594919,4024.302327,4196.16719,4427.716785,4024.302327,903.7811374,898.5175617,0.001001968,0.001005531,0.001008742,0.001011081,2199.867963,2199.867963,2199.867963,5297.981925,5297.981925,5297.981925,5297.981925,5297.981925
5/23/2010,1395.251107,1532.409187,1559.571535,1595.08579,1593.07251,1559.571535,3359.398061,3653.092722,3859.859603,3441.967009,3784.52252,3859.859603,3634.934102,4071.189795,3859.859603,3793.033856,4224.594919,3859.859603,793.9666966,789.4302299,0.001001968,0.001005531,0.001008742,0.001011081,2075.782841,2075.782841,2075.782841,5088.485857,5088.485857,5088.485857,5088.485857,5088.485857
5/24/2010,1364.879125,1501.979356,1527.009121,1538.573957,1532.409187,1527.009121,3412.342572,3887.429645,3930.890361,3466.562757,3653.092722,3930.890361,3632.737394,3784.52252,3930.890361,3794.615912,4071.189795,3930.890361,786.3373488,781.8509365,0.001001968,0.001005531,0.001008742,0.001011081,1990.239924,1990.239924,1990.239924,4943.032996,4943.032996,4943.032996,4943.032996,4943.032996
5/25/2010,1328.076461,1445.496633,1489.544081,1502.206376,1501.979356,1489.544081,3351.765971,4084.157741,3864.298828,3406.950719,3887.429645,3864.298828,3558.024395,3653.092722,3864.298828,3648.111878,3784.52252,3864.298828,787.1139691,782.6224645,0.001001968,0.001005531,0.001008742,0.001011081,1937.71639,1937.71639,1937.71639,4813.960763,4813.960763,4813.960763,4813.960763,4813.960763
5/26/2010,1273.812732,1410.86898,1427.985138,1445.452092,1445.496633,1427.985138,3087.240602,3707.363428,3562.031797,3146.177486,4084.157741,3562.031797,3287.143329,3887.429645,3562.031797,3462.328145,3653.092722,3562.031797,755.6873018,751.4013355,0.001001968,0.001005531,0.001008742,0.001011081,1806.305829,1806.305829,1806.305829,4572.222095,4572.222095,4572.222095,4572.222095,4572.222095
5/27/2010,1226.226158,1471.684638,1373.801505,1387.422663,1410.86898,1373.801505,2965.199846,3542.724111,3417.570792,3018.88983,3707.363428,3417.570792,3159.688726,4084.157741,3417.570792,3256.17683,3887.429645,3417.570792,727.1300326,723.0298734,0.001001968,0.001005531,0.001008742,0.001011081,1659.43665,1659.43665,1659.43665,4211.187111,4211.187111,4211.187111,4211.187111,4211.187111
5/28/2010,1312.037125,1408.684475,1475.1614,1475.660826,1471.684638,1475.1614,3361.284012,3364.666421,3892.335518,3402.762905,3542.724111,3892.335518,3517.851289,3707.363428,3892.335518,3507.812245,4084.157741,3892.335518,789.2773441,784.7716506,0.001001968,0.001005531,0.001008742,0.001011081,1566.498395,1566.498395,1566.498395,4004.410832,4004.410832,4004.410832,4004.410832,4004.410832
5/29/2010,1256.555157,1322.988491,1410.995647,1425.804161,1408.684475,1410.995647,3520.42475,3417.08793,4078.724133,3567.607746,3364.666421,4078.724133,3682.000177,3542.724111,4078.724133,3770.880415,3707.363428,4078.724133,754.0660149,749.7906224,0.001001968,0.001005531,0.001008742,0.001011081,1511.551787,1511.551787,1511.551787,3927.924657,3927.924657,3927.924657,3927.924657,3927.924657
5/30/2010,1166.581762,1309.924549,1307.946556,1323.891015,1322.988491,1307.946556,3106.833183,3369.812569,3580.728819,3157.290553,3417.08793,3580.728819,3290.256551,3364.666421,3580.728819,3377.166533,3542.724111,3580.728819,700.5421286,696.6141044,0.001001968,0.001005531,0.001008742,0.001011081,1467.526044,1467.526044,1467.526044,3856.312243,3856.312243,3856.312243,3856.312243,3856.312243
5/31/2010,1158.022794,1334.867144,1298.70596,1309.574967,1309.924549,1298.70596,2948.664053,3179.519101,3400.515962,2995.379408,3369.812569,3400.515962,3109.490293,3417.08793,3400.515962,3225.503262,3364.666421,3400.515962,697.8947493,693.9838182,0.001001968,0.001005531,0.001008742,0.001011081,1429.665291,1429.665291,1429.665291,3766.313243,3766.313243,3766.313243,3766.313243,3766.313243
6/1/2010,1166.863062,1302.356521,1322.70413,1328.155921,1334.867144,1322.70413,2794.823229,3097.790474,3247.133119,2843.580677,3179.519101,3247.133119,3020.081415,3369.812569,3247.133119,3037.784071,3417.08793,3247.133119,770.4531249,766.0707223,0.001001968,0.001005531,0.001008742,0.001011081,1408.212946,1408.212946,1408.212946,3668.367259,3668.367259,3668.367259,3668.367259,3668.367259
6/2/2010,1160.935652,1252.428216,1309.51313,1303.799115,1302.356521,1309.51313,2946.759835,2745.257328,3410.475111,2980.581804,3097.790474,3410.475111,3086.681549,3179.519101,3410.475111,3164.272625,3369.812569,3410.475111,733.3736798,729.2329768,0.001001968,0.001005531,0.001008742,0.001011081,1383.543693,1383.543693,1383.543693,3626.877294,3626.877294,3626.877294,3626.877294,3626.877294
6/3/2010,1114.811307,1154.453158,1252.881566,1257.540192,1252.428216,1252.881566,2787.310067,2617.072441,3223.551781,2826.906614,2745.257328,3223.551781,2928.879256,3097.790474,3223.551781,3070.812531,3179.519101,3223.551781,688.6090394,684.7579946,0.001001968,0.001005531,0.001008742,0.001011081,1360.757247,1360.757247,1360.757247,3597.158296,3597.158296,3597.158296,3597.158296,3597.158296
6/4/2010,1018.14615,1108.20913,1142.216124,1154.806285,1154.453158,1142.216124,2565.120325,2923.710191,2959.297021,2609.278513,2617.072441,2959.297021,2738.266318,2745.257328,2959.297021,2839.723829,3097.790474,2959.297021,627.8147619,624.3530928,0.001001968,0.001005531,0.001008742,0.001011081,1320.462427,1320.462427,1320.462427,3493.643538,3493.643538,3493.643538,3493.643538,3493.643538
6/5/2010,973.5438936,1093.661979,1091.207872,1103.687758,1108.20913,1091.207872,2534.624234,3015.97895,2923.043242,2575.44252,2923.710191,2923.043242,2682.936047,2617.072441,2923.043242,2791.338768,2745.257328,2923.043242,599.1155185,595.8359474,0.001001968,0.001005531,0.001008742,0.001011081,1276.08317,1276.08317,1276.08317,3345.54101,3345.54101,3345.54101,3345.54101,3345.54101
6/6/2010,1010.212507,1258.345997,1121.2246,1084.684836,1093.661979,1121.2246,2325.831891,3647.389602,2659.591465,2320.933874,3015.97895,2659.591465,2388.41855,2923.710191,2659.591465,2479.335937,2617.072441,2659.591465,560.7330855,557.6952108,0.001001968,0.001005531,0.001008742,0.001011081,1235.477741,1235.477741,1235.477741,3197.603006,3197.603006,3197.603006,3197.603006,3197.603006
6/7/2010,1179.556798,1247.217465,1311.247037,1264.236969,1258.345997,1311.247037,2446.594032,4690.09011,2800.992512,2441.838751,3647.389602,2800.992512,2462.623094,3015.97895,2800.992512,2370.266488,2923.710191,2800.992512,648.5198687,644.9261274,0.001001968,0.001005531,0.001008742,0.001011081,1215.737897,1215.737897,1215.737897,3074.200752,3074.200752,3074.200752,3074.200752,3074.200752
6/8/2010,1156.109351,1329.512361,1280.149864,1254.115187,1247.217465,1280.149864,2718.397906,4206.282134,3119.02791,2722.957578,4690.09011,3119.02791,2792.321019,3647.389602,3119.02791,2796.579174,3015.97895,3119.02791,624.1046867,620.6666222,0.001001968,0.001005531,0.001008742,0.001011081,1194.335853,1194.335853,1194.335853,3041.318966,3041.318966,3041.318966,3041.318966,3041.318966
6/9/2010,1104.915736,2004.908452,1240.134738,1265.908603,1329.512361,1240.134738,2664.180945,3712.698738,3077.535071,2724.775793,4206.282134,3077.535071,2867.70476,4690.09011,3077.535071,2806.152503,3647.389602,3077.535071,682.5884339,678.7761609,0.001001968,0.001005531,0.001008742,0.001011081,1195.477343,1195.477343,1195.477343,3008.848605,3008.848605,3008.848605,3008.848605,3008.848605
6/10/2010,1749.895179,1770.140357,1981.48886,2013.006919,2004.908452,1981.48886,3960.048049,5018.149112,4604.041727,4075.071326,3712.698738,4604.041727,3872.23116,4206.282134,4604.041727,3406.133448,4690.09011,4604.041727,993.6315578,987.7645241,0.001001968,0.001005531,0.001008742,0.001011081,1251.33692,1251.33692,1251.33692,3078.792686,3078.792686,3078.792686,3078.792686,3078.792686
6/11/2010,1973.740228,2304.622493,2159.123883,1814.040482,1770.140357,2159.123883,4883.020337,7533.818478,5606.319219,4574.072496,5018.149112,5606.319219,4725.116693,3712.698738,5606.319219,4695.976037,4206.282134,5606.319219,848.0145713,843.1217541,0.001001968,0.001005531,0.001008742,0.001011081,1346.936545,1346.936545,1346.936545,3367.127428,3367.127428,3367.127428,3367.127428,3367.127428
6/12/2010,1894.959578,2545.312404,2161.124123,2206.037708,2304.622493,2161.124123,3891.600613,6174.389995,4570.879404,4015.735906,7533.818478,4570.879404,4200.407894,5018.149112,4570.879404,3972.368742,3712.698738,4570.879404,1247.949585,1240.338762,0.001001968,0.001005531,0.001008742,0.001011081,1495.61514,1495.61514,1495.61514,3563.051033,3563.051033,3563.051033,3563.051033,3563.051033
6/13/2010,2342.994866,3472.506652,2641.563674,2520.454358,2545.312404,2641.563674,3851.502316,5214.510094,4475.2543,3851.478804,6174.389995,4475.2543,3883.04432,7533.818478,4475.2543,3755.791766,5018.149112,4475.2543,1259.366621,1251.676404,0.001001968,0.001005531,0.001008742,0.001011081,1674.487969,1674.487969,1674.487969,3711.283171,3711.283171,3711.283171,3711.283171,3711.283171
6/14/2010,3039.157762,3608.541568,3542.702285,3546.685869,3472.506652,3542.702285,5388.331625,4684.811579,6466.803785,5568.988257,5214.510094,6466.803785,5908.767759,6174.389995,6466.803785,4782.136853,7533.818478,6466.803785,2162.890107,2148.686561,0.001001968,0.001005531,0.001008742,0.001011081,1998.960953,1998.960953,1998.960953,4109.288767,4109.288767,4109.288767,4109.288767,4109.288767
6/15/2010,3079.709164,2223.66011,3598.886543,3634.804971,3608.541568,3598.886543,7311.515229,3925.16615,8796.320642,7479.784798,4684.811579,8796.320642,7811.509811,5214.510094,8796.320642,7882.226567,6174.389995,8796.320642,2256.83951,2241.937295,0.001001968,0.001005531,0.001008742,0.001011081,2331.396958,2331.396958,2331.396958,4791.166051,4791.166051,4791.166051,4791.166051,4791.166051
6/16/2010,1802.320882,1603.912455,2053.147098,2214.818926,2223.66011,2053.147098,3969.921598,3485.05566,4664.049142,4201.674897,3925.16615,4664.049142,4700.892622,4684.811579,4664.049142,5839.45539,5214.510094,4664.049142,1171.207121,1164.127613,0.001001968,0.001005531,0.001008742,0.001011081,2504.573209,2504.573209,2504.573209,5227.276059,5227.276059,5227.276059,5227.276059,5227.276059
6/17/2010,1392.423988,1520.164116,1545.25957,1606.08998,1603.912455,1545.25957,2860.83199,3144.889944,3267.971969,2972.768003,3485.05566,3267.971969,3274.80889,3925.16615,3267.971969,3928.16338,4684.811579,3267.971969,736.3446973,732.1846858,0.001001968,0.001005531,0.001008742,0.001011081,2524.85833,2524.85833,2524.85833,5399.396104,5399.396104,5399.396104,5399.396104,5399.396104
6/18/2010,1369.307686,1450.354455,1519.421683,1525.05253,1520.164116,1519.421683,3264.89942,2906.845969,3750.017653,3308.541812,3144.889944,3750.017653,3488.926241,3485.05566,3750.017653,3762.835037,3925.16615,3750.017653,731.3254828,727.198085,0.001001968,0.001005531,0.001008742,0.001011081,2487.458529,2487.458529,2487.458529,5275.543744,5275.543744,5275.543744,5275.543744,5275.543744
6/19/2010,1254.325032,1252.178251,1407.240751,1450.120006,1450.354455,1407.240751,2990.004329,2696.2675,3457.816149,3072.635535,2906.845969,3457.816149,3278.336594,3144.889944,3457.816149,3416.653334,3485.05566,3457.816149,753.1922951,748.9225997,0.001001968,0.001005531,0.001008742,0.001011081,2397.771655,2397.771655,2397.771655,5159.486498,5159.486498,5159.486498,5159.486498,5159.486498
6/20/2010,1076.288077,1127.045313,1200.7634,1251.783474,1252.178251,1200.7634,2622.1646,2950.542674,3018.43719,2704.474185,2696.2675,3018.43719,2865.1082,2906.845969,3018.43719,3146.156254,3144.889944,3018.43719,625.7009616,622.2527434,0.001001968,0.001005531,0.001008742,0.001011081,2254.866468,2254.866468,2254.866468,5091.721284,5091.721284,5091.721284,5091.721284,5091.721284
6/21/2010,992.6014949,1130.686994,1103.582649,1126.730911,1127.045313,1103.582649,2320.086024,2915.663998,2660.216997,2373.158117,2950.542674,2660.216997,2518.645811,2696.2675,2660.216997,2698.299169,2906.845969,2660.216997,564.5755547,561.5135821,0.001001968,0.001005531,0.001008742,0.001011081,1931.623247,1931.623247,1931.623247,4739.505197,4739.505197,4739.505197,4739.505197,4739.505197
6/22/2010,967.1581891,1349.952112,1077.904674,1093.748152,1130.686994,1077.904674,2282.233793,2810.611695,2623.139484,2327.338179,2915.663998,2623.139484,2442.315052,2950.542674,2623.139484,2553.927319,2696.2675,2623.139484,565.1130985,562.047753,0.001001968,0.001005531,0.001008742,0.001011081,1584.106774,1584.106774,1584.106774,4018.296757,4018.296757,4018.296757,4018.296757,4018.296757
6/23/2010,1199.221968,1307.639046,1356.824209,1357.728485,1349.952112,1356.824209,2514.037844,2684.512144,2911.462477,2567.002721,2810.611695,2911.462477,2666.438629,2915.663998,2911.462477,2422.598963,2950.542674,2911.462477,764.2656391,759.9236769,0.001001968,0.001005531,0.001008742,0.001011081,1414.562391,1414.562391,1414.562391,3518.680468,3518.680468,3518.680468,3518.680468,3518.680468
6/24/2010,1197.720711,1232.993963,1346.584475,1327.675899,1307.639046,1346.584475,2774.347145,2566.065619,3210.889255,2796.47866,2684.512144,3210.889255,2898.293248,2810.611695,3210.889255,2973.088832,2915.663998,3210.889255,731.8661166,727.7352073,0.001001968,0.001005531,0.001008742,0.001011081,1347.023897,1347.023897,1347.023897,3233.779289,3233.779289,3233.779289,3233.779289,3233.779289
6/25/2010,1079.313752,1150.402353,1214.980201,1235.306804,1232.993963,1214.980201,2386.950582,2484.791648,2758.795767,2447.540865,2566.065619,2758.795767,2573.516129,2684.512144,2758.795767,2678.703962,2810.611695,2758.795767,679.1428437,675.3527394,0.001001968,0.001005531,0.001008742,0.001011081,1297.849944,1297.849944,1297.849944,3035.507105,3035.507105,3035.507105,3035.507105,3035.507105
6/26/2010,1009.752282,982.0437941,1131.014649,1153.028319,1150.402353,1131.014649,2239.116458,2422.70932,2579.569733,2296.146954,2484.791648,2579.569733,2403.853917,2566.065619,2579.569733,2546.4235,2684.512144,2579.569733,613.8233397,610.4505897,0.001001968,0.001005531,0.001008742,0.001011081,1244.804578,1244.804578,1244.804578,2911.46706,2911.46706,2911.46706,2911.46706,2911.46706
6/27/2010,870.3201323,938.0560715,971.4750022,982.1675624,982.0437941,971.4750022,2073.539212,2314.818287,2378.775272,2111.476261,2422.70932,2378.775272,2265.175861,2484.791648,2378.775272,2388.507121,2566.065619,2378.775272,524.2386994,521.4285564,0.001001968,0.001005531,0.001008742,0.001011081,1207.347645,1207.347645,1207.347645,2822.713613,2822.713613,2822.713613,2822.713613,2822.713613
6/28/2010,823.9904104,886.4588028,919.2490655,938.2439496,938.0560715,919.2490655,2026.664108,2223.452203,2323.741763,2070.470168,2314.818287,2323.741763,2156.913006,2422.70932,2323.741763,2287.810371,2484.791648,2323.741763,497.1226981,494.4803696,0.001001968,0.001005531,0.001008742,0.001011081,1173.644101,1173.644101,1173.644101,2756.199365,2756.199365,2756.199365,2756.199365,2756.199365
6/29/2010,792.6526333,879.2907077,881.8169012,886.4749202,886.4588028,881.8169012,2014.317766,2151.1139,2306.288268,2041.027273,2223.452203,2306.288268,2127.843001,2314.818287,2306.288268,2197.538938,2422.70932,2306.288268,468.6558136,466.1883018,0.001001968,0.001005531,0.001008742,0.001011081,1142.518146,1142.518146,1142.518146,2705.789132,2705.789132,2705.789132,2705.789132,2705.789132
6/30/2010,783.8831477,864.209305,874.782634,879.3368616,879.2907077,874.782634,2025.13141,2096.975075,2325.50639,2051.1855,2151.1139,2325.50639,2132.052836,2223.452203,2325.50639,2187.899348,2314.818287,2325.50639,478.2213046,475.6952107,0.001001968,0.001005531,0.001008742,0.001011081,1080.369668,1080.369668,1080.369668,2662.296249,2662.296249,2662.296249,2662.296249,2662.296249
7/1/2010,764.5902403,821.8696551,855.0856576,864.286943,864.209305,855.0856576,1947.541757,2047.81797,2237.32851,1978.900842,2096.975075,2237.32851,2058.064093,2151.1139,2237.32851,2105.146709,2223.452203,2237.32851,477.2973732,474.7769449,0.001001968,0.001005531,0.001008742,0.001011081,1017.611174,1017.611174,1017.611174,2554.71623,2554.71623,2554.71623,2554.71623,2554.71623
7/2/2010,725.9340014,787.6947231,810.7692831,821.9869614,821.8696551,810.7692831,1856.756291,2001.537316,2129.035095,1888.71053,2047.81797,2129.035095,1965.171578,2096.975075,2129.035095,2031.498643,2151.1139,2129.035095,450.8051259,448.4464898,0.001001968,0.001005531,0.001008742,0.001011081,958.0540167,958.0540167,958.0540167,2453.922348,2453.922348,2453.922348,2453.922348,2453.922348
7/3/2010,699.0626026,766.2546514,780.1359791,787.8634489,787.6947231,780.1359791,1786.996563,1952.748041,2046.732437,1814.63464,2001.537316,2046.732437,1889.224144,2047.81797,2046.732437,1946.425133,2096.975075,2046.732437,433.2638504,431.011616,0.001001968,0.001005531,0.001008742,0.001011081,906.1962813,906.1962813,906.1962813,2365.319505,2365.319505,2365.319505,2365.319505,2365.319505
7/4/2010,680.6155953,744.9231125,759.7884811,766.4695515,766.2546514,759.7884811,1757.952582,1902.937585,2014.0689,1783.835723,1952.748041,2014.0689,1853.060261,2001.537316,2014.0689,1901.496169,2047.81797,2014.0689,424.6907528,422.4903023,0.001001968,0.001005531,0.001008742,0.001011081,866.0579704,866.0579704,866.0579704,2284.330431,2284.330431,2284.330431,2284.330431,2284.330431
7/5/2010,661.8638338,723.9744858,738.9232152,745.1786724,744.9231125,738.9232152,1719.11014,1818.567428,1970.140722,1743.743648,1902.937585,1970.140722,1809.846887,1952.748041,1970.140722,1862.985718,2001.537316,1970.140722,415.032021,412.8897351,0.001001968,0.001005531,0.001008742,0.001011081,837.7386919,837.7386919,837.7386919,2217.633175,2217.633175,2217.633175,2217.633175,2217.633175
7/6/2010,643.42297,703.67789,718.3407733,724.2601529,723.9744858,718.3407733,1672.919733,1664.476434,1917.959063,1696.451594,1818.567428,1917.959063,1760.176405,1902.937585,1917.959063,1814.785224,1952.748041,1917.959063,405.1863612,403.1031684,0.001001968,0.001005531,0.001008742,0.001011081,812.79971,812.79971,812.79971,2156.40841,2156.40841,2156.40841,2156.40841,2156.40841
7/7/2010,625.5317472,684.0140957,698.3506006,703.9695762,703.67789,698.3506006,1639.129684,3085.02496,1878.96114,1661.672903,1664.476434,1878.96114,1723.276944,1818.567428,1878.96114,1766.693709,1902.937585,1878.96114,395.4990595,393.4738103,0.001001968,0.001005531,0.001008742,0.001011081,786.8310751,786.8310751,786.8310751,2090.766526,2090.766526,2090.766526,2090.766526,2090.766526
7/8/2010,608.1922384,633.7364435,678.959551,684.3054295,684.0140957,678.959551,1606.165372,3738.483627,1840.879072,1627.750764,3085.02496,1840.879072,1687.226729,1664.476434,1840.879072,1730.172666,1818.567428,1840.879072,385.9895643,384.0209985,0.001001968,0.001005531,0.001008742,0.001011081,760.5392754,760.5392754,760.5392754,2035.167134,2035.167134,2035.167134,2035.167134,2035.167134
7/9/2010,561.7752614,311.1011507,622.7929514,632.6584403,633.7364435,622.7929514,1509.902265,3136.870666,1721.673249,1533.006654,3738.483627,1721.673249,1577.050721,3085.02496,1721.673249,1656.233959,1664.476434,1721.673249,337.6226684,335.9392027,0.001001968,0.001005531,0.001008742,0.001011081,731.7244766,731.7244766,731.7244766,1978.973527,1978.973527,1978.973527,1978.973527,1978.973527
7/10/2010,251.9619605,497.9902415,254.9764332,305.5854658,311.1011507,254.9764332,1131.000318,4548.92793,1242.973147,1173.653623,3136.870666,1242.973147,1152.354351,3738.483627,1242.973147,1493.473216,3085.02496,1242.973147,2.778334036,2.775889447,0.001001968,0.001005531,0.001008742,0.001011081,660.7526516,660.7526516,660.7526516,1913.649878,1913.649878,1913.649878,1913.649878,1913.649878
7/11/2010,898.091486,1735.538691,939.6999355,500.2639841,497.9902415,939.6999355,3003.554821,6926.076657,3400.433886,2546.89461,4548.92793,3400.433886,2579.702436,3136.870666,3400.433886,2397.204304,3738.483627,3400.433886,230.2860567,229.2126431,0.001001968,0.001005531,0.001008742,0.001011081,626.7772839,626.7772839,626.7772839,2061.537648,2061.537648,2061.537648,2061.537648,2061.537648
7/12/2010,1484.880244,1102.566568,1703.937786,1740.31898,1735.538691,1703.937786,4324.892079,4780.163457,5121.963986,4396.289181,6926.076657,5121.963986,4142.2446,4548.92793,5121.963986,3429.039351,3136.870666,5121.963986,1066.000537,1059.642387,0.001001968,0.001005531,0.001008742,0.001011081,708.5009771,708.5009771,708.5009771,2303.597634,2303.597634,2303.597634,2303.597634,2303.597634
7/13/2010,831.6831327,806.6533371,919.2836389,1098.774065,1102.566568,919.2836389,3066.198768,2789.872351,3549.476982,3244.486661,4780.163457,3549.476982,3321.233799,6926.076657,3549.476982,3532.559025,4548.92793,3549.476982,468.9623115,466.4929252,0.001001968,0.001005531,0.001008742,0.001011081,765.7215548,765.7215548,765.7215548,2525.375949,2525.375949,2525.375949,2525.375949,2525.375949
7/14/2010,696.003468,834.0941399,751.6332533,806.4073726,806.6533371,751.6332533,3685.667613,2232.939897,4248.943037,3723.510997,2789.872351,4248.943037,3862.862242,4780.163457,4248.943037,3903.164177,6926.076657,4248.943037,304.1485334,302.6589663,0.001001968,0.001005531,0.001008742,0.001011081,797.5133238,797.5133238,797.5133238,2966.372939,2966.372939,2966.372939,2966.372939,2966.372939
7/15/2010,780.6572386,834.7035057,850.9265114,837.8157807,834.0941399,850.9265114,5666.826197,2111.921904,6648.82448,5586.665564,2232.939897,6648.82448,5578.272416,2789.872351,6648.82448,5995.170061,4780.163457,6648.82448,378.902241,376.9757912,0.001001968,0.001005531,0.001008742,0.001011081,824.2319571,824.2319571,824.2319571,3669.225828,3669.225828,3669.225828,3669.225828,3669.225828
7/16/2010,743.5300744,693.3003623,820.6199894,835.8452309,834.7035057,820.6199894,3791.479388,2419.46553,4414.455579,3782.910282,2111.921904,4414.455579,3824.988627,2232.939897,4414.455579,3929.386286,2789.872351,4414.455579,417.4627484,415.3058426,0.001001968,0.001005531,0.001008742,0.001011081,858.0182439,858.0182439,858.0182439,4063.006918,4063.006918,4063.006918,4063.006918,4063.006918
7/17/2010,589.7814104,517.2350742,646.2700711,693.6875763,693.3003623,646.2700711,2205.370534,2557.486407,2527.70808,2251.050165,2419.46553,2527.70808,2313.352486,2111.921904,2527.70808,2496.243969,2232.939897,2527.70808,317.167924,315.6032974,0.001001968,0.001005531,0.001008742,0.001011081,918.9493759,918.9493759,918.9493759,4209.014821,4209.014821,4209.014821,4209.014821,4209.014821
7/18/2010,428.4720131,472.4456751,460.7154662,517.7289157,517.2350742,460.7154662,1596.069206,2145.195943,1802.135398,1650.578718,2557.486407,1802.135398,1707.834135,2419.46553,1802.135398,1910.719925,2111.921904,1802.135398,191.0818666,190.2214526,0.001001968,0.001005531,0.001008742,0.001011081,922.6136491,922.6136491,922.6136491,4072.110068,4072.110068,4072.110068,4072.110068,4072.110068
7/19/2010,491.4259449,810.0206652,527.2166932,469.9123536,472.4456751,527.2166932,1688.902579,2728.192843,1905.193881,1630.336068,2145.195943,1905.193881,1710.404991,2557.486407,1905.193881,1751.204316,2419.46553,1905.193881,211.3552657,210.3854812,0.001001968,0.001005531,0.001008742,0.001011081,809.5872191,809.5872191,809.5872191,3831.348857,3831.348857,3831.348857,3831.348857,3831.348857
7/20/2010,744.4510293,825.0377265,828.7386227,810.7728439,810.0206652,828.7386227,2355.399812,1272.480618,2716.857033,2348.252455,2728.192843,2716.857033,2303.057686,2145.195943,2716.857033,2142.41039,2557.486407,2716.857033,452.1512776,449.7844517,0.001001968,0.001005531,0.001008742,0.001011081,749.4013383,749.4013383,749.4013383,3660.836683,3660.836683,3660.836683,3660.836683,3660.836683
7/21/2010,753.5277266,780.8829827,830.8462181,821.2019279,825.0377265,830.8462181,2466.142798,965.2282447,2838.341354,2461.059952,1272.480618,2838.341354,2453.523152,2728.192843,2838.341354,2467.644548,2145.195943,2838.341354,417.0221274,414.8678727,0.001001968,0.001005531,0.001008742,0.001011081,726.2493553,726.2493553,726.2493553,3315.840908,3315.840908,3315.840908,3315.840908,3315.840908
7/22/2010,772.0767204,929.6429598,834.0254215,782.42298,780.8829827,834.0254215,2022.763321,3576.311205,2285.681831,1983.491584,965.2282447,2285.681831,1981.05307,1272.480618,2285.681831,1985.353114,2728.192843,2285.681831,332.9919504,331.3354834,0.001001968,0.001005531,0.001008742,0.001011081,706.7470821,706.7470821,706.7470821,2671.099178,2671.099178,2671.099178,2671.099178,2671.099178
7/23/2010,923.2029773,1420.54865,999.3079293,924.0658513,929.6429598,999.3079293,2580.457396,5823.190774,2942.013371,2510.792311,3576.311205,2942.013371,2477.526367,965.2282447,2942.013371,2470.433173,1272.480618,2942.013371,405.1583388,403.0753138,0.001001968,0.001005531,0.001008742,0.001011081,704.1952524,704.1952524,704.1952524,2423.061436,2423.061436,2423.061436,2423.061436,2423.061436
7/24/2010,1444.296255,1480.390932,1488.635764,1417.398964,1420.54865,1488.635764,1926.14822,4593.752026,2007.368333,1896.302854,5823.190774,2007.368333,1022.700426,3576.311205,2007.368333,1287.180234,965.2282447,2007.368333,19.88591974,19.83486429,0.001001968,0.001005531,0.001008742,0.001011081,679.5882562,679.5882562,679.5882562,2241.156789,2241.156789,2241.156789,2241.156789,2241.156789
7/25/2010,1995.500197,3631.179811,2059.908572,1487.092767,1480.390932,2059.908572,2106.301957,4101.41916,2189.755826,1578.419543,4593.752026,2189.755826,1751.97424,5823.190774,2189.755826,706.5308035,3576.311205,2189.755826,220.8838676,219.8620955,0.001001968,0.001005531,0.001008742,0.001011081,831.3323691,831.3323691,831.3323691,2208.736032,2208.736032,2208.736032,2208.736032,2208.736032
7/26/2010,3131.379317,2891.584217,3625.73331,3636.502149,3631.179811,3625.73331,5534.052285,3874.87664,6658.498728,5702.707646,4101.41916,6658.498728,5942.236159,4593.752026,6658.498728,4151.7412,5823.190774,6658.498728,2179.934821,2165.604773,0.001001968,0.001005531,0.001008742,0.001011081,1244.34972,1244.34972,1244.34972,2532.88978,2532.88978,2532.88978,2532.88978,2532.88978
7/27/2010,2205.938082,1176.039969,2521.710778,2893.312345,2891.584217,2521.710778,5647.338432,2773.741138,6702.043134,6082.358379,3874.87664,6702.043134,6306.347085,4101.41916,6702.043134,7002.003976,4593.752026,6702.043134,1448.237493,1439.221639,0.001001968,0.001005531,0.001008742,0.001011081,1555.381363,1555.381363,1555.381363,3039.554838,3039.554838,3039.554838,3039.554838,3039.554838
7/28/2010,943.7661186,981.0135034,1004.76564,1176.123825,1176.039969,1004.76564,1887.320358,2395.373163,2095.230054,2073.684927,2773.741138,2095.230054,2696.560635,3874.87664,2095.230054,3855.291077,4101.41916,2095.230054,322.2435095,320.6494967,0.001001968,0.001005531,0.001008742,0.001011081,1696.0525,1696.0525,1696.0525,3349.745616,3349.745616,3349.745616,3349.745616,3349.745616
7/29/2010,865.0321328,1013.104329,926.5341124,981.3224558,981.0135034,926.5341124,1939.416353,2236.055379,2172.866008,2008.45073,2395.373163,2172.866008,2251.576389,2773.741138,2172.866008,2802.854564,3874.87664,2172.866008,330.1415199,328.5016446,0.001001968,0.001005531,0.001008742,0.001011081,1758.74452,1758.74452,1758.74452,3525.237831,3525.237831,3525.237831,3525.237831,3525.237831
7/30/2010,892.0619951,840.9378694,970.1723295,1013.494535,1013.104329,970.1723295,2694.598204,2333.16317,3087.684416,2741.229221,2236.055379,3087.684416,2828.944944,2395.373163,3087.684416,3033.795751,2773.741138,3087.684416,414.5294018,412.3901375,0.001001968,0.001005531,0.001008742,0.001011081,1788.81236,1788.81236,1788.81236,3564.81861,3564.81861,3564.81861,3564.81861,3564.81861
7/31/2010,747.6927787,789.8937536,808.9121069,841.1935661,840.9378694,808.9121069,2069.322698,2140.480335,2350.352954,2107.478711,2333.16317,2350.352954,2231.74694,2236.055379,2350.352954,2399.589132,2395.373163,2350.352954,335.7596046,334.0870078,0.001001968,0.001005531,0.001008742,0.001011081,1841.861943,1841.861943,1841.861943,3722.256588,3722.256588,3722.256588,3722.256588,3722.256588
8/1/2010,693.3935711,901.7547686,750.6097333,775.4342712,789.8937536,750.6097333,1832.056554,1788.931887,2073.103031,1864.738791,2140.480335,2073.103031,1944.409916,2333.16317,2073.103031,2080.463343,2236.055379,2073.103031,317.751135,316.1831352,0.001001968,0.001005531,0.001008742,0.001011081,1726.625303,1726.625303,1726.625303,3769.631195,3769.631195,3769.631195,3769.631195,3769.631195
8/2/2010,829.7797938,996.6411614,908.5824534,907.3263708,901.7547686,908.5824534,1959.731175,1373.878349,2228.990343,1976.473894,1788.931887,2228.990343,2016.593104,2140.480335,2228.990343,1953.033755,2333.16317,2228.990343,420.3967303,418.2221617,0.001001968,0.001005531,0.001008742,0.001011081,1364.365129,1364.365129,1364.365129,3458.693375,3458.693375,3458.693375,3458.693375,3458.693375
8/3/2010,886.8287882,685.9039017,978.704728,1004.855008,996.6411614,978.704728,2164.272769,1592.386578,2482.944068,2209.867183,1373.878349,2482.944068,2230.493206,1788.931887,2482.944068,2209.167555,2140.480335,2482.944068,482.2284491,479.6777655,0.001001968,0.001005531,0.001008742,0.001011081,1088.943437,1088.943437,1088.943437,2951.157927,2951.157927,2951.157927,2951.157927,2951.157927
8/4/2010,606.7988292,360.1387832,657.2697649,681.8065934,685.9039017,657.2697649,1665.539323,2018.56814,1882.449254,1696.2985,1592.386578,1882.449254,1842.295914,1373.878349,1882.449254,2028.447856,1788.931887,1882.449254,286.325199,284.9376126,0.001001968,0.001005531,0.001008742,0.001011081,951.8333125,951.8333125,951.8333125,2582.759301,2582.759301,2582.759301,2582.759301,2582.759301
8/5/2010,272.9641376,265.42297,275.2931656,361.6727832,360.1387832,275.2931656,1013.0415,1949.171192,1100.802131,1092.102591,2018.56814,1100.802131,1117.080717,1592.386578,1100.802131,1531.05404,1373.878349,1100.802131,0.001000564,0.001006515,0.001001968,0.001005531,0.001008742,0.001011081,840.7426144,840.7426144,840.7426144,2325.924276,2325.924276,2325.924276,2325.924276,2325.924276
8/6/2010,365.220887,757.5688443,367.3310343,268.3484911,265.42297,367.3310343,881.4529502,1812.794797,936.5579777,778.8004611,1949.171192,936.5579777,863.3016359,2018.56814,936.5579777,914.5198814,1592.386578,936.5579777,0.001000564,0.001006515,0.001001968,0.001005531,0.001008742,0.001011081,740.4454787,740.4454787,740.4454787,2058.043163,2058.043163,2058.043163,2058.043163,2058.043163
8/7/2010,831.4407642,1196.284783,903.4339924,757.8918109,757.5688443,903.4339924,1837.957674,1765.372022,2088.811935,1707.56801,1812.794797,2088.811935,1662.891796,1949.171192,2088.811935,1383.841762,2018.56814,2088.811935,395.714865,393.6883271,0.001001968,0.001005531,0.001008742,0.001011081,700.9770422,700.9770422,700.9770422,1904.860583,1904.860583,1904.860583,1904.860583,1904.860583
8/8/2010,1040.309602,834.0629587,1174.560942,1196.48062,1196.284783,1174.560942,2423.076934,1736.629476,2827.579048,2476.668318,1765.372022,2827.579048,2438.617487,1812.794797,2827.579048,2082.022297,1949.171192,2827.579048,692.280924,688.4062108,0.001001968,0.001005531,0.001008742,0.001011081,733.9755635,733.9755635,733.9755635,1871.837631,1871.837631,1871.837631,1871.837631,1871.837631
8/9/2010,678.4986886,534.24174,742.003723,833.5530423,834.0629587,742.003723,1778.719266,1866.893845,2025.000551,1880.083063,1736.629476,2025.000551,1945.24207,1765.372022,2025.000551,2165.404319,1812.794797,2025.000551,355.9857326,354.1946782,0.001001968,0.001005531,0.001008742,0.001011081,729.01447,729.01447,729.01447,1882.322707,1882.322707,1882.322707,1882.322707,1882.322707
8/10/2010,449.5592192,423.1584257,473.9686865,534.6225957,534.24174,473.9686865,1119.999717,1899.941104,1229.825757,1182.93339,1866.893845,1229.825757,1288.762776,1736.629476,1229.825757,1531.235193,1765.372022,1229.825757,151.4646203,150.8124316,0.001001968,0.001005531,0.001008742,0.001011081,681.1361294,681.1361294,681.1361294,1828.089724,1828.089724,1828.089724,1828.089724,1828.089724
8/11/2010,395.279506,550.5172279,411.5199748,423.8930317,423.1584257,411.5199748,1189.689564,1902.446192,1317.07588,1198.647427,1899.941104,1317.07588,1262.946343,1866.893845,1317.07588,1419.525621,1736.629476,1317.07588,104.8850748,104.466069,0.001001968,0.001005531,0.001008742,0.001011081,636.4876086,636.4876086,636.4876086,1750.780195,1750.780195,1750.780195,1750.780195,1750.780195
8/12/2010,540.4387303,767.4758612,581.9411468,548.567835,550.5172279,581.9411468,1499.464869,2025.683692,1692.149783,1469.772724,1902.446192,1692.149783,1506.856718,1899.941104,1692.149783,1446.672525,1866.893845,1692.149783,244.9598205,243.8051623,0.001001968,0.001005531,0.001008742,0.001011081,658.9710889,658.9710889,658.9710889,1731.14017,1731.14017,1731.14017,1731.14017,1731.14017
8/13/2010,658.6133088,685.6276483,726.7948101,768.4987219,767.4758612,726.7948101,1878.750583,2307.484838,2151.878038,1931.675743,2025.683692,2151.878038,1889.790506,1902.446192,2151.878038,1757.882875,1899.941104,2151.878038,376.6944648,374.7811115,0.001001968,0.001005531,0.001008742,0.001011081,704.6263316,704.6263316,704.6263316,1816.071403,1816.071403,1816.071403,1816.071403,1816.071403
8/14/2010,626.9105901,735.8618218,678.9683104,687.0547087,685.6276483,678.9683104,1795.339005,1876.059771,2032.980556,1808.68923,2307.484838,2032.980556,1830.945385,2025.683692,2032.980556,1873.218542,1902.446192,2032.980556,292.4014094,290.9791598,0.001001968,0.001005531,0.001008742,0.001011081,708.3231079,708.3231079,708.3231079,1895.341304,1895.341304,1895.341304,1895.341304,1895.341304
8/15/2010,632.9108271,962.3683097,698.1126754,654.2306238,735.8618218,698.1126754,1676.75143,2254.170042,1909.62806,1645.184289,1876.059771,1909.62806,1795.100264,2307.484838,1909.62806,1727.336805,2025.683692,1909.62806,366.1687605,364.3176933,0.001001968,0.001005531,0.001008742,0.001011081,666.3122424,666.3122424,666.3122424,1894.335033,1894.335033,1894.335033,1894.335033,1894.335033
8/16/2010,818.6864718,944.5431917,898.7767862,919.0452826,962.3683097,898.7767862,2045.379829,2161.968388,2326.033002,2086.968814,2254.170042,2326.033002,2000.118855,1876.059771,2326.033002,1944.036297,2307.484838,2326.033002,408.5584238,406.4550148,0.001001968,0.001005531,0.001008742,0.001011081,654.9523607,654.9523607,654.9523607,1873.560121,1873.560121,1873.560121,1873.560121,1873.560121
8/17/2010,956.7015705,612.1777674,1036.604237,1015.052582,944.5431917,1036.604237,2282.873091,1779.630221,2583.829578,2280.660797,2161.968388,2583.829578,2246.800741,2254.170042,2583.829578,2169.680052,1876.059771,2583.829578,385.9860139,384.0174692,0.001001968,0.001005531,0.001008742,0.001011081,699.4527787,699.4527787,699.4527787,1951.691947,1951.691947,1951.691947,1951.691947,1951.691947
8/18/2010,607.8579322,824.2569967,647.6550301,651.1149995,612.1777674,647.6550301,1509.340214,1177.966669,1676.493868,1520.207709,1779.630221,1676.493868,1658.787733,2161.968388,1676.493868,1854.729891,2254.170042,1676.493868,213.615617,212.6335326,0.001001968,0.001005531,0.001008742,0.001011081,740.0730687,740.0730687,740.0730687,2009.296192,2009.296192,2009.296192,2009.296192,2009.296192
8/19/2010,769.9073412,718.1885001,856.4211035,825.6368977,824.2569967,856.4211035,1874.068064,658.5337248,2154.535136,1863.509397,1177.966669,2154.535136,1962.27215,1779.630221,2154.535136,1899.086577,2161.968388,2154.535136,462.8693993,460.4372448,0.001001968,0.001005531,0.001008742,0.001011081,782.7712341,782.7712341,782.7712341,2081.676099,2081.676099,2081.676099,2081.676099,2081.676099
8/20/2010,592.025329,657.3815152,652.2469675,717.9302043,718.1885001,652.2469675,1777.451623,1300.19259,2031.676005,1850.979212,658.5337248,2031.676005,1863.518763,1177.966669,2031.676005,2060.419839,1779.630221,2031.676005,335.3655156,333.6952167,0.001001968,0.001005531,0.001008742,0.001011081,784.7337895,784.7337895,784.7337895,2102.411097,2102.411097,2102.411097,2102.411097,2102.411097
8/21/2010,447.8089246,2798.866421,477.7008616,487.6196426,657.3815152,477.7008616,1246.800883,8520.909919,1384.875544,1259.617633,1300.19259,1384.875544,1346.12439,658.5337248,1384.875544,1501.045573,1177.966669,1384.875544,178.1919585,177.4001405,0.001001968,0.001005531,0.001008742,0.001011081,767.2683784,767.2683784,767.2683784,2068.285736,2068.285736,2068.285736,2068.285736,2068.285736
8/22/2010,931.0008997,3969.475201,1013.194068,974.4020282,2798.866421,1013.194068,1571.596857,12795.52316,1731.695318,1574.6848,8520.909919,1731.695318,1539.993522,1300.19259,1731.695318,998.057835,658.5337248,1731.695318,389.6099957,387.6198728,0.001001968,0.001005531,0.001008742,0.001011081,783.0945123,783.0945123,783.0945123,1991.733421,1991.733421,1991.733421,1991.733421,1991.733421
8/23/2010,3563.953356,4546.952105,3777.203823,3194.837384,3969.475201,3777.203823,4089.030205,12159.26334,4323.961901,3727.085185,12795.52316,4323.961901,2952.00675,8520.909919,4323.961901,1300.193738,1300.19259,4323.961901,0.001000564,0.001006515,0.001001968,0.001005531,0.001008742,0.001011081,1025.158816,1025.158816,1025.158816,2131.783429,2131.783429,2131.783429,2131.783429,2131.783429
8/24/2010,7899.259074,13706.20947,8415.363347,5565.629443,4546.952105,8415.363347,8336.742096,11362.93757,8972.291167,5865.06479,12159.26334,8972.291167,5693.820488,12795.52316,8972.291167,3056.038947,8520.909919,8972.291167,1169.156057,1162.090692,0.001001968,0.001005531,0.001008742,0.001011081,1630.275766,1630.275766,1630.275766,2470.37416,2470.37416,2470.37416,2470.37416,2470.37416
8/25/2010,12062.83919,9266.494307,14355.40591,14156.92898,13706.20947,14355.40591,16198.1314,8545.824678,20190.15201,16873.87457,11362.93757,20190.15201,16588.90513,12159.26334,20190.15201,10153.1622,12795.52316,20190.15201,8424.808906,8359.731668,0.001001968,0.001005531,0.001008742,0.001011081,3203.786788,3203.786788,3203.786788,3502.685095,3502.685095,3502.685095,3502.685095,3502.685095
8/26/2010,7198.384785,4640.730003,8400.549282,9607.006646,9266.494307,8400.549282,13011.40072,5813.283514,15801.00521,14609.4562,8545.824678,15801.00521,15873.13988,11362.93757,15801.00521,18060.65617,12159.26334,15801.00521,4646.852029,4613.310853,0.001001968,0.001005531,0.001008742,0.001011081,4493.037449,4493.037449,4493.037449,5189.162893,5189.162893,5189.162893,5189.162893,5189.162893
8/27/2010,3746.148492,3104.55606,4146.686504,4804.375382,4640.730003,4146.686504,3781.190981,4407.442536,4326.284382,4628.320149,5813.283514,4326.284382,6433.474758,8545.824678,4326.284382,10102.77512,11362.93757,4326.284382,1649.316969,1638.866727,0.001001968,0.001005531,0.001008742,0.001011081,5286.163374,5286.163374,5286.163374,6806.345934,6806.345934,6806.345934,6806.345934,6806.345934
8/28/2010,2490.11076,2311.532317,2721.125093,3147.64217,3104.55606,2721.125093,3637.428305,3636.66774,4132.935755,4157.0186,4407.442536,4132.935755,5179.963625,5813.283514,4132.935755,7484.604966,8545.824678,4132.935755,1002.431016,996.5044998,0.001001968,0.001005531,0.001008742,0.001011081,5775.424186,5775.424186,5775.424186,7849.253427,7849.253427,7849.253427,7849.253427,7849.253427
8/29/2010,1972.616507,2043.800674,2136.867892,2338.63293,2311.532317,2136.867892,3874.34296,3229.290932,4397.453067,4123.726,3636.66774,4397.453067,4713.714276,4407.442536,4397.453067,5937.21452,5813.283514,4397.453067,727.7420747,723.6379431,0.001001968,0.001005531,0.001008742,0.001011081,6054.908265,6054.908265,6054.908265,8498.62235,8498.62235,8498.62235,8498.62235,8498.62235
8/30/2010,1796.849905,1868.064234,1955.628776,2062.255367,2043.800674,1955.628776,3309.248681,2971.306901,3756.029261,3467.085674,3229.290932,3756.029261,3814.655066,3636.66774,3756.029261,4385.359667,4407.442536,3756.029261,718.6278996,714.5828763,0.001001968,0.001005531,0.001008742,0.001011081,6030.325233,6030.325233,6030.325233,8694.396469,8694.396469,8694.396469,8694.396469,8694.396469
8/31/2010,1656.64794,1714.470557,1807.40467,1881.029829,1868.064234,1807.40467,2973.357994,2777.726373,3375.047349,3097.546971,2971.306901,3375.047349,3341.340981,3229.290932,3375.047349,3659.572332,3636.66774,3375.047349,693.2533486,689.3723645,0.001001968,0.001005531,0.001008742,0.001011081,5579.111585,5579.111585,5579.111585,8519.473989,8519.473989,8519.473989,8519.473989,8519.473989
9/1/2010,1527.877196,1587.748367,1667.121516,1723.761085,1714.470557,1667.121516,2644.293991,2618.479168,2992.917084,2749.950576,2777.726373,2992.917084,2951.100577,2971.306901,2992.917084,3174.424871,3229.290932,2992.917084,648.762048,645.1667586,0.001001968,0.001005531,0.001008742,0.001011081,4155.760415,4155.760415,4155.760415,7655.480836,7655.480836,7655.480836,7655.480836,7655.480836
9/2/2010,1420.560808,1483.992998,1549.641205,1594.484004,1587.748367,1549.641205,2436.408403,2492.175518,2752.365514,2527.286046,2618.479168,2752.365514,2701.878249,2777.726373,2752.365514,2874.948826,2971.306901,2752.365514,608.2543512,604.9169183,0.001001968,0.001005531,0.001008742,0.001011081,2982.372905,2982.372905,2982.372905,6094.780662,6094.780662,6094.780662,6094.780662,6094.780662
9/3/2010,1331.55037,1395.824349,1452.280981,1488.904405,1483.992998,1452.280981,2297.667222,2395.789824,2594.734363,2377.235252,2492.175518,2594.734363,2531.516321,2618.479168,2594.734363,2673.295322,2777.726373,2594.734363,574.5823462,571.4575123,0.001001968,0.001005531,0.001008742,0.001011081,2311.702769,2311.702769,2311.702769,4594.092269,4594.092269,4594.092269,4594.092269,4594.092269
9/4/2010,1255.929293,1319.108648,1369.438944,1399.401342,1395.824349,1369.438944,2187.222045,2293.702228,2468.87193,2257.328016,2395.789824,2468.87193,2396.071995,2492.175518,2468.87193,2516.137752,2618.479168,2468.87193,545.0202334,542.0806659,0.001001968,0.001005531,0.001008742,0.001011081,1950.091032,1950.091032,1950.091032,3674.216292,3674.216292,3674.216292,3674.216292,3674.216292
9/5/2010,1188.898832,1263.3956,1295.856843,1321.693071,1319.108648,1295.856843,2090.172906,2191.609731,2357.750599,2153.64655,2293.702228,2357.750599,2279.172467,2395.789824,2357.750599,2383.541447,2492.175518,2357.750599,517.7015848,514.9320102,0.001001968,0.001005531,0.001008742,0.001011081,1741.7448,1741.7448,1741.7448,3170.119084,3170.119084,3170.119084,3170.119084,3170.119084
9/6/2010,1140.293292,1207.791491,1243.973876,1265.241704,1263.3956,1243.973876,2019.812317,2109.00058,2279.552171,2077.388033,2191.609731,2279.552171,2195.396257,2293.702228,2279.552171,2275.929046,2395.789824,2279.552171,505.3108183,502.6179453,0.001001968,0.001005531,0.001008742,0.001011081,1599.674995,1599.674995,1599.674995,2883.254842,2883.254842,2883.254842,2883.254842,2883.254842
9/7/2010,1089.4252,1141.808787,1188.650032,1208.975835,1207.791491,1188.650032,1960.567807,2048.377443,2213.093459,2015.209003,2109.00058,2213.093459,2123.950738,2191.609731,2213.093459,2204.196379,2293.702228,2213.093459,486.8051627,484.2263596,0.001001968,0.001005531,0.001008742,0.001011081,1489.292314,1489.292314,1489.292314,2694.177151,2694.177151,2694.177151,2694.177151,2694.177151
9/8/2010,1029.998155,1080.233733,1122.273363,1142.702834,1141.808787,1122.273363,1868.708751,2068.413145,2105.77155,1920.960992,2048.377443,2105.77155,2022.083933,2109.00058,2105.77155,2108.640126,2191.609731,2105.77155,455.7904781,453.4014947,0.001001968,0.001005531,0.001008742,0.001011081,1396.994915,1396.994915,1396.994915,2549.466242,2549.466242,2549.466242,2549.466242,2549.466242
9/9/2010,978.6566986,1037.547282,1064.829071,1080.867757,1080.233733,1064.829071,1785.857725,2294.420381,2009.131759,1831.608772,2068.413145,2009.131759,1927.45196,2048.377443,2009.131759,2005.547771,2109.00058,2009.131759,428.4218677,426.1988982,0.001001968,0.001005531,0.001008742,0.001011081,1317.145164,1317.145164,1317.145164,2428.194229,2428.194229,2428.194229,2428.194229,2428.194229
9/10/2010,943.3197532,1012.022236,1026.227121,1037.840106,1037.547282,1026.227121,1734.64045,2201.66258,1952.080505,1774.537806,2294.420381,1952.080505,1862.811124,2068.413145,1952.080505,1932.182728,2048.377443,1952.080505,414.5525118,412.4131086,0.001001968,0.001005531,0.001008742,0.001011081,1247.537777,1247.537777,1247.537777,2322.390421,2322.390421,2322.390421,2322.390421,2322.390421
9/11/2010,920.8606922,1030.244359,1002.967747,1012.107311,1012.022236,1002.967747,1705.032603,2266.000844,1921.758079,1741.797328,2201.66258,1921.758079,1824.309843,2294.420381,1921.758079,1879.49312,2068.413145,1921.758079,412.4509328,410.3241579,0.001001968,0.001005531,0.001008742,0.001011081,1187.72906,1187.72906,1187.72906,2229.570572,2229.570572,2229.570572,2229.570572,2229.570572
9/12/2010,939.3366688,1115.489928,1025.265179,1028.39733,1030.244359,1025.265179,1808.277578,2183.562379,2044.162283,1840.001986,2266.000844,2044.162283,1906.246006,2201.66258,2044.162283,1901.134719,2294.420381,2044.162283,431.7168591,429.4739797,0.001001968,0.001005531,0.001008742,0.001011081,1139.599366,1139.599366,1139.599366,2161.030455,2161.030455,2161.030455,2161.030455,2161.030455
9/13/2010,1010.644817,1181.4551,1107.132562,1114.909096,1115.489928,1107.132562,2094.596151,2256.199312,2384.792712,2130.893342,2183.562379,2384.792712,2161.889565,2266.000844,2384.792712,2145.594376,2201.66258,2384.792712,480.1555868,477.6176268,0.001001968,0.001005531,0.001008742,0.001011081,1107.096761,1107.096761,1107.096761,2145.300051,2145.300051,2145.300051,2145.300051,2145.300051
9/14/2010,1069.574012,1168.889184,1171.893772,1182.640506,1181.4551,1171.893772,2053.399135,2183.816889,2330.346968,2097.373395,2256.199312,2330.346968,2129.799132,2183.562379,2330.346968,2091.712657,2266.000844,2330.346968,504.8524825,502.1624417,0.001001968,0.001005531,0.001008742,0.001011081,1092.20777,1092.20777,1092.20777,2136.045922,2136.045922,2136.045922,2136.045922,2136.045922
9/15/2010,1061.168322,916.9281394,1165.648923,1169.047781,1168.889184,1165.648923,2044.30105,1860.095954,2327.934708,2080.557278,2183.816889,2327.934708,2181.13575,2256.199312,2327.934708,2167.223655,2183.562379,2327.934708,517.310697,514.543546,0.001001968,0.001005531,0.001008742,0.001011081,1094.678595,1094.678595,1094.678595,2154.179772,2154.179772,2154.179772,2154.179772,2154.179772
9/16/2010,828.798064,884.0258187,904.8034519,915.2512749,916.9281394,904.8034519,1706.716766,1799.185219,1929.517186,1739.654313,1860.095954,1929.517186,1916.822993,2183.816889,1929.517186,2086.484196,2256.199312,1929.517186,389.1557793,387.1683625,0.001001968,0.001005531,0.001008742,0.001011081,1084.085125,1084.085125,1084.085125,2165.769327,2165.769327,2165.769327,2165.769327,2165.769327
9/17/2010,799.9812357,891.1796491,871.2875725,883.993203,884.0258187,871.2875725,1734.475383,1722.159892,1960.674899,1767.822889,1799.185219,1960.674899,1825.648422,1860.095954,1960.674899,1966.334957,2183.816889,1960.674899,365.8682782,364.0189853,0.001001968,0.001005531,0.001008742,0.001011081,1059.451711,1059.451711,1059.451711,2176.973338,2176.973338,2176.973338,2176.973338,2176.973338
9/18/2010,823.9476393,853.0395409,897.7058578,891.4813317,891.1796491,897.7058578,1799.817854,1644.590811,2038.807514,1813.219984,1722.159892,2038.807514,1865.623496,1799.185219,2038.807514,1908.327871,1860.095954,2038.807514,378.3384632,376.4153588,0.001001968,0.001005531,0.001008742,0.001011081,1039.626034,1039.626034,1039.626034,2188.856942,2188.856942,2188.856942,2188.856942,2188.856942
9/19/2010,773.4858631,805.9794513,846.1502113,852.5924836,853.0395409,846.1502113,1579.006674,1858.659405,1784.702346,1607.388001,1644.590811,1784.702346,1695.284992,1722.159892,1784.702346,1719.841763,1799.185219,1784.702346,376.5908508,374.6781119,0.001001968,0.001005531,0.001008742,0.001011081,1019.330141,1019.330141,1019.330141,2165.143349,2165.143349,2165.143349,2165.143349,2165.143349
9/20/2010,724.8298336,760.6697846,790.8933872,805.5360003,805.9794513,790.8933872,1497.278983,1994.716219,1690.426641,1531.685434,1858.659405,1690.426641,1592.787246,1644.590811,1690.426641,1677.502902,1722.159892,1690.426641,344.8459309,343.1202434,0.001001968,0.001005531,0.001008742,0.001011081,982.5148446,982.5148446,982.5148446,2090.979675,2090.979675,2090.979675,2090.979675,2090.979675
9/21/2010,691.3979177,734.984521,752.3504649,760.2366608,760.6697846,752.3504649,1406.460573,1648.09535,1582.640881,1433.008318,1994.716219,1582.640881,1495.777671,1858.659405,1582.640881,1550.477146,1644.590811,1582.640881,320.0436363,318.4623685,0.001001968,0.001005531,0.001008742,0.001011081,931.191595,931.191595,931.191595,2009.658872,2009.658872,2009.658872,2009.658872,2009.658872
9/22/2010,667.9463597,733.9816427,727.0070349,732.8330061,734.984521,727.0070349,1376.512331,1557.420574,1549.815165,1400.223495,1648.09535,1549.815165,1460.149079,1994.716219,1549.815165,1502.023488,1858.659405,1549.815165,311.7065109,310.173427,0.001001968,0.001005531,0.001008742,0.001011081,868.1187613,868.1187613,868.1187613,1905.218636,1905.218636,1905.218636,1905.218636,1905.218636
9/23/2010,670.8843634,723.674299,730.8482843,733.9743029,733.9816427,730.8482843,1626.073089,1460.507399,1842.998584,1644.351099,1557.420574,1842.998584,1687.942878,1648.09535,1842.998584,1686.261854,1994.716219,1842.998584,316.0306254,314.472574,0.001001968,0.001005531,0.001008742,0.001011081,825.152695,825.152695,825.152695,1851.388919,1851.388919,1851.388919,1851.388919,1851.388919
9/24/2010,660.1261958,679.3474515,719.1294476,724.4701793,723.674299,719.1294476,1726.660662,1470.971934,1962.014128,1742.998232,1460.507399,1962.014128,1780.552058,1557.420574,1962.014128,1844.023649,1648.09535,1962.014128,312.0910889,310.5557865,0.001001968,0.001005531,0.001008742,0.001011081,801.7604318,801.7604318,801.7604318,1831.688429,1831.688429,1831.688429,1831.688429,1831.688429
9/25/2010,619.061861,660.5613206,673.7994558,679.0639272,679.3474515,673.7994558,1377.168691,2407.741183,1547.535616,1397.305654,1470.971934,1547.535616,1457.630865,1460.507399,1547.535616,1500.680114,1557.420574,1547.535616,292.4304286,291.0080132,0.001001968,0.001005531,0.001008742,0.001011081,774.2504365,774.2504365,774.2504365,1772.211653,1772.211653,1772.211653,1772.211653,1772.211653
9/26/2010,601.1772491,660.8211717,654.4836385,659.6563229,660.5613206,654.4836385,1312.017011,4282.688806,1477.449911,1332.196536,2407.741183,1477.449911,1380.773272,1470.971934,1477.449911,1427.331741,1460.507399,1477.449911,286.0762531,284.6900845,0.001001968,0.001005531,0.001008742,0.001011081,743.3690429,743.3690429,743.3690429,1726.241776,1726.241776,1726.241776,1726.241776,1726.241776
9/27/2010,592.3293052,722.5897749,645.1808684,651.5612725,660.8211717,645.1808684,1259.3965,4582.915335,1415.877796,1282.026654,4282.688806,1415.877796,1326.13988,2407.741183,1415.877796,1336.567791,1470.971934,1415.877796,284.0586231,282.6839389,0.001001968,0.001005531,0.001008742,0.001011081,720.1406328,720.1406328,720.1406328,1678.899006,1678.899006,1678.899006,1678.899006,1678.899006
9/28/2010,671.7630312,893.5657384,729.3759637,710.3678679,722.5897749,729.3759637,1466.384307,33300.41439,1644.150397,1468.263712,4582.915335,1644.150397,1479.308587,4282.688806,1644.150397,1377.548443,2407.741183,1644.150397,299.7870771,298.3225495,0.001001968,0.001005531,0.001008742,0.001011081,705.2657254,705.2657254,705.2657254,1655.598213,1655.598213,1655.598213,1655.598213,1655.598213
9/29/2010,1013.174826,7912.014217,1086.614305,893.1933836,893.5657384,1086.614305,2617.350991,60838.77341,2965.237654,2440.366295,33300.41439,2965.237654,2365.241644,4582.915335,2965.237654,2265.585343,4282.688806,2965.237654,354.4623423,352.6802447,0.001001968,0.001005531,0.001008742,0.001011081,709.0123295,709.0123295,709.0123295,1780.902089,1780.902089,1780.902089,1780.902089,1780.902089
9/30/2010,1821.875422,11297.19484,1989.978999,1793.729604,7912.014217,1989.978999,6759.409912,55924.11748,7594.219234,6623.286354,60838.77341,7594.219234,6293.055663,33300.41439,7594.219234,3865.83985,4582.915335,7594.219234,784.0440943,779.5727152,0.001001968,0.001005531,0.001008742,0.001011081,792.7772009,792.7772009,792.7772009,2401.044799,2401.044799,2401.044799,2401.044799,2401.044799
10/1/2010,19343.27579,26676.81412,20447.48128,14756.38923,11297.19484,20447.48128,36257.55935,49947.05719,39025.45362,32002.16234,55924.11748,39025.45362,24965.99137,60838.77341,39025.45362,7865.688315,33300.41439,39025.45362,0.001000564,0.001006515,0.001001968,0.001005531,0.001008742,0.001011081,1759.69943,1759.69943,1759.69943,5255.034348,5255.034348,5255.034348,5255.034348,5255.034348
10/2/2010,33693.78186,50520.74096,37377.5298,28574.87617,26676.81412,37377.5298,59793.951,34804.55351,70110.08199,52179.7845,49947.05719,70110.08199,49767.0589,55924.11748,70110.08199,44261.6118,60838.77341,70110.08199,12178.8483,12080.95404,0.001001968,0.001005531,0.001008742,0.001011081,5022.16438,5022.16438,5022.16438,11522.53273,11522.53273,11522.53273,11522.53273,11522.53273
10/3/2010,37223.4712,20183.76043,46950.63529,50556.77709,50520.74096,46950.63529,67295.83061,27642.85444,88041.09264,73747.94218,34804.55351,88041.09264,80122.99049,49947.05719,88041.09264,58428.82847,55924.11748,88041.09264,33595.22204,33296.18964,0.001001968,0.001005531,0.001008742,0.001011081,11761.20542,11761.20542,11761.20542,19717.02037,19717.02037,19717.02037,19717.02037,19717.02037
10/4/2010,9951.615809,5577.57302,11835.96156,19479.18119,20183.76043,11835.96156,33948.77244,17365.95261,41844.18042,41773.15647,27642.85444,41844.18042,47603.60684,34804.55351,41844.18042,72955.76203,49947.05719,41844.18042,7357.781766,7301.79475,0.001001968,0.001005531,0.001008742,0.001011081,15114.78047,15114.78047,15114.78047,27959.50049,27959.50049,27959.50049,27959.50049,27959.50049
10/5/2010,4582.533175,8040.030951,4703.986286,5746.211799,5577.57302,4703.986286,6120.430428,14251.96241,6333.154378,7316.221774,17365.95261,6333.154378,14415.19886,27642.85444,6333.154378,25465.39964,34804.55351,6333.154378,0.001000564,0.001006515,0.001001968,0.001005531,0.001008742,0.001011081,16848.90585,16848.90585,16848.90585,34601.00356,34601.00356,34601.00356,34601.00356,34601.00356
10/6/2010,7874.104729,8863.078693,8736.609463,8314.709878,8040.030951,8736.609463,17003.80032,11995.89079,19808.33399,16851.15426,14251.96241,19808.33399,17957.84714,17365.95261,19808.33399,22074.16412,27642.85444,19808.33399,3234.696828,3212.346259,0.001001968,0.001005531,0.001008742,0.001011081,17999.47853,17999.47853,17999.47853,37655.21042,37655.21042,37655.21042,37655.21042,37655.21042
10/7/2010,7461.731512,5787.784615,8578.858691,8946.945306,8863.078693,8578.858691,19218.41035,9665.765866,23045.1792,19829.13874,11995.89079,23045.1792,20873.43892,14251.96241,23045.1792,21249.23721,17365.95261,23045.1792,4404.499344,4372.90832,0.001001968,0.001005531,0.001008742,0.001011081,19123.71303,19123.71303,19123.71303,39555.01129,39555.01129,39555.01129,39555.01129,39555.01129
10/8/2010,4748.994805,4533.880481,5299.980959,5811.726858,5787.784615,5299.980959,11223.18997,8889.689391,13105.50435,11868.78111,9665.765866,13105.50435,13168.10147,11995.89079,13105.50435,16101.06426,14251.96241,13105.50435,2285.445676,2270.330059,0.001001968,0.001005531,0.001008742,0.001011081,19013.82714,19013.82714,19013.82714,38669.76418,38669.76418,38669.76418,38669.76418,38669.76418
10/9/2010,3917.161195,3957.202952,4334.565398,4543.370836,4533.880481,4334.565398,7751.930531,8768.87603,8922.416674,8093.896169,8889.689391,8922.416674,9139.557902,9665.765866,8922.416674,10857.37109,11995.89079,8922.416674,1770.623595,1759.297741,0.001001968,0.001005531,0.001008742,0.001011081,16403.21854,16403.21854,16403.21854,33965.87442,33965.87442,33965.87442,33965.87442,33965.87442
10/10/2010,3386.451213,3426.737046,3741.878872,3963.206601,3957.202952,3741.878872,7535.834351,7505.503731,8702.138449,7851.781999,8768.87603,8702.138449,8426.221123,8889.689391,8702.138449,9645.808727,9665.765866,8702.138449,1529.202623,1519.611896,0.001001968,0.001005531,0.001008742,0.001011081,10180.86957,10180.86957,10180.86957,26989.71619,26989.71619,26989.71619,26989.71619,26989.71619
10/11/2010,2937.197456,3795.429246,3218.680973,3341.71801,3426.737046,3218.680973,6459.979393,8277.302098,7404.581947,6658.781368,7505.503731,7404.581947,7160.956168,8768.87603,7404.581947,7955.22951,8889.689391,7404.581947,1227.558433,1220.089187,0.001001968,0.001005531,0.001008742,0.001011081,7255.084031,7255.084031,7255.084031,19746.23389,19746.23389,19746.23389,19746.23389,19746.23389
10/12/2010,3541.646401,4172.590833,3917.423967,3829.795872,3795.429246,3917.423967,7419.147564,7004.642811,8556.043655,7447.263157,8277.302098,8556.043655,7669.081147,7505.503731,8556.043655,7547.488655,8768.87603,8556.043655,1580.53719,1570.580071,0.001001968,0.001005531,0.001008742,0.001011081,5964.704697,5964.704697,5964.704697,14079.96176,14079.96176,14079.96176,14079.96176,14079.96176
10/13/2010,3630.280927,3078.21643,4055.261437,4206.162176,4172.590833,4055.261437,7868.78926,5316.351144,9161.135938,8139.719123,7004.642811,9161.135938,8247.068072,8277.302098,9161.135938,8219.06389,7505.503731,9161.135938,1794.640244,1783.140179,0.001001968,0.001005531,0.001008742,0.001011081,5275.73516,5275.73516,5275.73516,11895.68084,11895.68084,11895.68084,11895.68084,11895.68084
10/14/2010,2491.730924,3380.508209,2712.675013,2834.279001,3078.21643,2712.675013,5554.303856,7392.354252,6321.241775,5736.833311,5316.351144,6321.241775,6391.935761,7004.642811,6321.241775,7134.206801,8277.302098,6321.241775,972.046573,966.325166,0.001001968,0.001005531,0.001008742,0.001011081,4439.693402,4439.693402,4439.693402,10205.23272,10205.23272,10205.23272,10205.23272,10205.23272
10/15/2010,3107.857617,2707.378131,3426.026401,3326.546181,3380.508209,3426.026401,6924.634671,8197.793899,7942.623537,6931.774403,7392.354252,7942.623537,7221.190219,5316.351144,7942.623537,7035.874476,7004.642811,7942.623537,1295.220392,1287.280279,0.001001968,0.001005531,0.001008742,0.001011081,3964.982491,3964.982491,3964.982491,9142.072376,9142.072376,9142.072376,9142.072376,9142.072376
10/16/2010,2598.286691,2211.828818,2751.915832,2835.533817,2707.378131,2751.915832,5813.584485,6804.366751,6479.643711,5950.813539,8197.793899,6479.643711,5768.861626,7392.354252,6479.643711,6774.281748,5316.351144,6479.643711,525.5240286,522.7059009,0.001001968,0.001005531,0.001008742,0.001011081,3588.230569,3588.230569,3588.230569,8320.589062,8320.589062,8320.589062,8320.589062,8320.589062
10/17/2010,2828.191818,5259.238289,2940.182711,2269.277357,2211.828818,2940.182711,4298.592975,6474.826618,4600.916233,3685.826558,6804.366751,4600.916233,4080.047025,8197.793899,4600.916233,4196.234644,7392.354252,4600.916233,419.5224187,417.3531154,0.001001968,0.001005531,0.001008742,0.001011081,3347.169709,3347.169709,3347.169709,7637.213581,7637.213581,7637.213581,7637.213581,7637.213581
10/18/2010,4559.39022,3765.145801,5262.590692,5267.083616,5259.238289,5262.590692,8283.477826,5887.371925,9896.80959,8515.551947,6474.826618,9896.80959,8597.20722,6804.366751,9896.80959,6604.169621,8197.793899,9896.80959,2949.935463,2929.783945,0.001001968,0.001005531,0.001008742,0.001011081,3501.67089,3501.67089,3501.67089,7428.14178,7428.14178,7428.14178,7428.14178,7428.14178
10/19/2010,2969.138433,2429.392457,3321.692118,3768.508007,3765.145801,3321.692118,7558.928674,5100.727483,8838.015135,8078.655578,5887.371925,8838.015135,8379.170803,6474.826618,8838.015135,9431.486366,6804.366751,8838.015135,1539.649632,1529.984458,0.001001968,0.001005531,0.001008742,0.001011081,3509.773793,3509.773793,3509.773793,7415.596074,7415.596074,7415.596074,7415.596074,7415.596074
10/20/2010,2133.329698,2380.559389,2292.96714,2430.7019,2429.392457,2292.96714,3863.343876,4802.486194,4305.522929,4060.828791,5100.727483,4305.522929,4671.068498,5887.371925,4305.522929,5638.389391,6474.826618,4305.522929,706.358604,702.3929952,0.001001968,0.001005531,0.001008742,0.001011081,3355.083897,3355.083897,3355.083897,7220.080066,7220.080066,7220.080066,7220.080066,7220.080066
10/21/2010,2129.740617,2238.619671,2317.062402,2379.016682,2380.559389,2317.062402,4338.989933,4651.07369,4912.667501,4459.961304,4802.486194,4912.667501,4771.711124,5100.727483,4912.667501,5204.60004,5887.371925,4912.667501,838.6362225,833.8054549,0.001001968,0.001005531,0.001008742,0.001011081,3243.375645,3243.375645,3243.375645,6969.247896,6969.247896,6969.247896,6969.247896,6969.247896
10/22/2010,2033.490927,2148.258832,2210.869425,2238.257628,2238.619671,2210.869425,4515.328062,4182.882467,5129.678627,4590.660207,4651.07369,5129.678627,4804.663226,4802.486194,5129.678627,5106.06427,5100.727483,5129.678627,798.6012945,794.0343908,0.001001968,0.001005531,0.001008742,0.001011081,3091.1334,3091.1334,3091.1334,6521.087928,6521.087928,6521.087928,6521.087928,6521.087928
10/23/2010,1923.548309,2098.648794,2093.861344,2145.314762,2148.258832,2093.861344,4019.124594,2695.332742,4559.094845,4121.524258,4182.882467,4559.094845,4301.935894,4651.07369,4559.094845,4528.978097,4802.486194,4559.094845,771.8235677,767.4322023,0.001001968,0.001005531,0.001008742,0.001011081,3031.332538,3031.332538,3031.332538,6224.242649,6224.242649,6224.242649,6224.242649,6224.242649
10/24/2010,1939.854765,2147.803305,2116.166478,2097.648817,2098.648794,2116.166478,3933.087862,6009.80304,4471.971002,3967.806665,2695.332742,4471.971002,4169.458895,4182.882467,4471.971002,4304.462354,4651.07369,4471.971002,801.6210916,797.0343434,0.001001968,0.001005531,0.001008742,0.001011081,2970.563823,2970.563823,2970.563823,6120.601605,6120.601605,6120.601605,6120.601605,6120.601605
10/25/2010,1901.534909,2308.616467,2085.541721,2122.309446,2147.803305,2085.541721,3933.492309,8093.04773,4488.189615,4025.575177,6009.80304,4488.189615,4170.78176,2695.332742,4488.189615,4238.860257,4182.882467,4488.189615,841.0440133,836.1973236,0.001001968,0.001005531,0.001008742,0.001011081,2599.581817,2599.581817,2599.581817,5767.437909,5767.437909,5767.437909,5767.437909,5767.437909
10/26/2010,1490.388,2066.051071,1600.600407,1763.8569,2308.616467,1600.600407,3310.011249,7595.188883,3707.205838,3509.007653,8093.04773,3707.205838,3604.836733,6009.80304,3707.205838,3905.516701,2695.332742,3707.205838,489.6738367,487.0773896,0.001001968,0.001005531,0.001008742,0.001011081,2307.621715,2307.621715,2307.621715,5188.2689,5188.2689,5188.2689,5188.2689,5188.2689
10/27/2010,2529.174065,3648.679517,2665.792576,2292.626876,2066.051071,2665.792576,3504.333191,6516.086927,3714.296812,3247.336714,7595.188883,3714.296812,3159.277902,8093.04773,3714.296812,2420.497901,6009.80304,3714.296812,313.9966793,312.4503783,0.001001968,0.001005531,0.001008742,0.001011081,2197.088542,2197.088542,2197.088542,4672.09397,4672.09397,4672.09397,4672.09397,4672.09397
10/28/2010,4140.649437,5233.828953,4566.505969,3834.121622,3648.679517,4566.505969,7925.970325,6097.933319,9105.384892,7338.450486,6516.086927,9105.384892,7301.597774,7595.188883,9105.384892,6113.137927,8093.04773,9105.384892,1734.884083,1723.816961,0.001001968,0.001005531,0.001008742,0.001011081,2330.515262,2330.515262,2330.515262,4803.676939,4803.676939,4803.676939,4803.676939,4803.676939
10/29/2010,4463.175961,3413.019147,5169.096666,5256.292557,5233.828953,5169.096666,9135.686515,5392.712248,10923.32751,9433.106545,6097.933319,10923.32751,9636.51861,6516.086927,10923.32751,8489.077188,7595.188883,10923.32751,2964.091291,2943.830991,0.001001968,0.001005531,0.001008742,0.001011081,2691.254384,2691.254384,2691.254384,5222.335083,5222.335083,5222.335083,5222.335083,5222.335083
10/30/2010,2637.845044,2122.448117,2946.836752,3417.596935,3413.019147,2946.836752,5883.003971,4632.854305,6821.712129,6439.391445,5392.712248,6821.712129,6875.557601,6097.933319,6821.712129,8313.114443,6516.086927,6821.712129,1368.080644,1359.630124,0.001001968,0.001005531,0.001008742,0.001011081,2893.828838,2893.828838,2893.828838,5671.11213,5671.11213,5671.11213,5671.11213,5671.11213
10/31/2010,1844.544014,2109.225543,1977.988133,2123.947644,2122.448117,1977.988133,3108.932104,5081.298721,3430.053063,3311.095752,4632.854305,3430.053063,3926.826263,5392.712248,3430.053063,5010.845519,6097.933319,3430.053063,599.0853001,595.8059201,0.001001968,0.001005531,0.001008742,0.001011081,2959.910977,2959.910977,2959.910977,5947.940937,5947.940937,5947.940937,5947.940937,5947.940937
11/1/2010,1883.112286,2030.787826,2051.479885,2109.80467,2109.225543,2051.479885,3882.151958,7285.361882,4400.094666,3992.921541,5081.298721,4400.094666,4288.26428,4632.854305,4400.094666,4727.54704,5392.712248,4400.094666,765.7139035,761.3624795,0.001001968,0.001005531,0.001008742,0.001011081,2981.468092,2981.468092,2981.468092,6057.425004,6057.425004,6057.425004,6057.425004,6057.425004
11/2/2010,1821.989724,1960.272741,1991.667976,2030.678996,2030.787826,1991.667976,4095.882606,8525.700721,4669.447271,4180.348868,7285.361882,4669.447271,4379.13674,5081.298721,4669.447271,4631.295097,4632.854305,4669.447271,776.4482629,772.0266367,0.001001968,0.001005531,0.001008742,0.001011081,3027.616791,3027.616791,3027.616791,6120.11145,6120.11145,6120.11145,6120.11145,6120.11145
11/3/2010,1744.972205,2248.860511,1909.386811,1943.018447,1960.272741,1909.386811,3695.487273,7261.431929,4204.470509,3778.163584,8525.700721,4204.470509,3958.880257,7285.361882,4204.470509,4129.90097,5081.298721,4204.470509,756.7487547,752.4558642,0.001001968,0.001005531,0.001008742,0.001011081,3007.207005,3007.207005,3007.207005,6224.887336,6224.887336,6224.887336,6224.887336,6224.887336
11/4/2010,1932.282601,3163.859156,2134.554864,2132.833494,2248.860511,2134.554864,4595.326446,7136.558117,5269.780188,4651.22129,7261.431929,5269.780188,4780.873248,8525.700721,5269.780188,4552.522855,7285.361882,5269.780188,917.2279886,911.8745671,0.001001968,0.001005531,0.001008742,0.001011081,2811.013668,2811.013668,2811.013668,5976.931949,5976.931949,5976.931949,5976.931949,5976.931949
11/5/2010,2992.998784,2916.434111,3326.733652,3177.03948,3163.859156,3326.733652,7956.659836,5958.283505,9221.686219,7898.870041,7136.558117,9221.686219,7641.211307,7261.431929,9221.686219,6828.133702,8525.700721,9221.686219,1373.406986,1364.919021,0.001001968,0.001005531,0.001008742,0.001011081,2504.440031,2504.440031,2504.440031,5927.368329,5927.368329,5927.368329,5927.368329,5927.368329
11/6/2010,3217.268204,4020.498236,3466.841522,2976.183249,2916.434111,3466.841522,8716.187292,5314.101617,9992.913053,8255.198541,5958.283505,9992.913053,8219.887572,7136.558117,9992.913053,8448.865218,7261.431929,9992.913053,1049.383307,1043.138308,0.001001968,0.001005531,0.001008742,0.001011081,2391.916562,2391.916562,2391.916562,6126.145057,6126.145057,6126.145057,6126.145057,6126.145057
11/7/2010,3552.453236,3189.269271,4031.233314,4027.224851,4020.498236,4031.233314,6963.211876,5479.976256,8177.314432,7107.647443,5314.101617,8177.314432,7411.861146,5958.283505,8177.314432,6504.884075,7136.558117,8177.314432,2071.905268,2058.375033,0.001001968,0.001005531,0.001008742,0.001011081,2576.633562,2576.633562,2576.633562,6287.486602,6287.486602,6287.486602,6287.486602,6287.486602
11/8/2010,2517.489278,1954.087246,2810.691451,3156.909881,3189.269271,2810.691451,5962.401166,5056.853257,6924.064845,6381.272325,5479.976256,6924.064845,6684.2124,5314.101617,6924.064845,7523.727064,5958.283505,6924.064845,1311.035834,1302.985219,0.001001968,0.001005531,0.001008742,0.001011081,2714.58785,2714.58785,2714.58785,6556.707833,6556.707833,6556.707833,6556.707833,6556.707833
11/9/2010,1644.797393,1713.980656,1746.172801,1955.928619,1954.087246,1746.172801,3322.526807,4563.941887,3670.82503,3569.153092,5056.853257,3670.82503,3982.800685,5479.976256,3670.82503,4989.532451,5314.101617,3670.82503,438.1809782,435.8989776,0.001001968,0.001005531,0.001008742,0.001011081,2742.330409,2742.330409,2742.330409,6735.720794,6735.720794,6735.720794,6735.720794,6735.720794
11/10/2010,1781.692499,2616.883831,1885.406152,1723.754662,1713.980656,1885.406152,3517.086893,4544.484823,3884.224058,3389.793532,4563.941887,3884.224058,3700.509382,5056.853257,3884.224058,4100.250242,5479.976256,3884.224058,459.9221825,457.508013,0.001001968,0.001005531,0.001008742,0.001011081,2737.35008,2737.35008,2737.35008,6809.165595,6809.165595,6809.165595,6809.165595,6809.165595
11/11/2010,2352.025736,2287.591202,2628.609205,2614.689955,2616.883831,2628.609205,4931.347009,4371.811158,5717.515143,4998.043941,4544.484823,5717.515143,5096.382419,4563.941887,5717.515143,4673.323113,5056.853257,5717.515143,1247.782638,1240.172975,0.001001968,0.001005531,0.001008742,0.001011081,2791.85204,2791.85204,2791.85204,6771.723367,6771.723367,6771.723367,6771.723367,6771.723367
11/12/2010,1975.041004,1967.958322,2179.471581,2284.882708,2287.591202,2179.471581,4547.81194,4250.133767,5225.545963,4705.939085,4371.811158,5225.545963,4863.352856,4544.484823,5225.545963,5115.88862,4563.941887,5225.545963,936.662546,931.1789755,0.001001968,0.001005531,0.001008742,0.001011081,2732.4497,2732.4497,2732.4497,6360.441314,6360.441314,6360.441314,6360.441314,6360.441314
11/13/2010,1768.749137,1933.377326,1930.745693,1965.287286,1967.958322,1930.745693,3510.798328,4722.052049,3975.465479,3597.935032,4250.133767,3975.465479,3848.892449,4371.811158,3975.465479,4114.543897,4544.484823,3975.465479,749.1903017,744.94669,0.001001968,0.001005531,0.001008742,0.001011081,2626.378269,2626.378269,2626.378269,5698.495647,5698.495647,5698.495647,5698.495647,5698.495647
11/14/2010,1736.477943,1864.458887,1903.153733,1930.760266,1933.377326,1903.153733,3620.074789,7681.433087,4117.865048,3698.688221,4722.052049,4117.865048,3878.556617,4250.133767,4117.865048,4029.181779,4371.811158,4117.865048,773.3396919,768.9384087,0.001001968,0.001005531,0.001008742,0.001011081,2349.124343,2349.124343,2349.124343,5237.186426,5237.186426,5237.186426,5237.186426,5237.186426
11/15/2010,1670.660028,2121.151957,1831.360147,1855.658597,1864.458887,1831.360147,3584.229815,7783.680539,4082.051184,3655.565713,7681.433087,4082.051184,3820.314753,4722.052049,4082.051184,3966.113197,4250.133767,4082.051184,748.8753215,744.633762,0.001001968,0.001005531,0.001008742,0.001011081,2156.86747,2156.86747,2156.86747,4813.846265,4813.846265,4813.846265,4813.846265,4813.846265
11/16/2010,1695.184396,4013.094322,1857.893869,1861.960851,2121.151957,1857.893869,3628.843863,8078.049683,4129.826317,3682.536692,7783.680539,4129.826317,3802.881487,7681.433087,4129.826317,3857.730584,4722.052049,4129.826317,752.3935624,748.1290743,0.001001968,0.001005531,0.001008742,0.001011081,2093.25865,2093.25865,2093.25865,4566.386275,4566.386275,4566.386275,4566.386275,4566.386275
11/17/2010,4124.427904,4656.853953,4644.89958,4077.409586,4013.094322,4644.89958,7256.913771,7483.952312,8385.987611,6917.510352,8078.049683,8385.987611,6734.524136,7783.680539,8385.987611,4416.705391,7681.433087,8385.987611,2073.656783,2060.113617,0.001001968,0.001005531,0.001008742,0.001011081,2306.06946,2306.06946,2306.06946,4669.435467,4669.435467,4669.435467,4669.435467,4669.435467
11/18/2010,4658.87763,4816.006655,5199.882921,4760.301502,4656.853953,5199.882921,9941.517402,6590.575211,11550.37864,9663.074919,7483.952312,11550.37864,9469.426863,8078.049683,11550.37864,9134.599709,7783.680539,11550.37864,2229.572787,2214.873694,0.001001968,0.001005531,0.001008742,0.001011081,2544.65417,2544.65417,2544.65417,5277.838797,5277.838797,5277.838797,5277.838797,5277.838797
11/19/2010,4059.003216,3466.035416,4639.029144,4828.232784,4816.006655,4639.029144,7186.477287,5723.249979,8460.142361,7577.592515,6590.575211,8460.142361,8147.257215,7483.952312,8460.142361,7668.202376,8078.049683,8460.142361,2468.976247,2452.484398,0.001001968,0.001005531,0.001008742,0.001011081,2913.118978,2913.118978,2913.118978,5809.306771,5809.306771,5809.306771,5809.306771,5809.306771
11/20/2010,2812.201104,2615.567007,3136.567691,3465.424387,3466.035416,3136.567691,5825.908541,4948.528484,6727.154325,6254.240594,5723.249979,6727.154325,6817.074072,6590.575211,6727.154325,8142.068897,7483.952312,6727.154325,1436.940741,1428.004795,0.001001968,0.001005531,0.001008742,0.001011081,3152.940828,3152.940828,3152.940828,6313.330871,6313.330871,6313.330871,6313.330871,6313.330871
11/21/2010,2242.670997,2374.613436,2461.157273,2614.21086,2615.567007,2461.157273,4258.81176,4597.037769,4830.177277,4488.006872,4948.528484,4830.177277,5058.473608,5723.249979,4830.177277,5942.465568,6590.575211,4830.177277,988.5870302,982.7540664,0.001001968,0.001005531,0.001008742,0.001011081,3299.050612,3299.050612,3299.050612,6672.085586,6672.085586,6672.085586,6672.085586,6672.085586
11/22/2010,2077.090185,2193.981217,2283.945747,2373.063027,2374.613436,2283.945747,4354.179125,4663.041453,4965.119861,4506.977371,4597.037769,4965.119861,4853.337502,4948.528484,4965.119861,5400.443877,5723.249979,4965.119861,942.5860177,937.0627102,0.001001968,0.001005531,0.001008742,0.001011081,3393.35055,3393.35055,3393.35055,6899.093343,6899.093343,6899.093343,6899.093343,6899.093343
11/23/2010,1946.322875,2028.841921,2139.007593,2192.306462,2193.981217,2139.007593,4187.60487,4924.34058,4774.696899,4298.519551,4663.041453,4774.696899,4558.875226,4597.037769,4774.696899,4882.903714,4948.528484,4774.696899,883.8440742,878.7133945,0.001001968,0.001005531,0.001008742,0.001011081,3457.199077,3457.199077,3457.199077,7030.15672,7030.15672,7030.15672,7030.15672,7030.15672
11/24/2010,1827.647992,2061.544939,2001.153615,2027.087925,2028.841921,2001.153615,3821.387396,4778.157395,4338.12889,3901.446231,4924.34058,4338.12889,4109.983971,4663.041453,4338.12889,4378.10269,4597.037769,4338.12889,801.4960224,796.9100963,0.001001968,0.001005531,0.001008742,0.001011081,3263.842002,3263.842002,3263.842002,6892.927971,6892.927971,6892.927971,6892.927971,6892.927971
11/25/2010,1827.593609,2416.062461,2009.250526,2014.571936,2061.544939,2009.250526,3734.947953,4952.482659,4250.988851,3798.251034,4778.157395,4250.988851,3987.33971,4924.34058,4250.988851,4088.777818,4663.041453,4250.988851,841.5826521,836.7323996,0.001001968,0.001005531,0.001008742,0.001011081,2963.183906,2963.183906,2963.183906,6222.537684,6222.537684,6222.537684,6222.537684,6222.537684
11/26/2010,2291.34464,2715.517343,2518.920458,2414.719958,2416.062461,2518.920458,4586.547407,4732.162673,5219.861823,4563.537815,4952.482659,5219.861823,4538.401328,4778.157395,5219.861823,4294.599814,4924.34058,5219.861823,998.3033968,992.4047909,0.001001968,0.001005531,0.001008742,0.001011081,2583.261696,2583.261696,2583.261696,5658.8747,5658.8747,5658.8747,5658.8747,5658.8747
11/27/2010,2530.217417,2471.255823,2794.249932,2734.916374,2715.517343,2794.249932,5019.332975,4127.999314,5744.054983,5047.085925,4732.162673,5744.054983,5093.319773,4952.482659,5744.054983,4831.134574,4778.157395,5744.054983,1165.190062,1158.152035,0.001001968,0.001005531,0.001008742,0.001011081,2412.846193,2412.846193,2412.846193,5235.601932,5235.601932,5235.601932,5235.601932,5235.601932
11/28/2010,2195.979202,2152.062577,2436.051389,2473.264907,2471.255823,2436.051389,4260.703705,10235.26717,4882.036045,4378.090716,4127.999314,4882.036045,4734.103689,4732.162673,4882.036045,4765.418893,4952.482659,4882.036045,1091.188347,1084.658269,0.001001968,0.001005531,0.001008742,0.001011081,2358.820869,2358.820869,2358.820869,4976.145309,4976.145309,4976.145309,4976.145309,4976.145309
11/29/2010,1893.108076,2763.83318,2081.48531,2150.19545,2152.062577,2081.48531,3834.335886,21966.29484,4364.340418,3963.421034,10235.26717,4364.340418,4202.700407,4127.999314,4364.340418,4677.038537,4732.162673,4364.340418,870.1885019,865.1486266,0.001001968,0.001005531,0.001008742,0.001011081,2313.167602,2313.167602,2313.167602,4844.745029,4844.745029,4844.745029,4844.745029,4844.745029
11/30/2010,1735.475303,6360.560462,1890.999669,1906.799834,2763.83318,1890.999669,3491.341433,22663.94327,3939.921564,3558.030515,21966.29484,3939.921564,3770.764526,10235.26717,3939.921564,4050.392509,4127.999314,3939.921564,725.3321094,721.2436167,0.001001968,0.001005531,0.001008742,0.001011081,2269.071344,2269.071344,2269.071344,4754.02402,4754.02402,4754.02402,4754.02402,4754.02402
12/1/2010,5076.302974,11424.02222,5804.504445,5322.777286,6360.560462,5804.504445,9134.674984,19833.52918,10448.61895,9047.246798,22663.94327,10448.61895,9129.495288,21966.29484,10448.61895,3761.524949,10235.26717,10448.61895,2695.275647,2677.070943,0.001001968,0.001005531,0.001008742,0.001011081,2645.913837,2645.913837,2645.913837,5107.06479,5107.06479,5107.06479,5107.06479,5107.06479
12/2/2010,12428.00122,12934.21546,14326.56605,12304.12271,11424.02222,14326.56605,22729.5637,16732.99157,26778.47379,21578.95029,19833.52918,26778.47379,20975.25225,22663.94327,26778.47379,14758.91674,21966.29484,26778.47379,6437.617066,6389.363808,0.001001968,0.001005531,0.001008742,0.001011081,3802.531946,3802.531946,3802.531946,6740.490842,6740.490842,6740.490842,6740.490842,6740.490842
12/3/2010,13123.38946,13756.48925,14955.53299,13424.75008,12934.21546,14955.53299,26058.17305,14102.08334,30990.71421,25105.1043,16732.99157,30990.71421,24866.80841,19833.52918,30990.71421,25705.40831,22663.94327,30990.71421,6761.208553,6710.24758,0.001001968,0.001005531,0.001008742,0.001011081,5163.555996,5163.555996,5163.555996,9525.771174,9525.771174,9525.771174,9525.771174,9525.771174
12/4/2010,10876.78554,7681.379009,12847.6289,13804.52267,13756.48925,12847.6289,18253.83032,11118.26869,22302.64335,19879.58416,14102.08334,22302.64335,21586.19032,16732.99157,22302.64335,20413.51713,19833.52918,22302.64335,7575.816047,7517.981671,0.001001968,0.001005531,0.001008742,0.001011081,6753.712867,6753.712867,6753.712867,12053.50117,12053.50117,12053.50117,12053.50117,12053.50117
12/5/2010,5485.879192,4193.081132,6197.078827,7707.767461,7681.379009,6197.078827,11367.0949,8618.034061,13320.68324,13094.30617,11118.26869,13320.68324,15011.09483,14102.08334,13320.68324,20160.55619,16732.99157,13320.68324,2912.20312,2892.341279,0.001001968,0.001005531,0.001008742,0.001011081,7672.209661,7672.209661,7672.209661,14203.66019,14203.66019,14203.66019,14203.66019,14203.66019
12/6/2010,3478.667919,4061.971244,3745.310137,4210.904747,4193.081132,3745.310137,5602.263232,7534.001098,6199.090779,6187.420468,8618.034061,6199.090779,8066.985392,11118.26869,6199.090779,11500.66987,14102.08334,6199.090779,1115.336926,1108.641548,0.001001968,0.001005531,0.001008742,0.001011081,8190.017422,8190.017422,8190.017422,15635.57102,15635.57102,15635.57102,15635.57102,15635.57102
12/7/2010,3521.948321,3793.208184,3890.024079,4074.345514,4061.971244,3890.024079,7471.581655,6895.488504,8586.752917,7767.258012,7534.001098,8586.752917,8606.61336,8618.034061,8586.752917,10056.65652,11118.26869,8586.752917,1568.293272,1558.423672,0.001001968,0.001005531,0.001008742,0.001011081,8567.106668,8567.106668,8567.106668,16534.6265,16534.6265,16534.6265,16534.6265,16534.6265
12/8/2010,3311.969187,3488.541411,3678.940049,3801.947538,3793.208184,3678.940049,7519.295622,8085.038721,8700.874185,7741.791743,6895.488504,8700.874185,8268.911557,7534.001098,8700.874185,9038.5311,8618.034061,8700.874185,1578.347993,1568.406528,0.001001968,0.001005531,0.001008742,0.001011081,8470.122636,8470.122636,8470.122636,16760.60634,16760.60634,16760.60634,16760.60634,16760.60634
12/9/2010,3061.162743,3234.155473,3400.506087,3494.767955,3488.541411,3400.506087,6264.279118,9311.153856,7216.906227,6465.927492,8085.038721,7216.906227,6915.775712,6895.488504,7216.906227,7436.842376,7534.001098,7216.906227,1473.492283,1464.297517,0.001001968,0.001005531,0.001008742,0.001011081,7544.661417,7544.661417,7544.661417,15592.5409,15592.5409,15592.5409,15592.5409,15592.5409
12/10/2010,2848.837314,3070.998909,3163.446989,3238.595617,3234.155473,3163.446989,5658.774738,9679.930591,6508.424062,5837.09842,9311.153856,6508.424062,6233.475182,8085.038721,6508.424062,6646.345211,6895.488504,6508.424062,1377.906372,1369.386763,0.001001968,0.001005531,0.001008742,0.001011081,6350.484217,6350.484217,6350.484217,13135.96191,13135.96191,13135.96191,13135.96191,13135.96191
12/11/2010,2671.024281,3868.007813,2965.079637,3026.588785,3070.998909,2965.079637,5299.159182,11369.16525,6089.115298,5457.656373,9679.930591,6089.115298,5812.086806,9311.153856,6089.115298,6139.136461,8085.038721,6089.115298,1297.904284,1289.94543,0.001001968,0.001005531,0.001008742,0.001011081,4841.519153,4841.519153,4841.519153,10786.97618,10786.97618,10786.97618,10786.97618,10786.97618
12/12/2010,3082.978381,4842.590475,3460.866856,3474.372634,3868.007813,3460.866856,7540.766138,11686.39127,8750.244698,7676.584667,11369.16525,8750.244698,7898.437278,9679.930591,8750.244698,7228.783187,9311.153856,8750.244698,1620.117694,1609.877104,0.001001968,0.001005531,0.001008742,0.001011081,4031.437059,4031.437059,4031.437059,9075.042984,9075.042984,9075.042984,9075.042984,9075.042984
12/13/2010,4912.950551,5014.731883,5439.512947,4967.3626,4842.590475,5439.512947,11126.47336,10451.43831,12786.56376,10861.08543,11686.39127,12786.56376,10455.53349,11369.16525,12786.56376,9261.10891,9679.930591,12786.56376,1948.610832,1935.987548,0.001001968,0.001005531,0.001008742,0.001011081,3795.182865,3795.182865,3795.182865,8461.437484,8461.437484,8461.437484,8461.437484,8461.437484
12/14/2010,5849.489244,8326.975807,6332.363484,5149.607436,5014.731883,6332.363484,11085.17261,9905.360736,12558.08657,10067.17223,10451.43831,12558.08657,10049.77395,11686.39127,12558.08657,10082.47997,11369.16525,12558.08657,1902.840306,1890.55204,0.001001968,0.001005531,0.001008742,0.001011081,3817.281248,3817.281248,3817.281248,8501.203534,8501.203534,8501.203534,8501.203534,8501.203534
12/15/2010,7005.950797,5697.525265,8157.675985,8346.44777,8326.975807,8157.675985,12055.68414,8714.919508,14519.10803,12634.69363,9905.360736,14519.10803,13049.44718,10451.43831,14519.10803,10450.52394,11686.39127,14519.10803,4625.121892,4591.756021,0.001001968,0.001005531,0.001008742,0.001011081,4340.284439,4340.284439,4340.284439,8935.014324,8935.014324,8935.014324,8935.014324,8935.014324
12/16/2010,4386.603081,3712.493696,4955.859436,5709.105969,5697.525265,4955.859436,9762.236677,7417.027045,11470.4396,10670.55313,8714.919508,11470.4396,11467.75807,9905.360736,11470.4396,13428.1864,10451.43831,11470.4396,2389.693893,2373.798033,0.001001968,0.001005531,0.001008742,0.001011081,4681.974092,4681.974092,4681.974092,9580.950691,9580.950691,9580.950691,9580.950691,9580.950691
12/17/2010,3166.969257,3565.539435,3459.473507,3720.654894,3712.493696,3459.473507,5245.132592,6774.453595,5912.905545,5623.82457,7417.027045,5912.905545,6705.023771,8714.919508,5912.905545,8361.431082,9905.360736,5912.905545,1259.316845,1251.626974,0.001001968,0.001005531,0.001008742,0.001011081,4848.94638,4848.94638,4848.94638,10076.15978,10076.15978,10076.15978,10076.15978,10076.15978
12/18/2010,3116.288488,3364.58699,3450.210707,3571.35026,3565.539435,3450.210707,6205.659733,6351.031001,7132.10703,6435.166901,6774.453595,7132.10703,7020.264728,7417.027045,7132.10703,7797.656537,8714.919508,7132.10703,1447.483525,1438.473005,0.001001968,0.001005531,0.001008742,0.001011081,4955.671916,4955.671916,4955.671916,10373.53482,10373.53482,10373.53482,10373.53482,10373.53482
12/19/2010,2953.390871,3149.666508,3281.256646,3368.733172,3364.58699,3281.256646,6362.312443,6009.950786,7349.274765,6545.884269,6351.031001,7349.274765,6966.957874,6774.453595,7349.274765,7440.828711,7417.027045,7349.274765,1431.15767,1422.262601,0.001001968,0.001005531,0.001008742,0.001011081,4977.505485,4977.505485,4977.505485,10276.58483,10276.58483,10276.58483,10276.58483,10276.58483
12/20/2010,2773.56991,2964.050903,3082.664121,3152.60615,3149.666508,3082.664121,5665.633903,5715.86253,6529.427831,5833.585709,6009.950786,6529.427831,6209.448248,6351.031001,6529.427831,6562.791554,6774.453595,6529.427831,1359.184033,1350.796017,0.001001968,0.001005531,0.001008742,0.001011081,4844.880697,4844.880697,4844.880697,9744.997381,9744.997381,9744.997381,9744.997381,9744.997381
12/21/2010,2616.556953,2804.160366,2908.508059,2966.100487,2964.050903,2908.508059,5282.734637,5456.354167,6081.992841,5434.815173,5715.86253,6081.992841,5776.998171,6009.950786,6081.992841,6069.931731,6351.031001,6081.992841,1292.609423,1284.687537,0.001001968,0.001005531,0.001008742,0.001011081,4599.373446,4599.373446,4599.373446,9088.933655,9088.933655,9088.933655,9088.933655,9088.933655
12/22/2010,2480.107122,2664.163225,2757.141521,2805.544021,2804.160366,2757.141521,5013.886172,5230.763208,5770.094642,5152.172898,5456.354167,5770.094642,5466.51913,5715.86253,5770.094642,5724.548578,6009.950786,5770.094642,1234.360957,1226.844513,0.001001968,0.001005531,0.001008742,0.001011081,3909.856321,3909.856321,3909.856321,8284.342723,8284.342723,8284.342723,8284.342723,8284.342723
12/23/2010,2359.791361,2539.797967,2623.670504,2665.043683,2664.163225,2623.670504,4783.041619,5036.925361,5503.205973,4909.963765,5230.763208,5503.205973,5201.439749,5456.354167,5503.205973,5433.812913,5715.86253,5503.205973,1182.737854,1175.578781,0.001001968,0.001005531,0.001008742,0.001011081,3434.608193,3434.608193,3434.608193,7372.02667,7372.02667,7372.02667,7372.02667,7372.02667
12/24/2010,2252.306096,2427.973884,2504.421274,2540.295222,2539.797967,2504.421274,4583.67288,4854.853678,5272.38612,4701.187627,5036.925361,5272.38612,4973.556249,5230.763208,5272.38612,5178.762669,5456.354167,5272.38612,1136.358567,1129.518931,0.001001968,0.001005531,0.001008742,0.001011081,3156.999807,3156.999807,3156.999807,6668.218931,6668.218931,6668.218931,6668.218931,6668.218931
12/25/2010,2155.219521,2326.400153,2396.690944,2428.178214,2427.973884,2396.690944,4409.468072,4681.653982,5070.291736,4519.051028,4854.853678,5070.291736,4775.128908,5036.925361,5070.291736,4958.124523,5230.763208,5070.291736,1094.206763,1087.656048,0.001001968,0.001005531,0.001008742,0.001011081,2956.56632,2956.56632,2956.56632,6199.680108,6199.680108,6199.680108,6199.680108,6199.680108
12/26/2010,2066.705658,2233.342261,2298.451853,2326.379906,2326.400153,2298.451853,4252.620754,4540.745236,4888.330431,4355.369834,4681.653982,4888.330431,4597.286063,4854.853678,4888.330431,4765.132515,5036.925361,4888.330431,1055.523264,1049.236482,0.001001968,0.001005531,0.001008742,0.001011081,2790.952437,2790.952437,2790.952437,5857.965222,5857.965222,5857.965222,5857.965222,5857.965222
12/27/2010,1985.367816,2147.463432,2208.153533,2233.150232,2233.342261,2208.153533,4103.928975,4414.202088,4717.24944,4200.505008,4540.745236,4717.24944,4429.744514,4681.653982,4717.24944,4595.038117,4854.853678,4717.24944,1019.730265,1013.686619,0.001001968,0.001005531,0.001008742,0.001011081,2647.910074,2647.910074,2647.910074,5578.062615,5578.062615,5578.062615,5578.062615,5578.062615
12/28/2010,1910.119061,2067.71601,2124.590535,2147.140586,2147.463432,2124.590535,3976.453016,4165.037211,4568.423132,4067.872432,4414.202088,4568.423132,4286.064171,4540.745236,4568.423132,4424.642786,4681.653982,4568.423132,986.3809129,980.5628418,0.001001968,0.001005531,0.001008742,0.001011081,2521.83541,2521.83541,2521.83541,5337.060711,5337.060711,5337.060711,5337.060711,5337.060711
12/29/2010,1840.101035,1993.268801,2046.811457,2067.294542,2067.71601,2046.811457,3858.284015,3948.210709,4430.868213,3945.008818,4165.037211,4430.868213,4153.138852,4414.202088,4430.868213,4285.883961,4540.745236,4430.868213,955.1239065,949.5163858,0.001001968,0.001005531,0.001008742,0.001011081,2409.101946,2409.101946,2409.101946,5125.253205,5125.253205,5125.253205,5125.253205,5125.253205
12/30/2010,1774.627113,1923.7315,1974.056075,1992.774043,1993.268801,1974.056075,3745.848292,3895.88654,4300.739382,3828.213487,3948.210709,4300.739382,4027.059294,4165.037211,4300.739382,4157.495002,4414.202088,4300.739382,925.681493,920.2715029,0.001001968,0.001005531,0.001008742,0.001011081,2307.117952,2307.117952,2307.117952,4936.749371,4936.749371,4936.749371,4936.749371,4936.749371
12/31/2010,1733.561239,1860.368725,1925.775675,1921.322588,1923.7315,1925.775675,3670.358253,4775.970064,4209.4525,3726.929228,3895.88654,4209.4525,3916.906291,3948.210709,4209.4525,4038.430049,4165.037211,4209.4525,896.2541113,891.0407536,0.001001968,0.001005531,0.001008742,0.001011081,2213.753116,2213.753116,2213.753116,4767.935627,4767.935627,4767.935627,4767.935627,4767.935627
1/1/2011,1692.270893,2024.187758,1857.900155,1800.419861,1860.368725,1857.900155,3515.561122,5210.701616,3993.908593,3511.720112,4775.970064,3993.908593,3640.678654,3895.88654,3993.908593,3826.172902,3948.210709,3993.908593,777.1283565,772.7022783,0.001001968,0.001005531,0.001008742,0.001011081,2114.901771,2114.901771,2114.901771,4598.776191,4598.776191,4598.776191,4598.776191,4598.776191
1/2/2011,1857.89566,2089.969557,2034.807128,2022.942506,2024.187758,2034.807128,3646.449381,4980.811274,4121.536513,3701.714114,5210.701616,4121.536513,3683.731027,4775.970064,4121.536513,3603.574046,3895.88654,4121.536513,788.4433197,783.943097,0.001001968,0.001005531,0.001008742,0.001011081,2041.433979,2041.433979,2041.433979,4449.461653,4449.461653,4449.461653,4449.461653,4449.461653
1/3/2011,2223.462415,3280.759042,2411.498403,2107.306547,2089.969557,2411.498403,4069.527183,5035.951425,4569.322692,3834.533177,4980.811274,4569.322692,3958.741818,5210.701616,4569.322692,3760.360592,4775.970064,4569.322692,850.0865944,845.1800562,0.001001968,0.001005531,0.001008742,0.001011081,2012.310407,2012.310407,2012.310407,4349.831173,4349.831173,4349.831173,4349.831173,4349.831173
1/4/2011,2942.983904,2871.321355,3345.977164,3282.087529,3280.759042,3345.977164,5269.944325,4852.809824,6184.497825,5343.002432,5035.951425,6184.497825,5430.3166,4980.811274,6184.497825,4608.86307,5210.701616,6184.497825,1781.597894,1770.192469,0.001001968,0.001005531,0.001008742,0.001011081,2130.033206,2130.033206,2130.033206,4375.972856,4375.972856,4375.972856,4375.972856,4375.972856
1/5/2011,2426.396227,2354.965551,2725.396488,2871.655336,2871.321355,2725.396488,4950.630983,4517.118517,5755.754106,5188.124361,4852.809824,5755.754106,5399.146969,5035.951425,5755.754106,5668.581344,4980.811274,5755.754106,1349.672076,1341.350832,0.001001968,0.001005531,0.001008742,0.001011081,2234.448985,2234.448985,2234.448985,4492.117049,4492.117049,4492.117049,4492.117049,4492.117049
1/6/2011,2070.949751,2262.464795,2290.772392,2355.101246,2354.965551,2290.772392,3667.212079,4304.227433,4189.179548,3810.368292,4517.118517,4189.179548,4166.89135,4852.809824,4189.179548,4543.120351,5035.951425,4189.179548,1010.700132,1004.717659,0.001001968,0.001005531,0.001008742,0.001011081,2304.829479,2304.829479,2304.829479,4603.214977,4603.214977,4603.214977,4603.214977,4603.214977
1/7/2011,2000.839806,2160.449757,2219.687852,2262.451899,2262.464795,2219.687852,3788.578104,4148.280193,4348.936072,3904.285605,4304.227433,4348.936072,4170.309279,4517.118517,4348.936072,4420.483349,4852.809824,4348.936072,1009.750525,1003.774481,0.001001968,0.001005531,0.001008742,0.001011081,2360.533845,2360.533845,2360.533845,4677.42889,4677.42889,4677.42889,4677.42889,4677.42889
1/8/2011,1917.282106,2070.058195,2127.825867,2160.324974,2160.449757,2127.825867,3820.063004,4003.210059,4393.130601,3918.686312,4148.280193,4393.130601,4150.269658,4304.227433,4393.130601,4342.50314,4517.118517,4393.130601,976.224917,970.4753516,0.001001968,0.001005531,0.001008742,0.001011081,2421.019156,2421.019156,2421.019156,4741.802323,4741.802323,4741.802323,4741.802323,4741.802323
1/9/2011,1839.624079,1985.793334,2041.928206,2069.849787,2070.058195,2041.928206,3636.540385,3854.968639,4178.773884,3729.057434,4003.210059,4178.773884,3943.938387,4148.280193,4178.773884,4089.711567,4304.227433,4178.773884,942.6339663,937.110337,0.001001968,0.001005531,0.001008742,0.001011081,2457.012955,2457.012955,2457.012955,4786.66665,4786.66665,4786.66665,4786.66665,4786.66665
1/10/2011,1766.544166,1908.189263,1960.742655,1985.523285,1985.793334,1960.742655,3500.109915,3764.480482,4021.007016,3586.85689,3854.968639,4021.007016,3789.558238,4003.210059,4021.007016,3931.015853,4148.280193,4021.007016,909.3109381,904.0104353,0.001001968,0.001005531,0.001008742,0.001011081,2449.881933,2449.881933,2449.881933,4784.588283,4784.588283,4784.588283,4784.588283,4784.588283
1/11/2011,1698.915939,1836.383825,1885.603361,1907.874522,1908.189263,1885.603361,3366.244464,3670.126369,3868.453475,3447.706652,3764.480482,3868.453475,3639.929,3854.968639,3868.453475,3786.28412,4003.210059,3868.453475,878.3369074,873.2428701,0.001001968,0.001005531,0.001008742,0.001011081,2297.145636,2297.145636,2297.145636,4656.664118,4656.664118,4656.664118,4656.664118,4656.664118
1/12/2011,1636.102237,1769.477787,1815.834577,1836.037823,1836.383825,1815.834577,3291.280255,3545.632325,3777.771726,3368.543124,3670.126369,3777.771726,3551.751522,3764.480482,3777.771726,3642.160579,3854.968639,3777.771726,849.5814816,844.6782886,0.001001968,0.001005531,0.001008742,0.001011081,2158.915317,2158.915317,2158.915317,4445.509334,4445.509334,4445.509334,4445.509334,4445.509334
1/13/2011,1577.40107,1706.779883,1750.643709,1769.111117,1769.477787,1750.643709,3211.503044,3440.218996,3683.172471,3284.927908,3545.632325,3683.172471,3459.921669,3670.126369,3683.172471,3555.395644,3764.480482,3683.172471,822.6742931,817.9489277,0.001001968,0.001005531,0.001008742,0.001011081,2055.858616,2055.858616,2055.858616,4244.532406,4244.532406,4244.532406,4244.532406,4244.532406
1/14/2011,1522.263202,1647.751437,1689.411849,1706.400866,1706.779883,1689.411849,3101.662564,3368.97568,3558.780854,3171.204518,3440.218996,3558.780854,3338.396378,3545.632325,3558.780854,3464.958655,3670.126369,3558.780854,797.3310188,792.7724597,0.001001968,0.001005531,0.001008742,0.001011081,1968.764534,1968.764534,1968.764534,4078.883157,4078.883157,4078.883157,4078.883157,4078.883157
1/15/2011,1470.256356,1591.96621,1631.653575,1647.366755,1647.751437,1631.653575,3009.859213,3545.090693,3453.508266,3075.987786,3368.97568,3453.508266,3236.08283,3440.218996,3453.508266,3344.330749,3545.632325,3453.508266,773.3359113,768.9346528,0.001001968,0.001005531,0.001008742,0.001011081,1890.766311,1890.766311,1890.766311,3939.522314,3939.522314,3939.522314,3939.522314,3939.522314
1/16/2011,1421.034083,1539.079135,1576.98121,1591.581162,1591.96621,1576.98121,2927.820404,3539.145878,3358.818034,2990.867318,3545.090693,3358.818034,3144.406067,3368.97568,3358.818034,3242.703094,3440.218996,3358.818034,750.5226161,746.2703228,0.001001968,0.001005531,0.001008742,0.001011081,1819.085319,1819.085319,1819.085319,3814.082003,3814.082003,3814.082003,3814.082003,3814.082003
1/17/2011,1374.313121,1489.32828,1525.07872,1538.697866,1539.079135,1525.07872,2839.543876,3381.056153,3258.322828,2899.621083,3539.145878,3258.322828,3046.950202,3545.090693,3258.322828,3151.56287,3368.97568,3258.322828,728.7597538,724.6490162,0.001001968,0.001005531,0.001008742,0.001011081,1752.458228,1752.458228,1752.458228,3697.414793,3697.414793,3697.414793,3697.414793,3697.414793
1/18/2011,1329.858916,1455.133955,1475.685069,1488.432676,1489.32828,1475.685069,2801.570263,3244.800777,3212.758956,2858.758654,3381.056153,3212.758956,2999.979279,3539.145878,3212.758956,3074.224102,3545.090693,3212.758956,707.9417409,703.9658952,0.001001968,0.001005531,0.001008742,0.001011081,1690.110559,1690.110559,1690.110559,3596.732634,3596.732634,3596.732634,3596.732634,3596.732634
1/19/2011,1297.396071,1427.254661,1440.619887,1451.881774,1455.133955,1440.619887,3029.429315,3139.590465,3478.188209,3080.470658,3244.800777,3478.188209,3212.277203,3381.056153,3478.188209,3258.724013,3539.145878,3478.188209,697.0000556,693.0948992,0.001001968,0.001005531,0.001008742,0.001011081,1632.840987,1632.840987,1632.840987,3543.348263,3543.348263,3543.348263,3543.348263,3543.348263
1/20/2011,1272.379252,1375.772644,1414.904919,1426.009495,1427.254661,1414.904919,3039.058532,3023.485968,3490.562403,3089.57528,3139.590465,3490.562403,3221.304142,3244.800777,3490.562403,3271.023148,3381.056153,3490.562403,694.6675464,690.7774405,0.001001968,0.001005531,0.001008742,0.001011081,1581.912591,1581.912591,1581.912591,3505.838026,3505.838026,3505.838026,3505.838026,3505.838026
1/21/2011,1228.300071,1332.22183,1364.888325,1375.351429,1375.772644,1364.888325,2842.787087,2945.822757,3259.732229,2892.355381,3023.485968,3259.732229,3019.651371,3139.590465,3259.732229,3116.552727,3244.800777,3259.732229,668.6998508,664.9768448,0.001001968,0.001005531,0.001008742,0.001011081,1532.942203,1532.942203,1532.942203,3458.995182,3458.995182,3458.995182,3458.995182,3458.995182
1/22/2011,1189.849949,1291.181082,1321.93133,1331.810633,1332.22183,1321.93133,2671.355085,3042.390986,3064.104715,2719.784486,2945.822757,3064.104715,2843.567885,3023.485968,3064.104715,2960.111492,3139.590465,3064.104715,649.4333152,645.8337342,0.001001968,0.001005531,0.001008742,0.001011081,1486.341186,1486.341186,1486.341186,3400.506661,3400.506661,3400.506661,3400.506661,3400.506661
1/23/2011,1153.537312,1251.92146,1281.439783,1290.788103,1291.181082,1281.439783,2593.029107,3567.162385,2973.366166,2639.695619,3042.390986,2973.366166,2759.184596,2945.822757,2973.366166,2840.205556,3023.485968,2973.366166,631.5508594,628.0654012,0.001001968,0.001005531,0.001008742,0.001011081,1441.97955,1441.97955,1441.97955,3341.906814,3341.906814,3341.906814,3341.906814,3341.906814
1/24/2011,1118.773731,1214.266327,1242.683128,1251.547269,1251.92146,1242.683128,2531.090137,3007.917227,2901.030224,2576.362286,3567.162385,2901.030224,2691.282207,3042.390986,2901.030224,2763.83524,2945.822757,2901.030224,614.4096706,611.0331997,0.001001968,0.001005531,0.001008742,0.001011081,1399.679318,1399.679318,1399.679318,3287.524532,3287.524532,3287.524532,3287.524532,3287.524532
1/25/2011,1085.415388,1178.097408,1205.493389,1213.911292,1214.266327,1205.493389,2490.761641,2829.861248,2851.11628,2534.483016,3007.917227,2851.11628,2645.450994,3567.162385,2851.11628,2698.415322,3042.390986,2851.11628,597.90659,594.6346643,0.001001968,0.001005531,0.001008742,0.001011081,1359.281362,1359.281362,1359.281362,3232.769895,3232.769895,3232.769895,3232.769895,3232.769895
1/26/2011,1053.362045,1143.281957,1169.756616,1177.761609,1178.097408,1169.756616,2575.442753,2746.487246,2951.774879,2614.311278,2829.861248,2951.774879,2718.381391,3007.917227,2951.774879,2790.703762,3567.162385,2951.774879,581.9857606,578.8143237,0.001001968,0.001005531,0.001008742,0.001011081,1319.27578,1319.27578,1319.27578,3159.151216,3159.151216,3159.151216,3159.151216,3159.151216
1/27/2011,1023.321752,1111.336176,1136.162914,1142.965508,1143.281957,1136.162914,3010.397691,2670.423027,3466.075171,3036.869224,2746.487246,3466.075171,3125.076427,2829.861248,3466.075171,3207.117358,3007.917227,3466.075171,566.5702249,563.495734,0.001001968,0.001005531,0.001008742,0.001011081,1277.826833,1277.826833,1277.826833,3157.461441,3157.461441,3157.461441,3157.461441,3157.461441
1/28/2011,994.2393025,1078.477082,1103.813464,1111.038852,1111.336176,1103.813464,2535.902972,2605.840735,2906.817146,2570.331854,2670.423027,2906.817146,2664.78712,2746.487246,2906.817146,2738.924141,2829.861248,2906.817146,552.4046599,549.4189393,0.001001968,0.001005531,0.001008742,0.001011081,1238.956843,1238.956843,1238.956843,3103.639292,3103.639292,3103.639292,3103.639292,3103.639292
1/29/2011,965.025154,1047.157435,1071.165843,1078.1986,1078.477082,1071.165843,2381.690916,2714.600471,2726.247217,2417.133509,2605.840735,2726.247217,2510.842772,2670.423027,2726.247217,2579.792609,2746.487246,2726.247217,537.3581651,534.4663959,0.001001968,0.001005531,0.001008742,0.001011081,1201.788816,1201.788816,1201.788816,3051.563981,3051.563981,3051.563981,3051.563981,3051.563981
1/30/2011,937.3110215,1017.183641,1040.242424,1046.897651,1047.157435,1040.242424,2311.676664,2584.370204,2644.663769,2345.922024,2714.600471,2644.663769,2436.807917,2605.840735,2644.663769,2505.285315,2670.423027,2644.663769,523.2790882,520.4749049,0.001001968,0.001005531,0.001008742,0.001011081,1166.089178,1166.089178,1166.089178,3002.140841,3002.140841,3002.140841,3002.140841,3002.140841
1/31/2011,910.7153737,988.2036912,1010.583831,1016.94203,1017.183641,1010.583831,2250.046879,2478.359747,2572.621797,2283.179405,2584.370204,2572.621797,2371.147088,2714.600471,2572.621797,2434.290678,2605.840735,2572.621797,509.806978,507.0863024,0.001001968,0.001005531,0.001008742,0.001011081,1131.758759,1131.758759,1131.758759,2952.916909,2952.916909,2952.916909,2952.916909,2952.916909
2/1/2011,885.000829,960.2165011,981.8979474,987.9798528,988.2036912,981.8979474,2200.394707,2438.994749,2514.721135,2232.273881,2478.359747,2514.721135,2317.248119,2584.370204,2514.721135,2377.751536,2714.600471,2514.721135,496.6869261,494.0472844,0.001001968,0.001005531,0.001008742,0.001011081,1098.713624,1098.713624,1098.713624,2902.685115,2902.685115,2902.685115,2902.685115,2902.685115
2/2/2011,860.1645483,933.1774334,954.1881909,960.0100653,960.2165011,954.1881909,2302.865084,2545.59413,2636.104754,2330.416037,2438.994749,2636.104754,2409.484181,2478.359747,2636.104754,2464.548122,2584.370204,2636.104754,483.9531708,481.3918948,0.001001968,0.001005531,0.001008742,0.001011081,1066.87947,1066.87947,1066.87947,2855.549368,2855.549368,2855.549368,2855.549368,2855.549368
2/3/2011,836.1669328,907.0436154,927.4110237,932.9878956,933.1774334,927.4110237,2194.467278,2580.67134,2508.611519,2222.477209,2545.59413,2508.611519,2299.862946,2438.994749,2508.611519,2360.119387,2478.359747,2508.611519,471.591265,469.1057931,0.001001968,0.001005531,0.001008742,0.001011081,1036.193752,1036.193752,1036.193752,2716.955514,2716.955514,2716.955514,2716.955514,2716.955514
2/4/2011,812.9703225,881.7742683,901.5248848,906.8705604,907.0436154,901.5248848,2097.454911,2763.521378,2394.526701,2125.321886,2580.67134,2394.526701,2201.255807,2545.59413,2394.526701,2259.391433,2438.994749,2394.526701,459.5866651,457.1745421,0.001001968,0.001005531,0.001008742,0.001011081,1006.491799,1006.491799,1006.491799,2642.164753,2642.164753,2642.164753,2642.164753,2642.164753
2/5/2011,790.5389493,859.455415,876.4901689,881.6171813,881.7742683,876.4901689,2073.340223,2659.160297,2365.647871,2099.968242,2763.521378,2365.647871,2173.073986,2580.67134,2365.647871,2220.430054,2545.59413,2365.647871,447.9248445,445.5837201,0.001001968,0.001005531,0.001008742,0.001011081,977.7964877,977.7964877,977.7964877,2588.91509,2588.91509,2588.91509,2588.91509,2588.91509
2/6/2011,770.5700069,839.5395507,854.4218245,859.3139464,859.455415,854.4218245,2186.012508,2464.588091,2498.097989,2209.268521,2659.160297,2498.097989,2277.021633,2763.521378,2498.097989,2314.83076,2580.67134,2498.097989,438.6333068,436.3485656,0.001001968,0.001005531,0.001008742,0.001011081,950.3854203,950.3854203,950.3854203,2565.875384,2565.875384,2565.875384,2565.875384,2565.875384
2/7/2011,755.057214,860.3988981,837.2099996,839.4131789,839.5395507,837.2099996,2218.771995,2377.73816,2537.140131,2237.170675,2464.588091,2537.140131,2302.051793,2659.160297,2537.140131,2354.816072,2763.521378,2537.140131,431.2329761,428.9930219,0.001001968,0.001005531,0.001008742,0.001011081,924.4451838,924.4451838,924.4451838,2558.020046,2558.020046,2558.020046,2558.020046,2558.020046
2/8/2011,773.474779,845.650532,860.5833795,860.2868493,860.3988981,860.5833795,2391.007671,2326.166568,2745.264153,2405.494531,2377.73816,2745.264153,2462.587435,2464.588091,2745.264153,2494.23079,2659.160297,2745.264153,455.6686265,453.2803854,0.001001968,0.001005531,0.001008742,0.001011081,904.4795837,904.4795837,904.4795837,2581.706426,2581.706426,2581.706426,2581.706426,2581.706426
2/9/2011,758.5511518,812.5276389,842.0773675,845.5522994,845.650532,842.0773675,2289.833363,2279.029707,2625.963518,2307.933565,2326.166568,2625.963518,2356.914375,2377.73816,2625.963518,2429.140149,2464.588091,2625.963518,438.4392594,436.155694,0.001001968,0.001005531,0.001008742,0.001011081,885.6009431,885.6009431,885.6009431,2572.391015,2572.391015,2572.391015,2572.391015,2572.391015
2/10/2011,728.569872,788.5736813,807.8060012,812.4426599,812.5276389,807.8060012,2087.070446,2298.031185,2386.416949,2108.218176,2279.029707,2386.416949,2172.422021,2326.166568,2386.416949,2223.42438,2377.73816,2386.416949,418.5269591,416.3636487,0.001001968,0.001005531,0.001008742,0.001011081,868.1508618,868.1508618,868.1508618,2556.310387,2556.310387,2556.310387,2556.310387,2556.310387
2/11/2011,707.449027,766.1191056,784.1299773,788.5013994,788.5736813,784.1299773,2026.905598,2399.291192,2314.890392,2047.453632,2298.031185,2314.890392,2109.305618,2279.029707,2314.890392,2160.679388,2326.166568,2314.890392,406.843216,404.7500929,0.001001968,0.001005531,0.001008742,0.001011081,850.961653,850.961653,850.961653,2545.529583,2545.529583,2545.529583,2545.529583,2545.529583
2/12/2011,687.5956067,744.7223614,761.9076,766.0592751,766.1191056,761.9076,1983.245234,2406.399101,2263.199032,2002.995189,2399.291192,2263.199032,2062.514344,2298.031185,2263.199032,2111.782086,2279.029707,2263.199032,395.9926699,393.964473,0.001001968,0.001005531,0.001008742,0.001011081,834.1541059,834.1541059,834.1541059,2530.271084,2530.271084,2530.271084,2530.271084,2530.271084
2/13/2011,668.6121768,727.193259,740.685154,744.6746977,744.7223614,740.685154,1940.946922,2535.686034,2214.011247,1959.84882,2406.399101,2214.011247,2017.166587,2399.291192,2214.011247,2069.39752,2298.031185,2214.011247,385.7153676,383.7484333,0.001001968,0.001005531,0.001008742,0.001011081,817.490915,817.490915,817.490915,2489.28916,2489.28916,2489.28916,2489.28916,2489.28916
2/14/2011,658.0223219,707.8926764,728.5561021,727.1573434,727.193259,728.5561021,1974.046573,2974.567985,2251.966618,1986.237812,2535.686034,2251.966618,2040.887807,2406.399101,2251.966618,2077.719909,2399.291192,2251.966618,378.8348281,376.9087783,0.001001968,0.001005531,0.001008742,0.001011081,801.2231955,801.2231955,801.2231955,2447.65625,2447.65625,2447.65625,2447.65625,2447.65625
2/15/2011,689.5594563,784.0450371,755.9592832,707.8676347,707.8926764,755.9592832,2133.415061,2977.544742,2426.867822,2095.048338,2974.567985,2426.867822,2132.191924,2535.686034,2426.867822,2177.23087,2406.399101,2426.867822,358.5720654,356.7657919,0.001001968,0.001005531,0.001008742,0.001011081,778.9745971,778.9745971,778.9745971,2399.841914,2399.841914,2399.841914,2399.841914,2399.841914
2/16/2011,714.2509932,759.0203166,785.6704097,784.0306797,784.0450371,785.6704097,2174.172809,3104.998658,2476.557568,2183.945733,2977.544742,2476.557568,2175.436083,2974.567985,2476.557568,2173.631463,2535.686034,2476.557568,383.4765871,381.5229673,0.001001968,0.001005531,0.001008742,0.001011081,763.3136337,763.3136337,763.3136337,2371.248682,2371.248682,2371.248682,2371.248682,2371.248682
2/17/2011,759.6009882,644.1071197,826.6380757,758.7048759,759.0203166,826.6380757,2389.862363,4995.344197,2710.204752,2329.796722,3104.998658,2710.204752,2370.578098,2977.544742,2710.204752,2329.40046,2974.567985,2710.204752,362.3973693,360.5685569,0.001001968,0.001005531,0.001008742,0.001011081,754.4848581,754.4848581,754.4848581,2398.424209,2398.424209,2398.424209,2398.424209,2398.424209
2/18/2011,975.870873,984.1543628,1000.89338,642.3936103,644.1071197,1000.89338,3184.117068,5924.017036,3522.147164,2814.898573,4995.344197,3522.147164,2700.699947,3104.998658,3522.147164,2752.45651,2977.544742,3522.147164,137.6286634,137.0472171,0.001001968,0.001005531,0.001008742,0.001011081,717.614625,717.614625,717.614625,2517.690879,2517.690879,2517.690879,2517.690879,2517.690879
2/19/2011,1374.038882,1668.71986,1382.550071,984.2973776,984.1543628,1382.550071,3762.673743,5812.699982,4073.423521,3354.769778,5924.017036,4073.423521,2858.785884,4995.344197,4073.423521,2689.399983,3104.998658,4073.423521,0.001000564,0.001006515,0.001001968,0.001005531,0.001008742,0.001011081,680.8442607,680.8442607,680.8442607,2680.197663,2680.197663,2680.197663,2680.197663,2680.197663
2/20/2011,2173.693825,3826.945787,2227.539036,1669.809936,1668.71986,2227.539036,4512.800346,5845.093561,4896.105988,3957.669023,5812.699982,4896.105988,3568.052287,5924.017036,4896.105988,3003.067784,4995.344197,4896.105988,276.1014587,274.7719467,0.001001968,0.001005531,0.001008742,0.001011081,752.6518543,752.6518543,752.6518543,2903.617137,2903.617137,2903.617137,2903.617137,2903.617137
2/21/2011,3298.069333,2697.541069,3719.728894,3827.003902,3826.945787,3719.728894,6841.153487,8303.971078,8004.32272,7063.629325,5845.093561,8004.32272,6890.677252,5812.699982,8004.32272,4990.901588,5924.017036,8004.32272,1906.948012,1894.629716,0.001001968,0.001005531,0.001008742,0.001011081,1117.955204,1117.955204,1117.955204,3399.929113,3399.929113,3399.929113,3399.929113,3399.929113
2/22/2011,2109.541812,1747.450548,2296.33941,2697.549443,2697.541069,2296.33941,5937.483462,11438.99254,6824.608225,6354.463288,8303.971078,6824.608225,6587.216223,5845.093561,6824.608225,7239.328289,5812.699982,6824.608225,909.8132732,904.5094144,0.001001968,0.001005531,0.001008742,0.001011081,1420.054061,1420.054061,1420.054061,4021.753787,4021.753787,4021.753787,4021.753787,4021.753787
2/23/2011,1496.871772,1648.379306,1569.385361,1747.46936,1747.450548,1569.385361,3566.972923,9279.534763,3953.044603,3752.595769,11438.99254,3953.044603,4207.358835,8303.971078,3953.044603,4956.883999,5845.093561,3953.044603,380.3051675,378.3703898,0.001001968,0.001005531,0.001008742,0.001011081,1624.437703,1624.437703,1624.437703,4547.587445,4547.587445,4547.587445,4547.587445,4547.587445
2/24/2011,1453.197492,1895.262925,1544.678736,1648.407885,1648.379306,1544.678736,3981.792356,11096.46259,4486.107727,4089.432933,9279.534763,4486.107727,4324.942305,11438.99254,4486.107727,4737.959317,8303.971078,4486.107727,474.3886182,471.8860166,0.001001968,0.001005531,0.001008742,0.001011081,1778.265588,1778.265588,1778.265588,4919.008125,4919.008125,4919.008125,4919.008125,4919.008125
2/25/2011,1682.313461,2269.970336,1822.338038,1895.30037,1895.262925,1822.338038,7356.425303,13541.80544,8490.49676,7407.68104,11096.46259,8490.49676,7405.638849,9279.534763,8490.49676,7010.900101,11438.99254,8490.49676,683.2086831,679.3924178,0.001001968,0.001005531,0.001008742,0.001011081,1966.02897,1966.02897,1966.02897,5610.060287,5610.060287,5610.060287,5610.060287,5610.060287
2/26/2011,2003.822375,2135.866888,2207.172257,2270.016032,2269.970336,2207.172257,10760.75947,12832.96792,12612.39241,10765.16652,13541.80544,12612.39241,10685.7087,11096.46259,12612.39241,10446.39694,9279.534763,12612.39241,955.8718373,950.2592886,0.001001968,0.001005531,0.001008742,0.001011081,2201.454721,2201.454721,2201.454721,6811.366185,6811.366185,6811.366185,6811.366185,6811.366185
2/27/2011,1905.688286,2494.751721,2083.017722,2135.920436,2135.866888,2083.017722,8210.535672,10655.41248,9522.141961,8248.378659,12832.96792,9522.141961,8325.904368,13541.80544,9522.141961,8662.435411,11096.46259,9522.141961,839.0525977,834.2190771,0.001001968,0.001005531,0.001008742,0.001011081,2329.114697,2329.114697,2329.114697,7618.675617,7618.675617,7618.675617,7618.675617,7618.675617
2/28/2011,2172.611566,3752.134971,2446.97546,2477.440729,2494.751721,2446.97546,9921.696896,9591.363397,11639.18223,9961.600384,10655.41248,11639.18223,10195.42332,12832.96792,11639.18223,9571.97594,13541.80544,11639.18223,1263.165144,1255.448492,0.001001968,0.001005531,0.001008742,0.001011081,2224.599444,2224.599444,2224.599444,8406.499899,8406.499899,8406.499899,8406.499899,8406.499899
3/1/2011,3547.43462,3503.344368,4053.176928,3746.116623,3752.134971,4053.176928,13781.99291,8834.850326,16314.92818,13543.5031,9591.363397,16314.92818,13489.53096,10655.41248,16314.92818,12591.09703,12832.96792,16314.92818,2143.531638,2129.471627,0.001001968,0.001005531,0.001008742,0.001011081,2305.939081,2305.939081,2305.939081,9446.838105,9446.838105,9446.838105,9446.838105,9446.838105
3/2/2011,3202.47526,3083.75768,3591.358136,3508.489078,3503.344368,3591.358136,11733.87329,11183.18259,13768.98996,11687.20383,8834.850326,13768.98996,11709.96489,9591.363397,13768.98996,12408.11286,10655.41248,13768.98996,1705.480064,1694.625339,0.001001968,0.001005531,0.001008742,0.001011081,2470.351737,2470.351737,2470.351737,10465.95545,10465.95545,10465.95545,10465.95545,10465.95545
3/3/2011,2647.816723,2525.598334,2963.542599,3084.31793,3083.75768,2963.542599,8167.077103,16524.43296,9494.711927,8348.763281,11183.18259,9494.711927,8703.045515,8834.850326,9494.711927,9198.904601,9591.363397,9494.711927,1425.430923,1416.576313,0.001001968,0.001005531,0.001008742,0.001011081,2666.281825,2666.281825,2666.281825,11254.70811,11254.70811,11254.70811,11254.70811,11254.70811
3/4/2011,2207.334691,2311.971573,2439.835499,2525.856288,2525.598334,2439.835499,7158.235417,30035.18481,8271.671409,7277.381694,16524.43296,8271.671409,7628.495254,11183.18259,8271.671409,8403.004167,8834.850326,8271.671409,1078.094969,1071.654327,0.001001968,0.001005531,0.001008742,0.001011081,2791.339262,2791.339262,2791.339262,11433.72686,11433.72686,11433.72686,11433.72686,11433.72686
3/5/2011,2065.920527,5302.764288,2270.543302,2262.933427,2311.971573,2270.543302,6685.322978,38128.47049,7699.074481,6706.712646,30035.18481,7699.074481,6980.801107,16524.43296,7699.074481,7448.286407,11183.18259,7699.074481,962.8252061,957.1658885,0.001001968,0.001005531,0.001008742,0.001011081,2825.920435,2825.920435,2825.920435,10926.72386,10926.72386,10926.72386,10926.72386,10926.72386
3/6/2011,3525.775383,14051.64356,3770.611524,2910.445085,5302.764288,3770.611524,12304.42142,39670.99952,14046.97287,11499.94329,38128.47049,14046.97287,11091.40806,30035.18481,14046.97287,9845.348515,16524.43296,14046.97287,994.3444478,988.4725976,0.001001968,0.001005531,0.001008742,0.001011081,2857.306827,2857.306827,2857.306827,11283.61619,11283.61619,11283.61619,11283.61619,11283.61619
3/7/2011,17411.73083,20699.79905,19442.67364,15032.5737,14051.64356,19442.67364,33501.83225,40321.23665,38933.09424,30118.60517,39670.99952,38933.09424,27137.06745,38128.47049,38933.09424,16663.14436,30035.18481,38933.09424,6151.779119,6105.906176,0.001001968,0.001005531,0.001008742,0.001011081,4012.209055,4012.209055,4012.209055,12934.89953,12934.89953,12934.89953,12934.89953,12934.89953
3/8/2011,22062.25945,26916.46899,24942.88907,21659.47518,20699.79905,24942.88907,44204.67615,57321.94688,52736.24036,41766.38323,40321.23665,52736.24036,40542.48941,39670.99952,52736.24036,36001.80381,38128.47049,52736.24036,10252.96206,10172.04985,0.001001968,0.001005531,0.001008742,0.001011081,6121.62874,6121.62874,6121.62874,16240.08491,16240.08491,16240.08491,16240.08491,16240.08491
3/9/2011,19968.02448,15906.20183,24286.03588,26972.00634,26916.46899,24286.03588,37950.95368,55471.54868,47764.93324,41918.73101,57321.94688,47764.93324,45009.55448,40321.23665,47764.93324,38333.23106,39670.99952,47764.93324,15777.06933,15646.77797,0.001001968,0.001005531,0.001008742,0.001011081,9376.38242,9376.38242,9376.38242,20319.42283,20319.42283,20319.42283,20319.42283,20319.42283
3/10/2011,8158.353833,24389.44881,9291.737907,12658.34269,15906.20183,9291.737907,26222.1867,45628.88617,31199.30054,29763.73681,55471.54868,31199.30054,33452.4532,57321.94688,31199.30054,43451.56516,40321.23665,31199.30054,4522.463411,4489.92454,0.001001968,0.001005531,0.001008742,0.001011081,11145.49644,11145.49644,11145.49644,24940.71991,24940.71991,24940.71991,24940.71991,24940.71991
3/11/2011,26384.54605,29813.94755,30247.39643,25614.2815,24389.44881,30247.39643,48330.40933,38365.89448,56258.79573,45704.05466,45628.88617,56258.79573,46719.32009,55471.54868,56258.79573,30244.26068,57321.94688,56258.79573,11886.90024,11791.59806,0.001001968,0.001005531,0.001008742,0.001011081,14097.52426,14097.52426,14097.52426,30832.77586,30832.77586,30832.77586,30832.77586,30832.77586
3/12/2011,28093.59701,23707.60442,32290.22326,31223.09625,29813.94755,32290.22326,62824.24803,30145.49823,75746.33849,62952.60393,38365.89448,75746.33849,61625.39471,45628.88617,75746.33849,66190.8091,55471.54868,75746.33849,14268.09945,14151.4898,0.001001968,0.001005531,0.001008742,0.001011081,17581.37192,17581.37192,17581.37192,38373.22188,38373.22188,38373.22188,38373.22188,38373.22188
3/13/2011,18654.08372,13900.68533,21768.65387,23807.99655,23707.60442,21768.65387,35879.7665,23263.14797,43532.81306,38874.90463,30145.49823,43532.81306,44633.35288,38365.89448,43532.81306,47479.0043,45628.88617,43532.81306,11404.18586,11313.15606,0.001001968,0.001005531,0.001008742,0.001011081,21078.83779,21078.83779,21078.83779,43990.54109,43990.54109,43990.54109,43990.54109,43990.54109
3/14/2011,10446.26087,8997.182804,11695.92406,13944.45145,13900.68533,11695.92406,23105.59383,18287.82053,27151.74733,25682.21495,23263.14797,27151.74733,29761.78032,30145.49823,27151.74733,40838.48925,38365.89448,27151.74733,4830.130701,4795.107552,0.001001968,0.001005531,0.001008742,0.001011081,21999.13391,21999.13391,21999.13391,46757.56215,46757.56215,46757.56215,46757.56215,46757.56215
3/15/2011,7332.418773,8384.632491,7993.596147,9015.140902,8997.182804,7993.596147,15758.70773,16000.54257,18081.97861,16965.1894,18287.82053,18081.97861,20091.05014,23263.14797,18081.97861,26184.49268,30145.49823,18081.97861,2619.646066,2602.015671,0.001001968,0.001005531,0.001008742,0.001011081,21072.17026,21072.17026,21072.17026,45834.29478,45834.29478,45834.29478,45834.29478,45834.29478
3/16/2011,7054.296331,9158.823033,7802.254345,8209.325036,8384.632491,7802.254345,17384.03668,16922.69536,20281.98348,17955.23237,16000.54257,20281.98348,19591.79447,18287.82053,20281.98348,22355.38657,23263.14797,20281.98348,2976.158068,2955.804993,0.001001968,0.001005531,0.001008742,0.001011081,18679.86816,18679.86816,18679.86816,43251.37206,43251.37206,43251.37206,43251.37206,43251.37206
3/17/2011,8172.025586,9461.457573,9157.81411,9109.881242,9158.823033,9157.81411,17490.33916,18841.84563,20514.24903,17734.69729,16922.69536,20514.24903,18549.82058,16000.54257,20514.24903,19068.26476,18287.82053,20514.24903,3789.462127,3762.767642,0.001001968,0.001005531,0.001008742,0.001011081,17766.68826,17766.68826,17766.68826,39864.32959,39864.32959,39864.32959,39864.32959,39864.32959
3/18/2011,9044.599049,10671.43614,9994.010659,9342.018483,9461.457573,9994.010659,16166.27417,19697.82619,18675.90416,15843.98952,18841.84563,18675.90416,16231.41826,16922.69536,18675.90416,16750.58849,16000.54257,18675.90416,3624.907554,3599.509268,0.001001968,0.001005531,0.001008742,0.001011081,15709.5257,15709.5257,15709.5257,35089.27097,35089.27097,35089.27097,35089.27097,35089.27097
3/19/2011,10452.24009,11924.87888,11590.26992,10746.30816,10671.43614,11590.26992,15734.89038,21121.81062,18145.96086,15334.32093,19697.82619,18145.96086,15700.48357,18841.84563,18145.96086,14782.51249,16922.69536,18145.96086,4313.956186,4283.090861,0.001001968,0.001005531,0.001008742,0.001011081,13331.82003,13331.82003,13331.82003,28682.72341,28682.72341,28682.72341,28682.72341,28682.72341
3/20/2011,10596.55924,11758.62711,11873.22347,11842.80024,11924.87888,11873.22347,16736.46721,23348.52113,19558.17103,17163.84632,21121.81062,19558.17103,17666.93915,19697.82619,19558.17103,16862.71275,18841.84563,19558.17103,4904.177026,4868.553455,0.001001968,0.001005531,0.001008742,0.001011081,11104.06431,11104.06431,11104.06431,23884.01964,23884.01964,23884.01964,23884.01964,23884.01964
3/21/2011,10149.83874,11659.13129,11376.27256,11681.89112,11758.62711,11376.27256,17101.40905,20801.74724,20017.62669,17837.57908,23348.52113,20017.62669,18871.137,21121.81062,20017.62669,18560.33737,19697.82619,20017.62669,4684.246437,4650.403386,0.001001968,0.001005531,0.001008742,0.001011081,10334.26844,10334.26844,10334.26844,20697.86251,20697.86251,20697.86251,20697.86251,20697.86251
3/22/2011,10099.55333,10812.08141,11355.41596,11686.23961,11659.13129,11355.41596,16908.25239,17683.05247,19826.31949,17691.72029,20801.74724,19826.31949,18832.23614,23348.52113,19826.31949,18965.51488,21121.81062,19826.31949,4730.813995,4696.59466,0.001001968,0.001005531,0.001008742,0.001011081,10354.16806,10354.16806,10354.16806,19230.23748,19230.23748,19230.23748,19230.23748,19230.23748
3/23/2011,9397.574851,9883.658263,10587.35674,10875.60909,10812.08141,10587.35674,17148.61213,15652.69313,20164.38114,17840.0231,17683.05247,20164.38114,19409.99578,20801.74724,20164.38114,19825.46114,23348.52113,20164.38114,4553.206847,4520.420518,0.001001968,0.001005531,0.001008742,0.001011081,10658.21931,10658.21931,10658.21931,18858.1892,18858.1892,18858.1892,18858.1892,18858.1892
3/24/2011,8333.629729,8035.655769,9420.034101,9927.335198,9883.658263,9420.034101,17721.68353,13949.30298,20965.54564,18537.22427,15652.69313,20965.54564,19902.10489,17683.05247,20965.54564,21306.71936,20801.74724,20965.54564,4218.008163,4187.910092,0.001001968,0.001005531,0.001008742,0.001011081,10839.15525,10839.15525,10839.15525,19307.13298,19307.13298,19307.13298,19307.13298,19307.13298
3/25/2011,6922.231715,7087.920542,7728.838956,8061.049979,8035.655769,7728.838956,14310.48531,12787.86649,16734.4979,14879.86171,13949.30298,16734.4979,16262.40808,15652.69313,16734.4979,18230.00467,17683.05247,16734.4979,3185.05016,3163.084575,0.001001968,0.001005531,0.001008742,0.001011081,10817.24998,10817.24998,10817.24998,19633.67133,19633.67133,19633.67133,19633.67133,19633.67133
3/26/2011,6178.144716,6462.628981,6883.488545,7106.436922,7087.920542,6883.488545,11902.0784,11881.71179,13842.8135,12353.53659,12787.86649,13842.8135,13463.43919,13949.30298,13842.8135,14884.73426,15652.69313,13842.8135,2820.732251,2801.570907,0.001001968,0.001005531,0.001008742,0.001011081,10462.27063,10462.27063,10462.27063,19613.9974,19613.9974,19613.9974,19613.9974,19613.9974
3/27/2011,5664.095363,5968.152486,6309.459294,6476.616647,6462.628981,6309.459294,11143.29709,11195.56701,12958.27048,11515.33177,11881.71179,12958.27048,12409.84388,12787.86649,12958.27048,13417.17606,13949.30298,12958.27048,2608.052104,2590.509587,0.001001968,0.001005531,0.001008742,0.001011081,9835.636408,9835.636408,9835.636408,19103.94018,19103.94018,19103.94018,19103.94018,19103.94018
3/28/2011,5247.409044,5548.313438,5844.950805,5978.859516,5968.152486,5844.950805,10330.44752,10913.19541,12004.11901,10654.89333,11195.56701,12004.11901,11429.93517,11881.71179,12004.11901,12202.92552,12787.86649,12004.11901,2437.423441,2421.169047,0.001001968,0.001005531,0.001008742,0.001011081,9062.629416,9062.629416,9062.629416,18098.34605,18098.34605,18098.34605,18098.34605,18098.34605
3/29/2011,4921.694295,5209.373007,5477.077499,5556.587835,5548.313438,5477.077499,9743.07423,11560.15751,11307.75727,9999.440762,10913.19541,11307.75727,10688.74177,11195.56701,11307.75727,11320.61978,11881.71179,11307.75727,2284.874209,2269.762858,0.001001968,0.001005531,0.001008742,0.001011081,8206.319646,8206.319646,8206.319646,16890.9524,16890.9524,16890.9524,16890.9524,16890.9524
3/30/2011,4732.346138,5116.20751,5246.448303,5214.252236,5209.373007,5246.448303,9361.607927,11459.44648,10827.21197,9493.973932,11560.15751,10827.21197,10074.42702,10913.19541,10827.21197,10598.60389,11195.56701,10827.21197,2131.330874,2117.36125,0.001001968,0.001005531,0.001008742,0.001011081,7336.846785,7336.846785,7336.846785,15485.53425,15485.53425,15485.53425,15485.53425,15485.53425
3/31/2011,4771.455434,5698.477956,5261.73721,5109.58246,5116.20751,5261.73721,9294.15248,10910.61227,10696.99072,9300.207648,11459.44648,10696.99072,9690.53906,11560.15751,10696.99072,10049.64574,10913.19541,10696.99072,2040.060346,2026.764975,0.001001968,0.001005531,0.001008742,0.001011081,6572.16572,6572.16572,6572.16572,13806.89785,13806.89785,13806.89785,13806.89785,13806.89785
4/1/2011,5284.200811,6343.42234,5867.531525,5692.405805,5698.477956,5867.531525,9964.379934,9867.370832,11525.30368,9984.991705,10910.61227,11525.30368,10256.66575,11459.44648,11525.30368,9922.342312,11560.15751,11525.30368,2409.860719,2393.813468,0.001001968,0.001005531,0.001008742,0.001011081,6092.914931,6092.914931,6092.914931,12581.66158,12581.66158,12581.66158,12581.66158,12581.66158
4/2/2011,5567.569027,5999.507753,6244.376337,6336.672437,6343.42234,6244.376337,10976.7093,10744.82454,12819.98953,11286.79204,9867.370832,12819.98953,11562.85958,10910.61227,12819.98953,11106.33729,11459.44648,12819.98953,2772.689675,2753.895242,0.001001968,0.001005531,0.001008742,0.001011081,5863.675641,5863.675641,5863.675641,11973.04249,11973.04249,11973.04249,11973.04249,11973.04249
4/3/2011,5171.457111,6627.455534,5751.048038,5829.847149,5999.507753,5751.048038,10086.98898,15701.25194,11686.80623,10354.02435,10744.82454,11686.80623,10941.7428,9867.370832,11686.80623,11217.97483,10910.61227,11686.80623,2388.368953,2372.483034,0.001001968,0.001005531,0.001008742,0.001011081,5732.662652,5732.662652,5732.662652,11666.33074,11666.33074,11666.33074,11666.33074,11666.33074
4/4/2011,5844.002378,7299.998272,6515.220415,6295.364192,6627.455534,6515.220415,9863.366284,18335.3105,11393.93926,9899.885767,15701.25194,11393.93926,10466.15767,10744.82454,11393.93926,10124.6498,9867.370832,11393.93926,2687.621605,2669.475107,0.001001968,0.001005531,0.001008742,0.001011081,5734.069254,5734.069254,5734.069254,11447.37013,11447.37013,11447.37013,11447.37013,11447.37013
4/5/2011,6885.771193,8443.50502,7632.818843,7253.585478,7299.998272,7632.818843,10427.91446,18157.16979,11920.71973,10379.08594,18335.3105,11920.71973,10528.63417,15701.25194,11920.71973,9876.425003,10744.82454,11920.71973,2836.573737,2817.291255,0.001001968,0.001005531,0.001008742,0.001011081,5872.603582,5872.603582,5872.603582,11242.69354,11242.69354,11242.69354,11242.69354,11242.69354
4/6/2011,8632.363559,13626.16769,9591.189614,8394.884527,8443.50502,9591.189614,12536.69116,17422.34081,14395.97965,11745.01897,18157.16979,14395.97965,12321.34748,18335.3105,14395.97965,10964.98084,15701.25194,14395.97965,3670.705867,3644.947453,0.001001968,0.001005531,0.001008742,0.001011081,6265.01471,6265.01471,6265.01471,11334.62306,11334.62306,11334.62306,11334.62306,11334.62306
4/7/2011,12250.88835,12723.66255,14293.2928,13686.03395,13626.16769,14293.2928,19231.03453,15792.65946,23305.11823,19361.03476,17422.34081,23305.11823,19962.03595,18157.16979,23305.11823,15825.83993,18335.3105,23305.11823,7677.609141,7618.910457,0.001001968,0.001005531,0.001008742,0.001011081,7314.981463,7314.981463,7314.981463,12163.09646,12163.09646,12163.09646,12163.09646,12163.09646
4/8/2011,10320.00733,8783.759137,12013.76167,12817.80237,12723.66255,12013.76167,18226.04716,13443.47078,22018.86785,19597.83079,15792.65946,22018.86785,20627.71293,17422.34081,22018.86785,21088.94629,18157.16979,22018.86785,6462.932349,6414.467752,0.001001968,0.001005531,0.001008742,0.001011081,8302.742898,8302.742898,8302.742898,13429.15235,13429.15235,13429.15235,13429.15235,13429.15235
4/9/2011,7212.126269,7650.843312,8114.558787,8684.554353,8783.759137,8114.558787,11603.53255,16446.40001,13524.85543,12515.64127,13443.47078,13524.85543,14413.65716,15792.65946,13524.85543,17197.05605,17422.34081,13524.85543,3562.673051,3537.763346,0.001001968,0.001005531,0.001008742,0.001011081,8837.372581,8837.372581,8837.372581,14516.15564,14516.15564,14516.15564,14516.15564,14516.15564
4/10/2011,6649.34724,8471.642734,7428.454286,7557.997527,7650.843312,7428.454286,10569.3997,19351.37672,12232.82521,11001.54055,16446.40001,12232.82521,12387.53874,13443.47078,12232.82521,14130.58363,15792.65946,12232.82521,3071.620372,3050.531888,0.001001968,0.001005531,0.001008742,0.001011081,9170.724719,9170.724719,9170.724719,15165.49925,15165.49925,15165.49925,15165.49925,15165.49925
4/11/2011,6871.499426,9017.084248,7720.048539,7630.267912,8471.642734,7720.048539,11580.33123,17385.73173,13512.86476,11800.82246,19351.37672,13512.86476,12777.71745,16446.40001,13512.86476,13333.76126,13443.47078,13512.86476,3331.524361,3308.421088,0.001001968,0.001005531,0.001008742,0.001011081,9400.878455,9400.878455,9400.878455,15544.56423,15544.56423,15544.56423,15544.56423,15544.56423
4/12/2011,8175.899683,10222.62792,9263.086563,9032.831903,9017.084248,9263.086563,12332.65218,15277.68073,14455.6335,12565.65677,17385.73173,14455.6335,13516.38642,19351.37672,14455.6335,12340.63593,16446.40001,14455.6335,3962.205773,3934.144043,0.001001968,0.001005531,0.001008742,0.001011081,9732.332538,9732.332538,9732.332538,15947.48123,15947.48123,15947.48123,15947.48123,15947.48123
4/13/2011,9343.00992,9577.300744,10805.7058,10667.34057,10222.62792,10805.7058,16706.26977,19253.54342,19990.43868,17118.62203,15277.68073,19990.43868,18117.87262,17385.73173,19990.43868,16501.43499,19351.37672,19990.43868,5397.982057,5358.330684,0.001001968,0.001005531,0.001008742,0.001011081,10063.80843,10063.80843,10063.80843,16714.49448,16714.49448,16714.49448,16714.49448,16714.49448
4/14/2011,8322.401869,8022.305611,9582.472383,9755.42736,9577.300744,9582.472383,16814.33335,24096.31376,20088.76631,17393.24709,19253.54342,20088.76631,18285.2334,15277.68073,20088.76631,19539.73704,17385.73173,20088.76631,4823.884425,4788.911882,0.001001968,0.001005531,0.001008742,0.001011081,9660.894981,9660.894981,9660.894981,17096.37676,17096.37676,17096.37676,17096.37676,17096.37676
4/15/2011,6783.717644,7578.626138,7745.323952,8080.801872,8022.305611,7745.323952,12000.59371,24445.87103,14178.61784,12679.70679,24096.31376,14178.61784,13937.27516,19253.54342,14178.61784,15388.70021,15277.68073,14178.61784,3786.456107,3759.785355,0.001001968,0.001005531,0.001008742,0.001011081,9107.969794,9107.969794,9107.969794,16694.52364,16694.52364,16694.52364,16694.52364,16694.52364
4/16/2011,5588.057792,13214.33377,6334.050855,6636.47382,7578.626138,6334.050855,10386.80783,21846.69008,12122.8675,10971.1344,24445.87103,12122.8675,12199.34571,24096.31376,12122.8675,13233.14926,19253.54342,12122.8675,2994.84596,2974.349123,0.001001968,0.001005531,0.001008742,0.001011081,8739.230764,8739.230764,8739.230764,16035.15906,16035.15906,16035.15906,16035.15906,16035.15906
4/17/2011,12500.73155,14410.96285,14667.44748,13637.86919,13214.33377,14667.44748,25034.66853,19362.41262,29835.97044,24906.94499,21846.69008,29835.97044,25467.28925,24445.87103,29835.97044,17063.25559,24096.31376,29835.97044,7695.989472,7637.1346,0.001001968,0.001005531,0.001008742,0.001011081,9314.086882,9314.086882,9314.086882,16884.71403,16884.71403,16884.71403,16884.71403,16884.71403
4/18/2011,13227.46385,11388.70275,15411.66834,14743.39999,14410.96285,15411.66834,27900.55102,16573.68715,33585.39539,27933.12266,19362.41262,33585.39539,28479.56837,21846.69008,33585.39539,29844.95023,24445.87103,33585.39539,8007.950246,7946.438858,0.001001968,0.001005531,0.001008742,0.001011081,10117.01614,10117.01614,10117.01614,18719.57544,18719.57544,18719.57544,18719.57544,18719.57544
4/19/2011,9454.383561,9306.041389,10988.27082,11389.20322,11388.70275,10988.27082,16517.40556,15403.32695,19759.57185,17470.47451,16573.68715,19759.57185,19745.11154,19362.41262,19759.57185,22039.56698,21846.69008,19759.57185,5918.536521,5874.597555,0.001001968,0.001005531,0.001008742,0.001011081,10573.85551,10573.85551,10573.85551,20199.01662,20199.01662,20199.01662,20199.01662,20199.01662
4/20/2011,7758.681286,7671.384107,8881.670485,9348.219562,9306.041389,8881.670485,13576.24819,14681.74459,16009.18331,14462.71531,15403.32695,16009.18331,15922.38534,16573.68715,16009.18331,18810.59899,19362.41262,16009.18331,4375.31936,4343.962387,0.001001968,0.001005531,0.001008742,0.001011081,10484.84501,10484.84501,10484.84501,20678.2619,20678.2619,20678.2619,20678.2619,20678.2619
4/21/2011,6637.343464,7017.1837,7497.550035,7712.293632,7671.384107,7497.550035,11945.5616,14906.45367,13943.6102,12472.8221,14681.74459,13943.6102,13817.52231,15403.32695,13943.6102,15767.66357,16573.68715,13943.6102,3412.675802,3388.939836,0.001001968,0.001005531,0.001008742,0.001011081,10297.88684,10297.88684,10297.88684,20404.83308,20404.83308,20404.83308,20404.83308,20404.83308
4/22/2011,5941.794976,6965.18094,6755.394414,6992.990452,7017.1837,6755.394414,11025.63911,12574.10896,12949.81288,11546.72605,14906.45367,12949.81288,12776.31729,14681.74459,12949.81288,13902.89645,15403.32695,12949.81288,3283.037805,3260.311753,0.001001968,0.001005531,0.001008742,0.001011081,10155.85199,10155.85199,10155.85199,20125.28219,20125.28219,20125.28219,20125.28219,20125.28219
4/23/2011,6130.097036,7624.067966,6964.366742,6928.281854,6965.18094,6964.366742,11855.97008,10087.55903,13931.38929,12106.03991,12574.10896,13931.38929,12933.96079,14906.45367,13931.38929,13463.08072,14681.74459,13931.38929,3335.620043,3312.484877,0.001001968,0.001005531,0.001008742,0.001011081,10134.06512,10134.06512,10134.06512,20014.64559,20014.64559,20014.64559,20014.64559,20014.64559
4/24/2011,6769.916379,7154.999774,7751.009003,7644.542247,7624.067966,7751.009003,12687.70469,11237.80968,15009.97987,12922.89583,10087.55903,15009.97987,13604.94155,12574.10896,15009.97987,13319.89932,14906.45367,15009.97987,3875.066934,3847.695717,0.001001968,0.001005531,0.001008742,0.001011081,9447.997995,9447.997995,9447.997995,18822.01272,18822.01272,18822.01272,18822.01272,18822.01272
4/25/2011,6314.679172,6822.559545,7185.547558,7144.537149,7154.999774,7185.547558,12595.88379,15413.31856,14859.79505,12833.77249,11237.80968,14859.79505,13623.95388,10087.55903,14859.79505,14201.04936,12574.10896,14859.79505,3487.832666,3463.509278,0.001001968,0.001005531,0.001008742,0.001011081,8548.471257,8548.471257,8548.471257,17110.2594,17110.2594,17110.2594,17110.2594,17110.2594
4/26/2011,6580.207161,8725.577366,7297.165919,6785.949425,6822.559545,7297.165919,10510.0403,20425.46911,12077.85535,10278.38656,15413.31856,12077.85535,10569.90654,11237.80968,12077.85535,11523.46112,10087.55903,12077.85535,2823.915112,2804.729434,0.001001968,0.001005531,0.001008742,0.001011081,7719.808408,7719.808408,7719.808408,15493.73377,15493.73377,15493.73377,15493.73377,15493.73377
4/27/2011,8505.708822,11231.0149,9502.527578,8746.986009,8725.577366,9502.527578,10669.8548,20915.24132,12296.21626,10349.72446,20425.46911,12296.21626,10355.81621,15413.31856,12296.21626,8975.831261,11237.80968,12296.21626,3849.173702,3822.00735,0.001001968,0.001005531,0.001008742,0.001011081,7438.579788,7438.579788,7438.579788,14014.91613,14014.91613,14014.91613,14014.91613,14014.91613
4/28/2011,10415.41717,13105.06971,11779.26773,11146.70704,11231.0149,11779.26773,15426.09099,18991.56221,17931.70246,15356.22759,20915.24132,17931.70246,15577.06568,20425.46911,17931.70246,12071.93526,15413.31856,17931.70246,5235.160271,5196.841409,0.001001968,0.001005531,0.001008742,0.001011081,7693.518175,7693.518175,7693.518175,13495.18403,13495.18403,13495.18403,13495.18403,13495.18403
4/29/2011,11380.72323,11780.10705,13076.32309,13145.90997,13105.06971,13076.32309,19026.89732,16148.58181,22491.94059,19755.95645,18991.56221,22491.94059,20540.60822,20915.24132,22491.94059,17941.51676,20425.46911,22491.94059,6402.76933,6354.806855,0.001001968,0.001005531,0.001008742,0.001011081,8388.655072,8388.655072,8388.655072,14071.82731,14071.82731,14071.82731,14071.82731,14071.82731
4/30/2011,10107.29791,9638.247525,11562.73211,11835.25288,11780.10705,11562.73211,17949.44726,12412.45069,21270.04725,18718.98665,16148.58181,21270.04725,20455.62243,18991.56221,21270.04725,21795.72355,20915.24132,21270.04725,5629.851272,5588.29513,0.001001968,0.001005531,0.001008742,0.001011081,9137.542666,9137.542666,9137.542666,15169.72229,15169.72229,15169.72229,15169.72229,15169.72229
5/1/2011,7810.708471,7303.689111,8933.450581,9642.050424,9638.247525,8933.450581,13463.40594,11432.12193,15916.462,14563.69163,12412.45069,15916.462,16518.73817,16148.58181,15916.462,18781.05173,18991.56221,15916.462,4474.738172,4442.583095,0.001001968,0.001005531,0.001008742,0.001011081,9579.608975,9579.608975,9579.608975,15990.1381,15990.1381,15990.1381,15990.1381,15990.1381
5/2/2011,5981.192499,6261.295621,6744.187477,7303.045882,7303.689111,6744.187477,10932.35307,13254.42082,12758.37616,11751.1662,11432.12193,12758.37616,13365.52232,12412.45069,12758.37616,16055.88136,16148.58181,12758.37616,3120.956663,3099.487115,0.001001968,0.001005531,0.001008742,0.001011081,9728.002041,9728.002041,9728.002041,16278.01383,16278.01383,16278.01383,16278.01383,16278.01383
5/3/2011,5232.52646,5459.217937,5872.282488,6143.323404,6261.295621,5872.282488,9522.924546,13888.29923,11057.03846,10016.22285,13254.42082,11057.03846,11239.14046,11432.12193,11057.03846,12899.69182,12412.45069,11057.03846,2650.0546,2632.193512,0.001001968,0.001005531,0.001008742,0.001011081,9774.611113,9774.611113,9774.611113,16484.63012,16484.63012,16484.63012,16484.63012,16484.63012
5/4/2011,5753.682188,8098.920208,6200.470916,5406.07236,5459.217937,6200.470916,9493.489981,13477.51497,10580.94123,8888.700404,13888.29923,10580.94123,9234.464909,13254.42082,10580.94123,10397.96464,11432.12193,10580.94123,1784.379651,1772.954048,0.001001968,0.001005531,0.001008742,0.001011081,9424.729527,9424.729527,9424.729527,16594.30172,16594.30172,16594.30172,16594.30172,16594.30172
5/5/2011,7877.462797,9545.279411,8785.766185,8183.196768,8098.920208,8785.766185,11876.62273,12379.17534,13684.97575,11630.97583,13477.51497,13684.97575,11530.89439,13888.29923,13684.97575,9780.149544,13254.42082,13684.97575,3602.571019,3577.348195,0.001001968,0.001005531,0.001008742,0.001011081,9020.471702,9020.471702,9020.471702,16238.085,16238.085,16238.085,16238.085,16238.085
5/6/2011,7885.90958,7063.506149,9104.241002,9586.769145,9545.279411,9104.241002,13925.86861,10857.6654,16651.75572,14810.45565,12379.17534,16651.75572,15639.2264,13477.51497,16651.75572,13965.85774,13888.29923,16651.75572,4859.677983,4824.415358,0.001001968,0.001005531,0.001008742,0.001011081,8582.052951,8582.052951,8582.052951,15518.64564,15518.64564,15518.64564,15518.64564,15518.64564
5/7/2011,5695.191758,5501.929806,6448.270652,7060.213904,7063.506149,6448.270652,10786.27199,9680.54723,12662.83722,11637.9227,10857.6654,12662.83722,12990.97429,12379.17534,12662.83722,14827.75919,13477.51497,12662.83722,3113.115641,3091.7067,0.001001968,0.001005531,0.001008742,0.001011081,7934.894156,7934.894156,7934.894156,14489.82093,14489.82093,14489.82093,14489.82093,14489.82093
5/8/2011,4690.320213,5215.241232,5225.626203,5500.636253,5501.929806,5225.626203,7930.969004,8945.295954,9131.553752,8401.296015,9680.54723,9131.553752,9561.918876,10857.6654,9131.553752,11291.98025,12379.17534,9131.553752,2257.208918,2242.303949,0.001001968,0.001005531,0.001008742,0.001011081,7305.814012,7305.814012,7305.814012,13470.54794,13470.54794,13470.54794,13470.54794,13470.54794
5/9/2011,4479.341057,4835.702225,5024.801283,5216.034489,5215.241232,5024.801283,8142.626563,8394.28876,9455.410343,8519.336986,8945.295954,9455.410343,9308.787945,9680.54723,9455.410343,10133.61028,10857.6654,9455.410343,2305.868171,2290.600015,0.001001968,0.001005531,0.001008742,0.001011081,6916.52454,6916.52454,6916.52454,12605.73965,12605.73965,12605.73965,12605.73965,12605.73965
5/10/2011,4174.796699,4536.379713,4689.839723,4834.140324,4835.702225,4689.839723,7862.441441,8007.170253,9153.753533,8174.988478,8394.28876,9153.753533,8863.222766,8945.295954,9153.753533,9507.391813,9680.54723,9153.753533,2191.689777,2177.27242,0.001001968,0.001005531,0.001008742,0.001011081,6669.347637,6669.347637,6669.347637,12003.41847,12003.41847,12003.41847,12003.41847,12003.41847
5/11/2011,3946.747945,4322.551976,4435.863413,4534.721682,4536.379713,4435.863413,7222.418382,8356.727649,8404.573219,7485.7986,8007.170253,8404.573219,8093.895668,8394.28876,8404.573219,8593.239659,8945.295954,8404.573219,2092.793175,2079.108659,0.001001968,0.001005531,0.001008742,0.001011081,6571.404064,6571.404064,6571.404064,11699.9942,11699.9942,11699.9942,11699.9942,11699.9942
5/12/2011,3770.997009,4131.556814,4242.725033,4320.952787,4322.551976,4242.725033,6862.245782,9514.553265,7990.138203,7100.095828,8356.727649,7990.138203,7643.779838,8007.170253,7990.138203,8023.738031,8394.28876,7990.138203,2027.558932,2014.355647,0.001001968,0.001005531,0.001008742,0.001011081,6168.114646,6168.114646,6168.114646,11296.46475,11296.46475,11296.46475,11296.46475,11296.46475
5/13/2011,3609.230554,3980.541769,4063.180253,4130.021715,4131.556814,4063.180253,6572.78676,9581.912864,7654.52909,6793.535222,9514.553265,7654.52909,7297.749631,8356.727649,7654.52909,7610.438612,8007.170253,7654.52909,1959.947003,1947.240601,0.001001968,0.001005531,0.001008742,0.001011081,5442.22459,5442.22459,5442.22459,10449.85117,10449.85117,10449.85117,10449.85117,10449.85117
5/14/2011,3460.403309,4029.629714,3897.106713,3955.895718,3980.541769,3897.106713,6352.930977,9298.853269,7397.609939,6559.488089,9581.912864,7397.609939,7033.630404,9514.553265,7397.609939,7301.411046,8356.727649,7397.609939,1893.820176,1881.597822,0.001001968,0.001005531,0.001008742,0.001011081,4910.768911,4910.768911,4910.768911,9473.109764,9473.109764,9473.109764,9473.109764,9473.109764
5/15/2011,3510.881941,4335.696214,3964.985222,3979.397756,4029.629714,3964.985222,6986.725825,8369.392639,8159.458902,7147.683773,9298.853269,8159.458902,7590.395041,9581.912864,8159.458902,7597.27742,9514.553265,8159.458902,1962.049658,1949.327833,0.001001968,0.001005531,0.001008742,0.001011081,4603.235241,4603.235241,4603.235241,8825.193096,8825.193096,8825.193096,8825.193096,8825.193096
5/16/2011,3834.740333,5103.837867,4335.160363,4211.25089,4335.696214,4335.160363,8442.65006,15081.11,9904.71502,8460.104815,8369.392639,9904.71502,8838.659942,9298.853269,9904.71502,8788.541867,9581.912864,9904.71502,2136.503243,2122.495308,0.001001968,0.001005531,0.001008742,0.001011081,4411.934647,4411.934647,4411.934647,8638.040585,8638.040585,8638.040585,8638.040585,8638.040585
5/17/2011,4197.503739,6803.061546,4814.879975,4880.521493,5103.837867,4814.879975,8843.557912,19234.90098,10464.25889,9104.060117,15081.11,10464.25889,9478.80161,8369.392639,10464.25889,9000.237739,9298.853269,10464.25889,2561.242849,2544.054681,0.001001968,0.001005531,0.001008742,0.001011081,4363.935546,4363.935546,4363.935546,8654.780165,8654.780165,8654.780165,8654.780165,8654.780165
5/18/2011,4794.276599,9328.069872,5514.501121,5478.622894,6803.061546,5514.501121,9264.272012,17490.75979,10949.2079,9492.062474,19234.90098,10949.2079,10013.83688,15081.11,10949.2079,9355.517856,8369.392639,10949.2079,2866.163926,2846.65497,0.001001968,0.001005531,0.001008742,0.001011081,4459.837693,4459.837693,4459.837693,8795.535933,8795.535933,8795.535933,8795.535933,8795.535933
5/19/2011,9022.656118,9595.723418,10512.18174,9914.398885,9328.069872,10512.18174,12338.50115,16274.43342,14761.07936,12447.1254,17490.75979,14761.07936,12835.84745,19234.90098,14761.07936,8875.180532,15081.11,14761.07936,5126.53989,5089.107575,0.001001968,0.001005531,0.001008742,0.001011081,5119.491702,5119.491702,5119.491702,9107.888134,9107.888134,9107.888134,9107.888134,9107.888134
5/20/2011,11081.92342,14741.50737,12509.57578,10145.83713,9595.723418,12509.57578,19406.38063,17094.71833,22763.62246,17565.64922,16274.43342,22763.62246,17964.20093,17490.75979,22763.62246,17350.1433,19234.90098,22763.62246,5223.775079,5185.549232,0.001001968,0.001005531,0.001008742,0.001011081,5862.068307,5862.068307,5862.068307,10477.59626,10477.59626,10477.59626,10477.59626,10477.59626
5/21/2011,12299.96531,9209.101913,14505.6021,14781.99448,14741.50737,14505.6021,20226.46586,15585.57659,24729.32268,21260.88532,17094.71833,24729.32268,21129.60301,16274.43342,24729.32268,18413.23373,17490.75979,24729.32268,8317.397736,8253.241018,0.001001968,0.001005531,0.001008742,0.001011081,7096.885332,7096.885332,7096.885332,12209.4246,12209.4246,12209.4246,12209.4246,12209.4246
5/22/2011,7163.089853,6613.844326,8167.940394,9270.201735,9209.101913,8167.940394,13146.08177,12627.08156,15548.06849,14579.26472,15585.57659,15548.06849,16526.77299,17094.71833,15548.06849,19321.04412,16274.43342,15548.06849,3991.297044,3963.004422,0.001001968,0.001005531,0.001008742,0.001011081,8000.238117,8000.238117,8000.238117,13766.86354,13766.86354,13766.86354,13766.86354,13766.86354
5/23/2011,5225.387962,6091.905761,5873.762785,6488.700814,6613.844326,5873.762785,7807.086656,10787.21035,9030.230062,8685.591745,12627.08156,9030.230062,10637.69042,15585.57659,9030.230062,13297.08945,17094.71833,9030.230062,2653.526715,2635.639267,0.001001968,0.001005531,0.001008742,0.001011081,8520.769634,8520.769634,8520.769634,14801.40044,14801.40044,14801.40044,14801.40044,14801.40044
5/24/2011,5280.896859,5786.004399,5964.027072,6152.923359,6091.905761,5964.027072,11183.04978,10160.02129,13050.31734,11601.12012,10787.21035,13050.31734,12683.98399,12627.08156,13050.31734,13586.99267,15585.57659,13050.31734,2740.829495,2722.277994,0.001001968,0.001005531,0.001008742,0.001011081,8797.659588,8797.659588,8797.659588,15531.8137,15531.8137,15531.8137,15531.8137,15531.8137
5/25/2011,5037.076518,4944.265702,5717.80848,5869.556035,5786.004399,5717.80848,11520.31674,9456.602854,13544.56434,11866.01361,10160.02129,13544.56434,12624.48436,10787.21035,13544.56434,13622.064,12627.08156,13544.56434,2773.676177,2754.874216,0.001001968,0.001005531,0.001008742,0.001011081,8899.991164,8899.991164,8899.991164,16101.59746,16101.59746,16101.59746,16101.59746,16101.59746
5/26/2011,4199.106556,4596.986915,4749.381606,4907.089358,4944.265702,4749.381606,8727.736723,8696.756779,10197.02988,9059.335159,9456.602854,10197.02988,9899.542047,10160.02129,10197.02988,11016.02689,10787.21035,10197.02988,2304.788633,2289.528544,0.001001968,0.001005531,0.001008742,0.001011081,8360.658952,8360.658952,8360.658952,16212.27543,16212.27543,16212.27543,16212.27543,16212.27543
5/27/2011,4146.483672,4910.610802,4661.796178,4618.972692,4596.986915,4661.796178,7840.026833,9014.746915,9103.022561,7979.163453,8696.756779,9103.022561,8573.387734,9456.602854,9103.022561,9213.809382,10160.02129,9103.022561,2152.046654,2137.923526,0.001001968,0.001005531,0.001008742,0.001011081,7695.208012,7695.208012,7695.208012,15101.40593,15101.40593,15101.40593,15101.40593,15101.40593
5/28/2011,4404.751415,4590.794004,4992.741216,4947.082285,4910.610802,4992.741216,8271.915203,8827.286551,9690.017113,8424.296442,9014.746915,9690.017113,8867.050653,8696.756779,9690.017113,8956.877932,9456.602854,9690.017113,2459.008038,2442.591244,0.001001968,0.001005531,0.001008742,0.001011081,6580.635238,6580.635238,6580.635238,13617.21539,13617.21539,13617.21539,13617.21539,13617.21539
5/29/2011,3866.118425,4184.113718,4381.994967,4515.224869,4590.794004,4381.994967,7560.242132,8247.604232,8853.41525,7860.530409,8827.286551,8853.41525,8412.061417,9014.746915,8853.41525,8839.099339,8696.756779,8853.41525,2196.155805,2181.705263,0.001001968,0.001005531,0.001008742,0.001011081,5761.96316,5761.96316,5761.96316,12194.22079,12194.22079,12194.22079,12194.22079,12194.22079
5/30/2011,4072.05752,4932.685636,4530.613269,4203.822553,4184.113718,4530.613269,7281.101896,7864.474122,8375.701675,7120.954347,8247.604232,8375.701675,7617.838507,8827.286551,8375.701675,7888.27942,9014.746915,8375.701675,1930.127949,1917.640061,0.001001968,0.001005531,0.001008742,0.001011081,5258.267886,5258.267886,5258.267886,11042.66884,11042.66884,11042.66884,11042.66884,11042.66884
5/31/2011,4395.161126,4520.885646,4979.205446,4987.502061,4932.685636,4979.205446,8013.199132,7341.966899,9387.076938,8220.020151,7864.474122,9387.076938,8443.271586,8247.604232,9387.076938,8212.631809,8827.286551,9387.076938,2462.065681,2445.625869,0.001001968,0.001005531,0.001008742,0.001011081,4975.630069,4975.630069,4975.630069,10181.8196,10181.8196,10181.8196,10181.8196,10181.8196
6/1/2011,3850.19406,3797.862798,4357.063132,4523.726764,4520.885646,4357.063132,7358.542188,6803.259526,8621.868107,7686.03272,7341.966899,8621.868107,8224.949295,7864.474122,8621.868107,8541.082049,8247.604232,8621.868107,2177.627747,2163.314828,0.001001968,0.001005531,0.001008742,0.001011081,4764.047255,4764.047255,4764.047255,9441.19704,9441.19704,9441.19704,9441.19704,9441.19704
6/2/2011,3159.754662,3234.135982,3542.031807,3797.38795,3797.862798,3542.031807,5902.930518,6329.161166,6846.338529,6285.625971,6803.259526,6846.338529,6810.928753,7341.966899,6846.338529,7578.207288,7864.474122,6846.338529,1670.304371,1659.703167,0.001001968,0.001005531,0.001008742,0.001011081,4577.785047,4577.785047,4577.785047,8983.86425,8983.86425,8983.86425,8983.86425,8983.86425
6/3/2011,2832.241137,3192.105242,3150.726249,3233.435262,3234.135982,3150.726249,5416.230027,6065.780347,6245.583184,5602.349563,6329.161166,6245.583184,6156.81424,6803.259526,6245.583184,6748.355489,7341.966899,6245.583184,1409.468929,1400.726988,0.001001968,0.001005531,0.001008742,0.001011081,4397.971967,4397.971967,4397.971967,8642.34532,8642.34532,8642.34532,8642.34532,8642.34532
6/4/2011,2793.695939,3052.720719,3128.815052,3191.095009,3192.105242,3128.815052,5495.384082,5850.584364,6376.474411,5663.271728,6065.780347,6376.474411,6046.634085,6329.161166,6376.474411,6365.684261,6803.259526,6376.474411,1484.218008,1474.947146,0.001001968,0.001005531,0.001008742,0.001011081,4169.722383,4169.722383,4169.722383,8257.943462,8257.943462,8257.943462,8257.943462,8257.943462
6/5/2011,2678.029532,2932.854791,3001.34492,3051.578051,3052.720719,3001.34492,5366.445823,5627.178708,6230.236366,5517.150803,5850.584364,6230.236366,5865.924722,6065.780347,6230.236366,6105.203055,6329.161166,6230.236366,1438.164154,1429.219557,0.001001968,0.001005531,0.001008742,0.001011081,3955.879257,3955.879257,3955.879257,7859.541689,7859.541689,7859.541689,7859.541689,7859.541689
6/6/2011,2577.886185,2826.53323,2890.81433,2931.647558,2932.854791,2890.81433,5072.636587,5664.594857,5886.292618,5213.061547,5627.178708,5886.292618,5542.694146,5850.584364,5886.292618,5749.181284,6065.780347,5886.292618,1397.664895,1389.006176,0.001001968,0.001005531,0.001008742,0.001011081,3767.859669,3767.859669,3767.859669,7492.346937,7492.346937,7492.346937,7492.346937,7492.346937
6/7/2011,2485.957248,2725.199599,2789.224529,2825.303982,2826.53323,2789.224529,4892.673669,6279.955233,5678.568913,5025.434538,5664.594857,5678.568913,5337.038933,5627.178708,5678.568913,5528.501863,5850.584364,5678.568913,1359.902298,1351.509238,0.001001968,0.001005531,0.001008742,0.001011081,3506.807326,3506.807326,3506.807326,7067.634796,7067.634796,7067.634796,7067.634796,7067.634796
6/8/2011,2398.026219,2621.421949,2691.449584,2723.978755,2725.199599,2691.449584,4726.156867,6180.507538,5487.217296,4851.93816,6279.955233,5487.217296,5149.43759,5664.594857,5487.217296,5337.808979,5627.178708,5487.217296,1321.042199,1312.921586,0.001001968,0.001005531,0.001008742,0.001011081,3241.860801,3241.860801,3241.860801,6631.618525,6631.618525,6631.618525,6631.618525,6631.618525
6/9/2011,2290.444302,2612.88845,2570.30005,2611.070649,2621.421949,2570.30005,4548.401847,5549.187738,5276.652256,4678.22939,6180.507538,5276.652256,4959.86787,6279.955233,5276.652256,5131.102419,5664.594857,5276.652256,1265.912023,1258.176249,0.001001968,0.001005531,0.001008742,0.001011081,3050.601032,3050.601032,3050.601032,6249.496682,6249.496682,6249.496682,6249.496682,6249.496682
6/10/2011,2333.038482,2844.70293,2615.982622,2609.225665,2612.88845,2615.982622,4816.833529,5713.605887,5583.304888,4900.225948,5549.187738,5583.304888,5147.857796,6180.507538,5583.304888,5155.399137,6279.955233,5583.304888,1275.285374,1267.484311,0.001001968,0.001005531,0.001008742,0.001011081,2921.543205,2921.543205,2921.543205,5991.415141,5991.415141,5991.415141,5991.415141,5991.415141
6/11/2011,2485.156113,3304.228841,2797.810314,2797.369113,2844.70293,2797.810314,5598.03134,8730.196757,6527.215937,5687.499295,5713.605887,6527.215937,5867.973734,5549.187738,6527.215937,5813.413739,6180.507538,6527.215937,1398.660295,1389.994561,0.001001968,0.001005531,0.001008742,0.001011081,2839.87919,2839.87919,2839.87919,5921.758341,5921.758341,5921.758341,5921.758341,5921.758341
6/12/2011,3019.825586,2885.764565,3412.137575,3290.22906,3304.228841,3412.137575,6261.368515,8705.336371,7287.611622,6278.2588,8730.196757,7287.611622,6431.980751,5713.605887,7287.611622,5811.899187,5549.187738,7287.611622,1675.820272,1665.179355,0.001001968,0.001005531,0.001008742,0.001011081,2837.92842,2837.92842,2837.92842,5945.863973,5945.863973,5945.863973,5945.863973,5945.863973
6/13/2011,2313.881728,1661.879797,2565.292754,2927.458252,2885.764565,2565.292754,5149.817419,9184.530641,5843.495212,5613.206685,8705.336371,5843.495212,5525.719469,8730.196757,5843.495212,5879.042787,5713.605887,5843.495212,1036.591155,1030.433107,0.001001968,0.001005531,0.001008742,0.001011081,2788.723432,2788.723432,2788.723432,5982.35501,5982.35501,5982.35501,5982.35501,5982.35501
6/14/2011,2669.967868,6863.433075,2766.055293,1595.435415,1661.879797,2766.055293,5074.713886,10722.85974,5478.773441,3941.110541,9184.530641,5478.773441,4662.282398,8705.336371,5478.773441,5140.339429,8730.196757,5478.773441,414.8035555,412.6626431,0.001001968,0.001005531,0.001008742,0.001011081,2697.114407,2697.114407,2697.114407,6047.316133,6047.316133,6047.316133,6047.316133,6047.316133
6/15/2011,5994.444211,5056.124868,7067.636944,6877.983681,6863.433075,7067.636944,10625.33996,9345.156911,12911.96589,10796.90429,10722.85974,12911.96589,10450.41306,9184.530641,12911.96589,7429.422578,8705.336371,12911.96589,4332.808157,4301.791868,0.001001968,0.001005531,0.001008742,0.001011081,3098.311108,3098.311108,3098.311108,6401.929406,6401.929406,6401.929406,6401.929406,6401.929406
6/16/2011,3844.563782,3985.786698,4411.471521,5014.867007,5056.124868,4411.471521,8839.412898,7550.074977,10496.0278,9592.365701,9345.156911,10496.0278,9936.503587,10722.85974,10496.0278,10902.99074,9184.530641,10496.0278,2409.195601,2393.153346,0.001001968,0.001005531,0.001008742,0.001011081,3421.285634,3421.285634,3421.285634,6915.766769,6915.766769,6915.766769,6915.766769,6915.766769
6/17/2011,3330.922076,4268.557156,3776.84042,3958.589842,3985.786698,3776.84042,6456.602531,6549.819645,7525.485838,6804.007104,7550.074977,7525.485838,7760.790221,9345.156911,7525.485838,7930.855982,10722.85974,7525.485838,1891.462772,1879.257639,0.001001968,0.001005531,0.001008742,0.001011081,3693.320713,3693.320713,3693.320713,7625.431215,7625.431215,7625.431215,7625.431215,7625.431215
6/18/2011,3687.972346,3101.673074,4237.066531,4320.423656,4268.557156,4237.066531,8579.939574,5972.084662,10164.4124,8822.540685,6549.819645,10164.4124,9304.698747,7550.074977,10164.4124,9752.016439,9345.156911,10164.4124,2292.752113,2277.581941,0.001001968,0.001005531,0.001008742,0.001011081,3929.466925,3929.466925,3929.466925,8214.839204,8214.839204,8214.839204,8214.839204,8214.839204
6/19/2011,2723.269775,2760.726127,3065.62153,3132.272409,3101.673074,3065.62153,6457.974541,5564.229455,7532.685503,6615.711934,5972.084662,7532.685503,7204.669221,6549.819645,7532.685503,8348.320549,7550.074977,7532.685503,1503.096349,1493.691391,0.001001968,0.001005531,0.001008742,0.001011081,3978.22926,3978.22926,3978.22926,8499.037277,8499.037277,8499.037277,8499.037277,8499.037277
6/20/2011,2369.210152,2508.915048,2672.814476,2760.45055,2760.726127,2672.814476,4808.867021,8814.580448,5592.040473,4994.064605,5564.229455,5592.040473,5436.702536,5972.084662,5592.040473,6093.067594,6549.819645,5592.040473,1362.469297,1354.058206,0.001001968,0.001005531,0.001008742,0.001011081,4019.908133,4019.908133,4019.908133,8572.222622,8572.222622,8572.222622,8572.222622,8572.222622
6/21/2011,2110.909589,3669.461489,2371.381629,2446.34726,2508.915048,2371.381629,4584.28653,18908.04778,5319.198903,4737.351054,8814.580448,5319.198903,5072.766235,5564.229455,5319.198903,5550.093699,5972.084662,5319.198903,1184.407646,1177.237044,0.001001968,0.001005531,0.001008742,0.001011081,4066.825639,4066.825639,4066.825639,8503.670473,8503.670473,8503.670473,8503.670473,8503.670473
6/22/2011,2574.186196,8663.62404,2946.488183,2878.160553,3669.461489,2946.488183,5014.506912,20649.22628,5906.967274,5070.007285,18908.04778,5906.967274,5466.482493,8814.580448,5906.967274,5151.44684,5564.229455,5906.967274,1641.245782,1630.853536,0.001001968,0.001005531,0.001008742,0.001011081,3691.92174,3691.92174,3691.92174,8145.985546,8145.985546,8145.985546,8145.985546,8145.985546
6/23/2011,6315.693815,14471.86135,7704.054665,7629.188996,8663.62404,7704.054665,8658.518088,16924.96385,10938.67518,9154.999762,20649.22628,10938.67518,10071.81604,18908.04778,10938.67518,5598.209579,8814.580448,10938.67518,5259.160237,5220.64523,0.001001968,0.001005531,0.001008742,0.001011081,4031.701002,4031.701002,4031.701002,7760.568307,7760.568307,7760.568307,7760.568307,7760.568307
6/24/2011,12406.61957,14112.99246,15376.0842,14928.44502,14471.86135,15376.0842,17235.95592,12279.33432,22180.44644,18025.83472,16924.96385,22180.44644,19506.75185,20649.22628,22180.44644,12782.1558,18908.04778,22180.44644,10349.13188,10267.37852,0.001001968,0.001005531,0.001008742,0.001011081,5352.887118,5352.887118,5352.887118,7878.06037,7878.06037,7878.06037,7878.06037,7878.06037
6/25/2011,12963.01922,10527.09945,15872.22758,14785.94019,14112.99246,15872.22758,21877.82753,8333.542987,27681.8332,21841.92377,12279.33432,27681.8332,24147.97963,16924.96385,27681.8332,23857.47415,20649.22628,27681.8332,10447.82439,10365.20703,0.001001968,0.001005531,0.001008742,0.001011081,6807.470182,6807.470182,6807.470182,9422.161214,9422.161214,9422.161214,9422.161214,9422.161214
6/26/2011,8818.515637,6695.300856,10705.27656,10742.78744,10527.09945,10705.27656,13413.21367,7484.986405,16873.00418,14132.471,8333.542987,16873.00418,15979.85005,12279.33432,16873.00418,19968.16772,16924.96385,16873.00418,7230.749992,7175.836766,0.001001968,0.001005531,0.001008742,0.001011081,7864.741834,7864.741834,7864.741834,11154.51072,11154.51072,11154.51072,11154.51072,11154.51072
6/27/2011,5259.452085,4608.93904,6195.178727,6735.965042,6695.300856,6195.178727,6731.897156,8274.184148,8233.085177,7646.938782,7484.986405,8233.085177,8866.860376,8333.542987,8233.085177,12809.869,12279.33432,8233.085177,3802.064307,3775.2703,0.001001968,0.001005531,0.001008742,0.001011081,8453.176484,8453.176484,8453.176484,12436.86627,12436.86627,12436.86627,12436.86627,12436.86627
6/28/2011,3646.755061,4076.893389,4185.641752,4511.140864,4608.93904,4185.641752,4561.919188,7946.958657,5397.675611,5116.292411,8274.184148,5397.675611,6262.587105,7484.986405,5397.675611,8274.887822,8333.542987,5397.675611,2271.975876,2256.960782,0.001001968,0.001005531,0.001008742,0.001011081,8821.050312,8821.050312,8821.050312,13224.43548,13224.43548,13224.43548,13224.43548,13224.43548
6/29/2011,3523.367744,3791.402372,3977.552582,4114.17314,4076.893389,3977.552582,4437.238793,6531.301818,5142.992737,4793.009006,7946.958657,5142.992737,5169.768539,8274.184148,5142.992737,6243.395198,7484.986405,5142.992737,1776.498224,1765.129783,0.001001968,0.001005531,0.001008742,0.001011081,8985.102222,8985.102222,8985.102222,13461.55124,13461.55124,13461.55124,13461.55124,13461.55124
6/30/2011,4143.921212,5746.950229,4593.5476,3867.084566,3791.402372,4593.5476,5975.408184,6632.952854,6862.476039,5427.985028,6531.301818,6862.476039,6120.580171,7946.958657,6862.476039,6138.54493,8274.184148,6862.476039,1879.041595,1866.927154,0.001001968,0.001005531,0.001008742,0.001011081,8538.243124,8538.243124,8538.243124,13528.28508,13528.28508,13528.28508,13528.28508,13528.28508
7/1/2011,4715.964298,3965.832269,5522.786707,5758.9478,5746.950229,5522.786707,7929.14674,7437.507316,9605.326226,8440.172028,6632.952854,9605.326226,8661.592609,6531.301818,9605.326226,7691.198591,7946.958657,9605.326226,3353.307538,3330.034596,0.001001968,0.001005531,0.001008742,0.001011081,7321.11754,7321.11754,7321.11754,13012.62276,13012.62276,13012.62276,13012.62276,13012.62276
7/2/2011,3079.048009,4006.491772,3506.438745,3918.556144,3965.832269,3506.438745,6117.711916,10947.30234,7211.41619,6662.405578,7437.507316,7211.41619,7323.706164,6632.952854,7211.41619,8461.702621,6531.301818,7211.41619,1853.356438,1841.429313,0.001001968,0.001005531,0.001008742,0.001011081,5845.053607,5845.053607,5845.053607,11123.80552,11123.80552,11123.80552,11123.80552,11123.80552
7/3/2011,3338.190732,4353.362004,3824.224668,3909.721946,4006.491772,3824.224668,4363.638654,10970.76406,5153.274545,4655.118565,10947.30234,5153.274545,5372.789641,7437.507316,5153.274545,5363.055679,6632.952854,5153.274545,2064.934146,2051.45536,0.001001968,0.001005531,0.001008742,0.001011081,4888.615099,4888.615099,4888.615099,9140.734167,9140.734167,9140.734167,9140.734167,9140.734167
7/4/2011,3903.730604,4848.094029,4350.574437,4412.023563,4353.362004,4350.574437,6242.456029,9224.232081,7158.799039,6503.139412,10970.76406,7158.799039,6133.488514,10947.30234,7158.799039,6366.870836,7437.507316,7158.799039,1747.702371,1736.542525,0.001001968,0.001005531,0.001008742,0.001011081,4410.769339,4410.769339,4410.769339,7812.988926,7812.988926,7812.988926,7812.988926,7812.988926
7/5/2011,6269.548982,10088.80424,6890.876832,4909.805096,4848.094029,6890.876832,8994.010197,10493.09726,10263.30363,7248.687092,9224.232081,10263.30363,8015.800291,10970.76406,10263.30363,6802.518194,10947.30234,10263.30363,2542.404087,2525.358326,0.001001968,0.001005531,0.001008742,0.001011081,4410.502075,4410.502075,4410.502075,7348.170665,7348.170665,7348.170665,7348.170665,7348.170665
7/6/2011,8000.76339,5527.236894,9625.622163,10083.25365,10088.80424,9625.622163,13290.09535,10302.60226,16571.74579,14279.5113,10493.09726,16571.74579,14418.93904,9224.232081,16571.74579,11076.05472,10970.76406,16571.74579,6435.577807,6387.34157,0.001001968,0.001005531,0.001008742,0.001011081,5067.377129,5067.377129,5067.377129,7884.1406,7884.1406,7884.1406,7884.1406,7884.1406
7/7/2011,3978.956776,3420.564828,4560.384692,5519.857634,5527.236894,4560.384692,8582.61224,8031.108848,10210.41404,9698.250871,10302.60226,10210.41404,10743.7843,10493.09726,10210.41404,13578.00002,9224.232081,10210.41404,2480.941851,2464.359864,0.001001968,0.001005531,0.001008742,0.001011081,5343.619211,5343.619211,5343.619211,8597.034394,8597.034394,8597.034394,8597.034394,8597.034394
7/8/2011,2805.329344,4568.146694,3106.667208,3393.59193,3420.564828,3106.667208,3056.521527,7222.721968,3481.539548,3482.647443,8031.108848,3481.539548,4744.415594,10302.60226,3481.539548,6518.573588,10493.09726,3481.539548,1330.568626,1322.381313,0.001001968,0.001005531,0.001008742,0.001011081,5215.896178,5215.896178,5215.896178,8892.461801,8892.461801,8892.461801,8892.461801,8892.461801
7/9/2011,3981.549637,4838.720443,4579.014133,4580.683461,4568.146694,4579.014133,7587.74688,6528.688599,9039.220864,7781.472922,7222.721968,9039.220864,8310.224738,8031.108848,9039.220864,8057.43437,10302.60226,9039.220864,2521.390169,2504.503115,0.001001968,0.001005531,0.001008742,0.001011081,5269.636058,5269.636058,5269.636058,9037.871775,9037.871775,9037.871775,9037.871775,9037.871775
7/10/2011,4058.462277,3198.166178,4700.340402,4860.024701,4838.720443,4700.340402,8966.028566,5555.125126,10728.72328,9304.230717,6528.688599,10728.72328,9686.898715,7222.721968,10728.72328,9694.202286,8031.108848,10728.72328,2696.825708,2678.609215,0.001001968,0.001005531,0.001008742,0.001011081,5350.325857,5350.325857,5350.325857,9418.772506,9418.772506,9418.772506,9418.772506,9418.772506
7/11/2011,2712.08205,2860.319134,3079.593415,3197.532027,3198.166178,3079.593415,5470.188006,5132.912629,6415.730871,5702.712482,5555.125126,6415.730871,6555.873297,6528.688599,6415.730871,7681.906308,7222.721968,6415.730871,1621.318427,1611.069224,0.001001968,0.001005531,0.001008742,0.001011081,5353.603552,5353.603552,5353.603552,9629.717254,9629.717254,9629.717254,9629.717254,9629.717254
7/12/2011,2466.437508,2709.704678,2802.632382,2858.500888,2860.319134,2802.632382,4399.789294,4889.406916,5153.638007,4572.728573,5132.912629,5153.638007,5072.50039,5555.125126,5153.638007,5855.541556,6528.688599,5153.638007,1499.064478,1489.688176,0.001001968,0.001005531,0.001008742,0.001011081,5056.461156,5056.461156,5056.461156,9419.47737,9419.47737,9419.47737,9419.47737,9419.47737
7/13/2011,2346.262677,2575.843521,2667.846429,2707.863726,2709.704678,2667.846429,4562.918115,4688.107323,5353.400535,4706.833969,4889.406916,5353.400535,5062.481814,5132.912629,5353.400535,5419.084609,5555.125126,5353.400535,1441.462599,1432.494676,0.001001968,0.001005531,0.001008742,0.001011081,4211.378458,4211.378458,4211.378458,8650.455773,8650.455773,8650.455773,8650.455773,8650.455773
7/14/2011,2233.982969,2454.909194,2539.800407,2574.006208,2575.843521,2539.800407,4239.56347,4521.419053,4970.965962,4374.984405,4688.107323,4970.965962,4697.939367,4889.406916,4970.965962,4921.387029,5132.912629,4970.965962,1378.009184,1369.488851,0.001001968,0.001005531,0.001008742,0.001011081,3715.837392,3715.837392,3715.837392,7703.272204,7703.272204,7703.272204,7703.272204,7703.272204
7/15/2011,2135.568407,2354.590536,2426.878682,2453.098552,2454.909194,2426.878682,4023.147237,4356.042354,4715.429319,4146.267633,4521.419053,4715.429319,4449.504112,4688.107323,4715.429319,4646.89906,4889.406916,4715.429319,1319.299499,1311.191082,0.001001968,0.001005531,0.001008742,0.001011081,3451.03585,3451.03585,3451.03585,7000.704048,7000.704048,7000.704048,7000.704048,7000.704048
7/16/2011,2048.820075,2257.045187,2328.271661,2352.826273,2354.590536,2328.271661,3861.728645,4398.976285,4526.712622,3979.055289,4356.042354,4526.712622,4262.529814,4521.419053,4526.712622,4438.058092,4688.107323,4526.712622,1271.431263,1263.657053,0.001001968,0.001005531,0.001008742,0.001011081,3135.465044,3135.465044,3135.465044,6389.833743,6389.833743,6389.833743,6389.833743,6389.833743
7/17/2011,1965.946765,2170.698951,2233.553929,2255.341974,2257.045187,2233.553929,3731.518035,4218.868798,4372.411231,3841.76906,4398.976285,4372.411231,4111.740989,4356.042354,4372.411231,4265.2227,4521.419053,4372.411231,1223.231046,1215.791809,0.001001968,0.001005531,0.001008742,0.001011081,2787.236127,2787.236127,2787.236127,5693.734592,5693.734592,5693.734592,5693.734592,5693.734592
7/18/2011,1891.643205,2172.194257,2148.962298,2168.264857,2170.698951,2148.962298,3622.243454,4113.862001,4243.455352,3726.086281,4218.868798,4243.455352,3982.862247,4398.976285,4243.455352,4125.169922,4356.042354,4243.455352,1181.392536,1174.242752,0.001001968,0.001005531,0.001008742,0.001011081,2567.085232,2567.085232,2567.085232,5176.197005,5176.197005,5176.197005,5176.197005,5176.197005
7/19/2011,1905.395503,2182.626808,2167.504247,2170.803252,2172.194257,2167.504247,3606.955754,3994.8198,4227.420333,3697.873355,4113.862001,4227.420333,3935.703097,4218.868798,4227.420333,3979.211235,4398.976285,4227.420333,1202.657675,1195.360926,0.001001968,0.001005531,0.001008742,0.001011081,2440.986072,2440.986072,2440.986072,4838.701016,4838.701016,4838.701016,4838.701016,4838.701016
7/20/2011,1898.402487,1981.010404,2160.429356,2181.677724,2182.626808,2160.429356,3709.972485,3807.67791,4351.685312,3815.997409,3994.8198,4351.685312,4018.792778,4113.862001,4351.685312,4095.152221,4218.868798,4351.685312,1202.146344,1194.853133,0.001001968,0.001005531,0.001008742,0.001011081,2350.911108,2350.911108,2350.911108,4649.191209,4649.191209,4649.191209,4649.191209,4649.191209
7/21/2011,1728.349748,1899.944378,1962.327035,1979.632115,1981.010404,1962.327035,3389.103709,3732.564531,3964.673437,3482.335437,3807.67791,3964.673437,3758.231244,3994.8198,3964.673437,3915.446105,4113.862001,3964.673437,1085.931909,1079.437751,0.001001968,0.001005531,0.001008742,0.001011081,2268.03411,2268.03411,2268.03411,4505.309973,4505.309973,4505.309973,4505.309973,4505.309973
7/22/2011,1657.900151,1832.843551,1882.851244,1898.627488,1899.944378,1882.851244,3248.338264,6715.531441,3800.220899,3337.219154,3732.564531,3800.220899,3565.161029,3807.67791,3800.220899,3737.411552,3994.8198,3800.220899,1049.113897,1042.87073,0.001001968,0.001005531,0.001008742,0.001011081,2186.223979,2186.223979,2186.223979,4374.861172,4374.861172,4374.861172,4374.861172,4374.861172
7/23/2011,1602.053047,1774.019966,1818.768061,1831.594867,1832.843551,1818.768061,3184.421151,10577.81776,3724.5827,3266.726933,6715.531441,3724.5827,3475.308205,3732.564531,3724.5827,3601.708516,3807.67791,3724.5827,1014.89446,1008.883582,0.001001968,0.001005531,0.001008742,0.001011081,2108.92268,2108.92268,2108.92268,4250.519683,4250.519683,4250.519683,4250.519683,4250.519683
7/24/2011,1552.346705,1756.500811,1761.775067,1772.737978,1774.019966,1761.775067,3090.256962,6399.601382,3612.319364,3168.433729,10577.81776,3612.319364,3366.864964,6715.531441,3612.319364,3469.080029,3732.564531,3612.319364,984.6136919,978.8075478,0.001001968,0.001005531,0.001008742,0.001011081,2036.978073,2036.978073,2036.978073,4132.820601,4132.820601,4132.820601,4132.820601,4132.820601
7/25/2011,1528.579318,2196.942091,1736.553567,1746.170034,1756.500811,1736.553567,3123.998675,5521.2753,3647.959162,3200.504172,6399.601382,3647.959162,3391.565351,10577.81776,3647.959162,3414.897326,6715.531441,3647.959162,979.5915796,973.8193149,0.001001968,0.001005531,0.001008742,0.001011081,1973.27328,1973.27328,1973.27328,4033.850894,4033.850894,4033.850894,4033.850894,4033.850894
7/26/2011,2076.051111,3200.611797,2334.101365,2193.067554,2196.942091,2334.101365,6868.859271,5508.718279,8083.613741,6800.849843,5521.2753,8083.613741,6789.980911,6399.601382,8083.613741,5939.412255,10577.81776,8083.613741,1171.2462,1164.166422,0.001001968,0.001005531,0.001008742,0.001011081,1941.339371,1941.339371,1941.339371,4391.692072,4391.692072,4391.692072,4391.692072,4391.692072
7/27/2011,3275.982069,3120.063311,3681.530877,3206.936758,3200.611797,3681.530877,10577.61132,5612.332448,12544.71489,10124.28422,5508.718279,12544.71489,9918.458386,5521.2753,12544.71489,10007.86068,6399.601382,12544.71489,1773.85517,1762.505891,0.001001968,0.001005531,0.001008742,0.001011081,2032.066118,2032.066118,2032.066118,5319.519718,5319.519718,5319.519718,5319.519718,5319.519718
7/28/2011,2585.428365,2146.203668,2948.211425,3122.603601,3120.063311,2948.211425,5627.461279,4829.4362,6648.12181,5900.201706,5612.332448,6648.12181,6121.390444,5508.718279,6648.12181,5963.375487,5521.2753,6648.12181,1633.05867,1622.725218,0.001001968,0.001005531,0.001008742,0.001011081,2171.555832,2171.555832,2171.555832,5720.403915,5720.403915,5720.403915,5720.403915,5720.403915
7/29/2011,1736.003676,2559.578156,1937.940513,2137.636023,2146.203668,1937.940513,4013.349628,4710.261749,4651.085027,4265.584116,4829.4362,4651.085027,4715.94587,5612.332448,4651.085027,5378.712083,5508.718279,4651.085027,954.2863746,948.6844838,0.001001968,0.001005531,0.001008742,0.001011081,2241.835053,2241.835053,2241.835053,5999.087663,5999.087663,5999.087663,5999.087663,5999.087663
7/30/2011,2234.958876,2533.062261,2537.570924,2560.553193,2559.578156,2537.570924,4263.733567,4439.965696,5000.394283,4388.105748,4710.261749,5000.394283,4629.001703,4829.4362,5000.394283,4563.491076,5612.332448,5000.394283,1358.740829,1350.355925,0.001001968,0.001005531,0.001008742,0.001011081,2340.051358,2340.051358,2340.051358,6202.870182,6202.870182,6202.870182,6202.870182,6202.870182
7/31/2011,2196.018646,2044.1237,2489.086785,2537.16263,2533.062261,2489.086785,4780.202621,4102.252431,5612.108903,4911.075287,4439.965696,5612.108903,5116.546645,4710.261749,5612.108903,5263.367805,4829.4362,5612.108903,1320.802245,1312.683312,0.001001968,0.001005531,0.001008742,0.001011081,2442.70434,2442.70434,2442.70434,6429.414639,6429.414639,6429.414639,6429.414639,6429.414639
8/1/2011,1736.840595,1861.29344,1968.754263,2031.582369,2044.1237,1968.754263,3592.056401,4665.803746,4199.090281,3726.403769,4102.252431,4199.090281,4172.525153,4439.965696,4199.090281,4443.917346,4710.261749,4199.090281,1081.153041,1074.691522,0.001001968,0.001005531,0.001008742,0.001011081,2517.220498,2517.220498,2517.220498,6589.954201,6589.954201,6589.954201,6589.954201,6589.954201
8/2/2011,1616.679943,1701.833427,1830.417828,1863.680337,1861.29344,1830.417828,3431.226236,4287.639101,4006.455578,3529.131998,4665.803746,4006.455578,3799.21059,4102.252431,4006.455578,4182.30676,4439.965696,4006.455578,1003.04903,997.1183338,0.001001968,0.001005531,0.001008742,0.001011081,2516.768604,2516.768604,2516.768604,6259.765577,6259.765577,6259.765577,6259.765577,6259.765577
8/3/2011,1443.068184,2325.454808,1622.134342,1633.012203,1701.833427,1622.134342,3213.231642,5057.852599,3733.206594,3274.684686,4287.639101,3733.206594,3488.655845,4665.803746,3733.206594,3807.019366,4102.252431,3733.206594,854.4188468,849.4836065,0.001001968,0.001005531,0.001008742,0.001011081,2360.350586,2360.350586,2360.350586,5291.072044,5291.072044,5291.072044,5291.072044,5291.072044
8/4/2011,2243.095971,2866.691152,2548.849582,2347.179924,2325.454808,2548.849582,4014.206219,14082.50856,4712.013558,3918.414393,5057.852599,4712.013558,4052.253009,4287.639101,4712.013558,3540.39384,4665.803746,4712.013558,1374.793574,1366.295859,0.001001968,0.001005531,0.001008742,0.001011081,2244.311087,2244.311087,2244.311087,4861.612859,4861.612859,4861.612859,4861.612859,4861.612859
8/5/2011,2531.358114,4107.616309,2913.481107,2912.184739,2866.691152,2913.481107,4932.299258,13357.77331,5864.396333,5050.32962,14082.50856,5864.396333,5101.351402,5057.852599,5864.396333,4777.7636,4287.639101,5864.396333,1698.095551,1687.294101,0.001001968,0.001005531,0.001008742,0.001011081,2275.196975,2275.196975,2275.196975,4689.427711,4689.427711,4689.427711,4689.427711,4689.427711
8/6/2011,1696.699384,6623.185835,1931.930167,2079.97969,4107.616309,1931.930167,3446.005625,9714.200033,4039.484619,3671.272083,13357.77331,4039.484619,4059.566562,14082.50856,4039.484619,4394.553112,5057.852599,4039.484619,1102.8445,1096.234691,0.001001968,0.001005531,0.001008742,0.001011081,2233.946183,2233.946183,2233.946183,4596.404516,4596.404516,4596.404516,4596.404516,4596.404516
8/7/2011,7023.929363,8805.704759,8106.201636,7205.34668,6623.185835,8106.201636,9999.406899,9150.834869,11877.57979,9670.22017,9714.200033,11877.57979,10059.22544,13357.77331,11877.57979,4444.95387,14082.50856,11877.57979,3664.361746,3638.653248,0.001001968,0.001005531,0.001008742,0.001011081,2830.80203,2830.80203,2830.80203,4942.730437,4942.730437,4942.730437,4942.730437,4942.730437
8/8/2011,8684.480314,6678.14079,10174.94632,9602.004721,8805.704759,10174.94632,18442.89378,8964.1756,22405.59555,18337.64307,9150.834869,22405.59555,18240.07996,9714.200033,22405.59555,17624.13022,13357.77331,22405.59555,5453.802789,5413.693619,0.001001968,0.001005531,0.001008742,0.001011081,3708.785262,3708.785262,3708.785262,6578.4079,6578.4079,6578.4079,6578.4079,6578.4079
8/9/2011,5227.560841,4050.65072,6067.934506,6416.74577,6678.14079,6067.934506,9764.51357,7595.136321,11724.68569,10394.57714,8964.1756,11724.68569,11382.02824,9150.834869,11724.68569,13383.83693,9714.200033,11724.68569,3376.230959,3352.779339,0.001001968,0.001005531,0.001008742,0.001011081,4385.737262,4385.737262,4385.737262,7847.330194,7847.330194,7847.330194,7847.330194,7847.330194
8/10/2011,3900.298737,4511.712219,4267.724697,4122.522797,4050.65072,4267.724697,4919.320132,11450.09826,5491.204269,4966.658697,7595.136321,5491.204269,5834.252371,8964.1756,5491.204269,7825.467569,9150.834869,5491.204269,1399.055241,1390.386723,0.001001968,0.001005531,0.001008742,0.001011081,4812.691054,4812.691054,4812.691054,8686.962737,8686.962737,8686.962737,8686.962737,8686.962737
8/11/2011,4581.721363,4786.847594,5100.516649,4736.70685,4511.712219,5100.516649,6385.117695,14995.53374,7361.864548,6239.225526,11450.09826,7361.864548,6673.583701,7595.136321,7361.864548,6843.168357,8964.1756,7361.864548,2085.481665,2071.851173,0.001001968,0.001005531,0.001008742,0.001011081,5171.653543,5171.653543,5171.653543,9312.308474,9312.308474,9312.308474,9312.308474,9312.308474
8/12/2011,3789.781947,2940.550321,4339.356533,4860.349521,4786.847594,4339.356533,7034.453025,8517.021109,8347.468991,7735.285984,14995.53374,8347.468991,8059.32646,11450.09826,8347.468991,8216.975533,7595.136321,8347.468991,2312.219805,2296.904177,0.001001968,0.001005531,0.001008742,0.001011081,5467.164902,5467.164902,5467.164902,9758.449224,9758.449224,9758.449224,9758.449224,9758.449224
8/13/2011,2281.046095,3873.072798,2503.638147,2839.40162,2940.550321,2503.638147,4606.001012,13609.61219,5268.078072,5011.280851,8517.021109,5268.078072,5770.615854,14995.53374,5268.078072,7138.415155,11450.09826,5268.078072,977.0964323,971.3409918,0.001001968,0.001005531,0.001008742,0.001011081,5635.389811,5635.389811,5635.389811,10145.74124,10145.74124,10145.74124,10145.74124,10145.74124
8/14/2011,2956.337314,8331.796585,3281.875297,3169.116355,3873.072798,3281.875297,9693.721312,17999.36453,11271.09104,9647.68506,13609.61219,11271.09104,10038.30543,8517.021109,11271.09104,9747.515434,14995.53374,11271.09104,1375.16012,1366.659827,0.001001968,0.001005531,0.001008742,0.001011081,5155.406685,5155.406685,5155.406685,10643.24416,10643.24416,10643.24416,10643.24416,10643.24416
8/15/2011,4671.925812,7617.04217,5362.496228,5395.724658,8331.796585,5362.496228,14830.66935,14045.89702,17640.59915,15031.72819,17999.36453,17640.59915,15154.14808,13609.61219,17640.59915,13678.99079,8517.021109,17640.59915,2595.97971,2578.528651,0.001001968,0.001005531,0.001008742,0.001011081,4678.666632,4678.666632,4678.666632,10511.4891,10511.4891,10511.4891,10511.4891,10511.4891
8/16/2011,8095.933012,3391.150079,9358.721255,9313.221524,7617.04217,9358.721255,12336.12497,10650.87927,14586.60026,13008.74592,14045.89702,14586.60026,13869.54089,17999.36453,14586.60026,10009.81552,13609.61219,14586.60026,3594.605181,3569.444903,0.001001968,0.001005531,0.001008742,0.001011081,5059.300911,5059.300911,5059.300911,10368.87089,10368.87089,10368.87089,10368.87089,10368.87089
8/17/2011,5807.148427,8981.141823,6254.516703,4587.805579,3391.150079,6254.516703,12028.12949,10535.02024,13671.83499,10552.22731,10650.87927,13671.83499,11367.48111,14045.89702,13671.83499,15783.78384,17999.36453,13671.83499,1243.54847,1235.968228,0.001001968,0.001005531,0.001008742,0.001011081,5139.138066,5139.138066,5139.138066,11085.44526,11085.44526,11085.44526,11085.44526,11085.44526
8/18/2011,7945.242111,6327.248743,9393.423635,9098.853313,8981.141823,9393.423635,14263.05541,10381.63718,17491.20735,14435.0002,10535.02024,17491.20735,14397.01628,10650.87927,17491.20735,12127.07599,14045.89702,17491.20735,5659.804389,5618.001587,0.001001968,0.001005531,0.001008742,0.001011081,5575.356677,5575.356677,5575.356677,11916.1452,11916.1452,11916.1452,11916.1452,11916.1452
8/19/2011,4586.136517,3101.640001,5304.397905,6378.358308,6327.248743,5304.397905,11891.58081,8797.634328,14243.43422,13138.11504,10381.63718,14243.43422,13517.2024,10535.02024,14243.43422,15207.88092,10650.87927,14243.43422,2935.418449,2915.378429,0.001001968,0.001005531,0.001008742,0.001011081,5792.387333,5792.387333,5792.387333,12693.35824,12693.35824,12693.35824,12693.35824,12693.35824
8/20/2011,3229.635968,4478.801792,3444.059549,3147.817343,3101.640001,3444.059549,6124.142044,7935.345753,6773.68158,5922.387901,8797.634328,6773.68158,7196.974503,10381.63718,6773.68158,8855.051415,10535.02024,6773.68158,876.8610395,871.776817,0.001001968,0.001005531,0.001008742,0.001011081,5909.667047,5909.667047,5909.667047,13408.38203,13408.38203,13408.38203,13408.38203,13408.38203
8/21/2011,3566.569295,2911.772324,4036.194968,4476.733824,4478.801792,4036.194968,7155.423375,6524.537654,8349.037094,7754.615306,7935.345753,8349.037094,7871.70561,8797.634328,8349.037094,8232.760525,10381.63718,8349.037094,1985.991147,1973.093576,0.001001968,0.001005531,0.001008742,0.001011081,6034.761547,6034.761547,6034.761547,13185.78967,13185.78967,13185.78967,13185.78967,13185.78967
8/22/2011,2582.06048,3025.76992,2804.900837,2937.175912,2911.772324,2804.900837,7654.409598,6164.123886,8783.885345,7819.876116,6524.537654,8783.885345,8421.751222,7935.345753,8783.885345,9365.42763,8797.634328,8783.885345,946.4775155,940.9280852,0.001001968,0.001005531,0.001008742,0.001011081,5798.565944,5798.565944,5798.565944,12313.99077,12313.99077,12313.99077,12313.99077,12313.99077
8/23/2011,2947.497567,3467.823349,3238.733958,3056.020269,3025.76992,3238.733958,6540.542799,8656.716133,7509.478468,6438.071965,6164.123886,7509.478468,6809.915154,6524.537654,7509.478468,7297.415806,7935.345753,7509.478468,1261.437869,1253.733239,0.001001968,0.001005531,0.001008742,0.001011081,4921.744319,4921.744319,4921.744319,11740.20302,11740.20302,11740.20302,11740.20302,11740.20302
8/24/2011,2910.988232,2725.694012,3281.012189,3470.235766,3467.823349,3281.012189,6379.660633,15236.57005,7456.928249,6674.441536,8656.716133,7456.928249,6861.797531,6164.123886,7456.928249,6864.273571,6524.537654,7456.928249,1614.040139,1603.84313,0.001001968,0.001005531,0.001008742,0.001011081,4651.191289,4651.191289,4651.191289,10604.47803,10604.47803,10604.47803,10604.47803,10604.47803
8/25/2011,2240.548177,2054.682826,2468.970983,2639.4956,2725.694012,2468.970983,5047.657954,54509.92977,5776.407627,5285.890865,15236.57005,5776.407627,5671.514473,8656.716133,5776.407627,6173.099979,6164.123886,5776.407627,1014.087381,1008.08197,0.001001968,0.001005531,0.001008742,0.001011081,3946.514389,3946.514389,3946.514389,9495.086913,9495.086913,9495.086913,9495.086913,9495.086913
8/26/2011,2028.674871,13541.01713,2154.697913,2087.424474,2054.682826,2154.697913,4814.497686,60048.91158,5360.276972,4795.281778,54509.92977,5360.276972,5012.720858,15236.57005,5360.276972,5490.414766,8656.716133,5360.276972,515.3285021,512.5736371,0.001001968,0.001005531,0.001008742,0.001011081,3374.605129,3374.605129,3374.605129,8489.628086,8489.628086,8489.628086,8489.628086,8489.628086
8/27/2011,2662.273277,28996.87569,2882.061013,2549.244031,13541.01713,2882.061013,7693.160257,55548.87788,8827.096884,7386.44225,60048.91158,8827.096884,7448.043326,54509.92977,8827.096884,7449.409916,15236.57005,8827.096884,963.25735,957.5951244,0.001001968,0.001005531,0.001008742,0.001011081,3123.61679,3123.61679,3123.61679,7928.168546,7928.168546,7928.168546,7928.168546,7928.168546
8/28/2011,30145.22301,25155.8181,35487.47982,31046.60755,28996.87569,35487.47982,48724.39736,41138.26094,58675.72445,47229.06225,55548.87788,58675.72445,47507.6665,60048.91158,58675.72445,17568.16216,54509.92977,58675.72445,14504.30648,14385.56377,0.001001968,0.001005531,0.001008742,0.001011081,6418.746824,6418.746824,6418.746824,10921.69949,10921.69949,10921.69949,10921.69949,10921.69949
8/29/2011,30598.97989,25426.29931,34704.75551,30577.58788,25155.8181,34704.75551,74853.26104,29341.26035,89736.12582,72127.12066,41138.26094,89736.12582,69796.78286,55548.87788,89736.12582,73806.70527,60048.91158,89736.12582,11583.70866,11491.09195,0.001001968,0.001005531,0.001008742,0.001011081,9661.681734,9661.681734,9661.681734,19856.84673,19856.84673,19856.84673,19856.84673,19856.84673
8/30/2011,25027.5705,27650.99551,28886.72649,26836.50356,25426.29931,28886.72649,45372.92886,24342.03203,54882.47891,44528.47908,29341.26035,54882.47891,47841.95303,41138.26094,54882.47891,50345.83403,55548.87788,54882.47891,13480.78514,13371.26098,0.001001968,0.001005531,0.001008742,0.001011081,13047.89433,13047.89433,13047.89433,26960.64518,26960.64518,26960.64518,26960.64518,26960.64518
8/31/2011,20395.29753,12345.67503,24606.29534,27801.45824,27650.99551,24606.29534,40068.10932,17659.64243,50195.31804,44454.60161,24342.03203,50195.31804,47483.2801,29341.26035,50195.31804,48793.39231,41138.26094,50195.31804,15299.40845,15173.46186,0.001001968,0.001005531,0.001008742,0.001011081,16449.44202,16449.44202,16449.44202,33017.3429,33017.3429,33017.3429,33017.3429,33017.3429
9/1/2011,7697.362157,4752.361245,8625.905152,12428.00097,12345.67503,8625.905152,18225.60582,11026.15854,21486.39114,22233.8947,17659.64243,21486.39114,26380.15075,24342.03203,21486.39114,38355.6408,29341.26035,21486.39114,3660.976577,3635.294709,0.001001968,0.001005531,0.001008742,0.001011081,18318.17587,18318.17587,18318.17587,37634.17475,37634.17475,37634.17475,37634.17475,37634.17475
9/2/2011,3661.822963,5034.16504,3735.636533,4808.61374,4752.361245,3735.636533,5063.096118,13594.33542,5229.168971,6210.858442,11026.15854,5229.168971,10205.07942,17659.64243,5229.168971,17626.56047,24342.03203,5229.168971,101.064809,100.6642334,0.001001968,0.001005531,0.001008742,0.001011081,19250.93646,19250.93646,19250.93646,40389.7164,40389.7164,40389.7164,40389.7164,40389.7164
9/3/2011,4307.487871,4818.541453,4702.150862,5073.926473,5034.16504,4702.150862,11006.25627,31457.51371,12726.90609,11450.7533,13594.33542,12726.90609,12853.90831,11026.15854,12726.90609,15680.82085,17659.64243,12726.90609,1608.640334,1598.482029,0.001001968,0.001005531,0.001008742,0.001011081,19787.64097,19787.64097,19787.64097,41526.5567,41526.5567,41526.5567,41526.5567,41526.5567
9/4/2011,4129.154667,3862.229258,4574.735369,4803.417146,4818.541453,4574.735369,11327.7816,40936.57244,13236.37698,11629.05987,31457.51371,13236.37698,12345.49221,13594.33542,13236.37698,13628.30672,11026.15854,13236.37698,1845.236588,1833.368617,0.001001968,0.001005531,0.001008742,0.001011081,16643.21473,16643.21473,16643.21473,38897.60155,38897.60155,38897.60155,38897.60155,38897.60155
9/5/2011,2945.803919,7458.208877,3125.93353,3558.865446,3862.229258,3125.93353,7410.621284,46843.37964,8291.885619,7904.274617,40936.57244,8291.885619,8080.696144,31457.51371,8291.885619,9327.342518,13594.33542,8291.885619,676.4534691,672.6806577,0.001001968,0.001005531,0.001008742,0.001011081,13430.86748,13430.86748,13430.86748,30014.57246,30014.57246,30014.57246,30014.57246,30014.57246
9/6/2011,6535.928348,16601.10832,7308.689318,6401.008076,7458.208877,7308.689318,14701.42276,52109.60523,17105.36519,14082.82919,46843.37964,17105.36519,14354.44992,40936.57244,17105.36519,11281.35172,31457.51371,17105.36519,2884.149603,2864.502863,0.001001968,0.001005531,0.001008742,0.001011081,10454.29488,10454.29488,10454.29488,23751.84794,23751.84794,23751.84794,23751.84794,23751.84794
9/7/2011,16615.69737,23690.41254,18878.11223,16046.91685,16601.10832,18878.11223,43825.9311,45502.61513,52090.07081,41706.10535,52109.60523,52090.07081,39417.61057,46843.37964,52090.07081,30008.61442,40936.57244,52090.07081,7602.605678,7544.543948,0.001001968,0.001005531,0.001008742,0.001011081,8324.17955,8324.17955,8324.17955,21970.32186,21970.32186,21970.32186,21970.32186,21970.32186
9/8/2011,25844.16795,27347.03307,29180.1714,24618.71275,23690.41254,29180.1714,56631.77336,36005.88288,67428.81812,53075.13836,45502.61513,67428.81812,50971.82281,52109.60523,67428.81812,45073.80974,46843.37964,67428.81812,11143.51782,11054.78795,0.001001968,0.001005531,0.001008742,0.001011081,8950.7993,8950.7993,8950.7993,23533.10723,23533.10723,23533.10723,23533.10723,23533.10723
9/9/2011,26612.57557,31609.56341,30540.59385,27808.18352,27347.03307,30540.59385,51565.22449,30262.16756,62162.72367,49965.28278,36005.88288,62162.72367,51945.7866,45502.61513,62162.72367,47824.79424,52109.60523,62162.72367,14008.29108,13894.02378,0.001001968,0.001005531,0.001008742,0.001011081,11485.00913,11485.00913,11485.00913,27453.31844,27453.31844,27453.31844,27453.31844,27453.31844
9/10/2011,22239.77755,12335.86063,27010.72627,31687.21405,31609.56341,27010.72627,44293.50403,21162.08619,55681.67504,50336.07606,30262.16756,55681.67504,53295.48409,36005.88288,55681.67504,51343.63678,45502.61513,55681.67504,17192.48208,17049.2454,0.001001968,0.001005531,0.001008742,0.001011081,14928.79594,14928.79594,14928.79594,32827.53015,32827.53015,32827.53015,32827.53015,32827.53015
9/11/2011,8013.948594,6312.69937,8846.976534,12376.42867,12335.86063,8846.976534,22157.22521,15725.65263,25995.54662,25796.21141,21162.08619,25995.54662,31503.59991,30262.16756,25995.54662,45297.81792,36005.88288,25995.54662,3284.46194,3261.724817,0.001001968,0.001005531,0.001008742,0.001011081,16692.90476,16692.90476,16692.90476,37630.89286,37630.89286,37630.89286,37630.89286,37630.89286
9/12/2011,5135.209289,6517.672252,5415.831411,6339.567846,6312.69937,5415.831411,9171.738901,14133.5257,10061.39952,10220.51876,15725.65263,10061.39952,14199.31619,21162.08619,10061.39952,22134.1904,30262.16756,10061.39952,1077.751061,1071.312766,0.001001968,0.001005531,0.001008742,0.001011081,17615.31493,17615.31493,17615.31493,40690.71138,40690.71138,40690.71138,40690.71138,40690.71138
9/13/2011,5486.051426,5831.477796,6073.093586,6536.351854,6517.672252,6073.093586,15490.81721,12866.48586,18133.51657,16039.96352,14133.5257,18133.51657,17455.48045,15725.65263,18133.51657,20458.49297,21162.08619,18133.51657,2384.763407,2368.904538,0.001001968,0.001005531,0.001008742,0.001011081,17832.98909,17832.98909,17832.98909,41611.07746,41611.07746,41611.07746,41611.07746,41611.07746
9/14/2011,4968.473509,5192.706804,5530.579496,5844.679232,5831.477796,5530.579496,13813.67647,11388.60076,16191.66691,14223.00928,12866.48586,16191.66691,15151.27845,14133.5257,16191.66691,16739.84942,15725.65263,16191.66691,2306.615917,2291.342174,0.001001968,0.001005531,0.001008742,0.001011081,16999.94575,16999.94575,16999.94575,38609.06949,38609.06949,38609.06949,38609.06949,38609.06949
9/15/2011,4485.015216,4892.456893,4989.212485,5195.254298,5192.706804,4989.212485,11048.09526,10434.34673,12861.80258,11377.33162,11388.60076,12861.80258,12138.83132,12866.48586,12861.80258,13213.31457,14133.5257,12861.80258,2088.715158,2075.060777,0.001001968,0.001005531,0.001008742,0.001011081,14897.14133,14897.14133,14897.14133,33484.12412,33484.12412,33484.12412,33484.12412,33484.12412
9/16/2011,4320.306365,4724.084306,4814.333926,4900.159342,4892.456893,4814.333926,10603.49943,9718.268592,12357.67349,10810.91136,10434.34673,12357.67349,11410.73531,11388.60076,12357.67349,12113.57906,12866.48586,12357.67349,2055.660007,2042.249637,0.001001968,0.001005531,0.001008742,0.001011081,11847.81167,11847.81167,11847.81167,27761.85618,27761.85618,27761.85618,27761.85618,27761.85618
9/17/2011,4135.659863,4296.392017,4623.997335,4731.974714,4724.084306,4623.997335,9993.985092,9285.783515,11670.61994,10224.37372,9718.268592,11670.61994,10715.3771,10434.34673,11670.61994,11276.74957,11388.60076,11670.61994,2043.759268,2030.436638,0.001001968,0.001005531,0.001008742,0.001011081,8206.377671,8206.377671,8206.377671,21765.45099,21765.45099,21765.45099,21765.45099,21765.45099
9/18/2011,3733.750664,3909.402774,4171.945435,4299.036864,4296.392017,4171.945435,8768.623951,9281.988337,10211.58853,9013.33721,9285.783515,10211.58853,9563.560991,9718.268592,10211.58853,10103.79254,10434.34673,10211.58853,1853.568116,1841.639449,0.001001968,0.001005531,0.001008742,0.001011081,6336.65911,6336.65911,6336.65911,16763.24396,16763.24396,16763.24396,16763.24396,16763.24396
9/19/2011,3420.734824,3706.05994,3812.193842,3908.04266,3909.402774,3812.193842,7962.813133,10023.48482,9246.686183,8166.095122,9281.988337,9246.686183,8652.331126,9285.783515,9246.686183,9250.812926,9718.268592,9246.686183,1669.320448,1658.726326,0.001001968,0.001005531,0.001008742,0.001011081,5478.629701,5478.629701,5478.629701,13748.61349,13748.61349,13748.61349,13748.61349,13748.61349
9/20/2011,3308.280198,3748.944554,3681.963909,3704.235829,3706.05994,3681.963909,7569.622041,13287.98108,8776.931708,7697.12146,10023.48482,8776.931708,8105.720391,9281.988337,8776.931708,8518.88508,9285.783515,8776.931708,1599.966437,1589.870272,0.001001968,0.001005531,0.001008742,0.001011081,4938.514999,4938.514999,4938.514999,12111.1284,12111.1284,12111.1284,12111.1284,12111.1284
9/21/2011,3284.231394,3880.354592,3674.212235,3732.764712,3748.944554,3674.212235,7570.250091,17121.78649,8807.492434,7738.527604,13287.98108,8807.492434,8071.864278,10023.48482,8807.492434,8254.681699,9281.988337,8807.492434,1671.578796,1660.968418,0.001001968,0.001005531,0.001008742,0.001011081,4559.048379,4559.048379,4559.048379,11111.4524,11111.4524,11111.4524,11111.4524,11111.4524
9/22/2011,3423.629468,4031.84381,3858.375228,3874.462258,3880.354592,3858.375228,8038.259186,15291.62059,9395.615691,8179.096155,17121.78649,9395.615691,8563.924939,13287.98108,9395.615691,8434.685944,10023.48482,9395.615691,1851.81286,1839.896983,0.001001968,0.001005531,0.001008742,0.001011081,4318.677127,4318.677127,4318.677127,10451.07225,10451.07225,10451.07225,10451.07225,10451.07225
9/23/2011,3468.078517,6110.096844,3897.649055,3935.678883,4031.84381,3897.649055,9137.807768,15330.06744,10637.67262,9291.343002,15291.62059,10637.67262,9511.731028,17121.78649,10637.67262,9335.488029,13287.98108,10637.67262,1818.290508,1806.618622,0.001001968,0.001005531,0.001008742,0.001011081,4131.03696,4131.03696,4131.03696,10083.31446,10083.31446,10083.31446,10083.31446,10083.31446
9/24/2011,6459.610964,8965.942397,7135.782692,6158.10393,6110.096844,7135.782692,16375.58571,14854.51411,18856.3055,15637.26309,15330.06744,18856.3055,14762.99167,15291.62059,18856.3055,12121.96141,17121.78649,18856.3055,2564.147237,2546.937104,0.001001968,0.001005531,0.001008742,0.001011081,4122.045241,4122.045241,4122.045241,10548.81731,10548.81731,10548.81731,10548.81731,10548.81731
9/25/2011,8134.95474,6907.172585,9260.753636,9015.331789,8965.942397,9260.753636,19593.32892,17862.50898,23221.97324,19638.60649,14854.51411,23221.97324,19363.93269,15330.06744,23221.97324,17764.19969,15291.62059,23221.97324,4376.618731,4345.25134,0.001001968,0.001005531,0.001008742,0.001011081,4608.630271,4608.630271,4608.630271,11768.74195,11768.74195,11768.74195,11768.74195,11768.74195
9/26/2011,5461.322994,4487.329375,6292.990535,6907.594204,6907.172585,6292.990535,12721.25726,24318.85534,15093.17192,13574.67115,17862.50898,15093.17192,15323.70765,14854.51411,15093.17192,15892.564,15330.06744,15093.17192,3409.582005,3385.87019,0.001001968,0.001005531,0.001008742,0.001011081,5158.858148,5158.858148,5158.858148,12703.32335,12703.32335,12703.32335,12703.32335,12703.32335
9/27/2011,3566.54418,5489.070487,3975.791611,4346.927828,4487.329375,3975.791611,9316.354389,25618.4563,10778.17057,9792.899301,24318.85534,10778.17057,10970.03027,17862.50898,10778.17057,14015.5385,14854.51411,10778.17057,1747.085191,1735.929811,0.001001968,0.001005531,0.001008742,0.001011081,5357.904762,5357.904762,5357.904762,13491.08163,13491.08163,13491.08163,13491.08163,13491.08163
9/28/2011,6655.427937,17147.48517,7104.440831,4863.710708,5489.070487,7104.440831,13555.46243,27913.78283,15116.02695,11492.89452,25618.4563,15116.02695,11419.72581,24318.85534,15116.02695,11134.95392,17862.50898,15116.02695,1724.683628,1713.690236,0.001001968,0.001005531,0.001008742,0.001011081,5466.479801,5466.479801,5466.479801,14213.95233,14213.95233,14213.95233,14213.95233,14213.95233
9/29/2011,15569.82459,16490.01988,18230.22041,17303.87946,17147.48517,18230.22041,27455.40079,26598.51084,33103.55463,27526.76892,27913.78283,33103.55463,25837.43839,25618.4563,33103.55463,16381.48014,24318.85534,33103.55463,9520.312395,9445.782568,0.001001968,0.001005531,0.001008742,0.001011081,6813.688284,6813.688284,6813.688284,15770.58592,15770.58592,15770.58592,15770.58592,15770.58592
9/30/2011,14103.74252,12339.25888,16221.23109,16732.3253,16490.01988,16221.23109,30527.32353,22069.83624,36509.67272,31683.42418,26598.51084,36509.67272,31851.57764,27913.78283,36509.67272,30785.04041,25618.4563,36509.67272,7673.112227,7614.45175,0.001001968,0.001005531,0.001008742,0.001011081,8440.515416,8440.515416,8440.515416,18522.04682,18522.04682,18522.04682,18522.04682,18522.04682
10/1/2011,10509.74941,11486.53882,11943.61145,12029.05337,12339.25888,11943.61145,19254.74732,19433.64298,22705.16121,19825.58559,22069.83624,22705.16121,23272.55941,26598.51084,22705.16121,25525.75057,27913.78283,22705.16121,5481.51985,5441.183185,0.001001968,0.001005531,0.001008742,0.001011081,9789.506571,9789.506571,9789.506571,20535.09955,20535.09955,20535.09955,20535.09955,20535.09955
10/2/2011,9404.436525,8412.447823,10826.56414,11646.09217,11486.53882,10826.56414,19137.40789,16109.20899,22742.42642,20445.64092,19433.64298,22742.42642,22157.18101,22069.83624,22742.42642,24171.53223,26598.51084,22742.42642,5349.112667,5309.861679,0.001001968,0.001005531,0.001008742,0.001011081,10398.12568,10398.12568,10398.12568,21543.6064,21543.6064,21543.6064,21543.6064,21543.6064
10/3/2011,7153.70023,7336.93338,8014.656576,8488.984396,8412.447823,8014.656576,17437.18676,13522.69118,20391.51719,18148.67207,16109.20899,20391.51719,19704.57724,19433.64298,20391.51719,22951.43747,22069.83624,20391.51719,3325.42981,3302.373984,0.001001968,0.001005531,0.001008742,0.001011081,10610.75059,10610.75059,10610.75059,22606.64257,22606.64257,22606.64257,22606.64257,22606.64257
10/4/2011,6306.307458,6119.990805,7130.583066,7389.037545,7336.93338,7130.583066,13944.83731,11932.93662,16339.94739,14458.23171,13522.69118,16339.94739,16050.26002,16109.20899,16339.94739,17769.25998,19433.64298,16339.94739,3266.27147,3243.675718,0.001001968,0.001005531,0.001008742,0.001011081,11055.4572,11055.4572,11055.4572,23333.36735,23333.36735,23333.36735,23333.36735,23333.36735
10/5/2011,5230.332021,5187.145885,5880.91281,6154.837854,6119.990805,5880.91281,12979.22484,10802.28949,15191.72849,13421.95231,11932.93662,15191.72849,14424.75244,13522.69118,15191.72849,16520.04937,16109.20899,15191.72849,2635.239576,2617.490919,0.001001968,0.001005531,0.001008742,0.001011081,11364.2873,11364.2873,11364.2873,23740.50398,23740.50398,23740.50398,23740.50398,23740.50398
10/6/2011,4479.514582,4666.560547,5004.336255,5195.41546,5187.145885,5004.336255,10596.72517,9989.356175,12312.03749,10934.75389,10802.28949,12312.03749,11759.2834,11932.93662,12312.03749,13146.17081,13522.69118,12312.03749,2162.717895,2148.515626,0.001001968,0.001005531,0.001008742,0.001011081,10262.05004,10262.05004,10262.05004,22890.52109,22890.52109,22890.52109,22890.52109,22890.52109
10/7/2011,4066.313007,4285.824399,4536.422875,4671.02667,4666.560547,4536.422875,9526.288409,9367.488069,11047.6515,9794.568805,9989.356175,11047.6515,10441.46605,10802.28949,11047.6515,11366.88784,11932.93662,11047.6515,1957.354833,1944.667441,0.001001968,0.001005531,0.001008742,0.001011081,8797.03315,8797.03315,8797.03315,20397.9303,20397.9303,20397.9303,20397.9303,20397.9303
10/8/2011,3765.686269,4009.312545,4196.493458,4288.299037,4285.824399,4196.493458,8852.971736,8940.322337,10258.00231,9066.215988,9367.488069,10258.00231,9602.924042,9989.356175,10258.00231,10292.18732,10802.28949,10258.00231,1809.165677,1797.560114,0.001001968,0.001005531,0.001008742,0.001011081,7405.231571,7405.231571,7405.231571,17768.42649,17768.42649,17768.42649,17768.42649,17768.42649
10/9/2011,3537.785509,3777.893516,3941.494894,4010.470269,4009.312545,3941.494894,8277.977621,8826.763469,9586.070087,8461.408702,8940.322337,9586.070087,8924.476748,9367.488069,9586.070087,9451.608224,9989.356175,9586.070087,1708.070883,1697.197461,0.001001968,0.001005531,0.001008742,0.001011081,6260.462724,6260.462724,6260.462724,15437.13157,15437.13157,15437.13157,15437.13157,15437.13157
10/10/2011,3341.030669,3576.257813,3721.197645,3778.13013,3777.893516,3721.197645,7825.805382,9333.436862,9057.936003,7990.362921,8826.763469,9057.936003,8405.12747,8940.322337,9057.936003,8837.660482,9367.488069,9057.936003,1619.525667,1609.289322,0.001001968,0.001005531,0.001008742,0.001011081,5470.32653,5470.32653,5470.32653,13371.20676,13371.20676,13371.20676,13371.20676,13371.20676
10/11/2011,3167.158187,3452.587864,3526.467686,3575.106494,3576.257813,3526.467686,7395.734327,10179.23528,8561.461759,7545.258279,9333.436862,8561.461759,7925.703203,8826.763469,8561.461759,8342.432816,8940.322337,8561.461759,1540.486952,1530.815809,0.001001968,0.001005531,0.001008742,0.001011081,4806.096768,4806.096768,4806.096768,11816.09667,11816.09667,11816.09667,11816.09667,11816.09667
10/12/2011,3013.9233,3992.904836,3355.145163,3397.357056,3452.587864,3355.145163,7147.955113,10663.74846,8270.799587,7284.565654,10179.23528,8270.799587,7636.525513,9333.436862,8270.799587,7944.40675,8826.763469,8270.799587,1471.480027,1462.29953,0.001001968,0.001005531,0.001008742,0.001011081,4349.921163,4349.921163,4349.921163,10638.4221,10638.4221,10638.4221,10638.4221,10638.4221
10/13/2011,3282.009217,4885.709551,3670.622358,3645.907047,3992.904836,3670.622358,7695.831508,11675.20302,8924.2699,7786.486234,10663.74846,8924.2699,8055.556209,10179.23528,8924.2699,7905.661112,9333.436862,8924.2699,1648.221258,1637.778891,0.001001968,0.001005531,0.001008742,0.001011081,4062.582026,4062.582026,4062.582026,9868.889254,9868.889254,9868.889254,9868.889254,9868.889254
10/14/2011,4364.709809,4371.372953,4918.26668,4790.590936,4885.709551,4918.26668,9909.872989,11167.91606,11499.10156,9982.027474,11675.20302,11499.10156,10119.35736,10663.74846,11499.10156,8776.047499,10179.23528,11499.10156,2171.205853,2156.940603,0.001001968,0.001005531,0.001008742,0.001011081,3997.205302,3997.205302,3997.205302,9591.896242,9591.896242,9591.896242,9591.896242,9591.896242
10/15/2011,4186.672889,4123.630533,4591.202956,4594.220318,4371.372953,4591.202956,10527.21625,11280.32774,12013.89425,10678.74757,11167.91606,12013.89425,10518.70081,11675.20302,12013.89425,10698.00544,10663.74846,12013.89425,1482.894838,1473.633367,0.001001968,0.001005531,0.001008742,0.001011081,3954.042668,3954.042668,3954.042668,9696.083243,9696.083243,9696.083243,9696.083243,9696.083243
10/16/2011,4526.571108,6112.908503,4917.055257,4199.876541,4123.630533,4917.055257,9540.362698,13221.90273,10814.50188,8953.197621,11280.32774,10814.50188,9455.800488,11167.91606,10814.50188,9828.188957,11675.20302,10814.50188,1555.700694,1545.921021,0.001001968,0.001005531,0.001008742,0.001011081,3991.462479,3991.462479,3991.462479,9837.864581,9837.864581,9837.864581,9837.864581,9837.864581
10/17/2011,5234.60534,4440.138867,6023.492659,6133.933306,6112.908503,6023.492659,10791.03813,12882.81702,12800.90639,11151.40537,13221.90273,12800.90639,11466.3941,11280.32774,12800.90639,10427.56038,11167.91606,12800.90639,3228.203576,3205.903396,0.001001968,0.001005531,0.001008742,0.001011081,4258.554201,4258.554201,4258.554201,10055.11437,10055.11437,10055.11437,10055.11437,10055.11437
10/18/2011,3764.086761,4499.501575,4197.840099,4453.67024,4440.138867,4197.840099,9118.80349,11398.24219,10593.6377,9485.791669,12882.81702,10593.6377,10040.83669,13221.90273,10593.6377,11417.07532,11280.32774,10593.6377,1831.642303,1819.873298,0.001001968,0.001005531,0.001008742,0.001011081,4402.964329,4402.964329,4402.964329,10330.68009,10330.68009,10330.68009,10330.68009,10330.68009
10/19/2011,3594.447611,5249.403033,4031.547948,4131.263694,4499.501575,4031.547948,8072.43699,11012.15994,9376.432268,8303.769288,11398.24219,9376.432268,8972.967517,12882.81702,9376.432268,9329.510972,13221.90273,9376.432268,1859.06899,1847.100232,0.001001968,0.001005531,0.001008742,0.001011081,4539.514355,4539.514355,4539.514355,10698.3323,10698.3323,10698.3323,10698.3323,10698.3323
10/20/2011,4943.642545,5954.259556,5568.262352,5376.996854,5249.403033,5568.262352,12333.51636,10058.4324,14453.84066,12320.64619,11012.15994,14453.84066,12435.19827,11398.24219,14453.84066,11751.16261,12882.81702,14453.84066,2434.100732,2417.871324,0.001001968,0.001005531,0.001008742,0.001011081,4746.238374,4746.238374,4746.238374,11329.1467,11329.1467,11329.1467,11329.1467,11329.1467
10/21/2011,5196.61477,4381.006463,5936.856051,6078.266588,5954.259556,5936.856051,12228.46632,8661.00528,14461.03307,12583.31527,10058.4324,14461.03307,12812.28921,11012.15994,14461.03307,12400.22554,11398.24219,14461.03307,2951.466664,2931.303382,0.001001968,0.001005531,0.001008742,0.001011081,4924.567795,4924.567795,4924.567795,11760.04447,11760.04447,11760.04447,11760.04447,11760.04447
10/22/2011,3883.101431,3946.130221,4369.368333,4401.541314,4381.006463,4369.368333,8916.84258,7978.675655,10395.0391,9090.897252,8661.00528,10395.0391,10072.75877,10058.4324,10395.0391,11090.80584,11012.15994,10395.0391,2029.349854,2016.133381,0.001001968,0.001005531,0.001008742,0.001011081,5040.32247,5040.32247,5040.32247,11750.64573,11750.64573,11750.64573,11750.64573,11750.64573
10/23/2011,3386.559137,3373.856406,3813.442126,3950.472785,3946.130221,3813.442126,7573.768937,7552.803376,8811.220763,7842.151587,7978.675655,8811.220763,8375.664729,8661.00528,8811.220763,9434.667395,10058.4324,8811.220763,1810.924833,1799.306487,0.001001968,0.001005531,0.001008742,0.001011081,4999.539907,4999.539907,4999.539907,11642.69545,11642.69545,11642.69545,11642.69545,11642.69545
10/24/2011,2944.393096,3108.383557,3283.601044,3375.088096,3373.856406,3283.601044,7054.430375,7675.273235,8159.410686,7241.586709,7552.803376,8159.410686,7693.883783,7978.675655,8159.410686,8427.447528,8661.00528,8159.410686,1455.954704,1446.884218,0.001001968,0.001005531,0.001008742,0.001011081,4685.196668,4685.196668,4685.196668,11366.74483,11366.74483,11366.74483,11366.74483,11366.74483
10/25/2011,2740.436636,2947.508341,3050.394921,3106.115096,3108.383557,3050.394921,6440.642415,9645.971982,7431.354404,6586.772264,7675.273235,7431.354404,6957.971903,7552.803376,7431.354404,7433.547698,7978.675655,7431.354404,1340.22557,1331.970583,0.001001968,0.001005531,0.001008742,0.001011081,4477.814458,4477.814458,4477.814458,10977.47922,10977.47922,10977.47922,10977.47922,10977.47922
10/26/2011,2605.959022,3143.076061,2896.714431,2923.725965,2947.508341,2896.714431,6224.904607,16010.74405,7180.012537,6334.000174,9645.971982,7180.012537,6644.419142,7675.273235,7180.012537,7006.319285,7552.803376,7180.012537,1264.255813,1256.53157,0.001001968,0.001005531,0.001008742,0.001011081,4273.470373,4273.470373,4273.470373,10457.46335,10457.46335,10457.46335,10457.46335,10457.46335
10/27/2011,2525.844503,3480.033054,2795.675746,2815.76843,3143.076061,2795.675746,6202.834677,15595.77386,7128.178339,6300.372451,16010.74405,7128.178339,6518.259213,9645.971982,7128.178339,6714.45611,7675.273235,7128.178339,1166.966339,1159.916069,0.001001968,0.001005531,0.001008742,0.001011081,3955.278987,3955.278987,3955.278987,9624.763842,9624.763842,9624.763842,9624.763842,9624.763842
10/28/2011,3449.089733,4138.562191,3815.817007,3629.61332,3480.033054,3815.817007,7653.0127,11218.67563,8784.861931,7602.74871,15595.77386,8784.861931,7626.776075,16010.74405,8784.861931,7000.070343,9645.971982,8784.861931,1427.818229,1418.946756,0.001001968,0.001005531,0.001008742,0.001011081,3618.508104,3618.508104,3618.508104,8876.617153,8876.617153,8876.617153,8876.617153,8876.617153
10/29/2011,3887.406559,5338.455332,4351.189592,4186.51739,4138.562191,4351.189592,9618.525703,9384.201893,11223.17703,9577.533943,11218.67563,11223.17703,9656.19352,15595.77386,11223.17703,9308.248686,16010.74405,11223.17703,1900.143554,1887.874997,0.001001968,0.001005531,0.001008742,0.001011081,3465.541186,3465.541186,3465.541186,8659.518009,8659.518009,8659.518009,8659.518009,8659.518009
10/30/2011,4630.163373,4336.214941,5377.44432,5355.658416,5338.455332,5377.44432,15326.74312,8590.704396,18392.62832,15428.84905,9384.201893,18392.62832,15861.95321,11218.67563,18392.62832,14729.65691,15595.77386,18392.62832,3058.533702,3037.546185,0.001001968,0.001005531,0.001008742,0.001011081,3628.254592,3628.254592,3628.254592,9506.001771,9506.001771,9506.001771,9506.001771,9506.001771
10/31/2011,3683.939916,3169.009437,4191.543289,4366.44564,4336.214941,4191.543289,13100.99071,7989.96392,15568.89748,13322.44791,8590.704396,15568.89748,13618.1838,9384.201893,15568.89748,14959.89682,11218.67563,15568.89748,2123.682272,2109.769281,0.001001968,0.001005531,0.001008742,0.001011081,3744.090183,3744.090183,3744.090183,10469.83712,10469.83712,10469.83712,10469.83712,10469.83712
11/1/2011,2823.993619,3060.208374,3136.283547,3165.605489,3169.009437,3136.283547,7516.752842,7836.324102,8700.439819,7620.216912,7989.96392,8700.439819,8205.04598,8590.704396,8700.439819,9182.304743,9384.201893,8700.439819,1341.873987,1333.607442,0.001001968,0.001005531,0.001008742,0.001011081,3785.845639,3785.845639,3785.845639,10901.82922,10901.82922,10901.82922,10901.82922,10901.82922
11/2/2011,2820.339582,3246.906003,3120.754104,3049.86204,3060.208374,3120.754104,7031.181502,7752.236216,8099.243807,7040.6887,7836.324102,8099.243807,7314.609177,7989.96392,8099.243807,7833.692038,8590.704396,8099.243807,1294.646159,1286.710055,0.001001968,0.001005531,0.001008742,0.001011081,3798.668388,3798.668388,3798.668388,11102.88716,11102.88716,11102.88716,11102.88716,11102.88716
11/3/2011,2998.752046,3412.391321,3325.917496,3236.727801,3246.906003,3325.917496,7242.140368,7580.638723,8357.288898,7241.750953,7752.236216,8357.288898,7404.946539,7836.324102,8357.288898,7474.70401,7989.96392,8357.288898,1408.325478,1399.591602,0.001001968,0.001005531,0.001008742,0.001011081,3844.636475,3844.636475,3844.636475,11220.35619,11220.35619,11220.35619,11220.35619,11220.35619
11/4/2011,3063.281019,3271.917465,3414.701464,3408.058044,3412.391321,3414.701464,7114.281939,7327.932546,8231.252688,7208.394196,7580.638723,8231.252688,7405.526229,7752.236216,8231.252688,7359.553929,7836.324102,8231.252688,1512.789443,1503.315555,0.001001968,0.001005531,0.001008742,0.001011081,3835.874808,3835.874808,3835.874808,11210.69052,11210.69052,11210.69052,11210.69052,11210.69052
11/5/2011,2908.161906,3097.576279,3234.581133,3268.957048,3271.917465,3234.581133,6750.076238,7078.579638,7799.448332,6877.138173,7327.932546,7799.448332,7152.648062,7580.638723,7799.448332,7350.754643,7752.236216,7799.448332,1412.565495,1403.80171,0.001001968,0.001005531,0.001008742,0.001011081,3744.036949,3744.036949,3744.036949,10895.15854,10895.15854,10895.15854,10895.15854,10895.15854
11/6/2011,2754.560324,2981.620216,3057.461629,3092.024539,3097.576279,3057.461629,6366.009374,6878.535417,7343.592002,6486.690897,7078.579638,7343.592002,6786.629196,7327.932546,7343.592002,7058.306765,7580.638723,7343.592002,1318.238394,1310.137401,0.001001968,0.001005531,0.001008742,0.001011081,3440.867646,3440.867646,3440.867646,9668.704221,9668.704221,9668.704221,9668.704221,9668.704221
11/7/2011,2649.761726,2899.206718,2941.47221,2970.866864,2981.620216,2941.47221,6183.279226,6741.010156,7133.698104,6294.522556,6878.535417,7133.698104,6583.156554,7078.579638,7133.698104,6819.680848,7327.932546,7133.698104,1274.859566,1267.06147,0.001001968,0.001005531,0.001008742,0.001011081,3248.556781,3248.556781,3248.556781,8468.383391,8468.383391,8468.383391,8468.383391,8468.383391
11/8/2011,2570.621262,2819.607688,2856.288546,2882.108177,2899.206718,2856.288546,6035.133082,6669.286241,6965.476632,6141.089838,6741.010156,6965.476632,6418.058989,6878.535417,6965.476632,6613.407763,7078.579638,6965.476632,1251.303795,1243.669656,0.001001968,0.001005531,0.001008742,0.001011081,3164.011914,3164.011914,3164.011914,7897.036975,7897.036975,7897.036975,7897.036975,7897.036975
11/9/2011,2505.444399,2757.94835,2786.819415,2809.591345,2819.607688,2786.819415,5868.980158,6492.86957,6776.247629,5971.702923,6669.286241,6776.247629,6241.300956,6741.010156,6776.247629,6420.514791,6878.535417,6776.247629,1232.811678,1225.305986,0.001001968,0.001005531,0.001008742,0.001011081,3129.533654,3129.533654,3129.533654,7610.90017,7610.90017,7610.90017,7610.90017,7610.90017
11/10/2011,2434.616949,2709.036301,2710.378805,2730.846646,2757.94835,2710.378805,5711.258027,6365.52399,6595.613874,5810.484068,6492.86957,6595.613874,6072.379707,6669.286241,6595.613874,6248.738798,6741.010156,6595.613874,1211.036043,1203.681303,0.001001968,0.001005531,0.001008742,0.001011081,3075.827484,3075.827484,3075.827484,7408.496033,7408.496033,7408.496033,7408.496033,7408.496033
11/11/2011,2492.214658,2827.361025,2764.676681,2710.761331,2709.036301,2764.676681,5758.204309,6032.994626,6632.258455,5783.886081,6365.52399,6632.258455,6001.330209,6492.86957,6632.258455,6120.957565,6669.286241,6632.258455,1189.754259,1182.546725,0.001001968,0.001005531,0.001008742,0.001011081,2988.283659,2988.283659,2988.283659,7218.905223,7218.905223,7218.905223,7218.905223,7218.905223
11/12/2011,2507.751697,2599.06122,2800.296266,2833.258042,2827.361025,2800.296266,5744.997082,6054.612312,6649.257174,5863.384925,6032.994626,6649.257174,6042.438017,6365.52399,6649.257174,6098.053031,6492.86957,6649.257174,1281.585724,1273.740743,0.001001968,0.001005531,0.001008742,0.001011081,2915.403727,2915.403727,2915.403727,7033.124991,7033.124991,7033.124991,7033.124991,7033.124991
11/13/2011,2283.705327,2453.610247,2547.892588,2595.691773,2599.06122,2547.892588,5393.370276,8118.494049,6236.032359,5515.932847,6054.612312,6236.032359,5823.596809,6032.994626,6236.032359,6007.378271,6365.52399,6236.032359,1170.486621,1163.412082,0.001001968,0.001005531,0.001008742,0.001011081,2849.236722,2849.236722,2849.236722,6857.181026,6857.181026,6857.181026,6857.181026,6857.181026
11/14/2011,2166.682093,2347.008517,2415.591438,2441.79928,2453.610247,2415.591438,5138.451833,8916.024227,5935.624499,5235.108458,8118.494049,5935.624499,5506.700864,6054.612312,5935.624499,5776.799871,6032.994626,5935.624499,1108.904179,1102.252877,0.001001968,0.001005531,0.001008742,0.001011081,2775.440723,2775.440723,2775.440723,6691.836503,6691.836503,6691.836503,6691.836503,6691.836503
11/15/2011,2180.345295,2705.182337,2411.107775,2337.140685,2347.008517,2411.107775,4974.279957,7378.170113,5710.217204,4968.011484,8916.024227,5710.217204,5165.518366,8118.494049,5710.217204,5393.625365,6054.612312,5710.217204,1027.669711,1021.572225,0.001001968,0.001005531,0.001008742,0.001011081,2692.232987,2692.232987,2692.232987,6502.973122,6502.973122,6502.973122,6502.973122,6502.973122
11/16/2011,2367.955301,3191.981473,2646.213694,2645.069738,2705.182337,2646.213694,5403.347948,6729.665307,6244.365237,5486.173662,7378.170113,6244.365237,5598.457881,8916.024227,6244.365237,5421.751162,8118.494049,6244.365237,1231.012825,1223.519615,0.001001968,0.001005531,0.001008742,0.001011081,2645.360455,2645.360455,2645.360455,6373.437656,6373.437656,6373.437656,6373.437656,6373.437656
11/17/2011,2877.087644,2955.834713,3254.951344,3216.389535,3191.981473,3254.951344,8018.070106,6489.019833,9401.628316,8074.233484,6729.665307,9401.628316,8221.030348,7378.170113,9401.628316,7604.193345,8916.024227,9401.628316,1620.223485,1609.982135,0.001001968,0.001005531,0.001008742,0.001011081,2688.046602,2688.046602,2688.046602,6615.956553,6615.956553,6615.956553,6615.956553,6615.956553
11/18/2011,2650.743563,2561.617781,2971.972084,2981.457529,2955.834713,2971.972084,8002.594086,7071.013718,9365.282979,8068.62162,6489.019833,9365.282979,8249.351552,6729.665307,9365.282979,8694.727346,7378.170113,9365.282979,1398.248513,1389.585681,0.001001968,0.001005531,0.001008742,0.001011081,2720.975914,2720.975914,2720.975914,6983.286968,6983.286968,6983.286968,6983.286968,6983.286968
11/19/2011,2240.297479,2283.650058,2515.641687,2559.068654,2561.617781,2515.641687,5566.55382,16061.30797,6461.790687,5683.808717,7071.013718,6461.790687,6108.797977,6489.019833,6461.790687,6420.814222,6729.665307,6461.790687,1230.725409,1223.234193,0.001001968,0.001005531,0.001008742,0.001011081,2718.670322,2718.670322,2718.670322,7091.570083,7091.570083,7091.570083,7091.570083,7091.570083
11/20/2011,1974.855028,2197.694291,2209.583888,2280.185738,2283.650058,2209.583888,5077.587933,24014.27511,5876.69787,5208.854062,16061.30797,5876.69787,5481.339283,7071.013718,5876.69787,5991.631924,6489.019833,5876.69787,1060.778657,1054.456088,0.001001968,0.001005531,0.001008742,0.001011081,2672.551006,2672.551006,2672.551006,7086.711602,7086.711602,7086.711602,7086.711602,7086.711602
11/21/2011,1935.65979,3369.220677,2170.817562,2194.364394,2197.694291,2170.817562,5046.755401,17250.63521,5847.464163,5131.291525,24014.27511,5847.464163,5387.957638,16061.30797,5847.464163,5558.26838,7071.013718,5847.464163,1064.665962,1058.316908,0.001001968,0.001005531,0.001008742,0.001011081,2636.879377,2636.879377,2636.879377,7070.441479,7070.441479,7070.441479,7070.441479,7070.441479
11/22/2011,1880.630815,6649.384253,2109.363144,2121.924975,3369.220677,2109.363144,5880.370395,14365.34114,6845.111495,5933.421161,17250.63521,6845.111495,6121.971902,24014.27511,6845.111495,6311.21975,16061.30797,6845.111495,1039.549634,1033.371489,0.001001968,0.001005531,0.001008742,0.001011081,2607.896776,2607.896776,2607.896776,7223.544673,7223.544673,7223.544673,7223.544673,7223.544673
11/23/2011,7686.615683,8564.355141,8726.203813,7233.576299,6649.384253,8726.203813,21084.41249,13047.42952,25025.19905,19935.98332,14365.34114,25025.19905,19411.88926,17250.63521,25025.19905,14449.04519,24014.27511,25025.19905,3650.033051,3624.437256,0.001001968,0.001005531,0.001008742,0.001011081,3102.440569,3102.440569,3102.440569,8977.319739,8977.319739,8977.319739,8977.319739,8977.319739
11/24/2011,8525.42165,7313.0453,9645.89497,8987.789744,8564.355141,9645.89497,27105.01947,11072.66883,32462.66206,26602.48486,13047.42952,32462.66206,25506.66818,14365.34114,32462.66206,25451.99738,17250.63521,32462.66206,4247.737331,4217.401726,0.001001968,0.001005531,0.001008742,0.001011081,3696.806746,3696.806746,3696.806746,11605.60323,11605.60323,11605.60323,11605.60323,11605.60323
11/25/2011,5841.552114,4380.940735,6699.086531,7323.65231,7313.0453,6699.086531,13628.68799,9774.360916,16185.75234,14483.05605,11072.66883,16185.75234,15638.52841,13047.42952,16185.75234,15619.54059,14365.34114,16185.75234,3503.60248,3479.155661,0.001001968,0.001005531,0.001008742,0.001011081,4386.863884,4386.863884,4386.863884,12967.1149,12967.1149,12967.1149,12967.1149,12967.1149
11/26/2011,3501.893884,3388.859076,3853.633467,4374.949923,4380.940735,3853.633467,9000.657527,10298.79503,10370.55275,9600.112487,9774.360916,10370.55275,10754.55082,11072.66883,10370.55275,13618.32598,13047.42952,10370.55275,1506.956058,1497.523659,0.001001968,0.001005531,0.001008742,0.001011081,4746.815636,4746.815636,4746.815636,14010.06625,14010.06625,14010.06625,14010.06625,14010.06625
11/27/2011,2972.896994,3518.642856,3235.058764,3382.073714,3388.859076,3235.058764,7121.355637,13682.14359,8108.170674,7336.39026,10298.79503,8108.170674,8128.860203,9774.360916,8108.170674,9663.471094,11072.66883,8108.170674,1134.75756,1127.928922,0.001001968,0.001005531,0.001008742,0.001011081,4977.471354,4977.471354,4977.471354,14706.76726,14706.76726,14706.76726,14706.76726,14706.76726
11/28/2011,3034.106274,3900.031012,3357.006998,3441.114076,3518.642856,3357.006998,7699.268558,13909.82415,8895.323574,7858.530785,13682.14359,8895.323574,8285.892353,10298.79503,8895.323574,8840.540995,9774.360916,8895.323574,1402.370864,1393.678976,0.001001968,0.001005531,0.001008742,0.001011081,5173.044944,5173.044944,5173.044944,15162.84408,15162.84408,15162.84408,15162.84408,15162.84408
11/29/2011,3215.515426,6109.556491,3573.677406,3581.324301,3900.031012,3573.677406,8158.173918,14072.62793,9438.518998,8261.30802,13909.82415,9438.518998,8562.929796,13682.14359,9438.518998,8519.165986,10298.79503,9438.518998,1521.359126,1511.824252,0.001001968,0.001005531,0.001008742,0.001011081,5382.373643,5382.373643,5382.373643,15471.23885,15471.23885,15471.23885,15471.23885,15471.23885
11/30/2011,6529.988771,8240.562804,7285.063428,6218.725425,6109.556491,7285.063428,13133.57256,13067.8481,15195.18791,12367.67162,14072.62793,15195.18791,11982.03125,13909.82415,15195.18791,9687.850329,13682.14359,15195.18791,2848.080993,2828.710469,0.001001968,0.001005531,0.001008742,0.001011081,5275.040023,5275.040023,5275.040023,14457.00114,14457.00114,14457.00114,14457.00114,14457.00114
12/1/2011,7851.69126,7912.583038,8870.673876,8364.830605,8240.562804,8870.673876,16355.9633,11332.02082,19273.67494,16158.58189,13067.8481,19273.67494,15832.29674,14072.62793,19273.67494,14553.72466,13909.82415,19273.67494,3983.45659,3955.226214,0.001001968,0.001005531,0.001008742,0.001011081,5274.846542,5274.846542,5274.846542,12799.13383,12799.13383,12799.13383,12799.13383,12799.13383
12/2/2011,6491.06744,5431.440464,7489.159962,7926.734603,7912.583038,7489.159962,12767.53992,9982.35116,15229.41384,13518.94357,11332.02082,15229.41384,14715.51096,13067.8481,15229.41384,14083.53172,14072.62793,15229.41384,4032.595471,4003.974761,0.001001968,0.001005531,0.001008742,0.001011081,5341.14936,5341.14936,5341.14936,12306.35588,12306.35588,12306.35588,12306.35588,12306.35588
12/3/2011,4266.938454,3883.927555,4796.417605,5435.202748,5431.440464,4796.417605,9606.153804,10897.49698,11215.04441,10394.60489,9982.35116,11215.04441,11448.59749,11332.02082,11215.04441,13934.97836,13067.8481,11215.04441,2221.959148,2207.316722,0.001001968,0.001005531,0.001008742,0.001011081,5453.437598,5453.437598,5453.437598,12258.88058,12258.88058,12258.88058,12258.88058,12258.88058
12/4/2011,3311.902738,3682.50969,3643.87535,3885.631501,3883.927555,3643.87535,7138.118269,17371.17308,8167.605489,7483.165703,10897.49698,8167.605489,8463.742796,9982.35116,8167.605489,10119.45551,11332.02082,8167.605489,1419.264663,1410.453597,0.001001968,0.001005531,0.001008742,0.001011081,5541.701514,5541.701514,5541.701514,12331.80589,12331.80589,12331.80589,12331.80589,12331.80589
12/5/2011,3203.449613,3581.218189,3558.757521,3673.931564,3682.50969,3558.757521,7476.143255,23586.46824,8639.563173,7689.564025,17371.17308,8639.563173,8261.044149,10897.49698,8639.563173,9055.26989,9982.35116,8639.563173,1528.672932,1519.085978,0.001001968,0.001005531,0.001008742,0.001011081,5589.693075,5589.693075,5589.693075,12398.98494,12398.98494,12398.98494,12398.98494,12398.98494
12/6/2011,3084.952005,5057.723032,3441.39239,3543.494295,3581.218189,3441.39239,7618.740727,21627.96166,8826.448897,7817.110392,23586.46824,8826.448897,8212.394866,17371.17308,8826.448897,8557.888961,10897.49698,8826.448897,1533.857974,1524.23408,0.001001968,0.001005531,0.001008742,0.001011081,5596.790448,5596.790448,5596.790448,12381.99775,12381.99775,12381.99775,12381.99775,12381.99775
12/7/2011,3386.465666,9638.360431,3792.917104,3788.189377,5057.723032,3792.917104,9897.970887,19201.03228,11515.49983,10001.73015,21627.96166,11515.49983,10270.77768,23586.46824,11515.49983,9806.002316,17371.17308,11515.49983,1713.176727,1702.266448,0.001001968,0.001005531,0.001008742,0.001011081,5382.666124,5382.666124,5382.666124,12342.02205,12342.02205,12342.02205,12342.02205,12342.02205
12/8/2011,9936.728331,11252.91393,11502.36486,10139.26529,9638.360431,11502.36486,22872.93051,16566.79758,27378.91866,22094.42049,19201.03228,27378.91866,21959.26147,21627.96166,27378.91866,16361.87924,23586.46824,27378.91866,5449.081851,5409.011416,0.001001968,0.001005531,0.001008742,0.001011081,5610.789618,5610.789618,5610.789618,12980.82373,12980.82373,12980.82373,12980.82373,12980.82373
12/9/2011,11154.32646,11384.608,12798.14313,11701.00884,11252.91393,12798.14313,27065.48734,14319.45551,32527.652,26385.77725,16566.79758,32527.652,26188.83607,19201.03228,32527.652,25964.3959,21627.96166,32527.652,6124.046134,6078.403545,0.001001968,0.001005531,0.001008742,0.001011081,5904.713744,5904.713744,5904.713744,14512.08107,14512.08107,14512.08107,14512.08107,14512.08107
12/10/2011,9360.283226,7280.25916,11003.5575,11424.04153,11384.608,11003.5575,18255.84069,12187.95478,22188.93257,19185.51518,14319.45551,22188.93257,20667.06865,16566.79758,22188.93257,20032.9157,19201.03228,22188.93257,6382.721945,6334.926679,0.001001968,0.001005531,0.001008742,0.001011081,6674.159123,6674.159123,6674.159123,15704.39512,15704.39512,15704.39512,15704.39512,15704.39512
12/11/2011,5497.332571,4583.521054,6254.832379,7299.98125,7280.25916,6254.832379,12370.21694,10200.4078,14609.45151,13628.78247,12187.95478,14609.45151,14977.05554,14319.45551,14609.45151,18812.15923,16566.79758,14609.45151,3085.284615,3064.090658,0.001001968,0.001005531,0.001008742,0.001011081,7166.232335,7166.232335,7166.232335,16810.1233,16810.1233,16810.1233,16810.1233,16810.1233
12/12/2011,3867.543664,4336.63529,4249.62704,4596.577549,4583.521054,4249.62704,7844.753186,8946.529983,8958.493378,8321.832023,10200.4078,8958.493378,9793.697837,12187.95478,8958.493378,12308.91671,14319.45551,8958.493378,1593.643197,1583.592306,0.001001968,0.001005531,0.001008742,0.001011081,7421.495074,7421.495074,7421.495074,17602.57292,17602.57292,17602.57292,17602.57292,17602.57292
12/13/2011,3793.397296,4087.674504,4221.912109,4345.35973,4336.63529,4221.912109,8830.019744,8522.642531,10242.86785,9070.8745,8946.529983,10242.86785,9823.581002,10200.4078,10242.86785,11030.13652,12187.95478,10242.86785,1804.299141,1792.728935,0.001001968,0.001005531,0.001008742,0.001011081,7579.52777,7579.52777,7579.52777,18058.96551,18058.96551,18058.96551,18058.96551,18058.96551
12/14/2011,3633.433223,3873.819751,4050.50008,4093.467655,4087.674504,4050.50008,8864.446527,8642.377964,10310.68936,9011.778406,8522.642531,10310.68936,9507.51703,8946.529983,10310.68936,10188.19827,10200.4078,10310.68936,1770.382524,1759.058417,0.001001968,0.001005531,0.001008742,0.001011081,7656.344074,7656.344074,7656.344074,17986.50441,17986.50441,17986.50441,17986.50441,17986.50441
12/15/2011,3490.524763,3699.808406,3881.023056,3873.35647,3873.819751,3881.023056,7980.777591,8558.190605,9236.454358,8082.921127,8642.377964,9236.454358,8480.280752,8522.642531,9236.454358,8904.517604,8946.529983,9236.454358,1670.497301,1659.894709,0.001001968,0.001005531,0.001008742,0.001011081,6961.239227,6961.239227,6961.239227,16528.31938,16528.31938,16528.31938,16528.31938,16528.31938
12/16/2011,3395.362888,3736.564822,3744.426323,3702.931361,3699.808406,3744.426323,7417.741928,8162.8562,8502.100525,7485.647201,8558.190605,8502.100525,7740.516196,8642.377964,8502.100525,8013.642868,8522.642531,8502.100525,1494.837592,1485.491322,0.001001968,0.001005531,0.001008742,0.001011081,6015.136538,6015.136538,6015.136538,14057.30556,14057.30556,14057.30556,14057.30556,14057.30556
12/17/2011,3471.961264,3993.773354,3831.758931,3740.720436,3736.564822,3831.758931,7319.723926,8042.511848,8396.209136,7340.967589,8162.8562,8396.209136,7628.31596,8558.190605,8396.209136,7741.285927,8642.377964,8396.209136,1550.118757,1540.378919,0.001001968,0.001005531,0.001008742,0.001011081,4912.051846,4912.051846,4912.051846,12027.39631,12027.39631,12027.39631,12027.39631,12027.39631
12/18/2011,3498.109099,3578.650214,3915.514206,3994.354767,3993.773354,3915.514206,7471.499785,7694.470464,8675.59177,7676.117358,8042.511848,8675.59177,7995.474207,8162.8562,8675.59177,7962.650103,8558.190605,8675.59177,1801.640798,1790.089901,0.001001968,0.001005531,0.001008742,0.001011081,4329.185148,4329.185148,4329.185148,10447.11054,10447.11054,10447.11054,10447.11054,10447.11054
12/19/2011,3116.888935,3251.265122,3465.635305,3578.505596,3578.650214,3465.635305,7019.230942,9426.744962,8116.641464,7230.432521,7694.470464,8116.641464,7622.69718,8042.511848,8116.641464,8042.595583,8162.8562,8116.641464,1522.086123,1512.546074,0.001001968,0.001005531,0.001008742,0.001011081,4033.937889,4033.937889,4033.937889,9457.358201,9457.358201,9457.358201,9457.358201,9457.358201
12/20/2011,2882.851997,3327.387403,3186.679608,3243.467929,3251.265122,3186.679608,6342.334541,11190.09005,7290.548289,6488.809907,9426.744962,7290.548289,6862.703144,7694.470464,7290.548289,7287.759919,8042.511848,7290.548289,1336.036796,1327.81117,0.001001968,0.001005531,0.001008742,0.001011081,3833.645901,3833.645901,3833.645901,8863.286006,8863.286006,8863.286006,8863.286006,8863.286006
12/21/2011,2961.871475,4023.202378,3268.677364,3234.885584,3327.387403,3268.677364,6652.924064,11484.02468,7644.471966,6708.692651,11190.09005,7644.471966,6958.268356,9426.744962,7644.471966,7125.126105,7694.470464,7644.471966,1343.139105,1334.863688,0.001001968,0.001005531,0.001008742,0.001011081,3684.670518,3684.670518,3684.670518,8488.286247,8488.286247,8488.286247,8488.286247,8488.286247
12/22/2011,3913.884334,5714.693035,4284.730459,3871.52209,4023.202378,4284.730459,7790.856708,11527.27482,8877.675539,7510.044149,11484.02468,8877.675539,7430.956395,11190.09005,8877.675539,7075.696756,9426.744962,8877.675539,1528.087942,1518.505155,0.001001968,0.001005531,0.001008742,0.001011081,3618.673655,3618.673655,3618.673655,8249.494272,8249.494272,8249.494272,8249.494272,8249.494272
12/23/2011,6187.342086,7747.418935,6835.505278,5791.939146,5714.693035,6835.505278,11586.28902,11444.9291,13364.40048,10767.48376,11527.27482,13364.40048,10537.00881,11484.02468,13364.40048,9064.30277,11190.09005,13364.40048,2561.909295,2544.716088,0.001001968,0.001005531,0.001008742,0.001011081,3815.670447,3815.670447,3815.670447,8465.874614,8465.874614,8465.874614,8465.874614,8465.874614
12/24/2011,6939.287439,6621.902671,7890.968118,7814.051199,7747.418935,7890.968118,13065.52066,12530.7696,15464.74724,13288.40149,11444.9291,15464.74724,13249.89706,11527.27482,15464.74724,11617.94344,11484.02468,15464.74724,3831.304234,3804.279178,0.001001968,0.001005531,0.001008742,0.001011081,4276.984737,4276.984737,4276.984737,9023.984988,9023.984988,9023.984988,9023.984988,9023.984988
12/25/2011,5297.236597,4600.939988,6016.629198,6625.913938,6621.902671,6016.629198,10273.86301,15008.19253,12117.52649,11105.40842,12530.7696,12117.52649,11967.81051,11444.9291,12117.52649,12297.76177,11527.27482,12117.52649,2987.00108,2966.564603,0.001001968,0.001005531,0.001008742,0.001011081,4691.245826,4691.245826,4691.245826,9631.834222,9631.834222,9631.834222,9631.834222,9631.834222
12/26/2011,3826.567753,4383.533274,4223.072022,4601.837392,4600.939988,4223.072022,7451.421604,13018.34754,8564.188617,7955.655453,15008.19253,8564.188617,8989.598149,12530.7696,8564.188617,10733.27516,11444.9291,8564.188617,1699.995174,1689.180022,0.001001968,0.001005531,0.001008742,0.001011081,4921.873713,4921.873713,4921.873713,10120.48733,10120.48733,10120.48733,10120.48733,10120.48733
12/27/2011,3515.620244,5927.929211,3886.47,4055.178174,4383.533274,3886.47,7313.03983,12493.71741,8411.674168,7594.168541,13018.34754,8411.674168,8323.088222,15008.19253,8411.674168,9174.887337,12530.7696,8411.674168,1602.768992,1592.652753,0.001001968,0.001005531,0.001008742,0.001011081,5080.496445,5080.496445,5080.496445,10472.0637,10472.0637,10472.0637,10472.0637,10472.0637
12/28/2011,5795.142705,6231.811497,6520.44283,6015.178672,5927.929211,6520.44283,12637.73145,11691.43125,14774.41024,12386.97373,12493.71741,14774.41024,12548.4147,13018.34754,14774.41024,10989.37326,15008.19253,14774.41024,2820.589834,2801.429579,0.001001968,0.001005531,0.001008742,0.001011081,5417.860758,5417.860758,5417.860758,11104.45197,11104.45197,11104.45197,11104.45197,11104.45197
12/29/2011,6149.288849,6934.444923,6814.003829,6348.584636,6231.811497,6814.003829,15046.89835,10758.01471,17591.15287,14732.87921,11691.43125,17591.15287,14587.66952,12493.71741,17591.15287,15031.27633,13018.34754,17591.15287,2658.089635,2640.16754,0.001001968,0.001005531,0.001008742,0.001011081,5738.274022,5738.274022,5738.274022,12201.30917,12201.30917,12201.30917,12201.30917,12201.30917
12/30/2011,5828.352428,5249.092342,6664.098827,6935.447856,6934.444923,6664.098827,11245.3705,9777.869026,13322.28414,11781.84311,10758.01471,13322.28414,12541.57188,11691.43125,13322.28414,11588.1422,12493.71741,13322.28414,3422.550125,3398.737062,0.001001968,0.001005531,0.001008742,0.001011081,6011.153753,6011.153753,6011.153753,12668.88254,12668.88254,12668.88254,12668.88254,12668.88254
12/31/2011,4263.605887,4040.590535,4781.604389,5256.13927,5249.092342,4781.604389,9656.835573,8901.122051,11279.56251,10271.5342,9777.869026,11279.56251,11082.65711,10758.01471,11279.56251,12620.47679,11691.43125,11279.56251,2180.008001,2165.677409,0.001001968,0.001005531,0.001008742,0.001011081,5825.425353,5825.425353,5825.425353,12716.04408,12716.04408,12716.04408,12716.04408,12716.04408
1/1/2012,3514.851033,3971.860149,3875.426212,4045.897462,4040.590535,3875.426212,7328.97291,8343.550893,8412.134019,7610.982025,8901.122051,8412.134019,8446.790576,9777.869026,8412.134019,9682.388784,10758.01471,8412.134019,1546.004608,1536.294119,0.001001968,0.001005531,0.001008742,0.001011081,5500.203146,5500.203146,5500.203146,12476.16073,12476.16073,12476.16073,12476.16073,12476.16073
1/2/2012,3479.295918,3815.173491,3874.681829,3975.748308,3971.860149,3874.681829,7629.73016,7835.820393,8838.818924,7845.556929,8343.550893,8838.818924,8358.293455,8901.122051,8838.818924,8925.14526,9777.869026,8838.818924,1698.416233,1687.612469,0.001001968,0.001005531,0.001008742,0.001011081,5338.223298,5338.223298,5338.223298,12164.60039,12164.60039,12164.60039,12164.60039,12164.60039
1/3/2012,3384.663186,3717.861831,3778.423779,3818.931052,3815.173491,3778.423779,7588.716844,7516.615832,8820.05908,7737.678134,7835.820393,8820.05908,8184.117799,8343.550893,8820.05908,8587.012372,8901.122051,8820.05908,1701.507174,1690.681114,0.001001968,0.001005531,0.001008742,0.001011081,5262.836271,5262.836271,5262.836271,11942.4275,11942.4275,11942.4275,11942.4275,11942.4275
1/4/2012,3249.236753,3434.186844,3643.153597,3718.613322,3717.861831,3643.153597,7020.438387,7182.25493,8180.578572,7209.414261,7516.615832,8180.578572,7615.90433,7835.820393,8180.578572,7949.040739,8343.550893,8180.578572,1711.086798,1700.191607,0.001001968,0.001005531,0.001008742,0.001011081,5006.176316,5006.176316,5006.176316,11394.31481,11394.31481,11394.31481,11394.31481,11394.31481
1/5/2012,3000.834273,3227.424582,3355.242577,3434.241711,3434.186844,3355.242577,6593.095925,6937.730025,7656.364458,6774.170824,7182.25493,7656.364458,7166.00972,7516.615832,7656.364458,7502.161586,7835.820393,7656.364458,1552.243579,1542.488579,0.001001968,0.001005531,0.001008742,0.001011081,4690.486657,4690.486657,4690.486657,10326.54187,10326.54187,10326.54187,10326.54187,10326.54187
1/6/2012,2848.903358,3119.061024,3180.761491,3227.096364,3227.424582,3180.761491,6202.269516,6763.488034,7189.128006,6345.773053,6937.730025,7189.128006,6714.030062,7182.25493,7189.128006,7033.563639,7516.615832,7189.128006,1462.030088,1452.916569,0.001001968,0.001005531,0.001008742,0.001011081,4169.889784,4169.889784,4169.889784,9484.112414,9484.112414,9484.112414,9484.112414,9484.112414
1/7/2012,2757.379765,3023.901933,3079.995879,3118.454874,3119.061024,3079.995879,6044.238006,6542.007443,7006.082326,6176.814551,6763.488034,7006.082326,6494.555275,6937.730025,7006.082326,6736.770502,7182.25493,7006.082326,1426.477474,1417.615472,0.001001968,0.001005531,0.001008742,0.001011081,3813.779986,3813.779986,3813.779986,8707.728627,8707.728627,8707.728627,8707.728627,8707.728627
1/8/2012,2681.016266,2939.567366,2996.204379,3023.091484,3023.901933,2996.204379,5895.362782,10261.27221,6831.078747,6014.663539,6542.007443,6831.078747,6322.564525,6763.488034,6831.078747,6494.968761,6937.730025,6831.078747,1398.758755,1390.092327,0.001001968,0.001005531,0.001008742,0.001011081,3596.646981,3596.646981,3596.646981,8129.155098,8129.155098,8129.155098,8129.155098,8129.155098
1/9/2012,2599.069419,2827.642608,2907.90496,2938.608915,2939.567366,2907.90496,5708.247925,11564.76842,6620.809585,5829.195909,10261.27221,6620.809585,6127.027313,6542.007443,6620.809585,6332.257147,6763.488034,6620.809585,1375.889391,1367.38397,0.001001968,0.001005531,0.001008742,0.001011081,3426.310466,3426.310466,3426.310466,7718.693737,7718.693737,7718.693737,7718.693737,7718.693737
1/10/2012,2497.413105,2796.57916,2794.141889,2826.579527,2827.642608,2794.141889,5527.352964,10068.64521,6409.75215,5645.869969,11564.76842,6409.75215,5936.522022,10261.27221,6409.75215,6136.997604,6542.007443,6409.75215,1328.179295,1320.008717,0.001001968,0.001005531,0.001008742,0.001011081,3271.632467,3271.632467,3271.632467,7391.62401,7391.62401,7391.62401,7391.62401,7391.62401
1/11/2012,2400.916747,4021.115303,2685.953078,2716.078496,2796.57916,2685.953078,5345.374975,10185.141,6196.321225,5457.896602,10068.64521,6196.321225,5739.187534,11564.76842,6196.321225,5934.311531,10261.27221,6196.321225,1281.780228,1273.933891,0.001001968,0.001005531,0.001008742,0.001011081,3122.653158,3122.653158,3122.653158,7109.335086,7109.335086,7109.335086,7109.335086,7109.335086
1/12/2012,3746.077216,5126.083071,4247.119159,3953.871458,4021.115303,4247.119159,10453.25421,10050.26704,12311.64376,10278.97101,10185.141,12311.64376,10311.40001,10068.64521,12311.64376,9204.127653,11564.76842,12311.64376,2108.352058,2094.552507,0.001001968,0.001005531,0.001008742,0.001011081,3133.117694,3133.117694,3133.117694,7460.107086,7460.107086,7460.107086,7460.107086,7460.107086
1/13/2012,4848.306833,4852.34951,5480.732478,5171.030845,5126.083071,5480.732478,12535.47389,9342.174284,14774.94935,12383.1194,10050.26704,14774.94935,12136.28339,10185.141,14774.94935,11431.01928,10068.64521,14774.94935,2567.440354,2550.205313,0.001001968,0.001005531,0.001008742,0.001011081,3297.058677,3297.058677,3297.058677,8146.362125,8146.362125,8146.362125,8146.362125,8146.362125
1/14/2012,4605.293504,5169.834635,5168.501699,4889.53383,4852.34951,5168.501699,9707.304714,9179.149177,11338.26259,9595.614608,9342.174284,11338.26259,10060.70754,10050.26704,11338.26259,9961.876093,10185.141,11338.26259,2358.041847,2342.383303,0.001001968,0.001005531,0.001008742,0.001011081,3543.193451,3543.193451,3543.193451,8700.698432,8700.698432,8700.698432,8700.698432,8700.698432
1/15/2012,4333.055107,3971.546161,4965.170812,5172.840342,5169.834635,4965.170812,8688.744636,8662.946058,10291.15524,9093.27794,9179.149177,10291.15524,9616.682863,9342.174284,10291.15524,9588.796843,10050.26704,10291.15524,2674.04816,2656.004837,0.001001968,0.001005531,0.001008742,0.001011081,3839.313332,3839.313332,3839.313332,9203.465489,9203.465489,9203.465489,9203.465489,9203.465489
1/16/2012,3312.862384,3425.099848,3720.272293,3970.797165,3971.546161,3720.272293,7387.697173,8100.564535,8623.837899,7750.437811,8662.946058,8623.837899,8355.122948,9179.149177,8623.837899,9473.84936,9342.174284,8623.837899,1774.589692,1763.235088,0.001001968,0.001005531,0.001008742,0.001011081,4019.994194,4019.994194,4019.994194,9632.607015,9632.607015,9632.607015,9632.607015,9632.607015
1/17/2012,2949.420099,3505.406321,3288.027805,3395.080112,3425.099848,3288.027805,6387.698109,7902.230457,7391.551791,6595.887254,8100.564535,7391.551791,7151.336976,8662.946058,7391.551791,7776.842376,9179.149177,7391.551791,1492.70664,1483.375508,0.001001968,0.001005531,0.001008742,0.001011081,4133.762324,4133.762324,4133.762324,9973.687419,9973.687419,9973.687419,9973.687419,9973.687419
1/18/2012,3177.818125,3506.453523,3546.61767,3505.684799,3505.406321,3546.61767,7372.654789,7615.607247,8565.161836,7434.622988,7902.230457,8565.161836,7726.476855,8100.564535,8565.161836,7958.595431,8662.946058,8565.161836,1593.068226,1583.021451,0.001001968,0.001005531,0.001008742,0.001011081,4240.692648,4240.692648,4240.692648,10297.5789,10297.5789,10297.5789,10297.5789,10297.5789
1/19/2012,3258.112332,3871.544571,3623.554451,3511.03017,3506.453523,3623.554451,7314.317588,7460.723743,8493.726408,7298.697178,7615.607247,8493.726408,7557.048846,7902.230457,8493.726408,7819.827179,8100.564535,8493.726408,1591.079838,1581.047295,0.001001968,0.001005531,0.001008742,0.001011081,4222.569065,4222.569065,4222.569065,9986.355974,9986.355974,9986.355974,9986.355974,9986.355974
1/20/2012,3391.125879,3508.810001,3839.740556,3870.529474,3871.544571,3839.740556,7017.996425,9605.222008,8237.938745,7183.062552,7460.723743,8237.938745,7539.16156,7615.607247,8237.938745,7290.010244,7902.230457,8237.938745,1949.715407,1937.084026,0.001001968,0.001005531,0.001008742,0.001011081,4132.941236,4132.941236,4132.941236,9352.181789,9352.181789,9352.181789,9352.181789,9352.181789
1/21/2012,3004.897991,3136.301268,3384.542541,3507.61689,3508.810001,3384.542541,6627.925034,10359.35155,7748.415004,6857.553641,9605.222008,7748.415004,7233.606892,7460.723743,7748.415004,7615.007262,7615.607247,7748.415004,1670.818715,1660.213808,0.001001968,0.001005531,0.001008742,0.001011081,3943.860794,3943.860794,3943.860794,8888.339579,8888.339579,8888.339579,8888.339579,8888.339579
1/22/2012,2737.382279,3053.841897,3066.209269,3135.068038,3136.301268,3066.209269,5836.410875,9319.033532,6782.412282,6002.557112,10359.35155,6782.412282,6423.218745,9605.222008,6782.412282,6811.296674,7460.723743,6782.412282,1462.530912,1453.413844,0.001001968,0.001005531,0.001008742,0.001011081,3677.480239,3677.480239,3677.480239,8459.371238,8459.371238,8459.371238,8459.371238,8459.371238
1/23/2012,2627.87051,3547.877113,2948.185296,2998.22645,3053.841897,2948.185296,5893.025253,9497.694738,6850.494948,6034.505196,9319.033532,6850.494948,6386.757428,10359.35155,6850.494948,6609.526298,9605.222008,6850.494948,1430.910238,1422.016917,0.001001968,0.001005531,0.001008742,0.001011081,3511.591025,3511.591025,3511.591025,8099.03344,8099.03344,8099.03344,8099.03344,8099.03344
1/24/2012,3139.498467,3203.291039,3574.63455,3547.082146,3547.877113,3574.63455,8748.504075,12700.84344,10310.67944,8825.175228,9497.694738,10310.67944,9086.64821,9319.033532,10310.67944,8574.913356,10359.35155,10310.67944,1870.590109,1858.537336,0.001001968,0.001005531,0.001008742,0.001011081,3484.740587,3484.740587,3484.740587,8193.692429,8193.692429,8193.692429,8193.692429,8193.692429
1/25/2012,3045.069543,4097.488389,3384.277882,3210.769043,3203.291039,3384.277882,9305.636004,13598.56165,10869.84937,9180.850522,12700.84344,10869.84937,9321.976541,9497.694738,10869.84937,9896.245354,9319.033532,10869.84937,1478.780992,1469.548713,0.001001968,0.001005531,0.001008742,0.001011081,3431.456218,3431.456218,3431.456218,8461.271171,8461.271171,8461.271171,8461.271171,8461.271171
1/26/2012,3559.759784,6284.443533,4023.86828,3849.421856,4097.488389,4023.86828,8228.46399,14762.06812,9653.188251,8179.700623,13598.56165,9653.188251,8422.574556,12700.84344,9653.188251,8024.048431,9497.694738,9653.188251,2008.073246,1995.013361,0.001001968,0.001005531,0.001008742,0.001011081,3464.011025,3464.011025,3464.011025,8611.981979,8611.981979,8611.981979,8611.981979,8611.981979
1/27/2012,5830.970113,7008.004283,6672.352658,6277.14986,6284.443533,6672.352658,11558.16935,13845.64742,13661.8037,11474.08914,14762.06812,13661.8037,11295.1347,13598.56165,13661.8037,9159.290215,12700.84344,13661.8037,3297.396619,3274.558919,0.001001968,0.001005531,0.001008742,0.001011081,3685.233147,3685.233147,3685.233147,8935.991829,8935.991829,8935.991829,8935.991829,8935.991829
1/28/2012,7006.726539,8808.56809,7861.16502,7078.989084,7008.004283,7861.16502,14848.42686,12844.50289,17405.36023,14325.38311,13845.64742,17405.36023,14211.60537,14762.06812,17405.36023,13616.73482,13598.56165,17405.36023,3340.355726,3317.18368,0.001001968,0.001005531,0.001008742,0.001011081,4077.068257,4077.068257,4077.068257,9865.666019,9865.666019,9865.666019,9865.666019,9865.666019
1/29/2012,8123.474977,8351.537622,9369.950224,8836.991339,8808.56809,9369.950224,14317.67632,11970.95709,17144.93804,14198.03808,12844.50289,17144.93804,15061.24711,13845.64742,17144.93804,13171.423,14762.06812,17144.93804,4944.329622,4908.380065,0.001001968,0.001005531,0.001008742,0.001011081,4834.864949,4834.864949,4834.864949,10940.62075,10940.62075,10940.62075,10940.62075,10940.62075
1/30/2012,6636.700893,5641.169853,7680.68851,8362.526086,8351.537622,7680.68851,13097.66662,10496.84034,15713.63989,14097.88921,11970.95709,15713.63989,14685.11074,12844.50289,15713.63989,15543.25803,13845.64742,15713.63989,4217.027156,4186.93692,0.001001968,0.001005531,0.001008742,0.001011081,5544.88624,5544.88624,5544.88624,12094.2718,12094.2718,12094.2718,12094.2718,12094.2718
1/31/2012,4691.646379,4998.072173,5245.490772,5644.242243,5641.169853,5245.490772,8802.000316,9763.449832,10231.11966,9383.265964,10496.84034,10231.11966,10639.81916,11970.95709,10231.11966,12477.6435,12844.50289,10231.11966,2322.174049,2306.783992,0.001001968,0.001005531,0.001008742,0.001011081,5965.777882,5965.777882,5965.777882,12732.1564,12732.1564,12732.1564,12732.1564,12732.1564
2/1/2012,4430.837139,4916.655306,4937.985489,4997.590919,4998.072173,4937.985489,8240.517278,9430.226772,9549.787152,8468.195952,9763.449832,9549.787152,9345.999827,10496.84034,9549.787152,10481.20189,11970.95709,9549.787152,2142.656261,2128.602737,0.001001968,0.001005531,0.001008742,0.001011081,6294.779912,6294.779912,6294.779912,12967.21284,12967.21284,12967.21284,12967.21284,12967.21284
2/2/2012,4570.94167,5180.374107,5080.749955,4919.266694,4916.655306,5080.749955,9065.141611,9244.801602,10520.60491,9055.306102,9430.226772,10520.60491,9545.145803,9763.449832,10520.60491,10141.36243,10496.84034,10520.60491,2156.644156,2142.486937,0.001001968,0.001005531,0.001008742,0.001011081,6477.568015,6477.568015,6477.568015,13151.26122,13151.26122,13151.26122,13151.26122,13151.26122
2/3/2012,4579.679628,4796.79637,5132.294603,5183.213117,5180.374107,5132.294603,8645.119043,8790.614382,10085.38533,8869.772689,9244.801602,10085.38533,9239.357747,9430.226772,10085.38533,9306.324985,9763.449832,10085.38533,2340.946368,2325.41585,0.001001968,0.001005531,0.001008742,0.001011081,6433.159959,6433.159959,6433.159959,13098.72683,13098.72683,13098.72683,13098.72683,13098.72683
2/4/2012,4083.178206,4198.366372,4571.296001,4798.612081,4796.79637,4571.296001,7937.432322,8231.203268,9245.631099,8316.042939,8790.614382,9245.631099,8840.418445,9244.801602,9245.631099,9138.306484,9430.226772,9245.631099,2090.720575,2077.051376,0.001001968,0.001005531,0.001008742,0.001011081,6232.348112,6232.348112,6232.348112,12425.96628,12425.96628,12425.96628,12425.96628,12425.96628
2/5/2012,3651.311695,3963.776546,4062.6943,4199.583749,4198.366372,4062.6943,7188.708241,8062.080246,8327.863008,7452.175249,8231.203268,8327.863008,8067.617627,8790.614382,8327.863008,8634.883911,9244.801602,8327.863008,1783.724062,1772.303215,0.001001968,0.001005531,0.001008742,0.001011081,5644.374283,5644.374283,5644.374283,11609.95908,11609.95908,11609.95908,11609.95908,11609.95908
2/6/2012,3464.2125,3745.861441,3863.707385,3964.556543,3963.776546,3863.707385,6989.589466,7666.331301,8113.851712,7210.542064,8062.080246,8113.851712,7717.054962,8231.203268,8113.851712,8167.646658,8790.614382,8113.851712,1741.42287,1730.308458,0.001001968,0.001005531,0.001008742,0.001011081,5084.537024,5084.537024,5084.537024,10672.78741,10672.78741,10672.78741,10672.78741,10672.78741
2/7/2012,3283.710521,3556.66369,3665.54357,3746.315899,3745.861441,3665.54357,6819.203109,7471.296405,7922.478919,7011.461179,7666.331301,7922.478919,7458.990269,8062.080246,7922.478919,7825.665015,8231.203268,7922.478919,1674.063616,1663.435348,0.001001968,0.001005531,0.001008742,0.001011081,4720.209706,4720.209706,4720.209706,9840.464009,9840.464009,9840.464009,9840.464009,9840.464009
2/8/2012,3126.084104,3394.705966,3491.301951,3556.873118,3556.66369,3491.301951,6489.292573,7104.03104,7536.424656,6662.44154,7471.296405,7536.424656,7073.306095,7666.331301,7536.424656,7386.18957,8062.080246,7536.424656,1610.022316,1599.854106,0.001001968,0.001005531,0.001008742,0.001011081,4466.193092,4466.193092,4466.193092,9224.822447,9224.822447,9224.822447,9224.822447,9224.822447
2/9/2012,2983.422067,3239.249292,3333.833067,3394.730864,3394.705966,3333.833067,6434.725284,6737.482143,7479.363108,6594.592267,7104.03104,7479.363108,6968.82163,7471.296405,7479.363108,7247.268186,7666.331301,7479.363108,1552.673603,1542.915534,0.001001968,0.001005531,0.001008742,0.001011081,4250.091702,4250.091702,4250.091702,8815.099347,8815.099347,8815.099347,8815.099347,8815.099347
2/10/2012,2848.227228,3098.597533,3183.518703,3237.196949,3239.249292,3183.518703,6145.853667,6465.99811,7140.804258,6294.617627,6737.482143,7140.804258,6651.339862,7104.03104,7140.804258,6917.299762,7471.296405,7140.804258,1493.441456,1484.105104,0.001001968,0.001005531,0.001008742,0.001011081,3997.801557,3997.801557,3997.801557,8464.059072,8464.059072,8464.059072,8464.059072,8464.059072
2/11/2012,2729.950879,2971.023243,3051.126447,3098.671964,3098.597533,3051.126447,6020.652524,6367.821913,6995.060163,6157.150388,6465.99811,6995.060163,6485.808751,6737.482143,6995.060163,6730.937522,7104.03104,6995.060163,1436.846805,1427.911522,0.001001968,0.001005531,0.001008742,0.001011081,3748.418648,3748.418648,3748.418648,8116.829406,8116.829406,8116.829406,8116.829406,8116.829406
2/12/2012,2623.210261,2836.425219,2932.009323,2972.165172,2971.023243,2932.009323,5728.08088,6175.297956,6654.163927,5854.630378,6367.821913,6654.163927,6168.726899,6465.99811,6654.163927,6417.083865,6737.482143,6654.163927,1387.981994,1379.391477,0.001001968,0.001005531,0.001008742,0.001011081,3542.911787,3542.911787,3542.911787,7768.083476,7768.083476,7768.083476,7768.083476,7768.083476
2/13/2012,2500.116744,2730.180566,2795.379035,2836.138803,2836.425219,2795.379035,5451.892198,6577.279511,6326.041417,5576.82676,6175.297956,6326.041417,5887.147805,6367.821913,6326.041417,6077.604853,6465.99811,6326.041417,1335.126004,1326.906761,0.001001968,0.001005531,0.001008742,0.001011081,3366.088696,3366.088696,3366.088696,7452.51938,7452.51938,7452.51938,7452.51938,7452.51938
2/14/2012,2409.821951,2660.491712,2693.280326,2728.164735,2730.180566,2693.280326,5257.014595,6657.511461,6097.809346,5372.553606,6577.279511,6097.809346,5650.959549,6175.297956,6097.809346,5877.283096,6367.821913,6097.809346,1286.670537,1278.790093,0.001001968,0.001005531,0.001008742,0.001011081,3207.784834,3207.784834,3207.784834,7170.664271,7170.664271,7170.664271,7170.664271,7170.664271
2/15/2012,2359.326584,2569.951729,2636.796916,2660.474403,2660.491712,2636.796916,5240.302917,6052.499205,6076.675491,5341.96602,6657.511461,6076.675491,5599.934994,6577.279511,6076.675491,5738.169841,6175.297956,6076.675491,1262.169677,1254.459954,0.001001968,0.001005531,0.001008742,0.001011081,3068.389864,3068.389864,3068.389864,6935.110095,6935.110095,6935.110095,6935.110095,6935.110095
2/16/2012,2271.041159,2702.692764,2539.79363,2570.446898,2569.951729,2539.79363,5130.976185,5850.47357,5949.242995,5236.223649,6052.499205,5949.242995,5498.035135,6657.511461,5949.242995,5641.664929,6577.279511,5949.242995,1228.63055,1221.153868,0.001001968,0.001005531,0.001008742,0.001011081,2943.806302,2943.806302,2943.806302,6696.1824,6696.1824,6696.1824,6696.1824,6696.1824
2/17/2012,2405.182744,2741.202832,2705.626811,2702.196608,2702.692764,2705.626811,5710.818921,5619.465283,6657.868604,5788.632259,5850.47357,6657.868604,6021.615117,6052.499205,6657.868604,5962.201276,6657.511461,6657.868604,1361.689961,1353.284345,0.001001968,0.001005531,0.001008742,0.001011081,2853.67979,2853.67979,2853.67979,6565.169572,6565.169572,6565.169572,6565.169572,6565.169572
2/18/2012,2404.89671,2381.941861,2709.942719,2740.639763,2741.202832,2709.942719,5778.147847,5294.145969,6747.474709,5886.824839,5619.465283,6747.474709,6096.870288,5850.47357,6747.474709,6217.085246,6052.499205,6747.474709,1381.869429,1373.321937,0.001001968,0.001005531,0.001008742,0.001011081,2788.052601,2788.052601,2788.052601,6473.909255,6473.909255,6473.909255,6473.909255,6473.909255
2/19/2012,2110.009907,2309.032004,2362.796182,2381.503479,2381.941861,2362.796182,4857.564117,5060.830685,5632.329691,4945.615535,5294.145969,5632.329691,5283.619294,5619.465283,5632.329691,5562.986668,5850.47357,5632.329691,1167.546745,1160.492475,0.001001968,0.001005531,0.001008742,0.001011081,2713.214046,2713.214046,2713.214046,6355.02845,6355.02845,6355.02845,6355.02845,6355.02845
2/20/2012,2050.152233,2235.052969,2297.516614,2308.692428,2309.032004,2297.516614,4642.625425,5183.436618,5383.466276,4722.913252,5060.830685,5383.466276,4967.311844,5294.145969,5383.466276,5218.685823,5619.465283,5383.466276,1147.307382,1140.392479,0.001001968,0.001005531,0.001008742,0.001011081,2633.781497,2633.781497,2633.781497,6230.678401,6230.678401,6230.678401,6230.678401,6230.678401
2/21/2012,1984.100348,2165.102521,2221.399858,2234.603419,2235.052969,2221.399858,4534.843679,6647.663795,5258.082953,4612.697778,5183.436618,5258.082953,4827.236398,5060.830685,5258.082953,5013.983437,5294.145969,5258.082953,1105.882984,1099.252373,0.001001968,0.001005531,0.001008742,0.001011081,2559.454119,2559.454119,2559.454119,6098.728587,6098.728587,6098.728587,6098.728587,6098.728587
2/22/2012,1924.254942,2167.196174,2148.952529,2163.676377,2165.102521,2148.952529,4358.671753,6939.017456,5042.512293,4435.318415,6647.663795,5042.512293,4623.560472,5183.436618,5042.512293,4777.080396,5060.830685,5042.512293,1051.126194,1044.869337,0.001001968,0.001005531,0.001008742,0.001011081,2484.415299,2484.415299,2484.415299,5949.494055,5949.494055,5949.494055,5949.494055,5949.494055
2/23/2012,1949.823978,3343.301015,2167.980942,2124.859564,2167.196174,2167.980942,4306.332704,6899.513388,4963.814056,4324.540979,6939.017456,4963.814056,4503.234655,6647.663795,4963.814056,4592.232726,5183.436618,4963.814056,1022.28863,1016.227641,0.001001968,0.001005531,0.001008742,0.001011081,2414.378755,2414.378755,2414.378755,5795.619428,5795.619428,5795.619428,5795.619428,5795.619428
2/24/2012,3322.072819,4850.217392,3734.375138,3339.841641,3343.301015,3734.375138,5877.235907,6850.529326,6842.725093,5625.781776,6899.513388,6842.725093,5579.006666,6939.017456,6842.725093,4753.83854,6647.663795,6842.725093,1795.518314,1784.011874,0.001001968,0.001005531,0.001008742,0.001011081,2448.960269,2448.960269,2448.960269,5618.180635,5618.180635,5618.180635,5618.180635,5618.180635
2/25/2012,4254.154061,3487.08379,4890.83098,4863.581459,4850.217392,4890.83098,7984.891399,6152.977644,9504.705721,8162.455486,6850.529326,9504.705721,8077.299467,6899.513388,9504.705721,6873.648835,6939.017456,9504.705721,2689.288645,2671.129471,0.001001968,0.001005531,0.001008742,0.001011081,2665.993515,2665.993515,2665.993515,5692.177466,5692.177466,5692.177466,5692.177466,5692.177466
2/26/2012,2923.013625,2759.289055,3297.681052,3490.716128,3487.08379,3297.681052,6160.925178,6798.23019,7212.101797,6461.073149,6152.977644,7212.101797,7083.337826,6850.529326,7212.101797,7659.998627,6899.513388,7212.101797,1662.623454,1652.077526,0.001001968,0.001005531,0.001008742,0.001011081,2850.590436,2850.590436,2850.590436,5959.092818,5959.092818,5959.092818,5959.092818,5959.092818
2/27/2012,2406.894341,2594.409539,2687.273637,2758.876966,2759.289055,2687.273637,4542.533588,7220.493893,5247.397275,4705.916482,6798.23019,5247.397275,5279.223237,6152.977644,5247.397275,6057.421913,6850.529326,5247.397275,1278.432644,1270.609646,0.001001968,0.001005531,0.001008742,0.001011081,2956.170123,2956.170123,2956.170123,6165.326253,6165.326253,6165.326253,6165.326253,6165.326253
2/28/2012,2327.984267,2587.615602,2595.425569,2593.943799,2594.409539,2595.425569,4849.621326,6968.014525,5609.405856,4925.814961,7220.493893,5609.405856,5248.349098,6798.23019,5609.405856,5708.437964,6152.977644,5609.405856,1227.147688,1219.681292,0.001001968,0.001005531,0.001008742,0.001011081,3019.04103,3019.04103,3019.04103,6277.704739,6277.704739,6277.704739,6277.704739,6277.704739
2/29/2012,2334.907671,2967.289341,2603.419167,2583.683284,2587.615602,2603.419167,4890.219588,6971.089115,5656.772097,4947.73581,6968.014525,5656.772097,5174.524184,7220.493893,5656.772097,5335.043606,6798.23019,5656.772097,1233.78235,1226.269922,0.001001968,0.001005531,0.001008742,0.001011081,3079.176463,3079.176463,3079.176463,6353.241214,6353.241214,6353.241214,6353.241214,6353.241214
3/1/2012,2649.196986,3269.541192,2986.725971,2963.286435,2967.289341,2986.725971,6173.327132,6450.959504,7216.095652,6239.457128,6971.089115,7216.095652,6407.467877,6968.014525,7216.095652,6120.637645,7220.493893,7216.095652,1517.228833,1507.723358,0.001001968,0.001005531,0.001008742,0.001011081,3184.435288,3184.435288,3184.435288,6598.391652,6598.391652,6598.391652,6598.391652,6598.391652
3/2/2012,2826.496445,3495.086794,3208.462012,3250.566689,3269.541192,3208.462012,6742.557251,6610.962902,7926.619474,6881.897659,6450.959504,7926.619474,7071.787238,6971.089115,7926.619474,6902.686551,6968.014525,7926.619474,1700.299505,1689.482157,0.001001968,0.001005531,0.001008742,0.001011081,3213.864521,3213.864521,3213.864521,6901.519188,6901.519188,6901.519188,6901.519188,6901.519188
3/3/2012,3241.767825,3672.37357,3654.108426,3479.505583,3495.086794,3654.108426,6715.895776,6519.886259,7837.998133,6669.806588,6610.962902,7837.998133,6874.591345,6450.959504,7837.998133,6652.546948,6971.089115,7837.998133,1787.249817,1775.80339,0.001001968,0.001005531,0.001008742,0.001011081,3088.129115,3088.129115,3088.129115,6922.58038,6922.58038,6922.58038,6922.58038,6922.58038
3/4/2012,3395.868409,3500.856737,3807.459712,3673.547404,3672.37357,3807.459712,6635.859593,6086.301931,7708.151947,6632.360917,6519.886259,7708.151947,6788.120097,6610.962902,7708.151947,6735.36152,6450.959504,7708.151947,1791.612626,1780.134538,0.001001968,0.001005531,0.001008742,0.001011081,3043.017844,3043.017844,3043.017844,6839.369754,6839.369754,6839.369754,6839.369754,6839.369754
3/5/2012,3187.178896,3501.600494,3562.781377,3502.562133,3500.856737,3562.781377,5673.000747,4902.764509,6561.368733,5739.824414,6086.301931,6561.368733,6095.225868,6519.886259,6561.368733,6178.594757,6610.962902,6561.368733,1662.644787,1652.098704,0.001001968,0.001005531,0.001008742,0.001011081,3105.688106,3105.688106,3105.688106,6781.743674,6781.743674,6781.743674,6781.743674,6781.743674
3/6/2012,3047.515635,3117.600555,3422.887089,3501.960805,3501.600494,3422.887089,5493.804419,5042.337546,6387.513579,5696.831172,4902.764509,6387.513579,6017.66862,6086.301931,6387.513579,6186.799723,6519.886259,6387.513579,1669.649407,1659.052918,0.001001968,0.001005531,0.001008742,0.001011081,3219.883695,3219.883695,3219.883695,6844.004794,6844.004794,6844.004794,6844.004794,6844.004794
3/7/2012,2734.469522,3135.710936,3044.626302,3110.037964,3117.600555,3044.626302,5125.634994,6535.969409,5918.29785,5289.544303,5042.337546,5918.29785,5662.805389,4902.764509,5918.29785,6022.759268,6086.301931,5918.29785,1400.604915,1391.925475,0.001001968,0.001005531,0.001008742,0.001011081,3309.883746,3309.883746,3309.883746,6939.574286,6939.574286,6939.574286,6939.574286,6939.574286
3/8/2012,2643.460305,2755.413557,2919.886788,2873.719789,3135.710936,2919.886788,4769.190245,6846.198671,5464.020168,4813.532121,6535.969409,5464.020168,5141.166886,5042.337546,5464.020168,5452.393564,4902.764509,5464.020168,1259.379215,1251.68891,0.001001968,0.001005531,0.001008742,0.001011081,3324.50594,3324.50594,3324.50594,6825.121519,6825.121519,6825.121519,6825.121519,6825.121519
3/9/2012,3027.265573,3838.167851,3226.360283,2823.724049,2755.413557,3226.360283,4573.042379,6786.226975,5019.594622,4262.272882,6846.198671,5019.594622,4274.661141,6535.969409,5019.594622,4470.119098,5042.337546,5019.594622,816.3216525,811.6381626,0.001001968,0.001005531,0.001008742,0.001011081,3259.615987,3259.615987,3259.615987,6493.101582,6493.101582,6493.101582,6493.101582,6493.101582
3/10/2012,3873.116322,4735.374565,4246.370924,3916.848264,3838.167851,4246.370924,5630.101327,6504.481452,6380.877957,5447.387654,6786.226975,6380.877957,5400.611899,6846.198671,6380.877957,4623.580498,6535.969409,6380.877957,1608.287566,1598.131789,0.001001968,0.001005531,0.001008742,0.001011081,3286.836173,3286.836173,3286.836173,6216.355326,6216.355326,6216.355326,6216.355326,6216.355326
3/11/2012,3972.323623,3491.98584,4511.710993,4745.443814,4735.374565,4511.710993,7005.06175,5931.954972,8251.733997,7413.368422,6504.481452,8251.733997,7687.092186,6786.226975,8251.733997,6802.335373,6846.198671,8251.733997,2328.632677,2313.194309,0.001001968,0.001005531,0.001008742,0.001011081,3437.357091,3437.357091,3437.357091,6139.796191,6139.796191,6139.796191,6139.796191,6139.796191
3/12/2012,2928.533905,2927.964406,3236.524261,3496.061464,3491.98584,3236.524261,5607.717616,5538.573592,6453.007945,5959.262727,5931.954972,6453.007945,6486.782021,6504.481452,6453.007945,7358.447003,6786.226975,6453.007945,1382.247221,1373.697071,0.001001968,0.001005531,0.001008742,0.001011081,3472.289401,3472.289401,3472.289401,6211.505353,6211.505353,6211.505353,6211.505353,6211.505353
3/13/2012,2642.323384,2957.087601,2887.385897,2931.653835,2927.964406,2887.385897,4461.026843,5305.157577,5057.440199,4589.770514,5538.573592,5057.440199,5082.881916,5931.954972,5057.440199,5706.84791,6504.481452,5057.440199,1117.217185,1110.508917,0.001001968,0.001005531,0.001008742,0.001011081,3432.092455,3432.092455,3432.092455,6213.759038,6213.759038,6213.759038,6213.759038,6213.759038
3/14/2012,2639.882019,2820.072402,2908.524267,2960.533025,2957.087601,2908.524267,4904.316515,5139.873785,5616.048596,5040.195554,5305.157577,5616.048596,5327.435068,5538.573592,5616.048596,5557.820694,5931.954972,5616.048596,1224.220671,1216.774573,0.001001968,0.001005531,0.001008742,0.001011081,3404.070619,3404.070619,3404.070619,6146.895092,6146.895092,6146.895092,6146.895092,6146.895092
3/15/2012,2498.880924,2659.309577,2754.030689,2822.856353,2820.072402,2754.030689,4742.116401,4961.677402,5436.411287,4888.200853,5139.873785,5436.411287,5167.598078,5305.157577,5436.411287,5389.301343,5538.573592,5436.411287,1170.412478,1163.33845,0.001001968,0.001005531,0.001008742,0.001011081,3393.636908,3393.636908,3393.636908,6089.580868,6089.580868,6089.580868,6089.580868,6089.580868
3/16/2012,2365.6839,2551.330323,2604.895883,2659.620272,2659.309577,2604.895883,4440.459782,4638.310265,5079.086254,4569.521233,4961.677402,5079.086254,4853.231227,5139.873785,5079.086254,5042.068495,5305.157577,5079.086254,1105.158209,1098.532561,0.001001968,0.001005531,0.001008742,0.001011081,3401.678925,3401.678925,3401.678925,6131.596906,6131.596906,6131.596906,6131.596906,6131.596906
3/17/2012,2315.01568,2540.940716,2546.148388,2553.485662,2551.330323,2546.148388,4334.339029,4614.692492,4951.647133,4413.568954,4638.310265,4951.647133,4668.818837,4961.677402,4951.647133,4847.213042,5139.873785,4951.647133,1072.249492,1065.848735,0.001001968,0.001005531,0.001008742,0.001011081,3269.362151,3269.362151,3269.362151,6101.686577,6101.686577,6101.686577,6101.686577,6101.686577
3/18/2012,2250.13851,2374.154037,2484.532899,2543.869196,2540.940716,2484.532899,4237.530543,4655.472342,4855.618645,4369.87456,4614.692492,4855.618645,4581.555717,4638.310265,4855.618645,4694.78949,4961.677402,4855.618645,1089.634183,1083.114727,0.001001968,0.001005531,0.001008742,0.001011081,2985.509086,2985.509086,2985.509086,5838.171955,5838.171955,5838.171955,5838.171955,5838.171955
3/19/2012,2084.066354,2238.640977,2296.071342,2355.842511,2374.154037,2296.071342,4034.980156,4534.226349,4614.882372,4159.082693,4655.472342,4614.882372,4415.755536,4614.692492,4614.882372,4588.883708,4638.310265,4614.882372,995.4872876,989.6077151,0.001001968,0.001005531,0.001008742,0.001011081,2794.358616,2794.358616,2794.358616,5497.215071,5497.215071,5497.215071,5497.215071,5497.215071
3/20/2012,1993.041897,2203.996826,2186.840329,2242.376085,2238.640977,2186.840329,3732.269798,4321.197568,4246.434388,3850.516815,4534.226349,4246.434388,4044.075912,4655.472342,4246.434388,4247.661557,4614.692492,4246.434388,906.3445687,901.0638783,0.001001968,0.001005531,0.001008742,0.001011081,2660.037309,2660.037309,2660.037309,5199.51657,5199.51657,5199.51657,5199.51657,5199.51657
3/21/2012,2040.688116,2236.052956,2243.311675,2219.955178,2203.996826,2243.311675,3856.764512,4196.178988,4399.678252,3896.855645,4321.197568,4399.678252,4119.642529,4534.226349,4399.678252,4169.703424,4655.472342,4399.678252,951.2636387,945.6820613,0.001001968,0.001005531,0.001008742,0.001011081,2552.697584,2552.697584,2552.697584,4997.012379,4997.012379,4997.012379,4997.012379,4997.012379
3/22/2012,1967.515427,2014.118768,2184.428105,2237.675125,2236.052956,2184.428105,3945.999739,4041.066063,4541.506451,4063.291681,4196.178988,4541.506451,4273.45536,4321.197568,4541.506451,4331.534175,4534.226349,4541.506451,1023.878898,1017.807126,0.001001968,0.001005531,0.001008742,0.001011081,2463.198938,2463.198938,2463.198938,4851.683894,4851.683894,4851.683894,4851.683894,4851.683894
3/23/2012,1777.485326,1894.005077,1961.489941,2014.849276,2014.118768,1961.489941,3667.985406,3877.357965,4200.236845,3773.875721,4041.066063,4200.236845,3992.592198,4196.178988,4200.236845,4225.902179,4321.197568,4200.236845,881.0438418,875.9317973,0.001001968,0.001005531,0.001008742,0.001011081,2368.668647,2368.668647,2368.668647,4716.476008,4716.476008,4716.476008,4716.476008,4716.476008
3/24/2012,1689.09276,1834.80651,1861.645069,1894.615882,1894.005077,1861.645069,3409.426474,3763.907997,3894.794211,3493.536031,3877.357965,3894.794211,3697.632146,4041.066063,3894.794211,3868.565098,4196.178988,3894.794211,831.783911,826.9984236,0.001001968,0.001005531,0.001008742,0.001011081,2274.129415,2274.129415,2274.129415,4582.187007,4582.187007,4582.187007,4582.187007,4582.187007
3/25/2012,1641.219603,1779.395934,1810.535804,1835.450169,1834.80651,1810.535804,3408.379116,3650.083597,3899.26902,3481.649648,3763.907997,3899.26902,3656.964463,3877.357965,3899.26902,3790.218448,4041.066063,3899.26902,818.9120003,814.2114403,0.001001968,0.001005531,0.001008742,0.001011081,2175.908356,2175.908356,2175.908356,4450.098773,4450.098773,4450.098773,4450.098773,4450.098773
3/26/2012,1589.375448,1705.832065,1754.465352,1780.04604,1779.395934,1754.465352,3328.065059,3595.707602,3809.42979,3400.314104,3650.083597,3809.42979,3563.695609,3763.907997,3809.42979,3677.985395,3877.357965,3809.42979,801.5345549,796.9483755,0.001001968,0.001005531,0.001008742,0.001011081,2086.110755,2086.110755,2086.110755,4315.864496,4315.864496,4315.864496,4315.864496,4315.864496
3/27/2012,1523.76659,1650.121474,1682.075597,1706.407192,1705.832065,1682.075597,3189.793249,3963.015325,3650.760813,3258.836624,3595.707602,3650.760813,3424.114973,3650.083597,3650.760813,3544.380673,3763.907997,3650.760813,772.9271178,768.5285338,0.001001968,0.001005531,0.001008742,0.001011081,2009.743599,2009.743599,2009.743599,4206.879693,4206.879693,4206.879693,4206.879693,4206.879693
3/28/2012,1468.838172,1617.317148,1621.611926,1643.942431,1650.121474,1621.611926,3098.175886,4249.811144,3545.544713,3163.358973,3963.015325,3545.544713,3318.218142,3595.707602,3545.544713,3429.613652,3650.083597,3545.544713,749.4695058,745.2240749,0.001001968,0.001005531,0.001008742,0.001011081,1923.833001,1923.833001,1923.833001,4088.839457,4088.839457,4088.839457,4088.839457,4088.839457
3/29/2012,1464.527569,1621.812804,1616.120435,1618.844701,1617.317148,1616.120435,3067.965391,4135.200994,3508.984576,3113.755732,4249.811144,3508.984576,3254.398504,3963.015325,3508.984576,3328.977346,3595.707602,3508.984576,743.0610661,738.8573675,0.001001968,0.001005531,0.001008742,0.001011081,1833.488742,1833.488742,1833.488742,3953.05489,3953.05489,3953.05489,3953.05489,3953.05489
3/30/2012,1425.037653,1658.877978,1575.598414,1605.49052,1621.812804,1575.598414,3043.289937,4169.875224,3485.85613,3115.196137,4135.200994,3485.85613,3238.233136,4249.811144,3485.85613,3306.983441,3963.015325,3485.85613,739.834409,735.6517049,0.001001968,0.001005531,0.001008742,0.001011081,1765.134712,1765.134712,1765.134712,3829.028151,3829.028151,3829.028151,3829.028151,3829.028151
3/31/2012,1551.936336,1845.957597,1712.148111,1660.352408,1658.877978,1712.148111,3585.066206,3855.687976,4107.353061,3574.509996,4169.875224,4107.353061,3688.081937,4135.200994,4107.353061,3618.565392,4249.811144,4107.353061,775.5881882,771.1721915,0.001001968,0.001005531,0.001008742,0.001011081,1721.316993,1721.316993,1721.316993,3800.159081,3800.159081,3800.159081,3800.159081,3800.159081
4/1/2012,1612.478251,1738.374867,1794.912635,1850.208665,1845.957597,1794.912635,3889.638836,3660.920607,4490.271149,3989.015819,3855.687976,4490.271149,4027.601041,4169.875224,4490.271149,3989.967563,4135.200994,4490.271149,874.8833471,869.8122733,0.001001968,0.001005531,0.001008742,0.001011081,1703.823987,1703.823987,1703.823987,3840.051253,3840.051253,3840.051253,3840.051253,3840.051253
4/2/2012,1617.279644,1791.603897,1781.248222,1743.806182,1738.374867,1781.248222,3799.506089,3462.934563,4344.004436,3806.501697,3660.920607,4344.004436,3933.12823,3855.687976,4344.004436,3895.963528,4169.875224,4344.004436,781.3157073,776.8622065,0.001001968,0.001005531,0.001008742,0.001011081,1694.546043,1694.546043,1694.546043,3894.251696,3894.251696,3894.251696,3894.251696,3894.251696
4/3/2012,1632.721792,1523.086864,1802.716202,1801.236272,1791.603897,1802.716202,3686.90273,3195.819381,4223.953348,3730.075651,3462.934563,4223.953348,3823.9194,3660.920607,4223.953348,3928.361952,3855.687976,4223.953348,815.440356,810.7626722,0.001001968,0.001005531,0.001008742,0.001011081,1697.705186,1697.705186,1697.705186,3965.785599,3965.785599,3965.785599,3965.785599,3965.785599
4/4/2012,1328.865408,1347.526081,1465.668927,1523.848245,1523.086864,1465.668927,3022.584377,3033.524788,3452.256601,3116.74702,3195.819381,3452.256601,3348.024753,3462.934563,3452.256601,3538.452344,3660.920607,3452.256601,679.0732767,675.2836198,0.001001968,0.001005531,0.001008742,0.001011081,1693.707045,1693.707045,1693.707045,3985.492914,3985.492914,3985.492914,3985.492914,3985.492914
4/5/2012,1198.933003,1287.821152,1315.88485,1347.827791,1347.526081,1315.88485,2762.489926,2929.159216,3143.762613,2824.124403,3033.524788,3143.762613,2993.585516,3195.819381,3143.762613,3273.496935,3462.934563,3143.762613,589.8718352,586.6506689,0.001001968,0.001005531,0.001008742,0.001011081,1663.687087,1663.687087,1663.687087,3974.45678,3974.45678,3974.45678,3974.45678,3974.45678
4/6/2012,1156.058332,1248.088699,1269.664429,1288.142499,1287.821152,1269.664429,2667.251521,2847.560244,3036.915957,2714.4256,2929.159216,3036.915957,2841.308307,3033.524788,3036.915957,2990.260109,3195.819381,3036.915957,575.913623,572.780415,0.001001968,0.001005531,0.001008742,0.001011081,1623.611785,1623.611785,1623.611785,3927.304969,3927.304969,3927.304969,3927.304969,3927.304969
4/7/2012,1121.316883,1205.953759,1232.611548,1248.424915,1248.088699,1232.611548,2602.922799,2776.368719,2966.032111,2646.515047,2847.560244,2966.032111,2756.321864,2929.159216,2966.032111,2856.476316,3033.524788,2966.032111,566.5603167,563.4858881,0.001001968,0.001005531,0.001008742,0.001011081,1569.411946,1569.411946,1569.411946,3790.994286,3790.994286,3790.994286,3790.994286,3790.994286
4/8/2012,1083.803041,1163.109355,1191.561251,1206.301089,1205.953759,1191.561251,2517.591464,2710.258415,2868.703283,2559.181095,2776.368719,2868.703283,2663.003657,2847.560244,2868.703283,2750.037921,2929.159216,2868.703283,551.273759,548.2951121,0.001001968,0.001005531,0.001008742,0.001011081,1494.297096,1494.297096,1494.297096,3594.341664,3594.341664,3594.341664,3594.341664,3594.341664
4/9/2012,1044.387088,1122.068472,1148.117911,1163.466221,1163.109355,1148.117911,2438.196746,2654.35128,2778.050637,2479.490563,2710.258415,2778.050637,2577.975042,2776.368719,2778.050637,2663.658519,2847.560244,2778.050637,533.4993562,530.6316242,0.001001968,0.001005531,0.001008742,0.001011081,1413.695995,1413.695995,1413.695995,3389.852435,3389.852435,3389.852435,3389.852435,3389.852435
4/10/2012,1010.664532,1093.179996,1110.779715,1122.433066,1122.068472,1110.779715,2380.797132,2602.228657,2711.439312,2417.17431,2654.35128,2711.439312,2512.720856,2710.258415,2711.439312,2586.728666,2776.368719,2711.439312,517.5188489,514.7504073,0.001001968,0.001005531,0.001008742,0.001011081,1324.321531,1324.321531,1324.321531,3177.561797,3177.561797,3177.561797,3177.561797,3177.561797
4/11/2012,984.6293661,1064.650673,1082.749781,1093.324137,1093.179996,1082.749781,2346.7963,2565.437582,2672.283617,2381.465071,2602.228657,2672.283617,2471.274846,2654.35128,2672.283617,2528.8746,2710.258415,2672.283617,509.1240923,506.4076415,0.001001968,0.001005531,0.001008742,0.001011081,1247.09693,1247.09693,1247.09693,3024.749879,3024.749879,3024.749879,3024.749879,3024.749879
4/12/2012,968.739536,1057.665876,1063.724215,1065.050431,1064.650673,1063.724215,2316.281852,2516.753246,2634.022616,2340.744728,2565.437582,2634.022616,2421.434731,2602.228657,2634.022616,2482.091408,2654.35128,2634.022616,494.7962561,492.1682677,0.001001968,0.001005531,0.001008742,0.001011081,1196.431208,1196.431208,1196.431208,2908.037499,2908.037499,2908.037499,2908.037499,2908.037499
4/13/2012,945.0357567,987.8169877,1039.603727,1058.207225,1057.665876,1039.603727,2265.760996,2442.740673,2578.437286,2307.620394,2516.753246,2578.437286,2379.889446,2565.437582,2578.437286,2426.763784,2602.228657,2578.437286,493.5149691,490.8948745,0.001001968,0.001005531,0.001008742,0.001011081,1157.841605,1157.841605,1157.841605,2824.280085,2824.280085,2824.280085,2824.280085,2824.280085
4/14/2012,886.5756419,956.7473667,973.5479763,988.1151478,987.8169877,973.5479763,2188.219745,2395.913142,2487.112475,2223.048966,2442.740673,2487.112475,2317.681172,2516.753246,2487.112475,2390.615396,2565.437582,2487.112475,458.5658648,456.1599667,0.001001968,0.001005531,0.001008742,0.001011081,1121.288207,1121.288207,1121.288207,2758.252353,2758.252353,2758.252353,2758.252353,2758.252353
4/15/2012,863.1816384,932.7444134,947.890249,957.1240585,956.7473667,947.890249,2151.71729,2371.161018,2444.862131,2180.508884,2395.913142,2444.862131,2259.450738,2442.740673,2444.862131,2329.835974,2516.753246,2444.862131,448.397917,446.0539175,0.001001968,0.001005531,0.001008742,0.001011081,1084.846682,1084.846682,1084.846682,2698.79976,2698.79976,2698.79976,2698.79976,2698.79976
4/16/2012,842.4481375,905.6430193,925.1120266,933.1694365,932.7444134,925.1120266,2128.597345,2294.753849,2418.431698,2155.284423,2371.161018,2418.431698,2226.122675,2395.913142,2418.431698,2283.384954,2442.740673,2418.431698,439.2167593,436.9284825,0.001001968,0.001005531,0.001008742,0.001011081,1050.482955,1050.482955,1050.482955,2642.92437,2642.92437,2642.92437,2642.92437,2642.92437
4/17/2012,814.4734059,874.788322,895.0706716,906.0111359,905.6430193,895.0706716,2068.502975,2238.778754,2350.638924,2097.50273,2294.753849,2350.638924,2170.335011,2371.161018,2350.638924,2227.166762,2395.913142,2350.638924,430.2163621,427.9825521,0.001001968,0.001005531,0.001008742,0.001011081,1018.575792,1018.575792,1018.575792,2588.201158,2588.201158,2588.201158,2588.201158,2588.201158
4/18/2012,787.0982115,844.8757576,864.8701645,875.1453733,874.788322,864.8701645,2022.527442,2409.457845,2298.173555,2049.795848,2238.778754,2298.173555,2119.953074,2294.753849,2298.173555,2182.193672,2371.161018,2298.173555,417.2279095,415.0724167,0.001001968,0.001005531,0.001008742,0.001011081,987.0004108,987.0004108,987.0004108,2533.986281,2533.986281,2533.986281,2533.986281,2533.986281
4/19/2012,760.9987601,818.23528,835.9111289,845.229,844.8757576,835.9111289,2000.874546,4841.799753,2273.67514,2025.779544,2409.457845,2273.67514,2091.796715,2238.778754,2273.67514,2150.266373,2294.753849,2273.67514,403.9604148,401.8845659,0.001001968,0.001005531,0.001008742,0.001011081,955.9488742,955.9488742,955.9488742,2484.591682,2484.591682,2484.591682,2484.591682,2484.591682
4/20/2012,737.6065152,796.7744209,810.0938818,818.5849558,818.23528,810.0938818,1942.624433,6421.600386,2205.878523,1966.225256,4841.799753,2205.878523,2029.482641,2409.457845,2205.878523,2084.062416,2238.778754,2205.878523,392.7426261,390.7338275,0.001001968,0.001005531,0.001008742,0.001011081,923.1314791,923.1314791,923.1314791,2432.530967,2432.530967,2432.530967,2432.530967,2432.530967
4/21/2012,715.4355939,896.8159194,785.6630317,793.7380342,796.7744209,785.6630317,1919.988209,5660.486075,2179.215296,1943.317711,6421.600386,2179.215296,2005.635699,4841.799753,2179.215296,2034.31922,2409.457845,2179.215296,382.2676868,380.321252,0.001001968,0.001005531,0.001008742,0.001011081,892.4472476,892.4472476,892.4472476,2379.621222,2379.621222,2379.621222,2379.621222,2379.621222
4/22/2012,747.2083194,2519.71621,828.431464,867.5713932,896.8159194,828.431464,2236.671657,5842.490682,2553.31406,2295.698286,5660.486075,2553.31406,2336.713471,6421.600386,2553.31406,2203.43782,4841.799753,2553.31406,433.1138583,430.8625312,0.001001968,0.001005531,0.001008742,0.001011081,873.9285426,873.9285426,873.9285426,2369.367081,2369.367081,2369.367081,2369.367081,2369.367081
4/23/2012,2381.152297,2114.96631,2696.13336,2521.904167,2519.71621,2696.13336,6700.105095,4855.057849,7763.635301,6632.488178,5842.490682,7763.635301,6142.487095,5660.486075,7763.635301,4418.240467,6421.600386,7763.635301,1329.755588,1321.57397,0.001001968,0.001005531,0.001008742,0.001011081,996.6979508,996.6979508,996.6979508,2823.07149,2823.07149,2823.07149,2823.07149,2823.07149
4/24/2012,2761.78363,3768.913278,2943.186547,2133.772479,2114.96631,2943.186547,7983.907935,4422.29404,9059.65196,7183.295291,4855.057849,9059.65196,7091.661665,5842.490682,9059.65196,7332.94415,5660.486075,9059.65196,798.3433882,793.7781788,0.001001968,0.001005531,0.001008742,0.001011081,1148.930189,1148.930189,1148.930189,3596.406611,3596.406611,3596.406611,3596.406611,3596.406611
4/25/2012,3188.936312,2225.195436,3686.17384,3776.193652,3768.913278,3686.17384,5862.232245,3792.425581,6948.050299,6117.941022,4422.29404,6948.050299,6310.524551,4855.057849,6948.050299,5098.812106,5842.490682,6948.050299,2204.719278,2190.205083,0.001001968,0.001005531,0.001008742,0.001011081,1524.388816,1524.388816,1524.388816,4144.158962,4144.158962,4144.158962,4144.158962,4144.158962
4/26/2012,1623.070983,1183.652204,1803.66303,2226.373151,2225.195436,1803.66303,4551.246568,3148.950327,5246.724181,5006.231576,3792.425581,5246.724181,5340.062609,4422.29404,5246.724181,6634.092645,4855.057849,5246.724181,882.5736626,877.4514383,0.001001968,0.001005531,0.001008742,0.001011081,1749.874607,1749.874607,1749.874607,4642.991846,4642.991846,4642.991846,4642.991846,4642.991846
4/27/2012,996.4871259,1196.313364,1049.767613,1184.134669,1183.652204,1049.767613,2013.593664,3201.46391,2176.299859,2167.649976,3148.950327,2176.299859,2648.046516,3792.425581,2176.299859,3538.080455,4422.29404,2176.299859,284.8538968,283.4746873,0.001001968,0.001005531,0.001008742,0.001011081,1862.817823,1862.817823,1862.817823,4989.320357,4989.320357,4989.320357,4989.320357,4989.320357
4/28/2012,1052.260242,1083.78065,1135.597157,1197.363894,1196.313364,1135.597157,2669.098278,3204.427845,3002.725047,2748.322054,3201.46391,3002.725047,2941.849571,3148.950327,3002.725047,3314.698071,3792.425581,3002.725047,437.9001501,435.6198508,0.001001968,0.001005531,0.001008742,0.001011081,1938.407351,1938.407351,1938.407351,5195.252473,5195.252473,5195.252473,5195.252473,5195.252473
4/29/2012,959.3132113,994.412676,1038.596388,1084.002625,1083.78065,1038.596388,2755.498289,3734.395783,3114.607029,2811.370491,3204.427845,3114.607029,2952.354172,3201.46391,3114.607029,3185.822544,3148.950327,3114.607029,421.9820675,419.7979477,0.001001968,0.001005531,0.001008742,0.001011081,1985.793052,1985.793052,1985.793052,5291.636862,5291.636862,5291.636862,5291.636862,5291.636862
4/30/2012,879.7676751,1112.955232,951.6123759,986.2250737,994.412676,951.6123759,2397.617825,3988.547674,2699.931614,2444.35784,3734.395783,2699.931614,2551.164007,3204.427845,2699.931614,2738.161448,3201.46391,2699.931614,387.6225925,385.6443068,0.001001968,0.001005531,0.001008742,0.001011081,1877.523347,1877.523347,1877.523347,4893.331869,4893.331869,4893.331869,4893.331869,4893.331869
5/1/2012,1016.157228,1295.64925,1114.333934,1106.832277,1112.955232,1114.333934,2757.592273,4050.441166,3137.043512,2769.839434,3988.547674,3137.043512,2847.453719,3734.395783,3137.043512,2794.237064,3204.427845,3137.043512,511.1705897,508.4414753,0.001001968,0.001005531,0.001008742,0.001011081,1753.123252,1753.123252,1753.123252,4208.793278,4208.793278,4208.793278,4208.793278,4208.793278
5/2/2012,1156.421425,1587.479591,1280.678201,1276.393641,1295.64925,1280.678201,3031.330904,4165.647908,3469.309896,3054.775463,4050.441166,3469.309896,3097.902601,3988.547674,3469.309896,3010.845561,3734.395783,3469.309896,630.2280645,626.7510312,0.001001968,0.001005531,0.001008742,0.001011081,1426.273505,1426.273505,1426.273505,3778.409147,3778.409147,3778.409147,3778.409147,3778.409147
5/3/2012,1422.690411,2163.420224,1590.42677,1514.059615,1587.479591,1590.42677,3883.045981,3969.042168,4463.995137,3849.736624,4165.647908,4463.995137,3950.183891,4050.441166,4463.995137,3534.099543,3988.547674,4463.995137,820.5989749,815.8872942,0.001001968,0.001005531,0.001008742,0.001011081,1290.18988,1290.18988,1290.18988,3513.562154,3513.562154,3513.562154,3513.562154,3513.562154
5/4/2012,2362.291425,2721.456624,2611.823334,2208.204776,2163.420224,2611.823334,4814.107593,3739.019357,5511.392806,4489.467907,3969.042168,5511.392806,4363.566006,4165.647908,5511.392806,4080.313871,4050.441166,5511.392806,1125.076863,1118.314687,0.001001968,0.001005531,0.001008742,0.001011081,1329.886072,1329.886072,1329.886072,3458.069685,3458.069685,3458.069685,3458.069685,3458.069685
5/5/2012,2422.141746,1818.237184,2731.140436,2771.422348,2721.456624,2731.140436,4427.099933,3007.156091,5142.019711,4571.295522,3739.019357,5142.019711,4511.895395,3969.042168,5142.019711,4058.686691,4165.647908,5142.019711,1410.546427,1401.796885,0.001001968,0.001005531,0.001008742,0.001011081,1489.031233,1489.031233,1489.031233,3561.260834,3561.260834,3561.260834,3561.260834,3561.260834
5/6/2012,1380.593031,1023.613906,1531.592431,1820.248342,1818.237184,1531.592431,3231.916044,4233.308629,3697.510603,3560.657144,3007.156091,3697.510603,3914.986815,3739.019357,3697.510603,4388.733436,3969.042168,3697.510603,751.5719068,747.3127747,0.001001968,0.001005531,0.001008742,0.001011081,1613.598695,1613.598695,1613.598695,3774.619602,3774.619602,3774.619602,3774.619602,3774.619602
5/7/2012,858.3634051,1166.685387,909.0944244,1013.351812,1023.613906,909.0944244,2122.705168,5301.493075,2339.267859,2237.689726,4233.308629,2339.267859,2595.000566,3007.156091,2339.267859,3375.414204,3739.019357,2339.267859,276.9082545,275.5741712,0.001001968,0.001005531,0.001008742,0.001011081,1655.341428,1655.341428,1655.341428,3927.870482,3927.870482,3927.870482,3927.870482,3927.870482
5/8/2012,928.9604753,1810.937606,997.8831444,1007.645786,1166.685387,997.8831444,2481.945176,5337.680941,2762.843817,2508.624832,5301.493075,2762.843817,2660.237007,4233.308629,2762.843817,2786.51363,3007.156091,2762.843817,367.1787933,365.3217602,0.001001968,0.001005531,0.001008742,0.001011081,1654.767143,1654.767143,1654.767143,3960.406146,3960.406146,3960.406146,3960.406146,3960.406146
5/9/2012,2098.250961,3573.783748,2232.085254,1740.142177,1810.937606,2232.085254,4152.47461,4847.39954,4544.973726,3731.481179,5337.680941,4544.973726,3430.37853,5301.493075,4544.973726,2718.96952,4233.308629,4544.973726,540.807516,537.8942401,0.001001968,0.001005531,0.001008742,0.001011081,1672.518497,1672.518497,1672.518497,3969.539663,3969.539663,3969.539663,3969.539663,3969.539663
5/10/2012,3767.806864,3614.955784,4215.664535,3684.855211,3573.783748,4215.664535,6545.226729,4271.554508,7554.817843,6179.100296,4847.39954,7554.817843,6021.435808,5337.680941,7554.817843,4551.86612,5301.493075,7554.817843,1887.018974,1874.846295,0.001001968,0.001005531,0.001008742,0.001011081,1912.160441,1912.160441,1912.160441,4115.260258,4115.260258,4115.260258,4115.260258,4115.260258
5/11/2012,2924.276283,1856.118953,3337.713318,3684.390298,3614.955784,3337.713318,5820.371926,3189.400324,6838.947942,6296.082085,4271.554508,6838.947942,6479.625669,4847.39954,6838.947942,6345.688015,5337.680941,6838.947942,1838.532897,1826.71374,0.001001968,0.001005531,0.001008742,0.001011081,2141.982837,2141.982837,2141.982837,4342.043076,4342.043076,4342.043076,4342.043076,4342.043076
5/12/2012,1414.772468,1271.994647,1517.096246,1861.977963,1856.118953,1517.096246,3087.765837,4057.25554,3439.865509,3460.693738,3189.400324,3439.865509,3951.089151,4271.554508,3439.865509,5315.134947,4847.39954,3439.865509,511.9305711,509.1967521,0.001001968,0.001005531,0.001008742,0.001011081,2117.788688,2117.788688,2117.788688,4518.198184,4518.198184,4518.198184,4518.198184,4518.198184
5/13/2012,1065.187134,1364.224895,1120.329323,1257.714077,1271.994647,1120.329323,2124.051223,7379.539259,2301.142988,2280.674407,4057.25554,2301.142988,2690.215893,3189.400324,2301.142988,3409.104256,4271.554508,2301.142988,286.8017179,285.411417,0.001001968,0.001005531,0.001008742,0.001011081,2057.419109,2057.419109,2057.419109,4482.837398,4482.837398,4482.837398,4482.837398,4482.837398
5/14/2012,1118.206343,2153.653168,1190.431989,1216.941476,1364.224895,1190.431989,2834.19127,10894.75906,3160.560501,2875.108565,7379.539259,3160.560501,3054.656615,4057.25554,3160.560501,3330.707403,3189.400324,3160.560501,370.7789288,368.9006121,0.001001968,0.001005531,0.001008742,0.001011081,2059.60349,2059.60349,2059.60349,4414.449821,4414.449821,4414.449821,4414.449821,4414.449821
5/15/2012,1984.56404,4650.303363,2081.995492,1608.581586,2153.653168,2081.995492,4168.241771,10612.65678,4492.502434,3753.682313,10894.75906,4492.502434,3600.215538,7379.539259,4492.502434,2791.589172,4057.25554,4492.502434,389.9490514,387.9569082,0.001001968,0.001005531,0.001008742,0.001011081,2099.581425,2099.581425,2099.581425,4455.38573,4455.38573,4455.38573,4455.38573,4455.38573
5/16/2012,5930.498686,9017.575149,6419.474793,4794.99599,4650.303363,6419.474793,9483.749683,9329.168935,10517.86074,8115.175253,10612.65678,10517.86074,7208.883587,10894.75906,10517.86074,4550.509282,7379.539259,10517.86074,1748.000343,1736.83834,0.001001968,0.001005531,0.001008742,0.001011081,2412.804568,2412.804568,2412.804568,4855.559239,4855.559239,4855.559239,4855.559239,4855.559239
5/17/2012,8703.605113,7946.041853,9994.931258,9283.268042,9017.575149,9994.931258,13334.8078,7940.862329,15856.21124,13098.79602,9329.168935,15856.21124,12902.21615,10612.65678,15856.21124,9263.781841,10894.75906,15856.21124,5037.284815,5000.579524,0.001001968,0.001005531,0.001008742,0.001011081,3096.433914,3096.433914,3096.433914,5470.488492,5470.488492,5470.488492,5470.488492,5470.488492
5/18/2012,5923.232143,3354.760106,6906.923498,8022.939083,7946.041853,6906.923498,11028.62367,5840.843542,13274.97881,12455.7386,7940.862329,13274.97881,13290.39224,9329.168935,13274.97881,13681.2411,10612.65678,13274.97881,4038.140512,4009.475723,0.001001968,0.001005531,0.001008742,0.001011081,3735.52795,3735.52795,3735.52795,6383.906591,6383.906591,6383.906591,6383.906591,6383.906591
5/19/2012,2316.186314,1925.754141,2477.043217,3370.897277,3354.760106,2477.043217,4205.85888,5139.719545,4650.450883,5158.965124,5840.843542,4650.450883,6536.82791,7940.862329,4650.450883,10123.78868,9329.168935,4650.450883,736.4640776,732.30329,0.001001968,0.001005531,0.001008742,0.001011081,4070.515654,4070.515654,4070.515654,7174.229225,7174.229225,7174.229225,7174.229225,7174.229225
5/20/2012,1610.759382,2058.8528,1669.401294,1935.57246,1925.754141,1669.401294,2577.083435,5600.983093,2718.63249,2875.314078,5139.719545,2718.63249,3856.838834,5840.843542,2718.63249,5715.005884,7940.862329,2718.63249,260.9296396,259.6857105,0.001001968,0.001005531,0.001008742,0.001011081,4248.587278,4248.587278,4248.587278,7653.454669,7653.454669,7653.454669,7653.454669,7653.454669
5/21/2012,1735.962503,2310.156757,1866.357953,1988.653485,2058.8528,1866.357953,4451.405561,6275.153241,5038.525108,4595.68463,5600.983093,5038.525108,4962.166216,5139.719545,5038.525108,5666.378983,5840.843542,5038.525108,620.5457666,617.1303273,0.001001968,0.001005531,0.001008742,0.001011081,4381.279084,4381.279084,4381.279084,7955.346285,7955.346285,7955.346285,7955.346285,7955.346285
5/22/2012,1994.886279,2371.077141,2191.462958,2251.976296,2310.156757,2191.462958,4529.801844,5290.070448,5160.716044,4647.570616,6275.153241,5160.716044,4863.328394,5600.983093,5160.716044,4859.515072,5139.719545,5160.716044,892.7204717,887.5306708,0.001001968,0.001005531,0.001008742,0.001011081,4515.294177,4515.294177,4515.294177,8109.344049,8109.344049,8109.344049,8109.344049,8109.344049
5/23/2012,2213.945109,2391.568474,2434.990757,2409.79299,2371.077141,2434.990757,4685.254455,6255.92545,5331.961576,4734.063665,5290.070448,5331.961576,4866.983479,6275.153241,5331.961576,4804.636921,5600.983093,5331.961576,969.2711095,963.5683981,0.001001968,0.001005531,0.001008742,0.001011081,4349.224047,4349.224047,4349.224047,7953.369795,7953.369795,7953.369795,7953.369795,7953.369795
5/24/2012,2243.598709,2255.890215,2477.480085,2433.154281,2391.568474,2477.480085,5142.198324,6407.030309,5887.385836,5168.528359,6255.92545,5887.385836,5358.515911,5290.070448,5887.385836,5291.659439,6275.153241,5887.385836,1050.081862,1043.832111,0.001001968,0.001005531,0.001008742,0.001011081,3563.537992,3563.537992,3563.537992,7429.558137,7429.558137,7429.558137,7429.558137,7429.558137
5/25/2012,1973.344419,1767.267888,2187.849464,2287.491509,2255.890215,2187.849464,5245.990354,5189.007728,6044.697528,5392.060338,6407.030309,6044.697528,5575.974504,6255.92545,6044.697528,5851.576583,5290.070448,6044.697528,991.3556983,985.504038,0.001001968,0.001005531,0.001008742,0.001011081,2755.93843,2755.93843,2755.93843,6560.036962,6560.036962,6560.036962,6560.036962,6560.036962
5/26/2012,1522.272154,1465.77097,1661.820711,1780.376123,1767.267888,1661.820711,3871.746873,4689.222248,4387.446077,4023.695417,5189.007728,4387.446077,4268.286498,6407.030309,4387.446077,4734.598883,6255.92545,4387.446077,671.8786266,668.135211,0.001001968,0.001005531,0.001008742,0.001011081,2371.418709,2371.418709,2371.418709,5703.087814,5703.087814,5703.087814,5703.087814,5703.087814
5/27/2012,1302.442396,1424.929269,1411.549389,1468.038301,1465.77097,1411.549389,4763.251512,5593.524644,5437.864795,4821.993363,4689.222248,5437.864795,5030.219292,5189.007728,5437.864795,5288.491849,6407.030309,5437.864795,538.5883661,535.6889287,0.001001968,0.001005531,0.001008742,0.001011081,2193.933313,2193.933313,2193.933313,5465.548992,5465.548992,5465.548992,5465.548992,5465.548992
5/28/2012,1273.972104,1550.555141,1386.043602,1426.433908,1424.929269,1386.043602,5252.043384,4660.224719,6032.603376,5287.325802,5593.524644,6032.603376,5381.486399,4689.222248,6032.603376,5577.377581,5189.007728,6032.603376,554.6722338,551.6723238,0.001001968,0.001005531,0.001008742,0.001011081,2079.119844,2079.119844,2079.119844,5545.46178,5545.46178,5545.46178,5545.46178,5545.46178
5/29/2012,1280.317244,1640.955193,1394.233146,1425.080211,1550.555141,1394.233146,4216.280545,7131.106124,4808.990426,4256.10833,4660.224719,4808.990426,4314.965858,5593.524644,4808.990426,4613.202711,4689.222248,4808.990426,562.6989152,559.6487146,0.001001968,0.001005531,0.001008742,0.001011081,1950.596392,1950.596392,1950.596392,5587.361998,5587.361998,5587.361998,5587.361998,5587.361998
5/30/2012,1461.805379,1395.550406,1600.970093,1646.190401,1640.955193,1600.970093,4190.288345,9638.484841,4764.383797,4276.406752,7131.106124,4764.383797,4300.186051,4660.224719,4764.383797,4063.811764,5593.524644,4764.383797,603.2915374,599.9855408,0.001001968,0.001005531,0.001008742,0.001011081,1836.997661,1836.997661,1836.997661,5555.193138,5555.193138,5555.193138,5555.193138,5555.193138
5/31/2012,1581.307199,2013.178382,1696.667769,1487.647602,1395.550406,1696.667769,5071.890873,7786.211183,5782.912299,4863.264403,9638.484841,5782.912299,4965.990835,7131.106124,5782.912299,5282.80769,4660.224719,5782.912299,526.8814857,524.0549222,0.001001968,0.001005531,0.001008742,0.001011081,1710.448278,1710.448278,1710.448278,5564.995555,5564.995555,5564.995555,5564.995555,5564.995555
6/1/2012,1614.123612,2908.72872,1801.829266,1845.495511,2013.178382,1801.829266,3983.669427,6995.673519,4599.382343,4072.817689,7786.211183,4599.382343,4129.939345,9638.484841,4599.382343,4044.323667,7131.106124,4599.382343,898.7865792,893.5563316,0.001001968,0.001005531,0.001008742,0.001011081,1630.000856,1630.000856,1630.000856,5307.134687,5307.134687,5307.134687,5307.134687,5307.134687
6/2/2012,2540.406746,2325.668639,2926.642214,2965.933242,2908.72872,2926.642214,8124.172477,6195.016755,9510.736899,8275.9313,6995.673519,9510.736899,8334.356677,7786.211183,9510.736899,6418.543168,9638.484841,9510.736899,1629.547076,1619.238831,0.001001968,0.001005531,0.001008742,0.001011081,1746.15335,1746.15335,1746.15335,5710.000435,5710.000435,5710.000435,5710.000435,5710.000435
6/3/2012,2184.551437,2024.991394,2433.942341,2358.552158,2325.668639,2433.942341,9365.084732,5246.042991,10935.06915,9279.862668,6195.016755,10935.06915,9384.203693,6995.673519,10935.06915,10347.82142,7786.211183,10935.06915,1112.716569,1106.03915,0.001001968,0.001005531,0.001008742,0.001011081,1854.21708,1854.21708,1854.21708,6369.332329,6369.332329,6369.332329,6369.332329,6369.332329
6/4/2012,1797.45395,2118.020342,1991.268793,1987.755136,2024.991394,1991.268793,5661.341709,4883.155316,6487.166879,5699.520126,5246.042991,6487.166879,5906.22011,6195.016755,6487.166879,6412.972446,6995.673519,6487.166879,872.1355589,867.0827475,0.001001968,0.001005531,0.001008742,0.001011081,1940.631296,1940.631296,1940.631296,6574.860162,6574.860162,6574.860162,6574.860162,6574.860162
6/5/2012,2007.080594,2079.566351,2225.276055,2158.287696,2118.020342,2225.276055,5800.376951,4571.69256,6657.285497,5786.669113,4883.155316,6657.285497,5875.764934,5246.042991,6657.285497,5990.494797,6195.016755,6657.285497,963.0139419,957.3533543,0.001001968,0.001005531,0.001008742,0.001011081,2038.775696,2038.775696,2038.775696,6824.208359,6824.208359,6824.208359,6824.208359,6824.208359
6/6/2012,1930.392127,2054.768538,2137.719514,2090.044294,2079.566351,2137.719514,5208.540341,4259.541554,5981.584036,5207.420314,4571.69256,5981.584036,5362.687719,4883.155316,5981.584036,5637.893959,5246.042991,5981.584036,957.3124775,951.6902424,0.001001968,0.001005531,0.001008742,0.001011081,2112.762545,2112.762545,2112.762545,6994.14257,6994.14257,6994.14257,6994.14257,6994.14257
6/7/2012,1672.525895,1615.297081,1867.427501,2026.727126,2054.768538,1867.427501,4086.396713,3760.197954,4693.938625,4301.604385,4259.541554,4693.938625,4447.858928,4571.69256,4693.938625,4682.375466,4883.155316,4693.938625,909.5272866,904.2253384,0.001001968,0.001005531,0.001008742,0.001011081,2179.290233,2179.290233,2179.290233,6888.742097,6888.742097,6888.742097,6888.742097,6888.742097
6/8/2012,1481.492902,1534.787346,1618.517657,1633.762699,1615.297081,1618.517657,3715.460024,3686.695239,4214.157275,3766.62019,3760.197954,4214.157275,3998.310762,4259.541554,4214.157275,4367.497718,4571.69256,4214.157275,637.6337519,634.1095216,0.001001968,0.001005531,0.001008742,0.001011081,2181.272338,2181.272338,2181.272338,6935.05168,6935.05168,6935.05168,6935.05168,6935.05168
6/9/2012,1389.605971,1328.288894,1526.82572,1544.209911,1534.787346,1526.82572,3461.888407,5665.913924,3941.21362,3514.507849,3686.695239,3941.21362,3694.447915,3760.197954,3941.21362,3938.86928,4259.541554,3941.21362,656.5271855,652.8822158,0.001001968,0.001005531,0.001008742,0.001011081,2022.103854,2022.103854,2022.103854,6414.694715,6414.694715,6414.694715,6414.694715,6414.694715
6/10/2012,1171.293256,1383.390186,1273.560732,1315.085166,1328.288894,1273.560732,3232.732583,7192.207691,3664.672152,3293.91069,5665.913924,3664.672152,3412.598284,3686.695239,3664.672152,3747.549824,3760.197954,3664.672152,500.1497978,497.4887966,0.001001968,0.001005531,0.001008742,0.001011081,1877.597629,1877.597629,1877.597629,5448.084634,5448.084634,5448.084634,5448.084634,5448.084634
6/11/2012,1262.842278,1630.106134,1390.077519,1392.564074,1383.390186,1390.077519,3039.74384,6192.427525,3459.929488,3076.917445,7192.207691,3459.929488,3216.707747,5665.913924,3459.929488,3213.79924,3686.695239,3459.929488,616.8985829,613.5063121,0.001001968,0.001005531,0.001008742,0.001011081,1785.872849,1785.872849,1785.872849,4876.156085,4876.156085,4876.156085,4876.156085,4876.156085
6/12/2012,1222.112503,2864.219832,1353.683155,1397.701348,1630.106134,1353.683155,3197.942442,5164.698859,3659.018098,3274.582565,6192.427525,3659.018098,3375.030674,7192.207691,3659.018098,3426.216187,5665.913924,3659.018098,642.5206494,638.9652343,0.001001968,0.001005531,0.001008742,0.001011081,1684.182309,1684.182309,1684.182309,4434.865674,4434.865674,4434.865674,4434.865674,4434.865674
6/13/2012,2708.385676,2828.598301,3100.522444,2932.062394,2864.219832,3100.522444,6537.917523,4235.818971,7680.493635,6510.843615,5164.698859,7680.493635,6385.022258,6192.427525,7680.493635,5029.607944,7192.207691,7680.493635,1545.473667,1535.766965,0.001001968,0.001005531,0.001008742,0.001011081,1746.089954,1746.089954,1746.089954,4449.835216,4449.835216,4449.835216,4449.835216,4449.835216
6/14/2012,2929.289972,2786.510295,3314.346718,2938.496904,2828.598301,3314.346718,7781.081169,3975.182798,9160.515772,7484.115145,4235.818971,9160.515772,7783.368314,5164.698859,9160.515772,7709.586267,6192.427525,9160.515772,1671.144935,1660.53768,0.001001968,0.001005531,0.001008742,0.001011081,1883.290496,1883.290496,1883.290496,4859.61167,4859.61167,4859.61167,4859.61167,4859.61167
6/15/2012,2218.012777,1503.873755,2544.743788,2791.949684,2786.510295,2544.743788,4972.418826,3462.93564,5864.941007,5313.008607,3975.182798,5864.941007,5413.282347,4235.818971,5864.941007,5912.84777,5164.698859,5864.941007,1479.37854,1470.142021,0.001001968,0.001005531,0.001008742,0.001011081,2004.371208,2004.371208,2004.371208,5071.737125,5071.737125,5071.737125,5071.737125,5071.737125
6/16/2012,1211.156947,1195.593396,1315.514501,1504.677801,1503.873755,1315.514501,2976.570653,3143.56879,3365.348213,3191.473931,3462.93564,3365.348213,3554.74924,3975.182798,3365.348213,4468.970414,4235.818971,3365.348213,502.8437645,500.1661324,0.001001968,0.001005531,0.001008742,0.001011081,2028.979813,2028.979813,2028.979813,5174.400185,5174.400185,5174.400185,5174.400185,5174.400185
6/17/2012,1058.712912,1199.946951,1142.009538,1196.087293,1195.593396,1142.009538,2385.430352,3000.907791,2667.578711,2464.706538,3143.56879,2667.578711,2726.620192,3462.93564,2667.578711,3177.954345,3975.182798,2667.578711,405.7649503,403.6782904,0.001001968,0.001005531,0.001008742,0.001011081,2033.022903,2033.022903,2033.022903,5188.957478,5188.957478,5188.957478,5188.957478,5188.957478
6/18/2012,1075.176829,1160.837129,1173.189184,1200.212764,1199.946951,1173.189184,2896.380432,2899.542345,3294.280753,2942.88649,3000.907791,3294.280753,3067.854144,3143.56879,3294.280753,3264.328201,3462.93564,3294.280753,480.7660648,478.2243584,0.001001968,0.001005531,0.001008742,0.001011081,2008.211455,2008.211455,2008.211455,5169.594193,5169.594193,5169.594193,5169.594193,5169.594193
6/19/2012,1042.050447,1117.824391,1139.967762,1160.951175,1160.837129,1139.967762,2783.114496,2988.086821,3167.838461,2824.559836,2899.542345,3167.838461,2922.51964,3000.907791,3167.838461,3037.754378,3143.56879,3167.838461,483.2142259,480.6574888,0.001001968,0.001005531,0.001008742,0.001011081,1978.839913,1978.839913,1978.839913,5111.093961,5111.093961,5111.093961,5111.093961,5111.093961
6/20/2012,1004.854132,1075.014474,1100.191218,1117.847114,1117.824391,1100.191218,2601.014273,2917.647088,2957.157548,2640.544672,2988.086821,2957.157548,2731.237646,2899.542345,2957.157548,2824.973617,3000.907791,2957.157548,473.1971855,470.7018814,0.001001968,0.001005531,0.001008742,0.001011081,1779.9095,1779.9095,1779.9095,4683.031307,4683.031307,4683.031307,4683.031307,4683.031307
6/21/2012,967.3040661,1035.837452,1059.765724,1074.983628,1075.014474,1059.765724,2493.478868,2793.392791,2835.442417,2530.095333,2917.647088,2835.442417,2617.821186,2988.086821,2835.442417,2710.888417,2899.542345,2835.442417,461.5718156,459.1475815,0.001001968,0.001005531,0.001008742,0.001011081,1510.693071,1510.693071,1510.693071,3980.625856,3980.625856,3980.625856,3980.625856,3980.625856
6/22/2012,932.0356539,1085.649415,1021.643016,1035.757327,1035.837452,1021.643016,2410.678392,3261.993169,2742.135692,2445.375098,2793.392791,2742.135692,2527.594714,2917.647088,2742.135692,2615.636607,2988.086821,2742.135692,449.7386861,447.3865356,0.001001968,0.001005531,0.001008742,0.001011081,1286.905401,1286.905401,1286.905401,3497.590165,3497.590165,3497.590165,3497.590165,3497.590165
6/23/2012,976.6233403,1081.087199,1079.09672,1085.576175,1085.649415,1079.09672,2568.543544,3196.201235,2941.086887,2598.140186,3261.993169,2941.086887,2676.501532,2793.392791,2941.086887,2684.484507,2917.647088,2941.086887,512.4561896,509.7191164,0.001001968,0.001005531,0.001008742,0.001011081,1185.884663,1185.884663,1185.884663,3193.696868,3193.696868,3193.696868,3193.696868,3193.696868
6/24/2012,961.9000152,1125.188227,1063.236519,1075.454965,1081.087199,1063.236519,2519.010463,2844.427942,2886.618027,2553.648031,3196.201235,2886.618027,2623.101366,3261.993169,2886.618027,2698.883156,2793.392791,2886.618027,507.8789458,505.1701966,0.001001968,0.001005531,0.001008742,0.001011081,1139.40689,1139.40689,1139.40689,3027.418391,3027.418391,3027.418391,3027.418391,3027.418391
6/25/2012,1008.32721,1233.024923,1121.485134,1124.992699,1125.188227,1121.485134,2476.368997,2691.170306,2840.727591,2510.918506,2844.427942,2840.727591,2602.723998,3196.201235,2840.727591,2531.573835,3261.993169,2840.727591,562.6632686,559.6132917,0.001001968,0.001005531,0.001008742,0.001011081,1120.183353,1120.183353,1120.183353,2938.007533,2938.007533,2938.007533,2938.007533,2938.007533
6/26/2012,1100.19839,1021.711475,1229.955407,1236.861387,1233.024923,1229.955407,2988.43532,2533.847531,3452.068784,3023.839806,2691.170306,3452.068784,3072.963442,2844.427942,3452.068784,3059.092678,3196.201235,3452.068784,638.3877569,634.8587171,0.001001968,0.001005531,0.001008742,0.001011081,1120.022691,1120.022691,1120.022691,2956.697662,2956.697662,2956.697662,2956.697662,2956.697662
6/27/2012,919.2040211,898.9038021,1015.056748,1022.576988,1021.711475,1015.056748,2649.842709,2373.071201,3038.985525,2674.108633,2533.847531,3038.985525,2784.436352,2691.170306,3038.985525,2975.5909,2844.427942,3038.985525,483.9910195,481.429511,0.001001968,0.001005531,0.001008742,0.001011081,1109.604467,1109.604467,1109.604467,2983.654946,2983.654946,2983.654946,2983.654946,2983.654946
6/28/2012,807.6191362,854.9410653,888.2983618,898.2769752,898.9038021,888.2983618,2180.060232,2296.147202,2485.694073,2207.441189,2373.071201,2485.694073,2309.809143,2533.847531,2485.694073,2482.621685,2691.170306,2485.694073,414.6217827,412.4819631,0.001001968,0.001005531,0.001008742,0.001011081,1087.593223,1087.593223,1087.593223,2966.334542,2966.334542,2966.334542,2966.334542,2966.334542
6/29/2012,765.9283111,819.0302802,842.1824282,854.9302422,854.9410653,842.1824282,2129.605608,2246.689471,2428.76905,2157.72161,2296.147202,2428.76905,2225.492976,2373.071201,2428.76905,2338.98179,2533.847531,2428.76905,394.1915259,392.1740823,0.001001968,0.001005531,0.001008742,0.001011081,1061.206658,1061.206658,1061.206658,2930.281704,2930.281704,2930.281704,2930.281704,2930.281704
6/30/2012,743.6910704,817.9642347,816.8248463,819.3296884,819.0302802,816.8248463,2087.81395,2199.345765,2380.166867,2104.414861,2246.689471,2380.166867,2167.517912,2296.147202,2380.166867,2243.27339,2373.071201,2380.166867,380.1076686,378.1740635,0.001001968,0.001005531,0.001008742,0.001011081,1024.351801,1024.351801,1024.351801,2864.020727,2864.020727,2864.020727,2864.020727,2864.020727
7/1/2012,738.3168399,790.4990105,813.0844847,817.954897,817.9642347,813.0844847,2011.479172,2199.260509,2293.649206,2032.184771,2199.345765,2293.649206,2087.62718,2246.689471,2293.649206,2132.409867,2296.147202,2293.649206,389.3859637,387.3971756,0.001001968,0.001005531,0.001008742,0.001011081,988.2526638,988.2526638,988.2526638,2787.901556,2787.901556,2787.901556,2787.901556,2787.901556
7/2/2012,711.3145825,762.8282235,782.8344113,790.5091811,790.4990105,782.8344113,1952.733719,2190.458616,2225.349314,1975.228028,2199.260509,2225.349314,2030.226412,2199.345765,2225.349314,2089.121526,2246.689471,2225.349314,374.4101828,372.5103684,0.001001968,0.001005531,0.001008742,0.001011081,940.636378,940.636378,940.636378,2711.044364,2711.044364,2711.044364,2711.044364,2711.044364
7/3/2012,688.2285483,746.7529306,756.9887561,762.8432969,762.8282235,756.9887561,1896.171284,2081.956628,2159.730785,1916.048444,2190.458616,2159.730785,1971.592794,2199.260509,2159.730785,2029.07977,2199.345765,2159.730785,361.7448425,359.9198774,0.001001968,0.001005531,0.001008742,0.001011081,880.1452313,880.1452313,880.1452313,2557.411918,2557.411918,2557.411918,2557.411918,2557.411918
7/4/2012,675.8817417,728.7393664,743.3243529,746.8563417,746.7529306,743.3243529,1868.090152,2096.223676,2127.582334,1885.204746,2081.956628,2127.582334,1935.134374,2190.458616,2127.582334,1984.382726,2199.260509,2127.582334,356.0035265,354.2123674,0.001001968,0.001005531,0.001008742,0.001011081,834.3301245,834.3301245,834.3301245,2408.093325,2408.093325,2408.093325,2408.093325,2408.093325
7/5/2012,655.0388932,696.0513977,720.2335007,728.9014521,728.7393664,720.2335007,1875.327831,2166.233513,2137.006373,1896.029452,2096.223676,2137.006373,1940.340124,2081.956628,2137.006373,1986.755823,2190.458616,2137.006373,345.5479524,343.8181545,0.001001968,0.001005531,0.001008742,0.001011081,803.5057933,803.5057933,803.5057933,2320.300335,2320.300335,2320.300335,2320.300335,2320.300335
7/6/2012,633.8811564,695.9041458,696.1879012,696.2174505,696.0513977,696.1879012,1862.143761,2011.436236,2122.25367,1872.519936,2166.233513,2122.25367,1925.577013,2096.223676,2122.25367,1979.27445,2081.956628,2122.25367,332.3063559,330.6538815,0.001001968,0.001005531,0.001008742,0.001011081,780.2243424,780.2243424,780.2243424,2264.677302,2264.677302,2264.677302,2264.677302,2264.677302
7/7/2012,629.3138478,682.6090422,692.9075665,695.8905047,695.9041458,692.9075665,1778.901537,1977.319003,2026.844314,1794.026804,2011.436236,2026.844314,1838.771713,2166.233513,2026.844314,1878.254989,2096.223676,2026.844314,339.7887213,338.0926082,0.001001968,0.001005531,0.001008742,0.001011081,760.6200925,760.6200925,760.6200925,2208.294337,2208.294337,2208.294337,2208.294337,2208.294337
7/8/2012,617.5487369,674.1158133,679.2830546,682.8538327,682.6090422,679.2830546,1810.167258,1997.112028,2062.709185,1824.516053,1977.319003,2062.709185,1863.414141,2011.436236,2062.709185,1897.268755,2166.233513,2062.709185,330.9372646,329.2927596,0.001001968,0.001005531,0.001008742,0.001011081,740.440945,740.440945,740.440945,2173.053459,2173.053459,2173.053459,2173.053459,2173.053459
7/9/2012,609.4257008,637.226767,670.339698,674.4526124,674.1158133,670.339698,1866.242143,1967.157337,2131.000087,1879.117948,1997.112028,2131.000087,1915.607116,1977.319003,2131.000087,1959.707567,2011.436236,2131.000087,327.4006176,325.7766767,0.001001968,0.001005531,0.001008742,0.001011081,722.7466993,722.7466993,722.7466993,2158.960983,2158.960983,2158.960983,2158.960983,2158.960983
7/10/2012,574.9901172,625.4235677,632.1790652,637.454861,637.226767,632.1790652,1705.714131,1897.847247,1942.04451,1720.413246,1967.157337,1942.04451,1771.080465,1997.112028,1942.04451,1821.383788,1977.319003,1942.04451,310.0520867,308.528542,0.001001968,0.001005531,0.001008742,0.001011081,705.4447082,705.4447082,705.4447082,2127.985405,2127.985405,2127.985405,2127.985405,2127.985405
7/11/2012,564.4401135,604.6234778,621.4323867,625.6435623,625.4235677,621.4323867,1683.845643,1840.355648,1917.432526,1697.608568,1897.847247,1917.432526,1740.821179,1967.157337,1917.432526,1779.263255,1997.112028,1917.432526,309.9158955,308.3931358,0.001001968,0.001005531,0.001008742,0.001011081,688.3024753,688.3024753,688.3024753,2098.112916,2098.112916,2098.112916,2098.112916,2098.112916
7/12/2012,546.5140251,587.213194,601.1494975,604.8732348,604.6234778,601.1494975,1708.940691,1967.621892,1947.28472,1720.448626,1840.355648,1947.28472,1758.449635,1897.847247,1947.28472,1802.631483,1967.157337,1947.28472,298.6882318,297.2300043,0.001001968,0.001005531,0.001008742,0.001011081,670.8609663,670.8609663,670.8609663,2069.531894,2069.531894,2069.531894,2069.531894,2069.531894
7/13/2012,530.8919927,585.5220537,583.8858754,587.4827498,587.213194,583.8858754,1674.399993,2897.241296,1907.575413,1685.111568,1967.621892,1907.575413,1721.920628,1840.355648,1907.575413,1770.178071,1897.847247,1907.575413,291.1038129,289.6889748,0.001001968,0.001005531,0.001008742,0.001011081,653.9477336,653.9477336,653.9477336,2037.206193,2037.206193,2037.206193,2037.206193,2037.206193
7/14/2012,528.0025456,566.0165202,582.2954486,585.7837741,585.5220537,582.2954486,1635.361193,2197.757586,1863.406376,1647.382541,2897.241296,1863.406376,1686.412853,1967.621892,1863.406376,1705.540274,1840.355648,1863.406376,298.5089094,297.0517097,0.001001968,0.001005531,0.001008742,0.001011081,638.3899247,638.3899247,638.3899247,2012.444745,2012.444745,2012.444745,2012.444745,2012.444745
7/15/2012,511.1212347,902.1588862,561.9586249,560.2536179,566.0165202,561.9586249,1598.65923,2069.656714,1816.794503,1604.469541,2197.757586,1816.794503,1639.842495,2897.241296,1816.794503,1680.542335,1967.621892,1816.794503,281.4881927,280.1281217,0.001001968,0.001005531,0.001008742,0.001011081,621.4537354,621.4537354,621.4537354,1978.881235,1978.881235,1978.881235,1978.881235,1978.881235
7/16/2012,883.782208,818.5831676,1001.469551,903.7896968,902.1588862,1001.469551,2105.703781,2829.371009,2441.073777,2042.44191,2069.656714,2441.073777,2117.554392,2197.757586,2441.073777,1765.352782,2897.241296,2441.073777,600.5794916,597.2906594,0.001001968,0.001005531,0.001008742,0.001011081,651.9686798,651.9686798,651.9686798,1957.702357,1957.702357,1957.702357,1957.702357,1957.702357
7/17/2012,799.0282515,837.0999736,881.44897,822.8951703,818.5831676,881.44897,2795.935374,3661.401376,3224.972125,2739.155593,2829.371009,3224.972125,2691.059029,2069.656714,3224.972125,2930.461556,2197.757586,3224.972125,437.4306337,435.1531784,0.001001968,0.001005531,0.001008742,0.001011081,663.8816394,663.8816394,663.8816394,2091.12778,2091.12778,2091.12778,2091.12778,2091.12778
7/18/2012,689.1631831,635.2813356,765.1718993,837.4834514,837.0999736,765.1718993,1771.794355,3246.237492,2024.547058,1861.816077,3661.401376,2024.547058,1866.168289,2829.371009,2024.547058,1844.739267,2069.656714,2024.547058,408.3112915,406.2093649,0.001001968,0.001005531,0.001008742,0.001011081,684.9385483,684.9385483,684.9385483,2136.294378,2136.294378,2136.294378,2136.294378,2136.294378
7/19/2012,552.6206035,844.3077007,602.9771775,632.158207,635.2813356,602.9771775,1720.980054,2381.139756,1950.115352,1756.779974,3246.237492,1950.115352,1859.996143,3661.401376,1950.115352,1944.445,2829.371009,1950.115352,280.4931936,279.1387738,0.001001968,0.001005531,0.001008742,0.001011081,698.411205,698.411205,698.411205,2169.13157,2169.13157,2169.13157,2169.13157,2169.13157
7/20/2012,788.8606888,1274.557881,872.6194552,841.6061436,844.3077007,872.6194552,2581.259065,2159.057932,2969.407694,2560.03679,2381.139756,2969.407694,2556.792581,3246.237492,2969.407694,2477.328484,3661.401376,2969.407694,437.2994048,435.0227443,0.001001968,0.001005531,0.001008742,0.001011081,726.494084,726.494084,726.494084,2295.476378,2295.476378,2295.476378,2295.476378,2295.476378
7/21/2012,1146.189256,1119.469894,1283.993481,1277.970825,1274.557881,1283.993481,3673.179645,2470.704505,4276.403012,3684.823405,2159.057932,4276.403012,3565.509771,2381.139756,4276.403012,3338.961666,3246.237492,4276.403012,674.3407885,670.5815555,0.001001968,0.001005531,0.001008742,0.001011081,796.343781,796.343781,796.343781,2550.272788,2550.272788,2550.272788,2550.272788,2550.272788
7/22/2012,1002.985687,858.5630655,1104.685826,1118.637403,1119.469894,1104.685826,3040.164,2736.73187,3503.033598,3065.182083,2470.704505,3503.033598,3105.522229,2159.057932,3503.033598,3180.039424,2381.139756,3503.033598,509.3499753,506.6321271,0.001001968,0.001005531,0.001008742,0.001011081,873.3891409,873.3891409,873.3891409,2784.792762,2784.792762,2784.792762,2784.792762,2784.792762
7/23/2012,737.0611551,1732.037777,823.3734211,854.0250836,858.5630655,823.3734211,1794.963359,4508.846518,2058.143272,1848.669337,2736.73187,2058.143272,2117.194929,2470.704505,2058.143272,2195.056724,2159.057932,2058.143272,451.0563086,448.6961446,0.001001968,0.001005531,0.001008742,0.001011081,897.7235948,897.7235948,897.7235948,2864.107193,2864.107193,2864.107193,2864.107193,2864.107193
7/24/2012,1785.703942,2180.860265,1914.800456,1736.029834,1732.037777,1914.800456,2684.997959,4929.410823,2964.370483,2573.082263,4508.846518,2964.370483,1784.241791,2736.73187,2964.370483,1987.431282,2470.704505,2964.370483,469.6690573,467.1953479,0.001001968,0.001005531,0.001008742,0.001011081,918.7887145,918.7887145,918.7887145,2726.236995,2726.236995,2726.236995,2726.236995,2726.236995
7/25/2012,2158.966314,1923.214645,2371.56173,2182.651356,2180.860265,2371.56173,3302.608098,4601.997461,3762.880711,3198.978069,4929.410823,3762.880711,3362.361335,4508.846518,3762.880711,2095.397726,2736.73187,3762.880711,921.3122403,915.9314963,0.001001968,0.001005531,0.001008742,0.001011081,1118.737706,1118.737706,1118.737706,2845.127283,2845.127283,2845.127283,2845.127283,2845.127283
7/26/2012,1696.498043,2474.751953,1920.307704,1914.905669,1923.214645,1920.307704,3212.247907,6061.233543,3762.260508,3275.867014,4601.997461,3762.260508,3866.100392,4929.410823,3762.260508,3759.087076,4508.846518,3762.260508,1061.806652,1055.477081,0.001001968,0.001005531,0.001008742,0.001011081,1348.761671,1348.761671,1348.761671,3041.771199,3041.771199,3041.771199,3041.771199,3041.771199
7/27/2012,2497.255183,2767.15545,2791.350861,2479.093254,2474.751953,2791.350861,4463.708919,5735.301044,5187.47066,4248.284993,6061.233543,5187.47066,4178.990119,4601.997461,5187.47066,4313.385772,4929.410823,5187.47066,1313.346278,1305.279506,0.001001968,0.001005531,0.001008742,0.001011081,1547.663171,1547.663171,1547.663171,3230.671451,3230.671451,3230.671451,3230.671451,3230.671451
7/28/2012,2351.636226,3224.238668,2643.112494,2749.965984,2767.15545,2643.112494,4548.721688,5562.894742,5312.794211,4743.505936,5735.301044,5312.794211,4705.71983,6061.233543,5312.794211,4454.826967,4601.997461,5312.794211,1321.48926,1313.365518,0.001001968,0.001005531,0.001008742,0.001011081,1747.094587,1747.094587,1747.094587,3403.248049,3403.248049,3403.248049,3403.248049,3403.248049
7/29/2012,2756.194182,2423.311698,3127.616436,3222.912994,3224.238668,3127.616436,4860.131541,4765.476485,5698.153124,5094.039355,5562.894742,5698.153124,5193.132237,5735.301044,5698.153124,4580.93004,6061.233543,5698.153124,1575.276854,1565.357346,0.001001968,0.001005531,0.001008742,0.001011081,2019.75818,2019.75818,2019.75818,3659.596374,3659.596374,3659.596374,3659.596374,3659.596374
7/30/2012,2357.209855,2499.869215,2591.450503,2441.511561,2423.311698,2591.450503,5414.416784,3987.229316,6241.799769,5319.890315,4765.476485,6241.799769,5706.551454,5562.894742,6241.799769,6171.973574,5735.301044,6241.799769,1036.709237,1030.550387,0.001001968,0.001005531,0.001008742,0.001011081,2251.313025,2251.313025,2251.313025,4240.930981,4240.930981,4240.930981,4240.930981,4240.930981
7/31/2012,2080.551046,1752.030879,2359.51374,2505.650198,2499.869215,2359.51374,4219.971909,3218.658761,4952.162557,4447.700889,3987.229316,4952.162557,4842.765424,4765.476485,4952.162557,4952.315678,5562.894742,4952.162557,1289.876824,1281.974009,0.001001968,0.001005531,0.001008742,0.001011081,2506.46784,2506.46784,2506.46784,4764.790079,4764.790079,4764.790079,4764.790079,4764.790079
8/1/2012,1475.474091,1420.19537,1629.134948,1752.463927,1752.030879,1629.134948,3826.679804,2832.058772,4421.410797,3975.891642,3218.658761,4421.410797,4274.56398,3987.229316,4421.410797,5092.528354,4765.476485,4421.410797,749.051103,744.8083982,0.001001968,0.001005531,0.001008742,0.001011081,2473.858461,2473.858461,2473.858461,5043.103018,5043.103018,5043.103018,5043.103018,5043.103018
8/2/2012,1202.257552,1239.346961,1324.238102,1420.410234,1420.19537,1324.238102,2927.026956,3155.780716,3361.502688,3048.615555,2832.058772,3361.502688,3323.195883,3218.658761,3361.502688,3717.279677,3987.229316,3361.502688,611.7637987,608.4041148,0.001001968,0.001005531,0.001008742,0.001011081,2373.133881,2373.133881,2373.133881,5151.881087,5151.881087,5151.881087,5151.881087,5151.881087
8/3/2012,1077.109212,953.7253073,1180.3061,1239.589363,1239.346961,1180.3061,2763.195301,3923.403266,3167.003914,2839.738064,3155.780716,3167.003914,2995.721256,2832.058772,3167.003914,3347.249897,3218.658761,3167.003914,525.820054,523.0000869,0.001001968,0.001005531,0.001008742,0.001011081,2251.222466,2251.222466,2251.222466,5067.514003,5067.514003,5067.514003,5067.514003,5067.514003
8/4/2012,849.8052518,955.072322,924.251059,953.9889975,953.7253073,924.251059,2190.45893,3028.973214,2491.611473,2231.950734,3923.403266,2491.611473,2429.755504,3155.780716,2491.611473,2692.381045,2832.058772,2491.611473,395.4569858,393.4319878,0.001001968,0.001005531,0.001008742,0.001011081,2055.288339,2055.288339,2055.288339,4788.233812,4788.233812,4788.233812,4788.233812,4788.233812
8/5/2012,832.8218116,1210.309786,911.3992074,932.4401571,955.072322,911.3992074,2155.997226,2703.990575,2453.865923,2192.736471,3028.973214,2453.865923,2287.448532,3923.403266,2453.865923,2397.414187,3155.780716,2453.865923,418.1116334,415.9508227,0.001001968,0.001005531,0.001008742,0.001011081,1763.807865,1763.807865,1763.807865,4408.014506,4408.014506,4408.014506,4408.014506,4408.014506
8/6/2012,1101.260507,1426.270025,1221.998433,1215.597106,1210.309786,1221.998433,2990.095529,2645.290004,3440.131619,3010.400014,2703.990575,3440.131619,3025.720483,3028.973214,3440.131619,2798.249727,3923.403266,3440.131619,608.2154521,604.8782658,0.001001968,0.001005531,0.001008742,0.001011081,1544.142225,1544.142225,1544.142225,3897.568314,3897.568314,3897.568314,3897.568314,3897.568314
8/7/2012,1272.679828,920.1485499,1429.340347,1442.140402,1426.270025,1429.340347,3723.22431,3582.440249,4343.993452,3759.189501,2645.290004,4343.993452,3786.08085,2703.990575,4343.993452,3743.414886,3028.973214,4343.993452,770.8235391,766.4387142,0.001001968,0.001005531,0.001008742,0.001011081,1358.386948,1358.386948,1358.386948,3659.763969,3659.763969,3659.763969,3659.763969,3659.763969
8/8/2012,813.957978,814.2162653,897.1090695,921.1183442,920.1485499,897.1090695,2294.881821,3274.324675,2632.391005,2330.931886,3582.440249,2632.391005,2557.284836,2645.290004,2632.391005,2884.258899,2703.990575,2632.391005,443.3676053,441.054156,0.001001968,0.001005531,0.001008742,0.001011081,1235.648297,1235.648297,1235.648297,3378.915285,3378.915285,3378.915285,3378.915285,3378.915285
8/9/2012,709.0936268,978.4716485,778.1717651,801.9828532,814.2162653,778.1717651,1840.772537,3404.841468,2093.001667,1878.150392,3274.324675,2093.001667,1974.471009,3582.440249,2093.001667,2239.661468,2645.290004,2093.001667,376.9962052,375.0810626,0.001001968,0.001005531,0.001008742,0.001011081,1127.04518,1127.04518,1127.04518,3125.634088,3125.634088,3125.634088,3125.634088,3125.634088
8/10/2012,866.1512419,1313.423544,960.1056583,950.1773088,978.4716485,960.1056583,2313.962126,3030.118032,2647.001867,2327.30224,3404.841468,2647.001867,2377.0992,3274.324675,2647.001867,2194.0729,3582.440249,2647.001867,492.9472719,490.3306739,0.001001968,0.001005531,0.001008742,0.001011081,1069.680844,1069.680844,1069.680844,2975.66686,2975.66686,2975.66686,2975.66686,2975.66686
8/11/2012,1110.2191,1275.958545,1241.890937,1236.248255,1313.423544,1241.890937,3584.430317,2413.590869,4151.944825,3597.4874,3030.118032,4151.944825,3583.497202,3404.841468,4151.944825,3415.844356,3274.324675,4151.944825,657.2368804,653.5873662,0.001001968,0.001005531,0.001008742,0.001011081,1074.920858,1074.920858,1074.920858,3088.151591,3088.151591,3088.151591,3088.151591,3088.151591
8/12/2012,1169.253182,830.4911289,1308.114358,1307.981537,1275.958545,1308.114358,3069.491393,3706.674522,3550.051147,3103.096984,2413.590869,3550.051147,3193.304053,3030.118032,3550.051147,3173.408248,3404.841468,3550.051147,655.7028447,652.0631527,0.001001968,0.001005531,0.001008742,0.001011081,1122.8574,1122.8574,1122.8574,3210.215361,3210.215361,3210.215361,3210.215361,3210.215361
8/13/2012,961.5157946,1478.320974,1039.260602,896.5008959,830.4911289,1039.260602,2762.205692,4220.69774,3145.462132,2625.552061,3706.674522,3145.462132,2779.881312,2413.590869,3145.462132,3151.938719,3030.118032,3145.462132,398.2452172,396.2035624,0.001001968,0.001005531,0.001008742,0.001011081,1104.304981,1104.304981,1104.304981,3265.995344,3265.995344,3265.995344,3265.995344,3265.995344
8/14/2012,1051.614503,1697.01527,1178.533078,1209.642971,1478.320974,1178.533078,2492.302173,4213.685363,2881.950862,2554.611971,4220.69774,2881.950862,2524.406539,3706.674522,2881.950862,2467.813912,2413.590869,2881.950862,650.4666846,646.8604958,0.001001968,0.001005531,0.001008742,0.001011081,1062.902589,1062.902589,1062.902589,3098.231119,3098.231119,3098.231119,3098.231119,3098.231119
8/15/2012,1844.694309,1899.97362,2017.159115,1755.823847,1697.01527,2017.159115,3160.948252,3810.585884,3568.827376,2971.573468,4213.685363,3568.827376,2920.714185,4220.69774,3568.827376,2329.7413,3706.674522,3568.827376,748.5346599,744.2953198,0.001001968,0.001005531,0.001008742,0.001011081,1133.393621,1133.393621,1133.393621,3045.756069,3045.756069,3045.756069,3045.756069,3045.756069
8/16/2012,1896.720226,1974.345007,2085.863905,2047.274719,1899.97362,2085.863905,4149.882512,3348.539093,4763.459948,4161.535511,3810.585884,4763.459948,4044.007673,4213.685363,4763.459948,3970.811527,4220.69774,4763.459948,858.0264163,853.0672606,0.001001968,0.001005531,0.001008742,0.001011081,1270.02062,1270.02062,1270.02062,3286.209288,3286.209288,3286.209288,3286.209288,3286.209288
8/17/2012,1565.586699,1432.979123,1762.195308,1852.128234,1974.345007,1762.195308,3644.067574,2661.574254,4249.546601,3781.246707,3348.539093,4249.546601,4065.958725,3810.585884,4249.546601,3958.377766,4213.685363,4249.546601,949.3644039,943.7955856,0.001001968,0.001005531,0.001008742,0.001011081,1419.92364,1419.92364,1419.92364,3551.248158,3551.248158,3551.248158,3551.248158,3551.248158
8/18/2012,1137.947188,750.0358562,1253.086203,1472.766251,1432.979123,1253.086203,3317.982859,2966.927853,3798.394119,3560.617452,2661.574254,3798.394119,3717.710132,3348.539093,3798.394119,4122.597424,3810.585884,3798.394119,543.8000985,540.8681487,0.001001968,0.001005531,0.001008742,0.001011081,1480.162813,1480.162813,1480.162813,3639.811755,3639.811755,3639.811755,3639.811755,3639.811755
8/19/2012,777.8276062,1179.070527,813.7467337,811.2311001,750.0358562,813.7467337,2300.89342,2774.84966,2562.941898,2297.021874,2966.927853,2562.941898,2534.620388,2661.574254,2562.941898,3156.270707,3348.539093,2562.941898,163.6811062,162.9655557,0.001001968,0.001005531,0.001008742,0.001011081,1442.890539,1442.890539,1442.890539,3667.76951,3667.76951,3667.76951,3667.76951,3667.76951
8/20/2012,1008.861545,1232.678953,1115.153868,1091.082346,1179.070527,1115.153868,2444.860795,2576.824258,2801.79816,2446.197087,2774.84966,2801.79816,2556.937483,2966.927853,2801.79816,2507.632175,2661.574254,2801.79816,540.5279658,537.6164336,0.001001968,0.001005531,0.001008742,0.001011081,1458.729449,1458.729449,1458.729449,3583.078715,3583.078715,3583.078715,3583.078715,3583.078715
8/21/2012,1140.269252,1108.108624,1258.850134,1264.655509,1232.678953,1258.850134,2533.984754,2312.405931,2896.472903,2575.480163,2576.824258,2896.472903,2602.037579,2774.84966,2896.472903,2533.978647,2966.927853,2896.472903,570.2738472,567.176097,0.001001968,0.001005531,0.001008742,0.001011081,1476.687401,1476.687401,1476.687401,3528.237773,3528.237773,3528.237773,3528.237773,3528.237773
8/22/2012,1035.017031,990.8091107,1132.422392,1148.981083,1108.108624,1132.422392,2574.889961,2091.075873,2938.450852,2612.264316,2312.405931,2938.450852,2662.874775,2576.824258,2938.450852,2812.913137,2774.84966,2938.450852,480.8048261,478.2628818,0.001001968,0.001005531,0.001008742,0.001011081,1412.746457,1412.746457,1412.746457,3572.779864,3572.779864,3572.779864,3572.779864,3572.779864
8/23/2012,908.6087963,902.0388712,998.3372799,994.2103345,990.8091107,998.3372799,2206.572452,2039.129471,2516.843871,2223.220203,2091.075873,2516.843871,2377.067726,2312.405931,2516.843871,2456.337222,2576.824258,2516.843871,462.3598841,459.93084,0.001001968,0.001005531,0.001008742,0.001011081,1309.729535,1309.729535,1309.729535,3358.453078,3358.453078,3358.453078,3358.453078,3358.453078
8/24/2012,769.9586715,721.6446837,843.6046433,903.5988062,902.0388712,843.6046433,1978.616097,910.504724,2252.832258,2053.669286,2039.129471,2252.832258,2109.19923,2091.075873,2252.832258,2337.051449,2312.405931,2252.832258,386.5882033,384.616075,0.001001968,0.001005531,0.001008742,0.001011081,1157.47182,1157.47182,1157.47182,3080.879386,3080.879386,3080.879386,3080.879386,3080.879386
8/25/2012,647.7502365,703.4527382,699.1398572,722.8314963,721.6446837,699.1398572,1679.17094,1295.743157,1888.203363,1712.155898,910.504724,1888.203363,1807.348538,2039.129471,1888.203363,1957.44081,2091.075873,1888.203363,276.1243198,274.7946784,0.001001968,0.001005531,0.001008742,0.001011081,1046.684491,1046.684491,1046.684491,2773.943479,2773.943479,2773.943479,2773.943479,2773.943479
8/26/2012,638.4434356,790.766663,692.2347974,704.3677627,703.4527382,692.2347974,1645.087922,2464.827513,1856.017235,1667.606264,1295.743157,1856.017235,1728.606254,910.504724,1856.017235,1810.050546,2039.129471,1856.017235,289.9080173,288.500005,0.001001968,0.001005531,0.001008742,0.001011081,1001.616513,1001.616513,1001.616513,2536.34617,2536.34617,2536.34617,2536.34617,2536.34617
8/27/2012,620.4381843,481.0722744,673.8468562,683.6764766,790.766663,673.8468562,1690.396454,2621.207476,1913.504508,1709.083824,2464.827513,1913.504508,1756.313953,1295.743157,1913.504508,1812.463692,910.504724,1913.504508,289.2131513,287.8091034,0.001001968,0.001005531,0.001008742,0.001011081,940.9532121,940.9532121,940.9532121,2403.379276,2403.379276,2403.379276,2403.379276,2403.379276
8/28/2012,596.0603981,496.6328945,607.3415899,503.1927894,481.0722744,607.3415899,810.3296461,2332.928467,818.1133759,718.0680723,2621.207476,818.1133759,716.992593,2464.827513,818.1133759,896.0718749,1295.743157,818.1133759,0.001000564,0.001006515,0.001001968,0.001005531,0.001008742,0.001011081,841.7363208,841.7363208,841.7363208,2199.623452,2199.623452,2199.623452,2199.623452,2199.623452
8/29/2012,978.1263231,2297.754275,987.3991574,564.3111815,496.6328945,987.3991574,1491.968455,2511.182196,1562.103478,1072.540033,2332.928467,1562.103478,981.9694209,2621.207476,1562.103478,1042.456377,2464.827513,1562.103478,0.001000564,0.001006515,0.001001968,0.001005531,0.001008742,0.001011081,747.6494726,747.6494726,747.6494726,1959.70597,1959.70597,1959.70597,1959.70597,1959.70597
8/30/2012,1947.38014,1341.804634,2245.239271,2301.686111,2297.754275,2245.239271,3489.18622,2307.825712,4168.594431,3639.124344,2511.182196,4168.594431,3494.110802,2332.928467,4168.594431,2120.710767,2621.207476,4168.594431,1396.226829,1387.578242,0.001001968,0.001005531,0.001008742,0.001011081,861.5889221,861.5889221,861.5889221,1913.510405,1913.510405,1913.510405,1913.510405,1913.510405
8/31/2012,965.2149332,645.1292334,1062.894572,1342.308923,1341.804634,1062.894572,2770.511681,2416.916602,3194.901724,3060.215344,2307.825712,3194.901724,3178.007583,2511.182196,3194.901724,3718.950849,2332.928467,3194.901724,508.6052205,505.8919794,0.001001968,0.001005531,0.001008742,0.001011081,931.6709569,931.6709569,931.6709569,2000.257629,2000.257629,2000.257629,2000.257629,2000.257629
9/1/2012,554.883992,699.4901222,572.9653944,645.5341148,645.1292334,572.9653944,949.6793689,3846.897055,1001.757687,1028.392279,2416.916602,1001.757687,1322.495324,2307.825712,1001.757687,1805.44792,2511.182196,1001.757687,99.23669137,98.84489195,0.001001968,0.001005531,0.001008742,0.001011081,951.5599351,951.5599351,951.5599351,2070.742171,2070.742171,2070.742171,2070.742171,2070.742171
9/2/2012,630.5737771,689.3928889,672.2961239,699.8271108,699.4901222,672.2961239,1575.262384,9181.773954,1771.759804,1608.305773,3846.897055,1771.759804,1706.179089,2416.916602,1771.759804,1881.191905,2307.825712,1771.759804,231.8556383,230.7735716,0.001001968,0.001005531,0.001008742,0.001011081,957.5909181,957.5909181,957.5909181,2091.809381,2091.809381,2091.809381,2091.809381,2091.809381
9/3/2012,622.6354874,707.228297,668.3757235,688.4318039,689.3928889,668.3757235,1813.619051,6201.684256,2052.145932,1836.298184,9181.773954,2052.145932,1887.8961,3846.897055,2052.145932,1959.8468,2416.916602,2052.145932,253.7962351,252.5922877,0.001001968,0.001005531,0.001008742,0.001011081,960.2192207,960.2192207,960.2192207,2093.961925,2093.961925,2093.961925,2093.961925,2093.961925
9/4/2012,611.2569732,1495.863364,656.1100623,670.0943586,707.228297,656.1100623,2090.312743,4090.278456,2369.076668,2102.562325,6201.684256,2369.076668,2130.898637,9181.773954,2369.076668,2139.324217,3846.897055,2369.076668,248.7893231,247.6133369,0.001001968,0.001005531,0.001008742,0.001011081,984.4097062,984.4097062,984.4097062,2290.655714,2290.655714,2290.655714,2290.655714,2290.655714
9/5/2012,1471.715833,1705.620077,1653.626223,1497.029154,1495.863364,1653.626223,4859.645669,3366.618224,5630.194966,4759.4568,4090.278456,5630.194966,4734.931054,6201.684256,5630.194966,3388.20157,9181.773954,5630.194966,854.7485204,849.8110951,0.001001968,0.001005531,0.001008742,0.001011081,1103.662122,1103.662122,1103.662122,2709.763505,2709.763505,2709.763505,2709.763505,2709.763505
9/6/2012,1923.095775,2144.530057,2117.86888,1733.95605,1705.620077,2117.86888,9388.804496,4365.527226,11054.8775,8950.432038,3366.618224,11054.8775,8807.807949,4090.278456,11054.8775,9107.922065,6201.684256,11054.8775,925.1791453,919.7725186,0.001001968,0.001005531,0.001008742,0.001011081,1058.109612,1058.109612,1058.109612,3737.535049,3737.535049,3737.535049,3737.535049,3737.535049
9/7/2012,1721.858123,1135.179588,1952.238781,2150.687191,2144.530057,1952.238781,5285.927751,3644.209255,6215.093657,5518.181511,4365.527226,6215.093657,5400.577842,3366.618224,6215.093657,5454.82919,4090.278456,6215.093657,1101.230281,1094.631519,0.001001968,0.001005531,0.001008742,0.001011081,1125.894318,1125.894318,1125.894318,4195.272218,4195.272218,4195.272218,4195.272218,4195.272218
9/8/2012,878.2190506,898.7236551,940.6527514,1113.434029,1135.179588,940.6527514,2750.735749,3198.457864,3113.042441,2924.233713,3644.209255,3113.042441,3210.175194,4365.527226,3113.042441,3832.276672,3366.618224,3113.042441,334.8887616,333.2212421,0.001001968,0.001005531,0.001008742,0.001011081,1189.401654,1189.401654,1189.401654,4435.142226,4435.142226,4435.142226,4435.142226,4435.142226
9/9/2012,718.3305384,696.5115871,759.7286902,904.7621817,898.7236551,759.7286902,2065.353014,2718.865751,2294.543014,2224.000484,3198.457864,2294.543014,2343.475916,3644.209255,2294.543014,2621.983835,4365.527226,2294.543014,199.3337049,198.4289849,0.001001968,0.001005531,0.001008742,0.001011081,1221.360058,1221.360058,1221.360058,4610.377789,4610.377789,4610.377789,4610.377789,4610.377789
9/10/2012,968.6662548,1620.215278,997.1781045,710.0447976,696.5115871,997.1781045,3523.926455,2643.665472,3969.060755,3210.815369,2718.865751,3969.060755,3316.953104,3198.457864,3969.060755,3670.801181,3644.209255,3969.060755,144.6632801,144.0460072,0.001001968,0.001005531,0.001008742,0.001011081,1239.098753,1239.098753,1239.098753,4902.564866,4902.564866,4902.564866,4902.564866,4902.564866
9/11/2012,1443.960377,1207.620008,1625.343941,1621.071977,1620.215278,1625.343941,3502.044603,2409.979721,4084.203502,3538.654015,2643.665472,4084.203502,3501.443789,2718.865751,4084.203502,2994.770638,3198.457864,4084.203502,894.0334842,888.8349315,0.001001968,0.001005531,0.001008742,0.001011081,1347.98343,1347.98343,1347.98343,5042.12969,5042.12969,5042.12969,5042.12969,5042.12969
9/12/2012,959.1438591,753.5830525,1055.96405,1207.594602,1207.620008,1055.96405,2895.033271,2220.760075,3334.487544,3055.89328,2409.979721,3334.487544,3135.0562,2643.665472,3334.487544,3426.127062,2718.865751,3334.487544,508.1124482,505.4022549,0.001001968,0.001005531,0.001008742,0.001011081,1335.495048,1335.495048,1335.495048,4884.666201,4884.666201,4884.666201,4884.666201,4884.666201
9/13/2012,640.019101,690.3338547,678.0568003,753.5880949,753.5830525,678.0568003,1697.91993,2130.913966,1893.034181,1776.625091,2220.760075,1893.034181,1953.503276,2409.979721,1893.034181,2319.530477,2643.665472,1893.034181,215.5842573,214.5914438,0.001001968,0.001005531,0.001008742,0.001011081,1242.140027,1242.140027,1242.140027,3912.970401,3912.970401,3912.970401,3912.970401,3912.970401
9/14/2012,617.1628486,655.2010159,658.2011116,689.1984876,690.3338547,658.2011116,1807.042343,2955.690072,2034.342162,1839.453458,2130.913966,2034.342162,1936.681685,2220.760075,2034.342162,2112.559761,2409.979721,2034.342162,232.4186512,231.3334783,0.001001968,0.001005531,0.001008742,0.001011081,1083.672335,1083.672335,1083.672335,3369.521248,3369.521248,3369.521248,3369.521248,3369.521248
9/15/2012,591.6422502,663.1438989,631.533684,655.6216682,655.2010159,631.533684,1880.99783,4124.127696,2123.735806,1904.290164,2955.690072,2123.735806,1945.318046,2130.913966,2123.735806,2056.324389,2220.760075,2123.735806,226.0797646,225.0294952,0.001001968,0.001005531,0.001008742,0.001011081,985.0829663,985.0829663,985.0829663,3058.58691,3058.58691,3058.58691,3058.58691,3058.58691
9/16/2012,626.3952844,719.7931516,672.362025,663.9518522,663.1438989,672.362025,1872.175575,11312.56452,2116.599644,1865.735964,4124.127696,2116.599644,1908.850997,2955.690072,2116.599644,1942.124127,2130.913966,2116.599644,258.7210886,257.4895561,0.001001968,0.001005531,0.001008742,0.001011081,940.3116571,940.3116571,940.3116571,2878.612079,2878.612079,2878.612079,2878.612079,2878.612079
9/17/2012,629.0833463,1312.157228,684.6145885,706.4094877,719.7931516,684.6145885,1861.442868,15444.9078,2118.096836,1888.973699,11312.56452,2118.096836,1925.656721,4124.127696,2118.096836,1929.869227,2955.690072,2118.096836,309.4698237,307.9496345,0.001001968,0.001005531,0.001008742,0.001011081,921.4580839,921.4580839,921.4580839,2605.642951,2605.642951,2605.642951,2605.642951,2605.642951
9/18/2012,783.1717898,3455.160055,856.2196652,877.0525167,1312.157228,856.2196652,4069.445316,15234.5449,4533.670426,4114.182766,15444.9078,4533.670426,4088.26133,11312.56452,4533.670426,2651.414299,4124.127696,4533.670426,382.5705383,380.6223038,0.001001968,0.001005531,0.001008742,0.001011081,828.2913448,828.2913448,828.2913448,2722.366534,2722.366534,2722.366534,2722.366534,2722.366534
9/19/2012,3578.859158,2432.820534,3866.604578,3639.556568,3455.160055,3866.604578,10610.64881,13312.06584,11788.86389,10678.54505,15234.5449,11788.86389,8830.132615,15444.9078,11788.86389,5090.309533,11312.56452,11788.86389,588.709652,585.49582,0.001001968,0.001005531,0.001008742,0.001011081,878.014096,878.014096,878.014096,3370.037394,3370.037394,3370.037394,3370.037394,3370.037394
9/20/2012,6417.866779,14785.97146,6484.35552,2607.240377,2432.820534,6484.35552,15562.58066,10896.12835,17157.71401,11612.07869,13312.06584,17157.71401,11697.73685,15234.5449,17157.71401,13499.77013,15444.9078,17157.71401,0.001000564,0.001006515,0.001001968,0.001005531,0.001008742,0.001011081,1157.422278,1157.422278,1157.422278,4966.550224,4966.550224,4966.550224,4966.550224,4966.550224
9/21/2012,12130.48583,7422.817962,14686.24099,14794.24343,14785.97146,14686.24099,19927.72488,9032.13999,25016.71339,20863.30291,10896.12835,25016.71339,20714.79355,13312.06584,25016.71339,12180.52308,15234.5449,25016.71339,9818.732635,9741.608746,0.001001968,0.001005531,0.001008742,0.001011081,2796.3718,2796.3718,2796.3718,6719.593823,6719.593823,6719.593823,6719.593823,6719.593823
9/22/2012,4073.196156,1992.875016,4723.867863,7377.16896,7422.817962,4723.867863,13402.89079,5532.915119,16110.14649,16128.56754,9032.13999,16110.14649,16901.45156,10896.12835,16110.14649,22050.55031,13312.06584,16110.14649,2809.000192,2789.928512,0.001001968,0.001005531,0.001008742,0.001011081,3804.026967,3804.026967,3804.026967,8748.697987,8748.697987,8748.697987,8748.697987,8748.697987
9/23/2012,1337.518362,1557.56472,1356.085877,2012.152416,1992.875016,1356.085877,1839.066542,4545.916261,1875.236779,2521.148931,5532.915119,1875.236779,5121.296567,9032.13999,1875.236779,8436.071126,10896.12835,1875.236779,0.001000564,0.001006515,0.001001968,0.001005531,0.001008742,0.001011081,4363.416807,4363.416807,4363.416807,10591.6986,10591.6986,10591.6986,10591.6986,10591.6986
9/24/2012,1541.160717,2100.691349,1600.781102,1583.687448,1557.56472,1600.781102,4023.384478,3760.795321,4483.308137,4004.323104,4545.916261,4483.308137,4699.974927,5532.915119,4483.308137,7180.153204,9032.13999,4483.308137,278.9882472,277.6423695,0.001001968,0.001005531,0.001008742,0.001011081,4586.127223,4586.127223,4586.127223,11396.41169,11396.41169,11396.41169,11396.41169,11396.41169
9/25/2012,1798.641883,1682.624853,1985.161135,2095.127312,2100.691349,1985.161135,5424.405594,3248.325897,6283.644947,5553.172693,3760.795321,6283.644947,5738.540519,4545.916261,6283.644947,5960.420502,5532.915119,6283.644947,896.5487866,891.3334639,0.001001968,0.001005531,0.001008742,0.001011081,4783.16237,4783.16237,4783.16237,11602.85539,11602.85539,11602.85539,11602.85539,11602.85539
9/26/2012,1404.753197,1571.077871,1522.066536,1678.614811,1682.624853,1522.066536,4103.553231,4692.720159,4688.685134,4270.866898,3248.325897,4688.685134,4431.028549,3760.795321,4688.685134,4949.564654,4545.916261,4688.685134,578.6649847,575.5144614,0.001001968,0.001005531,0.001008742,0.001011081,4812.004446,4812.004446,4812.004446,11166.42897,11166.42897,11166.42897,11166.42897,11166.42897
9/27/2012,1377.296995,1607.961416,1479.233766,1512.23542,1571.077871,1479.233766,3334.882572,6087.867563,3765.637395,3389.217247,4692.720159,3765.637395,3543.710523,3248.325897,3765.637395,3787.874417,3760.795321,3765.637395,500.9807996,498.3146696,0.001001968,0.001005531,0.001008742,0.001011081,4631.255955,4631.255955,4631.255955,9775.852579,9775.852579,9775.852579,9775.852579,9775.852579
9/28/2012,1703.367757,2548.679277,1777.606907,1552.716201,1607.961416,1777.606907,3482.130749,6098.782956,3825.492207,3282.140882,6087.867563,3825.492207,3144.335823,4692.720159,3825.492207,3315.206597,3248.325897,3825.492207,310.6536206,309.1266084,0.001001968,0.001005531,0.001008742,0.001011081,3083.749299,3083.749299,3083.749299,8198.149426,8198.149426,8198.149426,8198.149426,8198.149426
9/29/2012,2824.095311,3710.978164,3025.789245,2602.988084,2548.679277,3025.789245,4248.417151,8142.796731,4705.883375,3912.186582,6098.782956,4705.883375,3604.817881,6087.867563,4705.883375,2918.602779,4692.720159,4705.883375,848.6278369,843.7309591,0.001001968,0.001005531,0.001008742,0.001011081,2286.800759,2286.800759,2286.800759,6363.566025,6363.566025,6363.566025,6363.566025,6363.566025
9/30/2012,3672.755238,3877.658089,4089.493981,3747.358447,3710.978164,4089.493981,6318.034369,11171.07511,7327.628903,6108.698459,8142.796731,7327.628903,6244.491225,6098.782956,7327.628903,4936.046217,6087.867563,7327.628903,1834.585097,1822.794677,0.001001968,0.001005531,0.001008742,0.001011081,2130.987819,2130.987819,2130.987819,4976.992464,4976.992464,4976.992464,4976.992464,4976.992464
10/1/2012,3062.025018,2778.298328,3486.163748,3878.93153,3877.658089,3486.163748,6275.303985,8171.364506,7410.954503,6786.578801,11171.07511,7410.954503,7025.451154,8142.796731,7410.954503,6875.153553,6098.782956,7410.954503,1896.593301,1884.350687,0.001001968,0.001005531,0.001008742,0.001011081,2344.344689,2344.344689,2344.344689,4823.986283,4823.986283,4823.986283,4823.986283,4823.986283
10/2/2012,1833.361623,3458.65854,1987.9163,2288.104671,2778.298328,1987.9163,4046.475389,6847.146507,4586.110865,4383.805849,8171.364506,4586.110865,4923.568277,11171.07511,4586.110865,5983.048561,8142.796731,4586.110865,745.914104,741.691832,0.001001968,0.001005531,0.001008742,0.001011081,2422.433126,2422.433126,2422.433126,4941.771662,4941.771662,4941.771662,4941.771662,4941.771662
10/3/2012,3193.541029,3414.257651,3620.504171,3645.410101,3458.65854,3620.504171,7179.913726,6022.554423,8412.805753,7354.362935,6847.146507,8412.805753,7780.993668,8171.364506,8412.805753,6571.684505,11171.07511,8412.805753,1720.552673,1709.589126,0.001001968,0.001005531,0.001008742,0.001011081,2704.602561,2704.602561,2704.602561,5480.544863,5480.544863,5480.544863,5480.544863,5480.544863
10/4/2012,2996.115064,2617.858665,3388.112999,3451.395743,3414.257651,3388.112999,10031.89684,5433.485248,11873.81421,10134.89298,6022.554423,11873.81421,10260.04577,6847.146507,11873.81421,11013.45087,8171.364506,11873.81421,1652.473013,1642.000085,0.001001968,0.001005531,0.001008742,0.001011081,2959.543349,2959.543349,2959.543349,6442.788014,6442.788014,6442.788014,6442.788014,6442.788014
10/5/2012,2440.828893,2628.727716,2694.76546,2683.016609,2617.858665,2694.76546,5986.801124,5174.472526,6906.543615,6041.543763,5433.485248,6906.543615,6356.801642,6022.554423,6906.543615,6988.943625,6847.146507,6906.543615,1083.556631,1077.078699,0.001001968,0.001005531,0.001008742,0.001011081,3164.444766,3164.444766,3164.444766,7042.915186,7042.915186,7042.915186,7042.915186,7042.915186
10/6/2012,2427.539817,2196.92908,2693.935659,2673.964054,2628.727716,2693.935659,5222.283739,4771.288761,6029.431009,5279.719221,5174.472526,6029.431009,5499.774271,5433.485248,6029.431009,5805.037958,6022.554423,6029.431009,1172.839425,1165.74866,0.001001968,0.001005531,0.001008742,0.001011081,3242.7103,3242.7103,3242.7103,7477.16196,7477.16196,7477.16196,7477.16196,7477.16196
10/7/2012,1899.334732,1906.044563,2099.635828,2189.066774,2196.92908,2099.635828,4462.921146,4475.226698,5138.344583,4603.081523,4771.288761,5138.344583,4921.105571,5174.472526,5138.344583,5345.43615,5433.485248,5138.344583,918.5989413,913.2363502,0.001001968,0.001005531,0.001008742,0.001011081,3079.433098,3079.433098,3079.433098,7525.450059,7525.450059,7525.450059,7525.450059,7525.450059
10/8/2012,1697.891744,1785.396142,1861.651983,1918.905992,1906.044563,1861.651983,3983.059626,4202.540928,4554.068918,4082.796757,4475.226698,4554.068918,4302.352575,4771.288761,4554.068918,4704.138056,5174.472526,4554.068918,755.2465893,750.9634976,0.001001968,0.001005531,0.001008742,0.001011081,2831.915826,2831.915826,2831.915826,7310.861148,7310.861148,7310.861148,7310.861148,7310.861148
10/9/2012,1592.979872,1651.648863,1745.498553,1784.077824,1785.396142,1745.498553,3947.303237,3776.137725,4518.667355,4020.58839,4202.540928,4518.667355,4194.188679,4475.226698,4518.667355,4437.154012,4771.288761,4518.667355,713.2582916,709.2480459,0.001001968,0.001005531,0.001008742,0.001011081,2709.474635,2709.474635,2709.474635,7084.578879,7084.578879,7084.578879,7084.578879,7084.578879
10/10/2012,1466.001706,1659.023078,1604.685794,1631.873133,1651.648863,1604.685794,3764.373421,3380.016598,4307.833493,3820.697435,3776.137725,4307.833493,3997.630428,4202.540928,4307.833493,4210.661927,4475.226698,4307.833493,654.9662838,651.3313068,0.001001968,0.001005531,0.001008742,0.001011081,2419.422146,2419.422146,2419.422146,6527.73043,6527.73043,6527.73043,6527.73043,6527.73043
10/11/2012,1503.215984,1487.030772,1653.896395,1675.134514,1659.023078,1653.896395,3679.766487,3191.522351,4220.732091,3737.421124,3380.016598,4220.732091,3857.818923,3776.137725,4220.732091,3958.497184,4202.540928,4220.732091,704.0284096,700.0778629,0.001001968,0.001005531,0.001008742,0.001011081,2178.281098,2178.281098,2178.281098,5569.144223,5569.144223,5569.144223,5569.144223,5569.144223
10/12/2012,1348.736685,1336.104015,1473.561906,1497.997209,1487.030772,1473.561906,3410.082359,4142.971096,3895.60502,3460.579798,3191.522351,3895.60502,3584.784474,3380.016598,3895.60502,3807.399157,3776.137725,3895.60502,595.4011152,592.1450277,0.001001968,0.001005531,0.001008742,0.001011081,1993.20098,1993.20098,1993.20098,5026.456669,5026.456669,5026.456669,5026.456669,5026.456669
10/13/2012,1179.513705,1227.345515,1281.696409,1312.00228,1336.104015,1281.696409,2922.647565,4540.704254,3319.228822,2975.169522,4142.971096,3319.228822,3110.996455,3191.522351,3319.228822,3323.967395,3380.016598,3319.228822,497.395709,494.7516971,0.001001968,0.001005531,0.001008742,0.001011081,1804.762592,1804.762592,1804.762592,4610.320688,4610.320688,4610.320688,4610.320688,4610.320688
10/14/2012,1152.702969,1367.103902,1241.23291,1225.484318,1227.345515,1241.23291,2708.953859,3752.538936,3051.909254,2714.604803,4540.704254,3051.909254,2799.70876,4142.971096,3051.909254,2967.612058,3191.522351,3051.909254,423.7532697,421.558473,0.001001968,0.001005531,0.001008742,0.001011081,1646.687177,1646.687177,1646.687177,4268.509343,4268.509343,4268.509343,4268.509343,4268.509343
10/15/2012,1228.380121,1597.267711,1334.8749,1319.437911,1367.103902,1334.8749,2767.517263,2581.754606,3133.586716,2780.592999,3752.538936,3133.586716,2845.529419,4540.704254,3133.586716,2821.499642,4142.971096,3133.586716,513.221455,510.4796429,0.001001968,0.001005531,0.001008742,0.001011081,1544.353595,1544.353595,1544.353595,3978.45079,3978.45079,3978.45079,3978.45079,3978.45079
10/16/2012,1459.959421,1428.320109,1614.206533,1623.671253,1597.267711,1614.206533,3966.745393,6865.818635,4574.956396,4009.493485,2581.754606,4574.956396,4045.823266,3752.538936,4574.956396,3802.529798,4540.704254,4574.956396,713.5749006,709.5626052,0.001001968,0.001005531,0.001008742,0.001011081,1502.077929,1502.077929,1502.077929,3882.476766,3882.476766,3882.476766,3882.476766,3882.476766
10/17/2012,1321.52848,2578.138444,1445.652965,1449.051669,1428.320109,1445.652965,4053.849984,12171.83348,4665.141636,4068.84484,6865.818635,4665.141636,4145.599013,2581.754606,4665.141636,4352.633358,3752.538936,4665.141636,589.3707444,586.1527407,0.001001968,0.001005531,0.001008742,0.001011081,1465.832699,1465.832699,1465.832699,3896.863567,3896.863567,3896.863567,3896.863567,3896.863567
10/18/2012,1118.267481,5301.979567,1219.054147,1240.659915,2578.138444,1219.054147,2952.495075,17121.3207,3360.850523,2993.83181,12171.83348,3360.850523,3142.412639,6865.818635,3360.850523,3313.077316,2581.754606,3360.850523,494.2576559,491.632986,0.001001968,0.001005531,0.001008742,0.001011081,1413.196405,1413.196405,1413.196405,3821.764116,3821.764116,3821.764116,3821.764116,3821.764116
10/19/2012,4495.887891,7573.683717,4936.679337,4462.781703,5301.979567,4936.679337,6364.908951,14965.21026,7097.509591,6191.603635,17121.3207,7097.509591,5367.968358,12171.83348,7097.509591,2386.715296,6865.818635,7097.509591,1257.005438,1249.331648,0.001001968,0.001005531,0.001008742,0.001011081,1673.631956,1673.631956,1673.631956,3880.306241,3880.306241,3880.306241,3880.306241,3880.306241
10/20/2012,9078.808752,9011.690577,10117.39671,8757.651579,7573.683717,10117.39671,15068.02744,11018.64344,17293.38209,14234.61371,14965.21026,17293.38209,13388.80264,17121.3207,17293.38209,9250.156063,12171.83348,17293.38209,3192.886761,3170.860451,0.001001968,0.001005531,0.001008742,0.001011081,2517.023636,2517.023636,2517.023636,4976.808451,4976.808451,4976.808451,4976.808451,4976.808451
10/21/2012,9377.75882,9896.569497,10674.25481,9505.117302,9011.690577,10674.25481,16176.29887,9825.818356,19132.11713,15465.38608,11018.64344,19132.11713,16270.95657,14965.21026,19132.11713,14939.51231,17121.3207,19132.11713,4885.258695,4849.788618,0.001001968,0.001005531,0.001008742,0.001011081,3658.823921,3658.823921,3658.823921,6599.019476,6599.019476,6599.019476,6599.019476,6599.019476
10/22/2012,7751.657582,5311.341737,9173.604566,9934.556659,9896.569497,9173.604566,14858.01819,8726.974731,18161.19542,16055.77673,9825.818356,18161.19542,17089.97379,11018.64344,18161.19542,17089.35499,14965.21026,18161.19542,5630.451626,5588.890542,0.001001968,0.001005531,0.001008742,0.001011081,4859.661851,4859.661851,4859.661851,8508.008377,8508.008377,8508.008377,8508.008377,8508.008377
10/23/2012,3692.328323,3188.283452,4137.322495,5141.479818,5311.341737,4137.322495,8061.714993,7309.901077,9390.851164,9191.147371,8726.974731,9390.851164,10513.23286,9825.818356,9390.851164,14398.13864,11018.64344,9390.851164,1891.745996,1879.538794,0.001001968,0.001005531,0.001008742,0.001011081,5512.351932,5512.351932,5512.351932,9971.728707,9971.728707,9971.728707,9971.728707,9971.728707
10/24/2012,2936.771482,3779.36905,3140.098076,3245.510232,3188.283452,3140.098076,3858.905778,6571.176523,4181.880997,4078.627091,7309.901077,4181.880997,5186.611327,8726.974731,4181.880997,7200.057651,9825.818356,4181.880997,784.2297663,779.7571703,0.001001968,0.001005531,0.001008742,0.001011081,5902.934537,5902.934537,5902.934537,10754.50964,10754.50964,10754.50964,10754.50964,10754.50964
10/25/2012,3584.514992,3862.803005,3965.591712,3853.922352,3779.36905,3965.591712,6532.054881,6464.798039,7514.646503,6553.470577,6571.176523,7514.646503,6986.540836,7309.901077,7514.646503,7326.441894,8726.974731,7514.646503,1593.421614,1583.372309,0.001001968,0.001005531,0.001008742,0.001011081,6284.323665,6284.323665,6284.323665,11337.95818,11337.95818,11337.95818,11337.95818,11337.95818
10/26/2012,3274.404404,2935.99789,3688.201515,3884.78514,3862.803005,3688.201515,6958.474904,10869.29432,8130.129693,7276.47251,6464.798039,8130.129693,7665.81959,6571.176523,8130.129693,7804.963752,7309.901077,8130.129693,1778.087036,1766.707073,0.001001968,0.001005531,0.001008742,0.001011081,6367.60275,6367.60275,6367.60275,11759.52473,11759.52473,11759.52473,11759.52473,11759.52473
10/27/2012,2480.677709,2415.068524,2743.467187,2945.864978,2935.99789,2743.467187,5258.997307,12443.33091,6034.020729,5541.965393,10869.29432,6034.020729,6024.940183,6464.798039,6034.020729,6817.857083,6571.176523,6034.020729,1158.895112,1151.900453,0.001001968,0.001005531,0.001008742,0.001011081,5788.448935,5788.448935,5788.448935,11138.26604,11138.26604,11138.26604,11138.26604,11138.26604
10/28/2012,2118.318958,2808.728517,2319.944872,2420.300382,2415.068524,2319.944872,4308.125964,12912.30068,4888.407083,4475.392617,12443.33091,4888.407083,4876.149909,10869.29432,4888.407083,5518.111907,6464.798039,4888.407083,901.2218646,895.9753696,0.001001968,0.001005531,0.001008742,0.001011081,4848.426739,4848.426739,4848.426739,9928.157499,9928.157499,9928.157499,9928.157499,9928.157499
10/29/2012,2008.185082,3626.287364,2203.151999,2258.06696,2808.728517,2203.151999,4817.494378,12823.03773,5492.859808,4926.476128,12912.30068,5492.859808,5188.54264,12443.33091,5492.859808,5438.790661,10869.29432,5492.859808,878.3310729,873.2370744,0.001001968,0.001005531,0.001008742,0.001011081,3801.055957,3801.055957,3801.055957,8424.830071,8424.830071,8424.830071,8424.830071,8424.830071
10/30/2012,3007.377099,3831.393247,3311.751418,3588.410495,3626.287364,3311.751418,12047.5857,10410.45969,13836.47641,12412.82822,12823.03773,13836.47641,11932.69525,12912.30068,13836.47641,9712.530528,12443.33091,13836.47641,1050.722301,1044.468192,0.001001968,0.001005531,0.001008742,0.001011081,3352.065174,3352.065174,3352.065174,8164.188863,8164.188863,8164.188863,8164.188863,8164.188863
10/31/2012,4649.080779,6515.437991,4993.724613,4107.947128,3831.393247,4993.724613,14689.38662,9132.391585,16732.0708,13884.19973,10410.45969,16732.0708,13586.92101,12823.03773,16732.0708,13075.92358,12912.30068,16732.0708,1145.831362,1138.926611,0.001001968,0.001005531,0.001008742,0.001011081,3283.950636,3283.950636,3283.950636,8890.373878,8890.373878,8890.373878,8890.373878,8890.373878
11/1/2012,6350.206308,5816.753342,7278.430176,6614.108097,6515.437991,7278.430176,13725.76876,8404.233328,16213.4957,13352.05821,9132.391585,16213.4957,13872.31273,10410.45969,16213.4957,12188.79772,12823.03773,16213.4957,3703.821652,3677.802534,0.001001968,0.001005531,0.001008742,0.001011081,3625.408283,3625.408283,3625.408283,9652.479809,9652.479809,9652.479809,9652.479809,9652.479809
11/2/2012,4620.063037,3355.670673,5292.17227,5834.555539,5816.753342,5292.17227,11173.04291,7142.196514,13185.37054,11902.26784,8404.233328,13185.37054,12158.73443,9132.391585,13185.37054,13508.9345,10410.45969,13185.37054,2778.930232,2760.088177,0.001001968,0.001005531,0.001008742,0.001011081,3857.758295,3857.758295,3857.758295,10307.6561,10307.6561,10307.6561,10307.6561,10307.6561
11/3/2012,2901.098441,3145.335426,3146.309558,3368.052205,3355.670673,3146.309558,5840.230305,6460.375071,6538.946037,6156.118064,7142.196514,6538.946037,7037.297926,8404.233328,6538.946037,8850.045838,9132.391585,6538.946037,1041.358665,1035.168227,0.001001968,0.001005531,0.001008742,0.001011081,3976.731813,3976.731813,3976.731813,10763.48516,10763.48516,10763.48516,10763.48516,10763.48516
11/4/2012,2844.734308,3063.984436,3111.641787,3153.105619,3145.335426,3111.641787,5533.351551,6326.32443,6244.506936,5674.191261,6460.375071,6244.506936,6191.617112,7142.196514,6244.506936,7015.761058,8404.233328,6244.506936,1152.896718,1145.943357,0.001001968,0.001005531,0.001008742,0.001011081,4089.692669,4089.692669,4089.692669,11066.06655,11066.06655,11066.06655,11066.06655,11066.06655
11/5/2012,2677.418893,2735.561264,2950.989428,3067.775616,3063.984436,2950.989428,6120.351296,5635.088706,7004.784341,6316.926604,6326.32443,7004.784341,6624.318808,6460.375071,7004.784341,7091.996835,7142.196514,7004.784341,1194.427118,1187.18729,0.001001968,0.001005531,0.001008742,0.001011081,4203.235305,4203.235305,4203.235305,11231.50136,11231.50136,11231.50136,11231.50136,11231.50136
11/6/2012,2427.784562,2551.059327,2666.470811,2736.647706,2735.561264,2666.470811,5388.240854,5229.307582,6142.882568,5530.826222,5635.088706,6142.882568,5880.750458,6326.32443,6142.882568,6299.128007,6460.375071,6142.882568,1052.482526,1046.21644,0.001001968,0.001005531,0.001008742,0.001011081,4192.829943,4192.829943,4192.829943,10363.22872,10363.22872,10363.22872,10363.22872,10363.22872
11/7/2012,2265.912505,2367.796612,2488.820383,2551.066692,2551.059327,2488.820383,4928.084131,4937.405552,5612.910926,5059.907628,5229.307582,5612.910926,5338.516283,5635.088706,5612.910926,5705.49122,6326.32443,5612.910926,990.3722632,984.5272446,0.001001968,0.001005531,0.001008742,0.001011081,4041.812097,4041.812097,4041.812097,9051.258171,9051.258171,9051.258171,9051.258171,9051.258171
11/8/2012,2122.70227,2253.12713,2327.012955,2367.093838,2367.796612,2327.012955,4946.82214,4722.985366,5641.019438,5043.904596,4937.405552,5641.019438,5285.331789,5229.307582,5641.019438,5583.343121,5635.088706,5641.019438,914.0175161,908.6855608,0.001001968,0.001005531,0.001008742,0.001011081,3481.996382,3481.996382,3481.996382,8015.772123,8015.772123,8015.772123,8015.772123,8015.772123
11/9/2012,2027.223907,2153.04595,2222.626552,2251.936505,2253.12713,2222.626552,4490.990001,4551.64204,5110.158758,4579.526483,4722.985366,5110.158758,4795.070689,4937.405552,5110.158758,5028.368348,5229.307582,5110.158758,879.535172,874.4331644,0.001001968,0.001005531,0.001008742,0.001011081,3017.865538,3017.865538,3017.865538,7063.622579,7063.622579,7063.622579,7063.622579,7063.622579
11/10/2012,1938.340163,2061.417126,2125.093353,2151.522309,2153.04595,2125.093353,4230.502113,6767.793514,4809.526218,4314.662651,4551.64204,4809.526218,4511.663571,4722.985366,4809.526218,4701.03649,4937.405552,4809.526218,845.4368335,840.5610801,0.001001968,0.001005531,0.001008742,0.001011081,2753.246274,2753.246274,2753.246274,6322.80928,6322.80928,6322.80928,6322.80928,6322.80928
11/11/2012,1860.287604,2078.334291,2039.146299,2059.669179,2061.417126,2039.146299,4040.582631,7335.729211,4591.555136,4116.655192,6767.793514,4591.555136,4303.09742,4551.64204,4591.555136,4472.757231,4722.985366,4591.555136,814.0998846,809.4310304,0.001001968,0.001005531,0.001008742,0.001011081,2561.052012,2561.052012,2561.052012,5821.717894,5821.717894,5821.717894,5821.717894,5821.717894
11/12/2012,1793.728064,2758.951243,1967.107932,1986.594591,2078.334291,1967.107932,3898.162309,7039.199703,4429.754957,3971.58474,7335.729211,4429.754957,4146.562521,6767.793514,4429.754957,4288.253299,4551.64204,4429.754957,793.1627378,788.6315486,0.001001968,0.001005531,0.001008742,0.001011081,2397.377717,2397.377717,2397.377717,5458.831045,5458.831045,5458.831045,5458.831045,5458.831045
11/13/2012,2644.895451,3582.662789,2915.160643,2752.786345,2758.951243,2915.160643,5121.052748,6455.701733,5809.126125,5074.755821,7039.199703,5809.126125,4968.114968,7335.729211,5809.126125,4209.074222,6767.793514,5809.126125,1137.629471,1130.781102,0.001001968,0.001005531,0.001008742,0.001011081,2328.208783,2328.208783,2328.208783,5214.825029,5214.825029,5214.825029,5214.825029,5214.825029
11/14/2012,3620.650725,4008.616064,4005.67687,3626.668955,3582.662789,4005.67687,7918.317767,5870.31337,9118.708746,7657.463177,6455.701733,9118.708746,7536.671654,7039.199703,9118.708746,6891.867385,7335.729211,9118.708746,1609.676613,1599.510881,0.001001968,0.001005531,0.001008742,0.001011081,2408.663007,2408.663007,2408.663007,5422.98292,5422.98292,5422.98292,5422.98292,5422.98292
11/15/2012,3514.491923,2938.65174,3980.970144,4022.754382,4008.616064,3980.970144,7365.112804,5282.499147,8625.125454,7548.617336,5870.31337,8625.125454,7872.669542,6455.701733,8625.125454,7374.559537,7039.199703,8625.125454,2005.533659,1992.492452,0.001001968,0.001005531,0.001008742,0.001011081,2622.48456,2622.48456,2622.48456,5710.399729,5710.399729,5710.399729,5710.399729,5710.399729
11/16/2012,2426.27417,2224.862398,2689.048536,2936.568445,2938.65174,2689.048536,5422.408241,4786.636357,6232.859374,5745.691877,5282.499147,6232.859374,6170.081605,5870.31337,6232.859374,7130.779618,6455.701733,6232.859374,1173.39323,1166.298645,0.001001968,0.001005531,0.001008742,0.001011081,2742.357498,2742.357498,2742.357498,5978.105242,5978.105242,5978.105242,5978.105242,5978.105242
11/17/2012,1971.530951,2176.990707,2140.817071,2219.581113,2224.862398,2140.817071,3973.229666,4542.257492,4469.541871,4109.764103,4786.636357,4469.541871,4540.889557,5282.499147,4469.541871,5284.83531,5870.31337,4469.541871,766.6821039,762.3243531,0.001001968,0.001005531,0.001008742,0.001011081,2786.7904,2786.7904,2786.7904,6138.834245,6138.834245,6138.834245,6138.834245,6138.834245
11/18/2012,1962.225415,2122.575563,2145.361678,2173.138997,2176.990707,2145.361678,4177.968958,4373.563656,4740.649395,4262.494494,4542.257492,4740.649395,4508.859681,4786.636357,4740.649395,4835.991326,5282.499147,4740.649395,833.0729411,828.2789393,0.001001968,0.001005531,0.001008742,0.001011081,2811.028494,2811.028494,2811.028494,6208.613122,6208.613122,6208.613122,6208.613122,6208.613122
11/19/2012,1914.03555,2043.355613,2097.826385,2120.173155,2122.575563,2097.826385,4199.399074,4224.118986,4780.753687,4275.805291,4373.563656,4780.753687,4465.603472,4542.257492,4780.753687,4652.329592,4786.636357,4780.753687,839.5295144,834.6928403,0.001001968,0.001005531,0.001008742,0.001011081,2831.438855,2831.438855,2831.438855,6242.543111,6242.543111,6242.543111,6242.543111,6242.543111
11/20/2012,1840.944306,1963.469935,2018.084833,2040.630773,2043.355613,2018.084833,3926.336833,4059.460609,4464.260979,4003.367576,4224.118986,4464.260979,4183.844588,4373.563656,4464.260979,4336.769861,4542.257492,4464.260979,813.1924878,808.5296094,0.001001968,0.001005531,0.001008742,0.001011081,2782.853966,2782.853966,2782.853966,6209.136404,6209.136404,6209.136404,6209.136404,6209.136404
11/21/2012,1769.039817,1890.23069,1938.935639,1960.005314,1963.469935,1938.935639,3749.334181,3932.714163,4260.161107,3823.242944,4059.460609,4260.161107,3997.406586,4224.118986,4260.161107,4139.290207,4373.563656,4260.161107,783.6598341,779.1909735,0.001001968,0.001005531,0.001008742,0.001011081,2608.228409,2608.228409,2608.228409,5770.125865,5770.125865,5770.125865,5770.125865,5770.125865
11/22/2012,1703.89753,1824.321135,1867.412332,1886.56919,1890.23069,1867.412332,3619.87906,3870.854544,4112.181358,3689.823161,3932.714163,4112.181358,3856.089866,4059.460609,4112.181358,3989.298943,4224.118986,4112.181358,757.4141215,753.1168899,0.001001968,0.001005531,0.001008742,0.001011081,2317.684803,2317.684803,2317.684803,5241.701881,5241.701881,5241.701881,5241.701881,5241.701881
11/23/2012,1643.910539,1748.739724,1801.65185,1819.056269,1824.321135,1801.65185,3508.468782,3880.30114,3984.864853,3574.74586,3870.854544,3984.864853,3733.299788,3932.714163,3984.864853,3855.469263,4059.460609,3984.864853,733.559971,729.4180576,0.001001968,0.001005531,0.001008742,0.001011081,2131.139061,2131.139061,2131.139061,4797.536055,4797.536055,4797.536055,4797.536055,4797.536055
11/24/2012,1593.381012,1729.231279,1743.296768,1747.812892,1748.739724,1743.296768,3394.214163,4365.827405,3848.47308,3445.451106,3880.30114,3848.47308,3592.816109,3870.854544,3848.47308,3712.804017,3932.714163,3848.47308,699.3248517,695.404688,0.001001968,0.001005531,0.001008742,0.001011081,2025.517221,2025.517221,2025.517221,4490.095801,4490.095801,4490.095801,4490.095801,4490.095801
11/25/2012,1560.117575,1677.176437,1711.135226,1728.091273,1729.231279,1711.135226,3306.692964,3934.362995,3755.530592,3370.972866,4365.827405,3755.530592,3507.262911,3880.30114,3755.530592,3593.907499,3870.854544,3755.530592,707.2770594,703.305512,0.001001968,0.001005531,0.001008742,0.001011081,1949.176904,1949.176904,1949.176904,4289.675663,4289.675663,4289.675663,4289.675663,4289.675663
11/26/2012,1511.003245,1679.332374,1658.401695,1670.94562,1677.176437,1658.401695,3262.71348,3658.046805,3709.4899,3320.191169,3934.362995,3709.4899,3469.074378,4365.827405,3709.4899,3560.914132,3880.30114,3709.4899,693.8303725,689.9456668,0.001001968,0.001005531,0.001008742,0.001011081,1882.336783,1882.336783,1882.336783,4143.53757,4143.53757,4143.53757,4143.53757,4143.53757
11/27/2012,1524.680495,1722.215073,1673.922989,1678.339543,1679.332374,1673.922989,3349.25074,3521.225684,3810.143178,3399.258344,3658.046805,3810.143178,3510.869685,3934.362995,3810.143178,3561.155056,4365.827405,3810.143178,700.6160235,696.6875221,0.001001968,0.001005531,0.001008742,0.001011081,1823.520817,1823.520817,1823.520817,4034.914382,4034.914382,4034.914382,4034.914382,4034.914382
11/28/2012,1547.319314,1535.948627,1705.099144,1722.890962,1722.215073,1705.099144,3802.949277,3561.518745,4357.34237,3859.670484,3521.225684,4357.34237,3957.066216,3658.046805,4357.34237,3994.233006,3934.362995,4357.34237,739.6605069,735.478934,0.001001968,0.001005531,0.001008742,0.001011081,1781.411336,1781.411336,1781.411336,4024.765034,4024.765034,4024.765034,4024.765034,4024.765034
11/29/2012,1381.362398,1443.577376,1514.610213,1534.159739,1535.948627,1514.610213,3269.337628,3835.169788,3722.980278,3324.276009,3561.518745,3722.980278,3493.053605,3521.225684,3722.980278,3655.604516,3658.046805,3722.980278,633.6424632,630.1436788,0.001001968,0.001005531,0.001008742,0.001011081,1735.508957,1735.508957,1735.508957,3978.316042,3978.316042,3978.316042,3978.316042,3978.316042
11/30/2012,1305.52517,1396.803583,1430.352339,1441.725101,1443.577376,1430.352339,2941.874657,4003.141274,3339.501867,2989.642395,3835.169788,3339.501867,3133.332895,3561.518745,3339.501867,3293.41973,3521.225684,3339.501867,597.960762,594.6884937,0.001001968,0.001005531,0.001008742,0.001011081,1683.204299,1683.204299,1683.204299,3900.573623,3900.573623,3900.573623,3900.573623,3900.573623
12/1/2012,1270.027955,1447.432273,1390.939455,1394.98892,1396.803583,1390.939455,2899.880103,4073.407362,3290.183067,2938.750069,4003.141274,3290.183067,3053.056024,3835.169788,3290.183067,3156.710865,3561.518745,3290.183067,581.6888948,578.5193282,0.001001968,0.001005531,0.001008742,0.001011081,1631.353709,1631.353709,1631.353709,3818.307234,3818.307234,3818.307234,3818.307234,3818.307234
12/2/2012,1286.270367,1762.972654,1410.61081,1419.096629,1447.432273,1410.61081,3079.538235,3941.468487,3501.778204,3122.074872,4073.407362,3501.778204,3198.07781,4003.141274,3501.778204,3225.940696,3835.169788,3501.778204,596.9049304,593.6393377,0.001001968,0.001005531,0.001008742,0.001011081,1582.14019,1582.14019,1582.14019,3769.778172,3769.778172,3769.778172,3769.778172,3769.778172
12/3/2012,1603.779016,1916.776532,1784.945016,1748.675142,1762.972654,1784.945016,3713.52636,3699.127796,4271.162295,3730.597638,3941.468487,4271.162295,3808.174091,4073.407362,4271.162295,3548.237672,4003.141274,4271.162295,843.1951072,838.3341879,0.001001968,0.001005531,0.001008742,0.001011081,1579.360497,1579.360497,1579.360497,3783.934222,3783.934222,3783.934222,3783.934222,3783.934222
12/4/2012,1712.907825,1740.376655,1920.41222,1922.277216,1916.776532,1920.41222,3948.285713,4382.242578,4565.880535,4013.011686,3699.127796,4565.880535,4122.469382,3941.468487,4565.880535,3975.691523,4073.407362,4565.880535,955.7585916,950.1468042,0.001001968,0.001005531,0.001008742,0.001011081,1606.803726,1606.803726,1606.803726,3831.119855,3831.119855,3831.119855,3831.119855,3831.119855
12/5/2012,1623.429153,1734.588391,1794.352456,1748.141569,1740.376655,1794.352456,3655.365171,4767.717882,4180.032528,3661.331474,4382.242578,4180.032528,3790.910302,3699.127796,4180.032528,3945.056457,3941.468487,4180.032528,793.9372575,789.400984,0.001001968,0.001005531,0.001008742,0.001011081,1612.051129,1612.051129,1612.051129,3814.83441,3814.83441,3814.83441,3814.83441,3814.83441
12/6/2012,1553.813308,1575.435808,1716.558038,1737.881279,1734.588391,1716.558038,3282.367092,5225.434985,3743.80074,3355.946573,4767.717882,3743.80074,3447.284272,4382.242578,3743.80074,3563.507984,3699.127796,3743.80074,762.7105154,758.3787105,0.001001968,0.001005531,0.001008742,0.001011081,1625.445589,1625.445589,1625.445589,3822.996655,3822.996655,3822.996655,3822.996655,3822.996655
12/7/2012,1365.265231,1675.211554,1502.840113,1539.545641,1575.435808,1502.840113,2989.693538,5327.618368,3398.713435,3069.561041,5225.434985,3398.713435,3255.419911,4767.717882,3398.713435,3385.927505,4382.242578,3398.713435,654.8347349,651.2005999,0.001001968,0.001005531,0.001008742,0.001011081,1643.261546,1643.261546,1643.261546,3840.220198,3840.220198,3840.220198,3840.220198,3840.220198
12/8/2012,1627.507892,2346.447609,1773.633556,1670.946698,1675.211554,1773.633556,3994.109175,4815.651265,4543.288779,3931.602728,5327.618368,4543.288779,3939.020133,5225.434985,4543.288779,3956.316045,4767.717882,4543.288779,665.2307861,661.5300389,0.001001968,0.001005531,0.001008742,0.001011081,1666.591247,1666.591247,1666.591247,3981.113313,3981.113313,3981.113313,3981.113313,3981.113313
12/9/2012,2222.281478,2511.436847,2466.947445,2330.980621,2346.447609,2466.947445,4904.936926,5064.388258,5658.47283,4839.257876,4815.651265,5658.47283,4796.790417,5327.618368,5658.47283,4380.607799,5225.434985,5658.47283,1100.15991,1093.568473,0.001001968,0.001005531,0.001008742,0.001011081,1766.751753,1766.751753,1766.751753,4172.035517,4172.035517,4172.035517,4172.035517,4172.035517
12/10/2012,2387.136933,2510.238262,2655.494239,2490.781065,2511.436847,2655.494239,5458.791626,5281.337318,6317.695007,5368.267442,5064.388258,6317.695007,5523.827351,4815.651265,6317.695007,5201.410815,5327.618368,6317.695007,1203.537468,1196.234632,0.001001968,0.001005531,0.001008742,0.001011081,1874.227006,1874.227006,1874.227006,4412.744179,4412.744179,4412.744179,4412.744179,4412.744179
12/11/2012,2516.709508,2858.799246,2737.014656,2523.292123,2510.238262,2737.014656,5311.870258,5066.155287,6039.993181,5163.189729,5281.337318,6039.993181,5077.209651,5064.388258,6039.993181,5273.571534,4815.651265,6039.993181,977.4525324,971.6946911,0.001001968,0.001005531,0.001008742,0.001011081,1933.611781,1933.611781,1933.611781,4634.131961,4634.131961,4634.131961,4634.131961,4634.131961
12/12/2012,2672.893697,2983.963938,2934.330988,2871.547414,2858.799246,2934.330988,4596.155796,4745.946401,5228.740917,4625.66257,5066.155287,5228.740917,4670.517307,5281.337318,5228.740917,4360.409571,5064.388258,5228.740917,1172.495389,1165.406997,0.001001968,0.001005531,0.001008742,0.001011081,2069.533691,2069.533691,2069.533691,4764.047395,4764.047395,4764.047395,4764.047395,4764.047395
12/13/2012,2529.07255,2309.239679,2829.817531,2982.884122,2983.963938,2829.817531,4742.070896,4786.963959,5493.861377,4992.385505,4745.946401,5493.861377,5298.167211,5066.155287,5493.861377,5048.704764,5281.337318,5493.861377,1358.008173,1349.628414,0.001001968,0.001005531,0.001008742,0.001011081,2259.525716,2259.525716,2259.525716,4964.519509,4964.519509,4964.519509,4964.519509,4964.519509
12/14/2012,1968.100906,1990.05107,2159.438787,2307.640825,2309.239679,2159.438787,4092.799613,5077.874953,4671.944357,4296.37811,4786.963959,4671.944357,4637.686425,4745.946401,4671.944357,5244.475116,5066.155287,4671.944357,887.2141537,882.0610364,0.001001968,0.001005531,0.001008742,0.001011081,2386.101125,2386.101125,2386.101125,5198.239388,5198.239388,5198.239388,5198.239388,5198.239388
12/15/2012,1776.804056,1967.396535,1936.555367,1988.530363,1990.05107,1936.555367,3462.189655,5926.117737,3917.165309,3565.348427,5077.874953,3917.165309,3864.617295,4786.963959,3917.165309,4257.677107,4745.946401,3917.165309,748.6387032,744.3986852,0.001001968,0.001005531,0.001008742,0.001011081,2468.827579,2468.827579,2468.827579,5255.337078,5255.337078,5255.337078,5255.337078,5255.337078
12/16/2012,1743.58464,2287.602231,1909.542708,1940.043507,1967.396535,1909.542708,3623.478239,6728.763828,4123.770174,3702.921567,5926.117737,4123.770174,3903.9562,5077.874953,4123.770174,4098.663621,4786.963959,4123.770174,780.140587,775.6947839,0.001001968,0.001005531,0.001008742,0.001011081,2455.699742,2455.699742,2455.699742,5186.788863,5186.788863,5186.788863,5186.788863,5186.788863
12/17/2012,1936.268144,3052.027694,2146.298404,2166.416068,2287.602231,2146.298404,4190.386956,15058.80642,4819.171863,4273.460765,6728.763828,4819.171863,4410.945126,5926.117737,4819.171863,4303.477945,5077.874953,4819.171863,961.2298095,955.5812265,0.001001968,0.001005531,0.001008742,0.001011081,2412.980394,2412.980394,2412.980394,5044.836206,5044.836206,5044.836206,5044.836206,5044.836206
12/18/2012,3159.396105,4193.165172,3476.201455,3052.084102,3052.027694,3476.201455,6045.430075,24077.66618,6905.741675,5741.691506,15058.80642,6905.741675,5572.541386,6728.763828,6905.741675,4894.561263,5926.117737,6905.741675,1313.593455,1305.524955,0.001001968,0.001005531,0.001008742,0.001011081,2464.254587,2464.254587,2464.254587,4997.783772,4997.783772,4997.783772,4997.783772,4997.783772
12/19/2012,4274.859988,5777.806909,4739.789614,4231.389075,4193.165172,4739.789614,7581.272116,17201.83847,8736.092244,7235.000934,24077.66618,8736.092244,7069.734034,15058.80642,8736.092244,6102.893741,6728.763828,8736.092244,1951.201183,1938.558911,0.001001968,0.001005531,0.001008742,0.001011081,2605.529742,2605.529742,2605.529742,5224.880571,5224.880571,5224.880571,5224.880571,5224.880571
12/20/2012,4493.410232,11272.8659,5129.731393,5116.455141,5777.806909,5129.731393,7661.648455,17108.03367,9058.515881,7864.253201,17201.83847,9058.515881,8230.960153,24077.66618,9058.515881,7160.965637,15058.80642,9058.515881,2690.418436,2672.250672,0.001001968,0.001005531,0.001008742,0.001011081,2875.411509,2875.411509,2875.411509,5546.378331,5546.378331,5546.378331,5546.378331,5546.378331
12/21/2012,10392.62599,12369.22209,12286.80656,11347.22584,11272.8659,12286.80656,22391.74647,16293.8341,27089.82318,22157.39001,17108.03367,27089.82318,22608.19928,17201.83847,27089.82318,15237.72164,24077.66618,27089.82318,7002.793893,6949.802781,0.001001968,0.001005531,0.001008742,0.001011081,3963.941736,3963.941736,3963.941736,7398.235195,7398.235195,7398.235195,7398.235195,7398.235195
12/22/2012,10273.53007,5332.922495,12018.22182,12601.12989,12369.22209,12018.22182,27328.80783,11906.20384,33013.20284,28398.93657,16293.8341,33013.20284,27766.59105,17108.03367,33013.20284,28292.1553,17201.83847,33013.20284,6411.838317,6363.800182,0.001001968,0.001005531,0.001008742,0.001011081,5183.282568,5183.282568,5183.282568,10712.90403,10712.90403,10712.90403,10712.90403,10712.90403
12/23/2012,5337.42249,7426.005955,5754.004149,5422.101938,5332.922495,5754.004149,9483.082782,11576.65158,10564.28872,9331.31105,11906.20384,10564.28872,11776.83935,16293.8341,10564.28872,15922.84872,17108.03367,10564.28872,1621.048034,1610.800771,0.001001968,0.001005531,0.001008742,0.001011081,5972.077718,5972.077718,5972.077718,12818.33789,12818.33789,12818.33789,12818.33789,12818.33789
12/24/2012,6457.10452,5886.110856,7441.534879,7450.453386,7426.005955,7441.534879,10492.32695,10754.44067,12458.15563,10865.19178,11576.65158,12458.15563,11982.33336,11906.20384,12458.15563,12351.60577,16293.8341,12458.15563,3967.324691,3939.222347,0.001001968,0.001005531,0.001008742,0.001011081,6760.70659,6760.70659,6760.70659,14347.11303,14347.11303,14347.11303,14347.11303,14347.11303
12/25/2012,4755.715097,4236.094919,5391.849423,5901.507655,5886.110856,5391.849423,11461.16581,8800.452383,13511.67348,12129.87541,10754.44067,13511.67348,12776.76137,11576.65158,13511.67348,14766.07082,11906.20384,13511.67348,2638.811971,2621.036209,0.001001968,0.001005531,0.001008742,0.001011081,7251.704363,7251.704363,7251.704363,15468.28633,15468.28633,15468.28633,15468.28633,15468.28633
12/26/2012,3657.720854,4172.559963,4039.667576,4246.621536,4236.094919,4039.667576,6914.045673,8067.812377,7908.18268,7255.256634,8800.452383,7908.18268,8175.582183,10754.44067,7908.18268,9609.021479,11576.65158,7908.18268,1623.679072,1613.412935,0.001001968,0.001005531,0.001008742,0.001011081,7418.582448,7418.582448,7418.582448,16096.61639,16096.61639,16096.61639,16096.61639,16096.61639
12/27/2012,3628.422346,3790.582241,4062.224669,4179.848707,4172.559963,4062.224669,8170.507449,7563.389539,9503.035494,8416.185316,8067.812377,9503.035494,9033.142556,8800.452383,9503.035494,9560.835139,10754.44067,9503.035494,1851.973182,1840.056137,0.001001968,0.001005531,0.001008742,0.001011081,7352.14186,7352.14186,7352.14186,16520.1836,16520.1836,16520.1836,16520.1836,16520.1836
12/28/2012,3322.585545,3505.917716,3704.906379,3795.643336,3790.582241,3704.906379,8170.072187,7015.222376,9503.374004,8357.493253,7563.389539,9503.374004,8800.991876,8067.812377,9503.374004,9511.677996,8800.452383,9503.374004,1648.954489,1638.506853,0.001001968,0.001005531,0.001008742,0.001011081,6471.693823,6471.693823,6471.693823,15300.24624,15300.24624,15300.24624,15300.24624,15300.24624
12/29/2012,3085.879491,3275.32707,3435.440514,3509.404449,3505.917716,3435.440514,6519.245116,6554.995003,7527.684666,6701.049853,7015.222376,7527.684666,7119.278187,7563.389539,7527.684666,7561.016133,8067.812377,7527.684666,1520.925646,1511.393858,0.001001968,0.001005531,0.001008742,0.001011081,5465.389734,5465.389734,5465.389734,12478.16856,12478.16856,12478.16856,12478.16856,12478.16856
12/30/2012,2890.989475,3080.704995,3216.016731,3277.677517,3275.32707,3216.016731,6251.319257,6214.765355,7217.452716,6410.240407,6554.995003,7217.452716,6785.841484,7015.222376,7217.452716,7164.49431,7563.389539,7217.452716,1425.383443,1416.529169,0.001001968,0.001005531,0.001008742,0.001011081,4874.85374,4874.85374,4874.85374,10843.95351,10843.95351,10843.95351,10843.95351,10843.95351
12/31/2012,2724.979664,2912.165472,3029.82574,3082.221866,3080.704995,3029.82574,5920.047368,5919.055864,6833.321382,6062.743129,6214.765355,6833.321382,6403.880247,6554.995003,6833.321382,6747.087419,7015.222376,6833.321382,1346.522719,1338.223571,0.001001968,0.001005531,0.001008742,0.001011081,4235.723293,4235.723293,4235.723293,9689.287688,9689.287688,9689.287688,9689.287688,9689.287688
1/1/2013,2580.225355,2763.939456,2867.819014,2913.063,2912.165472,2867.819014,5540.422656,5666.138477,6387.543448,5672.358276,5919.055864,6387.543448,5987.965142,6214.765355,6387.543448,6268.863969,6554.995003,6387.543448,1278.793723,1270.968208,0.001001968,0.001005531,0.001008742,0.001011081,3796.351948,3796.351948,3796.351948,8759.128977,8759.128977,8759.128977,8759.128977,8759.128977
1/2/2013,2452.185729,2631.797649,2724.776373,2764.37247,2763.939456,2724.776373,5229.042328,5510.211372,6024.119307,5351.609477,5666.138477,6024.119307,5645.703988,5919.055864,6024.119307,5901.417544,6214.765355,6024.119307,1219.643523,1212.229154,0.001001968,0.001005531,0.001008742,0.001011081,3508.985854,3508.985854,3508.985854,8070.764527,8070.764527,8070.764527,8070.764527,8070.764527
1/3/2013,2337.495925,2512.643323,2596.830183,2631.880331,2631.797649,2596.830183,4987.844806,5403.374826,5743.373081,5101.899593,5510.211372,5743.373081,5377.059525,5666.138477,5743.373081,5604.220057,5919.055864,5743.373081,1167.163118,1160.111492,0.001001968,0.001005531,0.001008742,0.001011081,3258.633951,3258.633951,3258.633951,7411.572922,7411.572922,7411.572922,7411.572922,7411.572922
1/4/2013,2233.670933,2401.969324,2481.132874,2512.461133,2512.643323,2481.132874,4782.698489,5309.604088,5504.646657,4889.311888,5403.374826,5504.646657,5147.990505,5510.211372,5504.646657,5351.991816,5666.138477,5504.646657,1119.971076,1113.243925,0.001001968,0.001005531,0.001008742,0.001011081,3061.042414,3061.042414,3061.042414,6836.748378,6836.748378,6836.748378,6836.748378,6836.748378
1/5/2013,2140.8063,2310.204166,2377.013303,2401.586967,2401.969324,2377.013303,4598.226216,5174.268157,5290.232886,4694.299127,5309.604088,5290.232886,4937.873507,5403.374826,5290.232886,5134.651722,5510.211372,5290.232886,1074.864048,1068.445454,0.001001968,0.001005531,0.001008742,0.001011081,2890.502759,2890.502759,2890.502759,6445.925964,6445.925964,6445.925964,6445.925964,6445.925964
1/6/2013,2063.790852,2228.304824,2291.098987,2309.671282,2310.204166,2291.098987,4508.327398,5060.192887,5186.834653,4594.573087,5174.268157,5186.834653,4821.562935,5309.604088,5186.834653,4985.525571,5403.374826,5186.834653,1039.553651,1033.375478,0.001001968,0.001005531,0.001008742,0.001011081,2741.541889,2741.541889,2741.541889,6116.849555,6116.849555,6116.849555,6116.849555,6116.849555
1/7/2013,2012.63767,2198.820508,2230.836979,2227.659799,2228.304824,2230.836979,4484.788126,4964.403344,5156.601659,4544.721293,5060.192887,5156.601659,4751.2996,5174.268157,5156.601659,4906.478296,5309.604088,5156.601659,1002.498378,996.5714063,0.001001968,0.001005531,0.001008742,0.001011081,2609.834885,2609.834885,2609.834885,5842.541412,5842.541412,5842.541412,5842.541412,5842.541412
1/8/2013,1977.920449,2133.706639,2192.402315,2198.093196,2198.820508,2192.402315,4454.499435,6746.871151,5123.598977,4521.280109,4964.403344,5123.598977,4695.103123,5060.192887,5123.598977,4819.571558,5174.268157,5123.598977,988.2886744,982.4577249,0.001001968,0.001005531,0.001008742,0.001011081,2495.853823,2495.853823,2495.853823,5627.7511,5627.7511,5627.7511,5627.7511,5627.7511
1/9/2013,1951.714646,2109.725168,2154.753616,2132.918089,2133.706639,2154.753616,4388.16345,7373.770491,5035.898515,4423.40516,6746.871151,5035.898515,4587.731364,4964.403344,5035.898515,4722.753808,5060.192887,5035.898515,938.9834953,933.4843587,0.001001968,0.001005531,0.001008742,0.001011081,2395.471569,2395.471569,2395.471569,5455.867495,5455.867495,5455.867495,5455.867495,5455.867495
1/10/2013,1990.944774,2236.173923,2183.999641,2108.846346,2109.725168,2183.999641,4403.326476,6784.066561,5030.662499,4382.438052,7373.770491,5030.662499,4503.109505,6746.871151,5030.662499,4606.841206,4964.403344,5030.662499,895.152291,889.9462798,0.001001968,0.001005531,0.001008742,0.001011081,2306.919652,2306.919652,2306.919652,5318.66676,5318.66676,5318.66676,5318.66676,5318.66676
1/11/2013,2124.289242,3075.156948,2323.015801,2213.881324,2236.173923,2323.015801,4539.701534,8088.745317,5173.340763,4487.965384,6784.066561,5173.340763,4555.697857,7373.770491,5173.340763,4545.016625,6746.871151,5173.340763,920.15132,914.7783438,0.001001968,0.001005531,0.001008742,0.001011081,2242.921223,2242.921223,2242.921223,5214.965133,5214.965133,5214.965133,5214.965133,5214.965133
1/12/2013,2838.757048,3887.763773,3171.535966,3035.188587,3075.156948,3171.535966,6932.686449,11876.40988,8069.6268,6881.845199,8088.745317,8069.6268,6887.089221,6784.066561,8069.6268,6146.250168,7373.770491,8069.6268,1475.624835,1466.414944,0.001001968,0.001005531,0.001008742,0.001011081,2289.758707,2289.758707,2289.758707,5429.453665,5429.453665,5429.453665,5429.453665,5429.453665
1/13/2013,3452.547105,4423.967714,3889.746144,3810.177151,3887.763773,3889.746144,8068.377133,12054.5818,9441.384882,8111.779656,11876.40988,9441.384882,8114.273969,8088.745317,9441.384882,7433.212655,6784.066561,9441.384882,1877.962065,1865.855503,0.001001968,0.001005531,0.001008742,0.001011081,2448.858876,2448.858876,2448.858876,5803.80939,5803.80939,5803.80939,5803.80939,5803.80939
1/14/2013,4291.112126,4787.674743,4801.415217,4431.296073,4423.967714,4801.415217,7834.464694,10219.63052,9064.932418,7654.034834,12054.5818,9064.932418,7777.513445,11876.40988,9064.932418,7044.801999,8088.745317,9064.932418,2117.33335,2103.467351,0.001001968,0.001005531,0.001008742,0.001011081,2714.687009,2714.687009,2714.687009,6158.058511,6158.058511,6158.058511,6158.058511,6158.058511
1/15/2013,4583.021874,5595.249669,5107.91207,4801.584483,4787.674743,5107.91207,8558.075674,9257.962841,9892.510991,8433.012976,10219.63052,9892.510991,8570.774697,12054.5818,9892.510991,8299.077466,11876.40988,9892.510991,2199.758913,2185.281592,0.001001968,0.001005531,0.001008742,0.001011081,3042.470467,3042.470467,3042.470467,6699.349679,6699.349679,6699.349679,6699.349679,6699.349679
1/16/2013,4849.670312,4676.939538,5528.355023,5599.804906,5595.249669,5528.355023,11194.46206,8496.055625,13258.2151,11447.10945,9257.962841,13258.2151,11801.54725,10219.63052,13258.2151,11124.84872,12054.5818,13258.2151,2836.424959,2817.143615,0.001001968,0.001005531,0.001008742,0.001011081,3510.11076,3510.11076,3510.11076,7746.888405,7746.888405,7746.888405,7746.888405,7746.888405
1/17/2013,3997.208236,4009.977137,4480.428164,4680.228406,4676.939538,4480.428164,10094.09207,7885.801064,11836.99891,10400.335,8496.055625,11836.99891,10875.07506,9257.962841,11836.99891,11761.10122,10219.63052,11836.99891,2063.637185,2050.167969,0.001001968,0.001005531,0.001008742,0.001011081,3899.673986,3899.673986,3899.673986,8796.28002,8796.28002,8796.28002,8796.28002,8796.28002
1/18/2013,3504.501004,3730.973312,3890.173844,4012.155853,4009.977137,3890.173844,7292.721436,7460.891322,8430.888803,7529.976754,7885.801064,8430.888803,8097.580667,8496.055625,8430.888803,8813.781109,9257.962841,8430.888803,1671.690891,1661.079706,0.001001968,0.001005531,0.001008742,0.001011081,4206.278274,4206.278274,4206.278274,9525.13702,9525.13702,9525.13702,9525.13702,9525.13702
1/19/2013,3280.924453,3456.967077,3642.988721,3731.565562,3730.973312,3642.988721,6859.625783,7164.825035,7932.064665,7055.491523,7460.891322,7932.064665,7521.47976,7885.801064,7932.064665,8032.940409,8496.055625,7932.064665,1581.746304,1571.780538,0.001001968,0.001005531,0.001008742,0.001011081,4366.835911,4366.835911,4366.835911,9772.849997,9772.849997,9772.849997,9772.849997,9772.849997
1/20/2013,3113.624572,3364.796801,3440.797802,3457.540966,3456.967077,3440.797802,6586.984468,6933.811411,7590.44272,6699.510516,7164.825035,7590.44272,7078.296001,7460.891322,7590.44272,7500.814722,7885.801064,7590.44272,1439.504947,1430.550869,0.001001968,0.001005531,0.001008742,0.001011081,4382.339051,4382.339051,4382.339051,9772.848752,9772.848752,9772.848752,9772.848752,9772.848752
1/21/2013,3109.523881,3500.107318,3426.11513,3365.26844,3364.796801,3426.11513,6384.326321,6774.546369,7339.11153,6416.707513,6933.811411,7339.11153,6709.125147,7164.825035,7339.11153,7008.885066,7460.891322,7339.11153,1399.577419,1390.905222,0.001001968,0.001005531,0.001008742,0.001011081,4279.887692,4279.887692,4279.887692,9740.883694,9740.883694,9740.883694,9740.883694,9740.883694
1/22/2013,3143.582779,3333.926275,3487.257431,3500.282268,3500.107318,3487.257431,6287.733216,6518.845885,7264.09001,6404.511913,6774.546369,7264.09001,6659.637436,6933.811411,7264.09001,6714.83685,7164.825035,7264.09001,1519.755437,1510.231979,0.001001968,0.001005531,0.001008742,0.001011081,4133.589045,4133.589045,4133.589045,9488.215551,9488.215551,9488.215551,9488.215551,9488.215551
1/23/2013,2951.280032,3117.954708,3268.247993,3333.885377,3333.926275,3268.247993,6023.65902,6256.551908,6949.813918,6182.757903,6518.845885,6949.813918,6486.118178,6774.546369,6949.813918,6674.764211,6933.811411,6949.813918,1412.144426,1403.383611,0.001001968,0.001005531,0.001008742,0.001011081,3843.36223,3843.36223,3843.36223,8725.192071,8725.192071,8725.192071,8725.192071,8725.192071
1/24/2013,2768.236705,2967.479482,3058.671138,3117.757419,3117.954708,3058.671138,5605.110622,6015.048207,6452.261394,5750.587744,6256.551908,6452.261394,6082.506251,6518.845885,6452.261394,6353.327805,6774.546369,6452.261394,1303.874893,1295.874331,0.001001968,0.001005531,0.001008742,0.001011081,3615.766246,3615.766246,3615.766246,7937.464346,7937.464346,7937.464346,7937.464346,7937.464346
1/25/2013,2638.318528,2833.278142,2915.451467,2967.167499,2967.479482,2915.451467,5437.448996,6373.731979,6258.343526,5570.315284,6015.048207,6258.343526,5880.825038,6256.551908,6258.343526,6113.392746,6518.845885,6258.343526,1251.203282,1243.569841,0.001001968,0.001005531,0.001008742,0.001011081,3441.817747,3441.817747,3441.817747,7436.040066,7436.040066,7436.040066,7436.040066,7436.040066
1/26/2013,2521.321648,2710.061482,2786.728149,2832.883125,2833.278142,2786.728149,5273.109285,6485.090057,6068.675881,5395.973789,6373.731979,6068.675881,5686.342904,6015.048207,6068.675881,5904.010589,6256.551908,6068.675881,1204.718987,1197.407975,0.001001968,0.001005531,0.001008742,0.001011081,3299.186571,3299.186571,3299.186571,7092.865995,7092.865995,7092.865995,7092.865995,7092.865995
1/27/2013,2413.4109,2600.485087,2667.914234,2709.607296,2710.061482,2667.914234,5078.913368,16085.35482,5843.291068,5194.020215,6485.090057,5843.291068,5468.109087,6373.731979,5843.291068,5672.167942,6015.048207,5843.291068,1161.289212,1154.278063,0.001001968,0.001005531,0.001008742,0.001011081,3185.012209,3185.012209,3185.012209,6821.686755,6821.686755,6821.686755,6821.686755,6821.686755
1/28/2013,2313.393204,2806.732117,2557.743312,2595.721027,2600.485087,2557.743312,4901.441775,28510.9383,5636.988391,5009.781775,16085.35482,5636.988391,5269.524644,6485.090057,5636.988391,5457.415842,6373.731979,5636.988391,1120.668526,1113.936592,0.001001968,0.001005531,0.001008742,0.001011081,3078.13948,3078.13948,3078.13948,6581.923675,6581.923675,6581.923675,6581.923675,6581.923675
1/29/2013,2451.196952,5053.795525,2718.479879,2711.461652,2806.732117,2718.479879,5499.339831,23367.99187,6349.66997,5564.677147,28510.9383,6349.66997,5742.399153,16085.35482,6349.66997,5751.344557,6485.090057,6349.66997,1211.418671,1204.061281,0.001001968,0.001005531,0.001008742,0.001011081,2964.844364,2964.844364,2964.844364,6446.373094,6446.373094,6446.373094,6446.373094,6446.373094
1/30/2013,4019.124807,12227.07516,4428.400215,3838.284752,5053.795525,4428.400215,7563.567301,19697.61291,8674.095776,7121.332186,23367.99187,8674.095776,6917.288866,28510.9383,8674.095776,6108.166231,16085.35482,8674.095776,1707.926622,1697.054242,0.001001968,0.001005531,0.001008742,0.001011081,2953.815061,2953.815061,2953.815061,6402.558702,6402.558702,6402.558702,6402.558702,6402.558702
1/31/2013,13258.45151,15506.21701,15334.92332,12772.20367,12227.07516,15334.92332,26523.85728,17947.49322,31842.12347,24736.91458,19697.61291,31842.12347,24466.97874,23367.99187,31842.12347,15732.26523,28510.9383,31842.12347,7379.741369,7323.56854,0.001001968,0.001005531,0.001008742,0.001011081,4033.548884,4033.548884,4033.548884,8190.942809,8190.942809,8190.942809,8190.942809,8190.942809
2/1/2013,14239.61958,12420.84549,16629.30074,15878.92855,15506.21701,16629.30074,34716.26009,15174.90385,42366.14926,34545.29105,17947.49322,42366.14926,34194.53963,19697.61291,42366.14926,32795.70095,23367.99187,42366.14926,8853.60634,8784.842826,0.001001968,0.001005531,0.001008742,0.001011081,5553.941477,5553.941477,5553.941477,11902.43791,11902.43791,11902.43791,11902.43791,11902.43791
2/2/2013,9173.820858,6411.128384,10753.01694,12463.57571,12420.84549,10753.01694,17544.95257,11858.02117,21293.47147,19749.65479,15174.90385,21293.47147,21440.81819,17947.49322,21293.47147,23020.77978,19697.61291,21293.47147,6165.08245,6119.09897,0.001001968,0.001005531,0.001008742,0.001011081,6962.43919,6962.43919,6962.43919,14693.45302,14693.45302,14693.45302,14693.45302,14693.45302
2/3/2013,5044.639337,5144.100677,5572.100109,6437.322841,6411.128384,5572.100109,9471.726442,10069.7278,10887.65054,10516.57236,11858.02117,10887.65054,12921.56783,15174.90385,10887.65054,17630.16486,17947.49322,10887.65054,2183.760862,2169.402402,0.001001968,0.001005531,0.001008742,0.001011081,7766.428166,7766.428166,7766.428166,16758.16651,16758.16651,16758.16651,16758.16651,16758.16651
2/4/2013,4373.246302,4756.935079,4838.593464,5162.051245,5144.100677,4838.593464,8354.094633,9152.264336,9615.461769,8833.662209,10069.7278,9615.461769,10228.27054,11858.02117,9615.461769,12708.91318,15174.90385,9615.461769,1958.107267,1945.414358,0.001001968,0.001005531,0.001008742,0.001011081,8268.334188,8268.334188,8268.334188,18099.38805,18099.38805,18099.38805,18099.38805,18099.38805
2/5/2013,4107.167775,4345.434934,4583.673815,4769.661515,4756.935079,4583.673815,9511.842502,8481.390698,11097.01343,9818.714159,9152.264336,11097.01343,10602.36824,10069.7278,11097.01343,11813.75225,11858.02117,11097.01343,2023.446888,2010.273878,0.001001968,0.001005531,0.001008742,0.001011081,8627.848522,8627.848522,8627.848522,18907.04108,18907.04108,18907.04108,18907.04108,18907.04108
2/6/2013,3773.850917,3988.991626,4216.722345,4354.690803,4345.434934,4216.722345,8354.407827,7899.758108,9731.729415,8614.687631,8481.390698,9731.729415,9226.610073,9152.264336,9731.729415,9987.701062,10069.7278,9731.729415,1900.283692,1888.014112,0.001001968,0.001005531,0.001008742,0.001011081,8816.096291,8816.096291,8816.096291,19401.4348,19401.4348,19401.4348,19401.4348,19401.4348
2/7/2013,3479.294764,3695.911681,3886.73202,3995.85561,3988.991626,3886.73202,7414.197258,7561.157045,8619.539838,7642.663846,7899.758108,8619.539838,8172.638625,8481.390698,8619.539838,8757.61865,9152.264336,8619.539838,1765.592343,1754.30295,0.001001968,0.001005531,0.001008742,0.001011081,7877.001476,7877.001476,7877.001476,17952.08683,17952.08683,17952.08683,17952.08683,17952.08683
2/8/2013,3234.313225,3450.85429,3612.184047,3701.077996,3695.911681,3612.184047,6927.147486,7862.699857,8044.932486,7127.041395,7561.157045,8044.932486,7594.47716,7899.758108,8044.932486,8047.331524,8481.390698,8044.932486,1652.084705,1641.614568,0.001001968,0.001005531,0.001008742,0.001011081,6472.261938,6472.261938,6472.261938,14525.29874,14525.29874,14525.29874,14525.29874,14525.29874
2/9/2013,3027.562841,3241.550247,3380.713828,3454.786413,3450.85429,3380.713828,6561.812922,7504.924113,7614.035002,6739.137206,7862.699857,7614.035002,7158.26016,7561.157045,7614.035002,7534.741334,7899.758108,7614.035002,1556.50149,1546.716102,0.001001968,0.001005531,0.001008742,0.001011081,5160.742347,5160.742347,5160.742347,11983.63326,11983.63326,11983.63326,11983.63326,11983.63326
2/10/2013,2849.637943,3064.825092,3181.672379,3244.567391,3241.550247,3181.672379,6177.595123,7251.943142,7163.181866,6338.029601,7504.924113,7163.181866,6720.261235,7862.699857,7163.181866,7064.216718,7561.157045,7163.181866,1474.315162,1465.11456,0.001001968,0.001005531,0.001008742,0.001011081,4439.388253,4439.388253,4439.388253,10129.89997,10129.89997,10129.89997,10129.89997,10129.89997
2/11/2013,2698.717752,3016.581125,3013.021745,3067.152787,3064.825092,3013.021745,5986.302677,7055.90104,6939.353173,6131.025788,7251.943142,6939.353173,6478.632655,7504.924113,6939.353173,6761.516896,7862.699857,6939.353173,1404.854421,1396.145024,0.001001968,0.001005531,0.001008742,0.001011081,4009.248776,4009.248776,4009.248776,8990.981833,8990.981833,8990.981833,8990.981833,8990.981833
2/12/2013,2659.791649,2850.803977,2976.338007,3018.382697,3016.581125,2976.338007,6430.954972,7258.146972,7481.708488,6554.333978,7055.90104,7481.708488,6843.463003,7251.943142,7481.708488,7027.712875,7504.924113,7481.708488,1414.255334,1405.479625,0.001001968,0.001005531,0.001008742,0.001011081,3704.384801,3704.384801,3704.384801,8378.726746,8378.726746,8378.726746,8378.726746,8378.726746
2/13/2013,2537.053284,2788.485084,2828.571074,2852.183697,2850.803977,2828.571074,6162.458141,7023.776732,7151.308563,6259.848432,7258.146972,7151.308563,6532.901081,7055.90104,7151.308563,6809.235159,7251.943142,7151.308563,1311.00762,1302.957203,0.001001968,0.001005531,0.001008742,0.001011081,3458.816378,3458.816378,3458.816378,7963.620332,7963.620332,7963.620332,7963.620332,7963.620332
2/14/2013,2546.109262,2859.324788,2832.306785,2789.35467,2788.485084,2832.306785,6029.86758,6794.470767,6983.959016,6061.276454,7023.776732,6983.959016,6314.050861,7258.146972,6983.959016,6490.377474,7055.90104,6983.959016,1290.971257,1283.060804,0.001001968,0.001005531,0.001008742,0.001011081,3261.978254,3261.978254,3261.978254,7661.35652,7661.35652,7661.35652,7661.35652,7661.35652
2/15/2013,2634.1067,2958.518578,2926.174019,2859.502666,2859.324788,2926.174019,6102.195823,6672.381652,7063.171219,6112.503961,6794.470767,7063.171219,6285.738156,7023.776732,7063.171219,6395.062597,7258.146972,7063.171219,1316.740159,1308.649648,0.001001968,0.001005531,0.001008742,0.001011081,3110.63389,3110.63389,3110.63389,7427.260457,7427.260457,7427.260457,7427.260457,7427.260457
2/16/2013,2675.809212,2897.415289,2973.981795,2959.38522,2958.518578,2973.981795,6393.437701,7054.229837,7410.439994,6453.029239,6672.381652,7410.439994,6595.851116,6794.470767,7410.439994,6615.409726,7023.776732,7410.439994,1341.818915,1333.552756,0.001001968,0.001005531,0.001008742,0.001011081,3008.538361,3008.538361,3008.538361,7313.595186,7313.595186,7313.595186,7313.595186,7313.595186
2/17/2013,2626.049392,2877.935736,2909.872606,2898.423529,2897.415289,2909.872606,6124.32701,6688.267359,7083.459569,6184.471673,7054.229837,7083.459569,6393.853931,6672.381652,7083.459569,6509.76478,6794.470767,7083.459569,1283.315288,1275.458247,0.001001968,0.001005531,0.001008742,0.001011081,2941.661437,2941.661437,2941.661437,7253.449167,7253.449167,7253.449167,7253.449167,7253.449167
2/18/2013,2563.642421,2724.262046,2848.199001,2878.308789,2877.935736,2848.199001,5770.411348,6237.193411,6679.045087,5876.771399,6688.267359,6679.045087,6119.180717,7054.229837,6679.045087,6229.930652,6672.381652,6679.045087,1290.933708,1283.023518,0.001001968,0.001005531,0.001008742,0.001011081,2903.555739,2903.555739,2903.555739,7188.558948,7188.558948,7188.558948,7188.558948,7188.558948
2/19/2013,2414.224909,2586.613872,2677.20533,2724.50922,2724.262046,2677.20533,5540.860214,6111.77863,6403.947873,5656.882948,6237.193411,6403.947873,5917.561589,6688.267359,6403.947873,6122.45281,7054.229837,6403.947873,1201.973427,1194.681412,0.001001968,0.001005531,0.001008742,0.001011081,2862.732531,2862.732531,2862.732531,7042.381661,7042.381661,7042.381661,7042.381661,7042.381661
2/20/2013,2294.870428,2466.091481,2543.573569,2586.784852,2586.613872,2543.573569,5761.020294,6177.197476,6671.30385,5858.837822,6111.77863,6671.30385,6110.897544,6237.193411,6671.30385,6333.477604,6688.267359,6671.30385,1143.695416,1136.805352,0.001001968,0.001005531,0.001008742,0.001011081,2827.388404,2827.388404,2827.388404,6988.795252,6988.795252,6988.795252,6988.795252,6988.795252
2/21/2013,2199.042143,2389.94382,2436.112089,2466.202399,2466.091481,2436.112089,5444.674821,6025.031861,6298.509768,5528.291395,6177.197476,6298.509768,5768.002444,6111.77863,6298.509768,6002.39971,6237.193411,6298.509768,1096.363599,1089.798134,0.001001968,0.001005531,0.001008742,0.001011081,2785.613158,2785.613158,2785.613158,6904.861813,6904.861813,6904.861813,6904.861813,6904.861813
2/22/2013,2130.064634,2296.674858,2362.308797,2390.00775,2389.94382,2362.308797,5093.901037,5705.403687,5888.663996,5178.235122,6025.031861,5888.663996,5405.325616,6177.197476,5888.663996,5589.834074,6111.77863,5888.663996,1078.353427,1071.911021,0.001001968,0.001005531,0.001008742,0.001011081,2733.172029,2733.172029,2733.172029,6778.270337,6778.270337,6778.270337,6778.270337,6778.270337
2/23/2013,2043.191852,2218.826228,2265.848389,2296.702492,2296.674858,2265.848389,5039.877279,6757.176732,5825.903417,5122.68952,5705.403687,5825.903417,5336.021512,6025.031861,5825.903417,5501.231378,6177.197476,5825.903417,1039.235584,1033.059572,0.001001968,0.001005531,0.001008742,0.001011081,2656.872035,2656.872035,2656.872035,6594.260808,6594.260808,6594.260808,6594.260808,6594.260808
2/24/2013,1981.80257,2145.189156,2197.691166,2218.826334,2218.826228,2197.691166,5155.076762,7444.909129,5962.356436,5222.440314,6757.176732,5962.356436,5422.452188,5705.403687,5962.356436,5562.684932,6025.031861,5962.356436,1011.51043,1005.522471,0.001001968,0.001005531,0.001008742,0.001011081,2566.770236,2566.770236,2566.770236,6446.775022,6446.775022,6446.775022,6446.775022,6446.775022
2/25/2013,1914.130097,2082.721039,2121.08932,2145.168817,2145.189156,2121.08932,5023.407516,7432.163651,5806.699282,5090.97737,7444.909129,5806.699282,5269.392758,6757.176732,5806.699282,5447.868004,5705.403687,5806.699282,973.847318,968.1137774,0.001001968,0.001005531,0.001008742,0.001011081,2463.425516,2463.425516,2463.425516,6321.732921,6321.732921,6321.732921,6321.732921,6321.732921
2/26/2013,1862.774722,2347.957596,2064.315868,2082.685675,2082.721039,2064.315868,4741.305466,6845.384684,5473.932551,4805.289527,7432.163651,5473.932551,4988.530958,7444.909129,5473.932551,5130.672172,6757.176732,5473.932551,951.7751591,946.1901447,0.001001968,0.001005531,0.001008742,0.001011081,2368.353579,2368.353579,2368.353579,6178.305825,6178.305825,6178.305825,6178.305825,6178.305825
2/27/2013,2079.805605,2982.852381,2338.046301,2345.547682,2347.957596,2338.046301,6093.377223,6823.62184,7112.419757,6152.436181,6845.384684,7112.419757,6318.027107,7432.163651,7112.419757,6058.133066,7444.909129,7112.419757,1196.682782,1189.427358,0.001001968,0.001005531,0.001008742,0.001011081,2320.296418,2320.296418,2320.296418,6153.875793,6153.875793,6153.875793,6153.875793,6153.875793
2/28/2013,2801.317232,3199.149893,3169.970007,2980.487589,2982.852381,3169.970007,7484.673115,6753.84235,8783.184603,7383.93715,6823.62184,8783.184603,7465.57264,6845.384684,8783.184603,7015.459633,7432.163651,8783.184603,1634.251358,1623.909343,0.001001968,0.001005531,0.001008742,0.001011081,2356.532977,2356.532977,2356.532977,6311.73544,6311.73544,6311.73544,6311.73544,6311.73544
3/1/2013,2852.672518,2894.690728,3216.436128,3198.967175,3199.149893,3216.436128,7137.107677,6418.019399,8349.157458,7210.027588,6753.84235,8349.157458,7251.427231,6823.62184,8349.157458,7230.774876,6845.384684,8349.157458,1619.390245,1609.154871,0.001001968,0.001005531,0.001008742,0.001011081,2431.170572,2431.170572,2431.170572,6552.375789,6552.375789,6552.375789,6552.375789,6552.375789
3/2/2013,2570.723272,2724.495099,2876.490214,2894.906968,2894.690728,2876.490214,5860.216778,6099.942645,6800.523013,5964.521809,6418.019399,6800.523013,6271.168873,6753.84235,6800.523013,6431.333641,6823.62184,6800.523013,1383.590282,1375.030679,0.001001968,0.001005531,0.001008742,0.001011081,2518.15846,2518.15846,2518.15846,6728.271297,6728.271297,6728.271297,6728.271297,6728.271297
3/3/2013,2424.620139,2591.558544,2705.5246,2724.539667,2724.495099,2705.5246,5553.310315,5862.071742,6433.971609,5649.371832,6099.942645,6433.971609,5935.75379,6418.019399,6433.971609,6233.328026,6753.84235,6433.971609,1282.837745,1274.984034,0.001001968,0.001005531,0.001008742,0.001011081,2592.941081,2592.941081,2592.941081,6841.727067,6841.727067,6841.727067,6841.727067,6841.727067
3/4/2013,2292.841523,2445.226022,2555.830266,2591.519745,2591.558544,2555.830266,5396.27178,5932.047068,6252.357193,5500.380891,5862.071742,6252.357193,5759.491331,6099.942645,6252.357193,6020.359516,6418.019399,6252.357193,1210.158177,1202.809516,0.001001968,0.001005531,0.001008742,0.001011081,2660.05331,2660.05331,2660.05331,6928.966461,6928.966461,6928.966461,6928.966461,6928.966461
3/5/2013,2166.591361,2294.803305,2411.497224,2445.163634,2445.226022,2411.497224,5156.065898,6022.298102,5967.404476,5252.076959,5932.047068,5967.404476,5507.213917,5862.071742,5967.404476,5741.505382,6099.942645,5967.404476,1135.656649,1128.821834,0.001001968,0.001005531,0.001008742,0.001011081,2716.26293,2716.26293,2716.26293,7019.283597,7019.283597,7019.283597,7019.283597,7019.283597
3/6/2013,2054.216339,2191.454418,2278.936613,2294.443842,2294.803305,2278.936613,4929.94475,5651.050621,5691.131692,5001.552236,6022.298102,5691.131692,5233.812497,5932.047068,5691.131692,5470.501231,5862.071742,5691.131692,1050.949894,1044.694236,0.001001968,0.001005531,0.001008742,0.001011081,2720.677414,2720.677414,2720.677414,6899.891304,6899.891304,6899.891304,6899.891304,6899.891304
3/7/2013,2018.002258,2382.188071,2228.277749,2191.113896,2191.454418,2228.277749,4813.177836,5155.887498,5541.325887,4827.0315,5651.050621,5541.325887,5023.568341,6022.298102,5541.325887,5242.321046,5932.047068,5541.325887,990.2024302,984.3585586,0.001001968,0.001005531,0.001008742,0.001011081,2640.851441,2640.851441,2640.851441,6625.039193,6625.039193,6625.039193,6625.039193,6625.039193
3/8/2013,2180.351141,2629.856546,2425.497056,2379.732851,2382.188071,2425.497056,5204.984247,5187.831101,6025.17437,5220.489669,5155.887498,6025.17437,5371.64032,5651.050621,6025.17437,5325.765632,6022.298102,6025.17437,1143.022476,1136.13704,0.001001968,0.001005531,0.001008742,0.001011081,2551.570606,2551.570606,2551.570606,6350.623295,6350.623295,6350.623295,6350.623295,6350.623295
3/9/2013,2352.170455,2425.612274,2634.612822,2623.12038,2629.856546,2634.612822,5525.58437,7271.154261,6430.600806,5587.31674,5187.831101,6430.600806,5718.468625,5155.887498,6430.600806,5614.921099,5651.050621,6430.600806,1297.013627,1289.060993,0.001001968,0.001005531,0.001008742,0.001011081,2491.199289,2491.199289,2491.199289,6181.738399,6181.738399,6181.738399,6181.738399,6181.738399
3/10/2013,2183.536771,2391.779668,2411.074683,2414.705485,2425.612274,2411.074683,4954.796674,14913.87445,5698.834967,5018.933349,7271.154261,5698.834967,5165.021469,5187.831101,5698.834967,5365.221171,5155.887498,5698.834967,1057.718513,1051.416785,0.001001968,0.001005531,0.001008742,0.001011081,2433.610158,2433.610158,2433.610158,6027.037031,6027.037031,6027.037031,6027.037031,6027.037031
3/11/2013,2176.791237,4329.260684,2366.977979,2254.716919,2391.779668,2366.977979,4426.427936,16479.90994,5012.713114,4371.865465,14913.87445,5012.713114,4521.668115,7271.154261,5012.713114,4682.411766,5187.831101,5012.713114,890.6037434,885.4280478,0.001001968,0.001005531,0.001008742,0.001011081,2377.471794,2377.471794,2377.471794,5854.651479,5854.651479,5854.651479,5854.651479,5854.651479
3/12/2013,2849.989432,6256.540171,3144.447022,2989.740792,4329.260684,3144.447022,6358.811687,14832.07797,7157.226999,6326.998551,16479.90994,7157.226999,6388.625219,14913.87445,7157.226999,4750.136095,7271.154261,7157.226999,1290.990451,1283.079864,0.001001968,0.001005531,0.001008742,0.001011081,2417.16496,2417.16496,2417.16496,5884.495579,5884.495579,5884.495579,5884.495579,5884.495579
3/13/2013,7016.242184,6896.81174,7805.634794,6839.077839,6256.540171,7805.634794,13723.38613,12817.34548,15634.14085,13200.51957,14832.07797,15634.14085,12438.1028,16479.90994,15634.14085,8770.800102,14913.87445,15634.14085,2460.454175,2444.026495,0.001001968,0.001005531,0.001008742,0.001011081,2869.20472,2869.20472,2869.20472,6584.292618,6584.292618,6584.292618,6584.292618,6584.292618
3/14/2013,7880.743865,9948.749644,8703.713447,7369.335243,6896.81174,8703.713447,17758.98122,11914.32854,20626.97464,16661.44354,12817.34548,20626.97464,16779.63025,14832.07797,20626.97464,16767.36939,16479.90994,20626.97464,3129.016236,3107.484374,0.001001968,0.001005531,0.001008742,0.001011081,3540.456336,3540.456336,3540.456336,8231.98966,8231.98966,8231.98966,8231.98966,8231.98966
3/15/2013,8129.008994,6275.845251,9513.274148,9990.568926,9948.749644,9513.274148,15326.44723,11356.46278,18536.24877,16241.45665,11914.32854,18536.24877,16712.06943,12817.34548,18536.24877,15013.0253,14832.07797,18536.24877,5489.561864,5449.159171,0.001001968,0.001005531,0.001008742,0.001011081,4527.104905,4527.104905,4527.104905,9681.706449,9681.706449,9681.706449,9681.706449,9681.706449
3/16/2013,4805.931921,4135.248329,5409.893289,6299.897907,6275.845251,5409.893289,10798.46914,9913.303784,12651.03592,11850.55514,11356.46278,12651.03592,12980.27258,11914.32854,12651.03592,15640.07766,12817.34548,12651.03592,2530.667932,2513.710827,0.001001968,0.001005531,0.001008742,0.001011081,5160.943317,5160.943317,5160.943317,10942.85812,10942.85812,10942.85812,10942.85812,10942.85812
3/17/2013,3515.550456,3941.73481,3838.205682,4153.177239,4135.248329,3838.205682,6247.845587,8861.769894,7054.59707,6684.576776,9913.303784,7054.59707,7930.161191,11356.46278,7054.59707,9949.030797,11914.32854,7054.59707,1394.400719,1385.764997,0.001001968,0.001005531,0.001008742,0.001011081,5552.948052,5552.948052,5552.948052,11897.84556,11897.84556,11897.84556,11897.84556,11897.84556
3/18/2013,3437.448245,3707.497368,3804.959796,3955.457908,3941.73481,3804.959796,7402.489112,7976.476442,8530.326095,7659.297922,8861.769894,8530.326095,8318.652475,9913.303784,8530.326095,9300.399078,11356.46278,8530.326095,1597.900746,1587.819374,0.001001968,0.001005531,0.001008742,0.001011081,5850.189032,5850.189032,5850.189032,12567.33375,12567.33375,12567.33375,12567.33375,12567.33375
3/19/2013,3266.725333,3634.625739,3627.957408,3717.200087,3707.497368,3627.957408,8402.797245,7489.71953,9760.25424,8567.299115,7976.476442,9760.25424,9015.333588,8861.769894,9760.25424,9561.324488,9913.303784,9760.25424,1582.781811,1572.808638,0.001001968,0.001005531,0.001008742,0.001011081,6011.864842,6011.864842,6011.864842,13058.4126,13058.4126,13058.4126,13058.4126,13058.4126
3/20/2013,3194.806125,3472.627569,3563.872078,3642.756872,3634.625739,3563.872078,7876.738236,7124.764913,9152.195437,8044.500525,7489.71953,9152.195437,8407.702019,7976.476442,9152.195437,8703.430889,8861.769894,9152.195437,1619.50458,1609.268387,0.001001968,0.001005531,0.001008742,0.001011081,5757.515468,5757.515468,5757.515468,12837.74541,12837.74541,12837.74541,12837.74541,12837.74541
3/21/2013,3059.164812,3241.252697,3409.244598,3479.861222,3472.627569,3409.244598,7146.291037,6788.270952,8284.576419,7308.928898,7124.764913,8284.576419,7645.716154,7489.71953,8284.576419,8002.630242,7976.476442,8284.576419,1544.519744,1534.819844,0.001001968,0.001005531,0.001008742,0.001011081,5275.568413,5275.568413,5275.568413,11585.70371,11585.70371,11585.70371,11585.70371,11585.70371
3/22/2013,2858.483304,3067.969148,3182.317532,3246.858322,3241.252697,3182.317532,6302.708004,6972.806936,7284.597649,6460.322247,6788.270952,7284.597649,6830.438908,7124.764913,7284.597649,7158.679971,7489.71953,7284.597649,1441.492761,1432.524624,0.001001968,0.001005531,0.001008742,0.001011081,4435.134245,4435.134245,4435.134245,10401.46015,10401.46015,10401.46015,10401.46015,10401.46015
3/23/2013,2709.695664,2914.288648,3017.59313,3072.567217,3067.969148,3017.59313,5929.43666,6626.678012,6851.013609,6073.857767,6972.806936,6851.013609,6418.376074,6788.270952,6851.013609,6725.448719,7124.764913,6851.013609,1380.085683,1371.550742,0.001001968,0.001005531,0.001008742,0.001011081,3893.06607,3893.06607,3893.06607,9306.975053,9306.975053,9306.975053,9306.975053,9306.975053
3/24/2013,2600.228053,2778.429426,2892.062489,2918.012072,2914.288648,2892.062489,5701.910446,6114.708989,6581.516603,5812.118968,6626.678012,6581.516603,6122.651792,6972.806936,6581.516603,6397.653032,6788.270952,6581.516603,1316.260537,1308.173382,0.001001968,0.001005531,0.001008742,0.001011081,3588.88234,3588.88234,3588.88234,8498.724571,8498.724571,8498.724571,8498.724571,8498.724571
3/25/2013,2533.683333,2786.595741,2803.915357,2780.810232,2778.429426,2803.915357,5551.877805,6055.75725,6383.940494,5605.88089,6114.708989,6383.940494,5855.088383,6626.678012,6383.940494,6108.789422,6972.806936,6383.940494,1226.687195,1219.223992,0.001001968,0.001005531,0.001008742,0.001011081,3372.679562,3372.679562,3372.679562,8005.531432,8005.531432,8005.531432,8005.531432,8005.531432
3/26/2013,2598.752117,2962.122018,2867.482548,2786.572865,2786.595741,2867.482548,5947.709093,6100.81631,6842.732193,5936.355684,6055.75725,6842.732193,6121.059345,6114.708989,6842.732193,6245.992327,6626.678012,6842.732193,1222.349212,1214.916089,0.001001968,0.001005531,0.001008742,0.001011081,3208.199504,3208.199504,3208.199504,7570.216133,7570.216133,7570.216133,7570.216133,7570.216133
3/27/2013,2746.917532,3034.989266,3040.500531,2957.798004,2962.122018,3040.500531,5944.182318,6101.965225,6844.846592,5942.904428,6100.81631,6844.846592,6106.248795,6055.75725,6844.846592,6066.202703,6114.708989,6844.846592,1331.612413,1323.417788,0.001001968,0.001005531,0.001008742,0.001011081,3087.054984,3087.054984,3087.054984,7185.122751,7185.122751,7185.122751,7185.122751,7185.122751
3/28/2013,2780.535713,3088.134027,3076.78366,3029.064046,3034.989266,3076.78366,5580.505838,6149.59823,6408.52097,5623.406053,6101.965225,6408.52097,5808.395576,6100.81631,6408.52097,5792.122139,6055.75725,6408.52097,1345.357783,1337.066806,0.001001968,0.001005531,0.001008742,0.001011081,3003.73416,3003.73416,3003.73416,6861.910499,6861.910499,6861.910499,6861.910499,6861.910499
3/29/2013,2806.815106,3078.524154,3109.133678,3082.570584,3088.134027,3109.133678,5454.254767,6448.239963,6262.387924,5523.203288,6149.59823,6262.387924,5750.736365,6101.965225,6262.387924,5731.212502,6100.81631,6262.387924,1372.867681,1364.383508,0.001001968,0.001005531,0.001008742,0.001011081,2959.965392,2959.965392,2959.965392,6649.161358,6649.161358,6649.161358,6649.161358,6649.161358
3/30/2013,2756.113884,3084.086836,3054.622782,3069.06328,3078.524154,3054.622782,5355.051743,6425.261922,6151.670911,5463.494035,6448.239963,6151.670911,5712.615503,6149.59823,6151.670911,5781.563858,6101.965225,6151.670911,1358.596525,1350.212635,0.001001968,0.001005531,0.001008742,0.001011081,2944.856103,2944.856103,2944.856103,6503.32191,6503.32191,6503.32191,6503.32191,6503.32191
3/31/2013,2688.013753,3221.81942,2973.133094,2979.678755,3084.086836,2973.133094,5222.981153,6366.785747,5988.177234,5319.453989,6425.261922,5988.177234,5594.112511,6448.239963,5988.177234,5706.789619,6149.59823,5988.177234,1302.121772,1294.133459,0.001001968,0.001005531,0.001008742,0.001011081,2947.364279,2947.364279,2947.364279,6401.573409,6401.573409,6401.573409,6401.573409,6401.573409
4/1/2013,2945.799092,3355.579118,3270.145734,3232.07228,3221.81942,3270.145734,5580.239529,6160.732252,6411.530831,5652.898787,6366.785747,6411.530831,5905.012757,6425.261922,6411.530831,5704.149929,6448.239963,6411.530831,1435.686182,1426.759105,0.001001968,0.001005531,0.001008742,0.001011081,3003.601071,3003.601071,3003.601071,6356.439724,6356.439724,6356.439724,6356.439724,6356.439724
4/2/2013,3056.704232,3254.566853,3403.753334,3378.875898,3355.579118,3403.753334,5940.982909,5824.102342,6855.502265,6027.489769,6160.732252,6855.502265,6248.385241,6366.785747,6855.502265,6250.912254,6425.261922,6855.502265,1534.690958,1525.061128,0.001001968,0.001005531,0.001008742,0.001011081,3081.793433,3081.793433,3081.793433,6315.325181,6315.325181,6315.325181,6315.325181,6315.325181
4/3/2013,2872.893607,3012.242265,3207.042722,3260.852599,3254.566853,3207.042722,5468.644605,5562.191174,6319.04466,5630.823127,5824.102342,6319.04466,5960.850563,6160.732252,6319.04466,6077.205293,6366.785747,6319.04466,1495.783188,1486.430201,0.001001968,0.001005531,0.001008742,0.001011081,3141.723455,3141.723455,3141.723455,6288.164313,6288.164313,6288.164313,6288.164313,6288.164313
4/4/2013,2619.037394,2759.10902,2922.42819,3009.559073,3012.242265,2922.42819,5086.412931,5264.126362,5874.846269,5270.226091,5562.191174,5874.846269,5640.119591,5824.102342,5874.846269,5923.079524,6160.732252,5874.846269,1373.70342,1365.213371,0.001001968,0.001005531,0.001008742,0.001011081,3163.922287,3163.922287,3163.922287,6294.418799,6294.418799,6294.418799,6294.418799,6294.418799
4/5/2013,2420.094068,2634.303407,2690.212656,2752.024312,2759.10902,2690.212656,4748.013841,5008.500889,5465.937527,4895.338178,5264.126362,5465.937527,5233.050633,5562.191174,5465.937527,5573.507516,5824.102342,5465.937527,1234.144304,1226.629364,0.001001968,0.001005531,0.001008742,0.001011081,3136.727638,3136.727638,3136.727638,6256.362866,6256.362866,6256.362866,6256.362866,6256.362866
4/6/2013,2351.566802,2619.984417,2612.116548,2631.018915,2634.303407,2612.116548,4570.995261,4523.585418,5257.637882,4673.18458,5008.500889,5257.637882,4971.095216,5264.126362,5257.637882,5194.62424,5562.191174,5257.637882,1193.840671,1186.604897,0.001001968,0.001005531,0.001008742,0.001011081,3086.024007,3086.024007,3086.024007,6167.852573,6167.852573,6167.852573,6167.852573,6167.852573
4/7/2013,2318.008925,2597.593146,2578.756837,2593.429831,2619.984417,2578.756837,4540.877091,6008.591415,5231.356339,4637.924301,4523.585418,5231.356339,4891.396221,5008.500889,5231.356339,5042.377609,5264.126362,5231.356339,1196.452185,1189.198356,0.001001968,0.001005531,0.001008742,0.001011081,3031.057986,3031.057986,3031.057986,6056.117772,6056.117772,6056.117772,6056.117772,6056.117772
4/8/2013,2274.322287,2646.131635,2526.636635,2539.089613,2597.593146,2526.636635,4383.593291,7371.19669,5041.833244,4477.794619,6008.591415,5041.833244,4720.000025,4523.585418,5041.833244,4838.774299,5008.500889,5041.833244,1155.128405,1148.159683,0.001001968,0.001005531,0.001008742,0.001011081,2939.553274,2939.553274,2939.553274,5897.130808,5897.130808,5897.130808,5897.130808,5897.130808
4/9/2013,2284.443411,2590.972338,2530.660765,2517.075014,2646.131635,2530.660765,4263.089969,7898.13617,4887.038255,4333.522172,7371.19669,4887.038255,4569.474417,6008.591415,4887.038255,4638.722761,4523.585418,4887.038255,1114.229526,1107.541739,0.001001968,0.001005531,0.001008742,0.001011081,2830.222683,2830.222683,2830.222683,5676.292368,5676.292368,5676.292368,5676.292368,5676.292368
4/10/2013,2466.933561,3343.543426,2697.755042,2537.394313,2590.972338,2697.755042,4118.840815,7792.826592,4653.97268,4049.942762,7898.13617,4653.97268,4225.763686,7371.19669,4653.97268,4268.99391,6008.591415,4653.97268,1002.184513,996.2596645,0.001001968,0.001005531,0.001008742,0.001011081,2718.830171,2718.830171,2718.830171,5424.625643,5424.625643,5424.625643,5424.625643,5424.625643
4/11/2013,3325.416206,4093.08655,3695.427626,3407.152097,3343.543426,3695.427626,6534.249705,7237.889358,7524.699206,6377.072587,7792.826592,7524.699206,6430.603582,7898.13617,7524.699206,5544.408771,7371.19669,7524.699206,1573.684327,1563.776202,0.001001968,0.001005531,0.001008742,0.001011081,2724.075797,2724.075797,2724.075797,5443.613961,5443.613961,5443.613961,5443.613961,5443.613961
4/12/2013,3438.643766,3333.572773,3899.211007,4077.082445,4093.08655,3899.211007,7732.848437,6466.438755,9065.568546,8046.553078,7237.889358,9065.568546,8070.287234,7792.826592,9065.568546,7602.3891,7898.13617,9065.568546,1972.896362,1960.094947,0.001001968,0.001005531,0.001008742,0.001011081,2848.455819,2848.455819,2848.455819,5723.693855,5723.693855,5723.693855,5723.693855,5723.693855
4/13/2013,3009.149826,3208.615433,3335.454277,3365.789269,3333.572773,3335.454277,7001.825748,5528.981885,8074.04573,7127.873334,6466.438755,8074.04573,7499.295689,7237.889358,8074.04573,7808.828301,7792.826592,8074.04573,1391.405496,1382.790872,0.001001968,0.001005531,0.001008742,0.001011081,2961.332165,2961.332165,2961.332165,6142.813739,6142.813739,6142.813739,6142.813739,6142.813739
4/14/2013,3036.372763,3253.492024,3358.626898,3245.87111,3208.615433,3358.626898,6311.840492,5145.34581,7257.252666,6296.357467,5528.981885,7257.252666,6638.822696,6466.438755,7257.252666,7035.81437,7237.889358,7257.252666,1407.761723,1399.031824,0.001001968,0.001005531,0.001008742,0.001011081,3063.204159,3063.204159,3063.204159,6507.039614,6507.039614,6507.039614,6507.039614,6507.039614
4/15/2013,2812.141828,2648.306821,3164.810028,3259.976919,3253.492024,3164.810028,5713.681394,5267.409864,6646.29339,5918.102732,5145.34581,6646.29339,6308.983172,5528.981885,6646.29339,6428.052383,6466.438755,6646.29339,1567.740193,1557.874545,0.001001968,0.001005531,0.001008742,0.001011081,3175.836607,3175.836607,3175.836607,6740.326958,6740.326958,6740.326958,6740.326958,6740.326958
4/16/2013,2234.47791,2153.288698,2479.316682,2645.781537,2648.306821,2479.316682,4765.034347,6346.373818,5477.2271,5004.59742,5267.409864,5477.2271,5342.94206,5145.34581,5477.2271,6018.512486,5528.981885,5477.2271,1115.705445,1109.007541,0.001001968,0.001005531,0.001008742,0.001011081,3210.542884,3210.542884,3210.542884,6896.860124,6896.860124,6896.860124,6896.860124,6896.860124
4/17/2013,2036.731566,2464.797841,2208.682991,2157.653017,2153.288698,2208.682991,3839.516679,7606.966996,4312.407209,3848.732096,6346.373818,4312.407209,4145.202629,5267.409864,4312.407209,4666.187844,5145.34581,4312.407209,791.8020636,787.2798049,0.001001968,0.001005531,0.001008742,0.001011081,3180.581743,3180.581743,3180.581743,6975.797797,6975.797797,6975.797797,6975.797797,6975.797797
4/18/2013,2254.610857,2685.943615,2487.244771,2469.080092,2464.797841,2487.244771,4201.134397,7564.206012,4793.291719,4261.601726,7606.966996,4793.291719,4409.520301,6346.373818,4793.291719,4375.894792,5267.409864,4793.291719,1067.440991,1061.073023,0.001001968,0.001005531,0.001008742,0.001011081,3075.207797,3075.207797,3075.207797,6747.939961,6747.939961,6747.939961,6747.939961,6747.939961
4/19/2013,2241.024504,3419.587764,2505.708805,2594.320003,2685.943615,2505.708805,4713.14617,7367.592602,5446.393304,4881.963086,7564.206012,5446.393304,5103.558881,7606.966996,5446.393304,4955.20661,6346.373818,5446.393304,1210.716309,1203.363783,0.001001968,0.001005531,0.001008742,0.001011081,2912.809542,2912.809542,2912.809542,6356.474605,6356.474605,6356.474605,6356.474605,6356.474605
4/20/2013,3070.409942,2896.495139,3458.572111,3453.629076,3419.587764,3458.572111,7068.651663,6208.919154,8174.80204,7205.924626,7367.592602,8174.80204,7171.83706,7564.206012,8174.80204,6028.57899,7606.966996,8174.80204,1629.713991,1619.404548,0.001001968,0.001005531,0.001008742,0.001011081,2856.304932,2856.304932,2856.304932,6146.441114,6146.441114,6146.441114,6146.441114,6146.441114
4/21/2013,3148.881901,4242.130539,3413.466159,2949.158723,2896.495139,3413.466159,7691.495418,5643.607056,8764.782108,7283.815139,6208.919154,8764.782108,7430.275848,7367.592602,8764.782108,8074.93614,7564.206012,8764.782108,1152.761571,1145.80914,0.001001968,0.001005531,0.001008742,0.001011081,2797.939589,2797.939589,2797.939589,6213.680166,6213.680166,6213.680166,6213.680166,6213.680166
4/22/2013,3746.467912,3242.823929,4309.855246,4244.71598,4242.130539,4309.855246,6944.369706,5311.434008,8218.190075,7065.043268,5643.607056,8218.190075,7504.554854,6208.919154,8218.190075,6468.213003,7367.592602,8218.190075,2444.102023,2427.797398,0.001001968,0.001005531,0.001008742,0.001011081,2915.221832,2915.221832,2915.221832,6320.956755,6320.956755,6320.956755,6320.956755,6320.956755
4/23/2013,2502.713458,2031.536618,2828.295084,3243.092699,3242.823929,2828.295084,6015.245092,4689.122057,7019.403104,6513.972271,5311.434008,7019.403104,6786.902508,5643.607056,7019.403104,7887.806968,6208.919154,7019.403104,1476.834492,1467.616021,0.001001968,0.001005531,0.001008742,0.001011081,2982.49925,2982.49925,2982.49925,6470.688132,6470.688132,6470.688132,6470.688132,6470.688132
4/24/2013,1756.245104,2037.494653,1905.666721,2029.512663,2031.536618,1905.666721,3374.593407,4424.903206,3771.754309,3552.794455,4689.122057,3771.754309,4115.116879,5311.434008,3771.754309,4996.197638,5643.607056,3771.754309,710.5996621,706.6066229,0.001001968,0.001005531,0.001008742,0.001011081,3003.546982,3003.546982,3003.546982,6596.94185,6596.94185,6596.94185,6596.94185,6596.94185
4/25/2013,1858.144594,2128.395507,2038.267268,2038.128748,2037.494653,2038.267268,3826.511015,4284.298934,4336.169086,3884.478966,4424.903206,4336.169086,4159.488051,4689.122057,4336.169086,4519.413318,5311.434008,4336.169086,851.0537331,846.140789,0.001001968,0.001005531,0.001008742,0.001011081,2966.91592,2966.91592,2966.91592,6641.00772,6641.00772,6641.00772,6641.00772,6641.00772
4/26/2013,1880.530095,1978.080486,2083.504067,2130.037559,2128.395507,2083.504067,4231.380336,4548.436597,4852.408715,4334.596652,4284.298934,4852.408715,4498.92772,4424.903206,4852.408715,4630.690658,4689.122057,4852.408715,955.7603583,950.1485591,0.001001968,0.001005531,0.001008742,0.001011081,2900.730613,2900.730613,2900.730613,6574.433412,6574.433412,6574.433412,6574.433412,6574.433412
4/27/2013,1733.617096,1825.298159,1920.1805,1978.265489,1978.080486,1920.1805,3807.895411,4745.712527,4358.292236,3920.594301,4548.436597,4358.292236,4143.913366,4284.298934,4358.292236,4300.748834,4424.903206,4358.292236,886.8832791,881.7323653,0.001001968,0.001005531,0.001008742,0.001011081,2749.982403,2749.982403,2749.982403,6211.425292,6211.425292,6211.425292,6211.425292,6211.425292
4/28/2013,1615.060791,1777.842541,1784.267831,1824.324557,1825.298159,1784.267831,3521.693763,4240.141821,4019.018897,3612.124075,4745.712527,4019.018897,3819.41065,4548.436597,4019.018897,4035.472975,4284.298934,4019.018897,811.5357091,806.8837396,0.001001968,0.001005531,0.001008742,0.001011081,2601.553269,2601.553269,2601.553269,5630.498628,5630.498628,5630.498628,5630.498628,5630.498628
4/29/2013,1591.060855,2004.768911,1756.110917,1760.667039,1777.842541,1756.110917,3483.148506,3976.206592,3970.911521,3536.942323,4240.141821,3970.911521,3710.06389,4745.712527,3970.911521,3836.130082,4548.436597,3970.911521,793.9211357,789.3849681,0.001001968,0.001005531,0.001008742,0.001011081,2261.585566,2261.585566,2261.585566,5143.898683,5143.898683,5143.898683,5143.898683,5143.898683
4/30/2013,1794.244743,1939.332456,2007.666793,2008.945552,2004.768911,2007.666793,4112.957781,3751.881623,4742.821922,4177.812736,3976.206592,4742.821922,4325.788174,4240.141821,4742.821922,4115.180161,4745.712527,4742.821922,1003.935475,997.9987832,0.001001968,0.001005531,0.001008742,0.001011081,2078.4973,2078.4973,2078.4973,4763.427301,4763.427301,4763.427301,4763.427301,4763.427301
5/1/2013,1710.35195,1624.863139,1913.487022,1951.880876,1939.332456,1913.487022,4202.899594,3535.555437,4856.347557,4293.03025,3751.881623,4856.347557,4450.835074,3976.206592,4856.347557,4608.993705,4240.141821,4856.347557,961.4476275,955.797579,0.001001968,0.001005531,0.001008742,0.001011081,2005.397344,2005.397344,2005.397344,4571.813673,4571.813673,4571.813673,4571.813673,4571.813673
5/2/2013,1437.08824,1527.13237,1591.23644,1625.589542,1624.863139,1591.23644,3269.509995,3397.067245,3734.618607,3348.205578,3535.555437,3734.618607,3566.613719,3751.881623,3734.618607,3872.971156,3976.206592,3734.618607,750.3911477,746.1397112,0.001001968,0.001005531,0.001008742,0.001011081,1941.612672,1941.612672,1941.612672,4441.017444,4441.017444,4441.017444,4441.017444,4441.017444
5/3/2013,1358.343268,1468.039052,1502.368592,1527.243841,1527.13237,1502.368592,3034.167568,3293.03001,3459.991999,3101.569545,3397.067245,3459.991999,3265.104671,3535.555437,3459.991999,3469.893391,3751.881623,3459.991999,706.4252513,702.4592116,0.001001968,0.001005531,0.001008742,0.001011081,1861.34909,1861.34909,1861.34909,4316.374095,4316.374095,4316.374095,4316.374095,4316.374095
5/4/2013,1310.766993,1421.13119,1449.805178,1468.185652,1468.039052,1449.805178,3002.090354,3285.950005,3427.140528,3059.735903,3293.03001,3427.140528,3201.510492,3397.067245,3427.140528,3335.959145,3535.555437,3427.140528,685.133291,681.304635,0.001001968,0.001005531,0.001008742,0.001011081,1782.469886,1782.469886,1782.469886,4184.847439,4184.847439,4184.847439,4184.847439,4184.847439
5/5/2013,1269.751266,1374.716769,1404.878977,1421.31175,1421.13119,1404.878977,2909.367066,3937.988862,3321.700917,2963.913516,3285.950005,3321.700917,3095.453552,3293.03001,3321.700917,3198.615204,3397.067245,3321.700917,668.6345634,664.9119764,0.001001968,0.001005531,0.001008742,0.001011081,1718.054127,1718.054127,1718.054127,4059.59108,4059.59108,4059.59108,4059.59108,4059.59108
5/6/2013,1228.706969,1330.772275,1359.532374,1374.931226,1374.716769,1359.532374,2822.451469,5209.527159,3222.527886,2874.553958,3937.988862,3222.527886,3000.266129,3285.950005,3222.527886,3096.843332,3293.03001,3222.527886,650.2071082,646.6025794,0.001001968,0.001005531,0.001008742,0.001011081,1660.138826,1660.138826,1660.138826,3943.672281,3943.672281,3943.672281,3943.672281,3943.672281
5/7/2013,1189.103007,1417.219225,1315.697632,1330.22767,1330.772275,1315.697632,2745.463548,5355.855044,3134.142824,2795.30848,5209.527159,3134.142824,2916.16873,3937.988862,3134.142824,3004.252725,3285.950005,3134.142824,631.9887784,628.5005306,0.001001968,0.001005531,0.001008742,0.001011081,1569.795777,1569.795777,1569.795777,3762.784049,3762.784049,3762.784049,3762.784049,3762.784049
5/8/2013,1179.091379,2167.924045,1307.372837,1321.089153,1417.219225,1307.372837,2819.164008,5990.969181,3220.38796,2868.422044,5355.855044,3220.38796,2982.827951,5209.527159,3220.38796,2999.382924,3937.988862,3220.38796,640.4370519,636.8949368,0.001001968,0.001005531,0.001008742,0.001011081,1480.886946,1480.886946,1480.886946,3549.504133,3549.504133,3549.504133,3549.504133,3549.504133
5/9/2013,1954.110946,2523.633067,2210.353792,2172.726338,2167.924045,2210.353792,4356.863684,5473.531159,5049.911281,4404.684572,5990.969181,5049.911281,4363.186727,5355.855044,5049.911281,3632.074891,5209.527159,5049.911281,1151.434195,1144.490899,0.001001968,0.001005531,0.001008742,0.001011081,1510.046292,1510.046292,1510.046292,3548.563227,3548.563227,3548.563227,3548.563227,3548.563227
5/10/2013,2374.125926,2309.423024,2673.294839,2522.978427,2523.633067,2673.294839,5772.761183,4746.696796,6718.595034,5701.194222,5473.531159,6718.595034,5746.287376,5990.969181,6718.595034,5412.327024,5355.855044,6718.595034,1336.953164,1328.721116,0.001001968,0.001005531,0.001008742,0.001011081,1620.645829,1620.645829,1620.645829,3821.917217,3821.917217,3821.917217,3821.917217,3821.917217
5/11/2013,2046.972769,2249.543385,2308.407453,2293.054017,2309.423024,2308.407453,5042.754309,4179.529771,5842.706164,5103.656351,4746.696796,5842.706164,5382.833379,5473.531159,5842.706164,5324.153284,5990.969181,5842.706164,1188.098517,1180.902422,0.001001968,0.001005531,0.001008742,0.001011081,1744.725111,1744.725111,1744.725111,4150.535326,4150.535326,4150.535326,4150.535326,4150.535326
5/12/2013,2071.109584,2104.334021,2319.856611,2298.223067,2249.543385,2319.856611,5274.219022,3682.963503,6086.46314,5321.537252,4179.529771,6086.46314,5436.721387,4746.696796,6086.46314,5637.91752,5473.531159,6086.46314,1117.384657,1110.675242,0.001001968,0.001005531,0.001008742,0.001011081,1857.369114,1857.369114,1857.369114,4548.669972,4548.669972,4548.669972,4548.669972,4548.669972
5/13/2013,1904.779979,1756.446523,2135.104691,2136.175742,2104.334021,2135.104691,4387.690983,3382.370947,5063.264484,4455.491219,3682.963503,5063.264484,4693.9985,4179.529771,5063.264484,4928.955248,4746.696796,5063.264484,1068.485556,1062.110466,0.001001968,0.001005531,0.001008742,0.001011081,1971.340129,1971.340129,1971.340129,4840.094953,4840.094953,4840.094953,4840.094953,4840.094953
5/14/2013,1511.524411,1413.14971,1682.860226,1757.385557,1756.446523,1682.860226,3465.452509,3177.192693,3970.3706,3589.824342,3382.370947,3970.3706,3824.490432,3682.963503,3970.3706,4272.468113,4179.529771,3970.3706,826.3803177,821.6305034,0.001001968,0.001005531,0.001008742,0.001011081,2043.305539,2043.305539,2043.305539,5020.690839,5020.690839,5020.690839,5020.690839,5020.690839
5/15/2013,1225.762095,1252.084318,1344.290303,1408.663951,1413.14971,1344.290303,2847.31394,3097.0596,3220.623286,2946.010551,3177.192693,3220.623286,3141.804684,3382.370947,3220.623286,3552.033657,3682.963503,3220.623286,588.8018356,585.5874219,0.001001968,0.001005531,0.001008742,0.001011081,2068.817767,2068.817767,2068.817767,5110.129176,5110.129176,5110.129176,5110.129176,5110.129176
5/16/2013,1118.779541,1212.701503,1221.948375,1252.374384,1252.084318,1221.948375,2647.432103,3032.845328,2985.175673,2707.397308,3097.0596,2985.175673,2870.103589,3177.192693,2985.175673,3099.246424,3382.370947,2985.175673,518.2355768,515.4626909,0.001001968,0.001005531,0.001008742,0.001011081,1984.661972,1984.661972,1984.661972,5001.767839,5001.767839,5001.767839,5001.767839,5001.767839
5/17/2013,1098.050154,1199.87556,1203.31767,1215.545913,1212.701503,1203.31767,2663.744038,2944.844922,3015.941598,2703.939916,3032.845328,3015.941598,2827.237048,3097.0596,3015.941598,2964.157892,3177.192693,3015.941598,531.0121629,528.1599116,0.001001968,0.001005531,0.001008742,0.001011081,1828.938978,1828.938978,1828.938978,4634.188263,4634.188263,4634.188263,4634.188263,4634.188263
5/18/2013,1068.045484,1168.250983,1173.671714,1191.634817,1199.87556,1173.671714,2610.617831,2801.509274,2962.312358,2656.207232,2944.844922,2962.312358,2756.441244,3032.845328,2962.312358,2854.215917,3097.0596,2962.312358,535.4046451,532.5250477,0.001001968,0.001005531,0.001008742,0.001011081,1663.612943,1663.612943,1663.612943,4225.514394,4225.514394,4225.514394,4225.514394,4225.514394
5/19/2013,1036.126196,1136.452683,1137.76492,1154.059612,1168.250983,1137.76492,2623.496052,2552.162304,2974.370883,2665.819561,2801.509274,2974.370883,2762.847877,2944.844922,2974.370883,2810.301097,3032.845328,2974.370883,515.9831715,513.2242495,0.001001968,0.001005531,0.001008742,0.001011081,1512.235849,1512.235849,1512.235849,3772.673271,3772.673271,3772.673271,3772.673271,3772.673271
5/20/2013,1024.473923,1073.688152,1125.570632,1145.081011,1136.452683,1125.570632,2602.901765,3887.657058,2952.304319,2648.39769,2552.162304,2952.304319,2734.837108,2801.509274,2952.304319,2796.099641,2944.844922,2952.304319,510.1824547,507.4594557,0.001001968,0.001005531,0.001008742,0.001011081,1363.94824,1363.94824,1363.94824,3439.773712,3439.773712,3439.773712,3439.773712,3439.773712
5/21/2013,988.6583844,1023.169872,1085.387181,1085.162712,1073.688152,1085.387181,2491.113055,5045.722191,2823.133833,2515.980082,3887.657058,2823.133833,2617.034674,2552.162304,2823.133833,2704.208185,2801.509274,2823.133833,493.6115088,490.9908195,0.001001968,0.001005531,0.001008742,0.001011081,1258.178301,1258.178301,1258.178301,3212.875942,3212.875942,3212.875942,3212.875942,3212.875942
5/22/2013,869.3481778,965.7809509,953.8369121,1001.335624,1023.169872,953.8369121,2265.061383,3301.188949,2561.800102,2333.799813,5045.722191,2561.800102,2409.206543,3887.657058,2561.800102,2552.716278,2552.162304,2561.800102,439.5730412,437.282605,0.001001968,0.001005531,0.001008742,0.001011081,1186.976118,1186.976118,1186.976118,3045.087604,3045.087604,3045.087604,3045.087604,3045.087604
5/23/2013,801.6738085,1441.648097,865.4752089,875.4887974,965.7809509,865.4752089,2071.561367,2788.912796,2309.703493,2098.926764,3301.188949,2309.703493,2178.117123,5045.722191,2309.703493,2276.384562,3887.657058,2309.703493,331.1928873,329.5468947,0.001001968,0.001005531,0.001008742,0.001011081,1125.911891,1125.911891,1125.911891,2915.945146,2915.945146,2915.945146,2915.945146,2915.945146
5/24/2013,1307.080339,1471.523708,1449.686865,1381.06675,1441.648097,1449.686865,4119.634564,4493.275557,4709.320906,4085.465073,2788.912796,4709.320906,4094.817553,3301.188949,4709.320906,3460.181101,5045.722191,4709.320906,665.529429,661.8267662,0.001001968,0.001005531,0.001008742,0.001011081,1131.46436,1131.46436,1131.46436,3068.746199,3068.746199,3068.746199,3068.746199,3068.746199
5/25/2013,1371.516024,714.5455236,1513.418472,1528.653927,1471.523708,1513.418472,5054.677869,4438.796579,5824.076094,5082.105447,4493.275557,5824.076094,5020.15752,2788.912796,5824.076094,5140.679786,3301.188949,5824.076094,639.302025,635.7671525,0.001001968,0.001005531,0.001008742,0.001011081,1160.388769,1160.388769,1160.388769,3412.672038,3412.672038,3412.672038,3412.672038,3412.672038
5/26/2013,612.9916744,413.3200932,630.3289982,770.0622799,714.5455236,630.3289982,2166.927354,3250.243944,2365.350202,2308.920893,4438.796579,2365.350202,2349.278482,4493.275557,2365.350202,3035.883184,2788.912796,2365.350202,0.001000564,0.001006515,0.001001968,0.001005531,0.001008742,0.001011081,1110.994144,1110.994144,1110.994144,3460.088433,3460.088433,3460.088433,3460.088433,3460.088433
5/27/2013,1166.965076,3616.423421,1175.497232,437.8177611,413.3200932,1175.497232,2279.322411,2938.502376,2398.110863,1541.384376,3250.243944,2398.110863,1806.377671,4438.796579,2398.110863,1996.643451,4493.275557,2398.110863,0.001000564,0.001006515,0.001001968,0.001005531,0.001008742,0.001011081,1046.802343,1046.802343,1046.802343,3403.193535,3403.193535,3403.193535,3403.193535,3403.193535
5/28/2013,3185.390586,2753.238429,3732.286421,3552.357039,3616.423421,3732.286421,6087.348467,5011.875759,7337.392654,6076.083884,2938.502376,7337.392654,5840.724636,3250.243944,7337.392654,3789.303324,4438.796579,7337.392654,2415.441915,2399.352741,0.001001968,0.001005531,0.001008742,0.001011081,1291.719402,1291.719402,1291.719402,3563.440747,3563.440747,3563.440747,3563.440747,3563.440747
5/29/2013,2130.963696,1214.549281,2401.725396,2755.82538,2753.238429,2401.725396,5406.56503,6061.02985,6294.161495,5827.600831,5011.875759,6294.161495,5700.869452,2938.502376,6294.161495,6063.789159,3250.243944,6294.161495,1238.160532,1230.617711,0.001001968,0.001005531,0.001008742,0.001011081,1494.047067,1494.047067,1494.047067,3892.253535,3892.253535,3892.253535,3892.253535,3892.253535
5/30/2013,494.2615343,251.5050647,510.379551,1251.472387,1214.549281,510.379551,913.8092759,4153.52938,940.0210546,1675.247829,6061.02985,940.0210546,1938.792951,5011.875759,940.0210546,2938.503524,2938.502376,940.0210546,0.001000564,0.001006515,0.001001968,0.001005531,0.001008742,0.001011081,1580.036466,1580.036466,1580.036466,4159.559262,4159.559262,4159.559262,4159.559262,4159.559262
5/31/2013,1087.123454,4637.165142,1095.418254,262.8188464,251.5050647,1095.418254,1444.62604,4707.322655,1461.11668,623.8611957,4153.52938,1461.11668,1579.297477,6061.02985,1461.11668,1925.709748,5011.875759,1461.11668,0.001000564,0.001006515,0.001001968,0.001005531,0.001008742,0.001011081,1567.09708,1567.09708,1567.09708,3966.556202,3966.556202,3966.556202,3966.556202,3966.556202
6/1/2013,4662.324158,4269.459291,5505.553282,4637.167406,4637.165142,5505.553282,7254.346221,4974.346511,8898.656243,6670.800302,4707.322655,8898.656243,6658.390272,4153.52938,8898.656243,4153.735807,6061.02985,8898.656243,3580.483098,3555.433666,0.001001968,0.001005531,0.001008742,0.001011081,1913.071194,1913.071194,1913.071194,3712.962405,3712.962405,3712.962405,3712.962405,3712.962405
6/2/2013,2882.227269,1220.251339,3407.365429,4235.197088,4269.459291,3407.365429,6747.850268,3618.043394,8168.626587,7711.490721,4974.346511,8168.626587,7283.853426,4707.322655,8168.626587,7885.081449,4153.52938,8168.626587,2329.534441,2314.089326,0.001001968,0.001005531,0.001008742,0.001011081,2276.540539,2276.540539,2276.540539,4062.214006,4062.214006,4062.214006,4062.214006,4062.214006
6/3/2013,909.3134711,1061.765076,935.0887126,1227.670006,1220.251339,935.0887126,1185.361325,5362.95888,1225.713041,1496.886856,3618.043394,1225.713041,2337.222151,4974.346511,1225.713041,3663.928478,4707.322655,1225.713041,116.7762788,116.2991656,0.001001968,0.001005531,0.001008742,0.001011081,2467.293054,2467.293054,2467.293054,4515.337546,4515.337546,4515.337546,4515.337546,4515.337546
6/4/2013,1125.687644,1669.326347,1183.988462,1084.387945,1061.765076,1183.988462,2264.115846,14980.28446,2495.583409,2180.131515,5362.95888,2495.583409,2537.394578,3618.043394,2495.583409,3217.090844,4974.346511,2495.583409,302.524087,301.0438522,0.001001968,0.001005531,0.001008742,0.001011081,2263.265614,2263.265614,2263.265614,4619.372212,4619.372212,4619.372212,4619.372212,4619.372212
6/5/2013,1460.621951,1374.469877,1626.466395,1670.166893,1669.326347,1626.466395,3890.659527,12723.02227,4509.874823,3963.415403,14980.28446,4509.874823,3983.44734,5362.95888,4509.874823,3891.064085,3618.043394,4509.874823,818.9526633,814.2518353,0.001001968,0.001005531,0.001008742,0.001011081,2140.75866,2140.75866,2140.75866,4442.674554,4442.674554,4442.674554,4442.674554,4442.674554
6/6/2013,1127.467544,1720.9755,1231.881525,1334.683665,1374.469877,1231.881525,2990.072229,8717.282057,3411.777928,3109.518372,12723.02227,3411.777928,3225.075086,14980.28446,3411.777928,3471.654278,5362.95888,3411.777928,537.1973505,534.3065835,0.001001968,0.001005531,0.001008742,0.001011081,2122.096121,2122.096121,2122.096121,4292.492195,4292.492195,4292.492195,4292.492195,4292.492195
6/7/2013,1263.133344,3858.957264,1396.724587,1453.886984,1720.9755,1396.724587,4724.850704,13090.44922,5456.957671,4789.846895,8717.282057,5456.957671,4888.418804,12723.02227,5456.957671,4591.259288,14980.28446,5456.957671,651.819512,648.2046707,0.001001968,0.001005531,0.001008742,0.001011081,2161.68815,2161.68815,2161.68815,4687.324486,4687.324486,4687.324486,4687.324486,4687.324486
6/8/2013,3435.15838,2356.080537,4069.322913,3986.879289,3858.957264,4069.322913,15128.68288,16851.64399,18318.01054,15091.55782,13090.44922,18318.01054,15035.90626,8717.282057,18318.01054,13044.69696,12723.02227,18318.01054,2557.95677,2540.793452,0.001001968,0.001005531,0.001008742,0.001011081,2132.390394,2132.390394,2132.390394,6393.146972,6393.146972,6393.146972,6393.146972,6393.146972
6/9/2013,2334.631158,3518.16615,2624.065113,2466.346598,2356.080537,2624.065113,11632.45635,15631.28316,13819.6402,11416.57022,16851.64399,13819.6402,11572.26182,13090.44922,13819.6402,13126.53145,8717.282057,13819.6402,1282.793609,1274.940206,0.001001968,0.001005531,0.001008742,0.001011081,2017.835957,2017.835957,2017.835957,7456.895381,7456.895381,7456.895381,7456.895381,7456.895381
6/10/2013,1671.71182,8437.058639,1875.998649,1935.326404,3518.16615,1875.998649,5707.860776,14332.71438,6647.657075,5790.687079,15631.28316,6647.657075,6012.115204,16851.64399,6647.657075,6591.803007,13090.44922,6647.657075,968.6066908,962.908454,0.001001968,0.001005531,0.001008742,0.001011081,2016.815316,2016.815316,2016.815316,7861.685098,7861.685098,7861.685098,7861.685098,7861.685098
6/11/2013,7417.622407,4245.777614,8975.449382,9159.267476,8437.058639,8975.449382,17292.97924,16270.89109,21142.5568,18099.56215,14332.71438,21142.5568,17956.84088,15631.28316,21142.5568,11045.37373,16851.64399,21142.5568,5306.741503,5267.837353,0.001001968,0.001005531,0.001008742,0.001011081,2942.38656,2942.38656,2942.38656,9383.197601,9383.197601,9383.197601,9383.197601,9383.197601
6/12/2013,5174.614996,7382.713742,5797.27885,4762.460538,4245.777614,5797.27885,18009.00394,20789.28706,21308.38377,17039.67015,16270.89109,21308.38377,17941.12334,14332.71438,21308.38377,21413.69763,15631.28316,21308.38377,2319.291043,2303.922547,0.001001968,0.001005531,0.001008742,0.001011081,3493.575763,3493.575763,3493.575763,11644.05797,11644.05797,11644.05797,11644.05797,11644.05797
6/13/2013,5469.862954,11600.64767,6370.646767,5919.957691,7382.713742,6370.646767,11024.91038,19359.82606,13178.60242,10867.17656,20789.28706,13178.60242,11330.23718,16270.89109,13178.60242,11362.42347,14332.71438,13178.60242,3685.111519,3659.239728,0.001001968,0.001005531,0.001008742,0.001011081,4097.193773,4097.193773,4097.193773,13245.74845,13245.74845,13245.74845,13245.74845,13245.74845
6/14/2013,10584.82323,9574.749204,12443.75443,12154.37374,11600.64767,12443.75443,18545.80848,14409.18734,22371.69645,19076.93656,19359.82606,22371.69645,18315.1952,20789.28706,22371.69645,13364.10936,16270.89109,22371.69645,6228.742461,6182.229696,0.001001968,0.001005531,0.001008742,0.001011081,5310.646782,5310.646782,5310.646782,14641.14739,14641.14739,14641.14739,14641.14739,14641.14739
6/15/2013,10146.8222,11347.29887,11601.13514,10146.78415,9574.749204,11601.13514,18801.83359,12327.21283,22360.32713,17861.33927,14409.18734,22360.32713,19561.82686,19359.82606,22360.32713,19815.104,20789.28706,22360.32713,5339.857045,5300.681845,0.001001968,0.001005531,0.001008742,0.001011081,6321.698132,6321.698132,6321.698132,15246.50996,15246.50996,15246.50996,15246.50996,15246.50996
6/16/2013,9325.226672,7134.909973,11123.33186,11443.71439,11347.29887,11123.33186,16761.11472,10444.38422,20656.83673,17662.90148,12327.21283,20656.83673,19023.64606,14409.18734,20656.83673,19035.52964,19359.82606,20656.83673,6983.082258,6930.257059,0.001001968,0.001005531,0.001008742,0.001011081,7551.309559,7551.309559,7551.309559,16285.02313,16285.02313,16285.02313,16285.02313,16285.02313
6/17/2013,5165.344162,3552.146848,5985.11655,7165.722488,7134.909973,5985.11655,11767.19867,8067.993696,14094.12912,13168.81462,10444.38422,14094.12912,14363.48742,12327.21283,14094.12912,18232.06346,14409.18734,14094.12912,3376.514392,3353.060562,0.001001968,0.001005531,0.001008742,0.001011081,8362.623164,8362.623164,8362.623164,17607.11547,17607.11547,17607.11547,17607.11547,17607.11547
6/18/2013,2717.542213,3267.012591,2959.636927,3534.61526,3552.146848,2959.636927,5166.31351,6756.900303,5827.704219,5830.076152,8067.993696,5827.704219,7272.43943,10444.38422,5827.704219,10379.5599,12327.21283,5827.704219,1048.119132,1041.882732,0.001001968,0.001005531,0.001008742,0.001011081,7921.135096,7921.135096,7921.135096,17358.05893,17358.05893,17358.05893,17358.05893,17358.05893
6/19/2013,2853.363414,3156.189142,3163.705829,3292.238017,3267.012591,3163.705829,6578.961318,6015.283245,7597.880761,6796.804438,6756.900303,7597.880761,7539.366183,8067.993696,7597.880761,8687.982329,10444.38422,7597.880761,1319.758394,1311.646766,0.001001968,0.001005531,0.001008742,0.001011081,7690.619546,7690.619546,7690.619546,16029.41018,16029.41018,16029.41018,16029.41018,16029.41018
6/20/2013,2787.469187,2819.771531,3121.690699,3191.617485,3156.189142,3121.690699,7365.996527,5521.584491,8611.440622,7506.483773,6015.283245,8611.440622,7941.395252,6756.900303,8611.440622,8561.692469,8067.993696,8611.440622,1461.729805,1452.618413,0.001001968,0.001005531,0.001008742,0.001011081,7375.815897,7375.815897,7375.815897,15164.06388,15164.06388,15164.06388,15164.06388,15164.06388
6/21/2013,2402.762915,2416.427749,2692.51714,2827.450258,2819.771531,2692.51714,5793.673985,5476.1585,6746.36203,6001.650911,5521.584491,6746.36203,6365.116385,6015.283245,6746.36203,6931.829069,6756.900303,6746.36203,1293.934873,1286.003734,0.001001968,0.001005531,0.001008742,0.001011081,6376.15163,6376.15163,6376.15163,13983.70407,13983.70407,13983.70407,13983.70407,13983.70407
6/22/2013,2083.103196,2199.344745,2319.158114,2420.81491,2416.427749,2319.158114,4795.291199,5263.981392,5546.878805,4960.949948,5476.1585,5546.878805,5302.751207,5521.584491,5546.878805,5818.97652,6015.283245,5546.878805,1070.185001,1063.798323,0.001001968,0.001005531,0.001008742,0.001011081,5216.267493,5216.267493,5216.267493,12044.487,12044.487,12044.487,12044.487,12044.487
6/23/2013,1926.102265,2077.371295,2141.982922,2202.306023,2199.344745,2141.982922,4426.930268,5078.38371,5109.226026,4546.993439,5263.981392,5109.226026,4832.450128,5476.1585,5109.226026,5156.586363,5521.584491,5109.226026,987.7742003,981.9467241,0.001001968,0.001005531,0.001008742,0.001011081,3951.819774,3951.819774,3951.819774,9915.48472,9915.48472,9915.48472,9915.48472,9915.48472
6/24/2013,1824.716959,2079.851279,2030.997519,2075.159981,2077.371295,2030.997519,4279.384004,5354.064314,4941.232014,4379.35068,5078.38371,4941.232014,4612.161445,5263.981392,4941.232014,4856.100692,5476.1585,4941.232014,950.3701297,944.7945553,0.001001968,0.001005531,0.001008742,0.001011081,3157.669985,3157.669985,3157.669985,8104.611698,8104.611698,8104.611698,8104.611698,8104.611698
6/25/2013,1828.519719,2181.088406,2041.527551,2073.024712,2079.851279,2041.527551,4466.109202,7776.836108,5172.318269,4551.949827,5354.064314,5172.318269,4734.868049,5078.38371,5172.318269,4851.629578,5263.981392,5172.318269,980.7773594,974.9970973,0.001001968,0.001005531,0.001008742,0.001011081,2773.83348,2773.83348,2773.83348,6905.174081,6905.174081,6905.174081,6905.174081,6905.174081
6/26/2013,1929.169648,2666.97446,2159.0567,2179.563372,2181.088406,2159.0567,4545.211967,13191.75887,5272.940746,4628.573017,7776.836108,5272.940746,4764.635105,5354.064314,5272.940746,4780.272068,5078.38371,5272.940746,1050.041453,1043.791976,0.001001968,0.001005531,0.001008742,0.001011081,2534.762658,2534.762658,2534.762658,6169.100588,6169.100588,6169.100588,6169.100588,6169.100588
6/27/2013,2119.272194,8082.929524,2390.009006,2401.841254,2666.97446,2390.009006,4599.737587,17191.99009,5359.302743,4692.884393,13191.75887,5359.302743,4852.518581,7776.836108,5359.302743,4714.735443,5354.064314,5359.302743,1222.741683,1215.305839,0.001001968,0.001005531,0.001008742,0.001011081,2384.224577,2384.224577,2384.224577,5683.274057,5683.274057,5683.274057,5683.274057,5683.274057
6/28/2013,8583.956157,13870.06322,9642.530735,8096.96597,8082.929524,9642.530735,11886.75849,21878.43011,13770.36163,10837.64437,17191.99009,13770.36163,8827.746848,13191.75887,13770.36163,5167.338482,7776.836108,13770.36163,3765.265473,3738.761973,0.001001968,0.001005531,0.001008742,0.001011081,2711.036849,2711.036849,2711.036849,5583.679203,5583.679203,5583.679203,5583.679203,5583.679203
6/29/2013,12232.31615,9132.577094,14423.64289,14018.25485,13870.06322,14423.64289,16817.83479,21732.95001,20627.67643,17265.15149,21878.43011,20627.67643,17693.54479,17191.99009,20627.67643,10671.34409,13191.75887,20627.67643,8120.418033,8057.946364,0.001001968,0.001005531,0.001008742,0.001011081,4122.030934,4122.030934,4122.030934,6351.279505,6351.279505,6351.279505,6351.279505,6351.279505
6/30/2013,6944.987182,9697.392487,8217.805523,8991.732946,9132.577094,8217.805523,12774.67741,17833.17356,15606.90015,13956.35029,21732.95001,15606.90015,16877.43177,21878.43011,15606.90015,19109.00945,17191.99009,15606.90015,5081.817646,5044.749781,0.001001968,0.001005531,0.001008742,0.001011081,5327.363264,5327.363264,5327.363264,7992.694948,7992.694948,7992.694948,7992.694948,7992.694948
7/1/2013,7515.892331,12552.11415,8943.01654,9431.980009,9697.392487,8943.01654,10941.00026,14644.06101,13474.9867,11979.71915,17833.17356,13474.9867,13461.76763,21732.95001,13474.9867,14582.35864,21878.43011,13474.9867,5551.182674,5510.27371,0.001001968,0.001005531,0.001008742,0.001011081,6389.856189,6389.856189,6389.856189,9633.175465,9633.175465,9633.175465,9633.175465,9633.175465
7/2/2013,10701.47664,7288.319812,12777.00713,12715.60172,12552.11415,12777.00713,20957.54961,10718.61595,25625.38857,21629.11935,14644.06101,25625.38857,22564.05363,17833.17356,25625.38857,19051.71069,21732.95001,25625.38857,7704.119122,7645.195156,0.001001968,0.001005531,0.001008742,0.001011081,7783.180977,7783.180977,7783.180977,11972.18657,11972.18657,11972.18657,11972.18657,11972.18657
7/3/2013,6518.885561,5046.1272,7461.720257,7413.038389,7288.319812,7461.720257,17278.75317,8405.5773,20486.33702,17465.31094,10718.61595,20486.33702,19218.13436,14644.06101,20486.33702,23433.77722,17833.17356,20486.33702,3691.900811,3665.975569,0.001001968,0.001005531,0.001008742,0.001011081,8693.237804,8693.237804,8693.237804,14597.74912,14597.74912,14597.74912,14597.74912,14597.74912
7/4/2013,4300.463647,3970.102288,4883.363936,5066.207398,5046.1272,4883.363936,8241.916959,7266.687111,9591.379175,8639.142064,8405.5773,9591.379175,10063.666,10718.61595,9591.379175,13276.18531,14644.06101,9591.379175,2413.177908,2397.105742,0.001001968,0.001005531,0.001008742,0.001011081,9213.9391,9213.9391,9213.9391,16218.94124,16218.94124,16218.94124,16218.94124,16218.94124
7/5/2013,3328.994979,3250.574175,3766.267237,3977.671875,3970.102288,3766.267237,7675.926502,6422.415762,8950.68025,8019.6266,7266.687111,8950.68025,8859.946842,8405.5773,8950.68025,10794.7085,10718.61595,8950.68025,1859.3888,1847.41771,0.001001968,0.001005531,0.001008742,0.001011081,9101.422544,9101.422544,9101.422544,16952.20909,16952.20909,16952.20909,16952.20909,16952.20909
7/6/2013,2804.484639,2961.794088,3147.834668,3253.694365,3250.574175,3147.834668,6339.16668,5998.944984,7347.748564,6550.227088,6422.415762,7347.748564,7142.944063,7266.687111,7347.748564,8310.748959,8405.5773,7347.748564,1484.204707,1474.93394,0.001001968,0.001005531,0.001008742,0.001011081,7833.007206,7833.007206,7833.007206,16544.80239,16544.80239,16544.80239,16544.80239,16544.80239
7/7/2013,2596.347382,2787.207456,2913.675387,2962.241545,2961.794088,2913.675387,5631.881811,6089.53562,6524.723872,5781.041383,5998.944984,6524.723872,6208.073651,6422.415762,6524.723872,6835.775393,7266.687111,6524.723872,1384.661384,1376.094243,0.001001968,0.001005531,0.001008742,0.001011081,6744.36247,6744.36247,6744.36247,15136.81668,15136.81668,15136.81668,15136.81668,15136.81668
7/8/2013,2476.008409,2644.58452,2775.749144,2787.874279,2787.207456,2775.749144,5416.359393,5953.475477,6276.272933,5521.529745,6089.53562,6276.272933,5851.345054,5998.944984,6276.272933,6235.107844,6422.415762,6276.272933,1316.980496,1308.888304,0.001001968,0.001005531,0.001008742,0.001011081,5786.461142,5786.461142,5786.461142,13690.94522,13690.94522,13690.94522,13690.94522,13690.94522
7/9/2013,2352.422774,2752.706629,2629.999509,2640.93591,2644.58452,2629.999509,5007.144235,6122.442301,5788.05471,5105.821965,5953.475477,5788.05471,5370.454456,6089.53562,5788.05471,5683.326979,5998.944984,5788.05471,1227.791344,1220.320484,0.001001968,0.001005531,0.001008742,0.001011081,4477.438776,4477.438776,4477.438776,11461.81427,11461.81427,11461.81427,11461.81427,11461.81427
7/10/2013,2414.450467,2798.790753,2722.494268,2746.1777,2752.706629,2722.494268,4953.18399,6442.987801,5759.311383,5077.996852,6122.442301,5759.311383,5351.088879,5953.475477,5759.311383,5344.139522,6089.53562,5759.311383,1360.685162,1352.286603,0.001001968,0.001005531,0.001008742,0.001011081,3657.107694,3657.107694,3657.107694,8927.790258,8927.790258,8927.790258,8927.790258,8927.790258
7/11/2013,2461.554622,2425.947639,2780.930036,2802.203462,2798.790753,2780.930036,5268.386171,5383.617424,6144.797394,5389.211652,6442.987801,6144.797394,5630.674646,6122.442301,6144.797394,5690.526371,5953.475477,6144.797394,1406.836714,1398.113338,0.001001968,0.001005531,0.001008742,0.001011081,3199.912953,3199.912953,3199.912953,7434.516239,7434.516239,7434.516239,7434.516239,7434.516239
7/12/2013,2155.480531,2350.605471,2414.080725,2427.400172,2425.947639,2414.080725,4771.138798,4799.723456,5529.010527,4861.483017,5383.617424,5529.010527,5171.188305,6442.987801,5529.010527,5529.111634,6122.442301,5529.010527,1156.866764,1149.886073,0.001001968,0.001005531,0.001008742,0.001011081,2922.860112,2922.860112,2922.860112,6622.773455,6622.773455,6622.773455,6622.773455,6622.773455
7/13/2013,2091.395207,2329.670436,2347.858582,2348.7495,2350.605471,2347.858582,4853.978365,4555.156006,5637.114542,4927.476681,4799.723456,5637.114542,5188.046359,5383.617424,5637.114542,5369.05785,6442.987801,5637.114542,1154.312918,1147.349809,0.001001968,0.001005531,0.001008742,0.001011081,2755.814287,2755.814287,2755.814287,6225.416002,6225.416002,6225.416002,6225.416002,6225.416002
7/14/2013,2033.981672,1962.744068,2285.011084,2329.560825,2329.670436,2285.011084,5287.772338,4267.996285,6161.872691,5390.696967,4555.156006,6161.872691,5554.27121,4799.723456,6161.872691,5759.011295,5383.617424,6161.872691,1131.32781,1124.522727,0.001001968,0.001005531,0.001008742,0.001011081,2638.299545,2638.299545,2638.299545,6080.481184,6080.481184,6080.481184,6080.481184,6080.481184
7/15/2013,1741.437128,1880.316994,1938.867671,1961.872512,1962.744068,1938.867671,4203.858437,4091.622386,4850.258054,4279.871978,4267.996285,4850.258054,4554.630163,4555.156006,4850.258054,4858.761541,4799.723456,4850.258054,904.6017397,899.332686,0.001001968,0.001005531,0.001008742,0.001011081,2525.139448,2525.139448,2525.139448,5897.540758,5897.540758,5897.540758,5897.540758,5897.540758
7/16/2013,1671.720175,1809.847118,1864.055355,1878.731737,1880.316994,1864.055355,3723.805006,3977.366502,4290.196526,3796.763067,4091.622386,4290.196526,4002.459246,4267.996285,4290.196526,4232.038786,4555.156006,4290.196526,886.2571479,881.1104034,0.001001968,0.001005531,0.001008742,0.001011081,2417.469426,2417.469426,2417.469426,5697.564533,5697.564533,5697.564533,5697.564533,5697.564533
7/17/2013,1610.518513,1746.248602,1796.094907,1808.252624,1809.847118,1796.094907,3641.403429,4035.06694,4198.27249,3708.368141,3977.366502,4198.27249,3886.852484,4091.622386,4198.27249,4050.470217,4267.996285,4198.27249,859.1455415,854.1789644,0.001001968,0.001005531,0.001008742,0.001011081,2285.397713,2285.397713,2285.397713,5486.518552,5486.518552,5486.518552,5486.518552,5486.518552
7/18/2013,1554.97051,1689.364621,1733.950142,1744.678518,1746.248602,1733.950142,3482.007259,3774.742982,4013.182049,3546.145849,4035.06694,4013.182049,3713.923692,3977.366502,4013.182049,3847.003283,4091.622386,4013.182049,832.2684031,827.4797157,0.001001968,0.001005531,0.001008742,0.001011081,2140.277907,2140.277907,2140.277907,5220.590978,5220.590978,5220.590978,5220.590978,5220.590978
7/19/2013,1506.461755,1642.177703,1679.680347,1687.865846,1689.364621,1679.680347,3369.854771,5116.885248,3883.571497,3429.649917,3774.742982,3883.571497,3589.940415,4035.06694,3883.571497,3708.64828,3977.366502,3883.571497,808.8643971,804.2300105,0.001001968,0.001005531,0.001008742,0.001011081,2022.443007,2022.443007,2022.443007,4949.385868,4949.385868,4949.385868,4949.385868,4949.385868
7/20/2013,1461.536704,1579.767109,1630.35527,1640.733978,1642.177703,1630.35527,3287.091491,6562.255324,3790.503571,3347.208657,5116.885248,3790.503571,3500.121109,3774.742982,3790.503571,3611.51796,4035.06694,3790.503571,791.4083336,786.8886588,0.001001968,0.001005531,0.001008742,0.001011081,1915.105005,1915.105005,1915.105005,4650.707981,4650.707981,4650.707981,4650.707981,4650.707981
7/21/2013,1407.218963,1530.168807,1568.543045,1578.374997,1579.767109,1568.543045,3306.994909,4972.569586,3820.02046,3360.428037,6562.255324,3820.02046,3503.937287,5116.885248,3820.02046,3653.049911,3774.742982,3820.02046,759.7273677,755.4150398,0.001001968,0.001005531,0.001008742,0.001011081,1812.672017,1812.672017,1812.672017,4319.179891,4319.179891,4319.179891,4319.179891,4319.179891
7/22/2013,1364.302661,1357.473421,1520.069179,1526.656933,1530.168807,1520.069179,3117.876808,4481.351893,3594.582469,3169.226496,4972.569586,3594.582469,3310.08266,6562.255324,3594.582469,3390.564363,5116.885248,3594.582469,736.5513886,732.3900334,0.001001968,0.001005531,0.001008742,0.001011081,1734.826226,1734.826226,1734.826226,4090.893164,4090.893164,4090.893164,4090.893164,4090.893164
7/23/2013,1159.26036,1631.080095,1260.75569,1355.046428,1357.473421,1260.75569,4414.516761,4245.116119,5058.325355,4511.795284,4481.351893,5058.325355,4455.629468,4972.569586,5058.325355,4555.021656,6562.255324,5058.325355,475.0161309,472.5096849,0.001001968,0.001005531,0.001008742,0.001011081,1638.878228,1638.878228,1638.878228,4184.361652,4184.361652,4184.361652,4184.361652,4184.361652
7/24/2013,1794.885779,2487.363054,1937.844539,1631.597754,1631.080095,1937.844539,6156.020049,4243.153265,7093.599782,5841.00205,4245.116119,7093.599782,5774.072992,4481.351893,7093.599782,5732.91472,4972.569586,7093.599782,652.0704742,648.4540275,0.001001968,0.001005531,0.001008742,0.001011081,1593.976111,1593.976111,1593.976111,4537.494936,4537.494936,4537.494936,4537.494936,4537.494936
7/25/2013,2156.990706,1748.874669,2453.917367,2487.317915,2487.363054,2453.917367,5076.352842,6081.072883,5965.591452,5187.873077,4243.153265,5965.591452,5247.585065,4245.116119,5965.591452,4604.534757,4481.351893,5965.591452,1345.314403,1337.02373,0.001001968,0.001005531,0.001008742,0.001011081,1671.210955,1671.210955,1671.210955,4669.325603,4669.325603,4669.325603,4669.325603,4669.325603
7/26/2013,1483.32016,1450.790656,1655.788441,1747.765775,1748.874669,1655.788441,3875.064341,7104.186577,4487.79912,4005.303106,6081.072883,4487.79912,4326.053386,4243.153265,4487.79912,4792.932268,4245.116119,4487.79912,816.1339301,811.451677,0.001001968,0.001005531,0.001008742,0.001011081,1704.195682,1704.195682,1704.195682,4763.602996,4763.602996,4763.602996,4763.602996,4763.602996
7/27/2013,1271.702389,1475.438188,1406.106474,1447.162832,1450.790656,1406.106474,2856.302491,5616.928091,3267.157863,2936.631019,7104.186577,3267.157863,3162.949347,6081.072883,3267.157863,3594.970543,4243.153265,3267.157863,645.9668884,642.3894627,0.001001968,0.001005531,0.001008742,0.001011081,1690.765099,1690.765099,1690.765099,4801.786804,4801.786804,4801.786804,4801.786804,4801.786804
7/28/2013,1314.599424,1696.538819,1454.172293,1469.998559,1475.438188,1454.172293,3385.593688,5032.997473,3875.990684,3439.594986,5616.928091,3875.990684,3538.294318,7104.186577,3875.990684,3537.871411,6081.072883,3875.990684,666.2460833,662.5388232,0.001001968,0.001005531,0.001008742,0.001011081,1670.954778,1670.954778,1670.954778,4811.588051,4811.588051,4811.588051,4811.588051,4811.588051
7/29/2013,1547.582871,1892.242895,1697.540791,1698.482239,1696.538819,1697.540791,5940.823383,5313.256854,6825.825187,5953.939372,5032.997473,6825.825187,5820.550403,5616.928091,6825.825187,5430.632187,7104.186577,6825.825187,691.8982989,688.0260528,0.001001968,0.001005531,0.001008742,0.001011081,1664.613516,1664.613516,1664.613516,5208.102739,5208.102739,5208.102739,5208.102739,5208.102739
7/30/2013,2016.544212,2270.008379,2199.409108,1894.540159,1892.242895,2199.409108,6869.655136,5404.071492,7942.154235,6563.79552,5313.256854,7942.154235,6574.257605,5032.997473,7942.154235,6702.945421,5616.928091,7942.154235,839.5865935,834.749542,0.001001968,0.001005531,0.001008742,0.001011081,1746.542147,1746.542147,1746.542147,5523.159584,5523.159584,5523.159584,5523.159584,5523.159584
7/31/2013,1932.3936,1663.270596,2191.360187,2268.97728,2270.008379,2191.360187,4976.467257,4955.353773,5822.543497,5114.949658,5404.071492,5822.543497,5285.535349,5313.256854,5822.543497,5080.178915,5032.997473,5822.543497,1199.987096,1192.708822,0.001001968,0.001005531,0.001008742,0.001011081,1847.389863,1847.389863,1847.389863,5340.779268,5340.779268,5340.779268,5340.779268,5340.779268
8/1/2013,1345.764192,1439.667502,1489.178413,1621.111821,1663.270596,1489.178413,3944.729931,4640.761073,4539.59808,4102.121171,4955.353773,4539.59808,4326.575952,5404.071492,4539.59808,4889.53168,5313.256854,4539.59808,692.2122384,688.3379681,0.001001968,0.001005531,0.001008742,0.001011081,1766.803109,1766.803109,1766.803109,5325.290425,5325.290425,5325.290425,5325.290425,5325.290425
8/2/2013,1424.75291,1777.672347,1543.052385,1440.887407,1439.667502,1543.052385,4066.189165,4177.484287,4628.622845,3982.068438,4640.761073,4628.622845,4132.540716,4955.353773,4628.622845,4413.946209,5404.071492,4628.622845,561.352376,558.310619,0.001001968,0.001005531,0.001008742,0.001011081,1707.119825,1707.119825,1707.119825,5404.450392,5404.450392,5404.450392,5404.450392,5404.450392
8/3/2013,1699.738876,1776.791785,1869.681784,1809.339784,1777.672347,1869.681784,4787.422871,3893.65723,5512.052691,4755.263117,4177.484287,5512.052691,4718.87535,4640.761073,5512.052691,4653.790132,4955.353773,5512.052691,796.819465,792.2642659,0.001001968,0.001005531,0.001008742,0.001011081,1721.365217,1721.365217,1721.365217,5558.057654,5558.057654,5558.057654,5558.057654,5558.057654
8/4/2013,1565.063914,1515.858082,1735.019331,1779.218164,1776.791785,1735.019331,4463.776709,3964.349324,5152.047637,4537.807816,3893.65723,5152.047637,4656.414021,4177.484287,5152.047637,4608.270777,4640.761073,5152.047637,812.6019139,807.9429244,0.001001968,0.001005531,0.001008742,0.001011081,1766.788234,1766.788234,1766.788234,5700.693688,5700.693688,5700.693688,5700.693688,5700.693688
8/5/2013,1293.283095,1266.049958,1427.920329,1514.879214,1515.858082,1427.920329,3740.342061,3637.543576,4302.819297,3848.955984,3964.349324,4302.819297,4033.494772,3893.65723,4302.819297,4343.259568,4177.484287,4302.819297,657.9389877,654.284977,0.001001968,0.001005531,0.001008742,0.001011081,1782.251589,1782.251589,1782.251589,5446.234085,5446.234085,5446.234085,5446.234085,5446.234085
8/6/2013,1115.940031,1249.57556,1220.111116,1265.089438,1266.049958,1220.111116,3049.195187,6830.757187,3477.770653,3112.987236,3637.543576,3477.770653,3282.26346,3964.349324,3477.770653,3612.623417,3893.65723,3477.770653,517.4142562,514.6464631,0.001001968,0.001005531,0.001008742,0.001011081,1714.87625,1714.87625,1714.87625,4943.134563,4943.134563,4943.134563,4943.134563,4943.134563
8/7/2013,1110.176272,1828.469256,1220.055948,1239.442726,1249.57556,1220.055948,3006.01731,13719.47405,3439.039814,3046.762072,6830.757187,3439.039814,3168.065063,3637.543576,3439.039814,3305.213991,3964.349324,3439.039814,545.6773532,542.7336821,0.001001968,0.001005531,0.001008742,0.001011081,1579.081977,1579.081977,1579.081977,4674.723338,4674.723338,4674.723338,4674.723338,4674.723338
8/8/2013,1070.678653,5543.71058,1176.818258,1212.081361,1828.469256,1176.818258,3319.295058,17320.76993,3807.797917,3369.465229,13719.47405,3807.797917,3445.291672,6830.757187,3807.797917,3531.596706,3637.543576,3807.797917,526.5101,523.6858447,0.001001968,0.001005531,0.001008742,0.001011081,1503.490347,1503.490347,1503.490347,4511.620566,4511.620566,4511.620566,4511.620566,4511.620566
8/9/2013,3183.853158,7088.936563,3485.494348,3124.263004,5543.71058,3485.494348,6490.231714,14211.04676,7271.976165,6300.088197,17320.76993,7271.976165,5762.114005,13719.47405,7271.976165,3679.463988,6830.757187,7271.976165,1051.97406,1045.711434,0.001001968,0.001005531,0.001008742,0.001011081,1624.011782,1624.011782,1624.011782,4478.79939,4478.79939,4478.79939,4478.79939,4478.79939
8/10/2013,9998.911177,11296.86602,11087.86263,8581.051928,7088.936563,11087.86263,15172.16258,12705.35594,17361.54964,13243.31932,14211.04676,17361.54964,12991.96792,17320.76993,17361.54964,7959.626876,13719.47405,17361.54964,3172.146763,3150.28113,0.001001968,0.001005531,0.001008742,0.001011081,2486.012714,2486.012714,2486.012714,5369.267493,5369.267493,5369.267493,5369.267493,5369.267493
8/11/2013,10719.49718,7811.965463,12566.65303,12242.68527,11296.86602,12566.65303,19035.05462,9644.758422,23185.59793,19339.10696,12705.35594,23185.59793,19330.45035,14211.04676,23185.59793,16924.26046,17320.76993,23185.59793,6810.335637,6758.962416,0.001001968,0.001005531,0.001008742,0.001011081,3763.029325,3763.029325,3763.029325,6946.455465,6946.455465,6946.455465,6946.455465,6946.455465
8/12/2013,5585.698233,3360.36023,6510.045934,7857.128832,7811.965463,6510.045934,12886.08957,8696.047656,15548.89259,14468.42136,9644.758422,15548.89259,15564.1092,12705.35594,15548.89259,18443.92155,14211.04676,15548.89259,3774.721542,3748.143421,0.001001968,0.001005531,0.001008742,0.001011081,4704.862846,4704.862846,4704.862846,8671.842899,8671.842899,8671.842899,8671.842899,8671.842899
8/13/2013,2443.609396,2027.305859,2612.890153,3272.328205,3360.36023,2612.890153,5288.799548,8150.522225,5930.260637,5998.511775,8696.047656,5930.260637,7570.50374,9644.758422,5930.260637,11149.96698,12705.35594,5930.260637,722.8031223,718.7310335,0.001001968,0.001005531,0.001008742,0.001011081,5186.274976,5186.274976,5186.274976,10119.38456,10119.38456,10119.38456,10119.38456,10119.38456
8/14/2013,1604.282523,1506.288551,1642.651666,2084.507336,2027.305859,1642.651666,5706.593068,6427.343684,6371.271735,6131.540771,8150.522225,6371.271735,6626.239652,8696.047656,6371.271735,8905.356281,9644.758422,6371.271735,0.001000564,0.001006515,0.001001968,0.001005531,0.001008742,0.001011081,5379.745825,5379.745825,5379.745825,11144.41493,11144.41493,11144.41493,11144.41493,11144.41493
8/15/2013,2116.508846,4849.637134,2148.500402,1574.291761,1506.288551,2148.500402,5997.936932,6088.657653,6650.85767,5394.832877,6427.343684,6650.85767,5778.604426,8150.522225,6650.85767,6584.631229,8696.047656,6650.85767,0.001000564,0.001006515,0.001001968,0.001005531,0.001008742,0.001011081,5493.628364,5493.628364,5493.628364,11681.28044,11681.28044,11681.28044,11681.28044,11681.28044
8/16/2013,4462.557738,3958.73228,5173.076736,4861.079276,4849.637134,5173.076736,9112.799098,5796.682873,10945.44248,9001.334577,6088.657653,10945.44248,9242.24514,6427.343684,10945.44248,6922.25207,8150.522225,10945.44248,3004.349249,2983.779266,0.001001968,0.001005531,0.001008742,0.001011081,5797.810859,5797.810859,5797.810859,12035.44349,12035.44349,12035.44349,12035.44349,12035.44349
8/17/2013,2943.661351,1969.844987,3372.87374,3965.080967,3958.73228,3372.87374,7923.474862,4864.182345,9419.200288,8599.860414,5796.682873,9419.200288,8653.486689,6088.657653,9419.200288,9620.016634,6427.343684,9419.200288,1886.430456,1874.262074,0.001001968,0.001005531,0.001008742,0.001011081,5228.225083,5228.225083,5228.225083,11525.37897,11525.37897,11525.37897,11525.37897,11525.37897
8/18/2013,1665.711867,1930.99551,1781.643525,1974.125665,1969.844987,1781.643525,3255.026418,4463.474315,3628.895259,3484.706775,4864.182345,3628.895259,4183.620377,5796.682873,3628.895259,5370.61042,6088.657653,3628.895259,532.5741643,529.712192,0.001001968,0.001005531,0.001008742,0.001011081,4066.675895,4066.675895,4066.675895,10226.74035,10226.74035,10226.74035,10226.74035,10226.74035
8/19/2013,1704.227853,1856.096948,1858.243715,1933.810359,1930.99551,1858.243715,3680.846009,4902.973725,4183.388787,3799.418157,4463.474315,4183.388787,4121.367537,4864.182345,4183.388787,4625.235902,5796.682873,4183.388787,715.190794,711.1680359,0.001001968,0.001005531,0.001008742,0.001011081,3200.827707,3200.827707,3200.827707,8641.042269,8641.042269,8641.042269,8641.042269,8641.042269
8/20/2013,1646.944133,1750.759398,1805.822824,1857.857278,1856.096948,1805.822824,4332.592498,4732.015318,4978.464523,4413.3245,4902.973725,4978.464523,4602.570973,4463.474315,4978.464523,4875.917123,4864.182345,4978.464523,741.8017486,737.6062453,0.001001968,0.001005531,0.001008742,0.001011081,2802.640517,2802.640517,2802.640517,7331.376061,7331.376061,7331.376061,7331.376061,7331.376061
8/21/2013,1559.010691,1745.181816,1710.518207,1751.639468,1750.759398,1710.518207,3831.779452,4255.486424,4391.423898,3906.508698,4732.015318,4391.423898,4073.871691,4902.973725,4391.423898,4278.175701,4463.474315,4391.423898,711.8712451,707.8699774,0.001001968,0.001005531,0.001008742,0.001011081,2685.093576,2685.093576,2685.093576,6433.961417,6433.961417,6433.961417,6433.961417,6433.961417
8/22/2013,1540.73724,1784.504183,1696.056876,1729.699689,1745.181816,1696.056876,3690.519847,3991.95873,4227.371469,3763.394758,4255.486424,4227.371469,3905.957809,4732.015318,4227.371469,3968.875376,4902.973725,4227.371469,730.6703386,726.5471956,0.001001968,0.001005531,0.001008742,0.001011081,2648.218701,2648.218701,2648.218701,5969.564595,5969.564595,5969.564595,5969.564595,5969.564595
8/23/2013,1622.017054,1710.932348,1790.566739,1787.890309,1784.504183,1790.566739,4296.394892,1966.421762,4948.774198,4328.877785,3991.95873,4948.774198,4446.654923,4255.486424,4948.774198,4465.896716,4732.015318,4948.774198,786.7480675,782.2589622,0.001001968,0.001005531,0.001008742,0.001011081,2261.463409,2261.463409,2261.463409,5595.871153,5595.871153,5595.871153,5595.871153,5595.871153
8/24/2013,1536.177242,1536.050049,1697.73715,1721.594507,1710.932348,1697.73715,3988.960519,3298.033791,4597.047117,4046.208017,1966.421762,4597.047117,4180.617423,3991.95873,4597.047117,4344.026812,4255.486424,4597.047117,759.7401193,755.4277081,0.001001968,0.001005531,0.001008742,0.001011081,1980.428092,1980.428092,1980.428092,5135.984865,5135.984865,5135.984865,5135.984865,5135.984865
8/25/2013,1372.133789,1765.35368,1511.327043,1536.006486,1536.050049,1511.327043,3388.950148,5850.340445,3885.940785,3445.868711,3298.033791,3885.940785,3615.13644,1966.421762,3885.940785,3817.110654,3991.95873,3885.940785,665.7348516,662.0308711,0.001001968,0.001005531,0.001008742,0.001011081,1840.171524,1840.171524,1840.171524,4739.597268,4739.597268,4739.597268,4739.597268,4739.597268
8/26/2013,1277.612657,1386.715892,1403.593323,1432.05261,1765.35368,1403.593323,3161.624533,6409.700518,3616.172371,3219.337008,5850.340445,3616.172371,3343.44848,3298.033791,3616.172371,3535.128446,1966.421762,3616.172371,606.8921844,603.5633834,0.001001968,0.001005531,0.001008742,0.001011081,1743.686867,1743.686867,1743.686867,4481.145099,4481.145099,4481.145099,4481.145099,4481.145099
8/27/2013,1785.133945,2834.670694,1856.327495,1454.397974,1386.715892,1856.327495,2132.42491,7153.966172,2220.390652,1783.98479,6409.700518,2220.390652,1730.405987,5850.340445,2220.390652,1831.438968,3298.033791,2220.390652,207.8641592,206.9133312,0.001001968,0.001005531,0.001008742,0.001011081,1663.518234,1663.518234,1663.518234,4092.636454,4092.636454,4092.636454,4092.636454,4092.636454
8/28/2013,3125.677664,3866.564028,3404.693509,2784.527375,2834.670694,3404.693509,4639.379285,6068.860447,5253.531367,4128.629914,7153.966172,5253.531367,3952.503208,6409.700518,5253.531367,2944.952311,5850.340445,5253.531367,1203.111396,1195.811509,0.001001968,0.001005531,0.001008742,0.001011081,1744.206634,1744.206634,1744.206634,3965.175546,3965.175546,3965.175546,3965.175546,3965.175546
8/29/2013,3264.149024,2473.031291,3664.815606,3881.615997,3866.564028,3664.815606,7057.18936,5382.046672,8260.834981,7386.532895,6068.860447,8260.834981,7125.310383,7153.966172,8260.834981,6226.62237,6409.700518,8260.834981,1701.031757,1690.209127,0.001001968,0.001005531,0.001008742,0.001011081,1965.222954,1965.222954,1965.222954,4255.786173,4255.786173,4255.786173,4255.786173,4255.786173
8/30/2013,2694.563102,3955.070557,2840.035963,2587.371008,2473.031291,2840.035963,6171.586115,4296.428223,6936.907307,5940.304436,5382.046672,6936.907307,6163.28948,6068.860447,6936.907307,6783.918742,7153.966172,6936.907307,601.9351605,598.6377497,0.001001968,0.001005531,0.001008742,0.001011081,2103.145286,2103.145286,2103.145286,4625.954532,4625.954532,4625.954532,4625.954532,4625.954532
8/31/2013,3388.711924,2187.496247,3828.703431,3969.217907,3955.070557,3828.703431,6446.362414,3513.572098,7575.038718,6718.70102,4296.428223,7575.038718,6894.679628,5382.046672,7575.038718,6035.58317,6068.860447,7575.038718,1918.393829,1905.991822,0.001001968,0.001005531,0.001008742,0.001011081,2393.124183,2393.124183,2393.124183,5015.055991,5015.055991,5015.055991,5015.055991,5015.055991
9/1/2013,1760.008861,1681.443648,1853.199886,2177.920923,2187.496247,1853.199886,4470.987985,6772.644253,5029.985896,4799.215101,3513.572098,5029.985896,5081.85289,4296.428223,5029.985896,6535.218561,5382.046672,5029.985896,412.6203269,410.4925344,0.001001968,0.001005531,0.001008742,0.001011081,2511.612077,2511.612077,2511.612077,5262.555738,5262.555738,5262.555738,5262.555738,5262.555738
9/2/2013,1704.996665,1755.130604,1752.291881,1621.544866,1681.443648,1752.291881,3174.256501,7070.338793,3421.280703,3059.78186,6772.644253,3421.280703,3402.522556,3513.572098,3421.280703,3803.884077,4296.428223,3421.280703,179.1194888,178.3227606,0.001001968,0.001005531,0.001008742,0.001011081,2579.729954,2579.729954,2579.729954,5472.893041,5472.893041,5472.893041,5472.893041,5472.893041
9/3/2013,1922.470009,1938.335562,1955.712126,1795.320206,1755.130604,1955.712126,3741.764124,6697.86728,4012.220167,3595.43525,7070.338793,4012.220167,3280.868222,6772.644253,4012.220167,3682.802898,3513.572098,4012.220167,0.001000564,0.001006515,0.001001968,0.001005531,0.001008742,0.001011081,2600.026628,2600.026628,2600.026628,5722.913323,5722.913323,5722.913323,5722.913323,5722.913323
9/4/2013,3785.149936,8193.748311,3840.430463,1982.074191,1938.335562,3840.430463,5092.189545,7152.791019,5325.509079,3253.6179,6697.86728,5325.509079,3258.243932,7070.338793,5325.509079,2969.785819,6772.644253,5325.509079,214.9660531,213.9766105,0.001001968,0.001005531,0.001008742,0.001011081,2540.672014,2540.672014,2540.672014,5702.44504,5702.44504,5702.44504,5702.44504,5702.44504
9/5/2013,6212.017442,3465.629457,7358.92933,8195.704559,8193.748311,7358.92933,10102.04536,5625.09669,12438.24625,11311.21118,7152.791019,12438.24625,10598.13889,6697.86728,12438.24625,6267.249134,7070.338793,12438.24625,4707.001844,4672.97497,0.001001968,0.001005531,0.001008742,0.001011081,2982.721712,2982.721712,2982.721712,5772.050198,5772.050198,5772.050198,5772.050198,5772.050198
9/6/2013,2351.483441,1787.854726,2536.717031,3465.460274,3465.629457,2536.717031,6579.356429,4433.63922,7581.408819,7509.33278,5625.09669,7581.408819,8452.460969,7152.791019,7581.408819,10703.22786,6697.86728,7581.408819,867.321032,862.3002012,0.001001968,0.001005531,0.001008742,0.001011081,3206.476092,3206.476092,3206.476092,5958.610632,5958.610632,5958.610632,5958.610632,5958.610632
9/7/2013,1476.862211,1845.96768,1511.049723,1787.250418,1787.854726,1511.049723,1674.370705,3936.06407,1723.11379,1974.75505,4433.63922,1723.11379,2946.47366,5625.09669,1723.11379,4561.860507,7152.791019,1723.11379,139.7030396,139.1110599,0.001001968,0.001005531,0.001008742,0.001011081,3055.849344,3055.849344,3055.849344,5977.299459,5977.299459,5977.299459,5977.299459,5977.299459
9/8/2013,1613.768082,1751.151802,1715.89506,1845.12424,1845.96768,1715.89506,3979.96899,2818.601635,4511.995533,4118.236386,3936.06407,4511.995533,4452.725502,4433.63922,4511.995533,5113.788179,5625.09669,4511.995533,489.6033128,487.0072997,0.001001968,0.001005531,0.001008742,0.001011081,3011.855111,3011.855111,3011.855111,5892.736537,5892.736537,5892.736537,5892.736537,5892.736537
9/9/2013,1573.286337,1719.240712,1685.409542,1750.125967,1751.151802,1685.409542,4013.527363,3174.564715,4558.794947,4088.965582,2818.601635,4558.794947,4283.598773,3936.06407,4558.794947,4597.186928,4433.63922,4558.794947,539.5423296,536.6369443,0.001001968,0.001005531,0.001008742,0.001011081,3003.465392,3003.465392,3003.465392,5757.217794,5757.217794,5757.217794,5757.217794,5757.217794
9/10/2013,1539.493481,1548.117105,1661.068723,1718.154901,1719.240712,1661.068723,3480.699751,4889.809031,3946.207464,3562.600525,3174.564715,3946.207464,3713.678383,2818.601635,3946.207464,3857.950332,3936.06407,3946.207464,586.0734387,582.8762363,0.001001968,0.001005531,0.001008742,0.001011081,3040.449835,3040.449835,3040.449835,5761.821007,5761.821007,5761.821007,5761.821007,5761.821007
9/11/2013,1359.215654,1021.31816,1456.014245,1532.314947,1548.117105,1456.014245,3102.346781,4807.315095,3495.156915,3197.56719,4889.809031,3495.156915,3320.390756,3174.564715,3495.156915,3556.930225,2818.601635,3495.156915,470.3249639,467.8472416,0.001001968,0.001005531,0.001008742,0.001011081,2987.374397,2987.374397,2987.374397,5795.411571,5795.411571,5795.411571,5795.411571,5795.411571
9/12/2013,1066.491777,1603.860592,1079.017621,1001.63632,1021.31816,1079.017621,2092.420415,4567.704609,2211.421541,2019.10026,4807.315095,2211.421541,2083.560527,4889.809031,2211.421541,2512.794837,3174.564715,2211.421541,0.001000564,0.001006515,0.001001968,0.001005531,0.001008742,0.001011081,2227.024286,2227.024286,2227.024286,5220.214818,5220.214818,5220.214818,5220.214818,5220.214818
9/13/2013,2021.333737,3139.637557,2121.138986,1617.842727,1603.860592,2121.138986,3775.018421,4610.413511,4118.749356,3309.019253,4567.704609,4118.749356,3250.716097,4807.315095,4118.749356,2557.028791,4889.809031,4118.749356,467.0222804,464.5647564,0.001001968,0.001005531,0.001008742,0.001011081,1821.598713,1821.598713,1821.598713,4463.676578,4463.676578,4463.676578,4463.676578,4463.676578
9/14/2013,2797.977552,2512.768034,3134.836581,3153.171479,3139.637557,3134.836581,6060.802231,4133.602608,7058.055971,6166.281224,4610.413511,7058.055971,5938.545087,4567.704609,7058.055971,5037.921635,4807.315095,7058.055971,1528.095118,1518.512279,0.001001968,0.001005531,0.001008742,0.001011081,1811.228966,1811.228966,1811.228966,4113.644603,4113.644603,4113.644603,4113.644603,4113.644603
9/15/2013,2034.455819,1733.745851,2244.366677,2511.817401,2512.768034,2244.366677,4567.851995,3599.436884,5255.911581,4884.679571,4133.602608,5255.911581,5122.304195,4610.413511,5255.911581,5358.298364,4567.704609,5255.911581,991.8857561,986.0305157,0.001001968,0.001005531,0.001008742,0.001011081,1876.75988,1876.75988,1876.75988,4091.707236,4091.707236,4091.707236,4091.707236,4091.707236
9/16/2013,1445.398729,1449.806074,1548.170828,1732.492666,1733.745851,1548.170828,2953.588122,3267.760127,3301.218646,3165.600059,3599.436884,3301.218646,3525.209238,4133.602608,3301.218646,4172.586927,4610.413511,3301.218646,505.4979833,502.8039536,0.001001968,0.001005531,0.001008742,0.001011081,1894.940646,1894.940646,1894.940646,4153.909801,4153.909801,4153.909801,4153.909801,4153.909801
9/17/2013,1279.191511,1374.649991,1363.220486,1448.747581,1449.806074,1363.220486,2936.330125,3091.068182,3289.830632,3037.542789,3267.760127,3289.830632,3277.340049,3599.436884,3289.830632,3738.242667,4133.602608,3289.830632,416.4749949,414.3240315,0.001001968,0.001005531,0.001008742,0.001011081,1873.069773,1873.069773,1873.069773,4177.046023,4177.046023,4177.046023,4177.046023,4177.046023
9/18/2013,1238.568981,1320.611472,1328.004161,1373.434715,1374.649991,1328.004161,2978.303239,3496.654061,3360.119147,3038.530811,3091.068182,3360.119147,3189.978649,3267.760127,3360.119147,3429.537735,3599.436884,3360.119147,444.7913113,442.4692204,0.001001968,0.001005531,0.001008742,0.001011081,1855.092661,1855.092661,1855.092661,4157.212709,4157.212709,4157.212709,4157.212709,4157.212709
9/19/2013,1195.145633,1262.329891,1284.97843,1319.446877,1320.611472,1284.97843,2833.454069,4233.047394,3198.854526,2884.526648,3496.654061,3198.854526,2992.719516,3091.068182,3198.854526,3138.574126,3267.760127,3198.854526,448.1860767,445.8433647,0.001001968,0.001005531,0.001008742,0.001011081,1896.430983,1896.430983,1896.430983,4224.035397,4224.035397,4224.035397,4224.035397,4224.035397
9/20/2013,1146.288854,1220.147562,1233.192069,1261.231475,1262.329891,1233.192069,2669.460658,3447.75829,3010.588627,2714.998133,4233.047394,3010.588627,2811.129665,3496.654061,3010.588627,2920.09234,3091.068182,3010.588627,435.3378971,433.0731131,0.001001968,0.001005531,0.001008742,0.001011081,1869.595562,1869.595562,1869.595562,4176.391974,4176.391974,4176.391974,4176.391974,4176.391974
9/21/2013,1102.749719,1276.995518,1186.986953,1210.965559,1220.147562,1186.986953,2569.014718,3374.35868,2896.128907,2610.425981,3447.75829,2896.128907,2698.739569,4233.047394,2896.128907,2788.494452,3496.654061,2896.128907,423.683437,421.4890614,0.001001968,0.001005531,0.001008742,0.001011081,1668.209445,1668.209445,1668.209445,3879.10966,3879.10966,3879.10966,3879.10966,3879.10966
9/22/2013,1264.153882,1700.155073,1348.638129,1278.17803,1276.995518,1348.638129,3284.736143,3234.605222,3697.182475,3228.699155,3374.35868,3697.182475,3206.147013,3447.75829,3697.182475,3135.742692,4233.047394,3697.182475,414.6048405,412.4651227,0.001001968,0.001005531,0.001008742,0.001011081,1470.809454,1470.809454,1470.809454,3644.015858,3644.015858,3644.015858,3644.015858,3644.015858
9/23/2013,1572.506241,1392.373606,1715.356604,1704.334962,1700.155073,1715.356604,4165.36313,2875.956978,4773.594229,4175.436623,3234.605222,4773.594229,4097.710546,3374.35868,4773.594229,3898.970527,3447.75829,4773.594229,685.7392935,681.906735,0.001001968,0.001005531,0.001008742,0.001011081,1403.20186,1403.20186,1403.20186,3578.815169,3578.815169,3578.815169,3578.815169,3578.815169
9/24/2013,1208.277147,1128.474288,1318.456675,1391.675283,1392.373606,1318.456675,3035.216153,2671.08997,3456.703127,3130.245208,2875.956978,3456.703127,3369.471505,3234.605222,3456.703127,3417.605515,3374.35868,3456.703127,549.5744467,546.6064251,0.001001968,0.001005531,0.001008742,0.001011081,1391.183935,1391.183935,1391.183935,3507.341044,3507.341044,3507.341044,3507.341044,3507.341044
9/25/2013,994.7176079,1024.164091,1071.195767,1127.590247,1128.474288,1071.195767,2516.04115,2558.971618,2838.664526,2585.765295,2671.08997,2838.664526,2731.33432,2875.956978,2838.664526,3133.36808,3234.605222,2838.664526,389.9322591,387.940216,0.001001968,0.001005531,0.001008742,0.001011081,1356.11072,1356.11072,1356.11072,3467.728955,3467.728955,3467.728955,3467.728955,3467.728955
9/26/2013,932.8124242,1005.948684,1001.50117,1023.338813,1024.164091,1001.50117,2314.515554,2490.801986,2605.645032,2348.540679,2558.971618,2605.645032,2451.944543,2671.08997,2605.645032,2653.848924,2875.956978,2605.645032,352.536273,350.7654918,0.001001968,0.001005531,0.001008742,0.001011081,1315.138384,1315.138384,1315.138384,3415.081719,3415.081719,3415.081719,3415.081719,3415.081719
9/27/2013,919.6432626,978.0435569,990.6165746,1005.180005,1005.948684,990.6165746,2304.008214,2433.198646,2599.790562,2331.210783,2490.801986,2599.790562,2400.905361,2558.971618,2599.790562,2490.583323,2671.08997,2599.790562,365.0499396,363.205478,0.001001968,0.001005531,0.001008742,0.001011081,1276.460568,1276.460568,1276.460568,3354.547236,3354.547236,3354.547236,3354.547236,3354.547236
9/28/2013,894.5851286,948.4378633,964.4056457,977.3308591,978.0435569,964.4056457,2246.35521,2381.123235,2535.392623,2272.138024,2433.198646,2535.392623,2333.61034,2490.801986,2535.392623,2403.655702,2558.971618,2535.392623,360.4147792,358.5976526,0.001001968,0.001005531,0.001008742,0.001011081,1240.870604,1240.870604,1240.870604,3294.543193,3294.543193,3294.543193,3294.543193,3294.543193
9/29/2013,867.8987975,920.0565617,935.8684345,947.7798364,948.4378633,935.8684345,2171.787137,2333.449649,2449.636774,2196.522085,2381.123235,2449.636774,2255.534083,2433.198646,2449.636774,2319.048067,2490.801986,2449.636774,352.2616609,350.4924924,0.001001968,0.001005531,0.001008742,0.001011081,1205.913942,1205.913942,1205.913942,3151.683015,3151.683015,3151.683015,3151.683015,3151.683015
9/30/2013,842.2678172,892.9788815,908.4018468,919.453868,920.0565617,908.4018468,2121.66089,2279.419496,2392.459937,2145.11267,2333.449649,2392.459937,2201.798778,2381.123235,2392.459937,2260.102864,2433.198646,2392.459937,344.1350175,342.4134912,0.001001968,0.001005531,0.001008742,0.001011081,1118.952455,1118.952455,1118.952455,2879.37706,2879.37706,2879.37706,2879.37706,2879.37706
10/1/2013,817.7679913,867.054388,882.1292636,892.4315828,892.9788815,882.1292636,2079.696706,2029.446162,2344.529261,2101.926608,2279.419496,2344.529261,2156.400148,2333.449649,2344.529261,2210.315645,2381.123235,2344.529261,336.2750748,334.5994717,0.001001968,0.001005531,0.001008742,0.001011081,1026.455464,1026.455464,1026.455464,2699.924536,2699.924536,2699.924536,2699.924536,2699.924536
10/2/2013,794.27409,842.1601787,856.9182191,866.5611189,867.054388,856.9182191,2036.878586,1844.863996,2295.967074,2057.948636,2029.446162,2295.967074,2110.313819,2279.419496,2295.967074,2165.225038,2333.449649,2295.967074,328.6485772,327.0173836,0.001001968,0.001005531,0.001008742,0.001011081,976.9254275,976.9254275,976.9254275,2563.267486,2563.267486,2563.267486,2563.267486,2563.267486
10/3/2013,771.6857247,813.5258021,832.6620929,841.7191578,842.1601787,832.6620929,1994.022383,2337.503501,2247.542037,2013.99797,1844.863996,2247.542037,2064.371018,2029.446162,2247.542037,2119.064312,2279.419496,2247.542037,321.2261883,319.638071,0.001001968,0.001005531,0.001008742,0.001011081,943.890867,943.890867,943.890867,2477.091038,2477.091038,2477.091038,2477.091038,2477.091038
10/4/2013,741.9679307,681.8553011,800.2800929,812.5054219,813.5258021,800.2800929,1944.100805,2656.366502,2189.993053,1966.447175,2337.503501,2189.993053,2014.041871,1844.863996,2189.993053,2068.53459,2029.446162,2189.993053,308.7014142,307.1856518,0.001001968,0.001005531,0.001008742,0.001011081,914.3130442,914.3130442,914.3130442,2415.440401,2415.440401,2415.440401,2415.440401,2415.440401
10/5/2013,597.1185619,757.0898932,627.4390543,660.9698266,681.8553011,627.4390543,1627.687524,3532.011948,1799.35388,1663.607123,2656.366502,1799.35388,1673.961287,2337.503501,1799.35388,1855.863929,1844.863996,1799.35388,160.0337248,159.3371758,0.001001968,0.001005531,0.001008742,0.001011081,866.456674,866.456674,866.456674,2334.69989,2334.69989,2334.69989,2334.69989,2334.69989
10/6/2013,895.8712426,1628.416166,941.1368448,761.6136334,757.0898932,941.1368448,1799.565506,3885.897204,1970.121094,1632.559571,3532.011948,1970.121094,1645.215917,2656.366502,1970.121094,1563.029161,2337.503501,1970.121094,229.0954347,228.028579,0.001001968,0.001005531,0.001008742,0.001011081,835.6295976,835.6295976,835.6295976,2243.248726,2243.248726,2243.248726,2243.248726,2243.248726
10/7/2013,1394.709478,1690.845266,1549.68664,1452.069715,1628.416166,1549.68664,2834.196711,4824.742042,3264.816576,2781.890459,3885.897204,3264.816576,2742.930004,3532.011948,3264.816576,2204.415323,2656.366502,3264.816576,761.7758681,757.4501666,0.001001968,0.001005531,0.001008742,0.001011081,885.8951822,885.8951822,885.8951822,2235.874567,2235.874567,2235.874567,2235.874567,2235.874567
10/8/2013,1765.785802,1441.253774,1896.947683,1774.086252,1690.845266,1896.947683,3538.234397,5084.613145,3968.759935,3465.745979,4824.742042,3968.759935,3176.484393,3885.897204,3968.759935,2972.277499,3532.011948,3968.759935,541.1945554,538.2788652,0.001001968,0.001005531,0.001008742,0.001011081,959.2376429,959.2376429,959.2376429,2334.825857,2334.825857,2334.825857,2334.825857,2334.825857
10/9/2013,1533.23506,2323.726949,1599.575749,1503.114684,1441.253774,1599.575749,3480.518211,3932.372878,3856.527822,3392.708235,5084.613145,3856.527822,3320.97677,4824.742042,3856.527822,3453.829731,3885.897204,3856.527822,274.7312338,273.409481,0.001001968,0.001005531,0.001008742,0.001011081,1036.353159,1036.353159,1036.353159,2598.624318,2598.624318,2598.624318,2598.624318,2598.624318
10/10/2013,2072.913046,1752.22064,2351.090816,2325.842172,2323.726949,2351.090816,4015.205805,3066.849504,4709.431654,4074.090061,3932.372878,4709.431654,4438.558942,5084.613145,4709.431654,3460.361576,4824.742042,4709.431654,1292.069861,1284.151741,0.001001968,0.001005531,0.001008742,0.001011081,1262.771216,1262.771216,1262.771216,2864.02472,2864.02472,2864.02472,2864.02472,2864.02472
10/11/2013,1350.561168,987.6033979,1501.620298,1753.432841,1752.22064,1501.620298,4220.897881,2566.561278,4905.942893,4488.071508,3066.849504,4905.942893,4582.449608,3932.372878,4905.942893,5335.228118,5084.613145,4905.942893,737.4608052,733.2935374,0.001001968,0.001005531,0.001008742,0.001011081,1396.551234,1396.551234,1396.551234,3212.54544,3212.54544,3212.54544,3212.54544,3212.54544
10/12/2013,866.3436965,960.6031703,913.2493355,988.4436882,987.6033979,913.2493355,3100.556674,2380.094247,3513.633029,3161.912537,2566.561278,3513.633029,3417.168109,3066.849504,3513.633029,4024.743079,3932.372878,3513.633029,238.3570881,237.2390829,0.001001968,0.001005531,0.001008742,0.001011081,1480.021962,1480.021962,1480.021962,3627.885384,3627.885384,3627.885384,3627.885384,3627.885384
10/13/2013,869.1785883,926.9928411,930.1471887,960.8626388,960.6031703,930.1471887,2685.296455,2271.611545,3043.880476,2715.682134,2380.094247,3043.880476,2836.35858,2566.561278,3043.880476,3080.064589,3066.849504,3043.880476,314.8038232,313.2528606,0.001001968,0.001005531,0.001008742,0.001011081,1524.242982,1524.242982,1524.242982,3880.969999,3880.969999,3880.969999,3880.969999,3880.969999
10/14/2013,842.2439441,884.4101931,905.4896325,927.0505395,926.9928411,905.4896325,2380.890927,2187.762623,2694.652647,2408.066575,2271.611545,2694.652647,2482.214567,2380.094247,2694.652647,2619.583128,2566.561278,2694.652647,328.8471348,327.2147869,0.001001968,0.001005531,0.001008742,0.001011081,1478.835171,1478.835171,1478.835171,3921.697728,3921.697728,3921.697728,3921.697728,3921.697728
10/15/2013,805.34263,845.9897164,866.5279245,884.3416759,884.4101931,866.5279245,2087.0744,2364.029626,2351.976259,2114.881585,2187.762623,2351.976259,2179.686987,2271.611545,2351.976259,2267.653247,2380.094247,2351.976259,320.4200172,318.8365698,0.001001968,0.001005531,0.001008742,0.001011081,1406.355493,1406.355493,1406.355493,3823.758338,3823.758338,3823.758338,3823.758338,3823.758338
10/16/2013,771.2427223,849.2412172,830.1288586,845.4547743,845.9897164,830.1288586,1980.659995,2396.767298,2228.896553,2006.224914,2364.029626,2228.896553,2065.563559,2187.762623,2228.896553,2136.414512,2271.611545,2228.896553,310.4610495,308.9351476,0.001001968,0.001005531,0.001008742,0.001011081,1327.643533,1327.643533,1327.643533,3552.979368,3552.979368,3552.979368,3552.979368,3552.979368
10/17/2013,757.7844904,864.766965,818.0282867,832.0066268,849.2412172,818.0282867,1939.080272,2444.62384,2181.924504,1964.644332,2396.767298,2181.924504,2019.688491,2364.029626,2181.924504,2049.827745,2187.762623,2181.924504,318.4470337,316.8750078,0.001001968,0.001005531,0.001008742,0.001011081,1100.412464,1100.412464,1100.412464,3277.5654,3277.5654,3277.5654,3277.5654,3277.5654
10/18/2013,827.8537709,918.7512528,894.4824463,873.8224396,864.766965,894.4824463,2026.532574,2243.56305,2274.179612,2022.292072,2444.62384,2274.179612,2064.040705,2396.767298,2274.179612,2011.572459,2364.029626,2274.179612,344.3485819,342.6258057,0.001001968,0.001005531,0.001008742,0.001011081,973.4742681,973.4742681,973.4742681,2924.330145,2924.330145,2924.330145,2924.330145,2924.330145
10/19/2013,828.4135285,793.5400977,901.619169,922.1882343,918.7512528,901.619169,2165.302967,2066.102465,2450.738789,2200.926323,2243.56305,2450.738789,2223.446154,2444.62384,2450.738789,2238.836984,2396.767298,2450.738789,381.3217673,379.3809522,0.001001968,0.001005531,0.001008742,0.001011081,923.6276162,923.6276162,923.6276162,2564.366693,2564.366693,2564.366693,2564.366693,2564.366693
10/20/2013,718.0699776,737.8552933,776.757743,794.8544486,793.5400977,776.757743,2035.21664,1964.092117,2294.551842,2063.008063,2066.102465,2294.551842,2148.835873,2243.56305,2294.551842,2216.942657,2444.62384,2294.551842,312.7539665,311.2148393,0.001001968,0.001005531,0.001008742,0.001011081,892.7793252,892.7793252,892.7793252,2389.09909,2389.09909,2389.09909,2389.09909,2389.09909
10/21/2013,673.8112751,702.2707907,726.3562635,738.5134688,737.8552933,726.3562635,1979.971781,1898.664303,2234.746838,1997.856195,1964.092117,2234.746838,2046.134081,2066.102465,2234.746838,2204.696055,2243.56305,2234.746838,282.9789156,281.610372,0.001001968,0.001005531,0.001008742,0.001011081,862.6837397,862.6837397,862.6837397,2345.701541,2345.701541,2345.701541,2345.701541,2345.701541
10/22/2013,641.7608364,669.7545025,692.461316,701.819657,702.2707907,692.461316,1790.440107,1855.397719,2016.746481,1806.929967,1898.664303,2016.746481,1860.029513,1964.092117,2016.746481,1940.545091,2066.102465,2016.746481,275.3771258,274.0517162,0.001001968,0.001005531,0.001008742,0.001011081,835.7916403,835.7916403,835.7916403,2303.691879,2303.691879,2303.691879,2303.691879,2303.691879
10/23/2013,611.4303747,639.3110698,659.1274204,669.3967039,669.7545025,659.1274204,1721.087754,1827.314975,1936.081191,1737.911391,1855.397719,1936.081191,1779.01166,1898.664303,1936.081191,1843.768322,1964.092117,1936.081191,260.7996811,259.5564819,0.001001968,0.001005531,0.001008742,0.001011081,809.164422,809.164422,809.164422,2260.153412,2260.153412,2260.153412,2260.153412,2260.153412
10/24/2013,586.3159284,621.1551005,631.2438193,638.9463774,639.3110698,631.2438193,1658.263042,1806.258272,1863.042817,1672.005623,1827.314975,1863.042817,1710.324526,1855.397719,1863.042817,1763.633058,1898.664303,1863.042817,247.2132317,246.0460294,0.001001968,0.001005531,0.001008742,0.001011081,780.9317925,780.9317925,780.9317925,2216.64603,2216.64603,2216.64603,2216.64603,2216.64603
10/25/2013,570.6766102,608.1459977,614.5923219,620.7842531,621.1551005,614.5923219,1625.965329,1771.000489,1826.509179,1638.083799,1806.258272,1826.509179,1672.851127,1827.314975,1826.509179,1712.033039,1855.397719,1826.509179,242.6935499,241.5514894,0.001001968,0.001005531,0.001008742,0.001011081,746.2634296,746.2634296,746.2634296,2167.578715,2167.578715,2167.578715,2167.578715,2167.578715
10/26/2013,559.0279311,597.4105227,602.6438312,607.79103,608.1459977,602.6438312,1611.848704,1714.829581,1810.83943,1622.953446,1771.000489,1810.83943,1656.438735,1806.258272,1810.83943,1683.953513,1827.314975,1810.83943,241.8830033,240.7454441,0.001001968,0.001005531,0.001008742,0.001011081,706.0564383,706.0564383,706.0564383,2088.219664,2088.219664,2088.219664,2088.219664,2088.219664
10/27/2013,549.1650284,583.6561608,592.6978953,597.0727246,597.4105227,592.6978953,1593.428642,1675.802076,1790.99574,1603.778932,1714.829581,1790.99574,1636.231074,1771.000489,1790.99574,1668.717696,1806.258272,1790.99574,242.1836983,241.0444695,0.001001968,0.001005531,0.001008742,0.001011081,671.8620494,671.8620494,671.8620494,2003.01004,2003.01004,2003.01004,2003.01004,2003.01004
10/28/2013,534.6554849,561.4576192,577.3308441,583.3363898,583.6561608,577.3308441,1566.841977,1211.83201,1761.275328,1578.598852,1675.802076,1761.275328,1609.475702,1714.829581,1761.275328,1644.688738,1771.000489,1761.275328,238.3731757,237.2550814,0.001001968,0.001005531,0.001008742,0.001011081,647.5802199,647.5802199,647.5802199,1918.440613,1918.440613,1918.440613,1918.440613,1918.440613
10/29/2013,514.4917859,526.3146014,554.9889099,561.1564985,561.4576192,554.9889099,1526.318847,1906.437867,1714.318926,1537.613437,1211.83201,1714.318926,1568.214891,1675.802076,1714.318926,1610.124367,1714.829581,1714.318926,227.5419045,226.4835975,0.001001968,0.001005531,0.001008742,0.001011081,625.1344187,625.1344187,625.1344187,1867.056353,1867.056353,1867.056353,1867.056353,1867.056353
10/30/2013,487.6820949,544.8280918,523.6090153,526.0337368,526.3146014,523.6090153,1465.321119,2290.888134,1640.922897,1471.565161,1906.437867,1640.922897,1498.532057,1211.83201,1640.922897,1553.461753,1675.802076,1640.922897,203.7990348,202.8702172,0.001001968,0.001005531,0.001008742,0.001011081,603.7344258,603.7344258,603.7344258,1824.254057,1824.254057,1824.254057,1824.254057,1824.254057
10/31/2013,511.1896666,426.5730861,547.2813896,520.154175,544.8280918,547.2813896,1475.851727,2341.732625,1649.799485,1452.817244,2290.888134,1649.799485,1476.524615,1906.437867,1649.799485,1502.843396,1211.83201,1649.799485,205.3179217,204.3808882,0.001001968,0.001005531,0.001008742,0.001011081,585.3916806,585.3916806,585.3916806,1786.23854,1786.23854,1786.23854,1786.23854,1786.23854
11/1/2013,421.2729994,552.0648531,428.1747702,423.9842212,426.5730861,428.1747702,1166.526982,2317.935118,1242.694302,1166.118023,2341.732625,1242.694302,1079.139579,2290.888134,1242.694302,1138.895977,1906.437867,1242.694302,0.001000564,0.001006515,0.001001968,0.001005531,0.001008742,0.001011081,544.4953497,544.4953497,544.4953497,1705.497968,1705.497968,1705.497968,1705.497968,1705.497968
11/2/2013,915.34835,1527.673718,935.1107631,568.6888753,552.0648531,935.1107631,2220.468942,2429.471795,2422.681081,1851.103955,2317.935118,2422.681081,1789.333198,2341.732625,2422.681081,1668.786442,2290.888134,2422.681081,87.34811679,87.01266572,0.001001968,0.001005531,0.001008742,0.001011081,529.7982205,529.7982205,529.7982205,1741.466337,1741.466337,1741.466337,1741.466337,1741.466337
11/3/2013,1415.690775,1240.39919,1567.478061,1533.872578,1527.673718,1567.478061,2982.006602,2094.203001,3426.207291,2988.269196,2429.471795,3426.207291,2793.356636,2317.935118,3426.207291,2181.371998,2341.732625,3426.207291,756.2776044,751.9877875,0.001001968,0.001005531,0.001008742,0.001011081,616.5062611,616.5062611,616.5062611,1823.804084,1823.804084,1823.804084,1823.804084,1823.804084
11/4/2013,1054.643726,929.8036285,1145.714265,1240.900344,1240.39919,1145.714265,2545.664352,1688.605668,2891.119596,2656.841113,2094.203001,2891.119596,2725.944426,2429.471795,2891.119596,2751.883378,2317.935118,2891.119596,481.1940829,478.6497494,0.001001968,0.001005531,0.001008742,0.001011081,710.2652683,710.2652683,710.2652683,1945.296421,1945.296421,1945.296421,1945.296421,1945.296421
11/5/2013,758.0325405,681.3401991,810.9581906,929.4956142,929.8036285,810.9581906,1684.478679,1971.15366,1871.318588,1814.712809,1688.605668,1871.318588,1973.143666,2094.203001,1871.318588,2201.701616,2429.471795,1871.318588,295.1703632,293.7322816,0.001001968,0.001005531,0.001008742,0.001011081,778.8562326,778.8562326,778.8562326,2064.098342,2064.098342,2064.098342,2064.098342,2064.098342
11/6/2013,576.5156355,547.4339146,605.8716637,678.9689982,681.3401991,605.8716637,1589.546696,2124.059172,1762.75616,1662.940755,1971.15366,1762.75616,1798.173089,1688.605668,1762.75616,2072.134168,2094.203001,1762.75616,171.2653176,170.5100363,0.001001968,0.001005531,0.001008742,0.001011081,817.0456751,817.0456751,817.0456751,2147.196249,2147.196249,2147.196249,2147.196249,2147.196249
11/7/2013,490.2458256,602.963014,503.6150601,528.8421522,547.4339146,503.6150601,1441.842041,2299.505188,1573.655842,1463.445016,2124.059172,1573.655842,1517.163354,1971.15366,1573.655842,1715.804577,1688.605668,1573.655842,76.75306809,76.46725599,0.001001968,0.001005531,0.001008742,0.001011081,825.7775793,825.7775793,825.7775793,2177.585445,2177.585445,2177.585445,2177.585445,2177.585445
11/8/2013,737.0757946,1025.688247,748.7027467,611.0220728,602.963014,748.7027467,1612.87344,2126.135861,1722.676295,1477.727429,2299.505188,1722.676295,1362.787056,2124.059172,1722.676295,1407.63595,1971.15366,1722.676295,30.87351666,30.78261898,0.001001968,0.001005531,0.001008742,0.001011081,848.4728183,848.4728183,848.4728183,2216.93771,2216.93771,2216.93771,2216.93771,2216.93771
11/9/2013,1121.409799,1294.694641,1185.1601,1035.739057,1025.688247,1185.1601,2315.656775,2060.336478,2568.756271,2179.602662,2126.135861,2568.756271,2088.19565,2299.505188,2568.756271,1758.548531,2124.059172,2568.756271,334.6228472,332.9568777,0.001001968,0.001005531,0.001008742,0.001011081,904.1385511,904.1385511,904.1385511,2210.437131,2210.437131,2210.437131,2210.437131,2210.437131
11/10/2013,1091.030491,878.3808845,1201.501005,1294.322513,1294.694641,1201.501005,2412.609756,2008.474597,2756.17789,2532.791694,2060.336478,2756.17789,2585.738878,2126.135861,2756.17789,2270.382816,2299.505188,2756.17789,573.8945294,570.7740211,0.001001968,0.001005531,0.001008742,0.001011081,910.6534026,910.6534026,910.6534026,2200.77681,2200.77681,2200.77681,2200.77681,2200.77681
11/11/2013,719.595934,629.590504,765.2067777,875.0092342,878.3808845,765.2067777,1913.820183,1890.272953,2138.114495,2027.603708,2008.474597,2138.114495,2149.421228,2060.336478,2138.114495,2467.365616,2126.135861,2138.114495,256.550243,255.3308798,0.001001968,0.001005531,0.001008742,0.001011081,871.4906576,871.4906576,871.4906576,2171.856621,2171.856621,2171.856621,2171.856621,2171.856621
11/12/2013,603.6911439,712.3621249,620.6342556,631.0620064,629.590504,620.6342556,1368.380692,1812.923664,1471.651797,1379.655593,1890.272953,1471.651797,1466.919357,2008.474597,1471.651797,1743.171527,2060.336478,1471.651797,95.06504044,94.69315952,0.001001968,0.001005531,0.001008742,0.001011081,823.5537218,823.5537218,823.5537218,2096.017734,2096.017734,2096.017734,2096.017734,2096.017734
11/13/2013,713.9643252,823.6492685,750.1489367,713.6166076,712.3621249,750.1489367,1647.487725,1780.178555,1818.787198,1615.799608,1812.923664,1818.787198,1660.183018,1890.272953,1818.787198,1663.813636,2008.474597,1818.787198,206.2226616,205.2807296,0.001001968,0.001005531,0.001008742,0.001011081,814.3681808,814.3681808,814.3681808,2036.567929,2036.567929,2036.567929,2036.567929,2036.567929
11/14/2013,724.0177413,647.9232107,779.7225202,823.4564119,823.6492685,779.7225202,1824.115214,1639.171904,2053.58322,1876.764508,1780.178555,2053.58322,1903.098554,1812.923664,2053.58322,1854.920268,1890.272953,2053.58322,310.7072298,309.1799086,0.001001968,0.001005531,0.001008742,0.001011081,846.7988649,846.7988649,846.7988649,2038.109014,2038.109014,2038.109014,2038.109014,2038.109014
11/15/2013,572.81663,564.2140007,604.7613947,647.4558481,647.9232107,604.7613947,1570.169539,2113.201293,1742.905959,1614.036485,1639.171904,1742.905959,1677.689747,1780.178555,1742.905959,1818.241579,1812.923664,1742.905959,187.0233131,186.1845798,0.001001968,0.001005531,0.001008742,0.001011081,874.2286849,874.2286849,874.2286849,2078.389365,2078.389365,2078.389365,2078.389365,2078.389365
11/16/2013,512.7847602,581.3591183,537.7121795,562.8292728,564.2140007,537.7121795,1386.648327,2118.464218,1528.344854,1412.40474,2113.201293,1528.344854,1466.49224,1639.171904,1528.344854,1573.184563,1780.178555,1528.344854,148.5122875,147.8752877,0.001001968,0.001005531,0.001008742,0.001011081,831.7077032,831.7077032,831.7077032,2038.415752,2038.415752,2038.415752,2038.415752,2038.415752
11/17/2013,519.8355055,712.077658,547.4070552,551.4114632,581.3591183,547.4070552,1469.81732,2130.381629,1631.115783,1474.269281,2118.464218,1631.115783,1510.322657,2113.201293,1631.115783,1554.397847,1639.171904,1631.115783,163.0311789,162.3190194,0.001001968,0.001005531,0.001008742,0.001011081,734.25996,734.25996,734.25996,1947.371065,1947.371065,1947.371065,1947.371065,1947.371065
11/18/2013,736.7907935,759.1240049,780.1285532,723.6905238,712.077658,780.1285532,1720.078455,1918.440805,1898.524078,1676.732049,2130.381629,1898.524078,1612.456403,2118.464218,1898.524078,1490.336229,2113.201293,1898.524078,217.2230355,216.2212789,0.001001968,0.001005531,0.001008742,0.001011081,686.2161693,686.2161693,686.2161693,1833.900565,1833.900565,1833.900565,1833.900565,1833.900565
11/19/2013,872.3607137,1173.77022,915.1070565,775.8853428,759.1240049,915.1070565,2225.050686,1804.990254,2477.689272,2086.752745,1918.440805,2477.689272,2050.771182,2130.381629,2477.689272,2040.278538,2118.464218,2477.689272,232.6677942,231.5812465,0.001001968,0.001005531,0.001008742,0.001011081,687.8088203,687.8088203,687.8088203,1859.210288,1859.210288,1859.210288,1859.210288,1859.210288
11/20/2013,1040.286796,843.5393393,1151.47172,1174.228068,1173.77022,1151.47172,2245.972248,1779.737344,2570.176197,2298.053729,1804.990254,2570.176197,2316.354342,1918.440805,2570.176197,1971.462358,2130.381629,2570.176197,579.6101997,576.4537253,0.001001968,0.001005531,0.001008742,0.001011081,739.7084848,739.7084848,739.7084848,1910.415142,1910.415142,1910.415142,1910.415142,1910.415142
11/21/2013,679.4417476,609.2803909,729.7845143,838.5154252,843.5393393,729.7845143,1875.832876,1738.199015,2110.521957,1989.503853,1779.737344,2110.521957,2053.605406,1804.990254,2110.521957,2319.302894,1918.440805,2110.521957,284.3532154,282.9768551,0.001001968,0.001005531,0.001008742,0.001011081,748.4503317,748.4503317,748.4503317,1958.001535,1958.001535,1958.001535,1958.001535,1958.001535
11/22/2013,554.1826063,594.5392671,577.8796446,602.4399574,609.2803909,577.8796446,1267.344416,1663.246214,1374.008006,1295.783346,1738.199015,1374.008006,1397.975628,1779.737344,1374.008006,1595.024489,1804.990254,1374.008006,136.43516,135.8597621,0.001001968,0.001005531,0.001008742,0.001011081,747.9498635,747.9498635,747.9498635,1969.361603,1969.361603,1969.361603,1969.361603,1969.361603
11/23/2013,605.9953696,697.1354619,630.5510278,598.496436,594.5392671,630.5510278,1423.680737,3978.516846,1557.654162,1394.131834,1663.246214,1557.654162,1416.845396,1738.199015,1557.654162,1510.111728,1779.737344,1557.654162,140.4213789,139.8257454,0.001001968,0.001005531,0.001008742,0.001011081,748.6410426,748.6410426,748.6410426,1957.254289,1957.254289,1957.254289,1957.254289,1957.254289
11/24/2013,708.7632041,779.6627548,750.3045637,703.155271,697.1354619,750.3045637,1642.052108,6635.603269,1822.885983,1601.200349,3978.516846,1822.885983,1611.152303,1663.246214,1822.885983,1565.216269,1738.199015,1822.885983,236.6725337,235.563855,0.001001968,0.001005531,0.001008742,0.001011081,764.5844957,764.5844957,764.5844957,1954.516008,1954.516008,1954.516008,1954.516008,1954.516008
11/25/2013,664.3070664,869.5118581,715.0644671,779.7944481,779.6627548,715.0644671,1630.196877,5347.791537,1828.304786,1704.026973,6635.603269,1828.304786,1703.45042,3978.516846,1828.304786,1661.535651,1663.246214,1828.304786,287.4900103,286.0957874,0.001001968,0.001005531,0.001008742,0.001011081,779.9860494,779.9860494,779.9860494,1965.980298,1965.980298,1965.980298,1965.980298,1965.980298
11/26/2013,506.83371,2253.339535,530.6357006,565.6852088,869.5118581,530.6357006,1377.733662,6062.943518,1516.431585,1413.084228,5347.791537,1516.431585,1490.295068,6635.603269,1516.431585,1607.438324,3978.516846,1516.431585,143.8984157,143.2850526,0.001001968,0.001005531,0.001008742,0.001011081,766.6957949,766.6957949,766.6957949,1892.831616,1892.831616,1892.831616,1892.831616,1892.831616
11/27/2013,1935.510237,944.3244814,2158.758023,2394.635532,2253.339535,2158.758023,5494.617578,4101.922109,6298.841008,5840.740053,6062.943518,6298.841008,5015.922263,5347.791537,6298.841008,3437.885649,6635.603269,6298.841008,725.8550733,721.7631875,0.001001968,0.001005531,0.001008742,0.001011081,818.2569451,818.2569451,818.2569451,2262.543474,2262.543474,2262.543474,2262.543474,2262.543474
11/28/2013,1842.85018,3720.968235,1879.688061,1028.650201,944.3244814,1879.688061,7409.168236,3767.808535,8377.637862,6500.898361,4101.922109,8377.637862,6882.775152,6062.943518,8377.637862,7285.772399,5347.791537,8377.637862,0.001000564,0.001006515,0.001001968,0.001005531,0.001008742,0.001011081,911.3181873,911.3181873,911.3181873,3111.738942,3111.738942,3111.738942,3111.738942,3111.738942
11/29/2013,3710.109037,3292.544968,4287.361961,3728.901762,3720.968235,4287.361961,6374.400571,3722.468304,7601.585082,6008.366169,3767.808535,7601.585082,6259.979056,4101.922109,7601.585082,4582.129855,6062.943518,7601.585082,2513.442537,2496.61547,0.001001968,0.001005531,0.001008742,0.001011081,1306.125971,1306.125971,1306.125971,3592.697296,3592.697296,3592.697296,3592.697296,3592.697296
11/30/2013,2336.232782,1098.469267,2687.516905,3297.612182,3292.544968,2687.516905,5856.189728,2755.95463,6936.497771,6549.319384,3722.468304,6936.497771,6323.639304,3767.808535,6936.497771,7159.778549,4101.922109,6936.497771,1603.586112,1593.46402,0.001001968,0.001005531,0.001008742,0.001011081,1619.201403,1619.201403,1619.201403,4133.216508,4133.216508,4133.216508,4133.216508,4133.216508
12/1/2013,887.184263,1083.635538,902.0974342,1101.970635,1098.469267,902.0974342,1372.057073,2495.251873,1402.501053,1583.770233,2755.95463,1402.501053,2230.870058,3722.468304,1402.501053,3348.527207,3767.808535,1402.501053,58.57220669,58.36764708,0.001001968,0.001005531,0.001008742,0.001011081,1769.24205,1769.24205,1769.24205,4569.407828,4569.407828,4569.407828,4569.407828,4569.407828
12/2/2013,988.9398328,1039.109073,1036.239305,1085.499178,1083.635538,1036.239305,1783.137525,1986.947166,1929.992434,1851.312304,2495.251873,1929.992434,2086.267812,2755.95463,1929.992434,2570.12924,3722.468304,1929.992434,246.0217769,244.8612093,0.001001968,0.001005531,0.001008742,0.001011081,1846.249723,1846.249723,1846.249723,4828.130679,4828.130679,4828.130679,4828.130679,4828.130679
12/3/2013,1036.838577,1103.651227,1082.441492,1038.244699,1039.109073,1082.441492,2727.961574,5493.060078,3032.415466,2683.4967,1986.947166,3032.415466,2733.030393,2495.251873,3032.415466,2991.276653,2755.95463,3032.415466,239.6998345,238.574388,0.001001968,0.001005531,0.001008742,0.001011081,1909.493897,1909.493897,1909.493897,4988.972471,4988.972471,4988.972471,4988.972471,4988.972471
12/4/2013,1139.233821,1566.82691,1192.462774,1091.883252,1103.651227,1192.462774,2414.774128,7330.956335,2645.658833,2325.054532,5493.060078,2645.658833,2344.933396,1986.947166,2645.658833,2364.06793,2495.251873,2645.658833,283.6512488,282.2788818,0.001001968,0.001005531,0.001008742,0.001011081,1855.15124,1855.15124,1855.15124,4661.540487,4661.540487,4661.540487,4661.540487,4661.540487
12/5/2013,1258.191938,1769.889439,1319.958262,1230.784016,1566.82691,1319.958262,2510.115926,6969.928222,2747.600952,2436.096981,7330.956335,2747.600952,2389.850338,5493.060078,2747.600952,2337.190425,1986.947166,2747.600952,326.5302502,324.9113652,0.001001968,0.001005531,0.001008742,0.001011081,1800.850627,1800.850627,1800.850627,3852.843218,3852.843218,3852.843218,3852.843218,3852.843218
12/6/2013,2183.178061,3912.12632,2238.786037,1630.604589,1769.889439,2238.786037,3280.209592,6534.287324,3437.080067,2718.614381,6969.928222,3437.080067,2466.500166,7330.956335,3437.080067,2021.150453,5493.060078,3437.080067,117.8951812,117.4125455,0.001001968,0.001005531,0.001008742,0.001011081,1503.170019,1503.170019,1503.170019,3469.391542,3469.391542,3469.391542,3469.391542,3469.391542
12/7/2013,4226.788795,4619.085288,4643.094871,4089.263671,3912.12632,4643.094871,8260.803705,5945.734328,9470.82473,7850.26757,6534.287324,9470.82473,7395.770642,6969.928222,9470.82473,5320.913329,7330.956335,9470.82473,1680.414385,1669.740379,0.001001968,0.001005531,0.001008742,0.001011081,1580.057642,1580.057642,1580.057642,3642.766859,3642.766859,3642.766859,3642.766859,3642.766859
12/8/2013,3810.530339,2664.827004,4310.5243,4702.595604,4619.085288,4310.5243,8700.52372,4787.064964,10239.08442,9220.913426,5945.734328,10239.08442,9251.8048,6534.287324,10239.08442,8555.985371,6969.928222,10239.08442,2134.526964,2120.533668,0.001001968,0.001005531,0.001008742,0.001011081,1953.338489,1953.338489,1953.338489,4164.280481,4164.280481,4164.280481,4164.280481,4164.280481
12/9/2013,2206.31287,2043.569872,2370.535941,2687.623179,2664.827004,2370.535941,5048.570668,4128.750971,5700.773899,5401.63295,4787.064964,5700.773899,6039.130677,5945.734328,5700.773899,7311.319884,6534.287324,5700.773899,752.0527013,747.7904352,0.001001968,0.001005531,0.001008742,0.001011081,2230.551138,2230.551138,2230.551138,4745.627684,4745.627684,4745.627684,4745.627684,4745.627684
12/10/2013,1810.004078,1906.151053,1919.594499,2058.534965,2043.569872,1919.594499,3591.782991,3777.094811,3973.929423,3764.266781,4128.750971,3973.929423,4200.60732,4787.064964,3973.929423,5085.607971,5945.734328,3973.929423,513.8097941,511.0643381,0.001001968,0.001005531,0.001008742,0.001011081,2422.780361,2422.780361,2422.780361,5213.003344,5213.003344,5213.003344,5213.003344,5213.003344
12/11/2013,1722.85473,1802.018283,1838.271317,1916.549821,1906.151053,1838.271317,3965.426745,3754.000819,4450.043908,4066.621541,3777.094811,4450.043908,4294.577678,4128.750971,4450.043908,4742.794521,4787.064964,4450.043908,551.559816,548.57938,0.001001968,0.001005531,0.001008742,0.001011081,2564.96719,2564.96719,2564.96719,5555.4264,5555.4264,5555.4264,5555.4264,5555.4264
12/12/2013,1630.333028,1681.058855,1744.845983,1809.492214,1802.018283,1744.845983,3570.908887,3414.693841,4006.152284,3661.951121,3754.000819,4006.152284,3831.400378,3777.094811,4006.152284,4092.087554,4128.750971,4006.152284,554.6783368,551.6783886,0.001001968,0.001005531,0.001008742,0.001011081,2673.494054,2673.494054,2673.494054,5790.233866,5790.233866,5790.233866,5790.233866,5790.233866
12/13/2013,1521.493962,1570.369498,1628.046241,1686.577998,1681.058855,1628.046241,3229.058127,3255.1726,3613.145761,3314.38539,3414.693841,3613.145761,3465.801862,3754.000819,3613.145761,3657.920803,3777.094811,3613.145761,522.66077,519.8604258,0.001001968,0.001005531,0.001008742,0.001011081,2729.673853,2729.673853,2729.673853,5957.271993,5957.271993,5957.271993,5957.271993,5957.271993
12/14/2013,1425.793889,1479.63431,1524.823409,1574.53724,1570.369498,1524.823409,3012.978558,3105.150754,3366.2598,3088.052349,3255.1726,3366.2598,3227.219562,3414.693841,3366.2598,3390.850131,3754.000819,3366.2598,491.302486,488.6960154,0.001001968,0.001005531,0.001008742,0.001011081,2487.539129,2487.539129,2487.539129,5512.474645,5512.474645,5512.474645,5512.474645,5512.474645
12/15/2013,1346.466783,1400.544054,1439.957455,1482.841521,1479.63431,1439.957455,3059.646405,2972.369582,3425.742961,3122.997367,3105.150754,3425.742961,3244.102502,3255.1726,3425.742961,3370.925829,3414.693841,3425.742961,468.4097127,465.943706,0.001001968,0.001005531,0.001008742,0.001011081,2086.583362,2086.583362,2086.583362,4830.853722,4830.853722,4830.853722,4830.853722,4830.853722
12/16/2013,1276.757548,1330.414923,1365.435896,1403.052858,1400.544054,1365.435896,2797.10203,2868.663458,3124.578608,2856.240488,2972.369582,3124.578608,2969.106847,3105.150754,3124.578608,3106.23411,3255.1726,3124.578608,448.2730926,445.9298518,0.001001968,0.001005531,0.001008742,0.001011081,1834.034719,1834.034719,1834.034719,4212.34677,4212.34677,4212.34677,4212.34677,4212.34677
12/17/2013,1214.590813,1267.560533,1298.999389,1332.406089,1330.414923,1298.999389,2674.780789,2538.249011,2985.730772,2729.153609,2868.663458,2985.730772,2832.803108,2972.369582,2985.730772,2942.811069,3105.150754,2985.730772,430.1947081,427.9610289,0.001001968,0.001005531,0.001008742,0.001011081,1685.207888,1685.207888,1685.207888,3783.987261,3783.987261,3783.987261,3783.987261,3783.987261
12/18/2013,1158.603512,1210.670439,1239.191018,1269.161804,1267.560533,1239.191018,2582.707587,1470.192967,2881.2478,2632.531946,2538.249011,2881.2478,2728.530027,2868.663458,2881.2478,2825.325115,2972.369582,2881.2478,413.8532402,411.7180398,0.001001968,0.001005531,0.001008742,0.001011081,1575.72295,1575.72295,1575.72295,3510.873416,3510.873416,3510.873416,3510.873416,3510.873416
12/19/2013,1107.72048,1156.754955,1184.852926,1211.974289,1210.670439,1184.852926,2477.929406,3984.394776,2763.062761,2523.979024,1470.192967,2763.062761,2613.62399,2538.249011,2763.062761,2712.708886,2868.663458,2763.062761,398.9434037,396.8975754,0.001001968,0.001005531,0.001008742,0.001011081,1482.025636,1482.025636,1482.025636,3329.528056,3329.528056,3329.528056,3329.528056,3329.528056
12/20/2013,1073.977871,1131.39918,1147.472878,1157.52586,1156.754955,1147.472878,2414.78677,12066.17302,2689.286953,2442.626312,3984.394776,2689.286953,2526.00349,1470.192967,2689.286953,2610.539719,2538.249011,2689.286953,382.8243118,380.8745692,0.001001968,0.001005531,0.001008742,0.001011081,1399.943331,1399.943331,1399.943331,3184.074618,3184.074618,3184.074618,3184.074618,3184.074618
12/21/2013,1063.964884,1889.832382,1103.390138,1020.46119,1131.39918,1103.390138,2252.734141,14644.24379,2440.688457,2179.976789,12066.17302,2440.688457,2149.665081,3984.394776,2440.688457,2340.249771,1470.192967,2440.688457,199.2126144,198.3085467,0.001001968,0.001005531,0.001008742,0.001011081,1303.950937,1303.950937,1303.950937,3032.308155,3032.308155,3032.308155,3032.308155,3032.308155
12/22/2013,2181.452231,4646.911864,2218.270274,1491.023543,1889.832382,2218.270274,3042.755387,13289.16004,3153.275664,2373.019486,14644.24379,3153.275664,1855.04951,12066.17302,3153.275664,1471.275973,3984.394776,3153.275664,0.001000564,0.001006515,0.001001968,0.001005531,0.001008742,0.001011081,1220.827268,1220.827268,1220.827268,2786.576792,2786.576792,2786.576792,2786.576792,2786.576792
12/23/2013,5976.594607,10786.55716,6412.16249,4676.302258,4646.911864,6412.16249,9497.193091,12622.86926,10592.4159,7981.834796,13289.16004,10592.4159,7230.496066,14644.24379,10592.4159,4205.61404,12066.17302,10592.4159,1647.540416,1637.102943,0.001001968,0.001005531,0.001008742,0.001011081,1520.545546,1520.545546,1520.545546,3135.176748,3135.176748,3135.176748,3135.176748,3135.176748
12/24/2013,9925.309137,9158.820786,11552.10957,10928.36738,10786.55716,11552.10957,18909.64715,11272.1416,22881.78324,18794.74966,12622.86926,22881.78324,18569.01642,13289.16004,22881.78324,13258.75424,14644.24379,22881.78324,6297.669927,6250.583459,0.001001968,0.001005531,0.001008742,0.001011081,2651.04427,2651.04427,2651.04427,4755.104685,4755.104685,4755.104685,4755.104685,4755.104685
12/25/2013,7123.788291,5271.792427,8216.530647,9215.386747,9158.820786,8216.530647,15550.51122,8983.691323,18671.46603,16838.42954,11272.1416,18671.46603,17361.05557,12622.86926,18671.46603,18312.89216,13289.16004,18671.46603,4398.078832,4366.539322,0.001001968,0.001005531,0.001008742,0.001011081,3730.089535,3730.089535,3730.089535,6752.227327,6752.227327,6752.227327,6752.227327,6752.227327
12/26/2013,4215.634656,4084.314887,4616.923045,5296.856516,5271.792427,4616.923045,7152.771302,9634.454979,8139.154761,7977.193522,8983.691323,8139.154761,9473.187248,11272.1416,8139.154761,12091.8895,12622.86926,8139.154761,1714.534671,1703.614587,0.001001968,0.001005531,0.001008742,0.001011081,4473.820884,4473.820884,4473.820884,8446.422792,8446.422792,8446.422792,8446.422792,8446.422792
12/27/2013,3465.311419,3631.645518,3768.164694,4101.666258,4084.314887,3768.164694,6426.811254,10547.65326,7287.412908,6859.882871,9634.454979,7287.412908,7867.712372,8983.691323,7287.412908,9606.538472,11272.1416,7287.412908,1321.785445,1313.659631,0.001001968,0.001005531,0.001008742,0.001011081,4999.600226,4999.600226,4999.600226,9698.556075,9698.556075,9698.556075,9698.556075,9698.556075
12/28/2013,3155.065522,3526.415894,3446.42135,3644.164836,3631.645518,3446.42135,7073.811801,9973.156453,8115.670018,7341.034646,10547.65326,8115.670018,7943.294178,9634.454979,8115.670018,8921.720578,8983.691323,8115.670018,1288.233006,1280.341661,0.001001968,0.001005531,0.001008742,0.001011081,5438.44292,5438.44292,5438.44292,10652.92186,10652.92186,10652.92186,10652.92186,10652.92186
12/29/2013,2901.457998,3714.269875,3160.089999,3263.042327,3526.415894,3160.089999,6428.302502,9868.062641,7326.086487,6599.630842,9973.156453,7326.086487,7016.619003,10547.65326,7326.086487,7536.184812,9634.454979,7326.086487,1156.575105,1149.596423,0.001001968,0.001005531,0.001008742,0.001011081,5800.470488,5800.470488,5800.470488,11505.24277,11505.24277,11505.24277,11505.24277,11505.24277
12/30/2013,3626.642562,3872.062733,3926.394233,3805.717468,3714.269875,3926.394233,8984.892345,8945.387011,10241.87517,8966.415994,9868.062641,10241.87517,8829.308452,9973.156453,10241.87517,8500.384173,10547.65326,10241.87517,1124.662788,1117.903453,0.001001968,0.001005531,0.001008742,0.001011081,5793.71165,5793.71165,5793.71165,12068.5946,12068.5946,12068.5946,12068.5946,12068.5946
12/31/2013,4237.062859,5851.77924,4527.3889,3948.361602,3872.062733,4527.3889,10315.62629,8467.915665,11750.09596,9789.099588,8945.387011,11750.09596,9756.389056,9868.062641,11750.09596,9945.469521,9973.156453,11750.09596,1183.19319,1176.030974,0.001001968,0.001005531,0.001008742,0.001011081,5005.250314,5005.250314,5005.250314,11564.69509,11564.69509,11564.69509,11564.69509,11564.69509
1/1/2014,5242.108975,4758.707623,5935.119509,5871.069618,5851.77924,5935.119509,10025.46563,7767.784191,11810.04542,10174.08289,8467.915665,11810.04542,10461.25298,8945.387011,11810.04542,8928.595453,9868.062641,11810.04542,2893.425009,2873.707175,0.001001968,0.001005531,0.001008742,0.001011081,4535.232889,4535.232889,4535.232889,10566.94427,10566.94427,10566.94427,10566.94427,10566.94427
1/2/2014,3868.072831,3342.690446,4304.663649,4772.131323,4758.707623,4304.663649,8725.54578,8182.935682,10162.98342,9300.703492,7767.784191,10162.98342,9677.854048,8467.915665,10162.98342,10633.96905,8945.387011,10162.98342,1882.517578,1870.377765,0.001001968,0.001005531,0.001008742,0.001011081,4303.144311,4303.144311,4303.144311,9897.113242,9897.113242,9897.113242,9897.113242,9897.113242
1/3/2014,2909.019191,3100.699329,3139.648675,3352.429953,3342.690446,3139.648675,5634.363077,9762.732336,6354.893382,5919.378215,8182.935682,6354.893382,6630.475053,7767.784191,6354.893382,7696.815238,8467.915665,6354.893382,1024.036171,1017.963332,0.001001968,0.001005531,0.001008742,0.001011081,4163.125864,4163.125864,4163.125864,9537.711563,9537.711563,9537.711563,9537.711563,9537.711563
1/4/2014,2748.866397,2954.860449,2985.890766,3107.963919,3100.699329,2985.890766,5747.694149,8737.486997,6533.160005,5936.017391,9762.732336,6533.160005,6376.986155,8182.935682,6533.160005,6981.158668,7767.784191,6533.160005,1063.132366,1056.793762,0.001001968,0.001005531,0.001008742,0.001011081,4067.665718,4067.665718,4067.665718,9337.472459,9337.472459,9337.472459,9337.472459,9337.472459
1/5/2014,2567.122884,3618.876336,2793.071277,2886.875362,2954.860449,2793.071277,5843.357155,9581.384121,6663.293901,5992.190468,8737.486997,6663.293901,6316.564788,9762.732336,6663.293901,6697.211854,8182.935682,6663.293901,1023.338922,1017.270811,0.001001968,0.001005531,0.001008742,0.001011081,4004.889657,4004.889657,4004.889657,9210.707645,9210.707645,9210.707645,9210.707645,9210.707645
1/6/2014,3845.080988,3981.069622,4172.037555,3633.221763,3618.876336,4172.037555,8742.174288,9442.024396,9917.553061,8316.22232,9581.384121,9917.553061,8206.561337,8737.486997,9917.553061,7323.798882,9762.732336,9917.553061,1349.613295,1341.292463,0.001001968,0.001005531,0.001008742,0.001011081,3974.464811,3974.464811,3974.464811,9037.584344,9037.584344,9037.584344,9037.584344,9037.584344
1/7/2014,3832.189789,4487.97788,4096.320749,3999.458135,3981.069622,4096.320749,10003.13806,11391.66067,11372.86172,9952.165474,9442.024396,11372.86172,9450.700149,9581.384121,11372.86172,9755.92857,8737.486997,11372.86172,1098.904414,1092.321567,0.001001968,0.001005531,0.001008742,0.001011081,3916.850654,3916.850654,3916.850654,8976.272673,8976.272673,8976.272673,8976.272673,8976.272673
1/8/2014,4303.142436,4924.772603,4733.322057,4495.247444,4487.97788,4733.322057,8364.08683,16977.08158,9588.794571,8260.403984,11391.66067,9588.794571,8847.818318,9442.024396,9588.794571,7820.057029,9581.384121,9588.794571,1854.944567,1843.005869,0.001001968,0.001005531,0.001008742,0.001011081,3795.716366,3795.716366,3795.716366,8883.815887,8883.815887,8883.815887,8883.815887,8883.815887
1/9/2014,4157.231562,3743.868841,4660.241756,4930.04003,4924.772603,4660.241756,8950.357434,20824.61294,10457.40972,9356.390801,16977.08158,10457.40972,9619.173662,11391.66067,10457.40972,9837.20043,9442.024396,10457.40972,2168.779637,2154.532392,0.001001968,0.001005531,0.001008742,0.001011081,3790.81905,3790.81905,3790.81905,8817.117101,8817.117101,8817.117101,8817.117101,8817.117101
1/10/2014,3170.515001,4312.456796,3468.311023,3735.027064,3743.868841,3468.311023,6930.212377,18466.83001,7939.168424,7274.106371,20824.61294,7939.168424,7832.605246,16977.08158,7939.168424,8721.519394,11391.66067,7939.168424,1327.375796,1319.210844,0.001001968,0.001005531,0.001008742,0.001011081,3816.976631,3816.976631,3816.976631,8829.546107,8829.546107,8829.546107,8829.546107,8829.546107
1/11/2014,3386.386788,7325.041572,3706.91508,3702.28673,4312.456796,3706.91508,9669.918306,18452.46662,11125.98218,9738.579995,18466.83001,11125.98218,10067.74298,20824.61294,11125.98218,9719.604238,16977.08158,11125.98218,1392.170366,1383.550355,0.001001968,0.001005531,0.001008742,0.001011081,3878.45695,3878.45695,3878.45695,9386.405902,9386.405902,9386.405902,9386.405902,9386.405902
1/12/2014,8213.587467,9313.727584,9159.32379,7538.049211,7325.041572,9159.32379,20396.31595,18883.2105,23903.82583,19058.55296,18452.46662,23903.82583,18557.66847,18466.83001,23903.82583,15551.18697,20824.61294,23903.82583,3467.601703,3443.436576,0.001001968,0.001005531,0.001008742,0.001011081,4360.946694,4360.946694,4360.946694,11014.38079,11014.38079,11014.38079,11014.38079,11014.38079
1/13/2014,9580.798234,11591.4949,10634.22542,9472.177088,9313.727584,10634.22542,23427.78355,17434.24743,27596.94692,22472.74733,18883.2105,27596.94692,21618.3522,18452.46662,27596.94692,21241.96556,18466.83001,27596.94692,4078.661339,4049.674242,0.001001968,0.001005531,0.001008742,0.001011081,5024.791469,5024.791469,5024.791469,13007.53349,13007.53349,13007.53349,13007.53349,13007.53349
1/14/2014,9316.311921,8545.046867,10774.44001,11474.99864,11591.4949,10774.44001,18043.86483,15334.74883,21688.58517,19189.97513,17434.24743,21688.58517,19911.1006,18883.2105,21688.58517,17322.63418,18452.46662,21688.58517,5721.722947,5679.409827,0.001001968,0.001005531,0.001008742,0.001011081,6104.757648,6104.757648,6104.757648,14376.40013,14376.40013,14376.40013,14376.40013,14376.40013
1/15/2014,7228.851365,7218.723683,8086.815453,8580.861326,8545.046867,8086.815453,15669.06291,13580.0153,18381.21591,16402.70828,15334.74883,18381.21591,17704.73173,17434.24743,18381.21591,19733.39204,18883.2105,18381.21591,3390.813343,3367.24799,0.001001968,0.001005531,0.001008742,0.001011081,6751.136756,6751.136756,6751.136756,15925.45094,15925.45094,15925.45094,15925.45094,15925.45094
1/16/2014,6412.050799,6971.469964,7091.771684,7271.432064,7218.723683,7091.771684,12745.99047,12070.34186,14771.12717,13134.43894,13580.0153,14771.12717,14270.22874,15334.74883,14771.12717,15971.40964,17434.24743,14771.12717,2736.742605,2718.222244,0.001001968,0.001005531,0.001008742,0.001011081,7192.167305,7192.167305,7192.167305,17215.42267,17215.42267,17215.42267,17215.42267,17215.42267
1/17/2014,5918.576863,5869.781785,6628.987608,6994.74419,6971.469964,6628.987608,12368.45576,10767.20355,14486.6747,12936.39957,12070.34186,14486.6747,13880.50311,13580.0153,14486.6747,14685.19011,15334.74883,14486.6747,2908.762103,2888.926658,0.001001968,0.001005531,0.001008742,0.001011081,7664.479655,7664.479655,7664.479655,18177.93514,18177.93514,18177.93514,18177.93514,18177.93514
1/18/2014,5004.522089,5057.221448,5565.045171,5885.04924,5869.781785,5565.045171,10992.71273,9779.874598,12806.26892,11461.7557,10767.20355,12806.26892,12390.0103,12070.34186,12806.26892,13616.05698,13580.0153,12806.26892,2339.172435,2323.655196,0.001001968,0.001005531,0.001008742,0.001011081,8033.751162,8033.751162,8033.751162,18524.49996,18524.49996,18524.49996,18524.49996,18524.49996
1/19/2014,4388.579835,4579.209099,4852.909369,5068.403469,5057.221448,4852.909369,9414.207912,9019.014971,10898.20577,9758.918899,9779.874598,10898.20577,10532.95214,10767.20355,10898.20577,11639.40822,12070.34186,10898.20577,1967.160487,1954.401166,0.001001968,0.001005531,0.001008742,0.001011081,7899.02746,7899.02746,7899.02746,17692.77407,17692.77407,17692.77407,17692.77407,17692.77407
1/20/2014,4005.444675,4202.42119,4426.402722,4587.559832,4579.209099,4426.402722,8628.482744,8378.458487,9974.611058,8907.167011,9019.014971,9974.611058,9527.025776,9779.874598,9974.611058,10299.87179,10767.20355,9974.611058,1803.299032,1791.73609,0.001001968,0.001005531,0.001008742,0.001011081,7462.956964,7462.956964,7462.956964,16067.25873,16067.25873,16067.25873,16067.25873,16067.25873
1/21/2014,3695.281379,3893.275993,4081.41421,4208.79264,4202.42119,4081.41421,8003.387109,7874.250346,9244.133894,8238.015277,8378.458487,9244.133894,8763.51553,9019.014971,9244.133894,9378.940122,9779.874598,9244.133894,1670.51635,1659.913621,0.001001968,0.001005531,0.001008742,0.001011081,6536.090876,6536.090876,6536.090876,14618.05481,14618.05481,14618.05481,14618.05481,14618.05481
1/22/2014,3436.746315,3633.371469,3794.088355,3898.222735,3893.275993,3794.088355,7402.548297,7441.503486,8545.270617,7606.201093,7874.250346,8545.270617,8067.00143,8378.458487,8545.270617,8601.420994,9019.014971,8545.270617,1559.839707,1550.030486,0.001001968,0.001005531,0.001008742,0.001011081,5798.48233,5798.48233,5798.48233,13035.51686,13035.51686,13035.51686,13035.51686,13035.51686
1/23/2014,3216.93119,3410.488577,3550.084091,3637.268538,3633.371469,3550.084091,6943.199052,7072.063256,8008.518119,7123.263579,7441.503486,8008.518119,7535.277208,7874.250346,8008.518119,7958.998373,8378.458487,8008.518119,1466.227411,1457.08415,0.001001968,0.001005531,0.001008742,0.001011081,5214.447624,5214.447624,5214.447624,11590.12389,11590.12389,11590.12389,11590.12389,11590.12389
1/24/2014,3026.705065,3216.007562,3339.17185,3413.597207,3410.488577,3339.17185,6554.396886,6753.081605,7555.470924,6715.731178,7072.063256,7555.470924,7089.157026,7441.503486,7555.470924,7459.627966,7874.250346,7555.470924,1385.698122,1377.123683,0.001001968,0.001005531,0.001008742,0.001011081,4666.991428,4666.991428,4666.991428,10463.78939,10463.78939,10463.78939,10463.78939,10463.78939
1/25/2014,2859.485584,3043.859982,3153.943243,3218.514358,3216.007562,3153.943243,6225.293178,6469.79455,7171.618308,6371.523244,6753.081605,7171.618308,6713.619096,7072.063256,7171.618308,7034.398024,7441.503486,7171.618308,1315.198915,1307.119186,0.001001968,0.001005531,0.001008742,0.001011081,4230.31642,4230.31642,4230.31642,9524.380306,9524.380306,9524.380306,9524.380306,9524.380306
1/26/2014,2710.566401,2889.656864,2989.110353,3045.901323,3043.859982,2989.110353,5942.932395,6196.210884,6841.668376,6076.740835,6469.79455,6841.668376,6392.803175,6753.081605,6841.668376,6673.536175,7072.063256,6841.668376,1252.56969,1244.92675,0.001001968,0.001005531,0.001008742,0.001011081,3895.82804,3895.82804,3895.82804,8757.015642,8757.015642,8757.015642,8757.015642,8757.015642
1/27/2014,2576.498038,2750.147118,2840.804335,2891.334066,2889.656864,2840.804335,5693.143819,5944.071469,6549.791653,5816.497506,6196.210884,6549.791653,6110.446814,6469.79455,6549.791653,6363.594191,6753.081605,6549.791653,1196.247247,1188.994835,0.001001968,0.001005531,0.001008742,0.001011081,3623.799438,3623.799438,3623.799438,8159.466487,8159.466487,8159.466487,8159.466487,8159.466487
1/28/2014,2454.696342,2622.869902,2706.131706,2751.536539,2750.147118,2706.131706,5450.782592,5741.875174,6269.336999,5564.960076,5944.071469,6269.336999,5839.628688,6196.210884,6269.336999,6089.481944,6469.79455,6269.336999,1145.075274,1138.175723,0.001001968,0.001005531,0.001008742,0.001011081,3394.266541,3394.266541,3394.266541,7672.18859,7672.18859,7672.18859,7672.18859,7672.18859
1/29/2014,2343.187278,2505.930621,2582.884943,2624.030219,2622.869902,2582.884943,5227.604337,5634.76442,6011.609365,5333.760503,5741.875174,6011.609365,5591.486391,5944.071469,6011.609365,5825.023502,6196.210884,6011.609365,1098.1801,1091.602209,0.001001968,0.001005531,0.001008742,0.001011081,3196.043493,3196.043493,3196.043493,7262.599268,7262.599268,7262.599268,7262.599268,7262.599268
1/30/2014,2240.435751,2397.840767,2469.350568,2506.907274,2505.930621,2469.350568,5035.328696,6624.124543,5788.041088,5134.566425,5634.76442,5788.041088,5377.3502,5741.875174,5788.041088,5581.854618,5944.071469,5788.041088,1054.891108,1048.608629,0.001001968,0.001005531,0.001008742,0.001011081,3021.850312,3021.850312,3021.850312,6907.961002,6907.961002,6907.961002,6907.961002,6907.961002
1/31/2014,2145.226642,2298.800439,2364.173647,2398.669762,2397.840767,2364.173647,4862.655377,6265.640037,5586.676686,4955.791094,6624.124543,5586.676686,5185.206392,5634.76442,5586.676686,5371.650891,5741.875174,5586.676686,1014.68229,1008.672849,0.001001968,0.001005531,0.001008742,0.001011081,2866.630861,2866.630861,2866.630861,6596.750168,6596.750168,6596.750168,6596.750168,6596.750168
2/1/2014,2057.74127,2211.008809,2267.658028,2299.510056,2298.800439,2267.658028,4714.097044,6143.340731,5415.217433,4801.68839,6265.640037,5415.217433,5018.982567,6624.124543,5415.217433,5196.462941,5634.76442,5415.217433,978.1397039,972.3772296,0.001001968,0.001005531,0.001008742,0.001011081,2726.886425,2726.886425,2726.886425,6320.237432,6320.237432,6320.237432,6320.237432,6320.237432
2/2/2014,2018.376724,2200.373008,2219.1492,2211.442526,2211.008809,2219.1492,4684.52372,5716.949923,5376.798786,4728.729189,6143.340731,5376.798786,4925.385219,6265.640037,5376.798786,5095.736544,6624.124543,5376.798786,939.8083392,934.3036694,0.001001968,0.001005531,0.001008742,0.001011081,2599.460963,2599.460963,2599.460963,6080.504548,6080.504548,6080.504548,6080.504548,6080.504548
2/3/2014,2011.977537,2168.825134,2210.073414,2200.92414,2200.373008,2210.073414,5597.347734,5450.822694,6466.067459,5618.318895,5716.949923,6466.067459,5738.081551,6143.340731,6466.067459,5908.036046,6265.640037,6466.067459,929.0405771,923.6080906,0.001001968,0.001005531,0.001008742,0.001011081,2487.183267,2487.183267,2487.183267,6031.530892,6031.530892,6031.530892,6031.530892,6031.530892
2/4/2014,1980.03922,2140.990608,2171.977661,2169.432777,2168.825134,2171.977661,5339.972263,5272.016687,6155.581014,5369.556288,5450.822694,6155.581014,5495.370723,5716.949923,6155.581014,5613.860033,6143.340731,6155.581014,903.7839294,898.5203351,0.001001968,0.001005531,0.001008742,0.001011081,2392.458732,2392.458732,2392.458732,5987.238803,5987.238803,5987.238803,5987.238803,5987.238803
2/5/2014,1931.213606,2050.914351,2121.119467,2141.412335,2140.990608,2121.119467,5249.361875,5100.571609,6053.550736,5301.225723,5272.016687,6053.550736,5441.436783,5450.822694,6053.550736,5539.187687,5716.949923,6053.550736,897.4655253,892.2440889,0.001001968,0.001005531,0.001008742,0.001011081,2315.197728,2315.197728,2315.197728,5973.507926,5973.507926,5973.507926,5973.507926,5973.507926
2/6/2014,1844.227535,1964.259482,2023.139137,2051.285131,2050.914351,2023.139137,4836.736608,4915.734654,5561.14623,4898.758216,5100.571609,5561.14623,5058.563936,5272.016687,5561.14623,5204.453272,5450.822694,5561.14623,850.8660172,845.9543165,0.001001968,0.001005531,0.001008742,0.001011081,2245.896729,2245.896729,2245.896729,5930.357867,5930.357867,5930.357867,5930.357867,5930.357867
2/7/2014,1768.19177,1890.923738,1938.425447,1964.595291,1964.259482,1938.425447,4551.134675,4751.579991,5222.161565,4611.854646,4915.734654,5222.161565,4775.257508,5100.571609,5222.161565,4924.853337,5272.016687,5222.161565,814.2650346,809.5950926,0.001001968,0.001005531,0.001008742,0.001011081,2181.423791,2181.423791,2181.423791,5874.689751,5874.689751,5874.689751,5874.689751,5874.689751
2/8/2014,1702.850083,1821.503029,1866.723955,1891.230973,1890.923738,1866.723955,4375.698411,4601.413389,5019.825325,4433.447415,4751.579991,5019.825325,4589.615202,4915.734654,5019.825325,4754.56977,5100.571609,5019.825325,787.8296881,783.3334899,0.001001968,0.001005531,0.001008742,0.001011081,2120.943683,2120.943683,2120.943683,5814.064493,5814.064493,5814.064493,5814.064493,5814.064493
2/9/2014,1640.791758,1755.428127,1798.61987,1821.787061,1821.503029,1798.61987,4225.280804,4457.159517,4845.99083,4280.296562,4601.413389,4845.99083,4429.608227,4751.579991,4845.99083,4580.50289,4915.734654,4845.99083,762.5867175,758.2557211,0.001001968,0.001005531,0.001008742,0.001011081,2064.483555,2064.483555,2064.483555,5742.526387,5742.526387,5742.526387,5742.526387,5742.526387
2/10/2014,1581.682915,1692.546651,1733.736816,1755.693505,1755.428127,1733.736816,4085.268512,4671.541219,4683.844136,4137.765425,4457.159517,4683.844136,4280.806051,4601.413389,4683.844136,4422.036413,4751.579991,4683.844136,738.3631078,734.1899729,0.001001968,0.001005531,0.001008742,0.001011081,2006.784967,2006.784967,2006.784967,5502.552861,5502.552861,5502.552861,5502.552861,5502.552861
2/11/2014,1525.397462,1632.631373,1671.953952,1692.796956,1692.546651,1671.953952,3953.048944,4722.771885,4531.319449,4003.068264,4671.541219,4531.319449,4140.080009,4457.159517,4531.319449,4278.384632,4601.413389,4531.319449,715.2006567,711.1778348,0.001001968,0.001005531,0.001008742,0.001011081,1943.530433,1943.530433,1943.530433,5279.16899,5279.16899,5279.16899,5279.16899,5279.16899
2/12/2014,1471.739775,1575.471241,1613.056424,1632.869701,1632.631373,1613.056424,3845.184759,4439.208748,4404.925415,3892.993285,4722.771885,4404.925415,4024.384202,4671.541219,4404.925415,4141.047335,4457.159517,4404.925415,693.0283332,689.1488003,0.001001968,0.001005531,0.001008742,0.001011081,1873.28305,1873.28305,1873.28305,5046.375416,5046.375416,5046.375416,5046.375416,5046.375416
2/13/2014,1420.526892,1673.737259,1556.842029,1575.70024,1575.471241,1556.842029,3741.187555,4190.900628,4283.510221,3786.854316,4439.208748,4283.510221,3912.860064,4722.771885,4283.510221,4027.622146,4671.541219,4283.510221,671.77328,668.0305409,0.001001968,0.001005531,0.001008742,0.001011081,1804.309213,1804.309213,1804.309213,4859.540621,4859.540621,4859.540621,4859.540621,4859.540621
2/14/2014,1491.134386,1526.25431,1655.990089,1673.959323,1673.737259,1655.990089,4039.352339,4049.020617,4665.202842,4090.285838,4190.900628,4665.202842,4237.208117,4439.208748,4665.202842,4194.154224,4722.771885,4665.202842,803.5872826,798.9876085,0.001001968,0.001005531,0.001008742,0.001011081,1760.555325,1760.555325,1760.555325,4748.287798,4748.287798,4748.287798,4748.287798,4748.287798
2/15/2014,1369.973347,1461.418266,1509.331099,1526.470855,1526.25431,1509.331099,4013.541527,3932.420366,4621.236051,4051.103776,4049.020617,4621.236051,4168.464066,4190.900628,4621.236051,4390.129476,4439.208748,4621.236051,689.0267268,685.1729904,0.001001968,0.001005531,0.001008742,0.001011081,1706.424201,1706.424201,1706.424201,4676.335465,4676.335465,4676.335465,4676.335465,4676.335465
2/16/2014,1313.532601,1407.304048,1445.267129,1461.630679,1461.418266,1445.267129,3627.589373,4105.15552,4162.391786,3667.987671,3932.420366,4162.391786,3784.812822,4049.020617,4162.391786,3912.225353,4190.900628,4162.391786,655.3964902,651.7587594,0.001001968,0.001005531,0.001008742,0.001011081,1653.136032,1653.136032,1653.136032,4589.345167,4589.345167,4589.345167,4589.345167,4589.345167
2/17/2014,1265.722119,1356.901904,1391.877981,1407.513484,1407.304048,1391.877981,3501.814768,4875.340319,4014.223288,3540.571079,4105.15552,4014.223288,3652.330017,3932.420366,4014.223288,3764.116581,4049.020617,4014.223288,630.9853418,627.5034857,0.001001968,0.001005531,0.001008742,0.001011081,1601.677982,1601.677982,1601.677982,4491.971031,4491.971031,4491.971031,4491.971031,4491.971031
2/18/2014,1221.03277,1310.064728,1342.15856,1357.109377,1356.901904,1342.15856,3414.152366,5977.968159,3908.765332,3451.340759,4875.340319,3908.765332,3558.387457,4105.15552,3908.765332,3647.329613,3932.420366,3908.765332,608.9494575,605.6076188,0.001001968,0.001005531,0.001008742,0.001011081,1552.116376,1552.116376,1552.116376,4400.164488,4400.164488,4400.164488,4400.164488,4400.164488
2/19/2014,1179.34158,1302.3559,1295.964879,1310.271176,1310.064728,1295.964879,3331.797954,5578.910025,3811.116044,3367.377958,5977.968159,3811.116044,3469.991063,4875.340319,3811.116044,3561.497481,4105.15552,3811.116044,589.2219109,586.0048465,0.001001968,0.001005531,0.001008742,0.001011081,1504.525959,1504.525959,1504.525959,4312.272023,4312.272023,4312.272023,4312.272023,4312.272023
2/20/2014,1168.920929,1350.811532,1288.864023,1302.561914,1302.3559,1288.864023,3514.577912,5928.605893,4031.995732,3547.103244,5578.910025,4031.995732,3645.849431,5977.968159,4031.995732,3693.737781,4875.340319,4031.995732,605.7343287,602.4128629,0.001001968,0.001005531,0.001008742,0.001011081,1463.868784,1463.868784,1463.868784,4267.945785,4267.945785,4267.945785,4267.945785,4267.945785
2/21/2014,1215.613494,1636.049728,1347.253796,1350.974475,1350.811532,1347.253796,4293.897472,6437.771772,4960.703978,4307.307319,5928.605893,4960.703978,4381.635822,5578.910025,4960.703978,4377.065374,5977.968159,4960.703978,659.0130992,655.3522083,0.001001968,0.001005531,0.001008742,0.001011081,1413.763716,1413.763716,1413.763716,4307.297593,4307.297593,4307.297593,4307.297593,4307.297593
2/22/2014,1662.512687,1847.953221,1812.830426,1636.10905,1636.049728,1812.830426,5814.623304,6620.307115,6699.915864,5642.45994,6437.771772,6699.915864,5481.417832,5928.605893,6699.915864,5385.130109,5578.910025,6699.915864,717.3056553,713.269199,0.001001968,0.001005531,0.001008742,0.001011081,1393.799546,1393.799546,1393.799546,4512.078817,4512.078817,4512.078817,4512.078817,4512.078817
2/23/2014,1962.604025,2259.026231,2087.528705,1847.83654,1847.953221,2087.528705,5713.417441,6556.879365,6479.75832,5480.589169,6620.307115,6479.75832,5187.618328,6437.771772,6479.75832,5177.403596,5928.605893,6479.75832,585.413468,582.2204272,0.001001968,0.001005531,0.001008742,0.001011081,1396.369773,1396.369773,1396.369773,4730.566886,4730.566886,4730.566886,4730.566886,4730.566886
2/24/2014,2421.058406,3007.692008,2605.2459,2259.38697,2259.026231,2605.2459,6230.924337,6555.415218,7102.370895,5911.214514,6556.879365,7102.370895,5892.403238,6620.307115,7102.370895,5381.025124,6437.771772,7102.370895,867.3053161,862.2845896,0.001001968,0.001005531,0.001008742,0.001011081,1495.244338,1495.244338,1495.244338,5064.635726,5064.635726,5064.635726,5064.635726,5064.635726
2/25/2014,2799.809143,2950.946367,3082.654897,3008.192364,3007.692008,3082.654897,6844.587896,6264.067681,7916.846483,6824.374769,6555.415218,7916.846483,6708.270037,6556.879365,7916.846483,6323.668099,6620.307115,7916.846483,1303.101093,1295.105938,0.001001968,0.001005531,0.001008742,0.001011081,1682.227972,1682.227972,1682.227972,5470.030951,5470.030951,5470.030951,5470.030951,5470.030951
2/26/2014,2563.570411,2466.168922,2823.811914,2951.166491,2950.946367,2823.811914,6228.691172,5837.901275,7197.081628,6407.865855,6264.067681,7197.081628,6553.136836,6555.415218,7197.081628,6467.166744,6556.879365,7197.081628,1210.335152,1202.985265,0.001001968,0.001005531,0.001008742,0.001011081,1907.147249,1907.147249,1907.147249,5912.38922,5912.38922,5912.38922,5912.38922,5912.38922
2/27/2014,2143.697775,2188.516161,2329.585328,2466.374944,2466.168922,2329.585328,5338.051218,5472.563491,6110.141861,5506.334167,5837.901275,6110.141861,5786.868317,6264.067681,6110.141861,6194.80749,6555.415218,6110.141861,888.0832124,882.9243073,0.001001968,0.001005531,0.001008742,0.001011081,2092.776451,2092.776451,2092.776451,6307.889474,6307.889474,6307.889474,6307.889474,6307.889474
2/28/2014,1940.878442,2051.530192,2101.387495,2188.724304,2188.516161,2101.387495,4973.346518,5176.843863,5679.444634,5084.521773,5472.563491,5679.444634,5348.612109,5837.901275,5679.444634,5717.53249,6264.067681,5679.444634,777.1689537,772.7426097,0.001001968,0.001005531,0.001008742,0.001011081,2235.177555,2235.177555,2235.177555,6521.763226,6521.763226,6521.763226,6521.763226,6521.763226
3/1/2014,1830.771007,1928.657586,1985.484491,2051.740373,2051.530192,1985.484491,4892.398884,4919.2731,5595.939188,4978.865173,5176.843863,5595.939188,5183.399962,5472.563491,5595.939188,5453.676941,5837.901275,5595.939188,753.6741304,749.4012932,0.001001968,0.001005531,0.001008742,0.001011081,2341.640549,2341.640549,2341.640549,6497.697514,6497.697514,6497.697514,6497.697514,6497.697514
3/2/2014,1726.89626,1819.340962,1873.793449,1928.869756,1928.657586,1873.793449,4662.099085,4700.745265,5332.473483,4735.965827,4919.2731,5332.473483,4911.673765,5176.843863,5332.473483,5150.329084,5472.563491,5332.473483,720.5274313,716.470097,0.001001968,0.001005531,0.001008742,0.001011081,2414.098866,2414.098866,2414.098866,6447.992773,6447.992773,6447.992773,6447.992773,6447.992773
3/3/2014,1633.20367,1723.026825,1772.418717,1819.554812,1819.340962,1772.418717,4402.380167,4506.12075,5033.537038,4467.613855,4700.745265,5033.537038,4625.840185,4919.2731,5033.537038,4843.320518,5176.843863,5033.537038,687.5510674,683.706839,0.001001968,0.001005531,0.001008742,0.001011081,2380.679838,2380.679838,2380.679838,6272.532209,6272.532209,6272.532209,6272.532209,6272.532209
3/4/2014,1549.856353,1637.190351,1682.174415,1723.242295,1723.026825,1682.174415,4196.731128,4349.982778,4796.82123,4254.903342,4506.12075,4796.82123,4399.208368,4700.745265,4796.82123,4587.07984,4919.2731,4796.82123,657.7984332,654.1453227,0.001001968,0.001005531,0.001008742,0.001011081,2251.398902,2251.398902,2251.398902,6006.055113,6006.055113,6006.055113,6006.055113,6006.055113
3/5/2014,1475.003417,1559.799202,1601.113479,1637.407336,1637.190351,1601.113479,4018.669441,4409.811713,4592.231733,4071.004574,4349.982778,4592.231733,4203.773916,4506.12075,4592.231733,4374.633249,4700.745265,4592.231733,630.9037469,627.4224105,0.001001968,0.001005531,0.001008742,0.001011081,2077.711035,2077.711035,2077.711035,5685.534273,5685.534273,5685.534273,5685.534273,5685.534273
3/6/2014,1407.096988,1489.341518,1527.563276,1560.017456,1559.799202,1527.563276,3873.668895,4437.048945,4423.930893,3921.305127,4409.811713,4423.930893,4044.456379,4349.982778,4423.930893,4186.881813,4506.12075,4423.930893,606.3501363,603.0247695,0.001001968,0.001005531,0.001008742,0.001011081,1932.887372,1932.887372,1932.887372,5360.057317,5360.057317,5360.057317,5360.057317,5360.057317
3/7/2014,1344.965333,1408.00945,1460.255259,1489.561563,1489.341518,1460.255259,3731.881766,5041.849185,4260.899884,3775.420864,4437.048945,4260.899884,3890.225968,4409.811713,4260.899884,4033.047407,4349.982778,4260.899884,583.734528,580.5520713,0.001001968,0.001005531,0.001008742,0.001011081,1816.179199,1816.179199,1816.179199,5075.3549,5075.3549,5075.3549,5075.3549,5075.3549
3/8/2014,1318.105721,1280.365023,1425.088248,1408.230724,1408.00945,1425.088248,3640.835193,5780.011565,4146.452429,3635.854291,5041.849185,4146.452429,3739.812976,4437.048945,4146.452429,3888.093364,4409.811713,4146.452429,546.1208981,543.1744568,0.001001968,0.001005531,0.001008742,0.001011081,1714.394789,1714.394789,1714.394789,4834.492032,4834.492032,4834.492032,4834.492032,4834.492032
3/9/2014,1305.914952,1474.269958,1384.99336,1280.588513,1280.365023,1384.99336,3795.212821,7200.295963,4286.998106,3689.398476,5780.011565,4286.998106,3714.449504,5041.849185,4286.998106,3921.294908,4437.048945,4286.998106,413.1904262,411.0592087,0.001001968,0.001005531,0.001008742,0.001011081,1608.506967,1608.506967,1608.506967,4661.34432,4661.34432,4661.34432,4661.34432,4661.34432
3/10/2014,1528.337735,1745.513008,1627.3003,1474.382161,1474.269958,1627.3003,4159.029637,7878.12969,4704.070538,4012.605502,7200.295963,4704.070538,3969.031215,5780.011565,4704.070538,3875.548492,5041.849185,4704.070538,509.9767029,507.2549771,0.001001968,0.001005531,0.001008742,0.001011081,1534.719047,1534.719047,1534.719047,4546.245678,4546.245678,4546.245678,4546.245678,4546.245678
3/11/2014,1925.477071,1856.277893,2036.723282,1743.229192,1745.513008,2036.723282,5357.237597,8222.639958,6063.04179,5068.77237,7878.12969,6063.04179,4911.177835,7200.295963,6063.04179,4697.264821,5780.011565,6063.04179,559.85631,556.8239308,0.001001968,0.001005531,0.001008742,0.001011081,1497.237261,1497.237261,1497.237261,4580.669859,4580.669859,4580.669859,4580.669859,4580.669859
3/12/2014,2391.219314,3421.984009,2439.011622,1853.147901,1856.277893,2439.011622,6561.006321,9040.57938,7289.296672,5954.760125,8222.639958,7289.296672,5503.640275,7878.12969,7289.296672,5493.204543,7200.295963,7289.296672,221.9100373,220.8826452,0.001001968,0.001005531,0.001008742,0.001011081,1456.79371,1456.79371,1456.79371,4805.452439,4805.452439,4805.452439,4805.452439,4805.452439
3/13/2014,3687.393804,4543.026083,3938.181257,3422.432172,3421.984009,3938.181257,8675.09342,9051.222768,9845.301841,8196.321626,9040.57938,9845.301841,7728.666195,8222.639958,9845.301841,6446.278959,7878.12969,9845.301841,1157.503634,1150.518557,0.001001968,0.001005531,0.001008742,0.001011081,1625.819833,1625.819833,1625.819833,5319.620742,5319.620742,5319.620742,5319.620742,5319.620742
3/14/2014,3687.710907,2876.889562,4097.945165,4544.470175,4543.026083,4097.945165,8994.872339,7950.751323,10475.29907,9524.217783,9051.222768,10475.29907,9392.924496,9040.57938,10475.29907,8285.666925,8222.639958,10475.29907,1844.400491,1832.538609,0.001001968,0.001005531,0.001008742,0.001011081,1993.053669,1993.053669,1993.053669,5984.446505,5984.446505,5984.446505,5984.446505,5984.446505
3/15/2014,2411.66021,2488.93632,2547.580846,2877.175745,2876.889562,2547.580846,6930.552866,7211.906062,7854.334015,7253.552326,7950.751323,7854.334015,7786.469675,9051.222768,7854.334015,8706.451271,9040.57938,7854.334015,665.0901734,661.3903281,0.001001968,0.001005531,0.001008742,0.001011081,2265.504431,2265.504431,2265.504431,6690.786978,6690.786978,6690.786978,6690.786978,6690.786978
3/16/2014,2309.339467,2650.738949,2436.980833,2489.174515,2488.93632,2436.980833,6483.143852,9731.36455,7323.706633,6533.730106,7211.906062,7323.706633,6937.301981,7950.751323,7323.706633,7552.552476,9051.222768,7323.706633,627.4642757,624.0048372,0.001001968,0.001005531,0.001008742,0.001011081,2489.006052,2489.006052,2489.006052,7348.099092,7348.099092,7348.099092,7348.099092,7348.099092
3/17/2014,2373.550235,2469.602278,2553.434611,2650.989758,2650.738949,2553.434611,7120.659038,10210.82149,8166.600567,7219.426484,9731.36455,8166.600567,7386.063443,7211.906062,8166.600567,7696.060276,7950.751323,8166.600567,870.2082302,865.1682239,0.001001968,0.001005531,0.001008742,0.001011081,2682.295517,2682.295517,2682.295517,7881.777875,7881.777875,7881.777875,7881.777875,7881.777875
3/18/2014,2184.270881,2190.255105,2350.080712,2469.84263,2469.602278,2350.080712,6400.236929,9929.14458,7324.702235,6525.113245,10210.82149,7324.702235,6728.231459,9731.36455,7324.702235,7030.803219,7211.906062,7324.702235,809.8725413,805.2315199,0.001001968,0.001005531,0.001008742,0.001011081,2833.912745,2833.912745,2833.912745,8197.156019,8197.156019,8197.156019,8197.156019,8197.156019
3/19/2014,1983.798978,2423.629514,2118.618068,2190.495686,2190.255105,2118.618068,5761.99385,10131.84249,6552.975548,5836.993664,9929.14458,6552.975548,6042.404221,10210.82149,6552.975548,6390.021531,9731.36455,6552.975548,671.0543202,667.3161983,0.001001968,0.001005531,0.001008742,0.001011081,2964.951959,2964.951959,2964.951959,8288.999917,8288.999917,8288.999917,8288.999917,8288.999917
3/20/2014,2250.629583,2743.861318,2450.646812,2423.871308,2423.629514,2450.646812,8467.446856,9094.728616,9843.419815,8424.11413,10131.84249,9843.419815,8568.894256,9929.14458,9843.419815,8466.766116,10210.82149,9843.419815,964.7655289,959.093153,0.001001968,0.001005531,0.001008742,0.001011081,2920.678627,2920.678627,2920.678627,8484.051966,8484.051966,8484.051966,8484.051966,8484.051966
3/21/2014,2473.162481,2848.086819,2726.622455,2743.873873,2743.861318,2726.622455,9237.995773,8268.858572,10801.9226,9250.532546,9094.728616,10801.9226,9283.814393,10131.84249,10801.9226,9250.3748,9929.14458,10801.9226,1192.277564,1185.052593,0.001001968,0.001005531,0.001008742,0.001011081,2712.822239,2712.822239,2712.822239,8636.81735,8636.81735,8636.81735,8636.81735,8636.81735
3/22/2014,2588.577877,3060.738119,2855.884795,2847.239722,2848.086819,2855.884795,8872.754662,7757.132916,10343.27902,8876.065488,8268.858572,10343.27902,8974.357437,9094.728616,10343.27902,8923.401637,10131.84249,10343.27902,1246.660587,1239.058722,0.001001968,0.001005531,0.001008742,0.001011081,2632.719262,2632.719262,2632.719262,8760.372644,8760.372644,8760.372644,8760.372644,8760.372644
3/23/2014,2888.75331,3035.995478,3190.788926,3061.272777,3060.738119,3190.788926,9230.641681,7471.142562,10753.05628,9124.491088,7757.132916,10753.05628,9226.987263,8268.858572,10753.05628,9195.792973,9094.728616,10753.05628,1388.640823,1380.045667,0.001001968,0.001005531,0.001008742,0.001011081,2654.063736,2654.063736,2654.063736,8968.384773,8968.384773,8968.384773,8968.384773,8968.384773
3/24/2014,2810.814992,2904.703205,3081.932416,3037.072866,3035.995478,3081.932416,8036.413018,7275.682225,9292.300456,8024.689186,7471.142562,9292.300456,8087.618991,7757.132916,9292.300456,8376.542943,8268.858572,9292.300456,1259.603295,1251.911431,0.001001968,0.001005531,0.001008742,0.001011081,2682.551933,2682.551933,2682.551933,9119.053599,9119.053599,9119.053599,9119.053599,9119.053599
3/25/2014,2533.089942,2486.450756,2771.139358,2904.96116,2904.703205,2771.139358,6853.33758,8814.21704,7885.110458,7024.894185,7275.682225,7885.110458,7174.000654,7471.142562,7885.110458,7385.91421,7757.132916,7885.110458,1120.379988,1113.650034,0.001001968,0.001005531,0.001008742,0.001011081,2726.520979,2726.520979,2726.520979,9247.993074,9247.993074,9247.993074,9247.993074,9247.993074
3/26/2014,2206.786785,2313.456288,2386.754471,2486.662619,2486.450756,2386.754471,6177.765353,12775.85399,7065.629031,6297.358144,8814.21704,7065.629031,6567.767172,7275.682225,7065.629031,6989.881221,7471.142562,7065.629031,867.2728873,862.2523762,0.001001968,0.001005531,0.001008742,0.001011081,2772.291467,2772.291467,2772.291467,9360.414271,9360.414271,9360.414271,9360.414271,9360.414271
3/27/2014,2071.926391,2190.170629,2240.99526,2313.669341,2313.456288,2240.99526,5843.350173,20352.79004,6683.49104,5933.383674,12775.85399,6683.49104,6158.408861,8814.21704,6683.49104,6517.169775,7275.682225,6683.49104,820.9914401,816.2771718,0.001001968,0.001005531,0.001008742,0.001011081,2765.746461,2765.746461,2765.746461,9028.383287,9028.383287,9028.383287,9028.383287,9028.383287
3/28/2014,2059.808009,3288.397764,2218.015105,2174.387949,2190.170629,2218.015105,5957.297432,21407.2365,6804.534988,5924.316645,20352.79004,6804.534988,6101.618865,12775.85399,6804.534988,6356.641611,8814.21704,6804.534988,773.7659174,769.3618455,0.001001968,0.001005531,0.001008742,0.001011081,2710.742174,2710.742174,2710.742174,8577.15596,8577.15596,8577.15596,8577.15596,8577.15596
3/29/2014,2771.761445,9227.96535,2991.158504,2827.532589,3288.397764,2991.158504,8334.424242,21313.08372,9584.913804,8189.233024,21407.2365,9584.913804,7829.365992,20352.79004,9584.913804,7704.966631,12775.85399,9584.913804,954.7753159,949.1701385,0.001001968,0.001005531,0.001008742,0.001011081,2651.04445,2651.04445,2651.04445,8388.507062,8388.507062,8388.507062,8388.507062,8388.507062
3/30/2014,9669.436586,13911.85331,10988.06464,9082.410733,9227.96535,10988.06464,19810.48966,21890.86877,23446.72414,18388.05544,21313.08372,23446.72414,17553.579,21407.2365,23446.72414,11919.39672,20352.79004,23446.72414,4826.932405,4791.935169,0.001001968,0.001005531,0.001008742,0.001011081,3253.358362,3253.358362,3253.358362,8978.568091,8978.568091,8978.568091,8978.568091,8978.568091
3/31/2014,13758.4898,14692.8554,15732.48743,14121.90843,13911.85331,15732.48743,29096.36108,21242.59435,34848.0689,28065.02104,21890.86877,34848.0689,27196.51129,21313.08372,34848.0689,23085.10545,21407.2365,34848.0689,7290.309142,7234.892701,0.001001968,0.001005531,0.001008742,0.001011081,4508.358727,4508.358727,4508.358727,11145.51258,11145.51258,11145.51258,11145.51258,11145.51258
4/1/2014,11769.19866,9635.384372,13706.69375,14724.94546,14692.8554,13706.69375,22454.58372,19102.06786,27158.09826,24078.30241,21242.59435,27158.09826,24976.40308,21890.86877,27158.09826,23367.00021,21313.08372,27158.09826,7368.03607,7311.962293,0.001001968,0.001005531,0.001008742,0.001011081,6090.326183,6090.326183,6090.326183,13623.92481,13623.92481,13623.92481,13623.92481,13623.92481
4/2/2014,7827.860589,8591.238174,8800.426642,9600.790368,9635.384372,8800.426642,15201.78998,17668.03398,17805.64608,16310.90005,19102.06786,17805.64608,18651.19191,21242.59435,17805.64608,21864.1693,21890.86877,17805.64608,3852.555724,3825.362622,0.001001968,0.001005531,0.001008742,0.001011081,7304.090428,7304.090428,7304.090428,15916.93685,15916.93685,15916.93685,15916.93685,15916.93685
4/3/2014,7442.02897,9241.685787,8352.252287,8450.757989,8591.238174,8352.252287,13640.98884,16296.73315,15926.21108,14044.03669,17668.03398,15926.21108,15753.81562,19102.06786,15926.21108,17805.18172,21242.59435,15926.21108,3629.44726,3604.013299,0.001001968,0.001005531,0.001008742,0.001011081,8299.534307,8299.534307,8299.534307,17857.92849,17857.92849,17857.92849,17857.92849,17857.92849
4/4/2014,8093.506597,9632.654645,9229.989243,9215.425813,9241.685787,9229.989243,16246.60187,16107.5639,19267.72615,16582.46309,16296.73315,19267.72615,17718.02663,17668.03398,19267.72615,17840.08517,19102.06786,19267.72615,4468.63726,4436.531214,0.001001968,0.001005531,0.001008742,0.001011081,9323.104535,9323.104535,9323.104535,19556.2847,19556.2847,19556.2847,19556.2847,19556.2847
4/5/2014,8411.812531,8713.537728,9647.25078,9706.414148,9632.654645,9647.25078,16312.99357,16618.3967,19418.91128,16767.28799,16107.5639,19418.91128,17675.12332,16296.73315,19418.91128,17747.25975,17668.03398,19418.91128,4824.83976,4789.859477,0.001001968,0.001005531,0.001008742,0.001011081,10354.44484,10354.44484,10354.44484,20905.19572,20905.19572,20905.19572,20905.19572,20905.19572
4/6/2014,7255.135954,7320.856291,8277.506137,8683.334783,8713.537728,8277.506137,13784.75953,15429.70441,16317.20797,14525.60719,16618.3967,16317.20797,15549.14677,16107.5639,16317.20797,16633.04382,16296.73315,16317.20797,4057.790578,4028.969533,0.001001968,0.001005531,0.001008742,0.001011081,10590.70381,10590.70381,10590.70381,21314.72708,21314.72708,21314.72708,21314.72708,21314.72708
4/7/2014,6207.36953,8009.14506,6988.70728,7124.009862,7320.856291,6988.70728,11458.54938,14424.96789,13392.82398,11860.5995,15429.70441,13392.82398,13177.85989,16618.3967,13392.82398,14494.68079,16107.5639,13392.82398,3147.478175,3125.803504,0.001001968,0.001005531,0.001008742,0.001011081,10030.75064,10030.75064,10030.75064,20106.46419,20106.46419,20106.46419,20106.46419,20106.46419
4/8/2014,7229.257144,8772.566344,8235.017784,7991.219197,8009.14506,8235.017784,13153.0498,13238.40561,15530.91301,13263.00063,14424.96789,15530.91301,14235.22233,15429.70441,15530.91301,13948.52312,16618.3967,15530.91301,3946.115435,3918.181333,0.001001968,0.001005531,0.001008742,0.001011081,9195.648093,9195.648093,9195.648093,18645.75264,18645.75264,18645.75264,18645.75264,18645.75264
4/9/2014,7699.962151,7999.193914,8861.216255,8821.433013,8772.566344,8861.216255,14836.54796,14268.62988,17711.87577,15172.37003,13238.40561,17711.87577,15925.10629,14424.96789,17711.87577,15723.25367,15429.70441,17711.87577,4552.828547,4520.045264,0.001001968,0.001005531,0.001008742,0.001011081,8834.461407,8834.461407,8834.461407,17540.18769,17540.18769,17540.18769,17540.18769,17540.18769
4/10/2014,6740.563754,7592.585383,7735.69702,7962.618134,7999.193914,7735.69702,12448.26464,14393.85237,14802.72552,13010.11839,14268.62988,14802.72552,14062.15314,13238.40561,14802.72552,14776.57613,14424.96789,14802.72552,3962.907093,3934.839799,0.001001968,0.001005531,0.001008742,0.001011081,8658.773164,8658.773164,8658.773164,16758.0922,16758.0922,16758.0922,16758.0922,16758.0922
4/11/2014,5935.285792,7841.682102,6782.220849,7048.781048,7592.585383,6782.220849,10499.40867,13864.30509,12411.25881,11068.64729,14393.85237,12411.25881,12171.5913,14268.62988,12411.25881,13096.50126,13238.40561,12411.25881,3398.690209,3375.063399,0.001001968,0.001005531,0.001008742,0.001011081,8372.97009,8372.97009,8372.97009,16099.44546,16099.44546,16099.44546,16099.44546,16099.44546
4/12/2014,6817.251543,9006.695436,7840.269349,7770.25255,7841.682102,7840.269349,10927.17001,17923.77016,12968.52543,11270.57441,13864.30509,12968.52543,12466.32101,14393.85237,12968.52543,11783.66898,14268.62988,12968.52543,3900.356497,3872.785048,0.001001968,0.001005531,0.001008742,0.001011081,8158.500573,8158.500573,8158.500573,15395.76872,15395.76872,15395.76872,15395.76872,15395.76872
4/13/2014,7366.307738,9213.330917,8598.702061,8591.199965,9006.695436,8598.702061,12783.12929,21063.7231,15415.24322,13229.95141,17923.77016,15415.24322,14311.99239,13864.30509,15415.24322,14061.75198,14393.85237,15415.24322,4697.607612,4663.656637,0.001001968,0.001005531,0.001008742,0.001011081,8127.377833,8127.377833,8127.377833,14934.90915,14934.90915,14934.90915,14934.90915,14934.90915
4/14/2014,7232.338775,9240.404204,8425.403133,8472.790033,9213.330917,8425.403133,12046.41517,19674.99907,14493.98183,12563.00597,21063.7231,14493.98183,13808.01745,17923.77016,14493.98183,13910.83565,13864.30509,14493.98183,4435.745515,4403.903686,0.001001968,0.001005531,0.001008742,0.001011081,8262.369838,8262.369838,8262.369838,14709.06665,14709.06665,14709.06665,14709.06665,14709.06665
4/15/2014,7768.339286,9446.320488,9035.988933,9026.081392,9240.404204,9035.988933,12335.22793,18361.94646,14726.29173,12890.53838,19674.99907,14726.29173,14123.96438,21063.7231,14726.29173,13208.71059,17923.77016,14726.29173,4467.27864,4435.183512,0.001001968,0.001005531,0.001008742,0.001011081,8422.573184,8422.573184,8422.573184,14660.10078,14660.10078,14660.10078,14660.10078,14660.10078
4/16/2014,10296.27305,11257.90063,11633.27337,10275.54937,9446.320488,11633.27337,19130.33497,16191.55211,22404.57569,18353.70985,18361.94646,22404.57569,18339.31431,19674.99907,22404.57569,17772.9785,21063.7231,22404.57569,4497.913035,4465.571646,0.001001968,0.001005531,0.001008742,0.001011081,8519.792424,8519.792424,8519.792424,15136.10912,15136.10912,15136.10912,15136.10912,15136.10912
4/17/2014,10809.73663,11395.0653,12343.34464,11657.36106,11257.90063,12343.34464,20393.70411,13967.97908,24254.83561,20237.26901,16191.55211,24254.83561,20403.07571,18361.94646,24254.83561,20041.9816,19674.99907,24254.83561,5652.338406,5610.597098,0.001001968,0.001005531,0.001008742,0.001011081,8867.346444,8867.346444,8867.346444,15999.47833,15999.47833,15999.47833,15999.47833,15999.47833
4/18/2014,9159.954131,7493.133855,10785.85743,11487.14929,11395.0653,10785.85743,16408.12572,11930.99138,19964.86619,17660.58749,13967.97908,19964.86619,19440.91424,16191.55211,19964.86619,18659.43166,18361.94646,19964.86619,6254.928623,6208.197979,0.001001968,0.001005531,0.001008742,0.001011081,9497.029573,9497.029573,9497.029573,16799.86783,16799.86783,16799.86783,16799.86783,16799.86783
4/19/2014,5805.343801,5475.073253,6643.480599,7503.94523,7493.133855,6643.480599,11785.07573,10213.89963,13955.23107,12918.96556,11930.99138,13955.23107,14549.57824,13967.97908,13955.23107,18265.43947,16191.55211,13955.23107,3341.270292,3318.091123,0.001001968,0.001005531,0.001008742,0.001011081,9549.451739,9549.451739,9549.451739,17498.3141,17498.3141,17498.3141,17498.3141,17498.3141
4/20/2014,4650.058639,5421.57341,5228.561467,5490.107038,5475.073253,5228.561467,8005.364189,10005.66631,9283.265962,8495.653433,10213.89963,9283.265962,9966.9812,11930.99138,9283.265962,12145.02794,13967.97908,9283.265962,2331.841953,2316.379574,0.001001968,0.001005531,0.001008742,0.001011081,9240.190411,9240.190411,9240.190411,17545.44276,17545.44276,17545.44276,17545.44276,17545.44276
4/21/2014,4601.999146,5420.053871,5237.156566,5352.724116,5421.57341,5237.156566,8964.418407,9806.492659,10540.34235,9301.576737,10005.66631,10540.34235,10181.21729,10213.89963,10540.34235,11135.55865,11930.99138,10540.34235,2576.426405,2559.123376,0.001001968,0.001005531,0.001008742,0.001011081,8808.547167,8808.547167,8808.547167,17182.37601,17182.37601,17182.37601,17182.37601,17182.37601
4/22/2014,4474.751097,5057.263566,5108.449327,5186.112364,5420.053871,5108.449327,8838.88128,9633.828136,10420.11822,9137.442804,9806.492659,10420.11822,9857.380352,10005.66631,10420.11822,10343.52078,10213.89963,10420.11822,2557.047647,2539.891203,0.001001968,0.001005531,0.001008742,0.001011081,8259.410875,8259.410875,8259.410875,16524.06784,16524.06784,16524.06784,16524.06784,16524.06784
4/23/2014,4553.13245,4814.48869,5200.617906,5244.527239,5057.263566,5200.617906,8162.100752,9434.690926,9608.051584,8460.116661,9633.828136,9608.051584,9129.570725,9806.492659,9608.051584,9255.642163,10005.66631,9608.051584,2533.847899,2516.866776,0.001001968,0.001005531,0.001008742,0.001011081,7701.944145,7701.944145,7701.944145,15160.66974,15160.66974,15160.66974,15160.66974,15160.66974
4/24/2014,4270.392083,4629.72654,4889.709472,4912.825625,4814.48869,4889.709472,7968.989327,8911.161525,9409.143176,8218.30478,9434.690926,9409.143176,8839.236393,9633.828136,9409.143176,9354.061519,9806.492659,9409.143176,2505.501225,2488.734075,0.001001968,0.001005531,0.001008742,0.001011081,6904.506403,6904.506403,6904.506403,13481.72772,13481.72772,13481.72772,13481.72772,13481.72772
4/25/2014,3845.228921,4564.715695,4400.682141,4443.714644,4629.72654,4400.682141,7392.228222,8396.588345,8720.357734,7631.285599,8911.161525,8720.357734,8252.46705,9434.690926,8720.357734,8798.809009,9633.828136,8720.357734,2300.295551,2285.069033,0.001001968,0.001005531,0.001008742,0.001011081,5871.350037,5871.350037,5871.350037,11958.67756,11958.67756,11958.67756,11958.67756,11958.67756
4/26/2014,4004.128782,4473.364127,4583.028789,4559.721521,4564.715695,4583.028789,7803.749139,10792.37069,9207.745277,7991.433208,8396.588345,9207.745277,8560.69863,8911.161525,9207.745277,8577.945717,9434.690926,9207.745277,2335.706288,2320.214991,0.001001968,0.001005531,0.001008742,0.001011081,5328.578432,5328.578432,5328.578432,10712.98293,10712.98293,10712.98293,10712.98293,10712.98293
4/27/2014,3981.602242,4072.707052,4571.667344,4591.235559,4473.364127,4571.667344,7914.705549,21955.20614,9368.857031,8142.749397,10792.37069,9368.857031,8638.363796,8396.588345,9368.857031,8842.618288,8911.161525,9368.857031,2388.591368,2372.703781,0.001001968,0.001005531,0.001008742,0.001011081,5062.96082,5062.96082,5062.96082,9976.342908,9976.342908,9976.342908,9976.342908,9976.342908
4/28/2014,3546.782869,3723.141428,4067.900279,4121.355608,4072.707052,4067.900279,6920.980429,27556.1908,8177.779758,7157.293363,21955.20614,8177.779758,7710.580417,10792.37069,8177.779758,8217.4227,8396.588345,8177.779758,2166.554625,2152.323891,0.001001968,0.001005531,0.001008742,0.001011081,4852.810009,4852.810009,4852.810009,9517.138878,9517.138878,9517.138878,9517.138878,9517.138878
4/29/2014,3193.36581,5693.103008,3653.110839,3699.600072,3723.141428,3653.110839,6225.154621,19975.29114,7334.35457,6432.799076,27556.1908,7334.35457,6959.60829,21955.20614,7334.35457,7475.517148,10792.37069,7334.35457,1944.107688,1931.517405,0.001001968,0.001005531,0.001008742,0.001011081,4630.951204,4630.951204,4630.951204,9158.439109,9158.439109,9158.439109,9158.439109,9158.439109
4/30/2014,3658.512459,8363.889862,4224.709227,4203.788983,5693.103008,4224.709227,9820.785812,14810.47496,11601.04609,9968.446726,19975.29114,11601.04609,10350.34336,27556.1908,11601.04609,9397.30747,21955.20614,11601.04609,2361.606001,2345.920752,0.001001968,0.001005531,0.001008742,0.001011081,4451.943679,4451.943679,4451.943679,9336.448951,9336.448951,9336.448951,9336.448951,9336.448951
5/1/2014,7983.116802,7129.782648,9390.455091,9052.148899,8363.889862,9390.455091,25758.53373,11845.38009,30957.46036,25839.34774,14810.47496,30957.46036,26013.96204,19975.29114,30957.46036,20442.55917,27556.1908,30957.46036,4943.545737,4907.602547,0.001001968,0.001005531,0.001008742,0.001011081,4918.241209,4918.241209,4918.241209,11599.88529,11599.88529,11599.88529,11599.88529,11599.88529
5/2/2014,6768.635233,5314.101685,7869.40069,7637.000462,7129.782648,7869.40069,26101.30294,10085.52572,31475.17548,25986.20301,11845.38009,31475.17548,26436.84682,14810.47496,31475.17548,29078.13922,19975.29114,31475.17548,4140.395866,4110.917069,0.001001968,0.001005531,0.001008742,0.001011081,5339.53686,5339.53686,5339.53686,14561.14732,14561.14732,14561.14732,14561.14732,14561.14732
5/3/2014,4464.088719,4173.560754,5178.673241,5348.307782,5314.101685,5178.673241,12373.4883,9012.094914,14704.45265,12731.45929,10085.52572,14704.45265,13789.4055,11845.38009,14704.45265,16203.67912,14810.47496,14704.45265,2905.762669,2885.950231,0.001001968,0.001005531,0.001008742,0.001011081,5513.584719,5513.584719,5513.584719,15844.64443,15844.64443,15844.64443,15844.64443,15844.64443
5/4/2014,3501.771747,3697.76806,4019.402238,4200.381847,4173.560754,4019.402238,8895.511178,8438.680192,10455.73411,9234.741051,9012.094914,10455.73411,9978.949857,10085.52572,10455.73411,11715.65531,11845.38009,10455.73411,2149.64937,2135.544014,0.001001968,0.001005531,0.001008742,0.001011081,5504.452867,5504.452867,5504.452867,16371.59378,16371.59378,16371.59378,16371.59378,16371.59378
5/5/2014,3199.802907,3496.320317,3659.971555,3719.746844,3697.76806,3659.971555,7802.721023,8044.648603,9150.667088,8006.876248,8438.680192,9150.667088,8594.353381,9012.094914,9150.667088,9495.341467,10085.52572,9150.667088,1933.426319,1920.91428,0.001001968,0.001005531,0.001008742,0.001011081,5462.669286,5462.669286,5462.669286,16637.1621,16637.1621,16637.1621,16637.1621,16637.1621
5/6/2014,3044.976468,3312.507775,3488.074497,3506.042716,3496.320317,3488.074497,7404.803792,7801.489328,8700.800172,7558.756385,8044.648603,8700.800172,8036.717055,8438.680192,8700.800172,8577.880229,9012.094914,8700.800172,1880.733985,1868.607191,0.001001968,0.001005531,0.001008742,0.001011081,5433.527717,5433.527717,5433.527717,16803.8909,16803.8909,16803.8909,16803.8909,16803.8909
5/7/2014,2857.665599,3489.986522,3275.672582,3303.470543,3312.507775,3275.672582,6909.697506,7992.560192,8122.168984,7065.64616,7801.489328,8122.168984,7489.572438,8044.648603,8122.168984,7912.993198,8438.680192,8122.168984,1790.279579,1778.811166,0.001001968,0.001005531,0.001008742,0.001011081,5328.075429,5328.075429,5328.075429,16419.80967,16419.80967,16419.80967,16419.80967,16419.80967
5/8/2014,2916.102249,3656.668298,3353.754991,3350.973839,3489.986522,3353.754991,6848.850923,7677.143271,8068.587687,6984.570357,7992.560192,8068.587687,7375.374211,7801.489328,8068.587687,7494.169611,8044.648603,8068.587687,1872.710099,1860.641861,0.001001968,0.001005531,0.001008742,0.001011081,4628.420612,4628.420612,4628.420612,13940.06437,13940.06437,13940.06437,13940.06437,13940.06437
5/9/2014,3337.261468,3698.709405,3830.519191,3691.091408,3656.668298,3830.519191,7142.124834,7296.155049,8418.508191,7170.095954,7677.143271,8418.508191,7546.534309,7992.560192,8418.508191,7399.251628,7801.489328,8418.508191,2057.259661,2043.837493,0.001001968,0.001005531,0.001008742,0.001011081,4074.163109,4074.163109,4074.163109,10810.57293,10810.57293,10810.57293,10810.57293,10810.57293
5/10/2014,3248.29979,3173.541988,3751.517926,3754.343034,3698.709405,3751.517926,6779.176615,6789.241854,8029.931493,6952.089437,7296.155049,8029.931493,7328.878655,7677.143271,8029.931493,7446.903477,7992.560192,8029.931493,2121.460783,2107.564236,0.001001968,0.001005531,0.001008742,0.001011081,3765.286992,3765.286992,3765.286992,9295.362903,9295.362903,9295.362903,9295.362903,9295.362903
5/11/2014,2914.831883,3385.94388,3306.357262,3195.560408,3173.541988,3306.357262,6410.133688,6560.865938,7500.942355,6422.411455,6789.241854,7500.942355,6792.927717,7296.155049,7500.942355,7390.62098,7677.143271,7500.942355,1686.359867,1675.643025,0.001001968,0.001005531,0.001008742,0.001011081,3580.907992,3580.907992,3580.907992,8555.421433,8555.421433,8555.421433,8555.421433,8555.421433
5/12/2014,2986.954937,3186.742368,3414.489655,3400.845395,3385.94388,3414.489655,6215.015058,6684.729172,7308.516955,6341.382602,6560.865938,7308.516955,6628.339372,6789.241854,7308.516955,6635.434872,7296.155049,7308.516955,1850.241941,1838.33751,0.001001968,0.001005531,0.001008742,0.001011081,3492.531187,3492.531187,3492.531187,8136.567731,8136.567731,8136.567731,8136.567731,8136.567731
5/13/2014,2639.23295,2561.65584,3028.44453,3185.638482,3186.742368,3028.44453,5962.448577,7475.854465,7024.204757,6239.934398,6684.729172,7024.204757,6602.211328,6560.865938,7024.204757,6812.557912,6789.241854,7024.204757,1702.886435,1692.050424,0.001001968,0.001005531,0.001008742,0.001011081,3434.02341,3434.02341,3434.02341,7861.394728,7861.394728,7861.394728,7861.394728,7861.394728
5/14/2014,2184.148689,2516.714886,2470.250335,2556.472234,2561.65584,2470.250335,5041.030369,14253.79971,5865.674131,5216.632904,7475.854465,5865.674131,5634.651739,6684.729172,5865.674131,6212.882741,6560.865938,5865.674131,1272.425727,1264.644589,0.001001968,0.001005531,0.001008742,0.001011081,3341.111332,3341.111332,3341.111332,7622.190944,7622.190944,7622.190944,7622.190944,7622.190944
5/15/2014,2243.3021,3366.810347,2545.016698,2511.199913,2516.714886,2545.016698,4992.022734,16475.59828,5821.901377,5054.706052,14253.79971,5821.901377,5413.405836,7475.854465,5821.901377,5619.983465,6684.729172,5821.901377,1342.322073,1334.052386,0.001001968,0.001005531,0.001008742,0.001011081,3232.03799,3232.03799,3232.03799,7362.282178,7362.282178,7362.282178,7362.282178,7362.282178
5/16/2014,2534.104432,4098.754292,2905.024658,2869.54601,3366.810347,2905.024658,6710.368414,16012.91104,7767.889842,6801.422891,16475.59828,7767.889842,7046.569987,14253.79971,7767.889842,6002.42423,7475.854465,7767.889842,1632.347886,1622.019537,0.001001968,0.001005531,0.001008742,0.001011081,3107.880317,3107.880317,3107.880317,7257.012513,7257.012513,7257.012513,7257.012513,7257.012513
5/17/2014,6938.219309,12815.26105,7275.882854,4250.747626,4098.754292,7275.882854,13882.75421,15943.14733,15120.20228,11053.41465,16012.91104,15120.20228,9856.482736,16475.59828,15120.20228,7939.505108,14253.79971,15120.20228,1099.696766,1093.108498,0.001001968,0.001005531,0.001008742,0.001011081,2991.925141,2991.925141,2991.925141,7654.401799,7654.401799,7654.401799,7654.401799,7654.401799
5/18/2014,12513.29626,12472.87516,14291.05598,13035.44789,12815.26105,14291.05598,22037.43781,14640.18055,26163.20676,21364.07076,15943.14733,26163.20676,19627.73028,16012.91104,26163.20676,14463.56877,16475.59828,26163.20676,6775.995061,6724.910039,0.001001968,0.001005531,0.001008742,0.001011081,3927.189325,3927.189325,3927.189325,8901.455895,8901.455895,8901.455895,8901.455895,8901.455895
5/19/2014,8766.409057,4764.243901,10412.13306,12487.2818,12472.87516,10412.13306,17896.21101,11906.59713,21879.17484,20457.57233,14640.18055,21879.17484,21891.0725,15943.14733,21879.17484,20028.36305,16012.91104,21879.17484,6481.18091,6432.563915,0.001001968,0.001005531,0.001008742,0.001011081,5228.538493,5228.538493,5228.538493,10528.25514,10528.25514,10528.25514,10528.25514,10528.25514
5/20/2014,3207.079483,3096.090781,3471.943556,4768.675911,4764.243901,3471.943556,7759.695172,9924.832791,8801.206831,9121.635863,11906.59713,8801.206831,11634.88108,14640.18055,8801.206831,17426.02783,15943.14733,8801.206831,1150.941408,1144.001503,0.001001968,0.001005531,0.001008742,0.001011081,5782.674303,5782.674303,5782.674303,12080.73673,12080.73673,12080.73673,12080.73673,12080.73673
5/21/2014,2576.190404,3355.954837,2764.689435,3089.361794,3096.090781,2764.689435,5162.372196,8708.064823,5736.863687,5558.523371,9924.832791,5736.863687,7041.285864,11906.59713,5736.863687,9937.049817,14640.18055,5736.863687,823.489275,818.7585343,0.001001968,0.001005531,0.001008742,0.001011081,6022.421355,6022.421355,6022.421355,12988.59173,12988.59173,12988.59173,12988.59173,12988.59173
5/22/2014,2871.214654,3661.419959,3199.018901,3328.726368,3355.954837,3199.018901,9038.374187,8029.323776,10541.32758,9211.208326,8708.064823,10541.32758,9770.166262,9924.832791,10541.32758,10678.58133,11906.59713,10541.32758,1434.473971,1425.555463,0.001001968,0.001005531,0.001008742,0.001011081,6176.180869,6176.180869,6176.180869,13628.12707,13628.12707,13628.12707,13628.12707,13628.12707
5/23/2014,3185.423913,3773.853071,3584.738077,3664.606744,3661.419959,3584.738077,9447.044913,7685.732581,11069.71327,9600.101429,8029.323776,11069.71327,9812.107011,8708.064823,11069.71327,10040.82863,9924.832791,11069.71327,1710.474314,1699.583545,0.001001968,0.001005531,0.001008742,0.001011081,6294.089235,6294.089235,6294.089235,14044.88934,14044.88934,14044.88934,14044.88934,14044.88934
5/24/2014,3313.025071,3156.615896,3748.217922,3772.280916,3773.853071,3748.217922,8497.392009,7020.216257,9950.86678,8631.951707,7685.732581,9950.86678,8981.829653,8029.323776,9950.86678,8960.939166,8708.064823,9950.86678,1861.999259,1850.009138,0.001001968,0.001005531,0.001008742,0.001011081,6423.054935,6423.054935,6423.054935,13902.72042,13902.72042,13902.72042,13902.72042,13902.72042
5/25/2014,2708.81166,2759.689385,3058.009349,3174.238676,3156.615896,3058.009349,6900.573581,6507.985691,8034.443871,7110.796609,7020.216257,8034.443871,7622.747462,7685.732581,8034.443871,8162.807096,8029.323776,8034.443871,1525.464579,1515.900475,0.001001968,0.001005531,0.001008742,0.001011081,5512.213055,5512.213055,5512.213055,12770.74058,12770.74058,12770.74058,12770.74058,12770.74058
5/26/2014,2521.801407,2938.162625,2827.292968,2774.24675,2759.689385,2827.292968,5923.786953,6104.677612,6858.162257,5959.103968,6507.985691,6858.162257,6398.813162,7020.216257,6858.162257,7031.685273,7685.732581,6858.162257,1356.363567,1347.995356,0.001001968,0.001005531,0.001008742,0.001011081,4160.60038,4160.60038,4160.60038,11153.04374,11153.04374,11153.04374,11153.04374,11153.04374
5/27/2014,2554.337751,2586.873284,2908.109822,2938.222377,2938.162625,2908.109822,5950.774547,5710.892318,6969.818876,6082.926362,6104.677612,6969.818876,6397.278972,6507.985691,6969.818876,6565.981479,7020.216257,6969.818876,1573.543642,1563.636523,0.001001968,0.001005531,0.001008742,0.001011081,3569.604016,3569.604016,3569.604016,9567.905581,9567.905581,9567.905581,9567.905581,9567.905581
5/28/2014,2200.411466,2282.830565,2487.362936,2586.293376,2586.873284,2487.362936,5522.31248,5404.887061,6431.403284,5698.350337,5710.892318,6431.403284,5982.027819,6104.677612,6431.403284,6391.570207,6507.985691,6431.403284,1295.133275,1287.19377,0.001001968,0.001005531,0.001008742,0.001011081,3316.043124,3316.043124,3316.043124,8649.520457,8649.520457,8649.520457,8649.520457,8649.520457
5/29/2014,2001.071932,2265.24735,2246.693451,2282.218648,2282.830565,2246.693451,4908.156744,5206.8835,5688.469288,5010.707989,5404.887061,5688.469288,5318.993365,5710.892318,5688.469288,5711.480774,6104.677612,5688.469288,1120.395192,1113.665132,0.001001968,0.001005531,0.001008742,0.001011081,3130.758759,3130.758759,3130.758759,8014.993078,8014.993078,8014.993078,8014.993078,8014.993078
5/30/2014,1990.418978,2179.857338,2245.540077,2264.546693,2265.24735,2245.540077,4816.058887,5010.666132,5597.604766,4906.409254,5206.8835,5597.604766,5159.923038,5404.887061,5597.604766,5327.199321,5710.892318,5597.604766,1164.872677,1157.836837,0.001001968,0.001005531,0.001008742,0.001011081,2944.213157,2944.213157,2944.213157,7392.241316,7392.241316,7392.241316,7392.241316,7392.241316
5/31/2014,1904.861915,2071.548352,2149.803942,2179.123701,2179.857338,2149.803942,4654.392281,4495.450162,5410.12698,4751.542846,5010.666132,5410.12698,4978.449605,5206.8835,5410.12698,5168.855813,5404.887061,5410.12698,1123.683556,1116.930941,0.001001968,0.001005531,0.001008742,0.001011081,2717.150854,2717.150854,2717.150854,6807.790901,6807.790901,6807.790901,6807.790901,6807.790901
6/1/2014,1817.962646,2000.312975,2049.6126,2070.80755,2071.548352,2049.6126,4350.760969,5710.50231,5054.113313,4437.190855,4495.450162,5054.113313,4664.179906,5010.666132,5054.113313,4873.792767,5206.8835,5054.113313,1068.52025,1062.144923,0.001001968,0.001005531,0.001008742,0.001011081,2529.949578,2529.949578,2529.949578,6319.358174,6319.358174,6319.358174,6319.358174,6319.358174
6/2/2014,1757.733781,1948.569939,1982.487256,1999.590925,2000.312975,1982.487256,4213.253056,6822.877651,4895.153763,4293.508114,5710.50231,4895.153763,4506.019426,4495.450162,4895.153763,4663.906365,5010.666132,4895.153763,1040.955662,1034.767962,0.001001968,0.001005531,0.001008742,0.001011081,2395.380792,2395.380792,2395.380792,5956.718728,5956.718728,5956.718728,5956.718728,5956.718728
6/3/2014,1696.901421,1876.125451,1914.126388,1930.541577,1948.569939,1914.126388,4080.46272,5626.427725,4743.860584,4157.037438,6822.877651,4743.860584,4357.877172,5710.50231,4743.860584,4525.450785,4495.450162,4743.860584,1010.382485,1004.402162,0.001001968,0.001005531,0.001008742,0.001011081,2251.492457,2251.492457,2251.492457,5651.078787,5651.078787,5651.078787,5651.078787,5651.078787
6/4/2014,1712.666571,2063.357706,1909.260275,1859.266511,1876.125451,1909.260275,3761.780038,5181.500173,4328.873543,3774.952157,5626.427725,4328.873543,3889.381816,6822.877651,4328.873543,4071.006954,5710.50231,4328.873543,891.9558386,886.7711334,0.001001968,0.001005531,0.001008742,0.001011081,2133.266665,2133.266665,2133.266665,5327.684971,5327.684971,5327.684971,5327.684971,5327.684971
6/5/2014,2265.322645,3113.3747,2491.160339,2074.508286,2063.357706,2491.160339,5524.464109,6081.428307,6353.407991,5162.721381,5181.500173,6353.407991,5233.122035,5626.427725,6353.407991,5035.954477,6822.877651,6353.407991,1012.224854,1006.232057,0.001001968,0.001005531,0.001008742,0.001011081,2074.22295,2074.22295,2074.22295,5253.260217,5253.260217,5253.260217,5253.260217,5253.260217
6/6/2014,2690.844833,2317.559782,3062.54131,3127.65208,3113.3747,3062.54131,6861.092231,5940.002526,8093.282737,7009.769556,6081.428307,8093.282737,6853.951882,5181.500173,8093.282737,6324.367361,5626.427725,8093.282737,1653.786918,1643.304543,0.001001968,0.001005531,0.001008742,0.001011081,2128.446127,2128.446127,2128.446127,5418.986738,5418.986738,5418.986738,5418.986738,5418.986738
6/7/2014,1912.711482,1851.648045,2134.619088,2320.595794,2317.559782,2134.619088,4889.413276,5109.474937,5668.943332,5125.037888,5940.002526,5668.943332,5443.810696,6081.428307,5668.943332,5756.454141,5181.500173,5668.943332,1031.335302,1025.212941,0.001001968,0.001005531,0.001008742,0.001011081,2166.133719,2166.133719,2166.133719,5503.009276,5503.009276,5503.009276,5503.009276,5503.009276
6/8/2014,1561.180903,1898.312153,1726.113555,1825.436409,1851.648045,1726.113555,3621.15467,4930.629434,4148.337968,3765.814314,5109.474937,4148.337968,4128.428831,5940.002526,4148.337968,4624.311424,6081.428307,4148.337968,784.073347,779.6017762,0.001001968,0.001005531,0.001008742,0.001011081,2158.267198,2158.267198,2158.267198,5523.036081,5523.036081,5523.036081,5523.036081,5523.036081
6/9/2014,1653.027274,1745.331894,1842.060218,1899.57166,1898.312153,1842.060218,4661.088197,7772.989871,5402.742088,4758.346186,4930.629434,5402.742088,4890.93366,5109.474937,5402.742088,5122.632531,5940.002526,5402.742088,853.8615508,848.9300037,0.001001968,0.001005531,0.001008742,0.001011081,2140.916597,2140.916597,2140.916597,5608.351994,5608.351994,5608.351994,5608.351994,5608.351994
6/10/2014,1694.67978,2089.303297,1870.161704,1761.699772,1745.331894,1870.161704,4918.73346,8587.27795,5691.28819,4834.554607,7772.989871,5691.28819,5033.397107,4930.629434,5691.28819,5209.787575,5109.474937,5691.28819,821.093433,816.3784923,0.001001968,0.001005531,0.001008742,0.001011081,2126.062911,2126.062911,2126.062911,5720.979934,5720.979934,5720.979934,5720.979934,5720.979934
6/11/2014,1794.458792,1801.095751,2025.660989,2084.221834,2089.303297,2025.660989,4455.746873,11231.12518,5198.643516,4572.352428,8587.27795,5198.643516,4658.199603,7772.989871,5198.643516,4560.568981,4930.629434,5198.643516,1076.265306,1069.837151,0.001001968,0.001005531,0.001008742,0.001011081,2150.451074,2150.451074,2150.451074,5800.215494,5800.215494,5800.215494,5800.215494,5800.215494
6/12/2014,1511.13122,3852.707298,1683.889548,1750.641574,1801.095751,1683.889548,4205.515035,14223.38448,4858.882267,4310.711901,11231.12518,4858.882267,4502.758903,8587.27795,4858.882267,4656.290257,7772.989871,4858.882267,815.9080881,811.2273229,0.001001968,0.001005531,0.001008742,0.001011081,2126.199394,2126.199394,2126.199394,5682.269852,5682.269852,5682.269852,5682.269852,5682.269852
6/13/2014,2561.206631,7449.592446,2888.921653,2846.177971,3852.707298,2888.921653,8060.754327,11929.37665,9398.333273,8097.220432,14223.38448,9398.333273,7803.874132,11231.12518,9398.333273,6770.10103,8587.27795,9398.333273,1366.594101,1358.154028,0.001001968,0.001005531,0.001008742,0.001011081,2076.509176,2076.509176,2076.509176,5886.017386,5886.017386,5886.017386,5886.017386,5886.017386
6/14/2014,7329.057146,6088.201726,8551.29457,7937.091198,7449.592446,8551.29457,13616.52063,8044.097152,16285.86918,13539.1686,11929.37665,16285.86918,13092.11295,14223.38448,16285.86918,8758.191767,11231.12518,16285.86918,4116.715,4087.424908,0.001001968,0.001005531,0.001008742,0.001011081,2670.174424,2670.174424,2670.174424,6570.378079,6570.378079,6570.378079,6570.378079,6570.378079
6/15/2014,6821.415137,7705.071537,7785.712362,6465.291143,6088.201726,7785.712362,13817.0134,7447.677999,16408.86562,12791.12513,8044.097152,16408.86562,14180.34265,11929.37665,16408.86562,14346.6686,14223.38448,16408.86562,3785.452666,3758.789837,0.001001968,0.001005531,0.001008742,0.001011081,3391.218778,3391.218778,3391.218778,7730.498739,7730.498739,7730.498739,7730.498739,7730.498739
6/16/2014,5955.745446,3741.00943,7113.644323,7723.817284,7705.071537,7113.644323,11362.06716,7675.605108,13958.73248,12334.62534,7447.677999,13958.73248,12629.55589,8044.097152,13958.73248,13089.50981,11929.37665,13958.73248,4705.663885,4671.647822,0.001001968,0.001005531,0.001008742,0.001011081,4115.059608,4115.059608,4115.059608,8848.738914,8848.738914,8848.738914,8848.738914,8848.738914
6/17/2014,2709.004712,1811.006919,3047.797811,3748.144933,3741.00943,3047.797811,6444.993286,6752.722508,7525.345371,7230.940497,7675.605108,7525.345371,8212.194863,7447.677999,7525.345371,10961.61775,8044.097152,7525.345371,1502.194575,1492.796027,0.001001968,0.001005531,0.001008742,0.001011081,4489.492289,4489.492289,4489.492289,9651.062786,9651.062786,9651.062786,9651.062786,9651.062786
6/18/2014,1226.586927,1758.233876,1293.126312,1784.560799,1811.006919,1293.126312,1972.689191,5474.151388,2106.821275,2502.061886,6752.722508,2106.821275,3285.667969,7675.605108,2106.821275,5348.542091,7447.677999,2106.821275,286.1899854,284.803169,0.001001968,0.001005531,0.001008742,0.001011081,4563.555555,4563.555555,4563.555555,10054.28891,10054.28891,10054.28891,10054.28891,10054.28891
6/19/2014,1878.379667,3515.924672,2040.539232,1772.544563,1758.233876,2040.539232,4320.081351,5209.350328,4915.531174,4094.389898,5474.151388,4915.531174,4688.012894,6752.722508,4915.531174,4996.716493,7675.605108,4915.531174,738.6909035,734.5156369,0.001001968,0.001005531,0.001008742,0.001011081,4625.847366,4625.847366,4625.847366,10186.76938,10186.76938,10186.76938,10186.76938,10186.76938
6/20/2014,3094.576674,2662.708177,3603.238309,3535.514595,3515.924672,3603.238309,7303.246996,4859.755616,8747.649709,7369.441755,5209.350328,8747.649709,7472.738381,5474.151388,8747.649709,6623.481712,6752.722508,8747.649709,2215.74896,2201.152739,0.001001968,0.001005531,0.001008742,0.001011081,4751.772765,4751.772765,4751.772765,9906.676022,9906.676022,9906.676022,9906.676022,9906.676022
6/21/2014,2172.75324,1924.38303,2484.059355,2664.866861,2662.708177,2484.059355,5840.080764,4443.754307,6896.921475,6087.567258,4859.755616,6896.921475,6352.05355,5209.350328,6896.921475,7039.520043,5474.151388,6896.921475,1414.931793,1406.15131,0.001001968,0.001005531,0.001008742,0.001011081,4189.909244,4189.909244,4189.909244,9276.5898,9276.5898,9276.5898,9276.5898,9276.5898
6/22/2014,1650.349363,1804.388323,1843.866311,1925.307349,1924.38303,1843.866311,3472.672757,2058.777951,4003.557051,3614.419916,4443.754307,4003.557051,3995.563305,4859.755616,4003.557051,4603.785615,5209.350328,4003.557051,910.1238434,904.8179096,0.001001968,0.001005531,0.001008742,0.001011081,3481.163838,3481.163838,3481.163838,8154.57418,8154.57418,8154.57418,8154.57418,8154.57418
6/23/2014,1576.684814,1734.634057,1766.430614,1804.958709,1804.388323,1766.430614,3650.59729,1966.104316,4226.679546,3741.337028,2058.777951,4226.679546,3987.910741,4443.754307,4226.679546,4306.970992,4859.755616,4226.679546,896.9698572,891.7517265,0.001001968,0.001005531,0.001008742,0.001011081,2755.682856,2755.682856,2755.682856,6929.74621,6929.74621,6929.74621,6929.74621,6929.74621
6/24/2014,1520.247812,1716.658457,1706.436386,1734.646468,1734.634057,1706.436386,3747.312744,6721.744823,4352.300777,3821.63799,1966.104316,4352.300777,4010.620373,2058.777951,4352.300777,4216.603356,4443.754307,4352.300777,883.9408488,878.8095249,0.001001968,0.001005531,0.001008742,0.001011081,2370.603346,2370.603346,2370.603346,5958.349657,5958.349657,5958.349657,5958.349657,5958.349657
6/25/2014,1432.213877,1214.058285,1606.439923,1639.258688,1716.658457,1606.439923,3551.159581,7881.802527,4117.691253,3627.982317,6721.744823,4117.691253,3796.308655,1966.104316,4117.691253,3944.041794,2058.777951,4117.691253,832.4635298,827.6735536,0.001001968,0.001005531,0.001008742,0.001011081,2251.01974,2251.01974,2251.01974,5454.756495,5454.756495,5454.756495,5454.756495,5454.756495
6/26/2014,768.5067505,553.8969206,817.9440004,1229.095399,1214.058285,817.9440004,1178.101555,6830.211441,1246.62395,1645.106626,7881.802527,1246.62395,1308.262715,6721.744823,1246.62395,1966.105463,1966.104316,1246.62395,0.001000564,0.001006515,0.001001968,0.001005531,0.001008742,0.001011081,2057.821529,2057.821529,2057.821529,4919.283737,4919.283737,4919.283737,4919.283737,4919.283737
6/27/2014,2696.371556,8457.505204,2716.119713,608.3091831,553.8969206,2716.119713,3035.51876,6657.323655,3065.728542,951.2360657,6830.211441,3065.728542,1562.069669,7881.802527,3065.728542,1306.149965,6721.744823,3065.728542,0.001000564,0.001006515,0.001001968,0.001005531,0.001008742,0.001011081,1768.848889,1768.848889,1768.848889,4341.455731,4341.455731,4341.455731,4341.455731,4341.455731
6/28/2014,7130.882231,4892.172903,8606.32532,8459.837767,8457.505204,8606.32532,11423.23559,5977.784301,14330.17937,11761.49854,6657.323655,14330.17937,11176.90821,6830.211441,14330.17937,6036.054731,7881.802527,14330.17937,5942.372456,5898.236203,0.001001968,0.001005531,0.001008742,0.001011081,2309.535819,2309.535819,2309.535819,4319.529239,4319.529239,4319.529239,4319.529239,4319.529239
6/29/2014,3156.24011,1476.23104,3677.422083,4891.668008,4892.172903,3677.422083,8545.859638,4525.904398,10277.4383,9862.196347,5977.784301,10277.4383,10139.53993,6657.323655,10277.4383,12055.67222,6830.211441,10277.4383,2294.553408,2279.369783,0.001001968,0.001005531,0.001008742,0.001011081,2685.911906,2685.911906,2685.911906,4812.590915,4812.590915,4812.590915,4812.590915,4812.590915
6/30/2014,1126.921897,1697.885311,1153.877157,1471.326192,1476.23104,1153.877157,1362.315983,5769.708095,1404.134603,1699.683168,4525.904398,1404.134603,2954.124909,5977.784301,1404.134603,5068.341343,6657.323655,1404.134603,116.4977695,116.0220294,0.001001968,0.001005531,0.001008742,0.001011081,2799.256686,2799.256686,2799.256686,5369.33382,5369.33382,5369.33382,5369.33382,5369.33382
7/1/2014,1433.501402,1846.560113,1564.327219,1698.102346,1697.885311,1564.327219,2981.224466,9789.945531,3400.049131,3152.408003,5769.708095,3400.049131,3546.464127,4525.904398,3400.049131,4290.897142,5977.784301,3400.049131,636.3535899,632.8375234,0.001001968,0.001005531,0.001008742,0.001011081,2828.71408,2828.71408,2828.71408,5514.574842,5514.574842,5514.574842,5514.574842,5514.574842
7/2/2014,1638.153652,2614.361834,1814.436486,1800.12946,1846.560113,1814.436486,4394.340146,9373.372682,5087.874226,4409.663565,9789.945531,5087.874226,4622.961468,5769.708095,5087.874226,4781.323849,4525.904398,5087.874226,843.019811,838.1600515,0.001001968,0.001005531,0.001008742,0.001011081,2860.404472,2860.404472,2860.404472,5542.897021,5542.897021,5542.897021,5542.897021,5542.897021
7/3/2014,2360.823665,4743.43626,2677.40912,2530.868645,2614.361834,2677.40912,4569.146974,7815.620504,5340.731532,4528.545659,9373.372682,5340.731532,4674.825506,9789.945531,5340.731532,4083.518463,5769.708095,5340.731532,1413.076003,1404.308615,0.001001968,0.001005531,0.001008742,0.001011081,3076.014634,3076.014634,3076.014634,5848.139866,5848.139866,5848.139866,5848.139866,5848.139866
7/4/2014,4990.583908,6256.338981,5704.677724,4779.172671,4743.43626,5704.677724,8824.932545,7298.353627,10383.44355,8162.929253,7815.620504,10383.44355,8137.063178,9373.372682,10383.44355,5829.438021,9789.945531,10383.44355,2927.10238,2907.126204,0.001001968,0.001005531,0.001008742,0.001011081,3495.932737,3495.932737,3495.932737,6447.460761,6447.460761,6447.460761,6447.460761,6447.460761
7/5/2014,5847.622529,4713.839267,6748.097698,6324.73758,6256.338981,6748.097698,12159.35835,6734.579702,14536.71077,11988.28879,7298.353627,14536.71077,11930.49774,7815.620504,14536.71077,10958.53304,9373.372682,14536.71077,3718.514162,3692.379297,0.001001968,0.001005531,0.001008742,0.001011081,3359.439432,3359.439432,3359.439432,7123.970255,7123.970255,7123.970255,7123.970255,7123.970255
7/6/2014,3322.975046,1961.859615,3827.716184,4726.756044,4713.839267,3827.716184,7209.766789,7154.116426,8554.962991,8250.979023,6734.579702,8554.962991,8681.579331,7298.353627,8554.962991,9815.826234,7815.620504,8554.962991,2216.562174,2201.959904,0.001001968,0.001005531,0.001008742,0.001011081,3350.545215,3350.545215,3350.545215,7299.677433,7299.677433,7299.677433,7299.677433,7299.677433
7/7/2014,1493.321391,2200.447276,1584.836409,1953.213293,1961.859615,1584.836409,3147.710267,7894.084195,3482.782888,3541.569279,7154.116426,3482.782888,4584.095695,6734.579702,3482.782888,6556.243429,7298.353627,3482.782888,448.3750327,446.0311723,0.001001968,0.001005531,0.001008742,0.001011081,3383.725844,3383.725844,3383.725844,7204.354279,7204.354279,7204.354279,7204.354279,7204.354279
7/8/2014,1790.080064,2554.239928,1998.249932,2171.282552,2200.447276,1998.249932,3904.105616,6776.156333,4491.096554,4143.001239,7894.084195,4491.096554,4637.129078,7154.116426,4491.096554,5052.93062,6734.579702,4491.096554,981.054435,975.272304,0.001001968,0.001005531,0.001008742,0.001011081,3454.984148,3454.984148,3454.984148,7300.718056,7300.718056,7300.718056,7300.718056,7300.718056
7/9/2014,2290.931483,3262.156537,2569.883011,2543.721407,2554.239928,2569.883011,5725.262329,5625.809342,6638.5783,5777.054413,6776.156333,6638.5783,5914.783477,7894.084195,6638.5783,5814.764693,7154.116426,6638.5783,1253.245215,1245.597577,0.001001968,0.001005531,0.001008742,0.001011081,3537.043765,3537.043765,3537.043765,7468.523152,7468.523152,7468.523152,7468.523152,7468.523152
7/10/2014,3135.045467,3346.232967,3581.693078,3288.861685,3262.156537,3581.693078,7068.460703,4221.476154,8337.175446,6900.694945,5625.809342,8337.175446,7225.881003,6776.156333,8337.175446,6645.660269,7894.084195,8337.175446,1958.083374,1945.39064,0.001001968,0.001005531,0.001008742,0.001011081,3657.35804,3657.35804,3657.35804,7862.584928,7862.584928,7862.584928,7862.584928,7862.584928
7/11/2014,2811.069274,2204.182331,3248.928609,3359.807353,3346.232967,3248.928609,7116.578224,6797.648241,8461.951673,7332.09156,4221.476154,8461.951673,7556.338317,5625.809342,8461.951673,7780.610876,6776.156333,8461.951673,1948.163156,1935.543153,0.001001968,0.001005531,0.001008742,0.001011081,3527.237278,3527.237278,3527.237278,8043.505589,8043.505589,8043.505589,8043.505589,8043.505589
7/12/2014,1771.108734,1721.335968,1998.027227,2204.043183,2204.182331,1998.027227,4563.716259,6033.497716,5314.670044,4821.955893,6797.648241,5314.670044,5249.534371,4221.476154,5314.670044,6188.225217,5625.809342,5314.670044,1073.86824,1067.45644,0.001001968,0.001005531,0.001008742,0.001011081,3088.179268,3088.179268,3088.179268,7430.151971,7430.151971,7430.151971,7430.151971,7430.151971
7/13/2014,1422.589437,1526.084867,1583.277678,1675.283351,1721.335968,1583.277678,3319.246191,6838.728244,3813.168607,3454.613874,6033.497716,3813.168607,3811.241597,6797.648241,3813.168607,4460.435204,4221.476154,3813.168607,783.0769476,778.6119069,0.001001968,0.001005531,0.001008742,0.001011081,2685.909748,2685.909748,2685.909748,6717.228964,6717.228964,6717.228964,6717.228964,6717.228964
7/14/2014,2624.224014,4432.782657,2742.71927,1529.288416,1526.084867,2742.71927,4167.728811,7518.249424,4522.391587,3001.949897,6838.728244,4522.391587,3001.924517,6033.497716,4522.391587,3417.788836,6797.648241,4522.391587,514.9466675,512.1941685,0.001001968,0.001005531,0.001008742,0.001011081,2478.694285,2478.694285,2478.694285,6095.576059,6095.576059,6095.576059,6095.576059,6095.576059
7/15/2014,4329.075424,4689.097239,4840.081712,4412.144391,4432.782657,4840.081712,8416.706426,7082.868905,9834.485629,8125.444118,7518.249424,9834.485629,7385.807856,6838.728244,9834.485629,5658.729486,6033.497716,9834.485629,2244.053185,2229.246257,0.001001968,0.001005531,0.001008742,0.001011081,2588.912057,2588.912057,2588.912057,6180.306825,6180.306825,6180.306825,6180.306825,6180.306825
7/16/2014,3658.377471,2568.344024,4105.163646,4697.259083,4689.097239,4105.163646,7650.05892,5845.723689,8920.975249,8378.192265,7082.868905,8920.975249,8116.589276,7518.249424,8920.975249,7185.356821,6838.728244,8920.975249,1903.576402,1891.282755,0.001001968,0.001005531,0.001008742,0.001011081,2816.064785,2816.064785,2816.064785,6436.835347,6436.835347,6436.835347,6436.835347,6436.835347
7/17/2014,2715.828408,3653.971224,2835.016504,2606.455642,2568.344024,2835.016504,5740.315764,5552.932489,6371.17559,5522.129341,5845.723689,6371.17559,6297.352936,7082.868905,6371.17559,7352.436963,7518.249424,6371.17559,556.5236974,553.5121958,0.001001968,0.001005531,0.001008742,0.001011081,2826.481052,2826.481052,2826.481052,6661.164722,6661.164722,6661.164722,6661.164722,6661.164722
7/18/2014,2766.878979,2037.427255,3108.546409,3655.565795,3653.971224,3108.546409,5357.731183,4658.479522,6244.056374,6004.632105,5552.932489,6244.056374,6205.045362,5845.723689,6244.056374,6082.136733,7082.868905,6244.056374,1560.16467,1550.353129,0.001001968,0.001005531,0.001008742,0.001011081,2872.385299,2872.385299,2872.385299,6561.964259,6561.964259,6561.964259,6561.964259,6561.964259
7/19/2014,1577.225243,1681.58025,1682.768353,2036.64215,2037.427255,1682.768353,4693.177273,4113.991409,5340.582638,5042.434219,4658.479522,5340.582638,5652.561501,5552.932489,5340.582638,6726.130708,5845.723689,5340.582638,525.028615,522.2135652,0.001001968,0.001005531,0.001008742,0.001011081,2893.358681,2893.358681,2893.358681,6499.442192,6499.442192,6499.442192,6499.442192,6499.442192
7/20/2014,1447.093083,1675.621447,1554.181679,1681.304987,1681.58025,1554.181679,3343.63538,3870.583037,3765.545737,3491.869188,4113.991409,3765.545737,3923.615121,4658.479522,3765.545737,4556.108994,5552.932489,3765.545737,535.287002,532.4081374,0.001001968,0.001005531,0.001008742,0.001011081,2912.596559,2912.596559,2912.596559,6493.681045,6493.681045,6493.681045,6493.681045,6493.681045
7/21/2014,1468.844425,1586.542741,1603.432339,1675.638958,1675.621447,1603.432339,3917.297317,4103.974732,4488.011858,4008.334666,3870.583037,4488.011858,4223.373659,4113.991409,4488.011858,4547.578188,4658.479522,4488.011858,666.1708848,662.4641071,0.001001968,0.001005531,0.001008742,0.001011081,2959.176826,2959.176826,2959.176826,6605.661256,6605.661256,6605.661256,6605.661256,6605.661256
7/22/2014,1397.608615,1513.547145,1531.809041,1586.376519,1586.542741,1531.809041,3568.223689,3861.860963,4089.766332,3646.341161,4103.974732,4089.766332,3820.568871,3870.583037,4089.766332,4031.313954,4113.991409,4089.766332,666.9086537,663.1971426,0.001001968,0.001005531,0.001008742,0.001011081,2731.763341,2731.763341,2731.763341,6227.627314,6227.627314,6227.627314,6227.627314,6227.627314
7/23/2014,1334.936831,1285.389666,1466.527264,1510.614043,1513.547145,1466.527264,3264.192658,3744.682239,3738.217083,3335.433292,3861.860963,3738.217083,3488.964061,4103.974732,3738.217083,3641.006267,3870.583037,3738.217083,656.6334261,652.9877761,0.001001968,0.001005531,0.001008742,0.001011081,2375.56332,2375.56332,2375.56332,5718.665874,5718.665874,5718.665874,5718.665874,5718.665874
7/24/2014,1294.520988,1727.605867,1383.876701,1285.752968,1285.389666,1383.876701,3199.671969,4192.522099,3605.027987,3114.592764,3744.682239,3605.027987,3190.83529,3861.860963,3605.027987,3464.088181,4103.974732,3605.027987,456.1107905,453.7198557,0.001001968,0.001005531,0.001008742,0.001011081,2087.956942,2087.956942,2087.956942,5020.787729,5020.787729,5020.787729,5020.787729,5020.787729
7/25/2014,1651.376487,1861.299956,1812.153213,1729.736237,1727.605867,1812.153213,3769.336958,4032.89263,4323.832293,3721.048748,4192.522099,4323.832293,3721.998312,3744.682239,4323.832293,3515.503689,3861.860963,4323.832293,789.0164414,784.5124594,0.001001968,0.001005531,0.001008742,0.001011081,1809.851157,1809.851157,1809.851157,4568.559689,4568.559689,4568.559689,4568.559689,4568.559689
7/26/2014,1533.835727,1370.978565,1716.74194,1861.415331,1861.299956,1716.74194,3621.998951,3776.055491,4205.707603,3808.995079,4032.89263,4205.707603,3914.178506,4192.522099,4205.707603,3763.269689,3744.682239,4205.707603,893.1876527,887.994738,0.001001968,0.001005531,0.001008742,0.001011081,1696.8806,1696.8806,1696.8806,4225.893054,4225.893054,4225.893054,4225.893054,4225.893054
7/27/2014,1207.338128,1074.26024,1316.882799,1370.223721,1370.978565,1316.882799,3003.847058,3651.846409,3426.459603,3076.753485,3776.055491,3426.459603,3301.65686,4032.89263,3426.459603,3654.593545,4192.522099,3426.459603,559.0308358,556.0036295,0.001001968,0.001005531,0.001008742,0.001011081,1622.671245,1622.671245,1622.671245,4023.208477,4023.208477,4023.208477,4023.208477,4023.208477
7/28/2014,868.0371939,905.4182545,928.8370168,1073.726903,1074.26024,928.8370168,2911.775919,3409.210543,3306.794377,3052.831103,3651.846409,3306.794377,3130.047529,3776.055491,3306.794377,3551.982668,4032.89263,3306.794377,322.88473,321.2869997,0.001001968,0.001005531,0.001008742,0.001011081,1526.088237,1526.088237,1526.088237,3952.75132,3952.75132,3952.75132,3952.75132,3952.75132
7/29/2014,1064.879114,1811.678393,1117.549937,906.3859767,905.4182545,1117.549937,3221.857904,3681.69468,3627.935193,3000.85892,3409.210543,3627.935193,3131.174792,3651.846409,3627.935193,3297.448186,3776.055491,3627.935193,280.3532253,278.9996003,0.001001968,0.001005531,0.001008742,0.001011081,1434.234114,1434.234114,1434.234114,3910.613635,3910.613635,3910.613635,3910.613635,3910.613635
7/30/2014,1626.605842,1641.179101,1823.759225,1812.432314,1811.678393,1823.759225,3802.640497,3869.487059,4427.529073,3836.40679,3681.69468,4427.529073,3754.21359,3409.210543,4427.529073,3278.683033,3651.846409,4427.529073,957.1495433,951.5284039,0.001001968,0.001005531,0.001008742,0.001011081,1435.168563,1435.168563,1435.168563,3869.737724,3869.737724,3869.737724,3869.737724,3869.737724
7/31/2014,1364.663687,1268.533498,1531.57098,1638.772604,1641.179101,1531.57098,3541.788417,3431.882465,4123.637936,3681.63125,3869.487059,4123.637936,3839.375846,3681.69468,4123.637936,3802.34378,3409.210543,4123.637936,826.3168202,821.5674249,0.001001968,0.001005531,0.001008742,0.001011081,1485.733599,1485.733599,1485.733599,3871.654809,3871.654809,3871.654809,3871.654809,3871.654809
8/1/2014,1102.041655,1523.916801,1207.845088,1258.37531,1268.533498,1207.845088,2651.418769,3215.070896,3027.769893,2724.253042,3431.882465,3027.769893,2894.052736,3869.487059,3027.769893,3253.112581,3681.69468,3027.769893,542.9975392,540.0705989,0.001001968,0.001005531,0.001008742,0.001011081,1447.993981,1447.993981,1447.993981,3812.781883,3812.781883,3812.781883,3812.781883,3812.781883
8/2/2014,1326.139327,1598.227148,1486.775343,1529.759907,1523.916801,1486.775343,3005.893926,2876.392966,3486.075496,3090.676928,3215.070896,3486.075496,3197.909667,3431.882465,3486.075496,3081.043779,3869.487059,3486.075496,789.5846133,785.0769042,0.001001968,0.001005531,0.001008742,0.001011081,1404.24994,1404.24994,1404.24994,3761.751353,3761.751353,3761.751353,3761.751353,3761.751353
8/3/2014,1405.410435,1081.858586,1582.869368,1604.600737,1598.227148,1582.869368,3503.55707,2797.344522,4086.375066,3564.73977,2876.392966,4086.375066,3684.466727,3215.070896,4086.375066,3661.775227,3431.882465,4086.375066,863.6565536,858.6600489,0.001001968,0.001005531,0.001008742,0.001011081,1414.389829,1414.389829,1414.389829,3749.679945,3749.679945,3749.679945,3749.679945,3749.679945
8/4/2014,1003.440801,1148.984871,1099.53076,1082.2949,1081.858586,1099.53076,2623.18337,2867.955726,3000.296142,2621.956962,2797.344522,3000.296142,2832.657053,2876.392966,3000.296142,3242.019596,3215.070896,3000.296142,500.0527687,497.3923663,0.001001968,0.001005531,0.001008742,0.001011081,1428.388643,1428.388643,1428.388643,3659.453965,3659.453965,3659.453965,3659.453965,3659.453965
8/5/2014,970.572995,1099.159913,1071.934196,1110.690828,1148.984871,1071.934196,2333.543087,2765.800482,2673.877859,2395.15744,2867.955726,2673.877859,2464.414321,2797.344522,2673.877859,2627.892764,2876.392966,2673.877859,526.6825651,523.8572379,0.001001968,0.001005531,0.001008742,0.001011081,1439.216363,1439.216363,1439.216363,3550.97438,3550.97438,3550.97438,3550.97438,3550.97438
8/6/2014,1048.302627,1153.916682,1150.895294,1107.480183,1099.159913,1150.895294,2436.682326,2701.541176,2782.975482,2417.096736,2765.800482,2782.975482,2525.821795,2867.955726,2782.975482,2523.123675,2797.344522,2782.975482,523.8768209,521.0689255,0.001001968,0.001005531,0.001008742,0.001011081,1376.938827,1376.938827,1376.938827,3434.222045,3434.222045,3434.222045,3434.222045,3434.222045
8/7/2014,1030.266258,1001.358533,1141.959535,1180.592364,1153.916682,1141.959535,2456.449087,2587.729408,2823.687945,2521.242466,2701.541176,2823.687945,2564.158248,2765.800482,2823.687945,2602.103817,2867.955726,2823.687945,569.5441357,566.4509699,0.001001968,0.001005531,0.001008742,0.001011081,1301.03293,1301.03293,1301.03293,3298.032764,3298.032764,3298.032764,3298.032764,3298.032764
8/8/2014,880.7276891,953.340749,969.9663546,1002.931747,1001.358533,969.9663546,2342.204574,2676.558446,2684.050732,2390.673464,2587.729408,2684.050732,2499.196823,2701.541176,2684.050732,2627.237717,2765.800482,2684.050732,470.5834807,468.1041765,0.001001968,0.001005531,0.001008742,0.001011081,1257.719233,1257.719233,1257.719233,3188.475419,3188.475419,3188.475419,3188.475419,3188.475419
8/9/2014,841.774734,907.1681961,928.8878818,953.4756932,953.340749,928.8878818,2219.416782,3424.002971,2543.648792,2260.15362,2676.558446,2543.648792,2355.829485,2587.729408,2543.648792,2451.937489,2701.541176,2543.648792,461.4542758,459.0307589,0.001001968,0.001005531,0.001008742,0.001011081,1182.821993,1182.821993,1182.821993,3069.496392,3069.496392,3069.496392,3069.496392,3069.496392
8/10/2014,809.4267975,879.4421966,893.0441557,907.3449607,907.1681961,893.0441557,2206.169462,4626.896753,2529.917428,2234.527125,3424.002971,2529.917428,2317.100542,2676.558446,2529.917428,2412.342585,2587.729408,2529.917428,445.220967,442.8962675,0.001001968,0.001005531,0.001008742,0.001011081,1088.392584,1088.392584,1088.392584,2900.331935,2900.331935,2900.331935,2900.331935,2900.331935
8/11/2014,786.5016087,922.4651042,868.2763887,879.6212621,879.4421966,868.2763887,2139.184701,3435.348821,2452.936787,2164.569731,4626.896753,2452.936787,2235.942845,3424.002971,2452.936787,2308.201605,2676.558446,2452.936787,436.9318285,434.6573942,0.001001968,0.001005531,0.001008742,0.001011081,1040.515045,1040.515045,1040.515045,2768.463421,2768.463421,2768.463421,2768.463421,2768.463421
8/12/2014,778.2720449,1274.163059,859.294597,866.9052931,922.4651042,859.294597,2325.537151,3375.172637,2664.657251,2345.491287,3435.348821,2664.657251,2404.924726,4626.896753,2664.657251,2393.660702,3424.002971,2664.657251,433.4129704,431.159834,0.001001968,0.001005531,0.001008742,0.001011081,1007.291261,1007.291261,1007.291261,2714.059202,2714.059202,2714.059202,2714.059202,2714.059202
8/13/2014,1279.705058,1811.714483,1408.049189,1262.447063,1274.163059,1408.049189,3693.832214,3294.734186,4249.724868,3578.334569,3375.172637,4249.724868,3532.056471,3435.348821,4249.724868,3103.925585,4626.896753,4249.724868,630.6391471,627.1594959,0.001001968,0.001005531,0.001008742,0.001011081,1003.750982,1003.750982,1003.750982,2826.31355,2826.31355,2826.31355,2826.31355,2826.31355
8/14/2014,1567.608109,1251.681107,1765.545405,1829.677144,1811.714483,1765.545405,4730.917601,2915.743359,5539.230192,4824.293014,3294.734186,5539.230192,4690.650156,3375.172637,5539.230192,4527.647367,3435.348821,5539.230192,934.4447886,928.9760874,0.001001968,0.001005531,0.001008742,0.001011081,1065.87228,1065.87228,1065.87228,3122.299994,3122.299994,3122.299994,3122.299994,3122.299994
8/15/2014,1135.302994,1111.981099,1257.598807,1276.286565,1251.681107,1257.598807,2885.642471,2602.697878,3319.040931,2930.805757,2915.743359,3319.040931,3218.303654,3294.734186,3319.040931,3387.397331,3375.172637,3319.040931,607.8606019,604.5256644,0.001001968,0.001005531,0.001008742,0.001011081,1127.278683,1127.278683,1127.278683,3260.558073,3260.558073,3260.558073,3260.558073,3260.558073
8/16/2014,971.5999772,850.221886,1082.657213,1123.627367,1111.981099,1082.657213,2456.235563,2404.260411,2828.883879,2522.661459,2602.697878,2828.883879,2687.348707,2915.743359,2828.883879,3009.312636,3294.734186,2828.883879,567.2511767,564.1724109,0.001001968,0.001005531,0.001008742,0.001011081,1158.508602,1158.508602,1158.508602,3350.358418,3350.358418,3350.358418,3350.358418,3350.358418
8/17/2014,745.6708666,781.3712617,819.9970646,850.3649199,850.221886,819.9970646,2296.870866,2200.491168,2627.927277,2336.713542,2404.260411,2627.927277,2470.772608,2602.697878,2627.927277,2763.28777,2915.743359,2627.927277,397.9854194,395.9453173,0.001001968,0.001005531,0.001008742,0.001011081,1159.234398,1159.234398,1159.234398,3399.385894,3399.385894,3399.385894,3399.385894,3399.385894
8/18/2014,707.182294,800.8617279,775.7185581,781.1750345,781.3712617,775.7185581,2166.649326,3215.784577,2474.793867,2180.333154,2200.491168,2474.793867,2260.055931,2404.260411,2474.793867,2428.519342,2602.697878,2474.793867,370.663712,368.7860769,0.001001968,0.001005531,0.001008742,0.001011081,1148.369286,1148.369286,1148.369286,3428.208664,3428.208664,3428.208664,3428.208664,3428.208664
8/19/2014,720.9898743,818.7677511,795.8509615,800.7096283,800.8617279,795.8509615,2113.552672,5502.542927,2421.065638,2129.590616,3215.784577,2421.065638,2187.289808,2200.491168,2421.065638,2246.817635,2404.260411,2421.065638,402.7325239,400.6640273,0.001001968,0.001005531,0.001008742,0.001011081,1139.447295,1139.447295,1139.447295,3397.187484,3397.187484,3397.187484,3397.187484,3397.187484
8/20/2014,688.5068119,1254.216595,759.3234995,770.7583842,818.7677511,759.3234995,2023.239344,5359.603179,2315.615065,2045.510316,5502.542927,2315.615065,2098.161446,3215.784577,2315.615065,2166.57525,2200.491168,2315.615065,383.5528224,381.5987494,0.001001968,0.001005531,0.001008742,0.001011081,1090.890431,1090.890431,1090.890431,3225.005737,3225.005737,3225.005737,3225.005737,3225.005737
8/21/2014,812.0109201,2524.938688,898.916804,893.546285,1254.216595,898.916804,2019.046933,4315.034513,2306.061424,2035.766637,5359.603179,2306.061424,2085.595879,5502.542927,2306.061424,2006.36044,3215.784577,2306.061424,448.5267048,446.1819225,0.001001968,0.001005531,0.001008742,0.001011081,991.482483,991.482483,991.482483,2848.018135,2848.018135,2848.018135,2848.018135,2848.018135
8/22/2014,2539.395458,2775.326922,2948.110095,2708.061221,2524.938688,2948.110095,4963.170464,3514.576435,5880.222082,4877.397914,4315.034513,5880.222082,5050.414124,5359.603179,5880.222082,3346.855128,5502.542927,5880.222082,1725.812075,1714.81053,0.001001968,0.001005531,0.001008742,0.001011081,1142.203764,1142.203764,1142.203764,2834.052181,2834.052181,2834.052181,2834.052181,2834.052181
8/23/2014,2402.603543,1173.485697,2801.653092,2886.450266,2775.326922,2801.653092,6096.71817,2778.086268,7279.004713,6288.514521,3514.576435,7279.004713,6248.955351,4315.034513,7279.004713,6309.07531,5359.603179,7279.004713,1746.936681,1735.782375,0.001001968,0.001005531,0.001008742,0.001011081,1333.037011,1333.037011,1333.037011,3207.627536,3207.627536,3207.627536,3207.627536,3207.627536
8/24/2014,1050.168667,1080.928029,1157.017507,1197.985382,1173.485697,1157.017507,3369.916628,2511.284431,3876.190808,3423.471447,2778.086268,3876.190808,3830.994867,3514.576435,3876.190808,4916.297104,4315.034513,3876.190808,528.2817371,525.4464688,0.001001968,0.001005531,0.001008742,0.001011081,1419.978076,1419.978076,1419.978076,3584.928473,3584.928473,3584.928473,3584.928473,3584.928473
8/25/2014,937.1513048,812.744163,1041.689565,1090.885065,1080.928029,1041.689565,2349.042863,2309.740954,2695.052096,2424.201231,2511.284431,2695.052096,2578.503165,2778.086268,2695.052096,3059.032301,3514.576435,2695.052096,528.3086514,525.4732157,0.001001968,0.001005531,0.001008742,0.001011081,1470.061708,1470.061708,1470.061708,3784.818408,3784.818408,3784.818408,3784.818408,3784.818408
8/26/2014,703.7893725,733.6272607,775.816756,815.5878102,812.744163,775.816756,2305.238946,2197.246573,2641.943478,2352.452178,2309.740954,2641.943478,2504.15834,2511.284431,2641.943478,2805.029206,2778.086268,2641.943478,379.5760917,377.6456424,0.001001968,0.001005531,0.001008742,0.001011081,1486.891737,1486.891737,1486.891737,3861.219785,3861.219785,3861.219785,3861.219785,3861.219785
8/27/2014,657.391814,723.6656424,724.6354732,735.4298035,733.6272607,724.6354732,2006.955411,2134.425385,2293.867927,2028.069103,2197.246573,2293.867927,2120.942728,2309.740954,2293.867927,2304.554102,2511.284431,2293.867927,358.4679549,356.6622944,0.001001968,0.001005531,0.001008742,0.001011081,1488.318521,1488.318521,1488.318521,3889.229081,3889.229081,3889.229081,3889.229081,3889.229081
8/28/2014,651.2962398,705.243982,720.000187,724.8872746,723.6656424,720.000187,1993.21262,2173.343353,2281.79039,2008.817713,2134.425385,2281.79039,2064.951049,2197.246573,2281.79039,2148.789,2309.740954,2281.79039,367.3024839,365.44472,0.001001968,0.001005531,0.001008742,0.001011081,1468.040865,1468.040865,1468.040865,3903.345652,3903.345652,3903.345652,3903.345652,3903.345652
8/29/2014,634.8700643,686.887201,701.9420851,706.0747931,705.243982,701.9420851,1926.541415,2222.243299,2204.904208,1941.273996,2173.343353,2204.904208,1989.987306,2134.425385,2204.904208,2054.82176,2197.246573,2204.904208,360.4421624,358.6248746,0.001001968,0.001005531,0.001008742,0.001011081,1207.825344,1207.825344,1207.825344,3692.781298,3692.781298,3692.781298,3692.781298,3692.781298
8/30/2014,618.2473547,670.578624,683.4770554,687.4502555,686.887201,683.4770554,1855.864521,2005.382126,2122.215392,1870.486383,2222.243299,2122.215392,1917.734209,2173.343353,2122.215392,1969.221524,2134.425385,2122.215392,352.3205271,350.5510129,0.001001968,0.001005531,0.001008742,0.001011081,943.6926342,943.6926342,943.6926342,3148.782545,3148.782545,3148.782545,3148.782545,3148.782545
8/31/2014,602.4655636,634.5433306,665.9475642,669.7967377,670.578624,665.9475642,1815.492662,1974.84315,2075.192885,1829.575825,2005.382126,2075.192885,1875.411172,2222.243299,2075.192885,1921.959911,2173.343353,2075.192885,344.50891,342.7851954,0.001001968,0.001005531,0.001008742,0.001011081,819.1795942,819.1795942,819.1795942,2651.660567,2651.660567,2651.660567,2651.660567,2651.660567
9/1/2014,582.7310288,647.4955238,640.9098137,635.4540681,634.5433306,640.9098137,1851.474876,2064.013759,2114.105102,1852.969161,1974.84315,2114.105102,1891.880029,2005.382126,2114.105102,1955.177783,2222.243299,2114.105102,318.3089157,316.7376891,0.001001968,0.001005531,0.001008742,0.001011081,743.694757,743.694757,743.694757,2371.939011,2371.939011,2371.939011,2371.939011,2371.939011
9/2/2014,593.4306152,616.2379275,653.0324725,643.3840474,647.4955238,653.0324725,1918.745836,2067.650431,2194.548596,1915.348565,2064.013759,2194.548596,1944.820959,1974.84315,2194.548596,1977.319568,2005.382126,2194.548596,326.4349413,324.8166098,0.001001968,0.001005531,0.001008742,0.001011081,702.4771925,702.4771925,702.4771925,2259.866549,2259.866549,2259.866549,2259.866549,2259.866549
9/3/2014,581.285225,701.64416,632.0211004,617.2309888,616.2379275,632.0211004,1762.048234,2427.379955,1996.823299,1753.212567,2067.650431,1996.823299,1762.584451,2064.013759,1996.823299,1822.756662,1974.84315,1996.823299,280.370861,279.0171359,0.001001968,0.001005531,0.001008742,0.001011081,675.4829664,675.4829664,675.4829664,2183.699432,2183.699432,2183.699432,2183.699432,2183.699432
9/4/2014,675.0439467,802.6614489,739.6810596,705.3382021,701.64416,739.6810596,1814.892588,2884.921218,2063.957257,1792.31177,2427.379955,2063.957257,1813.215466,2067.650431,2063.957257,1763.194688,2064.013759,2063.957257,350.9085573,349.1473325,0.001001968,0.001005531,0.001008742,0.001011081,667.5742673,667.5742673,667.5742673,2136.656651,2136.656651,2136.656651,2136.656651,2136.656651
9/5/2014,692.6540802,645.9805836,774.9166872,802.9764701,802.6614489,774.9166872,1927.897564,2217.380775,2222.019575,1972.381598,2884.921218,2222.019575,2015.621226,2427.379955,2222.019575,1941.190987,2067.650431,2222.019575,440.3625998,438.0673774,0.001001968,0.001005531,0.001008742,0.001011081,677.9759924,677.9759924,677.9759924,2117.503048,2117.503048,2117.503048,2117.503048,2117.503048
9/6/2014,558.1873802,653.3703341,615.1746851,643.8461536,645.9805836,615.1746851,1746.834569,1980.955204,1994.494589,1782.79094,2217.380775,1994.494589,1847.903196,2884.921218,1994.494589,1984.879012,2427.379955,1994.494589,315.9613432,314.4036922,0.001001968,0.001005531,0.001008742,0.001011081,675.2241026,675.2241026,675.2241026,2109.080479,2109.080479,2109.080479,2109.080479,2109.080479
9/7/2014,595.6180288,673.4189923,657.4970992,654.1428247,653.3703341,657.4970992,2057.649928,1892.871086,2358.466027,2060.749044,1980.955204,2358.466027,2111.055845,2217.380775,2358.466027,2090.145966,2884.921218,2358.466027,339.4261951,337.7321996,0.001001968,0.001005531,0.001008742,0.001011081,673.8988841,673.8988841,673.8988841,2154.565904,2154.565904,2154.565904,2154.565904,2154.565904
9/8/2014,601.4079517,568.288745,665.0238868,674.9459587,673.4189923,665.0238868,2489.274164,1805.958149,2873.714075,2494.697208,1892.871086,2873.714075,2501.716243,1980.955204,2873.714075,2614.936258,2217.380775,2873.714075,347.8432995,346.1000536,0.001001968,0.001005531,0.001008742,0.001011081,676.3156901,676.3156901,676.3156901,2252.845178,2252.845178,2252.845178,2252.845178,2252.845178
9/9/2014,509.6456993,552.4171628,560.5161899,568.4652715,568.288745,560.5161899,1787.881027,1740.637393,2043.979897,1798.664229,1805.958149,2043.979897,1864.789518,1892.871086,2043.979897,1947.700237,1980.955204,2043.979897,286.246131,284.8589949,0.001001968,0.001005531,0.001008742,0.001011081,671.8434165,671.8434165,671.8434165,2252.009518,2252.009518,2252.009518,2252.009518,2252.009518
9/10/2014,497.4505064,543.3481528,547.8307507,552.4278947,552.4171628,547.8307507,1628.509617,1915.13405,1856.842607,1638.404115,1740.637393,1856.842607,1678.462197,1805.958149,1856.842607,1752.207918,1892.871086,1856.842607,284.4017195,283.0250832,0.001001968,0.001005531,0.001008742,0.001011081,666.6826843,666.6826843,666.6826843,2243.527126,2243.527126,2243.527126,2243.527126,2243.527126
9/11/2014,492.411507,541.8960186,541.7160888,542.7050692,543.3481528,541.7160888,1597.221005,2257.13649,1819.052924,1603.664143,1915.13405,1819.052924,1633.933954,1740.637393,1819.052924,1673.310188,1805.958149,1819.052924,279.0575404,277.7112694,0.001001968,0.001005531,0.001008742,0.001011081,646.6882551,646.6882551,646.6882551,2220.822263,2220.822263,2220.822263,2220.822263,2220.822263
9/12/2014,489.9267504,517.547506,539.0892619,542.1928889,541.8960186,539.0892619,1561.424353,2004.42353,1777.572894,1570.453737,2257.13649,1777.572894,1597.188148,1915.13405,1777.572894,1625.919148,1740.637393,1777.572894,278.2770742,276.9352306,0.001001968,0.001005531,0.001008742,0.001011081,611.4093793,611.4093793,611.4093793,2178.247179,2178.247179,2178.247179,2178.247179,2178.247179
9/13/2014,464.663335,571.7929716,511.050407,514.4274085,517.547506,511.050407,1501.502877,1986.333119,1706.828732,1510.379828,2004.42353,1706.828732,1549.393201,2257.13649,1706.828732,1578.394849,1915.13405,1706.828732,265.0090926,263.7422238,0.001001968,0.001005531,0.001008742,0.001011081,590.0813841,590.0813841,590.0813841,2127.951002,2127.951002,2127.951002,2127.951002,2127.951002
9/14/2014,524.1302198,628.7560405,575.5648899,572.9896821,571.7929716,575.5648899,1752.528747,1873.44139,1998.015439,1756.119423,1986.333119,1998.015439,1751.469358,2004.42353,1998.015439,1720.921082,2257.13649,1998.015439,287.6207341,286.2257661,0.001001968,0.001005531,0.001008742,0.001011081,571.6319484,571.6319484,571.6319484,2055.825192,2055.825192,2055.825192,2055.825192,2055.825192
9/15/2014,585.7536543,520.3086668,643.2384668,631.0017703,628.7560405,643.2384668,2070.306166,1734.280357,2372.995158,2059.31449,1873.44139,2372.995158,2053.693206,1986.333119,2372.995158,2069.474169,2004.42353,2372.995158,317.0345387,315.4706834,0.001001968,0.001005531,0.001008742,0.001011081,562.990046,562.990046,562.990046,1975.784155,1975.784155,1975.784155,1975.784155,1975.784155
9/16/2014,464.8031761,497.7403601,510.2232549,520.2569851,520.3086668,510.2232549,1696.297835,1654.120451,1935.577718,1707.798581,1734.280357,1935.577718,1779.276175,1873.44139,1935.577718,1832.017719,1986.333119,1935.577718,260.6069916,259.3648745,0.001001968,0.001005531,0.001008742,0.001011081,557.4000358,557.4000358,557.4000358,1955.057544,1955.057544,1955.057544,1955.057544,1955.057544
9/17/2014,458.4703568,512.0257671,502.3530674,498.1141151,497.7403601,502.3530674,1649.21448,1608.890822,1879.663159,1646.166922,1654.120451,1879.663159,1679.250694,1734.280357,1879.663159,1774.246689,1873.44139,1879.663159,253.0766261,251.8767025,0.001001968,0.001005531,0.001008742,0.001011081,549.7346304,549.7346304,549.7346304,1957.192311,1957.192311,1957.192311,1957.192311,1957.192311
9/18/2014,460.0518474,475.0935123,507.7690846,512.4475385,512.0257671,507.7690846,1571.531257,1556.993851,1793.546252,1580.238202,1608.890822,1793.546252,1610.685937,1654.120451,1793.546252,1631.27371,1734.280357,1793.546252,273.9575662,272.6401918,0.001001968,0.001005531,0.001008742,0.001011081,545.6036078,545.6036078,545.6036078,1952.748381,1952.748381,1952.748381,1952.748381,1952.748381
9/19/2014,423.2240576,444.8551984,465.3393035,475.2461411,475.0935123,465.3393035,1476.345988,1595.223177,1679.910913,1489.045984,1556.993851,1679.910913,1517.177009,1608.890822,1679.910913,1576.053501,1654.120451,1679.910913,245.280487,244.1240448,0.001001968,0.001005531,0.001008742,0.001011081,537.1258663,537.1258663,537.1258663,1941.21725,1941.21725,1941.21725,1941.21725,1941.21725
9/20/2014,401.9478777,436.0158849,440.6996618,445.0053154,444.8551984,440.6996618,1384.458348,1550.23134,1571.231595,1391.466534,1595.223177,1571.231595,1422.61218,1556.993851,1571.231595,1469.738717,1608.890822,1571.231595,227.9213958,226.8610014,0.001001968,0.001005531,0.001008742,0.001011081,527.0093802,527.0093802,527.0093802,1925.874546,1925.874546,1925.874546,1925.874546,1925.874546
9/21/2014,394.6319639,435.2247245,432.9750009,436.0568662,436.0158849,432.9750009,1368.472325,1579.526362,1554.537798,1374.167408,1550.23134,1554.537798,1399.426982,1595.223177,1554.537798,1434.831176,1556.993851,1554.537798,226.1045532,225.0541476,0.001001968,0.001005531,0.001008742,0.001011081,513.0732691,513.0732691,513.0732691,1877.734422,1877.734422,1877.734422,1877.734422,1877.734422
9/22/2014,398.4630153,456.1814925,435.6866179,435.4513148,435.2247245,435.6866179,1373.933002,1721.818975,1556.890328,1376.969222,1579.526362,1556.890328,1390.101252,1550.23134,1556.890328,1398.514599,1595.223177,1556.890328,219.665639,218.6505333,0.001001968,0.001005531,0.001008742,0.001011081,488.5815623,488.5815623,488.5815623,1771.94853,1771.94853,1771.94853,1771.94853,1771.94853
9/23/2014,415.9572611,417.4222892,455.7714152,456.4229585,456.1814925,455.7714152,1415.948594,1666.308108,1609.216839,1419.425347,1721.818975,1609.216839,1430.563554,1579.526362,1609.216839,1453.485203,1550.23134,1609.216839,233.0213824,231.932883,0.001001968,0.001005531,0.001008742,0.001011081,470.9269242,470.9269242,470.9269242,1706.302652,1706.302652,1706.302652,1706.302652,1706.302652
9/24/2014,376.4698889,400.6215449,413.0165779,417.613861,417.4222892,413.0165779,1329.72654,1479.84734,1509.218486,1336.478145,1666.308108,1509.218486,1376.492574,1721.818975,1509.218486,1405.241131,1579.526362,1509.218486,217.4300433,216.4271564,0.001001968,0.001005531,0.001008742,0.001011081,460.5663195,460.5663195,460.5663195,1649.092926,1649.092926,1649.092926,1649.092926,1649.092926
9/25/2014,361.1169824,385.3092856,396.0947095,400.8173599,400.6215449,396.0947095,1339.674673,1414.183657,1522.753465,1345.321041,1479.84734,1522.753465,1368.910346,1666.308108,1522.753465,1421.341558,1721.818975,1522.753465,209.4681811,208.5086495,0.001001968,0.001005531,0.001008742,0.001011081,445.0261632,445.0261632,445.0261632,1614.635935,1614.635935,1614.635935,1614.635935,1614.635935
9/26/2014,349.1954995,376.3418973,382.6305746,385.5164017,385.3092856,382.6305746,1456.521509,1381.626958,1661.19689,1457.148595,1414.183657,1661.19689,1474.629031,1479.84734,1661.19689,1515.300366,1666.308108,1661.19689,201.4904077,200.5740593,0.001001968,0.001005531,0.001008742,0.001011081,432.0797664,432.0797664,432.0797664,1611.43634,1611.43634,1611.43634,1611.43634,1611.43634
9/27/2014,341.4095136,367.2467353,374.1184788,376.5634079,376.3418973,374.1184788,1428.262288,1363.81663,1626.263244,1428.429837,1381.626958,1626.263244,1443.568622,1414.183657,1626.263244,1479.01412,1479.84734,1626.263244,197.8733116,196.9764543,0.001001968,0.001005531,0.001008742,0.001011081,421.2244803,421.2244803,421.2244803,1613.213204,1613.213204,1613.213204,1613.213204,1613.213204
9/28/2014,333.273812,358.1691084,365.1461708,367.4826345,367.2467353,365.1461708,1276.100057,1338.312835,1446.75936,1278.49747,1363.81663,1446.75936,1295.747213,1381.626958,1446.75936,1326.391286,1414.183657,1446.75936,193.6417724,192.7676455,0.001001968,0.001005531,0.001008742,0.001011081,411.0920039,411.0920039,411.0920039,1596.098949,1596.098949,1596.098949,1596.098949,1596.098949
9/29/2014,325.1373639,349.2685381,356.1516858,358.4166319,358.1691084,356.1516858,1221.474181,1327.73298,1384.926115,1224.27665,1338.312835,1384.926115,1241.660272,1363.81663,1384.926115,1269.369901,1381.626958,1384.926115,189.2746117,188.4238612,0.001001968,0.001005531,0.001008742,0.001011081,401.5226257,401.5226257,401.5226257,1575.789872,1575.789872,1575.789872,1575.789872,1575.789872
9/30/2014,317.1572524,338.8535607,347.3281972,349.5263117,349.2685381,347.3281972,1196.099168,1543.495961,1355.955367,1198.794297,1327.73298,1355.955367,1215.748442,1338.312835,1355.955367,1241.490512,1363.81663,1355.955367,184.9663573,184.1385837,0.001001968,0.001005531,0.001008742,0.001011081,387.9813621,387.9813621,387.9813621,1543.643137,1543.643137,1543.643137,1543.643137,1543.643137
10/1/2014,307.0011244,330.0555964,335.9667206,338.738223,338.8535607,335.9667206,1179.98724,2038.174688,1337.199744,1182.852543,1543.495961,1337.199744,1198.607243,1327.73298,1337.199744,1226.23105,1338.312835,1337.199744,178.6535459,177.8592848,0.001001968,0.001005531,0.001008742,0.001011081,374.0849414,374.0849414,374.0849414,1514.589741,1514.589741,1514.589741,1514.589741,1514.589741
10/2/2014,301.2642601,330.0633033,329.5234391,330.4988658,330.0555964,329.5234391,1159.907763,1775.808187,1313.716213,1160.930357,2038.174688,1313.716213,1176.835777,1543.495961,1313.716213,1201.448147,1327.73298,1313.716213,174.9372609,174.1626399,0.001001968,0.001005531,0.001008742,0.001011081,363.4729554,363.4729554,363.4729554,1481.496155,1481.496155,1481.496155,1481.496155,1481.496155
10/3/2014,298.382836,402.3871342,326.8265128,328.4669692,330.0633033,326.8265128,1155.309995,1615.151535,1309.532184,1157.020828,1775.808187,1309.532184,1171.365256,2038.174688,1309.532184,1193.258704,1543.495961,1309.532184,176.2770133,175.4953195,0.001001968,0.001005531,0.001008742,0.001011081,354.7260366,354.7260366,354.7260366,1428.448188,1428.448188,1428.448188,1428.448188,1428.448188
10/4/2014,380.5792208,510.3013677,415.9841366,388.2802622,402.3871342,415.9841366,1487.278203,1702.192798,1692.57825,1460.82165,1615.151535,1692.57825,1456.386999,1775.808187,1692.57825,1379.574199,2038.174688,1692.57825,211.9721059,210.9989669,0.001001968,0.001005531,0.001008742,0.001011081,352.495892,352.495892,352.495892,1414.576604,1414.576604,1414.576604,1414.576604,1414.576604
10/5/2014,449.4055649,372.29929,493.6503343,517.9818133,510.3013677,493.6503343,1933.864576,2078.082292,2219.510774,1953.693375,1702.192798,2219.510774,1887.923169,1615.151535,2219.510774,1892.567712,1775.808187,2219.510774,250.8003903,249.6131834,0.001001968,0.001005531,0.001008742,0.001011081,362.4310249,362.4310249,362.4310249,1504.077699,1504.077699,1504.077699,1504.077699,1504.077699
10/6/2014,408.4506664,517.1107874,437.2167391,377.5403254,372.29929,437.2167391,1583.770063,1682.607173,1790.578596,1519.051784,2078.082292,1790.578596,1577.150951,1702.192798,1790.578596,1616.525512,1615.151535,1790.578596,173.0549727,172.2902738,0.001001968,0.001005531,0.001008742,0.001011081,372.3309909,372.3309909,372.3309909,1572.501469,1572.501469,1572.501469,1572.501469,1572.501469
10/7/2014,438.3768244,453.6539221,484.8944333,496.8387523,517.1107874,484.8944333,1450.489136,1660.540448,1653.546864,1467.349357,1682.607173,1653.546864,1467.201779,2078.082292,1653.546864,1446.599643,1702.192798,1653.546864,271.2072298,269.9054054,0.001001968,0.001005531,0.001008742,0.001011081,389.0017691,389.0017691,389.0017691,1608.625972,1608.625972,1608.625972,1608.625972,1608.625972
10/8/2014,416.4224844,397.3286395,451.6390799,465.994856,453.6539221,451.6390799,1590.579911,1843.057045,1802.075614,1606.503026,1660.540448,1802.075614,1605.186847,1682.607173,1802.075614,1579.753423,2078.082292,1802.075614,203.156717,202.2313709,0.001001968,0.001005531,0.001008742,0.001011081,404.1875815,404.1875815,404.1875815,1659.019781,1659.019781,1659.019781,1659.019781,1659.019781
10/9/2014,387.7039408,392.4097775,416.7789151,406.3925581,397.3286395,416.7789151,1776.361321,1611.202241,2022.314488,1756.639586,1843.057045,2022.314488,1774.032291,1660.540448,2022.314488,1895.028614,1682.607173,2022.314488,174.6273323,173.8543462,0.001001968,0.001005531,0.001008742,0.001011081,417.0424313,417.0424313,417.0424313,1774.977867,1774.977867,1774.977867,1774.977867,1774.977867
10/10/2014,353.5339171,382.0437853,384.8565768,390.1744018,392.4097775,384.8565768,1369.187592,1531.412609,1549.592005,1373.202652,1611.202241,1549.592005,1408.375463,1843.057045,1549.592005,1440.197636,1660.540448,1549.592005,191.8116273,190.9473072,0.001001968,0.001005531,0.001008742,0.001011081,428.877793,428.877793,428.877793,1822.95318,1822.95318,1822.95318,1822.95318,1822.95318
10/11/2014,336.1832447,378.0892229,365.2748662,378.4251903,382.0437853,365.2748662,1434.884961,1359.950688,1627.072212,1445.469756,1531.412609,1627.072212,1455.145684,1611.202241,1627.072212,1485.941161,1843.057045,1627.072212,178.8312155,178.0360139,0.001001968,0.001005531,0.001008742,0.001011081,430.7813239,430.7813239,430.7813239,1832.002663,1832.002663,1832.002663,1832.002663,1832.002663
10/12/2014,346.6777319,344.0891581,375.6392463,381.1751608,378.0892229,375.6392463,1595.394383,2260.70898,1815.387613,1594.81535,1359.950688,1815.387613,1595.92238,1531.412609,1815.387613,1638.40283,1611.202241,1815.387613,176.1357941,175.3548463,0.001001968,0.001005531,0.001008742,0.001011081,421.8816898,421.8816898,421.8816898,1794.954785,1794.954785,1794.954785,1794.954785,1794.954785
10/13/2014,311.8003255,309.3885253,337.0478353,340.8666712,344.0891581,337.0478353,1363.344933,6711.451947,1541.284369,1362.832905,2260.70898,1541.284369,1385.153879,1359.950688,1541.284369,1435.617747,1531.412609,1541.284369,157.4564066,156.7732419,0.001001968,0.001005531,0.001008742,0.001011081,411.4803922,411.4803922,411.4803922,1756.630811,1756.630811,1756.630811,1756.630811,1756.630811
10/14/2014,303.0305139,1932.076771,325.6794601,312.924752,309.3885253,325.6794601,1310.95305,8995.964415,1477.710956,1294.107576,6711.451947,1477.710956,1313.993396,2260.70898,1477.710956,1352.765238,1359.950688,1477.710956,142.9056245,142.2973311,0.001001968,0.001005531,0.001008742,0.001011081,391.3482358,391.3482358,391.3482358,1740.369435,1740.369435,1740.369435,1740.369435,1740.369435
10/15/2014,336.7971023,3308.554462,363.8107935,371.1364053,1932.076771,363.8107935,1425.313727,11177.42791,1582.888243,1435.395092,8995.964415,1582.888243,1410.755537,6711.451947,1582.888243,1215.732044,2260.70898,1582.888243,166.3027874,165.5735361,0.001001968,0.001005531,0.001008742,0.001011081,374.7212258,374.7212258,374.7212258,1713.730975,1713.730975,1713.730975,1713.730975,1713.730975
10/16/2014,6228.887862,8400.276917,6481.199229,4054.2458,3308.554462,6481.199229,9750.888216,10087.15416,10435.11374,7604.219141,11177.42791,10435.11374,5392.799353,8995.964415,10435.11374,2381.444196,6711.451947,10435.11374,0.001000564,0.001006515,0.001001968,0.001005531,0.001008742,0.001011081,580.487155,580.487155,580.487155,2120.587125,2120.587125,2120.587125,2120.587125,2120.587125
10/17/2014,8286.890137,6237.605182,9252.04071,8922.8627,8400.276917,9252.04071,13902.57416,6708.895949,16149.76673,13940.58309,10087.15416,16149.76673,12634.37842,11177.42791,16149.76673,8632.272634,8995.964415,16149.76673,3568.35334,3543.399078,0.001001968,0.001005531,0.001008742,0.001011081,1510.198879,1510.198879,1510.198879,3378.095861,3378.095861,3378.095861,3378.095861,3378.095861
10/18/2014,4513.367904,2620.407233,5195.252707,6291.999463,6237.605182,5195.252707,9271.097727,4097.921362,11040.84995,10564.10143,6708.895949,11040.84995,12556.44225,10087.15416,11040.84995,12197.76895,11177.42791,11040.84995,2897.29168,2877.544202,0.001001968,0.001005531,0.001008742,0.001011081,2546.906406,2546.906406,2546.906406,4772.218486,4772.218486,4772.218486,4772.218486,4772.218486
10/19/2014,1833.840645,1393.496348,1975.472682,2630.719156,2620.407233,1975.472682,5038.242851,3459.846926,5735.845543,5707.285844,4097.921362,5735.845543,7159.526781,6708.895949,5735.845543,11121.88189,10087.15416,5735.845543,683.2047819,679.3885417,0.001001968,0.001005531,0.001008742,0.001011081,3063.234435,3063.234435,3063.234435,6041.090716,6041.090716,6041.090716,6041.090716,6041.090716
10/20/2014,1099.090235,1545.279061,1130.074405,1383.962726,1393.496348,1130.074405,2906.250792,3136.784703,3195.81231,3154.788296,3459.846926,3195.81231,3845.389816,4097.921362,3195.81231,5937.572151,6708.895949,3195.81231,146.0490223,145.4246572,0.001001968,0.001005531,0.001008742,0.001011081,3308.667942,3308.667942,3308.667942,6800.02715,6800.02715,6800.02715,6800.02715,6800.02715
10/21/2014,1166.437387,1994.865829,1238.33945,1345.081219,1545.279061,1238.33945,3348.831222,4456.872928,3775.459673,3458.032422,3136.784703,3775.459673,3743.90955,3459.846926,3775.459673,4305.339919,4097.921362,3775.459673,359.079343,357.2700826,0.001001968,0.001005531,0.001008742,0.001011081,3490.625415,3490.625415,3490.625415,7221.713342,7221.713342,7221.713342,7221.713342,7221.713342
10/22/2014,1770.050299,2136.340938,1910.046787,1840.219147,1994.865829,1910.046787,3464.988994,5091.415069,3892.189473,3446.957868,4456.872928,3892.189473,3462.520253,3136.784703,3892.189473,3360.860938,3459.846926,3892.189473,586.1604291,582.9626781,0.001001968,0.001005531,0.001008742,0.001011081,3696.980509,3696.980509,3696.980509,7474.091683,7474.091683,7474.091683,7474.091683,7474.091683
10/23/2014,1836.162778,1065.836666,2004.833356,2268.478055,2136.340938,2004.833356,3436.701846,3914.35349,3877.432005,3776.522327,5091.415069,3877.432005,3664.864225,4456.872928,3877.432005,3390.689388,3136.784703,3877.432005,646.9763607,643.3924847,0.001001968,0.001005531,0.001008742,0.001011081,3724.823571,3724.823571,3724.823571,7278.802168,7278.802168,7278.802168,7278.802168,7278.802168
10/24/2014,1287.89851,2427.243144,1319.02708,1158.754225,1065.836666,1319.02708,2509.52885,3490.321452,2683.598106,2368.552914,3914.35349,2683.598106,2682.974254,5091.415069,2683.598106,3268.783065,4456.872928,2683.598106,0.001000564,0.001006515,0.001001968,0.001005531,0.001008742,0.001011081,2947.883435,2947.883435,2947.883435,6281.16271,6281.16271,6281.16271,6281.16271,6281.16271
10/25/2014,2567.740511,2964.448615,2874.739035,2438.838957,2427.243144,2874.739035,4498.688988,3881.394212,5223.544208,4165.839079,3490.321452,5223.544208,4423.495097,3914.35349,5223.544208,3551.022613,5091.415069,5223.544208,1374.889775,1366.391384,0.001001968,0.001005531,0.001008742,0.001011081,2205.723904,2205.723904,2205.723904,5243.273419,5243.273419,5243.273419,5243.273419,5243.273419
10/26/2014,2424.054912,1531.623655,2777.648235,2976.511614,2964.448615,2777.648235,5332.107803,3440.289638,6315.413182,5628.183088,3881.394212,6315.413182,5561.805222,3490.321452,6315.413182,5473.553909,3914.35349,6315.413182,1584.418371,1574.433492,0.001001968,0.001005531,0.001008742,0.001011081,2011.758088,2011.758088,2011.758088,4370.605688,4370.605688,4370.605688,4370.605688,4370.605688
10/27/2014,1251.580872,1267.214418,1332.607636,1539.748933,1531.623655,1332.607636,2483.432821,3178.448893,2755.262139,2716.315058,3440.289638,2755.262139,2978.670558,3881.394212,2755.262139,3901.254227,3490.321452,2755.262139,380.2990676,378.3643261,0.001001968,0.001005531,0.001008742,0.001011081,1965.687763,1965.687763,1965.687763,3979.326849,3979.326849,3979.326849,3979.326849,3979.326849
10/28/2014,1239.858296,1793.901351,1323.305214,1262.835603,1267.214418,1323.305214,1958.97524,3605.55832,2144.065699,1932.918856,3178.448893,2144.065699,2289.61125,3440.289638,2144.065699,2514.056205,3881.394212,2144.065699,404.9008383,402.8193562,0.001001968,0.001005531,0.001008742,0.001011081,1958.703261,1958.703261,1958.703261,3851.527109,3851.527109,3851.527109,3851.527109,3851.527109
10/29/2014,1567.014134,1702.107824,1741.833062,1750.593643,1793.901351,1741.833062,3332.233597,3852.206974,3852.140089,3390.191233,3605.55832,3852.140089,3463.541057,3178.448893,3852.140089,3368.107967,3440.289638,3852.140089,831.2512731,826.4693033,0.001001968,0.001005531,0.001008742,0.001011081,1946.848872,1946.848872,1946.848872,3860.139146,3860.139146,3860.139146,3860.139146,3860.139146
10/30/2014,1511.58862,1497.071328,1663.020526,1724.061299,1702.107824,1663.020526,3117.29028,3059.643566,3562.549631,3225.318664,3852.206974,3562.549631,3275.035052,3605.55832,3562.549631,3325.757325,3178.448893,3562.549631,704.8602529,700.90433,0.001001968,0.001005531,0.001008742,0.001011081,1890.706369,1890.706369,1890.706369,3807.28326,3807.28326,3807.28326,3807.28326,3807.28326
10/31/2014,1359.436828,1280.132047,1485.428678,1513.080813,1497.071328,1485.428678,2608.880131,2542.418388,2955.072525,2678.074828,3059.643566,2955.072525,2853.214449,3852.206974,2955.072525,2973.960477,3605.55832,2955.072525,600.8301632,597.539745,0.001001968,0.001005531,0.001008742,0.001011081,1906.905362,1906.905362,1906.905362,3784.186256,3784.186256,3784.186256,3784.186256,3784.186256
11/1/2014,1146.104585,1135.187874,1250.767399,1279.4744,1280.132047,1250.767399,2775.542819,2356.708758,3161.537584,2827.356435,2542.418388,3161.537584,3022.444453,3059.643566,3161.537584,3250.106598,3852.206974,3161.537584,515.1582924,512.4044821,0.001001968,0.001005531,0.001008742,0.001011081,1759.552399,1759.552399,1759.552399,3701.88081,3701.88081,3701.88081,3701.88081,3701.88081
11/2/2014,1000.745876,998.0184199,1087.128383,1134.689431,1135.187874,1087.128383,2904.955353,2678.375936,3317.894937,2961.656899,2356.708758,3317.894937,3060.615794,2542.418388,3317.894937,3344.308205,3059.643566,3317.894937,430.5406912,428.3049213,0.001001968,0.001005531,0.001008742,0.001011081,1553.695847,1553.695847,1553.695847,3558.153666,3558.153666,3558.153666,3558.153666,3558.153666
11/3/2014,909.1021092,997.7661487,979.753666,997.2408698,998.0184199,979.753666,2293.522283,3029.864325,2591.392396,2323.922168,2678.375936,2591.392396,2421.932782,2356.708758,2591.392396,2601.463722,2542.418388,2591.392396,355.1764933,353.3901975,0.001001968,0.001005531,0.001008742,0.001011081,1454.309387,1454.309387,1454.309387,3365.873516,3365.873516,3365.873516,3365.873516,3365.873516
11/4/2014,911.6410661,957.8917719,988.2065677,996.6096752,997.7661487,988.2065677,2070.886482,2612.947241,2333.572704,2099.467866,3029.864325,2333.572704,2179.855089,2678.375936,2333.572704,2220.473997,2356.708758,2333.572704,386.5105911,384.5389248,0.001001968,0.001005531,0.001008742,0.001011081,1379.253656,1379.253656,1379.253656,3202.798835,3202.798835,3202.798835,3202.798835,3202.798835
11/5/2014,866.3443703,922.9163834,938.6983662,956.5743953,957.8917719,938.6983662,1993.738909,2280.375045,2244.887113,2030.45302,2612.947241,2244.887113,2096.602537,3029.864325,2244.887113,2172.274428,2678.375936,2244.887113,367.2987662,365.4410244,0.001001968,0.001005531,0.001008742,0.001011081,1276.943493,1276.943493,1276.943493,3049.875998,3049.875998,3049.875998,3049.875998,3049.875998
11/6/2014,838.9213472,943.7742727,907.5694068,919.4859771,922.9163834,907.5694068,2271.926493,2231.516252,2573.994035,2295.622616,2280.375045,2573.994035,2351.109761,2612.947241,2573.994035,2403.111349,3029.864325,2573.994035,349.1110943,347.3604151,0.001001968,0.001005531,0.001008742,0.001011081,1172.944154,1172.944154,1172.944154,2961.109324,2961.109324,2961.109324,2961.109324,2961.109324
11/7/2014,868.9009587,974.9074887,938.5449426,938.0803463,943.7742727,938.5449426,2650.167958,2194.761466,3014.590658,2655.269555,2231.516252,3014.590658,2669.204465,2280.375045,3014.590658,2722.659472,2612.947241,3014.590658,351.0422857,349.2802761,0.001001968,0.001005531,0.001008742,0.001011081,1076.969792,1076.969792,1076.969792,2917.532973,2917.532973,2917.532973,2917.532973,2917.532973
11/8/2014,938.3561281,1018.39013,1010.855857,976.9851183,974.9074887,1010.855857,2371.69418,2085.746727,2677.472779,2351.411595,2194.761466,2677.472779,2367.526168,2231.516252,2677.472779,2376.030271,2280.375045,2677.472779,363.3189323,361.4846849,0.001001968,0.001005531,0.001008742,0.001011081,1012.23986,1012.23986,1012.23986,2787.859589,2787.859589,2787.859589,2787.859589,2787.859589
11/9/2014,920.1264175,886.233228,1001.880166,1019.494382,1018.39013,1001.880166,2067.995655,1941.096641,2336.081321,2107.751386,2085.746727,2336.081321,2167.153685,2194.761466,2336.081321,2131.176728,2231.516252,2336.081321,414.1026068,411.9659078,0.001001968,0.001005531,0.001008742,0.001011081,987.987656,987.987656,987.987656,2604.857083,2604.857083,2604.857083,2604.857083,2604.857083
11/10/2014,785.7266635,782.5872903,853.7042527,884.9217188,886.233228,853.7042527,1874.53714,2224.162863,2112.816158,1922.81173,1941.096641,2112.816158,2034.896201,2085.746727,2112.816158,2130.900804,2194.761466,2112.816158,351.2147379,349.4517159,0.001001968,0.001005531,0.001008742,0.001011081,973.0108317,973.0108317,973.0108317,2518.776105,2518.776105,2518.776105,2518.776105,2518.776105
11/11/2014,704.091923,740.0277436,760.725884,781.2196956,782.5872903,760.725884,1707.027929,2139.393986,1915.318269,1741.236578,2224.162863,1915.318269,1823.048056,1941.096641,1915.318269,1976.500899,2085.746727,1915.318269,295.574224,294.1338314,0.001001968,0.001005531,0.001008742,0.001011081,944.6098112,944.6098112,944.6098112,2473.239712,2473.239712,2473.239712,2473.239712,2473.239712
11/12/2014,676.4109007,721.3681132,730.3254688,738.693592,740.0277436,730.3254688,1641.642526,1864.839261,1841.801508,1662.965316,2139.393986,1841.801508,1724.602081,2224.162863,1841.801508,1812.763997,1941.096641,1841.801508,282.7074884,281.340488,0.001001968,0.001005531,0.001008742,0.001011081,914.7986159,914.7986159,914.7986159,2426.719715,2426.719715,2426.719715,2426.719715,2426.719715
11/13/2014,660.2563002,737.8702038,713.4463603,719.2579478,721.3681132,713.4463603,1614.338189,2647.068079,1812.431374,1632.832057,1864.839261,1812.431374,1681.230823,2139.393986,1812.431374,1733.98268,2224.162863,1812.431374,279.9776365,278.6261438,0.001001968,0.001005531,0.001008742,0.001011081,885.9225479,885.9225479,885.9225479,2315.709036,2315.709036,2315.709036,2315.709036,2315.709036
11/14/2014,680.5783715,750.336844,737.1506343,736.8740388,737.8702038,737.1506343,1943.393877,4061.144317,2203.315101,1951.698961,2647.068079,2203.315101,1980.276407,1864.839261,2203.315101,1997.641887,2139.393986,2203.315101,296.9268605,295.4787243,0.001001968,0.001005531,0.001008742,0.001011081,859.2510181,859.2510181,859.2510181,2197.549223,2197.549223,2197.549223,2197.549223,2197.549223
11/15/2014,684.7378568,672.7245778,743.1148598,749.555863,750.336844,743.1148598,1889.54249,3039.734564,2139.142278,1905.828575,4061.144317,2139.142278,1932.858911,2647.068079,2139.142278,1960.355851,1864.839261,2139.142278,306.3676525,304.8653247,0.001001968,0.001005531,0.001008742,0.001011081,829.3265652,829.3265652,829.3265652,2125.92855,2125.92855,2125.92855,2125.92855,2125.92855
11/16/2014,615.9726397,765.6355293,665.8115949,671.5344879,672.7245778,665.8115949,1583.166796,2307.64706,1776.459544,1599.521274,3039.734564,1776.459544,1664.047266,4061.144317,1776.459544,1722.627031,2647.068079,1776.459544,265.2526753,263.9844351,0.001001968,0.001005531,0.001008742,0.001011081,784.1239987,784.1239987,784.1239987,2061.314452,2061.314452,2061.314452,2061.314452,2061.314452
11/17/2014,705.0220276,968.011595,764.583788,763.5407666,765.6355293,764.583788,2381.207115,2155.745495,2718.128583,2383.228029,2307.64706,2718.128583,2360.39726,3039.734564,2718.128583,2339.050536,4061.144317,2718.128583,309.7490004,308.2272025,0.001001968,0.001005531,0.001008742,0.001011081,750.3561316,750.3561316,750.3561316,2117.110592,2117.110592,2117.110592,2117.110592,2117.110592
11/18/2014,871.2727522,796.6412804,954.181477,966.9719943,968.011595,954.181477,3775.668812,1930.92521,4371.407645,3775.96356,2155.745495,4371.407645,3689.492775,2307.64706,4371.407645,3615.664325,3039.734564,4371.407645,413.093024,410.9623917,0.001001968,0.001005531,0.001008742,0.001011081,755.9873284,755.9873284,755.9873284,2403.718832,2403.718832,2403.718832,2403.718832,2403.718832
11/19/2014,735.8743882,647.2927437,796.5418977,796.2281553,796.6412804,796.5418977,2692.540183,1745.388539,3078.994955,2688.79521,1930.92521,3078.994955,2772.323568,2155.745495,3078.994955,2854.277118,2307.64706,3078.994955,312.2105302,310.6745388,0.001001968,0.001005531,0.001008742,0.001011081,769.8064221,769.8064221,769.8064221,2581.156699,2581.156699,2581.156699,2581.156699,2581.156699
11/20/2014,601.1980523,650.6523102,650.3776262,646.2472584,647.2927437,650.3776262,1808.063044,2036.453943,2042.313038,1810.098229,1745.388539,2042.313038,1931.206854,1930.92521,2042.313038,2074.964845,2155.745495,2042.313038,262.0987874,260.8482895,0.001001968,0.001005531,0.001008742,0.001011081,771.0866678,771.0866678,771.0866678,2648.237402,2648.237402,2648.237402,2648.237402,2648.237402
11/21/2014,592.8761462,618.2665824,644.6030171,649.6080337,650.6523102,644.6030171,1704.348185,3073.414339,1925.894892,1717.960065,2036.453943,1925.894892,1756.372146,1745.388539,1925.894892,1870.587725,1930.92521,1925.894892,276.9286469,275.594448,0.001001968,0.001005531,0.001008742,0.001011081,760.166901,760.166901,760.166901,2620.592116,2620.592116,2620.592116,2620.592116,2620.592116
11/22/2014,565.6743087,728.8195134,613.4334781,617.2622074,618.2665824,613.4334781,1586.353078,3292.440621,1786.427077,1598.755878,3073.414339,1786.427077,1636.729541,2036.453943,1786.427077,1690.504262,1745.388539,1786.427077,257.3592326,256.1353362,0.001001968,0.001005531,0.001008742,0.001011081,743.5579332,743.5579332,743.5579332,2575.996473,2575.996473,2575.996473,2575.996473,2575.996473
11/23/2014,556.9957956,1348.449742,602.6454284,607.4222773,728.8195134,602.6454284,1500.298057,7961.438847,1684.381947,1514.465539,3292.440621,1684.381947,1537.255314,3073.414339,1684.381947,1578.352362,2036.453943,1684.381947,245.2710864,244.1146965,0.001001968,0.001005531,0.001008742,0.001011081,728.9375023,728.9375023,728.9375023,2555.064149,2555.064149,2555.064149,2555.064149,2555.064149
11/24/2014,1369.377661,1296.717604,1449.017615,1191.373162,1348.449742,1449.017615,2925.340144,7399.833972,3237.954547,2709.866704,7961.438847,3237.954547,2347.56548,3292.440621,3237.954547,1947.835335,3073.414339,3237.954547,295.4008204,293.9614201,0.001001968,0.001005531,0.001008742,0.001011081,740.8683914,740.8683914,740.8683914,2503.522592,2503.522592,2503.522592,2503.522592,2503.522592
11/25/2014,1999.847232,3320.277121,2037.580271,1389.238224,1296.717604,2037.580271,4259.579104,5542.021585,4629.941963,3618.071921,7399.833972,4629.941963,3246.485773,7961.438847,4629.941963,3134.278481,3292.440621,4629.941963,0.001000564,0.001006515,0.001001968,0.001005531,0.001008742,0.001011081,767.6145006,767.6145006,767.6145006,2474.852128,2474.852128,2474.852128,2474.852128,2474.852128
11/26/2014,3548.783225,4503.196268,3953.179661,3379.813074,3320.277121,3953.179661,5495.384722,5042.738886,6348.074543,5067.300363,5542.021585,6348.074543,5114.686727,7399.833972,6348.074543,3080.252748,7961.438847,6348.074543,1773.888748,1762.539226,0.001001968,0.001005531,0.001008742,0.001011081,1080.915059,1080.915059,1080.915059,2615.374707,2615.374707,2615.374707,2615.374707,2615.374707
11/27/2014,3441.592348,2149.025062,4002.010215,4513.576017,4503.196268,4002.010215,9139.154511,3960.547357,10977.75736,9767.900006,5042.738886,10977.75736,9641.876538,5542.021585,10977.75736,8909.653099,7399.833972,10977.75736,2430.607938,2414.404791,0.001001968,0.001005531,0.001008742,0.001011081,1542.730531,1542.730531,1542.730531,3495.392615,3495.392615,3495.392615,3495.392615,3495.392615
11/28/2014,1744.842487,1601.162769,1874.124724,2155.199885,2149.025062,1874.124724,5324.766241,3860.077515,6103.828934,5602.627286,3960.547357,6103.828934,6162.104865,5042.738886,6103.828934,7629.800461,5542.021585,6103.828934,612.082834,608.7211264,0.001001968,0.001005531,0.001008742,0.001011081,1830.385527,1830.385527,1830.385527,4369.930474,4369.930474,4369.930474,4369.930474,4369.930474
11/29/2014,1406.045651,1507.379604,1496.387444,1605.200643,1601.162769,1496.387444,2639.865087,4613.51057,2924.164302,2777.068172,3860.077515,2924.164302,3205.354298,3960.547357,2924.164302,3973.664029,5042.738886,2924.164302,438.3033009,436.0205591,0.001001968,0.001005531,0.001008742,0.001011081,2022.074555,2022.074555,2022.074555,4889.332351,4889.332351,4889.332351,4889.332351,4889.332351
11/30/2014,1343.626835,1378.956841,1442.483553,1510.057381,1507.379604,1442.483553,3316.336608,5048.959641,3751.476971,3399.066172,4613.51057,3751.476971,3586.577324,3860.077515,3751.476971,3972.930939,3960.547357,3751.476971,484.6920203,482.126205,0.001001968,0.001005531,0.001008742,0.001011081,2170.728099,2170.728099,2170.728099,5228.050928,5228.050928,5228.050928,5228.050928,5228.050928
12/1/2014,1284.410832,1300.696386,1372.796557,1379.876387,1378.956841,1372.796557,3011.706406,4056.681451,3381.483013,3035.811558,5048.959641,3381.483013,3163.027551,4613.51057,3381.483013,3356.125761,3860.077515,3381.483013,436.8301634,434.5563447,0.001001968,0.001005531,0.001008742,0.001011081,2264.822653,2264.822653,2264.822653,5399.739737,5399.739737,5399.739737,5399.739737,5399.739737
12/2/2014,1284.228522,1466.793784,1357.740343,1301.516286,1300.696386,1357.740343,3308.890388,4585.263136,3698.928688,3261.032843,4056.681451,3698.928688,3295.325352,5048.959641,3698.928688,3412.045723,4613.51057,3698.928688,363.7466682,361.9098975,0.001001968,0.001005531,0.001008742,0.001011081,2300.57373,2300.57373,2300.57373,5374.992392,5374.992392,5374.992392,5374.992392,5374.992392
12/3/2014,1446.987941,1597.927846,1540.816037,1467.738923,1466.793784,1540.816037,4292.292653,7232.460605,4859.36061,4221.654511,4585.263136,4859.36061,4190.148016,4056.681451,4859.36061,4084.615786,5048.959641,4859.36061,463.761894,461.32429,0.001001968,0.001005531,0.001008742,0.001011081,2063.644621,2063.644621,2063.644621,5440.925244,5440.925244,5440.925244,5440.925244,5440.925244
12/4/2014,1458.041984,1365.151241,1560.533672,1598.364226,1597.927846,1560.533672,4696.456239,7275.135823,5353.556021,4730.072386,7232.460605,5353.556021,4667.981058,4585.263136,5353.556021,4668.944463,4056.681451,5353.556021,503.4592679,500.7778343,0.001001968,0.001005531,0.001008742,0.001011081,1710.416084,1710.416084,1710.416084,4965.650969,4965.650969,4965.650969,4965.650969,4965.650969
12/5/2014,1286.178581,1661.993404,1351.692976,1365.354063,1365.151241,1351.692976,3532.196191,7066.503156,3949.064198,3547.03089,7275.135823,3949.064198,3619.749462,7232.460605,3949.064198,3788.813848,4585.263136,3949.064198,325.8652604,324.2502369,0.001001968,0.001005531,0.001008742,0.001011081,1530.954374,1530.954374,1530.954374,4406.776453,4406.776453,4406.776453,4406.776453,4406.776453
12/6/2014,1502.519051,2317.837269,1615.554698,1597.00861,1661.993404,1615.554698,4332.510868,7344.442129,4905.983549,4331.961693,7066.503156,4905.983549,4397.066958,7275.135823,4905.983549,4078.382578,7232.460605,4905.983549,555.3915709,552.3871579,0.001001968,0.001005531,0.001008742,0.001011081,1476.992724,1476.992724,1476.992724,4304.563744,4304.563744,4304.563744,4304.563744,4304.563744
12/7/2014,2060.448261,2148.590956,2297.270591,2329.736621,2317.837269,2297.270591,7451.924354,7982.312859,8684.384912,7516.177872,7344.442129,8684.384912,7489.555968,7066.503156,8684.384912,6820.95775,7275.135823,8684.384912,1060.242654,1053.923736,0.001001968,0.001005531,0.001008742,0.001011081,1551.742271,1551.742271,1551.742271,4801.523213,4801.523213,4801.523213,4801.523213,4801.523213
12/8/2014,1962.481194,2219.224781,2165.889449,2160.91379,2148.590956,2165.889449,6797.184435,6918.859322,7886.147561,6811.34627,7982.312859,7886.147561,6947.719834,7344.442129,7886.147561,7225.41745,7066.503156,7886.147561,934.682467,929.2121724,0.001001968,0.001005531,0.001008742,0.001011081,1656.322537,1656.322537,1656.322537,5389.880995,5389.880995,5389.880995,5389.880995,5389.880995
12/9/2014,1796.983154,2803.678605,1969.159682,1981.09928,2219.224781,1969.159682,5727.904404,6041.520746,6592.083727,5761.393622,6918.859322,6592.083727,5891.742416,7982.312859,6592.083727,6193.908941,7344.442129,6592.083727,805.2789174,800.668119,0.001001968,0.001005531,0.001008742,0.001011081,1757.805077,1757.805077,1757.805077,5863.08805,5863.08805,5863.08805,5863.08805,5863.08805
12/10/2014,2580.565863,2335.682655,2920.566785,2884.220857,2803.678605,2920.566785,7001.051986,5439.333792,8193.448347,7062.560148,6041.520746,8193.448347,7255.698063,6918.859322,8193.448347,6477.968613,7982.312859,8193.448347,1426.433775,1417.572082,0.001001968,0.001005531,0.001008742,0.001011081,1964.214163,1964.214163,1964.214163,6274.592189,6274.592189,6274.592189,6274.592189,6274.592189
12/11/2014,2151.173082,2091.887023,2386.895465,2397.31296,2335.682655,2386.895465,7131.369178,5072.691096,8300.266262,7173.280275,5439.333792,8300.266262,7301.272566,6041.520746,8300.266262,7959.812026,6918.859322,8300.266262,1031.518467,1025.394862,0.001001968,0.001005531,0.001008742,0.001011081,2093.064356,2093.064356,2093.064356,6700.347753,6700.347753,6700.347753,6700.347753,6700.347753
12/12/2014,1905.458134,1936.528966,2096.293874,2104.978046,2091.887023,2096.293874,5164.394004,4846.017027,5933.879495,5215.410176,5072.691096,5933.879495,5394.773589,5439.333792,5933.879495,5787.749884,6041.520746,5933.879495,864.2701695,859.2695924,0.001001968,0.001005531,0.001008742,0.001011081,2199.640283,2199.640283,2199.640283,7057.881303,7057.881303,7057.881303,7057.881303,7057.881303
12/13/2014,1752.5612,1784.107371,1919.524192,1945.445153,1936.528966,1919.524192,4731.722139,5099.525212,5420.639144,4793.086263,4846.017027,5420.639144,4942.38683,5072.691096,5420.639144,5240.578101,5439.333792,5420.639144,767.757101,763.3923244,0.001001968,0.001005531,0.001008742,0.001011081,2256.671997,2256.671997,2256.671997,7208.921245,7208.921245,7208.921245,7208.921245,7208.921245
12/14/2014,1626.064595,1697.702047,1772.644676,1790.328943,1784.107371,1772.644676,4352.751006,5161.330323,4967.071959,4401.428247,5099.525212,4967.071959,4549.426859,4846.017027,4967.071959,4778.916499,5072.691096,4967.071959,683.035992,679.2208383,0.001001968,0.001005531,0.001008742,0.001011081,2211.067176,2211.067176,2211.067176,6876.855829,6876.855829,6876.855829,6876.855829,6876.855829
12/15/2014,1572.902189,1675.493403,1710.494335,1702.109951,1697.702047,1710.494335,4175.155783,4888.816932,4754.916016,4195.6712,5161.330323,4754.916016,4324.547593,5099.525212,4754.916016,4499.341882,4846.017027,4754.916016,647.9899632,644.3996091,0.001001968,0.001005531,0.001008742,0.001011081,2147.766955,2147.766955,2147.766955,6496.251441,6496.251441,6496.251441,6496.251441,6496.251441
12/16/2014,1570.836122,1823.903571,1703.545079,1672.923417,1675.493403,1703.545079,4122.739797,4869.474531,4686.407265,4119.702738,4888.816932,4686.407265,4204.928347,5161.330323,4686.407265,4336.255525,5099.525212,4686.407265,629.0985137,625.6286726,0.001001968,0.001005531,0.001008742,0.001011081,2099.45812,2099.45812,2099.45812,6162.988072,6162.988072,6162.988072,6162.988072,6162.988072
12/17/2014,1754.772443,2056.756531,1905.471701,1821.571841,1823.903571,1905.471701,4708.574075,4908.291439,5366.658809,4656.9926,4869.474531,5366.658809,4680.809589,4888.816932,5366.658809,4585.642117,5161.330323,5366.658809,704.2834839,700.3312888,0.001001968,0.001005531,0.001008742,0.001011081,1943.473787,1943.473787,1943.473787,5815.852851,5815.852851,5815.852851,5815.852851,5815.852851
12/18/2014,1945.894011,2109.5463,2115.734908,2057.298656,2056.756531,2115.734908,4972.250515,4806.089291,5671.19452,4951.471265,4908.291439,5671.19452,4904.48624,4869.474531,5671.19452,4849.396053,4888.816932,5671.19452,783.8434716,779.3734075,0.001001968,0.001005531,0.001008742,0.001011081,1871.858087,1871.858087,1871.858087,5408.723361,5408.723361,5408.723361,5408.723361,5408.723361
12/19/2014,1951.236264,2022.29212,2119.970165,2110.907927,2109.5463,2119.970165,4555.524753,4916.538385,5177.149574,4589.805205,4806.089291,5177.149574,4648.919718,4908.291439,5177.149574,4596.565267,4869.474531,5177.149574,783.5654724,779.0972302,0.001001968,0.001005531,0.001008742,0.001011081,1856.124632,1856.124632,1856.124632,5180.592339,5180.592339,5180.592339,5180.592339,5180.592339
12/20/2014,1847.289664,1903.070807,2002.368565,2023.089583,2022.29212,2002.368565,4315.085567,5571.390216,4895.33658,4374.708499,4916.538385,4895.33658,4507.135399,4806.089291,4895.33658,4598.356589,4908.291439,4895.33658,726.9219057,722.8230972,0.001001968,0.001005531,0.001008742,0.001011081,1864.149479,1864.149479,1864.149479,5071.790909,5071.790909,5071.790909,5071.790909,5071.790909
12/21/2014,1735.283308,1800.920528,1875.621093,1903.583555,1903.070807,1875.621093,4125.553299,5914.640408,4672.878049,4186.727526,5571.390216,4672.878049,4331.954742,4916.538385,4672.878049,4503.490487,4806.089291,4672.878049,663.8793107,660.1872308,0.001001968,0.001005531,0.001008742,0.001011081,1879.442625,1879.442625,1879.442625,5021.703249,5021.703249,5021.703249,5021.703249,5021.703249
12/22/2014,1642.516641,1931.776625,1772.44354,1799.234729,1800.920528,1772.44354,3965.092974,8534.874422,4486.622375,4021.239206,5914.640408,4486.622375,4161.759064,5571.390216,4486.622375,4330.614413,4916.538385,4486.622375,619.6914055,616.2813951,0.001001968,0.001005531,0.001008742,0.001011081,1894.983318,1894.983318,1894.983318,4989.383435,4989.383435,4989.383435,4989.383435,4989.383435
12/23/2014,1693.567837,3013.595044,1836.075307,1850.386164,1931.776625,1836.075307,4264.239099,11015.61501,4845.472551,4311.157218,8534.874422,4845.472551,4407.495023,5914.640408,4845.472551,4414.603337,5571.390216,4845.472551,673.7662778,670.0107362,0.001001968,0.001005531,0.001008742,0.001011081,1920.2107,1920.2107,1920.2107,5004.168522,5004.168522,5004.168522,5004.168522,5004.168522
12/24/2014,2257.319009,4695.75874,2448.285476,2312.375308,3013.595044,2448.285476,5632.449683,11734.98855,6417.84905,5548.280835,11015.61501,6417.84905,5444.845387,8534.874422,6417.84905,5140.044988,5914.640408,6417.84905,830.0673378,825.293186,0.001001968,0.001005531,0.001008742,0.001011081,1968.788677,1968.788677,1968.788677,5092.583325,5092.583325,5092.583325,5092.583325,5092.583325
12/25/2014,6000.26066,7884.655241,6514.462446,4975.328245,4695.75874,6514.462446,9924.427657,11387.53925,11216.86027,8638.441246,11734.98855,11216.86027,7991.575181,11015.61501,11216.86027,5822.885228,8534.874422,11216.86027,1771.458267,1760.126363,0.001001968,0.001005531,0.001008742,0.001011081,2265.749262,2265.749262,2265.749262,5366.591577,5366.591577,5366.591577,5366.591577,5366.591577
12/26/2014,8190.173043,9339.772046,9135.451187,8086.609257,7884.655241,9135.451187,13503.01022,11298.36859,15728.5336,12789.34747,11387.53925,15728.5336,12092.86973,11734.98855,15728.5336,9796.112719,11015.61501,15728.5336,3685.225619,3659.35293,0.001001968,0.001005531,0.001008742,0.001011081,2918.319717,2918.319717,2918.319717,6123.812639,6123.812639,6123.812639,6123.812639,6123.812639
12/27/2014,7895.15202,6589.811099,9066.383829,9341.360236,9339.772046,9066.383829,13162.21216,10448.89359,15737.31396,13826.70258,11298.36859,15737.31396,14394.80862,11387.53925,15737.31396,12360.06096,11734.98855,15737.31396,4686.068262,4652.210497,0.001001968,0.001005531,0.001008742,0.001011081,3892.394038,3892.394038,3892.394038,7255.696491,7255.696491,7255.696491,7255.696491,7255.696491
12/28/2014,5409.445421,4846.102781,5970.361605,6594.82082,6589.811099,5970.361605,9474.671675,9097.258749,10922.55145,10284.58601,10448.89359,10922.55145,11100.55646,11298.36859,10922.55145,13204.12854,11387.53925,10922.55145,2321.947158,2306.558798,0.001001968,0.001005531,0.001008742,0.001011081,4607.549676,4607.549676,4607.549676,8459.678936,8459.678936,8459.678936,8459.678936,8459.678936
12/29/2014,4396.330911,5273.162308,4714.471045,4861.546954,4846.102781,4714.471045,6361.087388,8272.749335,7060.28008,6640.969778,9097.258749,7060.28008,7641.40338,10448.89359,7060.28008,9123.315568,11298.36859,7060.28008,1337.118711,1328.885503,0.001001968,0.001005531,0.001008742,0.001011081,5142.049149,5142.049149,5142.049149,9409.809555,9409.809555,9409.809555,9409.809555,9409.809555
12/30/2014,4562.005089,4530.416556,5047.078004,5284.208534,5273.162308,5047.078004,8007.322296,7519.399099,9243.642687,8402.609217,8272.749335,9243.642687,9079.57092,9097.258749,9243.642687,9254.986382,10448.89359,9243.642687,2058.362094,2044.931794,0.001001968,0.001005531,0.001008742,0.001011081,5671.875816,5671.875816,5671.875816,10158.76917,10158.76917,10158.76917,10158.76917,10158.76917
12/31/2014,3879.508441,3874.815809,4264.039767,4538.079651,4530.416556,4264.039767,7818.807306,9143.180057,9014.066617,8197.604923,7519.399099,9014.066617,8811.557678,8272.749335,9014.066617,9652.196174,9097.258749,9014.066617,1659.78228,1649.25679,0.001001968,0.001005531,0.001008742,0.001011081,6068.579118,6068.579118,6068.579118,10675.04957,10675.04957,10675.04957,10675.04957,10675.04957
1/1/2015,3392.007281,3547.113415,3702.909037,3880.492615,3874.815809,3702.909037,6278.656034,9957.009469,7162.483588,6553.467351,9143.180057,7162.483588,7139.804942,7519.399099,7162.483588,7878.997668,8272.749335,7162.483588,1361.565894,1353.161149,0.001001968,0.001005531,0.001008742,0.001011081,6103.390142,6103.390142,6103.390142,10847.25872,10847.25872,10847.25872,10847.25872,10847.25872
1/2/2015,3131.936178,3493.3599,3421.633122,3551.399064,3547.113415,3421.633122,5939.458527,8538.685629,6779.628516,6157.931266,9957.009469,6779.628516,6618.303742,9143.180057,6779.628516,7138.951522,7519.399099,6779.628516,1280.728018,1272.889018,0.001001968,0.001005531,0.001008742,0.001011081,5698.975056,5698.975056,5698.975056,10440.06928,10440.06928,10440.06928,10440.06928,10440.06928
1/3/2015,2911.088717,5170.03131,3180.821109,3284.01243,3493.3599,3180.821109,5643.924908,9237.175059,6442.511116,5828.069607,8538.685629,6442.511116,6214.230262,9957.009469,6442.511116,6616.664491,9143.180057,6442.511116,1202.865055,1195.566871,0.001001968,0.001005531,0.001008742,0.001011081,4927.403659,4927.403659,4927.403659,9576.287111,9576.287111,9576.287111,9576.287111,9576.287111
1/4/2015,4932.783986,5273.098315,5551.608812,5201.613355,5170.03131,5551.608812,9531.498085,8970.363002,11175.17521,9392.010605,9237.175059,11175.17521,9442.855034,8538.685629,11175.17521,8081.728044,9957.009469,11175.17521,2476.822744,2460.271792,0.001001968,0.001005531,0.001008742,0.001011081,4614.82931,4614.82931,4614.82931,8960.594413,8960.594413,8960.594413,8960.594413,8960.594413
1/5/2015,4707.218631,4450.425496,5244.80537,5335.327611,5273.098315,5244.80537,10211.88789,7771.782285,11920.08985,10455.12848,8970.363002,11920.08985,10366.6735,9237.175059,11920.08985,10429.80845,8538.685629,11920.08985,2178.795784,2164.474193,0.001001968,0.001005531,0.001008742,0.001011081,4511.443659,4511.443659,4511.443659,8844.54743,8844.54743,8844.54743,8844.54743,8844.54743
1/6/2015,4192.976957,4837.079386,4651.360787,4470.611891,4450.425496,4651.360787,7144.618318,7336.990299,8240.870382,7125.112882,7771.782285,8240.870382,8059.107464,8970.363002,8240.870382,8059.579896,9237.175059,8240.870382,1936.548673,1924.013767,0.001001968,0.001005531,0.001008742,0.001011081,4434.849114,4434.849114,4434.849114,8738.906219,8738.906219,8738.906219,8738.906219,8738.906219
1/7/2015,4172.384885,3981.340844,4719.084316,4847.639517,4837.079386,4719.084316,7610.678577,6788.96794,8942.20444,7916.740225,7336.990299,8942.20444,8360.225953,7771.782285,8942.20444,8691.003529,8970.363002,8942.20444,2322.853081,2307.457945,0.001001968,0.001005531,0.001008742,0.001011081,4429.738372,4429.738372,4429.738372,8685.245747,8685.245747,8685.245747,8685.245747,8685.245747
1/8/2015,3416.899573,3461.122451,3805.415292,3988.826405,3981.340844,3805.415292,6614.990577,6448.999858,7672.225422,6918.160536,6788.96794,7672.225422,7434.808771,7336.990299,7672.225422,8176.585104,7771.782285,7672.225422,1689.518225,1678.778619,0.001001968,0.001005531,0.001008742,0.001011081,4425.475976,4425.475976,4425.475976,8674.264017,8674.264017,8674.264017,8674.264017,8674.264017
1/9/2015,3037.241052,3229.99095,3360.028797,3466.56282,3461.122451,3360.028797,5440.194305,6294.852418,6251.385154,5656.350697,6448.999858,6251.385154,6166.614341,6788.96794,6251.385154,6727.942518,7336.990299,6251.385154,1424.28875,1415.442207,0.001001968,0.001005531,0.001008742,0.001011081,4414.252807,4414.252807,4414.252807,8670.652222,8670.652222,8670.652222,8670.652222,8670.652222
1/10/2015,2850.039772,3024.112994,3155.407328,3234.013077,3229.99095,3155.407328,5436.361505,5850.841501,6259.394572,5612.110516,6294.852418,6259.394572,6014.560287,6448.999858,6259.394572,6409.928406,6788.96794,6259.394572,1358.971662,1350.585138,0.001001968,0.001005531,0.001008742,0.001011081,4403.778931,4403.778931,4403.778931,8662.102886,8662.102886,8662.102886,8662.102886,8662.102886
1/11/2015,2675.848077,2844.246665,2961.714934,3027.124889,3024.112994,2961.714934,5219.016048,5508.774694,6007.84229,5373.380442,5850.841501,6007.84229,5723.298058,6294.852418,6007.84229,6040.767208,6448.999858,6007.84229,1282.832638,1274.978963,0.001001968,0.001005531,0.001008742,0.001011081,4171.877111,4171.877111,4171.877111,8282.264722,8282.264722,8282.264722,8282.264722,8282.264722
1/12/2015,2522.348876,2692.623046,2790.32462,2846.485532,2844.246665,2790.32462,5077.211208,5242.405982,5840.471476,5214.602423,5508.774694,5840.471476,5527.867836,5850.841501,5840.471476,5778.635069,6294.852418,5840.471476,1211.840012,1204.479705,0.001001968,0.001005531,0.001008742,0.001011081,3897.085308,3897.085308,3897.085308,7657.463002,7657.463002,7657.463002,7657.463002,7657.463002
1/13/2015,2391.726575,2551.52064,2645.283776,2694.344331,2692.623046,2645.283776,5025.613755,5011.384493,5785.07839,5147.413795,5242.405982,5785.07839,5430.779242,5508.774694,5785.07839,5673.577687,5850.841501,5785.07839,1154.543431,1147.578735,0.001001968,0.001005531,0.001008742,0.001011081,3576.73833,3576.73833,3576.73833,7191.618118,7191.618118,7191.618118,7191.618118,7191.618118
1/14/2015,2269.809503,2424.005563,2509.395065,2552.842238,2551.52064,2509.395065,4671.713307,5210.917517,5370.669114,4785.999393,5011.384493,5370.669114,5052.614016,5242.405982,5370.669114,5284.332796,5508.774694,5370.669114,1098.428698,1091.849106,0.001001968,0.001005531,0.001008742,0.001011081,3262.559139,3262.559139,3262.559139,6716.556375,6716.556375,6716.556375,6716.556375,6716.556375
1/15/2015,2159.135764,2309.422056,2386.104062,2425.015468,2424.005563,2386.104062,4404.404024,8846.274035,5059.448427,4511.139799,5210.917517,5059.448427,4760.979039,5011.384493,5059.448427,4974.449069,5242.405982,5059.448427,1047.431595,1041.19987,0.001001968,0.001005531,0.001008742,0.001011081,3019.750013,3019.750013,3019.750013,6282.010213,6282.010213,6282.010213,6282.010213,6282.010213
1/16/2015,2059.209539,2204.703916,2275.017321,2310.193442,2309.422056,2275.017321,4205.659639,7076.61857,4830.229146,4304.974716,8846.274035,4830.229146,4539.017212,5210.917517,4830.229146,4737.978737,5011.384493,4830.229146,1002.145732,996.2211458,0.001001968,0.001005531,0.001008742,0.001011081,2828.933579,2828.933579,2828.933579,5927.164152,5927.164152,5927.164152,5927.164152,5927.164152
1/17/2015,1967.59606,2175.185324,2173.240594,2205.291029,2204.703916,2173.240594,4049.638201,5665.19011,4648.830765,4142.414998,7076.61857,4648.830765,4362.399729,8846.274035,4648.830765,4531.146972,5210.917517,4648.830765,960.68778,955.0428435,0.001001968,0.001005531,0.001008742,0.001011081,2667.908348,2667.908348,2667.908348,5640.683835,5640.683835,5640.683835,5640.683835,5640.683835
1/18/2015,1883.045695,2633.29296,2079.362616,2108.75968,2175.185324,2079.362616,4261.035481,5145.424228,4902.199144,4340.728587,5665.19011,4902.199144,4539.345848,7076.61857,4902.199144,4698.732363,8846.274035,4902.199144,922.4435068,917.0551923,0.001001968,0.001005531,0.001008742,0.001011081,2526.939323,2526.939323,2526.939323,5458.353805,5458.353805,5458.353805,5458.353805,5458.353805
1/19/2015,2307.730752,2155.507775,2624.713291,2650.300275,2633.29296,2624.713291,7919.946105,4784.259675,9390.932631,7982.133323,5145.424228,9390.932631,8185.402469,5665.19011,9390.932631,7850.986446,7076.61857,9390.932631,1414.386234,1405.609601,0.001001968,0.001005531,0.001008742,0.001011081,2486.492477,2486.492477,2486.492477,5834.875646,5834.875646,5834.875646,5834.875646,5834.875646
1/20/2015,1922.573413,2032.865174,2144.566646,2170.5351,2155.507775,2144.566646,6029.309044,6395.028714,7053.232189,6088.204242,4784.259675,7053.232189,6293.695258,5145.424228,7053.232189,6855.153823,5665.19011,7053.232189,1021.442286,1015.387035,0.001001968,0.001005531,0.001008742,0.001011081,2408.266321,2408.266321,2408.266321,5974.629785,5974.629785,5974.629785,5974.629785,5974.629785
1/21/2015,1817.246371,1953.604155,2022.180041,2036.240724,2032.865174,2022.180041,4156.937663,6085.283611,4808.577596,4225.982178,6395.028714,4808.577596,4428.801712,4784.259675,4808.577596,4663.074486,5145.424228,4808.577596,955.1433539,949.5357025,0.001001968,0.001005531,0.001008742,0.001011081,2330.107485,2330.107485,2330.107485,5959.638887,5959.638887,5959.638887,5959.638887,5959.638887
1/22/2015,1741.334431,1861.319827,1936.773431,1956.096863,1953.604155,1936.773431,4153.284334,5141.211151,4805.828715,4221.239897,6085.283611,4805.828715,4399.097047,6395.028714,4805.828715,4559.025689,4784.259675,4805.828715,917.4967495,912.1415305,0.001001968,0.001005531,0.001008742,0.001011081,2257.957768,2257.957768,2257.957768,5915.539163,5915.539163,5915.539163,5915.539163,5915.539163
1/23/2015,1659.757281,1882.252642,1843.60036,1863.187207,1861.319827,1843.60036,3916.820951,4691.794772,4524.457867,3982.987616,5141.211151,4524.457867,4157.030395,6085.283611,4524.457867,4309.799818,6395.028714,4524.457867,869.5960849,864.5601449,0.001001968,0.001005531,0.001008742,0.001011081,2190.407317,2190.407317,2190.407317,5864.304524,5864.304524,5864.304524,5864.304524,5864.304524
1/24/2015,1668.7127,1751.781577,1864.779813,1883.310216,1882.252642,1864.779813,5442.633755,4443.818963,6364.898531,5483.599349,4691.794772,6364.898531,5633.497013,5141.211151,6364.898531,5715.846817,6085.283611,6364.898531,926.8122571,921.3946952,0.001001968,0.001005531,0.001008742,0.001011081,2140.56741,2140.56741,2140.56741,6075.383174,6075.383174,6075.383174,6075.383174,6075.383174
1/25/2015,1568.495925,1681.985148,1741.959184,1752.748905,1751.781577,1741.959184,5095.177514,4273.458867,5936.239563,5125.282794,4443.818963,5936.239563,5255.009833,4691.794772,5936.239563,5496.983268,5141.211151,5936.239563,827.4134408,822.6568084,0.001001968,0.001005531,0.001008742,0.001011081,2085.758996,2085.758996,2085.758996,6208.986557,6208.986557,6208.986557,6208.986557,6208.986557
1/26/2015,1503.66882,1612.391773,1667.634185,1682.805487,1681.985148,1667.634185,4138.638045,4122.76571,4790.007792,4184.359523,4273.458867,4790.007792,4318.527633,4443.818963,4790.007792,4462.526997,4691.794772,4790.007792,787.2988034,782.8060867,0.001001968,0.001005531,0.001008742,0.001011081,1948.950512,1948.950512,1948.950512,5676.435992,5676.435992,5676.435992,5676.435992,5676.435992
1/27/2015,1441.199763,1549.352342,1596.850137,1613.021294,1612.391773,1596.850137,3886.064461,3994.534163,4489.90872,3932.865389,4122.76571,4489.90872,4068.421351,4273.458867,4489.90872,4201.164077,4443.818963,4489.90872,752.0938579,747.8313235,0.001001968,0.001005531,0.001008742,0.001011081,1864.364643,1864.364643,1864.364643,5331.315459,5331.315459,5331.315459,5331.315459,5331.315459
1/28/2015,1385.764226,1492.321513,1534.596752,1549.838714,1549.352342,1534.596752,3684.129914,3877.186698,4251.471973,3729.811195,3994.534163,4251.471973,3862.382,4122.76571,4251.471973,3990.417565,4273.458867,4251.471973,723.3218692,719.2464163,0.001001968,0.001005531,0.001008742,0.001011081,1792.175411,1792.175411,1792.175411,5168.077623,5168.077623,5168.077623,5168.077623,5168.077623
1/29/2015,1335.270485,1438.697913,1478.226801,1492.698286,1492.321513,1478.226801,3554.293929,4008.316225,4097.782991,3598.252922,3877.186698,4097.782991,3725.376744,3994.534163,4097.782991,3837.512627,4122.76571,4097.782991,698.5469215,694.6317803,0.001001968,0.001005531,0.001008742,0.001011081,1724.961348,1724.961348,1724.961348,5057.237915,5057.237915,5057.237915,5057.237915,5057.237915
1/30/2015,1287.720827,1388.05484,1425.221809,1438.990494,1438.697913,1425.221809,3443.096707,3817.456371,3966.385616,3485.245724,4008.316225,3966.385616,3607.14212,3877.186698,3966.385616,3713.722871,3994.534163,3966.385616,675.4441846,671.6778607,0.001001968,0.001005531,0.001008742,0.001011081,1662.632445,1662.632445,1662.632445,4969.480397,4969.480397,4969.480397,4969.480397,4969.480397
1/31/2015,1242.766728,1340.040013,1375.167274,1388.282831,1388.05484,1375.167274,3329.318919,3644.462589,3834.133142,3369.573489,3817.456371,3834.133142,3486.414238,4008.316225,3834.133142,3600.923948,3877.186698,3834.133142,653.7477721,650.1205937,0.001001968,0.001005531,0.001008742,0.001011081,1590.949815,1590.949815,1590.949815,4628.355575,4628.355575,4628.355575,4628.355575,4628.355575
2/1/2015,1200.113318,1294.382415,1327.713143,1340.218457,1340.040013,1327.713143,3238.845599,3540.187031,3727.070344,3277.4091,3644.462589,3727.070344,3389.551638,3817.456371,3727.070344,3484.465873,4008.316225,3727.070344,633.2330295,629.7368542,0.001001968,0.001005531,0.001008742,0.001011081,1531.665614,1531.665614,1531.665614,4314.708399,4314.708399,4314.708399,4314.708399,4314.708399
2/2/2015,1159.53085,1250.865774,1282.589456,1294.522899,1294.382415,1282.589456,3362.304868,3434.713781,3874.769892,3394.675954,3540.187031,3874.769892,3496.842435,3644.462589,3874.769892,3599.721439,3817.456371,3874.769892,613.7380295,610.3658209,0.001001968,0.001005531,0.001008742,0.001011081,1475.803973,1475.803973,1475.803973,4156.380224,4156.380224,4156.380224,4156.380224,4156.380224
2/3/2015,1120.834122,1209.312629,1239.580675,1250.977528,1250.865774,1239.580675,3211.39736,3337.097885,3695.129884,3243.894712,3434.713781,3695.129884,3343.825412,3540.187031,3695.129884,3430.353948,3644.462589,3695.129884,595.1419158,591.8874663,0.001001968,0.001005531,0.001008742,0.001011081,1422.824133,1422.824133,1422.824133,4034.976128,4034.976128,4034.976128,4034.976128,4034.976128
2/4/2015,1083.870593,1169.573529,1198.510686,1209.402806,1209.312629,1198.510686,3062.470776,3250.87922,3520.887143,3094.647649,3337.097885,3520.887143,3192.000938,3434.713781,3520.887143,3291.136055,3540.187031,3520.887143,577.3518377,574.2095799,0.001001968,0.001005531,0.001008742,0.001011081,1372.761076,1372.761076,1372.761076,3924.407915,3924.407915,3924.407915,3924.407915,3924.407915
2/5/2015,1048.510932,1131.520323,1159.231219,1169.647856,1169.573529,1159.231219,2963.027079,3233.167286,3405.193825,2993.995469,3250.87922,3405.193825,3087.816346,3337.097885,3405.193825,3182.567824,3434.713781,3405.193825,560.2937037,557.2585831,0.001001968,0.001005531,0.001008742,0.001011081,1325.298634,1325.298634,1325.298634,3820.729177,3820.729177,3820.729177,3820.729177,3820.729177
2/6/2015,1014.643432,1095.041016,1121.615003,1131.583232,1131.520323,1121.615003,2879.383831,3172.245517,3307.721207,2909.03084,3233.167286,3307.721207,2999.098178,3250.87922,3307.721207,3088.665161,3337.097885,3307.721207,543.9072318,540.9746133,0.001001968,0.001005531,0.001008742,0.001011081,1280.162438,1280.162438,1280.162438,3722.645122,3722.645122,3722.645122,3722.645122,3722.645122
2/7/2015,982.1706726,1060.037572,1085.55159,1095.096308,1095.041016,1085.55159,2808.924413,3057.645929,3225.098866,2837.341697,3172.245517,3225.098866,2924.28971,3233.167286,3225.098866,3002.881577,3250.87922,3225.098866,528.1422258,525.307825,0.001001968,0.001005531,0.001008742,0.001011081,1237.13757,1237.13757,1237.13757,3632.004713,3632.004713,3632.004713,3632.004713,3632.004713
2/8/2015,951.0069158,1026.539501,1050.944184,1060.088096,1060.037572,1050.944184,2742.665531,2971.550968,3147.521222,2769.768331,3057.645929,3147.521222,2853.124781,3172.245517,3147.521222,2933.124506,3233.167286,3147.521222,512.956402,510.2162314,0.001001968,0.001005531,0.001008742,0.001011081,1196.04928,1196.04928,1196.04928,3545.904376,3545.904376,3545.904376,3545.904376,3545.904376
2/9/2015,921.1706606,994.2011589,1017.826075,1026.587418,1026.539501,1017.826075,2727.391056,2891.621652,3130.383092,2752.241362,2971.550968,3130.383092,2831.121454,3057.645929,3130.383092,2909.738251,3172.245517,3130.383092,498.429782,495.7793927,0.001001968,0.001005531,0.001008742,0.001011081,1156.76774,1156.76774,1156.76774,3436.493751,3436.493751,3436.493751,3436.493751,3436.493751
2/10/2015,892.3704739,963.1210943,985.8410862,994.2485399,994.2011589,985.8410862,2675.645434,2807.740133,3070.562591,2699.002881,2891.621652,3070.562591,2774.385245,2971.550968,3070.562591,2854.246582,3057.645929,3070.562591,484.2614838,481.6983137,0.001001968,0.001005531,0.001008742,0.001011081,1119.145334,1119.145334,1119.145334,3344.423367,3344.423367,3344.423367,3344.423367,3344.423367
2/11/2015,864.691994,933.2237997,955.1048087,963.1693749,963.1210943,955.1048087,2573.562788,2738.473879,2951.939665,2596.40501,2807.740133,2951.939665,2669.577949,2891.621652,2951.939665,2750.830519,2971.550968,2951.939665,470.601844,468.1224275,0.001001968,0.001005531,0.001008742,0.001011081,1083.076807,1083.076807,1083.076807,3260.501119,3260.501119,3260.501119,3260.501119,3260.501119
2/12/2015,838.0623826,904.4400278,925.5339044,933.2738671,933.2237997,925.5339044,2491.946916,2685.217945,2858.57848,2513.75843,2738.473879,2858.57848,2584.210542,2807.740133,2858.57848,2669.312618,2891.621652,2858.57848,457.4074479,455.0086116,0.001001968,0.001005531,0.001008742,0.001011081,1048.46597,1048.46597,1048.46597,3179.921814,3179.921814,3179.921814,3179.921814,3179.921814
2/13/2015,812.421959,876.7149609,897.0609405,904.4927027,904.4400278,897.0609405,2430.612626,2620.491775,2787.122438,2451.423555,2685.217945,2787.122438,2518.971779,2738.473879,2787.122438,2590.629269,2807.740133,2787.122438,444.6472689,442.3260525,0.001001968,0.001005531,0.001008742,0.001011081,1015.226771,1015.226771,1015.226771,3103.200216,3103.200216,3103.200216,3103.200216,3103.200216
2/14/2015,787.7225224,849.9983782,869.6323323,876.77093,876.7149609,869.6323323,2383.672265,2558.159453,2731.253837,2403.653371,2620.491775,2731.253837,2469.151518,2685.217945,2731.253837,2525.327959,2738.473879,2731.253837,432.3011531,430.0547409,0.001001968,0.001005531,0.001008742,0.001011081,983.2817908,983.2817908,983.2817908,3030.421576,3030.421576,3030.421576,3030.421576,3030.421576
2/15/2015,763.9196058,824.2430982,843.1987166,850.0580247,849.9983782,843.1987166,2326.634732,2508.791831,2664.797685,2345.676077,2558.159453,2664.797685,2408.373374,2620.491775,2664.797685,2476.345449,2685.217945,2664.797685,420.3508246,418.1765324,0.001001968,0.001005531,0.001008742,0.001011081,952.560868,952.560868,952.560868,2959.360286,2959.360286,2959.360286,2959.360286,2959.360286
2/16/2015,740.9711221,799.4044275,817.7133905,824.3068244,824.2430982,817.7133905,2271.659251,2451.048761,2601.058314,2289.792711,2508.791831,2601.058314,2350.068737,2558.159453,2601.058314,2415.901438,2620.491775,2601.058314,408.7789542,406.6742222,0.001001968,0.001005531,0.001008742,0.001011081,922.9832235,922.9832235,922.9832235,2881.754517,2881.754517,2881.754517,2881.754517,2881.754517
2/17/2015,718.8379432,775.4425825,793.132913,799.4725728,799.4044275,793.132913,2229.079609,2395.554967,2550.432191,2246.448802,2451.048761,2550.432191,2304.681626,2508.791831,2550.432191,2357.75502,2558.159453,2550.432191,397.5693145,395.5316991,0.001001968,0.001005531,0.001008742,0.001011081,894.5121436,894.5121436,894.5121436,2805.541845,2805.541845,2805.541845,2805.541845,2805.541845
2/18/2015,697.484147,752.3181926,769.4175844,775.5152205,775.4425825,769.4175844,2178.51332,2364.079181,2491.549552,2195.049581,2395.554967,2491.549552,2250.861196,2451.048761,2491.549552,2312.467534,2508.791831,2491.549552,386.7079633,384.7351223,0.001001968,0.001005531,0.001008742,0.001011081,867.0893172,867.0893172,867.0893172,2737.955611,2737.955611,2737.955611,2737.955611,2737.955611
2/19/2015,676.8750643,729.9953216,746.5289068,752.3955171,752.3181926,746.5289068,2129.856197,2307.168144,2435.011682,2145.595505,2364.079181,2435.011682,2199.222903,2395.554967,2435.011682,2258.709128,2451.048761,2435.011682,376.1803349,374.2700299,0.001001968,0.001005531,0.001008742,0.001011081,840.6642711,840.6642711,840.6642711,2675.715859,2675.715859,2675.715859,2675.715859,2675.715859
2/20/2015,656.9782902,708.440017,724.4310725,730.0772294,729.9953216,724.4310725,2080.826501,2272.757123,2378.395574,2095.778914,2307.168144,2378.395574,2147.35736,2364.079181,2378.395574,2207.095708,2395.554967,2378.395574,365.9737633,364.1238475,0.001001968,0.001005531,0.001008742,0.001011081,815.1903824,815.1903824,815.1903824,2615.665297,2615.665297,2615.665297,2615.665297,2615.665297
2/21/2015,637.7642899,687.6195768,703.0913711,708.5266201,708.440017,703.0913711,2046.981181,2214.022865,2337.706877,2061.567196,2272.757123,2337.706877,2111.278708,2307.168144,2337.706877,2155.235033,2364.079181,2337.706877,356.0763185,354.2847313,0.001001968,0.001005531,0.001008742,0.001011081,790.6242586,790.6242586,790.6242586,2557.879522,2557.879522,2557.879522,2557.879522,2557.879522
2/22/2015,619.2039227,667.5038447,682.477535,687.7111575,687.6195768,682.477535,2041.719039,2156.577395,2329.089698,2055.4122,2214.022865,2329.089698,2102.603291,2272.757123,2329.089698,2139.335204,2307.168144,2329.089698,346.4762302,344.7409952,0.001001968,0.001005531,0.001008742,0.001011081,766.9252794,766.9252794,766.9252794,2508.423472,2508.423472,2508.423472,2508.423472,2508.423472
2/23/2015,601.269438,648.0639942,662.5588999,667.5999981,667.5038447,662.5588999,1975.669366,2122.220067,2253.024514,1988.986506,2156.577395,2253.024514,2034.465849,2214.022865,2253.024514,2096.688301,2272.757123,2253.024514,337.1625379,335.4817574,0.001001968,0.001005531,0.001008742,0.001011081,744.0552654,744.0552654,744.0552654,2457.280023,2457.280023,2457.280023,2457.280023,2457.280023
2/24/2015,583.9359291,629.2734227,643.307867,648.164508,648.0639942,643.307867,1922.900725,2072.061836,2192.417353,1935.492088,2122.220067,2192.417353,1978.895547,2156.577395,2192.417353,2039.99368,2214.022865,2192.417353,328.1250215,326.4968712,0.001001968,0.001005531,0.001008742,0.001011081,721.9784147,721.9784147,721.9784147,2404.780578,2404.780578,2404.780578,2404.780578,2404.780578
2/25/2015,567.1795793,611.1060348,624.6981346,629.3782649,629.2734227,624.6981346,1893.240696,2023.021183,2156.682525,1905.333028,2072.061836,2156.682525,1947.703936,2122.220067,2156.682525,1985.54518,2156.577395,2156.682525,319.3543669,317.7770898,0.001001968,0.001005531,0.001008742,0.001011081,700.6610197,700.6610197,700.6610197,2355.584906,2355.584906,2355.584906,2355.584906,2355.584906
2/26/2015,550.9771481,593.5378083,606.7039426,611.2149477,611.1060348,606.7039426,1849.239892,1979.017627,2105.662281,1860.660391,2023.021183,2105.662281,1901.008919,2072.061836,2105.662281,1954.411019,2122.220067,2105.662281,310.8409747,309.3128823,0.001001968,0.001005531,0.001008742,0.001011081,680.0712958,680.0712958,680.0712958,2307.278843,2307.278843,2307.278843,2307.278843,2307.278843
2/27/2015,535.3073032,576.545268,589.3017298,593.650699,593.5378083,589.3017298,1806.012338,1941.622215,2055.891209,1816.792328,1979.017627,2055.891209,1855.428844,2023.021183,2055.891209,1907.461957,2072.061836,2055.891209,302.5764498,301.0959143,0.001001968,0.001005531,0.001008742,0.001011081,660.1792558,660.1792558,660.1792558,2260.00433,2260.00433,2260.00433,2260.00433,2260.00433
2/28/2015,520.1491038,560.1068993,572.4683022,576.6619875,576.545268,572.4683022,1765.7217,2204.263354,2009.334047,1775.905517,1941.622215,2009.334047,1812.950695,1979.017627,2009.334047,1861.560412,2023.021183,2009.334047,294.5522283,293.1176829,0.001001968,0.001005531,0.001008742,0.001011081,640.9564728,640.9564728,640.9564728,2211.924792,2211.924792,2211.924792,2211.924792,2211.924792
3/1/2015,505.4833448,544.200808,556.1824065,560.2271549,560.1068993,556.1824065,1735.0296,2838.834096,1972.925845,1744.727477,2204.263354,1972.925845,1780.516345,1941.622215,1972.925845,1818.75224,1979.017627,1972.925845,286.7605138,285.3704476,0.001001968,0.001005531,0.001008742,0.001011081,622.3761129,622.3761129,622.3761129,2159.861941,2159.861941,2159.861941,2159.861941,2159.861941
3/2/2015,491.2907097,528.8073184,540.422639,544.3246201,544.200808,540.422639,1708.773927,2416.454944,1941.401168,1717.9939,2838.834096,1941.401168,1752.498458,2204.263354,1941.401168,1787.553758,1941.622215,1941.401168,279.1932598,277.8462188,0.001001968,0.001005531,0.001008742,0.001011081,604.4127639,604.4127639,604.4127639,2114.202096,2114.202096,2114.202096,2114.202096,2114.202096
3/3/2015,477.5534747,524.4902443,525.1693957,528.934432,528.8073184,525.1693957,1667.525346,2106.422555,1893.887822,1676.211514,2416.454944,1893.887822,1709.086101,2838.834096,1893.887822,1756.473978,2204.263354,1893.887822,271.8433048,270.5378862,0.001001968,0.001005531,0.001008742,0.001011081,587.0422505,587.0422505,587.0422505,2070.466764,2070.466764,2070.466764,2070.466764,2070.466764
3/4/2015,472.799208,504.2466377,520.9870278,524.6206515,524.4902443,520.9870278,1907.318413,1999.743983,2178.831614,1911.185365,2106.422555,2178.831614,1939.616756,2416.454944,2178.831614,1964.817716,2838.834096,2178.831614,275.2508648,273.9261701,0.001001968,0.001005531,0.001008742,0.001011081,571.7535185,571.7535185,571.7535185,2070.520351,2070.520351,2070.520351,2070.520351,2070.520351
3/5/2015,455.2290906,489.1215705,500.872358,504.379924,504.2466377,500.872358,2461.637566,1965.009028,2830.808101,2452.917989,1999.743983,2830.808101,2464.883535,2106.422555,2830.808101,2527.97956,2416.454944,2830.808101,262.5164006,261.2635553,0.001001968,0.001005531,0.001008742,0.001011081,556.1815265,556.1815265,556.1815265,2170.736814,2170.736814,2170.736814,2170.736814,2170.736814
3/6/2015,441.8256909,475.1802598,485.8711363,489.2576156,489.1215705,485.8711363,2071.446597,2101.724265,2369.807695,2069.608624,1965.009028,2369.807695,2088.913037,1999.743983,2369.807695,2141.000641,2106.422555,2369.807695,254.6240062,253.4154279,0.001001968,0.001005531,0.001008742,0.001011081,540.9712562,540.9712562,540.9712562,2216.432248,2216.432248,2216.432248,2216.432248,2216.432248
3/7/2015,429.4138318,461.7803377,472.0488187,475.3189248,475.1802598,472.0488187,1802.351834,4857.60446,2054.203248,1804.989265,2101.724265,2054.203248,1827.897159,1965.009028,2054.203248,1882.171656,1999.743983,2054.203248,247.6628088,246.4931018,0.001001968,0.001005531,0.001008742,0.001011081,526.2089893,526.2089893,526.2089893,2222.565887,2222.565887,2222.565887,2222.565887,2222.565887
3/8/2015,417.4735216,449.9641646,458.7635355,461.9219717,461.7803377,458.7635355,1709.610205,6175.95714,1945.241302,1712.937457,4857.60446,1945.241302,1736.20964,2101.724265,1945.241302,1783.215265,1965.009028,1945.241302,241.0030684,239.8703934,0.001001968,0.001005531,0.001008742,0.001011081,511.8924229,511.8924229,511.8924229,2217.882498,2217.882498,2217.882498,2217.882498,2217.882498
3/9/2015,406.9343448,444.3733571,447.1431386,450.1087869,449.9641646,447.1431386,1696.633735,4838.595732,1929.393385,1699.4968,6175.95714,1929.393385,1721.914328,4857.60446,1929.393385,1754.247026,2101.724265,1929.393385,235.6937431,234.5904787,0.001001968,0.001005531,0.001008742,0.001011081,498.1713475,498.1713475,498.1713475,2215.25088,2215.25088,2215.25088,2215.25088,2215.25088
3/10/2015,404.9712823,560.4647615,445.0965615,444.1318791,444.3733571,445.0965615,1859.88863,6381.389718,2118.300875,1856.057113,4838.595732,2118.300875,1875.339643,6175.95714,2118.300875,1884.666176,4857.60446,2118.300875,235.5974,234.4946684,0.001001968,0.001005531,0.001008742,0.001011081,485.7529893,485.7529893,485.7529893,2244.092728,2244.092728,2244.092728,2244.092728,2244.092728
3/11/2015,601.2474853,760.8008854,657.9412525,559.3058057,560.4647615,657.9412525,4621.401226,10786.10427,5365.78999,4482.774085,6381.389718,5365.78999,4431.701357,4838.595732,5365.78999,4232.686955,6175.95714,5365.78999,318.5689323,316.9962011,0.001001968,0.001005531,0.001008742,0.001011081,485.7078537,485.7078537,485.7078537,2647.128508,2647.128508,2647.128508,2647.128508,2647.128508
3/12/2015,1001.550205,1179.123395,1062.085618,761.344245,760.8008854,1062.085618,6211.332562,11292.78852,7177.825131,5852.119451,10786.10427,7177.825131,5617.661473,6381.389718,7177.825131,5557.68677,4838.595732,7177.825131,327.9132827,326.2863629,0.001001968,0.001005531,0.001008742,0.001011081,495.2497172,495.2497172,495.2497172,3168.029194,3168.029194,3168.029194,3168.029194,3168.029194
3/13/2015,1222.375167,1672.990391,1302.444629,1179.515292,1179.123395,1302.444629,4940.964458,10095.40862,5645.72084,4796.343382,11292.78852,5645.72084,4483.336796,10786.10427,5645.72084,4375.698018,6381.389718,5645.72084,423.9950476,421.7987929,0.001001968,0.001005531,0.001008742,0.001011081,546.7930444,546.7930444,546.7930444,3557.947398,3557.947398,3557.947398,3557.947398,3557.947398
3/14/2015,1597.450879,2933.705073,1741.753102,1662.547495,1672.990391,1741.753102,6632.666885,11045.25071,7680.218351,6537.864545,10095.40862,7680.218351,6403.318342,11292.78852,7680.218351,5751.418058,10786.10427,7680.218351,719.236595,715.1876272,0.001001968,0.001005531,0.001008742,0.001011081,688.194272,688.194272,688.194272,4247.601741,4247.601741,4247.601741,4247.601741,4247.601741
3/15/2015,2683.983187,2807.394677,3033.542685,2925.717809,2933.705073,3033.542685,11432.36381,10542.30198,13548.69677,11328.28483,11045.25071,13548.69677,11093.21743,10095.40862,13548.69677,10062.44554,11292.78852,13548.69677,1557.314544,1547.523351,0.001001968,0.001005531,0.001008742,0.001011081,981.6147283,981.6147283,981.6147283,5611.857897,5611.857897,5611.857897,5611.857897,5611.857897
3/16/2015,2446.629149,3346.662586,2706.644867,2762.508021,2807.394677,2706.644867,10714.90797,9746.357128,12610.06255,10743.21898,10542.30198,12610.06255,10624.9854,11045.25071,12610.06255,10969.68689,10095.40862,12610.06255,1180.479638,1173.336155,0.001001968,0.001005531,0.001008742,0.001011081,1281.817231,1281.817231,1281.817231,7040.484251,7040.484251,7040.484251,7040.484251,7040.484251
3/17/2015,3321.446136,4197.68617,3694.880539,3337.353517,3346.662586,3694.880539,9592.908921,10361.86677,11202.08585,9309.508362,9746.357128,11202.08585,9466.19327,10542.30198,11202.08585,8829.179308,11045.25071,11202.08585,1614.025484,1603.828579,0.001001968,0.001005531,0.001008742,0.001011081,1681.450555,1681.450555,1681.450555,8274.662645,8274.662645,8274.662645,8274.662645,8274.662645
3/18/2015,3768.996303,3622.72125,4243.490022,4204.152371,4197.68617,4243.490022,10963.18276,9399.697712,12904.00854,11016.02476,10361.86677,12904.00854,10892.4585,9746.357128,12904.00854,10548.16669,10542.30198,12904.00854,2024.341024,2011.161431,0.001001968,0.001005531,0.001008742,0.001011081,2142.540967,2142.540967,2142.540967,9207.732472,9207.732472,9207.732472,9207.732472,9207.732472
3/19/2015,3110.671556,2998.886316,3473.081948,3626.317117,3622.72125,3473.081948,9039.184568,8219.834451,10566.09323,9254.932944,9399.697712,10566.09323,9630.910828,10361.86677,10566.09323,9946.36013,9746.357128,10566.09323,1596.529757,1586.458201,0.001001968,0.001005531,0.001008742,0.001011081,2596.819557,2596.819557,2596.819557,9861.564759,9861.564759,9861.564759,9861.564759,9861.564759
3/20/2015,2601.544882,2679.707533,2876.672968,3000.349506,2998.886316,2876.672968,7411.938979,7415.034678,8592.764364,7583.819439,8219.834451,8592.764364,8026.618684,9399.697712,8592.764364,8751.380899,10361.86677,8592.764364,1242.338218,1234.766384,0.001001968,0.001005531,0.001008742,0.001011081,2940.742874,2940.742874,2940.742874,10539.87451,10539.87451,10539.87451,10539.87451,10539.87451
3/21/2015,2356.327129,2476.276462,2599.602612,2680.883098,2679.707533,2599.602612,7786.487158,6899.97784,9057.024046,7886.780498,7415.034678,9057.024046,8203.632614,8219.834451,9057.024046,8789.440555,9399.697712,9057.024046,1113.492881,1106.810141,0.001001968,0.001005531,0.001008742,0.001011081,3140.150583,3140.150583,3140.150583,10956.58636,10956.58636,10956.58636,10956.58636,10956.58636
3/22/2015,2189.89436,2299.509897,2414.453341,2477.309335,2476.276462,2414.453341,7279.608722,7262.182563,8457.096773,7358.907885,6899.97784,8457.096773,7602.338886,7415.034678,8457.096773,8050.724142,8219.834451,8457.096773,1038.081851,1031.913677,0.001001968,0.001005531,0.001008742,0.001011081,3151.619144,3151.619144,3151.619144,10577.78169,10577.78169,10577.78169,10577.78169,10577.78169
3/23/2015,2041.005063,2145.581524,2248.286981,2300.427534,2299.509897,2248.286981,6477.588566,12238.95719,7501.721781,6551.567751,7262.182563,7501.721781,6772.12543,6899.97784,7501.721781,7130.317429,7415.034678,7501.721781,967.5401397,961.8490848,0.001001968,0.001005531,0.001008742,0.001011081,3129.70451,3129.70451,3129.70451,9991.992167,9991.992167,9991.992167,9991.992167,9991.992167
3/24/2015,1909.251246,2016.519268,2102.044461,2146.405694,2145.581524,2102.044461,5910.175445,10557.46892,6830.087171,5978.302368,12238.95719,6830.087171,6183.581281,7262.182563,6830.087171,6487.276735,6899.97784,6830.087171,908.26339,902.9698847,0.001001968,0.001005531,0.001008742,0.001011081,2985.689464,2985.689464,2985.689464,9473.098908,9473.098908,9473.098908,9473.098908,9473.098908
3/25/2015,1802.240423,1949.946691,1983.4369,2017.266321,2016.519268,1983.4369,5566.519979,7909.386224,6424.116181,5623.461504,10557.46892,6424.116181,5810.11385,12238.95719,6424.116181,6065.714809,7262.182563,6424.116181,860.7245806,855.7475299,0.001001968,0.001005531,0.001008742,0.001011081,2748.268043,2748.268043,2748.268043,8776.324878,8776.324878,8776.324878,8776.324878,8776.324878
3/26/2015,1761.611527,2362.200011,1936.696028,1943.603117,1949.946691,1936.696028,6031.825027,8184.705404,6979.430335,6049.806509,7909.386224,6979.430335,6187.221798,10557.46892,6979.430335,6366.694991,12238.95719,6979.430335,835.1432422,830.3355622,0.001001968,0.001005531,0.001008742,0.001011081,2495.845696,2495.845696,2495.845696,8208.426133,8208.426133,8208.426133,8208.426133,8208.426133
3/27/2015,2245.811875,1986.064413,2475.456998,2360.208513,2362.200011,2475.456998,11187.89109,8233.71983,13169.05722,11022.85939,8184.705404,13169.05722,10852.86157,7909.386224,13169.05722,10743.57475,10557.46892,13169.05722,1031.387675,1025.264958,0.001001968,0.001005531,0.001008742,0.001011081,2337.152716,2337.152716,2337.152716,8545.377882,8545.377882,8545.377882,8545.377882,8545.377882
3/28/2015,1891.808749,2526.552773,2002.828595,1987.558637,1986.064413,2002.828595,9129.570514,8403.404807,10585.10061,9048.948076,8233.71983,10585.10061,8857.322556,8184.705404,10585.10061,9504.151078,7909.386224,10585.10061,505.3460676,502.6529768,0.001001968,0.001005531,0.001008742,0.001011081,2189.737794,2189.737794,2189.737794,8686.428599,8686.428599,8686.428599,8686.428599,8686.428599
3/29/2015,2480.432766,2950.549437,2732.210822,2527.215226,2526.552773,2732.210822,7019.714502,8806.784936,8125.162538,6854.016203,8403.404807,8125.162538,7124.244297,8233.71983,8125.162538,6492.063639,8184.705404,8125.162538,1155.944236,1148.969897,0.001001968,0.001005531,0.001008742,0.001011081,2194.225994,2194.225994,2194.225994,8591.799024,8591.799024,8591.799024,8591.799024,8591.799024
3/30/2015,2631.90476,2740.166781,2940.069304,2951.01776,2950.549437,2940.069304,7942.074966,7951.648978,9287.92419,7998.966629,8806.784936,9287.92419,8019.263545,8403.404807,9287.92419,7973.827651,8233.71983,9287.92419,1400.401965,1391.723956,0.001001968,0.001005531,0.001008742,0.001011081,2246.709811,2246.709811,2246.709811,8639.959671,8639.959671,8639.959671,8639.959671,8639.959671
3/31/2015,2469.679798,2832.234234,2719.852222,2740.606391,2740.166781,2719.852222,7233.281961,7639.245007,8378.990996,7291.845112,7951.648978,8378.990996,7400.187398,8806.784936,8378.990996,7601.72759,8403.404807,8378.990996,1143.95019,1137.058375,0.001001968,0.001005531,0.001008742,0.001011081,2311.561771,2311.561771,2311.561771,8808.248442,8808.248442,8808.248442,8808.248442,8808.248442
4/1/2015,2474.624685,3060.26625,2727.380829,2832.603777,2832.234234,2727.380829,7276.356851,10903.95365,8431.441388,7424.802214,7639.245007,8431.441388,7499.525114,7951.648978,8431.441388,7525.48827,8806.784936,8431.441388,1147.111119,1140.197566,0.001001968,0.001005531,0.001008742,0.001011081,2403.68909,2403.68909,2403.68909,9089.540285,9089.540285,9089.540285,9089.540285,9089.540285
4/2/2015,2636.16199,4381.705472,2915.818936,2949.018568,3060.26625,2915.818936,7809.93461,14952.23544,9076.293046,7888.288168,10903.95365,9076.293046,8053.27125,7639.245007,9076.293046,8003.53839,7951.648978,9076.293046,1253.664624,1246.01407,0.001001968,0.001005531,0.001008742,0.001011081,2538.928065,2538.928065,2538.928065,9359.083237,9359.083237,9359.083237,9359.083237,9359.083237
4/3/2015,4108.84648,7852.736441,4530.615719,3978.338843,4381.705472,4530.615719,8787.197718,14437.5893,10113.7055,8378.53586,14952.23544,10113.7055,8292.384358,10903.95365,10113.7055,7492.761548,7639.245007,10113.7055,1749.654102,1738.48013,0.001001968,0.001005531,0.001008742,0.001011081,2741.269785,2741.269785,2741.269785,8813.209689,8813.209689,8813.209689,8813.209689,8813.209689
4/4/2015,8609.628362,10846.53272,9614.514241,8007.437422,7852.736441,9614.514241,13219.56923,14567.7739,15261.59055,12045.82634,14437.5893,15261.59055,11342.68715,14952.23544,15261.59055,8015.571773,10903.95365,15261.59055,3787.556351,3760.876913,0.001001968,0.001005531,0.001008742,0.001011081,3402.392156,3402.392156,3402.392156,8608.507539,8608.507539,8608.507539,8608.507539,8608.507539
4/5/2015,10650.46898,12306.63378,12060.13286,10937.07635,10846.53272,12060.13286,16795.78356,15673.38645,19759.97626,16188.14923,14567.7739,19759.97626,16000.80094,14437.5893,19759.97626,13233.73654,14952.23544,19759.97626,5437.548589,5397.572773,0.001001968,0.001005531,0.001008742,0.001011081,4384.373662,4384.373662,4384.373662,9390.069028,9390.069028,9390.069028,9390.069028,9390.069028
4/6/2015,9510.801209,8440.445384,11067.01379,11983.23433,12306.63378,11067.01379,15923.19262,13462.76899,19199.17091,17376.99071,15673.38645,19199.17091,18262.5178,14567.7739,19199.17091,16656.71305,14437.5893,19199.17091,6070.659757,6025.460299,0.001001968,0.001005531,0.001008742,0.001011081,5625.29219,5625.29219,5625.29219,10719.62827,10719.62827,10719.62827,10719.62827,10719.62827
4/7/2015,7625.785954,9992.760025,8374.322016,8299.368968,8440.445384,8374.322016,11476.95651,14307.31523,13044.08413,11717.20537,13462.76899,13044.08413,13135.04439,15673.38645,13044.08413,15677.57363,14567.7739,13044.08413,2875.890987,2856.307526,0.001001968,0.001005531,0.001008742,0.001011081,6541.115138,6541.115138,6541.115138,11872.32152,11872.32152,11872.32152,11872.32152,11872.32152
4/8/2015,10211.2743,13559.62389,11348.30114,10019.00758,9992.760025,11348.30114,12509.27609,19796.04097,14345.39907,11684.00014,14307.31523,14345.39907,12575.21332,13462.76899,14345.39907,11874.78399,15673.38645,14345.39907,4310.52851,4279.690627,0.001001968,0.001005531,0.001008742,0.001011081,7562.481214,7562.481214,7562.481214,12732.48111,12732.48111,12732.48111,12732.48111,12732.48111
4/9/2015,11293.44408,12480.65446,12889.06611,12964.51014,13559.62389,12889.06611,16221.17988,21104.02291,19264.36867,16902.52556,19796.04097,19264.36867,17081.31107,14307.31523,19264.36867,15531.34813,13462.76899,19264.36867,6044.149697,5999.170137,0.001001968,0.001005531,0.001008742,0.001011081,8821.945345,8821.945345,8821.945345,13589.65584,13589.65584,13589.65584,13589.65584,13589.65584
4/10/2015,11774.12369,14210.67226,13119.20453,12482.07305,12480.65446,13119.20453,14361.09399,17374.84453,16546.91232,14335.39309,21104.02291,16546.91232,15367.24358,19796.04097,16546.91232,14800.30599,14307.31523,16546.91232,4847.824946,4812.658406,0.001001968,0.001005531,0.001008742,0.001011081,10081.7265,10081.7265,10081.7265,14567.57471,14567.57471,14567.57471,14567.57471,14567.57471
4/11/2015,13045.8783,14909.84951,14797.242,14545.60695,14210.67226,14797.242,14678.10363,18364.61499,17292.15661,15193.42168,17374.84453,17292.15661,16300.71998,21104.02291,17292.15661,14722.32437,19796.04097,17292.15661,6419.43277,6371.331269,0.001001968,0.001005531,0.001008742,0.001011081,11165.54233,11165.54233,11165.54233,15539.14909,15539.14909,15539.14909,15539.14909,15539.14909
4/12/2015,13226.86848,14070.42197,15246.26431,14865.13212,14909.84951,15246.26431,18682.0619,20021.20099,22485.11948,19033.97787,18364.61499,22485.11948,21417.80061,17374.84453,22485.11948,20305.83925,21104.02291,22485.11948,7636.977884,7578.624332,0.001001968,0.001005531,0.001008742,0.001011081,12006.63582,12006.63582,12006.63582,16429.02209,16429.02209,16429.02209,16429.02209,16429.02209
4/13/2015,11292.29868,11135.02064,12912.32972,13539.61848,14070.42197,12912.32972,16571.04439,17608.0638,19773.7091,17780.00781,20021.20099,19773.7091,19149.58858,18364.61499,19773.7091,21338.95758,17374.84453,19773.7091,6214.299792,6167.907156,0.001001968,0.001005531,0.001008742,0.001011081,12293.21938,12293.21938,12293.21938,16865.98978,16865.98978,16865.98978,16865.98978,16865.98978
4/14/2015,12177.66439,16965.61064,13318.68036,11316.78422,11135.02064,13318.68036,13457.94149,18775.44794,15165.32501,11973.24318,17608.0638,15165.32501,13801.97221,20021.20099,15165.32501,15198.47534,18364.61499,15165.32501,4276.945153,4246.376006,0.001001968,0.001005531,0.001008742,0.001011081,12723.94781,12723.94781,12723.94781,17003.82804,17003.82804,17003.82804,17003.82804,17003.82804
4/15/2015,15677.91525,16212.44567,17929.6666,17127.41862,16965.61064,17929.6666,19015.85826,19263.01652,22744.91101,19076.79053,18775.44794,22744.91101,19379.79492,17608.0638,22744.91101,16322.36026,20021.20099,22744.91101,8459.28293,8393.910001,0.001001968,0.001005531,0.001008742,0.001011081,13501.2887,13501.2887,13501.2887,17467.3991,17467.3991,17467.3991,17467.3991,17467.3991
4/16/2015,12751.18632,11937.24205,14532.14728,15936.54436,16212.44567,14532.14728,18705.49608,17746.63,22311.24538,20723.20221,19263.01652,22311.24538,21693.67277,18775.44794,22311.24538,21938.58844,17608.0638,22311.24538,6837.969422,6786.36418,0.001001968,0.001005531,0.001008742,0.001011081,14012.47926,14012.47926,14012.47926,18265.77113,18265.77113,18265.77113,18265.77113,18265.77113
4/17/2015,10194.78301,11718.9554,11218.5858,11771.88055,11937.24205,11218.5858,11789.7801,17476.81798,13417.07716,12786.52828,17746.63,13417.07716,15238.08695,19263.01652,13417.07716,17323.12147,18775.44794,13417.07716,3942.114302,3914.211929,0.001001968,0.001005531,0.001008742,0.001011081,14142.86831,14142.86831,14142.86831,18947.09069,18947.09069,18947.09069,18947.09069,18947.09069
4/18/2015,10080.39434,10386.32373,11274.631,11859.50003,11718.9554,11274.631,12626.9725,17489.1069,14675.86849,13703.00654,17476.81798,14675.86849,15453.9276,17746.63,14675.86849,16295.05892,19263.01652,14675.86849,4557.405207,4524.585071,0.001001968,0.001005531,0.001008742,0.001011081,13929.11837,13929.11837,13929.11837,19243.33741,19243.33741,19243.33741,19243.33741,19243.33741
4/19/2015,8320.43227,8638.010714,9353.573324,10410.5912,10386.32373,9353.573324,12992.8865,16247.21972,15246.96092,14418.99702,17489.1069,15246.96092,16043.79345,17476.81798,15246.96092,17588.9253,17746.63,15246.96092,4021.304519,3992.773543,0.001001968,0.001005531,0.001008742,0.001011081,13326.58306,13326.58306,13326.58306,18830.34526,18830.34526,18830.34526,18830.34526,18830.34526
4/20/2015,6744.729936,9068.890941,7525.655875,8291.884093,8638.010714,7525.655875,11095.63164,15022.31071,12893.9937,12150.55119,16247.21972,12893.9937,13922.50603,17489.1069,12893.9937,15582.25339,17476.81798,12893.9937,3067.25061,3046.195845,0.001001968,0.001005531,0.001008742,0.001011081,12749.80804,12749.80804,12749.80804,18207.95529,18207.95529,18207.95529,18207.95529,18207.95529
4/21/2015,8601.062533,10312.01571,9666.87158,9326.942602,9068.890941,9666.87158,14614.213,13590.45958,17030.52906,14699.96266,15022.31071,17030.52906,15792.48701,16247.21972,17030.52906,15006.62684,17489.1069,17030.52906,3972.486408,3944.343103,0.001001968,0.001005531,0.001008742,0.001011081,12383.48108,12383.48108,12383.48108,18111.53499,18111.53499,18111.53499,18111.53499,18111.53499
4/22/2015,9147.351761,8776.320575,10477.76814,10504.13618,10312.01571,10477.76814,16043.57261,11745.17306,19060.69571,16534.77443,13590.45958,19060.69571,17331.53148,15022.31071,19060.69571,17148.25717,16247.21972,19060.69571,5093.930804,5056.76426,0.001001968,0.001005531,0.001008742,0.001011081,11649.56931,11649.56931,11649.56931,17959.03566,17959.03566,17959.03566,17959.03566,17959.03566
4/23/2015,7222.216126,6647.224426,8288.915352,8838.934877,8776.320575,8288.915352,12185.77187,10207.0436,14464.60817,13118.33624,11745.17306,14464.60817,14635.19373,13590.45958,14464.60817,15726.59758,15022.31071,14464.60817,4221.973451,4191.843708,0.001001968,0.001005531,0.001008742,0.001011081,10806.28021,10806.28021,10806.28021,17253.72144,17253.72144,17253.72144,17253.72144,17253.72144
4/24/2015,5596.21654,5691.613001,6315.986626,6689.773852,6647.224426,6315.986626,9192.996594,9163.261135,10727.64811,9835.31852,10207.0436,10727.64811,11233.39237,11745.17306,10727.64811,13487.05529,13590.45958,10727.64811,2924.08712,2904.134088,0.001001968,0.001005531,0.001008742,0.001011081,9973.457426,9973.457426,9973.457426,16403.31926,16403.31926,16403.31926,16403.31926,16403.31926
4/25/2015,4886.044742,5284.68426,5501.833037,5719.466066,5691.613001,5501.833037,8005.288068,8484.286084,9319.092891,8453.200447,9163.261135,9319.092891,9524.432407,10207.0436,9319.092891,10934.45451,11745.17306,9319.092891,2541.905012,2524.863022,0.001001968,0.001005531,0.001008742,0.001011081,9074.491715,9074.491715,9074.491715,15481.01773,15481.01773,15481.01773,15481.01773,15481.01773
4/26/2015,4543.624972,4917.104251,5135.138193,5305.096558,5284.68426,5135.138193,7869.403981,7972.873854,9202.492371,8250.171427,8484.286084,9202.492371,9057.045019,9163.261135,9202.492371,9865.979778,10207.0436,9202.492371,2463.403864,2446.953976,0.001001968,0.001005531,0.001008742,0.001011081,8279.352493,8279.352493,8279.352493,14500.58436,14500.58436,14500.58436,14500.58436,14500.58436
4/27/2015,4234.447219,4560.848238,4793.645614,4932.641891,4917.104251,4793.645614,7351.531877,7544.636616,8606.690057,7689.579692,7972.873854,8606.690057,8399.081275,8484.286084,8606.690057,8972.814677,9163.261135,8606.690057,2347.523863,2331.9441,0.001001968,0.001005531,0.001008742,0.001011081,7670.853226,7670.853226,7670.853226,13498.68319,13498.68319,13498.68319,13498.68319,13498.68319
4/28/2015,3953.611293,4316.548529,4473.3923,4572.881173,4560.848238,4473.3923,6780.972835,7185.566783,7930.089062,7067.657824,7544.636616,7930.089062,7706.860173,7972.873854,7930.089062,8214.828616,8484.286084,7930.089062,2199.705288,2185.228366,0.001001968,0.001005531,0.001008742,0.001011081,6987.087662,6987.087662,6987.087662,12331.57772,12331.57772,12331.57772,12331.57772,12331.57772
4/29/2015,3755.314095,4121.461732,4252.09149,4325.997263,4316.548529,4252.09149,6403.972589,6883.005702,7491.815994,6657.387947,7185.566783,7491.815994,7234.231253,7544.636616,7491.815994,7625.181898,7972.873854,7491.815994,2116.01,2102.153794,0.001001968,0.001005531,0.001008742,0.001011081,6170.00602,6170.00602,6170.00602,11063.30433,11063.30433,11063.30433,11063.30433,11063.30433
4/30/2015,3588.135937,3926.833121,4066.802602,4128.965703,4121.461732,4066.802602,6153.98713,6611.886917,7205.086916,6388.143604,6883.005702,7205.086916,6920.996436,7185.566783,7205.086916,7238.36478,7544.636616,7205.086916,2050.66422,2037.290689,0.001001968,0.001005531,0.001008742,0.001011081,5430.119116,5430.119116,5430.119116,9908.881467,9908.881467,9908.881467,9908.881467,9908.881467
5/1/2015,3417.980215,3744.420831,3874.861609,3932.84695,3926.833121,3874.861609,5885.962345,6357.15349,6890.700869,6107.794613,6611.886917,6890.700869,6606.906576,6883.005702,6890.700869,6899.091936,7185.566783,6890.700869,1968.978216,1956.205557,0.001001968,0.001005531,0.001008742,0.001011081,4939.775656,4939.775656,4939.775656,8926.663392,8926.663392,8926.663392,8926.663392,8926.663392
5/2/2015,3263.014575,3584.532685,3699.309619,3749.287731,3744.420831,3699.309619,5633.295127,6109.384874,6592.997229,5839.639193,6357.15349,6592.997229,6314.163615,6611.886917,6592.997229,6580.260337,6883.005702,6592.997229,1891.030848,1878.82887,0.001001968,0.001005531,0.001008742,0.001011081,4595.040882,4595.040882,4595.040882,8227.782307,8227.782307,8227.782307,8227.782307,8227.782307
5/3/2015,3125.376247,3436.140057,3543.982025,3588.508993,3584.532685,3543.982025,5424.343709,5915.157558,6348.380731,5618.356088,6109.384874,6348.380731,6066.979052,6357.15349,6348.380731,6312.861742,6611.886917,6348.380731,1824.043401,1812.32968,0.001001968,0.001005531,0.001008742,0.001011081,4318.609647,4318.609647,4318.609647,7725.102965,7725.102965,7725.102965,7725.102965,7725.102965
5/4/2015,2997.186908,3297.609222,3399.030393,3439.420851,3436.140057,3399.030393,5223.152071,5848.776495,6113.889395,5406.343727,5915.157558,6113.889395,5832.490591,6109.384874,6113.889395,6070.464896,6357.15349,6113.889395,1760.083098,1748.833616,0.001001968,0.001005531,0.001008742,0.001011081,4083.272563,4083.272563,4083.272563,7323.372998,7323.372998,7323.372998,7323.372998,7323.372998
5/5/2015,2876.971576,3254.317127,3262.744503,3299.409109,3297.609222,3262.744503,4995.055095,5647.957526,5852.445443,5167.810354,5848.776495,5852.445443,5573.385287,5915.157558,5852.445443,5832.680042,6109.384874,5852.445443,1698.288964,1687.486118,0.001001968,0.001005531,0.001008742,0.001011081,3884.057991,3884.057991,3884.057991,6980.185164,6980.185164,6980.185164,6980.185164,6980.185164
5/6/2015,2852.133613,3284.204723,3237.083837,3256.782075,3254.317127,3237.083837,4922.558027,5474.084246,5769.233842,5078.809,5647.957526,5769.233842,5450.289932,5848.776495,5769.233842,5572.45594,5915.157558,5769.233842,1697.105591,1686.31128,0.001001968,0.001005531,0.001008742,0.001011081,3715.481226,3715.481226,3715.481226,6685.78304,6685.78304,6685.78304,6685.78304,6685.78304
5/7/2015,2852.593178,2987.302527,3245.940799,3286.776996,3284.204723,3245.940799,4935.881321,5222.23532,5796.821375,5116.237232,5474.084246,5796.821375,5459.98526,5647.957526,5796.821375,5511.1211,5848.776495,5796.821375,1732.900344,1721.847565,0.001001968,0.001005531,0.001008742,0.001011081,3578.279965,3578.279965,3578.279965,6437.136795,6437.136795,6437.136795,6437.136795,6437.136795
5/8/2015,2607.559833,2823.318272,2955.232565,2989.023271,2987.302527,2955.232565,4701.43062,5019.811167,5499.392065,4855.384701,5222.23532,5499.392065,5261.364857,5474.084246,5499.392065,5514.695753,5647.957526,5499.392065,1549.241936,1539.508354,0.001001968,0.001005531,0.001008742,0.001011081,3444.029959,3444.029959,3444.029959,6235.628039,6235.628039,6235.628039,6235.628039,6235.628039
5/9/2015,2467.57325,2721.59171,2796.968074,2824.774829,2823.318272,2796.968074,4393.638521,4853.584776,5135.282449,4536.994535,5019.811167,5135.282449,4910.361729,5222.23532,5135.282449,5145.606591,5474.084246,5135.282449,1478.076017,1468.848739,0.001001968,0.001005531,0.001008742,0.001011081,3310.799065,3310.799065,3310.799065,6037.366699,6037.366699,6037.366699,6037.366699,6037.366699
5/10/2015,2378.370542,2623.7814,2697.143343,2722.88008,2721.59171,2697.143343,4320.781719,4698.310082,5052.137849,4456.601153,4853.584776,5052.137849,4787.371207,5019.811167,5052.137849,4979.67723,5222.23532,5052.137849,1436.990555,1428.054256,0.001001968,0.001005531,0.001008742,0.001011081,3182.942277,3182.942277,3182.942277,5840.411479,5840.411479,5840.411479,5840.411479,5840.411479
5/11/2015,2293.168914,2530.503862,2600.368327,2624.56533,2623.7814,2600.368327,4175.343163,4550.827182,4880.903587,4305.472608,4698.310082,4880.903587,4618.262599,4853.584776,4880.903587,4781.66003,5019.811167,4880.903587,1391.195524,1382.582379,0.001001968,0.001005531,0.001008742,0.001011081,3062.282965,3062.282965,3062.282965,5651.189348,5651.189348,5651.189348,5651.189348,5651.189348
5/12/2015,2214.052715,2443.35365,2510.189237,2531.595909,2530.503862,2510.189237,4039.320326,4247.585298,4720.700426,4162.635399,4550.827182,4720.700426,4462.792627,4698.310082,4720.700426,4615.835712,4853.584776,4720.700426,1347.115527,1338.81222,0.001001968,0.001005531,0.001008742,0.001011081,2948.784738,2948.784738,2948.784738,5478.161102,5478.161102,5478.161102,5478.161102,5478.161102
5/13/2015,2135.594708,2352.569517,2421.306962,2444.580567,2443.35365,2421.306962,3906.200055,4245.751418,4565.542824,4027.39829,4247.585298,4565.542824,4314.657128,4550.827182,4565.542824,4466.288949,4698.310082,4565.542824,1305.531837,1297.519697,0.001001968,0.001005531,0.001008742,0.001011081,2833.386739,2833.386739,2833.386739,5310.682954,5310.682954,5310.682954,5310.682954,5310.682954
5/14/2015,2058.929824,2285.11259,2333.528899,2353.447796,2352.569517,2333.528899,3784.862131,4826.919407,4421.71426,3898.525766,4245.751418,4421.71426,4176.761825,4247.585298,4421.71426,4318.617698,4550.827182,4421.71426,1260.760831,1253.060913,0.001001968,0.001005531,0.001008742,0.001011081,2705.983758,2705.983758,2705.983758,5135.282108,5135.282108,5135.282108,5135.282108,5135.282108
5/15/2015,1991.231364,2245.742717,2256.865302,2275.931343,2285.11259,2256.865302,3680.602696,4570.252542,4299.168315,3790.004346,4826.919407,4299.168315,4056.02882,4245.751418,4299.168315,4185.87198,4247.585298,4299.168315,1224.848868,1217.398414,0.001001968,0.001005531,0.001008742,0.001011081,2594.124628,2594.124628,2594.124628,4941.683904,4941.683904,4941.683904,4941.683904,4941.683904
5/16/2015,1920.707236,2435.632938,2172.581431,2204.964313,2245.742717,2172.581431,3440.107726,4455.296473,4008.599867,3561.146936,4570.252542,4008.599867,3794.762253,4826.919407,4008.599867,3928.160166,4245.751418,4008.599867,1163.22616,1156.201666,0.001001968,0.001005531,0.001008742,0.001011081,2495.256293,2495.256293,2495.256293,4747.003385,4747.003385,4747.003385,4747.003385,4747.003385
5/17/2015,2310.301656,2705.145424,2607.518109,2451.466979,2435.632938,2607.518109,3937.629607,4418.438855,4584.450102,3890.537438,4455.296473,4584.450102,4115.747134,4570.252542,4584.450102,3914.814184,4826.919407,4584.450102,1337.193811,1328.960076,0.001001968,0.001005531,0.001008742,0.001011081,2443.741323,2443.741323,2443.741323,4603.918785,4603.918785,4603.918785,4603.918785,4603.918785
5/18/2015,2362.826443,2348.469743,2691.774947,2716.363419,2705.145424,2691.774947,4511.334383,4283.114428,5303.467183,4642.754447,4418.438855,5303.467183,4784.013729,4455.296473,5303.467183,4697.23988,4570.252542,5303.467183,1484.309511,1475.037999,0.001001968,0.001005531,0.001008742,0.001011081,2430.56052,2430.56052,2430.56052,4580.799603,4580.799603,4580.799603,4580.799603,4580.799603
5/19/2015,2087.386543,2389.006013,2345.89381,2336.671179,2348.469743,2345.89381,3855.580233,4096.628317,4474.586141,3933.442958,4283.114428,4474.586141,4221.337709,4418.438855,4474.586141,4430.197155,4455.296473,4474.586141,1189.4089,1182.203752,0.001001968,0.001005531,0.001008742,0.001011081,2406.221491,2406.221491,2406.221491,4556.179873,4556.179873,4556.179873,4556.179873,4556.179873
5/20/2015,2066.926832,2071.101389,2338.295531,2407.508489,2389.006013,2338.295531,3594.441445,3819.085569,4191.700767,3760.099107,4096.628317,4191.700767,3985.938369,4283.114428,4191.700767,4053.204436,4418.438855,4191.700767,1241.820142,1234.251906,0.001001968,0.001005531,0.001008742,0.001011081,2393.718937,2393.718937,2393.718937,4524.767476,4524.767476,4524.767476,4524.767476,4524.767476
5/21/2015,1803.796691,1928.261855,2033.788272,2084.404404,2071.101389,2033.788272,3448.515966,3629.600058,4008.987211,3575.116757,3819.085569,4008.987211,3903.038337,4096.628317,4008.987211,4130.051812,4283.114428,4008.987211,1075.066355,1068.646381,0.001001968,0.001005531,0.001008742,0.001011081,2368.358883,2368.358883,2368.358883,4487.915811,4487.915811,4487.915811,4487.915811,4487.915811
5/22/2015,1683.60003,1837.68963,1899.200249,1929.184483,1928.261855,1899.200249,3253.86044,3489.214357,3779.285933,3355.014866,3629.600058,3779.285933,3620.61702,3819.085569,3779.285933,3855.145147,4096.628317,3779.285933,1018.951841,1012.913471,0.001001968,0.001005531,0.001008742,0.001011081,2325.239867,2325.239867,2325.239867,4441.907207,4441.907207,4441.907207,4441.907207,4441.907207
5/23/2015,1607.419193,1760.939669,1812.813162,1837.993651,1837.68963,1812.813162,3174.021745,3309.858515,3685.596144,3265.830202,3489.214357,3685.596144,3483.412702,3629.600058,3685.596144,3658.108395,3819.085569,3685.596144,976.3271033,970.5768491,0.001001968,0.001005531,0.001008742,0.001011081,2276.921462,2276.921462,2276.921462,4399.271373,4399.271373,4399.271373,4399.271373,4399.271373
5/24/2015,1546.686467,1703.413566,1743.50905,1761.267192,1760.939669,1743.50905,3025.915359,3003.702935,3513.20562,3107.667555,3309.858515,3513.20562,3311.169448,3489.214357,3513.20562,3453.289383,3629.600058,3513.20562,940.3206019,934.8124954,0.001001968,0.001005531,0.001008742,0.001011081,2188.370281,2188.370281,2188.370281,4313.610413,4313.610413,4313.610413,4313.610413,4313.610413
5/25/2015,1497.409585,1653.346893,1688.186195,1703.768241,1703.413566,1688.186195,2921.88702,3760.217439,3392.96952,2999.480388,3003.702935,3392.96952,3189.900769,3309.858515,3392.96952,3302.671516,3489.214357,3392.96952,915.2838677,909.9434464,0.001001968,0.001005531,0.001008742,0.001011081,2067.301838,2067.301838,2067.301838,4116.38883,4116.38883,4116.38883,4116.38883,4116.38883
5/26/2015,1448.349793,1663.374894,1632.720311,1647.289734,1653.346893,1632.720311,2812.708714,3693.394842,3269.461421,2886.824814,3760.217439,3269.461421,3068.435355,3003.702935,3269.461421,3195.547404,3309.858515,3269.461421,888.4657595,883.3043064,0.001001968,0.001005531,0.001008742,0.001011081,1962.643717,1962.643717,1962.643717,3924.398904,3924.398904,3924.398904,3924.398904,3924.398904
5/27/2015,1438.354782,1813.763953,1620.797484,1620.246411,1663.374894,1620.797484,2742.698547,3354.148057,3181.293902,2803.085305,3693.394842,3181.293902,2978.954494,3760.217439,3181.293902,3017.179082,3003.702935,3181.293902,879.0496686,873.9508905,0.001001968,0.001005531,0.001008742,0.001011081,1854.462542,1854.462542,1854.462542,3744.43089,3744.43089,3744.43089,3744.43089,3744.43089
5/28/2015,1615.676806,1862.904073,1826.063069,1827.401557,1813.763953,1826.063069,2862.196357,6149.814609,3311.423951,2944.328034,3354.148057,3311.423951,3068.673395,3693.394842,3311.423951,2836.807272,3760.217439,3311.423951,982.7734404,976.9797133,0.001001968,0.001005531,0.001008742,0.001011081,1789.725345,1789.725345,1789.725345,3572.524108,3572.524108,3572.524108,3572.524108,3572.524108
5/29/2015,1692.752998,1629.81669,1915.720947,1895.028068,1862.904073,1915.720947,3490.206222,9495.426903,4070.548855,3538.648541,6149.814609,4070.548855,3699.926933,3354.148057,4070.548855,3720.507575,3693.394842,4070.548855,1046.106545,1039.883831,0.001001968,0.001005531,0.001008742,0.001011081,1770.115807,1770.115807,1770.115807,3536.50495,3536.50495,3536.50495,3536.50495,3536.50495
5/30/2015,1424.442542,1583.191046,1609.06421,1624.577245,1629.81669,1609.06421,2950.380726,9729.082037,3428.734873,3022.905809,9495.426903,3428.734873,3258.414551,6149.814609,3428.734873,3477.59699,3354.148057,3428.734873,893.1639282,887.9711716,0.001001968,0.001005531,0.001008742,0.001011081,1744.940452,1744.940452,1744.940452,3508.315331,3508.315331,3508.315331,3508.315331,3508.315331
5/31/2015,1330.676582,2514.886173,1498.04848,1534.21438,1583.191046,1498.04848,2649.882714,8161.917679,3053.654732,2744.799079,9729.082037,3053.654732,2905.807618,9495.426903,3053.654732,2995.825839,6149.814609,3053.654732,814.9035036,810.2293562,0.001001968,0.001005531,0.001008742,0.001011081,1709.197363,1709.197363,1709.197363,3458.342978,3458.342978,3458.342978,3458.342978,3458.342978
6/1/2015,2132.934071,3239.239233,2478.989933,2469.229146,2514.886173,2478.989933,6533.200174,6085.45649,7713.596898,6622.29115,8161.917679,7713.596898,6757.043975,9729.082037,7713.596898,5403.23724,9495.426903,7713.596898,1549.231308,1539.497801,0.001001968,0.001005531,0.001008742,0.001011081,1792.780101,1792.780101,1792.780101,3896.312559,3896.312559,3896.312559,3896.312559,3896.312559
6/2/2015,2841.276214,2338.002522,3337.85552,3284.598638,3239.239233,3337.85552,10106.65246,4853.18071,12058.10277,10143.68583,6085.45649,12058.10277,10299.05856,8161.917679,12058.10277,9630.816522,9729.082037,12058.10277,2142.433141,2128.38127,0.001001968,0.001005531,0.001008742,0.001011081,1997.677183,1997.677183,1997.677183,4900.274718,4900.274718,4900.274718,4900.274718,4900.274718
6/3/2015,2008.247426,1601.193917,2316.844225,2375.245057,2338.002522,2316.844225,8338.478502,3937.696178,9814.809323,8434.25573,4853.18071,9814.809323,8723.143789,6085.45649,9814.809323,9507.300191,8161.917679,9814.809323,1392.494493,1383.872199,0.001001968,0.001005531,0.001008742,0.001011081,2117.965484,2117.965484,2117.965484,5912.152917,5912.152917,5912.152917,5912.152917,5912.152917
6/4/2015,1569.416429,1806.041255,1752.392544,1609.012333,1601.193917,1752.392544,5525.748579,3912.309457,6390.038795,5404.549836,3937.696178,6390.038795,5721.958371,4853.18071,6390.038795,6863.999563,6085.45649,6390.038795,878.8516927,873.7542315,0.001001968,0.001005531,0.001008742,0.001011081,2125.763606,2125.763606,2125.763606,6588.686361,6588.686361,6588.686361,6588.686361,6588.686361
6/5/2015,1555.860834,1494.995214,1770.146819,1802.639121,1806.041255,1770.146819,4117.028799,6550.439905,4784.929968,4205.875006,3912.309457,4784.929968,4318.762172,3937.696178,4784.929968,4612.183981,4853.18071,4784.929968,1027.188879,1021.094655,0.001001968,0.001005531,0.001008742,0.001011081,2107.582183,2107.582183,2107.582183,6786.15473,6786.15473,6786.15473,6786.15473,6786.15473
6/6/2015,1237.06694,1351.035537,1389.067454,1495.118926,1494.995214,1389.067454,3618.847207,7173.44202,4175.097316,3758.730236,6550.439905,4175.097316,3891.642129,3912.309457,4175.097316,4267.070931,3937.696178,4175.097316,745.2361632,741.0183055,0.001001968,0.001005531,0.001008742,0.001011081,2081.007359,2081.007359,2081.007359,6896.354527,6896.354527,6896.354527,6896.354527,6896.354527
6/7/2015,1206.441626,1802.794903,1343.5338,1335.507095,1351.035537,1343.5338,2942.252881,6359.858712,3368.460301,2973.155328,7173.44202,3368.460301,3171.543569,6550.439905,3368.460301,3365.418111,3912.309457,3368.460301,679.6367246,675.8434436,0.001001968,0.001005531,0.001008742,0.001011081,2063.55771,2063.55771,2063.55771,6969.16363,6969.16363,6969.16363,6969.16363,6969.16363
6/8/2015,1407.311917,3123.967911,1600.592343,1600.274179,1802.794903,1600.592343,3378.7624,5979.891734,3930.867636,3435.785842,6359.858712,3930.867636,3589.950743,7173.44202,3930.867636,3450.398983,6550.439905,3930.867636,927.37858,921.9572254,0.001001968,0.001005531,0.001008742,0.001011081,1960.531722,1960.531722,1960.531722,6563.948571,6563.948571,6563.948571,6563.948571,6563.948571
6/9/2015,2516.853632,1970.738072,2975.611031,3184.500132,3123.967911,2975.611031,6970.641233,4406.421429,8361.546793,7321.951295,5979.891734,8361.546793,7223.892276,6359.858712,8361.546793,6019.021779,7173.44202,8361.546793,1875.984643,1863.892512,0.001001968,0.001005531,0.001008742,0.001011081,1910.228979,1910.228979,1910.228979,6041.395798,6041.395798,6041.395798,6041.395798,6041.395798
6/10/2015,2342.349744,3218.477784,2604.028396,2063.547318,1970.738072,2604.028396,7002.923399,4239.20965,8174.104701,6501.18848,4406.421429,8174.104701,6968.759025,5979.891734,8174.104701,7628.431955,6359.858712,8174.104701,1147.064233,1140.151003,0.001001968,0.001005531,0.001008742,0.001011081,1897.37351,1897.37351,1897.37351,5673.824391,5673.824391,5673.824391,5673.824391,5673.824391
6/11/2015,2931.017942,2678.108679,3411.628321,3235.373613,3218.477784,3411.628321,5614.572813,3997.22383,6723.641157,5591.008044,4239.20965,6723.641157,5716.611322,4406.421429,6723.641157,5273.206196,5979.891734,6723.641157,2120.525951,2106.636324,0.001001968,0.001005531,0.001008742,0.001011081,2057.946122,2057.946122,2057.946122,5440.402292,5440.402292,5440.402292,5440.402292,5440.402292
6/12/2015,2083.694002,1727.577413,2406.932849,2654.254463,2678.108679,2406.932849,4989.942766,5083.876482,5918.684356,5322.130643,3997.22383,5918.684356,5499.542125,4239.20965,5918.684356,5970.391952,4406.421429,5918.684356,1483.331208,1474.06664,0.001001968,0.001005531,0.001008742,0.001011081,2175.836187,2175.836187,2175.836187,5514.805203,5514.805203,5514.805203,5514.805203,5514.805203
6/13/2015,1418.59831,1673.676711,1569.557217,1735.718364,1727.577413,1569.557217,2633.839589,8250.46551,2992.6457,2858.350206,5083.876482,2992.6457,3135.388075,3997.22383,2992.6457,3850.97048,4239.20965,2992.6457,701.6152419,697.6802866,0.001001968,0.001005531,0.001008742,0.001011081,2229.281431,2229.281431,2229.281431,5557.101548,5557.101548,5557.101548,5557.101548,5557.101548
6/14/2015,1604.674153,1237.543098,1760.575662,1625.40783,1673.676711,1760.575662,3130.867416,8426.754585,3537.402265,3050.770481,8250.46551,3537.402265,3320.829037,5083.876482,3537.402265,3344.803599,3997.22383,3537.402265,744.8073287,740.592263,0.001001968,0.001005531,0.001008742,0.001011081,2278.100926,2278.100926,2278.100926,5625.254524,5625.254524,5625.254524,5625.254524,5625.254524
6/15/2015,787.1343485,979.156698,821.8295986,1192.523812,1237.543098,821.8295986,3279.101785,6704.629049,3600.127919,3670.990804,8426.754585,3600.127919,3390.433978,8250.46551,3600.127919,3755.111091,5083.876482,3600.127919,0.001000564,0.001006515,0.001001968,0.001005531,0.001008742,0.001011081,2184.505523,2184.505523,2184.505523,5709.611854,5709.611854,5709.611854,5709.611854,5709.611854
6/16/2015,2549.829805,7062.629803,2599.302701,986.1401703,979.156698,2599.302701,5951.454855,6950.357704,6468.216561,4343.610641,6704.629049,6468.216561,4723.587535,8426.754585,6468.216561,4347.332068,8250.46551,6468.216561,141.9301097,141.326792,0.001001968,0.001005531,0.001008742,0.001011081,1988.206943,1988.206943,1988.206943,5567.523822,5567.523822,5567.523822,5567.523822,5567.523822
6/17/2015,5886.180671,4236.413459,7055.398114,7110.428712,7062.629803,7055.398114,11626.42416,6975.539993,14272.67504,12048.27206,6950.357704,14272.67504,11591.73664,6704.629049,14272.67504,7600.786448,8426.754585,14272.67504,4768.235366,4733.71337,0.001001968,0.001005531,0.001008742,0.001011081,2447.123772,2447.123772,2447.123772,5616.386441,5616.386441,5616.386441,5616.386441,5616.386441
6/18/2015,3020.030583,1930.926588,3492.335882,4249.540193,4236.413459,3492.335882,8571.291647,7502.099629,10196.49131,9424.630975,6975.539993,10196.49131,9879.739766,6950.357704,10196.49131,11491.70875,6704.629049,10196.49131,2084.81335,2071.187795,0.001001968,0.001005531,0.001008742,0.001011081,2649.76009,2649.76009,2649.76009,6046.209489,6046.209489,6046.209489,6046.209489,6046.209489
6/19/2015,1539.249935,2178.558673,1666.330859,1934.54502,1930.926588,1666.330859,2276.985524,8078.948515,2476.037509,2608.916314,7502.099629,2476.037509,3552.653752,6975.539993,2476.037509,5208.82585,6950.357704,2476.037509,612.4795242,609.1153003,0.001001968,0.001005531,0.001008742,0.001011081,2675.610812,2675.610812,2675.610812,6333.569741,6333.569741,6333.569741,6333.569741,6333.569741
6/20/2015,1596.781331,4238.863386,1758.956114,1793.23528,2178.558673,1758.956114,3706.982438,8032.963257,4228.821295,3788.684112,8078.948515,4228.821295,4221.714361,7502.099629,4228.821295,4986.587325,6975.539993,4228.821295,783.8403295,779.370286,0.001001968,0.001005531,0.001008742,0.001011081,2704.8588,2704.8588,2704.8588,6495.592593,6495.592593,6495.592593,6495.592593,6495.592593
6/21/2015,3806.346346,5003.738449,4427.674275,4237.934359,4238.863386,4427.674275,7463.940547,7450.319257,8885.286496,7513.723611,8032.963257,8885.286496,7644.458377,8078.948515,8885.286496,5714.572805,7502.099629,8885.286496,2465.05476,2448.592442,0.001001968,0.001005531,0.001008742,0.001011081,3005.625516,3005.625516,3005.625516,6784.220259,6784.220259,6784.220259,6784.220259,6784.220259
6/22/2015,4975.878111,4869.464292,5730.175448,5181.633791,5003.738449,5730.175448,9444.222811,6469.893061,11233.35108,9163.531429,7450.319257,11233.35108,9309.972618,8032.963257,11233.35108,8726.037172,8078.948515,11233.35108,2962.513448,2942.265275,0.001001968,0.001005531,0.001008742,0.001011081,3548.269571,3548.269571,3548.269571,7315.506235,7315.506235,7315.506235,7315.506235,7315.506235
6/23/2015,4455.991222,4064.814717,5120.853095,4935.277926,4869.464292,5120.853095,7587.026239,5870.737544,9012.551309,7631.75404,6469.893061,9012.551309,8093.966391,7450.319257,9012.551309,8180.705378,8032.963257,9012.551309,2785.607301,2766.714282,0.001001968,0.001005531,0.001008742,0.001011081,4038.593434,4038.593434,4038.593434,7719.51753,7719.51753,7719.51753,7719.51753,7719.51753
6/24/2015,3201.615226,2540.562344,3671.161772,4076.911762,4064.814717,3671.161772,5805.340018,8853.815478,6856.599174,6372.539327,5870.737544,6856.599174,6826.966929,6469.893061,6856.599174,7622.230948,7450.319257,6856.599174,2045.437715,2032.102714,0.001001968,0.001005531,0.001008742,0.001011081,3826.597003,3826.597003,3826.597003,7734.866732,7734.866732,7734.866732,7734.866732,7734.866732
6/25/2015,2074.724492,2162.604372,2294.982015,2550.291091,2540.562344,2294.982015,4179.511673,10924.38688,4788.368965,4505.421033,8853.815478,4788.368965,5152.315326,5870.737544,4788.368965,6406.544707,6469.893061,4788.368965,1011.425863,1005.438477,0.001001968,0.001005531,0.001008742,0.001011081,3635.304836,3635.304836,3635.304836,7458.941929,7458.941929,7458.941929,7458.941929,7458.941929
6/26/2015,1820.127526,2123.592167,2021.921689,2166.073707,2162.604372,2021.921689,3644.940756,9290.455666,4182.895425,3854.092679,10924.38688,4182.895425,4315.106643,8853.815478,4182.895425,4945.767131,5870.737544,4182.895425,940.7472986,935.2363294,0.001001968,0.001005531,0.001008742,0.001011081,3594.05577,3594.05577,3594.05577,7175.656411,7175.656411,7175.656411,7175.656411,7175.656411
6/27/2015,1663.307981,4851.771223,1845.334019,1918.101433,2123.592167,1845.334019,4120.772141,9955.860374,4738.883642,4240.350866,9290.455666,4738.883642,4530.543125,10924.38688,4738.883642,4893.848973,8853.815478,4738.883642,858.2451182,853.2845123,0.001001968,0.001005531,0.001008742,0.001011081,3590.810939,3590.810939,3590.810939,7064.981702,7064.981702,7064.981702,7064.981702,7064.981702
6/28/2015,4258.150281,5455.129935,4984.800131,4856.042872,4851.771223,4984.800131,10309.66442,15639.68711,12330.99805,10427.56291,9955.860374,12330.99805,10307.34695,9290.455666,12330.99805,7633.443937,10924.38688,12330.99805,2884.570816,2864.920849,0.001001968,0.001005531,0.001008742,0.001011081,3632.147325,3632.147325,3632.147325,7472.3133,7472.3133,7472.3133,7472.3133,7472.3133
6/29/2015,5096.764122,4608.189273,5919.727699,5568.895265,5455.129935,5919.727699,12753.93834,14553.82974,15285.37821,12625.65211,15639.68711,15285.37821,12944.02724,9955.860374,15285.37821,12349.19981,9290.455666,15285.37821,3306.881221,3283.969745,0.001001968,0.001005531,0.001008742,0.001011081,3708.979778,3708.979778,3708.979778,8053.5248,8053.5248,8053.5248,8053.5248,8053.5248
6/30/2015,3863.162663,6987.748621,4396.089242,4285.029443,4608.189273,4396.089242,7981.402682,13020.78167,9322.734914,8053.576608,14553.82974,9322.734914,8622.200084,15639.68711,9322.734914,9366.933244,9955.860374,9322.734914,2261.280959,2246.345631,0.001001968,0.001005531,0.001008742,0.001011081,3649.354537,3649.354537,3649.354537,8298.011808,8298.011808,8298.011808,8298.011808,8298.011808
7/1/2015,6514.228713,6379.303199,7494.544663,7103.676617,6987.748621,7494.544663,12281.74522,11271.28362,14331.0012,12332.96357,13020.78167,14331.0012,12249.38154,14553.82974,14331.0012,8689.792665,15639.68711,14331.0012,3762.253379,3735.773644,0.001001968,0.001005531,0.001008742,0.001011081,3941.670689,3941.670689,3941.670689,8847.764838,8847.764838,8847.764838,8847.764838,8847.764838
7/2/2015,6968.748767,8351.894007,7710.554712,6507.383302,6379.303199,7710.554712,17004.72447,10845.12032,19745.54154,15976.16666,11271.28362,19745.54154,16111.68544,13020.78167,19745.54154,17466.56224,14553.82974,19745.54154,2942.903569,2922.806067,0.001001968,0.001005531,0.001008742,0.001011081,4391.413819,4391.413819,4391.413819,10308.02979,10308.02979,10308.02979,10308.02979,10308.02979
7/3/2015,6389.944409,4377.243322,7519.31065,8362.696968,8351.894007,7519.31065,11717.43382,8849.937155,14139.14399,12944.1618,10845.12032,14139.14399,13599.82516,11271.28362,14139.14399,12491.08633,13020.78167,14139.14399,4572.391315,4539.450478,0.001001968,0.001005531,0.001008742,0.001011081,5176.679128,5176.679128,5176.679128,11524.25048,11524.25048,11524.25048,11524.25048,11524.25048
7/4/2015,3313.755495,3903.318765,3698.677561,4357.047984,4377.243322,3698.677561,8387.952546,8051.642227,9714.941258,9144.639008,8849.937155,9714.941258,10498.20658,10845.12032,9714.941258,13420.86725,11271.28362,9714.941258,1671.997011,1661.383622,0.001001968,0.001005531,0.001008742,0.001011081,5655.741955,5655.741955,5655.741955,12614.3051,12614.3051,12614.3051,12614.3051,12614.3051
7/5/2015,3448.890283,4081.710975,3828.048997,3919.460613,3903.318765,3828.048997,5935.229298,7794.050823,6761.283842,6182.174408,8051.642227,6761.283842,6906.460968,8849.937155,6761.283842,8175.471361,10845.12032,6761.283842,1612.930438,1602.741384,0.001001968,0.001005531,0.001008742,0.001011081,5677.509429,5677.509429,5677.509429,12760.15254,12760.15254,12760.15254,12760.15254,12760.15254
7/6/2015,3532.7865,3141.210733,3975.033499,4098.180973,4081.710975,3975.033499,7778.303509,7437.949068,9069.542482,8031.983174,7794.050823,9069.542482,8449.859842,8051.642227,9069.542482,8895.694341,8849.937155,9069.542482,1889.757658,1877.564978,0.001001968,0.001005531,0.001008742,0.001011081,5520.126949,5520.126949,5520.126949,12326.9901,12326.9901,12326.9901,12326.9901,12326.9901
7/7/2015,2674.939788,2863.445687,2988.812128,3129.61772,3141.210733,2988.812128,6235.258527,8327.468512,7220.665643,6464.196302,7437.949068,7220.665643,7146.870245,7794.050823,7220.665643,7918.358542,8051.642227,7220.665643,1391.009943,1382.398104,0.001001968,0.001005531,0.001008742,0.001011081,5402.637367,5402.637367,5402.637367,12010.7639,12010.7639,12010.7639,12010.7639,12010.7639
7/8/2015,2497.712377,2712.636403,2791.554509,2868.054649,2863.445687,2791.554509,5652.299305,7005.149687,6534.147739,5816.602508,8327.468512,6534.147739,6223.352961,7437.949068,6534.147739,6865.56307,7794.050823,6534.147739,1304.97137,1296.963147,0.001001968,0.001005531,0.001008742,0.001011081,4957.46149,4957.46149,4957.46149,11344.48403,11344.48403,11344.48403,11344.48403,11344.48403
7/9/2015,2424.269721,2701.265503,2700.981012,2695.952393,2712.636403,2700.981012,6015.953932,6337.744747,6949.297772,6084.075893,7005.149687,6949.297772,6384.818888,8327.468512,6949.297772,6664.572024,7437.949068,6949.297772,1240.815621,1233.254363,0.001001968,0.001005531,0.001008742,0.001011081,4475.238902,4475.238902,4475.238902,9868.791261,9868.791261,9868.791261,9868.791261,9868.791261
7/10/2015,2470.795037,2587.003815,2732.137759,2707.079364,2701.265503,2732.137759,6471.083612,5821.188962,7431.41122,6518.264734,6337.744747,7431.41122,6620.560284,7005.149687,7431.41122,6651.340629,8327.468512,7431.41122,1154.056035,1147.094695,0.001001968,0.001005531,0.001008742,0.001011081,3712.913986,3712.913986,3712.913986,8878.418809,8878.418809,8878.418809,8878.418809,8878.418809
7/11/2015,2585.766442,3206.570688,2824.053436,2605.47067,2587.003815,2824.053436,7185.499913,6028.919241,8271.426412,7000.06957,5821.188962,8271.426412,7139.535402,6337.744747,8271.426412,7559.140753,7005.149687,8271.426412,1071.229498,1064.835697,0.001001968,0.001005531,0.001008742,0.001011081,3310.734468,3310.734468,3310.734468,8245.17296,8245.17296,8245.17296,8245.17296,8245.17296
7/12/2015,2721.685852,2472.402508,3090.494534,3206.891096,3206.570688,3090.494534,6002.198672,6430.475068,7036.689018,6223.318411,6028.919241,7036.689018,6473.741996,5821.188962,7036.689018,6115.03368,6337.744747,7036.689018,1648.897808,1638.450579,0.001001968,0.001005531,0.001008742,0.001011081,3145.733544,3145.733544,3145.733544,7754.462276,7754.462276,7754.462276,7754.462276,7754.462276
7/13/2015,2040.133877,2010.068753,2276.568093,2471.650392,2472.402508,2276.568093,5036.739417,5742.872973,5830.933677,5289.356468,6430.475068,5830.933677,5629.889961,6028.919241,5830.933677,6276.207326,5821.188962,5830.933677,1090.959609,1084.431095,0.001001968,0.001005531,0.001008742,0.001011081,2926.682899,2926.682899,2926.682899,7341.148611,7341.148611,7341.148611,7341.148611,7341.148611
7/14/2015,1744.219351,1986.770965,1923.027179,1998.11761,2010.068753,1923.027179,3937.561831,5152.628527,4500.061481,4064.355071,5742.872973,4500.061481,4416.691111,6430.475068,4500.061481,4914.281774,6028.919241,4500.061481,839.2320861,834.3973787,0.001001968,0.001005531,0.001008742,0.001011081,2732.721334,2732.721334,2732.721334,6988.051169,6988.051169,6988.051169,6988.051169,6988.051169
7/15/2015,2010.524317,2936.596324,2199.463076,1985.689561,1986.770965,2199.463076,4856.562151,5658.045045,5560.003304,4685.164209,5152.628527,5560.003304,4876.970382,5742.872973,5560.003304,5119.343397,6430.475068,5560.003304,881.876502,876.7589171,0.001001968,0.001005531,0.001008742,0.001011081,2590.352431,2590.352431,2590.352431,6731.792818,6731.792818,6731.792818,6731.792818,6731.792818
7/16/2015,2508.188599,2181.193326,2867.72157,2945.165266,2936.596324,2867.72157,5947.942701,5267.744905,7023.421978,6117.641244,5658.045045,7023.421978,6171.233067,5152.628527,7023.421978,5641.995817,5742.872973,7023.421978,1616.961382,1606.743427,0.001001968,0.001005531,0.001008742,0.001011081,2579.858022,2579.858022,2579.858022,6578.507412,6578.507412,6578.507412,6578.507412,6578.507412
7/17/2015,1807.419873,1858.570606,2023.360461,2180.618144,2181.193326,2023.360461,4834.315417,4421.09825,5623.276585,5035.496308,5267.744905,5623.276585,5325.612096,5658.045045,5623.276585,5825.830256,5152.628527,5623.276585,1010.743678,1004.760911,0.001001968,0.001005531,0.001008742,0.001011081,2536.202192,2536.202192,2536.202192,6357.655234,6357.655234,6357.655234,6357.655234,6357.655234
7/18/2015,1611.865364,2029.218416,1790.54565,1850.661299,1858.570606,1790.54565,3684.146157,4214.370257,4233.774057,3796.539738,4421.09825,4233.774057,4097.940415,5267.744905,4233.774057,4405.518327,5658.045045,4233.774057,846.6978191,841.8137192,0.001001968,0.001005531,0.001008742,0.001011081,2450.311262,2450.311262,2450.311262,5916.764719,5916.764719,5916.764719,5916.764719,5916.764719
7/19/2015,1973.788792,2151.937734,2198.336269,2027.027905,2029.218416,2198.336269,4817.642866,4421.52249,5580.243318,4700.39251,4214.370257,5580.243318,4892.371471,4421.09825,5580.243318,4917.856567,5267.744905,5580.243318,1046.15168,1039.928659,0.001001968,0.001005531,0.001008742,0.001011081,2292.997256,2292.997256,2292.997256,5719.742909,5719.742909,5719.742909,5719.742909,5719.742909
7/20/2015,2172.843187,2360.090449,2391.987457,2156.980397,2151.937734,2391.987457,4846.823786,4282.751817,5574.939183,4663.753857,4421.52249,5574.939183,4668.687533,4214.370257,5574.939183,4853.850911,4421.09825,5574.939183,1024.91246,1018.833678,0.001001968,0.001005531,0.001008742,0.001011081,2202.52453,2202.52453,2202.52453,5558.970401,5558.970401,5558.970401,5558.970401,5558.970401
7/21/2015,1983.827978,1822.543036,2211.301259,2361.76749,2360.090449,2211.301259,3892.473999,3964.050479,4491.25647,4112.915696,4282.751817,4491.25647,4130.139141,4421.52249,4491.25647,3997.566741,4214.370257,4491.25647,1068.720694,1062.344001,0.001001968,0.001005531,0.001008742,0.001011081,2198.748357,2198.748357,2198.748357,5401.594443,5401.594443,5401.594443,5401.594443,5401.594443
7/22/2015,1563.531539,1681.425379,1707.460526,1821.914547,1822.543036,1707.460526,3421.239749,3341.642443,3890.681393,3573.800643,3964.050479,3890.681393,3841.385948,4282.751817,3890.681393,4102.794394,4421.52249,3890.681393,697.529434,693.6208609,0.001001968,0.001005531,0.001008742,0.001011081,2188.416302,2188.416302,2188.416302,5244.571242,5244.571242,5244.571242,5244.571242,5244.571242
7/23/2015,1460.965054,1597.4763,1599.433939,1680.732142,1681.425379,1599.433939,3316.226422,3279.932669,3781.584521,3432.257313,3341.642443,3781.584521,3645.027381,3964.050479,3781.584521,3908.523388,4282.751817,3781.584521,673.2410306,669.4888635,0.001001968,0.001005531,0.001008742,0.001011081,2056.01444,2056.01444,2056.01444,4996.801906,4996.801906,4996.801906,4996.801906,4996.801906
7/24/2015,1374.227995,1452.900497,1517.842777,1596.838927,1597.4763,1517.842777,3281.373756,7404.122674,3766.390424,3395.15912,3279.932669,3766.390424,3605.420457,3341.642443,3766.390424,3754.502205,3964.050479,3766.390424,699.6766395,695.7542044,0.001001968,0.001005531,0.001008742,0.001011081,1967.809292,1967.809292,1967.809292,4728.73438,4728.73438,4728.73438,4728.73438,4728.73438
7/25/2015,1287.466289,1343.918959,1419.841779,1451.129776,1452.900497,1419.841779,3089.429079,6237.430006,3543.17416,3152.177269,7404.122674,3543.17416,3338.385661,3279.932669,3543.17416,3568.695277,3341.642443,3543.17416,649.6809402,646.0797759,0.001001968,0.001005531,0.001008742,0.001011081,1900.796789,1900.796789,1900.796789,4513.85325,4513.85325,4513.85325,4513.85325,4513.85325
7/26/2015,1247.050462,2588.328948,1351.207688,1316.190229,1343.918959,1351.207688,2623.634194,4809.71862,2958.395845,2618.449669,6237.430006,2958.395845,2691.370722,7404.122674,2958.395845,2949.068016,3279.932669,2958.395845,514.7441295,511.9928854,0.001001968,0.001005531,0.001008742,0.001011081,1794.871363,1794.871363,1794.871363,4191.978293,4191.978293,4191.978293,4191.978293,4191.978293
7/27/2015,2249.591384,2287.888858,2592.06063,2594.974722,2588.328948,2592.06063,4337.315429,4560.28161,5062.892262,4482.450157,4809.71862,5062.892262,4576.44168,6237.430006,5062.892262,2828.837658,7404.122674,5062.892262,1529.907921,1520.31217,0.001001968,0.001005531,0.001008742,0.001011081,1847.034233,1847.034233,1847.034233,4005.7481,4005.7481,4005.7481,4005.7481,4005.7481
7/28/2015,2678.090541,3134.927784,2951.946269,2305.78038,2287.888858,2951.946269,7974.378041,5101.821861,9284.436129,7347.779195,4560.28161,9284.436129,7491.842293,4809.71862,9284.436129,8174.225205,6237.430006,9284.436129,1253.800596,1246.149096,0.001001968,0.001005531,0.001008742,0.001011081,1863.863171,1863.863171,1863.863171,4492.335743,4492.335743,4492.335743,4492.335743,4492.335743
7/29/2015,2431.498057,1608.989708,2802.451347,3135.30339,3134.927784,2802.451347,5146.096044,4167.117223,6095.807156,5587.665595,5101.821861,6095.807156,5483.095196,4560.28161,6095.807156,5229.00937,4809.71862,6095.807156,1687.079459,1676.35743,0.001001968,0.001005531,0.001008742,0.001011081,1967.443806,1967.443806,1967.443806,4715.175472,4715.175472,4715.175472,4715.175472,4715.175472
7/30/2015,1289.184704,1395.414456,1397.659087,1607.271215,1608.989708,1397.659087,3326.094598,3728.78065,3768.738352,3556.033576,4167.117223,3768.738352,3999.628495,5101.821861,3768.738352,4817.894299,4560.28161,3768.738352,542.6389237,539.7142214,0.001001968,0.001005531,0.001008742,0.001011081,1994.114607,1994.114607,1994.114607,4814.102961,4814.102961,4814.102961,4814.102961,4814.102961
7/31/2015,1238.452691,1528.159751,1341.265159,1395.27652,1395.414456,1341.265159,2785.289863,3796.741962,3134.085519,2867.771325,3728.78065,3134.085519,3125.074851,4167.117223,3134.085519,3574.394771,5101.821861,3134.085519,514.0714536,511.3243767,0.001001968,0.001005531,0.001008742,0.001011081,1976.507768,1976.507768,1976.507768,4896.182385,4896.182385,4896.182385,4896.182385,4896.182385
8/1/2015,1419.192547,1561.922737,1555.74915,1528.668148,1528.159751,1555.74915,4009.128234,3936.205161,4607.184764,3999.968395,3796.741962,4607.184764,4099.559189,3728.78065,4607.184764,4241.881838,4167.117223,4607.184764,670.4524431,666.7181859,0.001001968,0.001005531,0.001008742,0.001011081,1977.18344,1977.18344,1977.18344,5007.773099,5007.773099,5007.773099,5007.773099,5007.773099
8/2/2015,1358.464029,1371.564932,1512.310352,1561.675074,1561.922737,1512.310352,3480.339051,3355.440114,4020.059414,3562.555797,3936.205161,4020.059414,3720.768259,3796.741962,4020.059414,3733.392901,3728.78065,4020.059414,756.3730668,752.0826271,0.001001968,0.001005531,0.001008742,0.001011081,2018.825332,2018.825332,2018.825332,5119.480866,5119.480866,5119.480866,5119.480866,5119.480866
8/3/2015,1183.029226,1299.567122,1308.78589,1365.317039,1371.564932,1308.78589,2994.314043,3094.042697,3438.8839,3078.308834,3355.440114,3438.8839,3232.458563,3936.205161,3438.8839,3475.951106,3796.741962,3438.8839,629.2267079,625.7560506,0.001001968,0.001005531,0.001008742,0.001011081,1884.010742,1884.010742,1884.010742,5097.913846,5097.913846,5097.913846,5097.913846,5097.913846
8/4/2015,1152.337036,1229.502553,1274.555805,1300.82125,1299.567122,1274.555805,3004.695102,2943.247388,3450.402635,3056.977655,3094.042697,3450.402635,3191.530995,3355.440114,3450.402635,3308.137508,3936.205161,3450.402635,611.4879303,608.1299962,0.001001968,0.001005531,0.001008742,0.001011081,1747.294748,1747.294748,1747.294748,4491.580934,4491.580934,4491.580934,4491.580934,4491.580934
8/5/2015,1107.055283,1190.747752,1220.466657,1233.267509,1229.502553,1220.466657,3214.941199,2825.747015,3698.693998,3243.69658,2943.247388,3698.693998,3334.13579,3094.042697,3698.693998,3504.101642,3355.440114,3698.693998,571.0246908,567.9222228,0.001001968,0.001005531,0.001008742,0.001011081,1539.897639,1539.897639,1539.897639,4169.902263,4169.902263,4169.902263,4169.902263,4169.902263
8/6/2015,1063.293148,1138.651589,1176.983435,1190.776009,1190.747752,1176.983435,2735.351052,2768.746283,3141.35779,2773.441026,2825.747015,3141.35779,2893.51749,2943.247388,3141.35779,2965.618963,3094.042697,3141.35779,576.0306403,572.8966961,0.001001968,0.001005531,0.001008742,0.001011081,1432.684195,1432.684195,1432.684195,3909.46617,3909.46617,3909.46617,3909.46617,3909.46617
8/7/2015,1009.024058,1076.640532,1116.575447,1138.529546,1138.651589,1116.575447,2557.403156,2721.073858,2933.51871,2603.339404,2768.746283,2933.51871,2701.009225,2825.747015,2933.51871,2816.323191,2943.247388,2933.51871,548.3494793,545.3891142,0.001001968,0.001005531,0.001008742,0.001011081,1372.82698,1372.82698,1372.82698,3690.901414,3690.901414,3690.901414,3690.901414,3690.901414
8/8/2015,961.4099597,1044.369424,1062.089007,1076.56482,1076.640532,1062.089007,2405.86155,5081.095381,2754.533501,2443.358051,2721.073858,2754.533501,2542.665605,2768.746283,2754.533501,2638.46911,2825.747015,2754.533501,516.7801307,514.0162689,0.001001968,0.001005531,0.001008742,0.001011081,1309.246921,1309.246921,1309.246921,3459.85579,3459.85579,3459.85579,3459.85579,3459.85579
8/9/2015,933.926823,1208.162884,1032.361873,1044.336413,1044.369424,1032.361873,2341.939647,5355.355758,2681.796674,2376.471177,5081.095381,2681.796674,2466.569029,2721.073858,2681.796674,2543.832732,2768.746283,2681.796674,507.0665146,504.362789,0.001001968,0.001005531,0.001008742,0.001011081,1231.388709,1231.388709,1231.388709,3297.26148,3297.26148,3297.26148,3297.26148,3297.26148
8/10/2015,905.9791162,1942.986889,1001.720545,1012.614278,1208.162884,1001.720545,2330.871919,5290.105174,2668.175272,2363.09951,5355.355758,2668.175272,2447.83972,5081.095381,2668.175272,2503.375153,2721.073858,2668.175272,495.1507978,492.5206246,0.001001968,0.001005531,0.001008742,0.001011081,1174.015575,1174.015575,1174.015575,3170.787417,3170.787417,3170.787417,3170.787417,3170.787417
8/11/2015,1827.905148,2476.671526,2017.498287,1809.1581,1942.986889,2017.498287,3768.795411,4700.396598,4281.07179,3646.473238,5290.105174,4281.07179,3573.678322,5355.355758,4281.07179,2508.07772,5081.095381,4281.07179,847.1651657,842.2779721,0.001001968,0.001005531,0.001008742,0.001011081,1204.932521,1204.932521,1204.932521,3102.561217,3102.561217,3102.561217,3102.561217,3102.561217
8/12/2015,2534.316308,2155.932594,2787.231715,2579.267409,2476.671526,2787.231715,6420.780826,3774.238243,7364.628481,6283.056842,4700.396598,7364.628481,6013.040313,5290.105174,7364.628481,5568.328378,5355.355758,7364.628481,1060.80132,1054.478597,0.001001968,0.001005531,0.001008742,0.001011081,1334.923558,1334.923558,1334.923558,3425.423814,3425.423814,3425.423814,3425.423814,3425.423814
8/13/2015,2222.387786,2409.572952,2432.6439,2253.269776,2155.932594,2432.6439,5166.417016,3604.021207,5900.715082,5041.550832,3774.238243,5900.715082,5272.271005,4700.396598,5900.715082,5382.449699,5290.105174,5900.715082,936.6811146,931.1974195,0.001001968,0.001005531,0.001008742,0.001011081,1493.979242,1493.979242,1493.979242,3822.679434,3822.679434,3822.679434,3822.679434,3822.679434
8/14/2015,2007.188864,1405.608197,2256.860206,2441.549615,2409.572952,2256.860206,4309.530669,3446.379688,5006.96195,4567.214546,3604.021207,5006.96195,4687.897616,3774.238243,5006.96195,4853.563805,4700.396598,5006.96195,1150.473953,1143.537265,0.001001968,0.001005531,0.001008742,0.001011081,1665.359213,1665.359213,1665.359213,4126.084173,4126.084173,4126.084173,4126.084173,4126.084173
8/15/2015,1086.384279,905.1521684,1173.782041,1404.408955,1405.608197,1173.782041,2950.288798,3013.011408,3338.099047,3195.851309,3446.379688,3338.099047,3523.89198,3604.021207,3338.099047,4299.417844,3774.238243,3338.099047,431.8514409,429.6077479,0.001001968,0.001005531,0.001008742,0.001011081,1748.16562,1748.16562,1748.16562,4340.648288,4340.648288,4340.648288,4340.648288,4340.648288
8/16/2015,821.2741072,1172.818821,861.2141338,908.9858228,905.1521684,861.2141338,1991.869954,2852.962981,2186.297691,2048.779731,3013.011408,2186.297691,2320.295013,3446.379688,2186.297691,2888.355477,3604.021207,2186.297691,193.7259525,192.8513743,0.001001968,0.001005531,0.001008742,0.001011081,1762.315414,1762.315414,1762.315414,4439.81582,4439.81582,4439.81582,4439.81582,4439.81582
8/17/2015,1121.850266,1340.983929,1226.251811,1175.917597,1172.818821,1226.251811,2703.912996,1705.132711,3078.277089,2678.139883,2852.962981,3078.277089,2802.006721,3013.011408,3078.277089,2810.408707,3446.379688,3078.277089,519.887616,517.104483,0.001001968,0.001005531,0.001008742,0.001011081,1790.803624,1790.803624,1790.803624,4478.622232,4478.622232,4478.622232,4478.622232,4478.622232
8/18/2015,1183.517072,1227.294673,1316.861036,1340.917929,1340.983929,1316.861036,3052.662787,7476.009123,3525.408571,3105.189404,1705.132711,3525.408571,3165.115722,2852.962981,3525.408571,3160.496957,3013.011408,3525.408571,658.9873553,655.3266293,0.001001968,0.001005531,0.001008742,0.001011081,1753.905109,1753.905109,1753.905109,4460.97005,4460.97005,4460.97005,4460.97005,4460.97005
8/19/2015,1084.464383,3085.44678,1191.729839,1201.879578,1227.294673,1191.729839,2569.045338,9091.645205,2934.591158,2605.139513,7476.009123,2934.591158,2694.172698,1705.132711,2934.591158,2827.591784,2852.962981,2934.591158,537.3909636,534.49899,0.001001968,0.001005531,0.001008742,0.001011081,1618.163851,1618.163851,1618.163851,4015.750866,4015.750866,4015.750866,4015.750866,4015.750866
8/20/2015,1111.388008,3680.588467,1223.274603,1258.053461,3085.44678,1223.274603,2433.659923,6304.664639,2774.570999,2501.435131,9091.645205,2774.570999,2565.526558,7476.009123,2774.570999,2564.027679,1705.132711,2774.570999,552.1553102,549.1711494,0.001001968,0.001005531,0.001008742,0.001011081,1460.19685,1460.19685,1460.19685,3566.039226,3566.039226,3566.039226,3566.039226,3566.039226
8/21/2015,4667.878435,4326.844752,5232.759974,4517.654376,3680.588467,5232.759974,5350.732738,4941.541066,6124.039067,4976.439593,6304.664639,6124.039067,5163.160799,9091.645205,6124.039067,1876.417115,7476.009123,6124.039067,1768.33111,1757.021871,0.001001968,0.001005531,0.001008742,0.001011081,1744.135395,1744.135395,1744.135395,3362.367315,3362.367315,3362.367315,3362.367315,3362.367315
8/22/2015,4933.544112,4024.435378,5590.841534,5000.416403,4326.844752,5590.841534,9971.807492,4940.732299,11796.32783,9592.767951,4941.541066,11796.32783,9486.294036,6304.664639,11796.32783,9632.161369,9091.645205,11796.32783,2530.906019,2513.947115,0.001001968,0.001005531,0.001008742,0.001011081,2139.085883,2139.085883,2139.085883,3994.055417,3994.055417,3994.055417,3994.055417,3994.055417
8/23/2015,3109.060565,1867.498459,3587.255977,4059.568517,4024.435378,3587.255977,6855.452317,4098.319458,8177.162941,7457.947482,4940.732299,8177.162941,7642.933675,4941.541066,8177.162941,8321.076815,6304.664639,8177.162941,2080.348694,2066.756116,0.001001968,0.001005531,0.001008742,0.001011081,2520.241987,2520.241987,2520.241987,4686.062456,4686.062456,4686.062456,4686.062456,4686.062456
8/24/2015,1381.112203,1344.251713,1482.982082,1863.145427,1867.498459,1482.982082,2950.702995,3517.792936,3308.279054,3360.224952,4098.319458,3308.279054,3964.308481,4940.732299,3308.279054,5492.350186,4941.541066,3308.279054,471.4017262,468.9174145,0.001001968,0.001005531,0.001008742,0.001011081,2688.057061,2688.057061,2688.057061,5158.65959,5158.65959,5158.65959,5158.65959,5158.65959
8/25/2015,1165.128135,1332.248949,1240.298094,1361.74235,1344.251713,1240.298094,2202.805489,3106.684012,2409.798552,2358.634931,3517.792936,2409.798552,2787.147211,4098.319458,2409.798552,3394.564598,4940.732299,2409.798552,341.1268478,339.4229156,0.001001968,0.001005531,0.001008742,0.001011081,2748.589231,2748.589231,2748.589231,5372.340601,5372.340601,5372.340601,5372.340601,5372.340601
8/26/2015,1251.912774,1516.936221,1350.519518,1348.505334,1332.248949,1350.519518,3370.172844,2887.134703,3830.749644,3383.592078,3106.684012,3830.749644,3545.741543,3517.792936,3830.749644,3962.917057,4098.319458,3830.749644,463.9177307,461.4791751,0.001001968,0.001005531,0.001008742,0.001011081,2784.017944,2784.017944,2784.017944,5520.589499,5520.589499,5520.589499,5520.589499,5520.589499
8/27/2015,1377.003988,1342.636418,1527.060181,1522.101291,1516.936221,1527.060181,3255.02957,2773.561072,3748.458145,3287.924958,2887.134703,3748.458145,3452.814225,3106.684012,3748.458145,3408.315014,3517.792936,3748.458145,716.6057429,712.5738206,0.001001968,0.001005531,0.001008742,0.001011081,2833.034899,2833.034899,2833.034899,5607.973858,5607.973858,5607.973858,5607.973858,5607.973858
8/28/2015,1152.953584,1092.314895,1269.452556,1345.996317,1342.636418,1269.452556,2857.530653,2761.10864,3273.015425,2961.277555,2773.561072,3273.015425,3053.285803,2887.134703,3273.015425,3330.72576,3106.684012,3273.015425,565.6332379,562.5646282,0.001001968,0.001005531,0.001008742,0.001011081,2406.576252,2406.576252,2406.576252,5545.895742,5545.895742,5545.895742,5545.895742,5545.895742
8/29/2015,979.4175038,1056.412227,1062.829234,1094.632145,1092.314895,1062.829234,2264.138774,2601.702766,2556.359996,2318.292303,2761.10864,2556.359996,2460.715124,2773.561072,2556.359996,2675.913932,2887.134703,2556.359996,410.4335131,408.3188523,0.001001968,0.001005531,0.001008742,0.001011081,1940.191566,1940.191566,1940.191566,4717.988701,4717.988701,4717.988701,4717.988701,4717.988701
8/30/2015,953.3906192,1143.792369,1038.39416,1057.107341,1056.412227,1038.39416,2248.413923,2467.598818,2545.93957,2289.399889,2601.702766,2545.93957,2387.257016,2761.10864,2545.93957,2502.653582,2773.561072,2545.93957,421.1185497,418.9396329,0.001001968,0.001005531,0.001008742,0.001011081,1550.019151,1550.019151,1550.019151,3926.462157,3926.462157,3926.462157,3926.462157,3926.462157
8/31/2015,1024.797551,1013.823517,1134.144977,1145.352064,1143.792369,1134.144977,2370.340664,2391.720875,2714.186408,2412.055166,2467.598818,2714.186408,2517.535202,2601.702766,2714.186408,2477.207298,2761.10864,2714.186408,540.0291322,537.1207112,0.001001968,0.001005531,0.001008742,0.001011081,1374.173321,1374.173321,1374.173321,3401.438336,3401.438336,3401.438336,3401.438336,3401.438336
9/1/2015,912.3713102,944.3805201,999.0344196,1014.687861,1013.823517,999.0344196,2322.747068,2329.932657,2646.248953,2357.743034,2391.720875,2646.248953,2431.516,2467.598818,2646.248953,2610.614273,2601.702766,2646.248953,433.525248,431.2714324,0.001001968,0.001005531,0.001008742,0.001011081,1274.347572,1274.347572,1274.347572,3132.946148,3132.946148,3132.946148,3132.946148,3132.946148
9/2/2015,854.0828826,911.3444335,932.3162491,944.698547,944.3805201,932.3162491,2069.575936,2279.726441,2345.092297,2101.817056,2329.932657,2345.092297,2179.672991,2391.720875,2345.092297,2271.199783,2467.598818,2345.092297,394.5027373,392.4834361,0.001001968,0.001005531,0.001008742,0.001011081,1204.063577,1204.063577,1204.063577,2925.961321,2925.961321,2925.961321,2925.961321,2925.961321
9/3/2015,825.321546,882.2784168,901.517995,911.4504674,911.3444335,901.517995,2049.479505,2220.180674,2324.324543,2077.963416,2279.726441,2324.324543,2148.544544,2329.932657,2324.324543,2215.257339,2391.720875,2324.324543,386.2901314,384.319777,0.001001968,0.001005531,0.001008742,0.001011081,1111.35691,1111.35691,1111.35691,2770.781663,2770.781663,2770.781663,2770.781663,2770.781663
9/4/2015,799.2442732,853.839388,873.4758334,882.228153,882.2784168,873.4758334,2015.219989,2168.383297,2285.971125,2041.65365,2220.180674,2285.971125,2107.051676,2279.726441,2285.971125,2166.08635,2329.932657,2285.971125,378.2055488,376.283233,0.001001968,0.001005531,0.001008742,0.001011081,1045.399588,1045.399588,1045.399588,2637.277052,2637.277052,2637.277052,2637.277052,2637.277052
9/5/2015,773.4859807,827.6297077,845.5533876,853.6756807,853.839388,845.5533876,1988.242875,2114.323472,2255.002144,2013.966651,2168.383297,2255.002144,2077.72914,2220.180674,2255.002144,2114.862577,2279.726441,2255.002144,368.9811459,367.1134613,0.001001968,0.001005531,0.001008742,0.001011081,1000.614158,1000.614158,1000.614158,2536.697091,2536.697091,2536.697091,2536.697091,2536.697091
9/6/2015,750.673885,804.1970139,820.8321746,827.3869755,827.6297077,820.8321746,1935.168953,2240.298863,2194.612932,1957.953098,2114.323472,2194.612932,2017.855135,2168.383297,2194.612932,2088.399664,2220.180674,2194.612932,360.8935602,359.0736125,0.001001968,0.001005531,0.001008742,0.001011081,963.8914043,963.8914043,963.8914043,2462.594494,2462.594494,2462.594494,2462.594494,2462.594494
9/7/2015,728.9628299,779.8074747,797.3960073,803.9035223,804.1970139,797.3960073,1865.82617,4055.913029,2115.376758,1888.369529,2240.298863,2115.376758,1945.740243,2114.323472,2115.376758,2002.741145,2168.383297,2115.376758,353.6151367,351.8380178,0.001001968,0.001005531,0.001008742,0.001011081,913.1414103,913.1414103,913.1414103,2397.524731,2397.524731,2397.524731,2397.524731,2397.524731
9/8/2015,707.1215244,758.1878136,773.5786943,779.4863415,779.8074747,773.5786943,1838.241948,6162.381947,2084.659517,1859.287095,4055.913029,2084.659517,1914.636738,2240.298863,2084.659517,1963.726462,2114.323472,2084.659517,344.9892687,343.2627421,0.001001968,0.001005531,0.001008742,0.001011081,878.6855723,878.6855723,878.6855723,2319.018969,2319.018969,2319.018969,2319.018969,2319.018969
9/9/2015,686.9117148,773.1170245,751.5980719,756.9408371,758.1878136,751.5980719,1800.727846,3726.697145,2041.7169,1820.639913,6162.381947,2041.7169,1873.916482,4055.913029,2041.7169,1920.756486,2240.298863,2041.7169,337.3051714,335.6235585,0.001001968,0.001005531,0.001008742,0.001011081,849.7675267,849.7675267,849.7675267,2253.919363,2253.919363,2253.919363,2253.919363,2253.919363
9/10/2015,700.2455862,934.5292246,766.5453738,769.3384856,773.1170245,766.5453738,2026.13756,8569.695649,2297.618452,2043.000821,3726.697145,2297.618452,2077.965021,6162.381947,2297.618452,2030.095604,4055.913029,2297.618452,344.809355,343.0838816,0.001001968,0.001005531,0.001008742,0.001011081,825.4404693,825.4404693,825.4404693,2234.551856,2234.551856,2234.551856,2234.551856,2234.551856
9/11/2015,845.3324195,973.7647527,933.0284736,935.8260225,934.5292246,933.0284736,4078.328015,5551.608421,4731.387351,4091.00909,8569.695649,4731.387351,4091.983262,3726.697145,4731.387351,3627.541605,6162.381947,4731.387351,444.3113391,441.992162,0.001001968,0.001005531,0.001008742,0.001011081,821.1579767,821.1579767,821.1579767,2493.456254,2493.456254,2493.456254,2493.456254,2493.456254
9/12/2015,829.5653364,3105.838332,905.8764199,885.4414793,973.7647527,905.8764199,5494.218166,4210.6006,6409.619597,5422.741886,5551.608421,6409.619597,5379.968729,8569.695649,6409.619597,5812.577371,3726.697145,6409.619597,389.2422157,387.254284,0.001001968,0.001005531,0.001008742,0.001011081,822.0561772,822.0561772,822.0561772,3072.821426,3072.821426,3072.821426,3072.821426,3072.821426
9/13/2015,2575.829292,1498.959946,3115.449821,3134.671998,3105.838332,3115.449821,5052.768525,3512.174274,6172.528898,5286.776687,4210.6006,6172.528898,5567.096097,5551.608421,6172.528898,3081.518175,8569.695649,6172.528898,2309.037736,2293.745893,0.001001968,0.001005531,0.001008742,0.001011081,1116.026839,1116.026839,1116.026839,3344.605506,3344.605506,3344.605506,3344.605506,3344.605506
9/14/2015,1800.19658,1960.514152,1958.793434,1535.629404,1498.959946,1958.793434,8337.915892,3265.103187,9752.506237,7862.740161,3512.174274,9752.506237,7838.600139,4210.6006,9752.506237,9805.73098,5551.608421,9752.506237,731.6386539,727.509222,0.001001968,0.001005531,0.001008742,0.001011081,1216.351054,1216.351054,1216.351054,4309.273764,4309.273764,4309.273764,4309.273764,4309.273764
9/15/2015,1696.795284,1375.272122,1930.210081,1963.706698,1960.514152,1930.210081,3475.593264,2935.474585,4059.200991,3583.219948,3265.103187,4059.200991,3691.985138,3512.174274,4059.200991,3487.138889,4210.6006,4059.200991,1107.093168,1100.45427,0.001001968,0.001005531,0.001008742,0.001011081,1370.507654,1370.507654,1370.507654,4796.746037,4796.746037,4796.746037,4796.746037,4796.746037
9/16/2015,1060.00304,884.8006923,1180.965547,1375.281846,1375.272122,1180.965547,3213.846009,2598.427416,3709.261291,3428.333016,2935.474585,3709.261291,3586.720409,3265.103187,3709.261291,4103.509104,3512.174274,3709.261291,607.6111939,604.2778369,0.001001968,0.001005531,0.001008742,0.001011081,1468.608549,1468.608549,1468.608549,5093.805406,5093.805406,5093.805406,5093.805406,5093.805406
9/17/2015,757.1198336,865.7435633,819.0241172,884.6395654,884.8006923,819.0241172,2078.456593,2444.211473,2343.69823,2156.239661,2598.427416,2343.69823,2397.147915,2935.474585,2343.69823,2853.334777,3265.103187,2343.69823,324.3167792,322.7107431,0.001001968,0.001005531,0.001008742,0.001011081,1515.053829,1515.053829,1515.053829,5256.9304,5256.9304,5256.9304,5256.9304,5256.9304
9/18/2015,767.4942515,836.9730166,840.0931568,865.5470796,865.7435633,840.0931568,2253.853447,2374.835052,2567.761661,2291.237868,2444.211473,2567.761661,2406.597028,2598.427416,2567.761661,2607.075,2935.474585,2567.761661,379.2232823,377.2949271,0.001001968,0.001005531,0.001008742,0.001011081,1524.579342,1524.579342,1524.579342,5079.872383,5079.872383,5079.872383,5079.872383,5079.872383
9/19/2015,746.1326741,787.0583754,819.3762304,836.6887171,836.9730166,819.3762304,2306.537927,2312.328432,2636.148557,2333.95978,2374.835052,2636.148557,2406.972628,2444.211473,2636.148557,2522.818977,2598.427416,2636.148557,383.6889451,381.7340628,0.001001968,0.001005531,0.001008742,0.001011081,1523.284755,1523.284755,1523.284755,4550.508653,4550.508653,4550.508653,4550.508653,4550.508653
9/20/2015,700.5087777,746.3620314,768.3900228,786.8386084,787.0583754,768.3900228,2112.301402,2217.855736,2408.603648,2141.379572,2312.328432,2408.603648,2203.522119,2374.835052,2408.603648,2300.839429,2444.211473,2408.603648,358.0864201,356.2830056,0.001001968,0.001005531,0.001008742,0.001011081,1224.408698,1224.408698,1224.408698,4312.917387,4312.917387,4312.917387,4312.917387,4312.917387
9/21/2015,677.4745559,753.244933,742.1634679,746.1718966,746.3620314,742.1634679,2021.294271,2156.233644,2301.398974,2035.967345,2217.855736,2301.398974,2097.598834,2312.328432,2301.398974,2173.241058,2374.835052,2301.398974,343.325174,341.6083865,0.001001968,0.001005531,0.001008742,0.001011081,1117.219097,1117.219097,1117.219097,3377.624762,3377.624762,3377.624762,3377.624762,3377.624762
9/22/2015,676.1518129,713.1096372,744.187735,753.0002637,753.244933,744.187735,2010.216236,2099.007174,2294.434333,2030.902604,2156.233644,2294.434333,2081.12007,2217.855736,2294.434333,2124.013028,2312.328432,2294.434333,361.0466472,359.2257973,0.001001968,0.001005531,0.001008742,0.001011081,958.5679333,958.5679333,958.5679333,2917.619743,2917.619743,2917.619743,2917.619743,2917.619743
9/23/2015,637.7923186,677.0720878,700.7029774,712.8724277,713.1096372,700.7029774,1953.952246,2044.590951,2228.132859,1975.94729,2099.007174,2228.132859,2025.759936,2156.233644,2228.132859,2096.739009,2217.855736,2228.132859,336.3401607,334.664178,0.001001968,0.001005531,0.001008742,0.001011081,854.2341303,854.2341303,854.2341303,2647.296776,2647.296776,2647.296776,2647.296776,2647.296776
9/24/2015,609.3428457,655.6522054,668.6077441,676.8518238,677.0720878,668.6077441,1855.214217,1997.143175,2111.215971,1872.971387,2044.590951,2111.215971,1923.992439,2099.007174,2111.215971,1986.754388,2156.233644,2111.215971,318.8386568,317.2643647,0.001001968,0.001005531,0.001008742,0.001011081,797.7628232,797.7628232,797.7628232,2471.695073,2471.695073,2471.695073,2471.695073,2471.695073
9/25/2015,590.9648695,635.1245927,648.6723475,655.4467269,655.6522054,648.6723475,1818.870373,1967.654955,2069.563745,1834.689229,1997.143175,2069.563745,1880.471552,2044.590951,2069.563745,1933.603378,2099.007174,2069.563745,311.7888929,310.2553338,0.001001968,0.001005531,0.001008742,0.001011081,759.215265,759.215265,759.215265,2359.12988,2359.12988,2359.12988,2359.12988,2359.12988
9/26/2015,572.9206364,615.7044078,628.9327608,634.9343711,635.1245927,628.9327608,1782.354082,1627.853979,2027.402567,1796.90185,1967.654955,2027.402567,1839.80296,1997.143175,2027.402567,1888.577356,2044.590951,2027.402567,303.9785389,302.4899488,0.001001968,0.001005531,0.001008742,0.001011081,727.4510627,727.4510627,727.4510627,2277.542682,2277.542682,2277.542682,2277.542682,2277.542682
9/27/2015,555.772088,597.4516813,610.1337761,615.5343619,615.7044078,610.1337761,1741.346708,6421.554487,1979.839629,1754.919019,1627.853979,1979.839629,1795.822993,1967.654955,1979.839629,1842.045532,1997.143175,1979.839629,296.3378709,294.8931072,0.001001968,0.001005531,0.001008742,0.001011081,701.1862945,701.1862945,701.1862945,2211.467031,2211.467031,2211.467031,2211.467031,2211.467031
9/28/2015,539.6054305,777.1089732,592.4085652,597.3063189,597.4516813,592.4085652,1703.071009,5379.9871,1935.659744,1715.743186,6421.554487,1935.659744,1754.846313,1627.853979,1935.659744,1799.978225,1967.654955,1935.659744,289.1133708,287.709892,0.001001968,0.001005531,0.001008742,0.001011081,677.7943243,677.7943243,677.7943243,2153.155386,2153.155386,2153.155386,2153.155386,2153.155386
9/29/2015,526.260917,3569.118389,577.7953247,582.2657232,777.1089732,577.7953247,1685.095067,8930.137258,1914.935242,1696.851727,5379.9871,1914.935242,1733.052785,6421.554487,1914.935242,1771.928816,1627.853979,1914.935242,283.2320279,281.8620451,0.001001968,0.001005531,0.001008742,0.001011081,653.1555315,653.1555315,653.1555315,2099.987593,2099.987593,2099.987593,2099.987593,2099.987593
9/30/2015,3382.842719,2409.557592,3956.520948,3603.565639,3569.118389,3956.520948,4347.516671,9432.430822,5260.011523,4254.148071,8930.137258,5260.011523,3981.579608,5379.9871,5260.011523,1511.544813,6421.554487,5260.011523,2310.566277,2295.263009,0.001001968,0.001005531,0.001008742,0.001011081,954.3964701,954.3964701,954.3964701,2050.953868,2050.953868,2050.953868,2050.953868,2050.953868
10/1/2015,3398.761689,4468.227856,3609.130843,2492.679695,2409.557592,3609.130843,8344.694845,7297.166621,9522.759328,7237.870015,9432.430822,9522.759328,6926.861064,8930.137258,9522.759328,7921.435577,5379.9871,9522.759328,874.706414,869.6365163,0.001001968,0.001005531,0.001008742,0.001011081,1160.905983,1160.905983,1160.905983,2803.867593,2803.867593,2803.867593,2803.867593,2803.867593
10/2/2015,3747.754643,4189.989345,4284.992609,4436.490038,4468.227856,4284.992609,5640.774151,5834.404578,6695.619017,5982.310533,7297.166621,6695.619017,5911.326452,9432.430822,6695.619017,4182.896241,8930.137258,6695.619017,2340.244425,2324.719162,0.001001968,0.001005531,0.001008742,0.001011081,1617.016502,1617.016502,1617.016502,3414.499989,3414.499989,3414.499989,3414.499989,3414.499989
10/3/2015,3299.132135,2986.954867,3799.635814,4172.504503,4189.989345,3799.635814,9122.969677,4994.532655,10886.65784,9596.526432,5834.404578,10886.65784,10090.96328,7297.166621,10886.65784,9600.536571,9432.430822,10886.65784,2181.872916,2167.528476,0.001001968,0.001005531,0.001008742,0.001011081,2138.692242,2138.692242,2138.692242,4534.426928,4534.426928,4534.426928,4534.426928,4534.426928
10/4/2015,2424.647416,1913.068686,2688.838408,3023.10906,2986.954867,2688.838408,7145.961109,3986.968555,8335.154303,7513.572712,4994.532655,8335.154303,7797.091023,5834.404578,8335.154303,9168.473966,7297.166621,8335.154303,1168.287572,1161.228194,0.001001968,0.001005531,0.001008742,0.001011081,2502.258676,2502.258676,2502.258676,5675.764301,5675.764301,5675.764301,5675.764301,5675.764301
10/5/2015,1686.622057,1511.747968,1813.37604,1928.47443,1913.068686,1813.37604,4040.723226,3377.522007,4575.532049,4179.938942,3986.968555,4575.532049,4716.552086,4994.532655,4575.532049,5645.731068,5834.404578,4575.532049,585.3852572,582.1923942,0.001001968,0.001005531,0.001008742,0.001011081,2758.271488,2758.271488,2758.271488,6382.839182,6382.839182,6382.839182,6382.839182,6382.839182
10/6/2015,1294.277274,1252.633634,1410.831636,1512.08199,1511.747968,1410.831636,3434.236913,4099.531545,3924.292423,3554.554699,3377.522007,3924.292423,4003.344688,3986.968555,3924.292423,4603.284743,4994.532655,3924.292423,569.3634256,566.271395,0.001001968,0.001005531,0.001008742,0.001011081,2944.320805,2944.320805,2944.320805,6825.907064,6825.907064,6825.907064,6825.907064,6825.907064
10/7/2015,1080.603509,1122.241248,1176.774239,1252.447145,1252.633634,1176.774239,3257.54609,3586.781744,3725.086726,3342.538686,4099.531545,3725.086726,3556.238092,3377.522007,3725.086726,4083.009891,3986.968555,3725.086726,479.9025006,477.3660936,0.001001968,0.001005531,0.001008742,0.001011081,2742.052492,2742.052492,2742.052492,7133.809658,7133.809658,7133.809658,7133.809658,7133.809658
10/8/2015,996.4794735,1100.624899,1083.400069,1121.924471,1122.241248,1083.400069,2784.235321,3192.041031,3167.195761,2836.055714,3586.781744,3167.195761,2969.96477,4099.531545,3167.195761,3228.00259,3377.522007,3167.195761,438.0146625,435.7336694,0.001001968,0.001005531,0.001008742,0.001011081,2609.043244,2609.043244,2609.043244,6558.566946,6558.566946,6558.566946,6558.566946,6558.566946
10/9/2015,961.7073129,965.7524285,1048.896255,1078.573367,1100.624899,1048.896255,2627.313967,3055.412481,2989.933996,2672.366239,3192.041031,2989.933996,2768.116791,3586.781744,2989.933996,2898.852948,4099.531545,2989.933996,441.4279544,439.1262721,0.001001968,0.001005531,0.001008742,0.001011081,2217.966498,2217.966498,2217.966498,6089.227078,6089.227078,6089.227078,6089.227078,6089.227078
10/10/2015,847.7433408,993.3151964,909.5498505,975.9914407,965.7524285,909.5498505,3368.849184,2743.567455,3847.937271,3426.686122,3055.412481,3847.937271,3417.714555,3192.041031,3847.937271,3594.505173,3586.781744,3847.937271,303.9719113,302.4833593,0.001001968,0.001005531,0.001008742,0.001011081,1741.764394,1741.764394,1741.764394,5244.27571,5244.27571,5244.27571,5244.27571,5244.27571
10/11/2015,1023.335949,1299.081127,1098.888226,1001.91909,993.3151964,1098.888226,3118.480596,2583.995481,3543.114828,3023.969831,2743.567455,3543.114828,3085.948168,3055.412481,3543.114828,3114.704705,3192.041031,3543.114828,377.301366,375.3844137,0.001001968,0.001005531,0.001008742,0.001011081,1437.006542,1437.006542,1437.006542,4323.290596,4323.290596,4323.290596,4323.290596,4323.290596
10/12/2015,1158.779897,1032.5162,1297.725854,1298.695848,1299.081127,1297.725854,2967.029848,2417.401772,3438.379564,2998.826888,2583.995481,3438.379564,3103.209017,2743.567455,3438.379564,2907.870289,3055.412481,3438.379564,689.9936869,686.1337188,0.001001968,0.001005531,0.001008742,0.001011081,1280.243037,1280.243037,1280.243037,3778.283349,3778.283349,3778.283349,3778.283349,3778.283349
10/13/2015,863.9517473,801.6621665,951.5575515,1028.550632,1032.5162,951.5575515,2538.023428,2293.738317,2913.402242,2627.40025,2417.401772,2913.402242,2706.344474,2583.995481,2913.402242,3018.312588,2743.567455,2913.402242,451.1676312,448.8067901,0.001001968,0.001005531,0.001008742,0.001011081,1160.992107,1160.992107,1160.992107,3478.808981,3478.808981,3478.808981,3478.808981,3478.808981
10/14/2015,716.3811625,819.6060694,773.6355548,800.2032098,801.6621665,773.6355548,1943.561668,2289.32951,2192.527127,1980.446564,2293.738317,2192.527127,2091.183856,2417.401772,2192.527127,2286.94678,2583.995481,2192.527127,300.4069834,298.9389001,0.001001968,0.001005531,0.001008742,0.001011081,1083.894856,1083.894856,1083.894856,3279.186738,3279.186738,3279.186738,3279.186738,3279.186738
10/15/2015,741.8155896,817.622146,806.8682198,813.0140487,819.6060694,806.8682198,2046.236612,2279.378599,2322.884157,2063.443423,2289.32951,2322.884157,2126.599922,2293.738317,2322.884157,2210.059576,2417.401772,2322.884157,340.4860455,338.7858583,0.001001968,0.001005531,0.001008742,0.001011081,1031.326494,1031.326494,1031.326494,3142.39167,3142.39167,3142.39167,3142.39167,3142.39167
10/16/2015,747.2748278,827.9917255,815.0535498,821.084018,817.622146,815.0535498,2049.283079,2225.726481,2330.394082,2067.546723,2279.378599,2330.394082,2114.892227,2289.32951,2330.394082,2159.033867,2293.738317,2330.394082,352.6344977,350.8631396,0.001001968,0.001005531,0.001008742,0.001011081,989.4576208,989.4576208,989.4576208,3028.001808,3028.001808,3028.001808,3028.001808,3028.001808
10/17/2015,754.2023256,804.1003666,823.2694736,831.5566712,827.9917255,823.2694736,1993.231525,2119.476852,2265.228867,2015.258741,2225.726481,2265.228867,2048.630899,2279.378599,2265.228867,2086.151133,2289.32951,2265.228867,360.2654901,358.4492432,0.001001968,0.001005531,0.001008742,0.001011081,969.3699223,969.3699223,969.3699223,2778.993912,2778.993912,2778.993912,2778.993912,2778.993912
10/18/2015,741.1262196,790.9374074,810.0668833,803.9085972,804.1003666,810.0668833,1983.665904,2060.03026,2257.088304,1990.494912,2119.476852,2257.088304,2056.731128,2225.726481,2257.088304,2084.138713,2279.378599,2257.088304,362.7719274,360.9409063,0.001001968,0.001005531,0.001008742,0.001011081,939.4188075,939.4188075,939.4188075,2594.978361,2594.978361,2594.978361,2594.978361,2594.978361
10/19/2015,716.1684382,756.3231817,785.7725504,790.3883942,790.9374074,785.7725504,1958.461078,2003.588095,2233.163292,1976.008002,2060.03026,2233.163292,2036.125687,2119.476852,2233.163292,2084.475328,2225.726481,2233.163292,368.4412539,366.5767607,0.001001968,0.001005531,0.001008742,0.001011081,868.856044,868.856044,868.856044,2473.556628,2473.556628,2473.556628,2473.556628,2473.556628
10/20/2015,669.2726858,660.5350858,732.9735804,755.6934903,756.3231817,732.9735804,1872.422058,1922.319481,2130.402571,1906.52903,2003.588095,2130.402571,1948.676519,2060.03026,2130.402571,2018.54229,2119.476852,2130.402571,339.4396482,337.7455741,0.001001968,0.001005531,0.001008742,0.001011081,826.3723689,826.3723689,826.3723689,2364.296321,2364.296321,2364.296321,2364.296321,2364.296321
10/21/2015,595.5298199,634.6921463,648.1316851,659.9370974,660.5350858,648.1316851,1729.581281,1717.396589,1958.518,1749.443746,1922.319481,1958.518,1817.927049,2003.588095,1958.518,1902.885553,2060.03026,1958.518,284.7808041,283.4020106,0.001001968,0.001005531,0.001008742,0.001011081,800.6118743,800.6118743,800.6118743,2280.805531,2280.805531,2280.805531,2280.805531,2280.805531
10/22/2015,576.333455,619.2962943,627.9008038,634.1308885,634.6921463,627.9008038,1694.336701,1978.585586,1919.726163,1708.279898,1717.396589,1919.726163,1756.740104,1922.319481,1919.726163,1827.967409,2003.588095,1919.726163,280.4943358,279.1399095,0.001001968,0.001005531,0.001008742,0.001011081,774.0602334,774.0602334,774.0602334,2214.689808,2214.689808,2214.689808,2214.689808,2214.689808
10/23/2015,562.8480869,660.9022246,613.6767381,618.7622667,619.2962943,613.6767381,1683.929261,2194.015901,1909.449109,1696.208167,1978.585586,1909.449109,1734.681526,1717.396589,1909.449109,1783.664544,1922.319481,1909.449109,277.4534106,276.1162374,0.001001968,0.001005531,0.001008742,0.001011081,745.4122766,745.4122766,745.4122766,2161.652222,2161.652222,2161.652222,2161.652222,2161.652222
10/24/2015,548.8136828,697.007159,598.5504992,603.0987127,660.9022246,598.5504992,1641.653647,2278.097243,1860.496854,1653.367031,2194.015901,1860.496854,1689.893693,1978.585586,1860.496854,1730.425016,1717.396589,1860.496854,272.5378413,271.2284967,0.001001968,0.001005531,0.001008742,0.001011081,715.2443884,715.2443884,715.2443884,2110.148816,2110.148816,2110.148816,2110.148816,2110.148816
10/25/2015,672.3933218,864.7000781,730.1663186,724.0988847,697.007159,730.1663186,1636.022318,1201.025007,1838.795625,1646.820785,2278.097243,1838.795625,1633.95207,2194.015901,1838.795625,1564.041892,1978.585586,1838.795625,289.2050819,287.80108,0.001001968,0.001005531,0.001008742,0.001011081,694.1165864,694.1165864,694.1165864,2037.334263,2037.334263,2037.334263,2037.334263,2037.334263
10/26/2015,859.9118293,897.1096541,944.3205235,884.5017844,864.7000781,944.3205235,2028.309885,8870.239724,2313.431973,1989.926623,1201.025007,2313.431973,1999.030232,2278.097243,2313.431973,1881.27906,2194.015901,2313.431973,430.4999305,428.2644069,0.001001968,0.001005531,0.001008742,0.001011081,698.3884604,698.3884604,698.3884604,2007.908757,2007.908757,2007.908757,2007.908757,2007.908757
10/27/2015,809.5291524,4358.922838,900.7075444,873.6160998,897.1096541,900.7075444,2081.682067,15879.17459,2395.049729,2074.807743,8870.239724,2395.049729,2174.296895,1201.025007,2395.049729,2132.840047,2278.097243,2395.049729,477.1025071,474.5832735,0.001001968,0.001005531,0.001008742,0.001011081,719.2479847,719.2479847,719.2479847,2014.981001,2014.981001,2014.981001,2014.981001,2014.981001
10/28/2015,912.5542634,5329.440357,996.5110877,1019.124333,4358.922838,996.5110877,2310.884277,14353.77353,2611.445532,2358.029866,15879.17459,2611.445532,2232.259103,8870.239724,2611.445532,2155.17589,1201.025007,2611.445532,417.6306269,415.472711,0.001001968,0.001005531,0.001008742,0.001011081,738.6870621,738.6870621,738.6870621,2061.351328,2061.351328,2061.351328,2061.351328,2061.351328
10/29/2015,8005.452785,6917.402929,8722.397536,7187.149191,5329.440357,8722.397536,10538.44098,10706.49408,11529.63597,9631.840034,14353.77353,11529.63597,7931.942692,15879.17459,11529.63597,1458.67246,8870.239724,11529.63597,1193.565509,1186.331637,0.001001968,0.001005531,0.001008742,0.001011081,1388.815077,1388.815077,1388.815077,2692.340169,2692.340169,2692.340169,2692.340169,2692.340169
10/30/2015,8742.847949,10017.69633,9638.364169,7957.601299,6917.402929,9638.364169,16078.73904,8370.843507,18525.49955,14737.39981,10706.49408,18525.49955,14609.10337,14353.77353,18525.49955,13893.94764,15879.17459,18525.49955,3116.769612,3095.332429,0.001001968,0.001005531,0.001008742,0.001011081,2337.278053,2337.278053,2337.278053,4347.869213,4347.869213,4347.869213,4347.869213,4347.869213
10/31/2015,7661.063913,4363.386983,9184.733298,10046.59156,10017.69633,9184.733298,14767.44393,6015.578171,18224.59538,16094.24348,8370.843507,18224.59538,17252.10817,10706.49408,18224.59538,15277.01269,14353.77353,18224.59538,6064.667531,6019.517787,0.001001968,0.001005531,0.001008742,0.001011081,3651.967214,3651.967214,3651.967214,6174.179889,6174.179889,6174.179889,6174.179889,6174.179889
11/1/2015,2832.350681,1599.860748,3193.87395,4374.815808,4363.386983,3193.87395,8179.730589,4247.898261,9608.302416,9419.790633,6015.578171,9608.302416,10809.36938,8370.843507,9608.302416,15531.09293,10706.49408,9608.302416,1607.183112,1597.035249,0.001001968,0.001005531,0.001008742,0.001011081,4345.299737,4345.299737,4345.299737,7849.259425,7849.259425,7849.259425,7849.259425,7849.259425
11/2/2015,1248.163093,1651.538319,1278.82127,1607.056298,1599.860748,1278.82127,1679.362572,3673.547638,1728.763309,2035.145733,4247.898261,1728.763309,3306.57199,6015.578171,1728.763309,6126.041004,8370.843507,1728.763309,106.6419337,106.2144121,0.001001968,0.001005531,0.001008742,0.001011081,4633.240583,4633.240583,4633.240583,8883.473369,8883.473369,8883.473369,8883.473369,8883.473369
11/3/2015,1432.839547,1588.664813,1543.993977,1654.744915,1651.538319,1543.993977,3629.652989,3402.302355,4122.943534,3761.839479,3673.547638,4122.943534,4189.441482,4247.898261,4122.943534,5188.028232,6015.578171,4122.943534,528.9482347,526.108822,0.001001968,0.001005531,0.001008742,0.001011081,4792.399282,4792.399282,4792.399282,9375.443874,9375.443874,9375.443874,9375.443874,9375.443874
11/4/2015,1397.140387,1470.583133,1523.274497,1590.415177,1588.664813,1523.274497,3960.196085,3155.000483,4532.988204,4044.870277,3402.302355,4532.988204,4246.420856,3673.547638,4532.988204,4636.435294,4247.898261,4532.988204,605.227936,601.9096777,0.001001968,0.001005531,0.001008742,0.001011081,4919.487014,4919.487014,4919.487014,9635.979666,9635.979666,9635.979666,9635.979666,9635.979666
11/5/2015,1301.919501,1366.777828,1421.055778,1471.383473,1470.583133,1421.055778,3149.312752,2968.347736,3582.636701,3228.052255,3155.000483,3582.636701,3391.804187,3402.302355,3582.636701,3630.702223,3673.547638,3582.636701,576.7659312,573.6273605,0.001001968,0.001005531,0.001008742,0.001011081,4398.357428,4398.357428,4398.357428,9243.831466,9243.831466,9243.831466,9243.831466,9243.831466
11/6/2015,1216.392982,1279.385961,1327.516381,1366.924829,1366.777828,1327.516381,2843.897063,2931.598775,3228.082817,2912.141995,2968.347736,3228.082817,3053.980946,3155.000483,3228.082817,3228.880552,3402.302355,3228.082817,542.4100484,539.4867744,0.001001968,0.001005531,0.001008742,0.001011081,3564.719478,3564.719478,3564.719478,7798.182197,7798.182197,7798.182197,7798.182197,7798.182197
11/7/2015,1142.558959,1200.152003,1246.514164,1279.075391,1279.385961,1246.514164,2686.66079,1599.806903,3049.207416,2745.797348,2931.598775,3049.207416,2869.442921,2968.347736,3049.207416,3028.052028,3155.000483,3049.207416,511.1674051,508.4383104,0.001001968,0.001005531,0.001008742,0.001011081,2352.96046,2352.96046,2352.96046,6160.819628,6160.819628,6160.819628,6160.819628,6160.819628
11/8/2015,1074.999146,1144.327364,1171.837757,1199.517871,1200.152003,1171.837757,2505.308711,2885.655279,2841.057653,2557.931917,1599.806903,2841.057653,2668.516832,2931.598775,2841.057653,2813.134204,2968.347736,2841.057653,479.4694368,476.9356869,0.001001968,0.001005531,0.001008742,0.001011081,1740.422961,1740.422961,1740.422961,4660.697007,4660.697007,4660.697007,4660.697007,4660.697007
11/9/2015,1032.76978,1248.204245,1126.159439,1143.467178,1144.327364,1126.159439,2402.438424,5492.732286,2723.719807,2444.344968,2885.655279,2723.719807,2546.559923,1599.806903,2723.719807,2648.073509,2931.598775,2723.719807,464.8852928,462.4408274,0.001001968,0.001005531,0.001008742,0.001011081,1501.906013,1501.906013,1501.906013,3738.845263,3738.845263,3738.845263,3738.845263,3738.845263
11/10/2015,995.8318947,1394.504633,1087.054147,1106.523808,1248.204245,1087.054147,2439.199952,6772.892726,2769.707703,2480.670626,5492.732286,2769.707703,2566.920398,2885.655279,2769.707703,2640.302241,1599.806903,2769.707703,455.9602742,453.5702565,0.001001968,0.001005531,0.001008742,0.001011081,1375.212487,1375.212487,1375.212487,3333.584487,3333.584487,3333.584487,3333.584487,3333.584487
11/11/2015,2082.242667,4026.316792,2134.441954,1424.160546,1394.504633,2134.441954,2675.006323,6622.983487,2762.62102,2014.932843,6772.892726,2762.62102,1488.116145,5492.732286,2762.62102,1554.433633,2885.655279,2762.62102,85.17510768,84.84981227,0.001001968,0.001005531,0.001008742,0.001011081,1260.967868,1260.967868,1260.967868,2988.859411,2988.859411,2988.859411,2988.859411,2988.859411
11/12/2015,4495.064962,6283.312878,4951.329257,4051.238252,4026.316792,4951.329257,6006.596638,6172.972112,6861.069414,5287.206609,6622.983487,6861.069414,4897.219435,6772.892726,6861.069414,2578.29379,5492.732286,6861.069414,1944.484432,1931.891389,0.001001968,0.001005531,0.001008742,0.001011081,1505.302634,1505.302634,1505.302634,2987.89394,2987.89394,2987.89394,2987.89394,2987.89394
11/13/2015,4931.525936,3424.320773,5805.403298,6303.193552,6283.312878,5805.403298,8575.703655,4802.780804,10432.50263,9362.524573,6172.972112,10432.50263,9546.887442,6622.983487,10432.50263,7140.020682,6772.892726,10432.50263,3630.09244,3604.653408,0.001001968,0.001005531,0.001008742,0.001011081,2111.117772,2111.117772,2111.117772,3475.34937,3475.34937,3475.34937,3475.34937,3475.34937
11/14/2015,2690.314545,2074.597166,3001.412173,3449.072018,3424.320773,3001.412173,5570.902434,3821.864313,6468.305785,6105.221878,4802.780804,6468.305785,6923.219893,6172.972112,6468.305785,8770.881342,6622.983487,6468.305785,1392.50299,1383.880636,0.001001968,0.001005531,0.001008742,0.001011081,2496.544467,2496.544467,2496.544467,4168.96569,4168.96569,4168.96569,4168.96569,4168.96569
11/15/2015,1733.20203,1849.837438,1875.423032,2077.348559,2074.597166,1875.423032,2367.440737,3395.519742,2614.98811,2631.070327,3821.864313,2614.98811,3382.018627,4802.780804,2614.98811,4793.006769,6172.972112,2614.98811,675.8540467,672.0850884,0.001001968,0.001005531,0.001008742,0.001011081,2704.266718,2704.266718,2704.266718,4662.573754,4662.573754,4662.573754,4662.573754,4662.573754
11/16/2015,1579.028791,1622.006656,1725.112504,1847.940235,1849.837438,1725.112504,3309.99645,5320.124732,3775.928776,3472.978235,3395.519742,3775.928776,3826.744494,3821.864313,3775.928776,4486.270107,4802.780804,3775.928776,700.542244,696.6142191,0.001001968,0.001005531,0.001008742,0.001011081,2834.542745,2834.542745,2834.542745,4948.442821,4948.442821,4948.442821,4948.442821,4948.442821
11/17/2015,1415.601164,1501.547049,1543.352451,1619.970235,1622.006656,1543.352451,3174.567897,6691.922116,3611.100928,3282.668607,5320.124732,3611.100928,3514.462317,3395.519742,3611.100928,3901.323053,3821.864313,3611.100928,619.1656222,615.7589524,0.001001968,0.001005531,0.001008742,0.001011081,2924.796699,2924.796699,2924.796699,5098.927839,5098.927839,5098.927839,5098.927839,5098.927839
11/18/2015,1329.850803,1895.752605,1450.72746,1494.852601,1501.547049,1450.72746,2789.298233,5851.151998,3161.433228,2868.106864,6691.922116,3161.433228,3050.532945,5320.124732,3161.433228,3254.400786,3395.519742,3161.433228,589.6852995,586.4653105,0.001001968,0.001005531,0.001008742,0.001011081,3019.680019,3019.680019,3019.680019,5325.130757,5325.130757,5325.130757,5325.130757,5325.130757
11/19/2015,1532.472263,3213.101455,1691.431898,1712.739832,1895.752605,1691.431898,2987.737278,5534.936914,3403.094285,3063.516363,5851.151998,3403.094285,3139.807651,6691.922116,3403.094285,3015.642694,5320.124732,3403.094285,753.1537687,748.8843245,0.001001968,0.001005531,0.001008742,0.001011081,2790.456578,2790.456578,2790.456578,5261.57428,5261.57428,5261.57428,5261.57428,5261.57428
11/20/2015,3204.728128,3096.022919,3613.599806,3269.787515,3213.101455,3613.599806,6638.235184,4905.033838,7739.526357,6435.661311,5534.936914,7739.526357,6308.107584,5851.151998,7739.526357,4933.668678,6691.922116,7739.526357,1689.499642,1678.76017,0.001001968,0.001005531,0.001008742,0.001011081,2386.30437,2386.30437,2386.30437,5106.37701,5106.37701,5106.37701,5106.37701,5106.37701
11/21/2015,3116.106401,3257.302101,3451.928256,3164.13525,3096.022919,3451.928256,7435.217527,4418.131935,8625.139622,7222.544289,4905.033838,8625.139622,7251.18828,5534.936914,8625.139622,7345.961413,5851.151998,8625.139622,1456.735653,1447.659636,0.001001968,0.001005531,0.001008742,0.001011081,2236.112527,2236.112527,2236.112527,5022.243659,5022.243659,5022.243659,5022.243659,5022.243659
11/22/2015,2701.234136,2155.837637,3065.241022,3260.654632,3257.302101,3065.241022,5009.164091,3828.115777,5863.607429,5324.873693,4418.131935,5863.607429,5631.128459,4905.033838,5863.607429,5476.917879,5534.936914,5863.607429,1623.738695,1613.472129,0.001001968,0.001005531,0.001008742,0.001011081,2315.075299,2315.075299,2315.075299,4993.534632,4993.534632,4993.534632,4993.534632,4993.534632
11/23/2015,1744.45755,1646.147826,1916.00912,2156.064162,2155.837637,1916.00912,3795.103111,3419.794137,4330.896943,4083.139194,3828.115777,4330.896943,4480.909403,4418.131935,4330.896943,5417.818025,4905.033838,4330.896943,803.9852393,799.3829485,0.001001968,0.001005531,0.001008742,0.001011081,2363.042593,2363.042593,2363.042593,5089.793918,5089.793918,5089.793918,5089.793918,5089.793918
11/24/2015,1443.869845,1605.77891,1562.716727,1645.017996,1646.147826,1562.716727,2735.706381,3205.255894,3067.403585,2858.255353,3419.794137,3067.403585,3215.261803,3828.115777,3067.403585,3830.637396,4418.131935,3067.403585,566.4975105,563.4234762,0.001001968,0.001005531,0.001008742,0.001011081,2384.420623,2384.420623,2384.420623,5174.398316,5174.398316,5174.398316,5174.398316,5174.398316
11/25/2015,1431.95728,1539.874293,1564.159384,1604.492555,1605.77891,1564.159384,3050.963265,3090.646398,3464.266008,3129.010293,3205.255894,3464.266008,3327.600053,3419.794137,3464.266008,3577.809204,3828.115777,3464.266008,632.6072877,629.1150994,0.001001968,0.001005531,0.001008742,0.001011081,2401.61618,2401.61618,2401.61618,5227.320895,5227.320895,5227.320895,5227.320895,5227.320895
11/26/2015,1376.961663,1467.578578,1507.636358,1538.510049,1539.874293,1507.636358,2985.022563,3022.014109,3396.315117,3052.432004,3090.646398,3396.315117,3205.182428,3205.255894,3396.315117,3364.160041,3419.794137,3396.315117,628.5762724,625.109756,0.001001968,0.001005531,0.001008742,0.001011081,2392.497916,2392.497916,2392.497916,5256.042827,5256.042827,5256.042827,5256.042827,5256.042827
11/27/2015,1314.338662,1404.923988,1439.597785,1465.504062,1467.578578,1439.597785,2753.784898,3309.648316,3128.194727,2816.982473,3022.014109,3128.194727,2957.328505,3090.646398,3128.194727,3079.284077,3205.255894,3128.194727,605.9995333,602.6763875,0.001001968,0.001005531,0.001008742,0.001011081,2202.455283,2202.455283,2202.455283,4899.387854,4899.387854,4899.387854,4899.387854,4899.387854
11/28/2015,1258.883955,1360.047477,1378.162824,1398.307901,1404.923988,1378.162824,2618.865486,4421.263741,2970.70939,2675.534218,3309.648316,2970.70939,2803.063912,3022.014109,2970.70939,2912.209634,3090.646398,2970.70939,579.8988049,576.7405131,0.001001968,0.001005531,0.001008742,0.001011081,1982.39676,1982.39676,1982.39676,4272.264177,4272.264177,4272.264177,4272.264177,4272.264177
11/29/2015,1236.769041,1343.733739,1353.612484,1361.415812,1360.047477,1353.612484,2575.144755,5280.917023,2919.873441,2618.961574,4421.263741,2919.873441,2733.213231,3309.648316,2919.873441,2812.068529,3022.014109,2919.873441,568.1110498,565.0268848,0.001001968,0.001005531,0.001008742,0.001011081,1716.547701,1716.547701,1716.547701,3808.972423,3808.972423,3808.972423,3808.972423,3808.972423
11/30/2015,1192.887282,1625.250258,1307.064909,1322.818301,1343.733739,1307.064909,2530.46169,5889.753867,2873.11296,2580.320024,5280.917023,2873.11296,2688.580889,4421.263741,2873.11296,2770.498253,3309.648316,2873.11296,559.0806211,556.0531028,0.001001968,0.001005531,0.001008742,0.001011081,1561.941418,1561.941418,1561.941418,3441.884082,3441.884082,3441.884082,3441.884082,3441.884082
12/1/2015,1435.960964,2575.212055,1581.159849,1541.653112,1625.250258,1581.159849,3124.135363,5672.848173,3565.916738,3129.076365,5889.753867,3565.916738,3161.98777,5280.917023,3565.916738,3001.690569,4421.263741,3565.916738,685.358246,681.5281414,0.001001968,0.001005531,0.001008742,0.001011081,1498.329661,1498.329661,1498.329661,3272.847708,3272.847708,3272.847708,3272.847708,3272.847708
12/2/2015,2322.606361,3404.670775,2612.157264,2481.700748,2575.212055,2612.157264,5069.164475,5269.496301,5897.277375,5029.296771,5672.848173,5897.277375,4973.214633,5889.753867,5897.277375,4175.746123,5280.917023,5897.277375,1268.703651,1260.948439,0.001001968,0.001005531,0.001008742,0.001011081,1569.9813,1569.9813,1569.9813,3404.373512,3404.373512,3404.373512,3404.373512,3404.373512
12/3/2015,3286.015024,3279.298382,3739.304891,3473.764446,3404.670775,3739.304891,6736.235852,4783.746759,7901.921123,6624.133169,5269.496301,7901.921123,6721.079383,5672.848173,7901.921123,5590.330556,5889.753867,7901.921123,1904.88985,1892.586602,0.001001968,0.001005531,0.001008742,0.001011081,1800.827254,1800.827254,1800.827254,3783.982501,3783.982501,3783.982501,3783.982501,3783.982501
12/4/2015,2980.1646,2734.980307,3365.770039,3325.591031,3279.298382,3365.770039,6106.469348,4236.008874,7127.220659,6187.654691,4783.746759,7127.220659,6336.745132,5269.496301,7127.220659,6561.339874,5672.848173,7127.220659,1675.540014,1664.901115,0.001001968,0.001005531,0.001008742,0.001011081,2037.575228,2037.575228,2037.575228,4262.817747,4262.817747,4262.817747,4262.817747,4262.817747
12/5/2015,2332.000571,2178.463237,2618.977572,2736.22153,2734.980307,2618.977572,4194.902378,3819.348982,4851.586258,4413.653274,4236.008874,4851.586258,4810.868006,4783.746759,4851.586258,5228.111568,5269.496301,4851.586258,1293.361253,1285.434119,0.001001968,0.001005531,0.001008742,0.001011081,2244.964853,2244.964853,2244.964853,4655.594469,4655.594469,4655.594469,4655.594469,4655.594469
12/6/2015,1850.040616,1848.045848,2053.008111,2177.87676,2178.463237,2053.008111,3487.398119,3553.009033,3990.331419,3682.772498,3819.348982,3990.331419,4042.368834,4236.008874,3990.331419,4652.819372,4783.746759,3990.331419,936.9162444,931.4309726,0.001001968,0.001005531,0.001008742,0.001011081,2385.41907,2385.41907,2385.41907,4952.307929,4952.307929,4952.307929,4952.307929,4952.307929
12/7/2015,1622.586883,1749.113347,1787.037548,1847.259716,1848.045848,1787.037548,3149.573925,3358.343146,3582.140625,3265.772848,3553.009033,3582.140625,3553.290688,3819.348982,3582.140625,3987.202779,4236.008874,3582.140625,769.0822928,764.7088534,0.001001968,0.001005531,0.001008742,0.001011081,2479.568919,2479.568919,2479.568919,5151.682405,5151.682405,5151.682405,5151.682405,5151.682405
12/8/2015,1558.514261,1685.506727,1719.693287,1748.19007,1749.113347,1719.693287,3089.353552,3242.601294,3521.448956,3171.23877,3358.343146,3521.448956,3381.537075,3553.009033,3521.448956,3608.759145,3819.348982,3521.448956,758.0493433,753.7479668,0.001001968,0.001005531,0.001008742,0.001011081,2531.786518,2531.786518,2531.786518,5225.73464,5225.73464,5225.73464,5225.73464,5225.73464
12/9/2015,1504.596592,1627.606081,1662.733798,1684.24095,1685.506727,1662.733798,3006.563277,3146.412814,3432.083114,3079.825261,3242.601294,3432.083114,3253.39319,3358.343146,3432.083114,3401.815008,3553.009033,3432.083114,747.5151618,743.2824627,0.001001968,0.001005531,0.001008742,0.001011081,2463.926737,2463.926737,2463.926737,5057.926313,5057.926313,5057.926313,5057.926313,5057.926313
12/10/2015,1457.937431,1596.976353,1610.634041,1626.569495,1627.606081,1610.634041,2890.331281,3061.424347,3297.458349,2956.988109,3146.412814,3297.458349,3108.350098,3242.601294,3297.458349,3225.885982,3358.343146,3297.458349,724.6901146,720.6057868,0.001001968,0.001005531,0.001008742,0.001011081,2241.880349,2241.880349,2241.880349,4671.910836,4671.910836,4671.910836,4671.910836,4671.910836
12/11/2015,1431.820228,1519.775559,1583.919348,1596.064358,1596.976353,1583.919348,2788.521727,3014.721086,3182.107124,2852.095217,3061.424347,3182.107124,2999.711533,3146.412814,3182.107124,3073.089777,3242.601294,3182.107124,724.2116979,720.1304736,0.001001968,0.001005531,0.001008742,0.001011081,2020.879261,2020.879261,2020.879261,4195.488442,4195.488442,4195.488442,4195.488442,4195.488442
12/12/2015,1355.802338,1496.186575,1500.48148,1518.66925,1519.775559,1500.48148,2681.846765,3822.993571,3060.555912,2748.390161,3014.721086,3060.555912,2906.582629,3061.424347,3060.555912,3003.3277,3146.412814,3060.555912,693.8317208,689.9470063,0.001001968,0.001005531,0.001008742,0.001011081,1831.332085,1831.332085,1831.332085,3813.53052,3813.53052,3813.53052,3813.53052,3813.53052
12/13/2015,1334.202074,1564.863694,1478.822653,1494.913008,1496.186575,1478.822653,2611.85824,3946.272535,2982.505831,2676.919723,3822.993571,2982.505831,2814.299421,3014.721086,2982.505831,2891.120106,3061.424347,2982.505831,694.7109936,690.8206074,0.001001968,0.001005531,0.001008742,0.001011081,1709.096627,1709.096627,1709.096627,3525.177555,3525.177555,3525.177555,3525.177555,3525.177555
12/14/2015,1334.108452,2101.972073,1482.370131,1494.656146,1564.863694,1482.370131,2591.41593,6272.731341,2964.538868,2654.116434,3946.272535,2964.538868,2788.931743,3822.993571,2964.538868,2826.697427,3014.721086,2964.538868,712.3416698,708.3373574,0.001001968,0.001005531,0.001008742,0.001011081,1638.255551,1638.255551,1638.255551,3331.504027,3331.504027,3331.504027,3331.504027,3331.504027
12/15/2015,2107.23549,2736.235746,2345.876248,2112.258119,2101.972073,2345.876248,3503.456622,7464.634497,4010.621053,3368.070064,6272.731341,4010.621053,3367.177002,3946.272535,4010.621053,2828.612929,3822.993571,4010.621053,1056.952606,1050.656093,0.001001968,0.001005531,0.001008742,0.001011081,1649.510619,1649.510619,1649.510619,3233.228174,3233.228174,3233.228174,3233.228174,3233.228174
12/16/2015,2591.840996,2609.288996,2915.005807,2778.396671,2736.235746,2915.005807,4577.883113,5708.967964,5319.98531,4553.565037,7464.634497,5319.98531,4520.715207,6272.731341,5319.98531,4063.953995,3946.272535,5319.98531,1434.026086,1425.110744,0.001001968,0.001005531,0.001008742,0.001011081,1755.772558,1755.772558,1755.772558,3323.220409,3323.220409,3323.220409,3323.220409,3323.220409
12/17/2015,2066.822033,3334.925017,2330.557661,2432.729843,2609.288996,2330.557661,3705.50921,4891.915333,4300.150569,3899.594987,5708.967964,4300.150569,4203.943311,7464.634497,4300.150569,4195.925203,6272.731341,4300.150569,1213.459578,1206.088054,0.001001968,0.001005531,0.001008742,0.001011081,1876.955827,1876.955827,1876.955827,3468.75314,3468.75314,3468.75314,3468.75314,3468.75314
12/18/2015,2959.831221,2779.410309,3410.822095,3373.883879,3334.925017,3410.822095,6242.602623,4271.981022,7397.621512,6356.216587,4891.915333,7397.621512,6640.220961,5708.967964,7397.621512,5829.687957,7464.634497,7397.621512,1902.526735,1890.24076,0.001001968,0.001005531,0.001008742,0.001011081,2116.369935,2116.369935,2116.369935,3957.00229,3957.00229,3957.00229,3957.00229,3957.00229
12/19/2015,2639.502498,2552.351365,2960.146225,2847.866952,2779.410309,2960.146225,6791.988186,4260.634779,7938.629,6750.639678,4271.981022,7938.629,6938.306866,4891.915333,7938.629,7575.594854,5708.967964,7938.629,1400.017994,1391.342691,0.001001968,0.001005531,0.001008742,0.001011081,2297.136736,2297.136736,2297.136736,4596.922664,4596.922664,4596.922664,4596.922664,4596.922664
12/20/2015,2197.912545,2097.407278,2473.123204,2558.727742,2552.351365,2473.123204,4092.366053,7455.874619,4744.528131,4272.459976,4260.634779,4744.528131,4562.31255,4271.981022,4744.528131,4836.76423,4891.915333,4744.528131,1245.38362,1237.790629,0.001001968,0.001005531,0.001008742,0.001011081,2454.575058,2454.575058,2454.575058,4971.621933,4971.621933,4971.621933,4971.621933,4971.621933
12/21/2015,1775.134532,2226.295941,1969.545169,2060.584918,2097.407278,1969.545169,3480.399543,10733.11194,3983.868763,3636.719695,7455.874619,3983.868763,3933.260683,4260.634779,3983.868763,4406.568273,4271.981022,3983.868763,901.1285877,895.8827151,0.001001968,0.001005531,0.001008742,0.001011081,2553.468739,2553.468739,2553.468739,5221.121625,5221.121625,5221.121625,5221.121625,5221.121625
12/22/2015,2074.244511,3117.054666,2292.701401,2164.127766,2226.295941,2292.701401,3476.121336,9472.669413,3956.230377,3433.687687,10733.11194,3956.230377,3631.815035,7455.874619,3956.230377,3655.724273,4260.634779,3956.230377,985.2675109,979.4569545,0.001001968,0.001005531,0.001008742,0.001011081,2591.705454,2591.705454,2591.705454,5354.523789,5354.523789,5354.523789,5354.523789,5354.523789
12/23/2015,2718.028108,5133.519322,3012.841346,2854.636192,3117.054666,3012.841346,4556.230519,8922.625506,5206.364959,4516.007369,9472.669413,5206.364959,4401.873659,10733.11194,5206.364959,4028.117482,7455.874619,5206.364959,1260.908243,1253.207298,0.001001968,0.001005531,0.001008742,0.001011081,2595.547825,2595.547825,2595.547825,5372.086382,5372.086382,5372.086382,5372.086382,5372.086382
12/24/2015,5294.561259,6178.829728,5992.177277,5239.330612,5133.519322,5992.177277,10392.71125,8660.772408,12169.96344,9902.489056,8922.625506,12169.96344,9818.250676,9472.669413,12169.96344,7250.242579,10733.11194,12169.96344,2728.555514,2710.097518,0.001001968,0.001005531,0.001008742,0.001011081,2894.057931,2894.057931,2894.057931,5970.569791,5970.569791,5970.569791,5970.569791,5970.569791
12/25/2015,5592.649545,4824.90184,6402.960368,6285.424922,6178.829728,6402.960368,12513.28685,10117.32849,14878.37986,12620.1827,8660.772408,14878.37986,12641.71025,8922.625506,14878.37986,12029.34787,9472.669413,14878.37986,3284.172496,3261.437623,0.001001968,0.001005531,0.001008742,0.001011081,3235.039891,3235.039891,3235.039891,6760.445533,6760.445533,6760.445533,6760.445533,6760.445533
12/26/2015,3888.255893,3446.330054,4418.842545,4818.715416,4824.90184,4418.842545,7465.129055,10302.78044,8758.773111,8039.674755,10117.32849,8758.773111,8801.507566,8660.772408,8758.773111,9545.808021,8922.625506,8758.773111,2255.067372,2240.178367,0.001001968,0.001005531,0.001008742,0.001011081,3564.501105,3564.501105,3564.501105,7143.343874,7143.343874,7143.343874,7143.343874,7143.343874
12/27/2015,2858.669495,3073.395985,3171.519852,3444.705405,3446.330054,3171.519852,5471.624677,8571.375313,6269.406396,5856.64873,10302.78044,6269.406396,6588.459899,10117.32849,6269.406396,7902.354643,8660.772408,6269.406396,1361.225263,1352.82291,0.001001968,0.001005531,0.001008742,0.001011081,3750.845976,3750.845976,3750.845976,7606.437584,7606.437584,7606.437584,7606.437584,7606.437584
12/28/2015,2710.927826,3521.017874,2989.283105,3025.93752,3073.395985,2989.283105,5586.850009,7702.533819,6395.501017,5713.264076,8571.375313,6395.501017,6196.089366,10302.78044,6395.501017,6959.895985,10117.32849,6395.501017,1217.896258,1210.493998,0.001001968,0.001005531,0.001008742,0.001011081,3907.515856,3907.515856,3907.515856,8036.504851,8036.504851,8036.504851,8036.504851,8036.504851
12/29/2015,3163.25967,3762.217235,3555.121848,3542.195355,3521.017874,3555.121848,8455.414119,7199.933656,9897.428583,8535.567717,7702.533819,9897.428583,8795.402546,8571.375313,9897.428583,8512.8667,10302.78044,9897.428583,1676.757806,1666.110137,0.001001968,0.001005531,0.001008742,0.001011081,4100.489288,4100.489288,4100.489288,8802.304269,8802.304269,8802.304269,8802.304269,8802.304269
12/30/2015,3257.855322,3625.391464,3683.178571,3748.264589,3762.217235,3683.178571,9214.603858,6948.405888,10841.49076,9365.700792,7199.933656,10841.49076,9560.645447,7702.533819,10841.49076,9625.879117,8571.375313,10841.49076,1822.116662,1810.416953,0.001001968,0.001005531,0.001008742,0.001011081,4266.054834,4266.054834,4266.054834,9644.167599,9644.167599,9644.167599,9644.167599,9644.167599
12/31/2015,3372.35235,3502.315196,3769.705792,3632.25596,3625.391464,3769.705792,7555.447915,6652.157299,8768.106356,7538.038052,6948.405888,8768.106356,7817.969214,7199.933656,8768.106356,7942.039327,7702.533819,8768.106356,1681.536974,1670.854882,0.001001968,0.001005531,0.001008742,0.001011081,4126.558025,4126.558025,4126.558025,9661.249705,9661.249705,9661.249705,9661.249705,9661.249705
1/1/2016,3257.573898,3544.672564,3615.415278,3510.044046,3502.315196,3615.415278,6608.801677,6308.728201,7607.002461,6619.84453,6652.157299,7607.002461,6870.004105,6948.405888,7607.002461,7147.869511,7199.933656,7607.002461,1541.993942,1532.312054,0.001001968,0.001005531,0.001008742,0.001011081,3811.64026,3811.64026,3811.64026,9031.857534,9031.857534,9031.857534,9031.857534,9031.857534
1/2/2016,3126.622555,3248.004413,3499.81696,3546.059581,3544.672564,3499.81696,5980.552222,5934.830783,6918.188812,6153.318493,6308.728201,6918.188812,6496.005494,6652.157299,6918.188812,6532.685878,6948.405888,6918.188812,1625.700137,1615.419499,0.001001968,0.001005531,0.001008742,0.001011081,3589.688837,3589.688837,3589.688837,8575.553276,8575.553276,8575.553276,8575.553276,8575.553276
1/3/2016,2846.805799,2998.277256,3175.062548,3248.649726,3248.004413,3175.062548,5638.131095,5574.074876,6507.323891,5818.970311,5934.830783,6507.323891,6193.181167,6308.728201,6507.323891,6535.461049,6652.157299,6507.323891,1445.714129,1436.716129,0.001001968,0.001005531,0.001008742,0.001011081,3509.087143,3509.087143,3509.087143,8274.338301,8274.338301,8274.338301,8274.338301,8274.338301
1/4/2016,2645.749837,2836.902694,2943.533176,2998.463502,2998.277256,2943.533176,5132.361648,5260.012297,5906.534621,5286.717698,5574.074876,5906.534621,5649.307952,5934.830783,5906.534621,5990.200941,6308.728201,5906.534621,1323.070135,1314.935328,0.001001968,0.001005531,0.001008742,0.001011081,3483.537096,3483.537096,3483.537096,8084.117629,8084.117629,8084.117629,8084.117629,8084.117629
1/5/2016,2509.497742,2694.856895,2791.678778,2836.756042,2836.902694,2791.678778,4893.622019,5021.930455,5634.660558,5031.524045,5260.012297,5634.660558,5354.174425,5574.074876,5634.660558,5651.145114,5934.830783,5634.660558,1262.036115,1254.327322,0.001001968,0.001005531,0.001008742,0.001011081,3398.165571,3398.165571,3398.165571,7590.896522,7590.896522,7590.896522,7590.896522,7590.896522
1/6/2016,2387.19585,2562.277313,2655.204486,2694.467139,2694.856895,2655.204486,4683.734976,8274.039855,5390.725835,4810.776807,5021.930455,5390.725835,5107.847124,5260.012297,5390.725835,5334.804916,5574.074876,5390.725835,1206.100559,1198.779986,0.001001968,0.001005531,0.001008742,0.001011081,3271.337053,3271.337053,3271.337053,6942.980185,6942.980185,6942.980185,6942.980185,6942.980185
1/7/2016,2274.641431,2411.233558,2528.726057,2561.710771,2562.277313,2528.726057,4469.762718,12527.52654,5138.773091,4586.323633,8274.039855,5138.773091,4863.605694,5021.930455,5138.773091,5062.07984,5260.012297,5138.773091,1150.383811,1143.447743,0.001001968,0.001005531,0.001008742,0.001011081,3130.527223,3130.527223,3130.527223,6465.304601,6465.304601,6465.304601,6465.304601,6465.304601
1/8/2016,2168.785929,2607.196613,2402.70109,2410.539575,2411.233558,2402.70109,4249.845725,11446.82266,4869.046359,4335.082729,12527.52654,4869.046359,4586.132511,8274.039855,4869.046359,4797.694156,5021.930455,4869.046359,1066.538134,1060.17632,0.001001968,0.001005531,0.001008742,0.001011081,2986.586318,2986.586318,2986.586318,6079.419727,6079.419727,6079.419727,6079.419727,6079.419727
1/9/2016,2178.696421,5552.430747,2408.441743,2382.217809,2607.196613,2408.441743,4216.760529,12284.65863,4821.364461,4269.284536,11446.82266,4821.364461,4465.067419,12527.52654,4821.364461,4558.471359,8274.039855,4821.364461,1048.647738,1042.407742,0.001001968,0.001005531,0.001008742,0.001011081,2816.449592,2816.449592,2816.449592,5757.719991,5757.719991,5757.719991,5757.719991,5757.719991
1/10/2016,5374.737631,7006.281061,6144.130514,5496.293907,5552.430747,6144.130514,11411.33141,12762.44835,13441.67411,11053.65269,12284.65863,13441.67411,10849.75204,11446.82266,13441.67411,7812.239691,12527.52654,13441.67411,3051.909431,3030.973003,0.001001968,0.001005531,0.001008742,0.001011081,2997.585496,2997.585496,2997.585496,6069.398032,6069.398032,6069.398032,6069.398032,6069.398032
1/11/2016,7527.835539,8585.930475,8344.391149,7083.673165,7006.281061,8344.391149,16758.91714,11712.57446,19499.67397,15744.54022,12762.44835,19499.67397,14895.72014,12284.65863,19499.67397,13962.66959,11446.82266,19499.67397,3141.933585,3120.301813,0.001001968,0.001005531,0.001008742,0.001011081,3360.425333,3360.425333,3360.425333,7234.118454,7234.118454,7234.118454,7234.118454,7234.118454
1/12/2016,7815.143709,7656.298997,8854.323536,8625.760206,8585.930475,8854.323536,12898.25398,10753.2493,15150.55257,13043.65368,11712.57446,15150.55257,13321.79262,12762.44835,15150.55257,11521.07826,12284.65863,15150.55257,4130.794605,4101.392331,0.001001968,0.001005531,0.001008742,0.001011081,4083.027792,4083.027792,4083.027792,8355.107032,8355.107032,8355.107032,8355.107032,8355.107032
1/13/2016,5983.772867,4813.879926,6867.686323,7667.20509,7656.298997,6867.686323,10736.19319,9845.933014,12746.25392,11832.9537,10753.2493,12746.25392,12994.19068,11712.57446,12746.25392,13300.00746,12762.44835,12746.25392,3614.718192,3589.399962,0.001001968,0.001005531,0.001008742,0.001011081,4836.036435,4836.036435,4836.036435,9516.336691,9516.336691,9516.336691,9516.336691,9516.336691
1/14/2016,3915.497658,4059.933734,4330.074766,4821.142083,4813.879926,4330.074766,7557.61158,8779.26564,8684.09651,8184.716628,9845.933014,8684.09651,9492.538865,10753.2493,8684.09651,11992.0569,11712.57446,8684.09651,1770.161915,1758.839407,0.001001968,0.001005531,0.001008742,0.001011081,5287.786919,5287.786919,5287.786919,10545.11226,10545.11226,10545.11226,10545.11226,10545.11226
1/15/2016,3440.621428,4711.12404,3797.138941,3998.9659,4059.933734,3797.138941,6296.322064,8698.822707,7200.168395,6623.675459,8779.26564,7200.168395,7498.584488,9845.933014,7200.168395,8870.066557,10753.2493,7200.168395,1542.704864,1533.017907,0.001001968,0.001005531,0.001008742,0.001011081,5588.625829,5588.625829,5588.625829,11260.10932,11260.10932,11260.10932,11260.10932,11260.10932
1/16/2016,4308.406385,4776.160462,4832.515733,4723.043886,4711.12404,4832.515733,8482.599399,8211.321476,9875.194758,8551.183348,8698.822707,9875.194758,8942.597177,8779.26564,9875.194758,8842.705201,9845.933014,9875.194758,2172.789625,2158.512621,0.001001968,0.001005531,0.001008742,0.001011081,5917.804521,5917.804521,5917.804521,11875.76838,11875.76838,11875.76838,11875.76838,11875.76838
1/17/2016,4322.161357,4671.046977,4826.542187,4792.18163,4776.160462,4826.542187,8675.279682,7452.224305,10083.92797,8799.035889,8211.321476,10083.92797,9047.552824,8698.822707,10083.92797,9293.154452,8779.26564,10083.92797,2111.411859,2097.589674,0.001001968,0.001005531,0.001008742,0.001011081,5920.679373,5920.679373,5920.679373,11926.94143,11926.94143,11926.94143,11926.94143,11926.94143
1/18/2016,4088.132044,4168.70207,4618.187887,4675.175146,4671.046977,4618.187887,7255.617901,6946.913348,8482.197403,7496.065739,7452.224305,8482.197403,8187.34563,8211.321476,8482.197403,8070.450014,8698.822707,8482.197403,2252.198823,2237.331199,0.001001968,0.001005531,0.001008742,0.001011081,5813.367789,5813.367789,5813.367789,11110.56984,11110.56984,11110.56984,11110.56984,11110.56984
1/19/2016,3562.134951,3612.504016,4008.345299,4171.057273,4168.70207,4008.345299,6781.878323,6471.63536,7908.556078,7090.266742,6946.913348,7908.556078,7625.036905,7452.224305,7908.556078,8350.91683,8211.321476,7908.556078,1924.160607,1911.716402,0.001001968,0.001005531,0.001008742,0.001011081,5291.254353,5291.254353,5291.254353,10342.86702,10342.86702,10342.86702,10342.86702,10342.86702
1/20/2016,3145.510827,3375.81519,3511.074685,3614.120871,3612.504016,3511.074685,5805.186928,6081.364481,6709.597214,6033.178799,6471.63536,6709.597214,6560.433004,6946.913348,6709.597214,7145.93649,7452.224305,6709.597214,1598.368691,1588.283968,0.001001968,0.001005531,0.001008742,0.001011081,4689.722043,4689.722043,4689.722043,9477.019378,9477.019378,9477.019378,9477.019378,9477.019378
1/21/2016,2960.282209,3190.003302,3305.454109,3376.894444,3375.81519,3305.454109,5510.610593,5773.19889,6368.362019,5699.55414,6081.364481,6368.362019,6139.162525,6471.63536,6368.362019,6529.672321,6946.913348,6368.362019,1519.829633,1510.305647,0.001001968,0.001005531,0.001008742,0.001011081,4365.744432,4365.744432,4365.744432,8683.31643,8683.31643,8683.31643,8683.31643,8683.31643
1/22/2016,2804.16239,3021.968265,3132.289138,3190.675791,3190.003302,3132.289138,5323.999829,5480.226198,6159.911497,5491.190031,5773.19889,6159.911497,5876.10932,6081.364481,6159.911497,6213.091996,6471.63536,6159.911497,1453.979598,1444.923098,0.001001968,0.001005531,0.001008742,0.001011081,4183.665488,4183.665488,4183.665488,8168.539478,8168.539478,8168.539478,8168.539478,8168.539478
1/23/2016,2660.873323,2872.061786,2972.153864,3022.33133,3021.968265,2972.153864,5032.474814,5146.765859,5821.440749,5186.12626,5480.226198,5821.440749,5540.140278,5773.19889,5821.440749,5816.578686,6081.364481,5821.440749,1387.874902,1379.285139,0.001001968,0.001005531,0.001008742,0.001011081,3958.788012,3958.788012,3958.788012,7730.094094,7730.094094,7730.094094,7730.094094,7730.094094
1/24/2016,2532.253315,2737.578079,2828.292268,2872.188709,2872.061786,2828.292268,4807.255962,5087.650696,5557.106382,4949.776575,5146.765859,5557.106382,5279.699472,5480.226198,5557.106382,5502.59953,5773.19889,5557.106382,1327.677141,1319.510079,0.001001968,0.001005531,0.001008742,0.001011081,3717.385546,3717.385546,3717.385546,7226.488717,7226.488717,7226.488717,7226.488717,7226.488717
1/25/2016,2416.302992,2580.210759,2698.64439,2737.524853,2737.578079,2698.64439,4604.887548,5062.957886,5321.590333,4737.635556,5087.650696,5321.590333,5046.880623,5146.765859,5321.590333,5260.077936,5480.226198,5321.590333,1273.322327,1265.534943,0.001001968,0.001005531,0.001008742,0.001011081,3418.030906,3418.030906,3418.030906,6757.850264,6757.850264,6757.850264,6757.850264,6757.850264
1/26/2016,2294.171498,2457.30175,2555.612239,2578.807708,2580.210759,2555.612239,4380.263124,5033.837038,5048.583638,4490.589915,5062.957886,5048.583638,4774.520052,5087.650696,5048.583638,4995.577869,5146.765859,5048.583638,1187.223552,1180.033501,0.001001968,0.001005531,0.001008742,0.001011081,3176.753217,3176.753217,3176.753217,6306.848815,6306.848815,6306.848815,6306.848815,6306.848815
1/27/2016,2245.819009,2569.729694,2488.316396,2456.573155,2457.30175,2488.316396,4218.868765,5123.006594,4835.593083,4269.981854,5033.837038,4835.593083,4510.633373,5062.957886,4835.593083,4680.219162,5087.650696,4835.593083,1107.125098,1100.485981,0.001001968,0.001005531,0.001008742,0.001011081,2985.201923,2985.201923,2985.201923,5921.294331,5921.294331,5921.294331,5921.294331,5921.294331
1/28/2016,2363.548944,2632.252363,2626.607812,2569.451737,2569.729694,2626.607812,4411.756715,5427.969417,5074.103905,4442.938701,5123.006594,5074.103905,4637.18609,5033.837038,5074.103905,4648.788339,5062.957886,5074.103905,1197.883924,1190.620195,0.001001968,0.001005531,0.001008742,0.001011081,2844.553771,2844.553771,2844.553771,5631.535087,5631.535087,5631.535087,5631.535087,5631.535087
1/29/2016,2327.124266,2468.019801,2595.56315,2631.802343,2632.252363,2595.56315,4448.971282,6318.931848,5134.376365,4573.275739,5427.969417,5134.376365,4755.673722,5123.006594,5134.376365,4767.710759,5033.837038,5134.376365,1223.600095,1216.158299,0.001001968,0.001005531,0.001008742,0.001011081,2742.592188,2742.592188,2742.592188,5422.060674,5422.060674,5422.060674,5422.060674,5422.060674
1/30/2016,2193.071602,2406.277366,2435.854056,2467.513955,2468.019801,2435.854056,4251.453084,7535.919831,4890.818583,4361.651517,6318.931848,4890.818583,4611.648282,5427.969417,4890.818583,4750.619661,5123.006594,4890.818583,1114.735107,1108.043854,0.001001968,0.001005531,0.001008742,0.001011081,2656.822211,2656.822211,2656.822211,5272.329493,5272.329493,5272.329493,5272.329493,5272.329493
1/31/2016,2143.852738,2385.521126,2380.34907,2404.460622,2406.277366,2380.34907,4260.435355,13919.68125,4901.327598,4360.096445,7535.919831,4901.327598,4585.484073,6318.931848,4901.327598,4703.879967,5427.969417,4901.327598,1088.08508,1081.576212,0.001001968,0.001005531,0.001008742,0.001011081,2582.535726,2582.535726,2582.535726,5166.477432,5166.477432,5166.477432,5166.477432,5166.477432
2/1/2016,2142.167888,2363.72199,2376.54419,2384.549304,2385.521126,2376.54419,4652.827714,15624.52377,5359.454067,4730.506809,13919.68125,5359.454067,4923.441863,7535.919831,5359.454067,4969.6896,6318.931848,5359.454067,1077.672186,1071.234429,0.001001968,0.001005531,0.001008742,0.001011081,2522.328461,2522.328461,2522.328461,5136.728324,5136.728324,5136.728324,5136.728324,5136.728324
2/2/2016,2123.08258,2504.958955,2354.612133,2363.364425,2363.72199,2354.612133,5456.455662,11173.00948,6313.970406,5516.358185,15624.52377,6313.970406,5684.266598,13919.68125,6313.970406,5772.537394,7535.919831,6313.970406,1065.751265,1059.394814,0.001001968,0.001005531,0.001008742,0.001011081,2482.690073,2482.690073,2482.690073,5282.915009,5282.915009,5282.915009,5282.915009,5282.915009
2/3/2016,2131.210355,3095.746764,2356.214891,2374.063984,2504.958955,2356.214891,6723.712405,9302.181279,7785.561346,6773.070238,11173.00948,7785.561346,6856.250235,15624.52377,7785.561346,6786.945181,13919.68125,7785.561346,1030.153093,1024.038755,0.001001968,0.001005531,0.001008742,0.001011081,2458.149586,2458.149586,2458.149586,5674.055148,5674.055148,5674.055148,5674.055148,5674.055148
2/4/2016,3184.435486,4021.503743,3525.188882,3135.704043,3095.746764,3525.188882,13903.83359,8480.033817,16381.60823,13507.54288,9302.181279,16381.60823,13462.43312,11173.00948,16381.60823,12456.91641,15624.52377,16381.60823,1462.117637,1453.003497,0.001001968,0.001005531,0.001008742,0.001011081,2514.981461,2514.981461,2514.981461,7061.352719,7061.352719,7061.352719,7061.352719,7061.352719
2/5/2016,3740.186313,3662.358362,4211.267756,4064.086029,4021.503743,4211.267756,14977.03387,7753.385248,17796.76387,14830.74784,8480.033817,17796.76387,14647.97519,9302.181279,17796.76387,14691.79945,11173.00948,17796.76387,2022.673578,2009.50626,0.001001968,0.001005531,0.001008742,0.001011081,2667.11102,2667.11102,2667.11102,8661.397036,8661.397036,8661.397036,8661.397036,8661.397036
2/6/2016,2999.147501,2616.562956,3398.06591,3666.095582,3662.358362,3398.06591,9080.180903,7083.170622,10689.23266,9417.909214,7753.385248,10689.23266,9774.302452,8480.033817,10689.23266,10040.26237,9302.181279,10689.23266,1760.372052,1749.120477,0.001001968,0.001005531,0.001008742,0.001011081,2842.705701,2842.705701,2842.705701,9563.998112,9563.998112,9563.998112,9563.998112,9563.998112
2/7/2016,2227.095592,2357.204016,2459.409547,2618.348316,2616.562956,2459.409547,6708.257437,6469.429191,7760.941969,6903.680048,7083.170622,7760.941969,7384.226367,7753.385248,7760.941969,8422.402878,8480.033817,7760.941969,1060.890199,1054.56687,0.001001968,0.001005531,0.001008742,0.001011081,2916.762714,2916.762714,2916.762714,10163.7955,10163.7955,10163.7955,10163.7955,10163.7955
2/8/2016,2087.586859,2319.939724,2304.415723,2358.189879,2357.204016,2304.415723,5915.438794,6078.537272,6824.971302,6010.862498,6469.429191,6824.971302,6344.327245,7083.170622,6824.971302,6918.707738,7753.385248,6824.971302,997.6280579,991.7340171,0.001001968,0.001005531,0.001008742,0.001011081,2939.197359,2939.197359,2939.197359,10523.55273,10523.55273,10523.55273,10523.55273,10523.55273
2/9/2016,2070.71698,2272.692288,2297.050815,2320.64744,2319.939724,2297.050815,6021.380452,5763.408194,6976.071888,6085.365734,6078.537272,6976.071888,6310.962529,6469.429191,6976.071888,6600.853356,7083.170622,6976.071888,1043.126925,1036.924468,0.001001968,0.001005531,0.001008742,0.001011081,2943.422634,2943.422634,2943.422634,10638.72104,10638.72104,10638.72104,10638.72104,10638.72104
2/10/2016,2022.408311,2173.969317,2248.82564,2273.195699,2272.692288,2248.82564,5788.371119,5488.118869,6709.585062,5855.433802,5763.408194,6709.585062,6052.89012,6078.537272,6709.585062,6254.409484,6469.429191,6709.585062,1046.921478,1040.693222,0.001001968,0.001005531,0.001008742,0.001011081,2942.797509,2942.797509,2942.797509,10496.73329,10496.73329,10496.73329,10496.73329,10496.73329
2/11/2016,1921.782707,2046.989877,2137.586211,2174.150547,2173.969317,2137.586211,5288.095856,5260.502881,6122.911299,5369.644018,5488.118869,6122.911299,5570.332534,5763.408194,6122.911299,5800.390616,6078.537272,6122.911299,1003.872209,997.9359447,0.001001968,0.001005531,0.001008742,0.001011081,2840.326024,2840.326024,2840.326024,9293.698489,9293.698489,9293.698489,9293.698489,9293.698489
2/12/2016,1820.276338,1968.37896,2020.930919,2047.015587,2046.989877,2020.930919,4910.748676,6017.901891,5676.602241,4979.868642,5260.502881,5676.602241,5178.79604,5488.118869,5676.602241,5420.640327,5763.408194,5676.602241,939.9569661,934.4512992,0.001001968,0.001005531,0.001008742,0.001011081,2618.799956,2618.799956,2618.799956,7816.678583,7816.678583,7816.678583,7816.678583,7816.678583
2/13/2016,1752.781849,1897.223898,1946.452901,1968.299853,1968.37896,1946.452901,4686.178164,8561.795601,5414.143914,4750.571048,6017.901891,5414.143914,4933.633941,5260.502881,5414.143914,5116.152616,5488.118869,5414.143914,911.695729,906.379292,0.001001968,0.001005531,0.001008742,0.001011081,2371.168061,2371.168061,2371.168061,6989.101777,6989.101777,6989.101777,6989.101777,6989.101777
2/14/2016,1689.864193,1829.363313,1877.025549,1897.071533,1897.223898,1877.025549,4473.639396,11542.41531,5173.251599,4534.39179,8561.795601,5173.251599,4707.318884,6017.901891,5173.251599,4914.977693,5260.502881,5173.251599,885.2499962,880.1099573,0.001001968,0.001005531,0.001008742,0.001011081,2225.770007,2225.770007,2225.770007,6420.713483,6420.713483,6420.713483,6420.713483,6420.713483
2/15/2016,1629.766514,2474.24872,1810.536004,1829.160649,1829.363313,1810.536004,4298.413788,11640.47517,4969.620201,4356.610871,11542.41531,4969.620201,4522.623407,8561.795601,4969.620201,4679.73212,6017.901891,4969.620201,859.0691619,854.1030913,0.001001968,0.001005531,0.001008742,0.001011081,2128.358726,2128.358726,2128.358726,6023.575307,6023.575307,6023.575307,6023.575307,6023.575307
2/16/2016,2046.354661,4373.073709,2312.296701,2318.151879,2474.24872,2312.296701,6250.563379,12432.89252,7234.562678,6333.126789,11640.47517,7234.562678,6413.03179,11542.41531,7234.562678,5383.082049,8561.795601,7234.562678,1213.060893,1205.692131,0.001001968,0.001005531,0.001008742,0.001011081,2098.133219,2098.133219,2098.133219,5943.750598,5943.750598,5943.750598,5943.750598,5943.750598
2/17/2016,5658.506877,8369.685678,6152.156395,4399.906481,4373.073709,6152.156395,13003.9786,12326.03617,14815.33163,11436.45929,12432.89252,14815.33163,10582.80283,11640.47517,14815.33163,8744.814047,11542.41531,14815.33163,1907.299303,1894.978439,0.001001968,0.001005531,0.001008742,0.001011081,2225.046225,2225.046225,2225.046225,6440.716288,6440.716288,6440.716288,6440.716288,6440.716288
2/18/2016,7980.975229,7878.538756,9007.074905,8409.898176,8369.685678,9007.074905,15681.7539,10907.97688,18456.78926,15401.04531,12326.03617,18456.78926,14376.37913,12432.89252,18456.78926,12109.41979,11640.47517,18456.78926,4077.705204,4048.725717,0.001001968,0.001005531,0.001008742,0.001011081,2843.037385,2843.037385,2843.037385,7434.330111,7434.330111,7434.330111,7434.330111,7434.330111
2/19/2016,6016.575585,4308.048367,6967.970628,7884.598836,7878.538756,6967.970628,11775.16079,9041.29905,14094.11624,12989.66365,10907.97688,14094.11624,14116.27375,12326.03617,14094.11624,12957.7209,12432.89252,14094.11624,3904.61473,3877.009553,0.001001968,0.001005531,0.001008742,0.001011081,3707.583001,3707.583001,3707.583001,8560.734636,8560.734636,8560.734636,8560.734636,8560.734636
2/20/2016,3430.27311,3341.528202,3766.153323,4303.77985,4308.048367,3766.153323,7979.922023,9493.077785,9171.824201,8602.59639,9041.29905,9171.824201,9972.228099,10907.97688,9171.824201,12984.38719,12326.03617,9171.824201,1472.055307,1462.87073,0.001001968,0.001005531,0.001008742,0.001011081,4195.280738,4195.280738,4195.280738,9691.37372,9691.37372,9691.37372,9691.37372,9691.37372
2/21/2016,3194.242392,3850.707006,3444.710887,3340.124046,3341.528202,3444.710887,6519.525883,10860.07477,7354.70486,6490.433093,9493.077785,7354.70486,7282.186152,9041.29905,7354.70486,8926.634974,10907.97688,7354.70486,1112.882078,1106.203524,0.001001968,0.001005531,0.001008742,0.001011081,4481.5868,4481.5868,4481.5868,10461.38025,10461.38025,10461.38025,10461.38025,10461.38025
2/22/2016,3541.591782,3806.408067,3900.924494,3853.336965,3850.707006,3900.924494,8003.531838,19565.71922,9235.51906,8044.149812,10860.07477,9235.51906,8266.884863,9493.077785,9235.51906,8579.179847,9041.29905,9235.51906,1584.99546,1575.006453,0.001001968,0.001005531,0.001008742,0.001011081,4759.187404,4759.187404,4759.187404,11027.05308,11027.05308,11027.05308,11027.05308,11027.05308
2/23/2016,3229.893292,4979.707165,3580.247451,3804.031354,3806.408067,3580.247451,7395.505394,22838.03282,8561.930833,7707.721629,19565.71922,8561.930833,7984.004343,10860.07477,8561.930833,8129.180866,9493.077785,8561.930833,1555.621186,1545.84208,0.001001968,0.001005531,0.001008742,0.001011081,4991.826212,4991.826212,4991.826212,11286.62382,11286.62382,11286.62382,11286.62382,11286.62382
2/24/2016,3187.297461,9305.54856,3540.618442,3666.511631,4979.707165,3540.618442,8412.36609,21505.91014,9720.550762,8626.891644,22838.03282,9720.550762,9030.249923,19565.71922,9720.550762,8673.461776,10860.07477,9720.550762,1558.629371,1548.828792,0.001001968,0.001005531,0.001008742,0.001011081,5077.093046,5077.093046,5077.093046,11237.56493,11237.56493,11237.56493,11237.56493,11237.56493
2/25/2016,12011.22024,15837.4427,13417.59448,9846.629634,9305.54856,13417.59448,21361.13665,20496.57923,24557.06315,18459.87678,21505.91014,24557.06315,18183.88687,22838.03282,24557.06315,11015.19578,19565.71922,24557.06315,4907.632683,4871.981067,0.001001968,0.001005531,0.001008742,0.001011081,5341.765225,5341.765225,5341.765225,11468.17326,11468.17326,11468.17326,11468.17326,11468.17326
2/26/2016,15425.70793,15826.38052,17662.11284,16242.84622,15837.4427,17662.11284,28799.82484,17240.2139,34389.55189,28108.61042,20496.57923,34389.55189,26445.97023,21505.91014,34389.55189,24164.1169,22838.03282,34389.55189,8282.264799,8218.408916,0.001001968,0.001005531,0.001008742,0.001011081,5991.290523,5991.290523,5991.290523,12771.5647,12771.5647,12771.5647,12771.5647,12771.5647
2/27/2016,11574.61423,7471.605436,13723.24898,15870.86978,15826.38052,13723.24898,20599.56236,13128.68027,25251.65987,23444.57868,17240.2139,25251.65987,25287.64695,20496.57923,25251.65987,23205.53211,21505.91014,25251.65987,8247.962932,8184.400647,0.001001968,0.001005531,0.001008742,0.001011081,7464.646917,7464.646917,7464.646917,14411.19973,14411.19973,14411.19973,14411.19973,14411.19973
2/28/2016,5358.95305,4743.213282,5944.736214,7484.79177,7471.605436,5944.736214,11762.11682,10561.23676,13629.30855,13463.1905,13128.68027,13629.30855,16406.4565,17240.2139,13629.30855,22722.50263,20496.57923,13629.30855,2440.54593,2424.268054,0.001001968,0.001005531,0.001008742,0.001011081,8327.21034,8327.21034,8327.21034,16255.71914,16255.71914,16255.71914,16255.71914,16255.71914
2/29/2016,3902.427256,4484.970616,4229.269874,4752.278504,4743.213282,4229.269874,7423.798931,9470.97092,8362.199944,8064.095159,10561.23676,8362.199944,9989.321163,13128.68027,8362.199944,13852.43197,17240.2139,8362.199944,1394.751156,1386.112965,0.001001968,0.001005531,0.001008742,0.001011081,8699.226733,8699.226733,8699.226733,17458.60724,17458.60724,17458.60724,17458.60724,17458.60724
3/1/2016,3826.865681,4221.057223,4230.738229,4473.071381,4484.970616,4230.738229,9679.217651,8628.380885,11211.69659,10010.85879,9470.97092,11211.69659,10888.23742,10561.23676,11211.69659,12428.13759,13128.68027,11211.69659,1732.008802,1720.962468,0.001001968,0.001005531,0.001008742,0.001011081,8879.229067,8879.229067,8879.229067,18090.14364,18090.14364,18090.14364,18090.14364,18090.14364
3/2/2016,3672.574412,3856.590585,4086.349738,4231.957019,4221.057223,4086.349738,9155.994048,7949.845357,10643.86386,9399.333382,8628.380885,10643.86386,9978.839628,9470.97092,10643.86386,10784.8079,10561.23676,10643.86386,1773.661688,1762.313812,0.001001968,0.001005531,0.001008742,0.001011081,8981.610258,8981.610258,8981.610258,18207.5026,18207.5026,18207.5026,18207.5026,18207.5026
3/3/2016,3379.08873,3597.470705,3759.87488,3872.07842,3856.590585,3759.87488,7800.858423,7441.703373,9038.19259,8016.877339,7949.845357,9038.19259,8524.02981,8628.380885,9038.19259,9151.382066,9470.97092,9038.19259,1651.691742,1641.22443,0.001001968,0.001005531,0.001008742,0.001011081,8365.865389,8365.865389,8365.865389,17441.04773,17441.04773,17441.04773,17441.04773,17441.04773
3/4/2016,3148.591186,3343.872345,3509.447325,3603.794382,3597.470705,3509.447325,7179.322176,7032.928274,8316.578698,7374.944177,7441.703373,8316.578698,7828.165393,7949.845357,8316.578698,8284.203421,8628.380885,8316.578698,1580.63584,1570.678016,0.001001968,0.001005531,0.001008742,0.001011081,7091.009791,7091.009791,7091.009791,15428.60875,15428.60875,15428.60875,15428.60875,15428.60875
3/5/2016,2920.498309,3102.312331,3255.281396,3348.500607,3343.872345,3255.281396,6641.991584,6681.736742,7688.324268,6830.224252,7032.928274,7688.324268,7230.541974,7441.703373,7688.324268,7664.209227,7949.845357,7688.324268,1478.845778,1469.613039,0.001001968,0.001005531,0.001008742,0.001011081,5340.816084,5340.816084,5340.816084,13018.94936,13018.94936,13018.94936,13018.94936,13018.94936
3/6/2016,2726.269264,2929.213934,3035.115689,3105.940978,3102.312331,3035.115689,6153.770826,6375.594232,7109.657307,6313.831508,6681.736742,7109.657307,6682.523156,7032.928274,7109.657307,7054.830269,7441.703373,7109.657307,1374.969539,1366.470586,0.001001968,0.001005531,0.001008742,0.001011081,4377.272675,4377.272675,4377.272675,10723.26652,10723.26652,10723.26652,10723.26652,10723.26652
3/7/2016,2582.704365,2772.026937,2875.980363,2932.041399,2929.213934,2875.980363,5848.531811,5752.53309,6755.321305,5989.302047,6375.594232,6755.321305,6322.102352,6681.736742,6755.321305,6631.044359,7032.928274,6755.321305,1314.209665,1306.136855,0.001001968,0.001005531,0.001008742,0.001011081,3894.800051,3894.800051,3894.800051,9241.04003,9241.04003,9241.04003,9241.04003,9241.04003
3/8/2016,2448.266523,2640.206541,2727.100921,2774.299992,2772.026937,2727.100921,5591.643866,5975.322634,6458.292406,5718.729065,5752.53309,6458.292406,6029.251246,6375.594232,6458.292406,6302.346623,6681.736742,6458.292406,1257.852922,1250.173236,0.001001968,0.001005531,0.001008742,0.001011081,3579.420054,3579.420054,3579.420054,8374.157294,8374.157294,8374.157294,8374.157294,8374.157294
3/9/2016,2333.227451,2595.712127,2599.967635,2642.086368,2640.206541,2599.967635,5354.936009,6323.070118,6184.551986,5473.243673,5975.322634,6184.551986,5758.626697,5752.53309,6184.551986,6004.96224,6375.594232,6184.551986,1210.405989,1203.055611,0.001001968,0.001005531,0.001008742,0.001011081,3322.074131,3322.074131,3322.074131,7761.316229,7761.316229,7761.316229,7761.316229,7761.316229
3/10/2016,2226.663144,2698.581675,2481.501923,2519.119216,2595.712127,2481.501923,5145.623548,6845.989176,5940.732159,5255.769809,6323.070118,5940.732159,5523.203837,5975.322634,5940.732159,5741.275992,5752.53309,5940.732159,1163.06602,1156.042629,0.001001968,0.001005531,0.001008742,0.001011081,3107.088154,3107.088154,3107.088154,7286.411042,7286.411042,7286.411042,7286.411042,7286.411042
3/11/2016,2633.764824,3250.999924,2909.793281,2720.281414,2698.581675,2909.793281,5233.17491,6956.348095,5985.102319,5140.33632,6845.989176,5985.102319,5277.360542,6323.070118,5985.102319,5224.637629,5975.322634,5985.102319,1208.458519,1201.121624,0.001001968,0.001005531,0.001008742,0.001011081,2944.375341,2944.375341,2944.375341,6843.983447,6843.983447,6843.983447,6843.983447,6843.983447
3/12/2016,2931.492207,2826.474886,3301.929572,3297.341418,3250.999924,3301.929572,5801.086143,6182.854262,6743.080261,5919.389255,6956.348095,6743.080261,6051.935885,6845.989176,6743.080261,5639.531939,6323.070118,6743.080261,1632.106147,1621.779533,0.001001968,0.001005531,0.001008742,0.001011081,2891.496878,2891.496878,2891.496878,6556.375018,6556.375018,6556.375018,6556.375018,6556.375018
3/13/2016,2361.18715,2424.444819,2657.809603,2814.277848,2826.474886,2657.809603,5391.333104,5597.844049,6269.286737,5632.720944,6182.854262,6269.286737,6014.768005,6956.348095,6269.286737,6311.31344,6845.989176,6269.286737,1346.847662,1338.546234,0.001001968,0.001005531,0.001008742,0.001011081,2851.752584,2851.752584,2851.752584,6402.607583,6402.607583,6402.607583,6402.607583,6402.607583
3/14/2016,2124.004218,2558.48067,2361.955208,2416.69909,2424.444819,2361.955208,5225.879871,5613.588343,6031.707379,5342.793243,5597.844049,6031.707379,5666.685435,6182.854262,6031.707379,6132.097075,6956.348095,6031.707379,1089.562615,1083.043649,0.001001968,0.001005531,0.001008742,0.001011081,2784.275264,2784.275264,2784.275264,6355.722357,6355.722357,6355.722357,6355.722357,6355.722357
3/15/2016,2257.715218,2325.268923,2532.133068,2571.311333,2558.48067,2532.133068,5616.921319,5433.197318,6525.814233,5726.948296,5613.588343,6525.814233,5932.705311,5597.844049,6525.814233,6014.952485,6182.854262,6525.814233,1242.044482,1234.474688,0.001001968,0.001005531,0.001008742,0.001011081,2742.190616,2742.190616,2742.190616,6347.319638,6347.319638,6347.319638,6347.319638,6347.319638
3/16/2016,2014.307158,2380.365096,2249.432497,2289.710457,2325.268923,2249.432497,5057.484331,5118.352421,5847.493996,5158.28187,5433.197318,5847.493996,5438.4069,5613.588343,5847.493996,5689.115351,5597.844049,5847.493996,1083.624363,1077.145969,0.001001968,0.001005531,0.001008742,0.001011081,2695.709192,2695.709192,2695.709192,6291.288738,6291.288738,6291.288738,6291.288738,6291.288738
3/17/2016,2138.864537,2378.301085,2398.451399,2386.12706,2380.365096,2398.451399,4677.49411,4834.196723,5407.143741,4748.099113,5118.352421,5407.143741,4981.064937,5433.197318,5407.143741,5030.218956,5613.588343,5407.143741,1173.205783,1166.112491,0.001001968,0.001005531,0.001008742,0.001011081,2670.465393,2670.465393,2670.465393,6197.435631,6197.435631,6197.435631,6197.435631,6197.435631
3/18/2016,2112.549252,1940.094586,2377.62745,2405.806809,2378.301085,2377.62745,4784.336708,4491.926927,5552.351712,4891.870425,4834.196723,5552.351712,5106.326908,5118.352421,5552.351712,5203.545406,5433.197318,5552.351712,1206.921039,1199.594787,0.001001968,0.001005531,0.001008742,0.001011081,2637.492031,2637.492031,2637.492031,6162.822317,6162.822317,6162.822317,6162.822317,6162.822317
3/19/2016,1722.14578,1821.612605,1917.064211,1944.943128,1940.094586,1917.064211,4236.301634,4255.055951,4876.778705,4316.370265,4491.926927,4876.778705,4603.563197,4834.196723,4876.778705,5009.376472,5118.352421,4876.778705,918.3133822,912.9527012,0.001001968,0.001005531,0.001008742,0.001011081,2489.420888,2489.420888,2489.420888,6051.128217,6051.128217,6051.128217,6051.128217,6051.128217
3/20/2016,1608.302582,1739.440412,1790.330277,1821.587361,1821.612605,1790.330277,3849.266894,4115.891415,4426.85228,3931.228645,4255.055951,4426.85228,4134.225354,4491.926927,4426.85228,4429.348244,4834.196723,4426.85228,865.8860526,860.8747493,0.001001968,0.001005531,0.001008742,0.001011081,2336.06194,2336.06194,2336.06194,5824.531847,5824.531847,5824.531847,5824.531847,5824.531847
3/21/2016,1536.141847,1655.842962,1710.72892,1739.214643,1739.440412,1710.72892,3767.262843,3997.039918,4343.33455,3841.108158,4115.891415,4343.33455,4020.111292,4255.055951,4343.33455,4239.053798,4491.926927,4343.33455,834.724042,829.919132,0.001001968,0.001005531,0.001008742,0.001011081,2224.853188,2224.853188,2224.853188,5502.097468,5502.097468,5502.097468,5502.097468,5502.097468
3/22/2016,1469.990725,1598.467466,1635.672232,1655.635388,1655.842962,1635.672232,3616.232374,3999.853878,4164.337501,3679.352689,3997.039918,4164.337501,3845.975067,4115.891415,4164.337501,3991.149068,4255.055951,4164.337501,796.4864319,791.93342,0.001001968,0.001005531,0.001008742,0.001011081,2099.618906,2099.618906,2099.618906,5163.773469,5163.773469,5163.773469,5163.773469,5163.773469
3/23/2016,1423.036279,1550.074896,1583.581838,1598.286491,1598.467466,1583.581838,3505.89222,3918.121523,4035.680469,3562.559593,3999.853878,4035.680469,3716.268109,3997.039918,4035.680469,3837.435102,4115.891415,4035.680469,775.0470034,770.6345486,0.001001968,0.001005531,0.001008742,0.001011081,1990.418116,1990.418116,1990.418116,4895.328461,4895.328461,4895.328461,4895.328461,4895.328461
3/24/2016,1378.743413,1511.264535,1534.495671,1548.25916,1550.074896,1534.495671,3417.714363,4082.170904,3933.761102,3471.894604,3918.121523,3933.761102,3615.879553,3999.853878,3933.761102,3727.803767,3997.039918,3933.761102,755.0144465,750.7328688,0.001001968,0.001005531,0.001008742,0.001011081,1870.793875,1870.793875,1870.793875,4684.639417,4684.639417,4684.639417,4684.639417,4684.639417
3/25/2016,1349.890308,1483.005297,1501.449096,1507.869935,1511.264535,1501.449096,3351.762161,4439.393197,3854.806412,3397.578766,4082.170904,3854.806412,3532.060668,3918.121523,3854.806412,3624.687829,3999.853878,3854.806412,736.6886503,732.5264028,0.001001968,0.001005531,0.001008742,0.001011081,1744.725974,1744.725974,1744.725974,4464.348632,4464.348632,4464.348632,4464.348632,4464.348632
3/26/2016,1325.61166,1442.769018,1474.825916,1484.671652,1483.005297,1474.825916,3377.277435,4407.198401,3887.263711,3424.142386,4439.393197,3887.263711,3547.002844,4082.170904,3887.263711,3634.176472,3918.121523,3887.263711,726.376852,722.2815806,0.001001968,0.001005531,0.001008742,0.001011081,1660.890236,1660.890236,1660.890236,4268.031637,4268.031637,4268.031637,4268.031637,4268.031637
3/27/2016,1271.633957,1580.529772,1415.395162,1428.958679,1442.769018,1415.395162,3285.858145,4224.552584,3782.624723,3334.340021,4407.198401,3782.624723,3468.363923,4439.393197,3782.624723,3564.959171,4082.170904,3782.624723,704.2084509,700.2567406,0.001001968,0.001005531,0.001008742,0.001011081,1599.940313,1599.940313,1599.940313,4124.076603,4124.076603,4124.076603,4124.076603,4124.076603
3/28/2016,1398.454261,2020.70231,1560.237788,1529.884647,1580.529772,1560.237788,3635.725942,4093.29519,4192.934209,3645.954715,4224.552584,4192.934209,3751.953241,4407.198401,4192.934209,3685.110668,4439.393197,4192.934209,780.1479371,775.7020858,0.001001968,0.001005531,0.001008742,0.001011081,1561.253291,1561.253291,1561.253291,4061.762138,4061.762138,4061.762138,4061.762138,4061.762138
3/29/2016,1827.976846,1737.037777,2065.347153,2042.437509,2020.70231,2065.347153,4417.682934,3850.30819,5141.173048,4463.485785,4093.29519,5141.173048,4473.110343,4224.552584,5141.173048,4140.97894,4407.198401,5141.173048,1076.289545,1069.861225,0.001001968,0.001005531,0.001008742,0.001011081,1586.645371,1586.645371,1586.645371,4099.204651,4099.204651,4099.204651,4099.204651,4099.204651
3/30/2016,1566.017126,1406.675246,1752.071589,1775.049428,1737.037777,1752.071589,4033.641034,3654.604414,4661.455707,4103.260108,3850.30819,4661.455707,4281.374015,4093.29519,4661.455707,4405.637815,4224.552584,4661.455707,878.4626288,873.3677553,0.001001968,0.001005531,0.001008742,0.001011081,1613.434811,1613.434811,1613.434811,4172.420852,4172.420852,4172.420852,4172.420852,4172.420852
3/31/2016,1229.149046,1262.742788,1370.894088,1408.330455,1406.675246,1370.894088,3200.44894,3728.724905,3677.035831,3274.047965,3654.604414,3677.035831,3524.774186,3850.30819,3677.035831,3861.605871,4093.29519,3677.035831,698.1024188,694.1901472,0.001001968,0.001005531,0.001008742,0.001011081,1610.120671,1610.120671,1610.120671,4206.542911,4206.542911,4206.542911,4206.542911,4206.542911
4/1/2016,1108.879377,1236.321238,1232.789631,1261.400829,1262.742788,1232.789631,3025.817253,4011.719328,3467.792055,3084.016427,3728.724905,3467.792055,3236.642466,3654.604414,3467.792055,3516.227777,3850.30819,3467.792055,618.7599033,615.3558109,0.001001968,0.001005531,0.001008742,0.001011081,1580.870811,1580.870811,1580.870811,4192.138965,4192.138965,4192.138965,4192.138965,4192.138965
4/2/2016,1098.241024,1466.498155,1219.134869,1221.217895,1236.321238,1219.134869,3061.441601,3933.548626,3507.941965,3091.257362,4011.719328,3507.941965,3202.001193,3728.724905,3507.941965,3320.636583,3654.604414,3507.941965,604.5445037,601.2305736,0.001001968,0.001005531,0.001008742,0.001011081,1544.841482,1544.841482,1544.841482,4146.178037,4146.178037,4146.178037,4146.178037,4146.178037
4/3/2016,1329.622517,1552.753826,1490.880124,1468.230127,1466.498155,1490.880124,3290.48682,3441.952413,3799.12213,3312.137843,3933.548626,3799.12213,3376.659476,4011.719328,3799.12213,3280.032328,3728.724905,3799.12213,779.4485948,775.0073239,0.001001968,0.001005531,0.001008742,0.001011081,1537.990658,1537.990658,1537.990658,4100.460949,4100.460949,4100.460949,4100.460949,4100.460949
4/4/2016,1397.539599,1402.320372,1571.598097,1563.397788,1552.753826,1571.598097,3457.341867,2114.35846,4005.702833,3494.925996,3441.952413,4005.702833,3588.67939,3933.548626,4005.702833,3543.940739,4011.719328,4005.702833,839.9453257,835.1059021,0.001001968,0.001005531,0.001008742,0.001011081,1539.110703,1539.110703,1539.110703,4051.462616,4051.462616,4051.462616,4051.462616,4051.462616
4/5/2016,1231.875189,1177.998595,1385.64428,1404.218321,1402.320372,1385.64428,3420.366349,2658.847446,3964.051371,3473.067429,2114.35846,3964.051371,3646.784926,3441.952413,3964.051371,3757.281799,3933.548626,3964.051371,756.7806872,752.4875884,0.001001968,0.001005531,0.001008742,0.001011081,1480.516996,1480.516996,1480.516996,3981.419369,3981.419369,3981.419369,3981.419369,3981.419369
4/6/2016,1026.526272,1086.409945,1143.59319,1177.852337,1177.998595,1143.59319,3046.194773,5036.885634,3509.768944,3101.826234,2658.847446,3509.768944,3235.589424,2114.35846,3509.768944,3552.376838,3441.952413,3509.768944,591.4119772,588.1810882,0.001001968,0.001005531,0.001008742,0.001011081,1396.87096,1396.87096,1396.87096,3867.032426,3867.032426,3867.032426,3867.032426,3867.032426
4/7/2016,954.9500128,1384.182862,1060.165915,1071.047445,1086.409945,1060.165915,2765.136771,6750.8456,3148.679707,2801.721047,5036.885634,3148.679707,2928.418279,2658.847446,3148.679707,2922.655208,2114.35846,3148.679707,537.2856177,534.3943006,0.001001968,0.001005531,0.001008742,0.001011081,1335.243114,1335.243114,1335.243114,3750.681231,3750.681231,3750.681231,3750.681231,3750.681231
4/8/2016,2227.409121,3225.325914,2276.708155,1379.884126,1384.182862,2276.708155,3681.637955,6279.816479,3846.1066,2842.454491,6750.8456,3846.1066,2071.838679,5036.885634,3846.1066,2092.651074,2658.847446,3846.1066,37.09172932,36.97669584,0.001001968,0.001005531,0.001008742,0.001011081,1233.845167,1233.845167,1233.845167,3565.514732,3565.514732,3565.514732,3565.514732,3565.514732
4/9/2016,3782.512026,5335.879896,4043.953577,3230.498562,3225.325914,4043.953577,5299.043613,6252.907206,5819.350514,4599.312139,6279.816479,5819.350514,4089.421428,6750.8456,5819.350514,2485.975561,5036.885634,5819.350514,1145.288172,1138.387156,0.001001968,0.001005531,0.001008742,0.001011081,1412.945433,1412.945433,1412.945433,3569.272219,3569.272219,3569.272219,3569.272219,3569.272219
4/10/2016,4022.751691,2626.286363,4705.75745,5331.962992,5335.879896,4705.75745,7271.882085,5552.469519,8753.308388,8120.987922,6252.907206,8753.308388,8424.653283,6279.816479,8753.308388,6089.092759,6750.8456,8753.308388,2939.060454,2918.992467,0.001001968,0.001005531,0.001008742,0.001011081,1925.199742,1925.199742,1925.199742,3967.15995,3967.15995,3967.15995,3967.15995,3967.15995
4/11/2016,1910.883768,1900.192951,2083.706552,2586.05243,2626.286363,2083.706552,5383.717032,4997.077411,6169.216616,5909.047144,5552.469519,6169.216616,6624.978296,6252.907206,6169.216616,8583.486035,6279.816479,6169.216616,819.6104646,814.9053006,0.001001968,0.001005531,0.001008742,0.001011081,2164.961897,2164.961897,2164.961897,4521.581932,4521.581932,4521.581932,4521.581932,4521.581932
4/12/2016,1915.457443,2296.974336,2023.416701,1910.445084,1900.192951,2023.416701,3014.764888,4633.785271,3253.657019,2956.171419,4997.077411,3253.657019,3416.511619,5552.469519,3253.657019,4323.087085,6252.907206,3253.657019,479.7559419,477.2204341,0.001001968,0.001005531,0.001008742,0.001011081,2282.091437,2282.091437,2282.091437,4789.789293,4789.789293,4789.789293,4789.789293,4789.789293
4/13/2016,2271.119728,2688.02877,2455.961214,2319.424496,2296.974336,2455.961214,4836.99479,4310.440158,5474.931921,4748.710166,4633.785271,5474.931921,4840.290453,4997.077411,5474.931921,4957.402975,5552.469519,5474.931921,861.7249523,856.7412649,0.001001968,0.001005531,0.001008742,0.001011081,2431.776058,2431.776058,2431.776058,4988.50286,4988.50286,4988.50286,4988.50286,4988.50286
4/14/2016,2282.390357,2058.140341,2550.582178,2689.078315,2688.02877,2550.582178,4929.079075,3914.272061,5706.622068,5141.067368,4310.440158,5706.622068,5347.304211,4633.785271,5706.622068,5056.64728,4997.077411,5706.622068,1248.706968,1241.090881,0.001001968,0.001005531,0.001008742,0.001011081,2654.291239,2654.291239,2654.291239,5226.349681,5226.349681,5226.349681,5226.349681,5226.349681
4/15/2016,1698.264279,1621.535589,1863.242824,2058.142413,2058.140341,1863.242824,3919.597268,3580.209249,4474.090335,4154.646634,3914.272061,4474.090335,4452.487257,4310.440158,4474.090335,5000.846436,4633.785271,4474.090335,800.6488077,796.0684499,0.001001968,0.001005531,0.001008742,0.001011081,2885.637736,2885.637736,2885.637736,5568.599519,5568.599519,5568.599519,5568.599519,5568.599519
4/16/2016,1412.823608,1535.966543,1529.572162,1621.572543,1621.535589,1529.572162,3014.547614,3389.532148,3390.964485,3139.070947,3580.209249,3390.964485,3441.862226,3914.272061,3390.964485,3909.679014,4310.440158,3390.964485,582.5720081,579.3968775,0.001001968,0.001005531,0.001008742,0.001011081,2790.800802,2790.800802,2790.800802,5671.632221,5671.632221,5671.632221,5671.632221,5671.632221
4/17/2016,1362.257884,1466.472327,1483.573547,1536.043357,1535.966543,1483.573547,3100.32157,3254.223395,3509.669052,3183.591751,3389.532148,3509.669052,3379.809835,3580.209249,3509.669052,3620.619691,3914.272061,3509.669052,606.7555463,603.427611,0.001001968,0.001005531,0.001008742,0.001011081,2311.789324,2311.789324,2311.789324,5319.964433,5319.964433,5319.964433,5319.964433,5319.964433
4/18/2016,1305.176686,1394.391584,1425.598601,1466.589897,1466.472327,1425.598601,3070.023408,3125.999344,3484.029504,3140.381384,3254.223395,3484.029504,3292.931068,3389.532148,3484.029504,3448.985425,3580.209249,3484.029504,604.8695493,601.5535608,0.001001968,0.001005531,0.001008742,0.001011081,2072.975719,2072.975719,2072.975719,4742.699277,4742.699277,4742.699277,4742.699277,4742.699277
4/19/2016,1243.61911,1329.49959,1359.823944,1394.544608,1394.391584,1359.823944,2894.216633,3120.337965,3282.424295,2958.535976,3125.999344,3282.424295,3096.453144,3254.223395,3282.424295,3222.294427,3389.532148,3282.424295,587.074589,583.8710724,0.001001968,0.001005531,0.001008742,0.001011081,1952.948658,1952.948658,1952.948658,4376.971987,4376.971987,4376.971987,4376.971987,4376.971987
4/20/2016,1187.671259,1271.617517,1299.624203,1329.683678,1329.49959,1299.624203,2764.648869,3073.575144,3135.70168,2823.45227,3120.337965,3135.70168,2951.05985,3125.999344,3135.70168,3070.713782,3254.223395,3135.70168,568.7869957,565.6985857,0.001001968,0.001005531,0.001008742,0.001011081,1823.193346,1823.193346,1823.193346,4090.816452,4090.816452,4090.816452,4090.816452,4090.816452
4/21/2016,1137.410663,1216.552993,1245.436282,1271.832908,1271.617517,1245.436282,2667.80474,2889.091272,3026.517201,2721.791146,3073.575144,3026.517201,2840.753594,3120.337965,3026.517201,2947.128721,3125.999344,3026.517201,551.7631561,548.7814482,0.001001968,0.001005531,0.001008742,0.001011081,1627.60363,1627.60363,1627.60363,3807.699122,3807.699122,3807.699122,3807.699122,3807.699122
4/22/2016,1095.910944,1193.387878,1199.695937,1216.801578,1216.552993,1199.695937,2577.593953,2915.796786,2923.84421,2621.056353,2889.091272,2923.84421,2732.026852,3073.575144,2923.84421,2837.935874,3120.337965,2923.84421,533.0374604,530.172604,0.001001968,0.001005531,0.001008742,0.001011081,1487.049597,1487.049597,1487.049597,3534.750103,3534.750103,3534.750103,3534.750103,3534.750103
4/23/2016,1066.265251,1146.013055,1169.780934,1193.664884,1193.387878,1169.780934,2612.680887,3013.273105,2970.058103,2661.68338,2915.796786,2970.058103,2758.563756,2889.091272,2970.058103,2821.316505,3073.575144,2970.058103,532.7417601,529.8787445,0.001001968,0.001005531,0.001008742,0.001011081,1398.120955,1398.120955,1398.120955,3342.741875,3342.741875,3342.741875,3342.741875,3342.741875
4/24/2016,1025.713166,1087.146392,1124.901733,1146.316874,1146.013055,1124.901733,2588.782571,2975.810182,2943.284003,2632.70829,3013.273105,2943.284003,2728.790356,2915.796786,2943.284003,2813.278933,2889.091272,2943.284003,512.9739951,510.2337155,0.001001968,0.001005531,0.001008742,0.001011081,1330.68319,1330.68319,1330.68319,3220.280433,3220.280433,3220.280433,3220.280433,3220.280433
4/25/2016,974.2371017,1146.322473,1068.239851,1086.451769,1087.146392,1068.239851,2398.689607,3016.751275,2721.97813,2439.943991,2975.810182,2721.97813,2542.616304,3013.273105,2721.97813,2633.070817,2915.796786,2721.97813,489.7508108,487.1538901,0.001001968,0.001005531,0.001008742,0.001011081,1271.956514,1271.956514,1271.956514,3114.382125,3114.382125,3114.382125,3114.382125,3114.382125
4/26/2016,1031.367273,1273.539907,1137.077502,1142.958569,1146.322473,1137.077502,2558.00252,2994.424512,2912.513483,2590.981696,3016.751275,2912.513483,2668.228369,2975.810182,2912.513483,2640.093507,3013.273105,2912.513483,544.2245411,541.2899416,0.001001968,0.001005531,0.001008742,0.001011081,1228.173651,1228.173651,1228.173651,3039.397624,3039.397624,3039.397624,3039.397624,3039.397624
4/27/2016,1143.578548,1148.437668,1266.034794,1275.563307,1273.539907,1266.034794,2810.839565,2985.528072,3211.197212,2852.064127,2994.424512,3211.197212,2886.341543,3016.751275,3211.197212,2830.098629,2975.810182,3211.197212,617.4212529,614.025663,0.001001968,0.001005531,0.001008742,0.001011081,1205.993358,1205.993358,1205.993358,3007.940414,3007.940414,3007.940414,3007.940414,3007.940414
4/28/2016,1061.891715,1121.105101,1163.358644,1151.323573,1148.437668,1163.358644,2629.951079,3210.933269,2984.817592,2642.064747,2985.528072,2984.817592,2738.271552,2994.424512,2984.817592,2837.852843,3016.751275,2984.817592,521.1415303,518.3506167,0.001001968,0.001005531,0.001008742,0.001011081,1186.646007,1186.646007,1186.646007,2995.689708,2995.689708,2995.689708,2995.689708,2995.689708
4/29/2016,1000.810842,1237.868562,1108.180497,1117.618113,1121.105101,1108.180497,2521.204996,3636.751751,2877.802003,2557.154534,3210.933269,2877.802003,2701.823028,2985.528072,2877.802003,2730.061945,2994.424512,2877.802003,555.771864,552.7650702,0.001001968,0.001005531,0.001008742,0.001011081,1176.589823,1176.589823,1176.589823,2996.644418,2996.644418,2996.644418,2996.644418,2996.644418
4/30/2016,1116.73708,1348.014257,1244.157952,1235.836733,1237.868562,1244.157952,2667.290764,5561.037669,3058.830989,2693.214834,3636.751751,3058.830989,2766.898009,3210.933269,3058.830989,2771.258844,2985.528072,3058.830989,646.1221924,642.5437745,0.001001968,0.001005531,0.001008742,0.001011081,1176.035018,1176.035018,1176.035018,2977.714812,2977.714812,2977.714812,2977.714812,2977.714812
5/1/2016,1187.900901,1650.016072,1321.005011,1334.4275,1348.014257,1321.005011,2765.29157,5842.939515,3164.745161,2816.969143,5561.037669,3164.745161,2845.306808,3636.751751,3164.745161,2789.672357,3210.933269,3164.745161,667.020566,663.3083369,0.001001968,0.001005531,0.001008742,0.001011081,1188.316833,1188.316833,1188.316833,2972.267874,2972.267874,2972.267874,2972.267874,2972.267874
5/2/2016,1389.608911,2619.210894,1544.072421,1517.5736,1650.016072,1544.072421,3203.165775,5985.469541,3663.60958,3223.941183,5842.939515,3663.60958,3250.656108,5561.037669,3663.60958,3044.478703,3636.751751,3663.60958,744.6123945,740.3985979,0.001001968,0.001005531,0.001008742,0.001011081,1231.713862,1231.713862,1231.713862,3056.0257,3056.0257,3056.0257,3056.0257,3056.0257
5/3/2016,2424.899222,3002.780121,2745.811814,2614.68843,2619.210894,2745.811814,4787.005249,5773.916071,5541.305213,4780.612252,5985.469541,5541.305213,4737.334851,5842.939515,5541.305213,3574.794115,5561.037669,5541.305213,1393.536577,1384.906942,0.001001968,0.001005531,0.001008742,0.001011081,1398.127307,1398.127307,1398.127307,3256.772277,3256.772277,3256.772277,3256.772277,3256.772277
5/4/2016,2776.431794,2375.202244,3165.809417,3067.563282,3002.780121,3165.809417,6525.282578,6100.316978,7636.994603,6545.074306,5773.916071,7636.994603,6688.84325,5985.469541,7636.994603,6161.361932,5842.939515,7636.994603,1687.695948,1676.969476,0.001001968,0.001005531,0.001008742,0.001011081,1640.322264,1640.322264,1640.322264,3741.861934,3741.861934,3741.861934,3741.861934,3741.861934
5/5/2016,2064.697289,2053.509687,2337.406242,2394.487064,2375.202244,2337.406242,4953.332207,5929.986575,5749.092298,5091.050461,6100.316978,5749.092298,5457.712562,5773.916071,5749.092298,6003.870549,5985.469541,5749.092298,1240.009855,1232.454192,0.001001968,0.001005531,0.001008742,0.001011081,1836.425017,1836.425017,1836.425017,4195.239292,4195.239292,4195.239292,4195.239292,4195.239292
5/6/2016,1564.499453,2385.820916,1745.923236,1840.22555,2053.509687,1745.923236,4076.956141,5322.955235,4673.804554,4221.875351,5929.986575,4673.804554,4502.497828,6100.316978,4673.804554,5145.624724,5773.916071,4673.804554,856.1496333,851.2029208,0.001001968,0.001005531,0.001008742,0.001011081,1951.630931,1951.630931,1951.630931,4587.130704,4587.130704,4587.130704,4587.130704,4587.130704
5/7/2016,2518.63144,3068.505516,2779.876208,2430.682965,2385.820916,2779.876208,5383.343622,4846.591631,6134.943798,5131.30139,5322.955235,6134.943798,5172.870202,5929.986575,6134.943798,4822.817627,6100.316978,6134.943798,1088.816137,1082.302272,0.001001968,0.001005531,0.001008742,0.001011081,2106.137997,2106.137997,2106.137997,4985.666062,4985.666062,4985.666062,4985.666062,4985.666062
5/8/2016,2972.167845,2650.71119,3335.024507,3172.56807,3068.505516,3335.024507,6426.703748,4217.787245,7455.558811,6376.584336,4846.591631,7455.558811,6339.813168,5322.955235,7455.558811,5927.707937,5929.986575,7455.558811,1565.171117,1555.323821,0.001001968,0.001005531,0.001008742,0.001011081,2335.748901,2335.748901,2335.748901,5459.058058,5459.058058,5459.058058,5459.058058,5459.058058
5/9/2016,2183.192723,1692.06428,2463.443727,2674.699214,2650.71119,2463.443727,5079.407631,3587.911273,5901.327368,5370.062483,4217.787245,5901.327368,5686.483449,4846.591631,5901.327368,5942.277605,5322.955235,5901.327368,1276.512852,1268.703235,0.001001968,0.001005531,0.001008742,0.001011081,2528.090079,2528.090079,2528.090079,5845.072102,5845.072102,5845.072102,5845.072102,5845.072102
5/10/2016,1410.595461,1393.646086,1546.312705,1695.661031,1692.06428,1546.312705,3375.855983,3203.187249,3824.571843,3563.368091,3587.911273,3824.571843,3989.884278,4217.787245,3824.571843,4845.608638,4846.591631,3824.571843,655.5912678,651.9522901,0.001001968,0.001005531,0.001008742,0.001011081,2488.002343,2488.002343,2488.002343,5986.048402,5986.048402,5986.048402,5986.048402,5986.048402
5/11/2016,1217.652108,1297.441286,1328.687563,1395.787134,1393.646086,1328.687563,2916.30946,3644.745705,3288.029589,3015.079014,3203.187249,3288.029589,3279.217188,3587.911273,3288.029589,3798.149987,4217.787245,3288.029589,546.9199524,543.9685197,0.001001968,0.001005531,0.001008742,0.001011081,2297.521869,2297.521869,2297.521869,5679.375664,5679.375664,5679.375664,5679.375664,5679.375664
5/12/2016,1156.331017,1327.557429,1265.019002,1299.004409,1297.441286,1265.019002,2995.024827,3981.346977,3392.171748,3055.598654,3644.745705,3392.171748,3214.701192,3203.187249,3392.171748,3470.44757,3587.911273,3392.171748,540.1664233,537.257146,0.001001968,0.001005531,0.001008742,0.001011081,2131.386466,2131.386466,2131.386466,5309.798262,5309.798262,5309.798262,5309.798262,5309.798262
5/13/2016,1111.41064,1566.562481,1218.043206,1240.454373,1327.557429,1218.043206,2823.310028,4043.385109,3195.717228,2873.457118,3981.346977,3195.717228,2996.891991,3644.745705,3195.717228,3132.284669,3203.187249,3195.717228,533.8217395,530.9520002,0.001001968,0.001005531,0.001008742,0.001011081,2031.66647,2031.66647,2031.66647,4955.389774,4955.389774,4955.389774,4955.389774,4955.389774
5/14/2016,1550.057334,2082.064643,1702.279148,1571.034019,1566.562481,1702.279148,3141.927901,3848.806329,3555.859818,3066.068178,4043.385109,3555.859818,3117.565373,3981.346977,3555.859818,2902.73594,3644.745705,3555.859818,710.2644947,706.2736241,0.001001968,0.001005531,0.001008742,0.001011081,1919.460966,1919.460966,1919.460966,4591.277141,4591.277141,4591.277141,4591.277141,4591.277141
5/15/2016,2113.646978,2266.203673,2348.623627,2139.955436,2082.064643,2348.623627,4092.249549,3558.463931,4698.625262,3961.180404,3848.806329,4698.625262,3942.804541,4043.385109,4698.625262,3587.424915,3981.346977,4698.625262,1077.349629,1070.914074,0.001001968,0.001005531,0.001008742,0.001011081,1786.793787,1786.793787,1786.793787,4225.976804,4225.976804,4225.976804,4225.976804,4225.976804
5/16/2016,1972.956499,1800.176973,2225.038107,2282.763709,2266.203673,2225.038107,3992.125575,3188.710072,4637.570074,4128.142856,3558.463931,4637.570074,4235.356976,3848.806329,4637.570074,4059.652939,4043.385109,4637.570074,1178.382772,1171.253762,0.001001968,0.001005531,0.001008742,0.001011081,1702.141092,1702.141092,1702.141092,3947.427644,3947.427644,3947.427644,3947.427644,3947.427644
5/17/2016,1473.241339,1276.108325,1645.168465,1800.814942,1800.176973,1645.168465,3214.194998,2858.17749,3696.286406,3420.439471,3188.710072,3696.286406,3676.69546,3558.463931,3696.286406,4003.186343,3848.806329,3696.286406,835.7152258,830.903766,0.001001968,0.001005531,0.001008742,0.001011081,1686.917997,1686.917997,1686.917997,3800.907674,3800.907674,3800.907674,3800.907674,3800.907674
5/18/2016,1087.766119,1120.759561,1186.571227,1275.973506,1276.108325,1186.571227,2491.432848,3073.045585,2807.411179,2609.077905,2858.17749,2807.411179,2868.525593,3188.710072,2807.411179,3368.444899,3558.463931,2807.411179,501.6258449,498.955733,0.001001968,0.001005531,0.001008742,0.001011081,1670.04123,1670.04123,1670.04123,3728.593787,3728.593787,3728.593787,3728.593787,3728.593787
5/19/2016,998.0286401,1089.659469,1085.902017,1120.611684,1120.759561,1085.902017,2388.127378,3010.378111,2688.452313,2446.219951,3073.045585,2688.452313,2611.029275,2858.17749,2688.452313,2894.193417,3188.710072,2688.452313,451.1772703,448.8163705,0.001001968,0.001005531,0.001008742,0.001011081,1647.016234,1647.016234,1647.016234,3669.107707,3669.107707,3669.107707,3669.107707,3669.107707
5/20/2016,980.7313442,1066.81302,1071.231214,1089.516597,1089.659469,1071.231214,2442.019551,2745.717794,2762.548962,2482.617744,3010.378111,2762.548962,2588.790668,3073.045585,2762.548962,2723.904436,2858.17749,2762.548962,465.4990588,463.0508436,0.001001968,0.001005531,0.001008742,0.001011081,1624.764072,1624.764072,1624.764072,3609.139337,3609.139337,3609.139337,3609.139337,3609.139337
5/21/2016,954.1108572,1053.490183,1043.784334,1059.045024,1066.81302,1043.784334,2344.942186,2623.898739,2652.375402,2383.111554,2745.717794,2652.375402,2472.618148,3010.378111,2652.375402,2557.124554,3073.045585,2652.375402,462.9593374,460.5266338,0.001001968,0.001005531,0.001008742,0.001011081,1564.577631,1564.577631,1564.577631,3544.760548,3544.760548,3544.760548,3544.760548,3544.760548
5/22/2016,950.3184788,1051.246905,1040.647957,1053.014241,1053.490183,1040.647957,2622.167101,2484.595544,2980.429744,2652.14384,2623.898739,2980.429744,2724.139822,2745.717794,2980.429744,2771.784668,3010.378111,2980.429744,465.1382836,462.6922727,0.001001968,0.001005531,0.001008742,0.001011081,1440.446952,1440.446952,1440.446952,3440.66488,3440.66488,3440.66488,3440.66488,3440.66488
5/23/2016,957.4378517,1025.011542,1050.038098,1057.160528,1051.246905,1050.038098,2613.959492,2618.593383,2973.484541,2639.676925,2484.595544,2973.484541,2705.338681,2623.898739,2973.484541,2748.151349,2745.717794,2973.484541,476.165078,473.651591,0.001001968,0.001005531,0.001008742,0.001011081,1281.082863,1281.082863,1281.082863,3270.28541,3270.28541,3270.28541,3270.28541,3270.28541
5/24/2016,921.7945879,952.3424278,1012.93952,1026.347021,1025.011542,1012.93952,2354.22794,2552.903119,2673.957039,2389.865391,2618.593383,2673.957039,2472.943347,2484.595544,2673.957039,2531.434677,2623.898739,2673.957039,472.1026045,469.6140025,0.001001968,0.001005531,0.001008742,0.001011081,1156.453133,1156.453133,1156.453133,3051.3984,3051.3984,3051.3984,3051.3984,3051.3984
5/25/2016,855.3154808,905.6787944,938.1764172,952.3326981,952.3424278,938.1764172,2175.241754,2197.911845,2464.352197,2209.509073,2552.903119,2464.352197,2300.557786,2618.593383,2464.352197,2407.450444,2484.595544,2464.352197,434.3994606,432.1403559,0.001001968,0.001005531,0.001008742,0.001011081,1088.254454,1088.254454,1088.254454,2878.014125,2878.014125,2878.014125,2878.014125,2878.014125
5/26/2016,814.7518887,877.7120769,892.7489841,905.6327368,905.6787944,892.7489841,2031.881642,3594.980338,2296.442429,2064.445841,2197.911845,2296.442429,2142.257804,2552.903119,2296.442429,2234.029297,2618.593383,2296.442429,411.8509539,409.7277826,0.001001968,0.001005531,0.001008742,0.001011081,1046.0144,1046.0144,1046.0144,2761.686843,2761.686843,2761.686843,2761.686843,2761.686843
5/27/2016,787.3144169,849.1856362,862.5142023,872.8697752,877.7120769,862.5142023,2187.263582,5124.803171,2483.382201,2212.598685,3594.980338,2483.382201,2279.545479,2197.911845,2483.382201,2344.224308,2552.903119,2483.382201,399.0750539,397.0284385,0.001001968,0.001005531,0.001008742,0.001011081,1011.413427,1011.413427,1011.413427,2715.897009,2715.897009,2715.897009,2715.897009,2715.897009
5/28/2016,770.2106278,840.4727812,842.9566914,849.7896306,849.1856362,842.9566914,2170.375175,3519.980885,2462.635706,2190.986931,5124.803171,2462.635706,2250.448798,3594.980338,2462.635706,2311.844149,2197.911845,2462.635706,386.7204676,384.7475522,0.001001968,0.001005531,0.001008742,0.001011081,979.7392345,979.7392345,979.7392345,2691.0893,2691.0893,2691.0893,2691.0893,2691.0893
5/29/2016,756.2693233,946.0451059,828.916446,836.6331578,840.4727812,828.916446,1919.398813,2957.666345,2161.477214,1946.380163,3519.980885,2161.477214,2010.214521,5124.803171,2161.477214,2018.14087,3594.980338,2161.477214,387.0494159,385.0745424,0.001001968,0.001005531,0.001008742,0.001011081,948.3927872,948.3927872,948.3927872,2576.10651,2576.10651,2576.10651,2576.10651,2576.10651
5/30/2016,846.0233333,999.1490912,936.3617463,945.7911935,946.0451059,936.3617463,3603.657152,2676.791903,4122.665807,3624.713073,2957.666345,4122.665807,3659.638839,3519.980885,4122.665807,3213.78837,5124.803171,4122.665807,470.5023137,468.0235062,0.001001968,0.001005531,0.001008742,0.001011081,928.3315295,928.3315295,928.3315295,2702.637828,2702.637828,2702.637828,2702.637828,2702.637828
5/31/2016,903.2811744,896.7861108,995.3327859,1004.79426,999.1490912,995.3327859,4920.159862,2443.807058,5673.260223,4910.814992,2676.791903,5673.260223,4868.66211,2957.666345,5673.260223,4958.0394,3519.980885,5673.260223,474.0930781,471.592287,0.001001968,0.001005531,0.001008742,0.001011081,914.4103773,914.4103773,914.4103773,3100.80356,3100.80356,3100.80356,3100.80356,3100.80356
6/1/2016,814.7593502,757.981208,895.3525133,898.6083254,896.7861108,895.3525133,2854.837084,2175.23557,3241.869907,2868.279538,2443.807058,3241.869907,2960.963074,2676.791903,3241.869907,3231.07913,2957.666345,3241.869907,423.6057631,421.4118558,0.001001968,0.001005531,0.001008742,0.001011081,908.9083856,908.9083856,908.9083856,3235.69033,3235.69033,3235.69033,3235.69033,3235.69033
6/2/2016,683.609211,748.168015,750.2395484,757.0454821,757.981208,750.2395484,2152.531534,2012.433637,2431.444709,2172.075468,2175.23557,2431.444709,2289.596469,2443.807058,2431.444709,2531.450891,2676.791903,2431.444709,360.9749453,359.1545179,0.001001968,0.001005531,0.001008742,0.001011081,895.227627,895.227627,895.227627,3275.996723,3275.996723,3275.996723,3275.996723,3275.996723
6/3/2016,672.4655206,784.267534,739.1429071,745.7407402,748.168015,739.1429071,2055.286849,3607.33002,2325.237181,2075.011046,2012.433637,2325.237181,2129.608735,2175.23557,2325.237181,2273.399279,2443.807058,2325.237181,361.6703233,359.8457974,0.001001968,0.001005531,0.001008742,0.001011081,876.0666943,876.0666943,876.0666943,3256.144809,3256.144809,3256.144809,3256.144809,3256.144809
6/4/2016,695.8761277,948.3314352,766.6986717,770.2714966,784.267534,766.6986717,2058.407567,4231.016849,2331.522202,2077.267814,3607.33002,2331.522202,2121.386231,2012.433637,2331.522202,2140.065723,2175.23557,2331.522202,381.4659532,379.5242816,0.001001968,0.001005531,0.001008742,0.001011081,862.1781587,862.1781587,862.1781587,3226.547869,3226.547869,3226.547869,3226.547869,3226.547869
6/5/2016,801.5006066,1376.687099,882.8997291,876.3382704,948.3314352,882.8997291,2089.353525,5336.239784,2355.607596,2107.339765,4231.016849,2355.607596,2116.294079,3607.33002,2355.607596,2022.015484,2012.433637,2355.607596,422.5026053,420.3153484,0.001001968,0.001005531,0.001008742,0.001011081,858.7910559,858.7910559,858.7910559,3229.064202,3229.064202,3229.064202,3229.064202,3229.064202
6/6/2016,1355.10428,1788.067397,1461.832201,1375.98032,1376.687099,1461.832201,2760.386128,5281.092963,3046.414353,2739.962734,5336.239784,3046.414353,2342.244412,4231.016849,3046.414353,2002.20103,3607.33002,3046.414353,382.058191,380.113001,0.001001968,0.001005531,0.001008742,0.001011081,858.0102824,858.0102824,858.0102824,3011.765057,3011.765057,3011.765057,3011.765057,3011.765057
6/7/2016,2410.903498,3357.392851,2588.093182,1833.28078,1788.067397,2588.093182,4821.692784,4509.429531,5422.741286,4117.696541,5281.092963,5422.741286,4183.430652,5336.239784,5422.741286,3578.127491,4231.016849,5422.741286,790.8114365,786.2956784,0.001001968,0.001005531,0.001008742,0.001011081,977.9470222,977.9470222,977.9470222,2835.374699,2835.374699,2835.374699,2835.374699,2835.374699
6/8/2016,2665.893461,1773.302945,3083.681868,3358.862571,3357.392851,3083.681868,5195.187657,3291.206156,6173.692675,5604.484163,4509.429531,6173.692675,5464.818312,5281.092963,6173.692675,4459.547186,5336.239784,6173.692675,1861.966044,1849.976165,0.001001968,0.001005531,0.001008742,0.001011081,1250.58059,1250.58059,1250.58059,2992.621321,2992.621321,2992.621321,2992.621321,2992.621321
6/9/2016,1497.887959,1632.165218,1630.447459,1791.752281,1773.302945,1630.447459,4533.610415,2624.891013,5193.677398,4709.620673,3291.206156,5193.677398,5108.874877,4509.429531,5193.677398,5901.326961,5281.092963,5193.677398,635.2686495,631.7595001,0.001001968,0.001005531,0.001008742,0.001011081,1435.128172,1435.128172,1435.128172,3437.724317,3437.724317,3437.724317,3437.724317,3437.724317
6/10/2016,1397.358886,1129.874245,1541.744511,1644.794222,1632.165218,1541.744511,3369.207596,2589.889291,3858.039404,3506.459964,2624.891013,3858.039404,3808.469525,3291.206156,3858.039404,4248.205245,4509.429531,3858.039404,708.6270662,704.6467881,0.001001968,0.001005531,0.001008742,0.001011081,1590.215445,1590.215445,1590.215445,3857.569076,3857.569076,3857.569076,3857.569076,3857.569076
6/11/2016,929.845349,752.1412581,1008.540959,1122.390783,1129.874245,1008.540959,2850.439761,2447.009911,3239.726107,2970.953438,2589.889291,3239.726107,3220.463572,2624.891013,3239.726107,3806.732756,3291.206156,3239.726107,411.9558721,409.8320707,0.001001968,0.001005531,0.001008742,0.001011081,1670.922769,1670.922769,1670.922769,4079.725012,4079.725012,4079.725012,4079.725012,4079.725012
6/12/2016,593.4463951,517.4806735,624.1366061,752.9204031,752.1412581,624.1366061,1827.218057,2356.760882,2021.262024,1958.028187,2447.009911,2021.262024,2085.037275,2589.889291,2021.262024,2582.332387,2624.891013,2021.262024,157.9865843,157.3006693,0.001001968,0.001005531,0.001008742,0.001011081,1677.942007,1677.942007,1677.942007,4167.113474,4167.113474,4167.113474,4167.113474,4167.113474
6/13/2016,590.5338428,1065.36507,607.0174806,522.7468884,517.4806735,607.0174806,1705.852345,2595.921441,1861.452973,1618.372405,2356.760882,1861.452973,1770.852946,2447.009911,1861.452973,2004.402184,2589.889291,1861.452973,86.3495166,86.01873832,0.001001968,0.001005531,0.001008742,0.001011081,1643.850068,1643.850068,1643.850068,4155.658092,4155.658092,4155.658092,4155.658092,4155.658092
6/14/2016,971.6701703,919.4701339,1079.129971,1065.354231,1065.36507,1079.129971,2401.493499,2460.228552,2756.192779,2413.284628,2595.921441,2756.192779,2414.319489,2356.760882,2756.192779,2155.156969,2447.009911,2756.192779,556.0170374,553.0087085,0.001001968,0.001005531,0.001008742,0.001011081,1529.46047,1529.46047,1529.46047,3871.31766,3871.31766,3871.31766,3871.31766,3871.31766
6/15/2016,778.9801303,806.2268333,853.1885225,913.2344618,919.4701339,853.1885225,2268.107269,2182.554321,2584.616534,2338.745054,2460.228552,2584.616534,2374.525824,2595.921441,2584.616534,2507.409517,2356.760882,2584.616534,397.3474706,395.3111808,0.001001968,0.001005531,0.001008742,0.001011081,1250.757929,1250.757929,1250.757929,3545.898708,3545.898708,3545.898708,3545.898708,3545.898708
6/16/2016,729.3683851,853.4415916,791.9471731,807.729508,806.2268333,791.9471731,1922.286004,2086.524003,2164.099874,1951.761598,2182.554321,2164.099874,2040.829584,2460.228552,2164.099874,2090.013642,2595.921441,2164.099874,335.7119989,334.0396797,0.001001968,0.001005531,0.001008742,0.001011081,1069.597618,1069.597618,1069.597618,3065.491948,3065.491948,3065.491948,3065.491948,3065.491948
6/17/2016,765.6517153,818.4687858,837.1736199,857.1036272,853.4415916,837.1736199,2233.173166,2015.804096,2541.013108,2263.928112,2086.524003,2541.013108,2300.901942,2182.554321,2541.013108,2344.800702,2460.228552,2541.013108,382.0427719,380.0976735,0.001001968,0.001005531,0.001008742,0.001011081,927.9311733,927.9311733,927.9311733,2668.164372,2668.164372,2668.164372,2668.164372,2668.164372
6/18/2016,734.744857,676.3241576,801.8891776,818.5672367,818.4687858,801.8891776,2090.456771,2067.726747,2373.845637,2117.840341,2015.804096,2373.845637,2169.976577,2086.524003,2373.845637,2242.82707,2182.554321,2373.845637,361.2217285,359.3998468,0.001001968,0.001005531,0.001008742,0.001011081,856.4086521,856.4086521,856.4086521,2458.936228,2458.936228,2458.936228,2458.936228,2458.936228
6/19/2016,613.522481,653.2364336,664.6467324,676.3087821,676.3241576,664.6467324,1746.806311,1928.413343,1965.430616,1766.549904,2067.726747,1965.430616,1859.8362,2015.804096,1965.430616,1977.737807,2086.524003,1965.430616,284.236557,282.8608605,0.001001968,0.001005531,0.001008742,0.001011081,837.3000416,837.3000416,837.3000416,2362.491132,2362.491132,2362.491132,2362.491132,2362.491132
6/20/2016,588.5944343,659.9739818,639.1635065,649.3051389,653.2364336,639.1635065,1668.933594,1870.090242,1879.431918,1687.56088,1928.413343,1879.431918,1742.140198,2067.726747,1879.431918,1836.712361,2015.804096,1879.431918,282.7093815,281.3423704,0.001001968,0.001005531,0.001008742,0.001011081,836.5357884,836.5357884,836.5357884,2324.233357,2324.233357,2324.233357,2324.233357,2324.233357
6/21/2016,603.0881599,688.8949885,655.9667654,660.7232763,659.9739818,655.9667654,1711.004031,1809.041423,1930.683897,1725.27932,1870.090242,1930.683897,1759.919309,1928.413343,1930.683897,1783.412112,2067.726747,1930.683897,293.284198,291.8569033,0.001001968,0.001005531,0.001008742,0.001011081,790.1705623,790.1705623,790.1705623,2274.3616,2274.3616,2274.3616,2274.3616,2274.3616
6/22/2016,629.9168554,620.3994868,687.8631004,691.9788286,688.8949885,687.8631004,1826.548217,1729.570297,2071.606182,1839.701479,1809.041423,2071.606182,1866.420375,1870.090242,2071.606182,1884.9417,1928.413343,2071.606182,318.9622053,317.3871982,0.001001968,0.001005531,0.001008742,0.001011081,758.7051389,758.7051389,758.7051389,2232.385996,2232.385996,2232.385996,2232.385996,2232.385996
6/23/2016,560.7634539,581.5806953,610.7958876,620.7223114,620.3994868,610.7958876,1641.117758,1678.380846,1852.263387,1658.678083,1729.570297,1852.263387,1717.534024,1809.041423,1852.263387,1778.077351,1870.090242,1852.263387,281.4669143,280.1069641,0.001001968,0.001005531,0.001008742,0.001011081,729.2075718,729.2075718,729.2075718,2158.405662,2158.405662,2158.405662,2158.405662,2158.405662
6/24/2016,525.0902765,555.5871585,571.0661789,581.7823308,581.5806953,571.0661789,1551.681949,1809.320736,1748.682613,1569.308264,1678.380846,1748.682613,1613.542935,1729.570297,1748.682613,1684.476179,1809.041423,1748.682613,261.4263984,260.1796788,0.001001968,0.001005531,0.001008742,0.001011081,693.1564265,693.1564265,693.1564265,2054.454892,2054.454892,2054.454892,2054.454892,2054.454892
6/25/2016,504.6765948,540.3124783,548.4417453,555.809851,555.5871585,548.4417453,1510.745977,2580.21921,1702.136971,1524.371591,1809.320736,1702.136971,1563.179016,1678.380846,1702.136971,1614.550408,1729.570297,1702.136971,250.481551,249.296124,0.001001968,0.001005531,0.001008742,0.001011081,655.7597461,655.7597461,655.7597461,1962.818568,1962.818568,1962.818568,1962.818568,1962.818568
6/26/2016,491.2401647,547.0313642,534.1342515,540.5508843,540.3124783,534.1342515,1468.020986,3272.72568,1654.068341,1480.659961,2580.21921,1654.068341,1515.399578,1809.320736,1654.068341,1558.667924,1678.380846,1654.068341,246.459286,245.2962827,0.001001968,0.001005531,0.001008742,0.001011081,628.6731935,628.6731935,628.6731935,1896.207234,1896.207234,1896.207234,1896.207234,1896.207234
6/27/2016,477.3602489,838.2938299,519.1634342,525.1545015,547.0313642,519.1634342,1439.284792,2742.273832,1621.326603,1451.295485,3272.72568,1621.326603,1484.351925,2580.21921,1621.326603,1517.826964,1809.320736,1621.326603,241.2522376,240.1181798,0.001001968,0.001005531,0.001008742,0.001011081,608.7224696,608.7224696,608.7224696,1846.273624,1846.273624,1846.273624,1846.273624,1846.273624
6/28/2016,728.4035699,1051.869676,811.7471422,795.6947165,838.2938299,811.7471422,1844.071711,2292.032056,2111.395845,1851.304393,2742.273832,2111.395845,1857.017514,3272.72568,2111.395845,1633.149272,2580.21921,2111.395845,434.3014597,432.042948,0.001001968,0.001005531,0.001008742,0.001011081,619.7228253,619.7228253,619.7228253,1832.2649,1832.2649,1832.2649,1832.2649,1832.2649
6/29/2016,1154.446401,1218.148731,1266.100931,1079.745017,1051.869676,1266.100931,2995.1013,2924.479656,3427.679194,2839.058382,2292.032056,3427.679194,2750.85227,2742.273832,3427.679194,2538.834457,3272.72568,3427.679194,518.3677876,515.5940818,0.001001968,0.001005531,0.001008742,0.001011081,654.2605334,654.2605334,654.2605334,1928.054675,1928.054675,1928.054675,1928.054675,1928.054675
6/30/2016,1383.914981,1484.821782,1518.056798,1249.713568,1218.148731,1518.056798,3483.614619,2683.184602,4006.907973,3236.135748,2924.479656,4006.907973,3278.328199,2292.032056,4006.907973,3155.531221,2742.273832,4006.907973,674.2319593,670.4734256,0.001001968,0.001005531,0.001008742,0.001011081,734.0342664,734.0342664,734.0342664,2152.799836,2152.799836,2152.799836,2152.799836,2152.799836
7/1/2016,1137.2786,797.9629024,1280.657917,1482.323515,1484.821782,1280.657917,2583.022456,2761.301105,2999.377218,2821.509858,2683.184602,2999.377218,2723.803481,2924.479656,2999.377218,2679.948277,2292.032056,2999.377218,728.4213915,724.3128504,0.001001968,0.001005531,0.001008742,0.001011081,829.5556647,829.5556647,829.5556647,2302.370452,2302.370452,2302.370452,2302.370452,2302.370452
7/2/2016,650.5065858,760.4679347,688.3631434,799.0321999,797.9629024,688.3631434,1746.018655,2805.90873,1925.433009,1865.218412,2761.301105,1925.433009,2058.607911,2683.184602,1925.433009,2247.066626,2924.479656,1925.433009,213.9392423,212.9553952,0.001001968,0.001005531,0.001008742,0.001011081,886.3719183,886.3719183,886.3719183,2424.04653,2424.04653,2424.04653,2424.04653,2424.04653
7/3/2016,706.1383974,683.2569785,752.0719776,763.0024445,760.4679347,752.0719776,2156.196616,2056.703677,2428.332959,2166.942548,2805.90873,2428.332959,2259.576459,2761.301105,2428.332959,2524.67862,2683.184602,2428.332959,255.7718775,254.5568738,0.001001968,0.001005531,0.001008742,0.001011081,927.5335866,927.5335866,927.5335866,2610.703576,2610.703576,2610.703576,2610.703576,2610.703576
7/4/2016,602.6745601,654.2476512,648.634215,680.9632029,683.2569785,648.634215,1974.118385,1717.242315,2233.094838,2006.617564,2056.703677,2233.094838,2110.78599,2805.90873,2233.094838,2235.81813,2761.301105,2233.094838,262.6475845,261.3940016,0.001001968,0.001005531,0.001008742,0.001011081,960.6597156,960.6597156,960.6597156,2713.221285,2713.221285,2713.221285,2713.221285,2713.221285
7/5/2016,576.3572191,614.4956674,622.7400505,654.8964447,654.2476512,622.7400505,2279.317873,1299.020962,2593.907419,2308.437048,1717.242315,2593.907419,2355.042713,2056.703677,2593.907419,2405.629035,2805.90873,2593.907419,264.1268842,262.8649809,0.001001968,0.001005531,0.001008742,0.001011081,952.6142148,952.6142148,952.6142148,2822.908146,2822.908146,2822.908146,2822.908146,2822.908146
7/6/2016,564.7694927,571.3668475,608.104223,616.4185374,614.4956674,608.104223,2318.32721,1857.114885,2642.394999,2317.644692,1299.020962,2642.394999,2345.417801,1717.242315,2642.394999,2505.409178,2056.703677,2642.394999,248.3282855,247.1548696,0.001001968,0.001005531,0.001008742,0.001011081,911.3003732,911.3003732,911.3003732,2820.84974,2820.84974,2820.84974,2820.84974,2820.84974
7/7/2016,507.6739282,592.9373373,547.6880633,564.1824366,571.3668475,547.6880633,1629.33579,2377.213212,1834.51322,1647.969167,1857.114885,1834.51322,1701.196443,1299.020962,1834.51322,1772.536916,1717.242315,1834.51322,233.48712,232.3960493,0.001001968,0.001005531,0.001008742,0.001011081,824.1506279,824.1506279,824.1506279,2604.787752,2604.787752,2604.787752,2604.787752,2604.787752
7/8/2016,535.5946723,645.5833742,579.8988538,588.0565065,592.9373373,579.8988538,1470.610936,3219.510245,1648.007173,1486.645101,2377.213212,1648.007173,1514.787817,1857.114885,1648.007173,1541.214506,1299.020962,1648.007173,252.3586983,251.1627875,0.001001968,0.001005531,0.001008742,0.001011081,727.2489316,727.2489316,727.2489316,2429.319838,2429.319838,2429.319838,2429.319838,2429.319838
7/9/2016,583.8749379,1110.50401,618.6121018,624.0604833,645.5833742,618.6121018,1221.101461,3769.727125,1331.331036,1238.54761,3219.510245,1331.331036,1158.9517,2377.213212,1331.331036,1225.028703,1857.114885,1331.331036,183.3791599,182.5598297,0.001001968,0.001005531,0.001008742,0.001011081,664.1251022,664.1251022,664.1251022,2239.567064,2239.567064,2239.567064,2239.567064,2239.567064
7/10/2016,1455.172687,2186.393645,1503.260952,1120.265799,1110.50401,1503.260952,2610.543869,3659.121222,2824.549502,2250.868158,3769.727125,2824.549502,1724.290009,3219.510245,2824.549502,1636.029616,2377.213212,2824.549502,129.2654876,128.726234,0.001001968,0.001005531,0.001008742,0.001011081,631.5560794,631.5560794,631.5560794,2099.458488,2099.458488,2099.458488,2099.458488,2099.458488
7/11/2016,2491.207475,2938.050093,2711.651786,2207.992972,2186.393645,2711.651786,4015.489694,3395.658498,4553.717303,3586.018875,3659.121222,4553.717303,3539.674668,3769.727125,4553.717303,2225.650404,3219.510245,4553.717303,1005.952896,1000.002554,0.001001968,0.001005531,0.001008742,0.001011081,806.6694256,806.6694256,806.6694256,2193.213389,2193.213389,2193.213389,2193.213389,2193.213389
7/12/2016,2246.65848,1267.789994,2596.262723,2939.334394,2938.050093,2596.262723,4324.172341,2966.493237,5160.203895,4771.750989,3395.658498,5160.203895,4919.879303,3659.121222,5160.203895,4186.065309,3769.727125,5160.203895,1608.590721,1598.432771,0.001001968,0.001005531,0.001008742,0.001011081,1105.165159,1105.165159,1105.165159,2379.675834,2379.675834,2379.675834,2379.675834,2379.675834
7/13/2016,934.9760598,795.6887132,1000.400253,1267.478658,1267.789994,1000.400253,2446.444308,2228.712739,2762.456718,2718.802021,2966.493237,2762.456718,3155.839627,3395.658498,2762.456718,4312.533321,3659.121222,2762.456718,349.6672277,347.9132865,0.001001968,0.001005531,0.001008742,0.001011081,1252.785181,1252.785181,1252.785181,2580.298591,2580.298591,2580.298591,2580.298591,2580.298591
7/14/2016,684.2204284,872.051537,711.8730788,790.7500183,795.6887132,711.8730788,1474.087397,2128.537215,1599.503814,1558.259531,2228.712739,1599.503814,1853.290188,2966.493237,1599.503814,2443.55281,3395.658498,1599.503814,155.3209191,154.648817,0.001001968,0.001005531,0.001008742,0.001011081,1320.238227,1320.238227,1320.238227,2783.262201,2783.262201,2783.262201,2783.262201,2783.262201
7/15/2016,770.8905207,921.3783047,824.8115532,873.333964,872.051537,824.8115532,2299.914826,2319.634037,2605.95652,2351.700253,2128.537215,2605.95652,2436.744574,2228.712739,2605.95652,2576.952723,2966.493237,2605.95652,292.8414344,291.4166703,0.001001968,0.001005531,0.001008742,0.001011081,1369.266492,1369.266492,1369.266492,2933.725065,2933.725065,2933.725065,2933.725065,2933.725065
7/16/2016,858.4597968,1070.45533,934.1993879,920.3396453,921.3783047,934.1993879,2450.444835,2763.277363,2797.160728,2443.546851,2319.634037,2797.160728,2547.919622,2128.537215,2797.160728,2596.329681,2228.712739,2797.160728,405.7373138,403.6508196,0.001001968,0.001005531,0.001008742,0.001011081,1434.744061,1434.744061,1434.744061,3125.082012,3125.082012,3125.082012,3125.082012,3125.082012
7/17/2016,984.35928,1220.022243,1072.692469,1071.650207,1070.45533,1072.692469,2044.491706,2360.897283,2309.901777,2068.811568,2763.277363,2309.901777,2024.340842,2319.634037,2309.901777,2058.700792,2128.537215,2309.901777,449.7499568,447.3977378,0.001001968,0.001005531,0.001008742,0.001011081,1485.194775,1485.194775,1485.194775,3137.564482,3137.564482,3137.564482,3137.564482,3137.564482
7/18/2016,1109.320548,1062.765728,1227.871937,1223.561753,1220.022243,1227.871937,2073.578421,2137.609303,2368.749122,2107.58433,2360.897283,2368.749122,2196.977561,2763.277363,2368.749122,1971.027995,2319.634037,2368.749122,597.3434529,594.0750878,0.001001968,0.001005531,0.001008742,0.001011081,1374.569299,1374.569299,1374.569299,3015.260619,3015.260619,3015.260619,3015.260619,3015.260619
7/19/2016,888.1217991,966.0532894,980.4936375,1063.437062,1062.765728,980.4936375,2050.469392,1900.318274,2345.045171,2157.440153,2137.609303,2345.045171,2264.925927,2360.897283,2345.045171,2384.840401,2763.277363,2345.045171,481.6333464,479.0863164,0.001001968,0.001005531,0.001008742,0.001011081,1135.917075,1135.917075,1135.917075,2804.850788,2804.850788,2804.850788,2804.850788,2804.850788
7/20/2016,902.4755909,792.2492418,982.9190766,966.738801,966.0532894,982.9190766,2213.214954,1695.133841,2518.035617,2212.359772,1900.318274,2518.035617,2297.436465,2137.609303,2518.035617,2456.004353,2360.897283,2518.035617,421.9609097,419.7769174,0.001001968,0.001005531,0.001008742,0.001011081,1040.353587,1040.353587,1040.353587,2608.425241,2608.425241,2608.425241,2608.425241,2608.425241
7/21/2016,697.8853832,641.616202,762.6234454,792.4950398,792.2492418,762.6234454,1751.502207,1622.939161,1986.23272,1794.181272,1695.133841,1986.23272,1941.909811,1900.318274,1986.23272,2072.366153,2137.609303,1986.23272,354.7956682,353.0116113,0.001001968,0.001005531,0.001008742,0.001011081,1015.549631,1015.549631,1015.549631,2446.944103,2446.944103,2446.944103,2446.944103,2446.944103
7/22/2016,565.0450171,568.3972618,610.0733705,641.8444637,641.616202,610.0733705,1542.463073,1927.765391,1735.815528,1580.285397,1622.939161,1735.815528,1656.600478,1695.133841,1735.815528,1883.718614,1900.318274,1735.815528,256.8218599,255.6009749,0.001001968,0.001005531,0.001008742,0.001011081,981.2631973,981.2631973,981.2631973,2343.68972,2343.68972,2343.68972,2343.68972,2343.68972
7/23/2016,515.2518526,549.6290211,553.6673743,568.6261473,568.3972618,553.6673743,1384.252068,2933.454494,1549.692501,1404.476464,1927.765391,1549.692501,1464.304821,1622.939161,1549.692501,1568.614938,1695.133841,1549.692501,223.3093522,222.2742902,0.001001968,0.001005531,0.001008742,0.001011081,927.4212037,927.4212037,927.4212037,2217.480721,2217.480721,2217.480721,2217.480721,2217.480721
7/24/2016,499.8023185,537.5015846,538.4312313,549.855192,549.6290211,538.4312313,1366.835929,2289.768121,1534.655005,1383.449346,2933.454494,1534.655005,1424.969895,1927.765391,1534.655005,1481.57681,1622.939161,1534.655005,225.4513607,224.4045434,0.001001968,0.001005531,0.001008742,0.001011081,871.0797638,871.0797638,871.0797638,2145.467694,2145.467694,2145.467694,2145.467694,2145.467694
7/25/2016,480.1533225,611.2728896,517.571388,527.6707169,537.5015846,517.571388,1361.704683,2253.472346,1530.382261,1376.150964,2289.768121,1530.382261,1412.019554,2933.454494,1530.382261,1454.408137,1927.765391,1530.382261,219.8710194,218.8547902,0.001001968,0.001005531,0.001008742,0.001011081,774.7332736,774.7332736,774.7332736,2058.868396,2058.868396,2058.868396,2058.868396,2058.868396
7/26/2016,658.0317527,1217.236933,691.5267271,613.429692,611.2728896,691.5267271,1919.842563,2990.731438,2146.545987,1843.674002,2253.472346,2146.545987,1744.247623,2289.768121,2146.545987,1721.618482,2933.454494,2146.545987,183.5232982,182.7032017,0.001001968,0.001005531,0.001008742,0.001011081,690.1561619,690.1561619,690.1561619,1987.009994,1987.009994,1987.009994,1987.009994,1987.009994
7/27/2016,1405.915139,1388.106753,1524.843999,1224.672672,1217.236933,1524.843999,3422.564579,2725.326419,3913.493078,3138.223056,2990.731438,3913.493078,3011.693408,2253.472346,3913.493078,2620.626061,2289.768121,3913.493078,600.6519802,597.3626894,0.001001968,0.001005531,0.001008742,0.001011081,694.3557593,694.3557593,694.3557593,2033.335218,2033.335218,2033.335218,2033.335218,2033.335218
7/28/2016,1080.446955,737.8188289,1213.953654,1388.182277,1388.106753,1213.953654,2501.202657,7051.984814,2907.53141,2706.771088,2725.326419,2907.53141,2723.034323,2990.731438,2907.53141,2489.227353,2253.472346,2907.53141,686.1249254,682.2898834,0.001001968,0.001005531,0.001008742,0.001011081,750.9543067,750.9543067,750.9543067,2076.076052,2076.076052,2076.076052,2076.076052,2076.076052
7/29/2016,551.0320898,932.4699361,576.3196399,737.9508378,737.8188289,576.3196399,1631.525497,5264.197954,1812.771609,1790.198285,7051.984814,1812.771609,1901.99194,2725.326419,1812.771609,2363.240257,2990.731438,1812.771609,146.8945772,146.2658791,0.001001968,0.001005531,0.001008742,0.001011081,772.7342301,772.7342301,772.7342301,2152.810659,2152.810659,2152.810659,2152.810659,2152.810659
7/30/2016,924.0231368,2775.359257,983.1284405,921.9984791,932.4699361,983.1284405,2409.70312,6074.508076,2715.188384,2354.112425,5264.197954,2715.188384,2360.784486,7051.984814,2715.188384,2312.810199,2725.326419,2715.188384,310.3475456,308.8222979,0.001001968,0.001005531,0.001008742,0.001011081,814.6495687,814.6495687,814.6495687,2329.575197,2329.575197,2329.575197,2329.575197,2329.575197
7/31/2016,2447.889336,4890.485299,2688.857539,2727.36523,2775.359257,2688.857539,4224.734834,7626.568736,4816.186772,4369.361195,6074.508076,4816.186772,3417.389507,5264.197954,4816.186772,2550.677142,7051.984814,4816.186772,970.9130941,965.199323,0.001001968,0.001005531,0.001008742,0.001011081,963.9159367,963.9159367,963.9159367,2494.642061,2494.642061,2494.642061,2494.642061,2494.642061
8/1/2016,4793.542234,4622.318808,5352.030028,4548.696222,4890.485299,5352.030028,10030.3235,6598.304603,11757.35462,9380.641308,7626.568736,11757.35462,9312.515862,6074.508076,11757.35462,6926.385503,5264.197954,11757.35462,2278.133307,2263.07227,0.001001968,0.001005531,0.001008742,0.001011081,1471.137407,1471.137407,1471.137407,3473.770972,3473.770972,3473.770972,3473.770972,3473.770972
8/2/2016,3969.17375,1851.16051,4488.404062,4760.252555,4622.318808,4488.404062,7064.073155,4443.685911,8269.348065,7528.929239,6598.304603,8269.348065,7869.371897,7626.568736,8269.348065,7248.07596,6074.508076,8269.348065,2088.216249,2074.565554,0.001001968,0.001005531,0.001008742,0.001011081,2068.886357,2068.886357,2068.886357,4267.369126,4267.369126,4267.369126,4267.369126,4267.369126
8/3/2016,2529.349046,4157.99326,2616.008671,2026.202869,1851.16051,2616.008671,4170.532106,4397.793439,4504.24934,3612.224156,4443.685911,4504.24934,4474.841526,6598.304603,4504.24934,6528.278193,7626.568736,4504.24934,332.1928061,330.5409928,0.001001968,0.001005531,0.001008742,0.001011081,2329.945896,2329.945896,2329.945896,4809.513338,4809.513338,4809.513338,4809.513338,4809.513338
8/4/2016,3668.985969,2840.693336,4198.58477,4170.349782,4157.99326,4198.58477,5776.771471,4156.632582,6865.816788,5926.898358,4397.793439,6865.816788,6078.879698,4443.685911,6865.816788,5221.695746,6598.304603,6865.816788,2324.198568,2308.793369,0.001001968,0.001005531,0.001008742,0.001011081,2693.510236,2693.510236,2693.510236,5346.644042,5346.644042,5346.644042,5346.644042,5346.644042
8/5/2016,1996.101382,1221.836138,2226.390935,2832.156498,2840.693336,2226.390935,5007.848045,3139.338064,5842.02119,5654.851849,4156.632582,5842.02119,5893.304521,4397.793439,5842.02119,6949.238795,4443.685911,5842.02119,1089.739695,1083.219519,0.001001968,0.001005531,0.001008742,0.001011081,2988.96049,2988.96049,2988.96049,5811.851221,5811.851221,5811.851221,5811.851221,5811.851221
8/6/2016,1021.473492,1223.808095,1045.125865,1219.250693,1221.836138,1045.125865,1513.018257,2502.333308,1577.489211,1698.422322,3139.338064,1577.489211,2345.698348,4156.632582,1577.489211,3430.964929,4397.793439,1577.489211,108.6112168,108.1741206,0.001001968,0.001005531,0.001008742,0.001011081,3125.201527,3125.201527,3125.201527,6046.439423,6046.439423,6046.439423,6046.439423,6046.439423
8/7/2016,1114.02797,1248.438925,1176.007501,1234.154894,1223.808095,1176.007501,2390.787288,1634.9131,2663.326464,2461.573684,2502.333308,2663.326464,2691.082402,3139.338064,2663.326464,3135.861262,4156.632582,2663.326464,317.3441003,315.7784548,0.001001968,0.001005531,0.001008742,0.001011081,3098.889456,3098.889456,3098.889456,6175.348871,6175.348871,6175.348871,6175.348871,6175.348871
8/8/2016,1121.862497,1198.722915,1204.937973,1254.099098,1248.438925,1204.937973,3051.280848,2552.798957,3468.190886,3105.409094,1634.9131,3468.190886,3221.992283,2502.333308,3468.190886,3397.021128,3139.338064,3468.190886,427.7465718,425.5276801,0.001001968,0.001005531,0.001008742,0.001011081,2704.442303,2704.442303,2704.442303,5443.830594,5443.830594,5443.830594,5443.830594,5443.830594
8/9/2016,1052.947135,971.6532898,1138.693316,1198.848841,1198.722915,1138.693316,2468.722346,4279.603008,2798.888094,2544.615454,2552.798957,2798.888094,2662.553128,1634.9131,2798.888094,2775.191124,2502.333308,2798.888094,444.2719977,441.9530594,0.001001968,0.001005531,0.001008742,0.001011081,2214.136125,2214.136125,2214.136125,4778.97977,4778.97977,4778.97977,4778.97977,4778.97977
8/10/2016,835.1085037,1535.308348,869.9409629,866.9239799,971.6532898,869.9409629,1845.889643,3975.424103,2025.585914,1846.459956,4279.603008,2025.585914,1931.636524,2552.798957,2025.585914,2276.8135,1634.9131,2025.585914,187.2688698,186.4288269,0.001001968,0.001005531,0.001008742,0.001011081,1940.49338,1940.49338,1940.49338,4136.69165,4136.69165,4136.69165,4136.69165,4136.69165
8/11/2016,1184.53382,3593.120094,1206.013371,903.0090855,1535.308348,1206.013371,1575.472617,7384.099844,1622.810709,1287.4588,3975.424103,1622.810709,1249.613318,4279.603008,1622.810709,1301.644758,2552.798957,1622.810709,72.10971866,71.84504816,0.001001968,0.001005531,0.001008742,0.001011081,1516.202676,1516.202676,1516.202676,3464.017049,3464.017049,3464.017049,3464.017049,3464.017049
8/12/2016,4387.085067,4718.587379,4865.651828,3831.91352,3593.120094,4865.651828,6117.049673,8944.786037,7023.327006,5305.407181,7384.099844,7023.327006,5258.028006,3975.424103,7023.327006,2393.526592,4279.603008,7023.327006,1896.335446,1884.094716,0.001001968,0.001005531,0.001008742,0.001011081,1583.33128,1583.33128,1583.33128,3128.535708,3128.535708,3128.535708,3128.535708,3128.535708
8/13/2016,3701.006009,3662.916445,4114.316686,4490.490661,4718.587379,4114.316686,6526.397652,7051.087065,7558.25177,7045.34118,8944.786037,7558.25177,6271.452659,7384.099844,7558.25177,6606.701335,3975.424103,7558.25177,1710.989138,1700.094652,0.001001968,0.001005531,0.001008742,0.001011081,1809.691604,1809.691604,1809.691604,3226.231001,3226.231001,3226.231001,3226.231001,3226.231001
8/14/2016,4076.362162,6810.620414,4371.302663,3630.524754,3662.916445,4371.302663,4429.870789,6847.245485,4833.642958,3850.930053,7051.087065,4833.642958,4601.602157,8944.786037,4833.642958,3710.458063,7384.099844,4833.642958,1135.702518,1128.867388,0.001001968,0.001005531,0.001008742,0.001011081,2195.206656,2195.206656,2195.206656,3498.56988,3498.56988,3498.56988,3498.56988,3498.56988
8/15/2016,6235.713179,4839.506059,7183.958552,7061.428376,6810.620414,7183.958552,9385.06796,6290.899858,11254.74426,9613.909656,6847.245485,11254.74426,9674.429645,7051.087065,11254.74426,7638.705681,8944.786037,11254.74426,3767.134402,3740.616155,0.001001968,0.001005531,0.001008742,0.001011081,2900.41665,2900.41665,2900.41665,4210.758623,4210.758623,4210.758623,4210.758623,4210.758623
8/16/2016,3681.554613,2232.509312,4160.447088,4957.021467,4839.506059,4160.447088,7469.536715,4624.138859,8794.388966,8404.298986,6290.899858,8794.388966,8861.518907,6847.245485,8794.388966,10313.22193,7051.087065,8794.388966,2024.102557,2010.92472,0.001001968,0.001005531,0.001008742,0.001011081,3442.008692,3442.008692,3442.008692,5074.452934,5074.452934,5074.452934,5074.452934,5074.452934
8/17/2016,1843.606732,2477.447408,1925.074239,2213.995088,2232.509312,1925.074239,2456.419749,3798.131813,2602.510663,2791.390067,4624.138859,2602.510663,3783.275545,6290.899858,2602.510663,5674.115515,6847.245485,2602.510663,339.5394398,337.8447828,0.001001968,0.001005531,0.001008742,0.001011081,3756.398043,3756.398043,3756.398043,5776.939854,5776.939854,5776.939854,5776.939854,5776.939854
8/18/2016,2237.003571,2227.82261,2437.554302,2530.006047,2477.447408,2437.554302,3732.628741,3377.593418,4228.017288,3900.631572,3798.131813,4228.017288,4309.549898,4624.138859,4228.017288,4724.211405,6290.899858,4228.017288,890.8472455,885.6699274,0.001001968,0.001005531,0.001008742,0.001011081,4030.013304,4030.013304,4030.013304,6356.699434,6356.699434,6356.699434,6356.699434,6356.699434
8/19/2016,1997.498061,1703.430388,2179.176835,2265.329283,2227.82261,2179.176835,4577.673565,4784.555342,5243.196143,4703.479632,3377.593418,5243.196143,4962.644982,3798.131813,5243.196143,5448.06478,4624.138859,5243.196143,830.4261999,825.6496785,0.001001968,0.001005531,0.001008742,0.001011081,3891.477154,3891.477154,3891.477154,6584.716313,6584.716313,6584.716313,6584.716313,6584.716313
8/20/2016,1482.726608,1608.489295,1589.220933,1710.629723,1703.430388,1589.220933,2981.091914,4255.624676,3342.302766,3131.736571,4784.555342,3342.302766,3386.710973,3377.593418,3342.302766,3968.033537,3798.131813,3342.302766,504.877576,502.1873802,0.001001968,0.001005531,0.001008742,0.001011081,3671.523678,3671.523678,3671.523678,6409.620072,6409.620072,6409.620072,6409.620072,6409.620072
8/21/2016,1288.205565,1992.735987,1372.396167,1445.17415,1608.489295,1372.396167,2463.23575,4076.308885,2730.859758,2562.719191,4255.624676,2730.859758,2771.3424,4784.555342,2730.859758,3083.23989,3377.593418,2730.859758,403.6234801,401.549649,0.001001968,0.001005531,0.001008742,0.001011081,3310.159057,3310.159057,3310.159057,6099.621576,6099.621576,6099.621576,6099.621576,6099.621576
8/22/2016,2481.842737,3689.526474,2643.778675,2040.32759,1992.735987,2643.778675,3965.455082,4037.694991,4377.68583,3434.082955,4076.308885,4377.68583,3416.678216,4255.624676,4377.68583,2949.526672,4784.555342,4377.68583,692.584401,688.7077309,0.001001968,0.001005531,0.001008742,0.001011081,2686.986619,2686.986619,2686.986619,5385.083077,5385.083077,5385.083077,5385.083077,5385.083077
8/23/2016,3183.305845,2208.067266,3599.457784,3775.025472,3689.526474,3599.457784,5754.613013,3244.170707,6758.567377,6064.580438,4037.694991,6758.567377,5729.082594,4076.308885,6758.567377,4775.902759,4255.624676,6758.567377,1802.378316,1790.822063,0.001001968,0.001005531,0.001008742,0.001011081,2408.94603,2408.94603,2408.94603,4818.557545,4818.557545,4818.557545,4818.557545,4818.557545
8/24/2016,1765.982749,1449.223947,1930.05331,2214.066812,2208.067266,1930.05331,3549.80438,2787.082058,4049.272283,3879.558881,3244.170707,4049.272283,4431.086445,4037.694991,4049.272283,4963.552428,4076.308885,4049.272283,769.4312097,765.0554891,0.001001968,0.001005531,0.001008742,0.001011081,2337.344559,2337.344559,2337.344559,4471.600791,4471.600791,4471.600791,4471.600791,4471.600791
8/25/2016,1267.32379,1329.381822,1342.93724,1450.824898,1449.223947,1342.93724,2070.021425,2606.18111,2262.223902,2207.254917,2787.082058,2262.223902,2605.055093,3244.170707,2262.223902,3488.0959,4037.694991,2262.223902,360.6896227,358.8708767,0.001001968,0.001005531,0.001008742,0.001011081,2196.263973,2196.263973,2196.263973,4255.326681,4255.326681,4255.326681,4255.326681,4255.326681
8/26/2016,1226.483634,1333.899742,1304.091704,1330.3032,1329.381822,1304.091704,2399.66891,2494.395248,2670.735252,2448.299201,2606.18111,2670.735252,2626.200192,2787.082058,2670.735252,2987.298217,3244.170707,2670.735252,374.8826217,372.9800081,0.001001968,0.001005531,0.001008742,0.001011081,2060.334755,2060.334755,2060.334755,3997.174826,3997.174826,3997.174826,3997.174826,3997.174826
8/27/2016,1215.717051,1285.821111,1302.79724,1334.332077,1333.899742,1302.79724,2444.217668,2386.993908,2735.210656,2500.101169,2494.395248,2735.210656,2598.025415,2606.18111,2735.210656,2717.574182,2787.082058,2735.210656,424.6801763,422.4797896,0.001001968,0.001005531,0.001008742,0.001011081,1985.904931,1985.904931,1985.904931,3808.12432,3808.12432,3808.12432,3808.12432,3808.12432
8/28/2016,1169.500102,1212.580749,1256.990714,1285.907042,1285.821111,1256.990714,2288.726913,2407.822527,2561.440136,2343.639983,2386.993908,2561.440136,2453.027744,2494.395248,2561.440136,2524.656616,2606.18111,2561.440136,429.7462641,427.5152946,0.001001968,0.001005531,0.001008742,0.001011081,1948.487309,1948.487309,1948.487309,3694.067542,3694.067542,3694.067542,3694.067542,3694.067542
8/29/2016,1103.001589,1147.022779,1184.348395,1212.421193,1212.580749,1184.348395,2143.972546,2411.864156,2394.877304,2196.620868,2407.822527,2394.877304,2294.772176,2386.993908,2394.877304,2402.795689,2494.395248,2394.877304,402.1756599,400.1104966,0.001001968,0.001005531,0.001008742,0.001011081,1855.651048,1855.651048,1855.651048,3582.375224,3582.375224,3582.375224,3582.375224,3582.375224
8/30/2016,1050.257116,1106.753131,1126.583458,1146.688948,1147.022779,1126.583458,2034.942284,2281.947266,2270.185522,2078.311953,2411.864156,2270.185522,2170.627348,2407.822527,2270.185522,2262.538604,2386.993908,2270.185522,379.6028656,377.6722574,0.001001968,0.001005531,0.001008742,0.001011081,1581.534852,1581.534852,1581.534852,3223.235155,3223.235155,3223.235155,3223.235155,3223.235155
8/31/2016,1013.956145,1078.737959,1088.401949,1105.323145,1106.753131,1088.401949,1979.452666,2185.532495,2209.960324,2018.939878,2281.947266,2209.960324,2101.317681,2411.864156,2209.960324,2172.565801,2407.822527,2209.960324,372.2450784,370.3580854,0.001001968,0.001005531,0.001008742,0.001011081,1366.66036,1366.66036,1366.66036,2860.156663,2860.156663,2860.156663,2860.156663,2860.156663
9/1/2016,984.9044588,1074.493628,1056.972163,1078.393258,1078.737959,1056.972163,2036.725799,2103.3994,2279.799632,2078.41293,2185.532495,2279.799632,2139.870539,2281.947266,2279.799632,2197.826521,2411.864156,2279.799632,360.887911,359.0679965,0.001001968,0.001005531,0.001008742,0.001011081,1266.418929,1266.418929,1266.418929,2597.315429,2597.315429,2597.315429,2597.315429,2597.315429
9/2/2016,995.9219569,1024.789402,1070.393858,1074.615946,1074.493628,1070.393858,2085.052467,2019.387737,2338.272938,2109.272947,2103.3994,2338.272938,2170.828127,2185.532495,2338.272938,2207.282498,2281.947266,2338.272938,373.2425612,371.3496626,0.001001968,0.001005531,0.001008742,0.001011081,1213.260334,1213.260334,1213.260334,2473.917351,2473.917351,2473.917351,2473.917351,2473.917351
9/3/2016,941.7253804,978.8363117,1013.912201,1024.225234,1024.789402,1013.912201,1951.717108,1962.73551,2186.685158,1982.071724,2019.387737,2186.685158,2069.990272,2103.3994,2186.685158,2116.781712,2185.532495,2186.685158,365.6338338,363.7859252,0.001001968,0.001005531,0.001008742,0.001011081,1168.66315,1168.66315,1168.66315,2401.862967,2401.862967,2401.862967,2401.862967,2401.862967
9/4/2016,894.4541954,933.4872953,962.2769241,978.2315578,978.8363117,962.2769241,1833.518236,1909.634787,2050.862812,1868.83911,1962.73551,2050.862812,1938.296004,2019.387737,2050.862812,2021.384511,2103.3994,2050.862812,345.660091,343.9296363,0.001001968,0.001005531,0.001008742,0.001011081,1120.99646,1120.99646,1120.99646,2334.959644,2334.959644,2334.959644,2334.959644,2334.959644
9/5/2016,857.3637765,905.8951791,921.245822,932.8946693,933.4872953,921.245822,1747.049291,1841.555578,1951.372386,1777.167006,1909.634787,1951.372386,1845.042287,1962.73551,1951.372386,1909.7382,2019.387737,1951.372386,327.2685676,325.6453939,0.001001968,0.001005531,0.001008742,0.001011081,1078.491435,1078.491435,1078.491435,2268.526256,2268.526256,2268.526256,2268.526256,2268.526256
9/6/2016,832.6631136,878.8075875,895.1591776,905.323702,905.8951791,895.1591776,1703.769024,1872.245542,1903.902642,1731.972708,1841.555578,1903.902642,1794.022685,1909.634787,1903.902642,1845.536747,1962.73551,1903.902642,321.59857,320.008295,0.001001968,0.001005531,0.001008742,0.001011081,1041.07176,1041.07176,1041.07176,2207.739066,2207.739066,2207.739066,2207.739066,2207.739066
9/7/2016,807.9762068,852.5926302,868.8373459,878.2651715,878.8075875,868.8373459,1671.124531,1973.548723,1867.961418,1697.91104,1872.245542,1867.961418,1756.912136,1841.555578,1867.961418,1802.923802,1909.634787,1867.961418,314.596794,313.0470272,0.001001968,0.001005531,0.001008742,0.001011081,1006.69871,1006.69871,1006.69871,2153.12472,2153.12472,2153.12472,2153.12472,2153.12472
9/8/2016,784.0143543,809.3640607,843.2073755,852.0292196,852.5926302,843.2073755,1632.309811,1846.512937,1824.299217,1657.978609,1973.548723,1824.299217,1714.866075,1872.245542,1824.299217,1758.091447,1841.555578,1824.299217,307.3557556,305.8477415,0.001001968,0.001005531,0.001008742,0.001011081,974.7361402,974.7361402,974.7361402,2086.909334,2086.909334,2086.909334,2086.909334,2086.909334
9/9/2016,746.0909455,820.4258184,800.0868739,808.7297416,809.3640607,800.0868739,1562.381449,1798.098684,1741.388115,1586.203181,1846.512937,1741.388115,1637.619461,1973.548723,1741.388115,1698.708201,1872.245542,1741.388115,281.8923461,280.5299787,0.001001968,0.001005531,0.001008742,0.001011081,937.0514771,937.0514771,937.0514771,2007.1677,2007.1677,2007.1677,2007.1677,2007.1677
9/10/2016,768.5566277,884.5011905,825.787151,819.710625,820.4258184,825.787151,1651.318842,1767.466296,1846.13619,1661.323164,1798.098684,1846.13619,1704.435172,1846.512937,1846.13619,1700.553607,1973.548723,1846.13619,298.7468109,297.2882476,0.001001968,0.001005531,0.001008742,0.001011081,902.7134198,902.7134198,902.7134198,1948.779327,1948.779327,1948.779327,1948.779327,1948.779327
9/11/2016,807.4548927,801.8923035,874.3224957,884.3061704,884.5011905,874.3224957,1797.795814,1664.611158,2026.708516,1824.995479,1767.466296,2026.708516,1851.457019,1798.098684,2026.708516,1843.174178,1846.512937,2026.708516,347.0114868,345.2731158,0.001001968,0.001005531,0.001008742,0.001011081,883.2909211,883.2909211,883.2909211,1924.076787,1924.076787,1924.076787,1924.076787,1924.076787
9/12/2016,732.1606605,743.4736603,788.909809,801.789758,801.8923035,788.909809,1597.441309,1682.363973,1787.319177,1625.376553,1664.611158,1787.319177,1694.086867,1767.466296,1787.319177,1750.577431,1798.098684,1787.319177,298.2009349,296.7455001,0.001001968,0.001005531,0.001008742,0.001011081,865.4581099,865.4581099,865.4581099,1898.76984,1898.76984,1898.76984,1898.76984,1898.76984
9/13/2016,684.2665107,723.4902885,736.0858673,743.1686117,743.4736603,736.0858673,1484.516686,1633.192306,1657.680433,1505.630666,1682.363973,1657.680433,1573.145974,1664.611158,1657.680433,1645.650159,1767.466296,1657.680433,275.0757677,273.7520644,0.001001968,0.001005531,0.001008742,0.001011081,844.1616231,844.1616231,844.1616231,1872.245849,1872.245849,1872.245849,1872.245849,1872.245849
9/14/2016,665.1893952,720.1065189,716.0761954,723.2086987,723.4902885,716.0761954,1471.513526,1598.168205,1645.883436,1492.018865,1633.192306,1645.883436,1539.714645,1682.363973,1645.883436,1594.903274,1664.611158,1645.883436,271.3696374,270.0668953,0.001001968,0.001005531,0.001008742,0.001011081,821.4373922,821.4373922,821.4373922,1841.459438,1841.459438,1841.459438,1841.459438,1841.459438
9/15/2016,663.3931975,725.1026289,713.59647,719.8740275,720.1065189,713.59647,1437.062707,793.8197804,1603.564875,1457.224094,1598.168205,1603.564875,1488.496027,1633.192306,1603.564875,1517.385549,1682.363973,1603.564875,267.6836383,266.4017008,0.001001968,0.001005531,0.001008742,0.001011081,799.7665582,799.7665582,799.7665582,1805.692769,1805.692769,1805.692769,1805.692769,1805.692769
9/16/2016,668.4162655,655.5915919,719.1500925,724.9037521,725.1026289,719.1500925,1486.171367,1727.75361,1662.658293,1505.093435,793.8197804,1662.658293,1533.394096,1598.168205,1662.658293,1549.988683,1633.192306,1662.658293,270.1479971,268.852155,0.001001968,0.001005531,0.001008742,0.001011081,784.8232302,784.8232302,784.8232302,1786.361831,1786.361831,1786.361831,1786.361831,1786.361831
9/17/2016,605.1980636,657.6466278,649.889918,655.3351641,655.5915919,649.889918,1394.773139,2915.04465,1557.03856,1411.077972,1727.75361,1557.03856,1478.181356,793.8197804,1557.03856,1520.73001,1598.168205,1557.03856,241.7514615,240.6146327,0.001001968,0.001005531,0.001008742,0.001011081,766.297178,766.297178,766.297178,1756.45217,1756.45217,1756.45217,1756.45217,1756.45217
9/18/2016,607.5628554,514.48739,653.567879,654.17038,657.6466278,653.567879,1367.594175,3004.484302,1527.059129,1380.060659,2915.04465,1527.059129,1416.891634,1727.75361,1527.059129,1464.380076,793.8197804,1527.059129,249.2033476,248.0250524,0.001001968,0.001005531,0.001008742,0.001011081,736.9315709,736.9315709,736.9315709,1699.792337,1699.792337,1699.792337,1699.792337,1699.792337
9/19/2016,320.8627358,435.2258656,327.858226,514.8794941,514.48739,327.858226,686.8407326,2754.360611,728.035876,891.5604484,3004.484302,728.035876,807.6843245,2915.04465,728.035876,763.2469876,1727.75361,728.035876,0.001000564,0.001006515,0.001001968,0.001005531,0.001008742,0.001011081,679.4906899,679.4906899,679.4906899,1556.275289,1556.275289,1556.275289,1556.275289,1556.275289
9/20/2016,1470.165633,3495.314668,1478.940043,437.396928,435.2258656,1478.940043,2482.643165,2984.751335,2630.163765,1438.204509,2754.360611,2630.163765,1500.793964,3004.484302,2630.163765,1624.923288,2915.04465,2630.163765,0.001000564,0.001006515,0.001001968,0.001005531,0.001008742,0.001011081,642.3789961,642.3789961,642.3789961,1571.756923,1571.756923,1571.756923,1571.756923,1571.756923
9/21/2016,2757.189395,1481.802539,3243.635331,3495.58198,3495.314668,3243.635331,4509.371222,2436.225805,5487.855079,4924.304473,2984.751335,5487.855079,4487.587254,2754.360611,5487.855079,2477.268099,3004.484302,5487.855079,2174.160722,2159.87354,0.001001968,0.001005531,0.001008742,0.001011081,907.5177598,907.5177598,907.5177598,1739.159191,1739.159191,1739.159191,1739.159191,1739.159191
9/22/2016,1051.924341,727.3655237,1146.45247,1481.775083,1481.802539,1146.45247,3112.967704,1923.110992,3574.463807,3453.247538,2436.225805,3574.463807,3823.937185,2984.751335,3574.463807,4700.694273,2754.360611,3574.463807,493.1304124,490.5126864,0.001001968,0.001005531,0.001008742,0.001011081,1062.583327,1062.583327,1062.583327,2045.964488,2045.964488,2045.964488,2045.964488,2045.964488
9/23/2016,606.8286727,731.6357632,623.5467971,727.3668357,727.3655237,623.5467971,712.2785297,1825.442901,736.4785256,826.6315793,1923.110992,736.4785256,1191.11582,2436.225805,736.4785256,1928.745743,2984.751335,736.4785256,91.04393754,90.69110878,0.001001968,0.001005531,0.001008742,0.001011081,1113.261468,1113.261468,1113.261468,2275.02444,2275.02444,2275.02444,2275.02444,2275.02444
9/24/2016,655.7734224,716.0932085,692.358137,731.6658517,731.6357632,692.358137,1672.063011,2026.074002,1873.48655,1715.096101,1825.442901,1873.48655,1839.651937,1923.110992,1873.48655,2085.508718,2436.225805,1873.48655,204.3531929,203.4213789,0.001001968,0.001005531,0.001008742,0.001011081,1133.782783,1133.782783,1133.782783,2368.567737,2368.567737,2368.567737,2368.567737,2368.567737
9/25/2016,648.8979103,681.2251163,690.6987515,716.1462051,716.0932085,690.6987515,1817.042825,1902.381462,2041.506764,1844.521705,2026.074002,2041.506764,1904.042186,1825.442901,2041.506764,2025.487822,1923.110992,2041.506764,232.8350122,231.7475415,0.001001968,0.001005531,0.001008742,0.001011081,1147.57107,1147.57107,1147.57107,2427.895524,2427.895524,2427.895524,2427.895524,2427.895524
9/26/2016,618.8293634,643.0016673,659.7286487,679.8878138,681.2251163,659.7286487,1544.304276,2998.239062,1720.401888,1570.619226,1902.381462,1720.401888,1623.285112,2026.074002,1720.401888,1693.149375,1825.442901,1720.401888,228.8957514,227.8299949,0.001001968,0.001005531,0.001008742,0.001011081,1187.331657,1187.331657,1187.331657,2558.851189,2558.851189,2558.851189,2558.851189,2558.851189
9/27/2016,575.2726068,627.8662458,610.7630556,643.515415,643.0016673,610.7630556,1547.245078,5373.571623,1724.109078,1585.729139,2998.239062,1724.109078,1611.869735,1902.381462,1724.109078,1639.878807,2026.074002,1724.109078,198.7886709,197.8868864,0.001001968,0.001005531,0.001008742,0.001011081,1206.249538,1206.249538,1206.249538,2540.329402,2540.329402,2540.329402,2540.329402,2540.329402
9/28/2016,614.3784479,720.8821347,651.4714108,628.8000485,627.8662458,651.4714108,1755.182599,4254.064371,1968.403853,1733.2389,5373.571623,1968.403853,1767.062038,2998.239062,1968.403853,1836.059039,1902.381462,1968.403853,207.2143696,206.2670645,0.001001968,0.001005531,0.001008742,0.001011081,928.4600766,928.4600766,928.4600766,2415.29553,2415.29553,2415.29553,2415.29553,2415.29553
9/29/2016,662.1672653,759.7245603,714.1348261,721.0211034,720.8821347,714.1348261,1748.671881,3346.52338,1967.445858,1765.579662,4254.064371,1967.445858,1784.103704,5373.571623,1967.445858,1699.333764,2998.239062,1967.445858,286.3686824,284.9808483,0.001001968,0.001005531,0.001008742,0.001011081,771.5187765,771.5187765,771.5187765,2145.852968,2145.852968,2145.852968,2145.852968,2145.852968
9/30/2016,692.1560954,1202.960906,740.0450316,753.9440785,759.7245603,740.0450316,2992.885313,3553.067312,3416.788567,3005.671135,3346.52338,3416.788567,2972.002216,4254.064371,3416.788567,2754.399877,5373.571623,3416.788567,260.2154433,258.9755247,0.001001968,0.001005531,0.001008742,0.001011081,716.9799147,716.9799147,716.9799147,2118.371711,2118.371711,2118.371711,2118.371711,2118.371711
10/1/2016,1178.739955,1629.606218,1259.056266,1202.699127,1202.960906,1259.056266,5300.042292,3190.052274,6122.398646,5214.823794,3553.067312,6122.398646,4880.516194,3346.52338,6122.398646,4889.10988,4254.064371,6122.398646,380.0235241,378.0904186,0.001001968,0.001005531,0.001008742,0.001011081,723.1246208,723.1246208,723.1246208,2583.369801,2583.369801,2583.369801,2583.369801,2583.369801
10/2/2016,1539.371158,1161.587518,1666.208511,1632.009009,1629.606218,1666.208511,4399.807657,2424.331866,5043.399462,4379.899991,3190.052274,5043.399462,4213.670599,3553.067312,5043.399462,3846.702065,3346.52338,5043.399462,587.0102022,583.8070918,0.001001968,0.001005531,0.001008742,0.001011081,816.6529465,816.6529465,816.6529465,2963.26216,2963.26216,2963.26216,2963.26216,2963.26216
10/3/2016,1076.052825,962.8827058,1164.678361,1162.908351,1161.587518,1164.678361,3062.004625,2063.361727,3490.534074,3071.090095,2424.331866,3490.534074,3438.04634,3190.052274,3490.534074,3456.072731,3553.067312,3490.534074,443.844532,441.5281883,0.001001968,0.001005531,0.001008742,0.001011081,926.8694938,926.8694938,926.8694938,3261.565522,3261.565522,3261.565522,3261.565522,3261.565522
10/4/2016,827.4809867,677.120485,905.1772576,964.1494819,962.8827058,905.1772576,2585.364225,1900.324825,2960.824216,2651.793622,2063.361727,2960.824216,2851.174151,2424.331866,2960.824216,3293.500307,3190.052274,2960.824216,406.8563789,404.7631769,0.001001968,0.001005531,0.001008742,0.001011081,993.8692775,993.8692775,993.8692775,3498.613737,3498.613737,3498.613737,3498.613737,3498.613737
10/5/2016,598.8359512,586.7544691,639.0370542,677.5933332,677.120485,639.0370542,2025.550686,1802.991823,2287.732402,2062.155984,1900.324825,2287.732402,2171.06457,2063.361727,2287.732402,2566.349682,2424.331866,2287.732402,221.1142383,220.0912049,0.001001968,0.001005531,0.001008742,0.001011081,1011.705343,1011.705343,1011.705343,3597.82576,3597.82576,3597.82576,3597.82576,3597.82576
10/6/2016,540.636708,566.8944267,573.5767291,586.8310664,586.7544691,573.5767291,1682.210296,1739.568925,1876.846754,1696.87711,1802.991823,1876.846754,1760.63407,1900.324825,1876.846754,1899.018704,2063.361727,1876.846754,184.4155853,183.5907429,0.001001968,0.001005531,0.001008742,0.001011081,1002.207832,1002.207832,1002.207832,3641.717248,3641.717248,3641.717248,3641.717248,3641.717248
10/7/2016,524.3899807,549.618297,558.1209219,566.984318,566.8944267,558.1209219,1660.130578,1694.255267,1857.037024,1670.37774,1739.568925,1857.037024,1707.56615,1802.991823,1857.037024,1782.905441,1900.324825,1857.037024,190.5906248,189.732839,0.001001968,0.001005531,0.001008742,0.001011081,987.5350129,987.5350129,987.5350129,3477.987345,3477.987345,3477.987345,3477.987345,3477.987345
10/8/2016,505.7338011,521.4169237,538.7539681,546.5820976,549.618297,538.7539681,1600.90615,1666.591214,1789.508156,1610.35226,1694.255267,1789.508156,1639.796685,1739.568925,1789.508156,1690.924105,1802.991823,1789.508156,188.1303217,187.2856822,0.001001968,0.001005531,0.001008742,0.001011081,941.9727072,941.9727072,941.9727072,2946.442877,2946.442877,2946.442877,2946.442877,2946.442877
10/9/2016,485.275017,505.7438032,516.2501304,523.4949287,521.4169237,516.2501304,1546.792302,1653.093876,1726.205557,1555.501624,1666.591214,1726.205557,1580.936351,1694.255267,1726.205557,1623.802297,1739.568925,1726.205557,177.0863183,176.300348,0.001001968,0.001005531,0.001008742,0.001011081,816.9094793,816.9094793,816.9094793,2537.523815,2537.523815,2537.523815,2537.523815,2537.523815
10/10/2016,473.2097779,508.3410496,503.712576,506.7636353,505.7438032,503.712576,1524.777202,1582.358299,1699.316787,1529.6238,1653.093876,1699.316787,1554.304487,1666.591214,1699.316787,1572.839478,1694.255267,1699.316787,176.1685196,175.387399,0.001001968,0.001005531,0.001008742,0.001011081,679.3719502,679.3719502,679.3719502,2234.600723,2234.600723,2234.600723,2234.600723,2234.600723
10/11/2016,469.3637602,481.7337708,501.7442416,508.4454241,508.3410496,501.7442416,1532.493773,1503.313981,1707.296527,1542.327441,1582.358299,1707.296527,1564.773797,1653.093876,1707.296527,1554.533062,1666.591214,1707.296527,187.6076598,186.7658096,0.001001968,0.001005531,0.001008742,0.001011081,593.1552115,593.1552115,593.1552115,1992.053691,1992.053691,1992.053691,1992.053691,1992.053691
10/12/2016,444.4119354,461.231454,473.9962615,481.8558078,481.7337708,473.9962615,1442.104945,1457.110082,1608.063848,1451.80422,1503.313981,1608.063848,1474.89508,1582.358299,1608.063848,1559.695602,1653.093876,1608.063848,173.0719499,172.3071615,0.001001968,0.001005531,0.001008742,0.001011081,552.8268558,552.8268558,552.8268558,1841.745812,1841.745812,1841.745812,1841.745812,1841.745812
10/13/2016,427.4454156,450.9075118,455.4662639,461.1043351,461.231454,455.4662639,1335.371633,1436.774121,1491.839548,1342.209573,1457.110082,1491.839548,1364.912754,1503.313981,1491.839548,1457.429151,1582.358299,1491.839548,165.144084,164.4208924,0.001001968,0.001005531,0.001008742,0.001011081,529.0533641,529.0533641,529.0533641,1749.08148,1749.08148,1749.08148,1749.08148,1749.08148
10/14/2016,418.2072883,444.982707,445.7553743,451.208988,450.9075118,445.7553743,1322.776799,1417.523173,1478.745887,1329.261369,1436.774121,1478.745887,1346.927605,1457.110082,1478.745887,1378.285572,1503.313981,1478.745887,162.920975,162.2093904,0.001001968,0.001005531,0.001008742,0.001011081,509.9442355,509.9442355,509.9442355,1687.97554,1687.97554,1687.97554,1687.97554,1687.97554
10/15/2016,414.0621377,427.8751291,441.5228984,445.2354937,444.982707,441.5228984,1312.73163,1360.117218,1467.852108,1317.386111,1417.523173,1467.852108,1332.621134,1436.774121,1467.852108,1360.723433,1457.110082,1467.852108,162.7877486,162.0768587,0.001001968,0.001005531,0.001008742,0.001011081,493.7195168,493.7195168,493.7195168,1639.76007,1639.76007,1639.76007,1639.76007,1639.76007
10/16/2016,397.4020437,420.4061597,423.9492174,428.0242296,427.8751291,423.9492174,1268.776334,1328.187571,1417.835188,1273.790933,1360.117218,1417.835188,1296.228511,1417.523173,1417.835188,1323.044709,1436.774121,1417.835188,158.6953732,158.0057789,0.001001968,0.001005531,0.001008742,0.001011081,479.7052609,479.7052609,479.7052609,1593.06568,1593.06568,1593.06568,1593.06568,1593.06568
10/17/2016,391.8179386,422.7548195,417.8694902,420.6179376,420.4061597,417.8694902,1251.206196,1216.220927,1398.814326,1254.832068,1328.187571,1398.814326,1269.107988,1360.117218,1398.814326,1304.503133,1417.523173,1398.814326,156.2241907,155.5474124,0.001001968,0.001005531,0.001008742,0.001011081,466.1475694,466.1475694,466.1475694,1546.960691,1546.960691,1546.960691,1546.960691,1546.960691
10/18/2016,390.8556412,388.9443422,417.4863466,422.9715782,422.7548195,417.4863466,1227.850432,1164.15402,1374.40569,1234.339345,1216.220927,1374.40569,1244.916437,1328.187571,1374.40569,1277.796249,1360.117218,1374.40569,159.5574935,158.8634204,0.001001968,0.001005531,0.001008742,0.001011081,452.8617855,452.8617855,452.8617855,1499.078064,1499.078064,1499.078064,1499.078064,1499.078064
10/19/2016,360.9735376,377.1837031,384.5390934,389.1638169,388.9443422,384.5390934,1174.147038,1321.403462,1310.878656,1179.046895,1164.15402,1310.878656,1204.269567,1216.220927,1310.878656,1229.02582,1328.187571,1310.878656,143.4889494,142.8776779,0.001001968,0.001005531,0.001008742,0.001011081,440.4082309,440.4082309,440.4082309,1458.469924,1458.469924,1458.469924,1458.469924,1458.469924
10/20/2016,350.5418532,316.4861636,373.4992584,376.7464165,377.1837031,373.4992584,1179.8871,1185.237025,1314.537916,1183.617508,1321.403462,1314.537916,1200.716447,1164.15402,1314.537916,1206.484585,1216.220927,1314.537916,140.6186726,140.022035,0.001001968,0.001005531,0.001008742,0.001011081,427.8836965,427.8836965,427.8836965,1431.408225,1431.408225,1431.408225,1431.408225,1431.408225
10/21/2016,288.8169607,337.3377017,300.8075212,310.3710321,316.4861636,300.8075212,1043.812562,1607.433808,1147.71715,1050.963067,1185.237025,1147.71715,1051.24564,1321.403462,1147.71715,1130.199902,1164.15402,1147.71715,75.45133196,75.17147166,0.001001968,0.001005531,0.001008742,0.001011081,407.0524706,407.0524706,407.0524706,1392.122523,1392.122523,1392.122523,1392.122523,1392.122523
10/22/2016,349.9809465,405.2433893,360.7909792,330.0114902,337.3377017,360.7909792,1082.896495,1882.018643,1179.457114,1051.427161,1607.433808,1179.457114,1024.862544,1185.237025,1179.457114,1018.290987,1321.403462,1179.457114,62.73000733,62.50724488,0.001001968,0.001005531,0.001008742,0.001011081,386.4574884,386.4574884,386.4574884,1348.38961,1348.38961,1348.38961,1348.38961,1348.38961
10/23/2016,429.3243684,650.3595807,435.8380268,395.7572456,405.2433893,435.8380268,1345.575682,1977.34925,1467.646143,1300.377014,1882.018643,1467.646143,1187.742395,1607.433808,1467.646143,1214.042063,1185.237025,1467.646143,20.29514227,20.24268202,0.001001968,0.001005531,0.001008742,0.001011081,366.3685132,366.3685132,366.3685132,1339.196292,1339.196292,1339.196292,1339.196292,1339.196292
10/24/2016,832.9431788,1358.531599,864.175494,661.7326184,650.3595807,864.175494,1595.029019,1727.010547,1724.51279,1401.728422,1977.34925,1724.51279,1291.147796,1882.018643,1724.51279,1077.532112,1607.433808,1724.51279,152.8933686,152.2338116,0.001001968,0.001005531,0.001008742,0.001011081,382.6194074,382.6194074,382.6194074,1326.662903,1326.662903,1326.662903,1326.662903,1326.662903
10/25/2016,1247.418264,992.9443854,1381.996243,1367.15456,1358.531599,1381.996243,2305.303956,2884.456839,2648.072258,2333.272383,1727.010547,2648.072258,2243.128391,1977.34925,2648.072258,1660.724715,1882.018643,2648.072258,670.385676,666.6518476,0.001001968,0.001005531,0.001008742,0.001011081,488.5422364,488.5422364,488.5422364,1384.961394,1384.961394,1384.961394,1384.961394,1384.961394
10/26/2016,824.0141133,742.1874799,899.6530793,993.458351,992.9443854,899.6530793,1946.987021,2892.308891,2211.088426,2057.295507,2884.456839,2211.088426,2205.822738,1727.010547,2211.088426,2310.443573,1977.34925,2211.088426,404.585544,402.5059507,0.001001968,0.001005531,0.001008742,0.001011081,586.114315,586.114315,586.114315,1500.978566,1500.978566,1500.978566,1500.978566,1500.978566
10/27/2016,602.9665558,1199.133704,636.1504905,675.2338052,742.1874799,636.1504905,1349.871979,2903.273517,1477.717148,1397.012298,2892.308891,1477.717148,1517.928329,2884.456839,1477.717148,1809.911209,1727.010547,1477.717148,188.2743901,187.4289815,0.001001968,0.001005531,0.001008742,0.001011081,641.7497735,641.7497735,641.7497735,1606.542592,1606.542592,1606.542592,1606.542592,1606.542592
10/28/2016,1239.166723,1749.83472,1313.966654,1219.183582,1199.133704,1313.966654,1983.510964,3622.873271,2157.298531,1930.330993,2903.273517,2157.298531,1643.310303,2892.308891,2157.298531,1404.371632,2884.456839,2157.298531,320.4717406,318.8879936,0.001001968,0.001005531,0.001008742,0.001011081,724.3611729,724.3611729,724.3611729,1673.332187,1673.332187,1673.332187,1673.332187,1673.332187
10/29/2016,1860.482172,2119.388446,2018.070559,1778.344572,1749.83472,2018.070559,3651.99185,3469.781811,4149.215071,3456.774715,3622.873271,4149.215071,3397.943998,2903.273517,4149.215071,2810.855269,2892.308891,4149.215071,733.4944178,729.3529303,0.001001968,0.001005531,0.001008742,0.001011081,911.5785242,911.5785242,911.5785242,1967.206031,1967.206031,1967.206031,1967.206031,1967.206031
10/30/2016,1671.828696,1733.073589,1859.115543,1817.291126,2119.388446,1859.115543,3256.393016,3191.018865,3755.217668,3269.609979,3469.781811,3755.217668,3521.18359,3622.873271,3755.217668,3255.657846,2903.273517,3755.217668,903.8788857,898.6146575,0.001001968,0.001005531,0.001008742,0.001011081,1141.359946,1141.359946,1141.359946,2246.188973,2246.188973,2246.188973,2246.188973,2246.188973
10/31/2016,2042.081629,2440.400886,2166.996525,1853.618411,1733.073589,2166.996525,3261.475227,3222.628301,3575.253639,3007.396827,3191.018865,3575.253639,2935.174309,3469.781811,3575.253639,3107.490065,3622.873271,3575.253639,491.9624551,489.3519214,0.001001968,0.001005531,0.001008742,0.001011081,1308.384188,1308.384188,1308.384188,2524.050297,2524.050297,2524.050297,2524.050297,2524.050297
11/1/2016,2317.587621,1800.778991,2534.290997,2515.329106,2440.400886,2534.290997,3703.901371,2870.683071,4201.733125,3764.853589,3222.628301,4201.733125,3631.292333,3191.018865,4201.733125,3216.387074,3469.781811,4201.733125,970.2326381,964.5234506,0.001001968,0.001005531,0.001008742,0.001011081,1457.968343,1457.968343,1457.968343,2819.151169,2819.151169,2819.151169,2819.151169,2819.151169
11/2/2016,1403.91426,1147.231494,1504.899301,1758.489337,1800.778991,1504.899301,2832.891687,2430.322378,3176.558133,3113.026779,2870.683071,3176.558133,3375.552776,3222.628301,3176.558133,3677.928823,3191.018865,3176.558133,490.1771248,487.5775807,0.001001968,0.001005531,0.001008742,0.001011081,1581.584652,1581.584652,1581.584652,3036.896718,3036.896718,3036.896718,3036.896718,3036.896718
11/3/2016,1022.316511,1067.443176,1061.226102,1157.095366,1147.231494,1061.226102,1871.122345,2219.326333,2015.51655,1981.338484,2430.322378,2015.51655,2313.289021,2870.683071,2015.51655,2817.490499,3222.628301,2015.51655,166.7049367,165.9735806,0.001001968,0.001005531,0.001008742,0.001011081,1681.552685,1681.552685,1681.552685,3202.082719,3202.082719,3202.082719,3202.082719,3202.082719
11/4/2016,970.7345527,1009.124809,1017.928627,1080.260039,1067.443176,1017.928627,2059.921412,2060.371603,2268.589202,2134.170702,2219.326333,2268.589202,2272.549116,2430.322378,2268.589202,2572.977659,2870.683071,2268.589202,221.0044275,219.9819953,0.001001968,0.001005531,0.001008742,0.001011081,1725.800516,1725.800516,1725.800516,3348.392873,3348.392873,3348.392873,3348.392873,3348.392873
11/5/2016,956.7274866,1055.328449,1007.349421,1014.127613,1009.124809,1007.349421,2155.731885,2014.797589,2387.953414,2172.359646,2060.371603,2387.953414,2271.846595,2219.326333,2387.953414,2410.339953,2430.322378,2387.953414,248.1411084,246.9687358,0.001001968,0.001005531,0.001008742,0.001011081,1651.084303,1651.084303,1651.084303,3228.970624,3228.970624,3228.970624,3228.970624,3228.970624
11/6/2016,965.9879039,944.6685402,1030.722419,1059.083007,1055.328449,1030.722419,2020.639001,2231.125782,2246.282949,2066.508442,2014.797589,2246.282949,2132.02583,2060.371603,2246.282949,2164.258056,2219.326333,2246.282949,325.9749957,324.3593351,0.001001968,0.001005531,0.001008742,0.001011081,1533.637932,1533.637932,1533.637932,3067.967642,3067.967642,3067.967642,3067.967642,3067.967642
11/7/2016,858.7297255,861.4954353,910.2111757,947.4573636,944.6685402,910.2111757,1816.862236,2278.035422,2010.389038,1867.130071,2231.125782,2010.389038,1937.793332,2014.797589,2010.389038,2070.910213,2060.371603,2010.389038,262.3312711,261.0794664,0.001001968,0.001005531,0.001008742,0.001011081,1431.154405,1431.154405,1431.154405,2898.321825,2898.321825,2898.321825,2898.321825,2898.321825
11/8/2016,792.933563,855.3500905,837.4744263,861.0393622,861.4954353,837.4744263,1606.301986,1911.275778,1768.526188,1641.802623,2278.035422,1768.526188,1715.617418,2231.125782,1768.526188,1832.899608,2014.797589,1768.526188,229.41319,228.3445846,0.001001968,0.001005531,0.001008742,0.001011081,1245.297807,1245.297807,1245.297807,2624.937211,2624.937211,2624.937211,2624.937211,2624.937211
11/9/2016,793.3742791,942.0645011,840.0485035,855.6189366,855.3500905,840.0485035,1664.661586,1835.873266,1842.836489,1691.997222,1911.275778,1842.836489,1733.99637,2278.035422,1842.836489,1786.654482,2231.125782,1842.836489,241.1020895,239.968865,0.001001968,0.001005531,0.001008742,0.001011081,1090.753152,1090.753152,1090.753152,2368.641724,2368.641724,2368.641724,2368.641724,2368.641724
11/10/2016,876.2798989,910.2909435,935.4697379,943.2284322,942.0645011,935.4697379,2023.580439,1740.464087,2269.654957,2043.65707,1835.873266,2269.654957,2049.059507,1911.275778,2269.654957,2016.634833,2278.035422,2269.654957,303.3916049,301.9063872,0.001001968,0.001005531,0.001008742,0.001011081,1011.116166,1011.116166,1011.116166,2214.087085,2214.087085,2214.087085,2214.087085,2214.087085
11/11/2016,838.5017542,743.5208935,894.0497231,911.2400819,910.2909435,894.0497231,2038.59572,1606.256582,2287.01828,2064.365618,1740.464087,2287.01828,2103.302564,1835.873266,2287.01828,2142.445065,1911.275778,2287.01828,287.093231,285.7012692,0.001001968,0.001005531,0.001008742,0.001011081,971.7045193,971.7045193,971.7045193,2151.591312,2151.591312,2151.591312,2151.591312,2151.591312
11/12/2016,684.2484081,698.6184227,723.3199189,744.0141965,743.5208935,723.3199189,1531.8933,911.6268686,1691.412728,1560.51471,1606.256582,1691.412728,1664.880786,1740.464087,1691.412728,1779.306059,1835.873266,1691.412728,207.5226877,206.5737112,0.001001968,0.001005531,0.001008742,0.001011081,933.9805216,933.9805216,933.9805216,2083.031593,2083.031593,2083.031593,2083.031593,2083.031593
11/13/2016,648.6581016,680.5664033,686.8153433,698.9439131,698.6184227,686.8153433,1437.870276,1188.630876,1590.856664,1458.281175,911.6268686,1590.856664,1519.346107,1606.256582,1590.856664,1626.033397,1740.464087,1590.856664,205.2360896,204.299499,0.001001968,0.001005531,0.001008742,0.001011081,884.6330946,884.6330946,884.6330946,2015.034836,2015.034836,2015.034836,2015.034836,2015.034836
11/14/2016,631.0387123,678.2851851,669.5584196,680.7769098,680.5664033,669.5584196,1419.727478,1778.869881,1574.599275,1439.144138,1188.630876,1574.599275,1479.913405,911.6268686,1574.599275,1535.751224,1606.256582,1574.599275,208.7632118,207.8075067,0.001001968,0.001005531,0.001008742,0.001011081,843.3393309,843.3393309,843.3393309,1947.128989,1947.128989,1947.128989,1947.128989,1947.128989
11/15/2016,605.5548067,724.4704157,642.2875907,653.2157372,678.2851851,642.2875907,1361.361671,2055.062359,1507.519353,1380.265435,1778.869881,1507.519353,1418.13865,1188.630876,1507.519353,1462.624261,911.6268686,1507.519353,200.5348485,199.6236546,0.001001968,0.001005531,0.001008742,0.001011081,809.1795048,809.1795048,809.1795048,1889.580424,1889.580424,1889.580424,1889.580424,1889.580424
11/16/2016,634.32155,432.9511451,677.0950246,729.65468,724.4704157,677.0950246,838.4311116,1329.173475,900.3817833,912.7684163,2055.062359,900.3817833,912.9529254,1778.869881,900.3817833,893.1955052,1188.630876,900.3817833,217.7502841,216.745648,0.001001968,0.001005531,0.001008742,0.001011081,784.4297609,784.4297609,784.4297609,1747.302511,1747.302511,1747.302511,1747.302511,1747.302511
11/17/2016,631.8362589,1247.092495,638.2739423,444.0766319,432.9511451,638.2739423,1084.624807,1735.35757,1142.211949,892.3026174,1329.173475,1142.211949,948.6531645,2055.062359,1142.211949,1142.91315,1778.869881,1142.211949,0.001000564,0.001006515,0.001001968,0.001005531,0.001008742,0.001011081,725.6387632,725.6387632,725.6387632,1611.925486,1611.925486,1611.925486,1611.925486,1611.925486
11/18/2016,1215.759926,1294.634477,1348.689074,1247.42645,1247.092495,1348.689074,2119.712211,2518.993532,2439.151913,2061.772082,1735.35757,2439.151913,2031.002531,1329.173475,2439.151913,1438.145585,2055.062359,2439.151913,670.4100548,666.6760699,0.001001968,0.001005531,0.001008742,0.001011081,750.8232149,750.8232149,750.8232149,1533.973351,1533.973351,1533.973351,1533.973351,1533.973351
11/19/2016,1018.941448,954.9522801,1131.821359,1243.413608,1294.634477,1131.821359,2332.616912,2557.217595,2691.531009,2471.136726,2518.993532,2691.531009,2465.226962,1735.35757,2691.531009,2446.402999,1329.173475,2691.531009,579.8312413,576.673375,0.001001968,0.001005531,0.001008742,0.001011081,797.3562522,797.3562522,797.3562522,1565.405585,1565.405585,1565.405585,1565.405585,1565.405585
11/20/2016,795.4253351,720.1677291,846.1826999,976.0742984,954.9522801,846.1826999,1043.385713,2051.108786,1112.990508,1201.347167,2557.217595,1112.990508,1218.794089,2518.993532,1112.990508,1392.576282,1735.35757,1112.990508,239.8068536,238.6808137,0.001001968,0.001005531,0.001008742,0.001011081,828.5195007,828.5195007,828.5195007,1551.15273,1551.15273,1551.15273,1551.15273,1551.15273
11/21/2016,957.9785338,1688.180535,981.9252415,740.0288247,720.1677291,981.9252415,1476.093785,1890.707154,1565.844873,1244.512579,2051.108786,1565.844873,1331.714849,2557.217595,1565.844873,1492.275697,2518.993532,1565.844873,104.5044044,104.0872404,0.001001968,0.001005531,0.001008742,0.001011081,845.4654087,845.4654087,845.4654087,1589.982646,1589.982646,1589.982646,1589.982646,1589.982646
11/22/2016,1531.857286,1201.086286,1735.717986,1688.297098,1688.180535,1735.717986,2784.167979,1759.253821,3271.790921,2801.189199,1890.707154,3271.790921,2893.584007,2051.108786,3271.790921,2140.610024,2557.217595,3271.790921,989.4638989,983.6250144,0.001001968,0.001005531,0.001008742,0.001011081,978.5070295,978.5070295,978.5070295,1714.303515,1714.303515,1714.303515,1714.303515,1714.303515
11/23/2016,924.6836258,646.5607943,1021.365194,1200.633846,1201.086286,1021.365194,2392.135147,1286.434625,2750.790182,2588.862915,1759.253821,2750.790182,2650.923163,1890.707154,2750.790182,3095.884856,2051.108786,2750.790182,503.9446356,501.2602039,0.001001968,0.001005531,0.001008742,0.001011081,1049.983154,1049.983154,1049.983154,1948.444658,1948.444658,1948.444658,1948.444658,1948.444658
11/24/2016,570.1412999,827.2941925,594.9812207,646.1237671,646.5607943,594.9812207,973.9663718,1373.033292,1034.959239,1034.395446,1286.434625,1034.959239,1238.746057,1759.253821,1034.959239,1610.748549,1890.707154,1034.959239,138.8659499,138.278224,0.001001968,0.001005531,0.001008742,0.001011081,1096.857166,1096.857166,1096.857166,2079.994651,2079.994651,2079.994651,2079.994651,2079.994651
11/25/2016,752.1942281,835.3476263,809.202912,826.7395848,827.2941925,809.202912,1358.332642,1512.937618,1511.283951,1395.642488,1373.033292,1511.283951,1424.74745,1286.434625,1511.283951,1445.565803,1759.253821,1511.283951,304.7565177,303.2634559,0.001001968,0.001005531,0.001008742,0.001011081,1055.624191,1055.624191,1055.624191,2074.721355,2074.721355,2074.721355,2074.721355,2074.721355
11/26/2016,763.7961177,572.0617376,812.1973944,834.0989513,835.3476263,812.1973944,1576.944738,3480.003127,1749.189654,1612.099829,1512.937618,1749.189654,1582.593226,1373.033292,1749.189654,1632.288709,1286.434625,1749.189654,254.0765702,252.8710547,0.001001968,0.001005531,0.001008742,0.001011081,1001.611026,1001.611026,1001.611026,1997.011314,1997.011314,1997.011314,1997.011314,1997.011314
11/27/2016,601.8143113,707.7190791,616.9907376,571.7070214,572.0617376,616.9907376,1040.243875,7237.003762,1094.993009,1001.251989,3480.003127,1094.993009,1084.883446,1512.937618,1094.993009,1212.04377,1373.033292,1094.993009,70.46502382,70.20778128,0.001001968,0.001005531,0.001008742,0.001011081,957.8735912,957.8735912,957.8735912,1960.078547,1960.078547,1960.078547,1960.078547,1960.078547
11/28/2016,753.5685803,1851.72093,787.3262917,698.5988463,707.7190791,787.3262917,1278.473344,12483.57053,1382.557,1201.492715,7237.003762,1382.557,1208.631057,3480.003127,1382.557,1188.309567,1512.937618,1382.557,182.5185395,181.7037827,0.001001968,0.001005531,0.001008742,0.001011081,938.4479684,938.4479684,938.4479684,1884.354312,1884.354312,1884.354312,1884.354312,1884.354312
11/29/2016,1238.683186,3996.463177,1367.846495,1306.187823,1851.72093,1367.846495,2035.234303,11497.20403,2313.107692,2024.188017,12483.57053,2313.107692,1983.628489,7237.003762,2313.107692,1441.83148,3480.003127,2313.107692,629.1399258,625.669821,0.001001968,0.001005531,0.001008742,0.001011081,874.5026199,874.5026199,874.5026199,1755.830273,1755.830273,1755.830273,1755.830273,1755.830273
11/30/2016,3139.603355,7587.420666,3494.802217,3023.265289,3996.463177,3494.802217,5860.304645,9622.328111,6754.377189,5549.633512,11497.20403,6754.377189,5279.942322,12483.57053,6754.377189,3756.321849,7237.003762,6754.377189,1291.721303,1283.805615,0.001001968,0.001005531,0.001008742,0.001011081,1063.664888,1063.664888,1063.664888,2019.0155,2019.0155,2019.0155,2019.0155,2019.0155
12/1/2016,8898.532361,9461.483972,10169.94544,8293.210189,7587.420666,10169.94544,14269.40582,9348.647489,16935.92058,12931.00116,9622.328111,16935.92058,12814.79342,11497.20403,16935.92058,7987.945728,12483.57053,16935.92058,4466.999439,4434.906554,0.001001968,0.001005531,0.001008742,0.001011081,1973.267427,1973.267427,1973.267427,3108.098525,3108.098525,3108.098525,3108.098525,3108.098525
12/2/2016,8745.250248,6730.466664,10124.32562,9860.248612,9461.483972,10124.32562,16479.13606,8093.278983,19905.88142,16639.48531,9348.647489,19905.88142,16304.13396,9622.328111,19905.88142,15654.07502,11497.20403,19905.88142,5303.062377,5264.188329,0.001001968,0.001005531,0.001008742,0.001011081,3060.756219,3060.756219,3060.756219,4928.092355,4928.092355,4928.092355,4928.092355,4928.092355
12/3/2016,5194.000461,3844.284908,5927.87303,6770.13813,6730.466664,5927.87303,8159.536341,7476.029934,9685.113935,9256.204137,8093.278983,9685.113935,10317.93614,9348.647489,9685.113935,11707.79183,9622.328111,9685.113935,3049.60875,3028.690064,0.001001968,0.001005531,0.001008742,0.001011081,3976.255398,3976.255398,3976.255398,6516.729293,6516.729293,6516.729293,6516.729293,6516.729293
12/4/2016,3023.971703,3067.7025,3288.482916,3852.590652,3844.284908,3288.482916,3895.096798,7480.092883,4353.49346,4572.907419,7476.029934,4353.49346,5786.145901,8093.278983,4353.49346,8207.4899,9348.647489,4353.49346,1164.588005,1157.554127,0.001001968,0.001005531,0.001008742,0.001011081,4573.764601,4573.764601,4573.764601,7760.314573,7760.314573,7760.314573,7760.314573,7760.314573
12/5/2016,2645.967875,3032.835178,2869.140944,3085.881186,3067.7025,2869.140944,4426.04556,6022.25503,4999.142099,4723.522066,7480.092883,4999.142099,5473.128209,7476.029934,4999.142099,6675.817777,8093.278983,4999.142099,986.1002457,980.2840691,0.001001968,0.001005531,0.001008742,0.001011081,4999.354242,4999.354242,4999.354242,8685.070822,8685.070822,8685.070822,8685.070822,8685.070822
12/6/2016,2592.660005,3340.678632,2836.024783,2950.57435,3032.835178,2836.024783,5274.730468,5498.642504,6047.765821,5453.583632,6022.25503,6047.765821,5844.219074,7480.092883,6047.765821,6455.165947,7476.029934,6047.765821,1092.331979,1085.794082,0.001001968,0.001005531,0.001008742,0.001011081,5287.557086,5287.557086,5287.557086,9393.03265,9393.03265,9393.03265,9393.03265,9393.03265
12/7/2016,3016.667894,3421.346374,3351.17716,3376.761886,3340.678632,3351.17716,6236.592916,5042.922155,7235.166156,6364.057992,5498.642504,7235.166156,6598.139194,6022.25503,7235.166156,6388.557525,7480.092883,7235.166156,1427.378455,1418.510088,0.001001968,0.001005531,0.001008742,0.001011081,5408.598326,5408.598326,5408.598326,9731.341383,9731.341383,9731.341383,9731.341383,9731.341383
12/8/2016,3104.441026,2938.926936,3453.224288,3449.151815,3421.346374,3453.224288,6707.517114,5482.504122,7806.31982,6794.56623,5042.922155,7806.31982,7019.660851,5498.642504,7806.31982,7108.004373,6022.25503,7806.31982,1515.896536,1506.400541,0.001001968,0.001005531,0.001008742,0.001011081,4869.844939,4869.844939,4869.844939,9387.995633,9387.995633,9387.995633,9387.995633,9387.995633
12/9/2016,2641.910506,2666.985208,2921.142682,2946.733251,2938.926936,2921.142682,4764.862341,5237.619242,5478.635136,4881.136296,5482.504122,5478.635136,5307.981286,5042.922155,5478.635136,5639.601578,5498.642504,5478.635136,1250.773342,1243.142891,0.001001968,0.001005531,0.001008742,0.001011081,4116.551504,4116.551504,4116.551504,8182.578705,8182.578705,8182.578705,8182.578705,8182.578705
12/10/2016,2359.593898,2410.27359,2597.372267,2672.645339,2666.985208,2597.372267,4056.018335,4476.919414,4635.188366,4212.441751,5237.619242,4635.188366,4499.843385,5482.504122,4635.188366,4947.441864,5042.922155,4635.188366,1082.792406,1076.319693,0.001001968,0.001005531,0.001008742,0.001011081,3485.598377,3485.598377,3485.598377,7117.226657,7117.226657,7117.226657,7117.226657,7117.226657
12/11/2016,2154.256537,2281.881266,2358.255496,2414.313049,2410.27359,2358.255496,3698.025371,4102.31272,4203.550207,3823.723216,4476.919414,4203.550207,4094.89219,5237.619242,4203.550207,4393.842144,5482.504122,4203.550207,940.992509,935.4798945,0.001001968,0.001005531,0.001008742,0.001011081,3155.326938,3155.326938,3155.326938,6348.232141,6348.232141,6348.232141,6348.232141,6348.232141
12/12/2016,2044.551716,2157.09864,2237.049188,2284.80271,2281.881266,2237.049188,4360.559166,3875.143079,4986.961778,4458.790825,4102.31272,4986.961778,4672.138242,4476.919414,4986.961778,4856.575435,5237.619242,4986.961778,894.6435857,889.4409659,0.001001968,0.001005531,0.001008742,0.001011081,2969.522016,2969.522016,2969.522016,5985.529498,5985.529498,5985.529498,5985.529498,5985.529498
12/13/2016,1948.295343,2073.547257,2126.949472,2159.214531,2157.09864,2126.949472,4250.531045,3763.871763,4856.24961,4326.974942,3875.143079,4856.24961,4511.978105,4102.31272,4856.24961,4725.452946,4476.919414,4856.24961,836.4340573,831.6178468,0.001001968,0.001005531,0.001008742,0.001011081,2833.773315,2833.773315,2833.773315,5785.632874,5785.632874,5785.632874,5785.632874,5785.632874
12/14/2016,1873.605488,1985.047161,2045.361598,2075.071087,2073.547257,2045.361598,3609.309311,3360.436161,4102.9529,3690.441663,3763.871763,4102.9529,3871.745831,3875.143079,4102.9529,4020.446734,4102.31272,4102.9529,809.2052576,804.5686278,0.001001968,0.001005531,0.001008742,0.001011081,2656.331605,2656.331605,2656.331605,5437.836101,5437.836101,5437.836101,5437.836101,5437.836101
12/15/2016,1791.89542,1896.453522,1955.147784,1986.129681,1985.047161,1955.147784,3344.715021,2873.916812,3796.501336,3426.372563,3360.436161,3796.501336,3601.325214,3763.871763,3796.501336,3749.475219,3875.143079,3796.501336,774.2257571,769.8186764,0.001001968,0.001005531,0.001008742,0.001011081,2457.433003,2457.433003,2457.433003,4951.804445,4951.804445,4951.804445,4951.804445,4951.804445
12/16/2016,1712.182705,1917.437696,1867.049513,1897.203519,1896.453522,1867.049513,3147.002393,3979.468169,3569.006925,3225.841956,2873.916812,3569.006925,3395.71259,3360.436161,3569.006925,3538.227593,3763.871763,3569.006925,739.2458433,735.0669675,0.001001968,0.001005531,0.001008742,0.001011081,2285.600093,2285.600093,2285.600093,4627.229769,4627.229769,4627.229769,4627.229769,4627.229769
12/17/2016,1638.766896,2125.149444,1786.203989,1814.687989,1917.437696,1786.203989,3106.452675,5659.920308,3519.136283,3180.560465,3979.468169,3519.136283,3341.548862,2873.916812,3519.136283,3430.316633,3360.436161,3519.136283,708.1206422,704.1436395,0.001001968,0.001005531,0.001008742,0.001011081,2156.372463,2156.372463,2156.372463,4400.876336,4400.876336,4400.876336,4400.876336,4400.876336
12/18/2016,2183.718353,2462.437985,2331.829421,2104.048571,2125.149444,2331.829421,3499.872552,6056.23859,3860.39904,3339.956507,5659.920308,3860.39904,3131.905566,3979.468169,3860.39904,3129.96419,2873.916812,3860.39904,593.8093786,590.5633485,0.001001968,0.001005531,0.001008742,0.001011081,2055.224044,2055.224044,2055.224044,4228.020055,4228.020055,4228.020055,4228.020055,4228.020055
12/19/2016,2897.586813,4329.009078,3045.052814,2482.336884,2462.437985,3045.052814,3900.868844,6102.771171,4194.240274,3413.511409,6056.23859,4194.240274,3153.849151,5659.920308,4194.240274,2800.221784,3979.468169,4194.240274,589.6869057,586.4669066,0.001001968,0.001005531,0.001008742,0.001011081,2022.479856,2022.479856,2022.479856,3958.081384,3958.081384,3958.081384,3958.081384,3958.081384
12/20/2016,4202.71692,4681.629941,4689.537893,4338.94627,4329.009078,4689.537893,5957.27834,6500.647063,6898.821805,5790.155062,6102.771171,6898.821805,5850.315375,6056.23859,6898.821805,4060.768329,5659.920308,6898.821805,2090.96595,2077.294938,0.001001968,0.001005531,0.001008742,0.001011081,2271.054683,2271.054683,2271.054683,3902.017217,3902.017217,3902.017217,3902.017217,3902.017217
12/21/2016,3874.373964,3324.390065,4386.323957,4686.283744,4681.629941,4386.323957,6702.642814,6352.191924,7883.657835,7168.789029,6500.647063,7883.657835,7363.425727,6102.771171,7883.657835,6977.939747,6056.23859,7883.657835,2212.49786,2197.925821,0.001001968,0.001005531,0.001008742,0.001011081,2601.544118,2601.544118,2601.544118,4189.460944,4189.460944,4189.460944,4189.460944,4189.460944
12/22/2016,2793.896222,2827.301753,3066.056788,3327.805768,3324.390065,3066.056788,4454.237031,5784.270572,5074.564914,4812.479567,6352.191924,5074.564914,5397.310709,6500.647063,5074.564914,6251.998589,6102.771171,5074.564914,1224.545622,1217.097271,0.001001968,0.001005531,0.001008742,0.001011081,2837.096829,2837.096829,2837.096829,4563.978969,4563.978969,4563.978969,4563.978969,4563.978969
12/23/2016,2517.914084,2769.614538,2745.03578,2828.984103,2827.301753,2745.03578,3832.253344,5270.377985,4327.575809,4001.35609,5784.270572,4327.575809,4496.321622,6352.191924,4327.575809,5092.949825,6500.647063,4327.575809,1036.35454,1030.198099,0.001001968,0.001005531,0.001008742,0.001011081,3006.337616,3006.337616,3006.337616,4873.275563,4873.275563,4873.275563,4873.275563,4873.275563
12/24/2016,2459.155144,2929.861447,2689.409184,2741.623767,2769.614538,2689.409184,4813.560782,5259.987626,5504.721823,4930.486115,5270.377985,5504.721823,5201.844672,5784.270572,5504.721823,5542.098509,6352.191924,5504.721823,1053.68005,1047.405815,0.001001968,0.001005531,0.001008742,0.001011081,3146.221089,3146.221089,3146.221089,5178.965394,5178.965394,5178.965394,5178.965394,5178.965394
12/25/2016,2659.133138,2805.793283,2933.829759,2931.933438,2929.861447,2933.829759,5383.746678,5367.351204,6206.743313,5460.408869,5259.987626,6206.743313,5675.894622,5270.377985,6206.743313,5622.164839,5784.270572,6206.743313,1228.241971,1220.767984,0.001001968,0.001005531,0.001008742,0.001011081,3307.619771,3307.619771,3307.619771,5536.262928,5536.262928,5536.262928,5536.262928,5536.262928
12/26/2016,2543.530103,2953.045765,2788.269533,2802.831599,2805.793283,2788.269533,4998.964161,6084.481667,5728.816269,5084.20579,5367.351204,5728.816269,5268.462457,5259.987626,5728.816269,5488.873398,5270.377985,5728.816269,1106.25425,1099.621097,0.001001968,0.001005531,0.001008742,0.001011081,3403.778304,3403.778304,3403.778304,5866.188564,5866.188564,5866.188564,5866.188564,5866.188564
12/27/2016,2686.547592,2880.93576,2962.399276,2944.682184,2953.045765,2962.399276,4638.780795,6655.094989,5313.556493,4717.452787,6084.481667,5313.556493,4932.306374,5367.351204,5313.556493,4796.415014,5259.987626,5313.556493,1234.290538,1226.774583,0.001001968,0.001005531,0.001008742,0.001011081,3256.691673,3256.691673,3256.691673,5952.774078,5952.774078,5952.774078,5952.774078,5952.774078
12/28/2016,2685.303661,2972.022983,2937.808535,2879.500331,2880.93576,2937.808535,4798.080872,6757.065853,5462.990852,4824.056044,6655.094989,5462.990852,4992.299929,6084.481667,5462.990852,5106.885913,5367.351204,5462.990852,1132.476714,1125.663742,0.001001968,0.001005531,0.001008742,0.001011081,3029.290946,3029.290946,3029.290946,5812.771357,5812.771357,5812.771357,5812.771357,5812.771357
12/29/2016,2759.725961,3071.71777,3029.039503,2973.340847,2972.022983,3029.039503,4792.987273,6667.339318,5468.98775,4828.11618,6757.065853,5468.98775,5032.280897,6655.094989,5468.98775,4975.24448,6084.481667,5468.98775,1212.528671,1205.163595,0.001001968,0.001005531,0.001008742,0.001011081,2925.527092,2925.527092,2925.527092,5653.219067,5653.219067,5653.219067,5653.219067,5653.219067
12/30/2016,2723.838783,2904.434052,3010.111394,3072.44554,3071.71777,3010.111394,5420.663951,6587.581789,6248.743755,5566.229622,6667.339318,6248.743755,5761.405964,6757.065853,6248.743755,5744.094675,6655.094989,6248.743755,1289.414427,1281.514838,0.001001968,0.001005531,0.001008742,0.001011081,2913.282372,2913.282372,2913.282372,5685.271353,5685.271353,5685.271353,5685.271353,5685.271353
12/31/2016,2572.749431,2838.082494,2838.081685,2899.061195,2904.434052,2838.081685,5645.558278,6521.230232,6521.229422,5773.160168,6587.581789,6521.229422,6047.853756,6667.339318,6521.229422,6217.604508,6757.065853,6521.229422,1202.255858,1194.961889,0.001001968,0.001005531,0.001008742,0.001011081,2933.262176,2933.262176,2933.262176,5805.525939,5805.525939,5805.525939,5805.525939,5805.525939
